开始分支定价算法...
时间限制: 120.0秒
根节点已添加: ID=1

处理节点 1
  开始列生成求解...
Set parameter Username
Academic license - for non-commercial use only - expires 2026-12-02
Set parameter LogToConsole to value 0
Set parameter Threads to value 1
Set parameter Seed to value 0
  定价策略: QAIA+Exact, node=1, vertices=30, mode=always
Set parameter PoolSearchMode to value 2
Set parameter PoolSolutions to value 10
[CG 1] RMP=2010.000000, pricing=QAIAExactPricingSolver, new_columns=13
[CG 2] RMP=2010.000000, pricing=QAIAExactPricingSolver, new_columns=12
[CG 3] RMP=11.000000, pricing=QAIAExactPricingSolver, new_columns=10
[CG 4] RMP=9.000000, pricing=QAIAExactPricingSolver, new_columns=10
[CG 5] RMP=8.000000, pricing=QAIAExactPricingSolver, new_columns=10
[CG 6] RMP=4.387464, pricing=QAIAExactPricingSolver, new_columns=10
[CG 7] RMP=4.235294, pricing=QAIAExactPricingSolver, new_columns=0
  搜索路径: [1]
  列生成求解结果: 目标值=4.2353， 下界=-inf， 上界=inf
    非整数变量: COL_0-20-29-4-7-9_3 = 0.367647
  解不是整数，开始分支...
ImposedVertex(vertex=22)
ForbidVertex(vertex=22)
  创建了 2 个分支
    添加分支节点 1: ID=2
    添加分支节点 2: ID=3

处理节点 2
  开始列生成求解...
Set parameter LogToConsole to value 0
Set parameter Threads to value 1
Set parameter Seed to value 0
  定价策略: Exact, node=2, vertices=27
Set parameter PoolSearchMode to value 2
Set parameter PoolSolutions to value 10
[CG 1] RMP=9.000000, pricing=ExactPricingSolver, new_columns=0
  搜索路径: [1, 2]
  列生成求解结果: 目标值=9.0000， 下界=4.2353， 上界=inf
    非整数变量: COL_0-20-29-4-7-9_3 = 0.275000
  解不是整数，开始分支...
ImposedVertex(vertex=0)
ForbidVertex(vertex=0)
  创建了 2 个分支
    添加分支节点 1: ID=4
    添加分支节点 2: ID=5

处理节点 3
  开始列生成求解...
Set parameter LogToConsole to value 0
Set parameter Threads to value 1
Set parameter Seed to value 0
  定价策略: Exact, node=3, vertices=29
Set parameter PoolSearchMode to value 2
Set parameter PoolSolutions to value 10
[CG 1] RMP=4.235294, pricing=ExactPricingSolver, new_columns=0
  搜索路径: [1, 2, 3]
  列生成求解结果: 目标值=4.2353， 下界=4.2353， 上界=inf
    非整数变量: COL_0-20-29-4-7-9_3 = 0.273848
  解不是整数，开始分支...
ImposedVertex(vertex=0)
ForbidVertex(vertex=0)
  创建了 2 个分支
    添加分支节点 1: ID=6
    添加分支节点 2: ID=7

处理节点 6
  开始列生成求解...
Set parameter LogToConsole to value 0
Set parameter Threads to value 1
Set parameter Seed to value 0
  定价策略: Exact, node=6, vertices=26
Set parameter PoolSearchMode to value 2
Set parameter PoolSolutions to value 10
[CG 1] RMP=2010.000000, pricing=ExactPricingSolver, new_columns=10
[CG 2] RMP=5.387755, pricing=ExactPricingSolver, new_columns=10
[CG 3] RMP=4.235294, pricing=ExactPricingSolver, new_columns=0
  搜索路径: [1, 2, 3, 6]
  列生成求解结果: 目标值=4.2353， 下界=4.2353， 上界=inf
    非整数变量: COL_0-20-29-4-7-9_3 = 0.178136
  解不是整数，开始分支...
ImposedVertex(vertex=29)
ForbidVertex(vertex=29)
  创建了 2 个分支
    添加分支节点 1: ID=8
    添加分支节点 2: ID=9

处理节点 7
  开始列生成求解...
Set parameter LogToConsole to value 0
Set parameter Threads to value 1
Set parameter Seed to value 0
  定价策略: Exact, node=7, vertices=28
Set parameter PoolSearchMode to value 2
Set parameter PoolSolutions to value 10
[CG 1] RMP=4.235294, pricing=ExactPricingSolver, new_columns=0
  搜索路径: [1, 2, 3, 6, 7]
  列生成求解结果: 目标值=4.2353， 下界=4.2353， 上界=inf
    非整数变量: COL_13-16-19_4 = 0.541889
  解不是整数，开始分支...
ImposedVertex(vertex=13)
ForbidVertex(vertex=13)
  创建了 2 个分支
    添加分支节点 1: ID=10
    添加分支节点 2: ID=11

处理节点 8
  开始列生成求解...
Set parameter LogToConsole to value 0
Set parameter Threads to value 1
Set parameter Seed to value 0
  定价策略: Exact, node=8, vertices=23
Set parameter PoolSearchMode to value 2
Set parameter PoolSolutions to value 10
[CG 1] RMP=9.000000, pricing=ExactPricingSolver, new_columns=0
  搜索路径: [1, 2, 3, 6, 7, 8]
  列生成求解结果: 目标值=9.0000， 下界=4.2353， 上界=inf
    非整数变量: COL_0-20-29-4-7-9_3 = 0.181818
  解不是整数，开始分支...
ImposedVertex(vertex=13)
ForbidVertex(vertex=13)
  创建了 2 个分支
    添加分支节点 1: ID=12
    添加分支节点 2: ID=13

处理节点 9
  开始列生成求解...
Set parameter LogToConsole to value 0
Set parameter Threads to value 1
Set parameter Seed to value 0
  定价策略: Exact, node=9, vertices=25
Set parameter PoolSearchMode to value 2
Set parameter PoolSolutions to value 10
[CG 1] RMP=5.184539, pricing=ExactPricingSolver, new_columns=10
[CG 2] RMP=4.235294, pricing=ExactPricingSolver, new_columns=0
  搜索路径: [1, 2, 3, 6, 7, 8, 9]
  列生成求解结果: 目标值=4.2353， 下界=4.2353， 上界=inf
    非整数变量: COL_13-16-19_4 = 0.225974
  解不是整数，开始分支...
ImposedVertex(vertex=13)
ForbidVertex(vertex=13)
  创建了 2 个分支
    添加分支节点 1: ID=14
    添加分支节点 2: ID=15

处理节点 11
  开始列生成求解...
Set parameter LogToConsole to value 0
Set parameter Threads to value 1
Set parameter Seed to value 0
  定价策略: Exact, node=11, vertices=27
Set parameter PoolSearchMode to value 2
Set parameter PoolSolutions to value 10
[CG 1] RMP=4.235294, pricing=ExactPricingSolver, new_columns=0
  搜索路径: [1, 2, 3, 6, 7, 8, 9, 11]
  列生成求解结果: 目标值=4.2353， 下界=4.2353， 上界=inf
    非整数变量: COL_16-24-26-7_7 = 0.195875
  解不是整数，开始分支...
ImposedVertex(vertex=16)
ForbidVertex(vertex=16)
  创建了 2 个分支
    添加分支节点 1: ID=16
    添加分支节点 2: ID=17

处理节点 14
  开始列生成求解...
Set parameter LogToConsole to value 0
Set parameter Threads to value 1
Set parameter Seed to value 0
  定价策略: Exact, node=14, vertices=22
Set parameter PoolSearchMode to value 2
Set parameter PoolSolutions to value 10
[CG 1] RMP=2010.000000, pricing=ExactPricingSolver, new_columns=10
[CG 2] RMP=4.491493, pricing=ExactPricingSolver, new_columns=10
[CG 3] RMP=4.235294, pricing=ExactPricingSolver, new_columns=0
  搜索路径: [1, 2, 3, 6, 7, 8, 9, 11, 14]
  列生成求解结果: 目标值=4.2353， 下界=4.2353， 上界=inf
    非整数变量: COL_13-16-19_4 = 0.379603
  解不是整数，开始分支...
ImposedVertex(vertex=24)
ForbidVertex(vertex=24)
  创建了 2 个分支
    添加分支节点 1: ID=18
    添加分支节点 2: ID=19

处理节点 18
  开始列生成求解...
Set parameter LogToConsole to value 0
Set parameter Threads to value 1
Set parameter Seed to value 0
  定价策略: Exact, node=18, vertices=20
Set parameter PoolSearchMode to value 2
Set parameter PoolSolutions to value 10
[CG 1] RMP=9.000000, pricing=ExactPricingSolver, new_columns=0
  搜索路径: [1, 2, 3, 6, 7, 8, 9, 11, 14, 18]
  列生成求解结果: 目标值=9.0000， 下界=4.2353， 上界=inf
    非整数变量: COL_13-16-19_4 = 0.291667
  解不是整数，开始分支...
ImposedVertex(vertex=16)
ForbidVertex(vertex=16)
  创建了 2 个分支
    添加分支节点 1: ID=20
    添加分支节点 2: ID=21
  进度: 已处理 10 个节点, 剩余 11 个, 当前最优 inf, 当前列数: 127

处理节点 19
  开始列生成求解...
Set parameter LogToConsole to value 0
Set parameter Threads to value 1
Set parameter Seed to value 0
  定价策略: Exact, node=19, vertices=21
Set parameter PoolSearchMode to value 2
Set parameter PoolSolutions to value 10
[CG 1] RMP=5.372093, pricing=ExactPricingSolver, new_columns=10
[CG 2] RMP=4.235294, pricing=ExactPricingSolver, new_columns=0
  搜索路径: [1, 2, 3, 6, 7, 8, 9, 11, 14, 18, 19]
  列生成求解结果: 目标值=4.2353， 下界=4.2353， 上界=inf
    非整数变量: COL_13-16-19_4 = 0.345588
  解不是整数，开始分支...
ImposedVertex(vertex=27)
ForbidVertex(vertex=27)
  创建了 2 个分支
    添加分支节点 1: ID=22
    添加分支节点 2: ID=23

处理节点 22
  开始列生成求解...
Set parameter LogToConsole to value 0
Set parameter Threads to value 1
Set parameter Seed to value 0
  定价策略: Exact, node=22, vertices=19
Set parameter PoolSearchMode to value 2
Set parameter PoolSolutions to value 10
[CG 1] RMP=12.000000, pricing=ExactPricingSolver, new_columns=10
[CG 2] RMP=11.000000, pricing=ExactPricingSolver, new_columns=0
  搜索路径: [1, 2, 3, 6, 7, 8, 9, 11, 14, 18, 19, 22]
  列生成求解结果: 目标值=11.0000， 下界=4.2353， 上界=inf
    非整数变量: COL_13-16-19_4 = 0.061224
  解不是整数，开始分支...
ImposedVertex(vertex=16)
ForbidVertex(vertex=16)
  创建了 2 个分支
    添加分支节点 1: ID=24
    添加分支节点 2: ID=25

处理节点 23
  开始列生成求解...
Set parameter LogToConsole to value 0
Set parameter Threads to value 1
Set parameter Seed to value 0
  定价策略: Exact, node=23, vertices=20
Set parameter PoolSearchMode to value 2
Set parameter PoolSolutions to value 10
[CG 1] RMP=5.454545, pricing=ExactPricingSolver, new_columns=0
  搜索路径: [1, 2, 3, 6, 7, 8, 9, 11, 14, 18, 19, 22, 23]
  列生成求解结果: 目标值=5.4545， 下界=4.2353， 上界=inf
    非整数变量: COL_13-16-19_4 = 0.227273
  解不是整数，开始分支...
ImposedVertex(vertex=16)
ForbidVertex(vertex=16)
  创建了 2 个分支
    添加分支节点 1: ID=26
    添加分支节点 2: ID=27

处理节点 10
  开始列生成求解...
Set parameter LogToConsole to value 0
Set parameter Threads to value 1
Set parameter Seed to value 0
  定价策略: Exact, node=10, vertices=25
Set parameter PoolSearchMode to value 2
Set parameter PoolSolutions to value 10
[CG 1] RMP=5.500000, pricing=ExactPricingSolver, new_columns=10
[CG 2] RMP=4.235294, pricing=ExactPricingSolver, new_columns=0
  搜索路径: [1, 2, 3, 6, 7, 8, 9, 11, 14, 18, 19, 22, 23, 10]
  列生成求解结果: 目标值=4.2353， 下界=4.2353， 上界=inf
    非整数变量: COL_13-16-19_4 = 0.705882
  解不是整数，开始分支...
ImposedVertex(vertex=29)
ForbidVertex(vertex=29)
  创建了 2 个分支
    添加分支节点 1: ID=28
    添加分支节点 2: ID=29

处理节点 28
  开始列生成求解...
Set parameter LogToConsole to value 0
Set parameter Threads to value 1
Set parameter Seed to value 0
  定价策略: Exact, node=28, vertices=22
Set parameter PoolSearchMode to value 2
Set parameter PoolSolutions to value 10
[CG 1] RMP=2010.000000, pricing=ExactPricingSolver, new_columns=10
[CG 2] RMP=9.000000, pricing=ExactPricingSolver, new_columns=0
  搜索路径: [1, 2, 3, 6, 7, 8, 9, 11, 14, 18, 19, 22, 23, 10, 28]
  列生成求解结果: 目标值=9.0000， 下界=4.2353， 上界=inf
    非整数变量: COL_13-16-19_4 = 0.437500
  解不是整数，开始分支...
ImposedVertex(vertex=1)
ForbidVertex(vertex=1)
  创建了 2 个分支
    添加分支节点 1: ID=30
    添加分支节点 2: ID=31

处理节点 29
  开始列生成求解...
Set parameter LogToConsole to value 0
Set parameter Threads to value 1
Set parameter Seed to value 0
  定价策略: Exact, node=29, vertices=24
Set parameter PoolSearchMode to value 2
Set parameter PoolSolutions to value 10
[CG 1] RMP=5.238095, pricing=ExactPricingSolver, new_columns=10
[CG 2] RMP=4.950000, pricing=ExactPricingSolver, new_columns=10
[CG 3] RMP=4.235294, pricing=ExactPricingSolver, new_columns=0
  搜索路径: [1, 2, 3, 6, 7, 8, 9, 11, 14, 18, 19, 22, 23, 10, 28, 29]
  列生成求解结果: 目标值=4.2353， 下界=4.2353， 上界=inf
    非整数变量: COL_13-16-19_4 = 0.307487
  解不是整数，开始分支...
ImposedVertex(vertex=24)
ForbidVertex(vertex=24)
  创建了 2 个分支
    添加分支节点 1: ID=32
    添加分支节点 2: ID=33

处理节点 32
  开始列生成求解...
Set parameter LogToConsole to value 0
Set parameter Threads to value 1
Set parameter Seed to value 0
  定价策略: Exact, node=32, vertices=22
Set parameter PoolSearchMode to value 2
Set parameter PoolSolutions to value 10
[CG 1] RMP=10.000000, pricing=ExactPricingSolver, new_columns=10
[CG 2] RMP=9.000000, pricing=ExactPricingSolver, new_columns=0
  搜索路径: [1, 2, 3, 6, 7, 8, 9, 11, 14, 18, 19, 22, 23, 10, 28, 29, 32]
  列生成求解结果: 目标值=9.0000， 下界=4.2353， 上界=inf
    非整数变量: COL_13-16-19_4 = 0.500000
  解不是整数，开始分支...
ImposedVertex(vertex=16)
ForbidVertex(vertex=16)
  创建了 2 个分支
    添加分支节点 1: ID=34
    添加分支节点 2: ID=35

处理节点 33
  开始列生成求解...
Set parameter LogToConsole to value 0
Set parameter Threads to value 1
Set parameter Seed to value 0
  定价策略: Exact, node=33, vertices=23
Set parameter PoolSearchMode to value 2
Set parameter PoolSolutions to value 10
[CG 1] RMP=4.235294, pricing=ExactPricingSolver, new_columns=0
  搜索路径: [1, 2, 3, 6, 7, 8, 9, 11, 14, 18, 19, 22, 23, 10, 28, 29, 32, 33]
  列生成求解结果: 目标值=4.2353， 下界=4.2353， 上界=inf
    非整数变量: COL_13-16-19_4 = 0.351031
  解不是整数，开始分支...
ImposedVertex(vertex=27)
ForbidVertex(vertex=27)
  创建了 2 个分支
    添加分支节点 1: ID=36
    添加分支节点 2: ID=37

处理节点 36
  开始列生成求解...
Set parameter LogToConsole to value 0
Set parameter Threads to value 1
Set parameter Seed to value 0
  定价策略: Exact, node=36, vertices=21
Set parameter PoolSearchMode to value 2
Set parameter PoolSolutions to value 10
[CG 1] RMP=11.000000, pricing=ExactPricingSolver, new_columns=0
  搜索路径: [1, 2, 3, 6, 7, 8, 9, 11, 14, 18, 19, 22, 23, 10, 28, 29, 32, 33, 36]
  列生成求解结果: 目标值=11.0000， 下界=4.2353， 上界=inf
    非整数变量: COL_1-15-25-27-8_13 = 0.194444
  解不是整数，开始分支...
ImposedVertex(vertex=1)
ForbidVertex(vertex=1)
  创建了 2 个分支
    添加分支节点 1: ID=38
    添加分支节点 2: ID=39

处理节点 37
  开始列生成求解...
Set parameter LogToConsole to value 0
Set parameter Threads to value 1
Set parameter Seed to value 0
  定价策略: Exact, node=37, vertices=22
Set parameter PoolSearchMode to value 2
Set parameter PoolSolutions to value 10
[CG 1] RMP=5.454545, pricing=ExactPricingSolver, new_columns=0
  搜索路径: [1, 2, 3, 6, 7, 8, 9, 11, 14, 18, 19, 22, 23, 10, 28, 29, 32, 33, 36, 37]
  列生成求解结果: 目标值=5.4545， 下界=4.2353， 上界=inf
    非整数变量: COL_13-16-19_4 = 0.090909
  解不是整数，开始分支...
ImposedVertex(vertex=1)
ForbidVertex(vertex=1)
  创建了 2 个分支
    添加分支节点 1: ID=40
    添加分支节点 2: ID=41
  进度: 已处理 20 个节点, 剩余 21 个, 当前最优 inf, 当前列数: 197

处理节点 15
  开始列生成求解...
Set parameter LogToConsole to value 0
Set parameter Threads to value 1
Set parameter Seed to value 0
  定价策略: Exact, node=15, vertices=24
Set parameter PoolSearchMode to value 2
Set parameter PoolSolutions to value 10
[CG 1] RMP=4.707535, pricing=ExactPricingSolver, new_columns=10
[CG 2] RMP=4.235294, pricing=ExactPricingSolver, new_columns=0
  搜索路径: [1, 2, 3, 6, 7, 8, 9, 11, 14, 18, 19, 22, 23, 10, 28, 29, 32, 33, 36, 37, 15]
  列生成求解结果: 目标值=4.2353， 下界=4.2353， 上界=inf
    非整数变量: COL_16-24-26-7_7 = 0.087395
  解不是整数，开始分支...
ImposedVertex(vertex=24)
ForbidVertex(vertex=24)
  创建了 2 个分支
    添加分支节点 1: ID=42
    添加分支节点 2: ID=43

处理节点 42
  开始列生成求解...
Set parameter LogToConsole to value 0
Set parameter Threads to value 1
Set parameter Seed to value 0
  定价策略: Exact, node=42, vertices=22
Set parameter PoolSearchMode to value 2
Set parameter PoolSolutions to value 10
[CG 1] RMP=9.000000, pricing=ExactPricingSolver, new_columns=0
  搜索路径: [1, 2, 3, 6, 7, 8, 9, 11, 14, 18, 19, 22, 23, 10, 28, 29, 32, 33, 36, 37, 15, 42]
  列生成求解结果: 目标值=9.0000， 下界=4.2353， 上界=inf
    非整数变量: COL_11-15-20-24_19 = 0.181818
  解不是整数，开始分支...
ImposedVertex(vertex=20)
ForbidVertex(vertex=20)
  创建了 2 个分支
    添加分支节点 1: ID=44
    添加分支节点 2: ID=45

处理节点 43
  开始列生成求解...
Set parameter LogToConsole to value 0
Set parameter Threads to value 1
Set parameter Seed to value 0
  定价策略: Exact, node=43, vertices=23
Set parameter PoolSearchMode to value 2
Set parameter PoolSolutions to value 10
[CG 1] RMP=6.000000, pricing=ExactPricingSolver, new_columns=10
[CG 2] RMP=4.746250, pricing=ExactPricingSolver, new_columns=10
[CG 3] RMP=4.235294, pricing=ExactPricingSolver, new_columns=0
  搜索路径: [1, 2, 3, 6, 7, 8, 9, 11, 14, 18, 19, 22, 23, 10, 28, 29, 32, 33, 36, 37, 15, 42, 43]
  列生成求解结果: 目标值=4.2353， 下界=4.2353， 上界=inf
    非整数变量: COL_23_5 = 0.099694
  解不是整数，开始分支...
ImposedVertex(vertex=27)
ForbidVertex(vertex=27)
  创建了 2 个分支
    添加分支节点 1: ID=46
    添加分支节点 2: ID=47

处理节点 16
  开始列生成求解...
Set parameter LogToConsole to value 0
Set parameter Threads to value 1
Set parameter Seed to value 0
  定价策略: Exact, node=16, vertices=25
Set parameter PoolSearchMode to value 2
Set parameter PoolSolutions to value 10
[CG 1] RMP=13.333333, pricing=ExactPricingSolver, new_columns=10
[CG 2] RMP=5.238095, pricing=ExactPricingSolver, new_columns=10
[CG 3] RMP=4.235294, pricing=ExactPricingSolver, new_columns=0
  搜索路径: [1, 2, 3, 6, 7, 8, 9, 11, 14, 18, 19, 22, 23, 10, 28, 29, 32, 33, 36, 37, 15, 42, 43, 16]
  列生成求解结果: 目标值=4.2353， 下界=4.2353， 上界=inf
    非整数变量: COL_23_5 = 0.068755
  解不是整数，开始分支...
ImposedVertex(vertex=26)
ForbidVertex(vertex=26)
  创建了 2 个分支
    添加分支节点 1: ID=48
    添加分支节点 2: ID=49

处理节点 48
  开始列生成求解...
Set parameter LogToConsole to value 0
Set parameter Threads to value 1
Set parameter Seed to value 0
  定价策略: Exact, node=48, vertices=22
Set parameter PoolSearchMode to value 2
Set parameter PoolSolutions to value 10
[CG 1] RMP=10.000000, pricing=ExactPricingSolver, new_columns=0
  搜索路径: [1, 2, 3, 6, 7, 8, 9, 11, 14, 18, 19, 22, 23, 10, 28, 29, 32, 33, 36, 37, 15, 42, 43, 16, 48]
  列生成求解结果: 目标值=10.0000， 下界=4.2353， 上界=inf
    非整数变量: COL_16-24-26-7_7 = 0.300000
  解不是整数，开始分支...
ImposedVertex(vertex=20)
ForbidVertex(vertex=20)
  创建了 2 个分支
    添加分支节点 1: ID=50
    添加分支节点 2: ID=51

处理节点 49
  开始列生成求解...
Set parameter LogToConsole to value 0
Set parameter Threads to value 1
Set parameter Seed to value 0
  定价策略: Exact, node=49, vertices=24
Set parameter PoolSearchMode to value 2
Set parameter PoolSolutions to value 10
[CG 1] RMP=4.670598, pricing=ExactPricingSolver, new_columns=10
[CG 2] RMP=4.284389, pricing=ExactPricingSolver, new_columns=10
[CG 3] RMP=4.235294, pricing=ExactPricingSolver, new_columns=0
  搜索路径: [1, 2, 3, 6, 7, 8, 9, 11, 14, 18, 19, 22, 23, 10, 28, 29, 32, 33, 36, 37, 15, 42, 43, 16, 48, 49]
  列生成求解结果: 目标值=4.2353， 下界=4.2353， 上界=inf
    非整数变量: COL_11-16-20-24_20 = 0.341864
  解不是整数，开始分支...
ImposedVertex(vertex=24)
ForbidVertex(vertex=24)
  创建了 2 个分支
    添加分支节点 1: ID=52
    添加分支节点 2: ID=53

处理节点 52
  开始列生成求解...
Set parameter LogToConsole to value 0
Set parameter Threads to value 1
Set parameter Seed to value 0
  定价策略: Exact, node=52, vertices=22
Set parameter PoolSearchMode to value 2
Set parameter PoolSolutions to value 10
[CG 1] RMP=16.000000, pricing=ExactPricingSolver, new_columns=10
[CG 2] RMP=9.000000, pricing=ExactPricingSolver, new_columns=0
  搜索路径: [1, 2, 3, 6, 7, 8, 9, 11, 14, 18, 19, 22, 23, 10, 28, 29, 32, 33, 36, 37, 15, 42, 43, 16, 48, 49, 52]
  列生成求解结果: 目标值=9.0000， 下界=4.2353， 上界=inf
    非整数变量: COL_11-16-20-24_20 = 0.708333
  解不是整数，开始分支...
ImposedVertex(vertex=28)
ForbidVertex(vertex=28)
  创建了 2 个分支
    添加分支节点 1: ID=54
    添加分支节点 2: ID=55

处理节点 53
  开始列生成求解...
Set parameter LogToConsole to value 0
Set parameter Threads to value 1
Set parameter Seed to value 0
  定价策略: Exact, node=53, vertices=23
Set parameter PoolSearchMode to value 2
Set parameter PoolSolutions to value 10
[CG 1] RMP=6.827586, pricing=ExactPricingSolver, new_columns=10
[CG 2] RMP=4.235294, pricing=ExactPricingSolver, new_columns=0
  搜索路径: [1, 2, 3, 6, 7, 8, 9, 11, 14, 18, 19, 22, 23, 10, 28, 29, 32, 33, 36, 37, 15, 42, 43, 16, 48, 49, 52, 53]
  列生成求解结果: 目标值=4.2353， 下界=4.2353， 上界=inf
    非整数变量: COL_1-11-18-23-7-9_42 = 0.110008
  解不是整数，开始分支...
ImposedVertex(vertex=1)
ForbidVertex(vertex=1)
  创建了 2 个分支
    添加分支节点 1: ID=56
    添加分支节点 2: ID=57

处理节点 56
  开始列生成求解...
Set parameter LogToConsole to value 0
Set parameter Threads to value 1
Set parameter Seed to value 0
  定价策略: Exact, node=56, vertices=21
Set parameter PoolSearchMode to value 2
Set parameter PoolSolutions to value 10
[CG 1] RMP=5.395620, pricing=ExactPricingSolver, new_columns=10
[CG 2] RMP=4.235294, pricing=ExactPricingSolver, new_columns=0
  搜索路径: [1, 2, 3, 6, 7, 8, 9, 11, 14, 18, 19, 22, 23, 10, 28, 29, 32, 33, 36, 37, 15, 42, 43, 16, 48, 49, 52, 53, 56]
  列生成求解结果: 目标值=4.2353， 下界=4.2353， 上界=inf
    非整数变量: COL_1-11-18-23-7-9_42 = 0.341979
  解不是整数，开始分支...
ImposedVertex(vertex=27)
ForbidVertex(vertex=27)
  创建了 2 个分支
    添加分支节点 1: ID=58
    添加分支节点 2: ID=59

处理节点 57
  开始列生成求解...
Set parameter LogToConsole to value 0
Set parameter Threads to value 1
Set parameter Seed to value 0
  定价策略: Exact, node=57, vertices=22
Set parameter PoolSearchMode to value 2
Set parameter PoolSolutions to value 10
[CG 1] RMP=4.800000, pricing=ExactPricingSolver, new_columns=10
[CG 2] RMP=4.520347, pricing=ExactPricingSolver, new_columns=10
[CG 3] RMP=4.235294, pricing=ExactPricingSolver, new_columns=0
  搜索路径: [1, 2, 3, 6, 7, 8, 9, 11, 14, 18, 19, 22, 23, 10, 28, 29, 32, 33, 36, 37, 15, 42, 43, 16, 48, 49, 52, 53, 56, 57]
  列生成求解结果: 目标值=4.2353， 下界=4.2353， 上界=inf
    非整数变量: COL_14-21-23-27-9_66 = 0.096257
  解不是整数，开始分支...
ImposedVertex(vertex=27)
ForbidVertex(vertex=27)
  创建了 2 个分支
    添加分支节点 1: ID=60
    添加分支节点 2: ID=61
  进度: 已处理 30 个节点, 剩余 31 个, 当前最优 inf, 当前列数: 317

处理节点 58
  开始列生成求解...
Set parameter LogToConsole to value 0
Set parameter Threads to value 1
Set parameter Seed to value 0
  定价策略: Exact, node=58, vertices=19
Set parameter PoolSearchMode to value 2
Set parameter PoolSolutions to value 10
[CG 1] RMP=11.000000, pricing=ExactPricingSolver, new_columns=0
  搜索路径: [1, 2, 3, 6, 7, 8, 9, 11, 14, 18, 19, 22, 23, 10, 28, 29, 32, 33, 36, 37, 15, 42, 43, 16, 48, 49, 52, 53, 56, 57, 58]
  列生成求解结果: 目标值=11.0000， 下界=4.2353， 上界=inf
    非整数变量: COL_1-10-16-18-5-7_231 = 0.777778
  解不是整数，开始分支...
ImposedVertex(vertex=9)
ForbidVertex(vertex=9)
  创建了 2 个分支
    添加分支节点 1: ID=62
    添加分支节点 2: ID=63

处理节点 59
  开始列生成求解...
Set parameter LogToConsole to value 0
Set parameter Threads to value 1
Set parameter Seed to value 0
  定价策略: Exact, node=59, vertices=20
Set parameter PoolSearchMode to value 2
Set parameter PoolSolutions to value 10
[CG 1] RMP=5.617021, pricing=ExactPricingSolver, new_columns=10
[CG 2] RMP=5.142857, pricing=ExactPricingSolver, new_columns=0
  搜索路径: [1, 2, 3, 6, 7, 8, 9, 11, 14, 18, 19, 22, 23, 10, 28, 29, 32, 33, 36, 37, 15, 42, 43, 16, 48, 49, 52, 53, 56, 57, 58, 59]
  列生成求解结果: 目标值=5.1429， 下界=4.2353， 上界=inf
    非整数变量: COL_1-21-5_60 = 0.155844
  解不是整数，开始分支...
ImposedVertex(vertex=5)
ForbidVertex(vertex=5)
  创建了 2 个分支
    添加分支节点 1: ID=64
    添加分支节点 2: ID=65

处理节点 17
  开始列生成求解...
Set parameter LogToConsole to value 0
Set parameter Threads to value 1
Set parameter Seed to value 0
  定价策略: Exact, node=17, vertices=26
Set parameter PoolSearchMode to value 2
Set parameter PoolSolutions to value 10
[CG 1] RMP=4.437172, pricing=ExactPricingSolver, new_columns=10
[CG 2] RMP=4.235294, pricing=ExactPricingSolver, new_columns=0
  搜索路径: [1, 2, 3, 6, 7, 8, 9, 11, 14, 18, 19, 22, 23, 10, 28, 29, 32, 33, 36, 37, 15, 42, 43, 16, 48, 49, 52, 53, 56, 57, 58, 59, 17]
  列生成求解结果: 目标值=4.2353， 下界=4.2353， 上界=inf
    非整数变量: COL_15-25-29-7_10 = 0.117647
  解不是整数，开始分支...
ImposedVertex(vertex=29)
ForbidVertex(vertex=29)
  创建了 2 个分支
    添加分支节点 1: ID=66
    添加分支节点 2: ID=67

处理节点 66
  开始列生成求解...
Set parameter LogToConsole to value 0
Set parameter Threads to value 1
Set parameter Seed to value 0
  定价策略: Exact, node=66, vertices=23
Set parameter PoolSearchMode to value 2
Set parameter PoolSolutions to value 10
[CG 1] RMP=9.000000, pricing=ExactPricingSolver, new_columns=0
  搜索路径: [1, 2, 3, 6, 7, 8, 9, 11, 14, 18, 19, 22, 23, 10, 28, 29, 32, 33, 36, 37, 15, 42, 43, 16, 48, 49, 52, 53, 56, 57, 58, 59, 17, 66]
  列生成求解结果: 目标值=9.0000， 下界=4.2353， 上界=inf
    非整数变量: COL_1-10-15-23-29-5-7_17 = 0.333333
  解不是整数，开始分支...
ImposedVertex(vertex=23)
ForbidVertex(vertex=23)
  创建了 2 个分支
    添加分支节点 1: ID=68
    添加分支节点 2: ID=69

处理节点 67
  开始列生成求解...
Set parameter LogToConsole to value 0
Set parameter Threads to value 1
Set parameter Seed to value 0
  定价策略: Exact, node=67, vertices=25
Set parameter PoolSearchMode to value 2
Set parameter PoolSolutions to value 10
[CG 1] RMP=5.238095, pricing=ExactPricingSolver, new_columns=10
[CG 2] RMP=4.235294, pricing=ExactPricingSolver, new_columns=0
  搜索路径: [1, 2, 3, 6, 7, 8, 9, 11, 14, 18, 19, 22, 23, 10, 28, 29, 32, 33, 36, 37, 15, 42, 43, 16, 48, 49, 52, 53, 56, 57, 58, 59, 17, 66, 67]
  列生成求解结果: 目标值=4.2353， 下界=4.2353， 上界=inf
    非整数变量: COL_23_5 = 0.090909
  解不是整数，开始分支...
ImposedVertex(vertex=1)
ForbidVertex(vertex=1)
  创建了 2 个分支
    添加分支节点 1: ID=70
    添加分支节点 2: ID=71

处理节点 70
  开始列生成求解...
Set parameter LogToConsole to value 0
Set parameter Threads to value 1
Set parameter Seed to value 0
  定价策略: Exact, node=70, vertices=23
Set parameter PoolSearchMode to value 2
Set parameter PoolSolutions to value 10
[CG 1] RMP=4.447653, pricing=ExactPricingSolver, new_columns=10
[CG 2] RMP=4.235294, pricing=ExactPricingSolver, new_columns=0
  搜索路径: [1, 2, 3, 6, 7, 8, 9, 11, 14, 18, 19, 22, 23, 10, 28, 29, 32, 33, 36, 37, 15, 42, 43, 16, 48, 49, 52, 53, 56, 57, 58, 59, 17, 66, 67, 70]
  列生成求解结果: 目标值=4.2353， 下界=4.2353， 上界=inf
    非整数变量: COL_11-15-20-24_19 = 0.264706
  解不是整数，开始分支...
ImposedVertex(vertex=26)
ForbidVertex(vertex=26)
  创建了 2 个分支
    添加分支节点 1: ID=72
    添加分支节点 2: ID=73

处理节点 71
  开始列生成求解...
Set parameter LogToConsole to value 0
Set parameter Threads to value 1
Set parameter Seed to value 0
  定价策略: Exact, node=71, vertices=24
Set parameter PoolSearchMode to value 2
Set parameter PoolSolutions to value 10
[CG 1] RMP=6.000000, pricing=ExactPricingSolver, new_columns=10
[CG 2] RMP=4.714286, pricing=ExactPricingSolver, new_columns=10
[CG 3] RMP=4.235294, pricing=ExactPricingSolver, new_columns=0
  搜索路径: [1, 2, 3, 6, 7, 8, 9, 11, 14, 18, 19, 22, 23, 10, 28, 29, 32, 33, 36, 37, 15, 42, 43, 16, 48, 49, 52, 53, 56, 57, 58, 59, 17, 66, 67, 70, 71]
  列生成求解结果: 目标值=4.2353， 下界=4.2353， 上界=inf
    非整数变量: COL_11-15-20-24_19 = 0.305348
  解不是整数，开始分支...
ImposedVertex(vertex=24)
ForbidVertex(vertex=24)
  创建了 2 个分支
    添加分支节点 1: ID=74
    添加分支节点 2: ID=75

处理节点 72
  开始列生成求解...
Set parameter LogToConsole to value 0
Set parameter Threads to value 1
Set parameter Seed to value 0
  定价策略: Exact, node=72, vertices=21
Set parameter PoolSearchMode to value 2
Set parameter PoolSolutions to value 10
[CG 1] RMP=10.000000, pricing=ExactPricingSolver, new_columns=0
  搜索路径: [1, 2, 3, 6, 7, 8, 9, 11, 14, 18, 19, 22, 23, 10, 28, 29, 32, 33, 36, 37, 15, 42, 43, 16, 48, 49, 52, 53, 56, 57, 58, 59, 17, 66, 67, 70, 71, 72]
  列生成求解结果: 目标值=10.0000， 下界=4.2353， 上界=inf
    非整数变量: COL_11-15-20-24_19 = 0.625000
  解不是整数，开始分支...
ImposedVertex(vertex=20)
ForbidVertex(vertex=20)
  创建了 2 个分支
    添加分支节点 1: ID=76
    添加分支节点 2: ID=77

处理节点 73
  开始列生成求解...
Set parameter LogToConsole to value 0
Set parameter Threads to value 1
Set parameter Seed to value 0
  定价策略: Exact, node=73, vertices=22
Set parameter PoolSearchMode to value 2
Set parameter PoolSolutions to value 10
[CG 1] RMP=5.739130, pricing=ExactPricingSolver, new_columns=0
  搜索路径: [1, 2, 3, 6, 7, 8, 9, 11, 14, 18, 19, 22, 23, 10, 28, 29, 32, 33, 36, 37, 15, 42, 43, 16, 48, 49, 52, 53, 56, 57, 58, 59, 17, 66, 67, 70, 71, 72, 73]
  列生成求解结果: 目标值=5.7391， 下界=4.2353， 上界=inf
    非整数变量: COL_1-15-25-27-8_13 = 0.251208
  解不是整数，开始分支...
ImposedVertex(vertex=25)
ForbidVertex(vertex=25)
  创建了 2 个分支
    添加分支节点 1: ID=78
    添加分支节点 2: ID=79

处理节点 74
  开始列生成求解...
Set parameter LogToConsole to value 0
Set parameter Threads to value 1
Set parameter Seed to value 0
  定价策略: Exact, node=74, vertices=22
Set parameter PoolSearchMode to value 2
Set parameter PoolSolutions to value 10
[CG 1] RMP=9.000000, pricing=ExactPricingSolver, new_columns=0
  搜索路径: [1, 2, 3, 6, 7, 8, 9, 11, 14, 18, 19, 22, 23, 10, 28, 29, 32, 33, 36, 37, 15, 42, 43, 16, 48, 49, 52, 53, 56, 57, 58, 59, 17, 66, 67, 70, 71, 72, 73, 74]
  列生成求解结果: 目标值=9.0000， 下界=4.2353， 上界=inf
    非整数变量: COL_11-15-20-24_19 = 0.500000
  解不是整数，开始分支...
ImposedVertex(vertex=27)
ForbidVertex(vertex=27)
  创建了 2 个分支
    添加分支节点 1: ID=80
    添加分支节点 2: ID=81
  进度: 已处理 40 个节点, 剩余 41 个, 当前最优 inf, 当前列数: 377

处理节点 75
  开始列生成求解...
Set parameter LogToConsole to value 0
Set parameter Threads to value 1
Set parameter Seed to value 0
  定价策略: Exact, node=75, vertices=23
Set parameter PoolSearchMode to value 2
Set parameter PoolSolutions to value 10
[CG 1] RMP=4.714286, pricing=ExactPricingSolver, new_columns=10
[CG 2] RMP=4.235294, pricing=ExactPricingSolver, new_columns=0
  搜索路径: [1, 2, 3, 6, 7, 8, 9, 11, 14, 18, 19, 22, 23, 10, 28, 29, 32, 33, 36, 37, 15, 42, 43, 16, 48, 49, 52, 53, 56, 57, 58, 59, 17, 66, 67, 70, 71, 72, 73, 74, 75]
  列生成求解结果: 目标值=4.2353， 下界=4.2353， 上界=inf
    非整数变量: COL_11-15-20-25_23 = 0.354367
  解不是整数，开始分支...
ImposedVertex(vertex=26)
ForbidVertex(vertex=26)
  创建了 2 个分支
    添加分支节点 1: ID=82
    添加分支节点 2: ID=83

处理节点 82
  开始列生成求解...
Set parameter LogToConsole to value 0
Set parameter Threads to value 1
Set parameter Seed to value 0
  定价策略: Exact, node=82, vertices=21
Set parameter PoolSearchMode to value 2
Set parameter PoolSolutions to value 10
[CG 1] RMP=10.000000, pricing=ExactPricingSolver, new_columns=0
  搜索路径: [1, 2, 3, 6, 7, 8, 9, 11, 14, 18, 19, 22, 23, 10, 28, 29, 32, 33, 36, 37, 15, 42, 43, 16, 48, 49, 52, 53, 56, 57, 58, 59, 17, 66, 67, 70, 71, 72, 73, 74, 75, 82]
  列生成求解结果: 目标值=10.0000， 下界=4.2353， 上界=inf
    非整数变量: COL_11-15-20-25_23 = 0.833333
  解不是整数，开始分支...
ImposedVertex(vertex=15)
ForbidVertex(vertex=15)
  创建了 2 个分支
    添加分支节点 1: ID=84
    添加分支节点 2: ID=85

处理节点 83
  开始列生成求解...
Set parameter LogToConsole to value 0
Set parameter Threads to value 1
Set parameter Seed to value 0
  定价策略: Exact, node=83, vertices=22
Set parameter PoolSearchMode to value 2
Set parameter PoolSolutions to value 10
[CG 1] RMP=5.739130, pricing=ExactPricingSolver, new_columns=0
  搜索路径: [1, 2, 3, 6, 7, 8, 9, 11, 14, 18, 19, 22, 23, 10, 28, 29, 32, 33, 36, 37, 15, 42, 43, 16, 48, 49, 52, 53, 56, 57, 58, 59, 17, 66, 67, 70, 71, 72, 73, 74, 75, 82, 83]
  列生成求解结果: 目标值=5.7391， 下界=4.2353， 上界=inf
    非整数变量: COL_11-15-20-25_23 = 0.478261
  解不是整数，开始分支...
ImposedVertex(vertex=11)
ForbidVertex(vertex=11)
  创建了 2 个分支
    添加分支节点 1: ID=86
    添加分支节点 2: ID=87

处理节点 47
  开始列生成求解...
Set parameter LogToConsole to value 0
Set parameter Threads to value 1
Set parameter Seed to value 0
  定价策略: Exact, node=47, vertices=22
Set parameter PoolSearchMode to value 2
Set parameter PoolSolutions to value 10
[CG 1] RMP=5.593220, pricing=ExactPricingSolver, new_columns=10
[CG 2] RMP=5.454545, pricing=ExactPricingSolver, new_columns=0
  搜索路径: [1, 2, 3, 6, 7, 8, 9, 11, 14, 18, 19, 22, 23, 10, 28, 29, 32, 33, 36, 37, 15, 42, 43, 16, 48, 49, 52, 53, 56, 57, 58, 59, 17, 66, 67, 70, 71, 72, 73, 74, 75, 82, 83, 47]
  列生成求解结果: 目标值=5.4545， 下界=4.2353， 上界=inf
    非整数变量: COL_18-23-9_35 = 0.003247
  解不是整数，开始分支...
ImposedVertex(vertex=14)
ForbidVertex(vertex=14)
  创建了 2 个分支
    添加分支节点 1: ID=88
    添加分支节点 2: ID=89

处理节点 46
  开始列生成求解...
Set parameter LogToConsole to value 0
Set parameter Threads to value 1
Set parameter Seed to value 0
  定价策略: Exact, node=46, vertices=21
Set parameter PoolSearchMode to value 2
Set parameter PoolSolutions to value 10
[CG 1] RMP=11.000000, pricing=ExactPricingSolver, new_columns=0
  搜索路径: [1, 2, 3, 6, 7, 8, 9, 11, 14, 18, 19, 22, 23, 10, 28, 29, 32, 33, 36, 37, 15, 42, 43, 16, 48, 49, 52, 53, 56, 57, 58, 59, 17, 66, 67, 70, 71, 72, 73, 74, 75, 82, 83, 47, 46]
  列生成求解结果: 目标值=11.0000， 下界=4.2353， 上界=inf
    非整数变量: COL_0-15-25-27-4-8_14 = 0.500000
  解不是整数，开始分支...
ImposedVertex(vertex=8)
ForbidVertex(vertex=8)
  创建了 2 个分支
    添加分支节点 1: ID=90
    添加分支节点 2: ID=91

处理节点 60
  开始列生成求解...
Set parameter LogToConsole to value 0
Set parameter Threads to value 1
Set parameter Seed to value 0
  定价策略: Exact, node=60, vertices=20
Set parameter PoolSearchMode to value 2
Set parameter PoolSolutions to value 10
[CG 1] RMP=11.000000, pricing=ExactPricingSolver, new_columns=0
  搜索路径: [1, 2, 3, 6, 7, 8, 9, 11, 14, 18, 19, 22, 23, 10, 28, 29, 32, 33, 36, 37, 15, 42, 43, 16, 48, 49, 52, 53, 56, 57, 58, 59, 17, 66, 67, 70, 71, 72, 73, 74, 75, 82, 83, 47, 46, 60]
  列生成求解结果: 目标值=11.0000， 下界=4.2353， 上界=inf
    非整数变量: COL_14-21-23-27-9_66 = 0.500000
  解不是整数，开始分支...
ImposedVertex(vertex=9)
ForbidVertex(vertex=9)
  创建了 2 个分支
    添加分支节点 1: ID=92
    添加分支节点 2: ID=93

处理节点 61
  开始列生成求解...
Set parameter LogToConsole to value 0
Set parameter Threads to value 1
Set parameter Seed to value 0
  定价策略: Exact, node=61, vertices=21
Set parameter PoolSearchMode to value 2
Set parameter PoolSolutions to value 10
[CG 1] RMP=5.142857, pricing=ExactPricingSolver, new_columns=0
  搜索路径: [1, 2, 3, 6, 7, 8, 9, 11, 14, 18, 19, 22, 23, 10, 28, 29, 32, 33, 36, 37, 15, 42, 43, 16, 48, 49, 52, 53, 56, 57, 58, 59, 17, 66, 67, 70, 71, 72, 73, 74, 75, 82, 83, 47, 46, 60, 61]
  列生成求解结果: 目标值=5.1429， 下界=4.2353， 上界=inf
    非整数变量: COL_23_5 = 0.051020
  解不是整数，开始分支...
ImposedVertex(vertex=23)
ForbidVertex(vertex=23)
  创建了 2 个分支
    添加分支节点 1: ID=94
    添加分支节点 2: ID=95

处理节点 64
  开始列生成求解...
Set parameter LogToConsole to value 0
Set parameter Threads to value 1
Set parameter Seed to value 0
  定价策略: Exact, node=64, vertices=18
Set parameter PoolSearchMode to value 2
Set parameter PoolSolutions to value 10
[CG 1] RMP=7.630058, pricing=ExactPricingSolver, new_columns=10
[CG 2] RMP=7.000000, pricing=ExactPricingSolver, new_columns=10
[CG 3] RMP=5.310345, pricing=ExactPricingSolver, new_columns=10
[CG 4] RMP=5.142857, pricing=ExactPricingSolver, new_columns=0
  搜索路径: [1, 2, 3, 6, 7, 8, 9, 11, 14, 18, 19, 22, 23, 10, 28, 29, 32, 33, 36, 37, 15, 42, 43, 16, 48, 49, 52, 53, 56, 57, 58, 59, 17, 66, 67, 70, 71, 72, 73, 74, 75, 82, 83, 47, 46, 60, 61, 64]
  列生成求解结果: 目标值=5.1429， 下界=5.1429， 上界=inf
    非整数变量: COL_1-21-5_60 = 0.197291
  解不是整数，开始分支...
ImposedVertex(vertex=11)
ForbidVertex(vertex=11)
  创建了 2 个分支
    添加分支节点 1: ID=96
    添加分支节点 2: ID=97

处理节点 95
  开始列生成求解...
Set parameter LogToConsole to value 0
Set parameter Threads to value 1
Set parameter Seed to value 0
  定价策略: Exact, node=95, vertices=20
Set parameter PoolSearchMode to value 2
Set parameter PoolSolutions to value 10
[CG 1] RMP=5.142857, pricing=ExactPricingSolver, new_columns=0
  搜索路径: [1, 2, 3, 6, 7, 8, 9, 11, 14, 18, 19, 22, 23, 10, 28, 29, 32, 33, 36, 37, 15, 42, 43, 16, 48, 49, 52, 53, 56, 57, 58, 59, 17, 66, 67, 70, 71, 72, 73, 74, 75, 82, 83, 47, 46, 60, 61, 64, 95]
  列生成求解结果: 目标值=5.1429， 下界=5.1429， 上界=inf
    非整数变量: COL_16-18-4-9_227 = 0.154917
  解不是整数，开始分支...
ImposedVertex(vertex=9)
ForbidVertex(vertex=9)
  创建了 2 个分支
    添加分支节点 1: ID=98
    添加分支节点 2: ID=99

处理节点 65
  开始列生成求解...
Set parameter LogToConsole to value 0
Set parameter Threads to value 1
Set parameter Seed to value 0
  定价策略: Exact, node=65, vertices=19
Set parameter PoolSearchMode to value 2
Set parameter PoolSolutions to value 10
[CG 1] RMP=5.142857, pricing=ExactPricingSolver, new_columns=0
  搜索路径: [1, 2, 3, 6, 7, 8, 9, 11, 14, 18, 19, 22, 23, 10, 28, 29, 32, 33, 36, 37, 15, 42, 43, 16, 48, 49, 52, 53, 56, 57, 58, 59, 17, 66, 67, 70, 71, 72, 73, 74, 75, 82, 83, 47, 46, 60, 61, 64, 95, 65]
  列生成求解结果: 目标值=5.1429， 下界=5.1429， 上界=inf
    非整数变量: COL_1-18-23-7-9_41 = 0.321429
  解不是整数，开始分支...
ImposedVertex(vertex=7)
ForbidVertex(vertex=7)
  创建了 2 个分支
    添加分支节点 1: ID=100
    添加分支节点 2: ID=101
  进度: 已处理 50 个节点, 剩余 51 个, 当前最优 inf, 当前列数: 427

处理节点 98
  开始列生成求解...
Set parameter LogToConsole to value 0
Set parameter Threads to value 1
Set parameter Seed to value 0
  定价策略: Exact, node=98, vertices=19
Set parameter PoolSearchMode to value 2
Set parameter PoolSolutions to value 10
[CG 1] RMP=7.000000, pricing=ExactPricingSolver, new_columns=10
[CG 2] RMP=7.000000, pricing=ExactPricingSolver, new_columns=0
  搜索路径: [1, 2, 3, 6, 7, 8, 9, 11, 14, 18, 19, 22, 23, 10, 28, 29, 32, 33, 36, 37, 15, 42, 43, 16, 48, 49, 52, 53, 56, 57, 58, 59, 17, 66, 67, 70, 71, 72, 73, 74, 75, 82, 83, 47, 46, 60, 61, 64, 95, 65, 98]
  列生成求解结果: 目标值=7.0000， 下界=5.1429， 上界=inf
    非整数变量: COL_16-18-4-9_227 = 0.458333
  解不是整数，开始分支...
ImposedVertex(vertex=28)
ForbidVertex(vertex=28)
  创建了 2 个分支
    添加分支节点 1: ID=102
    添加分支节点 2: ID=103

处理节点 99
  开始列生成求解...
Set parameter LogToConsole to value 0
Set parameter Threads to value 1
Set parameter Seed to value 0
  定价策略: Exact, node=99, vertices=19
Set parameter PoolSearchMode to value 2
Set parameter PoolSolutions to value 10
[CG 1] RMP=11.000000, pricing=ExactPricingSolver, new_columns=0
  搜索路径: [1, 2, 3, 6, 7, 8, 9, 11, 14, 18, 19, 22, 23, 10, 28, 29, 32, 33, 36, 37, 15, 42, 43, 16, 48, 49, 52, 53, 56, 57, 58, 59, 17, 66, 67, 70, 71, 72, 73, 74, 75, 82, 83, 47, 46, 60, 61, 64, 95, 65, 98, 99]
  列生成求解结果: 目标值=11.0000， 下界=5.1429， 上界=inf
    非整数变量: COL_10-16-18-6_228 = 0.714286
  解不是整数，开始分支...
ImposedVertex(vertex=6)
ForbidVertex(vertex=6)
  创建了 2 个分支
    添加分支节点 1: ID=104
    添加分支节点 2: ID=105

处理节点 100
  开始列生成求解...
Set parameter LogToConsole to value 0
Set parameter Threads to value 1
Set parameter Seed to value 0
  定价策略: Exact, node=100, vertices=18
Set parameter PoolSearchMode to value 2
Set parameter PoolSolutions to value 10
[CG 1] RMP=5.142857, pricing=ExactPricingSolver, new_columns=0
  搜索路径: [1, 2, 3, 6, 7, 8, 9, 11, 14, 18, 19, 22, 23, 10, 28, 29, 32, 33, 36, 37, 15, 42, 43, 16, 48, 49, 52, 53, 56, 57, 58, 59, 17, 66, 67, 70, 71, 72, 73, 74, 75, 82, 83, 47, 46, 60, 61, 64, 95, 65, 98, 99, 100]
  列生成求解结果: 目标值=5.1429， 下界=5.1429， 上界=inf
    非整数变量: COL_1-18-23-7-9_41 = 0.224490
  解不是整数，开始分支...
ImposedVertex(vertex=9)
ForbidVertex(vertex=9)
  创建了 2 个分支
    添加分支节点 1: ID=106
    添加分支节点 2: ID=107

处理节点 101
  开始列生成求解...
Set parameter LogToConsole to value 0
Set parameter Threads to value 1
Set parameter Seed to value 0
  定价策略: Exact, node=101, vertices=18
Set parameter PoolSearchMode to value 2
Set parameter PoolSolutions to value 10
[CG 1] RMP=2010.000000, pricing=ExactPricingSolver, new_columns=10
[CG 2] RMP=12.000000, pricing=ExactPricingSolver, new_columns=0
  搜索路径: [1, 2, 3, 6, 7, 8, 9, 11, 14, 18, 19, 22, 23, 10, 28, 29, 32, 33, 36, 37, 15, 42, 43, 16, 48, 49, 52, 53, 56, 57, 58, 59, 17, 66, 67, 70, 71, 72, 73, 74, 75, 82, 83, 47, 46, 60, 61, 64, 95, 65, 98, 99, 100, 101]
  列生成求解结果: 目标值=12.0000， 下界=5.1429， 上界=inf
    非整数变量: COL_1-10-19-20-29_248 = 0.500000
  解不是整数，开始分支...
ImposedVertex(vertex=10)
ForbidVertex(vertex=10)
  创建了 2 个分支
    添加分支节点 1: ID=108
    添加分支节点 2: ID=109

处理节点 94
  开始列生成求解...
Set parameter LogToConsole to value 0
Set parameter Threads to value 1
Set parameter Seed to value 0
  定价策略: Exact, node=94, vertices=20
Set parameter PoolSearchMode to value 2
Set parameter PoolSolutions to value 10
[CG 1] RMP=2010.000000, pricing=ExactPricingSolver, new_columns=10
[CG 2] RMP=12.000000, pricing=ExactPricingSolver, new_columns=0
  搜索路径: [1, 2, 3, 6, 7, 8, 9, 11, 14, 18, 19, 22, 23, 10, 28, 29, 32, 33, 36, 37, 15, 42, 43, 16, 48, 49, 52, 53, 56, 57, 58, 59, 17, 66, 67, 70, 71, 72, 73, 74, 75, 82, 83, 47, 46, 60, 61, 64, 95, 65, 98, 99, 100, 101, 94]
  列生成求解结果: 目标值=12.0000， 下界=5.1429， 上界=inf
  找到整数解，更新最优解
  更新最优解后剪枝了 2 个节点

处理节点 106
  开始列生成求解...
Set parameter LogToConsole to value 0
Set parameter Threads to value 1
Set parameter Seed to value 0
  定价策略: Exact, node=106, vertices=17
Set parameter PoolSearchMode to value 2
Set parameter PoolSolutions to value 10
[CG 1] RMP=5.142857, pricing=ExactPricingSolver, new_columns=0
  搜索路径: [1, 2, 3, 6, 7, 8, 9, 11, 14, 18, 19, 22, 23, 10, 28, 29, 32, 33, 36, 37, 15, 42, 43, 16, 48, 49, 52, 53, 56, 57, 58, 59, 17, 66, 67, 70, 71, 72, 73, 74, 75, 82, 83, 47, 46, 60, 61, 64, 95, 65, 98, 99, 100, 101, 94, 106]
  列生成求解结果: 目标值=5.1429， 下界=5.1429， 上界=12.0000
    非整数变量: COL_1-18-23-7-9_41 = 0.500000
  解不是整数，开始分支...
ImposedVertex(vertex=18)
ForbidVertex(vertex=18)
  创建了 2 个分支
    添加分支节点 1: ID=110
    添加分支节点 2: ID=111

处理节点 110
  开始列生成求解...
Set parameter LogToConsole to value 0
Set parameter Threads to value 1
Set parameter Seed to value 0
  定价策略: Exact, node=110, vertices=16
Set parameter PoolSearchMode to value 2
Set parameter PoolSolutions to value 10
[CG 1] RMP=7.000000, pricing=ExactPricingSolver, new_columns=0
  搜索路径: [1, 2, 3, 6, 7, 8, 9, 11, 14, 18, 19, 22, 23, 10, 28, 29, 32, 33, 36, 37, 15, 42, 43, 16, 48, 49, 52, 53, 56, 57, 58, 59, 17, 66, 67, 70, 71, 72, 73, 74, 75, 82, 83, 47, 46, 60, 61, 64, 95, 65, 98, 99, 100, 101, 94, 106, 110]
  列生成求解结果: 目标值=7.0000， 下界=5.1429， 上界=12.0000
    非整数变量: COL_1-11-18-23-7-9_42 = 0.250000
  解不是整数，开始分支...
ImposedVertex(vertex=23)
ForbidVertex(vertex=23)
  创建了 2 个分支
    添加分支节点 1: ID=112
    添加分支节点 2: ID=113

处理节点 111
  开始列生成求解...
Set parameter LogToConsole to value 0
Set parameter Threads to value 1
Set parameter Seed to value 0
  定价策略: Exact, node=111, vertices=16
Set parameter PoolSearchMode to value 2
Set parameter PoolSolutions to value 10
[CG 1] RMP=6.666667, pricing=ExactPricingSolver, new_columns=10
[CG 2] RMP=5.142857, pricing=ExactPricingSolver, new_columns=10
[CG 3] RMP=5.142857, pricing=ExactPricingSolver, new_columns=0
  搜索路径: [1, 2, 3, 6, 7, 8, 9, 11, 14, 18, 19, 22, 23, 10, 28, 29, 32, 33, 36, 37, 15, 42, 43, 16, 48, 49, 52, 53, 56, 57, 58, 59, 17, 66, 67, 70, 71, 72, 73, 74, 75, 82, 83, 47, 46, 60, 61, 64, 95, 65, 98, 99, 100, 101, 94, 106, 110, 111]
  列生成求解结果: 目标值=5.1429， 下界=5.1429， 上界=12.0000
    非整数变量: COL_11-16-19-29-4_290 = 0.500000
  解不是整数，开始分支...
ImposedVertex(vertex=11)
ForbidVertex(vertex=11)
  创建了 2 个分支
    添加分支节点 1: ID=114
    添加分支节点 2: ID=115

处理节点 114
  开始列生成求解...
Set parameter LogToConsole to value 0
Set parameter Threads to value 1
Set parameter Seed to value 0
  定价策略: Exact, node=114, vertices=14
Set parameter PoolSearchMode to value 2
Set parameter PoolSolutions to value 10
[CG 1] RMP=10.000000, pricing=ExactPricingSolver, new_columns=10
[CG 2] RMP=5.142857, pricing=ExactPricingSolver, new_columns=0
  搜索路径: [1, 2, 3, 6, 7, 8, 9, 11, 14, 18, 19, 22, 23, 10, 28, 29, 32, 33, 36, 37, 15, 42, 43, 16, 48, 49, 52, 53, 56, 57, 58, 59, 17, 66, 67, 70, 71, 72, 73, 74, 75, 82, 83, 47, 46, 60, 61, 64, 95, 65, 98, 99, 100, 101, 94, 106, 110, 111, 114]
  列生成求解结果: 目标值=5.1429， 下界=5.1429， 上界=12.0000
    非整数变量: COL_11-16-19-28-4_289 = 0.428571
  解不是整数，开始分支...
ImposedVertex(vertex=28)
ForbidVertex(vertex=28)
  创建了 2 个分支
    添加分支节点 1: ID=116
    添加分支节点 2: ID=117

处理节点 115
  开始列生成求解...
Set parameter LogToConsole to value 0
Set parameter Threads to value 1
Set parameter Seed to value 0
  定价策略: Exact, node=115, vertices=15
Set parameter PoolSearchMode to value 2
Set parameter PoolSolutions to value 10
[CG 1] RMP=8.000000, pricing=ExactPricingSolver, new_columns=10
[CG 2] RMP=5.454545, pricing=ExactPricingSolver, new_columns=10
[CG 3] RMP=5.454545, pricing=ExactPricingSolver, new_columns=10
[CG 4] RMP=5.142857, pricing=ExactPricingSolver, new_columns=0
  搜索路径: [1, 2, 3, 6, 7, 8, 9, 11, 14, 18, 19, 22, 23, 10, 28, 29, 32, 33, 36, 37, 15, 42, 43, 16, 48, 49, 52, 53, 56, 57, 58, 59, 17, 66, 67, 70, 71, 72, 73, 74, 75, 82, 83, 47, 46, 60, 61, 64, 95, 65, 98, 99, 100, 101, 94, 106, 110, 111, 114, 115]
  列生成求解结果: 目标值=5.1429， 下界=5.1429， 上界=12.0000
    非整数变量: COL_14-16-19-4_288 = 0.371429
  解不是整数，开始分支...
ImposedVertex(vertex=14)
ForbidVertex(vertex=14)
  创建了 2 个分支
    添加分支节点 1: ID=118
    添加分支节点 2: ID=119
  进度: 已处理 60 个节点, 剩余 57 个, 当前最优 12.0000, 当前列数: 517

处理节点 118
  开始列生成求解...
Set parameter LogToConsole to value 0
Set parameter Threads to value 1
Set parameter Seed to value 0
  定价策略: Exact, node=118, vertices=14
Set parameter PoolSearchMode to value 2
Set parameter PoolSolutions to value 10
[CG 1] RMP=10.000000, pricing=ExactPricingSolver, new_columns=0
  搜索路径: [1, 2, 3, 6, 7, 8, 9, 11, 14, 18, 19, 22, 23, 10, 28, 29, 32, 33, 36, 37, 15, 42, 43, 16, 48, 49, 52, 53, 56, 57, 58, 59, 17, 66, 67, 70, 71, 72, 73, 74, 75, 82, 83, 47, 46, 60, 61, 64, 95, 65, 98, 99, 100, 101, 94, 106, 110, 111, 114, 115, 118]
  列生成求解结果: 目标值=10.0000， 下界=5.1429， 上界=12.0000
    非整数变量: COL_14-16-19-29-4_291 = 0.500000
  解不是整数，开始分支...
ImposedVertex(vertex=29)
ForbidVertex(vertex=29)
  创建了 2 个分支
    添加分支节点 1: ID=120
    添加分支节点 2: ID=121

处理节点 119
  开始列生成求解...
Set parameter LogToConsole to value 0
Set parameter Threads to value 1
Set parameter Seed to value 0
  定价策略: Exact, node=119, vertices=14
Set parameter PoolSearchMode to value 2
Set parameter PoolSolutions to value 10
[CG 1] RMP=9.000000, pricing=ExactPricingSolver, new_columns=0
  搜索路径: [1, 2, 3, 6, 7, 8, 9, 11, 14, 18, 19, 22, 23, 10, 28, 29, 32, 33, 36, 37, 15, 42, 43, 16, 48, 49, 52, 53, 56, 57, 58, 59, 17, 66, 67, 70, 71, 72, 73, 74, 75, 82, 83, 47, 46, 60, 61, 64, 95, 65, 98, 99, 100, 101, 94, 106, 110, 111, 114, 115, 118, 119]
  列生成求解结果: 目标值=9.0000， 下界=5.1429， 上界=12.0000
    非整数变量: COL_1-12-16-19-20_461 = 0.250000
  解不是整数，开始分支...
ImposedVertex(vertex=20)
ForbidVertex(vertex=20)
  创建了 2 个分支
    添加分支节点 1: ID=122
    添加分支节点 2: ID=123

处理节点 96
  开始列生成求解...
Set parameter LogToConsole to value 0
Set parameter Threads to value 1
Set parameter Seed to value 0
  定价策略: Exact, node=96, vertices=16
Set parameter PoolSearchMode to value 2
Set parameter PoolSolutions to value 10
[CG 1] RMP=5.142857, pricing=ExactPricingSolver, new_columns=0
  搜索路径: [1, 2, 3, 6, 7, 8, 9, 11, 14, 18, 19, 22, 23, 10, 28, 29, 32, 33, 36, 37, 15, 42, 43, 16, 48, 49, 52, 53, 56, 57, 58, 59, 17, 66, 67, 70, 71, 72, 73, 74, 75, 82, 83, 47, 46, 60, 61, 64, 95, 65, 98, 99, 100, 101, 94, 106, 110, 111, 114, 115, 118, 119, 96]
  列生成求解结果: 目标值=5.1429， 下界=5.1429， 上界=12.0000
    非整数变量: COL_1-10-11-16-18-5-7_233 = 0.060853
  解不是整数，开始分支...
ImposedVertex(vertex=10)
ForbidVertex(vertex=10)
  创建了 2 个分支
    添加分支节点 1: ID=124
    添加分支节点 2: ID=125

处理节点 124
  开始列生成求解...
Set parameter LogToConsole to value 0
Set parameter Threads to value 1
Set parameter Seed to value 0
  定价策略: Exact, node=124, vertices=15
Set parameter PoolSearchMode to value 2
Set parameter PoolSolutions to value 10
[CG 1] RMP=11.000000, pricing=ExactPricingSolver, new_columns=0
  搜索路径: [1, 2, 3, 6, 7, 8, 9, 11, 14, 18, 19, 22, 23, 10, 28, 29, 32, 33, 36, 37, 15, 42, 43, 16, 48, 49, 52, 53, 56, 57, 58, 59, 17, 66, 67, 70, 71, 72, 73, 74, 75, 82, 83, 47, 46, 60, 61, 64, 95, 65, 98, 99, 100, 101, 94, 106, 110, 111, 114, 115, 118, 119, 96, 124]
  列生成求解结果: 目标值=11.0000， 下界=5.1429， 上界=12.0000
    非整数变量: COL_1-21_58 = 0.500000
  解不是整数，开始分支...
ImposedVertex(vertex=21)
ForbidVertex(vertex=21)
  创建了 2 个分支
    添加分支节点 1: ID=126
    添加分支节点 2: ID=127

处理节点 125
  开始列生成求解...
Set parameter LogToConsole to value 0
Set parameter Threads to value 1
Set parameter Seed to value 0
  定价策略: Exact, node=125, vertices=15
Set parameter PoolSearchMode to value 2
Set parameter PoolSolutions to value 10
[CG 1] RMP=7.448276, pricing=ExactPricingSolver, new_columns=10
[CG 2] RMP=7.000000, pricing=ExactPricingSolver, new_columns=0
  搜索路径: [1, 2, 3, 6, 7, 8, 9, 11, 14, 18, 19, 22, 23, 10, 28, 29, 32, 33, 36, 37, 15, 42, 43, 16, 48, 49, 52, 53, 56, 57, 58, 59, 17, 66, 67, 70, 71, 72, 73, 74, 75, 82, 83, 47, 46, 60, 61, 64, 95, 65, 98, 99, 100, 101, 94, 106, 110, 111, 114, 115, 118, 119, 96, 124, 125]
  列生成求解结果: 目标值=7.0000， 下界=5.1429， 上界=12.0000
    非整数变量: COL_1-11-18-23-7-9_42 = 0.200000
  解不是整数，开始分支...
ImposedVertex(vertex=20)
ForbidVertex(vertex=20)
  创建了 2 个分支
    添加分支节点 1: ID=128
    添加分支节点 2: ID=129

处理节点 117
  开始列生成求解...
Set parameter LogToConsole to value 0
Set parameter Threads to value 1
Set parameter Seed to value 0
  定价策略: Exact, node=117, vertices=13
Set parameter PoolSearchMode to value 2
Set parameter PoolSolutions to value 10
[CG 1] RMP=9.000000, pricing=ExactPricingSolver, new_columns=0
  搜索路径: [1, 2, 3, 6, 7, 8, 9, 11, 14, 18, 19, 22, 23, 10, 28, 29, 32, 33, 36, 37, 15, 42, 43, 16, 48, 49, 52, 53, 56, 57, 58, 59, 17, 66, 67, 70, 71, 72, 73, 74, 75, 82, 83, 47, 46, 60, 61, 64, 95, 65, 98, 99, 100, 101, 94, 106, 110, 111, 114, 115, 118, 119, 96, 124, 125, 117]
  列生成求解结果: 目标值=9.0000， 下界=5.1429， 上界=12.0000
    非整数变量: COL_11-16-19-29-4_290 = 0.100000
  解不是整数，开始分支...
ImposedVertex(vertex=20)
ForbidVertex(vertex=20)
  创建了 2 个分支
    添加分支节点 1: ID=130
    添加分支节点 2: ID=131

处理节点 116
  开始列生成求解...
Set parameter LogToConsole to value 0
Set parameter Threads to value 1
Set parameter Seed to value 0
  定价策略: Exact, node=116, vertices=13
Set parameter PoolSearchMode to value 2
Set parameter PoolSolutions to value 10
[CG 1] RMP=12.000000, pricing=ExactPricingSolver, new_columns=0
  搜索路径: [1, 2, 3, 6, 7, 8, 9, 11, 14, 18, 19, 22, 23, 10, 28, 29, 32, 33, 36, 37, 15, 42, 43, 16, 48, 49, 52, 53, 56, 57, 58, 59, 17, 66, 67, 70, 71, 72, 73, 74, 75, 82, 83, 47, 46, 60, 61, 64, 95, 65, 98, 99, 100, 101, 94, 106, 110, 111, 114, 115, 118, 119, 96, 124, 125, 117, 116]
  列生成求解结果: 目标值=12.0000， 下界=5.1429， 上界=12.0000

处理节点 107
  开始列生成求解...
Set parameter LogToConsole to value 0
Set parameter Threads to value 1
Set parameter Seed to value 0
  定价策略: Exact, node=107, vertices=17
Set parameter PoolSearchMode to value 2
Set parameter PoolSolutions to value 10
[CG 1] RMP=11.000000, pricing=ExactPricingSolver, new_columns=0
  搜索路径: [1, 2, 3, 6, 7, 8, 9, 11, 14, 18, 19, 22, 23, 10, 28, 29, 32, 33, 36, 37, 15, 42, 43, 16, 48, 49, 52, 53, 56, 57, 58, 59, 17, 66, 67, 70, 71, 72, 73, 74, 75, 82, 83, 47, 46, 60, 61, 64, 95, 65, 98, 99, 100, 101, 94, 106, 110, 111, 114, 115, 118, 119, 96, 124, 125, 117, 116, 107]
  列生成求解结果: 目标值=11.0000， 下界=5.1429， 上界=12.0000
    非整数变量: COL_1-10-19-20-29_248 = 0.500000
  解不是整数，开始分支...
规则2分支: vertices=1-7, fractionality=0.500000
SameColor(vertex_pair=1-7)
DifferentColor(vertex_pair=1-7)
  创建了 2 个分支
    添加分支节点 1: ID=132
    添加分支节点 2: ID=133

处理节点 97
  开始列生成求解...
Set parameter LogToConsole to value 0
Set parameter Threads to value 1
Set parameter Seed to value 0
  定价策略: Exact, node=97, vertices=17
Set parameter PoolSearchMode to value 2
Set parameter PoolSolutions to value 10
[CG 1] RMP=9.000000, pricing=ExactPricingSolver, new_columns=10
[CG 2] RMP=5.821426, pricing=ExactPricingSolver, new_columns=10
[CG 3] RMP=5.574661, pricing=ExactPricingSolver, new_columns=10
[CG 4] RMP=5.142857, pricing=ExactPricingSolver, new_columns=0
  搜索路径: [1, 2, 3, 6, 7, 8, 9, 11, 14, 18, 19, 22, 23, 10, 28, 29, 32, 33, 36, 37, 15, 42, 43, 16, 48, 49, 52, 53, 56, 57, 58, 59, 17, 66, 67, 70, 71, 72, 73, 74, 75, 82, 83, 47, 46, 60, 61, 64, 95, 65, 98, 99, 100, 101, 94, 106, 110, 111, 114, 115, 118, 119, 96, 124, 125, 117, 116, 107, 97]
  列生成求解结果: 目标值=5.1429， 下界=5.1429， 上界=12.0000
    非整数变量: COL_1-18-23-7-9_41 = 0.210714
  解不是整数，开始分支...
ImposedVertex(vertex=9)
ForbidVertex(vertex=9)
  创建了 2 个分支
    添加分支节点 1: ID=134
    添加分支节点 2: ID=135

处理节点 134
  开始列生成求解...
Set parameter LogToConsole to value 0
Set parameter Threads to value 1
Set parameter Seed to value 0
  定价策略: Exact, node=134, vertices=16
Set parameter PoolSearchMode to value 2
Set parameter PoolSolutions to value 10
[CG 1] RMP=10.000000, pricing=ExactPricingSolver, new_columns=10
[CG 2] RMP=7.000000, pricing=ExactPricingSolver, new_columns=0
  搜索路径: [1, 2, 3, 6, 7, 8, 9, 11, 14, 18, 19, 22, 23, 10, 28, 29, 32, 33, 36, 37, 15, 42, 43, 16, 48, 49, 52, 53, 56, 57, 58, 59, 17, 66, 67, 70, 71, 72, 73, 74, 75, 82, 83, 47, 46, 60, 61, 64, 95, 65, 98, 99, 100, 101, 94, 106, 110, 111, 114, 115, 118, 119, 96, 124, 125, 117, 116, 107, 97, 134]
  列生成求解结果: 目标值=7.0000， 下界=5.1429， 上界=12.0000
    非整数变量: COL_1-18-23-9_37 = 0.500000
  解不是整数，开始分支...
ImposedVertex(vertex=14)
ForbidVertex(vertex=14)
  创建了 2 个分支
    添加分支节点 1: ID=136
    添加分支节点 2: ID=137
  进度: 已处理 70 个节点, 剩余 65 个, 当前最优 12.0000, 当前列数: 567

处理节点 135
  开始列生成求解...
Set parameter LogToConsole to value 0
Set parameter Threads to value 1
Set parameter Seed to value 0
  定价策略: Exact, node=135, vertices=16
Set parameter PoolSearchMode to value 2
Set parameter PoolSolutions to value 10
[CG 1] RMP=11.000000, pricing=ExactPricingSolver, new_columns=0
  搜索路径: [1, 2, 3, 6, 7, 8, 9, 11, 14, 18, 19, 22, 23, 10, 28, 29, 32, 33, 36, 37, 15, 42, 43, 16, 48, 49, 52, 53, 56, 57, 58, 59, 17, 66, 67, 70, 71, 72, 73, 74, 75, 82, 83, 47, 46, 60, 61, 64, 95, 65, 98, 99, 100, 101, 94, 106, 110, 111, 114, 115, 118, 119, 96, 124, 125, 117, 116, 107, 97, 134, 135]
  列生成求解结果: 目标值=11.0000， 下界=5.1429， 上界=12.0000
    非整数变量: COL_1-21-5-7_61 = 0.166667
  解不是整数，开始分支...
ImposedVertex(vertex=21)
ForbidVertex(vertex=21)
  创建了 2 个分支
    添加分支节点 1: ID=138
    添加分支节点 2: ID=139

处理节点 89
  开始列生成求解...
Set parameter LogToConsole to value 0
Set parameter Threads to value 1
Set parameter Seed to value 0
  定价策略: Exact, node=89, vertices=21
Set parameter PoolSearchMode to value 2
Set parameter PoolSolutions to value 10
[CG 1] RMP=5.454545, pricing=ExactPricingSolver, new_columns=0
  搜索路径: [1, 2, 3, 6, 7, 8, 9, 11, 14, 18, 19, 22, 23, 10, 28, 29, 32, 33, 36, 37, 15, 42, 43, 16, 48, 49, 52, 53, 56, 57, 58, 59, 17, 66, 67, 70, 71, 72, 73, 74, 75, 82, 83, 47, 46, 60, 61, 64, 95, 65, 98, 99, 100, 101, 94, 106, 110, 111, 114, 115, 118, 119, 96, 124, 125, 117, 116, 107, 97, 134, 135, 89]
  列生成求解结果: 目标值=5.4545， 下界=5.4545， 上界=12.0000
    非整数变量: COL_11-15-20-25_23 = 0.064935
  解不是整数，开始分支...
ImposedVertex(vertex=15)
ForbidVertex(vertex=15)
  创建了 2 个分支
    添加分支节点 1: ID=140
    添加分支节点 2: ID=141

处理节点 88
  开始列生成求解...
Set parameter LogToConsole to value 0
Set parameter Threads to value 1
Set parameter Seed to value 0
  定价策略: Exact, node=88, vertices=20
Set parameter PoolSearchMode to value 2
Set parameter PoolSolutions to value 10
[CG 1] RMP=10.000000, pricing=ExactPricingSolver, new_columns=0
  搜索路径: [1, 2, 3, 6, 7, 8, 9, 11, 14, 18, 19, 22, 23, 10, 28, 29, 32, 33, 36, 37, 15, 42, 43, 16, 48, 49, 52, 53, 56, 57, 58, 59, 17, 66, 67, 70, 71, 72, 73, 74, 75, 82, 83, 47, 46, 60, 61, 64, 95, 65, 98, 99, 100, 101, 94, 106, 110, 111, 114, 115, 118, 119, 96, 124, 125, 117, 116, 107, 97, 134, 135, 89, 88]
  列生成求解结果: 目标值=10.0000， 下界=5.4545， 上界=12.0000
    非整数变量: COL_19-20-26_44 = 0.400000
  解不是整数，开始分支...
ImposedVertex(vertex=19)
ForbidVertex(vertex=19)
  创建了 2 个分支
    添加分支节点 1: ID=142
    添加分支节点 2: ID=143

处理节点 140
  开始列生成求解...
Set parameter LogToConsole to value 0
Set parameter Threads to value 1
Set parameter Seed to value 0
  定价策略: Exact, node=140, vertices=19
Set parameter PoolSearchMode to value 2
Set parameter PoolSolutions to value 10
[CG 1] RMP=6.000000, pricing=ExactPricingSolver, new_columns=0
  搜索路径: [1, 2, 3, 6, 7, 8, 9, 11, 14, 18, 19, 22, 23, 10, 28, 29, 32, 33, 36, 37, 15, 42, 43, 16, 48, 49, 52, 53, 56, 57, 58, 59, 17, 66, 67, 70, 71, 72, 73, 74, 75, 82, 83, 47, 46, 60, 61, 64, 95, 65, 98, 99, 100, 101, 94, 106, 110, 111, 114, 115, 118, 119, 96, 124, 125, 117, 116, 107, 97, 134, 135, 89, 88, 140]
  列生成求解结果: 目标值=6.0000， 下界=5.4545， 上界=12.0000
    非整数变量: COL_19-20-26_44 = 0.311111
  解不是整数，开始分支...
ImposedVertex(vertex=19)
ForbidVertex(vertex=19)
  创建了 2 个分支
    添加分支节点 1: ID=144
    添加分支节点 2: ID=145

处理节点 141
  开始列生成求解...
Set parameter LogToConsole to value 0
Set parameter Threads to value 1
Set parameter Seed to value 0
  定价策略: Exact, node=141, vertices=20
Set parameter PoolSearchMode to value 2
Set parameter PoolSolutions to value 10
[CG 1] RMP=2010.000000, pricing=ExactPricingSolver, new_columns=10
[CG 2] RMP=7.000000, pricing=ExactPricingSolver, new_columns=10
[CG 3] RMP=6.461538, pricing=ExactPricingSolver, new_columns=10
[CG 4] RMP=6.160000, pricing=ExactPricingSolver, new_columns=10
[CG 5] RMP=5.574661, pricing=ExactPricingSolver, new_columns=10
[CG 6] RMP=5.454545, pricing=ExactPricingSolver, new_columns=0
  搜索路径: [1, 2, 3, 6, 7, 8, 9, 11, 14, 18, 19, 22, 23, 10, 28, 29, 32, 33, 36, 37, 15, 42, 43, 16, 48, 49, 52, 53, 56, 57, 58, 59, 17, 66, 67, 70, 71, 72, 73, 74, 75, 82, 83, 47, 46, 60, 61, 64, 95, 65, 98, 99, 100, 101, 94, 106, 110, 111, 114, 115, 118, 119, 96, 124, 125, 117, 116, 107, 97, 134, 135, 89, 88, 140, 141]
  列生成求解结果: 目标值=5.4545， 下界=5.4545， 上界=12.0000
    非整数变量: COL_0-18-20-26_48 = 0.090450
  解不是整数，开始分支...
ImposedVertex(vertex=18)
ForbidVertex(vertex=18)
  创建了 2 个分支
    添加分支节点 1: ID=146
    添加分支节点 2: ID=147

处理节点 146
  开始列生成求解...
Set parameter LogToConsole to value 0
Set parameter Threads to value 1
Set parameter Seed to value 0
  定价策略: Exact, node=146, vertices=19
Set parameter PoolSearchMode to value 2
Set parameter PoolSolutions to value 10
[CG 1] RMP=7.000000, pricing=ExactPricingSolver, new_columns=0
  搜索路径: [1, 2, 3, 6, 7, 8, 9, 11, 14, 18, 19, 22, 23, 10, 28, 29, 32, 33, 36, 37, 15, 42, 43, 16, 48, 49, 52, 53, 56, 57, 58, 59, 17, 66, 67, 70, 71, 72, 73, 74, 75, 82, 83, 47, 46, 60, 61, 64, 95, 65, 98, 99, 100, 101, 94, 106, 110, 111, 114, 115, 118, 119, 96, 124, 125, 117, 116, 107, 97, 134, 135, 89, 88, 140, 141, 146]
  列生成求解结果: 目标值=7.0000， 下界=5.4545， 上界=12.0000
    非整数变量: COL_0-18-20-26_48 = 0.119318
  解不是整数，开始分支...
ImposedVertex(vertex=20)
ForbidVertex(vertex=20)
  创建了 2 个分支
    添加分支节点 1: ID=148
    添加分支节点 2: ID=149

处理节点 147
  开始列生成求解...
Set parameter LogToConsole to value 0
Set parameter Threads to value 1
Set parameter Seed to value 0
  定价策略: Exact, node=147, vertices=19
Set parameter PoolSearchMode to value 2
Set parameter PoolSolutions to value 10
[CG 1] RMP=11.000000, pricing=ExactPricingSolver, new_columns=0
  搜索路径: [1, 2, 3, 6, 7, 8, 9, 11, 14, 18, 19, 22, 23, 10, 28, 29, 32, 33, 36, 37, 15, 42, 43, 16, 48, 49, 52, 53, 56, 57, 58, 59, 17, 66, 67, 70, 71, 72, 73, 74, 75, 82, 83, 47, 46, 60, 61, 64, 95, 65, 98, 99, 100, 101, 94, 106, 110, 111, 114, 115, 118, 119, 96, 124, 125, 117, 116, 107, 97, 134, 135, 89, 88, 140, 141, 146, 147]
  列生成求解结果: 目标值=11.0000， 下界=5.4545， 上界=12.0000
  找到整数解，更新最优解
  更新最优解后剪枝了 18 个节点

处理节点 40
  开始列生成求解...
Set parameter LogToConsole to value 0
Set parameter Threads to value 1
Set parameter Seed to value 0
  定价策略: Exact, node=40, vertices=20
Set parameter PoolSearchMode to value 2
Set parameter PoolSolutions to value 10
[CG 1] RMP=6.518519, pricing=ExactPricingSolver, new_columns=10
[CG 2] RMP=6.027397, pricing=ExactPricingSolver, new_columns=10
[CG 3] RMP=5.454545, pricing=ExactPricingSolver, new_columns=0
  搜索路径: [1, 2, 3, 6, 7, 8, 9, 11, 14, 18, 19, 22, 23, 10, 28, 29, 32, 33, 36, 37, 15, 42, 43, 16, 48, 49, 52, 53, 56, 57, 58, 59, 17, 66, 67, 70, 71, 72, 73, 74, 75, 82, 83, 47, 46, 60, 61, 64, 95, 65, 98, 99, 100, 101, 94, 106, 110, 111, 114, 115, 118, 119, 96, 124, 125, 117, 116, 107, 97, 134, 135, 89, 88, 140, 141, 146, 147, 40]
  列生成求解结果: 目标值=5.4545， 下界=5.4545， 上界=11.0000
    非整数变量: COL_13-16-19_4 = 0.231405
  解不是整数，开始分支...
ImposedVertex(vertex=16)
ForbidVertex(vertex=16)
  创建了 2 个分支
    添加分支节点 1: ID=150
    添加分支节点 2: ID=151

处理节点 26
  开始列生成求解...
Set parameter LogToConsole to value 0
Set parameter Threads to value 1
Set parameter Seed to value 0
  定价策略: Exact, node=26, vertices=18
Set parameter PoolSearchMode to value 2
Set parameter PoolSolutions to value 10
[CG 1] RMP=2010.000000, pricing=ExactPricingSolver, new_columns=10
[CG 2] RMP=7.333333, pricing=ExactPricingSolver, new_columns=10
[CG 3] RMP=5.454545, pricing=ExactPricingSolver, new_columns=0
  搜索路径: [1, 2, 3, 6, 7, 8, 9, 11, 14, 18, 19, 22, 23, 10, 28, 29, 32, 33, 36, 37, 15, 42, 43, 16, 48, 49, 52, 53, 56, 57, 58, 59, 17, 66, 67, 70, 71, 72, 73, 74, 75, 82, 83, 47, 46, 60, 61, 64, 95, 65, 98, 99, 100, 101, 94, 106, 110, 111, 114, 115, 118, 119, 96, 124, 125, 117, 116, 107, 97, 134, 135, 89, 88, 140, 141, 146, 147, 40, 26]
  列生成求解结果: 目标值=5.4545， 下界=5.4545， 上界=11.0000
    非整数变量: COL_13-16-19_4 = 0.225465
  解不是整数，开始分支...
ImposedVertex(vertex=19)
ForbidVertex(vertex=19)
  创建了 2 个分支
    添加分支节点 1: ID=152
    添加分支节点 2: ID=153

处理节点 150
  开始列生成求解...
Set parameter LogToConsole to value 0
Set parameter Threads to value 1
Set parameter Seed to value 0
  定价策略: Exact, node=150, vertices=18
Set parameter PoolSearchMode to value 2
Set parameter PoolSolutions to value 10
[CG 1] RMP=2010.000000, pricing=ExactPricingSolver, new_columns=10
[CG 2] RMP=11.000000, pricing=ExactPricingSolver, new_columns=10
[CG 3] RMP=6.307167, pricing=ExactPricingSolver, new_columns=10
[CG 4] RMP=5.454545, pricing=ExactPricingSolver, new_columns=0
  搜索路径: [1, 2, 3, 6, 7, 8, 9, 11, 14, 18, 19, 22, 23, 10, 28, 29, 32, 33, 36, 37, 15, 42, 43, 16, 48, 49, 52, 53, 56, 57, 58, 59, 17, 66, 67, 70, 71, 72, 73, 74, 75, 82, 83, 47, 46, 60, 61, 64, 95, 65, 98, 99, 100, 101, 94, 106, 110, 111, 114, 115, 118, 119, 96, 124, 125, 117, 116, 107, 97, 134, 135, 89, 88, 140, 141, 146, 147, 40, 26, 150]
  列生成求解结果: 目标值=5.4545， 下界=5.4545， 上界=11.0000
    非整数变量: COL_13-16-19_4 = 0.220779
  解不是整数，开始分支...
ImposedVertex(vertex=19)
ForbidVertex(vertex=19)
  创建了 2 个分支
    添加分支节点 1: ID=154
    添加分支节点 2: ID=155
  进度: 已处理 80 个节点, 剩余 55 个, 当前最优 11.0000, 当前列数: 687

处理节点 154
  开始列生成求解...
Set parameter LogToConsole to value 0
Set parameter Threads to value 1
Set parameter Seed to value 0
  定价策略: Exact, node=154, vertices=17
Set parameter PoolSearchMode to value 2
Set parameter PoolSolutions to value 10
[CG 1] RMP=2010.000000, pricing=ExactPricingSolver, new_columns=10
[CG 2] RMP=438.857143, pricing=ExactPricingSolver, new_columns=10
[CG 3] RMP=261.000000, pricing=ExactPricingSolver, new_columns=10
[CG 4] RMP=11.000000, pricing=ExactPricingSolver, new_columns=0
  搜索路径: [1, 2, 3, 6, 7, 8, 9, 11, 14, 18, 19, 22, 23, 10, 28, 29, 32, 33, 36, 37, 15, 42, 43, 16, 48, 49, 52, 53, 56, 57, 58, 59, 17, 66, 67, 70, 71, 72, 73, 74, 75, 82, 83, 47, 46, 60, 61, 64, 95, 65, 98, 99, 100, 101, 94, 106, 110, 111, 114, 115, 118, 119, 96, 124, 125, 117, 116, 107, 97, 134, 135, 89, 88, 140, 141, 146, 147, 40, 26, 150, 154]
  列生成求解结果: 目标值=11.0000， 下界=5.4545， 上界=11.0000

处理节点 155
  开始列生成求解...
Set parameter LogToConsole to value 0
Set parameter Threads to value 1
Set parameter Seed to value 0
  定价策略: Exact, node=155, vertices=17
Set parameter PoolSearchMode to value 2
Set parameter PoolSolutions to value 10
[CG 1] RMP=7.000000, pricing=ExactPricingSolver, new_columns=0
  搜索路径: [1, 2, 3, 6, 7, 8, 9, 11, 14, 18, 19, 22, 23, 10, 28, 29, 32, 33, 36, 37, 15, 42, 43, 16, 48, 49, 52, 53, 56, 57, 58, 59, 17, 66, 67, 70, 71, 72, 73, 74, 75, 82, 83, 47, 46, 60, 61, 64, 95, 65, 98, 99, 100, 101, 94, 106, 110, 111, 114, 115, 118, 119, 96, 124, 125, 117, 116, 107, 97, 134, 135, 89, 88, 140, 141, 146, 147, 40, 26, 150, 154, 155]
  列生成求解结果: 目标值=7.0000， 下界=5.4545， 上界=11.0000
    非整数变量: COL_13-18-21-23-28-9_632 = 0.500000
  解不是整数，开始分支...
ImposedVertex(vertex=9)
ForbidVertex(vertex=9)
  创建了 2 个分支
    添加分支节点 1: ID=156
    添加分支节点 2: ID=157

处理节点 151
  开始列生成求解...
Set parameter LogToConsole to value 0
Set parameter Threads to value 1
Set parameter Seed to value 0
  定价策略: Exact, node=151, vertices=19
Set parameter PoolSearchMode to value 2
Set parameter PoolSolutions to value 10
[CG 1] RMP=7.000000, pricing=ExactPricingSolver, new_columns=10
[CG 2] RMP=6.000000, pricing=ExactPricingSolver, new_columns=10
[CG 3] RMP=5.454545, pricing=ExactPricingSolver, new_columns=0
  搜索路径: [1, 2, 3, 6, 7, 8, 9, 11, 14, 18, 19, 22, 23, 10, 28, 29, 32, 33, 36, 37, 15, 42, 43, 16, 48, 49, 52, 53, 56, 57, 58, 59, 17, 66, 67, 70, 71, 72, 73, 74, 75, 82, 83, 47, 46, 60, 61, 64, 95, 65, 98, 99, 100, 101, 94, 106, 110, 111, 114, 115, 118, 119, 96, 124, 125, 117, 116, 107, 97, 134, 135, 89, 88, 140, 141, 146, 147, 40, 26, 150, 154, 155, 151]
  列生成求解结果: 目标值=5.4545， 下界=5.4545， 上界=11.0000
    非整数变量: COL_1-18-20-26_49 = 0.020661
  解不是整数，开始分支...
ImposedVertex(vertex=18)
ForbidVertex(vertex=18)
  创建了 2 个分支
    添加分支节点 1: ID=158
    添加分支节点 2: ID=159

处理节点 158
  开始列生成求解...
Set parameter LogToConsole to value 0
Set parameter Threads to value 1
Set parameter Seed to value 0
  定价策略: Exact, node=158, vertices=18
Set parameter PoolSearchMode to value 2
Set parameter PoolSolutions to value 10
[CG 1] RMP=7.000000, pricing=ExactPricingSolver, new_columns=0
  搜索路径: [1, 2, 3, 6, 7, 8, 9, 11, 14, 18, 19, 22, 23, 10, 28, 29, 32, 33, 36, 37, 15, 42, 43, 16, 48, 49, 52, 53, 56, 57, 58, 59, 17, 66, 67, 70, 71, 72, 73, 74, 75, 82, 83, 47, 46, 60, 61, 64, 95, 65, 98, 99, 100, 101, 94, 106, 110, 111, 114, 115, 118, 119, 96, 124, 125, 117, 116, 107, 97, 134, 135, 89, 88, 140, 141, 146, 147, 40, 26, 150, 154, 155, 151, 158]
  列生成求解结果: 目标值=7.0000， 下界=5.4545， 上界=11.0000
    非整数变量: COL_1-18-23-7-9_41 = 0.212963
  解不是整数，开始分支...
ImposedVertex(vertex=9)
ForbidVertex(vertex=9)
  创建了 2 个分支
    添加分支节点 1: ID=160
    添加分支节点 2: ID=161

处理节点 159
  开始列生成求解...
Set parameter LogToConsole to value 0
Set parameter Threads to value 1
Set parameter Seed to value 0
  定价策略: Exact, node=159, vertices=18
Set parameter PoolSearchMode to value 2
Set parameter PoolSolutions to value 10
[CG 1] RMP=11.000000, pricing=ExactPricingSolver, new_columns=0
  搜索路径: [1, 2, 3, 6, 7, 8, 9, 11, 14, 18, 19, 22, 23, 10, 28, 29, 32, 33, 36, 37, 15, 42, 43, 16, 48, 49, 52, 53, 56, 57, 58, 59, 17, 66, 67, 70, 71, 72, 73, 74, 75, 82, 83, 47, 46, 60, 61, 64, 95, 65, 98, 99, 100, 101, 94, 106, 110, 111, 114, 115, 118, 119, 96, 124, 125, 117, 116, 107, 97, 134, 135, 89, 88, 140, 141, 146, 147, 40, 26, 150, 154, 155, 151, 158, 159]
  列生成求解结果: 目标值=11.0000， 下界=5.4545， 上界=11.0000

处理节点 152
  开始列生成求解...
Set parameter LogToConsole to value 0
Set parameter Threads to value 1
Set parameter Seed to value 0
  定价策略: Exact, node=152, vertices=17
Set parameter PoolSearchMode to value 2
Set parameter PoolSolutions to value 10
[CG 1] RMP=2010.000000, pricing=ExactPricingSolver, new_columns=10
[CG 2] RMP=2010.000000, pricing=ExactPricingSolver, new_columns=10
[CG 3] RMP=1011.000000, pricing=ExactPricingSolver, new_columns=10
[CG 4] RMP=11.000000, pricing=ExactPricingSolver, new_columns=0
  搜索路径: [1, 2, 3, 6, 7, 8, 9, 11, 14, 18, 19, 22, 23, 10, 28, 29, 32, 33, 36, 37, 15, 42, 43, 16, 48, 49, 52, 53, 56, 57, 58, 59, 17, 66, 67, 70, 71, 72, 73, 74, 75, 82, 83, 47, 46, 60, 61, 64, 95, 65, 98, 99, 100, 101, 94, 106, 110, 111, 114, 115, 118, 119, 96, 124, 125, 117, 116, 107, 97, 134, 135, 89, 88, 140, 141, 146, 147, 40, 26, 150, 154, 155, 151, 158, 159, 152]
  列生成求解结果: 目标值=11.0000， 下界=5.4545， 上界=11.0000

处理节点 153
  开始列生成求解...
Set parameter LogToConsole to value 0
Set parameter Threads to value 1
Set parameter Seed to value 0
  定价策略: Exact, node=153, vertices=17
Set parameter PoolSearchMode to value 2
Set parameter PoolSolutions to value 10
[CG 1] RMP=7.000000, pricing=ExactPricingSolver, new_columns=0
  搜索路径: [1, 2, 3, 6, 7, 8, 9, 11, 14, 18, 19, 22, 23, 10, 28, 29, 32, 33, 36, 37, 15, 42, 43, 16, 48, 49, 52, 53, 56, 57, 58, 59, 17, 66, 67, 70, 71, 72, 73, 74, 75, 82, 83, 47, 46, 60, 61, 64, 95, 65, 98, 99, 100, 101, 94, 106, 110, 111, 114, 115, 118, 119, 96, 124, 125, 117, 116, 107, 97, 134, 135, 89, 88, 140, 141, 146, 147, 40, 26, 150, 154, 155, 151, 158, 159, 152, 153]
  列生成求解结果: 目标值=7.0000， 下界=5.4545， 上界=11.0000
    非整数变量: COL_0-4-7-9_99 = 0.045455
  解不是整数，开始分支...
ImposedVertex(vertex=4)
ForbidVertex(vertex=4)
  创建了 2 个分支
    添加分支节点 1: ID=162
    添加分支节点 2: ID=163

处理节点 27
  开始列生成求解...
Set parameter LogToConsole to value 0
Set parameter Threads to value 1
Set parameter Seed to value 0
  定价策略: Exact, node=27, vertices=19
Set parameter PoolSearchMode to value 2
Set parameter PoolSolutions to value 10
[CG 1] RMP=6.145660, pricing=ExactPricingSolver, new_columns=10
[CG 2] RMP=5.454545, pricing=ExactPricingSolver, new_columns=0
  搜索路径: [1, 2, 3, 6, 7, 8, 9, 11, 14, 18, 19, 22, 23, 10, 28, 29, 32, 33, 36, 37, 15, 42, 43, 16, 48, 49, 52, 53, 56, 57, 58, 59, 17, 66, 67, 70, 71, 72, 73, 74, 75, 82, 83, 47, 46, 60, 61, 64, 95, 65, 98, 99, 100, 101, 94, 106, 110, 111, 114, 115, 118, 119, 96, 124, 125, 117, 116, 107, 97, 134, 135, 89, 88, 140, 141, 146, 147, 40, 26, 150, 154, 155, 151, 158, 159, 152, 153, 27]
  列生成求解结果: 目标值=5.4545， 下界=5.4545， 上界=11.0000
    非整数变量: COL_18-23-9_35 = 0.327627
  解不是整数，开始分支...
ImposedVertex(vertex=9)
ForbidVertex(vertex=9)
  创建了 2 个分支
    添加分支节点 1: ID=164
    添加分支节点 2: ID=165

处理节点 41
  开始列生成求解...
Set parameter LogToConsole to value 0
Set parameter Threads to value 1
Set parameter Seed to value 0
  定价策略: Exact, node=41, vertices=21
Set parameter PoolSearchMode to value 2
Set parameter PoolSolutions to value 10
[CG 1] RMP=5.454545, pricing=ExactPricingSolver, new_columns=0
  搜索路径: [1, 2, 3, 6, 7, 8, 9, 11, 14, 18, 19, 22, 23, 10, 28, 29, 32, 33, 36, 37, 15, 42, 43, 16, 48, 49, 52, 53, 56, 57, 58, 59, 17, 66, 67, 70, 71, 72, 73, 74, 75, 82, 83, 47, 46, 60, 61, 64, 95, 65, 98, 99, 100, 101, 94, 106, 110, 111, 114, 115, 118, 119, 96, 124, 125, 117, 116, 107, 97, 134, 135, 89, 88, 140, 141, 146, 147, 40, 26, 150, 154, 155, 151, 158, 159, 152, 153, 27, 41]
  列生成求解结果: 目标值=5.4545， 下界=5.4545， 上界=11.0000
    非整数变量: COL_13-16-19_4 = 0.090909
  解不是整数，开始分支...
ImposedVertex(vertex=16)
ForbidVertex(vertex=16)
  创建了 2 个分支
    添加分支节点 1: ID=166
    添加分支节点 2: ID=167

处理节点 166
  开始列生成求解...
Set parameter LogToConsole to value 0
Set parameter Threads to value 1
Set parameter Seed to value 0
  定价策略: Exact, node=166, vertices=19
Set parameter PoolSearchMode to value 2
Set parameter PoolSolutions to value 10
[CG 1] RMP=2010.000000, pricing=ExactPricingSolver, new_columns=10
[CG 2] RMP=12.000000, pricing=ExactPricingSolver, new_columns=10
[CG 3] RMP=6.000000, pricing=ExactPricingSolver, new_columns=10
[CG 4] RMP=5.454545, pricing=ExactPricingSolver, new_columns=0
  搜索路径: [1, 2, 3, 6, 7, 8, 9, 11, 14, 18, 19, 22, 23, 10, 28, 29, 32, 33, 36, 37, 15, 42, 43, 16, 48, 49, 52, 53, 56, 57, 58, 59, 17, 66, 67, 70, 71, 72, 73, 74, 75, 82, 83, 47, 46, 60, 61, 64, 95, 65, 98, 99, 100, 101, 94, 106, 110, 111, 114, 115, 118, 119, 96, 124, 125, 117, 116, 107, 97, 134, 135, 89, 88, 140, 141, 146, 147, 40, 26, 150, 154, 155, 151, 158, 159, 152, 153, 27, 41, 166]
  列生成求解结果: 目标值=5.4545， 下界=5.4545， 上界=11.0000
    非整数变量: COL_13-16-19_4 = 0.220779
  解不是整数，开始分支...
ImposedVertex(vertex=19)
ForbidVertex(vertex=19)
  创建了 2 个分支
    添加分支节点 1: ID=168
    添加分支节点 2: ID=169
  进度: 已处理 90 个节点, 剩余 59 个, 当前最优 11.0000, 当前列数: 807

处理节点 167
  开始列生成求解...
Set parameter LogToConsole to value 0
Set parameter Threads to value 1
Set parameter Seed to value 0
  定价策略: Exact, node=167, vertices=20
Set parameter PoolSearchMode to value 2
Set parameter PoolSolutions to value 10
[CG 1] RMP=6.000000, pricing=ExactPricingSolver, new_columns=10
[CG 2] RMP=5.454545, pricing=ExactPricingSolver, new_columns=0
  搜索路径: [1, 2, 3, 6, 7, 8, 9, 11, 14, 18, 19, 22, 23, 10, 28, 29, 32, 33, 36, 37, 15, 42, 43, 16, 48, 49, 52, 53, 56, 57, 58, 59, 17, 66, 67, 70, 71, 72, 73, 74, 75, 82, 83, 47, 46, 60, 61, 64, 95, 65, 98, 99, 100, 101, 94, 106, 110, 111, 114, 115, 118, 119, 96, 124, 125, 117, 116, 107, 97, 134, 135, 89, 88, 140, 141, 146, 147, 40, 26, 150, 154, 155, 151, 158, 159, 152, 153, 27, 41, 166, 167]
  列生成求解结果: 目标值=5.4545， 下界=5.4545， 上界=11.0000
    非整数变量: COL_19-20-26_44 = 0.220779
  解不是整数，开始分支...
ImposedVertex(vertex=19)
ForbidVertex(vertex=19)
  创建了 2 个分支
    添加分支节点 1: ID=170
    添加分支节点 2: ID=171

处理节点 168
  开始列生成求解...
Set parameter LogToConsole to value 0
Set parameter Threads to value 1
Set parameter Seed to value 0
  定价策略: Exact, node=168, vertices=18
Set parameter PoolSearchMode to value 2
Set parameter PoolSolutions to value 10
[CG 1] RMP=2010.000000, pricing=ExactPricingSolver, new_columns=10
[CG 2] RMP=12.000000, pricing=ExactPricingSolver, new_columns=10
[CG 3] RMP=9.000000, pricing=ExactPricingSolver, new_columns=10
[CG 4] RMP=7.597122, pricing=ExactPricingSolver, new_columns=10
[CG 5] RMP=5.739130, pricing=ExactPricingSolver, new_columns=10
[CG 6] RMP=5.739130, pricing=ExactPricingSolver, new_columns=0
  搜索路径: [1, 2, 3, 6, 7, 8, 9, 11, 14, 18, 19, 22, 23, 10, 28, 29, 32, 33, 36, 37, 15, 42, 43, 16, 48, 49, 52, 53, 56, 57, 58, 59, 17, 66, 67, 70, 71, 72, 73, 74, 75, 82, 83, 47, 46, 60, 61, 64, 95, 65, 98, 99, 100, 101, 94, 106, 110, 111, 114, 115, 118, 119, 96, 124, 125, 117, 116, 107, 97, 134, 135, 89, 88, 140, 141, 146, 147, 40, 26, 150, 154, 155, 151, 158, 159, 152, 153, 27, 41, 166, 167, 168]
  列生成求解结果: 目标值=5.7391， 下界=5.4545， 上界=11.0000
    非整数变量: COL_13-16-19_4 = 0.326087
  解不是整数，开始分支...
ImposedVertex(vertex=2)
ForbidVertex(vertex=2)
  创建了 2 个分支
    添加分支节点 1: ID=172
    添加分支节点 2: ID=173

处理节点 169
  开始列生成求解...
Set parameter LogToConsole to value 0
Set parameter Threads to value 1
Set parameter Seed to value 0
  定价策略: Exact, node=169, vertices=18
Set parameter PoolSearchMode to value 2
Set parameter PoolSolutions to value 10
[CG 1] RMP=7.000000, pricing=ExactPricingSolver, new_columns=0
  搜索路径: [1, 2, 3, 6, 7, 8, 9, 11, 14, 18, 19, 22, 23, 10, 28, 29, 32, 33, 36, 37, 15, 42, 43, 16, 48, 49, 52, 53, 56, 57, 58, 59, 17, 66, 67, 70, 71, 72, 73, 74, 75, 82, 83, 47, 46, 60, 61, 64, 95, 65, 98, 99, 100, 101, 94, 106, 110, 111, 114, 115, 118, 119, 96, 124, 125, 117, 116, 107, 97, 134, 135, 89, 88, 140, 141, 146, 147, 40, 26, 150, 154, 155, 151, 158, 159, 152, 153, 27, 41, 166, 167, 168, 169]
  列生成求解结果: 目标值=7.0000， 下界=5.4545， 上界=11.0000
    非整数变量: COL_18-23-9_35 = 0.020455
  解不是整数，开始分支...
ImposedVertex(vertex=9)
ForbidVertex(vertex=9)
  创建了 2 个分支
    添加分支节点 1: ID=174
    添加分支节点 2: ID=175

处理节点 170
  开始列生成求解...
Set parameter LogToConsole to value 0
Set parameter Threads to value 1
Set parameter Seed to value 0
  定价策略: Exact, node=170, vertices=19
Set parameter PoolSearchMode to value 2
Set parameter PoolSolutions to value 10
[CG 1] RMP=2010.000000, pricing=ExactPricingSolver, new_columns=10
[CG 2] RMP=11.000000, pricing=ExactPricingSolver, new_columns=10
[CG 3] RMP=5.899441, pricing=ExactPricingSolver, new_columns=10
[CG 4] RMP=5.500000, pricing=ExactPricingSolver, new_columns=10
[CG 5] RMP=5.454545, pricing=ExactPricingSolver, new_columns=0
  搜索路径: [1, 2, 3, 6, 7, 8, 9, 11, 14, 18, 19, 22, 23, 10, 28, 29, 32, 33, 36, 37, 15, 42, 43, 16, 48, 49, 52, 53, 56, 57, 58, 59, 17, 66, 67, 70, 71, 72, 73, 74, 75, 82, 83, 47, 46, 60, 61, 64, 95, 65, 98, 99, 100, 101, 94, 106, 110, 111, 114, 115, 118, 119, 96, 124, 125, 117, 116, 107, 97, 134, 135, 89, 88, 140, 141, 146, 147, 40, 26, 150, 154, 155, 151, 158, 159, 152, 153, 27, 41, 166, 167, 168, 169, 170]
  列生成求解结果: 目标值=5.4545， 下界=5.4545， 上界=11.0000
    非整数变量: COL_15-2-20-4-7-9_151 = 0.136364
  解不是整数，开始分支...
ImposedVertex(vertex=2)
ForbidVertex(vertex=2)
  创建了 2 个分支
    添加分支节点 1: ID=176
    添加分支节点 2: ID=177

处理节点 171
  开始列生成求解...
Set parameter LogToConsole to value 0
Set parameter Threads to value 1
Set parameter Seed to value 0
  定价策略: Exact, node=171, vertices=19
Set parameter PoolSearchMode to value 2
Set parameter PoolSolutions to value 10
[CG 1] RMP=7.000000, pricing=ExactPricingSolver, new_columns=0
  搜索路径: [1, 2, 3, 6, 7, 8, 9, 11, 14, 18, 19, 22, 23, 10, 28, 29, 32, 33, 36, 37, 15, 42, 43, 16, 48, 49, 52, 53, 56, 57, 58, 59, 17, 66, 67, 70, 71, 72, 73, 74, 75, 82, 83, 47, 46, 60, 61, 64, 95, 65, 98, 99, 100, 101, 94, 106, 110, 111, 114, 115, 118, 119, 96, 124, 125, 117, 116, 107, 97, 134, 135, 89, 88, 140, 141, 146, 147, 40, 26, 150, 154, 155, 151, 158, 159, 152, 153, 27, 41, 166, 167, 168, 169, 170, 171]
  列生成求解结果: 目标值=7.0000， 下界=5.4545， 上界=11.0000
    非整数变量: COL_15-2-20-9_149 = 0.166667
  解不是整数，开始分支...
ImposedVertex(vertex=9)
ForbidVertex(vertex=9)
  创建了 2 个分支
    添加分支节点 1: ID=178
    添加分支节点 2: ID=179

处理节点 176
  开始列生成求解...
Set parameter LogToConsole to value 0
Set parameter Threads to value 1
Set parameter Seed to value 0
  定价策略: Exact, node=176, vertices=18
Set parameter PoolSearchMode to value 2
Set parameter PoolSolutions to value 10
[CG 1] RMP=5.454545, pricing=ExactPricingSolver, new_columns=0
  搜索路径: [1, 2, 3, 6, 7, 8, 9, 11, 14, 18, 19, 22, 23, 10, 28, 29, 32, 33, 36, 37, 15, 42, 43, 16, 48, 49, 52, 53, 56, 57, 58, 59, 17, 66, 67, 70, 71, 72, 73, 74, 75, 82, 83, 47, 46, 60, 61, 64, 95, 65, 98, 99, 100, 101, 94, 106, 110, 111, 114, 115, 118, 119, 96, 124, 125, 117, 116, 107, 97, 134, 135, 89, 88, 140, 141, 146, 147, 40, 26, 150, 154, 155, 151, 158, 159, 152, 153, 27, 41, 166, 167, 168, 169, 170, 171, 176]
  列生成求解结果: 目标值=5.4545， 下界=5.4545， 上界=11.0000
    非整数变量: COL_15-2-20-4-9_150 = 0.200000
  解不是整数，开始分支...
ImposedVertex(vertex=9)
ForbidVertex(vertex=9)
  创建了 2 个分支
    添加分支节点 1: ID=180
    添加分支节点 2: ID=181

处理节点 177
  开始列生成求解...
Set parameter LogToConsole to value 0
Set parameter Threads to value 1
Set parameter Seed to value 0
  定价策略: Exact, node=177, vertices=18
Set parameter PoolSearchMode to value 2
Set parameter PoolSolutions to value 10
[CG 1] RMP=12.000000, pricing=ExactPricingSolver, new_columns=0
  搜索路径: [1, 2, 3, 6, 7, 8, 9, 11, 14, 18, 19, 22, 23, 10, 28, 29, 32, 33, 36, 37, 15, 42, 43, 16, 48, 49, 52, 53, 56, 57, 58, 59, 17, 66, 67, 70, 71, 72, 73, 74, 75, 82, 83, 47, 46, 60, 61, 64, 95, 65, 98, 99, 100, 101, 94, 106, 110, 111, 114, 115, 118, 119, 96, 124, 125, 117, 116, 107, 97, 134, 135, 89, 88, 140, 141, 146, 147, 40, 26, 150, 154, 155, 151, 158, 159, 152, 153, 27, 41, 166, 167, 168, 169, 170, 171, 176, 177]
  列生成求解结果: 目标值=12.0000， 下界=5.4545， 上界=11.0000

处理节点 180
  开始列生成求解...
Set parameter LogToConsole to value 0
Set parameter Threads to value 1
Set parameter Seed to value 0
  定价策略: Exact, node=180, vertices=17
Set parameter PoolSearchMode to value 2
Set parameter PoolSolutions to value 10
[CG 1] RMP=2010.000000, pricing=ExactPricingSolver, new_columns=10
[CG 2] RMP=14.400000, pricing=ExactPricingSolver, new_columns=10
[CG 3] RMP=6.000000, pricing=ExactPricingSolver, new_columns=0
  搜索路径: [1, 2, 3, 6, 7, 8, 9, 11, 14, 18, 19, 22, 23, 10, 28, 29, 32, 33, 36, 37, 15, 42, 43, 16, 48, 49, 52, 53, 56, 57, 58, 59, 17, 66, 67, 70, 71, 72, 73, 74, 75, 82, 83, 47, 46, 60, 61, 64, 95, 65, 98, 99, 100, 101, 94, 106, 110, 111, 114, 115, 118, 119, 96, 124, 125, 117, 116, 107, 97, 134, 135, 89, 88, 140, 141, 146, 147, 40, 26, 150, 154, 155, 151, 158, 159, 152, 153, 27, 41, 166, 167, 168, 169, 170, 171, 176, 177, 180]
  列生成求解结果: 目标值=6.0000， 下界=5.4545， 上界=11.0000
    非整数变量: COL_15-2-20-4-9_150 = 0.444444
  解不是整数，开始分支...
ImposedVertex(vertex=20)
ForbidVertex(vertex=20)
  创建了 2 个分支
    添加分支节点 1: ID=182
    添加分支节点 2: ID=183

处理节点 181
  开始列生成求解...
Set parameter LogToConsole to value 0
Set parameter Threads to value 1
Set parameter Seed to value 0
  定价策略: Exact, node=181, vertices=17
Set parameter PoolSearchMode to value 2
Set parameter PoolSolutions to value 10
[CG 1] RMP=11.000000, pricing=ExactPricingSolver, new_columns=0
  搜索路径: [1, 2, 3, 6, 7, 8, 9, 11, 14, 18, 19, 22, 23, 10, 28, 29, 32, 33, 36, 37, 15, 42, 43, 16, 48, 49, 52, 53, 56, 57, 58, 59, 17, 66, 67, 70, 71, 72, 73, 74, 75, 82, 83, 47, 46, 60, 61, 64, 95, 65, 98, 99, 100, 101, 94, 106, 110, 111, 114, 115, 118, 119, 96, 124, 125, 117, 116, 107, 97, 134, 135, 89, 88, 140, 141, 146, 147, 40, 26, 150, 154, 155, 151, 158, 159, 152, 153, 27, 41, 166, 167, 168, 169, 170, 171, 176, 177, 180, 181]
  列生成求解结果: 目标值=11.0000， 下界=5.4545， 上界=11.0000

处理节点 164
  开始列生成求解...
Set parameter LogToConsole to value 0
Set parameter Threads to value 1
Set parameter Seed to value 0
  定价策略: Exact, node=164, vertices=18
Set parameter PoolSearchMode to value 2
Set parameter PoolSolutions to value 10
[CG 1] RMP=6.000000, pricing=ExactPricingSolver, new_columns=10
[CG 2] RMP=5.454545, pricing=ExactPricingSolver, new_columns=0
  搜索路径: [1, 2, 3, 6, 7, 8, 9, 11, 14, 18, 19, 22, 23, 10, 28, 29, 32, 33, 36, 37, 15, 42, 43, 16, 48, 49, 52, 53, 56, 57, 58, 59, 17, 66, 67, 70, 71, 72, 73, 74, 75, 82, 83, 47, 46, 60, 61, 64, 95, 65, 98, 99, 100, 101, 94, 106, 110, 111, 114, 115, 118, 119, 96, 124, 125, 117, 116, 107, 97, 134, 135, 89, 88, 140, 141, 146, 147, 40, 26, 150, 154, 155, 151, 158, 159, 152, 153, 27, 41, 166, 167, 168, 169, 170, 171, 176, 177, 180, 181, 164]
  列生成求解结果: 目标值=5.4545， 下界=5.4545， 上界=11.0000
    非整数变量: COL_0-4-7-9_99 = 0.090909
  解不是整数，开始分支...
ImposedVertex(vertex=4)
ForbidVertex(vertex=4)
  创建了 2 个分支
    添加分支节点 1: ID=184
    添加分支节点 2: ID=185
  进度: 已处理 100 个节点, 剩余 65 个, 当前最优 11.0000, 当前列数: 937

处理节点 184
  开始列生成求解...
Set parameter LogToConsole to value 0
Set parameter Threads to value 1
Set parameter Seed to value 0
  定价策略: Exact, node=184, vertices=16
Set parameter PoolSearchMode to value 2
Set parameter PoolSolutions to value 10
[CG 1] RMP=5.454545, pricing=ExactPricingSolver, new_columns=0
  搜索路径: [1, 2, 3, 6, 7, 8, 9, 11, 14, 18, 19, 22, 23, 10, 28, 29, 32, 33, 36, 37, 15, 42, 43, 16, 48, 49, 52, 53, 56, 57, 58, 59, 17, 66, 67, 70, 71, 72, 73, 74, 75, 82, 83, 47, 46, 60, 61, 64, 95, 65, 98, 99, 100, 101, 94, 106, 110, 111, 114, 115, 118, 119, 96, 124, 125, 117, 116, 107, 97, 134, 135, 89, 88, 140, 141, 146, 147, 40, 26, 150, 154, 155, 151, 158, 159, 152, 153, 27, 41, 166, 167, 168, 169, 170, 171, 176, 177, 180, 181, 164, 184]
  列生成求解结果: 目标值=5.4545， 下界=5.4545， 上界=11.0000
    非整数变量: COL_0-21-4_59 = 0.101010
  解不是整数，开始分支...
ImposedVertex(vertex=21)
ForbidVertex(vertex=21)
  创建了 2 个分支
    添加分支节点 1: ID=186
    添加分支节点 2: ID=187

处理节点 185
  开始列生成求解...
Set parameter LogToConsole to value 0
Set parameter Threads to value 1
Set parameter Seed to value 0
  定价策略: Exact, node=185, vertices=17
Set parameter PoolSearchMode to value 2
Set parameter PoolSolutions to value 10
[CG 1] RMP=2010.000000, pricing=ExactPricingSolver, new_columns=10
[CG 2] RMP=510.000000, pricing=ExactPricingSolver, new_columns=10
[CG 3] RMP=340.333333, pricing=ExactPricingSolver, new_columns=10
[CG 4] RMP=7.000000, pricing=ExactPricingSolver, new_columns=0
  搜索路径: [1, 2, 3, 6, 7, 8, 9, 11, 14, 18, 19, 22, 23, 10, 28, 29, 32, 33, 36, 37, 15, 42, 43, 16, 48, 49, 52, 53, 56, 57, 58, 59, 17, 66, 67, 70, 71, 72, 73, 74, 75, 82, 83, 47, 46, 60, 61, 64, 95, 65, 98, 99, 100, 101, 94, 106, 110, 111, 114, 115, 118, 119, 96, 124, 125, 117, 116, 107, 97, 134, 135, 89, 88, 140, 141, 146, 147, 40, 26, 150, 154, 155, 151, 158, 159, 152, 153, 27, 41, 166, 167, 168, 169, 170, 171, 176, 177, 180, 181, 164, 184, 185]
  列生成求解结果: 目标值=7.0000， 下界=5.4545， 上界=11.0000
    非整数变量: COL_13-23-26-6_132 = 0.333333
  解不是整数，开始分支...
ImposedVertex(vertex=6)
ForbidVertex(vertex=6)
  创建了 2 个分支
    添加分支节点 1: ID=188
    添加分支节点 2: ID=189

处理节点 186
  开始列生成求解...
Set parameter LogToConsole to value 0
Set parameter Threads to value 1
Set parameter Seed to value 0
  定价策略: Exact, node=186, vertices=15
Set parameter PoolSearchMode to value 2
Set parameter PoolSolutions to value 10
[CG 1] RMP=9.000000, pricing=ExactPricingSolver, new_columns=0
  搜索路径: [1, 2, 3, 6, 7, 8, 9, 11, 14, 18, 19, 22, 23, 10, 28, 29, 32, 33, 36, 37, 15, 42, 43, 16, 48, 49, 52, 53, 56, 57, 58, 59, 17, 66, 67, 70, 71, 72, 73, 74, 75, 82, 83, 47, 46, 60, 61, 64, 95, 65, 98, 99, 100, 101, 94, 106, 110, 111, 114, 115, 118, 119, 96, 124, 125, 117, 116, 107, 97, 134, 135, 89, 88, 140, 141, 146, 147, 40, 26, 150, 154, 155, 151, 158, 159, 152, 153, 27, 41, 166, 167, 168, 169, 170, 171, 176, 177, 180, 181, 164, 184, 185, 186]
  列生成求解结果: 目标值=9.0000， 下界=5.4545， 上界=11.0000
    非整数变量: COL_0-21-4_59 = 0.070000
  解不是整数，开始分支...
ImposedVertex(vertex=7)
ForbidVertex(vertex=7)
  创建了 2 个分支
    添加分支节点 1: ID=190
    添加分支节点 2: ID=191

处理节点 187
  开始列生成求解...
Set parameter LogToConsole to value 0
Set parameter Threads to value 1
Set parameter Seed to value 0
  定价策略: Exact, node=187, vertices=15
Set parameter PoolSearchMode to value 2
Set parameter PoolSolutions to value 10
[CG 1] RMP=2010.000000, pricing=ExactPricingSolver, new_columns=10
[CG 2] RMP=8.000000, pricing=ExactPricingSolver, new_columns=0
  搜索路径: [1, 2, 3, 6, 7, 8, 9, 11, 14, 18, 19, 22, 23, 10, 28, 29, 32, 33, 36, 37, 15, 42, 43, 16, 48, 49, 52, 53, 56, 57, 58, 59, 17, 66, 67, 70, 71, 72, 73, 74, 75, 82, 83, 47, 46, 60, 61, 64, 95, 65, 98, 99, 100, 101, 94, 106, 110, 111, 114, 115, 118, 119, 96, 124, 125, 117, 116, 107, 97, 134, 135, 89, 88, 140, 141, 146, 147, 40, 26, 150, 154, 155, 151, 158, 159, 152, 153, 27, 41, 166, 167, 168, 169, 170, 171, 176, 177, 180, 181, 164, 184, 185, 186, 187]
  列生成求解结果: 目标值=8.0000， 下界=5.4545， 上界=11.0000
    非整数变量: COL_0-4-8-9_100 = 0.200000
  解不是整数，开始分支...
ImposedVertex(vertex=8)
ForbidVertex(vertex=8)
  创建了 2 个分支
    添加分支节点 1: ID=192
    添加分支节点 2: ID=193

处理节点 165
  开始列生成求解...
Set parameter LogToConsole to value 0
Set parameter Threads to value 1
Set parameter Seed to value 0
  定价策略: Exact, node=165, vertices=18
Set parameter PoolSearchMode to value 2
Set parameter PoolSolutions to value 10
[CG 1] RMP=11.000000, pricing=ExactPricingSolver, new_columns=0
  搜索路径: [1, 2, 3, 6, 7, 8, 9, 11, 14, 18, 19, 22, 23, 10, 28, 29, 32, 33, 36, 37, 15, 42, 43, 16, 48, 49, 52, 53, 56, 57, 58, 59, 17, 66, 67, 70, 71, 72, 73, 74, 75, 82, 83, 47, 46, 60, 61, 64, 95, 65, 98, 99, 100, 101, 94, 106, 110, 111, 114, 115, 118, 119, 96, 124, 125, 117, 116, 107, 97, 134, 135, 89, 88, 140, 141, 146, 147, 40, 26, 150, 154, 155, 151, 158, 159, 152, 153, 27, 41, 166, 167, 168, 169, 170, 171, 176, 177, 180, 181, 164, 184, 185, 186, 187, 165]
  列生成求解结果: 目标值=11.0000， 下界=5.4545， 上界=11.0000

处理节点 87
  开始列生成求解...
Set parameter LogToConsole to value 0
Set parameter Threads to value 1
Set parameter Seed to value 0
  定价策略: Exact, node=87, vertices=21
Set parameter PoolSearchMode to value 2
Set parameter PoolSolutions to value 10
[CG 1] RMP=11.000000, pricing=ExactPricingSolver, new_columns=10
[CG 2] RMP=9.428571, pricing=ExactPricingSolver, new_columns=10
[CG 3] RMP=5.739130, pricing=ExactPricingSolver, new_columns=0
  搜索路径: [1, 2, 3, 6, 7, 8, 9, 11, 14, 18, 19, 22, 23, 10, 28, 29, 32, 33, 36, 37, 15, 42, 43, 16, 48, 49, 52, 53, 56, 57, 58, 59, 17, 66, 67, 70, 71, 72, 73, 74, 75, 82, 83, 47, 46, 60, 61, 64, 95, 65, 98, 99, 100, 101, 94, 106, 110, 111, 114, 115, 118, 119, 96, 124, 125, 117, 116, 107, 97, 134, 135, 89, 88, 140, 141, 146, 147, 40, 26, 150, 154, 155, 151, 158, 159, 152, 153, 27, 41, 166, 167, 168, 169, 170, 171, 176, 177, 180, 181, 164, 184, 185, 186, 187, 165, 87]
  列生成求解结果: 目标值=5.7391， 下界=5.4545， 上界=11.0000
    非整数变量: COL_23_5 = 0.136646
  解不是整数，开始分支...
ImposedVertex(vertex=18)
ForbidVertex(vertex=18)
  创建了 2 个分支
    添加分支节点 1: ID=194
    添加分支节点 2: ID=195

处理节点 86
  开始列生成求解...
Set parameter LogToConsole to value 0
Set parameter Threads to value 1
Set parameter Seed to value 0
  定价策略: Exact, node=86, vertices=20
Set parameter PoolSearchMode to value 2
Set parameter PoolSolutions to value 10
[CG 1] RMP=12.000000, pricing=ExactPricingSolver, new_columns=10
[CG 2] RMP=5.739130, pricing=ExactPricingSolver, new_columns=0
  搜索路径: [1, 2, 3, 6, 7, 8, 9, 11, 14, 18, 19, 22, 23, 10, 28, 29, 32, 33, 36, 37, 15, 42, 43, 16, 48, 49, 52, 53, 56, 57, 58, 59, 17, 66, 67, 70, 71, 72, 73, 74, 75, 82, 83, 47, 46, 60, 61, 64, 95, 65, 98, 99, 100, 101, 94, 106, 110, 111, 114, 115, 118, 119, 96, 124, 125, 117, 116, 107, 97, 134, 135, 89, 88, 140, 141, 146, 147, 40, 26, 150, 154, 155, 151, 158, 159, 152, 153, 27, 41, 166, 167, 168, 169, 170, 171, 176, 177, 180, 181, 164, 184, 185, 186, 187, 165, 87, 86]
  列生成求解结果: 目标值=5.7391， 下界=5.7391， 上界=11.0000
    非整数变量: COL_11-15-20-25_23 = 0.441739
  解不是整数，开始分支...
ImposedVertex(vertex=15)
ForbidVertex(vertex=15)
  创建了 2 个分支
    添加分支节点 1: ID=196
    添加分支节点 2: ID=197

处理节点 172
  开始列生成求解...
Set parameter LogToConsole to value 0
Set parameter Threads to value 1
Set parameter Seed to value 0
  定价策略: Exact, node=172, vertices=17
Set parameter PoolSearchMode to value 2
Set parameter PoolSolutions to value 10
[CG 1] RMP=1009.000000, pricing=ExactPricingSolver, new_columns=10
[CG 2] RMP=11.000000, pricing=ExactPricingSolver, new_columns=0
  搜索路径: [1, 2, 3, 6, 7, 8, 9, 11, 14, 18, 19, 22, 23, 10, 28, 29, 32, 33, 36, 37, 15, 42, 43, 16, 48, 49, 52, 53, 56, 57, 58, 59, 17, 66, 67, 70, 71, 72, 73, 74, 75, 82, 83, 47, 46, 60, 61, 64, 95, 65, 98, 99, 100, 101, 94, 106, 110, 111, 114, 115, 118, 119, 96, 124, 125, 117, 116, 107, 97, 134, 135, 89, 88, 140, 141, 146, 147, 40, 26, 150, 154, 155, 151, 158, 159, 152, 153, 27, 41, 166, 167, 168, 169, 170, 171, 176, 177, 180, 181, 164, 184, 185, 186, 187, 165, 87, 86, 172]
  列生成求解结果: 目标值=11.0000， 下界=5.7391， 上界=11.0000

处理节点 173
  开始列生成求解...
Set parameter LogToConsole to value 0
Set parameter Threads to value 1
Set parameter Seed to value 0
  定价策略: Exact, node=173, vertices=17
Set parameter PoolSearchMode to value 2
Set parameter PoolSolutions to value 10
[CG 1] RMP=12.000000, pricing=ExactPricingSolver, new_columns=0
  搜索路径: [1, 2, 3, 6, 7, 8, 9, 11, 14, 18, 19, 22, 23, 10, 28, 29, 32, 33, 36, 37, 15, 42, 43, 16, 48, 49, 52, 53, 56, 57, 58, 59, 17, 66, 67, 70, 71, 72, 73, 74, 75, 82, 83, 47, 46, 60, 61, 64, 95, 65, 98, 99, 100, 101, 94, 106, 110, 111, 114, 115, 118, 119, 96, 124, 125, 117, 116, 107, 97, 134, 135, 89, 88, 140, 141, 146, 147, 40, 26, 150, 154, 155, 151, 158, 159, 152, 153, 27, 41, 166, 167, 168, 169, 170, 171, 176, 177, 180, 181, 164, 184, 185, 186, 187, 165, 87, 86, 172, 173]
  列生成求解结果: 目标值=12.0000， 下界=5.7391， 上界=11.0000

处理节点 78
  开始列生成求解...
Set parameter LogToConsole to value 0
Set parameter Threads to value 1
Set parameter Seed to value 0
  定价策略: Exact, node=78, vertices=20
Set parameter PoolSearchMode to value 2
Set parameter PoolSolutions to value 10
[CG 1] RMP=12.000000, pricing=ExactPricingSolver, new_columns=10
[CG 2] RMP=8.250000, pricing=ExactPricingSolver, new_columns=10
[CG 3] RMP=5.739130, pricing=ExactPricingSolver, new_columns=0
  搜索路径: [1, 2, 3, 6, 7, 8, 9, 11, 14, 18, 19, 22, 23, 10, 28, 29, 32, 33, 36, 37, 15, 42, 43, 16, 48, 49, 52, 53, 56, 57, 58, 59, 17, 66, 67, 70, 71, 72, 73, 74, 75, 82, 83, 47, 46, 60, 61, 64, 95, 65, 98, 99, 100, 101, 94, 106, 110, 111, 114, 115, 118, 119, 96, 124, 125, 117, 116, 107, 97, 134, 135, 89, 88, 140, 141, 146, 147, 40, 26, 150, 154, 155, 151, 158, 159, 152, 153, 27, 41, 166, 167, 168, 169, 170, 171, 176, 177, 180, 181, 164, 184, 185, 186, 187, 165, 87, 86, 172, 173, 78]
  列生成求解结果: 目标值=5.7391， 下界=5.7391， 上界=11.0000
    非整数变量: COL_1-15-25-27-8_13 = 0.430642
  解不是整数，开始分支...
ImposedVertex(vertex=8)
ForbidVertex(vertex=8)
  创建了 2 个分支
    添加分支节点 1: ID=198
    添加分支节点 2: ID=199
  进度: 已处理 110 个节点, 剩余 69 个, 当前最优 11.0000, 当前列数: 1037

处理节点 198
  开始列生成求解...
Set parameter LogToConsole to value 0
Set parameter Threads to value 1
Set parameter Seed to value 0
  定价策略: Exact, node=198, vertices=19
Set parameter PoolSearchMode to value 2
Set parameter PoolSolutions to value 10
[CG 1] RMP=14.000000, pricing=ExactPricingSolver, new_columns=10
[CG 2] RMP=12.000000, pricing=ExactPricingSolver, new_columns=0
  搜索路径: [1, 2, 3, 6, 7, 8, 9, 11, 14, 18, 19, 22, 23, 10, 28, 29, 32, 33, 36, 37, 15, 42, 43, 16, 48, 49, 52, 53, 56, 57, 58, 59, 17, 66, 67, 70, 71, 72, 73, 74, 75, 82, 83, 47, 46, 60, 61, 64, 95, 65, 98, 99, 100, 101, 94, 106, 110, 111, 114, 115, 118, 119, 96, 124, 125, 117, 116, 107, 97, 134, 135, 89, 88, 140, 141, 146, 147, 40, 26, 150, 154, 155, 151, 158, 159, 152, 153, 27, 41, 166, 167, 168, 169, 170, 171, 176, 177, 180, 181, 164, 184, 185, 186, 187, 165, 87, 86, 172, 173, 78, 198]
  列生成求解结果: 目标值=12.0000， 下界=5.7391， 上界=11.0000

处理节点 199
  开始列生成求解...
Set parameter LogToConsole to value 0
Set parameter Threads to value 1
Set parameter Seed to value 0
  定价策略: Exact, node=199, vertices=19
Set parameter PoolSearchMode to value 2
Set parameter PoolSolutions to value 10
[CG 1] RMP=8.800000, pricing=ExactPricingSolver, new_columns=10
[CG 2] RMP=5.739130, pricing=ExactPricingSolver, new_columns=0
  搜索路径: [1, 2, 3, 6, 7, 8, 9, 11, 14, 18, 19, 22, 23, 10, 28, 29, 32, 33, 36, 37, 15, 42, 43, 16, 48, 49, 52, 53, 56, 57, 58, 59, 17, 66, 67, 70, 71, 72, 73, 74, 75, 82, 83, 47, 46, 60, 61, 64, 95, 65, 98, 99, 100, 101, 94, 106, 110, 111, 114, 115, 118, 119, 96, 124, 125, 117, 116, 107, 97, 134, 135, 89, 88, 140, 141, 146, 147, 40, 26, 150, 154, 155, 151, 158, 159, 152, 153, 27, 41, 166, 167, 168, 169, 170, 171, 176, 177, 180, 181, 164, 184, 185, 186, 187, 165, 87, 86, 172, 173, 78, 198, 199]
  列生成求解结果: 目标值=5.7391， 下界=5.7391， 上界=11.0000
    非整数变量: COL_11-15-20-25_23 = 0.050725
  解不是整数，开始分支...
ImposedVertex(vertex=11)
ForbidVertex(vertex=11)
  创建了 2 个分支
    添加分支节点 1: ID=200
    添加分支节点 2: ID=201

处理节点 200
  开始列生成求解...
Set parameter LogToConsole to value 0
Set parameter Threads to value 1
Set parameter Seed to value 0
  定价策略: Exact, node=200, vertices=17
Set parameter PoolSearchMode to value 2
Set parameter PoolSolutions to value 10
[CG 1] RMP=5.739130, pricing=ExactPricingSolver, new_columns=0
  搜索路径: [1, 2, 3, 6, 7, 8, 9, 11, 14, 18, 19, 22, 23, 10, 28, 29, 32, 33, 36, 37, 15, 42, 43, 16, 48, 49, 52, 53, 56, 57, 58, 59, 17, 66, 67, 70, 71, 72, 73, 74, 75, 82, 83, 47, 46, 60, 61, 64, 95, 65, 98, 99, 100, 101, 94, 106, 110, 111, 114, 115, 118, 119, 96, 124, 125, 117, 116, 107, 97, 134, 135, 89, 88, 140, 141, 146, 147, 40, 26, 150, 154, 155, 151, 158, 159, 152, 153, 27, 41, 166, 167, 168, 169, 170, 171, 176, 177, 180, 181, 164, 184, 185, 186, 187, 165, 87, 86, 172, 173, 78, 198, 199, 200]
  列生成求解结果: 目标值=5.7391， 下界=5.7391， 上界=11.0000
    非整数变量: COL_11-15-20-25_23 = 0.102836
  解不是整数，开始分支...
ImposedVertex(vertex=15)
ForbidVertex(vertex=15)
  创建了 2 个分支
    添加分支节点 1: ID=202
    添加分支节点 2: ID=203

处理节点 201
  开始列生成求解...
Set parameter LogToConsole to value 0
Set parameter Threads to value 1
Set parameter Seed to value 0
  定价策略: Exact, node=201, vertices=18
Set parameter PoolSearchMode to value 2
Set parameter PoolSolutions to value 10
[CG 1] RMP=11.000000, pricing=ExactPricingSolver, new_columns=10
[CG 2] RMP=6.488427, pricing=ExactPricingSolver, new_columns=10
[CG 3] RMP=5.739130, pricing=ExactPricingSolver, new_columns=0
  搜索路径: [1, 2, 3, 6, 7, 8, 9, 11, 14, 18, 19, 22, 23, 10, 28, 29, 32, 33, 36, 37, 15, 42, 43, 16, 48, 49, 52, 53, 56, 57, 58, 59, 17, 66, 67, 70, 71, 72, 73, 74, 75, 82, 83, 47, 46, 60, 61, 64, 95, 65, 98, 99, 100, 101, 94, 106, 110, 111, 114, 115, 118, 119, 96, 124, 125, 117, 116, 107, 97, 134, 135, 89, 88, 140, 141, 146, 147, 40, 26, 150, 154, 155, 151, 158, 159, 152, 153, 27, 41, 166, 167, 168, 169, 170, 171, 176, 177, 180, 181, 164, 184, 185, 186, 187, 165, 87, 86, 172, 173, 78, 198, 199, 200, 201]
  列生成求解结果: 目标值=5.7391， 下界=5.7391， 上界=11.0000
    非整数变量: COL_18-20-27_46 = 0.101739
  解不是整数，开始分支...
ImposedVertex(vertex=18)
ForbidVertex(vertex=18)
  创建了 2 个分支
    添加分支节点 1: ID=204
    添加分支节点 2: ID=205

处理节点 79
  开始列生成求解...
Set parameter LogToConsole to value 0
Set parameter Threads to value 1
Set parameter Seed to value 0
  定价策略: Exact, node=79, vertices=21
Set parameter PoolSearchMode to value 2
Set parameter PoolSolutions to value 10
[CG 1] RMP=5.739130, pricing=ExactPricingSolver, new_columns=0
  搜索路径: [1, 2, 3, 6, 7, 8, 9, 11, 14, 18, 19, 22, 23, 10, 28, 29, 32, 33, 36, 37, 15, 42, 43, 16, 48, 49, 52, 53, 56, 57, 58, 59, 17, 66, 67, 70, 71, 72, 73, 74, 75, 82, 83, 47, 46, 60, 61, 64, 95, 65, 98, 99, 100, 101, 94, 106, 110, 111, 114, 115, 118, 119, 96, 124, 125, 117, 116, 107, 97, 134, 135, 89, 88, 140, 141, 146, 147, 40, 26, 150, 154, 155, 151, 158, 159, 152, 153, 27, 41, 166, 167, 168, 169, 170, 171, 176, 177, 180, 181, 164, 184, 185, 186, 187, 165, 87, 86, 172, 173, 78, 198, 199, 200, 201, 79]
  列生成求解结果: 目标值=5.7391， 下界=5.7391， 上界=11.0000
    非整数变量: COL_15-24-27-7_9 = 0.021739
  解不是整数，开始分支...
ImposedVertex(vertex=7)
ForbidVertex(vertex=7)
  创建了 2 个分支
    添加分支节点 1: ID=206
    添加分支节点 2: ID=207

处理节点 206
  开始列生成求解...
Set parameter LogToConsole to value 0
Set parameter Threads to value 1
Set parameter Seed to value 0
  定价策略: Exact, node=206, vertices=20
Set parameter PoolSearchMode to value 2
Set parameter PoolSolutions to value 10
[CG 1] RMP=5.739130, pricing=ExactPricingSolver, new_columns=0
  搜索路径: [1, 2, 3, 6, 7, 8, 9, 11, 14, 18, 19, 22, 23, 10, 28, 29, 32, 33, 36, 37, 15, 42, 43, 16, 48, 49, 52, 53, 56, 57, 58, 59, 17, 66, 67, 70, 71, 72, 73, 74, 75, 82, 83, 47, 46, 60, 61, 64, 95, 65, 98, 99, 100, 101, 94, 106, 110, 111, 114, 115, 118, 119, 96, 124, 125, 117, 116, 107, 97, 134, 135, 89, 88, 140, 141, 146, 147, 40, 26, 150, 154, 155, 151, 158, 159, 152, 153, 27, 41, 166, 167, 168, 169, 170, 171, 176, 177, 180, 181, 164, 184, 185, 186, 187, 165, 87, 86, 172, 173, 78, 198, 199, 200, 201, 79, 206]
  列生成求解结果: 目标值=5.7391， 下界=5.7391， 上界=11.0000
    非整数变量: COL_1-15-23-27-5-7_16 = 0.495652
  解不是整数，开始分支...
ImposedVertex(vertex=5)
ForbidVertex(vertex=5)
  创建了 2 个分支
    添加分支节点 1: ID=208
    添加分支节点 2: ID=209

处理节点 207
  开始列生成求解...
Set parameter LogToConsole to value 0
Set parameter Threads to value 1
Set parameter Seed to value 0
  定价策略: Exact, node=207, vertices=20
Set parameter PoolSearchMode to value 2
Set parameter PoolSolutions to value 10
[CG 1] RMP=12.000000, pricing=ExactPricingSolver, new_columns=0
  搜索路径: [1, 2, 3, 6, 7, 8, 9, 11, 14, 18, 19, 22, 23, 10, 28, 29, 32, 33, 36, 37, 15, 42, 43, 16, 48, 49, 52, 53, 56, 57, 58, 59, 17, 66, 67, 70, 71, 72, 73, 74, 75, 82, 83, 47, 46, 60, 61, 64, 95, 65, 98, 99, 100, 101, 94, 106, 110, 111, 114, 115, 118, 119, 96, 124, 125, 117, 116, 107, 97, 134, 135, 89, 88, 140, 141, 146, 147, 40, 26, 150, 154, 155, 151, 158, 159, 152, 153, 27, 41, 166, 167, 168, 169, 170, 171, 176, 177, 180, 181, 164, 184, 185, 186, 187, 165, 87, 86, 172, 173, 78, 198, 199, 200, 201, 79, 206, 207]
  列生成求解结果: 目标值=12.0000， 下界=5.7391， 上界=11.0000

处理节点 194
  开始列生成求解...
Set parameter LogToConsole to value 0
Set parameter Threads to value 1
Set parameter Seed to value 0
  定价策略: Exact, node=194, vertices=20
Set parameter PoolSearchMode to value 2
Set parameter PoolSolutions to value 10
[CG 1] RMP=7.000000, pricing=ExactPricingSolver, new_columns=0
  搜索路径: [1, 2, 3, 6, 7, 8, 9, 11, 14, 18, 19, 22, 23, 10, 28, 29, 32, 33, 36, 37, 15, 42, 43, 16, 48, 49, 52, 53, 56, 57, 58, 59, 17, 66, 67, 70, 71, 72, 73, 74, 75, 82, 83, 47, 46, 60, 61, 64, 95, 65, 98, 99, 100, 101, 94, 106, 110, 111, 114, 115, 118, 119, 96, 124, 125, 117, 116, 107, 97, 134, 135, 89, 88, 140, 141, 146, 147, 40, 26, 150, 154, 155, 151, 158, 159, 152, 153, 27, 41, 166, 167, 168, 169, 170, 171, 176, 177, 180, 181, 164, 184, 185, 186, 187, 165, 87, 86, 172, 173, 78, 198, 199, 200, 201, 79, 206, 207, 194]
  列生成求解结果: 目标值=7.0000， 下界=5.7391， 上界=11.0000
    非整数变量: COL_18-23-9_35 = 0.500000
  解不是整数，开始分支...
ImposedVertex(vertex=9)
ForbidVertex(vertex=9)
  创建了 2 个分支
    添加分支节点 1: ID=210
    添加分支节点 2: ID=211

处理节点 195
  开始列生成求解...
Set parameter LogToConsole to value 0
Set parameter Threads to value 1
Set parameter Seed to value 0
  定价策略: Exact, node=195, vertices=20
Set parameter PoolSearchMode to value 2
Set parameter PoolSolutions to value 10
[CG 1] RMP=11.000000, pricing=ExactPricingSolver, new_columns=10
[CG 2] RMP=5.739130, pricing=ExactPricingSolver, new_columns=0
  搜索路径: [1, 2, 3, 6, 7, 8, 9, 11, 14, 18, 19, 22, 23, 10, 28, 29, 32, 33, 36, 37, 15, 42, 43, 16, 48, 49, 52, 53, 56, 57, 58, 59, 17, 66, 67, 70, 71, 72, 73, 74, 75, 82, 83, 47, 46, 60, 61, 64, 95, 65, 98, 99, 100, 101, 94, 106, 110, 111, 114, 115, 118, 119, 96, 124, 125, 117, 116, 107, 97, 134, 135, 89, 88, 140, 141, 146, 147, 40, 26, 150, 154, 155, 151, 158, 159, 152, 153, 27, 41, 166, 167, 168, 169, 170, 171, 176, 177, 180, 181, 164, 184, 185, 186, 187, 165, 87, 86, 172, 173, 78, 198, 199, 200, 201, 79, 206, 207, 194, 195]
  列生成求解结果: 目标值=5.7391， 下界=5.7391， 上界=11.0000
    非整数变量: COL_15-25-27-8_11 = 0.043478
  解不是整数，开始分支...
ImposedVertex(vertex=8)
ForbidVertex(vertex=8)
  创建了 2 个分支
    添加分支节点 1: ID=212
    添加分支节点 2: ID=213

处理节点 208
  开始列生成求解...
Set parameter LogToConsole to value 0
Set parameter Threads to value 1
Set parameter Seed to value 0
  定价策略: Exact, node=208, vertices=18
Set parameter PoolSearchMode to value 2
Set parameter PoolSolutions to value 10
[CG 1] RMP=7.000000, pricing=ExactPricingSolver, new_columns=10
[CG 2] RMP=6.000000, pricing=ExactPricingSolver, new_columns=10
[CG 3] RMP=5.739130, pricing=ExactPricingSolver, new_columns=0
  搜索路径: [1, 2, 3, 6, 7, 8, 9, 11, 14, 18, 19, 22, 23, 10, 28, 29, 32, 33, 36, 37, 15, 42, 43, 16, 48, 49, 52, 53, 56, 57, 58, 59, 17, 66, 67, 70, 71, 72, 73, 74, 75, 82, 83, 47, 46, 60, 61, 64, 95, 65, 98, 99, 100, 101, 94, 106, 110, 111, 114, 115, 118, 119, 96, 124, 125, 117, 116, 107, 97, 134, 135, 89, 88, 140, 141, 146, 147, 40, 26, 150, 154, 155, 151, 158, 159, 152, 153, 27, 41, 166, 167, 168, 169, 170, 171, 176, 177, 180, 181, 164, 184, 185, 186, 187, 165, 87, 86, 172, 173, 78, 198, 199, 200, 201, 79, 206, 207, 194, 195, 208]
  列生成求解结果: 目标值=5.7391， 下界=5.7391， 上界=11.0000
    非整数变量: COL_1-15-23-27-5-7_16 = 0.149758
  解不是整数，开始分支...
ImposedVertex(vertex=15)
ForbidVertex(vertex=15)
  创建了 2 个分支
    添加分支节点 1: ID=214
    添加分支节点 2: ID=215
  进度: 已处理 120 个节点, 剩余 75 个, 当前最优 11.0000, 当前列数: 1107

处理节点 214
  开始列生成求解...
Set parameter LogToConsole to value 0
Set parameter Threads to value 1
Set parameter Seed to value 0
  定价策略: Exact, node=214, vertices=17
Set parameter PoolSearchMode to value 2
Set parameter PoolSolutions to value 10
[CG 1] RMP=6.000000, pricing=ExactPricingSolver, new_columns=0
  搜索路径: [1, 2, 3, 6, 7, 8, 9, 11, 14, 18, 19, 22, 23, 10, 28, 29, 32, 33, 36, 37, 15, 42, 43, 16, 48, 49, 52, 53, 56, 57, 58, 59, 17, 66, 67, 70, 71, 72, 73, 74, 75, 82, 83, 47, 46, 60, 61, 64, 95, 65, 98, 99, 100, 101, 94, 106, 110, 111, 114, 115, 118, 119, 96, 124, 125, 117, 116, 107, 97, 134, 135, 89, 88, 140, 141, 146, 147, 40, 26, 150, 154, 155, 151, 158, 159, 152, 153, 27, 41, 166, 167, 168, 169, 170, 171, 176, 177, 180, 181, 164, 184, 185, 186, 187, 165, 87, 86, 172, 173, 78, 198, 199, 200, 201, 79, 206, 207, 194, 195, 208, 214]
  列生成求解结果: 目标值=6.0000， 下界=5.7391， 上界=11.0000
    非整数变量: COL_1-15-23-27-5-7_16 = 0.196970
  解不是整数，开始分支...
ImposedVertex(vertex=23)
ForbidVertex(vertex=23)
  创建了 2 个分支
    添加分支节点 1: ID=216
    添加分支节点 2: ID=217

处理节点 215
  开始列生成求解...
Set parameter LogToConsole to value 0
Set parameter Threads to value 1
Set parameter Seed to value 0
  定价策略: Exact, node=215, vertices=17
Set parameter PoolSearchMode to value 2
Set parameter PoolSolutions to value 10
[CG 1] RMP=11.000000, pricing=ExactPricingSolver, new_columns=10
[CG 2] RMP=5.739130, pricing=ExactPricingSolver, new_columns=0
  搜索路径: [1, 2, 3, 6, 7, 8, 9, 11, 14, 18, 19, 22, 23, 10, 28, 29, 32, 33, 36, 37, 15, 42, 43, 16, 48, 49, 52, 53, 56, 57, 58, 59, 17, 66, 67, 70, 71, 72, 73, 74, 75, 82, 83, 47, 46, 60, 61, 64, 95, 65, 98, 99, 100, 101, 94, 106, 110, 111, 114, 115, 118, 119, 96, 124, 125, 117, 116, 107, 97, 134, 135, 89, 88, 140, 141, 146, 147, 40, 26, 150, 154, 155, 151, 158, 159, 152, 153, 27, 41, 166, 167, 168, 169, 170, 171, 176, 177, 180, 181, 164, 184, 185, 186, 187, 165, 87, 86, 172, 173, 78, 198, 199, 200, 201, 79, 206, 207, 194, 195, 208, 214, 215]
  列生成求解结果: 目标值=5.7391， 下界=5.7391， 上界=11.0000
    非整数变量: COL_1-18-23-7-9_41 = 0.254658
  解不是整数，开始分支...
ImposedVertex(vertex=9)
ForbidVertex(vertex=9)
  创建了 2 个分支
    添加分支节点 1: ID=218
    添加分支节点 2: ID=219

处理节点 209
  开始列生成求解...
Set parameter LogToConsole to value 0
Set parameter Threads to value 1
Set parameter Seed to value 0
  定价策略: Exact, node=209, vertices=19
Set parameter PoolSearchMode to value 2
Set parameter PoolSolutions to value 10
[CG 1] RMP=10.000000, pricing=ExactPricingSolver, new_columns=10
[CG 2] RMP=5.739130, pricing=ExactPricingSolver, new_columns=0
  搜索路径: [1, 2, 3, 6, 7, 8, 9, 11, 14, 18, 19, 22, 23, 10, 28, 29, 32, 33, 36, 37, 15, 42, 43, 16, 48, 49, 52, 53, 56, 57, 58, 59, 17, 66, 67, 70, 71, 72, 73, 74, 75, 82, 83, 47, 46, 60, 61, 64, 95, 65, 98, 99, 100, 101, 94, 106, 110, 111, 114, 115, 118, 119, 96, 124, 125, 117, 116, 107, 97, 134, 135, 89, 88, 140, 141, 146, 147, 40, 26, 150, 154, 155, 151, 158, 159, 152, 153, 27, 41, 166, 167, 168, 169, 170, 171, 176, 177, 180, 181, 164, 184, 185, 186, 187, 165, 87, 86, 172, 173, 78, 198, 199, 200, 201, 79, 206, 207, 194, 195, 208, 214, 215, 209]
  列生成求解结果: 目标值=5.7391， 下界=5.7391， 上界=11.0000
    非整数变量: COL_1-11-15-18-23-7-9_43 = 0.521739
  解不是整数，开始分支...
ImposedVertex(vertex=9)
ForbidVertex(vertex=9)
  创建了 2 个分支
    添加分支节点 1: ID=220
    添加分支节点 2: ID=221

处理节点 196
  开始列生成求解...
Set parameter LogToConsole to value 0
Set parameter Threads to value 1
Set parameter Seed to value 0
  定价策略: Exact, node=196, vertices=19
Set parameter PoolSearchMode to value 2
Set parameter PoolSolutions to value 10
[CG 1] RMP=7.000000, pricing=ExactPricingSolver, new_columns=10
[CG 2] RMP=6.000000, pricing=ExactPricingSolver, new_columns=0
  搜索路径: [1, 2, 3, 6, 7, 8, 9, 11, 14, 18, 19, 22, 23, 10, 28, 29, 32, 33, 36, 37, 15, 42, 43, 16, 48, 49, 52, 53, 56, 57, 58, 59, 17, 66, 67, 70, 71, 72, 73, 74, 75, 82, 83, 47, 46, 60, 61, 64, 95, 65, 98, 99, 100, 101, 94, 106, 110, 111, 114, 115, 118, 119, 96, 124, 125, 117, 116, 107, 97, 134, 135, 89, 88, 140, 141, 146, 147, 40, 26, 150, 154, 155, 151, 158, 159, 152, 153, 27, 41, 166, 167, 168, 169, 170, 171, 176, 177, 180, 181, 164, 184, 185, 186, 187, 165, 87, 86, 172, 173, 78, 198, 199, 200, 201, 79, 206, 207, 194, 195, 208, 214, 215, 209, 196]
  列生成求解结果: 目标值=6.0000， 下界=5.7391， 上界=11.0000
    非整数变量: COL_11-15-20-25_23 = 0.457143
  解不是整数，开始分支...
ImposedVertex(vertex=20)
ForbidVertex(vertex=20)
  创建了 2 个分支
    添加分支节点 1: ID=222
    添加分支节点 2: ID=223

处理节点 212
  开始列生成求解...
Set parameter LogToConsole to value 0
Set parameter Threads to value 1
Set parameter Seed to value 0
  定价策略: Exact, node=212, vertices=19
Set parameter PoolSearchMode to value 2
Set parameter PoolSolutions to value 10
[CG 1] RMP=12.000000, pricing=ExactPricingSolver, new_columns=0
  搜索路径: [1, 2, 3, 6, 7, 8, 9, 11, 14, 18, 19, 22, 23, 10, 28, 29, 32, 33, 36, 37, 15, 42, 43, 16, 48, 49, 52, 53, 56, 57, 58, 59, 17, 66, 67, 70, 71, 72, 73, 74, 75, 82, 83, 47, 46, 60, 61, 64, 95, 65, 98, 99, 100, 101, 94, 106, 110, 111, 114, 115, 118, 119, 96, 124, 125, 117, 116, 107, 97, 134, 135, 89, 88, 140, 141, 146, 147, 40, 26, 150, 154, 155, 151, 158, 159, 152, 153, 27, 41, 166, 167, 168, 169, 170, 171, 176, 177, 180, 181, 164, 184, 185, 186, 187, 165, 87, 86, 172, 173, 78, 198, 199, 200, 201, 79, 206, 207, 194, 195, 208, 214, 215, 209, 196, 212]
  列生成求解结果: 目标值=12.0000， 下界=5.7391， 上界=11.0000

处理节点 213
  开始列生成求解...
Set parameter LogToConsole to value 0
Set parameter Threads to value 1
Set parameter Seed to value 0
  定价策略: Exact, node=213, vertices=19
Set parameter PoolSearchMode to value 2
Set parameter PoolSolutions to value 10
[CG 1] RMP=5.739130, pricing=ExactPricingSolver, new_columns=0
  搜索路径: [1, 2, 3, 6, 7, 8, 9, 11, 14, 18, 19, 22, 23, 10, 28, 29, 32, 33, 36, 37, 15, 42, 43, 16, 48, 49, 52, 53, 56, 57, 58, 59, 17, 66, 67, 70, 71, 72, 73, 74, 75, 82, 83, 47, 46, 60, 61, 64, 95, 65, 98, 99, 100, 101, 94, 106, 110, 111, 114, 115, 118, 119, 96, 124, 125, 117, 116, 107, 97, 134, 135, 89, 88, 140, 141, 146, 147, 40, 26, 150, 154, 155, 151, 158, 159, 152, 153, 27, 41, 166, 167, 168, 169, 170, 171, 176, 177, 180, 181, 164, 184, 185, 186, 187, 165, 87, 86, 172, 173, 78, 198, 199, 200, 201, 79, 206, 207, 194, 195, 208, 214, 215, 209, 196, 212, 213]
  列生成求解结果: 目标值=5.7391， 下界=5.7391， 上界=11.0000
    非整数变量: COL_14-21-23-27-9_66 = 0.434783
  解不是整数，开始分支...
ImposedVertex(vertex=9)
ForbidVertex(vertex=9)
  创建了 2 个分支
    添加分支节点 1: ID=224
    添加分支节点 2: ID=225

处理节点 218
  开始列生成求解...
Set parameter LogToConsole to value 0
Set parameter Threads to value 1
Set parameter Seed to value 0
  定价策略: Exact, node=218, vertices=16
Set parameter PoolSearchMode to value 2
Set parameter PoolSolutions to value 10
[CG 1] RMP=1010.000000, pricing=ExactPricingSolver, new_columns=10
[CG 2] RMP=7.000000, pricing=ExactPricingSolver, new_columns=0
  搜索路径: [1, 2, 3, 6, 7, 8, 9, 11, 14, 18, 19, 22, 23, 10, 28, 29, 32, 33, 36, 37, 15, 42, 43, 16, 48, 49, 52, 53, 56, 57, 58, 59, 17, 66, 67, 70, 71, 72, 73, 74, 75, 82, 83, 47, 46, 60, 61, 64, 95, 65, 98, 99, 100, 101, 94, 106, 110, 111, 114, 115, 118, 119, 96, 124, 125, 117, 116, 107, 97, 134, 135, 89, 88, 140, 141, 146, 147, 40, 26, 150, 154, 155, 151, 158, 159, 152, 153, 27, 41, 166, 167, 168, 169, 170, 171, 176, 177, 180, 181, 164, 184, 185, 186, 187, 165, 87, 86, 172, 173, 78, 198, 199, 200, 201, 79, 206, 207, 194, 195, 208, 214, 215, 209, 196, 212, 213, 218]
  列生成求解结果: 目标值=7.0000， 下界=5.7391， 上界=11.0000
    非整数变量: COL_1-18-23-7-9_41 = 0.363636
  解不是整数，开始分支...
ImposedVertex(vertex=23)
ForbidVertex(vertex=23)
  创建了 2 个分支
    添加分支节点 1: ID=226
    添加分支节点 2: ID=227

处理节点 219
  开始列生成求解...
Set parameter LogToConsole to value 0
Set parameter Threads to value 1
Set parameter Seed to value 0
  定价策略: Exact, node=219, vertices=16
Set parameter PoolSearchMode to value 2
Set parameter PoolSolutions to value 10
[CG 1] RMP=11.000000, pricing=ExactPricingSolver, new_columns=0
  搜索路径: [1, 2, 3, 6, 7, 8, 9, 11, 14, 18, 19, 22, 23, 10, 28, 29, 32, 33, 36, 37, 15, 42, 43, 16, 48, 49, 52, 53, 56, 57, 58, 59, 17, 66, 67, 70, 71, 72, 73, 74, 75, 82, 83, 47, 46, 60, 61, 64, 95, 65, 98, 99, 100, 101, 94, 106, 110, 111, 114, 115, 118, 119, 96, 124, 125, 117, 116, 107, 97, 134, 135, 89, 88, 140, 141, 146, 147, 40, 26, 150, 154, 155, 151, 158, 159, 152, 153, 27, 41, 166, 167, 168, 169, 170, 171, 176, 177, 180, 181, 164, 184, 185, 186, 187, 165, 87, 86, 172, 173, 78, 198, 199, 200, 201, 79, 206, 207, 194, 195, 208, 214, 215, 209, 196, 212, 213, 218, 219]
  列生成求解结果: 目标值=11.0000， 下界=5.7391， 上界=11.0000

处理节点 221
  开始列生成求解...
Set parameter LogToConsole to value 0
Set parameter Threads to value 1
Set parameter Seed to value 0
  定价策略: Exact, node=221, vertices=18
Set parameter PoolSearchMode to value 2
Set parameter PoolSolutions to value 10
[CG 1] RMP=12.000000, pricing=ExactPricingSolver, new_columns=10
[CG 2] RMP=12.000000, pricing=ExactPricingSolver, new_columns=10
[CG 3] RMP=11.000000, pricing=ExactPricingSolver, new_columns=0
  搜索路径: [1, 2, 3, 6, 7, 8, 9, 11, 14, 18, 19, 22, 23, 10, 28, 29, 32, 33, 36, 37, 15, 42, 43, 16, 48, 49, 52, 53, 56, 57, 58, 59, 17, 66, 67, 70, 71, 72, 73, 74, 75, 82, 83, 47, 46, 60, 61, 64, 95, 65, 98, 99, 100, 101, 94, 106, 110, 111, 114, 115, 118, 119, 96, 124, 125, 117, 116, 107, 97, 134, 135, 89, 88, 140, 141, 146, 147, 40, 26, 150, 154, 155, 151, 158, 159, 152, 153, 27, 41, 166, 167, 168, 169, 170, 171, 176, 177, 180, 181, 164, 184, 185, 186, 187, 165, 87, 86, 172, 173, 78, 198, 199, 200, 201, 79, 206, 207, 194, 195, 208, 214, 215, 209, 196, 212, 213, 218, 219, 221]
  列生成求解结果: 目标值=11.0000， 下界=5.7391， 上界=11.0000

处理节点 220
  开始列生成求解...
Set parameter LogToConsole to value 0
Set parameter Threads to value 1
Set parameter Seed to value 0
  定价策略: Exact, node=220, vertices=18
Set parameter PoolSearchMode to value 2
Set parameter PoolSolutions to value 10
[CG 1] RMP=5.739130, pricing=ExactPricingSolver, new_columns=0
  搜索路径: [1, 2, 3, 6, 7, 8, 9, 11, 14, 18, 19, 22, 23, 10, 28, 29, 32, 33, 36, 37, 15, 42, 43, 16, 48, 49, 52, 53, 56, 57, 58, 59, 17, 66, 67, 70, 71, 72, 73, 74, 75, 82, 83, 47, 46, 60, 61, 64, 95, 65, 98, 99, 100, 101, 94, 106, 110, 111, 114, 115, 118, 119, 96, 124, 125, 117, 116, 107, 97, 134, 135, 89, 88, 140, 141, 146, 147, 40, 26, 150, 154, 155, 151, 158, 159, 152, 153, 27, 41, 166, 167, 168, 169, 170, 171, 176, 177, 180, 181, 164, 184, 185, 186, 187, 165, 87, 86, 172, 173, 78, 198, 199, 200, 201, 79, 206, 207, 194, 195, 208, 214, 215, 209, 196, 212, 213, 218, 219, 221, 220]
  列生成求解结果: 目标值=5.7391， 下界=5.7391， 上界=11.0000
    非整数变量: COL_1-11-18-23-7-9_42 = 0.717391
  解不是整数，开始分支...
ImposedVertex(vertex=11)
ForbidVertex(vertex=11)
  创建了 2 个分支
    添加分支节点 1: ID=228
    添加分支节点 2: ID=229
  进度: 已处理 130 个节点, 剩余 79 个, 当前最优 11.0000, 当前列数: 1167

处理节点 224
  开始列生成求解...
Set parameter LogToConsole to value 0
Set parameter Threads to value 1
Set parameter Seed to value 0
  定价策略: Exact, node=224, vertices=18
Set parameter PoolSearchMode to value 2
Set parameter PoolSolutions to value 10
[CG 1] RMP=11.000000, pricing=ExactPricingSolver, new_columns=10
[CG 2] RMP=8.800000, pricing=ExactPricingSolver, new_columns=10
[CG 3] RMP=5.739130, pricing=ExactPricingSolver, new_columns=0
  搜索路径: [1, 2, 3, 6, 7, 8, 9, 11, 14, 18, 19, 22, 23, 10, 28, 29, 32, 33, 36, 37, 15, 42, 43, 16, 48, 49, 52, 53, 56, 57, 58, 59, 17, 66, 67, 70, 71, 72, 73, 74, 75, 82, 83, 47, 46, 60, 61, 64, 95, 65, 98, 99, 100, 101, 94, 106, 110, 111, 114, 115, 118, 119, 96, 124, 125, 117, 116, 107, 97, 134, 135, 89, 88, 140, 141, 146, 147, 40, 26, 150, 154, 155, 151, 158, 159, 152, 153, 27, 41, 166, 167, 168, 169, 170, 171, 176, 177, 180, 181, 164, 184, 185, 186, 187, 165, 87, 86, 172, 173, 78, 198, 199, 200, 201, 79, 206, 207, 194, 195, 208, 214, 215, 209, 196, 212, 213, 218, 219, 221, 220, 224]
  列生成求解结果: 目标值=5.7391， 下界=5.7391， 上界=11.0000
    非整数变量: COL_14-21-23-27-9_66 = 0.230435
  解不是整数，开始分支...
ImposedVertex(vertex=14)
ForbidVertex(vertex=14)
  创建了 2 个分支
    添加分支节点 1: ID=230
    添加分支节点 2: ID=231

处理节点 225
  开始列生成求解...
Set parameter LogToConsole to value 0
Set parameter Threads to value 1
Set parameter Seed to value 0
  定价策略: Exact, node=225, vertices=18
Set parameter PoolSearchMode to value 2
Set parameter PoolSolutions to value 10
[CG 1] RMP=11.000000, pricing=ExactPricingSolver, new_columns=0
  搜索路径: [1, 2, 3, 6, 7, 8, 9, 11, 14, 18, 19, 22, 23, 10, 28, 29, 32, 33, 36, 37, 15, 42, 43, 16, 48, 49, 52, 53, 56, 57, 58, 59, 17, 66, 67, 70, 71, 72, 73, 74, 75, 82, 83, 47, 46, 60, 61, 64, 95, 65, 98, 99, 100, 101, 94, 106, 110, 111, 114, 115, 118, 119, 96, 124, 125, 117, 116, 107, 97, 134, 135, 89, 88, 140, 141, 146, 147, 40, 26, 150, 154, 155, 151, 158, 159, 152, 153, 27, 41, 166, 167, 168, 169, 170, 171, 176, 177, 180, 181, 164, 184, 185, 186, 187, 165, 87, 86, 172, 173, 78, 198, 199, 200, 201, 79, 206, 207, 194, 195, 208, 214, 215, 209, 196, 212, 213, 218, 219, 221, 220, 224, 225]
  列生成求解结果: 目标值=11.0000， 下界=5.7391， 上界=11.0000

处理节点 203
  开始列生成求解...
Set parameter LogToConsole to value 0
Set parameter Threads to value 1
Set parameter Seed to value 0
  定价策略: Exact, node=203, vertices=16
Set parameter PoolSearchMode to value 2
Set parameter PoolSolutions to value 10
[CG 1] RMP=6.160000, pricing=ExactPricingSolver, new_columns=10
[CG 2] RMP=5.739130, pricing=ExactPricingSolver, new_columns=0
  搜索路径: [1, 2, 3, 6, 7, 8, 9, 11, 14, 18, 19, 22, 23, 10, 28, 29, 32, 33, 36, 37, 15, 42, 43, 16, 48, 49, 52, 53, 56, 57, 58, 59, 17, 66, 67, 70, 71, 72, 73, 74, 75, 82, 83, 47, 46, 60, 61, 64, 95, 65, 98, 99, 100, 101, 94, 106, 110, 111, 114, 115, 118, 119, 96, 124, 125, 117, 116, 107, 97, 134, 135, 89, 88, 140, 141, 146, 147, 40, 26, 150, 154, 155, 151, 158, 159, 152, 153, 27, 41, 166, 167, 168, 169, 170, 171, 176, 177, 180, 181, 164, 184, 185, 186, 187, 165, 87, 86, 172, 173, 78, 198, 199, 200, 201, 79, 206, 207, 194, 195, 208, 214, 215, 209, 196, 212, 213, 218, 219, 221, 220, 224, 225, 203]
  列生成求解结果: 目标值=5.7391， 下界=5.7391， 上界=11.0000
    非整数变量: COL_1-21_58 = 0.134783
  解不是整数，开始分支...
ImposedVertex(vertex=21)
ForbidVertex(vertex=21)
  创建了 2 个分支
    添加分支节点 1: ID=232
    添加分支节点 2: ID=233

处理节点 231
  开始列生成求解...
Set parameter LogToConsole to value 0
Set parameter Threads to value 1
Set parameter Seed to value 0
  定价策略: Exact, node=231, vertices=17
Set parameter PoolSearchMode to value 2
Set parameter PoolSolutions to value 10
[CG 1] RMP=16.000000, pricing=ExactPricingSolver, new_columns=10
[CG 2] RMP=9.000000, pricing=ExactPricingSolver, new_columns=0
  搜索路径: [1, 2, 3, 6, 7, 8, 9, 11, 14, 18, 19, 22, 23, 10, 28, 29, 32, 33, 36, 37, 15, 42, 43, 16, 48, 49, 52, 53, 56, 57, 58, 59, 17, 66, 67, 70, 71, 72, 73, 74, 75, 82, 83, 47, 46, 60, 61, 64, 95, 65, 98, 99, 100, 101, 94, 106, 110, 111, 114, 115, 118, 119, 96, 124, 125, 117, 116, 107, 97, 134, 135, 89, 88, 140, 141, 146, 147, 40, 26, 150, 154, 155, 151, 158, 159, 152, 153, 27, 41, 166, 167, 168, 169, 170, 171, 176, 177, 180, 181, 164, 184, 185, 186, 187, 165, 87, 86, 172, 173, 78, 198, 199, 200, 201, 79, 206, 207, 194, 195, 208, 214, 215, 209, 196, 212, 213, 218, 219, 221, 220, 224, 225, 203, 231]
  列生成求解结果: 目标值=9.0000， 下界=5.7391， 上界=11.0000
    非整数变量: COL_2-28-4-7-9_343 = 0.181818
  解不是整数，开始分支...
ImposedVertex(vertex=2)
ForbidVertex(vertex=2)
  创建了 2 个分支
    添加分支节点 1: ID=234
    添加分支节点 2: ID=235

处理节点 228
  开始列生成求解...
Set parameter LogToConsole to value 0
Set parameter Threads to value 1
Set parameter Seed to value 0
  定价策略: Exact, node=228, vertices=16
Set parameter PoolSearchMode to value 2
Set parameter PoolSolutions to value 10
[CG 1] RMP=8.000000, pricing=ExactPricingSolver, new_columns=10
[CG 2] RMP=5.739130, pricing=ExactPricingSolver, new_columns=0
  搜索路径: [1, 2, 3, 6, 7, 8, 9, 11, 14, 18, 19, 22, 23, 10, 28, 29, 32, 33, 36, 37, 15, 42, 43, 16, 48, 49, 52, 53, 56, 57, 58, 59, 17, 66, 67, 70, 71, 72, 73, 74, 75, 82, 83, 47, 46, 60, 61, 64, 95, 65, 98, 99, 100, 101, 94, 106, 110, 111, 114, 115, 118, 119, 96, 124, 125, 117, 116, 107, 97, 134, 135, 89, 88, 140, 141, 146, 147, 40, 26, 150, 154, 155, 151, 158, 159, 152, 153, 27, 41, 166, 167, 168, 169, 170, 171, 176, 177, 180, 181, 164, 184, 185, 186, 187, 165, 87, 86, 172, 173, 78, 198, 199, 200, 201, 79, 206, 207, 194, 195, 208, 214, 215, 209, 196, 212, 213, 218, 219, 221, 220, 224, 225, 203, 231, 228]
  列生成求解结果: 目标值=5.7391， 下界=5.7391， 上界=11.0000
    非整数变量: COL_15-24-27-7_9 = 0.099379
  解不是整数，开始分支...
ImposedVertex(vertex=15)
ForbidVertex(vertex=15)
  创建了 2 个分支
    添加分支节点 1: ID=236
    添加分支节点 2: ID=237

处理节点 233
  开始列生成求解...
Set parameter LogToConsole to value 0
Set parameter Threads to value 1
Set parameter Seed to value 0
  定价策略: Exact, node=233, vertices=15
Set parameter PoolSearchMode to value 2
Set parameter PoolSolutions to value 10
[CG 1] RMP=8.000000, pricing=ExactPricingSolver, new_columns=0
  搜索路径: [1, 2, 3, 6, 7, 8, 9, 11, 14, 18, 19, 22, 23, 10, 28, 29, 32, 33, 36, 37, 15, 42, 43, 16, 48, 49, 52, 53, 56, 57, 58, 59, 17, 66, 67, 70, 71, 72, 73, 74, 75, 82, 83, 47, 46, 60, 61, 64, 95, 65, 98, 99, 100, 101, 94, 106, 110, 111, 114, 115, 118, 119, 96, 124, 125, 117, 116, 107, 97, 134, 135, 89, 88, 140, 141, 146, 147, 40, 26, 150, 154, 155, 151, 158, 159, 152, 153, 27, 41, 166, 167, 168, 169, 170, 171, 176, 177, 180, 181, 164, 184, 185, 186, 187, 165, 87, 86, 172, 173, 78, 198, 199, 200, 201, 79, 206, 207, 194, 195, 208, 214, 215, 209, 196, 212, 213, 218, 219, 221, 220, 224, 225, 203, 231, 228, 233]
  列生成求解结果: 目标值=8.0000， 下界=5.7391， 上界=11.0000
    非整数变量: COL_1-28_338 = 0.127273
  解不是整数，开始分支...
ImposedVertex(vertex=28)
ForbidVertex(vertex=28)
  创建了 2 个分支
    添加分支节点 1: ID=238
    添加分支节点 2: ID=239

处理节点 229
  开始列生成求解...
Set parameter LogToConsole to value 0
Set parameter Threads to value 1
Set parameter Seed to value 0
  定价策略: Exact, node=229, vertices=17
Set parameter PoolSearchMode to value 2
Set parameter PoolSolutions to value 10
[CG 1] RMP=11.000000, pricing=ExactPricingSolver, new_columns=10
[CG 2] RMP=6.160000, pricing=ExactPricingSolver, new_columns=10
[CG 3] RMP=5.739130, pricing=ExactPricingSolver, new_columns=0
  搜索路径: [1, 2, 3, 6, 7, 8, 9, 11, 14, 18, 19, 22, 23, 10, 28, 29, 32, 33, 36, 37, 15, 42, 43, 16, 48, 49, 52, 53, 56, 57, 58, 59, 17, 66, 67, 70, 71, 72, 73, 74, 75, 82, 83, 47, 46, 60, 61, 64, 95, 65, 98, 99, 100, 101, 94, 106, 110, 111, 114, 115, 118, 119, 96, 124, 125, 117, 116, 107, 97, 134, 135, 89, 88, 140, 141, 146, 147, 40, 26, 150, 154, 155, 151, 158, 159, 152, 153, 27, 41, 166, 167, 168, 169, 170, 171, 176, 177, 180, 181, 164, 184, 185, 186, 187, 165, 87, 86, 172, 173, 78, 198, 199, 200, 201, 79, 206, 207, 194, 195, 208, 214, 215, 209, 196, 212, 213, 218, 219, 221, 220, 224, 225, 203, 231, 228, 233, 229]
  列生成求解结果: 目标值=5.7391， 下界=5.7391， 上界=11.0000
    非整数变量: COL_1-18-23-9_37 = 0.239130
  解不是整数，开始分支...
ImposedVertex(vertex=18)
ForbidVertex(vertex=18)
  创建了 2 个分支
    添加分支节点 1: ID=240
    添加分支节点 2: ID=241

处理节点 240
  开始列生成求解...
Set parameter LogToConsole to value 0
Set parameter Threads to value 1
Set parameter Seed to value 0
  定价策略: Exact, node=240, vertices=16
Set parameter PoolSearchMode to value 2
Set parameter PoolSolutions to value 10
[CG 1] RMP=7.000000, pricing=ExactPricingSolver, new_columns=0
  搜索路径: [1, 2, 3, 6, 7, 8, 9, 11, 14, 18, 19, 22, 23, 10, 28, 29, 32, 33, 36, 37, 15, 42, 43, 16, 48, 49, 52, 53, 56, 57, 58, 59, 17, 66, 67, 70, 71, 72, 73, 74, 75, 82, 83, 47, 46, 60, 61, 64, 95, 65, 98, 99, 100, 101, 94, 106, 110, 111, 114, 115, 118, 119, 96, 124, 125, 117, 116, 107, 97, 134, 135, 89, 88, 140, 141, 146, 147, 40, 26, 150, 154, 155, 151, 158, 159, 152, 153, 27, 41, 166, 167, 168, 169, 170, 171, 176, 177, 180, 181, 164, 184, 185, 186, 187, 165, 87, 86, 172, 173, 78, 198, 199, 200, 201, 79, 206, 207, 194, 195, 208, 214, 215, 209, 196, 212, 213, 218, 219, 221, 220, 224, 225, 203, 231, 228, 233, 229, 240]
  列生成求解结果: 目标值=7.0000， 下界=5.7391， 上界=11.0000
    非整数变量: COL_18-24-9_33 = 0.500000
  解不是整数，开始分支...
ImposedVertex(vertex=24)
ForbidVertex(vertex=24)
  创建了 2 个分支
    添加分支节点 1: ID=242
    添加分支节点 2: ID=243

处理节点 241
  开始列生成求解...
Set parameter LogToConsole to value 0
Set parameter Threads to value 1
Set parameter Seed to value 0
  定价策略: Exact, node=241, vertices=16
Set parameter PoolSearchMode to value 2
Set parameter PoolSolutions to value 10
[CG 1] RMP=10.000000, pricing=ExactPricingSolver, new_columns=10
[CG 2] RMP=5.739130, pricing=ExactPricingSolver, new_columns=0
  搜索路径: [1, 2, 3, 6, 7, 8, 9, 11, 14, 18, 19, 22, 23, 10, 28, 29, 32, 33, 36, 37, 15, 42, 43, 16, 48, 49, 52, 53, 56, 57, 58, 59, 17, 66, 67, 70, 71, 72, 73, 74, 75, 82, 83, 47, 46, 60, 61, 64, 95, 65, 98, 99, 100, 101, 94, 106, 110, 111, 114, 115, 118, 119, 96, 124, 125, 117, 116, 107, 97, 134, 135, 89, 88, 140, 141, 146, 147, 40, 26, 150, 154, 155, 151, 158, 159, 152, 153, 27, 41, 166, 167, 168, 169, 170, 171, 176, 177, 180, 181, 164, 184, 185, 186, 187, 165, 87, 86, 172, 173, 78, 198, 199, 200, 201, 79, 206, 207, 194, 195, 208, 214, 215, 209, 196, 212, 213, 218, 219, 221, 220, 224, 225, 203, 231, 228, 233, 229, 240, 241]
  列生成求解结果: 目标值=5.7391， 下界=5.7391， 上界=11.0000
    非整数变量: COL_1-14-21-23-27-9_69 = 0.478261
  解不是整数，开始分支...
ImposedVertex(vertex=14)
ForbidVertex(vertex=14)
  创建了 2 个分支
    添加分支节点 1: ID=244
    添加分支节点 2: ID=245

处理节点 236
  开始列生成求解...
Set parameter LogToConsole to value 0
Set parameter Threads to value 1
Set parameter Seed to value 0
  定价策略: Exact, node=236, vertices=15
Set parameter PoolSearchMode to value 2
Set parameter PoolSolutions to value 10
[CG 1] RMP=7.000000, pricing=ExactPricingSolver, new_columns=10
[CG 2] RMP=7.000000, pricing=ExactPricingSolver, new_columns=10
[CG 3] RMP=6.000000, pricing=ExactPricingSolver, new_columns=0
  搜索路径: [1, 2, 3, 6, 7, 8, 9, 11, 14, 18, 19, 22, 23, 10, 28, 29, 32, 33, 36, 37, 15, 42, 43, 16, 48, 49, 52, 53, 56, 57, 58, 59, 17, 66, 67, 70, 71, 72, 73, 74, 75, 82, 83, 47, 46, 60, 61, 64, 95, 65, 98, 99, 100, 101, 94, 106, 110, 111, 114, 115, 118, 119, 96, 124, 125, 117, 116, 107, 97, 134, 135, 89, 88, 140, 141, 146, 147, 40, 26, 150, 154, 155, 151, 158, 159, 152, 153, 27, 41, 166, 167, 168, 169, 170, 171, 176, 177, 180, 181, 164, 184, 185, 186, 187, 165, 87, 86, 172, 173, 78, 198, 199, 200, 201, 79, 206, 207, 194, 195, 208, 214, 215, 209, 196, 212, 213, 218, 219, 221, 220, 224, 225, 203, 231, 228, 233, 229, 240, 241, 236]
  列生成求解结果: 目标值=6.0000， 下界=5.7391， 上界=11.0000
    非整数变量: COL_15-24-27-7_9 = 0.250000
  解不是整数，开始分支...
ImposedVertex(vertex=24)
ForbidVertex(vertex=24)
  创建了 2 个分支
    添加分支节点 1: ID=246
    添加分支节点 2: ID=247
  进度: 已处理 140 个节点, 剩余 87 个, 当前最优 11.0000, 当前列数: 1267

处理节点 237
  开始列生成求解...
Set parameter LogToConsole to value 0
Set parameter Threads to value 1
Set parameter Seed to value 0
  定价策略: Exact, node=237, vertices=15
Set parameter PoolSearchMode to value 2
Set parameter PoolSolutions to value 10
[CG 1] RMP=14.000000, pricing=ExactPricingSolver, new_columns=10
[CG 2] RMP=5.739130, pricing=ExactPricingSolver, new_columns=0
  搜索路径: [1, 2, 3, 6, 7, 8, 9, 11, 14, 18, 19, 22, 23, 10, 28, 29, 32, 33, 36, 37, 15, 42, 43, 16, 48, 49, 52, 53, 56, 57, 58, 59, 17, 66, 67, 70, 71, 72, 73, 74, 75, 82, 83, 47, 46, 60, 61, 64, 95, 65, 98, 99, 100, 101, 94, 106, 110, 111, 114, 115, 118, 119, 96, 124, 125, 117, 116, 107, 97, 134, 135, 89, 88, 140, 141, 146, 147, 40, 26, 150, 154, 155, 151, 158, 159, 152, 153, 27, 41, 166, 167, 168, 169, 170, 171, 176, 177, 180, 181, 164, 184, 185, 186, 187, 165, 87, 86, 172, 173, 78, 198, 199, 200, 201, 79, 206, 207, 194, 195, 208, 214, 215, 209, 196, 212, 213, 218, 219, 221, 220, 224, 225, 203, 231, 228, 233, 229, 240, 241, 236, 237]
  列生成求解结果: 目标值=5.7391， 下界=5.7391， 上界=11.0000
    非整数变量: COL_1-11-18-23-7-9_42 = 0.285714
  解不是整数，开始分支...
ImposedVertex(vertex=18)
ForbidVertex(vertex=18)
  创建了 2 个分支
    添加分支节点 1: ID=248
    添加分支节点 2: ID=249

处理节点 248
  开始列生成求解...
Set parameter LogToConsole to value 0
Set parameter Threads to value 1
Set parameter Seed to value 0
  定价策略: Exact, node=248, vertices=14
Set parameter PoolSearchMode to value 2
Set parameter PoolSolutions to value 10
[CG 1] RMP=7.000000, pricing=ExactPricingSolver, new_columns=0
  搜索路径: [1, 2, 3, 6, 7, 8, 9, 11, 14, 18, 19, 22, 23, 10, 28, 29, 32, 33, 36, 37, 15, 42, 43, 16, 48, 49, 52, 53, 56, 57, 58, 59, 17, 66, 67, 70, 71, 72, 73, 74, 75, 82, 83, 47, 46, 60, 61, 64, 95, 65, 98, 99, 100, 101, 94, 106, 110, 111, 114, 115, 118, 119, 96, 124, 125, 117, 116, 107, 97, 134, 135, 89, 88, 140, 141, 146, 147, 40, 26, 150, 154, 155, 151, 158, 159, 152, 153, 27, 41, 166, 167, 168, 169, 170, 171, 176, 177, 180, 181, 164, 184, 185, 186, 187, 165, 87, 86, 172, 173, 78, 198, 199, 200, 201, 79, 206, 207, 194, 195, 208, 214, 215, 209, 196, 212, 213, 218, 219, 221, 220, 224, 225, 203, 231, 228, 233, 229, 240, 241, 236, 237, 248]
  列生成求解结果: 目标值=7.0000， 下界=5.7391， 上界=11.0000
    非整数变量: COL_18-23-9_35 = 0.555556
  解不是整数，开始分支...
ImposedVertex(vertex=23)
ForbidVertex(vertex=23)
  创建了 2 个分支
    添加分支节点 1: ID=250
    添加分支节点 2: ID=251

处理节点 249
  开始列生成求解...
Set parameter LogToConsole to value 0
Set parameter Threads to value 1
Set parameter Seed to value 0
  定价策略: Exact, node=249, vertices=14
Set parameter PoolSearchMode to value 2
Set parameter PoolSolutions to value 10
[CG 1] RMP=11.000000, pricing=ExactPricingSolver, new_columns=10
[CG 2] RMP=9.000000, pricing=ExactPricingSolver, new_columns=10
[CG 3] RMP=9.000000, pricing=ExactPricingSolver, new_columns=10
[CG 4] RMP=5.739130, pricing=ExactPricingSolver, new_columns=0
  搜索路径: [1, 2, 3, 6, 7, 8, 9, 11, 14, 18, 19, 22, 23, 10, 28, 29, 32, 33, 36, 37, 15, 42, 43, 16, 48, 49, 52, 53, 56, 57, 58, 59, 17, 66, 67, 70, 71, 72, 73, 74, 75, 82, 83, 47, 46, 60, 61, 64, 95, 65, 98, 99, 100, 101, 94, 106, 110, 111, 114, 115, 118, 119, 96, 124, 125, 117, 116, 107, 97, 134, 135, 89, 88, 140, 141, 146, 147, 40, 26, 150, 154, 155, 151, 158, 159, 152, 153, 27, 41, 166, 167, 168, 169, 170, 171, 176, 177, 180, 181, 164, 184, 185, 186, 187, 165, 87, 86, 172, 173, 78, 198, 199, 200, 201, 79, 206, 207, 194, 195, 208, 214, 215, 209, 196, 212, 213, 218, 219, 221, 220, 224, 225, 203, 231, 228, 233, 229, 240, 241, 236, 237, 248, 249]
  列生成求解结果: 目标值=5.7391， 下界=5.7391， 上界=11.0000
    非整数变量: COL_17-4-7-9_329 = 0.173913
  解不是整数，开始分支...
ImposedVertex(vertex=20)
ForbidVertex(vertex=20)
  创建了 2 个分支
    添加分支节点 1: ID=252
    添加分支节点 2: ID=253

处理节点 244
  开始列生成求解...
Set parameter LogToConsole to value 0
Set parameter Threads to value 1
Set parameter Seed to value 0
  定价策略: Exact, node=244, vertices=15
Set parameter PoolSearchMode to value 2
Set parameter PoolSolutions to value 10
[CG 1] RMP=11.000000, pricing=ExactPricingSolver, new_columns=10
[CG 2] RMP=10.476190, pricing=ExactPricingSolver, new_columns=10
[CG 3] RMP=10.000000, pricing=ExactPricingSolver, new_columns=10
[CG 4] RMP=10.000000, pricing=ExactPricingSolver, new_columns=0
  搜索路径: [1, 2, 3, 6, 7, 8, 9, 11, 14, 18, 19, 22, 23, 10, 28, 29, 32, 33, 36, 37, 15, 42, 43, 16, 48, 49, 52, 53, 56, 57, 58, 59, 17, 66, 67, 70, 71, 72, 73, 74, 75, 82, 83, 47, 46, 60, 61, 64, 95, 65, 98, 99, 100, 101, 94, 106, 110, 111, 114, 115, 118, 119, 96, 124, 125, 117, 116, 107, 97, 134, 135, 89, 88, 140, 141, 146, 147, 40, 26, 150, 154, 155, 151, 158, 159, 152, 153, 27, 41, 166, 167, 168, 169, 170, 171, 176, 177, 180, 181, 164, 184, 185, 186, 187, 165, 87, 86, 172, 173, 78, 198, 199, 200, 201, 79, 206, 207, 194, 195, 208, 214, 215, 209, 196, 212, 213, 218, 219, 221, 220, 224, 225, 203, 231, 228, 233, 229, 240, 241, 236, 237, 248, 249, 244]
  列生成求解结果: 目标值=10.0000， 下界=5.7391， 上界=11.0000
    非整数变量: COL_1-14-21-23-27-7-9_70 = 0.500000
  解不是整数，开始分支...
ImposedVertex(vertex=21)
ForbidVertex(vertex=21)
  创建了 2 个分支
    添加分支节点 1: ID=254
    添加分支节点 2: ID=255

处理节点 245
  开始列生成求解...
Set parameter LogToConsole to value 0
Set parameter Threads to value 1
Set parameter Seed to value 0
  定价策略: Exact, node=245, vertices=15
Set parameter PoolSearchMode to value 2
Set parameter PoolSolutions to value 10
[CG 1] RMP=9.000000, pricing=ExactPricingSolver, new_columns=10
[CG 2] RMP=9.000000, pricing=ExactPricingSolver, new_columns=0
  搜索路径: [1, 2, 3, 6, 7, 8, 9, 11, 14, 18, 19, 22, 23, 10, 28, 29, 32, 33, 36, 37, 15, 42, 43, 16, 48, 49, 52, 53, 56, 57, 58, 59, 17, 66, 67, 70, 71, 72, 73, 74, 75, 82, 83, 47, 46, 60, 61, 64, 95, 65, 98, 99, 100, 101, 94, 106, 110, 111, 114, 115, 118, 119, 96, 124, 125, 117, 116, 107, 97, 134, 135, 89, 88, 140, 141, 146, 147, 40, 26, 150, 154, 155, 151, 158, 159, 152, 153, 27, 41, 166, 167, 168, 169, 170, 171, 176, 177, 180, 181, 164, 184, 185, 186, 187, 165, 87, 86, 172, 173, 78, 198, 199, 200, 201, 79, 206, 207, 194, 195, 208, 214, 215, 209, 196, 212, 213, 218, 219, 221, 220, 224, 225, 203, 231, 228, 233, 229, 240, 241, 236, 237, 248, 249, 244, 245]
  列生成求解结果: 目标值=9.0000， 下界=5.7391， 上界=11.0000
    非整数变量: COL_12-19-23-28-4-7_1232 = 0.500000
  解不是整数，开始分支...
ImposedVertex(vertex=28)
ForbidVertex(vertex=28)
  创建了 2 个分支
    添加分支节点 1: ID=256
    添加分支节点 2: ID=257

处理节点 230
  开始列生成求解...
Set parameter LogToConsole to value 0
Set parameter Threads to value 1
Set parameter Seed to value 0
  定价策略: Exact, node=230, vertices=17
Set parameter PoolSearchMode to value 2
Set parameter PoolSolutions to value 10
[CG 1] RMP=10.000000, pricing=ExactPricingSolver, new_columns=0
  搜索路径: [1, 2, 3, 6, 7, 8, 9, 11, 14, 18, 19, 22, 23, 10, 28, 29, 32, 33, 36, 37, 15, 42, 43, 16, 48, 49, 52, 53, 56, 57, 58, 59, 17, 66, 67, 70, 71, 72, 73, 74, 75, 82, 83, 47, 46, 60, 61, 64, 95, 65, 98, 99, 100, 101, 94, 106, 110, 111, 114, 115, 118, 119, 96, 124, 125, 117, 116, 107, 97, 134, 135, 89, 88, 140, 141, 146, 147, 40, 26, 150, 154, 155, 151, 158, 159, 152, 153, 27, 41, 166, 167, 168, 169, 170, 171, 176, 177, 180, 181, 164, 184, 185, 186, 187, 165, 87, 86, 172, 173, 78, 198, 199, 200, 201, 79, 206, 207, 194, 195, 208, 214, 215, 209, 196, 212, 213, 218, 219, 221, 220, 224, 225, 203, 231, 228, 233, 229, 240, 241, 236, 237, 248, 249, 244, 245, 230]
  列生成求解结果: 目标值=10.0000， 下界=5.7391， 上界=11.0000
    非整数变量: COL_14-21-23-27-3-4-9_73 = 0.375000
  解不是整数，开始分支...
ImposedVertex(vertex=3)
ForbidVertex(vertex=3)
  创建了 2 个分支
    添加分支节点 1: ID=258
    添加分支节点 2: ID=259

处理节点 232
  开始列生成求解...
Set parameter LogToConsole to value 0
Set parameter Threads to value 1
Set parameter Seed to value 0
  定价策略: Exact, node=232, vertices=15
Set parameter PoolSearchMode to value 2
Set parameter PoolSolutions to value 10
[CG 1] RMP=11.000000, pricing=ExactPricingSolver, new_columns=10
[CG 2] RMP=9.000000, pricing=ExactPricingSolver, new_columns=0
  搜索路径: [1, 2, 3, 6, 7, 8, 9, 11, 14, 18, 19, 22, 23, 10, 28, 29, 32, 33, 36, 37, 15, 42, 43, 16, 48, 49, 52, 53, 56, 57, 58, 59, 17, 66, 67, 70, 71, 72, 73, 74, 75, 82, 83, 47, 46, 60, 61, 64, 95, 65, 98, 99, 100, 101, 94, 106, 110, 111, 114, 115, 118, 119, 96, 124, 125, 117, 116, 107, 97, 134, 135, 89, 88, 140, 141, 146, 147, 40, 26, 150, 154, 155, 151, 158, 159, 152, 153, 27, 41, 166, 167, 168, 169, 170, 171, 176, 177, 180, 181, 164, 184, 185, 186, 187, 165, 87, 86, 172, 173, 78, 198, 199, 200, 201, 79, 206, 207, 194, 195, 208, 214, 215, 209, 196, 212, 213, 218, 219, 221, 220, 224, 225, 203, 231, 228, 233, 229, 240, 241, 236, 237, 248, 249, 244, 245, 230, 232]
  列生成求解结果: 目标值=9.0000， 下界=5.7391， 上界=11.0000
    非整数变量: COL_1-11-18-28-9_1027 = 0.200000
  解不是整数，开始分支...
ImposedVertex(vertex=9)
ForbidVertex(vertex=9)
  创建了 2 个分支
    添加分支节点 1: ID=260
    添加分支节点 2: ID=261

处理节点 204
  开始列生成求解...
Set parameter LogToConsole to value 0
Set parameter Threads to value 1
Set parameter Seed to value 0
  定价策略: Exact, node=204, vertices=17
Set parameter PoolSearchMode to value 2
Set parameter PoolSolutions to value 10
[CG 1] RMP=7.000000, pricing=ExactPricingSolver, new_columns=0
  搜索路径: [1, 2, 3, 6, 7, 8, 9, 11, 14, 18, 19, 22, 23, 10, 28, 29, 32, 33, 36, 37, 15, 42, 43, 16, 48, 49, 52, 53, 56, 57, 58, 59, 17, 66, 67, 70, 71, 72, 73, 74, 75, 82, 83, 47, 46, 60, 61, 64, 95, 65, 98, 99, 100, 101, 94, 106, 110, 111, 114, 115, 118, 119, 96, 124, 125, 117, 116, 107, 97, 134, 135, 89, 88, 140, 141, 146, 147, 40, 26, 150, 154, 155, 151, 158, 159, 152, 153, 27, 41, 166, 167, 168, 169, 170, 171, 176, 177, 180, 181, 164, 184, 185, 186, 187, 165, 87, 86, 172, 173, 78, 198, 199, 200, 201, 79, 206, 207, 194, 195, 208, 214, 215, 209, 196, 212, 213, 218, 219, 221, 220, 224, 225, 203, 231, 228, 233, 229, 240, 241, 236, 237, 248, 249, 244, 245, 230, 232, 204]
  列生成求解结果: 目标值=7.0000， 下界=5.7391， 上界=11.0000
    非整数变量: COL_1-21-5-7_61 = 0.370370
  解不是整数，开始分支...
ImposedVertex(vertex=5)
ForbidVertex(vertex=5)
  创建了 2 个分支
    添加分支节点 1: ID=262
    添加分支节点 2: ID=263

处理节点 205
  开始列生成求解...
Set parameter LogToConsole to value 0
Set parameter Threads to value 1
Set parameter Seed to value 0
  定价策略: Exact, node=205, vertices=17
Set parameter PoolSearchMode to value 2
Set parameter PoolSolutions to value 10
[CG 1] RMP=1012.000000, pricing=ExactPricingSolver, new_columns=10
[CG 2] RMP=12.000000, pricing=ExactPricingSolver, new_columns=10
[CG 3] RMP=11.000000, pricing=ExactPricingSolver, new_columns=0
  搜索路径: [1, 2, 3, 6, 7, 8, 9, 11, 14, 18, 19, 22, 23, 10, 28, 29, 32, 33, 36, 37, 15, 42, 43, 16, 48, 49, 52, 53, 56, 57, 58, 59, 17, 66, 67, 70, 71, 72, 73, 74, 75, 82, 83, 47, 46, 60, 61, 64, 95, 65, 98, 99, 100, 101, 94, 106, 110, 111, 114, 115, 118, 119, 96, 124, 125, 117, 116, 107, 97, 134, 135, 89, 88, 140, 141, 146, 147, 40, 26, 150, 154, 155, 151, 158, 159, 152, 153, 27, 41, 166, 167, 168, 169, 170, 171, 176, 177, 180, 181, 164, 184, 185, 186, 187, 165, 87, 86, 172, 173, 78, 198, 199, 200, 201, 79, 206, 207, 194, 195, 208, 214, 215, 209, 196, 212, 213, 218, 219, 221, 220, 224, 225, 203, 231, 228, 233, 229, 240, 241, 236, 237, 248, 249, 244, 245, 230, 232, 204, 205]
  列生成求解结果: 目标值=11.0000， 下界=5.7391， 上界=11.0000

处理节点 197
  开始列生成求解...
Set parameter LogToConsole to value 0
Set parameter Threads to value 1
Set parameter Seed to value 0
  定价策略: Exact, node=197, vertices=19
Set parameter PoolSearchMode to value 2
Set parameter PoolSolutions to value 10
[CG 1] RMP=12.000000, pricing=ExactPricingSolver, new_columns=10
[CG 2] RMP=7.000000, pricing=ExactPricingSolver, new_columns=10
[CG 3] RMP=5.739130, pricing=ExactPricingSolver, new_columns=0
  搜索路径: [1, 2, 3, 6, 7, 8, 9, 11, 14, 18, 19, 22, 23, 10, 28, 29, 32, 33, 36, 37, 15, 42, 43, 16, 48, 49, 52, 53, 56, 57, 58, 59, 17, 66, 67, 70, 71, 72, 73, 74, 75, 82, 83, 47, 46, 60, 61, 64, 95, 65, 98, 99, 100, 101, 94, 106, 110, 111, 114, 115, 118, 119, 96, 124, 125, 117, 116, 107, 97, 134, 135, 89, 88, 140, 141, 146, 147, 40, 26, 150, 154, 155, 151, 158, 159, 152, 153, 27, 41, 166, 167, 168, 169, 170, 171, 176, 177, 180, 181, 164, 184, 185, 186, 187, 165, 87, 86, 172, 173, 78, 198, 199, 200, 201, 79, 206, 207, 194, 195, 208, 214, 215, 209, 196, 212, 213, 218, 219, 221, 220, 224, 225, 203, 231, 228, 233, 229, 240, 241, 236, 237, 248, 249, 244, 245, 230, 232, 204, 205, 197]
  列生成求解结果: 目标值=5.7391， 下界=5.7391， 上界=11.0000
    非整数变量: COL_21_55 = 0.006211
  解不是整数，开始分支...
ImposedVertex(vertex=21)
ForbidVertex(vertex=21)
  创建了 2 个分支
    添加分支节点 1: ID=264
    添加分支节点 2: ID=265
  进度: 已处理 150 个节点, 剩余 95 个, 当前最优 11.0000, 当前列数: 1397

处理节点 202
  开始列生成求解...
Set parameter LogToConsole to value 0
Set parameter Threads to value 1
Set parameter Seed to value 0
  定价策略: Exact, node=202, vertices=16
Set parameter PoolSearchMode to value 2
Set parameter PoolSolutions to value 10
[CG 1] RMP=7.000000, pricing=ExactPricingSolver, new_columns=10
[CG 2] RMP=6.160000, pricing=ExactPricingSolver, new_columns=10
[CG 3] RMP=6.000000, pricing=ExactPricingSolver, new_columns=0
  搜索路径: [1, 2, 3, 6, 7, 8, 9, 11, 14, 18, 19, 22, 23, 10, 28, 29, 32, 33, 36, 37, 15, 42, 43, 16, 48, 49, 52, 53, 56, 57, 58, 59, 17, 66, 67, 70, 71, 72, 73, 74, 75, 82, 83, 47, 46, 60, 61, 64, 95, 65, 98, 99, 100, 101, 94, 106, 110, 111, 114, 115, 118, 119, 96, 124, 125, 117, 116, 107, 97, 134, 135, 89, 88, 140, 141, 146, 147, 40, 26, 150, 154, 155, 151, 158, 159, 152, 153, 27, 41, 166, 167, 168, 169, 170, 171, 176, 177, 180, 181, 164, 184, 185, 186, 187, 165, 87, 86, 172, 173, 78, 198, 199, 200, 201, 79, 206, 207, 194, 195, 208, 214, 215, 209, 196, 212, 213, 218, 219, 221, 220, 224, 225, 203, 231, 228, 233, 229, 240, 241, 236, 237, 248, 249, 244, 245, 230, 232, 204, 205, 197, 202]
  列生成求解结果: 目标值=6.0000， 下界=5.7391， 上界=11.0000
    非整数变量: COL_11-15-20-25_23 = 0.250000
  解不是整数，开始分支...
ImposedVertex(vertex=20)
ForbidVertex(vertex=20)
  创建了 2 个分支
    添加分支节点 1: ID=266
    添加分支节点 2: ID=267

处理节点 264
  开始列生成求解...
Set parameter LogToConsole to value 0
Set parameter Threads to value 1
Set parameter Seed to value 0
  定价策略: Exact, node=264, vertices=18
Set parameter PoolSearchMode to value 2
Set parameter PoolSolutions to value 10
[CG 1] RMP=9.000000, pricing=ExactPricingSolver, new_columns=0
  搜索路径: [1, 2, 3, 6, 7, 8, 9, 11, 14, 18, 19, 22, 23, 10, 28, 29, 32, 33, 36, 37, 15, 42, 43, 16, 48, 49, 52, 53, 56, 57, 58, 59, 17, 66, 67, 70, 71, 72, 73, 74, 75, 82, 83, 47, 46, 60, 61, 64, 95, 65, 98, 99, 100, 101, 94, 106, 110, 111, 114, 115, 118, 119, 96, 124, 125, 117, 116, 107, 97, 134, 135, 89, 88, 140, 141, 146, 147, 40, 26, 150, 154, 155, 151, 158, 159, 152, 153, 27, 41, 166, 167, 168, 169, 170, 171, 176, 177, 180, 181, 164, 184, 185, 186, 187, 165, 87, 86, 172, 173, 78, 198, 199, 200, 201, 79, 206, 207, 194, 195, 208, 214, 215, 209, 196, 212, 213, 218, 219, 221, 220, 224, 225, 203, 231, 228, 233, 229, 240, 241, 236, 237, 248, 249, 244, 245, 230, 232, 204, 205, 197, 202, 264]
  列生成求解结果: 目标值=9.0000， 下界=5.7391， 上界=11.0000
    非整数变量: COL_17-19-4_333 = 0.250000
  解不是整数，开始分支...
ImposedVertex(vertex=19)
ForbidVertex(vertex=19)
  创建了 2 个分支
    添加分支节点 1: ID=268
    添加分支节点 2: ID=269

处理节点 265
  开始列生成求解...
Set parameter LogToConsole to value 0
Set parameter Threads to value 1
Set parameter Seed to value 0
  定价策略: Exact, node=265, vertices=18
Set parameter PoolSearchMode to value 2
Set parameter PoolSolutions to value 10
[CG 1] RMP=8.000000, pricing=ExactPricingSolver, new_columns=0
  搜索路径: [1, 2, 3, 6, 7, 8, 9, 11, 14, 18, 19, 22, 23, 10, 28, 29, 32, 33, 36, 37, 15, 42, 43, 16, 48, 49, 52, 53, 56, 57, 58, 59, 17, 66, 67, 70, 71, 72, 73, 74, 75, 82, 83, 47, 46, 60, 61, 64, 95, 65, 98, 99, 100, 101, 94, 106, 110, 111, 114, 115, 118, 119, 96, 124, 125, 117, 116, 107, 97, 134, 135, 89, 88, 140, 141, 146, 147, 40, 26, 150, 154, 155, 151, 158, 159, 152, 153, 27, 41, 166, 167, 168, 169, 170, 171, 176, 177, 180, 181, 164, 184, 185, 186, 187, 165, 87, 86, 172, 173, 78, 198, 199, 200, 201, 79, 206, 207, 194, 195, 208, 214, 215, 209, 196, 212, 213, 218, 219, 221, 220, 224, 225, 203, 231, 228, 233, 229, 240, 241, 236, 237, 248, 249, 244, 245, 230, 232, 204, 205, 197, 202, 264, 265]
  列生成求解结果: 目标值=8.0000， 下界=5.7391， 上界=11.0000
    非整数变量: COL_17-19-4_333 = 0.111111
  解不是整数，开始分支...
ImposedVertex(vertex=19)
ForbidVertex(vertex=19)
  创建了 2 个分支
    添加分支节点 1: ID=270
    添加分支节点 2: ID=271

处理节点 252
  开始列生成求解...
Set parameter LogToConsole to value 0
Set parameter Threads to value 1
Set parameter Seed to value 0
  定价策略: Exact, node=252, vertices=13
Set parameter PoolSearchMode to value 2
Set parameter PoolSolutions to value 10
[CG 1] RMP=8.000000, pricing=ExactPricingSolver, new_columns=0
  搜索路径: [1, 2, 3, 6, 7, 8, 9, 11, 14, 18, 19, 22, 23, 10, 28, 29, 32, 33, 36, 37, 15, 42, 43, 16, 48, 49, 52, 53, 56, 57, 58, 59, 17, 66, 67, 70, 71, 72, 73, 74, 75, 82, 83, 47, 46, 60, 61, 64, 95, 65, 98, 99, 100, 101, 94, 106, 110, 111, 114, 115, 118, 119, 96, 124, 125, 117, 116, 107, 97, 134, 135, 89, 88, 140, 141, 146, 147, 40, 26, 150, 154, 155, 151, 158, 159, 152, 153, 27, 41, 166, 167, 168, 169, 170, 171, 176, 177, 180, 181, 164, 184, 185, 186, 187, 165, 87, 86, 172, 173, 78, 198, 199, 200, 201, 79, 206, 207, 194, 195, 208, 214, 215, 209, 196, 212, 213, 218, 219, 221, 220, 224, 225, 203, 231, 228, 233, 229, 240, 241, 236, 237, 248, 249, 244, 245, 230, 232, 204, 205, 197, 202, 264, 265, 252]
  列生成求解结果: 目标值=8.0000， 下界=5.7391， 上界=11.0000
    非整数变量: COL_17-19-4_333 = 0.500000
  解不是整数，开始分支...
ImposedVertex(vertex=24)
ForbidVertex(vertex=24)
  创建了 2 个分支
    添加分支节点 1: ID=272
    添加分支节点 2: ID=273

处理节点 253
  开始列生成求解...
Set parameter LogToConsole to value 0
Set parameter Threads to value 1
Set parameter Seed to value 0
  定价策略: Exact, node=253, vertices=13
Set parameter PoolSearchMode to value 2
Set parameter PoolSolutions to value 10
[CG 1] RMP=9.000000, pricing=ExactPricingSolver, new_columns=0
  搜索路径: [1, 2, 3, 6, 7, 8, 9, 11, 14, 18, 19, 22, 23, 10, 28, 29, 32, 33, 36, 37, 15, 42, 43, 16, 48, 49, 52, 53, 56, 57, 58, 59, 17, 66, 67, 70, 71, 72, 73, 74, 75, 82, 83, 47, 46, 60, 61, 64, 95, 65, 98, 99, 100, 101, 94, 106, 110, 111, 114, 115, 118, 119, 96, 124, 125, 117, 116, 107, 97, 134, 135, 89, 88, 140, 141, 146, 147, 40, 26, 150, 154, 155, 151, 158, 159, 152, 153, 27, 41, 166, 167, 168, 169, 170, 171, 176, 177, 180, 181, 164, 184, 185, 186, 187, 165, 87, 86, 172, 173, 78, 198, 199, 200, 201, 79, 206, 207, 194, 195, 208, 214, 215, 209, 196, 212, 213, 218, 219, 221, 220, 224, 225, 203, 231, 228, 233, 229, 240, 241, 236, 237, 248, 249, 244, 245, 230, 232, 204, 205, 197, 202, 264, 265, 252, 253]
  列生成求解结果: 目标值=9.0000， 下界=5.7391， 上界=11.0000
    非整数变量: COL_1-11-19-21-23-27_1302 = 0.818182
  解不是整数，开始分支...
ImposedVertex(vertex=27)
ForbidVertex(vertex=27)
  创建了 2 个分支
    添加分支节点 1: ID=274
    添加分支节点 2: ID=275

处理节点 145
  开始列生成求解...
Set parameter LogToConsole to value 0
Set parameter Threads to value 1
Set parameter Seed to value 0
  定价策略: Exact, node=145, vertices=18
Set parameter PoolSearchMode to value 2
Set parameter PoolSolutions to value 10
[CG 1] RMP=7.000000, pricing=ExactPricingSolver, new_columns=0
  搜索路径: [1, 2, 3, 6, 7, 8, 9, 11, 14, 18, 19, 22, 23, 10, 28, 29, 32, 33, 36, 37, 15, 42, 43, 16, 48, 49, 52, 53, 56, 57, 58, 59, 17, 66, 67, 70, 71, 72, 73, 74, 75, 82, 83, 47, 46, 60, 61, 64, 95, 65, 98, 99, 100, 101, 94, 106, 110, 111, 114, 115, 118, 119, 96, 124, 125, 117, 116, 107, 97, 134, 135, 89, 88, 140, 141, 146, 147, 40, 26, 150, 154, 155, 151, 158, 159, 152, 153, 27, 41, 166, 167, 168, 169, 170, 171, 176, 177, 180, 181, 164, 184, 185, 186, 187, 165, 87, 86, 172, 173, 78, 198, 199, 200, 201, 79, 206, 207, 194, 195, 208, 214, 215, 209, 196, 212, 213, 218, 219, 221, 220, 224, 225, 203, 231, 228, 233, 229, 240, 241, 236, 237, 248, 249, 244, 245, 230, 232, 204, 205, 197, 202, 264, 265, 252, 253, 145]
  列生成求解结果: 目标值=7.0000， 下界=6.0000， 上界=11.0000
    非整数变量: COL_11-15-20-25_23 = 0.291667
  解不是整数，开始分支...
ImposedVertex(vertex=11)
ForbidVertex(vertex=11)
  创建了 2 个分支
    添加分支节点 1: ID=276
    添加分支节点 2: ID=277

处理节点 246
  开始列生成求解...
Set parameter LogToConsole to value 0
Set parameter Threads to value 1
Set parameter Seed to value 0
  定价策略: Exact, node=246, vertices=14
Set parameter PoolSearchMode to value 2
Set parameter PoolSolutions to value 10
[CG 1] RMP=510.500000, pricing=ExactPricingSolver, new_columns=10
[CG 2] RMP=9.000000, pricing=ExactPricingSolver, new_columns=0
  搜索路径: [1, 2, 3, 6, 7, 8, 9, 11, 14, 18, 19, 22, 23, 10, 28, 29, 32, 33, 36, 37, 15, 42, 43, 16, 48, 49, 52, 53, 56, 57, 58, 59, 17, 66, 67, 70, 71, 72, 73, 74, 75, 82, 83, 47, 46, 60, 61, 64, 95, 65, 98, 99, 100, 101, 94, 106, 110, 111, 114, 115, 118, 119, 96, 124, 125, 117, 116, 107, 97, 134, 135, 89, 88, 140, 141, 146, 147, 40, 26, 150, 154, 155, 151, 158, 159, 152, 153, 27, 41, 166, 167, 168, 169, 170, 171, 176, 177, 180, 181, 164, 184, 185, 186, 187, 165, 87, 86, 172, 173, 78, 198, 199, 200, 201, 79, 206, 207, 194, 195, 208, 214, 215, 209, 196, 212, 213, 218, 219, 221, 220, 224, 225, 203, 231, 228, 233, 229, 240, 241, 236, 237, 248, 249, 244, 245, 230, 232, 204, 205, 197, 202, 264, 265, 252, 253, 145, 246]
  列生成求解结果: 目标值=9.0000， 下界=6.0000， 上界=11.0000
    非整数变量: COL_18-24-9_33 = 0.100000
  解不是整数，开始分支...
ImposedVertex(vertex=18)
ForbidVertex(vertex=18)
  创建了 2 个分支
    添加分支节点 1: ID=278
    添加分支节点 2: ID=279

处理节点 247
  开始列生成求解...
Set parameter LogToConsole to value 0
Set parameter Threads to value 1
Set parameter Seed to value 0
  定价策略: Exact, node=247, vertices=14
Set parameter PoolSearchMode to value 2
Set parameter PoolSolutions to value 10
[CG 1] RMP=6.000000, pricing=ExactPricingSolver, new_columns=0
  搜索路径: [1, 2, 3, 6, 7, 8, 9, 11, 14, 18, 19, 22, 23, 10, 28, 29, 32, 33, 36, 37, 15, 42, 43, 16, 48, 49, 52, 53, 56, 57, 58, 59, 17, 66, 67, 70, 71, 72, 73, 74, 75, 82, 83, 47, 46, 60, 61, 64, 95, 65, 98, 99, 100, 101, 94, 106, 110, 111, 114, 115, 118, 119, 96, 124, 125, 117, 116, 107, 97, 134, 135, 89, 88, 140, 141, 146, 147, 40, 26, 150, 154, 155, 151, 158, 159, 152, 153, 27, 41, 166, 167, 168, 169, 170, 171, 176, 177, 180, 181, 164, 184, 185, 186, 187, 165, 87, 86, 172, 173, 78, 198, 199, 200, 201, 79, 206, 207, 194, 195, 208, 214, 215, 209, 196, 212, 213, 218, 219, 221, 220, 224, 225, 203, 231, 228, 233, 229, 240, 241, 236, 237, 248, 249, 244, 245, 230, 232, 204, 205, 197, 202, 264, 265, 252, 253, 145, 246, 247]
  列生成求解结果: 目标值=6.0000， 下界=6.0000， 上界=11.0000
    非整数变量: COL_23_5 = 0.119048
  解不是整数，开始分支...
ImposedVertex(vertex=18)
ForbidVertex(vertex=18)
  创建了 2 个分支
    添加分支节点 1: ID=280
    添加分支节点 2: ID=281

处理节点 222
  开始列生成求解...
Set parameter LogToConsole to value 0
Set parameter Threads to value 1
Set parameter Seed to value 0
  定价策略: Exact, node=222, vertices=18
Set parameter PoolSearchMode to value 2
Set parameter PoolSolutions to value 10
[CG 1] RMP=8.000000, pricing=ExactPricingSolver, new_columns=0
  搜索路径: [1, 2, 3, 6, 7, 8, 9, 11, 14, 18, 19, 22, 23, 10, 28, 29, 32, 33, 36, 37, 15, 42, 43, 16, 48, 49, 52, 53, 56, 57, 58, 59, 17, 66, 67, 70, 71, 72, 73, 74, 75, 82, 83, 47, 46, 60, 61, 64, 95, 65, 98, 99, 100, 101, 94, 106, 110, 111, 114, 115, 118, 119, 96, 124, 125, 117, 116, 107, 97, 134, 135, 89, 88, 140, 141, 146, 147, 40, 26, 150, 154, 155, 151, 158, 159, 152, 153, 27, 41, 166, 167, 168, 169, 170, 171, 176, 177, 180, 181, 164, 184, 185, 186, 187, 165, 87, 86, 172, 173, 78, 198, 199, 200, 201, 79, 206, 207, 194, 195, 208, 214, 215, 209, 196, 212, 213, 218, 219, 221, 220, 224, 225, 203, 231, 228, 233, 229, 240, 241, 236, 237, 248, 249, 244, 245, 230, 232, 204, 205, 197, 202, 264, 265, 252, 253, 145, 246, 247, 222]
  列生成求解结果: 目标值=8.0000， 下界=6.0000， 上界=11.0000
    非整数变量: COL_15-25-27-8_11 = 0.151515
  解不是整数，开始分支...
ImposedVertex(vertex=8)
ForbidVertex(vertex=8)
  创建了 2 个分支
    添加分支节点 1: ID=282
    添加分支节点 2: ID=283

处理节点 280
  开始列生成求解...
Set parameter LogToConsole to value 0
Set parameter Threads to value 1
Set parameter Seed to value 0
  定价策略: Exact, node=280, vertices=13
Set parameter PoolSearchMode to value 2
Set parameter PoolSolutions to value 10
[CG 1] RMP=7.000000, pricing=ExactPricingSolver, new_columns=0
  搜索路径: [1, 2, 3, 6, 7, 8, 9, 11, 14, 18, 19, 22, 23, 10, 28, 29, 32, 33, 36, 37, 15, 42, 43, 16, 48, 49, 52, 53, 56, 57, 58, 59, 17, 66, 67, 70, 71, 72, 73, 74, 75, 82, 83, 47, 46, 60, 61, 64, 95, 65, 98, 99, 100, 101, 94, 106, 110, 111, 114, 115, 118, 119, 96, 124, 125, 117, 116, 107, 97, 134, 135, 89, 88, 140, 141, 146, 147, 40, 26, 150, 154, 155, 151, 158, 159, 152, 153, 27, 41, 166, 167, 168, 169, 170, 171, 176, 177, 180, 181, 164, 184, 185, 186, 187, 165, 87, 86, 172, 173, 78, 198, 199, 200, 201, 79, 206, 207, 194, 195, 208, 214, 215, 209, 196, 212, 213, 218, 219, 221, 220, 224, 225, 203, 231, 228, 233, 229, 240, 241, 236, 237, 248, 249, 244, 245, 230, 232, 204, 205, 197, 202, 264, 265, 252, 253, 145, 246, 247, 222, 280]
  列生成求解结果: 目标值=7.0000， 下界=6.0000， 上界=11.0000
    非整数变量: COL_23_5 = 0.208333
  解不是整数，开始分支...
ImposedVertex(vertex=6)
ForbidVertex(vertex=6)
  创建了 2 个分支
    添加分支节点 1: ID=284
    添加分支节点 2: ID=285
  进度: 已处理 160 个节点, 剩余 105 个, 当前最优 11.0000, 当前列数: 1427

处理节点 281
  开始列生成求解...
Set parameter LogToConsole to value 0
Set parameter Threads to value 1
Set parameter Seed to value 0
  定价策略: Exact, node=281, vertices=13
Set parameter PoolSearchMode to value 2
Set parameter PoolSolutions to value 10
[CG 1] RMP=11.000000, pricing=ExactPricingSolver, new_columns=10
[CG 2] RMP=8.000000, pricing=ExactPricingSolver, new_columns=10
[CG 3] RMP=6.000000, pricing=ExactPricingSolver, new_columns=10
[CG 4] RMP=6.000000, pricing=ExactPricingSolver, new_columns=0
  搜索路径: [1, 2, 3, 6, 7, 8, 9, 11, 14, 18, 19, 22, 23, 10, 28, 29, 32, 33, 36, 37, 15, 42, 43, 16, 48, 49, 52, 53, 56, 57, 58, 59, 17, 66, 67, 70, 71, 72, 73, 74, 75, 82, 83, 47, 46, 60, 61, 64, 95, 65, 98, 99, 100, 101, 94, 106, 110, 111, 114, 115, 118, 119, 96, 124, 125, 117, 116, 107, 97, 134, 135, 89, 88, 140, 141, 146, 147, 40, 26, 150, 154, 155, 151, 158, 159, 152, 153, 27, 41, 166, 167, 168, 169, 170, 171, 176, 177, 180, 181, 164, 184, 185, 186, 187, 165, 87, 86, 172, 173, 78, 198, 199, 200, 201, 79, 206, 207, 194, 195, 208, 214, 215, 209, 196, 212, 213, 218, 219, 221, 220, 224, 225, 203, 231, 228, 233, 229, 240, 241, 236, 237, 248, 249, 244, 245, 230, 232, 204, 205, 197, 202, 264, 265, 252, 253, 145, 246, 247, 222, 280, 281]
  列生成求解结果: 目标值=6.0000， 下界=6.0000， 上界=11.0000
    非整数变量: COL_11-15-21-4-7-9_1256 = 0.250000
  解不是整数，开始分支...
ImposedVertex(vertex=21)
ForbidVertex(vertex=21)
  创建了 2 个分支
    添加分支节点 1: ID=286
    添加分支节点 2: ID=287

处理节点 217
  开始列生成求解...
Set parameter LogToConsole to value 0
Set parameter Threads to value 1
Set parameter Seed to value 0
  定价策略: Exact, node=217, vertices=16
Set parameter PoolSearchMode to value 2
Set parameter PoolSolutions to value 10
[CG 1] RMP=12.000000, pricing=ExactPricingSolver, new_columns=10
[CG 2] RMP=9.000000, pricing=ExactPricingSolver, new_columns=0
  搜索路径: [1, 2, 3, 6, 7, 8, 9, 11, 14, 18, 19, 22, 23, 10, 28, 29, 32, 33, 36, 37, 15, 42, 43, 16, 48, 49, 52, 53, 56, 57, 58, 59, 17, 66, 67, 70, 71, 72, 73, 74, 75, 82, 83, 47, 46, 60, 61, 64, 95, 65, 98, 99, 100, 101, 94, 106, 110, 111, 114, 115, 118, 119, 96, 124, 125, 117, 116, 107, 97, 134, 135, 89, 88, 140, 141, 146, 147, 40, 26, 150, 154, 155, 151, 158, 159, 152, 153, 27, 41, 166, 167, 168, 169, 170, 171, 176, 177, 180, 181, 164, 184, 185, 186, 187, 165, 87, 86, 172, 173, 78, 198, 199, 200, 201, 79, 206, 207, 194, 195, 208, 214, 215, 209, 196, 212, 213, 218, 219, 221, 220, 224, 225, 203, 231, 228, 233, 229, 240, 241, 236, 237, 248, 249, 244, 245, 230, 232, 204, 205, 197, 202, 264, 265, 252, 253, 145, 246, 247, 222, 280, 281, 217]
  列生成求解结果: 目标值=9.0000， 下界=6.0000， 上界=11.0000
    非整数变量: COL_15-24-27-7_9 = 0.181818
  解不是整数，开始分支...
ImposedVertex(vertex=27)
ForbidVertex(vertex=27)
  创建了 2 个分支
    添加分支节点 1: ID=288
    添加分支节点 2: ID=289

处理节点 286
  开始列生成求解...
Set parameter LogToConsole to value 0
Set parameter Threads to value 1
Set parameter Seed to value 0
  定价策略: Exact, node=286, vertices=12
Set parameter PoolSearchMode to value 2
Set parameter PoolSolutions to value 10
[CG 1] RMP=2010.000000, pricing=ExactPricingSolver, new_columns=10
[CG 2] RMP=9.000000, pricing=ExactPricingSolver, new_columns=0
  搜索路径: [1, 2, 3, 6, 7, 8, 9, 11, 14, 18, 19, 22, 23, 10, 28, 29, 32, 33, 36, 37, 15, 42, 43, 16, 48, 49, 52, 53, 56, 57, 58, 59, 17, 66, 67, 70, 71, 72, 73, 74, 75, 82, 83, 47, 46, 60, 61, 64, 95, 65, 98, 99, 100, 101, 94, 106, 110, 111, 114, 115, 118, 119, 96, 124, 125, 117, 116, 107, 97, 134, 135, 89, 88, 140, 141, 146, 147, 40, 26, 150, 154, 155, 151, 158, 159, 152, 153, 27, 41, 166, 167, 168, 169, 170, 171, 176, 177, 180, 181, 164, 184, 185, 186, 187, 165, 87, 86, 172, 173, 78, 198, 199, 200, 201, 79, 206, 207, 194, 195, 208, 214, 215, 209, 196, 212, 213, 218, 219, 221, 220, 224, 225, 203, 231, 228, 233, 229, 240, 241, 236, 237, 248, 249, 244, 245, 230, 232, 204, 205, 197, 202, 264, 265, 252, 253, 145, 246, 247, 222, 280, 281, 217, 286]
  列生成求解结果: 目标值=9.0000， 下界=6.0000， 上界=11.0000
    非整数变量: COL_11-4-7-9_1251 = 0.136364
  解不是整数，开始分支...
ImposedVertex(vertex=28)
ForbidVertex(vertex=28)
  创建了 2 个分支
    添加分支节点 1: ID=290
    添加分支节点 2: ID=291

处理节点 287
  开始列生成求解...
Set parameter LogToConsole to value 0
Set parameter Threads to value 1
Set parameter Seed to value 0
  定价策略: Exact, node=287, vertices=12
Set parameter PoolSearchMode to value 2
Set parameter PoolSolutions to value 10
[CG 1] RMP=8.000000, pricing=ExactPricingSolver, new_columns=0
  搜索路径: [1, 2, 3, 6, 7, 8, 9, 11, 14, 18, 19, 22, 23, 10, 28, 29, 32, 33, 36, 37, 15, 42, 43, 16, 48, 49, 52, 53, 56, 57, 58, 59, 17, 66, 67, 70, 71, 72, 73, 74, 75, 82, 83, 47, 46, 60, 61, 64, 95, 65, 98, 99, 100, 101, 94, 106, 110, 111, 114, 115, 118, 119, 96, 124, 125, 117, 116, 107, 97, 134, 135, 89, 88, 140, 141, 146, 147, 40, 26, 150, 154, 155, 151, 158, 159, 152, 153, 27, 41, 166, 167, 168, 169, 170, 171, 176, 177, 180, 181, 164, 184, 185, 186, 187, 165, 87, 86, 172, 173, 78, 198, 199, 200, 201, 79, 206, 207, 194, 195, 208, 214, 215, 209, 196, 212, 213, 218, 219, 221, 220, 224, 225, 203, 231, 228, 233, 229, 240, 241, 236, 237, 248, 249, 244, 245, 230, 232, 204, 205, 197, 202, 264, 265, 252, 253, 145, 246, 247, 222, 280, 281, 217, 286, 287]
  列生成求解结果: 目标值=8.0000， 下界=6.0000， 上界=11.0000
    非整数变量: COL_1-19_1258 = 0.272727
  解不是整数，开始分支...
ImposedVertex(vertex=27)
ForbidVertex(vertex=27)
  创建了 2 个分支
    添加分支节点 1: ID=292
    添加分支节点 2: ID=293

处理节点 223
  开始列生成求解...
Set parameter LogToConsole to value 0
Set parameter Threads to value 1
Set parameter Seed to value 0
  定价策略: Exact, node=223, vertices=18
Set parameter PoolSearchMode to value 2
Set parameter PoolSolutions to value 10
[CG 1] RMP=11.000000, pricing=ExactPricingSolver, new_columns=10
[CG 2] RMP=9.000000, pricing=ExactPricingSolver, new_columns=0
  搜索路径: [1, 2, 3, 6, 7, 8, 9, 11, 14, 18, 19, 22, 23, 10, 28, 29, 32, 33, 36, 37, 15, 42, 43, 16, 48, 49, 52, 53, 56, 57, 58, 59, 17, 66, 67, 70, 71, 72, 73, 74, 75, 82, 83, 47, 46, 60, 61, 64, 95, 65, 98, 99, 100, 101, 94, 106, 110, 111, 114, 115, 118, 119, 96, 124, 125, 117, 116, 107, 97, 134, 135, 89, 88, 140, 141, 146, 147, 40, 26, 150, 154, 155, 151, 158, 159, 152, 153, 27, 41, 166, 167, 168, 169, 170, 171, 176, 177, 180, 181, 164, 184, 185, 186, 187, 165, 87, 86, 172, 173, 78, 198, 199, 200, 201, 79, 206, 207, 194, 195, 208, 214, 215, 209, 196, 212, 213, 218, 219, 221, 220, 224, 225, 203, 231, 228, 233, 229, 240, 241, 236, 237, 248, 249, 244, 245, 230, 232, 204, 205, 197, 202, 264, 265, 252, 253, 145, 246, 247, 222, 280, 281, 217, 286, 287, 223]
  列生成求解结果: 目标值=9.0000， 下界=6.0000， 上界=11.0000
    非整数变量: COL_11-2-28-4-7-9_344 = 0.181818
  解不是整数，开始分支...
ImposedVertex(vertex=2)
ForbidVertex(vertex=2)
  创建了 2 个分支
    添加分支节点 1: ID=294
    添加分支节点 2: ID=295

处理节点 216
  开始列生成求解...
Set parameter LogToConsole to value 0
Set parameter Threads to value 1
Set parameter Seed to value 0
  定价策略: Exact, node=216, vertices=16
Set parameter PoolSearchMode to value 2
Set parameter PoolSolutions to value 10
[CG 1] RMP=6.000000, pricing=ExactPricingSolver, new_columns=0
  搜索路径: [1, 2, 3, 6, 7, 8, 9, 11, 14, 18, 19, 22, 23, 10, 28, 29, 32, 33, 36, 37, 15, 42, 43, 16, 48, 49, 52, 53, 56, 57, 58, 59, 17, 66, 67, 70, 71, 72, 73, 74, 75, 82, 83, 47, 46, 60, 61, 64, 95, 65, 98, 99, 100, 101, 94, 106, 110, 111, 114, 115, 118, 119, 96, 124, 125, 117, 116, 107, 97, 134, 135, 89, 88, 140, 141, 146, 147, 40, 26, 150, 154, 155, 151, 158, 159, 152, 153, 27, 41, 166, 167, 168, 169, 170, 171, 176, 177, 180, 181, 164, 184, 185, 186, 187, 165, 87, 86, 172, 173, 78, 198, 199, 200, 201, 79, 206, 207, 194, 195, 208, 214, 215, 209, 196, 212, 213, 218, 219, 221, 220, 224, 225, 203, 231, 228, 233, 229, 240, 241, 236, 237, 248, 249, 244, 245, 230, 232, 204, 205, 197, 202, 264, 265, 252, 253, 145, 246, 247, 222, 280, 281, 217, 286, 287, 223, 216]
  列生成求解结果: 目标值=6.0000， 下界=6.0000， 上界=11.0000
    非整数变量: COL_1-15-23-27-5-7_16 = 0.242424
  解不是整数，开始分支...
ImposedVertex(vertex=27)
ForbidVertex(vertex=27)
  创建了 2 个分支
    添加分支节点 1: ID=296
    添加分支节点 2: ID=297

处理节点 144
  开始列生成求解...
Set parameter LogToConsole to value 0
Set parameter Threads to value 1
Set parameter Seed to value 0
  定价策略: Exact, node=144, vertices=18
Set parameter PoolSearchMode to value 2
Set parameter PoolSolutions to value 10
[CG 1] RMP=6.000000, pricing=ExactPricingSolver, new_columns=0
  搜索路径: [1, 2, 3, 6, 7, 8, 9, 11, 14, 18, 19, 22, 23, 10, 28, 29, 32, 33, 36, 37, 15, 42, 43, 16, 48, 49, 52, 53, 56, 57, 58, 59, 17, 66, 67, 70, 71, 72, 73, 74, 75, 82, 83, 47, 46, 60, 61, 64, 95, 65, 98, 99, 100, 101, 94, 106, 110, 111, 114, 115, 118, 119, 96, 124, 125, 117, 116, 107, 97, 134, 135, 89, 88, 140, 141, 146, 147, 40, 26, 150, 154, 155, 151, 158, 159, 152, 153, 27, 41, 166, 167, 168, 169, 170, 171, 176, 177, 180, 181, 164, 184, 185, 186, 187, 165, 87, 86, 172, 173, 78, 198, 199, 200, 201, 79, 206, 207, 194, 195, 208, 214, 215, 209, 196, 212, 213, 218, 219, 221, 220, 224, 225, 203, 231, 228, 233, 229, 240, 241, 236, 237, 248, 249, 244, 245, 230, 232, 204, 205, 197, 202, 264, 265, 252, 253, 145, 246, 247, 222, 280, 281, 217, 286, 287, 223, 216, 144]
  列生成求解结果: 目标值=6.0000， 下界=6.0000， 上界=11.0000
    非整数变量: COL_19-20-26_44 = 0.500000
  解不是整数，开始分支...
ImposedVertex(vertex=20)
ForbidVertex(vertex=20)
  创建了 2 个分支
    添加分支节点 1: ID=298
    添加分支节点 2: ID=299

处理节点 296
  开始列生成求解...
Set parameter LogToConsole to value 0
Set parameter Threads to value 1
Set parameter Seed to value 0
  定价策略: Exact, node=296, vertices=15
Set parameter PoolSearchMode to value 2
Set parameter PoolSolutions to value 10
[CG 1] RMP=11.000000, pricing=ExactPricingSolver, new_columns=0
  搜索路径: [1, 2, 3, 6, 7, 8, 9, 11, 14, 18, 19, 22, 23, 10, 28, 29, 32, 33, 36, 37, 15, 42, 43, 16, 48, 49, 52, 53, 56, 57, 58, 59, 17, 66, 67, 70, 71, 72, 73, 74, 75, 82, 83, 47, 46, 60, 61, 64, 95, 65, 98, 99, 100, 101, 94, 106, 110, 111, 114, 115, 118, 119, 96, 124, 125, 117, 116, 107, 97, 134, 135, 89, 88, 140, 141, 146, 147, 40, 26, 150, 154, 155, 151, 158, 159, 152, 153, 27, 41, 166, 167, 168, 169, 170, 171, 176, 177, 180, 181, 164, 184, 185, 186, 187, 165, 87, 86, 172, 173, 78, 198, 199, 200, 201, 79, 206, 207, 194, 195, 208, 214, 215, 209, 196, 212, 213, 218, 219, 221, 220, 224, 225, 203, 231, 228, 233, 229, 240, 241, 236, 237, 248, 249, 244, 245, 230, 232, 204, 205, 197, 202, 264, 265, 252, 253, 145, 246, 247, 222, 280, 281, 217, 286, 287, 223, 216, 144, 296]
  列生成求解结果: 目标值=11.0000， 下界=6.0000， 上界=11.0000

处理节点 297
  开始列生成求解...
Set parameter LogToConsole to value 0
Set parameter Threads to value 1
Set parameter Seed to value 0
  定价策略: Exact, node=297, vertices=15
Set parameter PoolSearchMode to value 2
Set parameter PoolSolutions to value 10
[CG 1] RMP=12.000000, pricing=ExactPricingSolver, new_columns=0
  搜索路径: [1, 2, 3, 6, 7, 8, 9, 11, 14, 18, 19, 22, 23, 10, 28, 29, 32, 33, 36, 37, 15, 42, 43, 16, 48, 49, 52, 53, 56, 57, 58, 59, 17, 66, 67, 70, 71, 72, 73, 74, 75, 82, 83, 47, 46, 60, 61, 64, 95, 65, 98, 99, 100, 101, 94, 106, 110, 111, 114, 115, 118, 119, 96, 124, 125, 117, 116, 107, 97, 134, 135, 89, 88, 140, 141, 146, 147, 40, 26, 150, 154, 155, 151, 158, 159, 152, 153, 27, 41, 166, 167, 168, 169, 170, 171, 176, 177, 180, 181, 164, 184, 185, 186, 187, 165, 87, 86, 172, 173, 78, 198, 199, 200, 201, 79, 206, 207, 194, 195, 208, 214, 215, 209, 196, 212, 213, 218, 219, 221, 220, 224, 225, 203, 231, 228, 233, 229, 240, 241, 236, 237, 248, 249, 244, 245, 230, 232, 204, 205, 197, 202, 264, 265, 252, 253, 145, 246, 247, 222, 280, 281, 217, 286, 287, 223, 216, 144, 296, 297]
  列生成求解结果: 目标值=12.0000， 下界=6.0000， 上界=11.0000

处理节点 299
  开始列生成求解...
Set parameter LogToConsole to value 0
Set parameter Threads to value 1
Set parameter Seed to value 0
  定价策略: Exact, node=299, vertices=17
Set parameter PoolSearchMode to value 2
Set parameter PoolSolutions to value 10
[CG 1] RMP=12.000000, pricing=ExactPricingSolver, new_columns=10
[CG 2] RMP=9.000000, pricing=ExactPricingSolver, new_columns=10
[CG 3] RMP=9.000000, pricing=ExactPricingSolver, new_columns=0
  搜索路径: [1, 2, 3, 6, 7, 8, 9, 11, 14, 18, 19, 22, 23, 10, 28, 29, 32, 33, 36, 37, 15, 42, 43, 16, 48, 49, 52, 53, 56, 57, 58, 59, 17, 66, 67, 70, 71, 72, 73, 74, 75, 82, 83, 47, 46, 60, 61, 64, 95, 65, 98, 99, 100, 101, 94, 106, 110, 111, 114, 115, 118, 119, 96, 124, 125, 117, 116, 107, 97, 134, 135, 89, 88, 140, 141, 146, 147, 40, 26, 150, 154, 155, 151, 158, 159, 152, 153, 27, 41, 166, 167, 168, 169, 170, 171, 176, 177, 180, 181, 164, 184, 185, 186, 187, 165, 87, 86, 172, 173, 78, 198, 199, 200, 201, 79, 206, 207, 194, 195, 208, 214, 215, 209, 196, 212, 213, 218, 219, 221, 220, 224, 225, 203, 231, 228, 233, 229, 240, 241, 236, 237, 248, 249, 244, 245, 230, 232, 204, 205, 197, 202, 264, 265, 252, 253, 145, 246, 247, 222, 280, 281, 217, 286, 287, 223, 216, 144, 296, 297, 299]
  列生成求解结果: 目标值=9.0000， 下界=6.0000， 上界=11.0000
    非整数变量: COL_21_55 = 0.033333
  解不是整数，开始分支...
ImposedVertex(vertex=9)
ForbidVertex(vertex=9)
  创建了 2 个分支
    添加分支节点 1: ID=300
    添加分支节点 2: ID=301
  进度: 已处理 170 个节点, 剩余 111 个, 当前最优 11.0000, 当前列数: 1507

处理节点 298
  开始列生成求解...
Set parameter LogToConsole to value 0
Set parameter Threads to value 1
Set parameter Seed to value 0
  定价策略: Exact, node=298, vertices=17
Set parameter PoolSearchMode to value 2
Set parameter PoolSolutions to value 10
[CG 1] RMP=2010.000000, pricing=ExactPricingSolver, new_columns=10
[CG 2] RMP=12.000000, pricing=ExactPricingSolver, new_columns=10
[CG 3] RMP=8.000000, pricing=ExactPricingSolver, new_columns=10
[CG 4] RMP=8.000000, pricing=ExactPricingSolver, new_columns=0
  搜索路径: [1, 2, 3, 6, 7, 8, 9, 11, 14, 18, 19, 22, 23, 10, 28, 29, 32, 33, 36, 37, 15, 42, 43, 16, 48, 49, 52, 53, 56, 57, 58, 59, 17, 66, 67, 70, 71, 72, 73, 74, 75, 82, 83, 47, 46, 60, 61, 64, 95, 65, 98, 99, 100, 101, 94, 106, 110, 111, 114, 115, 118, 119, 96, 124, 125, 117, 116, 107, 97, 134, 135, 89, 88, 140, 141, 146, 147, 40, 26, 150, 154, 155, 151, 158, 159, 152, 153, 27, 41, 166, 167, 168, 169, 170, 171, 176, 177, 180, 181, 164, 184, 185, 186, 187, 165, 87, 86, 172, 173, 78, 198, 199, 200, 201, 79, 206, 207, 194, 195, 208, 214, 215, 209, 196, 212, 213, 218, 219, 221, 220, 224, 225, 203, 231, 228, 233, 229, 240, 241, 236, 237, 248, 249, 244, 245, 230, 232, 204, 205, 197, 202, 264, 265, 252, 253, 145, 246, 247, 222, 280, 281, 217, 286, 287, 223, 216, 144, 296, 297, 299, 298]
  列生成求解结果: 目标值=8.0000， 下界=6.0000， 上界=11.0000
    非整数变量: COL_0-4-9_98 = 0.393939
  解不是整数，开始分支...
ImposedVertex(vertex=9)
ForbidVertex(vertex=9)
  创建了 2 个分支
    添加分支节点 1: ID=302
    添加分支节点 2: ID=303

处理节点 267
  开始列生成求解...
Set parameter LogToConsole to value 0
Set parameter Threads to value 1
Set parameter Seed to value 0
  定价策略: Exact, node=267, vertices=15
Set parameter PoolSearchMode to value 2
Set parameter PoolSolutions to value 10
[CG 1] RMP=9.000000, pricing=ExactPricingSolver, new_columns=0
  搜索路径: [1, 2, 3, 6, 7, 8, 9, 11, 14, 18, 19, 22, 23, 10, 28, 29, 32, 33, 36, 37, 15, 42, 43, 16, 48, 49, 52, 53, 56, 57, 58, 59, 17, 66, 67, 70, 71, 72, 73, 74, 75, 82, 83, 47, 46, 60, 61, 64, 95, 65, 98, 99, 100, 101, 94, 106, 110, 111, 114, 115, 118, 119, 96, 124, 125, 117, 116, 107, 97, 134, 135, 89, 88, 140, 141, 146, 147, 40, 26, 150, 154, 155, 151, 158, 159, 152, 153, 27, 41, 166, 167, 168, 169, 170, 171, 176, 177, 180, 181, 164, 184, 185, 186, 187, 165, 87, 86, 172, 173, 78, 198, 199, 200, 201, 79, 206, 207, 194, 195, 208, 214, 215, 209, 196, 212, 213, 218, 219, 221, 220, 224, 225, 203, 231, 228, 233, 229, 240, 241, 236, 237, 248, 249, 244, 245, 230, 232, 204, 205, 197, 202, 264, 265, 252, 253, 145, 246, 247, 222, 280, 281, 217, 286, 287, 223, 216, 144, 296, 297, 299, 298, 267]
  列生成求解结果: 目标值=9.0000， 下界=6.0000， 上界=11.0000
    非整数变量: COL_1-21-5_60 = 0.181818
  解不是整数，开始分支...
ImposedVertex(vertex=5)
ForbidVertex(vertex=5)
  创建了 2 个分支
    添加分支节点 1: ID=304
    添加分支节点 2: ID=305

处理节点 266
  开始列生成求解...
Set parameter LogToConsole to value 0
Set parameter Threads to value 1
Set parameter Seed to value 0
  定价策略: Exact, node=266, vertices=15
Set parameter PoolSearchMode to value 2
Set parameter PoolSolutions to value 10
[CG 1] RMP=8.000000, pricing=ExactPricingSolver, new_columns=0
  搜索路径: [1, 2, 3, 6, 7, 8, 9, 11, 14, 18, 19, 22, 23, 10, 28, 29, 32, 33, 36, 37, 15, 42, 43, 16, 48, 49, 52, 53, 56, 57, 58, 59, 17, 66, 67, 70, 71, 72, 73, 74, 75, 82, 83, 47, 46, 60, 61, 64, 95, 65, 98, 99, 100, 101, 94, 106, 110, 111, 114, 115, 118, 119, 96, 124, 125, 117, 116, 107, 97, 134, 135, 89, 88, 140, 141, 146, 147, 40, 26, 150, 154, 155, 151, 158, 159, 152, 153, 27, 41, 166, 167, 168, 169, 170, 171, 176, 177, 180, 181, 164, 184, 185, 186, 187, 165, 87, 86, 172, 173, 78, 198, 199, 200, 201, 79, 206, 207, 194, 195, 208, 214, 215, 209, 196, 212, 213, 218, 219, 221, 220, 224, 225, 203, 231, 228, 233, 229, 240, 241, 236, 237, 248, 249, 244, 245, 230, 232, 204, 205, 197, 202, 264, 265, 252, 253, 145, 246, 247, 222, 280, 281, 217, 286, 287, 223, 216, 144, 296, 297, 299, 298, 267, 266]
  列生成求解结果: 目标值=8.0000， 下界=6.0000， 上界=11.0000
    非整数变量: COL_10-18-25-4_1019 = 0.500000
  解不是整数，开始分支...
ImposedVertex(vertex=10)
ForbidVertex(vertex=10)
  创建了 2 个分支
    添加分支节点 1: ID=306
    添加分支节点 2: ID=307

处理节点 182
  开始列生成求解...
Set parameter LogToConsole to value 0
Set parameter Threads to value 1
Set parameter Seed to value 0
  定价策略: Exact, node=182, vertices=16
Set parameter PoolSearchMode to value 2
Set parameter PoolSolutions to value 10
[CG 1] RMP=8.000000, pricing=ExactPricingSolver, new_columns=0
  搜索路径: [1, 2, 3, 6, 7, 8, 9, 11, 14, 18, 19, 22, 23, 10, 28, 29, 32, 33, 36, 37, 15, 42, 43, 16, 48, 49, 52, 53, 56, 57, 58, 59, 17, 66, 67, 70, 71, 72, 73, 74, 75, 82, 83, 47, 46, 60, 61, 64, 95, 65, 98, 99, 100, 101, 94, 106, 110, 111, 114, 115, 118, 119, 96, 124, 125, 117, 116, 107, 97, 134, 135, 89, 88, 140, 141, 146, 147, 40, 26, 150, 154, 155, 151, 158, 159, 152, 153, 27, 41, 166, 167, 168, 169, 170, 171, 176, 177, 180, 181, 164, 184, 185, 186, 187, 165, 87, 86, 172, 173, 78, 198, 199, 200, 201, 79, 206, 207, 194, 195, 208, 214, 215, 209, 196, 212, 213, 218, 219, 221, 220, 224, 225, 203, 231, 228, 233, 229, 240, 241, 236, 237, 248, 249, 244, 245, 230, 232, 204, 205, 197, 202, 264, 265, 252, 253, 145, 246, 247, 222, 280, 281, 217, 286, 287, 223, 216, 144, 296, 297, 299, 298, 267, 266, 182]
  列生成求解结果: 目标值=8.0000， 下界=6.0000， 上界=11.0000
    非整数变量: COL_15-2-20-4-9_150 = 0.444444
  解不是整数，开始分支...
ImposedVertex(vertex=7)
ForbidVertex(vertex=7)
  创建了 2 个分支
    添加分支节点 1: ID=308
    添加分支节点 2: ID=309

处理节点 183
  开始列生成求解...
Set parameter LogToConsole to value 0
Set parameter Threads to value 1
Set parameter Seed to value 0
  定价策略: Exact, node=183, vertices=16
Set parameter PoolSearchMode to value 2
Set parameter PoolSolutions to value 10
[CG 1] RMP=9.000000, pricing=ExactPricingSolver, new_columns=0
  搜索路径: [1, 2, 3, 6, 7, 8, 9, 11, 14, 18, 19, 22, 23, 10, 28, 29, 32, 33, 36, 37, 15, 42, 43, 16, 48, 49, 52, 53, 56, 57, 58, 59, 17, 66, 67, 70, 71, 72, 73, 74, 75, 82, 83, 47, 46, 60, 61, 64, 95, 65, 98, 99, 100, 101, 94, 106, 110, 111, 114, 115, 118, 119, 96, 124, 125, 117, 116, 107, 97, 134, 135, 89, 88, 140, 141, 146, 147, 40, 26, 150, 154, 155, 151, 158, 159, 152, 153, 27, 41, 166, 167, 168, 169, 170, 171, 176, 177, 180, 181, 164, 184, 185, 186, 187, 165, 87, 86, 172, 173, 78, 198, 199, 200, 201, 79, 206, 207, 194, 195, 208, 214, 215, 209, 196, 212, 213, 218, 219, 221, 220, 224, 225, 203, 231, 228, 233, 229, 240, 241, 236, 237, 248, 249, 244, 245, 230, 232, 204, 205, 197, 202, 264, 265, 252, 253, 145, 246, 247, 222, 280, 281, 217, 286, 287, 223, 216, 144, 296, 297, 299, 298, 267, 266, 182, 183]
  列生成求解结果: 目标值=9.0000， 下界=6.0000， 上界=11.0000
    非整数变量: COL_2-28-4-7-9_173 = 0.050000
  解不是整数，开始分支...
ImposedVertex(vertex=7)
ForbidVertex(vertex=7)
  创建了 2 个分支
    添加分支节点 1: ID=310
    添加分支节点 2: ID=311

处理节点 227
  开始列生成求解...
Set parameter LogToConsole to value 0
Set parameter Threads to value 1
Set parameter Seed to value 0
  定价策略: Exact, node=227, vertices=15
Set parameter PoolSearchMode to value 2
Set parameter PoolSolutions to value 10
[CG 1] RMP=2010.000000, pricing=ExactPricingSolver, new_columns=10
[CG 2] RMP=9.000000, pricing=ExactPricingSolver, new_columns=0
  搜索路径: [1, 2, 3, 6, 7, 8, 9, 11, 14, 18, 19, 22, 23, 10, 28, 29, 32, 33, 36, 37, 15, 42, 43, 16, 48, 49, 52, 53, 56, 57, 58, 59, 17, 66, 67, 70, 71, 72, 73, 74, 75, 82, 83, 47, 46, 60, 61, 64, 95, 65, 98, 99, 100, 101, 94, 106, 110, 111, 114, 115, 118, 119, 96, 124, 125, 117, 116, 107, 97, 134, 135, 89, 88, 140, 141, 146, 147, 40, 26, 150, 154, 155, 151, 158, 159, 152, 153, 27, 41, 166, 167, 168, 169, 170, 171, 176, 177, 180, 181, 164, 184, 185, 186, 187, 165, 87, 86, 172, 173, 78, 198, 199, 200, 201, 79, 206, 207, 194, 195, 208, 214, 215, 209, 196, 212, 213, 218, 219, 221, 220, 224, 225, 203, 231, 228, 233, 229, 240, 241, 236, 237, 248, 249, 244, 245, 230, 232, 204, 205, 197, 202, 264, 265, 252, 253, 145, 246, 247, 222, 280, 281, 217, 286, 287, 223, 216, 144, 296, 297, 299, 298, 267, 266, 182, 183, 227]
  列生成求解结果: 目标值=9.0000， 下界=7.0000， 上界=11.0000
    非整数变量: COL_18-24-9_33 = 0.428571
  解不是整数，开始分支...
ImposedVertex(vertex=21)
ForbidVertex(vertex=21)
  创建了 2 个分支
    添加分支节点 1: ID=312
    添加分支节点 2: ID=313

处理节点 226
  开始列生成求解...
Set parameter LogToConsole to value 0
Set parameter Threads to value 1
Set parameter Seed to value 0
  定价策略: Exact, node=226, vertices=15
Set parameter PoolSearchMode to value 2
Set parameter PoolSolutions to value 10
[CG 1] RMP=11.000000, pricing=ExactPricingSolver, new_columns=10
[CG 2] RMP=11.000000, pricing=ExactPricingSolver, new_columns=10
[CG 3] RMP=7.000000, pricing=ExactPricingSolver, new_columns=0
  搜索路径: [1, 2, 3, 6, 7, 8, 9, 11, 14, 18, 19, 22, 23, 10, 28, 29, 32, 33, 36, 37, 15, 42, 43, 16, 48, 49, 52, 53, 56, 57, 58, 59, 17, 66, 67, 70, 71, 72, 73, 74, 75, 82, 83, 47, 46, 60, 61, 64, 95, 65, 98, 99, 100, 101, 94, 106, 110, 111, 114, 115, 118, 119, 96, 124, 125, 117, 116, 107, 97, 134, 135, 89, 88, 140, 141, 146, 147, 40, 26, 150, 154, 155, 151, 158, 159, 152, 153, 27, 41, 166, 167, 168, 169, 170, 171, 176, 177, 180, 181, 164, 184, 185, 186, 187, 165, 87, 86, 172, 173, 78, 198, 199, 200, 201, 79, 206, 207, 194, 195, 208, 214, 215, 209, 196, 212, 213, 218, 219, 221, 220, 224, 225, 203, 231, 228, 233, 229, 240, 241, 236, 237, 248, 249, 244, 245, 230, 232, 204, 205, 197, 202, 264, 265, 252, 253, 145, 246, 247, 222, 280, 281, 217, 286, 287, 223, 216, 144, 296, 297, 299, 298, 267, 266, 182, 183, 227, 226]
  列生成求解结果: 目标值=7.0000， 下界=7.0000， 上界=11.0000
    非整数变量: COL_1-11-18-23-7-9_42 = 0.291667
  解不是整数，开始分支...
ImposedVertex(vertex=11)
ForbidVertex(vertex=11)
  创建了 2 个分支
    添加分支节点 1: ID=314
    添加分支节点 2: ID=315

处理节点 102
  开始列生成求解...
Set parameter LogToConsole to value 0
Set parameter Threads to value 1
Set parameter Seed to value 0
  定价策略: Exact, node=102, vertices=18
Set parameter PoolSearchMode to value 2
Set parameter PoolSolutions to value 10
[CG 1] RMP=12.000000, pricing=ExactPricingSolver, new_columns=0
  搜索路径: [1, 2, 3, 6, 7, 8, 9, 11, 14, 18, 19, 22, 23, 10, 28, 29, 32, 33, 36, 37, 15, 42, 43, 16, 48, 49, 52, 53, 56, 57, 58, 59, 17, 66, 67, 70, 71, 72, 73, 74, 75, 82, 83, 47, 46, 60, 61, 64, 95, 65, 98, 99, 100, 101, 94, 106, 110, 111, 114, 115, 118, 119, 96, 124, 125, 117, 116, 107, 97, 134, 135, 89, 88, 140, 141, 146, 147, 40, 26, 150, 154, 155, 151, 158, 159, 152, 153, 27, 41, 166, 167, 168, 169, 170, 171, 176, 177, 180, 181, 164, 184, 185, 186, 187, 165, 87, 86, 172, 173, 78, 198, 199, 200, 201, 79, 206, 207, 194, 195, 208, 214, 215, 209, 196, 212, 213, 218, 219, 221, 220, 224, 225, 203, 231, 228, 233, 229, 240, 241, 236, 237, 248, 249, 244, 245, 230, 232, 204, 205, 197, 202, 264, 265, 252, 253, 145, 246, 247, 222, 280, 281, 217, 286, 287, 223, 216, 144, 296, 297, 299, 298, 267, 266, 182, 183, 227, 226, 102]
  列生成求解结果: 目标值=12.0000， 下界=7.0000， 上界=11.0000

处理节点 276
  开始列生成求解...
Set parameter LogToConsole to value 0
Set parameter Threads to value 1
Set parameter Seed to value 0
  定价策略: Exact, node=276, vertices=17
Set parameter PoolSearchMode to value 2
Set parameter PoolSolutions to value 10
[CG 1] RMP=7.000000, pricing=ExactPricingSolver, new_columns=0
  搜索路径: [1, 2, 3, 6, 7, 8, 9, 11, 14, 18, 19, 22, 23, 10, 28, 29, 32, 33, 36, 37, 15, 42, 43, 16, 48, 49, 52, 53, 56, 57, 58, 59, 17, 66, 67, 70, 71, 72, 73, 74, 75, 82, 83, 47, 46, 60, 61, 64, 95, 65, 98, 99, 100, 101, 94, 106, 110, 111, 114, 115, 118, 119, 96, 124, 125, 117, 116, 107, 97, 134, 135, 89, 88, 140, 141, 146, 147, 40, 26, 150, 154, 155, 151, 158, 159, 152, 153, 27, 41, 166, 167, 168, 169, 170, 171, 176, 177, 180, 181, 164, 184, 185, 186, 187, 165, 87, 86, 172, 173, 78, 198, 199, 200, 201, 79, 206, 207, 194, 195, 208, 214, 215, 209, 196, 212, 213, 218, 219, 221, 220, 224, 225, 203, 231, 228, 233, 229, 240, 241, 236, 237, 248, 249, 244, 245, 230, 232, 204, 205, 197, 202, 264, 265, 252, 253, 145, 246, 247, 222, 280, 281, 217, 286, 287, 223, 216, 144, 296, 297, 299, 298, 267, 266, 182, 183, 227, 226, 102, 276]
  列生成求解结果: 目标值=7.0000， 下界=7.0000， 上界=11.0000
    非整数变量: COL_11-15-20-25_23 = 0.291667
  解不是整数，开始分支...
ImposedVertex(vertex=20)
ForbidVertex(vertex=20)
  创建了 2 个分支
    添加分支节点 1: ID=316
    添加分支节点 2: ID=317

处理节点 314
  开始列生成求解...
Set parameter LogToConsole to value 0
Set parameter Threads to value 1
Set parameter Seed to value 0
  定价策略: Exact, node=314, vertices=13
Set parameter PoolSearchMode to value 2
Set parameter PoolSolutions to value 10
[CG 1] RMP=7.466667, pricing=ExactPricingSolver, new_columns=10
[CG 2] RMP=7.000000, pricing=ExactPricingSolver, new_columns=0
  搜索路径: [1, 2, 3, 6, 7, 8, 9, 11, 14, 18, 19, 22, 23, 10, 28, 29, 32, 33, 36, 37, 15, 42, 43, 16, 48, 49, 52, 53, 56, 57, 58, 59, 17, 66, 67, 70, 71, 72, 73, 74, 75, 82, 83, 47, 46, 60, 61, 64, 95, 65, 98, 99, 100, 101, 94, 106, 110, 111, 114, 115, 118, 119, 96, 124, 125, 117, 116, 107, 97, 134, 135, 89, 88, 140, 141, 146, 147, 40, 26, 150, 154, 155, 151, 158, 159, 152, 153, 27, 41, 166, 167, 168, 169, 170, 171, 176, 177, 180, 181, 164, 184, 185, 186, 187, 165, 87, 86, 172, 173, 78, 198, 199, 200, 201, 79, 206, 207, 194, 195, 208, 214, 215, 209, 196, 212, 213, 218, 219, 221, 220, 224, 225, 203, 231, 228, 233, 229, 240, 241, 236, 237, 248, 249, 244, 245, 230, 232, 204, 205, 197, 202, 264, 265, 252, 253, 145, 246, 247, 222, 280, 281, 217, 286, 287, 223, 216, 144, 296, 297, 299, 298, 267, 266, 182, 183, 227, 226, 102, 276, 314]
  列生成求解结果: 目标值=7.0000， 下界=7.0000， 上界=11.0000
    非整数变量: COL_1-18-23-7-9_41 = 0.181818
  解不是整数，开始分支...
ImposedVertex(vertex=20)
ForbidVertex(vertex=20)
  创建了 2 个分支
    添加分支节点 1: ID=318
    添加分支节点 2: ID=319
  进度: 已处理 180 个节点, 剩余 119 个, 当前最优 11.0000, 当前列数: 1577

处理节点 318
  开始列生成求解...
Set parameter LogToConsole to value 0
Set parameter Threads to value 1
Set parameter Seed to value 0
  定价策略: Exact, node=318, vertices=12
Set parameter PoolSearchMode to value 2
Set parameter PoolSolutions to value 10
[CG 1] RMP=8.000000, pricing=ExactPricingSolver, new_columns=0
  搜索路径: [1, 2, 3, 6, 7, 8, 9, 11, 14, 18, 19, 22, 23, 10, 28, 29, 32, 33, 36, 37, 15, 42, 43, 16, 48, 49, 52, 53, 56, 57, 58, 59, 17, 66, 67, 70, 71, 72, 73, 74, 75, 82, 83, 47, 46, 60, 61, 64, 95, 65, 98, 99, 100, 101, 94, 106, 110, 111, 114, 115, 118, 119, 96, 124, 125, 117, 116, 107, 97, 134, 135, 89, 88, 140, 141, 146, 147, 40, 26, 150, 154, 155, 151, 158, 159, 152, 153, 27, 41, 166, 167, 168, 169, 170, 171, 176, 177, 180, 181, 164, 184, 185, 186, 187, 165, 87, 86, 172, 173, 78, 198, 199, 200, 201, 79, 206, 207, 194, 195, 208, 214, 215, 209, 196, 212, 213, 218, 219, 221, 220, 224, 225, 203, 231, 228, 233, 229, 240, 241, 236, 237, 248, 249, 244, 245, 230, 232, 204, 205, 197, 202, 264, 265, 252, 253, 145, 246, 247, 222, 280, 281, 217, 286, 287, 223, 216, 144, 296, 297, 299, 298, 267, 266, 182, 183, 227, 226, 102, 276, 314, 318]
  列生成求解结果: 目标值=8.0000， 下界=7.0000， 上界=11.0000
    非整数变量: COL_1-11-18-23-7-9_42 = 0.333333
  解不是整数，开始分支...
ImposedVertex(vertex=28)
ForbidVertex(vertex=28)
  创建了 2 个分支
    添加分支节点 1: ID=320
    添加分支节点 2: ID=321

处理节点 319
  开始列生成求解...
Set parameter LogToConsole to value 0
Set parameter Threads to value 1
Set parameter Seed to value 0
  定价策略: Exact, node=319, vertices=12
Set parameter PoolSearchMode to value 2
Set parameter PoolSolutions to value 10
[CG 1] RMP=9.000000, pricing=ExactPricingSolver, new_columns=0
  搜索路径: [1, 2, 3, 6, 7, 8, 9, 11, 14, 18, 19, 22, 23, 10, 28, 29, 32, 33, 36, 37, 15, 42, 43, 16, 48, 49, 52, 53, 56, 57, 58, 59, 17, 66, 67, 70, 71, 72, 73, 74, 75, 82, 83, 47, 46, 60, 61, 64, 95, 65, 98, 99, 100, 101, 94, 106, 110, 111, 114, 115, 118, 119, 96, 124, 125, 117, 116, 107, 97, 134, 135, 89, 88, 140, 141, 146, 147, 40, 26, 150, 154, 155, 151, 158, 159, 152, 153, 27, 41, 166, 167, 168, 169, 170, 171, 176, 177, 180, 181, 164, 184, 185, 186, 187, 165, 87, 86, 172, 173, 78, 198, 199, 200, 201, 79, 206, 207, 194, 195, 208, 214, 215, 209, 196, 212, 213, 218, 219, 221, 220, 224, 225, 203, 231, 228, 233, 229, 240, 241, 236, 237, 248, 249, 244, 245, 230, 232, 204, 205, 197, 202, 264, 265, 252, 253, 145, 246, 247, 222, 280, 281, 217, 286, 287, 223, 216, 144, 296, 297, 299, 298, 267, 266, 182, 183, 227, 226, 102, 276, 314, 318, 319]
  列生成求解结果: 目标值=9.0000， 下界=7.0000， 上界=11.0000
    非整数变量: COL_1-18-23-9_37 = 0.090909
  解不是整数，开始分支...
ImposedVertex(vertex=28)
ForbidVertex(vertex=28)
  创建了 2 个分支
    添加分支节点 1: ID=322
    添加分支节点 2: ID=323

处理节点 315
  开始列生成求解...
Set parameter LogToConsole to value 0
Set parameter Threads to value 1
Set parameter Seed to value 0
  定价策略: Exact, node=315, vertices=14
Set parameter PoolSearchMode to value 2
Set parameter PoolSolutions to value 10
[CG 1] RMP=10.000000, pricing=ExactPricingSolver, new_columns=10
[CG 2] RMP=7.000000, pricing=ExactPricingSolver, new_columns=0
  搜索路径: [1, 2, 3, 6, 7, 8, 9, 11, 14, 18, 19, 22, 23, 10, 28, 29, 32, 33, 36, 37, 15, 42, 43, 16, 48, 49, 52, 53, 56, 57, 58, 59, 17, 66, 67, 70, 71, 72, 73, 74, 75, 82, 83, 47, 46, 60, 61, 64, 95, 65, 98, 99, 100, 101, 94, 106, 110, 111, 114, 115, 118, 119, 96, 124, 125, 117, 116, 107, 97, 134, 135, 89, 88, 140, 141, 146, 147, 40, 26, 150, 154, 155, 151, 158, 159, 152, 153, 27, 41, 166, 167, 168, 169, 170, 171, 176, 177, 180, 181, 164, 184, 185, 186, 187, 165, 87, 86, 172, 173, 78, 198, 199, 200, 201, 79, 206, 207, 194, 195, 208, 214, 215, 209, 196, 212, 213, 218, 219, 221, 220, 224, 225, 203, 231, 228, 233, 229, 240, 241, 236, 237, 248, 249, 244, 245, 230, 232, 204, 205, 197, 202, 264, 265, 252, 253, 145, 246, 247, 222, 280, 281, 217, 286, 287, 223, 216, 144, 296, 297, 299, 298, 267, 266, 182, 183, 227, 226, 102, 276, 314, 318, 319, 315]
  列生成求解结果: 目标值=7.0000， 下界=7.0000， 上界=11.0000
    非整数变量: COL_1-18-23-7-9_41 = 0.416667
  解不是整数，开始分支...
ImposedVertex(vertex=14)
ForbidVertex(vertex=14)
  创建了 2 个分支
    添加分支节点 1: ID=324
    添加分支节点 2: ID=325

处理节点 277
  开始列生成求解...
Set parameter LogToConsole to value 0
Set parameter Threads to value 1
Set parameter Seed to value 0
  定价策略: Exact, node=277, vertices=17
Set parameter PoolSearchMode to value 2
Set parameter PoolSolutions to value 10
[CG 1] RMP=2010.000000, pricing=ExactPricingSolver, new_columns=10
[CG 2] RMP=9.000000, pricing=ExactPricingSolver, new_columns=0
  搜索路径: [1, 2, 3, 6, 7, 8, 9, 11, 14, 18, 19, 22, 23, 10, 28, 29, 32, 33, 36, 37, 15, 42, 43, 16, 48, 49, 52, 53, 56, 57, 58, 59, 17, 66, 67, 70, 71, 72, 73, 74, 75, 82, 83, 47, 46, 60, 61, 64, 95, 65, 98, 99, 100, 101, 94, 106, 110, 111, 114, 115, 118, 119, 96, 124, 125, 117, 116, 107, 97, 134, 135, 89, 88, 140, 141, 146, 147, 40, 26, 150, 154, 155, 151, 158, 159, 152, 153, 27, 41, 166, 167, 168, 169, 170, 171, 176, 177, 180, 181, 164, 184, 185, 186, 187, 165, 87, 86, 172, 173, 78, 198, 199, 200, 201, 79, 206, 207, 194, 195, 208, 214, 215, 209, 196, 212, 213, 218, 219, 221, 220, 224, 225, 203, 231, 228, 233, 229, 240, 241, 236, 237, 248, 249, 244, 245, 230, 232, 204, 205, 197, 202, 264, 265, 252, 253, 145, 246, 247, 222, 280, 281, 217, 286, 287, 223, 216, 144, 296, 297, 299, 298, 267, 266, 182, 183, 227, 226, 102, 276, 314, 318, 319, 315, 277]
  列生成求解结果: 目标值=9.0000， 下界=7.0000， 上界=11.0000
    非整数变量: COL_18-23-9_35 = 0.250000
  解不是整数，开始分支...
ImposedVertex(vertex=23)
ForbidVertex(vertex=23)
  创建了 2 个分支
    添加分支节点 1: ID=326
    添加分支节点 2: ID=327

处理节点 103
  开始列生成求解...
Set parameter LogToConsole to value 0
Set parameter Threads to value 1
Set parameter Seed to value 0
  定价策略: Exact, node=103, vertices=18
Set parameter PoolSearchMode to value 2
Set parameter PoolSolutions to value 10
[CG 1] RMP=12.000000, pricing=ExactPricingSolver, new_columns=10
[CG 2] RMP=9.000000, pricing=ExactPricingSolver, new_columns=0
  搜索路径: [1, 2, 3, 6, 7, 8, 9, 11, 14, 18, 19, 22, 23, 10, 28, 29, 32, 33, 36, 37, 15, 42, 43, 16, 48, 49, 52, 53, 56, 57, 58, 59, 17, 66, 67, 70, 71, 72, 73, 74, 75, 82, 83, 47, 46, 60, 61, 64, 95, 65, 98, 99, 100, 101, 94, 106, 110, 111, 114, 115, 118, 119, 96, 124, 125, 117, 116, 107, 97, 134, 135, 89, 88, 140, 141, 146, 147, 40, 26, 150, 154, 155, 151, 158, 159, 152, 153, 27, 41, 166, 167, 168, 169, 170, 171, 176, 177, 180, 181, 164, 184, 185, 186, 187, 165, 87, 86, 172, 173, 78, 198, 199, 200, 201, 79, 206, 207, 194, 195, 208, 214, 215, 209, 196, 212, 213, 218, 219, 221, 220, 224, 225, 203, 231, 228, 233, 229, 240, 241, 236, 237, 248, 249, 244, 245, 230, 232, 204, 205, 197, 202, 264, 265, 252, 253, 145, 246, 247, 222, 280, 281, 217, 286, 287, 223, 216, 144, 296, 297, 299, 298, 267, 266, 182, 183, 227, 226, 102, 276, 314, 318, 319, 315, 277, 103]
  列生成求解结果: 目标值=9.0000， 下界=7.0000， 上界=11.0000
    非整数变量: COL_16-18-4-9_227 = 0.291667
  解不是整数，开始分支...
ImposedVertex(vertex=20)
ForbidVertex(vertex=20)
  创建了 2 个分支
    添加分支节点 1: ID=328
    添加分支节点 2: ID=329

处理节点 210
  开始列生成求解...
Set parameter LogToConsole to value 0
Set parameter Threads to value 1
Set parameter Seed to value 0
  定价策略: Exact, node=210, vertices=19
Set parameter PoolSearchMode to value 2
Set parameter PoolSolutions to value 10
[CG 1] RMP=7.000000, pricing=ExactPricingSolver, new_columns=0
  搜索路径: [1, 2, 3, 6, 7, 8, 9, 11, 14, 18, 19, 22, 23, 10, 28, 29, 32, 33, 36, 37, 15, 42, 43, 16, 48, 49, 52, 53, 56, 57, 58, 59, 17, 66, 67, 70, 71, 72, 73, 74, 75, 82, 83, 47, 46, 60, 61, 64, 95, 65, 98, 99, 100, 101, 94, 106, 110, 111, 114, 115, 118, 119, 96, 124, 125, 117, 116, 107, 97, 134, 135, 89, 88, 140, 141, 146, 147, 40, 26, 150, 154, 155, 151, 158, 159, 152, 153, 27, 41, 166, 167, 168, 169, 170, 171, 176, 177, 180, 181, 164, 184, 185, 186, 187, 165, 87, 86, 172, 173, 78, 198, 199, 200, 201, 79, 206, 207, 194, 195, 208, 214, 215, 209, 196, 212, 213, 218, 219, 221, 220, 224, 225, 203, 231, 228, 233, 229, 240, 241, 236, 237, 248, 249, 244, 245, 230, 232, 204, 205, 197, 202, 264, 265, 252, 253, 145, 246, 247, 222, 280, 281, 217, 286, 287, 223, 216, 144, 296, 297, 299, 298, 267, 266, 182, 183, 227, 226, 102, 276, 314, 318, 319, 315, 277, 103, 210]
  列生成求解结果: 目标值=7.0000， 下界=7.0000， 上界=11.0000
    非整数变量: COL_15-25-27-8_11 = 0.125000
  解不是整数，开始分支...
ImposedVertex(vertex=8)
ForbidVertex(vertex=8)
  创建了 2 个分支
    添加分支节点 1: ID=330
    添加分支节点 2: ID=331

处理节点 211
  开始列生成求解...
Set parameter LogToConsole to value 0
Set parameter Threads to value 1
Set parameter Seed to value 0
  定价策略: Exact, node=211, vertices=19
Set parameter PoolSearchMode to value 2
Set parameter PoolSolutions to value 10
[CG 1] RMP=12.000000, pricing=ExactPricingSolver, new_columns=10
[CG 2] RMP=11.000000, pricing=ExactPricingSolver, new_columns=0
  搜索路径: [1, 2, 3, 6, 7, 8, 9, 11, 14, 18, 19, 22, 23, 10, 28, 29, 32, 33, 36, 37, 15, 42, 43, 16, 48, 49, 52, 53, 56, 57, 58, 59, 17, 66, 67, 70, 71, 72, 73, 74, 75, 82, 83, 47, 46, 60, 61, 64, 95, 65, 98, 99, 100, 101, 94, 106, 110, 111, 114, 115, 118, 119, 96, 124, 125, 117, 116, 107, 97, 134, 135, 89, 88, 140, 141, 146, 147, 40, 26, 150, 154, 155, 151, 158, 159, 152, 153, 27, 41, 166, 167, 168, 169, 170, 171, 176, 177, 180, 181, 164, 184, 185, 186, 187, 165, 87, 86, 172, 173, 78, 198, 199, 200, 201, 79, 206, 207, 194, 195, 208, 214, 215, 209, 196, 212, 213, 218, 219, 221, 220, 224, 225, 203, 231, 228, 233, 229, 240, 241, 236, 237, 248, 249, 244, 245, 230, 232, 204, 205, 197, 202, 264, 265, 252, 253, 145, 246, 247, 222, 280, 281, 217, 286, 287, 223, 216, 144, 296, 297, 299, 298, 267, 266, 182, 183, 227, 226, 102, 276, 314, 318, 319, 315, 277, 103, 210, 211]
  列生成求解结果: 目标值=11.0000， 下界=7.0000， 上界=11.0000

处理节点 148
  开始列生成求解...
Set parameter LogToConsole to value 0
Set parameter Threads to value 1
Set parameter Seed to value 0
  定价策略: Exact, node=148, vertices=18
Set parameter PoolSearchMode to value 2
Set parameter PoolSolutions to value 10
[CG 1] RMP=8.000000, pricing=ExactPricingSolver, new_columns=0
  搜索路径: [1, 2, 3, 6, 7, 8, 9, 11, 14, 18, 19, 22, 23, 10, 28, 29, 32, 33, 36, 37, 15, 42, 43, 16, 48, 49, 52, 53, 56, 57, 58, 59, 17, 66, 67, 70, 71, 72, 73, 74, 75, 82, 83, 47, 46, 60, 61, 64, 95, 65, 98, 99, 100, 101, 94, 106, 110, 111, 114, 115, 118, 119, 96, 124, 125, 117, 116, 107, 97, 134, 135, 89, 88, 140, 141, 146, 147, 40, 26, 150, 154, 155, 151, 158, 159, 152, 153, 27, 41, 166, 167, 168, 169, 170, 171, 176, 177, 180, 181, 164, 184, 185, 186, 187, 165, 87, 86, 172, 173, 78, 198, 199, 200, 201, 79, 206, 207, 194, 195, 208, 214, 215, 209, 196, 212, 213, 218, 219, 221, 220, 224, 225, 203, 231, 228, 233, 229, 240, 241, 236, 237, 248, 249, 244, 245, 230, 232, 204, 205, 197, 202, 264, 265, 252, 253, 145, 246, 247, 222, 280, 281, 217, 286, 287, 223, 216, 144, 296, 297, 299, 298, 267, 266, 182, 183, 227, 226, 102, 276, 314, 318, 319, 315, 277, 103, 210, 211, 148]
  列生成求解结果: 目标值=8.0000， 下界=7.0000， 上界=11.0000
    非整数变量: COL_0-18-20-26_48 = 0.500000
  解不是整数，开始分支...
ImposedVertex(vertex=26)
ForbidVertex(vertex=26)
  创建了 2 个分支
    添加分支节点 1: ID=332
    添加分支节点 2: ID=333

处理节点 113
  开始列生成求解...
Set parameter LogToConsole to value 0
Set parameter Threads to value 1
Set parameter Seed to value 0
  定价策略: Exact, node=113, vertices=15
Set parameter PoolSearchMode to value 2
Set parameter PoolSolutions to value 10
[CG 1] RMP=2010.000000, pricing=ExactPricingSolver, new_columns=10
[CG 2] RMP=9.600000, pricing=ExactPricingSolver, new_columns=10
[CG 3] RMP=7.000000, pricing=ExactPricingSolver, new_columns=0
  搜索路径: [1, 2, 3, 6, 7, 8, 9, 11, 14, 18, 19, 22, 23, 10, 28, 29, 32, 33, 36, 37, 15, 42, 43, 16, 48, 49, 52, 53, 56, 57, 58, 59, 17, 66, 67, 70, 71, 72, 73, 74, 75, 82, 83, 47, 46, 60, 61, 64, 95, 65, 98, 99, 100, 101, 94, 106, 110, 111, 114, 115, 118, 119, 96, 124, 125, 117, 116, 107, 97, 134, 135, 89, 88, 140, 141, 146, 147, 40, 26, 150, 154, 155, 151, 158, 159, 152, 153, 27, 41, 166, 167, 168, 169, 170, 171, 176, 177, 180, 181, 164, 184, 185, 186, 187, 165, 87, 86, 172, 173, 78, 198, 199, 200, 201, 79, 206, 207, 194, 195, 208, 214, 215, 209, 196, 212, 213, 218, 219, 221, 220, 224, 225, 203, 231, 228, 233, 229, 240, 241, 236, 237, 248, 249, 244, 245, 230, 232, 204, 205, 197, 202, 264, 265, 252, 253, 145, 246, 247, 222, 280, 281, 217, 286, 287, 223, 216, 144, 296, 297, 299, 298, 267, 266, 182, 183, 227, 226, 102, 276, 314, 318, 319, 315, 277, 103, 210, 211, 148, 113]
  列生成求解结果: 目标值=7.0000， 下界=7.0000， 上界=11.0000
    非整数变量: COL_11-16-18-21-28-4-7-9_1625 = 0.583333
  解不是整数，开始分支...
ImposedVertex(vertex=21)
ForbidVertex(vertex=21)
  创建了 2 个分支
    添加分支节点 1: ID=334
    添加分支节点 2: ID=335

处理节点 324
  开始列生成求解...
Set parameter LogToConsole to value 0
Set parameter Threads to value 1
Set parameter Seed to value 0
  定价策略: Exact, node=324, vertices=13
Set parameter PoolSearchMode to value 2
Set parameter PoolSolutions to value 10
[CG 1] RMP=10.000000, pricing=ExactPricingSolver, new_columns=0
  搜索路径: [1, 2, 3, 6, 7, 8, 9, 11, 14, 18, 19, 22, 23, 10, 28, 29, 32, 33, 36, 37, 15, 42, 43, 16, 48, 49, 52, 53, 56, 57, 58, 59, 17, 66, 67, 70, 71, 72, 73, 74, 75, 82, 83, 47, 46, 60, 61, 64, 95, 65, 98, 99, 100, 101, 94, 106, 110, 111, 114, 115, 118, 119, 96, 124, 125, 117, 116, 107, 97, 134, 135, 89, 88, 140, 141, 146, 147, 40, 26, 150, 154, 155, 151, 158, 159, 152, 153, 27, 41, 166, 167, 168, 169, 170, 171, 176, 177, 180, 181, 164, 184, 185, 186, 187, 165, 87, 86, 172, 173, 78, 198, 199, 200, 201, 79, 206, 207, 194, 195, 208, 214, 215, 209, 196, 212, 213, 218, 219, 221, 220, 224, 225, 203, 231, 228, 233, 229, 240, 241, 236, 237, 248, 249, 244, 245, 230, 232, 204, 205, 197, 202, 264, 265, 252, 253, 145, 246, 247, 222, 280, 281, 217, 286, 287, 223, 216, 144, 296, 297, 299, 298, 267, 266, 182, 183, 227, 226, 102, 276, 314, 318, 319, 315, 277, 103, 210, 211, 148, 113, 324]
  列生成求解结果: 目标值=10.0000， 下界=7.0000， 上界=11.0000
    非整数变量: COL_1-18-23-7-9_41 = 0.333333
  解不是整数，开始分支...
ImposedVertex(vertex=21)
ForbidVertex(vertex=21)
  创建了 2 个分支
    添加分支节点 1: ID=336
    添加分支节点 2: ID=337
  进度: 已处理 190 个节点, 剩余 127 个, 当前最优 11.0000, 当前列数: 1637

处理节点 330
  开始列生成求解...
Set parameter LogToConsole to value 0
Set parameter Threads to value 1
Set parameter Seed to value 0
  定价策略: Exact, node=330, vertices=18
Set parameter PoolSearchMode to value 2
Set parameter PoolSolutions to value 10
[CG 1] RMP=507.000000, pricing=ExactPricingSolver, new_columns=10
[CG 2] RMP=12.000000, pricing=ExactPricingSolver, new_columns=0
  搜索路径: [1, 2, 3, 6, 7, 8, 9, 11, 14, 18, 19, 22, 23, 10, 28, 29, 32, 33, 36, 37, 15, 42, 43, 16, 48, 49, 52, 53, 56, 57, 58, 59, 17, 66, 67, 70, 71, 72, 73, 74, 75, 82, 83, 47, 46, 60, 61, 64, 95, 65, 98, 99, 100, 101, 94, 106, 110, 111, 114, 115, 118, 119, 96, 124, 125, 117, 116, 107, 97, 134, 135, 89, 88, 140, 141, 146, 147, 40, 26, 150, 154, 155, 151, 158, 159, 152, 153, 27, 41, 166, 167, 168, 169, 170, 171, 176, 177, 180, 181, 164, 184, 185, 186, 187, 165, 87, 86, 172, 173, 78, 198, 199, 200, 201, 79, 206, 207, 194, 195, 208, 214, 215, 209, 196, 212, 213, 218, 219, 221, 220, 224, 225, 203, 231, 228, 233, 229, 240, 241, 236, 237, 248, 249, 244, 245, 230, 232, 204, 205, 197, 202, 264, 265, 252, 253, 145, 246, 247, 222, 280, 281, 217, 286, 287, 223, 216, 144, 296, 297, 299, 298, 267, 266, 182, 183, 227, 226, 102, 276, 314, 318, 319, 315, 277, 103, 210, 211, 148, 113, 324, 330]
  列生成求解结果: 目标值=12.0000， 下界=7.0000， 上界=11.0000

处理节点 331
  开始列生成求解...
Set parameter LogToConsole to value 0
Set parameter Threads to value 1
Set parameter Seed to value 0
  定价策略: Exact, node=331, vertices=18
Set parameter PoolSearchMode to value 2
Set parameter PoolSolutions to value 10
[CG 1] RMP=7.000000, pricing=ExactPricingSolver, new_columns=0
  搜索路径: [1, 2, 3, 6, 7, 8, 9, 11, 14, 18, 19, 22, 23, 10, 28, 29, 32, 33, 36, 37, 15, 42, 43, 16, 48, 49, 52, 53, 56, 57, 58, 59, 17, 66, 67, 70, 71, 72, 73, 74, 75, 82, 83, 47, 46, 60, 61, 64, 95, 65, 98, 99, 100, 101, 94, 106, 110, 111, 114, 115, 118, 119, 96, 124, 125, 117, 116, 107, 97, 134, 135, 89, 88, 140, 141, 146, 147, 40, 26, 150, 154, 155, 151, 158, 159, 152, 153, 27, 41, 166, 167, 168, 169, 170, 171, 176, 177, 180, 181, 164, 184, 185, 186, 187, 165, 87, 86, 172, 173, 78, 198, 199, 200, 201, 79, 206, 207, 194, 195, 208, 214, 215, 209, 196, 212, 213, 218, 219, 221, 220, 224, 225, 203, 231, 228, 233, 229, 240, 241, 236, 237, 248, 249, 244, 245, 230, 232, 204, 205, 197, 202, 264, 265, 252, 253, 145, 246, 247, 222, 280, 281, 217, 286, 287, 223, 216, 144, 296, 297, 299, 298, 267, 266, 182, 183, 227, 226, 102, 276, 314, 318, 319, 315, 277, 103, 210, 211, 148, 113, 324, 330, 331]
  列生成求解结果: 目标值=7.0000， 下界=7.0000， 上界=11.0000
    非整数变量: COL_18-23-9_35 = 0.500000
  解不是整数，开始分支...
ImposedVertex(vertex=14)
ForbidVertex(vertex=14)
  创建了 2 个分支
    添加分支节点 1: ID=338
    添加分支节点 2: ID=339

处理节点 325
  开始列生成求解...
Set parameter LogToConsole to value 0
Set parameter Threads to value 1
Set parameter Seed to value 0
  定价策略: Exact, node=325, vertices=13
Set parameter PoolSearchMode to value 2
Set parameter PoolSolutions to value 10
[CG 1] RMP=9.000000, pricing=ExactPricingSolver, new_columns=0
  搜索路径: [1, 2, 3, 6, 7, 8, 9, 11, 14, 18, 19, 22, 23, 10, 28, 29, 32, 33, 36, 37, 15, 42, 43, 16, 48, 49, 52, 53, 56, 57, 58, 59, 17, 66, 67, 70, 71, 72, 73, 74, 75, 82, 83, 47, 46, 60, 61, 64, 95, 65, 98, 99, 100, 101, 94, 106, 110, 111, 114, 115, 118, 119, 96, 124, 125, 117, 116, 107, 97, 134, 135, 89, 88, 140, 141, 146, 147, 40, 26, 150, 154, 155, 151, 158, 159, 152, 153, 27, 41, 166, 167, 168, 169, 170, 171, 176, 177, 180, 181, 164, 184, 185, 186, 187, 165, 87, 86, 172, 173, 78, 198, 199, 200, 201, 79, 206, 207, 194, 195, 208, 214, 215, 209, 196, 212, 213, 218, 219, 221, 220, 224, 225, 203, 231, 228, 233, 229, 240, 241, 236, 237, 248, 249, 244, 245, 230, 232, 204, 205, 197, 202, 264, 265, 252, 253, 145, 246, 247, 222, 280, 281, 217, 286, 287, 223, 216, 144, 296, 297, 299, 298, 267, 266, 182, 183, 227, 226, 102, 276, 314, 318, 319, 315, 277, 103, 210, 211, 148, 113, 324, 330, 331, 325]
  列生成求解结果: 目标值=9.0000， 下界=7.0000， 上界=11.0000
    非整数变量: COL_1-18-23-9_37 = 0.642857
  解不是整数，开始分支...
ImposedVertex(vertex=28)
ForbidVertex(vertex=28)
  创建了 2 个分支
    添加分支节点 1: ID=340
    添加分支节点 2: ID=341

处理节点 334
  开始列生成求解...
Set parameter LogToConsole to value 0
Set parameter Threads to value 1
Set parameter Seed to value 0
  定价策略: Exact, node=334, vertices=14
Set parameter PoolSearchMode to value 2
Set parameter PoolSolutions to value 10
[CG 1] RMP=12.000000, pricing=ExactPricingSolver, new_columns=10
[CG 2] RMP=12.000000, pricing=ExactPricingSolver, new_columns=10
[CG 3] RMP=9.000000, pricing=ExactPricingSolver, new_columns=0
  搜索路径: [1, 2, 3, 6, 7, 8, 9, 11, 14, 18, 19, 22, 23, 10, 28, 29, 32, 33, 36, 37, 15, 42, 43, 16, 48, 49, 52, 53, 56, 57, 58, 59, 17, 66, 67, 70, 71, 72, 73, 74, 75, 82, 83, 47, 46, 60, 61, 64, 95, 65, 98, 99, 100, 101, 94, 106, 110, 111, 114, 115, 118, 119, 96, 124, 125, 117, 116, 107, 97, 134, 135, 89, 88, 140, 141, 146, 147, 40, 26, 150, 154, 155, 151, 158, 159, 152, 153, 27, 41, 166, 167, 168, 169, 170, 171, 176, 177, 180, 181, 164, 184, 185, 186, 187, 165, 87, 86, 172, 173, 78, 198, 199, 200, 201, 79, 206, 207, 194, 195, 208, 214, 215, 209, 196, 212, 213, 218, 219, 221, 220, 224, 225, 203, 231, 228, 233, 229, 240, 241, 236, 237, 248, 249, 244, 245, 230, 232, 204, 205, 197, 202, 264, 265, 252, 253, 145, 246, 247, 222, 280, 281, 217, 286, 287, 223, 216, 144, 296, 297, 299, 298, 267, 266, 182, 183, 227, 226, 102, 276, 314, 318, 319, 315, 277, 103, 210, 211, 148, 113, 324, 330, 331, 325, 334]
  列生成求解结果: 目标值=9.0000， 下界=7.0000， 上界=11.0000
    非整数变量: COL_11-16-18-21-28-4-7-9_1625 = 0.750000
  解不是整数，开始分支...
ImposedVertex(vertex=28)
ForbidVertex(vertex=28)
  创建了 2 个分支
    添加分支节点 1: ID=342
    添加分支节点 2: ID=343

处理节点 335
  开始列生成求解...
Set parameter LogToConsole to value 0
Set parameter Threads to value 1
Set parameter Seed to value 0
  定价策略: Exact, node=335, vertices=14
Set parameter PoolSearchMode to value 2
Set parameter PoolSolutions to value 10
[CG 1] RMP=8.000000, pricing=ExactPricingSolver, new_columns=0
  搜索路径: [1, 2, 3, 6, 7, 8, 9, 11, 14, 18, 19, 22, 23, 10, 28, 29, 32, 33, 36, 37, 15, 42, 43, 16, 48, 49, 52, 53, 56, 57, 58, 59, 17, 66, 67, 70, 71, 72, 73, 74, 75, 82, 83, 47, 46, 60, 61, 64, 95, 65, 98, 99, 100, 101, 94, 106, 110, 111, 114, 115, 118, 119, 96, 124, 125, 117, 116, 107, 97, 134, 135, 89, 88, 140, 141, 146, 147, 40, 26, 150, 154, 155, 151, 158, 159, 152, 153, 27, 41, 166, 167, 168, 169, 170, 171, 176, 177, 180, 181, 164, 184, 185, 186, 187, 165, 87, 86, 172, 173, 78, 198, 199, 200, 201, 79, 206, 207, 194, 195, 208, 214, 215, 209, 196, 212, 213, 218, 219, 221, 220, 224, 225, 203, 231, 228, 233, 229, 240, 241, 236, 237, 248, 249, 244, 245, 230, 232, 204, 205, 197, 202, 264, 265, 252, 253, 145, 246, 247, 222, 280, 281, 217, 286, 287, 223, 216, 144, 296, 297, 299, 298, 267, 266, 182, 183, 227, 226, 102, 276, 314, 318, 319, 315, 277, 103, 210, 211, 148, 113, 324, 330, 331, 325, 334, 335]
  列生成求解结果: 目标值=8.0000， 下界=7.0000， 上界=11.0000
    非整数变量: COL_11-16-18-20-28-4-7-9_1624 = 0.111111
  解不是整数，开始分支...
ImposedVertex(vertex=28)
ForbidVertex(vertex=28)
  创建了 2 个分支
    添加分支节点 1: ID=344
    添加分支节点 2: ID=345

处理节点 338
  开始列生成求解...
Set parameter LogToConsole to value 0
Set parameter Threads to value 1
Set parameter Seed to value 0
  定价策略: Exact, node=338, vertices=17
Set parameter PoolSearchMode to value 2
Set parameter PoolSolutions to value 10
[CG 1] RMP=10.000000, pricing=ExactPricingSolver, new_columns=0
  搜索路径: [1, 2, 3, 6, 7, 8, 9, 11, 14, 18, 19, 22, 23, 10, 28, 29, 32, 33, 36, 37, 15, 42, 43, 16, 48, 49, 52, 53, 56, 57, 58, 59, 17, 66, 67, 70, 71, 72, 73, 74, 75, 82, 83, 47, 46, 60, 61, 64, 95, 65, 98, 99, 100, 101, 94, 106, 110, 111, 114, 115, 118, 119, 96, 124, 125, 117, 116, 107, 97, 134, 135, 89, 88, 140, 141, 146, 147, 40, 26, 150, 154, 155, 151, 158, 159, 152, 153, 27, 41, 166, 167, 168, 169, 170, 171, 176, 177, 180, 181, 164, 184, 185, 186, 187, 165, 87, 86, 172, 173, 78, 198, 199, 200, 201, 79, 206, 207, 194, 195, 208, 214, 215, 209, 196, 212, 213, 218, 219, 221, 220, 224, 225, 203, 231, 228, 233, 229, 240, 241, 236, 237, 248, 249, 244, 245, 230, 232, 204, 205, 197, 202, 264, 265, 252, 253, 145, 246, 247, 222, 280, 281, 217, 286, 287, 223, 216, 144, 296, 297, 299, 298, 267, 266, 182, 183, 227, 226, 102, 276, 314, 318, 319, 315, 277, 103, 210, 211, 148, 113, 324, 330, 331, 325, 334, 335, 338]
  列生成求解结果: 目标值=10.0000， 下界=7.0000， 上界=11.0000
    非整数变量: COL_18-23-9_35 = 0.888889
  解不是整数，开始分支...
ImposedVertex(vertex=21)
ForbidVertex(vertex=21)
  创建了 2 个分支
    添加分支节点 1: ID=346
    添加分支节点 2: ID=347

处理节点 339
  开始列生成求解...
Set parameter LogToConsole to value 0
Set parameter Threads to value 1
Set parameter Seed to value 0
  定价策略: Exact, node=339, vertices=17
Set parameter PoolSearchMode to value 2
Set parameter PoolSolutions to value 10
[CG 1] RMP=12.000000, pricing=ExactPricingSolver, new_columns=10
[CG 2] RMP=9.000000, pricing=ExactPricingSolver, new_columns=0
  搜索路径: [1, 2, 3, 6, 7, 8, 9, 11, 14, 18, 19, 22, 23, 10, 28, 29, 32, 33, 36, 37, 15, 42, 43, 16, 48, 49, 52, 53, 56, 57, 58, 59, 17, 66, 67, 70, 71, 72, 73, 74, 75, 82, 83, 47, 46, 60, 61, 64, 95, 65, 98, 99, 100, 101, 94, 106, 110, 111, 114, 115, 118, 119, 96, 124, 125, 117, 116, 107, 97, 134, 135, 89, 88, 140, 141, 146, 147, 40, 26, 150, 154, 155, 151, 158, 159, 152, 153, 27, 41, 166, 167, 168, 169, 170, 171, 176, 177, 180, 181, 164, 184, 185, 186, 187, 165, 87, 86, 172, 173, 78, 198, 199, 200, 201, 79, 206, 207, 194, 195, 208, 214, 215, 209, 196, 212, 213, 218, 219, 221, 220, 224, 225, 203, 231, 228, 233, 229, 240, 241, 236, 237, 248, 249, 244, 245, 230, 232, 204, 205, 197, 202, 264, 265, 252, 253, 145, 246, 247, 222, 280, 281, 217, 286, 287, 223, 216, 144, 296, 297, 299, 298, 267, 266, 182, 183, 227, 226, 102, 276, 314, 318, 319, 315, 277, 103, 210, 211, 148, 113, 324, 330, 331, 325, 334, 335, 338, 339]
  列生成求解结果: 目标值=9.0000， 下界=7.0000， 上界=11.0000
    非整数变量: COL_23_5 = 0.589286
  解不是整数，开始分支...
ImposedVertex(vertex=27)
ForbidVertex(vertex=27)
  创建了 2 个分支
    添加分支节点 1: ID=348
    添加分支节点 2: ID=349

处理节点 174
  开始列生成求解...
Set parameter LogToConsole to value 0
Set parameter Threads to value 1
Set parameter Seed to value 0
  定价策略: Exact, node=174, vertices=17
Set parameter PoolSearchMode to value 2
Set parameter PoolSolutions to value 10
[CG 1] RMP=12.000000, pricing=ExactPricingSolver, new_columns=10
[CG 2] RMP=7.000000, pricing=ExactPricingSolver, new_columns=0
  搜索路径: [1, 2, 3, 6, 7, 8, 9, 11, 14, 18, 19, 22, 23, 10, 28, 29, 32, 33, 36, 37, 15, 42, 43, 16, 48, 49, 52, 53, 56, 57, 58, 59, 17, 66, 67, 70, 71, 72, 73, 74, 75, 82, 83, 47, 46, 60, 61, 64, 95, 65, 98, 99, 100, 101, 94, 106, 110, 111, 114, 115, 118, 119, 96, 124, 125, 117, 116, 107, 97, 134, 135, 89, 88, 140, 141, 146, 147, 40, 26, 150, 154, 155, 151, 158, 159, 152, 153, 27, 41, 166, 167, 168, 169, 170, 171, 176, 177, 180, 181, 164, 184, 185, 186, 187, 165, 87, 86, 172, 173, 78, 198, 199, 200, 201, 79, 206, 207, 194, 195, 208, 214, 215, 209, 196, 212, 213, 218, 219, 221, 220, 224, 225, 203, 231, 228, 233, 229, 240, 241, 236, 237, 248, 249, 244, 245, 230, 232, 204, 205, 197, 202, 264, 265, 252, 253, 145, 246, 247, 222, 280, 281, 217, 286, 287, 223, 216, 144, 296, 297, 299, 298, 267, 266, 182, 183, 227, 226, 102, 276, 314, 318, 319, 315, 277, 103, 210, 211, 148, 113, 324, 330, 331, 325, 334, 335, 338, 339, 174]
  列生成求解结果: 目标值=7.0000， 下界=7.0000， 上界=11.0000
    非整数变量: COL_2-28-4-7-9_173 = 0.583333
  解不是整数，开始分支...
ImposedVertex(vertex=2)
ForbidVertex(vertex=2)
  创建了 2 个分支
    添加分支节点 1: ID=350
    添加分支节点 2: ID=351

处理节点 175
  开始列生成求解...
Set parameter LogToConsole to value 0
Set parameter Threads to value 1
Set parameter Seed to value 0
  定价策略: Exact, node=175, vertices=17
Set parameter PoolSearchMode to value 2
Set parameter PoolSolutions to value 10
[CG 1] RMP=11.000000, pricing=ExactPricingSolver, new_columns=0
  搜索路径: [1, 2, 3, 6, 7, 8, 9, 11, 14, 18, 19, 22, 23, 10, 28, 29, 32, 33, 36, 37, 15, 42, 43, 16, 48, 49, 52, 53, 56, 57, 58, 59, 17, 66, 67, 70, 71, 72, 73, 74, 75, 82, 83, 47, 46, 60, 61, 64, 95, 65, 98, 99, 100, 101, 94, 106, 110, 111, 114, 115, 118, 119, 96, 124, 125, 117, 116, 107, 97, 134, 135, 89, 88, 140, 141, 146, 147, 40, 26, 150, 154, 155, 151, 158, 159, 152, 153, 27, 41, 166, 167, 168, 169, 170, 171, 176, 177, 180, 181, 164, 184, 185, 186, 187, 165, 87, 86, 172, 173, 78, 198, 199, 200, 201, 79, 206, 207, 194, 195, 208, 214, 215, 209, 196, 212, 213, 218, 219, 221, 220, 224, 225, 203, 231, 228, 233, 229, 240, 241, 236, 237, 248, 249, 244, 245, 230, 232, 204, 205, 197, 202, 264, 265, 252, 253, 145, 246, 247, 222, 280, 281, 217, 286, 287, 223, 216, 144, 296, 297, 299, 298, 267, 266, 182, 183, 227, 226, 102, 276, 314, 318, 319, 315, 277, 103, 210, 211, 148, 113, 324, 330, 331, 325, 334, 335, 338, 339, 174, 175]
  列生成求解结果: 目标值=11.0000， 下界=7.0000， 上界=11.0000

处理节点 317
  开始列生成求解...
Set parameter LogToConsole to value 0
Set parameter Threads to value 1
Set parameter Seed to value 0
  定价策略: Exact, node=317, vertices=16
Set parameter PoolSearchMode to value 2
Set parameter PoolSolutions to value 10
[CG 1] RMP=9.000000, pricing=ExactPricingSolver, new_columns=0
  搜索路径: [1, 2, 3, 6, 7, 8, 9, 11, 14, 18, 19, 22, 23, 10, 28, 29, 32, 33, 36, 37, 15, 42, 43, 16, 48, 49, 52, 53, 56, 57, 58, 59, 17, 66, 67, 70, 71, 72, 73, 74, 75, 82, 83, 47, 46, 60, 61, 64, 95, 65, 98, 99, 100, 101, 94, 106, 110, 111, 114, 115, 118, 119, 96, 124, 125, 117, 116, 107, 97, 134, 135, 89, 88, 140, 141, 146, 147, 40, 26, 150, 154, 155, 151, 158, 159, 152, 153, 27, 41, 166, 167, 168, 169, 170, 171, 176, 177, 180, 181, 164, 184, 185, 186, 187, 165, 87, 86, 172, 173, 78, 198, 199, 200, 201, 79, 206, 207, 194, 195, 208, 214, 215, 209, 196, 212, 213, 218, 219, 221, 220, 224, 225, 203, 231, 228, 233, 229, 240, 241, 236, 237, 248, 249, 244, 245, 230, 232, 204, 205, 197, 202, 264, 265, 252, 253, 145, 246, 247, 222, 280, 281, 217, 286, 287, 223, 216, 144, 296, 297, 299, 298, 267, 266, 182, 183, 227, 226, 102, 276, 314, 318, 319, 315, 277, 103, 210, 211, 148, 113, 324, 330, 331, 325, 334, 335, 338, 339, 174, 175, 317]
  列生成求解结果: 目标值=9.0000， 下界=7.0000， 上界=11.0000
    非整数变量: COL_0-21_57 = 0.625000
  解不是整数，开始分支...
ImposedVertex(vertex=23)
ForbidVertex(vertex=23)
  创建了 2 个分支
    添加分支节点 1: ID=352
    添加分支节点 2: ID=353
  进度: 已处理 200 个节点, 剩余 133 个, 当前最优 11.0000, 当前列数: 1687

处理节点 178
  开始列生成求解...
Set parameter LogToConsole to value 0
Set parameter Threads to value 1
Set parameter Seed to value 0
  定价策略: Exact, node=178, vertices=18
Set parameter PoolSearchMode to value 2
Set parameter PoolSolutions to value 10
[CG 1] RMP=8.000000, pricing=ExactPricingSolver, new_columns=10
[CG 2] RMP=7.000000, pricing=ExactPricingSolver, new_columns=0
  搜索路径: [1, 2, 3, 6, 7, 8, 9, 11, 14, 18, 19, 22, 23, 10, 28, 29, 32, 33, 36, 37, 15, 42, 43, 16, 48, 49, 52, 53, 56, 57, 58, 59, 17, 66, 67, 70, 71, 72, 73, 74, 75, 82, 83, 47, 46, 60, 61, 64, 95, 65, 98, 99, 100, 101, 94, 106, 110, 111, 114, 115, 118, 119, 96, 124, 125, 117, 116, 107, 97, 134, 135, 89, 88, 140, 141, 146, 147, 40, 26, 150, 154, 155, 151, 158, 159, 152, 153, 27, 41, 166, 167, 168, 169, 170, 171, 176, 177, 180, 181, 164, 184, 185, 186, 187, 165, 87, 86, 172, 173, 78, 198, 199, 200, 201, 79, 206, 207, 194, 195, 208, 214, 215, 209, 196, 212, 213, 218, 219, 221, 220, 224, 225, 203, 231, 228, 233, 229, 240, 241, 236, 237, 248, 249, 244, 245, 230, 232, 204, 205, 197, 202, 264, 265, 252, 253, 145, 246, 247, 222, 280, 281, 217, 286, 287, 223, 216, 144, 296, 297, 299, 298, 267, 266, 182, 183, 227, 226, 102, 276, 314, 318, 319, 315, 277, 103, 210, 211, 148, 113, 324, 330, 331, 325, 334, 335, 338, 339, 174, 175, 317, 178]
  列生成求解结果: 目标值=7.0000， 下界=7.0000， 上界=11.0000
    非整数变量: COL_18-23-9_35 = 0.125000
  解不是整数，开始分支...
ImposedVertex(vertex=2)
ForbidVertex(vertex=2)
  创建了 2 个分支
    添加分支节点 1: ID=354
    添加分支节点 2: ID=355

处理节点 316
  开始列生成求解...
Set parameter LogToConsole to value 0
Set parameter Threads to value 1
Set parameter Seed to value 0
  定价策略: Exact, node=316, vertices=16
Set parameter PoolSearchMode to value 2
Set parameter PoolSolutions to value 10
[CG 1] RMP=8.000000, pricing=ExactPricingSolver, new_columns=0
  搜索路径: [1, 2, 3, 6, 7, 8, 9, 11, 14, 18, 19, 22, 23, 10, 28, 29, 32, 33, 36, 37, 15, 42, 43, 16, 48, 49, 52, 53, 56, 57, 58, 59, 17, 66, 67, 70, 71, 72, 73, 74, 75, 82, 83, 47, 46, 60, 61, 64, 95, 65, 98, 99, 100, 101, 94, 106, 110, 111, 114, 115, 118, 119, 96, 124, 125, 117, 116, 107, 97, 134, 135, 89, 88, 140, 141, 146, 147, 40, 26, 150, 154, 155, 151, 158, 159, 152, 153, 27, 41, 166, 167, 168, 169, 170, 171, 176, 177, 180, 181, 164, 184, 185, 186, 187, 165, 87, 86, 172, 173, 78, 198, 199, 200, 201, 79, 206, 207, 194, 195, 208, 214, 215, 209, 196, 212, 213, 218, 219, 221, 220, 224, 225, 203, 231, 228, 233, 229, 240, 241, 236, 237, 248, 249, 244, 245, 230, 232, 204, 205, 197, 202, 264, 265, 252, 253, 145, 246, 247, 222, 280, 281, 217, 286, 287, 223, 216, 144, 296, 297, 299, 298, 267, 266, 182, 183, 227, 226, 102, 276, 314, 318, 319, 315, 277, 103, 210, 211, 148, 113, 324, 330, 331, 325, 334, 335, 338, 339, 174, 175, 317, 178, 316]
  列生成求解结果: 目标值=8.0000， 下界=7.0000， 上界=11.0000
    非整数变量: COL_11-15-20-25_23 = 0.333333
  解不是整数，开始分支...
ImposedVertex(vertex=25)
ForbidVertex(vertex=25)
  创建了 2 个分支
    添加分支节点 1: ID=356
    添加分支节点 2: ID=357

处理节点 112
  开始列生成求解...
Set parameter LogToConsole to value 0
Set parameter Threads to value 1
Set parameter Seed to value 0
  定价策略: Exact, node=112, vertices=15
Set parameter PoolSearchMode to value 2
Set parameter PoolSolutions to value 10
[CG 1] RMP=8.000000, pricing=ExactPricingSolver, new_columns=10
[CG 2] RMP=7.000000, pricing=ExactPricingSolver, new_columns=0
  搜索路径: [1, 2, 3, 6, 7, 8, 9, 11, 14, 18, 19, 22, 23, 10, 28, 29, 32, 33, 36, 37, 15, 42, 43, 16, 48, 49, 52, 53, 56, 57, 58, 59, 17, 66, 67, 70, 71, 72, 73, 74, 75, 82, 83, 47, 46, 60, 61, 64, 95, 65, 98, 99, 100, 101, 94, 106, 110, 111, 114, 115, 118, 119, 96, 124, 125, 117, 116, 107, 97, 134, 135, 89, 88, 140, 141, 146, 147, 40, 26, 150, 154, 155, 151, 158, 159, 152, 153, 27, 41, 166, 167, 168, 169, 170, 171, 176, 177, 180, 181, 164, 184, 185, 186, 187, 165, 87, 86, 172, 173, 78, 198, 199, 200, 201, 79, 206, 207, 194, 195, 208, 214, 215, 209, 196, 212, 213, 218, 219, 221, 220, 224, 225, 203, 231, 228, 233, 229, 240, 241, 236, 237, 248, 249, 244, 245, 230, 232, 204, 205, 197, 202, 264, 265, 252, 253, 145, 246, 247, 222, 280, 281, 217, 286, 287, 223, 216, 144, 296, 297, 299, 298, 267, 266, 182, 183, 227, 226, 102, 276, 314, 318, 319, 315, 277, 103, 210, 211, 148, 113, 324, 330, 331, 325, 334, 335, 338, 339, 174, 175, 317, 178, 316, 112]
  列生成求解结果: 目标值=7.0000， 下界=7.0000， 上界=11.0000
    非整数变量: COL_1-18-23-7-9_41 = 0.047222
  解不是整数，开始分支...
ImposedVertex(vertex=28)
ForbidVertex(vertex=28)
  创建了 2 个分支
    添加分支节点 1: ID=358
    添加分支节点 2: ID=359

处理节点 179
  开始列生成求解...
Set parameter LogToConsole to value 0
Set parameter Threads to value 1
Set parameter Seed to value 0
  定价策略: Exact, node=179, vertices=18
Set parameter PoolSearchMode to value 2
Set parameter PoolSolutions to value 10
[CG 1] RMP=11.000000, pricing=ExactPricingSolver, new_columns=0
  搜索路径: [1, 2, 3, 6, 7, 8, 9, 11, 14, 18, 19, 22, 23, 10, 28, 29, 32, 33, 36, 37, 15, 42, 43, 16, 48, 49, 52, 53, 56, 57, 58, 59, 17, 66, 67, 70, 71, 72, 73, 74, 75, 82, 83, 47, 46, 60, 61, 64, 95, 65, 98, 99, 100, 101, 94, 106, 110, 111, 114, 115, 118, 119, 96, 124, 125, 117, 116, 107, 97, 134, 135, 89, 88, 140, 141, 146, 147, 40, 26, 150, 154, 155, 151, 158, 159, 152, 153, 27, 41, 166, 167, 168, 169, 170, 171, 176, 177, 180, 181, 164, 184, 185, 186, 187, 165, 87, 86, 172, 173, 78, 198, 199, 200, 201, 79, 206, 207, 194, 195, 208, 214, 215, 209, 196, 212, 213, 218, 219, 221, 220, 224, 225, 203, 231, 228, 233, 229, 240, 241, 236, 237, 248, 249, 244, 245, 230, 232, 204, 205, 197, 202, 264, 265, 252, 253, 145, 246, 247, 222, 280, 281, 217, 286, 287, 223, 216, 144, 296, 297, 299, 298, 267, 266, 182, 183, 227, 226, 102, 276, 314, 318, 319, 315, 277, 103, 210, 211, 148, 113, 324, 330, 331, 325, 334, 335, 338, 339, 174, 175, 317, 178, 316, 112, 179]
  列生成求解结果: 目标值=11.0000， 下界=7.0000， 上界=11.0000

处理节点 163
  开始列生成求解...
Set parameter LogToConsole to value 0
Set parameter Threads to value 1
Set parameter Seed to value 0
  定价策略: Exact, node=163, vertices=16
Set parameter PoolSearchMode to value 2
Set parameter PoolSolutions to value 10
[CG 1] RMP=11.000000, pricing=ExactPricingSolver, new_columns=0
  搜索路径: [1, 2, 3, 6, 7, 8, 9, 11, 14, 18, 19, 22, 23, 10, 28, 29, 32, 33, 36, 37, 15, 42, 43, 16, 48, 49, 52, 53, 56, 57, 58, 59, 17, 66, 67, 70, 71, 72, 73, 74, 75, 82, 83, 47, 46, 60, 61, 64, 95, 65, 98, 99, 100, 101, 94, 106, 110, 111, 114, 115, 118, 119, 96, 124, 125, 117, 116, 107, 97, 134, 135, 89, 88, 140, 141, 146, 147, 40, 26, 150, 154, 155, 151, 158, 159, 152, 153, 27, 41, 166, 167, 168, 169, 170, 171, 176, 177, 180, 181, 164, 184, 185, 186, 187, 165, 87, 86, 172, 173, 78, 198, 199, 200, 201, 79, 206, 207, 194, 195, 208, 214, 215, 209, 196, 212, 213, 218, 219, 221, 220, 224, 225, 203, 231, 228, 233, 229, 240, 241, 236, 237, 248, 249, 244, 245, 230, 232, 204, 205, 197, 202, 264, 265, 252, 253, 145, 246, 247, 222, 280, 281, 217, 286, 287, 223, 216, 144, 296, 297, 299, 298, 267, 266, 182, 183, 227, 226, 102, 276, 314, 318, 319, 315, 277, 103, 210, 211, 148, 113, 324, 330, 331, 325, 334, 335, 338, 339, 174, 175, 317, 178, 316, 112, 179, 163]
  列生成求解结果: 目标值=11.0000， 下界=7.0000， 上界=11.0000

处理节点 162
  开始列生成求解...
Set parameter LogToConsole to value 0
Set parameter Threads to value 1
Set parameter Seed to value 0
  定价策略: Exact, node=162, vertices=15
Set parameter PoolSearchMode to value 2
Set parameter PoolSolutions to value 10
[CG 1] RMP=7.000000, pricing=ExactPricingSolver, new_columns=0
  搜索路径: [1, 2, 3, 6, 7, 8, 9, 11, 14, 18, 19, 22, 23, 10, 28, 29, 32, 33, 36, 37, 15, 42, 43, 16, 48, 49, 52, 53, 56, 57, 58, 59, 17, 66, 67, 70, 71, 72, 73, 74, 75, 82, 83, 47, 46, 60, 61, 64, 95, 65, 98, 99, 100, 101, 94, 106, 110, 111, 114, 115, 118, 119, 96, 124, 125, 117, 116, 107, 97, 134, 135, 89, 88, 140, 141, 146, 147, 40, 26, 150, 154, 155, 151, 158, 159, 152, 153, 27, 41, 166, 167, 168, 169, 170, 171, 176, 177, 180, 181, 164, 184, 185, 186, 187, 165, 87, 86, 172, 173, 78, 198, 199, 200, 201, 79, 206, 207, 194, 195, 208, 214, 215, 209, 196, 212, 213, 218, 219, 221, 220, 224, 225, 203, 231, 228, 233, 229, 240, 241, 236, 237, 248, 249, 244, 245, 230, 232, 204, 205, 197, 202, 264, 265, 252, 253, 145, 246, 247, 222, 280, 281, 217, 286, 287, 223, 216, 144, 296, 297, 299, 298, 267, 266, 182, 183, 227, 226, 102, 276, 314, 318, 319, 315, 277, 103, 210, 211, 148, 113, 324, 330, 331, 325, 334, 335, 338, 339, 174, 175, 317, 178, 316, 112, 179, 163, 162]
  列生成求解结果: 目标值=7.0000， 下界=7.0000， 上界=11.0000
    非整数变量: COL_0-4-7-9_99 = 0.500000
  解不是整数，开始分支...
ImposedVertex(vertex=7)
ForbidVertex(vertex=7)
  创建了 2 个分支
    添加分支节点 1: ID=360
    添加分支节点 2: ID=361

处理节点 156
  开始列生成求解...
Set parameter LogToConsole to value 0
Set parameter Threads to value 1
Set parameter Seed to value 0
  定价策略: Exact, node=156, vertices=16
Set parameter PoolSearchMode to value 2
Set parameter PoolSolutions to value 10
[CG 1] RMP=7.000000, pricing=ExactPricingSolver, new_columns=0
  搜索路径: [1, 2, 3, 6, 7, 8, 9, 11, 14, 18, 19, 22, 23, 10, 28, 29, 32, 33, 36, 37, 15, 42, 43, 16, 48, 49, 52, 53, 56, 57, 58, 59, 17, 66, 67, 70, 71, 72, 73, 74, 75, 82, 83, 47, 46, 60, 61, 64, 95, 65, 98, 99, 100, 101, 94, 106, 110, 111, 114, 115, 118, 119, 96, 124, 125, 117, 116, 107, 97, 134, 135, 89, 88, 140, 141, 146, 147, 40, 26, 150, 154, 155, 151, 158, 159, 152, 153, 27, 41, 166, 167, 168, 169, 170, 171, 176, 177, 180, 181, 164, 184, 185, 186, 187, 165, 87, 86, 172, 173, 78, 198, 199, 200, 201, 79, 206, 207, 194, 195, 208, 214, 215, 209, 196, 212, 213, 218, 219, 221, 220, 224, 225, 203, 231, 228, 233, 229, 240, 241, 236, 237, 248, 249, 244, 245, 230, 232, 204, 205, 197, 202, 264, 265, 252, 253, 145, 246, 247, 222, 280, 281, 217, 286, 287, 223, 216, 144, 296, 297, 299, 298, 267, 266, 182, 183, 227, 226, 102, 276, 314, 318, 319, 315, 277, 103, 210, 211, 148, 113, 324, 330, 331, 325, 334, 335, 338, 339, 174, 175, 317, 178, 316, 112, 179, 163, 162, 156]
  列生成求解结果: 目标值=7.0000， 下界=7.0000， 上界=11.0000
    非整数变量: COL_1-18-23-7-9_41 = 0.416667
  解不是整数，开始分支...
ImposedVertex(vertex=20)
ForbidVertex(vertex=20)
  创建了 2 个分支
    添加分支节点 1: ID=362
    添加分支节点 2: ID=363

处理节点 157
  开始列生成求解...
Set parameter LogToConsole to value 0
Set parameter Threads to value 1
Set parameter Seed to value 0
  定价策略: Exact, node=157, vertices=16
Set parameter PoolSearchMode to value 2
Set parameter PoolSolutions to value 10
[CG 1] RMP=11.000000, pricing=ExactPricingSolver, new_columns=0
  搜索路径: [1, 2, 3, 6, 7, 8, 9, 11, 14, 18, 19, 22, 23, 10, 28, 29, 32, 33, 36, 37, 15, 42, 43, 16, 48, 49, 52, 53, 56, 57, 58, 59, 17, 66, 67, 70, 71, 72, 73, 74, 75, 82, 83, 47, 46, 60, 61, 64, 95, 65, 98, 99, 100, 101, 94, 106, 110, 111, 114, 115, 118, 119, 96, 124, 125, 117, 116, 107, 97, 134, 135, 89, 88, 140, 141, 146, 147, 40, 26, 150, 154, 155, 151, 158, 159, 152, 153, 27, 41, 166, 167, 168, 169, 170, 171, 176, 177, 180, 181, 164, 184, 185, 186, 187, 165, 87, 86, 172, 173, 78, 198, 199, 200, 201, 79, 206, 207, 194, 195, 208, 214, 215, 209, 196, 212, 213, 218, 219, 221, 220, 224, 225, 203, 231, 228, 233, 229, 240, 241, 236, 237, 248, 249, 244, 245, 230, 232, 204, 205, 197, 202, 264, 265, 252, 253, 145, 246, 247, 222, 280, 281, 217, 286, 287, 223, 216, 144, 296, 297, 299, 298, 267, 266, 182, 183, 227, 226, 102, 276, 314, 318, 319, 315, 277, 103, 210, 211, 148, 113, 324, 330, 331, 325, 334, 335, 338, 339, 174, 175, 317, 178, 316, 112, 179, 163, 162, 156, 157]
  列生成求解结果: 目标值=11.0000， 下界=7.0000， 上界=11.0000

处理节点 137
  开始列生成求解...
Set parameter LogToConsole to value 0
Set parameter Threads to value 1
Set parameter Seed to value 0
  定价策略: Exact, node=137, vertices=15
Set parameter PoolSearchMode to value 2
Set parameter PoolSolutions to value 10
[CG 1] RMP=14.000000, pricing=ExactPricingSolver, new_columns=10
[CG 2] RMP=9.000000, pricing=ExactPricingSolver, new_columns=0
  搜索路径: [1, 2, 3, 6, 7, 8, 9, 11, 14, 18, 19, 22, 23, 10, 28, 29, 32, 33, 36, 37, 15, 42, 43, 16, 48, 49, 52, 53, 56, 57, 58, 59, 17, 66, 67, 70, 71, 72, 73, 74, 75, 82, 83, 47, 46, 60, 61, 64, 95, 65, 98, 99, 100, 101, 94, 106, 110, 111, 114, 115, 118, 119, 96, 124, 125, 117, 116, 107, 97, 134, 135, 89, 88, 140, 141, 146, 147, 40, 26, 150, 154, 155, 151, 158, 159, 152, 153, 27, 41, 166, 167, 168, 169, 170, 171, 176, 177, 180, 181, 164, 184, 185, 186, 187, 165, 87, 86, 172, 173, 78, 198, 199, 200, 201, 79, 206, 207, 194, 195, 208, 214, 215, 209, 196, 212, 213, 218, 219, 221, 220, 224, 225, 203, 231, 228, 233, 229, 240, 241, 236, 237, 248, 249, 244, 245, 230, 232, 204, 205, 197, 202, 264, 265, 252, 253, 145, 246, 247, 222, 280, 281, 217, 286, 287, 223, 216, 144, 296, 297, 299, 298, 267, 266, 182, 183, 227, 226, 102, 276, 314, 318, 319, 315, 277, 103, 210, 211, 148, 113, 324, 330, 331, 325, 334, 335, 338, 339, 174, 175, 317, 178, 316, 112, 179, 163, 162, 156, 157, 137]
  列生成求解结果: 目标值=9.0000， 下界=7.0000， 上界=11.0000
    非整数变量: COL_1-18-23-9_37 = 0.333333
  解不是整数，开始分支...
ImposedVertex(vertex=29)
ForbidVertex(vertex=29)
  创建了 2 个分支
    添加分支节点 1: ID=364
    添加分支节点 2: ID=365

处理节点 284
  开始列生成求解...
Set parameter LogToConsole to value 0
Set parameter Threads to value 1
Set parameter Seed to value 0
  定价策略: Exact, node=284, vertices=12
Set parameter PoolSearchMode to value 2
Set parameter PoolSolutions to value 10
[CG 1] RMP=8.000000, pricing=ExactPricingSolver, new_columns=10
[CG 2] RMP=8.000000, pricing=ExactPricingSolver, new_columns=10
[CG 3] RMP=7.000000, pricing=ExactPricingSolver, new_columns=10
[CG 4] RMP=7.000000, pricing=ExactPricingSolver, new_columns=0
  搜索路径: [1, 2, 3, 6, 7, 8, 9, 11, 14, 18, 19, 22, 23, 10, 28, 29, 32, 33, 36, 37, 15, 42, 43, 16, 48, 49, 52, 53, 56, 57, 58, 59, 17, 66, 67, 70, 71, 72, 73, 74, 75, 82, 83, 47, 46, 60, 61, 64, 95, 65, 98, 99, 100, 101, 94, 106, 110, 111, 114, 115, 118, 119, 96, 124, 125, 117, 116, 107, 97, 134, 135, 89, 88, 140, 141, 146, 147, 40, 26, 150, 154, 155, 151, 158, 159, 152, 153, 27, 41, 166, 167, 168, 169, 170, 171, 176, 177, 180, 181, 164, 184, 185, 186, 187, 165, 87, 86, 172, 173, 78, 198, 199, 200, 201, 79, 206, 207, 194, 195, 208, 214, 215, 209, 196, 212, 213, 218, 219, 221, 220, 224, 225, 203, 231, 228, 233, 229, 240, 241, 236, 237, 248, 249, 244, 245, 230, 232, 204, 205, 197, 202, 264, 265, 252, 253, 145, 246, 247, 222, 280, 281, 217, 286, 287, 223, 216, 144, 296, 297, 299, 298, 267, 266, 182, 183, 227, 226, 102, 276, 314, 318, 319, 315, 277, 103, 210, 211, 148, 113, 324, 330, 331, 325, 334, 335, 338, 339, 174, 175, 317, 178, 316, 112, 179, 163, 162, 156, 157, 137, 284]
  列生成求解结果: 目标值=7.0000， 下界=7.0000， 上界=11.0000
    非整数变量: COL_1-18-23-7-9_41 = 0.136364
  解不是整数，开始分支...
ImposedVertex(vertex=20)
ForbidVertex(vertex=20)
  创建了 2 个分支
    添加分支节点 1: ID=366
    添加分支节点 2: ID=367
  进度: 已处理 210 个节点, 剩余 137 个, 当前最优 11.0000, 当前列数: 1747

处理节点 358
  开始列生成求解...
Set parameter LogToConsole to value 0
Set parameter Threads to value 1
Set parameter Seed to value 0
  定价策略: Exact, node=358, vertices=14
Set parameter PoolSearchMode to value 2
Set parameter PoolSolutions to value 10
[CG 1] RMP=12.000000, pricing=ExactPricingSolver, new_columns=0
  搜索路径: [1, 2, 3, 6, 7, 8, 9, 11, 14, 18, 19, 22, 23, 10, 28, 29, 32, 33, 36, 37, 15, 42, 43, 16, 48, 49, 52, 53, 56, 57, 58, 59, 17, 66, 67, 70, 71, 72, 73, 74, 75, 82, 83, 47, 46, 60, 61, 64, 95, 65, 98, 99, 100, 101, 94, 106, 110, 111, 114, 115, 118, 119, 96, 124, 125, 117, 116, 107, 97, 134, 135, 89, 88, 140, 141, 146, 147, 40, 26, 150, 154, 155, 151, 158, 159, 152, 153, 27, 41, 166, 167, 168, 169, 170, 171, 176, 177, 180, 181, 164, 184, 185, 186, 187, 165, 87, 86, 172, 173, 78, 198, 199, 200, 201, 79, 206, 207, 194, 195, 208, 214, 215, 209, 196, 212, 213, 218, 219, 221, 220, 224, 225, 203, 231, 228, 233, 229, 240, 241, 236, 237, 248, 249, 244, 245, 230, 232, 204, 205, 197, 202, 264, 265, 252, 253, 145, 246, 247, 222, 280, 281, 217, 286, 287, 223, 216, 144, 296, 297, 299, 298, 267, 266, 182, 183, 227, 226, 102, 276, 314, 318, 319, 315, 277, 103, 210, 211, 148, 113, 324, 330, 331, 325, 334, 335, 338, 339, 174, 175, 317, 178, 316, 112, 179, 163, 162, 156, 157, 137, 284, 358]
  列生成求解结果: 目标值=12.0000， 下界=7.0000， 上界=11.0000

处理节点 361
  开始列生成求解...
Set parameter LogToConsole to value 0
Set parameter Threads to value 1
Set parameter Seed to value 0
  定价策略: Exact, node=361, vertices=14
Set parameter PoolSearchMode to value 2
Set parameter PoolSolutions to value 10
[CG 1] RMP=12.000000, pricing=ExactPricingSolver, new_columns=0
  搜索路径: [1, 2, 3, 6, 7, 8, 9, 11, 14, 18, 19, 22, 23, 10, 28, 29, 32, 33, 36, 37, 15, 42, 43, 16, 48, 49, 52, 53, 56, 57, 58, 59, 17, 66, 67, 70, 71, 72, 73, 74, 75, 82, 83, 47, 46, 60, 61, 64, 95, 65, 98, 99, 100, 101, 94, 106, 110, 111, 114, 115, 118, 119, 96, 124, 125, 117, 116, 107, 97, 134, 135, 89, 88, 140, 141, 146, 147, 40, 26, 150, 154, 155, 151, 158, 159, 152, 153, 27, 41, 166, 167, 168, 169, 170, 171, 176, 177, 180, 181, 164, 184, 185, 186, 187, 165, 87, 86, 172, 173, 78, 198, 199, 200, 201, 79, 206, 207, 194, 195, 208, 214, 215, 209, 196, 212, 213, 218, 219, 221, 220, 224, 225, 203, 231, 228, 233, 229, 240, 241, 236, 237, 248, 249, 244, 245, 230, 232, 204, 205, 197, 202, 264, 265, 252, 253, 145, 246, 247, 222, 280, 281, 217, 286, 287, 223, 216, 144, 296, 297, 299, 298, 267, 266, 182, 183, 227, 226, 102, 276, 314, 318, 319, 315, 277, 103, 210, 211, 148, 113, 324, 330, 331, 325, 334, 335, 338, 339, 174, 175, 317, 178, 316, 112, 179, 163, 162, 156, 157, 137, 284, 358, 361]
  列生成求解结果: 目标值=12.0000， 下界=7.0000， 上界=11.0000

处理节点 362
  开始列生成求解...
Set parameter LogToConsole to value 0
Set parameter Threads to value 1
Set parameter Seed to value 0
  定价策略: Exact, node=362, vertices=15
Set parameter PoolSearchMode to value 2
Set parameter PoolSolutions to value 10
[CG 1] RMP=8.000000, pricing=ExactPricingSolver, new_columns=0
  搜索路径: [1, 2, 3, 6, 7, 8, 9, 11, 14, 18, 19, 22, 23, 10, 28, 29, 32, 33, 36, 37, 15, 42, 43, 16, 48, 49, 52, 53, 56, 57, 58, 59, 17, 66, 67, 70, 71, 72, 73, 74, 75, 82, 83, 47, 46, 60, 61, 64, 95, 65, 98, 99, 100, 101, 94, 106, 110, 111, 114, 115, 118, 119, 96, 124, 125, 117, 116, 107, 97, 134, 135, 89, 88, 140, 141, 146, 147, 40, 26, 150, 154, 155, 151, 158, 159, 152, 153, 27, 41, 166, 167, 168, 169, 170, 171, 176, 177, 180, 181, 164, 184, 185, 186, 187, 165, 87, 86, 172, 173, 78, 198, 199, 200, 201, 79, 206, 207, 194, 195, 208, 214, 215, 209, 196, 212, 213, 218, 219, 221, 220, 224, 225, 203, 231, 228, 233, 229, 240, 241, 236, 237, 248, 249, 244, 245, 230, 232, 204, 205, 197, 202, 264, 265, 252, 253, 145, 246, 247, 222, 280, 281, 217, 286, 287, 223, 216, 144, 296, 297, 299, 298, 267, 266, 182, 183, 227, 226, 102, 276, 314, 318, 319, 315, 277, 103, 210, 211, 148, 113, 324, 330, 331, 325, 334, 335, 338, 339, 174, 175, 317, 178, 316, 112, 179, 163, 162, 156, 157, 137, 284, 358, 361, 362]
  列生成求解结果: 目标值=8.0000， 下界=7.0000， 上界=11.0000
    非整数变量: COL_1-18-23-9_37 = 0.333333
  解不是整数，开始分支...
ImposedVertex(vertex=28)
ForbidVertex(vertex=28)
  创建了 2 个分支
    添加分支节点 1: ID=368
    添加分支节点 2: ID=369

处理节点 367
  开始列生成求解...
Set parameter LogToConsole to value 0
Set parameter Threads to value 1
Set parameter Seed to value 0
  定价策略: Exact, node=367, vertices=11
Set parameter PoolSearchMode to value 2
Set parameter PoolSolutions to value 10
[CG 1] RMP=11.000000, pricing=ExactPricingSolver, new_columns=10
[CG 2] RMP=9.000000, pricing=ExactPricingSolver, new_columns=0
  搜索路径: [1, 2, 3, 6, 7, 8, 9, 11, 14, 18, 19, 22, 23, 10, 28, 29, 32, 33, 36, 37, 15, 42, 43, 16, 48, 49, 52, 53, 56, 57, 58, 59, 17, 66, 67, 70, 71, 72, 73, 74, 75, 82, 83, 47, 46, 60, 61, 64, 95, 65, 98, 99, 100, 101, 94, 106, 110, 111, 114, 115, 118, 119, 96, 124, 125, 117, 116, 107, 97, 134, 135, 89, 88, 140, 141, 146, 147, 40, 26, 150, 154, 155, 151, 158, 159, 152, 153, 27, 41, 166, 167, 168, 169, 170, 171, 176, 177, 180, 181, 164, 184, 185, 186, 187, 165, 87, 86, 172, 173, 78, 198, 199, 200, 201, 79, 206, 207, 194, 195, 208, 214, 215, 209, 196, 212, 213, 218, 219, 221, 220, 224, 225, 203, 231, 228, 233, 229, 240, 241, 236, 237, 248, 249, 244, 245, 230, 232, 204, 205, 197, 202, 264, 265, 252, 253, 145, 246, 247, 222, 280, 281, 217, 286, 287, 223, 216, 144, 296, 297, 299, 298, 267, 266, 182, 183, 227, 226, 102, 276, 314, 318, 319, 315, 277, 103, 210, 211, 148, 113, 324, 330, 331, 325, 334, 335, 338, 339, 174, 175, 317, 178, 316, 112, 179, 163, 162, 156, 157, 137, 284, 358, 361, 362, 367]
  列生成求解结果: 目标值=9.0000， 下界=7.0000， 上界=11.0000
    非整数变量: COL_1-11-18-23-7-9_42 = 0.467532
  解不是整数，开始分支...
ImposedVertex(vertex=27)
ForbidVertex(vertex=27)
  创建了 2 个分支
    添加分支节点 1: ID=370
    添加分支节点 2: ID=371

处理节点 263
  开始列生成求解...
Set parameter LogToConsole to value 0
Set parameter Threads to value 1
Set parameter Seed to value 0
  定价策略: Exact, node=263, vertices=16
Set parameter PoolSearchMode to value 2
Set parameter PoolSolutions to value 10
[CG 1] RMP=7.000000, pricing=ExactPricingSolver, new_columns=0
  搜索路径: [1, 2, 3, 6, 7, 8, 9, 11, 14, 18, 19, 22, 23, 10, 28, 29, 32, 33, 36, 37, 15, 42, 43, 16, 48, 49, 52, 53, 56, 57, 58, 59, 17, 66, 67, 70, 71, 72, 73, 74, 75, 82, 83, 47, 46, 60, 61, 64, 95, 65, 98, 99, 100, 101, 94, 106, 110, 111, 114, 115, 118, 119, 96, 124, 125, 117, 116, 107, 97, 134, 135, 89, 88, 140, 141, 146, 147, 40, 26, 150, 154, 155, 151, 158, 159, 152, 153, 27, 41, 166, 167, 168, 169, 170, 171, 176, 177, 180, 181, 164, 184, 185, 186, 187, 165, 87, 86, 172, 173, 78, 198, 199, 200, 201, 79, 206, 207, 194, 195, 208, 214, 215, 209, 196, 212, 213, 218, 219, 221, 220, 224, 225, 203, 231, 228, 233, 229, 240, 241, 236, 237, 248, 249, 244, 245, 230, 232, 204, 205, 197, 202, 264, 265, 252, 253, 145, 246, 247, 222, 280, 281, 217, 286, 287, 223, 216, 144, 296, 297, 299, 298, 267, 266, 182, 183, 227, 226, 102, 276, 314, 318, 319, 315, 277, 103, 210, 211, 148, 113, 324, 330, 331, 325, 334, 335, 338, 339, 174, 175, 317, 178, 316, 112, 179, 163, 162, 156, 157, 137, 284, 358, 361, 362, 367, 263]
  列生成求解结果: 目标值=7.0000， 下界=7.0000， 上界=11.0000
    非整数变量: COL_17-4-7-9_329 = 0.500000
  解不是整数，开始分支...
ImposedVertex(vertex=9)
ForbidVertex(vertex=9)
  创建了 2 个分支
    添加分支节点 1: ID=372
    添加分支节点 2: ID=373

处理节点 262
  开始列生成求解...
Set parameter LogToConsole to value 0
Set parameter Threads to value 1
Set parameter Seed to value 0
  定价策略: Exact, node=262, vertices=15
Set parameter PoolSearchMode to value 2
Set parameter PoolSolutions to value 10
[CG 1] RMP=11.000000, pricing=ExactPricingSolver, new_columns=10
[CG 2] RMP=11.000000, pricing=ExactPricingSolver, new_columns=0
  搜索路径: [1, 2, 3, 6, 7, 8, 9, 11, 14, 18, 19, 22, 23, 10, 28, 29, 32, 33, 36, 37, 15, 42, 43, 16, 48, 49, 52, 53, 56, 57, 58, 59, 17, 66, 67, 70, 71, 72, 73, 74, 75, 82, 83, 47, 46, 60, 61, 64, 95, 65, 98, 99, 100, 101, 94, 106, 110, 111, 114, 115, 118, 119, 96, 124, 125, 117, 116, 107, 97, 134, 135, 89, 88, 140, 141, 146, 147, 40, 26, 150, 154, 155, 151, 158, 159, 152, 153, 27, 41, 166, 167, 168, 169, 170, 171, 176, 177, 180, 181, 164, 184, 185, 186, 187, 165, 87, 86, 172, 173, 78, 198, 199, 200, 201, 79, 206, 207, 194, 195, 208, 214, 215, 209, 196, 212, 213, 218, 219, 221, 220, 224, 225, 203, 231, 228, 233, 229, 240, 241, 236, 237, 248, 249, 244, 245, 230, 232, 204, 205, 197, 202, 264, 265, 252, 253, 145, 246, 247, 222, 280, 281, 217, 286, 287, 223, 216, 144, 296, 297, 299, 298, 267, 266, 182, 183, 227, 226, 102, 276, 314, 318, 319, 315, 277, 103, 210, 211, 148, 113, 324, 330, 331, 325, 334, 335, 338, 339, 174, 175, 317, 178, 316, 112, 179, 163, 162, 156, 157, 137, 284, 358, 361, 362, 367, 263, 262]
  列生成求解结果: 目标值=11.0000， 下界=7.0000， 上界=11.0000

处理节点 250
  开始列生成求解...
Set parameter LogToConsole to value 0
Set parameter Threads to value 1
Set parameter Seed to value 0
  定价策略: Exact, node=250, vertices=13
Set parameter PoolSearchMode to value 2
Set parameter PoolSolutions to value 10
[CG 1] RMP=14.000000, pricing=ExactPricingSolver, new_columns=10
[CG 2] RMP=7.000000, pricing=ExactPricingSolver, new_columns=0
  搜索路径: [1, 2, 3, 6, 7, 8, 9, 11, 14, 18, 19, 22, 23, 10, 28, 29, 32, 33, 36, 37, 15, 42, 43, 16, 48, 49, 52, 53, 56, 57, 58, 59, 17, 66, 67, 70, 71, 72, 73, 74, 75, 82, 83, 47, 46, 60, 61, 64, 95, 65, 98, 99, 100, 101, 94, 106, 110, 111, 114, 115, 118, 119, 96, 124, 125, 117, 116, 107, 97, 134, 135, 89, 88, 140, 141, 146, 147, 40, 26, 150, 154, 155, 151, 158, 159, 152, 153, 27, 41, 166, 167, 168, 169, 170, 171, 176, 177, 180, 181, 164, 184, 185, 186, 187, 165, 87, 86, 172, 173, 78, 198, 199, 200, 201, 79, 206, 207, 194, 195, 208, 214, 215, 209, 196, 212, 213, 218, 219, 221, 220, 224, 225, 203, 231, 228, 233, 229, 240, 241, 236, 237, 248, 249, 244, 245, 230, 232, 204, 205, 197, 202, 264, 265, 252, 253, 145, 246, 247, 222, 280, 281, 217, 286, 287, 223, 216, 144, 296, 297, 299, 298, 267, 266, 182, 183, 227, 226, 102, 276, 314, 318, 319, 315, 277, 103, 210, 211, 148, 113, 324, 330, 331, 325, 334, 335, 338, 339, 174, 175, 317, 178, 316, 112, 179, 163, 162, 156, 157, 137, 284, 358, 361, 362, 367, 263, 262, 250]
  列生成求解结果: 目标值=7.0000， 下界=7.0000， 上界=11.0000
    非整数变量: COL_18-23-9_35 = 0.600000
  解不是整数，开始分支...
ImposedVertex(vertex=20)
ForbidVertex(vertex=20)
  创建了 2 个分支
    添加分支节点 1: ID=374
    添加分支节点 2: ID=375

处理节点 251
  开始列生成求解...
Set parameter LogToConsole to value 0
Set parameter Threads to value 1
Set parameter Seed to value 0
  定价策略: Exact, node=251, vertices=13
Set parameter PoolSearchMode to value 2
Set parameter PoolSolutions to value 10
[CG 1] RMP=9.000000, pricing=ExactPricingSolver, new_columns=0
  搜索路径: [1, 2, 3, 6, 7, 8, 9, 11, 14, 18, 19, 22, 23, 10, 28, 29, 32, 33, 36, 37, 15, 42, 43, 16, 48, 49, 52, 53, 56, 57, 58, 59, 17, 66, 67, 70, 71, 72, 73, 74, 75, 82, 83, 47, 46, 60, 61, 64, 95, 65, 98, 99, 100, 101, 94, 106, 110, 111, 114, 115, 118, 119, 96, 124, 125, 117, 116, 107, 97, 134, 135, 89, 88, 140, 141, 146, 147, 40, 26, 150, 154, 155, 151, 158, 159, 152, 153, 27, 41, 166, 167, 168, 169, 170, 171, 176, 177, 180, 181, 164, 184, 185, 186, 187, 165, 87, 86, 172, 173, 78, 198, 199, 200, 201, 79, 206, 207, 194, 195, 208, 214, 215, 209, 196, 212, 213, 218, 219, 221, 220, 224, 225, 203, 231, 228, 233, 229, 240, 241, 236, 237, 248, 249, 244, 245, 230, 232, 204, 205, 197, 202, 264, 265, 252, 253, 145, 246, 247, 222, 280, 281, 217, 286, 287, 223, 216, 144, 296, 297, 299, 298, 267, 266, 182, 183, 227, 226, 102, 276, 314, 318, 319, 315, 277, 103, 210, 211, 148, 113, 324, 330, 331, 325, 334, 335, 338, 339, 174, 175, 317, 178, 316, 112, 179, 163, 162, 156, 157, 137, 284, 358, 361, 362, 367, 263, 262, 250, 251]
  列生成求解结果: 目标值=9.0000， 下界=7.0000， 上界=11.0000
    非整数变量: COL_18-24-9_33 = 0.500000
  解不是整数，开始分支...
ImposedVertex(vertex=21)
ForbidVertex(vertex=21)
  创建了 2 个分支
    添加分支节点 1: ID=376
    添加分支节点 2: ID=377

处理节点 242
  开始列生成求解...
Set parameter LogToConsole to value 0
Set parameter Threads to value 1
Set parameter Seed to value 0
  定价策略: Exact, node=242, vertices=15
Set parameter PoolSearchMode to value 2
Set parameter PoolSolutions to value 10
[CG 1] RMP=2010.000000, pricing=ExactPricingSolver, new_columns=10
[CG 2] RMP=11.000000, pricing=ExactPricingSolver, new_columns=10
[CG 3] RMP=9.000000, pricing=ExactPricingSolver, new_columns=0
  搜索路径: [1, 2, 3, 6, 7, 8, 9, 11, 14, 18, 19, 22, 23, 10, 28, 29, 32, 33, 36, 37, 15, 42, 43, 16, 48, 49, 52, 53, 56, 57, 58, 59, 17, 66, 67, 70, 71, 72, 73, 74, 75, 82, 83, 47, 46, 60, 61, 64, 95, 65, 98, 99, 100, 101, 94, 106, 110, 111, 114, 115, 118, 119, 96, 124, 125, 117, 116, 107, 97, 134, 135, 89, 88, 140, 141, 146, 147, 40, 26, 150, 154, 155, 151, 158, 159, 152, 153, 27, 41, 166, 167, 168, 169, 170, 171, 176, 177, 180, 181, 164, 184, 185, 186, 187, 165, 87, 86, 172, 173, 78, 198, 199, 200, 201, 79, 206, 207, 194, 195, 208, 214, 215, 209, 196, 212, 213, 218, 219, 221, 220, 224, 225, 203, 231, 228, 233, 229, 240, 241, 236, 237, 248, 249, 244, 245, 230, 232, 204, 205, 197, 202, 264, 265, 252, 253, 145, 246, 247, 222, 280, 281, 217, 286, 287, 223, 216, 144, 296, 297, 299, 298, 267, 266, 182, 183, 227, 226, 102, 276, 314, 318, 319, 315, 277, 103, 210, 211, 148, 113, 324, 330, 331, 325, 334, 335, 338, 339, 174, 175, 317, 178, 316, 112, 179, 163, 162, 156, 157, 137, 284, 358, 361, 362, 367, 263, 262, 250, 251, 242]
  列生成求解结果: 目标值=9.0000， 下界=7.0000， 上界=11.0000
    非整数变量: COL_18-24-9_33 = 0.100000
  解不是整数，开始分支...
ImposedVertex(vertex=6)
ForbidVertex(vertex=6)
  创建了 2 个分支
    添加分支节点 1: ID=378
    添加分支节点 2: ID=379

处理节点 243
  开始列生成求解...
Set parameter LogToConsole to value 0
Set parameter Threads to value 1
Set parameter Seed to value 0
  定价策略: Exact, node=243, vertices=15
Set parameter PoolSearchMode to value 2
Set parameter PoolSolutions to value 10
[CG 1] RMP=7.000000, pricing=ExactPricingSolver, new_columns=0
  搜索路径: [1, 2, 3, 6, 7, 8, 9, 11, 14, 18, 19, 22, 23, 10, 28, 29, 32, 33, 36, 37, 15, 42, 43, 16, 48, 49, 52, 53, 56, 57, 58, 59, 17, 66, 67, 70, 71, 72, 73, 74, 75, 82, 83, 47, 46, 60, 61, 64, 95, 65, 98, 99, 100, 101, 94, 106, 110, 111, 114, 115, 118, 119, 96, 124, 125, 117, 116, 107, 97, 134, 135, 89, 88, 140, 141, 146, 147, 40, 26, 150, 154, 155, 151, 158, 159, 152, 153, 27, 41, 166, 167, 168, 169, 170, 171, 176, 177, 180, 181, 164, 184, 185, 186, 187, 165, 87, 86, 172, 173, 78, 198, 199, 200, 201, 79, 206, 207, 194, 195, 208, 214, 215, 209, 196, 212, 213, 218, 219, 221, 220, 224, 225, 203, 231, 228, 233, 229, 240, 241, 236, 237, 248, 249, 244, 245, 230, 232, 204, 205, 197, 202, 264, 265, 252, 253, 145, 246, 247, 222, 280, 281, 217, 286, 287, 223, 216, 144, 296, 297, 299, 298, 267, 266, 182, 183, 227, 226, 102, 276, 314, 318, 319, 315, 277, 103, 210, 211, 148, 113, 324, 330, 331, 325, 334, 335, 338, 339, 174, 175, 317, 178, 316, 112, 179, 163, 162, 156, 157, 137, 284, 358, 361, 362, 367, 263, 262, 250, 251, 242, 243]
  列生成求解结果: 目标值=7.0000， 下界=7.0000， 上界=11.0000
    非整数变量: COL_18-23-9_35 = 0.500000
  解不是整数，开始分支...
ImposedVertex(vertex=14)
ForbidVertex(vertex=14)
  创建了 2 个分支
    添加分支节点 1: ID=380
    添加分支节点 2: ID=381
  进度: 已处理 220 个节点, 剩余 141 个, 当前最优 11.0000, 当前列数: 1797

处理节点 372
  开始列生成求解...
Set parameter LogToConsole to value 0
Set parameter Threads to value 1
Set parameter Seed to value 0
  定价策略: Exact, node=372, vertices=15
Set parameter PoolSearchMode to value 2
Set parameter PoolSolutions to value 10
[CG 1] RMP=7.000000, pricing=ExactPricingSolver, new_columns=0
  搜索路径: [1, 2, 3, 6, 7, 8, 9, 11, 14, 18, 19, 22, 23, 10, 28, 29, 32, 33, 36, 37, 15, 42, 43, 16, 48, 49, 52, 53, 56, 57, 58, 59, 17, 66, 67, 70, 71, 72, 73, 74, 75, 82, 83, 47, 46, 60, 61, 64, 95, 65, 98, 99, 100, 101, 94, 106, 110, 111, 114, 115, 118, 119, 96, 124, 125, 117, 116, 107, 97, 134, 135, 89, 88, 140, 141, 146, 147, 40, 26, 150, 154, 155, 151, 158, 159, 152, 153, 27, 41, 166, 167, 168, 169, 170, 171, 176, 177, 180, 181, 164, 184, 185, 186, 187, 165, 87, 86, 172, 173, 78, 198, 199, 200, 201, 79, 206, 207, 194, 195, 208, 214, 215, 209, 196, 212, 213, 218, 219, 221, 220, 224, 225, 203, 231, 228, 233, 229, 240, 241, 236, 237, 248, 249, 244, 245, 230, 232, 204, 205, 197, 202, 264, 265, 252, 253, 145, 246, 247, 222, 280, 281, 217, 286, 287, 223, 216, 144, 296, 297, 299, 298, 267, 266, 182, 183, 227, 226, 102, 276, 314, 318, 319, 315, 277, 103, 210, 211, 148, 113, 324, 330, 331, 325, 334, 335, 338, 339, 174, 175, 317, 178, 316, 112, 179, 163, 162, 156, 157, 137, 284, 358, 361, 362, 367, 263, 262, 250, 251, 242, 243, 372]
  列生成求解结果: 目标值=7.0000， 下界=7.0000， 上界=11.0000
    非整数变量: COL_17-4-7-9_329 = 0.500000
  解不是整数，开始分支...
ImposedVertex(vertex=17)
ForbidVertex(vertex=17)
  创建了 2 个分支
    添加分支节点 1: ID=382
    添加分支节点 2: ID=383

处理节点 375
  开始列生成求解...
Set parameter LogToConsole to value 0
Set parameter Threads to value 1
Set parameter Seed to value 0
  定价策略: Exact, node=375, vertices=12
Set parameter PoolSearchMode to value 2
Set parameter PoolSolutions to value 10
[CG 1] RMP=9.000000, pricing=ExactPricingSolver, new_columns=0
  搜索路径: [1, 2, 3, 6, 7, 8, 9, 11, 14, 18, 19, 22, 23, 10, 28, 29, 32, 33, 36, 37, 15, 42, 43, 16, 48, 49, 52, 53, 56, 57, 58, 59, 17, 66, 67, 70, 71, 72, 73, 74, 75, 82, 83, 47, 46, 60, 61, 64, 95, 65, 98, 99, 100, 101, 94, 106, 110, 111, 114, 115, 118, 119, 96, 124, 125, 117, 116, 107, 97, 134, 135, 89, 88, 140, 141, 146, 147, 40, 26, 150, 154, 155, 151, 158, 159, 152, 153, 27, 41, 166, 167, 168, 169, 170, 171, 176, 177, 180, 181, 164, 184, 185, 186, 187, 165, 87, 86, 172, 173, 78, 198, 199, 200, 201, 79, 206, 207, 194, 195, 208, 214, 215, 209, 196, 212, 213, 218, 219, 221, 220, 224, 225, 203, 231, 228, 233, 229, 240, 241, 236, 237, 248, 249, 244, 245, 230, 232, 204, 205, 197, 202, 264, 265, 252, 253, 145, 246, 247, 222, 280, 281, 217, 286, 287, 223, 216, 144, 296, 297, 299, 298, 267, 266, 182, 183, 227, 226, 102, 276, 314, 318, 319, 315, 277, 103, 210, 211, 148, 113, 324, 330, 331, 325, 334, 335, 338, 339, 174, 175, 317, 178, 316, 112, 179, 163, 162, 156, 157, 137, 284, 358, 361, 362, 367, 263, 262, 250, 251, 242, 243, 372, 375]
  列生成求解结果: 目标值=9.0000， 下界=7.0000， 上界=11.0000
    非整数变量: COL_1-11-17-21-27-6-7_1774 = 0.818182
  解不是整数，开始分支...
ImposedVertex(vertex=27)
ForbidVertex(vertex=27)
  创建了 2 个分支
    添加分支节点 1: ID=384
    添加分支节点 2: ID=385

处理节点 285
  开始列生成求解...
Set parameter LogToConsole to value 0
Set parameter Threads to value 1
Set parameter Seed to value 0
  定价策略: Exact, node=285, vertices=12
Set parameter PoolSearchMode to value 2
Set parameter PoolSolutions to value 10
[CG 1] RMP=7.000000, pricing=ExactPricingSolver, new_columns=0
  搜索路径: [1, 2, 3, 6, 7, 8, 9, 11, 14, 18, 19, 22, 23, 10, 28, 29, 32, 33, 36, 37, 15, 42, 43, 16, 48, 49, 52, 53, 56, 57, 58, 59, 17, 66, 67, 70, 71, 72, 73, 74, 75, 82, 83, 47, 46, 60, 61, 64, 95, 65, 98, 99, 100, 101, 94, 106, 110, 111, 114, 115, 118, 119, 96, 124, 125, 117, 116, 107, 97, 134, 135, 89, 88, 140, 141, 146, 147, 40, 26, 150, 154, 155, 151, 158, 159, 152, 153, 27, 41, 166, 167, 168, 169, 170, 171, 176, 177, 180, 181, 164, 184, 185, 186, 187, 165, 87, 86, 172, 173, 78, 198, 199, 200, 201, 79, 206, 207, 194, 195, 208, 214, 215, 209, 196, 212, 213, 218, 219, 221, 220, 224, 225, 203, 231, 228, 233, 229, 240, 241, 236, 237, 248, 249, 244, 245, 230, 232, 204, 205, 197, 202, 264, 265, 252, 253, 145, 246, 247, 222, 280, 281, 217, 286, 287, 223, 216, 144, 296, 297, 299, 298, 267, 266, 182, 183, 227, 226, 102, 276, 314, 318, 319, 315, 277, 103, 210, 211, 148, 113, 324, 330, 331, 325, 334, 335, 338, 339, 174, 175, 317, 178, 316, 112, 179, 163, 162, 156, 157, 137, 284, 358, 361, 362, 367, 263, 262, 250, 251, 242, 243, 372, 375, 285]
  列生成求解结果: 目标值=7.0000， 下界=7.0000， 上界=11.0000
    非整数变量: COL_1-18-23-9_37 = 0.142857
  解不是整数，开始分支...
ImposedVertex(vertex=21)
ForbidVertex(vertex=21)
  创建了 2 个分支
    添加分支节点 1: ID=386
    添加分支节点 2: ID=387

处理节点 136
  开始列生成求解...
Set parameter LogToConsole to value 0
Set parameter Threads to value 1
Set parameter Seed to value 0
  定价策略: Exact, node=136, vertices=15
Set parameter PoolSearchMode to value 2
Set parameter PoolSolutions to value 10
[CG 1] RMP=10.000000, pricing=ExactPricingSolver, new_columns=0
  搜索路径: [1, 2, 3, 6, 7, 8, 9, 11, 14, 18, 19, 22, 23, 10, 28, 29, 32, 33, 36, 37, 15, 42, 43, 16, 48, 49, 52, 53, 56, 57, 58, 59, 17, 66, 67, 70, 71, 72, 73, 74, 75, 82, 83, 47, 46, 60, 61, 64, 95, 65, 98, 99, 100, 101, 94, 106, 110, 111, 114, 115, 118, 119, 96, 124, 125, 117, 116, 107, 97, 134, 135, 89, 88, 140, 141, 146, 147, 40, 26, 150, 154, 155, 151, 158, 159, 152, 153, 27, 41, 166, 167, 168, 169, 170, 171, 176, 177, 180, 181, 164, 184, 185, 186, 187, 165, 87, 86, 172, 173, 78, 198, 199, 200, 201, 79, 206, 207, 194, 195, 208, 214, 215, 209, 196, 212, 213, 218, 219, 221, 220, 224, 225, 203, 231, 228, 233, 229, 240, 241, 236, 237, 248, 249, 244, 245, 230, 232, 204, 205, 197, 202, 264, 265, 252, 253, 145, 246, 247, 222, 280, 281, 217, 286, 287, 223, 216, 144, 296, 297, 299, 298, 267, 266, 182, 183, 227, 226, 102, 276, 314, 318, 319, 315, 277, 103, 210, 211, 148, 113, 324, 330, 331, 325, 334, 335, 338, 339, 174, 175, 317, 178, 316, 112, 179, 163, 162, 156, 157, 137, 284, 358, 361, 362, 367, 263, 262, 250, 251, 242, 243, 372, 375, 285, 136]
  列生成求解结果: 目标值=10.0000， 下界=7.0000， 上界=11.0000
    非整数变量: COL_1-18-23-7-9_41 = 0.444444
  解不是整数，开始分支...
ImposedVertex(vertex=20)
ForbidVertex(vertex=20)
  创建了 2 个分支
    添加分支节点 1: ID=388
    添加分支节点 2: ID=389

处理节点 188
  开始列生成求解...
Set parameter LogToConsole to value 0
Set parameter Threads to value 1
Set parameter Seed to value 0
  定价策略: Exact, node=188, vertices=16
Set parameter PoolSearchMode to value 2
Set parameter PoolSolutions to value 10
[CG 1] RMP=8.571429, pricing=ExactPricingSolver, new_columns=10
[CG 2] RMP=7.000000, pricing=ExactPricingSolver, new_columns=0
  搜索路径: [1, 2, 3, 6, 7, 8, 9, 11, 14, 18, 19, 22, 23, 10, 28, 29, 32, 33, 36, 37, 15, 42, 43, 16, 48, 49, 52, 53, 56, 57, 58, 59, 17, 66, 67, 70, 71, 72, 73, 74, 75, 82, 83, 47, 46, 60, 61, 64, 95, 65, 98, 99, 100, 101, 94, 106, 110, 111, 114, 115, 118, 119, 96, 124, 125, 117, 116, 107, 97, 134, 135, 89, 88, 140, 141, 146, 147, 40, 26, 150, 154, 155, 151, 158, 159, 152, 153, 27, 41, 166, 167, 168, 169, 170, 171, 176, 177, 180, 181, 164, 184, 185, 186, 187, 165, 87, 86, 172, 173, 78, 198, 199, 200, 201, 79, 206, 207, 194, 195, 208, 214, 215, 209, 196, 212, 213, 218, 219, 221, 220, 224, 225, 203, 231, 228, 233, 229, 240, 241, 236, 237, 248, 249, 244, 245, 230, 232, 204, 205, 197, 202, 264, 265, 252, 253, 145, 246, 247, 222, 280, 281, 217, 286, 287, 223, 216, 144, 296, 297, 299, 298, 267, 266, 182, 183, 227, 226, 102, 276, 314, 318, 319, 315, 277, 103, 210, 211, 148, 113, 324, 330, 331, 325, 334, 335, 338, 339, 174, 175, 317, 178, 316, 112, 179, 163, 162, 156, 157, 137, 284, 358, 361, 362, 367, 263, 262, 250, 251, 242, 243, 372, 375, 285, 136, 188]
  列生成求解结果: 目标值=7.0000， 下界=7.0000， 上界=11.0000
    非整数变量: COL_13-23-26-6_132 = 0.277778
  解不是整数，开始分支...
ImposedVertex(vertex=26)
ForbidVertex(vertex=26)
  创建了 2 个分支
    添加分支节点 1: ID=390
    添加分支节点 2: ID=391

处理节点 359
  开始列生成求解...
Set parameter LogToConsole to value 0
Set parameter Threads to value 1
Set parameter Seed to value 0
  定价策略: Exact, node=359, vertices=14
Set parameter PoolSearchMode to value 2
Set parameter PoolSolutions to value 10
[CG 1] RMP=9.000000, pricing=ExactPricingSolver, new_columns=0
  搜索路径: [1, 2, 3, 6, 7, 8, 9, 11, 14, 18, 19, 22, 23, 10, 28, 29, 32, 33, 36, 37, 15, 42, 43, 16, 48, 49, 52, 53, 56, 57, 58, 59, 17, 66, 67, 70, 71, 72, 73, 74, 75, 82, 83, 47, 46, 60, 61, 64, 95, 65, 98, 99, 100, 101, 94, 106, 110, 111, 114, 115, 118, 119, 96, 124, 125, 117, 116, 107, 97, 134, 135, 89, 88, 140, 141, 146, 147, 40, 26, 150, 154, 155, 151, 158, 159, 152, 153, 27, 41, 166, 167, 168, 169, 170, 171, 176, 177, 180, 181, 164, 184, 185, 186, 187, 165, 87, 86, 172, 173, 78, 198, 199, 200, 201, 79, 206, 207, 194, 195, 208, 214, 215, 209, 196, 212, 213, 218, 219, 221, 220, 224, 225, 203, 231, 228, 233, 229, 240, 241, 236, 237, 248, 249, 244, 245, 230, 232, 204, 205, 197, 202, 264, 265, 252, 253, 145, 246, 247, 222, 280, 281, 217, 286, 287, 223, 216, 144, 296, 297, 299, 298, 267, 266, 182, 183, 227, 226, 102, 276, 314, 318, 319, 315, 277, 103, 210, 211, 148, 113, 324, 330, 331, 325, 334, 335, 338, 339, 174, 175, 317, 178, 316, 112, 179, 163, 162, 156, 157, 137, 284, 358, 361, 362, 367, 263, 262, 250, 251, 242, 243, 372, 375, 285, 136, 188, 359]
  列生成求解结果: 目标值=9.0000， 下界=7.0000， 上界=11.0000
  找到整数解，更新最优解
  更新最优解后剪枝了 94 个节点

处理节点 355
  开始列生成求解...
Set parameter LogToConsole to value 0
Set parameter Threads to value 1
Set parameter Seed to value 0
  定价策略: Exact, node=355, vertices=17
Set parameter PoolSearchMode to value 2
Set parameter PoolSolutions to value 10
[CG 1] RMP=12.000000, pricing=ExactPricingSolver, new_columns=0
  搜索路径: [1, 2, 3, 6, 7, 8, 9, 11, 14, 18, 19, 22, 23, 10, 28, 29, 32, 33, 36, 37, 15, 42, 43, 16, 48, 49, 52, 53, 56, 57, 58, 59, 17, 66, 67, 70, 71, 72, 73, 74, 75, 82, 83, 47, 46, 60, 61, 64, 95, 65, 98, 99, 100, 101, 94, 106, 110, 111, 114, 115, 118, 119, 96, 124, 125, 117, 116, 107, 97, 134, 135, 89, 88, 140, 141, 146, 147, 40, 26, 150, 154, 155, 151, 158, 159, 152, 153, 27, 41, 166, 167, 168, 169, 170, 171, 176, 177, 180, 181, 164, 184, 185, 186, 187, 165, 87, 86, 172, 173, 78, 198, 199, 200, 201, 79, 206, 207, 194, 195, 208, 214, 215, 209, 196, 212, 213, 218, 219, 221, 220, 224, 225, 203, 231, 228, 233, 229, 240, 241, 236, 237, 248, 249, 244, 245, 230, 232, 204, 205, 197, 202, 264, 265, 252, 253, 145, 246, 247, 222, 280, 281, 217, 286, 287, 223, 216, 144, 296, 297, 299, 298, 267, 266, 182, 183, 227, 226, 102, 276, 314, 318, 319, 315, 277, 103, 210, 211, 148, 113, 324, 330, 331, 325, 334, 335, 338, 339, 174, 175, 317, 178, 316, 112, 179, 163, 162, 156, 157, 137, 284, 358, 361, 362, 367, 263, 262, 250, 251, 242, 243, 372, 375, 285, 136, 188, 359, 355]
  列生成求解结果: 目标值=12.0000， 下界=7.0000， 上界=9.0000

处理节点 386
  开始列生成求解...
Set parameter LogToConsole to value 0
Set parameter Threads to value 1
Set parameter Seed to value 0
  定价策略: Exact, node=386, vertices=11
Set parameter PoolSearchMode to value 2
Set parameter PoolSolutions to value 10
[CG 1] RMP=9.000000, pricing=ExactPricingSolver, new_columns=0
  搜索路径: [1, 2, 3, 6, 7, 8, 9, 11, 14, 18, 19, 22, 23, 10, 28, 29, 32, 33, 36, 37, 15, 42, 43, 16, 48, 49, 52, 53, 56, 57, 58, 59, 17, 66, 67, 70, 71, 72, 73, 74, 75, 82, 83, 47, 46, 60, 61, 64, 95, 65, 98, 99, 100, 101, 94, 106, 110, 111, 114, 115, 118, 119, 96, 124, 125, 117, 116, 107, 97, 134, 135, 89, 88, 140, 141, 146, 147, 40, 26, 150, 154, 155, 151, 158, 159, 152, 153, 27, 41, 166, 167, 168, 169, 170, 171, 176, 177, 180, 181, 164, 184, 185, 186, 187, 165, 87, 86, 172, 173, 78, 198, 199, 200, 201, 79, 206, 207, 194, 195, 208, 214, 215, 209, 196, 212, 213, 218, 219, 221, 220, 224, 225, 203, 231, 228, 233, 229, 240, 241, 236, 237, 248, 249, 244, 245, 230, 232, 204, 205, 197, 202, 264, 265, 252, 253, 145, 246, 247, 222, 280, 281, 217, 286, 287, 223, 216, 144, 296, 297, 299, 298, 267, 266, 182, 183, 227, 226, 102, 276, 314, 318, 319, 315, 277, 103, 210, 211, 148, 113, 324, 330, 331, 325, 334, 335, 338, 339, 174, 175, 317, 178, 316, 112, 179, 163, 162, 156, 157, 137, 284, 358, 361, 362, 367, 263, 262, 250, 251, 242, 243, 372, 375, 285, 136, 188, 359, 355, 386]
  列生成求解结果: 目标值=9.0000， 下界=7.0000， 上界=9.0000

处理节点 390
  开始列生成求解...
Set parameter LogToConsole to value 0
Set parameter Threads to value 1
Set parameter Seed to value 0
  定价策略: Exact, node=390, vertices=15
Set parameter PoolSearchMode to value 2
Set parameter PoolSolutions to value 10
[CG 1] RMP=10.000000, pricing=ExactPricingSolver, new_columns=0
  搜索路径: [1, 2, 3, 6, 7, 8, 9, 11, 14, 18, 19, 22, 23, 10, 28, 29, 32, 33, 36, 37, 15, 42, 43, 16, 48, 49, 52, 53, 56, 57, 58, 59, 17, 66, 67, 70, 71, 72, 73, 74, 75, 82, 83, 47, 46, 60, 61, 64, 95, 65, 98, 99, 100, 101, 94, 106, 110, 111, 114, 115, 118, 119, 96, 124, 125, 117, 116, 107, 97, 134, 135, 89, 88, 140, 141, 146, 147, 40, 26, 150, 154, 155, 151, 158, 159, 152, 153, 27, 41, 166, 167, 168, 169, 170, 171, 176, 177, 180, 181, 164, 184, 185, 186, 187, 165, 87, 86, 172, 173, 78, 198, 199, 200, 201, 79, 206, 207, 194, 195, 208, 214, 215, 209, 196, 212, 213, 218, 219, 221, 220, 224, 225, 203, 231, 228, 233, 229, 240, 241, 236, 237, 248, 249, 244, 245, 230, 232, 204, 205, 197, 202, 264, 265, 252, 253, 145, 246, 247, 222, 280, 281, 217, 286, 287, 223, 216, 144, 296, 297, 299, 298, 267, 266, 182, 183, 227, 226, 102, 276, 314, 318, 319, 315, 277, 103, 210, 211, 148, 113, 324, 330, 331, 325, 334, 335, 338, 339, 174, 175, 317, 178, 316, 112, 179, 163, 162, 156, 157, 137, 284, 358, 361, 362, 367, 263, 262, 250, 251, 242, 243, 372, 375, 285, 136, 188, 359, 355, 386, 390]
  列生成求解结果: 目标值=10.0000， 下界=7.0000， 上界=9.0000

处理节点 387
  开始列生成求解...
Set parameter LogToConsole to value 0
Set parameter Threads to value 1
Set parameter Seed to value 0
  定价策略: Exact, node=387, vertices=11
Set parameter PoolSearchMode to value 2
Set parameter PoolSolutions to value 10
[CG 1] RMP=1010.000000, pricing=ExactPricingSolver, new_columns=10
[CG 2] RMP=8.000000, pricing=ExactPricingSolver, new_columns=0
  搜索路径: [1, 2, 3, 6, 7, 8, 9, 11, 14, 18, 19, 22, 23, 10, 28, 29, 32, 33, 36, 37, 15, 42, 43, 16, 48, 49, 52, 53, 56, 57, 58, 59, 17, 66, 67, 70, 71, 72, 73, 74, 75, 82, 83, 47, 46, 60, 61, 64, 95, 65, 98, 99, 100, 101, 94, 106, 110, 111, 114, 115, 118, 119, 96, 124, 125, 117, 116, 107, 97, 134, 135, 89, 88, 140, 141, 146, 147, 40, 26, 150, 154, 155, 151, 158, 159, 152, 153, 27, 41, 166, 167, 168, 169, 170, 171, 176, 177, 180, 181, 164, 184, 185, 186, 187, 165, 87, 86, 172, 173, 78, 198, 199, 200, 201, 79, 206, 207, 194, 195, 208, 214, 215, 209, 196, 212, 213, 218, 219, 221, 220, 224, 225, 203, 231, 228, 233, 229, 240, 241, 236, 237, 248, 249, 244, 245, 230, 232, 204, 205, 197, 202, 264, 265, 252, 253, 145, 246, 247, 222, 280, 281, 217, 286, 287, 223, 216, 144, 296, 297, 299, 298, 267, 266, 182, 183, 227, 226, 102, 276, 314, 318, 319, 315, 277, 103, 210, 211, 148, 113, 324, 330, 331, 325, 334, 335, 338, 339, 174, 175, 317, 178, 316, 112, 179, 163, 162, 156, 157, 137, 284, 358, 361, 362, 367, 263, 262, 250, 251, 242, 243, 372, 375, 285, 136, 188, 359, 355, 386, 390, 387]
  列生成求解结果: 目标值=8.0000， 下界=7.0000， 上界=9.0000
    非整数变量: COL_1-18-23-9_37 = 0.500000
  解不是整数，开始分支...
ImposedVertex(vertex=28)
ForbidVertex(vertex=28)
  创建了 2 个分支
    添加分支节点 1: ID=392
    添加分支节点 2: ID=393
  进度: 已处理 230 个节点, 剩余 49 个, 当前最优 9.0000, 当前列数: 1817

处理节点 350
  开始列生成求解...
Set parameter LogToConsole to value 0
Set parameter Threads to value 1
Set parameter Seed to value 0
  定价策略: Exact, node=350, vertices=16
Set parameter PoolSearchMode to value 2
Set parameter PoolSolutions to value 10
[CG 1] RMP=510.000000, pricing=ExactPricingSolver, new_columns=10
[CG 2] RMP=7.000000, pricing=ExactPricingSolver, new_columns=0
  搜索路径: [1, 2, 3, 6, 7, 8, 9, 11, 14, 18, 19, 22, 23, 10, 28, 29, 32, 33, 36, 37, 15, 42, 43, 16, 48, 49, 52, 53, 56, 57, 58, 59, 17, 66, 67, 70, 71, 72, 73, 74, 75, 82, 83, 47, 46, 60, 61, 64, 95, 65, 98, 99, 100, 101, 94, 106, 110, 111, 114, 115, 118, 119, 96, 124, 125, 117, 116, 107, 97, 134, 135, 89, 88, 140, 141, 146, 147, 40, 26, 150, 154, 155, 151, 158, 159, 152, 153, 27, 41, 166, 167, 168, 169, 170, 171, 176, 177, 180, 181, 164, 184, 185, 186, 187, 165, 87, 86, 172, 173, 78, 198, 199, 200, 201, 79, 206, 207, 194, 195, 208, 214, 215, 209, 196, 212, 213, 218, 219, 221, 220, 224, 225, 203, 231, 228, 233, 229, 240, 241, 236, 237, 248, 249, 244, 245, 230, 232, 204, 205, 197, 202, 264, 265, 252, 253, 145, 246, 247, 222, 280, 281, 217, 286, 287, 223, 216, 144, 296, 297, 299, 298, 267, 266, 182, 183, 227, 226, 102, 276, 314, 318, 319, 315, 277, 103, 210, 211, 148, 113, 324, 330, 331, 325, 334, 335, 338, 339, 174, 175, 317, 178, 316, 112, 179, 163, 162, 156, 157, 137, 284, 358, 361, 362, 367, 263, 262, 250, 251, 242, 243, 372, 375, 285, 136, 188, 359, 355, 386, 390, 387, 350]
  列生成求解结果: 目标值=7.0000， 下界=7.0000， 上界=9.0000
    非整数变量: COL_16-25-26-4_789 = 0.500000
  解不是整数，开始分支...
ImposedVertex(vertex=26)
ForbidVertex(vertex=26)
  创建了 2 个分支
    添加分支节点 1: ID=394
    添加分支节点 2: ID=395

处理节点 189
  开始列生成求解...
Set parameter LogToConsole to value 0
Set parameter Threads to value 1
Set parameter Seed to value 0
  定价策略: Exact, node=189, vertices=16
Set parameter PoolSearchMode to value 2
Set parameter PoolSolutions to value 10
[CG 1] RMP=7.000000, pricing=ExactPricingSolver, new_columns=0
  搜索路径: [1, 2, 3, 6, 7, 8, 9, 11, 14, 18, 19, 22, 23, 10, 28, 29, 32, 33, 36, 37, 15, 42, 43, 16, 48, 49, 52, 53, 56, 57, 58, 59, 17, 66, 67, 70, 71, 72, 73, 74, 75, 82, 83, 47, 46, 60, 61, 64, 95, 65, 98, 99, 100, 101, 94, 106, 110, 111, 114, 115, 118, 119, 96, 124, 125, 117, 116, 107, 97, 134, 135, 89, 88, 140, 141, 146, 147, 40, 26, 150, 154, 155, 151, 158, 159, 152, 153, 27, 41, 166, 167, 168, 169, 170, 171, 176, 177, 180, 181, 164, 184, 185, 186, 187, 165, 87, 86, 172, 173, 78, 198, 199, 200, 201, 79, 206, 207, 194, 195, 208, 214, 215, 209, 196, 212, 213, 218, 219, 221, 220, 224, 225, 203, 231, 228, 233, 229, 240, 241, 236, 237, 248, 249, 244, 245, 230, 232, 204, 205, 197, 202, 264, 265, 252, 253, 145, 246, 247, 222, 280, 281, 217, 286, 287, 223, 216, 144, 296, 297, 299, 298, 267, 266, 182, 183, 227, 226, 102, 276, 314, 318, 319, 315, 277, 103, 210, 211, 148, 113, 324, 330, 331, 325, 334, 335, 338, 339, 174, 175, 317, 178, 316, 112, 179, 163, 162, 156, 157, 137, 284, 358, 361, 362, 367, 263, 262, 250, 251, 242, 243, 372, 375, 285, 136, 188, 359, 355, 386, 390, 387, 350, 189]
  列生成求解结果: 目标值=7.0000， 下界=7.0000， 上界=9.0000
    非整数变量: COL_0-7-9_105 = 0.333333
  解不是整数，开始分支...
ImposedVertex(vertex=7)
ForbidVertex(vertex=7)
  创建了 2 个分支
    添加分支节点 1: ID=396
    添加分支节点 2: ID=397

处理节点 381
  开始列生成求解...
Set parameter LogToConsole to value 0
Set parameter Threads to value 1
Set parameter Seed to value 0
  定价策略: Exact, node=381, vertices=14
Set parameter PoolSearchMode to value 2
Set parameter PoolSolutions to value 10
[CG 1] RMP=2010.000000, pricing=ExactPricingSolver, new_columns=10
[CG 2] RMP=9.000000, pricing=ExactPricingSolver, new_columns=0
  搜索路径: [1, 2, 3, 6, 7, 8, 9, 11, 14, 18, 19, 22, 23, 10, 28, 29, 32, 33, 36, 37, 15, 42, 43, 16, 48, 49, 52, 53, 56, 57, 58, 59, 17, 66, 67, 70, 71, 72, 73, 74, 75, 82, 83, 47, 46, 60, 61, 64, 95, 65, 98, 99, 100, 101, 94, 106, 110, 111, 114, 115, 118, 119, 96, 124, 125, 117, 116, 107, 97, 134, 135, 89, 88, 140, 141, 146, 147, 40, 26, 150, 154, 155, 151, 158, 159, 152, 153, 27, 41, 166, 167, 168, 169, 170, 171, 176, 177, 180, 181, 164, 184, 185, 186, 187, 165, 87, 86, 172, 173, 78, 198, 199, 200, 201, 79, 206, 207, 194, 195, 208, 214, 215, 209, 196, 212, 213, 218, 219, 221, 220, 224, 225, 203, 231, 228, 233, 229, 240, 241, 236, 237, 248, 249, 244, 245, 230, 232, 204, 205, 197, 202, 264, 265, 252, 253, 145, 246, 247, 222, 280, 281, 217, 286, 287, 223, 216, 144, 296, 297, 299, 298, 267, 266, 182, 183, 227, 226, 102, 276, 314, 318, 319, 315, 277, 103, 210, 211, 148, 113, 324, 330, 331, 325, 334, 335, 338, 339, 174, 175, 317, 178, 316, 112, 179, 163, 162, 156, 157, 137, 284, 358, 361, 362, 367, 263, 262, 250, 251, 242, 243, 372, 375, 285, 136, 188, 359, 355, 386, 390, 387, 350, 189, 381]
  列生成求解结果: 目标值=9.0000， 下界=7.0000， 上界=9.0000

处理节点 374
  开始列生成求解...
Set parameter LogToConsole to value 0
Set parameter Threads to value 1
Set parameter Seed to value 0
  定价策略: Exact, node=374, vertices=12
Set parameter PoolSearchMode to value 2
Set parameter PoolSolutions to value 10
[CG 1] RMP=11.000000, pricing=ExactPricingSolver, new_columns=10
[CG 2] RMP=8.000000, pricing=ExactPricingSolver, new_columns=0
  搜索路径: [1, 2, 3, 6, 7, 8, 9, 11, 14, 18, 19, 22, 23, 10, 28, 29, 32, 33, 36, 37, 15, 42, 43, 16, 48, 49, 52, 53, 56, 57, 58, 59, 17, 66, 67, 70, 71, 72, 73, 74, 75, 82, 83, 47, 46, 60, 61, 64, 95, 65, 98, 99, 100, 101, 94, 106, 110, 111, 114, 115, 118, 119, 96, 124, 125, 117, 116, 107, 97, 134, 135, 89, 88, 140, 141, 146, 147, 40, 26, 150, 154, 155, 151, 158, 159, 152, 153, 27, 41, 166, 167, 168, 169, 170, 171, 176, 177, 180, 181, 164, 184, 185, 186, 187, 165, 87, 86, 172, 173, 78, 198, 199, 200, 201, 79, 206, 207, 194, 195, 208, 214, 215, 209, 196, 212, 213, 218, 219, 221, 220, 224, 225, 203, 231, 228, 233, 229, 240, 241, 236, 237, 248, 249, 244, 245, 230, 232, 204, 205, 197, 202, 264, 265, 252, 253, 145, 246, 247, 222, 280, 281, 217, 286, 287, 223, 216, 144, 296, 297, 299, 298, 267, 266, 182, 183, 227, 226, 102, 276, 314, 318, 319, 315, 277, 103, 210, 211, 148, 113, 324, 330, 331, 325, 334, 335, 338, 339, 174, 175, 317, 178, 316, 112, 179, 163, 162, 156, 157, 137, 284, 358, 361, 362, 367, 263, 262, 250, 251, 242, 243, 372, 375, 285, 136, 188, 359, 355, 386, 390, 387, 350, 189, 381, 374]
  列生成求解结果: 目标值=8.0000， 下界=7.0000， 上界=9.0000
    非整数变量: COL_23_5 = 0.500000
  解不是整数，开始分支...
ImposedVertex(vertex=6)
ForbidVertex(vertex=6)
  创建了 2 个分支
    添加分支节点 1: ID=398
    添加分支节点 2: ID=399

处理节点 394
  开始列生成求解...
Set parameter LogToConsole to value 0
Set parameter Threads to value 1
Set parameter Seed to value 0
  定价策略: Exact, node=394, vertices=15
Set parameter PoolSearchMode to value 2
Set parameter PoolSolutions to value 10
[CG 1] RMP=510.000000, pricing=ExactPricingSolver, new_columns=10
[CG 2] RMP=10.000000, pricing=ExactPricingSolver, new_columns=0
  搜索路径: [1, 2, 3, 6, 7, 8, 9, 11, 14, 18, 19, 22, 23, 10, 28, 29, 32, 33, 36, 37, 15, 42, 43, 16, 48, 49, 52, 53, 56, 57, 58, 59, 17, 66, 67, 70, 71, 72, 73, 74, 75, 82, 83, 47, 46, 60, 61, 64, 95, 65, 98, 99, 100, 101, 94, 106, 110, 111, 114, 115, 118, 119, 96, 124, 125, 117, 116, 107, 97, 134, 135, 89, 88, 140, 141, 146, 147, 40, 26, 150, 154, 155, 151, 158, 159, 152, 153, 27, 41, 166, 167, 168, 169, 170, 171, 176, 177, 180, 181, 164, 184, 185, 186, 187, 165, 87, 86, 172, 173, 78, 198, 199, 200, 201, 79, 206, 207, 194, 195, 208, 214, 215, 209, 196, 212, 213, 218, 219, 221, 220, 224, 225, 203, 231, 228, 233, 229, 240, 241, 236, 237, 248, 249, 244, 245, 230, 232, 204, 205, 197, 202, 264, 265, 252, 253, 145, 246, 247, 222, 280, 281, 217, 286, 287, 223, 216, 144, 296, 297, 299, 298, 267, 266, 182, 183, 227, 226, 102, 276, 314, 318, 319, 315, 277, 103, 210, 211, 148, 113, 324, 330, 331, 325, 334, 335, 338, 339, 174, 175, 317, 178, 316, 112, 179, 163, 162, 156, 157, 137, 284, 358, 361, 362, 367, 263, 262, 250, 251, 242, 243, 372, 375, 285, 136, 188, 359, 355, 386, 390, 387, 350, 189, 381, 374, 394]
  列生成求解结果: 目标值=10.0000， 下界=7.0000， 上界=9.0000

处理节点 395
  开始列生成求解...
Set parameter LogToConsole to value 0
Set parameter Threads to value 1
Set parameter Seed to value 0
  定价策略: Exact, node=395, vertices=15
Set parameter PoolSearchMode to value 2
Set parameter PoolSolutions to value 10
[CG 1] RMP=2010.000000, pricing=ExactPricingSolver, new_columns=10
[CG 2] RMP=12.000000, pricing=ExactPricingSolver, new_columns=0
  搜索路径: [1, 2, 3, 6, 7, 8, 9, 11, 14, 18, 19, 22, 23, 10, 28, 29, 32, 33, 36, 37, 15, 42, 43, 16, 48, 49, 52, 53, 56, 57, 58, 59, 17, 66, 67, 70, 71, 72, 73, 74, 75, 82, 83, 47, 46, 60, 61, 64, 95, 65, 98, 99, 100, 101, 94, 106, 110, 111, 114, 115, 118, 119, 96, 124, 125, 117, 116, 107, 97, 134, 135, 89, 88, 140, 141, 146, 147, 40, 26, 150, 154, 155, 151, 158, 159, 152, 153, 27, 41, 166, 167, 168, 169, 170, 171, 176, 177, 180, 181, 164, 184, 185, 186, 187, 165, 87, 86, 172, 173, 78, 198, 199, 200, 201, 79, 206, 207, 194, 195, 208, 214, 215, 209, 196, 212, 213, 218, 219, 221, 220, 224, 225, 203, 231, 228, 233, 229, 240, 241, 236, 237, 248, 249, 244, 245, 230, 232, 204, 205, 197, 202, 264, 265, 252, 253, 145, 246, 247, 222, 280, 281, 217, 286, 287, 223, 216, 144, 296, 297, 299, 298, 267, 266, 182, 183, 227, 226, 102, 276, 314, 318, 319, 315, 277, 103, 210, 211, 148, 113, 324, 330, 331, 325, 334, 335, 338, 339, 174, 175, 317, 178, 316, 112, 179, 163, 162, 156, 157, 137, 284, 358, 361, 362, 367, 263, 262, 250, 251, 242, 243, 372, 375, 285, 136, 188, 359, 355, 386, 390, 387, 350, 189, 381, 374, 394, 395]
  列生成求解结果: 目标值=12.0000， 下界=7.0000， 上界=9.0000

处理节点 366
  开始列生成求解...
Set parameter LogToConsole to value 0
Set parameter Threads to value 1
Set parameter Seed to value 0
  定价策略: Exact, node=366, vertices=11
Set parameter PoolSearchMode to value 2
Set parameter PoolSolutions to value 10
[CG 1] RMP=8.000000, pricing=ExactPricingSolver, new_columns=0
  搜索路径: [1, 2, 3, 6, 7, 8, 9, 11, 14, 18, 19, 22, 23, 10, 28, 29, 32, 33, 36, 37, 15, 42, 43, 16, 48, 49, 52, 53, 56, 57, 58, 59, 17, 66, 67, 70, 71, 72, 73, 74, 75, 82, 83, 47, 46, 60, 61, 64, 95, 65, 98, 99, 100, 101, 94, 106, 110, 111, 114, 115, 118, 119, 96, 124, 125, 117, 116, 107, 97, 134, 135, 89, 88, 140, 141, 146, 147, 40, 26, 150, 154, 155, 151, 158, 159, 152, 153, 27, 41, 166, 167, 168, 169, 170, 171, 176, 177, 180, 181, 164, 184, 185, 186, 187, 165, 87, 86, 172, 173, 78, 198, 199, 200, 201, 79, 206, 207, 194, 195, 208, 214, 215, 209, 196, 212, 213, 218, 219, 221, 220, 224, 225, 203, 231, 228, 233, 229, 240, 241, 236, 237, 248, 249, 244, 245, 230, 232, 204, 205, 197, 202, 264, 265, 252, 253, 145, 246, 247, 222, 280, 281, 217, 286, 287, 223, 216, 144, 296, 297, 299, 298, 267, 266, 182, 183, 227, 226, 102, 276, 314, 318, 319, 315, 277, 103, 210, 211, 148, 113, 324, 330, 331, 325, 334, 335, 338, 339, 174, 175, 317, 178, 316, 112, 179, 163, 162, 156, 157, 137, 284, 358, 361, 362, 367, 263, 262, 250, 251, 242, 243, 372, 375, 285, 136, 188, 359, 355, 386, 390, 387, 350, 189, 381, 374, 394, 395, 366]
  列生成求解结果: 目标值=8.0000， 下界=7.0000， 上界=9.0000
    非整数变量: COL_1-18-23-7-9_41 = 0.500000
  解不是整数，开始分支...
ImposedVertex(vertex=28)
ForbidVertex(vertex=28)
  创建了 2 个分支
    添加分支节点 1: ID=400
    添加分支节点 2: ID=401

处理节点 383
  开始列生成求解...
Set parameter LogToConsole to value 0
Set parameter Threads to value 1
Set parameter Seed to value 0
  定价策略: Exact, node=383, vertices=14
Set parameter PoolSearchMode to value 2
Set parameter PoolSolutions to value 10
[CG 1] RMP=12.000000, pricing=ExactPricingSolver, new_columns=10
[CG 2] RMP=7.000000, pricing=ExactPricingSolver, new_columns=0
  搜索路径: [1, 2, 3, 6, 7, 8, 9, 11, 14, 18, 19, 22, 23, 10, 28, 29, 32, 33, 36, 37, 15, 42, 43, 16, 48, 49, 52, 53, 56, 57, 58, 59, 17, 66, 67, 70, 71, 72, 73, 74, 75, 82, 83, 47, 46, 60, 61, 64, 95, 65, 98, 99, 100, 101, 94, 106, 110, 111, 114, 115, 118, 119, 96, 124, 125, 117, 116, 107, 97, 134, 135, 89, 88, 140, 141, 146, 147, 40, 26, 150, 154, 155, 151, 158, 159, 152, 153, 27, 41, 166, 167, 168, 169, 170, 171, 176, 177, 180, 181, 164, 184, 185, 186, 187, 165, 87, 86, 172, 173, 78, 198, 199, 200, 201, 79, 206, 207, 194, 195, 208, 214, 215, 209, 196, 212, 213, 218, 219, 221, 220, 224, 225, 203, 231, 228, 233, 229, 240, 241, 236, 237, 248, 249, 244, 245, 230, 232, 204, 205, 197, 202, 264, 265, 252, 253, 145, 246, 247, 222, 280, 281, 217, 286, 287, 223, 216, 144, 296, 297, 299, 298, 267, 266, 182, 183, 227, 226, 102, 276, 314, 318, 319, 315, 277, 103, 210, 211, 148, 113, 324, 330, 331, 325, 334, 335, 338, 339, 174, 175, 317, 178, 316, 112, 179, 163, 162, 156, 157, 137, 284, 358, 361, 362, 367, 263, 262, 250, 251, 242, 243, 372, 375, 285, 136, 188, 359, 355, 386, 390, 387, 350, 189, 381, 374, 394, 395, 366, 383]
  列生成求解结果: 目标值=7.0000， 下界=7.0000， 上界=9.0000
    非整数变量: COL_1-14-25-27-7_1052 = 0.200000
  解不是整数，开始分支...
ImposedVertex(vertex=14)
ForbidVertex(vertex=14)
  创建了 2 个分支
    添加分支节点 1: ID=402
    添加分支节点 2: ID=403

处理节点 380
  开始列生成求解...
Set parameter LogToConsole to value 0
Set parameter Threads to value 1
Set parameter Seed to value 0
  定价策略: Exact, node=380, vertices=14
Set parameter PoolSearchMode to value 2
Set parameter PoolSolutions to value 10
[CG 1] RMP=2010.000000, pricing=ExactPricingSolver, new_columns=10
[CG 2] RMP=10.000000, pricing=ExactPricingSolver, new_columns=0
  搜索路径: [1, 2, 3, 6, 7, 8, 9, 11, 14, 18, 19, 22, 23, 10, 28, 29, 32, 33, 36, 37, 15, 42, 43, 16, 48, 49, 52, 53, 56, 57, 58, 59, 17, 66, 67, 70, 71, 72, 73, 74, 75, 82, 83, 47, 46, 60, 61, 64, 95, 65, 98, 99, 100, 101, 94, 106, 110, 111, 114, 115, 118, 119, 96, 124, 125, 117, 116, 107, 97, 134, 135, 89, 88, 140, 141, 146, 147, 40, 26, 150, 154, 155, 151, 158, 159, 152, 153, 27, 41, 166, 167, 168, 169, 170, 171, 176, 177, 180, 181, 164, 184, 185, 186, 187, 165, 87, 86, 172, 173, 78, 198, 199, 200, 201, 79, 206, 207, 194, 195, 208, 214, 215, 209, 196, 212, 213, 218, 219, 221, 220, 224, 225, 203, 231, 228, 233, 229, 240, 241, 236, 237, 248, 249, 244, 245, 230, 232, 204, 205, 197, 202, 264, 265, 252, 253, 145, 246, 247, 222, 280, 281, 217, 286, 287, 223, 216, 144, 296, 297, 299, 298, 267, 266, 182, 183, 227, 226, 102, 276, 314, 318, 319, 315, 277, 103, 210, 211, 148, 113, 324, 330, 331, 325, 334, 335, 338, 339, 174, 175, 317, 178, 316, 112, 179, 163, 162, 156, 157, 137, 284, 358, 361, 362, 367, 263, 262, 250, 251, 242, 243, 372, 375, 285, 136, 188, 359, 355, 386, 390, 387, 350, 189, 381, 374, 394, 395, 366, 383, 380]
  列生成求解结果: 目标值=10.0000， 下界=7.0000， 上界=9.0000

处理节点 402
  开始列生成求解...
Set parameter LogToConsole to value 0
Set parameter Threads to value 1
Set parameter Seed to value 0
  定价策略: Exact, node=402, vertices=13
Set parameter PoolSearchMode to value 2
Set parameter PoolSolutions to value 10
[CG 1] RMP=12.000000, pricing=ExactPricingSolver, new_columns=10
[CG 2] RMP=10.000000, pricing=ExactPricingSolver, new_columns=0
  搜索路径: [1, 2, 3, 6, 7, 8, 9, 11, 14, 18, 19, 22, 23, 10, 28, 29, 32, 33, 36, 37, 15, 42, 43, 16, 48, 49, 52, 53, 56, 57, 58, 59, 17, 66, 67, 70, 71, 72, 73, 74, 75, 82, 83, 47, 46, 60, 61, 64, 95, 65, 98, 99, 100, 101, 94, 106, 110, 111, 114, 115, 118, 119, 96, 124, 125, 117, 116, 107, 97, 134, 135, 89, 88, 140, 141, 146, 147, 40, 26, 150, 154, 155, 151, 158, 159, 152, 153, 27, 41, 166, 167, 168, 169, 170, 171, 176, 177, 180, 181, 164, 184, 185, 186, 187, 165, 87, 86, 172, 173, 78, 198, 199, 200, 201, 79, 206, 207, 194, 195, 208, 214, 215, 209, 196, 212, 213, 218, 219, 221, 220, 224, 225, 203, 231, 228, 233, 229, 240, 241, 236, 237, 248, 249, 244, 245, 230, 232, 204, 205, 197, 202, 264, 265, 252, 253, 145, 246, 247, 222, 280, 281, 217, 286, 287, 223, 216, 144, 296, 297, 299, 298, 267, 266, 182, 183, 227, 226, 102, 276, 314, 318, 319, 315, 277, 103, 210, 211, 148, 113, 324, 330, 331, 325, 334, 335, 338, 339, 174, 175, 317, 178, 316, 112, 179, 163, 162, 156, 157, 137, 284, 358, 361, 362, 367, 263, 262, 250, 251, 242, 243, 372, 375, 285, 136, 188, 359, 355, 386, 390, 387, 350, 189, 381, 374, 394, 395, 366, 383, 380, 402]
  列生成求解结果: 目标值=10.0000， 下界=7.0000， 上界=9.0000

处理节点 403
  开始列生成求解...
Set parameter LogToConsole to value 0
Set parameter Threads to value 1
Set parameter Seed to value 0
  定价策略: Exact, node=403, vertices=13
Set parameter PoolSearchMode to value 2
Set parameter PoolSolutions to value 10
[CG 1] RMP=9.000000, pricing=ExactPricingSolver, new_columns=10
[CG 2] RMP=9.000000, pricing=ExactPricingSolver, new_columns=0
  搜索路径: [1, 2, 3, 6, 7, 8, 9, 11, 14, 18, 19, 22, 23, 10, 28, 29, 32, 33, 36, 37, 15, 42, 43, 16, 48, 49, 52, 53, 56, 57, 58, 59, 17, 66, 67, 70, 71, 72, 73, 74, 75, 82, 83, 47, 46, 60, 61, 64, 95, 65, 98, 99, 100, 101, 94, 106, 110, 111, 114, 115, 118, 119, 96, 124, 125, 117, 116, 107, 97, 134, 135, 89, 88, 140, 141, 146, 147, 40, 26, 150, 154, 155, 151, 158, 159, 152, 153, 27, 41, 166, 167, 168, 169, 170, 171, 176, 177, 180, 181, 164, 184, 185, 186, 187, 165, 87, 86, 172, 173, 78, 198, 199, 200, 201, 79, 206, 207, 194, 195, 208, 214, 215, 209, 196, 212, 213, 218, 219, 221, 220, 224, 225, 203, 231, 228, 233, 229, 240, 241, 236, 237, 248, 249, 244, 245, 230, 232, 204, 205, 197, 202, 264, 265, 252, 253, 145, 246, 247, 222, 280, 281, 217, 286, 287, 223, 216, 144, 296, 297, 299, 298, 267, 266, 182, 183, 227, 226, 102, 276, 314, 318, 319, 315, 277, 103, 210, 211, 148, 113, 324, 330, 331, 325, 334, 335, 338, 339, 174, 175, 317, 178, 316, 112, 179, 163, 162, 156, 157, 137, 284, 358, 361, 362, 367, 263, 262, 250, 251, 242, 243, 372, 375, 285, 136, 188, 359, 355, 386, 390, 387, 350, 189, 381, 374, 394, 395, 366, 383, 380, 402, 403]
  列生成求解结果: 目标值=9.0000， 下界=7.0000， 上界=9.0000

处理节点 373
  开始列生成求解...
Set parameter LogToConsole to value 0
Set parameter Threads to value 1
Set parameter Seed to value 0
  定价策略: Exact, node=373, vertices=15
Set parameter PoolSearchMode to value 2
Set parameter PoolSolutions to value 10
[CG 1] RMP=11.000000, pricing=ExactPricingSolver, new_columns=0
  搜索路径: [1, 2, 3, 6, 7, 8, 9, 11, 14, 18, 19, 22, 23, 10, 28, 29, 32, 33, 36, 37, 15, 42, 43, 16, 48, 49, 52, 53, 56, 57, 58, 59, 17, 66, 67, 70, 71, 72, 73, 74, 75, 82, 83, 47, 46, 60, 61, 64, 95, 65, 98, 99, 100, 101, 94, 106, 110, 111, 114, 115, 118, 119, 96, 124, 125, 117, 116, 107, 97, 134, 135, 89, 88, 140, 141, 146, 147, 40, 26, 150, 154, 155, 151, 158, 159, 152, 153, 27, 41, 166, 167, 168, 169, 170, 171, 176, 177, 180, 181, 164, 184, 185, 186, 187, 165, 87, 86, 172, 173, 78, 198, 199, 200, 201, 79, 206, 207, 194, 195, 208, 214, 215, 209, 196, 212, 213, 218, 219, 221, 220, 224, 225, 203, 231, 228, 233, 229, 240, 241, 236, 237, 248, 249, 244, 245, 230, 232, 204, 205, 197, 202, 264, 265, 252, 253, 145, 246, 247, 222, 280, 281, 217, 286, 287, 223, 216, 144, 296, 297, 299, 298, 267, 266, 182, 183, 227, 226, 102, 276, 314, 318, 319, 315, 277, 103, 210, 211, 148, 113, 324, 330, 331, 325, 334, 335, 338, 339, 174, 175, 317, 178, 316, 112, 179, 163, 162, 156, 157, 137, 284, 358, 361, 362, 367, 263, 262, 250, 251, 242, 243, 372, 375, 285, 136, 188, 359, 355, 386, 390, 387, 350, 189, 381, 374, 394, 395, 366, 383, 380, 402, 403, 373]
  列生成求解结果: 目标值=11.0000， 下界=7.0000， 上界=9.0000

处理节点 149
  开始列生成求解...
Set parameter LogToConsole to value 0
Set parameter Threads to value 1
Set parameter Seed to value 0
  定价策略: Exact, node=149, vertices=18
Set parameter PoolSearchMode to value 2
Set parameter PoolSolutions to value 10
[CG 1] RMP=9.000000, pricing=ExactPricingSolver, new_columns=0
  搜索路径: [1, 2, 3, 6, 7, 8, 9, 11, 14, 18, 19, 22, 23, 10, 28, 29, 32, 33, 36, 37, 15, 42, 43, 16, 48, 49, 52, 53, 56, 57, 58, 59, 17, 66, 67, 70, 71, 72, 73, 74, 75, 82, 83, 47, 46, 60, 61, 64, 95, 65, 98, 99, 100, 101, 94, 106, 110, 111, 114, 115, 118, 119, 96, 124, 125, 117, 116, 107, 97, 134, 135, 89, 88, 140, 141, 146, 147, 40, 26, 150, 154, 155, 151, 158, 159, 152, 153, 27, 41, 166, 167, 168, 169, 170, 171, 176, 177, 180, 181, 164, 184, 185, 186, 187, 165, 87, 86, 172, 173, 78, 198, 199, 200, 201, 79, 206, 207, 194, 195, 208, 214, 215, 209, 196, 212, 213, 218, 219, 221, 220, 224, 225, 203, 231, 228, 233, 229, 240, 241, 236, 237, 248, 249, 244, 245, 230, 232, 204, 205, 197, 202, 264, 265, 252, 253, 145, 246, 247, 222, 280, 281, 217, 286, 287, 223, 216, 144, 296, 297, 299, 298, 267, 266, 182, 183, 227, 226, 102, 276, 314, 318, 319, 315, 277, 103, 210, 211, 148, 113, 324, 330, 331, 325, 334, 335, 338, 339, 174, 175, 317, 178, 316, 112, 179, 163, 162, 156, 157, 137, 284, 358, 361, 362, 367, 263, 262, 250, 251, 242, 243, 372, 375, 285, 136, 188, 359, 355, 386, 390, 387, 350, 189, 381, 374, 394, 395, 366, 383, 380, 402, 403, 373, 149]
  列生成求解结果: 目标值=9.0000， 下界=7.0000， 上界=9.0000

处理节点 363
  开始列生成求解...
Set parameter LogToConsole to value 0
Set parameter Threads to value 1
Set parameter Seed to value 0
  定价策略: Exact, node=363, vertices=15
Set parameter PoolSearchMode to value 2
Set parameter PoolSolutions to value 10
[CG 1] RMP=12.000000, pricing=ExactPricingSolver, new_columns=10
[CG 2] RMP=12.000000, pricing=ExactPricingSolver, new_columns=10
[CG 3] RMP=9.000000, pricing=ExactPricingSolver, new_columns=0
  搜索路径: [1, 2, 3, 6, 7, 8, 9, 11, 14, 18, 19, 22, 23, 10, 28, 29, 32, 33, 36, 37, 15, 42, 43, 16, 48, 49, 52, 53, 56, 57, 58, 59, 17, 66, 67, 70, 71, 72, 73, 74, 75, 82, 83, 47, 46, 60, 61, 64, 95, 65, 98, 99, 100, 101, 94, 106, 110, 111, 114, 115, 118, 119, 96, 124, 125, 117, 116, 107, 97, 134, 135, 89, 88, 140, 141, 146, 147, 40, 26, 150, 154, 155, 151, 158, 159, 152, 153, 27, 41, 166, 167, 168, 169, 170, 171, 176, 177, 180, 181, 164, 184, 185, 186, 187, 165, 87, 86, 172, 173, 78, 198, 199, 200, 201, 79, 206, 207, 194, 195, 208, 214, 215, 209, 196, 212, 213, 218, 219, 221, 220, 224, 225, 203, 231, 228, 233, 229, 240, 241, 236, 237, 248, 249, 244, 245, 230, 232, 204, 205, 197, 202, 264, 265, 252, 253, 145, 246, 247, 222, 280, 281, 217, 286, 287, 223, 216, 144, 296, 297, 299, 298, 267, 266, 182, 183, 227, 226, 102, 276, 314, 318, 319, 315, 277, 103, 210, 211, 148, 113, 324, 330, 331, 325, 334, 335, 338, 339, 174, 175, 317, 178, 316, 112, 179, 163, 162, 156, 157, 137, 284, 358, 361, 362, 367, 263, 262, 250, 251, 242, 243, 372, 375, 285, 136, 188, 359, 355, 386, 390, 387, 350, 189, 381, 374, 394, 395, 366, 383, 380, 402, 403, 373, 149, 363]
  列生成求解结果: 目标值=9.0000， 下界=7.0000， 上界=9.0000

处理节点 391
  开始列生成求解...
Set parameter LogToConsole to value 0
Set parameter Threads to value 1
Set parameter Seed to value 0
  定价策略: Exact, node=391, vertices=15
Set parameter PoolSearchMode to value 2
Set parameter PoolSolutions to value 10
[CG 1] RMP=12.000000, pricing=ExactPricingSolver, new_columns=0
  搜索路径: [1, 2, 3, 6, 7, 8, 9, 11, 14, 18, 19, 22, 23, 10, 28, 29, 32, 33, 36, 37, 15, 42, 43, 16, 48, 49, 52, 53, 56, 57, 58, 59, 17, 66, 67, 70, 71, 72, 73, 74, 75, 82, 83, 47, 46, 60, 61, 64, 95, 65, 98, 99, 100, 101, 94, 106, 110, 111, 114, 115, 118, 119, 96, 124, 125, 117, 116, 107, 97, 134, 135, 89, 88, 140, 141, 146, 147, 40, 26, 150, 154, 155, 151, 158, 159, 152, 153, 27, 41, 166, 167, 168, 169, 170, 171, 176, 177, 180, 181, 164, 184, 185, 186, 187, 165, 87, 86, 172, 173, 78, 198, 199, 200, 201, 79, 206, 207, 194, 195, 208, 214, 215, 209, 196, 212, 213, 218, 219, 221, 220, 224, 225, 203, 231, 228, 233, 229, 240, 241, 236, 237, 248, 249, 244, 245, 230, 232, 204, 205, 197, 202, 264, 265, 252, 253, 145, 246, 247, 222, 280, 281, 217, 286, 287, 223, 216, 144, 296, 297, 299, 298, 267, 266, 182, 183, 227, 226, 102, 276, 314, 318, 319, 315, 277, 103, 210, 211, 148, 113, 324, 330, 331, 325, 334, 335, 338, 339, 174, 175, 317, 178, 316, 112, 179, 163, 162, 156, 157, 137, 284, 358, 361, 362, 367, 263, 262, 250, 251, 242, 243, 372, 375, 285, 136, 188, 359, 355, 386, 390, 387, 350, 189, 381, 374, 394, 395, 366, 383, 380, 402, 403, 373, 149, 363, 391]
  列生成求解结果: 目标值=12.0000， 下界=7.0000， 上界=9.0000

处理节点 354
  开始列生成求解...
Set parameter LogToConsole to value 0
Set parameter Threads to value 1
Set parameter Seed to value 0
  定价策略: Exact, node=354, vertices=17
Set parameter PoolSearchMode to value 2
Set parameter PoolSolutions to value 10
[CG 1] RMP=8.000000, pricing=ExactPricingSolver, new_columns=10
[CG 2] RMP=7.000000, pricing=ExactPricingSolver, new_columns=0
  搜索路径: [1, 2, 3, 6, 7, 8, 9, 11, 14, 18, 19, 22, 23, 10, 28, 29, 32, 33, 36, 37, 15, 42, 43, 16, 48, 49, 52, 53, 56, 57, 58, 59, 17, 66, 67, 70, 71, 72, 73, 74, 75, 82, 83, 47, 46, 60, 61, 64, 95, 65, 98, 99, 100, 101, 94, 106, 110, 111, 114, 115, 118, 119, 96, 124, 125, 117, 116, 107, 97, 134, 135, 89, 88, 140, 141, 146, 147, 40, 26, 150, 154, 155, 151, 158, 159, 152, 153, 27, 41, 166, 167, 168, 169, 170, 171, 176, 177, 180, 181, 164, 184, 185, 186, 187, 165, 87, 86, 172, 173, 78, 198, 199, 200, 201, 79, 206, 207, 194, 195, 208, 214, 215, 209, 196, 212, 213, 218, 219, 221, 220, 224, 225, 203, 231, 228, 233, 229, 240, 241, 236, 237, 248, 249, 244, 245, 230, 232, 204, 205, 197, 202, 264, 265, 252, 253, 145, 246, 247, 222, 280, 281, 217, 286, 287, 223, 216, 144, 296, 297, 299, 298, 267, 266, 182, 183, 227, 226, 102, 276, 314, 318, 319, 315, 277, 103, 210, 211, 148, 113, 324, 330, 331, 325, 334, 335, 338, 339, 174, 175, 317, 178, 316, 112, 179, 163, 162, 156, 157, 137, 284, 358, 361, 362, 367, 263, 262, 250, 251, 242, 243, 372, 375, 285, 136, 188, 359, 355, 386, 390, 387, 350, 189, 381, 374, 394, 395, 366, 383, 380, 402, 403, 373, 149, 363, 391, 354]
  列生成求解结果: 目标值=7.0000， 下界=7.0000， 上界=9.0000
    非整数变量: COL_15-18-2-20-4-7-9_152 = 0.222222
  解不是整数，开始分支...
ImposedVertex(vertex=4)
ForbidVertex(vertex=4)
  创建了 2 个分支
    添加分支节点 1: ID=404
    添加分支节点 2: ID=405

处理节点 351
  开始列生成求解...
Set parameter LogToConsole to value 0
Set parameter Threads to value 1
Set parameter Seed to value 0
  定价策略: Exact, node=351, vertices=16
Set parameter PoolSearchMode to value 2
Set parameter PoolSolutions to value 10
[CG 1] RMP=12.000000, pricing=ExactPricingSolver, new_columns=0
  搜索路径: [1, 2, 3, 6, 7, 8, 9, 11, 14, 18, 19, 22, 23, 10, 28, 29, 32, 33, 36, 37, 15, 42, 43, 16, 48, 49, 52, 53, 56, 57, 58, 59, 17, 66, 67, 70, 71, 72, 73, 74, 75, 82, 83, 47, 46, 60, 61, 64, 95, 65, 98, 99, 100, 101, 94, 106, 110, 111, 114, 115, 118, 119, 96, 124, 125, 117, 116, 107, 97, 134, 135, 89, 88, 140, 141, 146, 147, 40, 26, 150, 154, 155, 151, 158, 159, 152, 153, 27, 41, 166, 167, 168, 169, 170, 171, 176, 177, 180, 181, 164, 184, 185, 186, 187, 165, 87, 86, 172, 173, 78, 198, 199, 200, 201, 79, 206, 207, 194, 195, 208, 214, 215, 209, 196, 212, 213, 218, 219, 221, 220, 224, 225, 203, 231, 228, 233, 229, 240, 241, 236, 237, 248, 249, 244, 245, 230, 232, 204, 205, 197, 202, 264, 265, 252, 253, 145, 246, 247, 222, 280, 281, 217, 286, 287, 223, 216, 144, 296, 297, 299, 298, 267, 266, 182, 183, 227, 226, 102, 276, 314, 318, 319, 315, 277, 103, 210, 211, 148, 113, 324, 330, 331, 325, 334, 335, 338, 339, 174, 175, 317, 178, 316, 112, 179, 163, 162, 156, 157, 137, 284, 358, 361, 362, 367, 263, 262, 250, 251, 242, 243, 372, 375, 285, 136, 188, 359, 355, 386, 390, 387, 350, 189, 381, 374, 394, 395, 366, 383, 380, 402, 403, 373, 149, 363, 391, 354, 351]
  列生成求解结果: 目标值=12.0000， 下界=7.0000， 上界=9.0000

处理节点 382
  开始列生成求解...
Set parameter LogToConsole to value 0
Set parameter Threads to value 1
Set parameter Seed to value 0
  定价策略: Exact, node=382, vertices=14
Set parameter PoolSearchMode to value 2
Set parameter PoolSolutions to value 10
[CG 1] RMP=2010.000000, pricing=ExactPricingSolver, new_columns=10
[CG 2] RMP=8.000000, pricing=ExactPricingSolver, new_columns=10
[CG 3] RMP=7.000000, pricing=ExactPricingSolver, new_columns=0
  搜索路径: [1, 2, 3, 6, 7, 8, 9, 11, 14, 18, 19, 22, 23, 10, 28, 29, 32, 33, 36, 37, 15, 42, 43, 16, 48, 49, 52, 53, 56, 57, 58, 59, 17, 66, 67, 70, 71, 72, 73, 74, 75, 82, 83, 47, 46, 60, 61, 64, 95, 65, 98, 99, 100, 101, 94, 106, 110, 111, 114, 115, 118, 119, 96, 124, 125, 117, 116, 107, 97, 134, 135, 89, 88, 140, 141, 146, 147, 40, 26, 150, 154, 155, 151, 158, 159, 152, 153, 27, 41, 166, 167, 168, 169, 170, 171, 176, 177, 180, 181, 164, 184, 185, 186, 187, 165, 87, 86, 172, 173, 78, 198, 199, 200, 201, 79, 206, 207, 194, 195, 208, 214, 215, 209, 196, 212, 213, 218, 219, 221, 220, 224, 225, 203, 231, 228, 233, 229, 240, 241, 236, 237, 248, 249, 244, 245, 230, 232, 204, 205, 197, 202, 264, 265, 252, 253, 145, 246, 247, 222, 280, 281, 217, 286, 287, 223, 216, 144, 296, 297, 299, 298, 267, 266, 182, 183, 227, 226, 102, 276, 314, 318, 319, 315, 277, 103, 210, 211, 148, 113, 324, 330, 331, 325, 334, 335, 338, 339, 174, 175, 317, 178, 316, 112, 179, 163, 162, 156, 157, 137, 284, 358, 361, 362, 367, 263, 262, 250, 251, 242, 243, 372, 375, 285, 136, 188, 359, 355, 386, 390, 387, 350, 189, 381, 374, 394, 395, 366, 383, 380, 402, 403, 373, 149, 363, 391, 354, 351, 382]
  列生成求解结果: 目标值=7.0000， 下界=7.0000， 上界=9.0000
    非整数变量: COL_17-4-7-9_329 = 0.111111
  解不是整数，开始分支...
ImposedVertex(vertex=14)
ForbidVertex(vertex=14)
  创建了 2 个分支
    添加分支节点 1: ID=406
    添加分支节点 2: ID=407

处理节点 404
  开始列生成求解...
Set parameter LogToConsole to value 0
Set parameter Threads to value 1
Set parameter Seed to value 0
  定价策略: Exact, node=404, vertices=15
Set parameter PoolSearchMode to value 2
Set parameter PoolSolutions to value 10
[CG 1] RMP=18.000000, pricing=ExactPricingSolver, new_columns=10
[CG 2] RMP=7.000000, pricing=ExactPricingSolver, new_columns=0
  搜索路径: [1, 2, 3, 6, 7, 8, 9, 11, 14, 18, 19, 22, 23, 10, 28, 29, 32, 33, 36, 37, 15, 42, 43, 16, 48, 49, 52, 53, 56, 57, 58, 59, 17, 66, 67, 70, 71, 72, 73, 74, 75, 82, 83, 47, 46, 60, 61, 64, 95, 65, 98, 99, 100, 101, 94, 106, 110, 111, 114, 115, 118, 119, 96, 124, 125, 117, 116, 107, 97, 134, 135, 89, 88, 140, 141, 146, 147, 40, 26, 150, 154, 155, 151, 158, 159, 152, 153, 27, 41, 166, 167, 168, 169, 170, 171, 176, 177, 180, 181, 164, 184, 185, 186, 187, 165, 87, 86, 172, 173, 78, 198, 199, 200, 201, 79, 206, 207, 194, 195, 208, 214, 215, 209, 196, 212, 213, 218, 219, 221, 220, 224, 225, 203, 231, 228, 233, 229, 240, 241, 236, 237, 248, 249, 244, 245, 230, 232, 204, 205, 197, 202, 264, 265, 252, 253, 145, 246, 247, 222, 280, 281, 217, 286, 287, 223, 216, 144, 296, 297, 299, 298, 267, 266, 182, 183, 227, 226, 102, 276, 314, 318, 319, 315, 277, 103, 210, 211, 148, 113, 324, 330, 331, 325, 334, 335, 338, 339, 174, 175, 317, 178, 316, 112, 179, 163, 162, 156, 157, 137, 284, 358, 361, 362, 367, 263, 262, 250, 251, 242, 243, 372, 375, 285, 136, 188, 359, 355, 386, 390, 387, 350, 189, 381, 374, 394, 395, 366, 383, 380, 402, 403, 373, 149, 363, 391, 354, 351, 382, 404]
  列生成求解结果: 目标值=7.0000， 下界=7.0000， 上界=9.0000
    非整数变量: COL_15-18-2-21-4-7-9_153 = 0.155556
  解不是整数，开始分支...
ImposedVertex(vertex=15)
ForbidVertex(vertex=15)
  创建了 2 个分支
    添加分支节点 1: ID=408
    添加分支节点 2: ID=409

处理节点 405
  开始列生成求解...
Set parameter LogToConsole to value 0
Set parameter Threads to value 1
Set parameter Seed to value 0
  定价策略: Exact, node=405, vertices=16
Set parameter PoolSearchMode to value 2
Set parameter PoolSolutions to value 10
[CG 1] RMP=2010.000000, pricing=ExactPricingSolver, new_columns=10
[CG 2] RMP=14.000000, pricing=ExactPricingSolver, new_columns=10
[CG 3] RMP=8.000000, pricing=ExactPricingSolver, new_columns=10
[CG 4] RMP=7.000000, pricing=ExactPricingSolver, new_columns=0
  搜索路径: [1, 2, 3, 6, 7, 8, 9, 11, 14, 18, 19, 22, 23, 10, 28, 29, 32, 33, 36, 37, 15, 42, 43, 16, 48, 49, 52, 53, 56, 57, 58, 59, 17, 66, 67, 70, 71, 72, 73, 74, 75, 82, 83, 47, 46, 60, 61, 64, 95, 65, 98, 99, 100, 101, 94, 106, 110, 111, 114, 115, 118, 119, 96, 124, 125, 117, 116, 107, 97, 134, 135, 89, 88, 140, 141, 146, 147, 40, 26, 150, 154, 155, 151, 158, 159, 152, 153, 27, 41, 166, 167, 168, 169, 170, 171, 176, 177, 180, 181, 164, 184, 185, 186, 187, 165, 87, 86, 172, 173, 78, 198, 199, 200, 201, 79, 206, 207, 194, 195, 208, 214, 215, 209, 196, 212, 213, 218, 219, 221, 220, 224, 225, 203, 231, 228, 233, 229, 240, 241, 236, 237, 248, 249, 244, 245, 230, 232, 204, 205, 197, 202, 264, 265, 252, 253, 145, 246, 247, 222, 280, 281, 217, 286, 287, 223, 216, 144, 296, 297, 299, 298, 267, 266, 182, 183, 227, 226, 102, 276, 314, 318, 319, 315, 277, 103, 210, 211, 148, 113, 324, 330, 331, 325, 334, 335, 338, 339, 174, 175, 317, 178, 316, 112, 179, 163, 162, 156, 157, 137, 284, 358, 361, 362, 367, 263, 262, 250, 251, 242, 243, 372, 375, 285, 136, 188, 359, 355, 386, 390, 387, 350, 189, 381, 374, 394, 395, 366, 383, 380, 402, 403, 373, 149, 363, 391, 354, 351, 382, 404, 405]
  列生成求解结果: 目标值=7.0000， 下界=7.0000， 上界=9.0000
    非整数变量: COL_18-23-9_35 = 0.333333
  解不是整数，开始分支...
ImposedVertex(vertex=20)
ForbidVertex(vertex=20)
  创建了 2 个分支
    添加分支节点 1: ID=410
    添加分支节点 2: ID=411
  进度: 已处理 250 个节点, 剩余 47 个, 当前最优 9.0000, 当前列数: 1997

处理节点 406
  开始列生成求解...
Set parameter LogToConsole to value 0
Set parameter Threads to value 1
Set parameter Seed to value 0
  定价策略: Exact, node=406, vertices=13
Set parameter PoolSearchMode to value 2
Set parameter PoolSolutions to value 10
[CG 1] RMP=10.000000, pricing=ExactPricingSolver, new_columns=0
  搜索路径: [1, 2, 3, 6, 7, 8, 9, 11, 14, 18, 19, 22, 23, 10, 28, 29, 32, 33, 36, 37, 15, 42, 43, 16, 48, 49, 52, 53, 56, 57, 58, 59, 17, 66, 67, 70, 71, 72, 73, 74, 75, 82, 83, 47, 46, 60, 61, 64, 95, 65, 98, 99, 100, 101, 94, 106, 110, 111, 114, 115, 118, 119, 96, 124, 125, 117, 116, 107, 97, 134, 135, 89, 88, 140, 141, 146, 147, 40, 26, 150, 154, 155, 151, 158, 159, 152, 153, 27, 41, 166, 167, 168, 169, 170, 171, 176, 177, 180, 181, 164, 184, 185, 186, 187, 165, 87, 86, 172, 173, 78, 198, 199, 200, 201, 79, 206, 207, 194, 195, 208, 214, 215, 209, 196, 212, 213, 218, 219, 221, 220, 224, 225, 203, 231, 228, 233, 229, 240, 241, 236, 237, 248, 249, 244, 245, 230, 232, 204, 205, 197, 202, 264, 265, 252, 253, 145, 246, 247, 222, 280, 281, 217, 286, 287, 223, 216, 144, 296, 297, 299, 298, 267, 266, 182, 183, 227, 226, 102, 276, 314, 318, 319, 315, 277, 103, 210, 211, 148, 113, 324, 330, 331, 325, 334, 335, 338, 339, 174, 175, 317, 178, 316, 112, 179, 163, 162, 156, 157, 137, 284, 358, 361, 362, 367, 263, 262, 250, 251, 242, 243, 372, 375, 285, 136, 188, 359, 355, 386, 390, 387, 350, 189, 381, 374, 394, 395, 366, 383, 380, 402, 403, 373, 149, 363, 391, 354, 351, 382, 404, 405, 406]
  列生成求解结果: 目标值=10.0000， 下界=7.0000， 上界=9.0000

处理节点 407
  开始列生成求解...
Set parameter LogToConsole to value 0
Set parameter Threads to value 1
Set parameter Seed to value 0
  定价策略: Exact, node=407, vertices=13
Set parameter PoolSearchMode to value 2
Set parameter PoolSolutions to value 10
[CG 1] RMP=9.000000, pricing=ExactPricingSolver, new_columns=0
  搜索路径: [1, 2, 3, 6, 7, 8, 9, 11, 14, 18, 19, 22, 23, 10, 28, 29, 32, 33, 36, 37, 15, 42, 43, 16, 48, 49, 52, 53, 56, 57, 58, 59, 17, 66, 67, 70, 71, 72, 73, 74, 75, 82, 83, 47, 46, 60, 61, 64, 95, 65, 98, 99, 100, 101, 94, 106, 110, 111, 114, 115, 118, 119, 96, 124, 125, 117, 116, 107, 97, 134, 135, 89, 88, 140, 141, 146, 147, 40, 26, 150, 154, 155, 151, 158, 159, 152, 153, 27, 41, 166, 167, 168, 169, 170, 171, 176, 177, 180, 181, 164, 184, 185, 186, 187, 165, 87, 86, 172, 173, 78, 198, 199, 200, 201, 79, 206, 207, 194, 195, 208, 214, 215, 209, 196, 212, 213, 218, 219, 221, 220, 224, 225, 203, 231, 228, 233, 229, 240, 241, 236, 237, 248, 249, 244, 245, 230, 232, 204, 205, 197, 202, 264, 265, 252, 253, 145, 246, 247, 222, 280, 281, 217, 286, 287, 223, 216, 144, 296, 297, 299, 298, 267, 266, 182, 183, 227, 226, 102, 276, 314, 318, 319, 315, 277, 103, 210, 211, 148, 113, 324, 330, 331, 325, 334, 335, 338, 339, 174, 175, 317, 178, 316, 112, 179, 163, 162, 156, 157, 137, 284, 358, 361, 362, 367, 263, 262, 250, 251, 242, 243, 372, 375, 285, 136, 188, 359, 355, 386, 390, 387, 350, 189, 381, 374, 394, 395, 366, 383, 380, 402, 403, 373, 149, 363, 391, 354, 351, 382, 404, 405, 406, 407]
  列生成求解结果: 目标值=9.0000， 下界=7.0000， 上界=9.0000

处理节点 408
  开始列生成求解...
Set parameter LogToConsole to value 0
Set parameter Threads to value 1
Set parameter Seed to value 0
  定价策略: Exact, node=408, vertices=14
Set parameter PoolSearchMode to value 2
Set parameter PoolSolutions to value 10
[CG 1] RMP=7.000000, pricing=ExactPricingSolver, new_columns=0
  搜索路径: [1, 2, 3, 6, 7, 8, 9, 11, 14, 18, 19, 22, 23, 10, 28, 29, 32, 33, 36, 37, 15, 42, 43, 16, 48, 49, 52, 53, 56, 57, 58, 59, 17, 66, 67, 70, 71, 72, 73, 74, 75, 82, 83, 47, 46, 60, 61, 64, 95, 65, 98, 99, 100, 101, 94, 106, 110, 111, 114, 115, 118, 119, 96, 124, 125, 117, 116, 107, 97, 134, 135, 89, 88, 140, 141, 146, 147, 40, 26, 150, 154, 155, 151, 158, 159, 152, 153, 27, 41, 166, 167, 168, 169, 170, 171, 176, 177, 180, 181, 164, 184, 185, 186, 187, 165, 87, 86, 172, 173, 78, 198, 199, 200, 201, 79, 206, 207, 194, 195, 208, 214, 215, 209, 196, 212, 213, 218, 219, 221, 220, 224, 225, 203, 231, 228, 233, 229, 240, 241, 236, 237, 248, 249, 244, 245, 230, 232, 204, 205, 197, 202, 264, 265, 252, 253, 145, 246, 247, 222, 280, 281, 217, 286, 287, 223, 216, 144, 296, 297, 299, 298, 267, 266, 182, 183, 227, 226, 102, 276, 314, 318, 319, 315, 277, 103, 210, 211, 148, 113, 324, 330, 331, 325, 334, 335, 338, 339, 174, 175, 317, 178, 316, 112, 179, 163, 162, 156, 157, 137, 284, 358, 361, 362, 367, 263, 262, 250, 251, 242, 243, 372, 375, 285, 136, 188, 359, 355, 386, 390, 387, 350, 189, 381, 374, 394, 395, 366, 383, 380, 402, 403, 373, 149, 363, 391, 354, 351, 382, 404, 405, 406, 407, 408]
  列生成求解结果: 目标值=7.0000， 下界=7.0000， 上界=9.0000
    非整数变量: COL_15-18-2-20-4-7-9_152 = 0.145833
  解不是整数，开始分支...
ImposedVertex(vertex=20)
ForbidVertex(vertex=20)
  创建了 2 个分支
    添加分支节点 1: ID=412
    添加分支节点 2: ID=413

处理节点 409
  开始列生成求解...
Set parameter LogToConsole to value 0
Set parameter Threads to value 1
Set parameter Seed to value 0
  定价策略: Exact, node=409, vertices=14
Set parameter PoolSearchMode to value 2
Set parameter PoolSolutions to value 10
[CG 1] RMP=2010.000000, pricing=ExactPricingSolver, new_columns=10
[CG 2] RMP=12.000000, pricing=ExactPricingSolver, new_columns=10
[CG 3] RMP=9.197080, pricing=ExactPricingSolver, new_columns=10
[CG 4] RMP=7.000000, pricing=ExactPricingSolver, new_columns=0
  搜索路径: [1, 2, 3, 6, 7, 8, 9, 11, 14, 18, 19, 22, 23, 10, 28, 29, 32, 33, 36, 37, 15, 42, 43, 16, 48, 49, 52, 53, 56, 57, 58, 59, 17, 66, 67, 70, 71, 72, 73, 74, 75, 82, 83, 47, 46, 60, 61, 64, 95, 65, 98, 99, 100, 101, 94, 106, 110, 111, 114, 115, 118, 119, 96, 124, 125, 117, 116, 107, 97, 134, 135, 89, 88, 140, 141, 146, 147, 40, 26, 150, 154, 155, 151, 158, 159, 152, 153, 27, 41, 166, 167, 168, 169, 170, 171, 176, 177, 180, 181, 164, 184, 185, 186, 187, 165, 87, 86, 172, 173, 78, 198, 199, 200, 201, 79, 206, 207, 194, 195, 208, 214, 215, 209, 196, 212, 213, 218, 219, 221, 220, 224, 225, 203, 231, 228, 233, 229, 240, 241, 236, 237, 248, 249, 244, 245, 230, 232, 204, 205, 197, 202, 264, 265, 252, 253, 145, 246, 247, 222, 280, 281, 217, 286, 287, 223, 216, 144, 296, 297, 299, 298, 267, 266, 182, 183, 227, 226, 102, 276, 314, 318, 319, 315, 277, 103, 210, 211, 148, 113, 324, 330, 331, 325, 334, 335, 338, 339, 174, 175, 317, 178, 316, 112, 179, 163, 162, 156, 157, 137, 284, 358, 361, 362, 367, 263, 262, 250, 251, 242, 243, 372, 375, 285, 136, 188, 359, 355, 386, 390, 387, 350, 189, 381, 374, 394, 395, 366, 383, 380, 402, 403, 373, 149, 363, 391, 354, 351, 382, 404, 405, 406, 407, 408, 409]
  列生成求解结果: 目标值=7.0000， 下界=7.0000， 上界=9.0000
    非整数变量: COL_2-28-4-7-9_173 = 0.291667
  解不是整数，开始分支...
ImposedVertex(vertex=7)
ForbidVertex(vertex=7)
  创建了 2 个分支
    添加分支节点 1: ID=414
    添加分支节点 2: ID=415

处理节点 414
  开始列生成求解...
Set parameter LogToConsole to value 0
Set parameter Threads to value 1
Set parameter Seed to value 0
  定价策略: Exact, node=414, vertices=13
Set parameter PoolSearchMode to value 2
Set parameter PoolSolutions to value 10
[CG 1] RMP=7.000000, pricing=ExactPricingSolver, new_columns=0
  搜索路径: [1, 2, 3, 6, 7, 8, 9, 11, 14, 18, 19, 22, 23, 10, 28, 29, 32, 33, 36, 37, 15, 42, 43, 16, 48, 49, 52, 53, 56, 57, 58, 59, 17, 66, 67, 70, 71, 72, 73, 74, 75, 82, 83, 47, 46, 60, 61, 64, 95, 65, 98, 99, 100, 101, 94, 106, 110, 111, 114, 115, 118, 119, 96, 124, 125, 117, 116, 107, 97, 134, 135, 89, 88, 140, 141, 146, 147, 40, 26, 150, 154, 155, 151, 158, 159, 152, 153, 27, 41, 166, 167, 168, 169, 170, 171, 176, 177, 180, 181, 164, 184, 185, 186, 187, 165, 87, 86, 172, 173, 78, 198, 199, 200, 201, 79, 206, 207, 194, 195, 208, 214, 215, 209, 196, 212, 213, 218, 219, 221, 220, 224, 225, 203, 231, 228, 233, 229, 240, 241, 236, 237, 248, 249, 244, 245, 230, 232, 204, 205, 197, 202, 264, 265, 252, 253, 145, 246, 247, 222, 280, 281, 217, 286, 287, 223, 216, 144, 296, 297, 299, 298, 267, 266, 182, 183, 227, 226, 102, 276, 314, 318, 319, 315, 277, 103, 210, 211, 148, 113, 324, 330, 331, 325, 334, 335, 338, 339, 174, 175, 317, 178, 316, 112, 179, 163, 162, 156, 157, 137, 284, 358, 361, 362, 367, 263, 262, 250, 251, 242, 243, 372, 375, 285, 136, 188, 359, 355, 386, 390, 387, 350, 189, 381, 374, 394, 395, 366, 383, 380, 402, 403, 373, 149, 363, 391, 354, 351, 382, 404, 405, 406, 407, 408, 409, 414]
  列生成求解结果: 目标值=7.0000， 下界=7.0000， 上界=9.0000
    非整数变量: COL_2-28-4-7-9_173 = 0.333333
  解不是整数，开始分支...
ImposedVertex(vertex=28)
ForbidVertex(vertex=28)
  创建了 2 个分支
    添加分支节点 1: ID=416
    添加分支节点 2: ID=417

处理节点 415
  开始列生成求解...
Set parameter LogToConsole to value 0
Set parameter Threads to value 1
Set parameter Seed to value 0
  定价策略: Exact, node=415, vertices=13
Set parameter PoolSearchMode to value 2
Set parameter PoolSolutions to value 10
[CG 1] RMP=14.000000, pricing=ExactPricingSolver, new_columns=10
[CG 2] RMP=12.000000, pricing=ExactPricingSolver, new_columns=0
  搜索路径: [1, 2, 3, 6, 7, 8, 9, 11, 14, 18, 19, 22, 23, 10, 28, 29, 32, 33, 36, 37, 15, 42, 43, 16, 48, 49, 52, 53, 56, 57, 58, 59, 17, 66, 67, 70, 71, 72, 73, 74, 75, 82, 83, 47, 46, 60, 61, 64, 95, 65, 98, 99, 100, 101, 94, 106, 110, 111, 114, 115, 118, 119, 96, 124, 125, 117, 116, 107, 97, 134, 135, 89, 88, 140, 141, 146, 147, 40, 26, 150, 154, 155, 151, 158, 159, 152, 153, 27, 41, 166, 167, 168, 169, 170, 171, 176, 177, 180, 181, 164, 184, 185, 186, 187, 165, 87, 86, 172, 173, 78, 198, 199, 200, 201, 79, 206, 207, 194, 195, 208, 214, 215, 209, 196, 212, 213, 218, 219, 221, 220, 224, 225, 203, 231, 228, 233, 229, 240, 241, 236, 237, 248, 249, 244, 245, 230, 232, 204, 205, 197, 202, 264, 265, 252, 253, 145, 246, 247, 222, 280, 281, 217, 286, 287, 223, 216, 144, 296, 297, 299, 298, 267, 266, 182, 183, 227, 226, 102, 276, 314, 318, 319, 315, 277, 103, 210, 211, 148, 113, 324, 330, 331, 325, 334, 335, 338, 339, 174, 175, 317, 178, 316, 112, 179, 163, 162, 156, 157, 137, 284, 358, 361, 362, 367, 263, 262, 250, 251, 242, 243, 372, 375, 285, 136, 188, 359, 355, 386, 390, 387, 350, 189, 381, 374, 394, 395, 366, 383, 380, 402, 403, 373, 149, 363, 391, 354, 351, 382, 404, 405, 406, 407, 408, 409, 414, 415]
  列生成求解结果: 目标值=12.0000， 下界=7.0000， 上界=9.0000

处理节点 417
  开始列生成求解...
Set parameter LogToConsole to value 0
Set parameter Threads to value 1
Set parameter Seed to value 0
  定价策略: Exact, node=417, vertices=12
Set parameter PoolSearchMode to value 2
Set parameter PoolSolutions to value 10
[CG 1] RMP=14.000000, pricing=ExactPricingSolver, new_columns=10
[CG 2] RMP=14.000000, pricing=ExactPricingSolver, new_columns=10
[CG 3] RMP=10.000000, pricing=ExactPricingSolver, new_columns=0
  搜索路径: [1, 2, 3, 6, 7, 8, 9, 11, 14, 18, 19, 22, 23, 10, 28, 29, 32, 33, 36, 37, 15, 42, 43, 16, 48, 49, 52, 53, 56, 57, 58, 59, 17, 66, 67, 70, 71, 72, 73, 74, 75, 82, 83, 47, 46, 60, 61, 64, 95, 65, 98, 99, 100, 101, 94, 106, 110, 111, 114, 115, 118, 119, 96, 124, 125, 117, 116, 107, 97, 134, 135, 89, 88, 140, 141, 146, 147, 40, 26, 150, 154, 155, 151, 158, 159, 152, 153, 27, 41, 166, 167, 168, 169, 170, 171, 176, 177, 180, 181, 164, 184, 185, 186, 187, 165, 87, 86, 172, 173, 78, 198, 199, 200, 201, 79, 206, 207, 194, 195, 208, 214, 215, 209, 196, 212, 213, 218, 219, 221, 220, 224, 225, 203, 231, 228, 233, 229, 240, 241, 236, 237, 248, 249, 244, 245, 230, 232, 204, 205, 197, 202, 264, 265, 252, 253, 145, 246, 247, 222, 280, 281, 217, 286, 287, 223, 216, 144, 296, 297, 299, 298, 267, 266, 182, 183, 227, 226, 102, 276, 314, 318, 319, 315, 277, 103, 210, 211, 148, 113, 324, 330, 331, 325, 334, 335, 338, 339, 174, 175, 317, 178, 316, 112, 179, 163, 162, 156, 157, 137, 284, 358, 361, 362, 367, 263, 262, 250, 251, 242, 243, 372, 375, 285, 136, 188, 359, 355, 386, 390, 387, 350, 189, 381, 374, 394, 395, 366, 383, 380, 402, 403, 373, 149, 363, 391, 354, 351, 382, 404, 405, 406, 407, 408, 409, 414, 415, 417]
  列生成求解结果: 目标值=10.0000， 下界=7.0000， 上界=9.0000

处理节点 410
  开始列生成求解...
Set parameter LogToConsole to value 0
Set parameter Threads to value 1
Set parameter Seed to value 0
  定价策略: Exact, node=410, vertices=15
Set parameter PoolSearchMode to value 2
Set parameter PoolSolutions to value 10
[CG 1] RMP=8.000000, pricing=ExactPricingSolver, new_columns=0
  搜索路径: [1, 2, 3, 6, 7, 8, 9, 11, 14, 18, 19, 22, 23, 10, 28, 29, 32, 33, 36, 37, 15, 42, 43, 16, 48, 49, 52, 53, 56, 57, 58, 59, 17, 66, 67, 70, 71, 72, 73, 74, 75, 82, 83, 47, 46, 60, 61, 64, 95, 65, 98, 99, 100, 101, 94, 106, 110, 111, 114, 115, 118, 119, 96, 124, 125, 117, 116, 107, 97, 134, 135, 89, 88, 140, 141, 146, 147, 40, 26, 150, 154, 155, 151, 158, 159, 152, 153, 27, 41, 166, 167, 168, 169, 170, 171, 176, 177, 180, 181, 164, 184, 185, 186, 187, 165, 87, 86, 172, 173, 78, 198, 199, 200, 201, 79, 206, 207, 194, 195, 208, 214, 215, 209, 196, 212, 213, 218, 219, 221, 220, 224, 225, 203, 231, 228, 233, 229, 240, 241, 236, 237, 248, 249, 244, 245, 230, 232, 204, 205, 197, 202, 264, 265, 252, 253, 145, 246, 247, 222, 280, 281, 217, 286, 287, 223, 216, 144, 296, 297, 299, 298, 267, 266, 182, 183, 227, 226, 102, 276, 314, 318, 319, 315, 277, 103, 210, 211, 148, 113, 324, 330, 331, 325, 334, 335, 338, 339, 174, 175, 317, 178, 316, 112, 179, 163, 162, 156, 157, 137, 284, 358, 361, 362, 367, 263, 262, 250, 251, 242, 243, 372, 375, 285, 136, 188, 359, 355, 386, 390, 387, 350, 189, 381, 374, 394, 395, 366, 383, 380, 402, 403, 373, 149, 363, 391, 354, 351, 382, 404, 405, 406, 407, 408, 409, 414, 415, 417, 410]
  列生成求解结果: 目标值=8.0000， 下界=7.0000， 上界=9.0000
    非整数变量: COL_18-23-9_35 = 0.333333
  解不是整数，开始分支...
ImposedVertex(vertex=5)
ForbidVertex(vertex=5)
  创建了 2 个分支
    添加分支节点 1: ID=418
    添加分支节点 2: ID=419

处理节点 411
  开始列生成求解...
Set parameter LogToConsole to value 0
Set parameter Threads to value 1
Set parameter Seed to value 0
  定价策略: Exact, node=411, vertices=15
Set parameter PoolSearchMode to value 2
Set parameter PoolSolutions to value 10
[CG 1] RMP=9.197080, pricing=ExactPricingSolver, new_columns=10
[CG 2] RMP=9.000000, pricing=ExactPricingSolver, new_columns=0
  搜索路径: [1, 2, 3, 6, 7, 8, 9, 11, 14, 18, 19, 22, 23, 10, 28, 29, 32, 33, 36, 37, 15, 42, 43, 16, 48, 49, 52, 53, 56, 57, 58, 59, 17, 66, 67, 70, 71, 72, 73, 74, 75, 82, 83, 47, 46, 60, 61, 64, 95, 65, 98, 99, 100, 101, 94, 106, 110, 111, 114, 115, 118, 119, 96, 124, 125, 117, 116, 107, 97, 134, 135, 89, 88, 140, 141, 146, 147, 40, 26, 150, 154, 155, 151, 158, 159, 152, 153, 27, 41, 166, 167, 168, 169, 170, 171, 176, 177, 180, 181, 164, 184, 185, 186, 187, 165, 87, 86, 172, 173, 78, 198, 199, 200, 201, 79, 206, 207, 194, 195, 208, 214, 215, 209, 196, 212, 213, 218, 219, 221, 220, 224, 225, 203, 231, 228, 233, 229, 240, 241, 236, 237, 248, 249, 244, 245, 230, 232, 204, 205, 197, 202, 264, 265, 252, 253, 145, 246, 247, 222, 280, 281, 217, 286, 287, 223, 216, 144, 296, 297, 299, 298, 267, 266, 182, 183, 227, 226, 102, 276, 314, 318, 319, 315, 277, 103, 210, 211, 148, 113, 324, 330, 331, 325, 334, 335, 338, 339, 174, 175, 317, 178, 316, 112, 179, 163, 162, 156, 157, 137, 284, 358, 361, 362, 367, 263, 262, 250, 251, 242, 243, 372, 375, 285, 136, 188, 359, 355, 386, 390, 387, 350, 189, 381, 374, 394, 395, 366, 383, 380, 402, 403, 373, 149, 363, 391, 354, 351, 382, 404, 405, 406, 407, 408, 409, 414, 415, 417, 410, 411]
  列生成求解结果: 目标值=9.0000， 下界=7.0000， 上界=9.0000

处理节点 412
  开始列生成求解...
Set parameter LogToConsole to value 0
Set parameter Threads to value 1
Set parameter Seed to value 0
  定价策略: Exact, node=412, vertices=13
Set parameter PoolSearchMode to value 2
Set parameter PoolSolutions to value 10
[CG 1] RMP=8.000000, pricing=ExactPricingSolver, new_columns=0
  搜索路径: [1, 2, 3, 6, 7, 8, 9, 11, 14, 18, 19, 22, 23, 10, 28, 29, 32, 33, 36, 37, 15, 42, 43, 16, 48, 49, 52, 53, 56, 57, 58, 59, 17, 66, 67, 70, 71, 72, 73, 74, 75, 82, 83, 47, 46, 60, 61, 64, 95, 65, 98, 99, 100, 101, 94, 106, 110, 111, 114, 115, 118, 119, 96, 124, 125, 117, 116, 107, 97, 134, 135, 89, 88, 140, 141, 146, 147, 40, 26, 150, 154, 155, 151, 158, 159, 152, 153, 27, 41, 166, 167, 168, 169, 170, 171, 176, 177, 180, 181, 164, 184, 185, 186, 187, 165, 87, 86, 172, 173, 78, 198, 199, 200, 201, 79, 206, 207, 194, 195, 208, 214, 215, 209, 196, 212, 213, 218, 219, 221, 220, 224, 225, 203, 231, 228, 233, 229, 240, 241, 236, 237, 248, 249, 244, 245, 230, 232, 204, 205, 197, 202, 264, 265, 252, 253, 145, 246, 247, 222, 280, 281, 217, 286, 287, 223, 216, 144, 296, 297, 299, 298, 267, 266, 182, 183, 227, 226, 102, 276, 314, 318, 319, 315, 277, 103, 210, 211, 148, 113, 324, 330, 331, 325, 334, 335, 338, 339, 174, 175, 317, 178, 316, 112, 179, 163, 162, 156, 157, 137, 284, 358, 361, 362, 367, 263, 262, 250, 251, 242, 243, 372, 375, 285, 136, 188, 359, 355, 386, 390, 387, 350, 189, 381, 374, 394, 395, 366, 383, 380, 402, 403, 373, 149, 363, 391, 354, 351, 382, 404, 405, 406, 407, 408, 409, 414, 415, 417, 410, 411, 412]
  列生成求解结果: 目标值=8.0000， 下界=7.0000， 上界=9.0000
    非整数变量: COL_15-2-20-4-9_150 = 0.333333
  解不是整数，开始分支...
ImposedVertex(vertex=28)
ForbidVertex(vertex=28)
  创建了 2 个分支
    添加分支节点 1: ID=420
    添加分支节点 2: ID=421
  进度: 已处理 260 个节点, 剩余 47 个, 当前最优 9.0000, 当前列数: 2067

处理节点 413
  开始列生成求解...
Set parameter LogToConsole to value 0
Set parameter Threads to value 1
Set parameter Seed to value 0
  定价策略: Exact, node=413, vertices=13
Set parameter PoolSearchMode to value 2
Set parameter PoolSolutions to value 10
[CG 1] RMP=9.000000, pricing=ExactPricingSolver, new_columns=0
  搜索路径: [1, 2, 3, 6, 7, 8, 9, 11, 14, 18, 19, 22, 23, 10, 28, 29, 32, 33, 36, 37, 15, 42, 43, 16, 48, 49, 52, 53, 56, 57, 58, 59, 17, 66, 67, 70, 71, 72, 73, 74, 75, 82, 83, 47, 46, 60, 61, 64, 95, 65, 98, 99, 100, 101, 94, 106, 110, 111, 114, 115, 118, 119, 96, 124, 125, 117, 116, 107, 97, 134, 135, 89, 88, 140, 141, 146, 147, 40, 26, 150, 154, 155, 151, 158, 159, 152, 153, 27, 41, 166, 167, 168, 169, 170, 171, 176, 177, 180, 181, 164, 184, 185, 186, 187, 165, 87, 86, 172, 173, 78, 198, 199, 200, 201, 79, 206, 207, 194, 195, 208, 214, 215, 209, 196, 212, 213, 218, 219, 221, 220, 224, 225, 203, 231, 228, 233, 229, 240, 241, 236, 237, 248, 249, 244, 245, 230, 232, 204, 205, 197, 202, 264, 265, 252, 253, 145, 246, 247, 222, 280, 281, 217, 286, 287, 223, 216, 144, 296, 297, 299, 298, 267, 266, 182, 183, 227, 226, 102, 276, 314, 318, 319, 315, 277, 103, 210, 211, 148, 113, 324, 330, 331, 325, 334, 335, 338, 339, 174, 175, 317, 178, 316, 112, 179, 163, 162, 156, 157, 137, 284, 358, 361, 362, 367, 263, 262, 250, 251, 242, 243, 372, 375, 285, 136, 188, 359, 355, 386, 390, 387, 350, 189, 381, 374, 394, 395, 366, 383, 380, 402, 403, 373, 149, 363, 391, 354, 351, 382, 404, 405, 406, 407, 408, 409, 414, 415, 417, 410, 411, 412, 413]
  列生成求解结果: 目标值=9.0000， 下界=7.0000， 上界=9.0000

处理节点 416
  开始列生成求解...
Set parameter LogToConsole to value 0
Set parameter Threads to value 1
Set parameter Seed to value 0
  定价策略: Exact, node=416, vertices=12
Set parameter PoolSearchMode to value 2
Set parameter PoolSolutions to value 10
[CG 1] RMP=12.000000, pricing=ExactPricingSolver, new_columns=0
  搜索路径: [1, 2, 3, 6, 7, 8, 9, 11, 14, 18, 19, 22, 23, 10, 28, 29, 32, 33, 36, 37, 15, 42, 43, 16, 48, 49, 52, 53, 56, 57, 58, 59, 17, 66, 67, 70, 71, 72, 73, 74, 75, 82, 83, 47, 46, 60, 61, 64, 95, 65, 98, 99, 100, 101, 94, 106, 110, 111, 114, 115, 118, 119, 96, 124, 125, 117, 116, 107, 97, 134, 135, 89, 88, 140, 141, 146, 147, 40, 26, 150, 154, 155, 151, 158, 159, 152, 153, 27, 41, 166, 167, 168, 169, 170, 171, 176, 177, 180, 181, 164, 184, 185, 186, 187, 165, 87, 86, 172, 173, 78, 198, 199, 200, 201, 79, 206, 207, 194, 195, 208, 214, 215, 209, 196, 212, 213, 218, 219, 221, 220, 224, 225, 203, 231, 228, 233, 229, 240, 241, 236, 237, 248, 249, 244, 245, 230, 232, 204, 205, 197, 202, 264, 265, 252, 253, 145, 246, 247, 222, 280, 281, 217, 286, 287, 223, 216, 144, 296, 297, 299, 298, 267, 266, 182, 183, 227, 226, 102, 276, 314, 318, 319, 315, 277, 103, 210, 211, 148, 113, 324, 330, 331, 325, 334, 335, 338, 339, 174, 175, 317, 178, 316, 112, 179, 163, 162, 156, 157, 137, 284, 358, 361, 362, 367, 263, 262, 250, 251, 242, 243, 372, 375, 285, 136, 188, 359, 355, 386, 390, 387, 350, 189, 381, 374, 394, 395, 366, 383, 380, 402, 403, 373, 149, 363, 391, 354, 351, 382, 404, 405, 406, 407, 408, 409, 414, 415, 417, 410, 411, 412, 413, 416]
  列生成求解结果: 目标值=12.0000， 下界=7.0000， 上界=9.0000

处理节点 360
  开始列生成求解...
Set parameter LogToConsole to value 0
Set parameter Threads to value 1
Set parameter Seed to value 0
  定价策略: Exact, node=360, vertices=14
Set parameter PoolSearchMode to value 2
Set parameter PoolSolutions to value 10
[CG 1] RMP=7.000000, pricing=ExactPricingSolver, new_columns=0
  搜索路径: [1, 2, 3, 6, 7, 8, 9, 11, 14, 18, 19, 22, 23, 10, 28, 29, 32, 33, 36, 37, 15, 42, 43, 16, 48, 49, 52, 53, 56, 57, 58, 59, 17, 66, 67, 70, 71, 72, 73, 74, 75, 82, 83, 47, 46, 60, 61, 64, 95, 65, 98, 99, 100, 101, 94, 106, 110, 111, 114, 115, 118, 119, 96, 124, 125, 117, 116, 107, 97, 134, 135, 89, 88, 140, 141, 146, 147, 40, 26, 150, 154, 155, 151, 158, 159, 152, 153, 27, 41, 166, 167, 168, 169, 170, 171, 176, 177, 180, 181, 164, 184, 185, 186, 187, 165, 87, 86, 172, 173, 78, 198, 199, 200, 201, 79, 206, 207, 194, 195, 208, 214, 215, 209, 196, 212, 213, 218, 219, 221, 220, 224, 225, 203, 231, 228, 233, 229, 240, 241, 236, 237, 248, 249, 244, 245, 230, 232, 204, 205, 197, 202, 264, 265, 252, 253, 145, 246, 247, 222, 280, 281, 217, 286, 287, 223, 216, 144, 296, 297, 299, 298, 267, 266, 182, 183, 227, 226, 102, 276, 314, 318, 319, 315, 277, 103, 210, 211, 148, 113, 324, 330, 331, 325, 334, 335, 338, 339, 174, 175, 317, 178, 316, 112, 179, 163, 162, 156, 157, 137, 284, 358, 361, 362, 367, 263, 262, 250, 251, 242, 243, 372, 375, 285, 136, 188, 359, 355, 386, 390, 387, 350, 189, 381, 374, 394, 395, 366, 383, 380, 402, 403, 373, 149, 363, 391, 354, 351, 382, 404, 405, 406, 407, 408, 409, 414, 415, 417, 410, 411, 412, 413, 416, 360]
  列生成求解结果: 目标值=7.0000， 下界=7.0000， 上界=9.0000
    非整数变量: COL_0-21-4_59 = 0.497306
  解不是整数，开始分支...
ImposedVertex(vertex=21)
ForbidVertex(vertex=21)
  创建了 2 个分支
    添加分支节点 1: ID=422
    添加分支节点 2: ID=423

处理节点 422
  开始列生成求解...
Set parameter LogToConsole to value 0
Set parameter Threads to value 1
Set parameter Seed to value 0
  定价策略: Exact, node=422, vertices=13
Set parameter PoolSearchMode to value 2
Set parameter PoolSolutions to value 10
[CG 1] RMP=9.000000, pricing=ExactPricingSolver, new_columns=10
[CG 2] RMP=9.000000, pricing=ExactPricingSolver, new_columns=0
  搜索路径: [1, 2, 3, 6, 7, 8, 9, 11, 14, 18, 19, 22, 23, 10, 28, 29, 32, 33, 36, 37, 15, 42, 43, 16, 48, 49, 52, 53, 56, 57, 58, 59, 17, 66, 67, 70, 71, 72, 73, 74, 75, 82, 83, 47, 46, 60, 61, 64, 95, 65, 98, 99, 100, 101, 94, 106, 110, 111, 114, 115, 118, 119, 96, 124, 125, 117, 116, 107, 97, 134, 135, 89, 88, 140, 141, 146, 147, 40, 26, 150, 154, 155, 151, 158, 159, 152, 153, 27, 41, 166, 167, 168, 169, 170, 171, 176, 177, 180, 181, 164, 184, 185, 186, 187, 165, 87, 86, 172, 173, 78, 198, 199, 200, 201, 79, 206, 207, 194, 195, 208, 214, 215, 209, 196, 212, 213, 218, 219, 221, 220, 224, 225, 203, 231, 228, 233, 229, 240, 241, 236, 237, 248, 249, 244, 245, 230, 232, 204, 205, 197, 202, 264, 265, 252, 253, 145, 246, 247, 222, 280, 281, 217, 286, 287, 223, 216, 144, 296, 297, 299, 298, 267, 266, 182, 183, 227, 226, 102, 276, 314, 318, 319, 315, 277, 103, 210, 211, 148, 113, 324, 330, 331, 325, 334, 335, 338, 339, 174, 175, 317, 178, 316, 112, 179, 163, 162, 156, 157, 137, 284, 358, 361, 362, 367, 263, 262, 250, 251, 242, 243, 372, 375, 285, 136, 188, 359, 355, 386, 390, 387, 350, 189, 381, 374, 394, 395, 366, 383, 380, 402, 403, 373, 149, 363, 391, 354, 351, 382, 404, 405, 406, 407, 408, 409, 414, 415, 417, 410, 411, 412, 413, 416, 360, 422]
  列生成求解结果: 目标值=9.0000， 下界=7.0000， 上界=9.0000

处理节点 423
  开始列生成求解...
Set parameter LogToConsole to value 0
Set parameter Threads to value 1
Set parameter Seed to value 0
  定价策略: Exact, node=423, vertices=13
Set parameter PoolSearchMode to value 2
Set parameter PoolSolutions to value 10
[CG 1] RMP=8.000000, pricing=ExactPricingSolver, new_columns=0
  搜索路径: [1, 2, 3, 6, 7, 8, 9, 11, 14, 18, 19, 22, 23, 10, 28, 29, 32, 33, 36, 37, 15, 42, 43, 16, 48, 49, 52, 53, 56, 57, 58, 59, 17, 66, 67, 70, 71, 72, 73, 74, 75, 82, 83, 47, 46, 60, 61, 64, 95, 65, 98, 99, 100, 101, 94, 106, 110, 111, 114, 115, 118, 119, 96, 124, 125, 117, 116, 107, 97, 134, 135, 89, 88, 140, 141, 146, 147, 40, 26, 150, 154, 155, 151, 158, 159, 152, 153, 27, 41, 166, 167, 168, 169, 170, 171, 176, 177, 180, 181, 164, 184, 185, 186, 187, 165, 87, 86, 172, 173, 78, 198, 199, 200, 201, 79, 206, 207, 194, 195, 208, 214, 215, 209, 196, 212, 213, 218, 219, 221, 220, 224, 225, 203, 231, 228, 233, 229, 240, 241, 236, 237, 248, 249, 244, 245, 230, 232, 204, 205, 197, 202, 264, 265, 252, 253, 145, 246, 247, 222, 280, 281, 217, 286, 287, 223, 216, 144, 296, 297, 299, 298, 267, 266, 182, 183, 227, 226, 102, 276, 314, 318, 319, 315, 277, 103, 210, 211, 148, 113, 324, 330, 331, 325, 334, 335, 338, 339, 174, 175, 317, 178, 316, 112, 179, 163, 162, 156, 157, 137, 284, 358, 361, 362, 367, 263, 262, 250, 251, 242, 243, 372, 375, 285, 136, 188, 359, 355, 386, 390, 387, 350, 189, 381, 374, 394, 395, 366, 383, 380, 402, 403, 373, 149, 363, 391, 354, 351, 382, 404, 405, 406, 407, 408, 409, 414, 415, 417, 410, 411, 412, 413, 416, 360, 422, 423]
  列生成求解结果: 目标值=8.0000， 下界=7.0000， 上界=9.0000
    非整数变量: COL_0-4-9_98 = 0.666667
  解不是整数，开始分支...
ImposedVertex(vertex=9)
ForbidVertex(vertex=9)
  创建了 2 个分支
    添加分支节点 1: ID=424
    添加分支节点 2: ID=425

处理节点 129
  开始列生成求解...
Set parameter LogToConsole to value 0
Set parameter Threads to value 1
Set parameter Seed to value 0
  定价策略: Exact, node=129, vertices=14
Set parameter PoolSearchMode to value 2
Set parameter PoolSolutions to value 10
[CG 1] RMP=9.000000, pricing=ExactPricingSolver, new_columns=0
  搜索路径: [1, 2, 3, 6, 7, 8, 9, 11, 14, 18, 19, 22, 23, 10, 28, 29, 32, 33, 36, 37, 15, 42, 43, 16, 48, 49, 52, 53, 56, 57, 58, 59, 17, 66, 67, 70, 71, 72, 73, 74, 75, 82, 83, 47, 46, 60, 61, 64, 95, 65, 98, 99, 100, 101, 94, 106, 110, 111, 114, 115, 118, 119, 96, 124, 125, 117, 116, 107, 97, 134, 135, 89, 88, 140, 141, 146, 147, 40, 26, 150, 154, 155, 151, 158, 159, 152, 153, 27, 41, 166, 167, 168, 169, 170, 171, 176, 177, 180, 181, 164, 184, 185, 186, 187, 165, 87, 86, 172, 173, 78, 198, 199, 200, 201, 79, 206, 207, 194, 195, 208, 214, 215, 209, 196, 212, 213, 218, 219, 221, 220, 224, 225, 203, 231, 228, 233, 229, 240, 241, 236, 237, 248, 249, 244, 245, 230, 232, 204, 205, 197, 202, 264, 265, 252, 253, 145, 246, 247, 222, 280, 281, 217, 286, 287, 223, 216, 144, 296, 297, 299, 298, 267, 266, 182, 183, 227, 226, 102, 276, 314, 318, 319, 315, 277, 103, 210, 211, 148, 113, 324, 330, 331, 325, 334, 335, 338, 339, 174, 175, 317, 178, 316, 112, 179, 163, 162, 156, 157, 137, 284, 358, 361, 362, 367, 263, 262, 250, 251, 242, 243, 372, 375, 285, 136, 188, 359, 355, 386, 390, 387, 350, 189, 381, 374, 394, 395, 366, 383, 380, 402, 403, 373, 149, 363, 391, 354, 351, 382, 404, 405, 406, 407, 408, 409, 414, 415, 417, 410, 411, 412, 413, 416, 360, 422, 423, 129]
  列生成求解结果: 目标值=9.0000， 下界=7.0000， 上界=9.0000

处理节点 160
  开始列生成求解...
Set parameter LogToConsole to value 0
Set parameter Threads to value 1
Set parameter Seed to value 0
  定价策略: Exact, node=160, vertices=17
Set parameter PoolSearchMode to value 2
Set parameter PoolSolutions to value 10
[CG 1] RMP=7.000000, pricing=ExactPricingSolver, new_columns=0
  搜索路径: [1, 2, 3, 6, 7, 8, 9, 11, 14, 18, 19, 22, 23, 10, 28, 29, 32, 33, 36, 37, 15, 42, 43, 16, 48, 49, 52, 53, 56, 57, 58, 59, 17, 66, 67, 70, 71, 72, 73, 74, 75, 82, 83, 47, 46, 60, 61, 64, 95, 65, 98, 99, 100, 101, 94, 106, 110, 111, 114, 115, 118, 119, 96, 124, 125, 117, 116, 107, 97, 134, 135, 89, 88, 140, 141, 146, 147, 40, 26, 150, 154, 155, 151, 158, 159, 152, 153, 27, 41, 166, 167, 168, 169, 170, 171, 176, 177, 180, 181, 164, 184, 185, 186, 187, 165, 87, 86, 172, 173, 78, 198, 199, 200, 201, 79, 206, 207, 194, 195, 208, 214, 215, 209, 196, 212, 213, 218, 219, 221, 220, 224, 225, 203, 231, 228, 233, 229, 240, 241, 236, 237, 248, 249, 244, 245, 230, 232, 204, 205, 197, 202, 264, 265, 252, 253, 145, 246, 247, 222, 280, 281, 217, 286, 287, 223, 216, 144, 296, 297, 299, 298, 267, 266, 182, 183, 227, 226, 102, 276, 314, 318, 319, 315, 277, 103, 210, 211, 148, 113, 324, 330, 331, 325, 334, 335, 338, 339, 174, 175, 317, 178, 316, 112, 179, 163, 162, 156, 157, 137, 284, 358, 361, 362, 367, 263, 262, 250, 251, 242, 243, 372, 375, 285, 136, 188, 359, 355, 386, 390, 387, 350, 189, 381, 374, 394, 395, 366, 383, 380, 402, 403, 373, 149, 363, 391, 354, 351, 382, 404, 405, 406, 407, 408, 409, 414, 415, 417, 410, 411, 412, 413, 416, 360, 422, 423, 129, 160]
  列生成求解结果: 目标值=7.0000， 下界=7.0000， 上界=9.0000
    非整数变量: COL_1-18-23-7-9_41 = 0.416667
  解不是整数，开始分支...
ImposedVertex(vertex=21)
ForbidVertex(vertex=21)
  创建了 2 个分支
    添加分支节点 1: ID=426
    添加分支节点 2: ID=427

处理节点 426
  开始列生成求解...
Set parameter LogToConsole to value 0
Set parameter Threads to value 1
Set parameter Seed to value 0
  定价策略: Exact, node=426, vertices=16
Set parameter PoolSearchMode to value 2
Set parameter PoolSolutions to value 10
[CG 1] RMP=9.000000, pricing=ExactPricingSolver, new_columns=10
[CG 2] RMP=9.000000, pricing=ExactPricingSolver, new_columns=0
  搜索路径: [1, 2, 3, 6, 7, 8, 9, 11, 14, 18, 19, 22, 23, 10, 28, 29, 32, 33, 36, 37, 15, 42, 43, 16, 48, 49, 52, 53, 56, 57, 58, 59, 17, 66, 67, 70, 71, 72, 73, 74, 75, 82, 83, 47, 46, 60, 61, 64, 95, 65, 98, 99, 100, 101, 94, 106, 110, 111, 114, 115, 118, 119, 96, 124, 125, 117, 116, 107, 97, 134, 135, 89, 88, 140, 141, 146, 147, 40, 26, 150, 154, 155, 151, 158, 159, 152, 153, 27, 41, 166, 167, 168, 169, 170, 171, 176, 177, 180, 181, 164, 184, 185, 186, 187, 165, 87, 86, 172, 173, 78, 198, 199, 200, 201, 79, 206, 207, 194, 195, 208, 214, 215, 209, 196, 212, 213, 218, 219, 221, 220, 224, 225, 203, 231, 228, 233, 229, 240, 241, 236, 237, 248, 249, 244, 245, 230, 232, 204, 205, 197, 202, 264, 265, 252, 253, 145, 246, 247, 222, 280, 281, 217, 286, 287, 223, 216, 144, 296, 297, 299, 298, 267, 266, 182, 183, 227, 226, 102, 276, 314, 318, 319, 315, 277, 103, 210, 211, 148, 113, 324, 330, 331, 325, 334, 335, 338, 339, 174, 175, 317, 178, 316, 112, 179, 163, 162, 156, 157, 137, 284, 358, 361, 362, 367, 263, 262, 250, 251, 242, 243, 372, 375, 285, 136, 188, 359, 355, 386, 390, 387, 350, 189, 381, 374, 394, 395, 366, 383, 380, 402, 403, 373, 149, 363, 391, 354, 351, 382, 404, 405, 406, 407, 408, 409, 414, 415, 417, 410, 411, 412, 413, 416, 360, 422, 423, 129, 160, 426]
  列生成求解结果: 目标值=9.0000， 下界=7.0000， 上界=9.0000

处理节点 427
  开始列生成求解...
Set parameter LogToConsole to value 0
Set parameter Threads to value 1
Set parameter Seed to value 0
  定价策略: Exact, node=427, vertices=16
Set parameter PoolSearchMode to value 2
Set parameter PoolSolutions to value 10
[CG 1] RMP=10.909091, pricing=ExactPricingSolver, new_columns=10
[CG 2] RMP=8.000000, pricing=ExactPricingSolver, new_columns=0
  搜索路径: [1, 2, 3, 6, 7, 8, 9, 11, 14, 18, 19, 22, 23, 10, 28, 29, 32, 33, 36, 37, 15, 42, 43, 16, 48, 49, 52, 53, 56, 57, 58, 59, 17, 66, 67, 70, 71, 72, 73, 74, 75, 82, 83, 47, 46, 60, 61, 64, 95, 65, 98, 99, 100, 101, 94, 106, 110, 111, 114, 115, 118, 119, 96, 124, 125, 117, 116, 107, 97, 134, 135, 89, 88, 140, 141, 146, 147, 40, 26, 150, 154, 155, 151, 158, 159, 152, 153, 27, 41, 166, 167, 168, 169, 170, 171, 176, 177, 180, 181, 164, 184, 185, 186, 187, 165, 87, 86, 172, 173, 78, 198, 199, 200, 201, 79, 206, 207, 194, 195, 208, 214, 215, 209, 196, 212, 213, 218, 219, 221, 220, 224, 225, 203, 231, 228, 233, 229, 240, 241, 236, 237, 248, 249, 244, 245, 230, 232, 204, 205, 197, 202, 264, 265, 252, 253, 145, 246, 247, 222, 280, 281, 217, 286, 287, 223, 216, 144, 296, 297, 299, 298, 267, 266, 182, 183, 227, 226, 102, 276, 314, 318, 319, 315, 277, 103, 210, 211, 148, 113, 324, 330, 331, 325, 334, 335, 338, 339, 174, 175, 317, 178, 316, 112, 179, 163, 162, 156, 157, 137, 284, 358, 361, 362, 367, 263, 262, 250, 251, 242, 243, 372, 375, 285, 136, 188, 359, 355, 386, 390, 387, 350, 189, 381, 374, 394, 395, 366, 383, 380, 402, 403, 373, 149, 363, 391, 354, 351, 382, 404, 405, 406, 407, 408, 409, 414, 415, 417, 410, 411, 412, 413, 416, 360, 422, 423, 129, 160, 426, 427]
  列生成求解结果: 目标值=8.0000， 下界=7.0000， 上界=9.0000
    非整数变量: COL_1-15-20-9_148 = 0.428571
  解不是整数，开始分支...
ImposedVertex(vertex=15)
ForbidVertex(vertex=15)
  创建了 2 个分支
    添加分支节点 1: ID=428
    添加分支节点 2: ID=429

处理节点 128
  开始列生成求解...
Set parameter LogToConsole to value 0
Set parameter Threads to value 1
Set parameter Seed to value 0
  定价策略: Exact, node=128, vertices=14
Set parameter PoolSearchMode to value 2
Set parameter PoolSolutions to value 10
[CG 1] RMP=8.000000, pricing=ExactPricingSolver, new_columns=0
  搜索路径: [1, 2, 3, 6, 7, 8, 9, 11, 14, 18, 19, 22, 23, 10, 28, 29, 32, 33, 36, 37, 15, 42, 43, 16, 48, 49, 52, 53, 56, 57, 58, 59, 17, 66, 67, 70, 71, 72, 73, 74, 75, 82, 83, 47, 46, 60, 61, 64, 95, 65, 98, 99, 100, 101, 94, 106, 110, 111, 114, 115, 118, 119, 96, 124, 125, 117, 116, 107, 97, 134, 135, 89, 88, 140, 141, 146, 147, 40, 26, 150, 154, 155, 151, 158, 159, 152, 153, 27, 41, 166, 167, 168, 169, 170, 171, 176, 177, 180, 181, 164, 184, 185, 186, 187, 165, 87, 86, 172, 173, 78, 198, 199, 200, 201, 79, 206, 207, 194, 195, 208, 214, 215, 209, 196, 212, 213, 218, 219, 221, 220, 224, 225, 203, 231, 228, 233, 229, 240, 241, 236, 237, 248, 249, 244, 245, 230, 232, 204, 205, 197, 202, 264, 265, 252, 253, 145, 246, 247, 222, 280, 281, 217, 286, 287, 223, 216, 144, 296, 297, 299, 298, 267, 266, 182, 183, 227, 226, 102, 276, 314, 318, 319, 315, 277, 103, 210, 211, 148, 113, 324, 330, 331, 325, 334, 335, 338, 339, 174, 175, 317, 178, 316, 112, 179, 163, 162, 156, 157, 137, 284, 358, 361, 362, 367, 263, 262, 250, 251, 242, 243, 372, 375, 285, 136, 188, 359, 355, 386, 390, 387, 350, 189, 381, 374, 394, 395, 366, 383, 380, 402, 403, 373, 149, 363, 391, 354, 351, 382, 404, 405, 406, 407, 408, 409, 414, 415, 417, 410, 411, 412, 413, 416, 360, 422, 423, 129, 160, 426, 427, 128]
  列生成求解结果: 目标值=8.0000， 下界=7.0000， 上界=9.0000
    非整数变量: COL_1-11-20-23-29-7-9_325 = 0.444444
  解不是整数，开始分支...
ImposedVertex(vertex=29)
ForbidVertex(vertex=29)
  创建了 2 个分支
    添加分支节点 1: ID=430
    添加分支节点 2: ID=431
  进度: 已处理 270 个节点, 剩余 47 个, 当前最优 9.0000, 当前列数: 2097

处理节点 161
  开始列生成求解...
Set parameter LogToConsole to value 0
Set parameter Threads to value 1
Set parameter Seed to value 0
  定价策略: Exact, node=161, vertices=17
Set parameter PoolSearchMode to value 2
Set parameter PoolSolutions to value 10
[CG 1] RMP=11.000000, pricing=ExactPricingSolver, new_columns=0
  搜索路径: [1, 2, 3, 6, 7, 8, 9, 11, 14, 18, 19, 22, 23, 10, 28, 29, 32, 33, 36, 37, 15, 42, 43, 16, 48, 49, 52, 53, 56, 57, 58, 59, 17, 66, 67, 70, 71, 72, 73, 74, 75, 82, 83, 47, 46, 60, 61, 64, 95, 65, 98, 99, 100, 101, 94, 106, 110, 111, 114, 115, 118, 119, 96, 124, 125, 117, 116, 107, 97, 134, 135, 89, 88, 140, 141, 146, 147, 40, 26, 150, 154, 155, 151, 158, 159, 152, 153, 27, 41, 166, 167, 168, 169, 170, 171, 176, 177, 180, 181, 164, 184, 185, 186, 187, 165, 87, 86, 172, 173, 78, 198, 199, 200, 201, 79, 206, 207, 194, 195, 208, 214, 215, 209, 196, 212, 213, 218, 219, 221, 220, 224, 225, 203, 231, 228, 233, 229, 240, 241, 236, 237, 248, 249, 244, 245, 230, 232, 204, 205, 197, 202, 264, 265, 252, 253, 145, 246, 247, 222, 280, 281, 217, 286, 287, 223, 216, 144, 296, 297, 299, 298, 267, 266, 182, 183, 227, 226, 102, 276, 314, 318, 319, 315, 277, 103, 210, 211, 148, 113, 324, 330, 331, 325, 334, 335, 338, 339, 174, 175, 317, 178, 316, 112, 179, 163, 162, 156, 157, 137, 284, 358, 361, 362, 367, 263, 262, 250, 251, 242, 243, 372, 375, 285, 136, 188, 359, 355, 386, 390, 387, 350, 189, 381, 374, 394, 395, 366, 383, 380, 402, 403, 373, 149, 363, 391, 354, 351, 382, 404, 405, 406, 407, 408, 409, 414, 415, 417, 410, 411, 412, 413, 416, 360, 422, 423, 129, 160, 426, 427, 128, 161]
  列生成求解结果: 目标值=11.0000， 下界=7.0000， 上界=9.0000

处理节点 396
  开始列生成求解...
Set parameter LogToConsole to value 0
Set parameter Threads to value 1
Set parameter Seed to value 0
  定价策略: Exact, node=396, vertices=15
Set parameter PoolSearchMode to value 2
Set parameter PoolSolutions to value 10
[CG 1] RMP=7.000000, pricing=ExactPricingSolver, new_columns=0
  搜索路径: [1, 2, 3, 6, 7, 8, 9, 11, 14, 18, 19, 22, 23, 10, 28, 29, 32, 33, 36, 37, 15, 42, 43, 16, 48, 49, 52, 53, 56, 57, 58, 59, 17, 66, 67, 70, 71, 72, 73, 74, 75, 82, 83, 47, 46, 60, 61, 64, 95, 65, 98, 99, 100, 101, 94, 106, 110, 111, 114, 115, 118, 119, 96, 124, 125, 117, 116, 107, 97, 134, 135, 89, 88, 140, 141, 146, 147, 40, 26, 150, 154, 155, 151, 158, 159, 152, 153, 27, 41, 166, 167, 168, 169, 170, 171, 176, 177, 180, 181, 164, 184, 185, 186, 187, 165, 87, 86, 172, 173, 78, 198, 199, 200, 201, 79, 206, 207, 194, 195, 208, 214, 215, 209, 196, 212, 213, 218, 219, 221, 220, 224, 225, 203, 231, 228, 233, 229, 240, 241, 236, 237, 248, 249, 244, 245, 230, 232, 204, 205, 197, 202, 264, 265, 252, 253, 145, 246, 247, 222, 280, 281, 217, 286, 287, 223, 216, 144, 296, 297, 299, 298, 267, 266, 182, 183, 227, 226, 102, 276, 314, 318, 319, 315, 277, 103, 210, 211, 148, 113, 324, 330, 331, 325, 334, 335, 338, 339, 174, 175, 317, 178, 316, 112, 179, 163, 162, 156, 157, 137, 284, 358, 361, 362, 367, 263, 262, 250, 251, 242, 243, 372, 375, 285, 136, 188, 359, 355, 386, 390, 387, 350, 189, 381, 374, 394, 395, 366, 383, 380, 402, 403, 373, 149, 363, 391, 354, 351, 382, 404, 405, 406, 407, 408, 409, 414, 415, 417, 410, 411, 412, 413, 416, 360, 422, 423, 129, 160, 426, 427, 128, 161, 396]
  列生成求解结果: 目标值=7.0000， 下界=7.0000， 上界=9.0000
    非整数变量: COL_0-7-9_105 = 0.416667
  解不是整数，开始分支...
ImposedVertex(vertex=26)
ForbidVertex(vertex=26)
  创建了 2 个分支
    添加分支节点 1: ID=432
    添加分支节点 2: ID=433

处理节点 432
  开始列生成求解...
Set parameter LogToConsole to value 0
Set parameter Threads to value 1
Set parameter Seed to value 0
  定价策略: Exact, node=432, vertices=14
Set parameter PoolSearchMode to value 2
Set parameter PoolSolutions to value 10
[CG 1] RMP=10.000000, pricing=ExactPricingSolver, new_columns=0
  搜索路径: [1, 2, 3, 6, 7, 8, 9, 11, 14, 18, 19, 22, 23, 10, 28, 29, 32, 33, 36, 37, 15, 42, 43, 16, 48, 49, 52, 53, 56, 57, 58, 59, 17, 66, 67, 70, 71, 72, 73, 74, 75, 82, 83, 47, 46, 60, 61, 64, 95, 65, 98, 99, 100, 101, 94, 106, 110, 111, 114, 115, 118, 119, 96, 124, 125, 117, 116, 107, 97, 134, 135, 89, 88, 140, 141, 146, 147, 40, 26, 150, 154, 155, 151, 158, 159, 152, 153, 27, 41, 166, 167, 168, 169, 170, 171, 176, 177, 180, 181, 164, 184, 185, 186, 187, 165, 87, 86, 172, 173, 78, 198, 199, 200, 201, 79, 206, 207, 194, 195, 208, 214, 215, 209, 196, 212, 213, 218, 219, 221, 220, 224, 225, 203, 231, 228, 233, 229, 240, 241, 236, 237, 248, 249, 244, 245, 230, 232, 204, 205, 197, 202, 264, 265, 252, 253, 145, 246, 247, 222, 280, 281, 217, 286, 287, 223, 216, 144, 296, 297, 299, 298, 267, 266, 182, 183, 227, 226, 102, 276, 314, 318, 319, 315, 277, 103, 210, 211, 148, 113, 324, 330, 331, 325, 334, 335, 338, 339, 174, 175, 317, 178, 316, 112, 179, 163, 162, 156, 157, 137, 284, 358, 361, 362, 367, 263, 262, 250, 251, 242, 243, 372, 375, 285, 136, 188, 359, 355, 386, 390, 387, 350, 189, 381, 374, 394, 395, 366, 383, 380, 402, 403, 373, 149, 363, 391, 354, 351, 382, 404, 405, 406, 407, 408, 409, 414, 415, 417, 410, 411, 412, 413, 416, 360, 422, 423, 129, 160, 426, 427, 128, 161, 396, 432]
  列生成求解结果: 目标值=10.0000， 下界=7.0000， 上界=9.0000

处理节点 433
  开始列生成求解...
Set parameter LogToConsole to value 0
Set parameter Threads to value 1
Set parameter Seed to value 0
  定价策略: Exact, node=433, vertices=14
Set parameter PoolSearchMode to value 2
Set parameter PoolSolutions to value 10
[CG 1] RMP=12.000000, pricing=ExactPricingSolver, new_columns=0
  搜索路径: [1, 2, 3, 6, 7, 8, 9, 11, 14, 18, 19, 22, 23, 10, 28, 29, 32, 33, 36, 37, 15, 42, 43, 16, 48, 49, 52, 53, 56, 57, 58, 59, 17, 66, 67, 70, 71, 72, 73, 74, 75, 82, 83, 47, 46, 60, 61, 64, 95, 65, 98, 99, 100, 101, 94, 106, 110, 111, 114, 115, 118, 119, 96, 124, 125, 117, 116, 107, 97, 134, 135, 89, 88, 140, 141, 146, 147, 40, 26, 150, 154, 155, 151, 158, 159, 152, 153, 27, 41, 166, 167, 168, 169, 170, 171, 176, 177, 180, 181, 164, 184, 185, 186, 187, 165, 87, 86, 172, 173, 78, 198, 199, 200, 201, 79, 206, 207, 194, 195, 208, 214, 215, 209, 196, 212, 213, 218, 219, 221, 220, 224, 225, 203, 231, 228, 233, 229, 240, 241, 236, 237, 248, 249, 244, 245, 230, 232, 204, 205, 197, 202, 264, 265, 252, 253, 145, 246, 247, 222, 280, 281, 217, 286, 287, 223, 216, 144, 296, 297, 299, 298, 267, 266, 182, 183, 227, 226, 102, 276, 314, 318, 319, 315, 277, 103, 210, 211, 148, 113, 324, 330, 331, 325, 334, 335, 338, 339, 174, 175, 317, 178, 316, 112, 179, 163, 162, 156, 157, 137, 284, 358, 361, 362, 367, 263, 262, 250, 251, 242, 243, 372, 375, 285, 136, 188, 359, 355, 386, 390, 387, 350, 189, 381, 374, 394, 395, 366, 383, 380, 402, 403, 373, 149, 363, 391, 354, 351, 382, 404, 405, 406, 407, 408, 409, 414, 415, 417, 410, 411, 412, 413, 416, 360, 422, 423, 129, 160, 426, 427, 128, 161, 396, 432, 433]
  列生成求解结果: 目标值=12.0000， 下界=7.0000， 上界=9.0000

处理节点 397
  开始列生成求解...
Set parameter LogToConsole to value 0
Set parameter Threads to value 1
Set parameter Seed to value 0
  定价策略: Exact, node=397, vertices=15
Set parameter PoolSearchMode to value 2
Set parameter PoolSolutions to value 10
[CG 1] RMP=12.000000, pricing=ExactPricingSolver, new_columns=0
  搜索路径: [1, 2, 3, 6, 7, 8, 9, 11, 14, 18, 19, 22, 23, 10, 28, 29, 32, 33, 36, 37, 15, 42, 43, 16, 48, 49, 52, 53, 56, 57, 58, 59, 17, 66, 67, 70, 71, 72, 73, 74, 75, 82, 83, 47, 46, 60, 61, 64, 95, 65, 98, 99, 100, 101, 94, 106, 110, 111, 114, 115, 118, 119, 96, 124, 125, 117, 116, 107, 97, 134, 135, 89, 88, 140, 141, 146, 147, 40, 26, 150, 154, 155, 151, 158, 159, 152, 153, 27, 41, 166, 167, 168, 169, 170, 171, 176, 177, 180, 181, 164, 184, 185, 186, 187, 165, 87, 86, 172, 173, 78, 198, 199, 200, 201, 79, 206, 207, 194, 195, 208, 214, 215, 209, 196, 212, 213, 218, 219, 221, 220, 224, 225, 203, 231, 228, 233, 229, 240, 241, 236, 237, 248, 249, 244, 245, 230, 232, 204, 205, 197, 202, 264, 265, 252, 253, 145, 246, 247, 222, 280, 281, 217, 286, 287, 223, 216, 144, 296, 297, 299, 298, 267, 266, 182, 183, 227, 226, 102, 276, 314, 318, 319, 315, 277, 103, 210, 211, 148, 113, 324, 330, 331, 325, 334, 335, 338, 339, 174, 175, 317, 178, 316, 112, 179, 163, 162, 156, 157, 137, 284, 358, 361, 362, 367, 263, 262, 250, 251, 242, 243, 372, 375, 285, 136, 188, 359, 355, 386, 390, 387, 350, 189, 381, 374, 394, 395, 366, 383, 380, 402, 403, 373, 149, 363, 391, 354, 351, 382, 404, 405, 406, 407, 408, 409, 414, 415, 417, 410, 411, 412, 413, 416, 360, 422, 423, 129, 160, 426, 427, 128, 161, 396, 432, 433, 397]
  列生成求解结果: 目标值=12.0000， 下界=7.0000， 上界=9.0000

处理节点 282
  开始列生成求解...
Set parameter LogToConsole to value 0
Set parameter Threads to value 1
Set parameter Seed to value 0
  定价策略: Exact, node=282, vertices=17
Set parameter PoolSearchMode to value 2
Set parameter PoolSolutions to value 10
[CG 1] RMP=2010.000000, pricing=ExactPricingSolver, new_columns=10
[CG 2] RMP=12.000000, pricing=ExactPricingSolver, new_columns=0
  搜索路径: [1, 2, 3, 6, 7, 8, 9, 11, 14, 18, 19, 22, 23, 10, 28, 29, 32, 33, 36, 37, 15, 42, 43, 16, 48, 49, 52, 53, 56, 57, 58, 59, 17, 66, 67, 70, 71, 72, 73, 74, 75, 82, 83, 47, 46, 60, 61, 64, 95, 65, 98, 99, 100, 101, 94, 106, 110, 111, 114, 115, 118, 119, 96, 124, 125, 117, 116, 107, 97, 134, 135, 89, 88, 140, 141, 146, 147, 40, 26, 150, 154, 155, 151, 158, 159, 152, 153, 27, 41, 166, 167, 168, 169, 170, 171, 176, 177, 180, 181, 164, 184, 185, 186, 187, 165, 87, 86, 172, 173, 78, 198, 199, 200, 201, 79, 206, 207, 194, 195, 208, 214, 215, 209, 196, 212, 213, 218, 219, 221, 220, 224, 225, 203, 231, 228, 233, 229, 240, 241, 236, 237, 248, 249, 244, 245, 230, 232, 204, 205, 197, 202, 264, 265, 252, 253, 145, 246, 247, 222, 280, 281, 217, 286, 287, 223, 216, 144, 296, 297, 299, 298, 267, 266, 182, 183, 227, 226, 102, 276, 314, 318, 319, 315, 277, 103, 210, 211, 148, 113, 324, 330, 331, 325, 334, 335, 338, 339, 174, 175, 317, 178, 316, 112, 179, 163, 162, 156, 157, 137, 284, 358, 361, 362, 367, 263, 262, 250, 251, 242, 243, 372, 375, 285, 136, 188, 359, 355, 386, 390, 387, 350, 189, 381, 374, 394, 395, 366, 383, 380, 402, 403, 373, 149, 363, 391, 354, 351, 382, 404, 405, 406, 407, 408, 409, 414, 415, 417, 410, 411, 412, 413, 416, 360, 422, 423, 129, 160, 426, 427, 128, 161, 396, 432, 433, 397, 282]
  列生成求解结果: 目标值=12.0000， 下界=7.0000， 上界=9.0000

处理节点 283
  开始列生成求解...
Set parameter LogToConsole to value 0
Set parameter Threads to value 1
Set parameter Seed to value 0
  定价策略: Exact, node=283, vertices=17
Set parameter PoolSearchMode to value 2
Set parameter PoolSolutions to value 10
[CG 1] RMP=8.000000, pricing=ExactPricingSolver, new_columns=0
  搜索路径: [1, 2, 3, 6, 7, 8, 9, 11, 14, 18, 19, 22, 23, 10, 28, 29, 32, 33, 36, 37, 15, 42, 43, 16, 48, 49, 52, 53, 56, 57, 58, 59, 17, 66, 67, 70, 71, 72, 73, 74, 75, 82, 83, 47, 46, 60, 61, 64, 95, 65, 98, 99, 100, 101, 94, 106, 110, 111, 114, 115, 118, 119, 96, 124, 125, 117, 116, 107, 97, 134, 135, 89, 88, 140, 141, 146, 147, 40, 26, 150, 154, 155, 151, 158, 159, 152, 153, 27, 41, 166, 167, 168, 169, 170, 171, 176, 177, 180, 181, 164, 184, 185, 186, 187, 165, 87, 86, 172, 173, 78, 198, 199, 200, 201, 79, 206, 207, 194, 195, 208, 214, 215, 209, 196, 212, 213, 218, 219, 221, 220, 224, 225, 203, 231, 228, 233, 229, 240, 241, 236, 237, 248, 249, 244, 245, 230, 232, 204, 205, 197, 202, 264, 265, 252, 253, 145, 246, 247, 222, 280, 281, 217, 286, 287, 223, 216, 144, 296, 297, 299, 298, 267, 266, 182, 183, 227, 226, 102, 276, 314, 318, 319, 315, 277, 103, 210, 211, 148, 113, 324, 330, 331, 325, 334, 335, 338, 339, 174, 175, 317, 178, 316, 112, 179, 163, 162, 156, 157, 137, 284, 358, 361, 362, 367, 263, 262, 250, 251, 242, 243, 372, 375, 285, 136, 188, 359, 355, 386, 390, 387, 350, 189, 381, 374, 394, 395, 366, 383, 380, 402, 403, 373, 149, 363, 391, 354, 351, 382, 404, 405, 406, 407, 408, 409, 414, 415, 417, 410, 411, 412, 413, 416, 360, 422, 423, 129, 160, 426, 427, 128, 161, 396, 432, 433, 397, 282, 283]
  列生成求解结果: 目标值=8.0000， 下界=7.0000， 上界=9.0000
    非整数变量: COL_11-15-20-25_23 = 0.666667
  解不是整数，开始分支...
ImposedVertex(vertex=25)
ForbidVertex(vertex=25)
  创建了 2 个分支
    添加分支节点 1: ID=434
    添加分支节点 2: ID=435

处理节点 192
  开始列生成求解...
Set parameter LogToConsole to value 0
Set parameter Threads to value 1
Set parameter Seed to value 0
  定价策略: Exact, node=192, vertices=14
Set parameter PoolSearchMode to value 2
Set parameter PoolSolutions to value 10
[CG 1] RMP=12.000000, pricing=ExactPricingSolver, new_columns=0
  搜索路径: [1, 2, 3, 6, 7, 8, 9, 11, 14, 18, 19, 22, 23, 10, 28, 29, 32, 33, 36, 37, 15, 42, 43, 16, 48, 49, 52, 53, 56, 57, 58, 59, 17, 66, 67, 70, 71, 72, 73, 74, 75, 82, 83, 47, 46, 60, 61, 64, 95, 65, 98, 99, 100, 101, 94, 106, 110, 111, 114, 115, 118, 119, 96, 124, 125, 117, 116, 107, 97, 134, 135, 89, 88, 140, 141, 146, 147, 40, 26, 150, 154, 155, 151, 158, 159, 152, 153, 27, 41, 166, 167, 168, 169, 170, 171, 176, 177, 180, 181, 164, 184, 185, 186, 187, 165, 87, 86, 172, 173, 78, 198, 199, 200, 201, 79, 206, 207, 194, 195, 208, 214, 215, 209, 196, 212, 213, 218, 219, 221, 220, 224, 225, 203, 231, 228, 233, 229, 240, 241, 236, 237, 248, 249, 244, 245, 230, 232, 204, 205, 197, 202, 264, 265, 252, 253, 145, 246, 247, 222, 280, 281, 217, 286, 287, 223, 216, 144, 296, 297, 299, 298, 267, 266, 182, 183, 227, 226, 102, 276, 314, 318, 319, 315, 277, 103, 210, 211, 148, 113, 324, 330, 331, 325, 334, 335, 338, 339, 174, 175, 317, 178, 316, 112, 179, 163, 162, 156, 157, 137, 284, 358, 361, 362, 367, 263, 262, 250, 251, 242, 243, 372, 375, 285, 136, 188, 359, 355, 386, 390, 387, 350, 189, 381, 374, 394, 395, 366, 383, 380, 402, 403, 373, 149, 363, 391, 354, 351, 382, 404, 405, 406, 407, 408, 409, 414, 415, 417, 410, 411, 412, 413, 416, 360, 422, 423, 129, 160, 426, 427, 128, 161, 396, 432, 433, 397, 282, 283, 192]
  列生成求解结果: 目标值=12.0000， 下界=8.0000， 上界=9.0000

处理节点 344
  开始列生成求解...
Set parameter LogToConsole to value 0
Set parameter Threads to value 1
Set parameter Seed to value 0
  定价策略: Exact, node=344, vertices=13
Set parameter PoolSearchMode to value 2
Set parameter PoolSolutions to value 10
[CG 1] RMP=12.000000, pricing=ExactPricingSolver, new_columns=0
  搜索路径: [1, 2, 3, 6, 7, 8, 9, 11, 14, 18, 19, 22, 23, 10, 28, 29, 32, 33, 36, 37, 15, 42, 43, 16, 48, 49, 52, 53, 56, 57, 58, 59, 17, 66, 67, 70, 71, 72, 73, 74, 75, 82, 83, 47, 46, 60, 61, 64, 95, 65, 98, 99, 100, 101, 94, 106, 110, 111, 114, 115, 118, 119, 96, 124, 125, 117, 116, 107, 97, 134, 135, 89, 88, 140, 141, 146, 147, 40, 26, 150, 154, 155, 151, 158, 159, 152, 153, 27, 41, 166, 167, 168, 169, 170, 171, 176, 177, 180, 181, 164, 184, 185, 186, 187, 165, 87, 86, 172, 173, 78, 198, 199, 200, 201, 79, 206, 207, 194, 195, 208, 214, 215, 209, 196, 212, 213, 218, 219, 221, 220, 224, 225, 203, 231, 228, 233, 229, 240, 241, 236, 237, 248, 249, 244, 245, 230, 232, 204, 205, 197, 202, 264, 265, 252, 253, 145, 246, 247, 222, 280, 281, 217, 286, 287, 223, 216, 144, 296, 297, 299, 298, 267, 266, 182, 183, 227, 226, 102, 276, 314, 318, 319, 315, 277, 103, 210, 211, 148, 113, 324, 330, 331, 325, 334, 335, 338, 339, 174, 175, 317, 178, 316, 112, 179, 163, 162, 156, 157, 137, 284, 358, 361, 362, 367, 263, 262, 250, 251, 242, 243, 372, 375, 285, 136, 188, 359, 355, 386, 390, 387, 350, 189, 381, 374, 394, 395, 366, 383, 380, 402, 403, 373, 149, 363, 391, 354, 351, 382, 404, 405, 406, 407, 408, 409, 414, 415, 417, 410, 411, 412, 413, 416, 360, 422, 423, 129, 160, 426, 427, 128, 161, 396, 432, 433, 397, 282, 283, 192, 344]
  列生成求解结果: 目标值=12.0000， 下界=8.0000， 上界=9.0000

处理节点 345
  开始列生成求解...
Set parameter LogToConsole to value 0
Set parameter Threads to value 1
Set parameter Seed to value 0
  定价策略: Exact, node=345, vertices=13
Set parameter PoolSearchMode to value 2
Set parameter PoolSolutions to value 10
[CG 1] RMP=9.000000, pricing=ExactPricingSolver, new_columns=0
  搜索路径: [1, 2, 3, 6, 7, 8, 9, 11, 14, 18, 19, 22, 23, 10, 28, 29, 32, 33, 36, 37, 15, 42, 43, 16, 48, 49, 52, 53, 56, 57, 58, 59, 17, 66, 67, 70, 71, 72, 73, 74, 75, 82, 83, 47, 46, 60, 61, 64, 95, 65, 98, 99, 100, 101, 94, 106, 110, 111, 114, 115, 118, 119, 96, 124, 125, 117, 116, 107, 97, 134, 135, 89, 88, 140, 141, 146, 147, 40, 26, 150, 154, 155, 151, 158, 159, 152, 153, 27, 41, 166, 167, 168, 169, 170, 171, 176, 177, 180, 181, 164, 184, 185, 186, 187, 165, 87, 86, 172, 173, 78, 198, 199, 200, 201, 79, 206, 207, 194, 195, 208, 214, 215, 209, 196, 212, 213, 218, 219, 221, 220, 224, 225, 203, 231, 228, 233, 229, 240, 241, 236, 237, 248, 249, 244, 245, 230, 232, 204, 205, 197, 202, 264, 265, 252, 253, 145, 246, 247, 222, 280, 281, 217, 286, 287, 223, 216, 144, 296, 297, 299, 298, 267, 266, 182, 183, 227, 226, 102, 276, 314, 318, 319, 315, 277, 103, 210, 211, 148, 113, 324, 330, 331, 325, 334, 335, 338, 339, 174, 175, 317, 178, 316, 112, 179, 163, 162, 156, 157, 137, 284, 358, 361, 362, 367, 263, 262, 250, 251, 242, 243, 372, 375, 285, 136, 188, 359, 355, 386, 390, 387, 350, 189, 381, 374, 394, 395, 366, 383, 380, 402, 403, 373, 149, 363, 391, 354, 351, 382, 404, 405, 406, 407, 408, 409, 414, 415, 417, 410, 411, 412, 413, 416, 360, 422, 423, 129, 160, 426, 427, 128, 161, 396, 432, 433, 397, 282, 283, 192, 344, 345]
  列生成求解结果: 目标值=9.0000， 下界=8.0000， 上界=9.0000

处理节点 239
  开始列生成求解...
Set parameter LogToConsole to value 0
Set parameter Threads to value 1
Set parameter Seed to value 0
  定价策略: Exact, node=239, vertices=14
Set parameter PoolSearchMode to value 2
Set parameter PoolSolutions to value 10
[CG 1] RMP=11.000000, pricing=ExactPricingSolver, new_columns=0
  搜索路径: [1, 2, 3, 6, 7, 8, 9, 11, 14, 18, 19, 22, 23, 10, 28, 29, 32, 33, 36, 37, 15, 42, 43, 16, 48, 49, 52, 53, 56, 57, 58, 59, 17, 66, 67, 70, 71, 72, 73, 74, 75, 82, 83, 47, 46, 60, 61, 64, 95, 65, 98, 99, 100, 101, 94, 106, 110, 111, 114, 115, 118, 119, 96, 124, 125, 117, 116, 107, 97, 134, 135, 89, 88, 140, 141, 146, 147, 40, 26, 150, 154, 155, 151, 158, 159, 152, 153, 27, 41, 166, 167, 168, 169, 170, 171, 176, 177, 180, 181, 164, 184, 185, 186, 187, 165, 87, 86, 172, 173, 78, 198, 199, 200, 201, 79, 206, 207, 194, 195, 208, 214, 215, 209, 196, 212, 213, 218, 219, 221, 220, 224, 225, 203, 231, 228, 233, 229, 240, 241, 236, 237, 248, 249, 244, 245, 230, 232, 204, 205, 197, 202, 264, 265, 252, 253, 145, 246, 247, 222, 280, 281, 217, 286, 287, 223, 216, 144, 296, 297, 299, 298, 267, 266, 182, 183, 227, 226, 102, 276, 314, 318, 319, 315, 277, 103, 210, 211, 148, 113, 324, 330, 331, 325, 334, 335, 338, 339, 174, 175, 317, 178, 316, 112, 179, 163, 162, 156, 157, 137, 284, 358, 361, 362, 367, 263, 262, 250, 251, 242, 243, 372, 375, 285, 136, 188, 359, 355, 386, 390, 387, 350, 189, 381, 374, 394, 395, 366, 383, 380, 402, 403, 373, 149, 363, 391, 354, 351, 382, 404, 405, 406, 407, 408, 409, 414, 415, 417, 410, 411, 412, 413, 416, 360, 422, 423, 129, 160, 426, 427, 128, 161, 396, 432, 433, 397, 282, 283, 192, 344, 345, 239]
  列生成求解结果: 目标值=11.0000， 下界=8.0000， 上界=9.0000

处理节点 425
  开始列生成求解...
Set parameter LogToConsole to value 0
Set parameter Threads to value 1
Set parameter Seed to value 0
  定价策略: Exact, node=425, vertices=12
Set parameter PoolSearchMode to value 2
Set parameter PoolSolutions to value 10
[CG 1] RMP=11.000000, pricing=ExactPricingSolver, new_columns=0
  搜索路径: [1, 2, 3, 6, 7, 8, 9, 11, 14, 18, 19, 22, 23, 10, 28, 29, 32, 33, 36, 37, 15, 42, 43, 16, 48, 49, 52, 53, 56, 57, 58, 59, 17, 66, 67, 70, 71, 72, 73, 74, 75, 82, 83, 47, 46, 60, 61, 64, 95, 65, 98, 99, 100, 101, 94, 106, 110, 111, 114, 115, 118, 119, 96, 124, 125, 117, 116, 107, 97, 134, 135, 89, 88, 140, 141, 146, 147, 40, 26, 150, 154, 155, 151, 158, 159, 152, 153, 27, 41, 166, 167, 168, 169, 170, 171, 176, 177, 180, 181, 164, 184, 185, 186, 187, 165, 87, 86, 172, 173, 78, 198, 199, 200, 201, 79, 206, 207, 194, 195, 208, 214, 215, 209, 196, 212, 213, 218, 219, 221, 220, 224, 225, 203, 231, 228, 233, 229, 240, 241, 236, 237, 248, 249, 244, 245, 230, 232, 204, 205, 197, 202, 264, 265, 252, 253, 145, 246, 247, 222, 280, 281, 217, 286, 287, 223, 216, 144, 296, 297, 299, 298, 267, 266, 182, 183, 227, 226, 102, 276, 314, 318, 319, 315, 277, 103, 210, 211, 148, 113, 324, 330, 331, 325, 334, 335, 338, 339, 174, 175, 317, 178, 316, 112, 179, 163, 162, 156, 157, 137, 284, 358, 361, 362, 367, 263, 262, 250, 251, 242, 243, 372, 375, 285, 136, 188, 359, 355, 386, 390, 387, 350, 189, 381, 374, 394, 395, 366, 383, 380, 402, 403, 373, 149, 363, 391, 354, 351, 382, 404, 405, 406, 407, 408, 409, 414, 415, 417, 410, 411, 412, 413, 416, 360, 422, 423, 129, 160, 426, 427, 128, 161, 396, 432, 433, 397, 282, 283, 192, 344, 345, 239, 425]
  列生成求解结果: 目标值=11.0000， 下界=8.0000， 上界=9.0000

处理节点 435
  开始列生成求解...
Set parameter LogToConsole to value 0
Set parameter Threads to value 1
Set parameter Seed to value 0
  定价策略: Exact, node=435, vertices=16
Set parameter PoolSearchMode to value 2
Set parameter PoolSolutions to value 10
[CG 1] RMP=11.000000, pricing=ExactPricingSolver, new_columns=10
[CG 2] RMP=8.000000, pricing=ExactPricingSolver, new_columns=0
  搜索路径: [1, 2, 3, 6, 7, 8, 9, 11, 14, 18, 19, 22, 23, 10, 28, 29, 32, 33, 36, 37, 15, 42, 43, 16, 48, 49, 52, 53, 56, 57, 58, 59, 17, 66, 67, 70, 71, 72, 73, 74, 75, 82, 83, 47, 46, 60, 61, 64, 95, 65, 98, 99, 100, 101, 94, 106, 110, 111, 114, 115, 118, 119, 96, 124, 125, 117, 116, 107, 97, 134, 135, 89, 88, 140, 141, 146, 147, 40, 26, 150, 154, 155, 151, 158, 159, 152, 153, 27, 41, 166, 167, 168, 169, 170, 171, 176, 177, 180, 181, 164, 184, 185, 186, 187, 165, 87, 86, 172, 173, 78, 198, 199, 200, 201, 79, 206, 207, 194, 195, 208, 214, 215, 209, 196, 212, 213, 218, 219, 221, 220, 224, 225, 203, 231, 228, 233, 229, 240, 241, 236, 237, 248, 249, 244, 245, 230, 232, 204, 205, 197, 202, 264, 265, 252, 253, 145, 246, 247, 222, 280, 281, 217, 286, 287, 223, 216, 144, 296, 297, 299, 298, 267, 266, 182, 183, 227, 226, 102, 276, 314, 318, 319, 315, 277, 103, 210, 211, 148, 113, 324, 330, 331, 325, 334, 335, 338, 339, 174, 175, 317, 178, 316, 112, 179, 163, 162, 156, 157, 137, 284, 358, 361, 362, 367, 263, 262, 250, 251, 242, 243, 372, 375, 285, 136, 188, 359, 355, 386, 390, 387, 350, 189, 381, 374, 394, 395, 366, 383, 380, 402, 403, 373, 149, 363, 391, 354, 351, 382, 404, 405, 406, 407, 408, 409, 414, 415, 417, 410, 411, 412, 413, 416, 360, 422, 423, 129, 160, 426, 427, 128, 161, 396, 432, 433, 397, 282, 283, 192, 344, 345, 239, 425, 435]
  列生成求解结果: 目标值=8.0000， 下界=8.0000， 上界=9.0000
    非整数变量: COL_23_5 = 0.500000
  解不是整数，开始分支...
ImposedVertex(vertex=2)
ForbidVertex(vertex=2)
  创建了 2 个分支
    添加分支节点 1: ID=436
    添加分支节点 2: ID=437

处理节点 434
  开始列生成求解...
Set parameter LogToConsole to value 0
Set parameter Threads to value 1
Set parameter Seed to value 0
  定价策略: Exact, node=434, vertices=16
Set parameter PoolSearchMode to value 2
Set parameter PoolSolutions to value 10
[CG 1] RMP=12.000000, pricing=ExactPricingSolver, new_columns=10
[CG 2] RMP=8.000000, pricing=ExactPricingSolver, new_columns=10
[CG 3] RMP=8.000000, pricing=ExactPricingSolver, new_columns=0
  搜索路径: [1, 2, 3, 6, 7, 8, 9, 11, 14, 18, 19, 22, 23, 10, 28, 29, 32, 33, 36, 37, 15, 42, 43, 16, 48, 49, 52, 53, 56, 57, 58, 59, 17, 66, 67, 70, 71, 72, 73, 74, 75, 82, 83, 47, 46, 60, 61, 64, 95, 65, 98, 99, 100, 101, 94, 106, 110, 111, 114, 115, 118, 119, 96, 124, 125, 117, 116, 107, 97, 134, 135, 89, 88, 140, 141, 146, 147, 40, 26, 150, 154, 155, 151, 158, 159, 152, 153, 27, 41, 166, 167, 168, 169, 170, 171, 176, 177, 180, 181, 164, 184, 185, 186, 187, 165, 87, 86, 172, 173, 78, 198, 199, 200, 201, 79, 206, 207, 194, 195, 208, 214, 215, 209, 196, 212, 213, 218, 219, 221, 220, 224, 225, 203, 231, 228, 233, 229, 240, 241, 236, 237, 248, 249, 244, 245, 230, 232, 204, 205, 197, 202, 264, 265, 252, 253, 145, 246, 247, 222, 280, 281, 217, 286, 287, 223, 216, 144, 296, 297, 299, 298, 267, 266, 182, 183, 227, 226, 102, 276, 314, 318, 319, 315, 277, 103, 210, 211, 148, 113, 324, 330, 331, 325, 334, 335, 338, 339, 174, 175, 317, 178, 316, 112, 179, 163, 162, 156, 157, 137, 284, 358, 361, 362, 367, 263, 262, 250, 251, 242, 243, 372, 375, 285, 136, 188, 359, 355, 386, 390, 387, 350, 189, 381, 374, 394, 395, 366, 383, 380, 402, 403, 373, 149, 363, 391, 354, 351, 382, 404, 405, 406, 407, 408, 409, 414, 415, 417, 410, 411, 412, 413, 416, 360, 422, 423, 129, 160, 426, 427, 128, 161, 396, 432, 433, 397, 282, 283, 192, 344, 345, 239, 425, 435, 434]
  列生成求解结果: 目标值=8.0000， 下界=8.0000， 上界=9.0000
    非整数变量: COL_11-15-20-25_23 = 0.500000
  解不是整数，开始分支...
ImposedVertex(vertex=18)
ForbidVertex(vertex=18)
  创建了 2 个分支
    添加分支节点 1: ID=438
    添加分支节点 2: ID=439

处理节点 369
  开始列生成求解...
Set parameter LogToConsole to value 0
Set parameter Threads to value 1
Set parameter Seed to value 0
  定价策略: Exact, node=369, vertices=14
Set parameter PoolSearchMode to value 2
Set parameter PoolSolutions to value 10
[CG 1] RMP=2010.000000, pricing=ExactPricingSolver, new_columns=10
[CG 2] RMP=10.000000, pricing=ExactPricingSolver, new_columns=0
  搜索路径: [1, 2, 3, 6, 7, 8, 9, 11, 14, 18, 19, 22, 23, 10, 28, 29, 32, 33, 36, 37, 15, 42, 43, 16, 48, 49, 52, 53, 56, 57, 58, 59, 17, 66, 67, 70, 71, 72, 73, 74, 75, 82, 83, 47, 46, 60, 61, 64, 95, 65, 98, 99, 100, 101, 94, 106, 110, 111, 114, 115, 118, 119, 96, 124, 125, 117, 116, 107, 97, 134, 135, 89, 88, 140, 141, 146, 147, 40, 26, 150, 154, 155, 151, 158, 159, 152, 153, 27, 41, 166, 167, 168, 169, 170, 171, 176, 177, 180, 181, 164, 184, 185, 186, 187, 165, 87, 86, 172, 173, 78, 198, 199, 200, 201, 79, 206, 207, 194, 195, 208, 214, 215, 209, 196, 212, 213, 218, 219, 221, 220, 224, 225, 203, 231, 228, 233, 229, 240, 241, 236, 237, 248, 249, 244, 245, 230, 232, 204, 205, 197, 202, 264, 265, 252, 253, 145, 246, 247, 222, 280, 281, 217, 286, 287, 223, 216, 144, 296, 297, 299, 298, 267, 266, 182, 183, 227, 226, 102, 276, 314, 318, 319, 315, 277, 103, 210, 211, 148, 113, 324, 330, 331, 325, 334, 335, 338, 339, 174, 175, 317, 178, 316, 112, 179, 163, 162, 156, 157, 137, 284, 358, 361, 362, 367, 263, 262, 250, 251, 242, 243, 372, 375, 285, 136, 188, 359, 355, 386, 390, 387, 350, 189, 381, 374, 394, 395, 366, 383, 380, 402, 403, 373, 149, 363, 391, 354, 351, 382, 404, 405, 406, 407, 408, 409, 414, 415, 417, 410, 411, 412, 413, 416, 360, 422, 423, 129, 160, 426, 427, 128, 161, 396, 432, 433, 397, 282, 283, 192, 344, 345, 239, 425, 435, 434, 369]
  列生成求解结果: 目标值=10.0000， 下界=8.0000， 上界=9.0000

处理节点 418
  开始列生成求解...
Set parameter LogToConsole to value 0
Set parameter Threads to value 1
Set parameter Seed to value 0
  定价策略: Exact, node=418, vertices=14
Set parameter PoolSearchMode to value 2
Set parameter PoolSolutions to value 10
[CG 1] RMP=8.000000, pricing=ExactPricingSolver, new_columns=0
  搜索路径: [1, 2, 3, 6, 7, 8, 9, 11, 14, 18, 19, 22, 23, 10, 28, 29, 32, 33, 36, 37, 15, 42, 43, 16, 48, 49, 52, 53, 56, 57, 58, 59, 17, 66, 67, 70, 71, 72, 73, 74, 75, 82, 83, 47, 46, 60, 61, 64, 95, 65, 98, 99, 100, 101, 94, 106, 110, 111, 114, 115, 118, 119, 96, 124, 125, 117, 116, 107, 97, 134, 135, 89, 88, 140, 141, 146, 147, 40, 26, 150, 154, 155, 151, 158, 159, 152, 153, 27, 41, 166, 167, 168, 169, 170, 171, 176, 177, 180, 181, 164, 184, 185, 186, 187, 165, 87, 86, 172, 173, 78, 198, 199, 200, 201, 79, 206, 207, 194, 195, 208, 214, 215, 209, 196, 212, 213, 218, 219, 221, 220, 224, 225, 203, 231, 228, 233, 229, 240, 241, 236, 237, 248, 249, 244, 245, 230, 232, 204, 205, 197, 202, 264, 265, 252, 253, 145, 246, 247, 222, 280, 281, 217, 286, 287, 223, 216, 144, 296, 297, 299, 298, 267, 266, 182, 183, 227, 226, 102, 276, 314, 318, 319, 315, 277, 103, 210, 211, 148, 113, 324, 330, 331, 325, 334, 335, 338, 339, 174, 175, 317, 178, 316, 112, 179, 163, 162, 156, 157, 137, 284, 358, 361, 362, 367, 263, 262, 250, 251, 242, 243, 372, 375, 285, 136, 188, 359, 355, 386, 390, 387, 350, 189, 381, 374, 394, 395, 366, 383, 380, 402, 403, 373, 149, 363, 391, 354, 351, 382, 404, 405, 406, 407, 408, 409, 414, 415, 417, 410, 411, 412, 413, 416, 360, 422, 423, 129, 160, 426, 427, 128, 161, 396, 432, 433, 397, 282, 283, 192, 344, 345, 239, 425, 435, 434, 369, 418]
  列生成求解结果: 目标值=8.0000， 下界=8.0000， 上界=9.0000
    非整数变量: COL_18-23-9_35 = 0.333333
  解不是整数，开始分支...
ImposedVertex(vertex=28)
ForbidVertex(vertex=28)
  创建了 2 个分支
    添加分支节点 1: ID=440
    添加分支节点 2: ID=441

处理节点 272
  开始列生成求解...
Set parameter LogToConsole to value 0
Set parameter Threads to value 1
Set parameter Seed to value 0
  定价策略: Exact, node=272, vertices=12
Set parameter PoolSearchMode to value 2
Set parameter PoolSolutions to value 10
[CG 1] RMP=9.000000, pricing=ExactPricingSolver, new_columns=0
  搜索路径: [1, 2, 3, 6, 7, 8, 9, 11, 14, 18, 19, 22, 23, 10, 28, 29, 32, 33, 36, 37, 15, 42, 43, 16, 48, 49, 52, 53, 56, 57, 58, 59, 17, 66, 67, 70, 71, 72, 73, 74, 75, 82, 83, 47, 46, 60, 61, 64, 95, 65, 98, 99, 100, 101, 94, 106, 110, 111, 114, 115, 118, 119, 96, 124, 125, 117, 116, 107, 97, 134, 135, 89, 88, 140, 141, 146, 147, 40, 26, 150, 154, 155, 151, 158, 159, 152, 153, 27, 41, 166, 167, 168, 169, 170, 171, 176, 177, 180, 181, 164, 184, 185, 186, 187, 165, 87, 86, 172, 173, 78, 198, 199, 200, 201, 79, 206, 207, 194, 195, 208, 214, 215, 209, 196, 212, 213, 218, 219, 221, 220, 224, 225, 203, 231, 228, 233, 229, 240, 241, 236, 237, 248, 249, 244, 245, 230, 232, 204, 205, 197, 202, 264, 265, 252, 253, 145, 246, 247, 222, 280, 281, 217, 286, 287, 223, 216, 144, 296, 297, 299, 298, 267, 266, 182, 183, 227, 226, 102, 276, 314, 318, 319, 315, 277, 103, 210, 211, 148, 113, 324, 330, 331, 325, 334, 335, 338, 339, 174, 175, 317, 178, 316, 112, 179, 163, 162, 156, 157, 137, 284, 358, 361, 362, 367, 263, 262, 250, 251, 242, 243, 372, 375, 285, 136, 188, 359, 355, 386, 390, 387, 350, 189, 381, 374, 394, 395, 366, 383, 380, 402, 403, 373, 149, 363, 391, 354, 351, 382, 404, 405, 406, 407, 408, 409, 414, 415, 417, 410, 411, 412, 413, 416, 360, 422, 423, 129, 160, 426, 427, 128, 161, 396, 432, 433, 397, 282, 283, 192, 344, 345, 239, 425, 435, 434, 369, 418, 272]
  列生成求解结果: 目标值=9.0000， 下界=8.0000， 上界=9.0000
    非整数变量: COL_17-19-4_333 = 0.818182
  解不是整数，开始分支...
ImposedVertex(vertex=27)
ForbidVertex(vertex=27)
  创建了 2 个分支
    添加分支节点 1: ID=442
    添加分支节点 2: ID=443

处理节点 421
  开始列生成求解...
Set parameter LogToConsole to value 0
Set parameter Threads to value 1
Set parameter Seed to value 0
  定价策略: Exact, node=421, vertices=12
Set parameter PoolSearchMode to value 2
Set parameter PoolSolutions to value 10
[CG 1] RMP=12.000000, pricing=ExactPricingSolver, new_columns=10
[CG 2] RMP=10.000000, pricing=ExactPricingSolver, new_columns=0
  搜索路径: [1, 2, 3, 6, 7, 8, 9, 11, 14, 18, 19, 22, 23, 10, 28, 29, 32, 33, 36, 37, 15, 42, 43, 16, 48, 49, 52, 53, 56, 57, 58, 59, 17, 66, 67, 70, 71, 72, 73, 74, 75, 82, 83, 47, 46, 60, 61, 64, 95, 65, 98, 99, 100, 101, 94, 106, 110, 111, 114, 115, 118, 119, 96, 124, 125, 117, 116, 107, 97, 134, 135, 89, 88, 140, 141, 146, 147, 40, 26, 150, 154, 155, 151, 158, 159, 152, 153, 27, 41, 166, 167, 168, 169, 170, 171, 176, 177, 180, 181, 164, 184, 185, 186, 187, 165, 87, 86, 172, 173, 78, 198, 199, 200, 201, 79, 206, 207, 194, 195, 208, 214, 215, 209, 196, 212, 213, 218, 219, 221, 220, 224, 225, 203, 231, 228, 233, 229, 240, 241, 236, 237, 248, 249, 244, 245, 230, 232, 204, 205, 197, 202, 264, 265, 252, 253, 145, 246, 247, 222, 280, 281, 217, 286, 287, 223, 216, 144, 296, 297, 299, 298, 267, 266, 182, 183, 227, 226, 102, 276, 314, 318, 319, 315, 277, 103, 210, 211, 148, 113, 324, 330, 331, 325, 334, 335, 338, 339, 174, 175, 317, 178, 316, 112, 179, 163, 162, 156, 157, 137, 284, 358, 361, 362, 367, 263, 262, 250, 251, 242, 243, 372, 375, 285, 136, 188, 359, 355, 386, 390, 387, 350, 189, 381, 374, 394, 395, 366, 383, 380, 402, 403, 373, 149, 363, 391, 354, 351, 382, 404, 405, 406, 407, 408, 409, 414, 415, 417, 410, 411, 412, 413, 416, 360, 422, 423, 129, 160, 426, 427, 128, 161, 396, 432, 433, 397, 282, 283, 192, 344, 345, 239, 425, 435, 434, 369, 418, 272, 421]
  列生成求解结果: 目标值=10.0000， 下界=8.0000， 上界=9.0000

处理节点 437
  开始列生成求解...
Set parameter LogToConsole to value 0
Set parameter Threads to value 1
Set parameter Seed to value 0
  定价策略: Exact, node=437, vertices=15
Set parameter PoolSearchMode to value 2
Set parameter PoolSolutions to value 10
[CG 1] RMP=12.000000, pricing=ExactPricingSolver, new_columns=10
[CG 2] RMP=12.000000, pricing=ExactPricingSolver, new_columns=0
  搜索路径: [1, 2, 3, 6, 7, 8, 9, 11, 14, 18, 19, 22, 23, 10, 28, 29, 32, 33, 36, 37, 15, 42, 43, 16, 48, 49, 52, 53, 56, 57, 58, 59, 17, 66, 67, 70, 71, 72, 73, 74, 75, 82, 83, 47, 46, 60, 61, 64, 95, 65, 98, 99, 100, 101, 94, 106, 110, 111, 114, 115, 118, 119, 96, 124, 125, 117, 116, 107, 97, 134, 135, 89, 88, 140, 141, 146, 147, 40, 26, 150, 154, 155, 151, 158, 159, 152, 153, 27, 41, 166, 167, 168, 169, 170, 171, 176, 177, 180, 181, 164, 184, 185, 186, 187, 165, 87, 86, 172, 173, 78, 198, 199, 200, 201, 79, 206, 207, 194, 195, 208, 214, 215, 209, 196, 212, 213, 218, 219, 221, 220, 224, 225, 203, 231, 228, 233, 229, 240, 241, 236, 237, 248, 249, 244, 245, 230, 232, 204, 205, 197, 202, 264, 265, 252, 253, 145, 246, 247, 222, 280, 281, 217, 286, 287, 223, 216, 144, 296, 297, 299, 298, 267, 266, 182, 183, 227, 226, 102, 276, 314, 318, 319, 315, 277, 103, 210, 211, 148, 113, 324, 330, 331, 325, 334, 335, 338, 339, 174, 175, 317, 178, 316, 112, 179, 163, 162, 156, 157, 137, 284, 358, 361, 362, 367, 263, 262, 250, 251, 242, 243, 372, 375, 285, 136, 188, 359, 355, 386, 390, 387, 350, 189, 381, 374, 394, 395, 366, 383, 380, 402, 403, 373, 149, 363, 391, 354, 351, 382, 404, 405, 406, 407, 408, 409, 414, 415, 417, 410, 411, 412, 413, 416, 360, 422, 423, 129, 160, 426, 427, 128, 161, 396, 432, 433, 397, 282, 283, 192, 344, 345, 239, 425, 435, 434, 369, 418, 272, 421, 437]
  列生成求解结果: 目标值=12.0000， 下界=8.0000， 上界=9.0000

处理节点 439
  开始列生成求解...
Set parameter LogToConsole to value 0
Set parameter Threads to value 1
Set parameter Seed to value 0
  定价策略: Exact, node=439, vertices=15
Set parameter PoolSearchMode to value 2
Set parameter PoolSolutions to value 10
[CG 1] RMP=24.000000, pricing=ExactPricingSolver, new_columns=10
[CG 2] RMP=11.000000, pricing=ExactPricingSolver, new_columns=0
  搜索路径: [1, 2, 3, 6, 7, 8, 9, 11, 14, 18, 19, 22, 23, 10, 28, 29, 32, 33, 36, 37, 15, 42, 43, 16, 48, 49, 52, 53, 56, 57, 58, 59, 17, 66, 67, 70, 71, 72, 73, 74, 75, 82, 83, 47, 46, 60, 61, 64, 95, 65, 98, 99, 100, 101, 94, 106, 110, 111, 114, 115, 118, 119, 96, 124, 125, 117, 116, 107, 97, 134, 135, 89, 88, 140, 141, 146, 147, 40, 26, 150, 154, 155, 151, 158, 159, 152, 153, 27, 41, 166, 167, 168, 169, 170, 171, 176, 177, 180, 181, 164, 184, 185, 186, 187, 165, 87, 86, 172, 173, 78, 198, 199, 200, 201, 79, 206, 207, 194, 195, 208, 214, 215, 209, 196, 212, 213, 218, 219, 221, 220, 224, 225, 203, 231, 228, 233, 229, 240, 241, 236, 237, 248, 249, 244, 245, 230, 232, 204, 205, 197, 202, 264, 265, 252, 253, 145, 246, 247, 222, 280, 281, 217, 286, 287, 223, 216, 144, 296, 297, 299, 298, 267, 266, 182, 183, 227, 226, 102, 276, 314, 318, 319, 315, 277, 103, 210, 211, 148, 113, 324, 330, 331, 325, 334, 335, 338, 339, 174, 175, 317, 178, 316, 112, 179, 163, 162, 156, 157, 137, 284, 358, 361, 362, 367, 263, 262, 250, 251, 242, 243, 372, 375, 285, 136, 188, 359, 355, 386, 390, 387, 350, 189, 381, 374, 394, 395, 366, 383, 380, 402, 403, 373, 149, 363, 391, 354, 351, 382, 404, 405, 406, 407, 408, 409, 414, 415, 417, 410, 411, 412, 413, 416, 360, 422, 423, 129, 160, 426, 427, 128, 161, 396, 432, 433, 397, 282, 283, 192, 344, 345, 239, 425, 435, 434, 369, 418, 272, 421, 437, 439]
  列生成求解结果: 目标值=11.0000， 下界=8.0000， 上界=9.0000

处理节点 438
  开始列生成求解...
Set parameter LogToConsole to value 0
Set parameter Threads to value 1
Set parameter Seed to value 0
  定价策略: Exact, node=438, vertices=15
Set parameter PoolSearchMode to value 2
Set parameter PoolSolutions to value 10
[CG 1] RMP=8.000000, pricing=ExactPricingSolver, new_columns=0
  搜索路径: [1, 2, 3, 6, 7, 8, 9, 11, 14, 18, 19, 22, 23, 10, 28, 29, 32, 33, 36, 37, 15, 42, 43, 16, 48, 49, 52, 53, 56, 57, 58, 59, 17, 66, 67, 70, 71, 72, 73, 74, 75, 82, 83, 47, 46, 60, 61, 64, 95, 65, 98, 99, 100, 101, 94, 106, 110, 111, 114, 115, 118, 119, 96, 124, 125, 117, 116, 107, 97, 134, 135, 89, 88, 140, 141, 146, 147, 40, 26, 150, 154, 155, 151, 158, 159, 152, 153, 27, 41, 166, 167, 168, 169, 170, 171, 176, 177, 180, 181, 164, 184, 185, 186, 187, 165, 87, 86, 172, 173, 78, 198, 199, 200, 201, 79, 206, 207, 194, 195, 208, 214, 215, 209, 196, 212, 213, 218, 219, 221, 220, 224, 225, 203, 231, 228, 233, 229, 240, 241, 236, 237, 248, 249, 244, 245, 230, 232, 204, 205, 197, 202, 264, 265, 252, 253, 145, 246, 247, 222, 280, 281, 217, 286, 287, 223, 216, 144, 296, 297, 299, 298, 267, 266, 182, 183, 227, 226, 102, 276, 314, 318, 319, 315, 277, 103, 210, 211, 148, 113, 324, 330, 331, 325, 334, 335, 338, 339, 174, 175, 317, 178, 316, 112, 179, 163, 162, 156, 157, 137, 284, 358, 361, 362, 367, 263, 262, 250, 251, 242, 243, 372, 375, 285, 136, 188, 359, 355, 386, 390, 387, 350, 189, 381, 374, 394, 395, 366, 383, 380, 402, 403, 373, 149, 363, 391, 354, 351, 382, 404, 405, 406, 407, 408, 409, 414, 415, 417, 410, 411, 412, 413, 416, 360, 422, 423, 129, 160, 426, 427, 128, 161, 396, 432, 433, 397, 282, 283, 192, 344, 345, 239, 425, 435, 434, 369, 418, 272, 421, 437, 439, 438]
  列生成求解结果: 目标值=8.0000， 下界=8.0000， 上界=9.0000
    非整数变量: COL_11-15-20-25_23 = 0.333333
  解不是整数，开始分支...
ImposedVertex(vertex=27)
ForbidVertex(vertex=27)
  创建了 2 个分支
    添加分支节点 1: ID=444
    添加分支节点 2: ID=445

处理节点 441
  开始列生成求解...
Set parameter LogToConsole to value 0
Set parameter Threads to value 1
Set parameter Seed to value 0
  定价策略: Exact, node=441, vertices=13
Set parameter PoolSearchMode to value 2
Set parameter PoolSolutions to value 10
[CG 1] RMP=10.000000, pricing=ExactPricingSolver, new_columns=0
  搜索路径: [1, 2, 3, 6, 7, 8, 9, 11, 14, 18, 19, 22, 23, 10, 28, 29, 32, 33, 36, 37, 15, 42, 43, 16, 48, 49, 52, 53, 56, 57, 58, 59, 17, 66, 67, 70, 71, 72, 73, 74, 75, 82, 83, 47, 46, 60, 61, 64, 95, 65, 98, 99, 100, 101, 94, 106, 110, 111, 114, 115, 118, 119, 96, 124, 125, 117, 116, 107, 97, 134, 135, 89, 88, 140, 141, 146, 147, 40, 26, 150, 154, 155, 151, 158, 159, 152, 153, 27, 41, 166, 167, 168, 169, 170, 171, 176, 177, 180, 181, 164, 184, 185, 186, 187, 165, 87, 86, 172, 173, 78, 198, 199, 200, 201, 79, 206, 207, 194, 195, 208, 214, 215, 209, 196, 212, 213, 218, 219, 221, 220, 224, 225, 203, 231, 228, 233, 229, 240, 241, 236, 237, 248, 249, 244, 245, 230, 232, 204, 205, 197, 202, 264, 265, 252, 253, 145, 246, 247, 222, 280, 281, 217, 286, 287, 223, 216, 144, 296, 297, 299, 298, 267, 266, 182, 183, 227, 226, 102, 276, 314, 318, 319, 315, 277, 103, 210, 211, 148, 113, 324, 330, 331, 325, 334, 335, 338, 339, 174, 175, 317, 178, 316, 112, 179, 163, 162, 156, 157, 137, 284, 358, 361, 362, 367, 263, 262, 250, 251, 242, 243, 372, 375, 285, 136, 188, 359, 355, 386, 390, 387, 350, 189, 381, 374, 394, 395, 366, 383, 380, 402, 403, 373, 149, 363, 391, 354, 351, 382, 404, 405, 406, 407, 408, 409, 414, 415, 417, 410, 411, 412, 413, 416, 360, 422, 423, 129, 160, 426, 427, 128, 161, 396, 432, 433, 397, 282, 283, 192, 344, 345, 239, 425, 435, 434, 369, 418, 272, 421, 437, 439, 438, 441]
  列生成求解结果: 目标值=10.0000， 下界=8.0000， 上界=9.0000

处理节点 320
  开始列生成求解...
Set parameter LogToConsole to value 0
Set parameter Threads to value 1
Set parameter Seed to value 0
  定价策略: Exact, node=320, vertices=11
Set parameter PoolSearchMode to value 2
Set parameter PoolSolutions to value 10
[CG 1] RMP=12.000000, pricing=ExactPricingSolver, new_columns=0
  搜索路径: [1, 2, 3, 6, 7, 8, 9, 11, 14, 18, 19, 22, 23, 10, 28, 29, 32, 33, 36, 37, 15, 42, 43, 16, 48, 49, 52, 53, 56, 57, 58, 59, 17, 66, 67, 70, 71, 72, 73, 74, 75, 82, 83, 47, 46, 60, 61, 64, 95, 65, 98, 99, 100, 101, 94, 106, 110, 111, 114, 115, 118, 119, 96, 124, 125, 117, 116, 107, 97, 134, 135, 89, 88, 140, 141, 146, 147, 40, 26, 150, 154, 155, 151, 158, 159, 152, 153, 27, 41, 166, 167, 168, 169, 170, 171, 176, 177, 180, 181, 164, 184, 185, 186, 187, 165, 87, 86, 172, 173, 78, 198, 199, 200, 201, 79, 206, 207, 194, 195, 208, 214, 215, 209, 196, 212, 213, 218, 219, 221, 220, 224, 225, 203, 231, 228, 233, 229, 240, 241, 236, 237, 248, 249, 244, 245, 230, 232, 204, 205, 197, 202, 264, 265, 252, 253, 145, 246, 247, 222, 280, 281, 217, 286, 287, 223, 216, 144, 296, 297, 299, 298, 267, 266, 182, 183, 227, 226, 102, 276, 314, 318, 319, 315, 277, 103, 210, 211, 148, 113, 324, 330, 331, 325, 334, 335, 338, 339, 174, 175, 317, 178, 316, 112, 179, 163, 162, 156, 157, 137, 284, 358, 361, 362, 367, 263, 262, 250, 251, 242, 243, 372, 375, 285, 136, 188, 359, 355, 386, 390, 387, 350, 189, 381, 374, 394, 395, 366, 383, 380, 402, 403, 373, 149, 363, 391, 354, 351, 382, 404, 405, 406, 407, 408, 409, 414, 415, 417, 410, 411, 412, 413, 416, 360, 422, 423, 129, 160, 426, 427, 128, 161, 396, 432, 433, 397, 282, 283, 192, 344, 345, 239, 425, 435, 434, 369, 418, 272, 421, 437, 439, 438, 441, 320]
  列生成求解结果: 目标值=12.0000， 下界=8.0000， 上界=9.0000

处理节点 440
  开始列生成求解...
Set parameter LogToConsole to value 0
Set parameter Threads to value 1
Set parameter Seed to value 0
  定价策略: Exact, node=440, vertices=13
Set parameter PoolSearchMode to value 2
Set parameter PoolSolutions to value 10
[CG 1] RMP=12.000000, pricing=ExactPricingSolver, new_columns=0
  搜索路径: [1, 2, 3, 6, 7, 8, 9, 11, 14, 18, 19, 22, 23, 10, 28, 29, 32, 33, 36, 37, 15, 42, 43, 16, 48, 49, 52, 53, 56, 57, 58, 59, 17, 66, 67, 70, 71, 72, 73, 74, 75, 82, 83, 47, 46, 60, 61, 64, 95, 65, 98, 99, 100, 101, 94, 106, 110, 111, 114, 115, 118, 119, 96, 124, 125, 117, 116, 107, 97, 134, 135, 89, 88, 140, 141, 146, 147, 40, 26, 150, 154, 155, 151, 158, 159, 152, 153, 27, 41, 166, 167, 168, 169, 170, 171, 176, 177, 180, 181, 164, 184, 185, 186, 187, 165, 87, 86, 172, 173, 78, 198, 199, 200, 201, 79, 206, 207, 194, 195, 208, 214, 215, 209, 196, 212, 213, 218, 219, 221, 220, 224, 225, 203, 231, 228, 233, 229, 240, 241, 236, 237, 248, 249, 244, 245, 230, 232, 204, 205, 197, 202, 264, 265, 252, 253, 145, 246, 247, 222, 280, 281, 217, 286, 287, 223, 216, 144, 296, 297, 299, 298, 267, 266, 182, 183, 227, 226, 102, 276, 314, 318, 319, 315, 277, 103, 210, 211, 148, 113, 324, 330, 331, 325, 334, 335, 338, 339, 174, 175, 317, 178, 316, 112, 179, 163, 162, 156, 157, 137, 284, 358, 361, 362, 367, 263, 262, 250, 251, 242, 243, 372, 375, 285, 136, 188, 359, 355, 386, 390, 387, 350, 189, 381, 374, 394, 395, 366, 383, 380, 402, 403, 373, 149, 363, 391, 354, 351, 382, 404, 405, 406, 407, 408, 409, 414, 415, 417, 410, 411, 412, 413, 416, 360, 422, 423, 129, 160, 426, 427, 128, 161, 396, 432, 433, 397, 282, 283, 192, 344, 345, 239, 425, 435, 434, 369, 418, 272, 421, 437, 439, 438, 441, 320, 440]
  列生成求解结果: 目标值=12.0000， 下界=8.0000， 上界=9.0000

处理节点 436
  开始列生成求解...
Set parameter LogToConsole to value 0
Set parameter Threads to value 1
Set parameter Seed to value 0
  定价策略: Exact, node=436, vertices=15
Set parameter PoolSearchMode to value 2
Set parameter PoolSolutions to value 10
[CG 1] RMP=11.000000, pricing=ExactPricingSolver, new_columns=10
[CG 2] RMP=8.000000, pricing=ExactPricingSolver, new_columns=0
  搜索路径: [1, 2, 3, 6, 7, 8, 9, 11, 14, 18, 19, 22, 23, 10, 28, 29, 32, 33, 36, 37, 15, 42, 43, 16, 48, 49, 52, 53, 56, 57, 58, 59, 17, 66, 67, 70, 71, 72, 73, 74, 75, 82, 83, 47, 46, 60, 61, 64, 95, 65, 98, 99, 100, 101, 94, 106, 110, 111, 114, 115, 118, 119, 96, 124, 125, 117, 116, 107, 97, 134, 135, 89, 88, 140, 141, 146, 147, 40, 26, 150, 154, 155, 151, 158, 159, 152, 153, 27, 41, 166, 167, 168, 169, 170, 171, 176, 177, 180, 181, 164, 184, 185, 186, 187, 165, 87, 86, 172, 173, 78, 198, 199, 200, 201, 79, 206, 207, 194, 195, 208, 214, 215, 209, 196, 212, 213, 218, 219, 221, 220, 224, 225, 203, 231, 228, 233, 229, 240, 241, 236, 237, 248, 249, 244, 245, 230, 232, 204, 205, 197, 202, 264, 265, 252, 253, 145, 246, 247, 222, 280, 281, 217, 286, 287, 223, 216, 144, 296, 297, 299, 298, 267, 266, 182, 183, 227, 226, 102, 276, 314, 318, 319, 315, 277, 103, 210, 211, 148, 113, 324, 330, 331, 325, 334, 335, 338, 339, 174, 175, 317, 178, 316, 112, 179, 163, 162, 156, 157, 137, 284, 358, 361, 362, 367, 263, 262, 250, 251, 242, 243, 372, 375, 285, 136, 188, 359, 355, 386, 390, 387, 350, 189, 381, 374, 394, 395, 366, 383, 380, 402, 403, 373, 149, 363, 391, 354, 351, 382, 404, 405, 406, 407, 408, 409, 414, 415, 417, 410, 411, 412, 413, 416, 360, 422, 423, 129, 160, 426, 427, 128, 161, 396, 432, 433, 397, 282, 283, 192, 344, 345, 239, 425, 435, 434, 369, 418, 272, 421, 437, 439, 438, 441, 320, 440, 436]
  列生成求解结果: 目标值=8.0000， 下界=8.0000， 上界=9.0000
    非整数变量: COL_2-28_339 = 0.272727
  解不是整数，开始分支...
ImposedVertex(vertex=28)
ForbidVertex(vertex=28)
  创建了 2 个分支
    添加分支节点 1: ID=446
    添加分支节点 2: ID=447

处理节点 445
  开始列生成求解...
Set parameter LogToConsole to value 0
Set parameter Threads to value 1
Set parameter Seed to value 0
  定价策略: Exact, node=445, vertices=14
Set parameter PoolSearchMode to value 2
Set parameter PoolSolutions to value 10
[CG 1] RMP=12.000000, pricing=ExactPricingSolver, new_columns=0
  搜索路径: [1, 2, 3, 6, 7, 8, 9, 11, 14, 18, 19, 22, 23, 10, 28, 29, 32, 33, 36, 37, 15, 42, 43, 16, 48, 49, 52, 53, 56, 57, 58, 59, 17, 66, 67, 70, 71, 72, 73, 74, 75, 82, 83, 47, 46, 60, 61, 64, 95, 65, 98, 99, 100, 101, 94, 106, 110, 111, 114, 115, 118, 119, 96, 124, 125, 117, 116, 107, 97, 134, 135, 89, 88, 140, 141, 146, 147, 40, 26, 150, 154, 155, 151, 158, 159, 152, 153, 27, 41, 166, 167, 168, 169, 170, 171, 176, 177, 180, 181, 164, 184, 185, 186, 187, 165, 87, 86, 172, 173, 78, 198, 199, 200, 201, 79, 206, 207, 194, 195, 208, 214, 215, 209, 196, 212, 213, 218, 219, 221, 220, 224, 225, 203, 231, 228, 233, 229, 240, 241, 236, 237, 248, 249, 244, 245, 230, 232, 204, 205, 197, 202, 264, 265, 252, 253, 145, 246, 247, 222, 280, 281, 217, 286, 287, 223, 216, 144, 296, 297, 299, 298, 267, 266, 182, 183, 227, 226, 102, 276, 314, 318, 319, 315, 277, 103, 210, 211, 148, 113, 324, 330, 331, 325, 334, 335, 338, 339, 174, 175, 317, 178, 316, 112, 179, 163, 162, 156, 157, 137, 284, 358, 361, 362, 367, 263, 262, 250, 251, 242, 243, 372, 375, 285, 136, 188, 359, 355, 386, 390, 387, 350, 189, 381, 374, 394, 395, 366, 383, 380, 402, 403, 373, 149, 363, 391, 354, 351, 382, 404, 405, 406, 407, 408, 409, 414, 415, 417, 410, 411, 412, 413, 416, 360, 422, 423, 129, 160, 426, 427, 128, 161, 396, 432, 433, 397, 282, 283, 192, 344, 345, 239, 425, 435, 434, 369, 418, 272, 421, 437, 439, 438, 441, 320, 440, 436, 445]
  列生成求解结果: 目标值=12.0000， 下界=8.0000， 上界=9.0000

处理节点 444
  开始列生成求解...
Set parameter LogToConsole to value 0
Set parameter Threads to value 1
Set parameter Seed to value 0
  定价策略: Exact, node=444, vertices=14
Set parameter PoolSearchMode to value 2
Set parameter PoolSolutions to value 10
[CG 1] RMP=11.000000, pricing=ExactPricingSolver, new_columns=0
  搜索路径: [1, 2, 3, 6, 7, 8, 9, 11, 14, 18, 19, 22, 23, 10, 28, 29, 32, 33, 36, 37, 15, 42, 43, 16, 48, 49, 52, 53, 56, 57, 58, 59, 17, 66, 67, 70, 71, 72, 73, 74, 75, 82, 83, 47, 46, 60, 61, 64, 95, 65, 98, 99, 100, 101, 94, 106, 110, 111, 114, 115, 118, 119, 96, 124, 125, 117, 116, 107, 97, 134, 135, 89, 88, 140, 141, 146, 147, 40, 26, 150, 154, 155, 151, 158, 159, 152, 153, 27, 41, 166, 167, 168, 169, 170, 171, 176, 177, 180, 181, 164, 184, 185, 186, 187, 165, 87, 86, 172, 173, 78, 198, 199, 200, 201, 79, 206, 207, 194, 195, 208, 214, 215, 209, 196, 212, 213, 218, 219, 221, 220, 224, 225, 203, 231, 228, 233, 229, 240, 241, 236, 237, 248, 249, 244, 245, 230, 232, 204, 205, 197, 202, 264, 265, 252, 253, 145, 246, 247, 222, 280, 281, 217, 286, 287, 223, 216, 144, 296, 297, 299, 298, 267, 266, 182, 183, 227, 226, 102, 276, 314, 318, 319, 315, 277, 103, 210, 211, 148, 113, 324, 330, 331, 325, 334, 335, 338, 339, 174, 175, 317, 178, 316, 112, 179, 163, 162, 156, 157, 137, 284, 358, 361, 362, 367, 263, 262, 250, 251, 242, 243, 372, 375, 285, 136, 188, 359, 355, 386, 390, 387, 350, 189, 381, 374, 394, 395, 366, 383, 380, 402, 403, 373, 149, 363, 391, 354, 351, 382, 404, 405, 406, 407, 408, 409, 414, 415, 417, 410, 411, 412, 413, 416, 360, 422, 423, 129, 160, 426, 427, 128, 161, 396, 432, 433, 397, 282, 283, 192, 344, 345, 239, 425, 435, 434, 369, 418, 272, 421, 437, 439, 438, 441, 320, 440, 436, 445, 444]
  列生成求解结果: 目标值=11.0000， 下界=8.0000， 上界=9.0000

处理节点 270
  开始列生成求解...
Set parameter LogToConsole to value 0
Set parameter Threads to value 1
Set parameter Seed to value 0
  定价策略: Exact, node=270, vertices=17
Set parameter PoolSearchMode to value 2
Set parameter PoolSolutions to value 10
[CG 1] RMP=1011.000000, pricing=ExactPricingSolver, new_columns=10
[CG 2] RMP=12.000000, pricing=ExactPricingSolver, new_columns=10
[CG 3] RMP=8.000000, pricing=ExactPricingSolver, new_columns=0
  搜索路径: [1, 2, 3, 6, 7, 8, 9, 11, 14, 18, 19, 22, 23, 10, 28, 29, 32, 33, 36, 37, 15, 42, 43, 16, 48, 49, 52, 53, 56, 57, 58, 59, 17, 66, 67, 70, 71, 72, 73, 74, 75, 82, 83, 47, 46, 60, 61, 64, 95, 65, 98, 99, 100, 101, 94, 106, 110, 111, 114, 115, 118, 119, 96, 124, 125, 117, 116, 107, 97, 134, 135, 89, 88, 140, 141, 146, 147, 40, 26, 150, 154, 155, 151, 158, 159, 152, 153, 27, 41, 166, 167, 168, 169, 170, 171, 176, 177, 180, 181, 164, 184, 185, 186, 187, 165, 87, 86, 172, 173, 78, 198, 199, 200, 201, 79, 206, 207, 194, 195, 208, 214, 215, 209, 196, 212, 213, 218, 219, 221, 220, 224, 225, 203, 231, 228, 233, 229, 240, 241, 236, 237, 248, 249, 244, 245, 230, 232, 204, 205, 197, 202, 264, 265, 252, 253, 145, 246, 247, 222, 280, 281, 217, 286, 287, 223, 216, 144, 296, 297, 299, 298, 267, 266, 182, 183, 227, 226, 102, 276, 314, 318, 319, 315, 277, 103, 210, 211, 148, 113, 324, 330, 331, 325, 334, 335, 338, 339, 174, 175, 317, 178, 316, 112, 179, 163, 162, 156, 157, 137, 284, 358, 361, 362, 367, 263, 262, 250, 251, 242, 243, 372, 375, 285, 136, 188, 359, 355, 386, 390, 387, 350, 189, 381, 374, 394, 395, 366, 383, 380, 402, 403, 373, 149, 363, 391, 354, 351, 382, 404, 405, 406, 407, 408, 409, 414, 415, 417, 410, 411, 412, 413, 416, 360, 422, 423, 129, 160, 426, 427, 128, 161, 396, 432, 433, 397, 282, 283, 192, 344, 345, 239, 425, 435, 434, 369, 418, 272, 421, 437, 439, 438, 441, 320, 440, 436, 445, 444, 270]
  列生成求解结果: 目标值=8.0000， 下界=8.0000， 上界=9.0000
    非整数变量: COL_17-3-4-9_328 = 0.022727
  解不是整数，开始分支...
ImposedVertex(vertex=3)
ForbidVertex(vertex=3)
  创建了 2 个分支
    添加分支节点 1: ID=448
    添加分支节点 2: ID=449

处理节点 392
  开始列生成求解...
Set parameter LogToConsole to value 0
Set parameter Threads to value 1
Set parameter Seed to value 0
  定价策略: Exact, node=392, vertices=10
Set parameter PoolSearchMode to value 2
Set parameter PoolSolutions to value 10
[CG 1] RMP=1010.000000, pricing=ExactPricingSolver, new_columns=10
[CG 2] RMP=12.000000, pricing=ExactPricingSolver, new_columns=0
  搜索路径: [1, 2, 3, 6, 7, 8, 9, 11, 14, 18, 19, 22, 23, 10, 28, 29, 32, 33, 36, 37, 15, 42, 43, 16, 48, 49, 52, 53, 56, 57, 58, 59, 17, 66, 67, 70, 71, 72, 73, 74, 75, 82, 83, 47, 46, 60, 61, 64, 95, 65, 98, 99, 100, 101, 94, 106, 110, 111, 114, 115, 118, 119, 96, 124, 125, 117, 116, 107, 97, 134, 135, 89, 88, 140, 141, 146, 147, 40, 26, 150, 154, 155, 151, 158, 159, 152, 153, 27, 41, 166, 167, 168, 169, 170, 171, 176, 177, 180, 181, 164, 184, 185, 186, 187, 165, 87, 86, 172, 173, 78, 198, 199, 200, 201, 79, 206, 207, 194, 195, 208, 214, 215, 209, 196, 212, 213, 218, 219, 221, 220, 224, 225, 203, 231, 228, 233, 229, 240, 241, 236, 237, 248, 249, 244, 245, 230, 232, 204, 205, 197, 202, 264, 265, 252, 253, 145, 246, 247, 222, 280, 281, 217, 286, 287, 223, 216, 144, 296, 297, 299, 298, 267, 266, 182, 183, 227, 226, 102, 276, 314, 318, 319, 315, 277, 103, 210, 211, 148, 113, 324, 330, 331, 325, 334, 335, 338, 339, 174, 175, 317, 178, 316, 112, 179, 163, 162, 156, 157, 137, 284, 358, 361, 362, 367, 263, 262, 250, 251, 242, 243, 372, 375, 285, 136, 188, 359, 355, 386, 390, 387, 350, 189, 381, 374, 394, 395, 366, 383, 380, 402, 403, 373, 149, 363, 391, 354, 351, 382, 404, 405, 406, 407, 408, 409, 414, 415, 417, 410, 411, 412, 413, 416, 360, 422, 423, 129, 160, 426, 427, 128, 161, 396, 432, 433, 397, 282, 283, 192, 344, 345, 239, 425, 435, 434, 369, 418, 272, 421, 437, 439, 438, 441, 320, 440, 436, 445, 444, 270, 392]
  列生成求解结果: 目标值=12.0000， 下界=8.0000， 上界=9.0000

处理节点 447
  开始列生成求解...
Set parameter LogToConsole to value 0
Set parameter Threads to value 1
Set parameter Seed to value 0
  定价策略: Exact, node=447, vertices=14
Set parameter PoolSearchMode to value 2
Set parameter PoolSolutions to value 10
[CG 1] RMP=11.000000, pricing=ExactPricingSolver, new_columns=0
  搜索路径: [1, 2, 3, 6, 7, 8, 9, 11, 14, 18, 19, 22, 23, 10, 28, 29, 32, 33, 36, 37, 15, 42, 43, 16, 48, 49, 52, 53, 56, 57, 58, 59, 17, 66, 67, 70, 71, 72, 73, 74, 75, 82, 83, 47, 46, 60, 61, 64, 95, 65, 98, 99, 100, 101, 94, 106, 110, 111, 114, 115, 118, 119, 96, 124, 125, 117, 116, 107, 97, 134, 135, 89, 88, 140, 141, 146, 147, 40, 26, 150, 154, 155, 151, 158, 159, 152, 153, 27, 41, 166, 167, 168, 169, 170, 171, 176, 177, 180, 181, 164, 184, 185, 186, 187, 165, 87, 86, 172, 173, 78, 198, 199, 200, 201, 79, 206, 207, 194, 195, 208, 214, 215, 209, 196, 212, 213, 218, 219, 221, 220, 224, 225, 203, 231, 228, 233, 229, 240, 241, 236, 237, 248, 249, 244, 245, 230, 232, 204, 205, 197, 202, 264, 265, 252, 253, 145, 246, 247, 222, 280, 281, 217, 286, 287, 223, 216, 144, 296, 297, 299, 298, 267, 266, 182, 183, 227, 226, 102, 276, 314, 318, 319, 315, 277, 103, 210, 211, 148, 113, 324, 330, 331, 325, 334, 335, 338, 339, 174, 175, 317, 178, 316, 112, 179, 163, 162, 156, 157, 137, 284, 358, 361, 362, 367, 263, 262, 250, 251, 242, 243, 372, 375, 285, 136, 188, 359, 355, 386, 390, 387, 350, 189, 381, 374, 394, 395, 366, 383, 380, 402, 403, 373, 149, 363, 391, 354, 351, 382, 404, 405, 406, 407, 408, 409, 414, 415, 417, 410, 411, 412, 413, 416, 360, 422, 423, 129, 160, 426, 427, 128, 161, 396, 432, 433, 397, 282, 283, 192, 344, 345, 239, 425, 435, 434, 369, 418, 272, 421, 437, 439, 438, 441, 320, 440, 436, 445, 444, 270, 392, 447]
  列生成求解结果: 目标值=11.0000， 下界=8.0000， 上界=9.0000

处理节点 446
  开始列生成求解...
Set parameter LogToConsole to value 0
Set parameter Threads to value 1
Set parameter Seed to value 0
  定价策略: Exact, node=446, vertices=14
Set parameter PoolSearchMode to value 2
Set parameter PoolSolutions to value 10
[CG 1] RMP=12.000000, pricing=ExactPricingSolver, new_columns=0
  搜索路径: [1, 2, 3, 6, 7, 8, 9, 11, 14, 18, 19, 22, 23, 10, 28, 29, 32, 33, 36, 37, 15, 42, 43, 16, 48, 49, 52, 53, 56, 57, 58, 59, 17, 66, 67, 70, 71, 72, 73, 74, 75, 82, 83, 47, 46, 60, 61, 64, 95, 65, 98, 99, 100, 101, 94, 106, 110, 111, 114, 115, 118, 119, 96, 124, 125, 117, 116, 107, 97, 134, 135, 89, 88, 140, 141, 146, 147, 40, 26, 150, 154, 155, 151, 158, 159, 152, 153, 27, 41, 166, 167, 168, 169, 170, 171, 176, 177, 180, 181, 164, 184, 185, 186, 187, 165, 87, 86, 172, 173, 78, 198, 199, 200, 201, 79, 206, 207, 194, 195, 208, 214, 215, 209, 196, 212, 213, 218, 219, 221, 220, 224, 225, 203, 231, 228, 233, 229, 240, 241, 236, 237, 248, 249, 244, 245, 230, 232, 204, 205, 197, 202, 264, 265, 252, 253, 145, 246, 247, 222, 280, 281, 217, 286, 287, 223, 216, 144, 296, 297, 299, 298, 267, 266, 182, 183, 227, 226, 102, 276, 314, 318, 319, 315, 277, 103, 210, 211, 148, 113, 324, 330, 331, 325, 334, 335, 338, 339, 174, 175, 317, 178, 316, 112, 179, 163, 162, 156, 157, 137, 284, 358, 361, 362, 367, 263, 262, 250, 251, 242, 243, 372, 375, 285, 136, 188, 359, 355, 386, 390, 387, 350, 189, 381, 374, 394, 395, 366, 383, 380, 402, 403, 373, 149, 363, 391, 354, 351, 382, 404, 405, 406, 407, 408, 409, 414, 415, 417, 410, 411, 412, 413, 416, 360, 422, 423, 129, 160, 426, 427, 128, 161, 396, 432, 433, 397, 282, 283, 192, 344, 345, 239, 425, 435, 434, 369, 418, 272, 421, 437, 439, 438, 441, 320, 440, 436, 445, 444, 270, 392, 447, 446]
  列生成求解结果: 目标值=12.0000， 下界=8.0000， 上界=9.0000

处理节点 356
  开始列生成求解...
Set parameter LogToConsole to value 0
Set parameter Threads to value 1
Set parameter Seed to value 0
  定价策略: Exact, node=356, vertices=15
Set parameter PoolSearchMode to value 2
Set parameter PoolSolutions to value 10
[CG 1] RMP=2010.000000, pricing=ExactPricingSolver, new_columns=10
[CG 2] RMP=9.600000, pricing=ExactPricingSolver, new_columns=10
[CG 3] RMP=8.000000, pricing=ExactPricingSolver, new_columns=0
  搜索路径: [1, 2, 3, 6, 7, 8, 9, 11, 14, 18, 19, 22, 23, 10, 28, 29, 32, 33, 36, 37, 15, 42, 43, 16, 48, 49, 52, 53, 56, 57, 58, 59, 17, 66, 67, 70, 71, 72, 73, 74, 75, 82, 83, 47, 46, 60, 61, 64, 95, 65, 98, 99, 100, 101, 94, 106, 110, 111, 114, 115, 118, 119, 96, 124, 125, 117, 116, 107, 97, 134, 135, 89, 88, 140, 141, 146, 147, 40, 26, 150, 154, 155, 151, 158, 159, 152, 153, 27, 41, 166, 167, 168, 169, 170, 171, 176, 177, 180, 181, 164, 184, 185, 186, 187, 165, 87, 86, 172, 173, 78, 198, 199, 200, 201, 79, 206, 207, 194, 195, 208, 214, 215, 209, 196, 212, 213, 218, 219, 221, 220, 224, 225, 203, 231, 228, 233, 229, 240, 241, 236, 237, 248, 249, 244, 245, 230, 232, 204, 205, 197, 202, 264, 265, 252, 253, 145, 246, 247, 222, 280, 281, 217, 286, 287, 223, 216, 144, 296, 297, 299, 298, 267, 266, 182, 183, 227, 226, 102, 276, 314, 318, 319, 315, 277, 103, 210, 211, 148, 113, 324, 330, 331, 325, 334, 335, 338, 339, 174, 175, 317, 178, 316, 112, 179, 163, 162, 156, 157, 137, 284, 358, 361, 362, 367, 263, 262, 250, 251, 242, 243, 372, 375, 285, 136, 188, 359, 355, 386, 390, 387, 350, 189, 381, 374, 394, 395, 366, 383, 380, 402, 403, 373, 149, 363, 391, 354, 351, 382, 404, 405, 406, 407, 408, 409, 414, 415, 417, 410, 411, 412, 413, 416, 360, 422, 423, 129, 160, 426, 427, 128, 161, 396, 432, 433, 397, 282, 283, 192, 344, 345, 239, 425, 435, 434, 369, 418, 272, 421, 437, 439, 438, 441, 320, 440, 436, 445, 444, 270, 392, 447, 446, 356]
  列生成求解结果: 目标值=8.0000， 下界=8.0000， 上界=9.0000
    非整数变量: COL_11-15-20-25_23 = 0.250000
  解不是整数，开始分支...
ImposedVertex(vertex=26)
ForbidVertex(vertex=26)
  创建了 2 个分支
    添加分支节点 1: ID=450
    添加分支节点 2: ID=451

处理节点 449
  开始列生成求解...
Set parameter LogToConsole to value 0
Set parameter Threads to value 1
Set parameter Seed to value 0
  定价策略: Exact, node=449, vertices=16
Set parameter PoolSearchMode to value 2
Set parameter PoolSolutions to value 10
[CG 1] RMP=1011.000000, pricing=ExactPricingSolver, new_columns=10
[CG 2] RMP=12.000000, pricing=ExactPricingSolver, new_columns=10
[CG 3] RMP=11.000000, pricing=ExactPricingSolver, new_columns=0
  搜索路径: [1, 2, 3, 6, 7, 8, 9, 11, 14, 18, 19, 22, 23, 10, 28, 29, 32, 33, 36, 37, 15, 42, 43, 16, 48, 49, 52, 53, 56, 57, 58, 59, 17, 66, 67, 70, 71, 72, 73, 74, 75, 82, 83, 47, 46, 60, 61, 64, 95, 65, 98, 99, 100, 101, 94, 106, 110, 111, 114, 115, 118, 119, 96, 124, 125, 117, 116, 107, 97, 134, 135, 89, 88, 140, 141, 146, 147, 40, 26, 150, 154, 155, 151, 158, 159, 152, 153, 27, 41, 166, 167, 168, 169, 170, 171, 176, 177, 180, 181, 164, 184, 185, 186, 187, 165, 87, 86, 172, 173, 78, 198, 199, 200, 201, 79, 206, 207, 194, 195, 208, 214, 215, 209, 196, 212, 213, 218, 219, 221, 220, 224, 225, 203, 231, 228, 233, 229, 240, 241, 236, 237, 248, 249, 244, 245, 230, 232, 204, 205, 197, 202, 264, 265, 252, 253, 145, 246, 247, 222, 280, 281, 217, 286, 287, 223, 216, 144, 296, 297, 299, 298, 267, 266, 182, 183, 227, 226, 102, 276, 314, 318, 319, 315, 277, 103, 210, 211, 148, 113, 324, 330, 331, 325, 334, 335, 338, 339, 174, 175, 317, 178, 316, 112, 179, 163, 162, 156, 157, 137, 284, 358, 361, 362, 367, 263, 262, 250, 251, 242, 243, 372, 375, 285, 136, 188, 359, 355, 386, 390, 387, 350, 189, 381, 374, 394, 395, 366, 383, 380, 402, 403, 373, 149, 363, 391, 354, 351, 382, 404, 405, 406, 407, 408, 409, 414, 415, 417, 410, 411, 412, 413, 416, 360, 422, 423, 129, 160, 426, 427, 128, 161, 396, 432, 433, 397, 282, 283, 192, 344, 345, 239, 425, 435, 434, 369, 418, 272, 421, 437, 439, 438, 441, 320, 440, 436, 445, 444, 270, 392, 447, 446, 356, 449]
  列生成求解结果: 目标值=11.0000， 下界=8.0000， 上界=9.0000

处理节点 448
  开始列生成求解...
Set parameter LogToConsole to value 0
Set parameter Threads to value 1
Set parameter Seed to value 0
  定价策略: Exact, node=448, vertices=16
Set parameter PoolSearchMode to value 2
Set parameter PoolSolutions to value 10
[CG 1] RMP=12.000000, pricing=ExactPricingSolver, new_columns=0
  搜索路径: [1, 2, 3, 6, 7, 8, 9, 11, 14, 18, 19, 22, 23, 10, 28, 29, 32, 33, 36, 37, 15, 42, 43, 16, 48, 49, 52, 53, 56, 57, 58, 59, 17, 66, 67, 70, 71, 72, 73, 74, 75, 82, 83, 47, 46, 60, 61, 64, 95, 65, 98, 99, 100, 101, 94, 106, 110, 111, 114, 115, 118, 119, 96, 124, 125, 117, 116, 107, 97, 134, 135, 89, 88, 140, 141, 146, 147, 40, 26, 150, 154, 155, 151, 158, 159, 152, 153, 27, 41, 166, 167, 168, 169, 170, 171, 176, 177, 180, 181, 164, 184, 185, 186, 187, 165, 87, 86, 172, 173, 78, 198, 199, 200, 201, 79, 206, 207, 194, 195, 208, 214, 215, 209, 196, 212, 213, 218, 219, 221, 220, 224, 225, 203, 231, 228, 233, 229, 240, 241, 236, 237, 248, 249, 244, 245, 230, 232, 204, 205, 197, 202, 264, 265, 252, 253, 145, 246, 247, 222, 280, 281, 217, 286, 287, 223, 216, 144, 296, 297, 299, 298, 267, 266, 182, 183, 227, 226, 102, 276, 314, 318, 319, 315, 277, 103, 210, 211, 148, 113, 324, 330, 331, 325, 334, 335, 338, 339, 174, 175, 317, 178, 316, 112, 179, 163, 162, 156, 157, 137, 284, 358, 361, 362, 367, 263, 262, 250, 251, 242, 243, 372, 375, 285, 136, 188, 359, 355, 386, 390, 387, 350, 189, 381, 374, 394, 395, 366, 383, 380, 402, 403, 373, 149, 363, 391, 354, 351, 382, 404, 405, 406, 407, 408, 409, 414, 415, 417, 410, 411, 412, 413, 416, 360, 422, 423, 129, 160, 426, 427, 128, 161, 396, 432, 433, 397, 282, 283, 192, 344, 345, 239, 425, 435, 434, 369, 418, 272, 421, 437, 439, 438, 441, 320, 440, 436, 445, 444, 270, 392, 447, 446, 356, 449, 448]
  列生成求解结果: 目标值=12.0000， 下界=8.0000， 上界=9.0000

处理节点 238
  开始列生成求解...
Set parameter LogToConsole to value 0
Set parameter Threads to value 1
Set parameter Seed to value 0
  定价策略: Exact, node=238, vertices=14
Set parameter PoolSearchMode to value 2
Set parameter PoolSolutions to value 10
[CG 1] RMP=12.000000, pricing=ExactPricingSolver, new_columns=0
  搜索路径: [1, 2, 3, 6, 7, 8, 9, 11, 14, 18, 19, 22, 23, 10, 28, 29, 32, 33, 36, 37, 15, 42, 43, 16, 48, 49, 52, 53, 56, 57, 58, 59, 17, 66, 67, 70, 71, 72, 73, 74, 75, 82, 83, 47, 46, 60, 61, 64, 95, 65, 98, 99, 100, 101, 94, 106, 110, 111, 114, 115, 118, 119, 96, 124, 125, 117, 116, 107, 97, 134, 135, 89, 88, 140, 141, 146, 147, 40, 26, 150, 154, 155, 151, 158, 159, 152, 153, 27, 41, 166, 167, 168, 169, 170, 171, 176, 177, 180, 181, 164, 184, 185, 186, 187, 165, 87, 86, 172, 173, 78, 198, 199, 200, 201, 79, 206, 207, 194, 195, 208, 214, 215, 209, 196, 212, 213, 218, 219, 221, 220, 224, 225, 203, 231, 228, 233, 229, 240, 241, 236, 237, 248, 249, 244, 245, 230, 232, 204, 205, 197, 202, 264, 265, 252, 253, 145, 246, 247, 222, 280, 281, 217, 286, 287, 223, 216, 144, 296, 297, 299, 298, 267, 266, 182, 183, 227, 226, 102, 276, 314, 318, 319, 315, 277, 103, 210, 211, 148, 113, 324, 330, 331, 325, 334, 335, 338, 339, 174, 175, 317, 178, 316, 112, 179, 163, 162, 156, 157, 137, 284, 358, 361, 362, 367, 263, 262, 250, 251, 242, 243, 372, 375, 285, 136, 188, 359, 355, 386, 390, 387, 350, 189, 381, 374, 394, 395, 366, 383, 380, 402, 403, 373, 149, 363, 391, 354, 351, 382, 404, 405, 406, 407, 408, 409, 414, 415, 417, 410, 411, 412, 413, 416, 360, 422, 423, 129, 160, 426, 427, 128, 161, 396, 432, 433, 397, 282, 283, 192, 344, 345, 239, 425, 435, 434, 369, 418, 272, 421, 437, 439, 438, 441, 320, 440, 436, 445, 444, 270, 392, 447, 446, 356, 449, 448, 238]
  列生成求解结果: 目标值=12.0000， 下界=8.0000， 上界=9.0000

处理节点 302
  开始列生成求解...
Set parameter LogToConsole to value 0
Set parameter Threads to value 1
Set parameter Seed to value 0
  定价策略: Exact, node=302, vertices=16
Set parameter PoolSearchMode to value 2
Set parameter PoolSolutions to value 10
[CG 1] RMP=2010.000000, pricing=ExactPricingSolver, new_columns=10
[CG 2] RMP=12.000000, pricing=ExactPricingSolver, new_columns=10
[CG 3] RMP=8.000000, pricing=ExactPricingSolver, new_columns=0
  搜索路径: [1, 2, 3, 6, 7, 8, 9, 11, 14, 18, 19, 22, 23, 10, 28, 29, 32, 33, 36, 37, 15, 42, 43, 16, 48, 49, 52, 53, 56, 57, 58, 59, 17, 66, 67, 70, 71, 72, 73, 74, 75, 82, 83, 47, 46, 60, 61, 64, 95, 65, 98, 99, 100, 101, 94, 106, 110, 111, 114, 115, 118, 119, 96, 124, 125, 117, 116, 107, 97, 134, 135, 89, 88, 140, 141, 146, 147, 40, 26, 150, 154, 155, 151, 158, 159, 152, 153, 27, 41, 166, 167, 168, 169, 170, 171, 176, 177, 180, 181, 164, 184, 185, 186, 187, 165, 87, 86, 172, 173, 78, 198, 199, 200, 201, 79, 206, 207, 194, 195, 208, 214, 215, 209, 196, 212, 213, 218, 219, 221, 220, 224, 225, 203, 231, 228, 233, 229, 240, 241, 236, 237, 248, 249, 244, 245, 230, 232, 204, 205, 197, 202, 264, 265, 252, 253, 145, 246, 247, 222, 280, 281, 217, 286, 287, 223, 216, 144, 296, 297, 299, 298, 267, 266, 182, 183, 227, 226, 102, 276, 314, 318, 319, 315, 277, 103, 210, 211, 148, 113, 324, 330, 331, 325, 334, 335, 338, 339, 174, 175, 317, 178, 316, 112, 179, 163, 162, 156, 157, 137, 284, 358, 361, 362, 367, 263, 262, 250, 251, 242, 243, 372, 375, 285, 136, 188, 359, 355, 386, 390, 387, 350, 189, 381, 374, 394, 395, 366, 383, 380, 402, 403, 373, 149, 363, 391, 354, 351, 382, 404, 405, 406, 407, 408, 409, 414, 415, 417, 410, 411, 412, 413, 416, 360, 422, 423, 129, 160, 426, 427, 128, 161, 396, 432, 433, 397, 282, 283, 192, 344, 345, 239, 425, 435, 434, 369, 418, 272, 421, 437, 439, 438, 441, 320, 440, 436, 445, 444, 270, 392, 447, 446, 356, 449, 448, 238, 302]
  列生成求解结果: 目标值=8.0000， 下界=8.0000， 上界=9.0000
    非整数变量: COL_0-9_97 = 0.333333
  解不是整数，开始分支...
ImposedVertex(vertex=28)
ForbidVertex(vertex=28)
  创建了 2 个分支
    添加分支节点 1: ID=452
    添加分支节点 2: ID=453

处理节点 451
  开始列生成求解...
Set parameter LogToConsole to value 0
Set parameter Threads to value 1
Set parameter Seed to value 0
  定价策略: Exact, node=451, vertices=14
Set parameter PoolSearchMode to value 2
Set parameter PoolSolutions to value 10
[CG 1] RMP=12.000000, pricing=ExactPricingSolver, new_columns=0
  搜索路径: [1, 2, 3, 6, 7, 8, 9, 11, 14, 18, 19, 22, 23, 10, 28, 29, 32, 33, 36, 37, 15, 42, 43, 16, 48, 49, 52, 53, 56, 57, 58, 59, 17, 66, 67, 70, 71, 72, 73, 74, 75, 82, 83, 47, 46, 60, 61, 64, 95, 65, 98, 99, 100, 101, 94, 106, 110, 111, 114, 115, 118, 119, 96, 124, 125, 117, 116, 107, 97, 134, 135, 89, 88, 140, 141, 146, 147, 40, 26, 150, 154, 155, 151, 158, 159, 152, 153, 27, 41, 166, 167, 168, 169, 170, 171, 176, 177, 180, 181, 164, 184, 185, 186, 187, 165, 87, 86, 172, 173, 78, 198, 199, 200, 201, 79, 206, 207, 194, 195, 208, 214, 215, 209, 196, 212, 213, 218, 219, 221, 220, 224, 225, 203, 231, 228, 233, 229, 240, 241, 236, 237, 248, 249, 244, 245, 230, 232, 204, 205, 197, 202, 264, 265, 252, 253, 145, 246, 247, 222, 280, 281, 217, 286, 287, 223, 216, 144, 296, 297, 299, 298, 267, 266, 182, 183, 227, 226, 102, 276, 314, 318, 319, 315, 277, 103, 210, 211, 148, 113, 324, 330, 331, 325, 334, 335, 338, 339, 174, 175, 317, 178, 316, 112, 179, 163, 162, 156, 157, 137, 284, 358, 361, 362, 367, 263, 262, 250, 251, 242, 243, 372, 375, 285, 136, 188, 359, 355, 386, 390, 387, 350, 189, 381, 374, 394, 395, 366, 383, 380, 402, 403, 373, 149, 363, 391, 354, 351, 382, 404, 405, 406, 407, 408, 409, 414, 415, 417, 410, 411, 412, 413, 416, 360, 422, 423, 129, 160, 426, 427, 128, 161, 396, 432, 433, 397, 282, 283, 192, 344, 345, 239, 425, 435, 434, 369, 418, 272, 421, 437, 439, 438, 441, 320, 440, 436, 445, 444, 270, 392, 447, 446, 356, 449, 448, 238, 302, 451]
  列生成求解结果: 目标值=12.0000， 下界=8.0000， 上界=9.0000

处理节点 450
  开始列生成求解...
Set parameter LogToConsole to value 0
Set parameter Threads to value 1
Set parameter Seed to value 0
  定价策略: Exact, node=450, vertices=14
Set parameter PoolSearchMode to value 2
Set parameter PoolSolutions to value 10
[CG 1] RMP=2010.000000, pricing=ExactPricingSolver, new_columns=10
[CG 2] RMP=10.000000, pricing=ExactPricingSolver, new_columns=0
  搜索路径: [1, 2, 3, 6, 7, 8, 9, 11, 14, 18, 19, 22, 23, 10, 28, 29, 32, 33, 36, 37, 15, 42, 43, 16, 48, 49, 52, 53, 56, 57, 58, 59, 17, 66, 67, 70, 71, 72, 73, 74, 75, 82, 83, 47, 46, 60, 61, 64, 95, 65, 98, 99, 100, 101, 94, 106, 110, 111, 114, 115, 118, 119, 96, 124, 125, 117, 116, 107, 97, 134, 135, 89, 88, 140, 141, 146, 147, 40, 26, 150, 154, 155, 151, 158, 159, 152, 153, 27, 41, 166, 167, 168, 169, 170, 171, 176, 177, 180, 181, 164, 184, 185, 186, 187, 165, 87, 86, 172, 173, 78, 198, 199, 200, 201, 79, 206, 207, 194, 195, 208, 214, 215, 209, 196, 212, 213, 218, 219, 221, 220, 224, 225, 203, 231, 228, 233, 229, 240, 241, 236, 237, 248, 249, 244, 245, 230, 232, 204, 205, 197, 202, 264, 265, 252, 253, 145, 246, 247, 222, 280, 281, 217, 286, 287, 223, 216, 144, 296, 297, 299, 298, 267, 266, 182, 183, 227, 226, 102, 276, 314, 318, 319, 315, 277, 103, 210, 211, 148, 113, 324, 330, 331, 325, 334, 335, 338, 339, 174, 175, 317, 178, 316, 112, 179, 163, 162, 156, 157, 137, 284, 358, 361, 362, 367, 263, 262, 250, 251, 242, 243, 372, 375, 285, 136, 188, 359, 355, 386, 390, 387, 350, 189, 381, 374, 394, 395, 366, 383, 380, 402, 403, 373, 149, 363, 391, 354, 351, 382, 404, 405, 406, 407, 408, 409, 414, 415, 417, 410, 411, 412, 413, 416, 360, 422, 423, 129, 160, 426, 427, 128, 161, 396, 432, 433, 397, 282, 283, 192, 344, 345, 239, 425, 435, 434, 369, 418, 272, 421, 437, 439, 438, 441, 320, 440, 436, 445, 444, 270, 392, 447, 446, 356, 449, 448, 238, 302, 451, 450]
  列生成求解结果: 目标值=10.0000， 下界=8.0000， 上界=9.0000

处理节点 401
  开始列生成求解...
Set parameter LogToConsole to value 0
Set parameter Threads to value 1
Set parameter Seed to value 0
  定价策略: Exact, node=401, vertices=10
Set parameter PoolSearchMode to value 2
Set parameter PoolSolutions to value 10
[CG 1] RMP=11.000000, pricing=ExactPricingSolver, new_columns=0
  搜索路径: [1, 2, 3, 6, 7, 8, 9, 11, 14, 18, 19, 22, 23, 10, 28, 29, 32, 33, 36, 37, 15, 42, 43, 16, 48, 49, 52, 53, 56, 57, 58, 59, 17, 66, 67, 70, 71, 72, 73, 74, 75, 82, 83, 47, 46, 60, 61, 64, 95, 65, 98, 99, 100, 101, 94, 106, 110, 111, 114, 115, 118, 119, 96, 124, 125, 117, 116, 107, 97, 134, 135, 89, 88, 140, 141, 146, 147, 40, 26, 150, 154, 155, 151, 158, 159, 152, 153, 27, 41, 166, 167, 168, 169, 170, 171, 176, 177, 180, 181, 164, 184, 185, 186, 187, 165, 87, 86, 172, 173, 78, 198, 199, 200, 201, 79, 206, 207, 194, 195, 208, 214, 215, 209, 196, 212, 213, 218, 219, 221, 220, 224, 225, 203, 231, 228, 233, 229, 240, 241, 236, 237, 248, 249, 244, 245, 230, 232, 204, 205, 197, 202, 264, 265, 252, 253, 145, 246, 247, 222, 280, 281, 217, 286, 287, 223, 216, 144, 296, 297, 299, 298, 267, 266, 182, 183, 227, 226, 102, 276, 314, 318, 319, 315, 277, 103, 210, 211, 148, 113, 324, 330, 331, 325, 334, 335, 338, 339, 174, 175, 317, 178, 316, 112, 179, 163, 162, 156, 157, 137, 284, 358, 361, 362, 367, 263, 262, 250, 251, 242, 243, 372, 375, 285, 136, 188, 359, 355, 386, 390, 387, 350, 189, 381, 374, 394, 395, 366, 383, 380, 402, 403, 373, 149, 363, 391, 354, 351, 382, 404, 405, 406, 407, 408, 409, 414, 415, 417, 410, 411, 412, 413, 416, 360, 422, 423, 129, 160, 426, 427, 128, 161, 396, 432, 433, 397, 282, 283, 192, 344, 345, 239, 425, 435, 434, 369, 418, 272, 421, 437, 439, 438, 441, 320, 440, 436, 445, 444, 270, 392, 447, 446, 356, 449, 448, 238, 302, 451, 450, 401]
  列生成求解结果: 目标值=11.0000， 下界=8.0000， 上界=9.0000

处理节点 308
  开始列生成求解...
Set parameter LogToConsole to value 0
Set parameter Threads to value 1
Set parameter Seed to value 0
  定价策略: Exact, node=308, vertices=15
Set parameter PoolSearchMode to value 2
Set parameter PoolSolutions to value 10
[CG 1] RMP=12.000000, pricing=ExactPricingSolver, new_columns=10
[CG 2] RMP=8.000000, pricing=ExactPricingSolver, new_columns=0
  搜索路径: [1, 2, 3, 6, 7, 8, 9, 11, 14, 18, 19, 22, 23, 10, 28, 29, 32, 33, 36, 37, 15, 42, 43, 16, 48, 49, 52, 53, 56, 57, 58, 59, 17, 66, 67, 70, 71, 72, 73, 74, 75, 82, 83, 47, 46, 60, 61, 64, 95, 65, 98, 99, 100, 101, 94, 106, 110, 111, 114, 115, 118, 119, 96, 124, 125, 117, 116, 107, 97, 134, 135, 89, 88, 140, 141, 146, 147, 40, 26, 150, 154, 155, 151, 158, 159, 152, 153, 27, 41, 166, 167, 168, 169, 170, 171, 176, 177, 180, 181, 164, 184, 185, 186, 187, 165, 87, 86, 172, 173, 78, 198, 199, 200, 201, 79, 206, 207, 194, 195, 208, 214, 215, 209, 196, 212, 213, 218, 219, 221, 220, 224, 225, 203, 231, 228, 233, 229, 240, 241, 236, 237, 248, 249, 244, 245, 230, 232, 204, 205, 197, 202, 264, 265, 252, 253, 145, 246, 247, 222, 280, 281, 217, 286, 287, 223, 216, 144, 296, 297, 299, 298, 267, 266, 182, 183, 227, 226, 102, 276, 314, 318, 319, 315, 277, 103, 210, 211, 148, 113, 324, 330, 331, 325, 334, 335, 338, 339, 174, 175, 317, 178, 316, 112, 179, 163, 162, 156, 157, 137, 284, 358, 361, 362, 367, 263, 262, 250, 251, 242, 243, 372, 375, 285, 136, 188, 359, 355, 386, 390, 387, 350, 189, 381, 374, 394, 395, 366, 383, 380, 402, 403, 373, 149, 363, 391, 354, 351, 382, 404, 405, 406, 407, 408, 409, 414, 415, 417, 410, 411, 412, 413, 416, 360, 422, 423, 129, 160, 426, 427, 128, 161, 396, 432, 433, 397, 282, 283, 192, 344, 345, 239, 425, 435, 434, 369, 418, 272, 421, 437, 439, 438, 441, 320, 440, 436, 445, 444, 270, 392, 447, 446, 356, 449, 448, 238, 302, 451, 450, 401, 308]
  列生成求解结果: 目标值=8.0000， 下界=8.0000， 上界=9.0000
    非整数变量: COL_15-2-20-4-9_150 = 0.200000
  解不是整数，开始分支...
ImposedVertex(vertex=28)
ForbidVertex(vertex=28)
  创建了 2 个分支
    添加分支节点 1: ID=454
    添加分支节点 2: ID=455
  进度: 已处理 310 个节点, 剩余 31 个, 当前最优 9.0000, 当前列数: 2297

处理节点 453
  开始列生成求解...
Set parameter LogToConsole to value 0
Set parameter Threads to value 1
Set parameter Seed to value 0
  定价策略: Exact, node=453, vertices=15
Set parameter PoolSearchMode to value 2
Set parameter PoolSolutions to value 10
[CG 1] RMP=10.000000, pricing=ExactPricingSolver, new_columns=0
  搜索路径: [1, 2, 3, 6, 7, 8, 9, 11, 14, 18, 19, 22, 23, 10, 28, 29, 32, 33, 36, 37, 15, 42, 43, 16, 48, 49, 52, 53, 56, 57, 58, 59, 17, 66, 67, 70, 71, 72, 73, 74, 75, 82, 83, 47, 46, 60, 61, 64, 95, 65, 98, 99, 100, 101, 94, 106, 110, 111, 114, 115, 118, 119, 96, 124, 125, 117, 116, 107, 97, 134, 135, 89, 88, 140, 141, 146, 147, 40, 26, 150, 154, 155, 151, 158, 159, 152, 153, 27, 41, 166, 167, 168, 169, 170, 171, 176, 177, 180, 181, 164, 184, 185, 186, 187, 165, 87, 86, 172, 173, 78, 198, 199, 200, 201, 79, 206, 207, 194, 195, 208, 214, 215, 209, 196, 212, 213, 218, 219, 221, 220, 224, 225, 203, 231, 228, 233, 229, 240, 241, 236, 237, 248, 249, 244, 245, 230, 232, 204, 205, 197, 202, 264, 265, 252, 253, 145, 246, 247, 222, 280, 281, 217, 286, 287, 223, 216, 144, 296, 297, 299, 298, 267, 266, 182, 183, 227, 226, 102, 276, 314, 318, 319, 315, 277, 103, 210, 211, 148, 113, 324, 330, 331, 325, 334, 335, 338, 339, 174, 175, 317, 178, 316, 112, 179, 163, 162, 156, 157, 137, 284, 358, 361, 362, 367, 263, 262, 250, 251, 242, 243, 372, 375, 285, 136, 188, 359, 355, 386, 390, 387, 350, 189, 381, 374, 394, 395, 366, 383, 380, 402, 403, 373, 149, 363, 391, 354, 351, 382, 404, 405, 406, 407, 408, 409, 414, 415, 417, 410, 411, 412, 413, 416, 360, 422, 423, 129, 160, 426, 427, 128, 161, 396, 432, 433, 397, 282, 283, 192, 344, 345, 239, 425, 435, 434, 369, 418, 272, 421, 437, 439, 438, 441, 320, 440, 436, 445, 444, 270, 392, 447, 446, 356, 449, 448, 238, 302, 451, 450, 401, 308, 453]
  列生成求解结果: 目标值=10.0000， 下界=8.0000， 上界=9.0000

处理节点 452
  开始列生成求解...
Set parameter LogToConsole to value 0
Set parameter Threads to value 1
Set parameter Seed to value 0
  定价策略: Exact, node=452, vertices=15
Set parameter PoolSearchMode to value 2
Set parameter PoolSolutions to value 10
[CG 1] RMP=12.000000, pricing=ExactPricingSolver, new_columns=0
  搜索路径: [1, 2, 3, 6, 7, 8, 9, 11, 14, 18, 19, 22, 23, 10, 28, 29, 32, 33, 36, 37, 15, 42, 43, 16, 48, 49, 52, 53, 56, 57, 58, 59, 17, 66, 67, 70, 71, 72, 73, 74, 75, 82, 83, 47, 46, 60, 61, 64, 95, 65, 98, 99, 100, 101, 94, 106, 110, 111, 114, 115, 118, 119, 96, 124, 125, 117, 116, 107, 97, 134, 135, 89, 88, 140, 141, 146, 147, 40, 26, 150, 154, 155, 151, 158, 159, 152, 153, 27, 41, 166, 167, 168, 169, 170, 171, 176, 177, 180, 181, 164, 184, 185, 186, 187, 165, 87, 86, 172, 173, 78, 198, 199, 200, 201, 79, 206, 207, 194, 195, 208, 214, 215, 209, 196, 212, 213, 218, 219, 221, 220, 224, 225, 203, 231, 228, 233, 229, 240, 241, 236, 237, 248, 249, 244, 245, 230, 232, 204, 205, 197, 202, 264, 265, 252, 253, 145, 246, 247, 222, 280, 281, 217, 286, 287, 223, 216, 144, 296, 297, 299, 298, 267, 266, 182, 183, 227, 226, 102, 276, 314, 318, 319, 315, 277, 103, 210, 211, 148, 113, 324, 330, 331, 325, 334, 335, 338, 339, 174, 175, 317, 178, 316, 112, 179, 163, 162, 156, 157, 137, 284, 358, 361, 362, 367, 263, 262, 250, 251, 242, 243, 372, 375, 285, 136, 188, 359, 355, 386, 390, 387, 350, 189, 381, 374, 394, 395, 366, 383, 380, 402, 403, 373, 149, 363, 391, 354, 351, 382, 404, 405, 406, 407, 408, 409, 414, 415, 417, 410, 411, 412, 413, 416, 360, 422, 423, 129, 160, 426, 427, 128, 161, 396, 432, 433, 397, 282, 283, 192, 344, 345, 239, 425, 435, 434, 369, 418, 272, 421, 437, 439, 438, 441, 320, 440, 436, 445, 444, 270, 392, 447, 446, 356, 449, 448, 238, 302, 451, 450, 401, 308, 453, 452]
  列生成求解结果: 目标值=12.0000， 下界=8.0000， 上界=9.0000

处理节点 321
  开始列生成求解...
Set parameter LogToConsole to value 0
Set parameter Threads to value 1
Set parameter Seed to value 0
  定价策略: Exact, node=321, vertices=11
Set parameter PoolSearchMode to value 2
Set parameter PoolSolutions to value 10
[CG 1] RMP=11.000000, pricing=ExactPricingSolver, new_columns=0
  搜索路径: [1, 2, 3, 6, 7, 8, 9, 11, 14, 18, 19, 22, 23, 10, 28, 29, 32, 33, 36, 37, 15, 42, 43, 16, 48, 49, 52, 53, 56, 57, 58, 59, 17, 66, 67, 70, 71, 72, 73, 74, 75, 82, 83, 47, 46, 60, 61, 64, 95, 65, 98, 99, 100, 101, 94, 106, 110, 111, 114, 115, 118, 119, 96, 124, 125, 117, 116, 107, 97, 134, 135, 89, 88, 140, 141, 146, 147, 40, 26, 150, 154, 155, 151, 158, 159, 152, 153, 27, 41, 166, 167, 168, 169, 170, 171, 176, 177, 180, 181, 164, 184, 185, 186, 187, 165, 87, 86, 172, 173, 78, 198, 199, 200, 201, 79, 206, 207, 194, 195, 208, 214, 215, 209, 196, 212, 213, 218, 219, 221, 220, 224, 225, 203, 231, 228, 233, 229, 240, 241, 236, 237, 248, 249, 244, 245, 230, 232, 204, 205, 197, 202, 264, 265, 252, 253, 145, 246, 247, 222, 280, 281, 217, 286, 287, 223, 216, 144, 296, 297, 299, 298, 267, 266, 182, 183, 227, 226, 102, 276, 314, 318, 319, 315, 277, 103, 210, 211, 148, 113, 324, 330, 331, 325, 334, 335, 338, 339, 174, 175, 317, 178, 316, 112, 179, 163, 162, 156, 157, 137, 284, 358, 361, 362, 367, 263, 262, 250, 251, 242, 243, 372, 375, 285, 136, 188, 359, 355, 386, 390, 387, 350, 189, 381, 374, 394, 395, 366, 383, 380, 402, 403, 373, 149, 363, 391, 354, 351, 382, 404, 405, 406, 407, 408, 409, 414, 415, 417, 410, 411, 412, 413, 416, 360, 422, 423, 129, 160, 426, 427, 128, 161, 396, 432, 433, 397, 282, 283, 192, 344, 345, 239, 425, 435, 434, 369, 418, 272, 421, 437, 439, 438, 441, 320, 440, 436, 445, 444, 270, 392, 447, 446, 356, 449, 448, 238, 302, 451, 450, 401, 308, 453, 452, 321]
  列生成求解结果: 目标值=11.0000， 下界=8.0000， 上界=9.0000

处理节点 293
  开始列生成求解...
Set parameter LogToConsole to value 0
Set parameter Threads to value 1
Set parameter Seed to value 0
  定价策略: Exact, node=293, vertices=11
Set parameter PoolSearchMode to value 2
Set parameter PoolSolutions to value 10
[CG 1] RMP=12.000000, pricing=ExactPricingSolver, new_columns=0
  搜索路径: [1, 2, 3, 6, 7, 8, 9, 11, 14, 18, 19, 22, 23, 10, 28, 29, 32, 33, 36, 37, 15, 42, 43, 16, 48, 49, 52, 53, 56, 57, 58, 59, 17, 66, 67, 70, 71, 72, 73, 74, 75, 82, 83, 47, 46, 60, 61, 64, 95, 65, 98, 99, 100, 101, 94, 106, 110, 111, 114, 115, 118, 119, 96, 124, 125, 117, 116, 107, 97, 134, 135, 89, 88, 140, 141, 146, 147, 40, 26, 150, 154, 155, 151, 158, 159, 152, 153, 27, 41, 166, 167, 168, 169, 170, 171, 176, 177, 180, 181, 164, 184, 185, 186, 187, 165, 87, 86, 172, 173, 78, 198, 199, 200, 201, 79, 206, 207, 194, 195, 208, 214, 215, 209, 196, 212, 213, 218, 219, 221, 220, 224, 225, 203, 231, 228, 233, 229, 240, 241, 236, 237, 248, 249, 244, 245, 230, 232, 204, 205, 197, 202, 264, 265, 252, 253, 145, 246, 247, 222, 280, 281, 217, 286, 287, 223, 216, 144, 296, 297, 299, 298, 267, 266, 182, 183, 227, 226, 102, 276, 314, 318, 319, 315, 277, 103, 210, 211, 148, 113, 324, 330, 331, 325, 334, 335, 338, 339, 174, 175, 317, 178, 316, 112, 179, 163, 162, 156, 157, 137, 284, 358, 361, 362, 367, 263, 262, 250, 251, 242, 243, 372, 375, 285, 136, 188, 359, 355, 386, 390, 387, 350, 189, 381, 374, 394, 395, 366, 383, 380, 402, 403, 373, 149, 363, 391, 354, 351, 382, 404, 405, 406, 407, 408, 409, 414, 415, 417, 410, 411, 412, 413, 416, 360, 422, 423, 129, 160, 426, 427, 128, 161, 396, 432, 433, 397, 282, 283, 192, 344, 345, 239, 425, 435, 434, 369, 418, 272, 421, 437, 439, 438, 441, 320, 440, 436, 445, 444, 270, 392, 447, 446, 356, 449, 448, 238, 302, 451, 450, 401, 308, 453, 452, 321, 293]
  列生成求解结果: 目标值=12.0000， 下界=8.0000， 上界=9.0000

处理节点 357
  开始列生成求解...
Set parameter LogToConsole to value 0
Set parameter Threads to value 1
Set parameter Seed to value 0
  定价策略: Exact, node=357, vertices=15
Set parameter PoolSearchMode to value 2
Set parameter PoolSolutions to value 10
[CG 1] RMP=10.000000, pricing=ExactPricingSolver, new_columns=10
[CG 2] RMP=8.000000, pricing=ExactPricingSolver, new_columns=0
  搜索路径: [1, 2, 3, 6, 7, 8, 9, 11, 14, 18, 19, 22, 23, 10, 28, 29, 32, 33, 36, 37, 15, 42, 43, 16, 48, 49, 52, 53, 56, 57, 58, 59, 17, 66, 67, 70, 71, 72, 73, 74, 75, 82, 83, 47, 46, 60, 61, 64, 95, 65, 98, 99, 100, 101, 94, 106, 110, 111, 114, 115, 118, 119, 96, 124, 125, 117, 116, 107, 97, 134, 135, 89, 88, 140, 141, 146, 147, 40, 26, 150, 154, 155, 151, 158, 159, 152, 153, 27, 41, 166, 167, 168, 169, 170, 171, 176, 177, 180, 181, 164, 184, 185, 186, 187, 165, 87, 86, 172, 173, 78, 198, 199, 200, 201, 79, 206, 207, 194, 195, 208, 214, 215, 209, 196, 212, 213, 218, 219, 221, 220, 224, 225, 203, 231, 228, 233, 229, 240, 241, 236, 237, 248, 249, 244, 245, 230, 232, 204, 205, 197, 202, 264, 265, 252, 253, 145, 246, 247, 222, 280, 281, 217, 286, 287, 223, 216, 144, 296, 297, 299, 298, 267, 266, 182, 183, 227, 226, 102, 276, 314, 318, 319, 315, 277, 103, 210, 211, 148, 113, 324, 330, 331, 325, 334, 335, 338, 339, 174, 175, 317, 178, 316, 112, 179, 163, 162, 156, 157, 137, 284, 358, 361, 362, 367, 263, 262, 250, 251, 242, 243, 372, 375, 285, 136, 188, 359, 355, 386, 390, 387, 350, 189, 381, 374, 394, 395, 366, 383, 380, 402, 403, 373, 149, 363, 391, 354, 351, 382, 404, 405, 406, 407, 408, 409, 414, 415, 417, 410, 411, 412, 413, 416, 360, 422, 423, 129, 160, 426, 427, 128, 161, 396, 432, 433, 397, 282, 283, 192, 344, 345, 239, 425, 435, 434, 369, 418, 272, 421, 437, 439, 438, 441, 320, 440, 436, 445, 444, 270, 392, 447, 446, 356, 449, 448, 238, 302, 451, 450, 401, 308, 453, 452, 321, 293, 357]
  列生成求解结果: 目标值=8.0000， 下界=8.0000， 上界=9.0000
    非整数变量: COL_23_5 = 0.142857
  解不是整数，开始分支...
ImposedVertex(vertex=26)
ForbidVertex(vertex=26)
  创建了 2 个分支
    添加分支节点 1: ID=456
    添加分支节点 2: ID=457

处理节点 333
  开始列生成求解...
Set parameter LogToConsole to value 0
Set parameter Threads to value 1
Set parameter Seed to value 0
  定价策略: Exact, node=333, vertices=17
Set parameter PoolSearchMode to value 2
Set parameter PoolSolutions to value 10
[CG 1] RMP=12.000000, pricing=ExactPricingSolver, new_columns=0
  搜索路径: [1, 2, 3, 6, 7, 8, 9, 11, 14, 18, 19, 22, 23, 10, 28, 29, 32, 33, 36, 37, 15, 42, 43, 16, 48, 49, 52, 53, 56, 57, 58, 59, 17, 66, 67, 70, 71, 72, 73, 74, 75, 82, 83, 47, 46, 60, 61, 64, 95, 65, 98, 99, 100, 101, 94, 106, 110, 111, 114, 115, 118, 119, 96, 124, 125, 117, 116, 107, 97, 134, 135, 89, 88, 140, 141, 146, 147, 40, 26, 150, 154, 155, 151, 158, 159, 152, 153, 27, 41, 166, 167, 168, 169, 170, 171, 176, 177, 180, 181, 164, 184, 185, 186, 187, 165, 87, 86, 172, 173, 78, 198, 199, 200, 201, 79, 206, 207, 194, 195, 208, 214, 215, 209, 196, 212, 213, 218, 219, 221, 220, 224, 225, 203, 231, 228, 233, 229, 240, 241, 236, 237, 248, 249, 244, 245, 230, 232, 204, 205, 197, 202, 264, 265, 252, 253, 145, 246, 247, 222, 280, 281, 217, 286, 287, 223, 216, 144, 296, 297, 299, 298, 267, 266, 182, 183, 227, 226, 102, 276, 314, 318, 319, 315, 277, 103, 210, 211, 148, 113, 324, 330, 331, 325, 334, 335, 338, 339, 174, 175, 317, 178, 316, 112, 179, 163, 162, 156, 157, 137, 284, 358, 361, 362, 367, 263, 262, 250, 251, 242, 243, 372, 375, 285, 136, 188, 359, 355, 386, 390, 387, 350, 189, 381, 374, 394, 395, 366, 383, 380, 402, 403, 373, 149, 363, 391, 354, 351, 382, 404, 405, 406, 407, 408, 409, 414, 415, 417, 410, 411, 412, 413, 416, 360, 422, 423, 129, 160, 426, 427, 128, 161, 396, 432, 433, 397, 282, 283, 192, 344, 345, 239, 425, 435, 434, 369, 418, 272, 421, 437, 439, 438, 441, 320, 440, 436, 445, 444, 270, 392, 447, 446, 356, 449, 448, 238, 302, 451, 450, 401, 308, 453, 452, 321, 293, 357, 333]
  列生成求解结果: 目标值=12.0000， 下界=8.0000， 上界=9.0000

处理节点 368
  开始列生成求解...
Set parameter LogToConsole to value 0
Set parameter Threads to value 1
Set parameter Seed to value 0
  定价策略: Exact, node=368, vertices=14
Set parameter PoolSearchMode to value 2
Set parameter PoolSolutions to value 10
[CG 1] RMP=12.000000, pricing=ExactPricingSolver, new_columns=0
  搜索路径: [1, 2, 3, 6, 7, 8, 9, 11, 14, 18, 19, 22, 23, 10, 28, 29, 32, 33, 36, 37, 15, 42, 43, 16, 48, 49, 52, 53, 56, 57, 58, 59, 17, 66, 67, 70, 71, 72, 73, 74, 75, 82, 83, 47, 46, 60, 61, 64, 95, 65, 98, 99, 100, 101, 94, 106, 110, 111, 114, 115, 118, 119, 96, 124, 125, 117, 116, 107, 97, 134, 135, 89, 88, 140, 141, 146, 147, 40, 26, 150, 154, 155, 151, 158, 159, 152, 153, 27, 41, 166, 167, 168, 169, 170, 171, 176, 177, 180, 181, 164, 184, 185, 186, 187, 165, 87, 86, 172, 173, 78, 198, 199, 200, 201, 79, 206, 207, 194, 195, 208, 214, 215, 209, 196, 212, 213, 218, 219, 221, 220, 224, 225, 203, 231, 228, 233, 229, 240, 241, 236, 237, 248, 249, 244, 245, 230, 232, 204, 205, 197, 202, 264, 265, 252, 253, 145, 246, 247, 222, 280, 281, 217, 286, 287, 223, 216, 144, 296, 297, 299, 298, 267, 266, 182, 183, 227, 226, 102, 276, 314, 318, 319, 315, 277, 103, 210, 211, 148, 113, 324, 330, 331, 325, 334, 335, 338, 339, 174, 175, 317, 178, 316, 112, 179, 163, 162, 156, 157, 137, 284, 358, 361, 362, 367, 263, 262, 250, 251, 242, 243, 372, 375, 285, 136, 188, 359, 355, 386, 390, 387, 350, 189, 381, 374, 394, 395, 366, 383, 380, 402, 403, 373, 149, 363, 391, 354, 351, 382, 404, 405, 406, 407, 408, 409, 414, 415, 417, 410, 411, 412, 413, 416, 360, 422, 423, 129, 160, 426, 427, 128, 161, 396, 432, 433, 397, 282, 283, 192, 344, 345, 239, 425, 435, 434, 369, 418, 272, 421, 437, 439, 438, 441, 320, 440, 436, 445, 444, 270, 392, 447, 446, 356, 449, 448, 238, 302, 451, 450, 401, 308, 453, 452, 321, 293, 357, 333, 368]
  列生成求解结果: 目标值=12.0000， 下界=8.0000， 上界=9.0000

处理节点 457
  开始列生成求解...
Set parameter LogToConsole to value 0
Set parameter Threads to value 1
Set parameter Seed to value 0
  定价策略: Exact, node=457, vertices=14
Set parameter PoolSearchMode to value 2
Set parameter PoolSolutions to value 10
[CG 1] RMP=12.000000, pricing=ExactPricingSolver, new_columns=0
  搜索路径: [1, 2, 3, 6, 7, 8, 9, 11, 14, 18, 19, 22, 23, 10, 28, 29, 32, 33, 36, 37, 15, 42, 43, 16, 48, 49, 52, 53, 56, 57, 58, 59, 17, 66, 67, 70, 71, 72, 73, 74, 75, 82, 83, 47, 46, 60, 61, 64, 95, 65, 98, 99, 100, 101, 94, 106, 110, 111, 114, 115, 118, 119, 96, 124, 125, 117, 116, 107, 97, 134, 135, 89, 88, 140, 141, 146, 147, 40, 26, 150, 154, 155, 151, 158, 159, 152, 153, 27, 41, 166, 167, 168, 169, 170, 171, 176, 177, 180, 181, 164, 184, 185, 186, 187, 165, 87, 86, 172, 173, 78, 198, 199, 200, 201, 79, 206, 207, 194, 195, 208, 214, 215, 209, 196, 212, 213, 218, 219, 221, 220, 224, 225, 203, 231, 228, 233, 229, 240, 241, 236, 237, 248, 249, 244, 245, 230, 232, 204, 205, 197, 202, 264, 265, 252, 253, 145, 246, 247, 222, 280, 281, 217, 286, 287, 223, 216, 144, 296, 297, 299, 298, 267, 266, 182, 183, 227, 226, 102, 276, 314, 318, 319, 315, 277, 103, 210, 211, 148, 113, 324, 330, 331, 325, 334, 335, 338, 339, 174, 175, 317, 178, 316, 112, 179, 163, 162, 156, 157, 137, 284, 358, 361, 362, 367, 263, 262, 250, 251, 242, 243, 372, 375, 285, 136, 188, 359, 355, 386, 390, 387, 350, 189, 381, 374, 394, 395, 366, 383, 380, 402, 403, 373, 149, 363, 391, 354, 351, 382, 404, 405, 406, 407, 408, 409, 414, 415, 417, 410, 411, 412, 413, 416, 360, 422, 423, 129, 160, 426, 427, 128, 161, 396, 432, 433, 397, 282, 283, 192, 344, 345, 239, 425, 435, 434, 369, 418, 272, 421, 437, 439, 438, 441, 320, 440, 436, 445, 444, 270, 392, 447, 446, 356, 449, 448, 238, 302, 451, 450, 401, 308, 453, 452, 321, 293, 357, 333, 368, 457]
  列生成求解结果: 目标值=12.0000， 下界=8.0000， 上界=9.0000

处理节点 428
  开始列生成求解...
Set parameter LogToConsole to value 0
Set parameter Threads to value 1
Set parameter Seed to value 0
  定价策略: Exact, node=428, vertices=15
Set parameter PoolSearchMode to value 2
Set parameter PoolSolutions to value 10
[CG 1] RMP=8.000000, pricing=ExactPricingSolver, new_columns=0
  搜索路径: [1, 2, 3, 6, 7, 8, 9, 11, 14, 18, 19, 22, 23, 10, 28, 29, 32, 33, 36, 37, 15, 42, 43, 16, 48, 49, 52, 53, 56, 57, 58, 59, 17, 66, 67, 70, 71, 72, 73, 74, 75, 82, 83, 47, 46, 60, 61, 64, 95, 65, 98, 99, 100, 101, 94, 106, 110, 111, 114, 115, 118, 119, 96, 124, 125, 117, 116, 107, 97, 134, 135, 89, 88, 140, 141, 146, 147, 40, 26, 150, 154, 155, 151, 158, 159, 152, 153, 27, 41, 166, 167, 168, 169, 170, 171, 176, 177, 180, 181, 164, 184, 185, 186, 187, 165, 87, 86, 172, 173, 78, 198, 199, 200, 201, 79, 206, 207, 194, 195, 208, 214, 215, 209, 196, 212, 213, 218, 219, 221, 220, 224, 225, 203, 231, 228, 233, 229, 240, 241, 236, 237, 248, 249, 244, 245, 230, 232, 204, 205, 197, 202, 264, 265, 252, 253, 145, 246, 247, 222, 280, 281, 217, 286, 287, 223, 216, 144, 296, 297, 299, 298, 267, 266, 182, 183, 227, 226, 102, 276, 314, 318, 319, 315, 277, 103, 210, 211, 148, 113, 324, 330, 331, 325, 334, 335, 338, 339, 174, 175, 317, 178, 316, 112, 179, 163, 162, 156, 157, 137, 284, 358, 361, 362, 367, 263, 262, 250, 251, 242, 243, 372, 375, 285, 136, 188, 359, 355, 386, 390, 387, 350, 189, 381, 374, 394, 395, 366, 383, 380, 402, 403, 373, 149, 363, 391, 354, 351, 382, 404, 405, 406, 407, 408, 409, 414, 415, 417, 410, 411, 412, 413, 416, 360, 422, 423, 129, 160, 426, 427, 128, 161, 396, 432, 433, 397, 282, 283, 192, 344, 345, 239, 425, 435, 434, 369, 418, 272, 421, 437, 439, 438, 441, 320, 440, 436, 445, 444, 270, 392, 447, 446, 356, 449, 448, 238, 302, 451, 450, 401, 308, 453, 452, 321, 293, 357, 333, 368, 457, 428]
  列生成求解结果: 目标值=8.0000， 下界=8.0000， 上界=9.0000
    非整数变量: COL_1-15-20-9_148 = 0.428571
  解不是整数，开始分支...
ImposedVertex(vertex=28)
ForbidVertex(vertex=28)
  创建了 2 个分支
    添加分支节点 1: ID=458
    添加分支节点 2: ID=459

处理节点 332
  开始列生成求解...
Set parameter LogToConsole to value 0
Set parameter Threads to value 1
Set parameter Seed to value 0
  定价策略: Exact, node=332, vertices=17
Set parameter PoolSearchMode to value 2
Set parameter PoolSolutions to value 10
[CG 1] RMP=10.000000, pricing=ExactPricingSolver, new_columns=0
  搜索路径: [1, 2, 3, 6, 7, 8, 9, 11, 14, 18, 19, 22, 23, 10, 28, 29, 32, 33, 36, 37, 15, 42, 43, 16, 48, 49, 52, 53, 56, 57, 58, 59, 17, 66, 67, 70, 71, 72, 73, 74, 75, 82, 83, 47, 46, 60, 61, 64, 95, 65, 98, 99, 100, 101, 94, 106, 110, 111, 114, 115, 118, 119, 96, 124, 125, 117, 116, 107, 97, 134, 135, 89, 88, 140, 141, 146, 147, 40, 26, 150, 154, 155, 151, 158, 159, 152, 153, 27, 41, 166, 167, 168, 169, 170, 171, 176, 177, 180, 181, 164, 184, 185, 186, 187, 165, 87, 86, 172, 173, 78, 198, 199, 200, 201, 79, 206, 207, 194, 195, 208, 214, 215, 209, 196, 212, 213, 218, 219, 221, 220, 224, 225, 203, 231, 228, 233, 229, 240, 241, 236, 237, 248, 249, 244, 245, 230, 232, 204, 205, 197, 202, 264, 265, 252, 253, 145, 246, 247, 222, 280, 281, 217, 286, 287, 223, 216, 144, 296, 297, 299, 298, 267, 266, 182, 183, 227, 226, 102, 276, 314, 318, 319, 315, 277, 103, 210, 211, 148, 113, 324, 330, 331, 325, 334, 335, 338, 339, 174, 175, 317, 178, 316, 112, 179, 163, 162, 156, 157, 137, 284, 358, 361, 362, 367, 263, 262, 250, 251, 242, 243, 372, 375, 285, 136, 188, 359, 355, 386, 390, 387, 350, 189, 381, 374, 394, 395, 366, 383, 380, 402, 403, 373, 149, 363, 391, 354, 351, 382, 404, 405, 406, 407, 408, 409, 414, 415, 417, 410, 411, 412, 413, 416, 360, 422, 423, 129, 160, 426, 427, 128, 161, 396, 432, 433, 397, 282, 283, 192, 344, 345, 239, 425, 435, 434, 369, 418, 272, 421, 437, 439, 438, 441, 320, 440, 436, 445, 444, 270, 392, 447, 446, 356, 449, 448, 238, 302, 451, 450, 401, 308, 453, 452, 321, 293, 357, 333, 368, 457, 428, 332]
  列生成求解结果: 目标值=10.0000， 下界=8.0000， 上界=9.0000

处理节点 456
  开始列生成求解...
Set parameter LogToConsole to value 0
Set parameter Threads to value 1
Set parameter Seed to value 0
  定价策略: Exact, node=456, vertices=14
Set parameter PoolSearchMode to value 2
Set parameter PoolSolutions to value 10
[CG 1] RMP=10.000000, pricing=ExactPricingSolver, new_columns=0
  搜索路径: [1, 2, 3, 6, 7, 8, 9, 11, 14, 18, 19, 22, 23, 10, 28, 29, 32, 33, 36, 37, 15, 42, 43, 16, 48, 49, 52, 53, 56, 57, 58, 59, 17, 66, 67, 70, 71, 72, 73, 74, 75, 82, 83, 47, 46, 60, 61, 64, 95, 65, 98, 99, 100, 101, 94, 106, 110, 111, 114, 115, 118, 119, 96, 124, 125, 117, 116, 107, 97, 134, 135, 89, 88, 140, 141, 146, 147, 40, 26, 150, 154, 155, 151, 158, 159, 152, 153, 27, 41, 166, 167, 168, 169, 170, 171, 176, 177, 180, 181, 164, 184, 185, 186, 187, 165, 87, 86, 172, 173, 78, 198, 199, 200, 201, 79, 206, 207, 194, 195, 208, 214, 215, 209, 196, 212, 213, 218, 219, 221, 220, 224, 225, 203, 231, 228, 233, 229, 240, 241, 236, 237, 248, 249, 244, 245, 230, 232, 204, 205, 197, 202, 264, 265, 252, 253, 145, 246, 247, 222, 280, 281, 217, 286, 287, 223, 216, 144, 296, 297, 299, 298, 267, 266, 182, 183, 227, 226, 102, 276, 314, 318, 319, 315, 277, 103, 210, 211, 148, 113, 324, 330, 331, 325, 334, 335, 338, 339, 174, 175, 317, 178, 316, 112, 179, 163, 162, 156, 157, 137, 284, 358, 361, 362, 367, 263, 262, 250, 251, 242, 243, 372, 375, 285, 136, 188, 359, 355, 386, 390, 387, 350, 189, 381, 374, 394, 395, 366, 383, 380, 402, 403, 373, 149, 363, 391, 354, 351, 382, 404, 405, 406, 407, 408, 409, 414, 415, 417, 410, 411, 412, 413, 416, 360, 422, 423, 129, 160, 426, 427, 128, 161, 396, 432, 433, 397, 282, 283, 192, 344, 345, 239, 425, 435, 434, 369, 418, 272, 421, 437, 439, 438, 441, 320, 440, 436, 445, 444, 270, 392, 447, 446, 356, 449, 448, 238, 302, 451, 450, 401, 308, 453, 452, 321, 293, 357, 333, 368, 457, 428, 332, 456]
  列生成求解结果: 目标值=10.0000， 下界=8.0000， 上界=9.0000

处理节点 393
  开始列生成求解...
Set parameter LogToConsole to value 0
Set parameter Threads to value 1
Set parameter Seed to value 0
  定价策略: Exact, node=393, vertices=10
Set parameter PoolSearchMode to value 2
Set parameter PoolSolutions to value 10
[CG 1] RMP=14.000000, pricing=ExactPricingSolver, new_columns=10
[CG 2] RMP=11.000000, pricing=ExactPricingSolver, new_columns=0
  搜索路径: [1, 2, 3, 6, 7, 8, 9, 11, 14, 18, 19, 22, 23, 10, 28, 29, 32, 33, 36, 37, 15, 42, 43, 16, 48, 49, 52, 53, 56, 57, 58, 59, 17, 66, 67, 70, 71, 72, 73, 74, 75, 82, 83, 47, 46, 60, 61, 64, 95, 65, 98, 99, 100, 101, 94, 106, 110, 111, 114, 115, 118, 119, 96, 124, 125, 117, 116, 107, 97, 134, 135, 89, 88, 140, 141, 146, 147, 40, 26, 150, 154, 155, 151, 158, 159, 152, 153, 27, 41, 166, 167, 168, 169, 170, 171, 176, 177, 180, 181, 164, 184, 185, 186, 187, 165, 87, 86, 172, 173, 78, 198, 199, 200, 201, 79, 206, 207, 194, 195, 208, 214, 215, 209, 196, 212, 213, 218, 219, 221, 220, 224, 225, 203, 231, 228, 233, 229, 240, 241, 236, 237, 248, 249, 244, 245, 230, 232, 204, 205, 197, 202, 264, 265, 252, 253, 145, 246, 247, 222, 280, 281, 217, 286, 287, 223, 216, 144, 296, 297, 299, 298, 267, 266, 182, 183, 227, 226, 102, 276, 314, 318, 319, 315, 277, 103, 210, 211, 148, 113, 324, 330, 331, 325, 334, 335, 338, 339, 174, 175, 317, 178, 316, 112, 179, 163, 162, 156, 157, 137, 284, 358, 361, 362, 367, 263, 262, 250, 251, 242, 243, 372, 375, 285, 136, 188, 359, 355, 386, 390, 387, 350, 189, 381, 374, 394, 395, 366, 383, 380, 402, 403, 373, 149, 363, 391, 354, 351, 382, 404, 405, 406, 407, 408, 409, 414, 415, 417, 410, 411, 412, 413, 416, 360, 422, 423, 129, 160, 426, 427, 128, 161, 396, 432, 433, 397, 282, 283, 192, 344, 345, 239, 425, 435, 434, 369, 418, 272, 421, 437, 439, 438, 441, 320, 440, 436, 445, 444, 270, 392, 447, 446, 356, 449, 448, 238, 302, 451, 450, 401, 308, 453, 452, 321, 293, 357, 333, 368, 457, 428, 332, 456, 393]
  列生成求解结果: 目标值=11.0000， 下界=8.0000， 上界=9.0000

处理节点 459
  开始列生成求解...
Set parameter LogToConsole to value 0
Set parameter Threads to value 1
Set parameter Seed to value 0
  定价策略: Exact, node=459, vertices=14
Set parameter PoolSearchMode to value 2
Set parameter PoolSolutions to value 10
[CG 1] RMP=2010.000000, pricing=ExactPricingSolver, new_columns=10
[CG 2] RMP=10.000000, pricing=ExactPricingSolver, new_columns=0
  搜索路径: [1, 2, 3, 6, 7, 8, 9, 11, 14, 18, 19, 22, 23, 10, 28, 29, 32, 33, 36, 37, 15, 42, 43, 16, 48, 49, 52, 53, 56, 57, 58, 59, 17, 66, 67, 70, 71, 72, 73, 74, 75, 82, 83, 47, 46, 60, 61, 64, 95, 65, 98, 99, 100, 101, 94, 106, 110, 111, 114, 115, 118, 119, 96, 124, 125, 117, 116, 107, 97, 134, 135, 89, 88, 140, 141, 146, 147, 40, 26, 150, 154, 155, 151, 158, 159, 152, 153, 27, 41, 166, 167, 168, 169, 170, 171, 176, 177, 180, 181, 164, 184, 185, 186, 187, 165, 87, 86, 172, 173, 78, 198, 199, 200, 201, 79, 206, 207, 194, 195, 208, 214, 215, 209, 196, 212, 213, 218, 219, 221, 220, 224, 225, 203, 231, 228, 233, 229, 240, 241, 236, 237, 248, 249, 244, 245, 230, 232, 204, 205, 197, 202, 264, 265, 252, 253, 145, 246, 247, 222, 280, 281, 217, 286, 287, 223, 216, 144, 296, 297, 299, 298, 267, 266, 182, 183, 227, 226, 102, 276, 314, 318, 319, 315, 277, 103, 210, 211, 148, 113, 324, 330, 331, 325, 334, 335, 338, 339, 174, 175, 317, 178, 316, 112, 179, 163, 162, 156, 157, 137, 284, 358, 361, 362, 367, 263, 262, 250, 251, 242, 243, 372, 375, 285, 136, 188, 359, 355, 386, 390, 387, 350, 189, 381, 374, 394, 395, 366, 383, 380, 402, 403, 373, 149, 363, 391, 354, 351, 382, 404, 405, 406, 407, 408, 409, 414, 415, 417, 410, 411, 412, 413, 416, 360, 422, 423, 129, 160, 426, 427, 128, 161, 396, 432, 433, 397, 282, 283, 192, 344, 345, 239, 425, 435, 434, 369, 418, 272, 421, 437, 439, 438, 441, 320, 440, 436, 445, 444, 270, 392, 447, 446, 356, 449, 448, 238, 302, 451, 450, 401, 308, 453, 452, 321, 293, 357, 333, 368, 457, 428, 332, 456, 393, 459]
  列生成求解结果: 目标值=10.0000， 下界=8.0000， 上界=9.0000

处理节点 431
  开始列生成求解...
Set parameter LogToConsole to value 0
Set parameter Threads to value 1
Set parameter Seed to value 0
  定价策略: Exact, node=431, vertices=13
Set parameter PoolSearchMode to value 2
Set parameter PoolSolutions to value 10
[CG 1] RMP=12.000000, pricing=ExactPricingSolver, new_columns=0
  搜索路径: [1, 2, 3, 6, 7, 8, 9, 11, 14, 18, 19, 22, 23, 10, 28, 29, 32, 33, 36, 37, 15, 42, 43, 16, 48, 49, 52, 53, 56, 57, 58, 59, 17, 66, 67, 70, 71, 72, 73, 74, 75, 82, 83, 47, 46, 60, 61, 64, 95, 65, 98, 99, 100, 101, 94, 106, 110, 111, 114, 115, 118, 119, 96, 124, 125, 117, 116, 107, 97, 134, 135, 89, 88, 140, 141, 146, 147, 40, 26, 150, 154, 155, 151, 158, 159, 152, 153, 27, 41, 166, 167, 168, 169, 170, 171, 176, 177, 180, 181, 164, 184, 185, 186, 187, 165, 87, 86, 172, 173, 78, 198, 199, 200, 201, 79, 206, 207, 194, 195, 208, 214, 215, 209, 196, 212, 213, 218, 219, 221, 220, 224, 225, 203, 231, 228, 233, 229, 240, 241, 236, 237, 248, 249, 244, 245, 230, 232, 204, 205, 197, 202, 264, 265, 252, 253, 145, 246, 247, 222, 280, 281, 217, 286, 287, 223, 216, 144, 296, 297, 299, 298, 267, 266, 182, 183, 227, 226, 102, 276, 314, 318, 319, 315, 277, 103, 210, 211, 148, 113, 324, 330, 331, 325, 334, 335, 338, 339, 174, 175, 317, 178, 316, 112, 179, 163, 162, 156, 157, 137, 284, 358, 361, 362, 367, 263, 262, 250, 251, 242, 243, 372, 375, 285, 136, 188, 359, 355, 386, 390, 387, 350, 189, 381, 374, 394, 395, 366, 383, 380, 402, 403, 373, 149, 363, 391, 354, 351, 382, 404, 405, 406, 407, 408, 409, 414, 415, 417, 410, 411, 412, 413, 416, 360, 422, 423, 129, 160, 426, 427, 128, 161, 396, 432, 433, 397, 282, 283, 192, 344, 345, 239, 425, 435, 434, 369, 418, 272, 421, 437, 439, 438, 441, 320, 440, 436, 445, 444, 270, 392, 447, 446, 356, 449, 448, 238, 302, 451, 450, 401, 308, 453, 452, 321, 293, 357, 333, 368, 457, 428, 332, 456, 393, 459, 431]
  列生成求解结果: 目标值=12.0000， 下界=8.0000， 上界=9.0000

处理节点 430
  开始列生成求解...
Set parameter LogToConsole to value 0
Set parameter Threads to value 1
Set parameter Seed to value 0
  定价策略: Exact, node=430, vertices=13
Set parameter PoolSearchMode to value 2
Set parameter PoolSolutions to value 10
[CG 1] RMP=18.000000, pricing=ExactPricingSolver, new_columns=10
[CG 2] RMP=9.000000, pricing=ExactPricingSolver, new_columns=0
  搜索路径: [1, 2, 3, 6, 7, 8, 9, 11, 14, 18, 19, 22, 23, 10, 28, 29, 32, 33, 36, 37, 15, 42, 43, 16, 48, 49, 52, 53, 56, 57, 58, 59, 17, 66, 67, 70, 71, 72, 73, 74, 75, 82, 83, 47, 46, 60, 61, 64, 95, 65, 98, 99, 100, 101, 94, 106, 110, 111, 114, 115, 118, 119, 96, 124, 125, 117, 116, 107, 97, 134, 135, 89, 88, 140, 141, 146, 147, 40, 26, 150, 154, 155, 151, 158, 159, 152, 153, 27, 41, 166, 167, 168, 169, 170, 171, 176, 177, 180, 181, 164, 184, 185, 186, 187, 165, 87, 86, 172, 173, 78, 198, 199, 200, 201, 79, 206, 207, 194, 195, 208, 214, 215, 209, 196, 212, 213, 218, 219, 221, 220, 224, 225, 203, 231, 228, 233, 229, 240, 241, 236, 237, 248, 249, 244, 245, 230, 232, 204, 205, 197, 202, 264, 265, 252, 253, 145, 246, 247, 222, 280, 281, 217, 286, 287, 223, 216, 144, 296, 297, 299, 298, 267, 266, 182, 183, 227, 226, 102, 276, 314, 318, 319, 315, 277, 103, 210, 211, 148, 113, 324, 330, 331, 325, 334, 335, 338, 339, 174, 175, 317, 178, 316, 112, 179, 163, 162, 156, 157, 137, 284, 358, 361, 362, 367, 263, 262, 250, 251, 242, 243, 372, 375, 285, 136, 188, 359, 355, 386, 390, 387, 350, 189, 381, 374, 394, 395, 366, 383, 380, 402, 403, 373, 149, 363, 391, 354, 351, 382, 404, 405, 406, 407, 408, 409, 414, 415, 417, 410, 411, 412, 413, 416, 360, 422, 423, 129, 160, 426, 427, 128, 161, 396, 432, 433, 397, 282, 283, 192, 344, 345, 239, 425, 435, 434, 369, 418, 272, 421, 437, 439, 438, 441, 320, 440, 436, 445, 444, 270, 392, 447, 446, 356, 449, 448, 238, 302, 451, 450, 401, 308, 453, 452, 321, 293, 357, 333, 368, 457, 428, 332, 456, 393, 459, 431, 430]
  列生成求解结果: 目标值=9.0000， 下界=8.0000， 上界=9.0000

处理节点 458
  开始列生成求解...
Set parameter LogToConsole to value 0
Set parameter Threads to value 1
Set parameter Seed to value 0
  定价策略: Exact, node=458, vertices=14
Set parameter PoolSearchMode to value 2
Set parameter PoolSolutions to value 10
[CG 1] RMP=12.000000, pricing=ExactPricingSolver, new_columns=0
  搜索路径: [1, 2, 3, 6, 7, 8, 9, 11, 14, 18, 19, 22, 23, 10, 28, 29, 32, 33, 36, 37, 15, 42, 43, 16, 48, 49, 52, 53, 56, 57, 58, 59, 17, 66, 67, 70, 71, 72, 73, 74, 75, 82, 83, 47, 46, 60, 61, 64, 95, 65, 98, 99, 100, 101, 94, 106, 110, 111, 114, 115, 118, 119, 96, 124, 125, 117, 116, 107, 97, 134, 135, 89, 88, 140, 141, 146, 147, 40, 26, 150, 154, 155, 151, 158, 159, 152, 153, 27, 41, 166, 167, 168, 169, 170, 171, 176, 177, 180, 181, 164, 184, 185, 186, 187, 165, 87, 86, 172, 173, 78, 198, 199, 200, 201, 79, 206, 207, 194, 195, 208, 214, 215, 209, 196, 212, 213, 218, 219, 221, 220, 224, 225, 203, 231, 228, 233, 229, 240, 241, 236, 237, 248, 249, 244, 245, 230, 232, 204, 205, 197, 202, 264, 265, 252, 253, 145, 246, 247, 222, 280, 281, 217, 286, 287, 223, 216, 144, 296, 297, 299, 298, 267, 266, 182, 183, 227, 226, 102, 276, 314, 318, 319, 315, 277, 103, 210, 211, 148, 113, 324, 330, 331, 325, 334, 335, 338, 339, 174, 175, 317, 178, 316, 112, 179, 163, 162, 156, 157, 137, 284, 358, 361, 362, 367, 263, 262, 250, 251, 242, 243, 372, 375, 285, 136, 188, 359, 355, 386, 390, 387, 350, 189, 381, 374, 394, 395, 366, 383, 380, 402, 403, 373, 149, 363, 391, 354, 351, 382, 404, 405, 406, 407, 408, 409, 414, 415, 417, 410, 411, 412, 413, 416, 360, 422, 423, 129, 160, 426, 427, 128, 161, 396, 432, 433, 397, 282, 283, 192, 344, 345, 239, 425, 435, 434, 369, 418, 272, 421, 437, 439, 438, 441, 320, 440, 436, 445, 444, 270, 392, 447, 446, 356, 449, 448, 238, 302, 451, 450, 401, 308, 453, 452, 321, 293, 357, 333, 368, 457, 428, 332, 456, 393, 459, 431, 430, 458]
  列生成求解结果: 目标值=12.0000， 下界=8.0000， 上界=9.0000

处理节点 309
  开始列生成求解...
Set parameter LogToConsole to value 0
Set parameter Threads to value 1
Set parameter Seed to value 0
  定价策略: Exact, node=309, vertices=15
Set parameter PoolSearchMode to value 2
Set parameter PoolSolutions to value 10
[CG 1] RMP=2010.000000, pricing=ExactPricingSolver, new_columns=10
[CG 2] RMP=12.000000, pricing=ExactPricingSolver, new_columns=0
  搜索路径: [1, 2, 3, 6, 7, 8, 9, 11, 14, 18, 19, 22, 23, 10, 28, 29, 32, 33, 36, 37, 15, 42, 43, 16, 48, 49, 52, 53, 56, 57, 58, 59, 17, 66, 67, 70, 71, 72, 73, 74, 75, 82, 83, 47, 46, 60, 61, 64, 95, 65, 98, 99, 100, 101, 94, 106, 110, 111, 114, 115, 118, 119, 96, 124, 125, 117, 116, 107, 97, 134, 135, 89, 88, 140, 141, 146, 147, 40, 26, 150, 154, 155, 151, 158, 159, 152, 153, 27, 41, 166, 167, 168, 169, 170, 171, 176, 177, 180, 181, 164, 184, 185, 186, 187, 165, 87, 86, 172, 173, 78, 198, 199, 200, 201, 79, 206, 207, 194, 195, 208, 214, 215, 209, 196, 212, 213, 218, 219, 221, 220, 224, 225, 203, 231, 228, 233, 229, 240, 241, 236, 237, 248, 249, 244, 245, 230, 232, 204, 205, 197, 202, 264, 265, 252, 253, 145, 246, 247, 222, 280, 281, 217, 286, 287, 223, 216, 144, 296, 297, 299, 298, 267, 266, 182, 183, 227, 226, 102, 276, 314, 318, 319, 315, 277, 103, 210, 211, 148, 113, 324, 330, 331, 325, 334, 335, 338, 339, 174, 175, 317, 178, 316, 112, 179, 163, 162, 156, 157, 137, 284, 358, 361, 362, 367, 263, 262, 250, 251, 242, 243, 372, 375, 285, 136, 188, 359, 355, 386, 390, 387, 350, 189, 381, 374, 394, 395, 366, 383, 380, 402, 403, 373, 149, 363, 391, 354, 351, 382, 404, 405, 406, 407, 408, 409, 414, 415, 417, 410, 411, 412, 413, 416, 360, 422, 423, 129, 160, 426, 427, 128, 161, 396, 432, 433, 397, 282, 283, 192, 344, 345, 239, 425, 435, 434, 369, 418, 272, 421, 437, 439, 438, 441, 320, 440, 436, 445, 444, 270, 392, 447, 446, 356, 449, 448, 238, 302, 451, 450, 401, 308, 453, 452, 321, 293, 357, 333, 368, 457, 428, 332, 456, 393, 459, 431, 430, 458, 309]
  列生成求解结果: 目标值=12.0000， 下界=8.0000， 上界=9.0000

处理节点 419
  开始列生成求解...
Set parameter LogToConsole to value 0
Set parameter Threads to value 1
Set parameter Seed to value 0
  定价策略: Exact, node=419, vertices=14
Set parameter PoolSearchMode to value 2
Set parameter PoolSolutions to value 10
[CG 1] RMP=8.000000, pricing=ExactPricingSolver, new_columns=0
  搜索路径: [1, 2, 3, 6, 7, 8, 9, 11, 14, 18, 19, 22, 23, 10, 28, 29, 32, 33, 36, 37, 15, 42, 43, 16, 48, 49, 52, 53, 56, 57, 58, 59, 17, 66, 67, 70, 71, 72, 73, 74, 75, 82, 83, 47, 46, 60, 61, 64, 95, 65, 98, 99, 100, 101, 94, 106, 110, 111, 114, 115, 118, 119, 96, 124, 125, 117, 116, 107, 97, 134, 135, 89, 88, 140, 141, 146, 147, 40, 26, 150, 154, 155, 151, 158, 159, 152, 153, 27, 41, 166, 167, 168, 169, 170, 171, 176, 177, 180, 181, 164, 184, 185, 186, 187, 165, 87, 86, 172, 173, 78, 198, 199, 200, 201, 79, 206, 207, 194, 195, 208, 214, 215, 209, 196, 212, 213, 218, 219, 221, 220, 224, 225, 203, 231, 228, 233, 229, 240, 241, 236, 237, 248, 249, 244, 245, 230, 232, 204, 205, 197, 202, 264, 265, 252, 253, 145, 246, 247, 222, 280, 281, 217, 286, 287, 223, 216, 144, 296, 297, 299, 298, 267, 266, 182, 183, 227, 226, 102, 276, 314, 318, 319, 315, 277, 103, 210, 211, 148, 113, 324, 330, 331, 325, 334, 335, 338, 339, 174, 175, 317, 178, 316, 112, 179, 163, 162, 156, 157, 137, 284, 358, 361, 362, 367, 263, 262, 250, 251, 242, 243, 372, 375, 285, 136, 188, 359, 355, 386, 390, 387, 350, 189, 381, 374, 394, 395, 366, 383, 380, 402, 403, 373, 149, 363, 391, 354, 351, 382, 404, 405, 406, 407, 408, 409, 414, 415, 417, 410, 411, 412, 413, 416, 360, 422, 423, 129, 160, 426, 427, 128, 161, 396, 432, 433, 397, 282, 283, 192, 344, 345, 239, 425, 435, 434, 369, 418, 272, 421, 437, 439, 438, 441, 320, 440, 436, 445, 444, 270, 392, 447, 446, 356, 449, 448, 238, 302, 451, 450, 401, 308, 453, 452, 321, 293, 357, 333, 368, 457, 428, 332, 456, 393, 459, 431, 430, 458, 309, 419]
  列生成求解结果: 目标值=8.0000， 下界=8.0000， 上界=9.0000
    非整数变量: COL_18-23-9_35 = 0.333333
  解不是整数，开始分支...
ImposedVertex(vertex=28)
ForbidVertex(vertex=28)
  创建了 2 个分支
    添加分支节点 1: ID=460
    添加分支节点 2: ID=461

处理节点 399
  开始列生成求解...
Set parameter LogToConsole to value 0
Set parameter Threads to value 1
Set parameter Seed to value 0
  定价策略: Exact, node=399, vertices=11
Set parameter PoolSearchMode to value 2
Set parameter PoolSolutions to value 10
[CG 1] RMP=14.000000, pricing=ExactPricingSolver, new_columns=10
[CG 2] RMP=8.000000, pricing=ExactPricingSolver, new_columns=0
  搜索路径: [1, 2, 3, 6, 7, 8, 9, 11, 14, 18, 19, 22, 23, 10, 28, 29, 32, 33, 36, 37, 15, 42, 43, 16, 48, 49, 52, 53, 56, 57, 58, 59, 17, 66, 67, 70, 71, 72, 73, 74, 75, 82, 83, 47, 46, 60, 61, 64, 95, 65, 98, 99, 100, 101, 94, 106, 110, 111, 114, 115, 118, 119, 96, 124, 125, 117, 116, 107, 97, 134, 135, 89, 88, 140, 141, 146, 147, 40, 26, 150, 154, 155, 151, 158, 159, 152, 153, 27, 41, 166, 167, 168, 169, 170, 171, 176, 177, 180, 181, 164, 184, 185, 186, 187, 165, 87, 86, 172, 173, 78, 198, 199, 200, 201, 79, 206, 207, 194, 195, 208, 214, 215, 209, 196, 212, 213, 218, 219, 221, 220, 224, 225, 203, 231, 228, 233, 229, 240, 241, 236, 237, 248, 249, 244, 245, 230, 232, 204, 205, 197, 202, 264, 265, 252, 253, 145, 246, 247, 222, 280, 281, 217, 286, 287, 223, 216, 144, 296, 297, 299, 298, 267, 266, 182, 183, 227, 226, 102, 276, 314, 318, 319, 315, 277, 103, 210, 211, 148, 113, 324, 330, 331, 325, 334, 335, 338, 339, 174, 175, 317, 178, 316, 112, 179, 163, 162, 156, 157, 137, 284, 358, 361, 362, 367, 263, 262, 250, 251, 242, 243, 372, 375, 285, 136, 188, 359, 355, 386, 390, 387, 350, 189, 381, 374, 394, 395, 366, 383, 380, 402, 403, 373, 149, 363, 391, 354, 351, 382, 404, 405, 406, 407, 408, 409, 414, 415, 417, 410, 411, 412, 413, 416, 360, 422, 423, 129, 160, 426, 427, 128, 161, 396, 432, 433, 397, 282, 283, 192, 344, 345, 239, 425, 435, 434, 369, 418, 272, 421, 437, 439, 438, 441, 320, 440, 436, 445, 444, 270, 392, 447, 446, 356, 449, 448, 238, 302, 451, 450, 401, 308, 453, 452, 321, 293, 357, 333, 368, 457, 428, 332, 456, 393, 459, 431, 430, 458, 309, 419, 399]
  列生成求解结果: 目标值=8.0000， 下界=8.0000， 上界=9.0000
    非整数变量: COL_1-18-23-9_37 = 0.227273
  解不是整数，开始分支...
ImposedVertex(vertex=27)
ForbidVertex(vertex=27)
  创建了 2 个分支
    添加分支节点 1: ID=462
    添加分支节点 2: ID=463

处理节点 307
  开始列生成求解...
Set parameter LogToConsole to value 0
Set parameter Threads to value 1
Set parameter Seed to value 0
  定价策略: Exact, node=307, vertices=14
Set parameter PoolSearchMode to value 2
Set parameter PoolSolutions to value 10
[CG 1] RMP=12.000000, pricing=ExactPricingSolver, new_columns=10
[CG 2] RMP=8.000000, pricing=ExactPricingSolver, new_columns=0
  搜索路径: [1, 2, 3, 6, 7, 8, 9, 11, 14, 18, 19, 22, 23, 10, 28, 29, 32, 33, 36, 37, 15, 42, 43, 16, 48, 49, 52, 53, 56, 57, 58, 59, 17, 66, 67, 70, 71, 72, 73, 74, 75, 82, 83, 47, 46, 60, 61, 64, 95, 65, 98, 99, 100, 101, 94, 106, 110, 111, 114, 115, 118, 119, 96, 124, 125, 117, 116, 107, 97, 134, 135, 89, 88, 140, 141, 146, 147, 40, 26, 150, 154, 155, 151, 158, 159, 152, 153, 27, 41, 166, 167, 168, 169, 170, 171, 176, 177, 180, 181, 164, 184, 185, 186, 187, 165, 87, 86, 172, 173, 78, 198, 199, 200, 201, 79, 206, 207, 194, 195, 208, 214, 215, 209, 196, 212, 213, 218, 219, 221, 220, 224, 225, 203, 231, 228, 233, 229, 240, 241, 236, 237, 248, 249, 244, 245, 230, 232, 204, 205, 197, 202, 264, 265, 252, 253, 145, 246, 247, 222, 280, 281, 217, 286, 287, 223, 216, 144, 296, 297, 299, 298, 267, 266, 182, 183, 227, 226, 102, 276, 314, 318, 319, 315, 277, 103, 210, 211, 148, 113, 324, 330, 331, 325, 334, 335, 338, 339, 174, 175, 317, 178, 316, 112, 179, 163, 162, 156, 157, 137, 284, 358, 361, 362, 367, 263, 262, 250, 251, 242, 243, 372, 375, 285, 136, 188, 359, 355, 386, 390, 387, 350, 189, 381, 374, 394, 395, 366, 383, 380, 402, 403, 373, 149, 363, 391, 354, 351, 382, 404, 405, 406, 407, 408, 409, 414, 415, 417, 410, 411, 412, 413, 416, 360, 422, 423, 129, 160, 426, 427, 128, 161, 396, 432, 433, 397, 282, 283, 192, 344, 345, 239, 425, 435, 434, 369, 418, 272, 421, 437, 439, 438, 441, 320, 440, 436, 445, 444, 270, 392, 447, 446, 356, 449, 448, 238, 302, 451, 450, 401, 308, 453, 452, 321, 293, 357, 333, 368, 457, 428, 332, 456, 393, 459, 431, 430, 458, 309, 419, 399, 307]
  列生成求解结果: 目标值=8.0000， 下界=8.0000， 上界=9.0000
    非整数变量: COL_1-11-15-18-20-28-9_1035 = 0.272727
  解不是整数，开始分支...
ImposedVertex(vertex=28)
ForbidVertex(vertex=28)
  创建了 2 个分支
    添加分支节点 1: ID=464
    添加分支节点 2: ID=465
  进度: 已处理 330 个节点, 剩余 21 个, 当前最优 9.0000, 当前列数: 2367

处理节点 398
  开始列生成求解...
Set parameter LogToConsole to value 0
Set parameter Threads to value 1
Set parameter Seed to value 0
  定价策略: Exact, node=398, vertices=11
Set parameter PoolSearchMode to value 2
Set parameter PoolSolutions to value 10
[CG 1] RMP=11.000000, pricing=ExactPricingSolver, new_columns=10
[CG 2] RMP=8.000000, pricing=ExactPricingSolver, new_columns=0
  搜索路径: [1, 2, 3, 6, 7, 8, 9, 11, 14, 18, 19, 22, 23, 10, 28, 29, 32, 33, 36, 37, 15, 42, 43, 16, 48, 49, 52, 53, 56, 57, 58, 59, 17, 66, 67, 70, 71, 72, 73, 74, 75, 82, 83, 47, 46, 60, 61, 64, 95, 65, 98, 99, 100, 101, 94, 106, 110, 111, 114, 115, 118, 119, 96, 124, 125, 117, 116, 107, 97, 134, 135, 89, 88, 140, 141, 146, 147, 40, 26, 150, 154, 155, 151, 158, 159, 152, 153, 27, 41, 166, 167, 168, 169, 170, 171, 176, 177, 180, 181, 164, 184, 185, 186, 187, 165, 87, 86, 172, 173, 78, 198, 199, 200, 201, 79, 206, 207, 194, 195, 208, 214, 215, 209, 196, 212, 213, 218, 219, 221, 220, 224, 225, 203, 231, 228, 233, 229, 240, 241, 236, 237, 248, 249, 244, 245, 230, 232, 204, 205, 197, 202, 264, 265, 252, 253, 145, 246, 247, 222, 280, 281, 217, 286, 287, 223, 216, 144, 296, 297, 299, 298, 267, 266, 182, 183, 227, 226, 102, 276, 314, 318, 319, 315, 277, 103, 210, 211, 148, 113, 324, 330, 331, 325, 334, 335, 338, 339, 174, 175, 317, 178, 316, 112, 179, 163, 162, 156, 157, 137, 284, 358, 361, 362, 367, 263, 262, 250, 251, 242, 243, 372, 375, 285, 136, 188, 359, 355, 386, 390, 387, 350, 189, 381, 374, 394, 395, 366, 383, 380, 402, 403, 373, 149, 363, 391, 354, 351, 382, 404, 405, 406, 407, 408, 409, 414, 415, 417, 410, 411, 412, 413, 416, 360, 422, 423, 129, 160, 426, 427, 128, 161, 396, 432, 433, 397, 282, 283, 192, 344, 345, 239, 425, 435, 434, 369, 418, 272, 421, 437, 439, 438, 441, 320, 440, 436, 445, 444, 270, 392, 447, 446, 356, 449, 448, 238, 302, 451, 450, 401, 308, 453, 452, 321, 293, 357, 333, 368, 457, 428, 332, 456, 393, 459, 431, 430, 458, 309, 419, 399, 307, 398]
  列生成求解结果: 目标值=8.0000， 下界=8.0000， 上界=9.0000
    非整数变量: COL_1-18-23-7-9_41 = 0.428571
  解不是整数，开始分支...
ImposedVertex(vertex=27)
ForbidVertex(vertex=27)
  创建了 2 个分支
    添加分支节点 1: ID=466
    添加分支节点 2: ID=467

处理节点 193
  开始列生成求解...
Set parameter LogToConsole to value 0
Set parameter Threads to value 1
Set parameter Seed to value 0
  定价策略: Exact, node=193, vertices=14
Set parameter PoolSearchMode to value 2
Set parameter PoolSolutions to value 10
[CG 1] RMP=8.000000, pricing=ExactPricingSolver, new_columns=0
  搜索路径: [1, 2, 3, 6, 7, 8, 9, 11, 14, 18, 19, 22, 23, 10, 28, 29, 32, 33, 36, 37, 15, 42, 43, 16, 48, 49, 52, 53, 56, 57, 58, 59, 17, 66, 67, 70, 71, 72, 73, 74, 75, 82, 83, 47, 46, 60, 61, 64, 95, 65, 98, 99, 100, 101, 94, 106, 110, 111, 114, 115, 118, 119, 96, 124, 125, 117, 116, 107, 97, 134, 135, 89, 88, 140, 141, 146, 147, 40, 26, 150, 154, 155, 151, 158, 159, 152, 153, 27, 41, 166, 167, 168, 169, 170, 171, 176, 177, 180, 181, 164, 184, 185, 186, 187, 165, 87, 86, 172, 173, 78, 198, 199, 200, 201, 79, 206, 207, 194, 195, 208, 214, 215, 209, 196, 212, 213, 218, 219, 221, 220, 224, 225, 203, 231, 228, 233, 229, 240, 241, 236, 237, 248, 249, 244, 245, 230, 232, 204, 205, 197, 202, 264, 265, 252, 253, 145, 246, 247, 222, 280, 281, 217, 286, 287, 223, 216, 144, 296, 297, 299, 298, 267, 266, 182, 183, 227, 226, 102, 276, 314, 318, 319, 315, 277, 103, 210, 211, 148, 113, 324, 330, 331, 325, 334, 335, 338, 339, 174, 175, 317, 178, 316, 112, 179, 163, 162, 156, 157, 137, 284, 358, 361, 362, 367, 263, 262, 250, 251, 242, 243, 372, 375, 285, 136, 188, 359, 355, 386, 390, 387, 350, 189, 381, 374, 394, 395, 366, 383, 380, 402, 403, 373, 149, 363, 391, 354, 351, 382, 404, 405, 406, 407, 408, 409, 414, 415, 417, 410, 411, 412, 413, 416, 360, 422, 423, 129, 160, 426, 427, 128, 161, 396, 432, 433, 397, 282, 283, 192, 344, 345, 239, 425, 435, 434, 369, 418, 272, 421, 437, 439, 438, 441, 320, 440, 436, 445, 444, 270, 392, 447, 446, 356, 449, 448, 238, 302, 451, 450, 401, 308, 453, 452, 321, 293, 357, 333, 368, 457, 428, 332, 456, 393, 459, 431, 430, 458, 309, 419, 399, 307, 398, 193]
  列生成求解结果: 目标值=8.0000， 下界=8.0000， 上界=9.0000
    非整数变量: COL_0-4-9_98 = 0.100000
  解不是整数，开始分支...
ImposedVertex(vertex=26)
ForbidVertex(vertex=26)
  创建了 2 个分支
    添加分支节点 1: ID=468
    添加分支节点 2: ID=469

处理节点 461
  开始列生成求解...
Set parameter LogToConsole to value 0
Set parameter Threads to value 1
Set parameter Seed to value 0
  定价策略: Exact, node=461, vertices=13
Set parameter PoolSearchMode to value 2
Set parameter PoolSolutions to value 10
[CG 1] RMP=10.000000, pricing=ExactPricingSolver, new_columns=10
[CG 2] RMP=10.000000, pricing=ExactPricingSolver, new_columns=0
  搜索路径: [1, 2, 3, 6, 7, 8, 9, 11, 14, 18, 19, 22, 23, 10, 28, 29, 32, 33, 36, 37, 15, 42, 43, 16, 48, 49, 52, 53, 56, 57, 58, 59, 17, 66, 67, 70, 71, 72, 73, 74, 75, 82, 83, 47, 46, 60, 61, 64, 95, 65, 98, 99, 100, 101, 94, 106, 110, 111, 114, 115, 118, 119, 96, 124, 125, 117, 116, 107, 97, 134, 135, 89, 88, 140, 141, 146, 147, 40, 26, 150, 154, 155, 151, 158, 159, 152, 153, 27, 41, 166, 167, 168, 169, 170, 171, 176, 177, 180, 181, 164, 184, 185, 186, 187, 165, 87, 86, 172, 173, 78, 198, 199, 200, 201, 79, 206, 207, 194, 195, 208, 214, 215, 209, 196, 212, 213, 218, 219, 221, 220, 224, 225, 203, 231, 228, 233, 229, 240, 241, 236, 237, 248, 249, 244, 245, 230, 232, 204, 205, 197, 202, 264, 265, 252, 253, 145, 246, 247, 222, 280, 281, 217, 286, 287, 223, 216, 144, 296, 297, 299, 298, 267, 266, 182, 183, 227, 226, 102, 276, 314, 318, 319, 315, 277, 103, 210, 211, 148, 113, 324, 330, 331, 325, 334, 335, 338, 339, 174, 175, 317, 178, 316, 112, 179, 163, 162, 156, 157, 137, 284, 358, 361, 362, 367, 263, 262, 250, 251, 242, 243, 372, 375, 285, 136, 188, 359, 355, 386, 390, 387, 350, 189, 381, 374, 394, 395, 366, 383, 380, 402, 403, 373, 149, 363, 391, 354, 351, 382, 404, 405, 406, 407, 408, 409, 414, 415, 417, 410, 411, 412, 413, 416, 360, 422, 423, 129, 160, 426, 427, 128, 161, 396, 432, 433, 397, 282, 283, 192, 344, 345, 239, 425, 435, 434, 369, 418, 272, 421, 437, 439, 438, 441, 320, 440, 436, 445, 444, 270, 392, 447, 446, 356, 449, 448, 238, 302, 451, 450, 401, 308, 453, 452, 321, 293, 357, 333, 368, 457, 428, 332, 456, 393, 459, 431, 430, 458, 309, 419, 399, 307, 398, 193, 461]
  列生成求解结果: 目标值=10.0000， 下界=8.0000， 上界=9.0000

处理节点 463
  开始列生成求解...
Set parameter LogToConsole to value 0
Set parameter Threads to value 1
Set parameter Seed to value 0
  定价策略: Exact, node=463, vertices=10
Set parameter PoolSearchMode to value 2
Set parameter PoolSolutions to value 10
[CG 1] RMP=14.000000, pricing=ExactPricingSolver, new_columns=10
[CG 2] RMP=12.000000, pricing=ExactPricingSolver, new_columns=0
  搜索路径: [1, 2, 3, 6, 7, 8, 9, 11, 14, 18, 19, 22, 23, 10, 28, 29, 32, 33, 36, 37, 15, 42, 43, 16, 48, 49, 52, 53, 56, 57, 58, 59, 17, 66, 67, 70, 71, 72, 73, 74, 75, 82, 83, 47, 46, 60, 61, 64, 95, 65, 98, 99, 100, 101, 94, 106, 110, 111, 114, 115, 118, 119, 96, 124, 125, 117, 116, 107, 97, 134, 135, 89, 88, 140, 141, 146, 147, 40, 26, 150, 154, 155, 151, 158, 159, 152, 153, 27, 41, 166, 167, 168, 169, 170, 171, 176, 177, 180, 181, 164, 184, 185, 186, 187, 165, 87, 86, 172, 173, 78, 198, 199, 200, 201, 79, 206, 207, 194, 195, 208, 214, 215, 209, 196, 212, 213, 218, 219, 221, 220, 224, 225, 203, 231, 228, 233, 229, 240, 241, 236, 237, 248, 249, 244, 245, 230, 232, 204, 205, 197, 202, 264, 265, 252, 253, 145, 246, 247, 222, 280, 281, 217, 286, 287, 223, 216, 144, 296, 297, 299, 298, 267, 266, 182, 183, 227, 226, 102, 276, 314, 318, 319, 315, 277, 103, 210, 211, 148, 113, 324, 330, 331, 325, 334, 335, 338, 339, 174, 175, 317, 178, 316, 112, 179, 163, 162, 156, 157, 137, 284, 358, 361, 362, 367, 263, 262, 250, 251, 242, 243, 372, 375, 285, 136, 188, 359, 355, 386, 390, 387, 350, 189, 381, 374, 394, 395, 366, 383, 380, 402, 403, 373, 149, 363, 391, 354, 351, 382, 404, 405, 406, 407, 408, 409, 414, 415, 417, 410, 411, 412, 413, 416, 360, 422, 423, 129, 160, 426, 427, 128, 161, 396, 432, 433, 397, 282, 283, 192, 344, 345, 239, 425, 435, 434, 369, 418, 272, 421, 437, 439, 438, 441, 320, 440, 436, 445, 444, 270, 392, 447, 446, 356, 449, 448, 238, 302, 451, 450, 401, 308, 453, 452, 321, 293, 357, 333, 368, 457, 428, 332, 456, 393, 459, 431, 430, 458, 309, 419, 399, 307, 398, 193, 461, 463]
  列生成求解结果: 目标值=12.0000， 下界=8.0000， 上界=9.0000

处理节点 465
  开始列生成求解...
Set parameter LogToConsole to value 0
Set parameter Threads to value 1
Set parameter Seed to value 0
  定价策略: Exact, node=465, vertices=13
Set parameter PoolSearchMode to value 2
Set parameter PoolSolutions to value 10
[CG 1] RMP=12.000000, pricing=ExactPricingSolver, new_columns=10
[CG 2] RMP=11.000000, pricing=ExactPricingSolver, new_columns=0
  搜索路径: [1, 2, 3, 6, 7, 8, 9, 11, 14, 18, 19, 22, 23, 10, 28, 29, 32, 33, 36, 37, 15, 42, 43, 16, 48, 49, 52, 53, 56, 57, 58, 59, 17, 66, 67, 70, 71, 72, 73, 74, 75, 82, 83, 47, 46, 60, 61, 64, 95, 65, 98, 99, 100, 101, 94, 106, 110, 111, 114, 115, 118, 119, 96, 124, 125, 117, 116, 107, 97, 134, 135, 89, 88, 140, 141, 146, 147, 40, 26, 150, 154, 155, 151, 158, 159, 152, 153, 27, 41, 166, 167, 168, 169, 170, 171, 176, 177, 180, 181, 164, 184, 185, 186, 187, 165, 87, 86, 172, 173, 78, 198, 199, 200, 201, 79, 206, 207, 194, 195, 208, 214, 215, 209, 196, 212, 213, 218, 219, 221, 220, 224, 225, 203, 231, 228, 233, 229, 240, 241, 236, 237, 248, 249, 244, 245, 230, 232, 204, 205, 197, 202, 264, 265, 252, 253, 145, 246, 247, 222, 280, 281, 217, 286, 287, 223, 216, 144, 296, 297, 299, 298, 267, 266, 182, 183, 227, 226, 102, 276, 314, 318, 319, 315, 277, 103, 210, 211, 148, 113, 324, 330, 331, 325, 334, 335, 338, 339, 174, 175, 317, 178, 316, 112, 179, 163, 162, 156, 157, 137, 284, 358, 361, 362, 367, 263, 262, 250, 251, 242, 243, 372, 375, 285, 136, 188, 359, 355, 386, 390, 387, 350, 189, 381, 374, 394, 395, 366, 383, 380, 402, 403, 373, 149, 363, 391, 354, 351, 382, 404, 405, 406, 407, 408, 409, 414, 415, 417, 410, 411, 412, 413, 416, 360, 422, 423, 129, 160, 426, 427, 128, 161, 396, 432, 433, 397, 282, 283, 192, 344, 345, 239, 425, 435, 434, 369, 418, 272, 421, 437, 439, 438, 441, 320, 440, 436, 445, 444, 270, 392, 447, 446, 356, 449, 448, 238, 302, 451, 450, 401, 308, 453, 452, 321, 293, 357, 333, 368, 457, 428, 332, 456, 393, 459, 431, 430, 458, 309, 419, 399, 307, 398, 193, 461, 463, 465]
  列生成求解结果: 目标值=11.0000， 下界=8.0000， 上界=9.0000

处理节点 467
  开始列生成求解...
Set parameter LogToConsole to value 0
Set parameter Threads to value 1
Set parameter Seed to value 0
  定价策略: Exact, node=467, vertices=10
Set parameter PoolSearchMode to value 2
Set parameter PoolSolutions to value 10
[CG 1] RMP=14.000000, pricing=ExactPricingSolver, new_columns=10
[CG 2] RMP=14.000000, pricing=ExactPricingSolver, new_columns=10
[CG 3] RMP=12.000000, pricing=ExactPricingSolver, new_columns=0
  搜索路径: [1, 2, 3, 6, 7, 8, 9, 11, 14, 18, 19, 22, 23, 10, 28, 29, 32, 33, 36, 37, 15, 42, 43, 16, 48, 49, 52, 53, 56, 57, 58, 59, 17, 66, 67, 70, 71, 72, 73, 74, 75, 82, 83, 47, 46, 60, 61, 64, 95, 65, 98, 99, 100, 101, 94, 106, 110, 111, 114, 115, 118, 119, 96, 124, 125, 117, 116, 107, 97, 134, 135, 89, 88, 140, 141, 146, 147, 40, 26, 150, 154, 155, 151, 158, 159, 152, 153, 27, 41, 166, 167, 168, 169, 170, 171, 176, 177, 180, 181, 164, 184, 185, 186, 187, 165, 87, 86, 172, 173, 78, 198, 199, 200, 201, 79, 206, 207, 194, 195, 208, 214, 215, 209, 196, 212, 213, 218, 219, 221, 220, 224, 225, 203, 231, 228, 233, 229, 240, 241, 236, 237, 248, 249, 244, 245, 230, 232, 204, 205, 197, 202, 264, 265, 252, 253, 145, 246, 247, 222, 280, 281, 217, 286, 287, 223, 216, 144, 296, 297, 299, 298, 267, 266, 182, 183, 227, 226, 102, 276, 314, 318, 319, 315, 277, 103, 210, 211, 148, 113, 324, 330, 331, 325, 334, 335, 338, 339, 174, 175, 317, 178, 316, 112, 179, 163, 162, 156, 157, 137, 284, 358, 361, 362, 367, 263, 262, 250, 251, 242, 243, 372, 375, 285, 136, 188, 359, 355, 386, 390, 387, 350, 189, 381, 374, 394, 395, 366, 383, 380, 402, 403, 373, 149, 363, 391, 354, 351, 382, 404, 405, 406, 407, 408, 409, 414, 415, 417, 410, 411, 412, 413, 416, 360, 422, 423, 129, 160, 426, 427, 128, 161, 396, 432, 433, 397, 282, 283, 192, 344, 345, 239, 425, 435, 434, 369, 418, 272, 421, 437, 439, 438, 441, 320, 440, 436, 445, 444, 270, 392, 447, 446, 356, 449, 448, 238, 302, 451, 450, 401, 308, 453, 452, 321, 293, 357, 333, 368, 457, 428, 332, 456, 393, 459, 431, 430, 458, 309, 419, 399, 307, 398, 193, 461, 463, 465, 467]
  列生成求解结果: 目标值=12.0000， 下界=8.0000， 上界=9.0000

处理节点 469
  开始列生成求解...
Set parameter LogToConsole to value 0
Set parameter Threads to value 1
Set parameter Seed to value 0
  定价策略: Exact, node=469, vertices=13
Set parameter PoolSearchMode to value 2
Set parameter PoolSolutions to value 10
[CG 1] RMP=12.000000, pricing=ExactPricingSolver, new_columns=0
  搜索路径: [1, 2, 3, 6, 7, 8, 9, 11, 14, 18, 19, 22, 23, 10, 28, 29, 32, 33, 36, 37, 15, 42, 43, 16, 48, 49, 52, 53, 56, 57, 58, 59, 17, 66, 67, 70, 71, 72, 73, 74, 75, 82, 83, 47, 46, 60, 61, 64, 95, 65, 98, 99, 100, 101, 94, 106, 110, 111, 114, 115, 118, 119, 96, 124, 125, 117, 116, 107, 97, 134, 135, 89, 88, 140, 141, 146, 147, 40, 26, 150, 154, 155, 151, 158, 159, 152, 153, 27, 41, 166, 167, 168, 169, 170, 171, 176, 177, 180, 181, 164, 184, 185, 186, 187, 165, 87, 86, 172, 173, 78, 198, 199, 200, 201, 79, 206, 207, 194, 195, 208, 214, 215, 209, 196, 212, 213, 218, 219, 221, 220, 224, 225, 203, 231, 228, 233, 229, 240, 241, 236, 237, 248, 249, 244, 245, 230, 232, 204, 205, 197, 202, 264, 265, 252, 253, 145, 246, 247, 222, 280, 281, 217, 286, 287, 223, 216, 144, 296, 297, 299, 298, 267, 266, 182, 183, 227, 226, 102, 276, 314, 318, 319, 315, 277, 103, 210, 211, 148, 113, 324, 330, 331, 325, 334, 335, 338, 339, 174, 175, 317, 178, 316, 112, 179, 163, 162, 156, 157, 137, 284, 358, 361, 362, 367, 263, 262, 250, 251, 242, 243, 372, 375, 285, 136, 188, 359, 355, 386, 390, 387, 350, 189, 381, 374, 394, 395, 366, 383, 380, 402, 403, 373, 149, 363, 391, 354, 351, 382, 404, 405, 406, 407, 408, 409, 414, 415, 417, 410, 411, 412, 413, 416, 360, 422, 423, 129, 160, 426, 427, 128, 161, 396, 432, 433, 397, 282, 283, 192, 344, 345, 239, 425, 435, 434, 369, 418, 272, 421, 437, 439, 438, 441, 320, 440, 436, 445, 444, 270, 392, 447, 446, 356, 449, 448, 238, 302, 451, 450, 401, 308, 453, 452, 321, 293, 357, 333, 368, 457, 428, 332, 456, 393, 459, 431, 430, 458, 309, 419, 399, 307, 398, 193, 461, 463, 465, 467, 469]
  列生成求解结果: 目标值=12.0000， 下界=8.0000， 上界=9.0000

处理节点 468
  开始列生成求解...
Set parameter LogToConsole to value 0
Set parameter Threads to value 1
Set parameter Seed to value 0
  定价策略: Exact, node=468, vertices=13
Set parameter PoolSearchMode to value 2
Set parameter PoolSolutions to value 10
[CG 1] RMP=10.000000, pricing=ExactPricingSolver, new_columns=0
  搜索路径: [1, 2, 3, 6, 7, 8, 9, 11, 14, 18, 19, 22, 23, 10, 28, 29, 32, 33, 36, 37, 15, 42, 43, 16, 48, 49, 52, 53, 56, 57, 58, 59, 17, 66, 67, 70, 71, 72, 73, 74, 75, 82, 83, 47, 46, 60, 61, 64, 95, 65, 98, 99, 100, 101, 94, 106, 110, 111, 114, 115, 118, 119, 96, 124, 125, 117, 116, 107, 97, 134, 135, 89, 88, 140, 141, 146, 147, 40, 26, 150, 154, 155, 151, 158, 159, 152, 153, 27, 41, 166, 167, 168, 169, 170, 171, 176, 177, 180, 181, 164, 184, 185, 186, 187, 165, 87, 86, 172, 173, 78, 198, 199, 200, 201, 79, 206, 207, 194, 195, 208, 214, 215, 209, 196, 212, 213, 218, 219, 221, 220, 224, 225, 203, 231, 228, 233, 229, 240, 241, 236, 237, 248, 249, 244, 245, 230, 232, 204, 205, 197, 202, 264, 265, 252, 253, 145, 246, 247, 222, 280, 281, 217, 286, 287, 223, 216, 144, 296, 297, 299, 298, 267, 266, 182, 183, 227, 226, 102, 276, 314, 318, 319, 315, 277, 103, 210, 211, 148, 113, 324, 330, 331, 325, 334, 335, 338, 339, 174, 175, 317, 178, 316, 112, 179, 163, 162, 156, 157, 137, 284, 358, 361, 362, 367, 263, 262, 250, 251, 242, 243, 372, 375, 285, 136, 188, 359, 355, 386, 390, 387, 350, 189, 381, 374, 394, 395, 366, 383, 380, 402, 403, 373, 149, 363, 391, 354, 351, 382, 404, 405, 406, 407, 408, 409, 414, 415, 417, 410, 411, 412, 413, 416, 360, 422, 423, 129, 160, 426, 427, 128, 161, 396, 432, 433, 397, 282, 283, 192, 344, 345, 239, 425, 435, 434, 369, 418, 272, 421, 437, 439, 438, 441, 320, 440, 436, 445, 444, 270, 392, 447, 446, 356, 449, 448, 238, 302, 451, 450, 401, 308, 453, 452, 321, 293, 357, 333, 368, 457, 428, 332, 456, 393, 459, 431, 430, 458, 309, 419, 399, 307, 398, 193, 461, 463, 465, 467, 469, 468]
  列生成求解结果: 目标值=10.0000， 下界=8.0000， 上界=9.0000

处理节点 466
  开始列生成求解...
Set parameter LogToConsole to value 0
Set parameter Threads to value 1
Set parameter Seed to value 0
  定价策略: Exact, node=466, vertices=10
Set parameter PoolSearchMode to value 2
Set parameter PoolSolutions to value 10
[CG 1] RMP=11.000000, pricing=ExactPricingSolver, new_columns=0
  搜索路径: [1, 2, 3, 6, 7, 8, 9, 11, 14, 18, 19, 22, 23, 10, 28, 29, 32, 33, 36, 37, 15, 42, 43, 16, 48, 49, 52, 53, 56, 57, 58, 59, 17, 66, 67, 70, 71, 72, 73, 74, 75, 82, 83, 47, 46, 60, 61, 64, 95, 65, 98, 99, 100, 101, 94, 106, 110, 111, 114, 115, 118, 119, 96, 124, 125, 117, 116, 107, 97, 134, 135, 89, 88, 140, 141, 146, 147, 40, 26, 150, 154, 155, 151, 158, 159, 152, 153, 27, 41, 166, 167, 168, 169, 170, 171, 176, 177, 180, 181, 164, 184, 185, 186, 187, 165, 87, 86, 172, 173, 78, 198, 199, 200, 201, 79, 206, 207, 194, 195, 208, 214, 215, 209, 196, 212, 213, 218, 219, 221, 220, 224, 225, 203, 231, 228, 233, 229, 240, 241, 236, 237, 248, 249, 244, 245, 230, 232, 204, 205, 197, 202, 264, 265, 252, 253, 145, 246, 247, 222, 280, 281, 217, 286, 287, 223, 216, 144, 296, 297, 299, 298, 267, 266, 182, 183, 227, 226, 102, 276, 314, 318, 319, 315, 277, 103, 210, 211, 148, 113, 324, 330, 331, 325, 334, 335, 338, 339, 174, 175, 317, 178, 316, 112, 179, 163, 162, 156, 157, 137, 284, 358, 361, 362, 367, 263, 262, 250, 251, 242, 243, 372, 375, 285, 136, 188, 359, 355, 386, 390, 387, 350, 189, 381, 374, 394, 395, 366, 383, 380, 402, 403, 373, 149, 363, 391, 354, 351, 382, 404, 405, 406, 407, 408, 409, 414, 415, 417, 410, 411, 412, 413, 416, 360, 422, 423, 129, 160, 426, 427, 128, 161, 396, 432, 433, 397, 282, 283, 192, 344, 345, 239, 425, 435, 434, 369, 418, 272, 421, 437, 439, 438, 441, 320, 440, 436, 445, 444, 270, 392, 447, 446, 356, 449, 448, 238, 302, 451, 450, 401, 308, 453, 452, 321, 293, 357, 333, 368, 457, 428, 332, 456, 393, 459, 431, 430, 458, 309, 419, 399, 307, 398, 193, 461, 463, 465, 467, 469, 468, 466]
  列生成求解结果: 目标值=11.0000， 下界=8.0000， 上界=9.0000

处理节点 464
  开始列生成求解...
Set parameter LogToConsole to value 0
Set parameter Threads to value 1
Set parameter Seed to value 0
  定价策略: Exact, node=464, vertices=13
Set parameter PoolSearchMode to value 2
Set parameter PoolSolutions to value 10
[CG 1] RMP=14.000000, pricing=ExactPricingSolver, new_columns=10
[CG 2] RMP=12.000000, pricing=ExactPricingSolver, new_columns=0
  搜索路径: [1, 2, 3, 6, 7, 8, 9, 11, 14, 18, 19, 22, 23, 10, 28, 29, 32, 33, 36, 37, 15, 42, 43, 16, 48, 49, 52, 53, 56, 57, 58, 59, 17, 66, 67, 70, 71, 72, 73, 74, 75, 82, 83, 47, 46, 60, 61, 64, 95, 65, 98, 99, 100, 101, 94, 106, 110, 111, 114, 115, 118, 119, 96, 124, 125, 117, 116, 107, 97, 134, 135, 89, 88, 140, 141, 146, 147, 40, 26, 150, 154, 155, 151, 158, 159, 152, 153, 27, 41, 166, 167, 168, 169, 170, 171, 176, 177, 180, 181, 164, 184, 185, 186, 187, 165, 87, 86, 172, 173, 78, 198, 199, 200, 201, 79, 206, 207, 194, 195, 208, 214, 215, 209, 196, 212, 213, 218, 219, 221, 220, 224, 225, 203, 231, 228, 233, 229, 240, 241, 236, 237, 248, 249, 244, 245, 230, 232, 204, 205, 197, 202, 264, 265, 252, 253, 145, 246, 247, 222, 280, 281, 217, 286, 287, 223, 216, 144, 296, 297, 299, 298, 267, 266, 182, 183, 227, 226, 102, 276, 314, 318, 319, 315, 277, 103, 210, 211, 148, 113, 324, 330, 331, 325, 334, 335, 338, 339, 174, 175, 317, 178, 316, 112, 179, 163, 162, 156, 157, 137, 284, 358, 361, 362, 367, 263, 262, 250, 251, 242, 243, 372, 375, 285, 136, 188, 359, 355, 386, 390, 387, 350, 189, 381, 374, 394, 395, 366, 383, 380, 402, 403, 373, 149, 363, 391, 354, 351, 382, 404, 405, 406, 407, 408, 409, 414, 415, 417, 410, 411, 412, 413, 416, 360, 422, 423, 129, 160, 426, 427, 128, 161, 396, 432, 433, 397, 282, 283, 192, 344, 345, 239, 425, 435, 434, 369, 418, 272, 421, 437, 439, 438, 441, 320, 440, 436, 445, 444, 270, 392, 447, 446, 356, 449, 448, 238, 302, 451, 450, 401, 308, 453, 452, 321, 293, 357, 333, 368, 457, 428, 332, 456, 393, 459, 431, 430, 458, 309, 419, 399, 307, 398, 193, 461, 463, 465, 467, 469, 468, 466, 464]
  列生成求解结果: 目标值=12.0000， 下界=8.0000， 上界=9.0000

处理节点 462
  开始列生成求解...
Set parameter LogToConsole to value 0
Set parameter Threads to value 1
Set parameter Seed to value 0
  定价策略: Exact, node=462, vertices=10
Set parameter PoolSearchMode to value 2
Set parameter PoolSolutions to value 10
[CG 1] RMP=11.000000, pricing=ExactPricingSolver, new_columns=0
  搜索路径: [1, 2, 3, 6, 7, 8, 9, 11, 14, 18, 19, 22, 23, 10, 28, 29, 32, 33, 36, 37, 15, 42, 43, 16, 48, 49, 52, 53, 56, 57, 58, 59, 17, 66, 67, 70, 71, 72, 73, 74, 75, 82, 83, 47, 46, 60, 61, 64, 95, 65, 98, 99, 100, 101, 94, 106, 110, 111, 114, 115, 118, 119, 96, 124, 125, 117, 116, 107, 97, 134, 135, 89, 88, 140, 141, 146, 147, 40, 26, 150, 154, 155, 151, 158, 159, 152, 153, 27, 41, 166, 167, 168, 169, 170, 171, 176, 177, 180, 181, 164, 184, 185, 186, 187, 165, 87, 86, 172, 173, 78, 198, 199, 200, 201, 79, 206, 207, 194, 195, 208, 214, 215, 209, 196, 212, 213, 218, 219, 221, 220, 224, 225, 203, 231, 228, 233, 229, 240, 241, 236, 237, 248, 249, 244, 245, 230, 232, 204, 205, 197, 202, 264, 265, 252, 253, 145, 246, 247, 222, 280, 281, 217, 286, 287, 223, 216, 144, 296, 297, 299, 298, 267, 266, 182, 183, 227, 226, 102, 276, 314, 318, 319, 315, 277, 103, 210, 211, 148, 113, 324, 330, 331, 325, 334, 335, 338, 339, 174, 175, 317, 178, 316, 112, 179, 163, 162, 156, 157, 137, 284, 358, 361, 362, 367, 263, 262, 250, 251, 242, 243, 372, 375, 285, 136, 188, 359, 355, 386, 390, 387, 350, 189, 381, 374, 394, 395, 366, 383, 380, 402, 403, 373, 149, 363, 391, 354, 351, 382, 404, 405, 406, 407, 408, 409, 414, 415, 417, 410, 411, 412, 413, 416, 360, 422, 423, 129, 160, 426, 427, 128, 161, 396, 432, 433, 397, 282, 283, 192, 344, 345, 239, 425, 435, 434, 369, 418, 272, 421, 437, 439, 438, 441, 320, 440, 436, 445, 444, 270, 392, 447, 446, 356, 449, 448, 238, 302, 451, 450, 401, 308, 453, 452, 321, 293, 357, 333, 368, 457, 428, 332, 456, 393, 459, 431, 430, 458, 309, 419, 399, 307, 398, 193, 461, 463, 465, 467, 469, 468, 466, 464, 462]
  列生成求解结果: 目标值=11.0000， 下界=8.0000， 上界=9.0000

处理节点 460
  开始列生成求解...
Set parameter LogToConsole to value 0
Set parameter Threads to value 1
Set parameter Seed to value 0
  定价策略: Exact, node=460, vertices=13
Set parameter PoolSearchMode to value 2
Set parameter PoolSolutions to value 10
[CG 1] RMP=12.000000, pricing=ExactPricingSolver, new_columns=10
[CG 2] RMP=12.000000, pricing=ExactPricingSolver, new_columns=0
  搜索路径: [1, 2, 3, 6, 7, 8, 9, 11, 14, 18, 19, 22, 23, 10, 28, 29, 32, 33, 36, 37, 15, 42, 43, 16, 48, 49, 52, 53, 56, 57, 58, 59, 17, 66, 67, 70, 71, 72, 73, 74, 75, 82, 83, 47, 46, 60, 61, 64, 95, 65, 98, 99, 100, 101, 94, 106, 110, 111, 114, 115, 118, 119, 96, 124, 125, 117, 116, 107, 97, 134, 135, 89, 88, 140, 141, 146, 147, 40, 26, 150, 154, 155, 151, 158, 159, 152, 153, 27, 41, 166, 167, 168, 169, 170, 171, 176, 177, 180, 181, 164, 184, 185, 186, 187, 165, 87, 86, 172, 173, 78, 198, 199, 200, 201, 79, 206, 207, 194, 195, 208, 214, 215, 209, 196, 212, 213, 218, 219, 221, 220, 224, 225, 203, 231, 228, 233, 229, 240, 241, 236, 237, 248, 249, 244, 245, 230, 232, 204, 205, 197, 202, 264, 265, 252, 253, 145, 246, 247, 222, 280, 281, 217, 286, 287, 223, 216, 144, 296, 297, 299, 298, 267, 266, 182, 183, 227, 226, 102, 276, 314, 318, 319, 315, 277, 103, 210, 211, 148, 113, 324, 330, 331, 325, 334, 335, 338, 339, 174, 175, 317, 178, 316, 112, 179, 163, 162, 156, 157, 137, 284, 358, 361, 362, 367, 263, 262, 250, 251, 242, 243, 372, 375, 285, 136, 188, 359, 355, 386, 390, 387, 350, 189, 381, 374, 394, 395, 366, 383, 380, 402, 403, 373, 149, 363, 391, 354, 351, 382, 404, 405, 406, 407, 408, 409, 414, 415, 417, 410, 411, 412, 413, 416, 360, 422, 423, 129, 160, 426, 427, 128, 161, 396, 432, 433, 397, 282, 283, 192, 344, 345, 239, 425, 435, 434, 369, 418, 272, 421, 437, 439, 438, 441, 320, 440, 436, 445, 444, 270, 392, 447, 446, 356, 449, 448, 238, 302, 451, 450, 401, 308, 453, 452, 321, 293, 357, 333, 368, 457, 428, 332, 456, 393, 459, 431, 430, 458, 309, 419, 399, 307, 398, 193, 461, 463, 465, 467, 469, 468, 466, 464, 462, 460]
  列生成求解结果: 目标值=12.0000， 下界=8.0000， 上界=9.0000

处理节点 303
  开始列生成求解...
Set parameter LogToConsole to value 0
Set parameter Threads to value 1
Set parameter Seed to value 0
  定价策略: Exact, node=303, vertices=16
Set parameter PoolSearchMode to value 2
Set parameter PoolSolutions to value 10
[CG 1] RMP=11.000000, pricing=ExactPricingSolver, new_columns=0
  搜索路径: [1, 2, 3, 6, 7, 8, 9, 11, 14, 18, 19, 22, 23, 10, 28, 29, 32, 33, 36, 37, 15, 42, 43, 16, 48, 49, 52, 53, 56, 57, 58, 59, 17, 66, 67, 70, 71, 72, 73, 74, 75, 82, 83, 47, 46, 60, 61, 64, 95, 65, 98, 99, 100, 101, 94, 106, 110, 111, 114, 115, 118, 119, 96, 124, 125, 117, 116, 107, 97, 134, 135, 89, 88, 140, 141, 146, 147, 40, 26, 150, 154, 155, 151, 158, 159, 152, 153, 27, 41, 166, 167, 168, 169, 170, 171, 176, 177, 180, 181, 164, 184, 185, 186, 187, 165, 87, 86, 172, 173, 78, 198, 199, 200, 201, 79, 206, 207, 194, 195, 208, 214, 215, 209, 196, 212, 213, 218, 219, 221, 220, 224, 225, 203, 231, 228, 233, 229, 240, 241, 236, 237, 248, 249, 244, 245, 230, 232, 204, 205, 197, 202, 264, 265, 252, 253, 145, 246, 247, 222, 280, 281, 217, 286, 287, 223, 216, 144, 296, 297, 299, 298, 267, 266, 182, 183, 227, 226, 102, 276, 314, 318, 319, 315, 277, 103, 210, 211, 148, 113, 324, 330, 331, 325, 334, 335, 338, 339, 174, 175, 317, 178, 316, 112, 179, 163, 162, 156, 157, 137, 284, 358, 361, 362, 367, 263, 262, 250, 251, 242, 243, 372, 375, 285, 136, 188, 359, 355, 386, 390, 387, 350, 189, 381, 374, 394, 395, 366, 383, 380, 402, 403, 373, 149, 363, 391, 354, 351, 382, 404, 405, 406, 407, 408, 409, 414, 415, 417, 410, 411, 412, 413, 416, 360, 422, 423, 129, 160, 426, 427, 128, 161, 396, 432, 433, 397, 282, 283, 192, 344, 345, 239, 425, 435, 434, 369, 418, 272, 421, 437, 439, 438, 441, 320, 440, 436, 445, 444, 270, 392, 447, 446, 356, 449, 448, 238, 302, 451, 450, 401, 308, 453, 452, 321, 293, 357, 333, 368, 457, 428, 332, 456, 393, 459, 431, 430, 458, 309, 419, 399, 307, 398, 193, 461, 463, 465, 467, 469, 468, 466, 464, 462, 460, 303]
  列生成求解结果: 目标值=11.0000， 下界=8.0000， 上界=9.0000

处理节点 306
  开始列生成求解...
Set parameter LogToConsole to value 0
Set parameter Threads to value 1
Set parameter Seed to value 0
  定价策略: Exact, node=306, vertices=14
Set parameter PoolSearchMode to value 2
Set parameter PoolSolutions to value 10
[CG 1] RMP=11.000000, pricing=ExactPricingSolver, new_columns=0
  搜索路径: [1, 2, 3, 6, 7, 8, 9, 11, 14, 18, 19, 22, 23, 10, 28, 29, 32, 33, 36, 37, 15, 42, 43, 16, 48, 49, 52, 53, 56, 57, 58, 59, 17, 66, 67, 70, 71, 72, 73, 74, 75, 82, 83, 47, 46, 60, 61, 64, 95, 65, 98, 99, 100, 101, 94, 106, 110, 111, 114, 115, 118, 119, 96, 124, 125, 117, 116, 107, 97, 134, 135, 89, 88, 140, 141, 146, 147, 40, 26, 150, 154, 155, 151, 158, 159, 152, 153, 27, 41, 166, 167, 168, 169, 170, 171, 176, 177, 180, 181, 164, 184, 185, 186, 187, 165, 87, 86, 172, 173, 78, 198, 199, 200, 201, 79, 206, 207, 194, 195, 208, 214, 215, 209, 196, 212, 213, 218, 219, 221, 220, 224, 225, 203, 231, 228, 233, 229, 240, 241, 236, 237, 248, 249, 244, 245, 230, 232, 204, 205, 197, 202, 264, 265, 252, 253, 145, 246, 247, 222, 280, 281, 217, 286, 287, 223, 216, 144, 296, 297, 299, 298, 267, 266, 182, 183, 227, 226, 102, 276, 314, 318, 319, 315, 277, 103, 210, 211, 148, 113, 324, 330, 331, 325, 334, 335, 338, 339, 174, 175, 317, 178, 316, 112, 179, 163, 162, 156, 157, 137, 284, 358, 361, 362, 367, 263, 262, 250, 251, 242, 243, 372, 375, 285, 136, 188, 359, 355, 386, 390, 387, 350, 189, 381, 374, 394, 395, 366, 383, 380, 402, 403, 373, 149, 363, 391, 354, 351, 382, 404, 405, 406, 407, 408, 409, 414, 415, 417, 410, 411, 412, 413, 416, 360, 422, 423, 129, 160, 426, 427, 128, 161, 396, 432, 433, 397, 282, 283, 192, 344, 345, 239, 425, 435, 434, 369, 418, 272, 421, 437, 439, 438, 441, 320, 440, 436, 445, 444, 270, 392, 447, 446, 356, 449, 448, 238, 302, 451, 450, 401, 308, 453, 452, 321, 293, 357, 333, 368, 457, 428, 332, 456, 393, 459, 431, 430, 458, 309, 419, 399, 307, 398, 193, 461, 463, 465, 467, 469, 468, 466, 464, 462, 460, 303, 306]
  列生成求解结果: 目标值=11.0000， 下界=8.0000， 上界=9.0000

处理节点 420
  开始列生成求解...
Set parameter LogToConsole to value 0
Set parameter Threads to value 1
Set parameter Seed to value 0
  定价策略: Exact, node=420, vertices=12
Set parameter PoolSearchMode to value 2
Set parameter PoolSolutions to value 10
[CG 1] RMP=12.000000, pricing=ExactPricingSolver, new_columns=0
  搜索路径: [1, 2, 3, 6, 7, 8, 9, 11, 14, 18, 19, 22, 23, 10, 28, 29, 32, 33, 36, 37, 15, 42, 43, 16, 48, 49, 52, 53, 56, 57, 58, 59, 17, 66, 67, 70, 71, 72, 73, 74, 75, 82, 83, 47, 46, 60, 61, 64, 95, 65, 98, 99, 100, 101, 94, 106, 110, 111, 114, 115, 118, 119, 96, 124, 125, 117, 116, 107, 97, 134, 135, 89, 88, 140, 141, 146, 147, 40, 26, 150, 154, 155, 151, 158, 159, 152, 153, 27, 41, 166, 167, 168, 169, 170, 171, 176, 177, 180, 181, 164, 184, 185, 186, 187, 165, 87, 86, 172, 173, 78, 198, 199, 200, 201, 79, 206, 207, 194, 195, 208, 214, 215, 209, 196, 212, 213, 218, 219, 221, 220, 224, 225, 203, 231, 228, 233, 229, 240, 241, 236, 237, 248, 249, 244, 245, 230, 232, 204, 205, 197, 202, 264, 265, 252, 253, 145, 246, 247, 222, 280, 281, 217, 286, 287, 223, 216, 144, 296, 297, 299, 298, 267, 266, 182, 183, 227, 226, 102, 276, 314, 318, 319, 315, 277, 103, 210, 211, 148, 113, 324, 330, 331, 325, 334, 335, 338, 339, 174, 175, 317, 178, 316, 112, 179, 163, 162, 156, 157, 137, 284, 358, 361, 362, 367, 263, 262, 250, 251, 242, 243, 372, 375, 285, 136, 188, 359, 355, 386, 390, 387, 350, 189, 381, 374, 394, 395, 366, 383, 380, 402, 403, 373, 149, 363, 391, 354, 351, 382, 404, 405, 406, 407, 408, 409, 414, 415, 417, 410, 411, 412, 413, 416, 360, 422, 423, 129, 160, 426, 427, 128, 161, 396, 432, 433, 397, 282, 283, 192, 344, 345, 239, 425, 435, 434, 369, 418, 272, 421, 437, 439, 438, 441, 320, 440, 436, 445, 444, 270, 392, 447, 446, 356, 449, 448, 238, 302, 451, 450, 401, 308, 453, 452, 321, 293, 357, 333, 368, 457, 428, 332, 456, 393, 459, 431, 430, 458, 309, 419, 399, 307, 398, 193, 461, 463, 465, 467, 469, 468, 466, 464, 462, 460, 303, 306, 420]
  列生成求解结果: 目标值=12.0000， 下界=8.0000， 上界=9.0000

处理节点 424
  开始列生成求解...
Set parameter LogToConsole to value 0
Set parameter Threads to value 1
Set parameter Seed to value 0
  定价策略: Exact, node=424, vertices=12
Set parameter PoolSearchMode to value 2
Set parameter PoolSolutions to value 10
[CG 1] RMP=8.000000, pricing=ExactPricingSolver, new_columns=10
[CG 2] RMP=8.000000, pricing=ExactPricingSolver, new_columns=0
  搜索路径: [1, 2, 3, 6, 7, 8, 9, 11, 14, 18, 19, 22, 23, 10, 28, 29, 32, 33, 36, 37, 15, 42, 43, 16, 48, 49, 52, 53, 56, 57, 58, 59, 17, 66, 67, 70, 71, 72, 73, 74, 75, 82, 83, 47, 46, 60, 61, 64, 95, 65, 98, 99, 100, 101, 94, 106, 110, 111, 114, 115, 118, 119, 96, 124, 125, 117, 116, 107, 97, 134, 135, 89, 88, 140, 141, 146, 147, 40, 26, 150, 154, 155, 151, 158, 159, 152, 153, 27, 41, 166, 167, 168, 169, 170, 171, 176, 177, 180, 181, 164, 184, 185, 186, 187, 165, 87, 86, 172, 173, 78, 198, 199, 200, 201, 79, 206, 207, 194, 195, 208, 214, 215, 209, 196, 212, 213, 218, 219, 221, 220, 224, 225, 203, 231, 228, 233, 229, 240, 241, 236, 237, 248, 249, 244, 245, 230, 232, 204, 205, 197, 202, 264, 265, 252, 253, 145, 246, 247, 222, 280, 281, 217, 286, 287, 223, 216, 144, 296, 297, 299, 298, 267, 266, 182, 183, 227, 226, 102, 276, 314, 318, 319, 315, 277, 103, 210, 211, 148, 113, 324, 330, 331, 325, 334, 335, 338, 339, 174, 175, 317, 178, 316, 112, 179, 163, 162, 156, 157, 137, 284, 358, 361, 362, 367, 263, 262, 250, 251, 242, 243, 372, 375, 285, 136, 188, 359, 355, 386, 390, 387, 350, 189, 381, 374, 394, 395, 366, 383, 380, 402, 403, 373, 149, 363, 391, 354, 351, 382, 404, 405, 406, 407, 408, 409, 414, 415, 417, 410, 411, 412, 413, 416, 360, 422, 423, 129, 160, 426, 427, 128, 161, 396, 432, 433, 397, 282, 283, 192, 344, 345, 239, 425, 435, 434, 369, 418, 272, 421, 437, 439, 438, 441, 320, 440, 436, 445, 444, 270, 392, 447, 446, 356, 449, 448, 238, 302, 451, 450, 401, 308, 453, 452, 321, 293, 357, 333, 368, 457, 428, 332, 456, 393, 459, 431, 430, 458, 309, 419, 399, 307, 398, 193, 461, 463, 465, 467, 469, 468, 466, 464, 462, 460, 303, 306, 420, 424]
  列生成求解结果: 目标值=8.0000， 下界=8.0000， 上界=9.0000
    非整数变量: COL_0-4-9_98 = 0.500000
  解不是整数，开始分支...
ImposedVertex(vertex=26)
ForbidVertex(vertex=26)
  创建了 2 个分支
    添加分支节点 1: ID=470
    添加分支节点 2: ID=471

处理节点 429
  开始列生成求解...
Set parameter LogToConsole to value 0
Set parameter Threads to value 1
Set parameter Seed to value 0
  定价策略: Exact, node=429, vertices=15
Set parameter PoolSearchMode to value 2
Set parameter PoolSolutions to value 10
[CG 1] RMP=14.000000, pricing=ExactPricingSolver, new_columns=10
[CG 2] RMP=12.000000, pricing=ExactPricingSolver, new_columns=10
[CG 3] RMP=12.000000, pricing=ExactPricingSolver, new_columns=10
[CG 4] RMP=8.000000, pricing=ExactPricingSolver, new_columns=0
  搜索路径: [1, 2, 3, 6, 7, 8, 9, 11, 14, 18, 19, 22, 23, 10, 28, 29, 32, 33, 36, 37, 15, 42, 43, 16, 48, 49, 52, 53, 56, 57, 58, 59, 17, 66, 67, 70, 71, 72, 73, 74, 75, 82, 83, 47, 46, 60, 61, 64, 95, 65, 98, 99, 100, 101, 94, 106, 110, 111, 114, 115, 118, 119, 96, 124, 125, 117, 116, 107, 97, 134, 135, 89, 88, 140, 141, 146, 147, 40, 26, 150, 154, 155, 151, 158, 159, 152, 153, 27, 41, 166, 167, 168, 169, 170, 171, 176, 177, 180, 181, 164, 184, 185, 186, 187, 165, 87, 86, 172, 173, 78, 198, 199, 200, 201, 79, 206, 207, 194, 195, 208, 214, 215, 209, 196, 212, 213, 218, 219, 221, 220, 224, 225, 203, 231, 228, 233, 229, 240, 241, 236, 237, 248, 249, 244, 245, 230, 232, 204, 205, 197, 202, 264, 265, 252, 253, 145, 246, 247, 222, 280, 281, 217, 286, 287, 223, 216, 144, 296, 297, 299, 298, 267, 266, 182, 183, 227, 226, 102, 276, 314, 318, 319, 315, 277, 103, 210, 211, 148, 113, 324, 330, 331, 325, 334, 335, 338, 339, 174, 175, 317, 178, 316, 112, 179, 163, 162, 156, 157, 137, 284, 358, 361, 362, 367, 263, 262, 250, 251, 242, 243, 372, 375, 285, 136, 188, 359, 355, 386, 390, 387, 350, 189, 381, 374, 394, 395, 366, 383, 380, 402, 403, 373, 149, 363, 391, 354, 351, 382, 404, 405, 406, 407, 408, 409, 414, 415, 417, 410, 411, 412, 413, 416, 360, 422, 423, 129, 160, 426, 427, 128, 161, 396, 432, 433, 397, 282, 283, 192, 344, 345, 239, 425, 435, 434, 369, 418, 272, 421, 437, 439, 438, 441, 320, 440, 436, 445, 444, 270, 392, 447, 446, 356, 449, 448, 238, 302, 451, 450, 401, 308, 453, 452, 321, 293, 357, 333, 368, 457, 428, 332, 456, 393, 459, 431, 430, 458, 309, 419, 399, 307, 398, 193, 461, 463, 465, 467, 469, 468, 466, 464, 462, 460, 303, 306, 420, 424, 429]
  列生成求解结果: 目标值=8.0000， 下界=8.0000， 上界=9.0000
    非整数变量: COL_13-23-5-7_180 = 0.428571
  解不是整数，开始分支...
ImposedVertex(vertex=28)
ForbidVertex(vertex=28)
  创建了 2 个分支
    添加分支节点 1: ID=472
    添加分支节点 2: ID=473

处理节点 273
  开始列生成求解...
Set parameter LogToConsole to value 0
Set parameter Threads to value 1
Set parameter Seed to value 0
  定价策略: Exact, node=273, vertices=12
Set parameter PoolSearchMode to value 2
Set parameter PoolSolutions to value 10
[CG 1] RMP=11.000000, pricing=ExactPricingSolver, new_columns=10
[CG 2] RMP=11.000000, pricing=ExactPricingSolver, new_columns=10
[CG 3] RMP=8.000000, pricing=ExactPricingSolver, new_columns=0
  搜索路径: [1, 2, 3, 6, 7, 8, 9, 11, 14, 18, 19, 22, 23, 10, 28, 29, 32, 33, 36, 37, 15, 42, 43, 16, 48, 49, 52, 53, 56, 57, 58, 59, 17, 66, 67, 70, 71, 72, 73, 74, 75, 82, 83, 47, 46, 60, 61, 64, 95, 65, 98, 99, 100, 101, 94, 106, 110, 111, 114, 115, 118, 119, 96, 124, 125, 117, 116, 107, 97, 134, 135, 89, 88, 140, 141, 146, 147, 40, 26, 150, 154, 155, 151, 158, 159, 152, 153, 27, 41, 166, 167, 168, 169, 170, 171, 176, 177, 180, 181, 164, 184, 185, 186, 187, 165, 87, 86, 172, 173, 78, 198, 199, 200, 201, 79, 206, 207, 194, 195, 208, 214, 215, 209, 196, 212, 213, 218, 219, 221, 220, 224, 225, 203, 231, 228, 233, 229, 240, 241, 236, 237, 248, 249, 244, 245, 230, 232, 204, 205, 197, 202, 264, 265, 252, 253, 145, 246, 247, 222, 280, 281, 217, 286, 287, 223, 216, 144, 296, 297, 299, 298, 267, 266, 182, 183, 227, 226, 102, 276, 314, 318, 319, 315, 277, 103, 210, 211, 148, 113, 324, 330, 331, 325, 334, 335, 338, 339, 174, 175, 317, 178, 316, 112, 179, 163, 162, 156, 157, 137, 284, 358, 361, 362, 367, 263, 262, 250, 251, 242, 243, 372, 375, 285, 136, 188, 359, 355, 386, 390, 387, 350, 189, 381, 374, 394, 395, 366, 383, 380, 402, 403, 373, 149, 363, 391, 354, 351, 382, 404, 405, 406, 407, 408, 409, 414, 415, 417, 410, 411, 412, 413, 416, 360, 422, 423, 129, 160, 426, 427, 128, 161, 396, 432, 433, 397, 282, 283, 192, 344, 345, 239, 425, 435, 434, 369, 418, 272, 421, 437, 439, 438, 441, 320, 440, 436, 445, 444, 270, 392, 447, 446, 356, 449, 448, 238, 302, 451, 450, 401, 308, 453, 452, 321, 293, 357, 333, 368, 457, 428, 332, 456, 393, 459, 431, 430, 458, 309, 419, 399, 307, 398, 193, 461, 463, 465, 467, 469, 468, 466, 464, 462, 460, 303, 306, 420, 424, 429, 273]
  列生成求解结果: 目标值=8.0000， 下界=8.0000， 上界=9.0000
    非整数变量: COL_17-19-4-7_330 = 0.136364
  解不是整数，开始分支...
ImposedVertex(vertex=27)
ForbidVertex(vertex=27)
  创建了 2 个分支
    添加分支节点 1: ID=474
    添加分支节点 2: ID=475

处理节点 473
  开始列生成求解...
Set parameter LogToConsole to value 0
Set parameter Threads to value 1
Set parameter Seed to value 0
  定价策略: Exact, node=473, vertices=14
Set parameter PoolSearchMode to value 2
Set parameter PoolSolutions to value 10
[CG 1] RMP=1010.000000, pricing=ExactPricingSolver, new_columns=10
[CG 2] RMP=10.000000, pricing=ExactPricingSolver, new_columns=0
  搜索路径: [1, 2, 3, 6, 7, 8, 9, 11, 14, 18, 19, 22, 23, 10, 28, 29, 32, 33, 36, 37, 15, 42, 43, 16, 48, 49, 52, 53, 56, 57, 58, 59, 17, 66, 67, 70, 71, 72, 73, 74, 75, 82, 83, 47, 46, 60, 61, 64, 95, 65, 98, 99, 100, 101, 94, 106, 110, 111, 114, 115, 118, 119, 96, 124, 125, 117, 116, 107, 97, 134, 135, 89, 88, 140, 141, 146, 147, 40, 26, 150, 154, 155, 151, 158, 159, 152, 153, 27, 41, 166, 167, 168, 169, 170, 171, 176, 177, 180, 181, 164, 184, 185, 186, 187, 165, 87, 86, 172, 173, 78, 198, 199, 200, 201, 79, 206, 207, 194, 195, 208, 214, 215, 209, 196, 212, 213, 218, 219, 221, 220, 224, 225, 203, 231, 228, 233, 229, 240, 241, 236, 237, 248, 249, 244, 245, 230, 232, 204, 205, 197, 202, 264, 265, 252, 253, 145, 246, 247, 222, 280, 281, 217, 286, 287, 223, 216, 144, 296, 297, 299, 298, 267, 266, 182, 183, 227, 226, 102, 276, 314, 318, 319, 315, 277, 103, 210, 211, 148, 113, 324, 330, 331, 325, 334, 335, 338, 339, 174, 175, 317, 178, 316, 112, 179, 163, 162, 156, 157, 137, 284, 358, 361, 362, 367, 263, 262, 250, 251, 242, 243, 372, 375, 285, 136, 188, 359, 355, 386, 390, 387, 350, 189, 381, 374, 394, 395, 366, 383, 380, 402, 403, 373, 149, 363, 391, 354, 351, 382, 404, 405, 406, 407, 408, 409, 414, 415, 417, 410, 411, 412, 413, 416, 360, 422, 423, 129, 160, 426, 427, 128, 161, 396, 432, 433, 397, 282, 283, 192, 344, 345, 239, 425, 435, 434, 369, 418, 272, 421, 437, 439, 438, 441, 320, 440, 436, 445, 444, 270, 392, 447, 446, 356, 449, 448, 238, 302, 451, 450, 401, 308, 453, 452, 321, 293, 357, 333, 368, 457, 428, 332, 456, 393, 459, 431, 430, 458, 309, 419, 399, 307, 398, 193, 461, 463, 465, 467, 469, 468, 466, 464, 462, 460, 303, 306, 420, 424, 429, 273, 473]
  列生成求解结果: 目标值=10.0000， 下界=8.0000， 上界=9.0000

处理节点 474
  开始列生成求解...
Set parameter LogToConsole to value 0
Set parameter Threads to value 1
Set parameter Seed to value 0
  定价策略: Exact, node=474, vertices=11
Set parameter PoolSearchMode to value 2
Set parameter PoolSolutions to value 10
[CG 1] RMP=11.000000, pricing=ExactPricingSolver, new_columns=0
  搜索路径: [1, 2, 3, 6, 7, 8, 9, 11, 14, 18, 19, 22, 23, 10, 28, 29, 32, 33, 36, 37, 15, 42, 43, 16, 48, 49, 52, 53, 56, 57, 58, 59, 17, 66, 67, 70, 71, 72, 73, 74, 75, 82, 83, 47, 46, 60, 61, 64, 95, 65, 98, 99, 100, 101, 94, 106, 110, 111, 114, 115, 118, 119, 96, 124, 125, 117, 116, 107, 97, 134, 135, 89, 88, 140, 141, 146, 147, 40, 26, 150, 154, 155, 151, 158, 159, 152, 153, 27, 41, 166, 167, 168, 169, 170, 171, 176, 177, 180, 181, 164, 184, 185, 186, 187, 165, 87, 86, 172, 173, 78, 198, 199, 200, 201, 79, 206, 207, 194, 195, 208, 214, 215, 209, 196, 212, 213, 218, 219, 221, 220, 224, 225, 203, 231, 228, 233, 229, 240, 241, 236, 237, 248, 249, 244, 245, 230, 232, 204, 205, 197, 202, 264, 265, 252, 253, 145, 246, 247, 222, 280, 281, 217, 286, 287, 223, 216, 144, 296, 297, 299, 298, 267, 266, 182, 183, 227, 226, 102, 276, 314, 318, 319, 315, 277, 103, 210, 211, 148, 113, 324, 330, 331, 325, 334, 335, 338, 339, 174, 175, 317, 178, 316, 112, 179, 163, 162, 156, 157, 137, 284, 358, 361, 362, 367, 263, 262, 250, 251, 242, 243, 372, 375, 285, 136, 188, 359, 355, 386, 390, 387, 350, 189, 381, 374, 394, 395, 366, 383, 380, 402, 403, 373, 149, 363, 391, 354, 351, 382, 404, 405, 406, 407, 408, 409, 414, 415, 417, 410, 411, 412, 413, 416, 360, 422, 423, 129, 160, 426, 427, 128, 161, 396, 432, 433, 397, 282, 283, 192, 344, 345, 239, 425, 435, 434, 369, 418, 272, 421, 437, 439, 438, 441, 320, 440, 436, 445, 444, 270, 392, 447, 446, 356, 449, 448, 238, 302, 451, 450, 401, 308, 453, 452, 321, 293, 357, 333, 368, 457, 428, 332, 456, 393, 459, 431, 430, 458, 309, 419, 399, 307, 398, 193, 461, 463, 465, 467, 469, 468, 466, 464, 462, 460, 303, 306, 420, 424, 429, 273, 473, 474]
  列生成求解结果: 目标值=11.0000， 下界=8.0000， 上界=9.0000

处理节点 475
  开始列生成求解...
Set parameter LogToConsole to value 0
Set parameter Threads to value 1
Set parameter Seed to value 0
  定价策略: Exact, node=475, vertices=11
Set parameter PoolSearchMode to value 2
Set parameter PoolSolutions to value 10
[CG 1] RMP=12.000000, pricing=ExactPricingSolver, new_columns=0
  搜索路径: [1, 2, 3, 6, 7, 8, 9, 11, 14, 18, 19, 22, 23, 10, 28, 29, 32, 33, 36, 37, 15, 42, 43, 16, 48, 49, 52, 53, 56, 57, 58, 59, 17, 66, 67, 70, 71, 72, 73, 74, 75, 82, 83, 47, 46, 60, 61, 64, 95, 65, 98, 99, 100, 101, 94, 106, 110, 111, 114, 115, 118, 119, 96, 124, 125, 117, 116, 107, 97, 134, 135, 89, 88, 140, 141, 146, 147, 40, 26, 150, 154, 155, 151, 158, 159, 152, 153, 27, 41, 166, 167, 168, 169, 170, 171, 176, 177, 180, 181, 164, 184, 185, 186, 187, 165, 87, 86, 172, 173, 78, 198, 199, 200, 201, 79, 206, 207, 194, 195, 208, 214, 215, 209, 196, 212, 213, 218, 219, 221, 220, 224, 225, 203, 231, 228, 233, 229, 240, 241, 236, 237, 248, 249, 244, 245, 230, 232, 204, 205, 197, 202, 264, 265, 252, 253, 145, 246, 247, 222, 280, 281, 217, 286, 287, 223, 216, 144, 296, 297, 299, 298, 267, 266, 182, 183, 227, 226, 102, 276, 314, 318, 319, 315, 277, 103, 210, 211, 148, 113, 324, 330, 331, 325, 334, 335, 338, 339, 174, 175, 317, 178, 316, 112, 179, 163, 162, 156, 157, 137, 284, 358, 361, 362, 367, 263, 262, 250, 251, 242, 243, 372, 375, 285, 136, 188, 359, 355, 386, 390, 387, 350, 189, 381, 374, 394, 395, 366, 383, 380, 402, 403, 373, 149, 363, 391, 354, 351, 382, 404, 405, 406, 407, 408, 409, 414, 415, 417, 410, 411, 412, 413, 416, 360, 422, 423, 129, 160, 426, 427, 128, 161, 396, 432, 433, 397, 282, 283, 192, 344, 345, 239, 425, 435, 434, 369, 418, 272, 421, 437, 439, 438, 441, 320, 440, 436, 445, 444, 270, 392, 447, 446, 356, 449, 448, 238, 302, 451, 450, 401, 308, 453, 452, 321, 293, 357, 333, 368, 457, 428, 332, 456, 393, 459, 431, 430, 458, 309, 419, 399, 307, 398, 193, 461, 463, 465, 467, 469, 468, 466, 464, 462, 460, 303, 306, 420, 424, 429, 273, 473, 474, 475]
  列生成求解结果: 目标值=12.0000， 下界=8.0000， 上界=9.0000

处理节点 470
  开始列生成求解...
Set parameter LogToConsole to value 0
Set parameter Threads to value 1
Set parameter Seed to value 0
  定价策略: Exact, node=470, vertices=11
Set parameter PoolSearchMode to value 2
Set parameter PoolSolutions to value 10
[CG 1] RMP=10.000000, pricing=ExactPricingSolver, new_columns=0
  搜索路径: [1, 2, 3, 6, 7, 8, 9, 11, 14, 18, 19, 22, 23, 10, 28, 29, 32, 33, 36, 37, 15, 42, 43, 16, 48, 49, 52, 53, 56, 57, 58, 59, 17, 66, 67, 70, 71, 72, 73, 74, 75, 82, 83, 47, 46, 60, 61, 64, 95, 65, 98, 99, 100, 101, 94, 106, 110, 111, 114, 115, 118, 119, 96, 124, 125, 117, 116, 107, 97, 134, 135, 89, 88, 140, 141, 146, 147, 40, 26, 150, 154, 155, 151, 158, 159, 152, 153, 27, 41, 166, 167, 168, 169, 170, 171, 176, 177, 180, 181, 164, 184, 185, 186, 187, 165, 87, 86, 172, 173, 78, 198, 199, 200, 201, 79, 206, 207, 194, 195, 208, 214, 215, 209, 196, 212, 213, 218, 219, 221, 220, 224, 225, 203, 231, 228, 233, 229, 240, 241, 236, 237, 248, 249, 244, 245, 230, 232, 204, 205, 197, 202, 264, 265, 252, 253, 145, 246, 247, 222, 280, 281, 217, 286, 287, 223, 216, 144, 296, 297, 299, 298, 267, 266, 182, 183, 227, 226, 102, 276, 314, 318, 319, 315, 277, 103, 210, 211, 148, 113, 324, 330, 331, 325, 334, 335, 338, 339, 174, 175, 317, 178, 316, 112, 179, 163, 162, 156, 157, 137, 284, 358, 361, 362, 367, 263, 262, 250, 251, 242, 243, 372, 375, 285, 136, 188, 359, 355, 386, 390, 387, 350, 189, 381, 374, 394, 395, 366, 383, 380, 402, 403, 373, 149, 363, 391, 354, 351, 382, 404, 405, 406, 407, 408, 409, 414, 415, 417, 410, 411, 412, 413, 416, 360, 422, 423, 129, 160, 426, 427, 128, 161, 396, 432, 433, 397, 282, 283, 192, 344, 345, 239, 425, 435, 434, 369, 418, 272, 421, 437, 439, 438, 441, 320, 440, 436, 445, 444, 270, 392, 447, 446, 356, 449, 448, 238, 302, 451, 450, 401, 308, 453, 452, 321, 293, 357, 333, 368, 457, 428, 332, 456, 393, 459, 431, 430, 458, 309, 419, 399, 307, 398, 193, 461, 463, 465, 467, 469, 468, 466, 464, 462, 460, 303, 306, 420, 424, 429, 273, 473, 474, 475, 470]
  列生成求解结果: 目标值=10.0000， 下界=8.0000， 上界=9.0000

处理节点 471
  开始列生成求解...
Set parameter LogToConsole to value 0
Set parameter Threads to value 1
Set parameter Seed to value 0
  定价策略: Exact, node=471, vertices=11
Set parameter PoolSearchMode to value 2
Set parameter PoolSolutions to value 10
[CG 1] RMP=2010.000000, pricing=ExactPricingSolver, new_columns=10
[CG 2] RMP=12.000000, pricing=ExactPricingSolver, new_columns=0
  搜索路径: [1, 2, 3, 6, 7, 8, 9, 11, 14, 18, 19, 22, 23, 10, 28, 29, 32, 33, 36, 37, 15, 42, 43, 16, 48, 49, 52, 53, 56, 57, 58, 59, 17, 66, 67, 70, 71, 72, 73, 74, 75, 82, 83, 47, 46, 60, 61, 64, 95, 65, 98, 99, 100, 101, 94, 106, 110, 111, 114, 115, 118, 119, 96, 124, 125, 117, 116, 107, 97, 134, 135, 89, 88, 140, 141, 146, 147, 40, 26, 150, 154, 155, 151, 158, 159, 152, 153, 27, 41, 166, 167, 168, 169, 170, 171, 176, 177, 180, 181, 164, 184, 185, 186, 187, 165, 87, 86, 172, 173, 78, 198, 199, 200, 201, 79, 206, 207, 194, 195, 208, 214, 215, 209, 196, 212, 213, 218, 219, 221, 220, 224, 225, 203, 231, 228, 233, 229, 240, 241, 236, 237, 248, 249, 244, 245, 230, 232, 204, 205, 197, 202, 264, 265, 252, 253, 145, 246, 247, 222, 280, 281, 217, 286, 287, 223, 216, 144, 296, 297, 299, 298, 267, 266, 182, 183, 227, 226, 102, 276, 314, 318, 319, 315, 277, 103, 210, 211, 148, 113, 324, 330, 331, 325, 334, 335, 338, 339, 174, 175, 317, 178, 316, 112, 179, 163, 162, 156, 157, 137, 284, 358, 361, 362, 367, 263, 262, 250, 251, 242, 243, 372, 375, 285, 136, 188, 359, 355, 386, 390, 387, 350, 189, 381, 374, 394, 395, 366, 383, 380, 402, 403, 373, 149, 363, 391, 354, 351, 382, 404, 405, 406, 407, 408, 409, 414, 415, 417, 410, 411, 412, 413, 416, 360, 422, 423, 129, 160, 426, 427, 128, 161, 396, 432, 433, 397, 282, 283, 192, 344, 345, 239, 425, 435, 434, 369, 418, 272, 421, 437, 439, 438, 441, 320, 440, 436, 445, 444, 270, 392, 447, 446, 356, 449, 448, 238, 302, 451, 450, 401, 308, 453, 452, 321, 293, 357, 333, 368, 457, 428, 332, 456, 393, 459, 431, 430, 458, 309, 419, 399, 307, 398, 193, 461, 463, 465, 467, 469, 468, 466, 464, 462, 460, 303, 306, 420, 424, 429, 273, 473, 474, 475, 470, 471]
  列生成求解结果: 目标值=12.0000， 下界=8.0000， 上界=9.0000

处理节点 472
  开始列生成求解...
Set parameter LogToConsole to value 0
Set parameter Threads to value 1
Set parameter Seed to value 0
  定价策略: Exact, node=472, vertices=14
Set parameter PoolSearchMode to value 2
Set parameter PoolSolutions to value 10
[CG 1] RMP=12.000000, pricing=ExactPricingSolver, new_columns=0
  搜索路径: [1, 2, 3, 6, 7, 8, 9, 11, 14, 18, 19, 22, 23, 10, 28, 29, 32, 33, 36, 37, 15, 42, 43, 16, 48, 49, 52, 53, 56, 57, 58, 59, 17, 66, 67, 70, 71, 72, 73, 74, 75, 82, 83, 47, 46, 60, 61, 64, 95, 65, 98, 99, 100, 101, 94, 106, 110, 111, 114, 115, 118, 119, 96, 124, 125, 117, 116, 107, 97, 134, 135, 89, 88, 140, 141, 146, 147, 40, 26, 150, 154, 155, 151, 158, 159, 152, 153, 27, 41, 166, 167, 168, 169, 170, 171, 176, 177, 180, 181, 164, 184, 185, 186, 187, 165, 87, 86, 172, 173, 78, 198, 199, 200, 201, 79, 206, 207, 194, 195, 208, 214, 215, 209, 196, 212, 213, 218, 219, 221, 220, 224, 225, 203, 231, 228, 233, 229, 240, 241, 236, 237, 248, 249, 244, 245, 230, 232, 204, 205, 197, 202, 264, 265, 252, 253, 145, 246, 247, 222, 280, 281, 217, 286, 287, 223, 216, 144, 296, 297, 299, 298, 267, 266, 182, 183, 227, 226, 102, 276, 314, 318, 319, 315, 277, 103, 210, 211, 148, 113, 324, 330, 331, 325, 334, 335, 338, 339, 174, 175, 317, 178, 316, 112, 179, 163, 162, 156, 157, 137, 284, 358, 361, 362, 367, 263, 262, 250, 251, 242, 243, 372, 375, 285, 136, 188, 359, 355, 386, 390, 387, 350, 189, 381, 374, 394, 395, 366, 383, 380, 402, 403, 373, 149, 363, 391, 354, 351, 382, 404, 405, 406, 407, 408, 409, 414, 415, 417, 410, 411, 412, 413, 416, 360, 422, 423, 129, 160, 426, 427, 128, 161, 396, 432, 433, 397, 282, 283, 192, 344, 345, 239, 425, 435, 434, 369, 418, 272, 421, 437, 439, 438, 441, 320, 440, 436, 445, 444, 270, 392, 447, 446, 356, 449, 448, 238, 302, 451, 450, 401, 308, 453, 452, 321, 293, 357, 333, 368, 457, 428, 332, 456, 393, 459, 431, 430, 458, 309, 419, 399, 307, 398, 193, 461, 463, 465, 467, 469, 468, 466, 464, 462, 460, 303, 306, 420, 424, 429, 273, 473, 474, 475, 470, 471, 472]
  列生成求解结果: 目标值=12.0000， 下界=8.0000， 上界=9.0000

处理节点 271
  开始列生成求解...
Set parameter LogToConsole to value 0
Set parameter Threads to value 1
Set parameter Seed to value 0
  定价策略: Exact, node=271, vertices=17
Set parameter PoolSearchMode to value 2
Set parameter PoolSolutions to value 10
[CG 1] RMP=8.000000, pricing=ExactPricingSolver, new_columns=0
  搜索路径: [1, 2, 3, 6, 7, 8, 9, 11, 14, 18, 19, 22, 23, 10, 28, 29, 32, 33, 36, 37, 15, 42, 43, 16, 48, 49, 52, 53, 56, 57, 58, 59, 17, 66, 67, 70, 71, 72, 73, 74, 75, 82, 83, 47, 46, 60, 61, 64, 95, 65, 98, 99, 100, 101, 94, 106, 110, 111, 114, 115, 118, 119, 96, 124, 125, 117, 116, 107, 97, 134, 135, 89, 88, 140, 141, 146, 147, 40, 26, 150, 154, 155, 151, 158, 159, 152, 153, 27, 41, 166, 167, 168, 169, 170, 171, 176, 177, 180, 181, 164, 184, 185, 186, 187, 165, 87, 86, 172, 173, 78, 198, 199, 200, 201, 79, 206, 207, 194, 195, 208, 214, 215, 209, 196, 212, 213, 218, 219, 221, 220, 224, 225, 203, 231, 228, 233, 229, 240, 241, 236, 237, 248, 249, 244, 245, 230, 232, 204, 205, 197, 202, 264, 265, 252, 253, 145, 246, 247, 222, 280, 281, 217, 286, 287, 223, 216, 144, 296, 297, 299, 298, 267, 266, 182, 183, 227, 226, 102, 276, 314, 318, 319, 315, 277, 103, 210, 211, 148, 113, 324, 330, 331, 325, 334, 335, 338, 339, 174, 175, 317, 178, 316, 112, 179, 163, 162, 156, 157, 137, 284, 358, 361, 362, 367, 263, 262, 250, 251, 242, 243, 372, 375, 285, 136, 188, 359, 355, 386, 390, 387, 350, 189, 381, 374, 394, 395, 366, 383, 380, 402, 403, 373, 149, 363, 391, 354, 351, 382, 404, 405, 406, 407, 408, 409, 414, 415, 417, 410, 411, 412, 413, 416, 360, 422, 423, 129, 160, 426, 427, 128, 161, 396, 432, 433, 397, 282, 283, 192, 344, 345, 239, 425, 435, 434, 369, 418, 272, 421, 437, 439, 438, 441, 320, 440, 436, 445, 444, 270, 392, 447, 446, 356, 449, 448, 238, 302, 451, 450, 401, 308, 453, 452, 321, 293, 357, 333, 368, 457, 428, 332, 456, 393, 459, 431, 430, 458, 309, 419, 399, 307, 398, 193, 461, 463, 465, 467, 469, 468, 466, 464, 462, 460, 303, 306, 420, 424, 429, 273, 473, 474, 475, 470, 471, 472, 271]
  列生成求解结果: 目标值=8.0000， 下界=8.0000， 上界=9.0000
    非整数变量: COL_18-20-27_46 = 0.060606
  解不是整数，开始分支...
ImposedVertex(vertex=27)
ForbidVertex(vertex=27)
  创建了 2 个分支
    添加分支节点 1: ID=476
    添加分支节点 2: ID=477

处理节点 292
  开始列生成求解...
Set parameter LogToConsole to value 0
Set parameter Threads to value 1
Set parameter Seed to value 0
  定价策略: Exact, node=292, vertices=11
Set parameter PoolSearchMode to value 2
Set parameter PoolSolutions to value 10
[CG 1] RMP=11.000000, pricing=ExactPricingSolver, new_columns=0
  搜索路径: [1, 2, 3, 6, 7, 8, 9, 11, 14, 18, 19, 22, 23, 10, 28, 29, 32, 33, 36, 37, 15, 42, 43, 16, 48, 49, 52, 53, 56, 57, 58, 59, 17, 66, 67, 70, 71, 72, 73, 74, 75, 82, 83, 47, 46, 60, 61, 64, 95, 65, 98, 99, 100, 101, 94, 106, 110, 111, 114, 115, 118, 119, 96, 124, 125, 117, 116, 107, 97, 134, 135, 89, 88, 140, 141, 146, 147, 40, 26, 150, 154, 155, 151, 158, 159, 152, 153, 27, 41, 166, 167, 168, 169, 170, 171, 176, 177, 180, 181, 164, 184, 185, 186, 187, 165, 87, 86, 172, 173, 78, 198, 199, 200, 201, 79, 206, 207, 194, 195, 208, 214, 215, 209, 196, 212, 213, 218, 219, 221, 220, 224, 225, 203, 231, 228, 233, 229, 240, 241, 236, 237, 248, 249, 244, 245, 230, 232, 204, 205, 197, 202, 264, 265, 252, 253, 145, 246, 247, 222, 280, 281, 217, 286, 287, 223, 216, 144, 296, 297, 299, 298, 267, 266, 182, 183, 227, 226, 102, 276, 314, 318, 319, 315, 277, 103, 210, 211, 148, 113, 324, 330, 331, 325, 334, 335, 338, 339, 174, 175, 317, 178, 316, 112, 179, 163, 162, 156, 157, 137, 284, 358, 361, 362, 367, 263, 262, 250, 251, 242, 243, 372, 375, 285, 136, 188, 359, 355, 386, 390, 387, 350, 189, 381, 374, 394, 395, 366, 383, 380, 402, 403, 373, 149, 363, 391, 354, 351, 382, 404, 405, 406, 407, 408, 409, 414, 415, 417, 410, 411, 412, 413, 416, 360, 422, 423, 129, 160, 426, 427, 128, 161, 396, 432, 433, 397, 282, 283, 192, 344, 345, 239, 425, 435, 434, 369, 418, 272, 421, 437, 439, 438, 441, 320, 440, 436, 445, 444, 270, 392, 447, 446, 356, 449, 448, 238, 302, 451, 450, 401, 308, 453, 452, 321, 293, 357, 333, 368, 457, 428, 332, 456, 393, 459, 431, 430, 458, 309, 419, 399, 307, 398, 193, 461, 463, 465, 467, 469, 468, 466, 464, 462, 460, 303, 306, 420, 424, 429, 273, 473, 474, 475, 470, 471, 472, 271, 292]
  列生成求解结果: 目标值=11.0000， 下界=8.0000， 上界=9.0000

处理节点 476
  开始列生成求解...
Set parameter LogToConsole to value 0
Set parameter Threads to value 1
Set parameter Seed to value 0
  定价策略: Exact, node=476, vertices=16
Set parameter PoolSearchMode to value 2
Set parameter PoolSolutions to value 10
[CG 1] RMP=11.000000, pricing=ExactPricingSolver, new_columns=0
  搜索路径: [1, 2, 3, 6, 7, 8, 9, 11, 14, 18, 19, 22, 23, 10, 28, 29, 32, 33, 36, 37, 15, 42, 43, 16, 48, 49, 52, 53, 56, 57, 58, 59, 17, 66, 67, 70, 71, 72, 73, 74, 75, 82, 83, 47, 46, 60, 61, 64, 95, 65, 98, 99, 100, 101, 94, 106, 110, 111, 114, 115, 118, 119, 96, 124, 125, 117, 116, 107, 97, 134, 135, 89, 88, 140, 141, 146, 147, 40, 26, 150, 154, 155, 151, 158, 159, 152, 153, 27, 41, 166, 167, 168, 169, 170, 171, 176, 177, 180, 181, 164, 184, 185, 186, 187, 165, 87, 86, 172, 173, 78, 198, 199, 200, 201, 79, 206, 207, 194, 195, 208, 214, 215, 209, 196, 212, 213, 218, 219, 221, 220, 224, 225, 203, 231, 228, 233, 229, 240, 241, 236, 237, 248, 249, 244, 245, 230, 232, 204, 205, 197, 202, 264, 265, 252, 253, 145, 246, 247, 222, 280, 281, 217, 286, 287, 223, 216, 144, 296, 297, 299, 298, 267, 266, 182, 183, 227, 226, 102, 276, 314, 318, 319, 315, 277, 103, 210, 211, 148, 113, 324, 330, 331, 325, 334, 335, 338, 339, 174, 175, 317, 178, 316, 112, 179, 163, 162, 156, 157, 137, 284, 358, 361, 362, 367, 263, 262, 250, 251, 242, 243, 372, 375, 285, 136, 188, 359, 355, 386, 390, 387, 350, 189, 381, 374, 394, 395, 366, 383, 380, 402, 403, 373, 149, 363, 391, 354, 351, 382, 404, 405, 406, 407, 408, 409, 414, 415, 417, 410, 411, 412, 413, 416, 360, 422, 423, 129, 160, 426, 427, 128, 161, 396, 432, 433, 397, 282, 283, 192, 344, 345, 239, 425, 435, 434, 369, 418, 272, 421, 437, 439, 438, 441, 320, 440, 436, 445, 444, 270, 392, 447, 446, 356, 449, 448, 238, 302, 451, 450, 401, 308, 453, 452, 321, 293, 357, 333, 368, 457, 428, 332, 456, 393, 459, 431, 430, 458, 309, 419, 399, 307, 398, 193, 461, 463, 465, 467, 469, 468, 466, 464, 462, 460, 303, 306, 420, 424, 429, 273, 473, 474, 475, 470, 471, 472, 271, 292, 476]
  列生成求解结果: 目标值=11.0000， 下界=8.0000， 上界=9.0000

处理节点 400
  开始列生成求解...
Set parameter LogToConsole to value 0
Set parameter Threads to value 1
Set parameter Seed to value 0
  定价策略: Exact, node=400, vertices=10
Set parameter PoolSearchMode to value 2
Set parameter PoolSolutions to value 10
[CG 1] RMP=12.000000, pricing=ExactPricingSolver, new_columns=0
  搜索路径: [1, 2, 3, 6, 7, 8, 9, 11, 14, 18, 19, 22, 23, 10, 28, 29, 32, 33, 36, 37, 15, 42, 43, 16, 48, 49, 52, 53, 56, 57, 58, 59, 17, 66, 67, 70, 71, 72, 73, 74, 75, 82, 83, 47, 46, 60, 61, 64, 95, 65, 98, 99, 100, 101, 94, 106, 110, 111, 114, 115, 118, 119, 96, 124, 125, 117, 116, 107, 97, 134, 135, 89, 88, 140, 141, 146, 147, 40, 26, 150, 154, 155, 151, 158, 159, 152, 153, 27, 41, 166, 167, 168, 169, 170, 171, 176, 177, 180, 181, 164, 184, 185, 186, 187, 165, 87, 86, 172, 173, 78, 198, 199, 200, 201, 79, 206, 207, 194, 195, 208, 214, 215, 209, 196, 212, 213, 218, 219, 221, 220, 224, 225, 203, 231, 228, 233, 229, 240, 241, 236, 237, 248, 249, 244, 245, 230, 232, 204, 205, 197, 202, 264, 265, 252, 253, 145, 246, 247, 222, 280, 281, 217, 286, 287, 223, 216, 144, 296, 297, 299, 298, 267, 266, 182, 183, 227, 226, 102, 276, 314, 318, 319, 315, 277, 103, 210, 211, 148, 113, 324, 330, 331, 325, 334, 335, 338, 339, 174, 175, 317, 178, 316, 112, 179, 163, 162, 156, 157, 137, 284, 358, 361, 362, 367, 263, 262, 250, 251, 242, 243, 372, 375, 285, 136, 188, 359, 355, 386, 390, 387, 350, 189, 381, 374, 394, 395, 366, 383, 380, 402, 403, 373, 149, 363, 391, 354, 351, 382, 404, 405, 406, 407, 408, 409, 414, 415, 417, 410, 411, 412, 413, 416, 360, 422, 423, 129, 160, 426, 427, 128, 161, 396, 432, 433, 397, 282, 283, 192, 344, 345, 239, 425, 435, 434, 369, 418, 272, 421, 437, 439, 438, 441, 320, 440, 436, 445, 444, 270, 392, 447, 446, 356, 449, 448, 238, 302, 451, 450, 401, 308, 453, 452, 321, 293, 357, 333, 368, 457, 428, 332, 456, 393, 459, 431, 430, 458, 309, 419, 399, 307, 398, 193, 461, 463, 465, 467, 469, 468, 466, 464, 462, 460, 303, 306, 420, 424, 429, 273, 473, 474, 475, 470, 471, 472, 271, 292, 476, 400]
  列生成求解结果: 目标值=12.0000， 下界=8.0000， 上界=9.0000

处理节点 477
  开始列生成求解...
Set parameter LogToConsole to value 0
Set parameter Threads to value 1
Set parameter Seed to value 0
  定价策略: Exact, node=477, vertices=16
Set parameter PoolSearchMode to value 2
Set parameter PoolSolutions to value 10
[CG 1] RMP=12.000000, pricing=ExactPricingSolver, new_columns=10
[CG 2] RMP=12.000000, pricing=ExactPricingSolver, new_columns=0
  搜索路径: [1, 2, 3, 6, 7, 8, 9, 11, 14, 18, 19, 22, 23, 10, 28, 29, 32, 33, 36, 37, 15, 42, 43, 16, 48, 49, 52, 53, 56, 57, 58, 59, 17, 66, 67, 70, 71, 72, 73, 74, 75, 82, 83, 47, 46, 60, 61, 64, 95, 65, 98, 99, 100, 101, 94, 106, 110, 111, 114, 115, 118, 119, 96, 124, 125, 117, 116, 107, 97, 134, 135, 89, 88, 140, 141, 146, 147, 40, 26, 150, 154, 155, 151, 158, 159, 152, 153, 27, 41, 166, 167, 168, 169, 170, 171, 176, 177, 180, 181, 164, 184, 185, 186, 187, 165, 87, 86, 172, 173, 78, 198, 199, 200, 201, 79, 206, 207, 194, 195, 208, 214, 215, 209, 196, 212, 213, 218, 219, 221, 220, 224, 225, 203, 231, 228, 233, 229, 240, 241, 236, 237, 248, 249, 244, 245, 230, 232, 204, 205, 197, 202, 264, 265, 252, 253, 145, 246, 247, 222, 280, 281, 217, 286, 287, 223, 216, 144, 296, 297, 299, 298, 267, 266, 182, 183, 227, 226, 102, 276, 314, 318, 319, 315, 277, 103, 210, 211, 148, 113, 324, 330, 331, 325, 334, 335, 338, 339, 174, 175, 317, 178, 316, 112, 179, 163, 162, 156, 157, 137, 284, 358, 361, 362, 367, 263, 262, 250, 251, 242, 243, 372, 375, 285, 136, 188, 359, 355, 386, 390, 387, 350, 189, 381, 374, 394, 395, 366, 383, 380, 402, 403, 373, 149, 363, 391, 354, 351, 382, 404, 405, 406, 407, 408, 409, 414, 415, 417, 410, 411, 412, 413, 416, 360, 422, 423, 129, 160, 426, 427, 128, 161, 396, 432, 433, 397, 282, 283, 192, 344, 345, 239, 425, 435, 434, 369, 418, 272, 421, 437, 439, 438, 441, 320, 440, 436, 445, 444, 270, 392, 447, 446, 356, 449, 448, 238, 302, 451, 450, 401, 308, 453, 452, 321, 293, 357, 333, 368, 457, 428, 332, 456, 393, 459, 431, 430, 458, 309, 419, 399, 307, 398, 193, 461, 463, 465, 467, 469, 468, 466, 464, 462, 460, 303, 306, 420, 424, 429, 273, 473, 474, 475, 470, 471, 472, 271, 292, 476, 400, 477]
  列生成求解结果: 目标值=12.0000， 下界=8.0000， 上界=9.0000

处理节点 455
  开始列生成求解...
Set parameter LogToConsole to value 0
Set parameter Threads to value 1
Set parameter Seed to value 0
  定价策略: Exact, node=455, vertices=14
Set parameter PoolSearchMode to value 2
Set parameter PoolSolutions to value 10
[CG 1] RMP=12.000000, pricing=ExactPricingSolver, new_columns=10
[CG 2] RMP=10.000000, pricing=ExactPricingSolver, new_columns=0
  搜索路径: [1, 2, 3, 6, 7, 8, 9, 11, 14, 18, 19, 22, 23, 10, 28, 29, 32, 33, 36, 37, 15, 42, 43, 16, 48, 49, 52, 53, 56, 57, 58, 59, 17, 66, 67, 70, 71, 72, 73, 74, 75, 82, 83, 47, 46, 60, 61, 64, 95, 65, 98, 99, 100, 101, 94, 106, 110, 111, 114, 115, 118, 119, 96, 124, 125, 117, 116, 107, 97, 134, 135, 89, 88, 140, 141, 146, 147, 40, 26, 150, 154, 155, 151, 158, 159, 152, 153, 27, 41, 166, 167, 168, 169, 170, 171, 176, 177, 180, 181, 164, 184, 185, 186, 187, 165, 87, 86, 172, 173, 78, 198, 199, 200, 201, 79, 206, 207, 194, 195, 208, 214, 215, 209, 196, 212, 213, 218, 219, 221, 220, 224, 225, 203, 231, 228, 233, 229, 240, 241, 236, 237, 248, 249, 244, 245, 230, 232, 204, 205, 197, 202, 264, 265, 252, 253, 145, 246, 247, 222, 280, 281, 217, 286, 287, 223, 216, 144, 296, 297, 299, 298, 267, 266, 182, 183, 227, 226, 102, 276, 314, 318, 319, 315, 277, 103, 210, 211, 148, 113, 324, 330, 331, 325, 334, 335, 338, 339, 174, 175, 317, 178, 316, 112, 179, 163, 162, 156, 157, 137, 284, 358, 361, 362, 367, 263, 262, 250, 251, 242, 243, 372, 375, 285, 136, 188, 359, 355, 386, 390, 387, 350, 189, 381, 374, 394, 395, 366, 383, 380, 402, 403, 373, 149, 363, 391, 354, 351, 382, 404, 405, 406, 407, 408, 409, 414, 415, 417, 410, 411, 412, 413, 416, 360, 422, 423, 129, 160, 426, 427, 128, 161, 396, 432, 433, 397, 282, 283, 192, 344, 345, 239, 425, 435, 434, 369, 418, 272, 421, 437, 439, 438, 441, 320, 440, 436, 445, 444, 270, 392, 447, 446, 356, 449, 448, 238, 302, 451, 450, 401, 308, 453, 452, 321, 293, 357, 333, 368, 457, 428, 332, 456, 393, 459, 431, 430, 458, 309, 419, 399, 307, 398, 193, 461, 463, 465, 467, 469, 468, 466, 464, 462, 460, 303, 306, 420, 424, 429, 273, 473, 474, 475, 470, 471, 472, 271, 292, 476, 400, 477, 455]
  列生成求解结果: 目标值=10.0000， 下界=8.0000， 上界=9.0000

处理节点 454
  开始列生成求解...
Set parameter LogToConsole to value 0
Set parameter Threads to value 1
Set parameter Seed to value 0
  定价策略: Exact, node=454, vertices=14
Set parameter PoolSearchMode to value 2
Set parameter PoolSolutions to value 10
[CG 1] RMP=12.000000, pricing=ExactPricingSolver, new_columns=0
  搜索路径: [1, 2, 3, 6, 7, 8, 9, 11, 14, 18, 19, 22, 23, 10, 28, 29, 32, 33, 36, 37, 15, 42, 43, 16, 48, 49, 52, 53, 56, 57, 58, 59, 17, 66, 67, 70, 71, 72, 73, 74, 75, 82, 83, 47, 46, 60, 61, 64, 95, 65, 98, 99, 100, 101, 94, 106, 110, 111, 114, 115, 118, 119, 96, 124, 125, 117, 116, 107, 97, 134, 135, 89, 88, 140, 141, 146, 147, 40, 26, 150, 154, 155, 151, 158, 159, 152, 153, 27, 41, 166, 167, 168, 169, 170, 171, 176, 177, 180, 181, 164, 184, 185, 186, 187, 165, 87, 86, 172, 173, 78, 198, 199, 200, 201, 79, 206, 207, 194, 195, 208, 214, 215, 209, 196, 212, 213, 218, 219, 221, 220, 224, 225, 203, 231, 228, 233, 229, 240, 241, 236, 237, 248, 249, 244, 245, 230, 232, 204, 205, 197, 202, 264, 265, 252, 253, 145, 246, 247, 222, 280, 281, 217, 286, 287, 223, 216, 144, 296, 297, 299, 298, 267, 266, 182, 183, 227, 226, 102, 276, 314, 318, 319, 315, 277, 103, 210, 211, 148, 113, 324, 330, 331, 325, 334, 335, 338, 339, 174, 175, 317, 178, 316, 112, 179, 163, 162, 156, 157, 137, 284, 358, 361, 362, 367, 263, 262, 250, 251, 242, 243, 372, 375, 285, 136, 188, 359, 355, 386, 390, 387, 350, 189, 381, 374, 394, 395, 366, 383, 380, 402, 403, 373, 149, 363, 391, 354, 351, 382, 404, 405, 406, 407, 408, 409, 414, 415, 417, 410, 411, 412, 413, 416, 360, 422, 423, 129, 160, 426, 427, 128, 161, 396, 432, 433, 397, 282, 283, 192, 344, 345, 239, 425, 435, 434, 369, 418, 272, 421, 437, 439, 438, 441, 320, 440, 436, 445, 444, 270, 392, 447, 446, 356, 449, 448, 238, 302, 451, 450, 401, 308, 453, 452, 321, 293, 357, 333, 368, 457, 428, 332, 456, 393, 459, 431, 430, 458, 309, 419, 399, 307, 398, 193, 461, 463, 465, 467, 469, 468, 466, 464, 462, 460, 303, 306, 420, 424, 429, 273, 473, 474, 475, 470, 471, 472, 271, 292, 476, 400, 477, 455, 454]
  列生成求解结果: 目标值=12.0000， 下界=8.0000， 上界=9.0000

处理节点 442
  开始列生成求解...
Set parameter LogToConsole to value 0
Set parameter Threads to value 1
Set parameter Seed to value 0
  定价策略: Exact, node=442, vertices=11
Set parameter PoolSearchMode to value 2
Set parameter PoolSolutions to value 10
[CG 1] RMP=11.000000, pricing=ExactPricingSolver, new_columns=0
  搜索路径: [1, 2, 3, 6, 7, 8, 9, 11, 14, 18, 19, 22, 23, 10, 28, 29, 32, 33, 36, 37, 15, 42, 43, 16, 48, 49, 52, 53, 56, 57, 58, 59, 17, 66, 67, 70, 71, 72, 73, 74, 75, 82, 83, 47, 46, 60, 61, 64, 95, 65, 98, 99, 100, 101, 94, 106, 110, 111, 114, 115, 118, 119, 96, 124, 125, 117, 116, 107, 97, 134, 135, 89, 88, 140, 141, 146, 147, 40, 26, 150, 154, 155, 151, 158, 159, 152, 153, 27, 41, 166, 167, 168, 169, 170, 171, 176, 177, 180, 181, 164, 184, 185, 186, 187, 165, 87, 86, 172, 173, 78, 198, 199, 200, 201, 79, 206, 207, 194, 195, 208, 214, 215, 209, 196, 212, 213, 218, 219, 221, 220, 224, 225, 203, 231, 228, 233, 229, 240, 241, 236, 237, 248, 249, 244, 245, 230, 232, 204, 205, 197, 202, 264, 265, 252, 253, 145, 246, 247, 222, 280, 281, 217, 286, 287, 223, 216, 144, 296, 297, 299, 298, 267, 266, 182, 183, 227, 226, 102, 276, 314, 318, 319, 315, 277, 103, 210, 211, 148, 113, 324, 330, 331, 325, 334, 335, 338, 339, 174, 175, 317, 178, 316, 112, 179, 163, 162, 156, 157, 137, 284, 358, 361, 362, 367, 263, 262, 250, 251, 242, 243, 372, 375, 285, 136, 188, 359, 355, 386, 390, 387, 350, 189, 381, 374, 394, 395, 366, 383, 380, 402, 403, 373, 149, 363, 391, 354, 351, 382, 404, 405, 406, 407, 408, 409, 414, 415, 417, 410, 411, 412, 413, 416, 360, 422, 423, 129, 160, 426, 427, 128, 161, 396, 432, 433, 397, 282, 283, 192, 344, 345, 239, 425, 435, 434, 369, 418, 272, 421, 437, 439, 438, 441, 320, 440, 436, 445, 444, 270, 392, 447, 446, 356, 449, 448, 238, 302, 451, 450, 401, 308, 453, 452, 321, 293, 357, 333, 368, 457, 428, 332, 456, 393, 459, 431, 430, 458, 309, 419, 399, 307, 398, 193, 461, 463, 465, 467, 469, 468, 466, 464, 462, 460, 303, 306, 420, 424, 429, 273, 473, 474, 475, 470, 471, 472, 271, 292, 476, 400, 477, 455, 454, 442]
  列生成求解结果: 目标值=11.0000， 下界=8.0000， 上界=9.0000

处理节点 443
  开始列生成求解...
Set parameter LogToConsole to value 0
Set parameter Threads to value 1
Set parameter Seed to value 0
  定价策略: Exact, node=443, vertices=11
Set parameter PoolSearchMode to value 2
Set parameter PoolSolutions to value 10
[CG 1] RMP=12.000000, pricing=ExactPricingSolver, new_columns=0
  搜索路径: [1, 2, 3, 6, 7, 8, 9, 11, 14, 18, 19, 22, 23, 10, 28, 29, 32, 33, 36, 37, 15, 42, 43, 16, 48, 49, 52, 53, 56, 57, 58, 59, 17, 66, 67, 70, 71, 72, 73, 74, 75, 82, 83, 47, 46, 60, 61, 64, 95, 65, 98, 99, 100, 101, 94, 106, 110, 111, 114, 115, 118, 119, 96, 124, 125, 117, 116, 107, 97, 134, 135, 89, 88, 140, 141, 146, 147, 40, 26, 150, 154, 155, 151, 158, 159, 152, 153, 27, 41, 166, 167, 168, 169, 170, 171, 176, 177, 180, 181, 164, 184, 185, 186, 187, 165, 87, 86, 172, 173, 78, 198, 199, 200, 201, 79, 206, 207, 194, 195, 208, 214, 215, 209, 196, 212, 213, 218, 219, 221, 220, 224, 225, 203, 231, 228, 233, 229, 240, 241, 236, 237, 248, 249, 244, 245, 230, 232, 204, 205, 197, 202, 264, 265, 252, 253, 145, 246, 247, 222, 280, 281, 217, 286, 287, 223, 216, 144, 296, 297, 299, 298, 267, 266, 182, 183, 227, 226, 102, 276, 314, 318, 319, 315, 277, 103, 210, 211, 148, 113, 324, 330, 331, 325, 334, 335, 338, 339, 174, 175, 317, 178, 316, 112, 179, 163, 162, 156, 157, 137, 284, 358, 361, 362, 367, 263, 262, 250, 251, 242, 243, 372, 375, 285, 136, 188, 359, 355, 386, 390, 387, 350, 189, 381, 374, 394, 395, 366, 383, 380, 402, 403, 373, 149, 363, 391, 354, 351, 382, 404, 405, 406, 407, 408, 409, 414, 415, 417, 410, 411, 412, 413, 416, 360, 422, 423, 129, 160, 426, 427, 128, 161, 396, 432, 433, 397, 282, 283, 192, 344, 345, 239, 425, 435, 434, 369, 418, 272, 421, 437, 439, 438, 441, 320, 440, 436, 445, 444, 270, 392, 447, 446, 356, 449, 448, 238, 302, 451, 450, 401, 308, 453, 452, 321, 293, 357, 333, 368, 457, 428, 332, 456, 393, 459, 431, 430, 458, 309, 419, 399, 307, 398, 193, 461, 463, 465, 467, 469, 468, 466, 464, 462, 460, 303, 306, 420, 424, 429, 273, 473, 474, 475, 470, 471, 472, 271, 292, 476, 400, 477, 455, 454, 442, 443]
  列生成求解结果: 目标值=12.0000， 下界=8.0000， 上界=9.0000
所有节点已处理完毕，达到最优解

==================================================
分支定价算法完成!
==================================================
最优目标值: 9.000000
最优解列组成如下：
  列 1: vertex_ids=[4, 9, 16, 18], max_endtime=7
  列 2: vertex_ids=[1, 7, 9, 11, 20, 23, 29], max_endtime=9
全局下界: 9.000000
优化间隙: 0.0000%
处理节点数: 363
创建节点数: 477
剪枝节点数: 236
总求解时间: 1.71秒

定价求解统计：
  总定价时间: 0.7074秒
  使用QAIA的节点数: 1
  纯Exact节点数: 362
  QAIA调用次数: 7
  QAIA累计时间: 0.0533秒
  混合节点中的Exact调用次数: 7
  混合节点中的Exact累计时间: 0.0136秒
  QAIA平均单次时间: 0.007609秒
