开始分支定价算法...
时间限制: 120.0秒
根节点已添加: ID=1

处理节点 1
  开始列生成求解...
Set parameter Username
Academic license - for non-commercial use only - expires 2026-12-02
Set parameter LogToConsole to value 0
Set parameter Threads to value 1
Set parameter Seed to value 0
  定价策略: QAIA+Exact, node=1, vertices=30, mode=always
Set parameter PoolSearchMode to value 2
Set parameter PoolSolutions to value 10
[CG 1] RMP=2010.000000, pricing=QAIAExactPricingSolver, new_columns=12
[CG 2] RMP=2010.000000, pricing=QAIAExactPricingSolver, new_columns=12
[CG 3] RMP=11.000000, pricing=QAIAExactPricingSolver, new_columns=10
[CG 4] RMP=9.000000, pricing=QAIAExactPricingSolver, new_columns=11
[CG 5] RMP=8.000000, pricing=QAIAExactPricingSolver, new_columns=10
[CG 6] RMP=4.387464, pricing=QAIAExactPricingSolver, new_columns=10
[CG 7] RMP=4.235294, pricing=QAIAExactPricingSolver, new_columns=0
  搜索路径: [1]
  列生成求解结果: 目标值=4.2353， 下界=-inf， 上界=inf
    非整数变量: COL_0-20-29-4-7-9_3 = 0.058518
  解不是整数，开始分支...
ImposedVertex(vertex=22)
ForbidVertex(vertex=22)
  创建了 2 个分支
    添加分支节点 1: ID=2
    添加分支节点 2: ID=3

处理节点 2
  开始列生成求解...
Set parameter LogToConsole to value 0
Set parameter Threads to value 1
Set parameter Seed to value 0
  定价策略: Exact, node=2, vertices=27
Set parameter PoolSearchMode to value 2
Set parameter PoolSolutions to value 10
[CG 1] RMP=9.000000, pricing=ExactPricingSolver, new_columns=0
  搜索路径: [1, 2]
  列生成求解结果: 目标值=9.0000， 下界=4.2353， 上界=inf
    非整数变量: COL_15-22-28-7_6 = 0.333333
  解不是整数，开始分支...
ImposedVertex(vertex=15)
ForbidVertex(vertex=15)
  创建了 2 个分支
    添加分支节点 1: ID=4
    添加分支节点 2: ID=5

处理节点 3
  开始列生成求解...
Set parameter LogToConsole to value 0
Set parameter Threads to value 1
Set parameter Seed to value 0
  定价策略: Exact, node=3, vertices=29
Set parameter PoolSearchMode to value 2
Set parameter PoolSolutions to value 10
[CG 1] RMP=4.235294, pricing=ExactPricingSolver, new_columns=0
  搜索路径: [1, 2, 3]
  列生成求解结果: 目标值=4.2353， 下界=4.2353， 上界=inf
    非整数变量: COL_0-20-29-4-7-9_3 = 0.227083
  解不是整数，开始分支...
ImposedVertex(vertex=0)
ForbidVertex(vertex=0)
  创建了 2 个分支
    添加分支节点 1: ID=6
    添加分支节点 2: ID=7

处理节点 6
  开始列生成求解...
Set parameter LogToConsole to value 0
Set parameter Threads to value 1
Set parameter Seed to value 0
  定价策略: Exact, node=6, vertices=26
Set parameter PoolSearchMode to value 2
Set parameter PoolSolutions to value 10
[CG 1] RMP=11.000000, pricing=ExactPricingSolver, new_columns=10
[CG 2] RMP=5.134522, pricing=ExactPricingSolver, new_columns=10
[CG 3] RMP=4.235294, pricing=ExactPricingSolver, new_columns=0
  搜索路径: [1, 2, 3, 6]
  列生成求解结果: 目标值=4.2353， 下界=4.2353， 上界=inf
    非整数变量: COL_0-20-29-4-7-9_3 = 0.171123
  解不是整数，开始分支...
ImposedVertex(vertex=29)
ForbidVertex(vertex=29)
  创建了 2 个分支
    添加分支节点 1: ID=8
    添加分支节点 2: ID=9

处理节点 7
  开始列生成求解...
Set parameter LogToConsole to value 0
Set parameter Threads to value 1
Set parameter Seed to value 0
  定价策略: Exact, node=7, vertices=28
Set parameter PoolSearchMode to value 2
Set parameter PoolSolutions to value 10
[CG 1] RMP=4.235294, pricing=ExactPricingSolver, new_columns=0
  搜索路径: [1, 2, 3, 6, 7]
  列生成求解结果: 目标值=4.2353， 下界=4.2353， 上界=inf
    非整数变量: COL_13-16-19_4 = 0.342055
  解不是整数，开始分支...
ImposedVertex(vertex=13)
ForbidVertex(vertex=13)
  创建了 2 个分支
    添加分支节点 1: ID=10
    添加分支节点 2: ID=11

处理节点 8
  开始列生成求解...
Set parameter LogToConsole to value 0
Set parameter Threads to value 1
Set parameter Seed to value 0
  定价策略: Exact, node=8, vertices=23
Set parameter PoolSearchMode to value 2
Set parameter PoolSolutions to value 10
[CG 1] RMP=9.000000, pricing=ExactPricingSolver, new_columns=0
  搜索路径: [1, 2, 3, 6, 7, 8]
  列生成求解结果: 目标值=9.0000， 下界=4.2353， 上界=inf
    非整数变量: COL_0-20-29-4-7-9_3 = 0.500000
  解不是整数，开始分支...
ImposedVertex(vertex=13)
ForbidVertex(vertex=13)
  创建了 2 个分支
    添加分支节点 1: ID=12
    添加分支节点 2: ID=13

处理节点 11
  开始列生成求解...
Set parameter LogToConsole to value 0
Set parameter Threads to value 1
Set parameter Seed to value 0
  定价策略: Exact, node=11, vertices=27
Set parameter PoolSearchMode to value 2
Set parameter PoolSolutions to value 10
[CG 1] RMP=4.235294, pricing=ExactPricingSolver, new_columns=0
  搜索路径: [1, 2, 3, 6, 7, 8, 11]
  列生成求解结果: 目标值=4.2353， 下界=4.2353， 上界=inf
    非整数变量: COL_16-24-26-7_8 = 0.146982
  解不是整数，开始分支...
ImposedVertex(vertex=16)
ForbidVertex(vertex=16)
  创建了 2 个分支
    添加分支节点 1: ID=14
    添加分支节点 2: ID=15

处理节点 9
  开始列生成求解...
Set parameter LogToConsole to value 0
Set parameter Threads to value 1
Set parameter Seed to value 0
  定价策略: Exact, node=9, vertices=25
Set parameter PoolSearchMode to value 2
Set parameter PoolSolutions to value 10
[CG 1] RMP=5.238095, pricing=ExactPricingSolver, new_columns=10
[CG 2] RMP=4.235294, pricing=ExactPricingSolver, new_columns=0
  搜索路径: [1, 2, 3, 6, 7, 8, 11, 9]
  列生成求解结果: 目标值=4.2353， 下界=4.2353， 上界=inf
    非整数变量: COL_13-16-19_4 = 0.201436
  解不是整数，开始分支...
ImposedVertex(vertex=13)
ForbidVertex(vertex=13)
  创建了 2 个分支
    添加分支节点 1: ID=16
    添加分支节点 2: ID=17

处理节点 14
  开始列生成求解...
Set parameter LogToConsole to value 0
Set parameter Threads to value 1
Set parameter Seed to value 0
  定价策略: Exact, node=14, vertices=25
Set parameter PoolSearchMode to value 2
Set parameter PoolSolutions to value 10
[CG 1] RMP=13.333333, pricing=ExactPricingSolver, new_columns=10
[CG 2] RMP=5.238095, pricing=ExactPricingSolver, new_columns=10
[CG 3] RMP=4.235294, pricing=ExactPricingSolver, new_columns=0
  搜索路径: [1, 2, 3, 6, 7, 8, 11, 9, 14]
  列生成求解结果: 目标值=4.2353， 下界=4.2353， 上界=inf
    非整数变量: COL_23_5 = 0.068755
  解不是整数，开始分支...
ImposedVertex(vertex=26)
ForbidVertex(vertex=26)
  创建了 2 个分支
    添加分支节点 1: ID=18
    添加分支节点 2: ID=19

处理节点 10
  开始列生成求解...
Set parameter LogToConsole to value 0
Set parameter Threads to value 1
Set parameter Seed to value 0
  定价策略: Exact, node=10, vertices=25
Set parameter PoolSearchMode to value 2
Set parameter PoolSolutions to value 10
[CG 1] RMP=5.500000, pricing=ExactPricingSolver, new_columns=10
[CG 2] RMP=4.835165, pricing=ExactPricingSolver, new_columns=10
[CG 3] RMP=4.235294, pricing=ExactPricingSolver, new_columns=0
  搜索路径: [1, 2, 3, 6, 7, 8, 11, 9, 14, 10]
  列生成求解结果: 目标值=4.2353， 下界=4.2353， 上界=inf
    非整数变量: COL_13-16-19_4 = 0.470588
  解不是整数，开始分支...
ImposedVertex(vertex=29)
ForbidVertex(vertex=29)
  创建了 2 个分支
    添加分支节点 1: ID=20
    添加分支节点 2: ID=21
  进度: 已处理 10 个节点, 剩余 11 个, 当前最优 inf, 当前列数: 148

处理节点 15
  开始列生成求解...
Set parameter LogToConsole to value 0
Set parameter Threads to value 1
Set parameter Seed to value 0
  定价策略: Exact, node=15, vertices=26
Set parameter PoolSearchMode to value 2
Set parameter PoolSolutions to value 10
[CG 1] RMP=4.437172, pricing=ExactPricingSolver, new_columns=10
[CG 2] RMP=4.235294, pricing=ExactPricingSolver, new_columns=0
  搜索路径: [1, 2, 3, 6, 7, 8, 11, 9, 14, 10, 15]
  列生成求解结果: 目标值=4.2353， 下界=4.2353， 上界=inf
    非整数变量: COL_15-25-29-7_11 = 0.117647
  解不是整数，开始分支...
ImposedVertex(vertex=29)
ForbidVertex(vertex=29)
  创建了 2 个分支
    添加分支节点 1: ID=22
    添加分支节点 2: ID=23

处理节点 19
  开始列生成求解...
Set parameter LogToConsole to value 0
Set parameter Threads to value 1
Set parameter Seed to value 0
  定价策略: Exact, node=19, vertices=24
Set parameter PoolSearchMode to value 2
Set parameter PoolSolutions to value 10
[CG 1] RMP=4.670598, pricing=ExactPricingSolver, new_columns=10
[CG 2] RMP=4.284389, pricing=ExactPricingSolver, new_columns=10
[CG 3] RMP=4.235294, pricing=ExactPricingSolver, new_columns=0
  搜索路径: [1, 2, 3, 6, 7, 8, 11, 9, 14, 10, 15, 19]
  列生成求解结果: 目标值=4.2353， 下界=4.2353， 上界=inf
    非整数变量: COL_11-16-20-24_21 = 0.341864
  解不是整数，开始分支...
ImposedVertex(vertex=24)
ForbidVertex(vertex=24)
  创建了 2 个分支
    添加分支节点 1: ID=24
    添加分支节点 2: ID=25

处理节点 23
  开始列生成求解...
Set parameter LogToConsole to value 0
Set parameter Threads to value 1
Set parameter Seed to value 0
  定价策略: Exact, node=23, vertices=25
Set parameter PoolSearchMode to value 2
Set parameter PoolSolutions to value 10
[CG 1] RMP=5.238095, pricing=ExactPricingSolver, new_columns=10
[CG 2] RMP=4.235294, pricing=ExactPricingSolver, new_columns=0
  搜索路径: [1, 2, 3, 6, 7, 8, 11, 9, 14, 10, 15, 19, 23]
  列生成求解结果: 目标值=4.2353， 下界=4.2353， 上界=inf
    非整数变量: COL_11-15-20-24_19 = 0.176471
  解不是整数，开始分支...
ImposedVertex(vertex=1)
ForbidVertex(vertex=1)
  创建了 2 个分支
    添加分支节点 1: ID=26
    添加分支节点 2: ID=27

处理节点 24
  开始列生成求解...
Set parameter LogToConsole to value 0
Set parameter Threads to value 1
Set parameter Seed to value 0
  定价策略: Exact, node=24, vertices=22
Set parameter PoolSearchMode to value 2
Set parameter PoolSolutions to value 10
[CG 1] RMP=16.000000, pricing=ExactPricingSolver, new_columns=10
[CG 2] RMP=9.000000, pricing=ExactPricingSolver, new_columns=0
  搜索路径: [1, 2, 3, 6, 7, 8, 11, 9, 14, 10, 15, 19, 23, 24]
  列生成求解结果: 目标值=9.0000， 下界=4.2353， 上界=inf
    非整数变量: COL_11-16-20-24_21 = 0.708333
  解不是整数，开始分支...
ImposedVertex(vertex=28)
ForbidVertex(vertex=28)
  创建了 2 个分支
    添加分支节点 1: ID=28
    添加分支节点 2: ID=29

处理节点 25
  开始列生成求解...
Set parameter LogToConsole to value 0
Set parameter Threads to value 1
Set parameter Seed to value 0
  定价策略: Exact, node=25, vertices=23
Set parameter PoolSearchMode to value 2
Set parameter PoolSolutions to value 10
[CG 1] RMP=6.827586, pricing=ExactPricingSolver, new_columns=10
[CG 2] RMP=4.235294, pricing=ExactPricingSolver, new_columns=0
  搜索路径: [1, 2, 3, 6, 7, 8, 11, 9, 14, 10, 15, 19, 23, 24, 25]
  列生成求解结果: 目标值=4.2353， 下界=4.2353， 上界=inf
    非整数变量: COL_1-11-18-23-7-9_42 = 0.312452
  解不是整数，开始分支...
ImposedVertex(vertex=1)
ForbidVertex(vertex=1)
  创建了 2 个分支
    添加分支节点 1: ID=30
    添加分支节点 2: ID=31

处理节点 27
  开始列生成求解...
Set parameter LogToConsole to value 0
Set parameter Threads to value 1
Set parameter Seed to value 0
  定价策略: Exact, node=27, vertices=24
Set parameter PoolSearchMode to value 2
Set parameter PoolSolutions to value 10
[CG 1] RMP=6.000000, pricing=ExactPricingSolver, new_columns=10
[CG 2] RMP=4.714286, pricing=ExactPricingSolver, new_columns=10
[CG 3] RMP=4.235294, pricing=ExactPricingSolver, new_columns=0
  搜索路径: [1, 2, 3, 6, 7, 8, 11, 9, 14, 10, 15, 19, 23, 24, 25, 27]
  列生成求解结果: 目标值=4.2353， 下界=4.2353， 上界=inf
    非整数变量: COL_23_5 = 0.039572
  解不是整数，开始分支...
ImposedVertex(vertex=23)
ForbidVertex(vertex=23)
  创建了 2 个分支
    添加分支节点 1: ID=32
    添加分支节点 2: ID=33

处理节点 26
  开始列生成求解...
Set parameter LogToConsole to value 0
Set parameter Threads to value 1
Set parameter Seed to value 0
  定价策略: Exact, node=26, vertices=23
Set parameter PoolSearchMode to value 2
Set parameter PoolSolutions to value 10
[CG 1] RMP=4.447653, pricing=ExactPricingSolver, new_columns=10
[CG 2] RMP=4.235294, pricing=ExactPricingSolver, new_columns=0
  搜索路径: [1, 2, 3, 6, 7, 8, 11, 9, 14, 10, 15, 19, 23, 24, 25, 27, 26]
  列生成求解结果: 目标值=4.2353， 下界=4.2353， 上界=inf
    非整数变量: COL_1-15-23-27-5-8_16 = 0.213369
  解不是整数，开始分支...
ImposedVertex(vertex=27)
ForbidVertex(vertex=27)
  创建了 2 个分支
    添加分支节点 1: ID=34
    添加分支节点 2: ID=35

处理节点 34
  开始列生成求解...
Set parameter LogToConsole to value 0
Set parameter Threads to value 1
Set parameter Seed to value 0
  定价策略: Exact, node=34, vertices=21
Set parameter PoolSearchMode to value 2
Set parameter PoolSolutions to value 10
[CG 1] RMP=11.000000, pricing=ExactPricingSolver, new_columns=0
  搜索路径: [1, 2, 3, 6, 7, 8, 11, 9, 14, 10, 15, 19, 23, 24, 25, 27, 26, 34]
  列生成求解结果: 目标值=11.0000， 下界=4.2353， 上界=inf
    非整数变量: COL_1-15-23-27-5-8_16 = 0.500000
  解不是整数，开始分支...
ImposedVertex(vertex=5)
ForbidVertex(vertex=5)
  创建了 2 个分支
    添加分支节点 1: ID=36
    添加分支节点 2: ID=37

处理节点 35
  开始列生成求解...
Set parameter LogToConsole to value 0
Set parameter Threads to value 1
Set parameter Seed to value 0
  定价策略: Exact, node=35, vertices=22
Set parameter PoolSearchMode to value 2
Set parameter PoolSolutions to value 10
[CG 1] RMP=5.454545, pricing=ExactPricingSolver, new_columns=0
  搜索路径: [1, 2, 3, 6, 7, 8, 11, 9, 14, 10, 15, 19, 23, 24, 25, 27, 26, 34, 35]
  列生成求解结果: 目标值=5.4545， 下界=4.2353， 上界=inf
    非整数变量: COL_11-15-20-24_19 = 0.136364
  解不是整数，开始分支...
ImposedVertex(vertex=11)
ForbidVertex(vertex=11)
  创建了 2 个分支
    添加分支节点 1: ID=38
    添加分支节点 2: ID=39

处理节点 31
  开始列生成求解...
Set parameter LogToConsole to value 0
Set parameter Threads to value 1
Set parameter Seed to value 0
  定价策略: Exact, node=31, vertices=22
Set parameter PoolSearchMode to value 2
Set parameter PoolSolutions to value 10
[CG 1] RMP=4.800000, pricing=ExactPricingSolver, new_columns=10
[CG 2] RMP=4.342937, pricing=ExactPricingSolver, new_columns=10
[CG 3] RMP=4.235294, pricing=ExactPricingSolver, new_columns=0
  搜索路径: [1, 2, 3, 6, 7, 8, 11, 9, 14, 10, 15, 19, 23, 24, 25, 27, 26, 34, 35, 31]
  列生成求解结果: 目标值=4.2353， 下界=4.2353， 上界=inf
    非整数变量: COL_14-18-21-23-27-9_67 = 0.018717
  解不是整数，开始分支...
ImposedVertex(vertex=27)
ForbidVertex(vertex=27)
  创建了 2 个分支
    添加分支节点 1: ID=40
    添加分支节点 2: ID=41
  进度: 已处理 20 个节点, 剩余 21 个, 当前最优 inf, 当前列数: 258

处理节点 33
  开始列生成求解...
Set parameter LogToConsole to value 0
Set parameter Threads to value 1
Set parameter Seed to value 0
  定价策略: Exact, node=33, vertices=23
Set parameter PoolSearchMode to value 2
Set parameter PoolSolutions to value 10
[CG 1] RMP=5.478261, pricing=ExactPricingSolver, new_columns=10
[CG 2] RMP=4.235294, pricing=ExactPricingSolver, new_columns=0
  搜索路径: [1, 2, 3, 6, 7, 8, 11, 9, 14, 10, 15, 19, 23, 24, 25, 27, 26, 34, 35, 31, 33]
  列生成求解结果: 目标值=4.2353， 下界=4.2353， 上界=inf
    非整数变量: COL_15-25-27-8_12 = 0.119519
  解不是整数，开始分支...
ImposedVertex(vertex=27)
ForbidVertex(vertex=27)
  创建了 2 个分支
    添加分支节点 1: ID=42
    添加分支节点 2: ID=43

处理节点 22
  开始列生成求解...
Set parameter LogToConsole to value 0
Set parameter Threads to value 1
Set parameter Seed to value 0
  定价策略: Exact, node=22, vertices=23
Set parameter PoolSearchMode to value 2
Set parameter PoolSolutions to value 10
[CG 1] RMP=9.000000, pricing=ExactPricingSolver, new_columns=0
  搜索路径: [1, 2, 3, 6, 7, 8, 11, 9, 14, 10, 15, 19, 23, 24, 25, 27, 26, 34, 35, 31, 33, 22]
  列生成求解结果: 目标值=9.0000， 下界=4.2353， 上界=inf
    非整数变量: COL_1-10-15-23-29-5-7_18 = 0.333333
  解不是整数，开始分支...
ImposedVertex(vertex=23)
ForbidVertex(vertex=23)
  创建了 2 个分支
    添加分支节点 1: ID=44
    添加分支节点 2: ID=45

处理节点 40
  开始列生成求解...
Set parameter LogToConsole to value 0
Set parameter Threads to value 1
Set parameter Seed to value 0
  定价策略: Exact, node=40, vertices=20
Set parameter PoolSearchMode to value 2
Set parameter PoolSolutions to value 10
[CG 1] RMP=11.000000, pricing=ExactPricingSolver, new_columns=0
  搜索路径: [1, 2, 3, 6, 7, 8, 11, 9, 14, 10, 15, 19, 23, 24, 25, 27, 26, 34, 35, 31, 33, 22, 40]
  列生成求解结果: 目标值=11.0000， 下界=4.2353， 上界=inf
    非整数变量: COL_14-21-23-27-3-4-7-9_75 = 0.500000
  解不是整数，开始分支...
ImposedVertex(vertex=3)
ForbidVertex(vertex=3)
  创建了 2 个分支
    添加分支节点 1: ID=46
    添加分支节点 2: ID=47

处理节点 41
  开始列生成求解...
Set parameter LogToConsole to value 0
Set parameter Threads to value 1
Set parameter Seed to value 0
  定价策略: Exact, node=41, vertices=21
Set parameter PoolSearchMode to value 2
Set parameter PoolSolutions to value 10
[CG 1] RMP=5.277487, pricing=ExactPricingSolver, new_columns=10
[CG 2] RMP=5.142857, pricing=ExactPricingSolver, new_columns=0
  搜索路径: [1, 2, 3, 6, 7, 8, 11, 9, 14, 10, 15, 19, 23, 24, 25, 27, 26, 34, 35, 31, 33, 22, 40, 41]
  列生成求解结果: 目标值=5.1429， 下界=4.2353， 上界=inf
    非整数变量: COL_16-18-28-4-9_118 = 0.244898
  解不是整数，开始分支...
ImposedVertex(vertex=9)
ForbidVertex(vertex=9)
  创建了 2 个分支
    添加分支节点 1: ID=48
    添加分支节点 2: ID=49

处理节点 43
  开始列生成求解...
Set parameter LogToConsole to value 0
Set parameter Threads to value 1
Set parameter Seed to value 0
  定价策略: Exact, node=43, vertices=22
Set parameter PoolSearchMode to value 2
Set parameter PoolSolutions to value 10
[CG 1] RMP=5.454545, pricing=ExactPricingSolver, new_columns=0
  搜索路径: [1, 2, 3, 6, 7, 8, 11, 9, 14, 10, 15, 19, 23, 24, 25, 27, 26, 34, 35, 31, 33, 22, 40, 41, 43]
  列生成求解结果: 目标值=5.4545， 下界=4.2353， 上界=inf
    非整数变量: COL_11-15-20-24_19 = 0.060606
  解不是整数，开始分支...
ImposedVertex(vertex=15)
ForbidVertex(vertex=15)
  创建了 2 个分支
    添加分支节点 1: ID=50
    添加分支节点 2: ID=51

处理节点 42
  开始列生成求解...
Set parameter LogToConsole to value 0
Set parameter Threads to value 1
Set parameter Seed to value 0
  定价策略: Exact, node=42, vertices=21
Set parameter PoolSearchMode to value 2
Set parameter PoolSolutions to value 10
[CG 1] RMP=11.000000, pricing=ExactPricingSolver, new_columns=0
  搜索路径: [1, 2, 3, 6, 7, 8, 11, 9, 14, 10, 15, 19, 23, 24, 25, 27, 26, 34, 35, 31, 33, 22, 40, 41, 43, 42]
  列生成求解结果: 目标值=11.0000， 下界=4.2353， 上界=inf
    非整数变量: COL_10-11-19-2-21-4-7_262 = 0.166667
  解不是整数，开始分支...
规则2分支: vertices=2-15, fractionality=0.166667
SameColor(vertex_pair=2-15)
DifferentColor(vertex_pair=2-15)
  创建了 2 个分支
    添加分支节点 1: ID=52
    添加分支节点 2: ID=53

处理节点 30
  开始列生成求解...
Set parameter LogToConsole to value 0
Set parameter Threads to value 1
Set parameter Seed to value 0
  定价策略: Exact, node=30, vertices=21
Set parameter PoolSearchMode to value 2
Set parameter PoolSolutions to value 10
[CG 1] RMP=5.395620, pricing=ExactPricingSolver, new_columns=10
[CG 2] RMP=4.235294, pricing=ExactPricingSolver, new_columns=0
  搜索路径: [1, 2, 3, 6, 7, 8, 11, 9, 14, 10, 15, 19, 23, 24, 25, 27, 26, 34, 35, 31, 33, 22, 40, 41, 43, 42, 30]
  列生成求解结果: 目标值=4.2353， 下界=4.2353， 上界=inf
    非整数变量: COL_1-11-18-23-7-9_42 = 0.035141
  解不是整数，开始分支...
ImposedVertex(vertex=27)
ForbidVertex(vertex=27)
  创建了 2 个分支
    添加分支节点 1: ID=54
    添加分支节点 2: ID=55

处理节点 16
  开始列生成求解...
Set parameter LogToConsole to value 0
Set parameter Threads to value 1
Set parameter Seed to value 0
  定价策略: Exact, node=16, vertices=22
Set parameter PoolSearchMode to value 2
Set parameter PoolSolutions to value 10
[CG 1] RMP=2010.000000, pricing=ExactPricingSolver, new_columns=10
[CG 2] RMP=5.128585, pricing=ExactPricingSolver, new_columns=10
[CG 3] RMP=4.235294, pricing=ExactPricingSolver, new_columns=0
  搜索路径: [1, 2, 3, 6, 7, 8, 11, 9, 14, 10, 15, 19, 23, 24, 25, 27, 26, 34, 35, 31, 33, 22, 40, 41, 43, 42, 30, 16]
  列生成求解结果: 目标值=4.2353， 下界=4.2353， 上界=inf
    非整数变量: COL_13-16-19_4 = 0.286478
  解不是整数，开始分支...
ImposedVertex(vertex=24)
ForbidVertex(vertex=24)
  创建了 2 个分支
    添加分支节点 1: ID=56
    添加分支节点 2: ID=57

处理节点 54
  开始列生成求解...
Set parameter LogToConsole to value 0
Set parameter Threads to value 1
Set parameter Seed to value 0
  定价策略: Exact, node=54, vertices=19
Set parameter PoolSearchMode to value 2
Set parameter PoolSolutions to value 10
[CG 1] RMP=11.000000, pricing=ExactPricingSolver, new_columns=0
  搜索路径: [1, 2, 3, 6, 7, 8, 11, 9, 14, 10, 15, 19, 23, 24, 25, 27, 26, 34, 35, 31, 33, 22, 40, 41, 43, 42, 30, 16, 54]
  列生成求解结果: 目标值=11.0000， 下界=4.2353， 上界=inf
  找到整数解，更新最优解
  更新最优解后剪枝了 6 个节点

处理节点 32
  开始列生成求解...
Set parameter LogToConsole to value 0
Set parameter Threads to value 1
Set parameter Seed to value 0
  定价策略: Exact, node=32, vertices=22
Set parameter PoolSearchMode to value 2
Set parameter PoolSolutions to value 10
[CG 1] RMP=5.866667, pricing=ExactPricingSolver, new_columns=10
[CG 2] RMP=4.714286, pricing=ExactPricingSolver, new_columns=10
[CG 3] RMP=4.292683, pricing=ExactPricingSolver, new_columns=10
[CG 4] RMP=4.235294, pricing=ExactPricingSolver, new_columns=0
  搜索路径: [1, 2, 3, 6, 7, 8, 11, 9, 14, 10, 15, 19, 23, 24, 25, 27, 26, 34, 35, 31, 33, 22, 40, 41, 43, 42, 30, 16, 54, 32]
  列生成求解结果: 目标值=4.2353， 下界=4.2353， 上界=11.0000
    非整数变量: COL_18-23-9_35 = 0.092946
  解不是整数，开始分支...
ImposedVertex(vertex=27)
ForbidVertex(vertex=27)
  创建了 2 个分支
    添加分支节点 1: ID=58
    添加分支节点 2: ID=59
  进度: 已处理 30 个节点, 剩余 23 个, 当前最优 11.0000, 当前列数: 338

处理节点 57
  开始列生成求解...
Set parameter LogToConsole to value 0
Set parameter Threads to value 1
Set parameter Seed to value 0
  定价策略: Exact, node=57, vertices=21
Set parameter PoolSearchMode to value 2
Set parameter PoolSolutions to value 10
[CG 1] RMP=4.776957, pricing=ExactPricingSolver, new_columns=10
[CG 2] RMP=4.431655, pricing=ExactPricingSolver, new_columns=10
[CG 3] RMP=4.235294, pricing=ExactPricingSolver, new_columns=0
  搜索路径: [1, 2, 3, 6, 7, 8, 11, 9, 14, 10, 15, 19, 23, 24, 25, 27, 26, 34, 35, 31, 33, 22, 40, 41, 43, 42, 30, 16, 54, 32, 57]
  列生成求解结果: 目标值=4.2353， 下界=4.2353， 上界=11.0000
    非整数变量: COL_13-16-19_4 = 0.294118
  解不是整数，开始分支...
ImposedVertex(vertex=27)
ForbidVertex(vertex=27)
  创建了 2 个分支
    添加分支节点 1: ID=60
    添加分支节点 2: ID=61

处理节点 55
  开始列生成求解...
Set parameter LogToConsole to value 0
Set parameter Threads to value 1
Set parameter Seed to value 0
  定价策略: Exact, node=55, vertices=20
Set parameter PoolSearchMode to value 2
Set parameter PoolSolutions to value 10
[CG 1] RMP=6.827586, pricing=ExactPricingSolver, new_columns=10
[CG 2] RMP=5.142857, pricing=ExactPricingSolver, new_columns=0
  搜索路径: [1, 2, 3, 6, 7, 8, 11, 9, 14, 10, 15, 19, 23, 24, 25, 27, 26, 34, 35, 31, 33, 22, 40, 41, 43, 42, 30, 16, 54, 32, 57, 55]
  列生成求解结果: 目标值=5.1429， 下界=4.2353， 上界=11.0000
    非整数变量: COL_1-11-18-23-7-9_42 = 0.333333
  解不是整数，开始分支...
ImposedVertex(vertex=9)
ForbidVertex(vertex=9)
  创建了 2 个分支
    添加分支节点 1: ID=62
    添加分支节点 2: ID=63

处理节点 59
  开始列生成求解...
Set parameter LogToConsole to value 0
Set parameter Threads to value 1
Set parameter Seed to value 0
  定价策略: Exact, node=59, vertices=21
Set parameter PoolSearchMode to value 2
Set parameter PoolSolutions to value 10
[CG 1] RMP=5.454545, pricing=ExactPricingSolver, new_columns=0
  搜索路径: [1, 2, 3, 6, 7, 8, 11, 9, 14, 10, 15, 19, 23, 24, 25, 27, 26, 34, 35, 31, 33, 22, 40, 41, 43, 42, 30, 16, 54, 32, 57, 55, 59]
  列生成求解结果: 目标值=5.4545， 下界=4.2353， 上界=11.0000
    非整数变量: COL_18-23-9_35 = 0.121212
  解不是整数，开始分支...
ImposedVertex(vertex=18)
ForbidVertex(vertex=18)
  创建了 2 个分支
    添加分支节点 1: ID=64
    添加分支节点 2: ID=65

处理节点 61
  开始列生成求解...
Set parameter LogToConsole to value 0
Set parameter Threads to value 1
Set parameter Seed to value 0
  定价策略: Exact, node=61, vertices=20
Set parameter PoolSearchMode to value 2
Set parameter PoolSolutions to value 10
[CG 1] RMP=5.454545, pricing=ExactPricingSolver, new_columns=0
  搜索路径: [1, 2, 3, 6, 7, 8, 11, 9, 14, 10, 15, 19, 23, 24, 25, 27, 26, 34, 35, 31, 33, 22, 40, 41, 43, 42, 30, 16, 54, 32, 57, 55, 59, 61]
  列生成求解结果: 目标值=5.4545， 下界=4.2353， 上界=11.0000
    非整数变量: COL_13-16-19_4 = 0.224747
  解不是整数，开始分支...
ImposedVertex(vertex=16)
ForbidVertex(vertex=16)
  创建了 2 个分支
    添加分支节点 1: ID=66
    添加分支节点 2: ID=67

处理节点 17
  开始列生成求解...
Set parameter LogToConsole to value 0
Set parameter Threads to value 1
Set parameter Seed to value 0
  定价策略: Exact, node=17, vertices=24
Set parameter PoolSearchMode to value 2
Set parameter PoolSolutions to value 10
[CG 1] RMP=4.235294, pricing=ExactPricingSolver, new_columns=0
  搜索路径: [1, 2, 3, 6, 7, 8, 11, 9, 14, 10, 15, 19, 23, 24, 25, 27, 26, 34, 35, 31, 33, 22, 40, 41, 43, 42, 30, 16, 54, 32, 57, 55, 59, 61, 17]
  列生成求解结果: 目标值=4.2353， 下界=4.2353， 上界=11.0000
    非整数变量: COL_15-24-27-7_10 = 0.030328
  解不是整数，开始分支...
ImposedVertex(vertex=24)
ForbidVertex(vertex=24)
  创建了 2 个分支
    添加分支节点 1: ID=68
    添加分支节点 2: ID=69

处理节点 56
  开始列生成求解...
Set parameter LogToConsole to value 0
Set parameter Threads to value 1
Set parameter Seed to value 0
  定价策略: Exact, node=56, vertices=20
Set parameter PoolSearchMode to value 2
Set parameter PoolSolutions to value 10
[CG 1] RMP=9.000000, pricing=ExactPricingSolver, new_columns=0
  搜索路径: [1, 2, 3, 6, 7, 8, 11, 9, 14, 10, 15, 19, 23, 24, 25, 27, 26, 34, 35, 31, 33, 22, 40, 41, 43, 42, 30, 16, 54, 32, 57, 55, 59, 61, 17, 56]
  列生成求解结果: 目标值=9.0000， 下界=4.2353， 上界=11.0000
    非整数变量: COL_16-24-26-7_8 = 0.250000
  解不是整数，开始分支...
ImposedVertex(vertex=16)
ForbidVertex(vertex=16)
  创建了 2 个分支
    添加分支节点 1: ID=70
    添加分支节点 2: ID=71

处理节点 68
  开始列生成求解...
Set parameter LogToConsole to value 0
Set parameter Threads to value 1
Set parameter Seed to value 0
  定价策略: Exact, node=68, vertices=22
Set parameter PoolSearchMode to value 2
Set parameter PoolSolutions to value 10
[CG 1] RMP=9.000000, pricing=ExactPricingSolver, new_columns=0
  搜索路径: [1, 2, 3, 6, 7, 8, 11, 9, 14, 10, 15, 19, 23, 24, 25, 27, 26, 34, 35, 31, 33, 22, 40, 41, 43, 42, 30, 16, 54, 32, 57, 55, 59, 61, 17, 56, 68]
  列生成求解结果: 目标值=9.0000， 下界=4.2353， 上界=11.0000
    非整数变量: COL_16-24-26-7_8 = 0.400000
  解不是整数，开始分支...
ImposedVertex(vertex=16)
ForbidVertex(vertex=16)
  创建了 2 个分支
    添加分支节点 1: ID=72
    添加分支节点 2: ID=73

处理节点 69
  开始列生成求解...
Set parameter LogToConsole to value 0
Set parameter Threads to value 1
Set parameter Seed to value 0
  定价策略: Exact, node=69, vertices=23
Set parameter PoolSearchMode to value 2
Set parameter PoolSolutions to value 10
[CG 1] RMP=5.206612, pricing=ExactPricingSolver, new_columns=10
[CG 2] RMP=4.235294, pricing=ExactPricingSolver, new_columns=0
  搜索路径: [1, 2, 3, 6, 7, 8, 11, 9, 14, 10, 15, 19, 23, 24, 25, 27, 26, 34, 35, 31, 33, 22, 40, 41, 43, 42, 30, 16, 54, 32, 57, 55, 59, 61, 17, 56, 68, 69]
  列生成求解结果: 目标值=4.2353， 下界=4.2353， 上界=11.0000
    非整数变量: COL_0-15-25-27-8_13 = 0.287955
  解不是整数，开始分支...
ImposedVertex(vertex=27)
ForbidVertex(vertex=27)
  创建了 2 个分支
    添加分支节点 1: ID=74
    添加分支节点 2: ID=75

处理节点 58
  开始列生成求解...
Set parameter LogToConsole to value 0
Set parameter Threads to value 1
Set parameter Seed to value 0
  定价策略: Exact, node=58, vertices=20
Set parameter PoolSearchMode to value 2
Set parameter PoolSolutions to value 10
[CG 1] RMP=11.000000, pricing=ExactPricingSolver, new_columns=0
  搜索路径: [1, 2, 3, 6, 7, 8, 11, 9, 14, 10, 15, 19, 23, 24, 25, 27, 26, 34, 35, 31, 33, 22, 40, 41, 43, 42, 30, 16, 54, 32, 57, 55, 59, 61, 17, 56, 68, 69, 58]
  列生成求解结果: 目标值=11.0000， 下界=4.2353， 上界=11.0000

处理节点 74
  开始列生成求解...
Set parameter LogToConsole to value 0
Set parameter Threads to value 1
Set parameter Seed to value 0
  定价策略: Exact, node=74, vertices=21
Set parameter PoolSearchMode to value 2
Set parameter PoolSolutions to value 10
[CG 1] RMP=11.000000, pricing=ExactPricingSolver, new_columns=0
  搜索路径: [1, 2, 3, 6, 7, 8, 11, 9, 14, 10, 15, 19, 23, 24, 25, 27, 26, 34, 35, 31, 33, 22, 40, 41, 43, 42, 30, 16, 54, 32, 57, 55, 59, 61, 17, 56, 68, 69, 58, 74]
  列生成求解结果: 目标值=11.0000， 下界=4.2353， 上界=11.0000

处理节点 75
  开始列生成求解...
Set parameter LogToConsole to value 0
Set parameter Threads to value 1
Set parameter Seed to value 0
  定价策略: Exact, node=75, vertices=22
Set parameter PoolSearchMode to value 2
Set parameter PoolSolutions to value 10
[CG 1] RMP=5.454545, pricing=ExactPricingSolver, new_columns=0
  搜索路径: [1, 2, 3, 6, 7, 8, 11, 9, 14, 10, 15, 19, 23, 24, 25, 27, 26, 34, 35, 31, 33, 22, 40, 41, 43, 42, 30, 16, 54, 32, 57, 55, 59, 61, 17, 56, 68, 69, 58, 74, 75]
  列生成求解结果: 目标值=5.4545， 下界=4.2353， 上界=11.0000
    非整数变量: COL_23_5 = 0.060065
  解不是整数，开始分支...
ImposedVertex(vertex=23)
ForbidVertex(vertex=23)
  创建了 2 个分支
    添加分支节点 1: ID=76
    添加分支节点 2: ID=77

处理节点 60
  开始列生成求解...
Set parameter LogToConsole to value 0
Set parameter Threads to value 1
Set parameter Seed to value 0
  定价策略: Exact, node=60, vertices=19
Set parameter PoolSearchMode to value 2
Set parameter PoolSolutions to value 10
[CG 1] RMP=11.000000, pricing=ExactPricingSolver, new_columns=0
  搜索路径: [1, 2, 3, 6, 7, 8, 11, 9, 14, 10, 15, 19, 23, 24, 25, 27, 26, 34, 35, 31, 33, 22, 40, 41, 43, 42, 30, 16, 54, 32, 57, 55, 59, 61, 17, 56, 68, 69, 58, 74, 75, 60]
  列生成求解结果: 目标值=11.0000， 下界=4.2353， 上界=11.0000

处理节点 18
  开始列生成求解...
Set parameter LogToConsole to value 0
Set parameter Threads to value 1
Set parameter Seed to value 0
  定价策略: Exact, node=18, vertices=22
Set parameter PoolSearchMode to value 2
Set parameter PoolSolutions to value 10
[CG 1] RMP=10.000000, pricing=ExactPricingSolver, new_columns=0
  搜索路径: [1, 2, 3, 6, 7, 8, 11, 9, 14, 10, 15, 19, 23, 24, 25, 27, 26, 34, 35, 31, 33, 22, 40, 41, 43, 42, 30, 16, 54, 32, 57, 55, 59, 61, 17, 56, 68, 69, 58, 74, 75, 60, 18]
  列生成求解结果: 目标值=10.0000， 下界=4.2353， 上界=11.0000
    非整数变量: COL_16-24-26-7_8 = 0.300000
  解不是整数，开始分支...
ImposedVertex(vertex=20)
ForbidVertex(vertex=20)
  创建了 2 个分支
    添加分支节点 1: ID=78
    添加分支节点 2: ID=79

处理节点 21
  开始列生成求解...
Set parameter LogToConsole to value 0
Set parameter Threads to value 1
Set parameter Seed to value 0
  定价策略: Exact, node=21, vertices=24
Set parameter PoolSearchMode to value 2
Set parameter PoolSolutions to value 10
[CG 1] RMP=4.235294, pricing=ExactPricingSolver, new_columns=0
  搜索路径: [1, 2, 3, 6, 7, 8, 11, 9, 14, 10, 15, 19, 23, 24, 25, 27, 26, 34, 35, 31, 33, 22, 40, 41, 43, 42, 30, 16, 54, 32, 57, 55, 59, 61, 17, 56, 68, 69, 58, 74, 75, 60, 18, 21]
  列生成求解结果: 目标值=4.2353， 下界=4.2353， 上界=11.0000
    非整数变量: COL_13-16-19_4 = 0.499160
  解不是整数，开始分支...
ImposedVertex(vertex=26)
ForbidVertex(vertex=26)
  创建了 2 个分支
    添加分支节点 1: ID=80
    添加分支节点 2: ID=81

处理节点 80
  开始列生成求解...
Set parameter LogToConsole to value 0
Set parameter Threads to value 1
Set parameter Seed to value 0
  定价策略: Exact, node=80, vertices=22
Set parameter PoolSearchMode to value 2
Set parameter PoolSolutions to value 10
[CG 1] RMP=10.000000, pricing=ExactPricingSolver, new_columns=0
  搜索路径: [1, 2, 3, 6, 7, 8, 11, 9, 14, 10, 15, 19, 23, 24, 25, 27, 26, 34, 35, 31, 33, 22, 40, 41, 43, 42, 30, 16, 54, 32, 57, 55, 59, 61, 17, 56, 68, 69, 58, 74, 75, 60, 18, 21, 80]
  列生成求解结果: 目标值=10.0000， 下界=4.2353， 上界=11.0000
    非整数变量: COL_13-16-19_4 = 0.333333
  解不是整数，开始分支...
ImposedVertex(vertex=16)
ForbidVertex(vertex=16)
  创建了 2 个分支
    添加分支节点 1: ID=82
    添加分支节点 2: ID=83

处理节点 81
  开始列生成求解...
Set parameter LogToConsole to value 0
Set parameter Threads to value 1
Set parameter Seed to value 0
  定价策略: Exact, node=81, vertices=23
Set parameter PoolSearchMode to value 2
Set parameter PoolSolutions to value 10
[CG 1] RMP=5.739130, pricing=ExactPricingSolver, new_columns=0
  搜索路径: [1, 2, 3, 6, 7, 8, 11, 9, 14, 10, 15, 19, 23, 24, 25, 27, 26, 34, 35, 31, 33, 22, 40, 41, 43, 42, 30, 16, 54, 32, 57, 55, 59, 61, 17, 56, 68, 69, 58, 74, 75, 60, 18, 21, 80, 81]
  列生成求解结果: 目标值=5.7391， 下界=4.2353， 上界=11.0000
    非整数变量: COL_13-16-19_4 = 0.355072
  解不是整数，开始分支...
ImposedVertex(vertex=1)
ForbidVertex(vertex=1)
  创建了 2 个分支
    添加分支节点 1: ID=84
    添加分支节点 2: ID=85

处理节点 20
  开始列生成求解...
Set parameter LogToConsole to value 0
Set parameter Threads to value 1
Set parameter Seed to value 0
  定价策略: Exact, node=20, vertices=22
Set parameter PoolSearchMode to value 2
Set parameter PoolSolutions to value 10
[CG 1] RMP=12.000000, pricing=ExactPricingSolver, new_columns=10
[CG 2] RMP=9.000000, pricing=ExactPricingSolver, new_columns=0
  搜索路径: [1, 2, 3, 6, 7, 8, 11, 9, 14, 10, 15, 19, 23, 24, 25, 27, 26, 34, 35, 31, 33, 22, 40, 41, 43, 42, 30, 16, 54, 32, 57, 55, 59, 61, 17, 56, 68, 69, 58, 74, 75, 60, 18, 21, 80, 81, 20]
  列生成求解结果: 目标值=9.0000， 下界=4.2353， 上界=11.0000
    非整数变量: COL_13-16-19_4 = 0.393939
  解不是整数，开始分支...
ImposedVertex(vertex=1)
ForbidVertex(vertex=1)
  创建了 2 个分支
    添加分支节点 1: ID=86
    添加分支节点 2: ID=87

处理节点 62
  开始列生成求解...
Set parameter LogToConsole to value 0
Set parameter Threads to value 1
Set parameter Seed to value 0
  定价策略: Exact, node=62, vertices=19
Set parameter PoolSearchMode to value 2
Set parameter PoolSolutions to value 10
[CG 1] RMP=6.000000, pricing=ExactPricingSolver, new_columns=10
[CG 2] RMP=5.142857, pricing=ExactPricingSolver, new_columns=0
  搜索路径: [1, 2, 3, 6, 7, 8, 11, 9, 14, 10, 15, 19, 23, 24, 25, 27, 26, 34, 35, 31, 33, 22, 40, 41, 43, 42, 30, 16, 54, 32, 57, 55, 59, 61, 17, 56, 68, 69, 58, 74, 75, 60, 18, 21, 80, 81, 20, 62]
  列生成求解结果: 目标值=5.1429， 下界=5.1429， 上界=11.0000
    非整数变量: COL_1-11-18-23-7-9_42 = 0.375000
  解不是整数，开始分支...
ImposedVertex(vertex=7)
ForbidVertex(vertex=7)
  创建了 2 个分支
    添加分支节点 1: ID=88
    添加分支节点 2: ID=89

处理节点 63
  开始列生成求解...
Set parameter LogToConsole to value 0
Set parameter Threads to value 1
Set parameter Seed to value 0
  定价策略: Exact, node=63, vertices=19
Set parameter PoolSearchMode to value 2
Set parameter PoolSolutions to value 10
[CG 1] RMP=11.000000, pricing=ExactPricingSolver, new_columns=0
  搜索路径: [1, 2, 3, 6, 7, 8, 11, 9, 14, 10, 15, 19, 23, 24, 25, 27, 26, 34, 35, 31, 33, 22, 40, 41, 43, 42, 30, 16, 54, 32, 57, 55, 59, 61, 17, 56, 68, 69, 58, 74, 75, 60, 18, 21, 80, 81, 20, 62, 63]
  列生成求解结果: 目标值=11.0000， 下界=5.1429， 上界=11.0000

处理节点 49
  开始列生成求解...
Set parameter LogToConsole to value 0
Set parameter Threads to value 1
Set parameter Seed to value 0
  定价策略: Exact, node=49, vertices=20
Set parameter PoolSearchMode to value 2
Set parameter PoolSolutions to value 10
[CG 1] RMP=11.000000, pricing=ExactPricingSolver, new_columns=0
  搜索路径: [1, 2, 3, 6, 7, 8, 11, 9, 14, 10, 15, 19, 23, 24, 25, 27, 26, 34, 35, 31, 33, 22, 40, 41, 43, 42, 30, 16, 54, 32, 57, 55, 59, 61, 17, 56, 68, 69, 58, 74, 75, 60, 18, 21, 80, 81, 20, 62, 63, 49]
  列生成求解结果: 目标值=11.0000， 下界=5.1429， 上界=11.0000

处理节点 48
  开始列生成求解...
Set parameter LogToConsole to value 0
Set parameter Threads to value 1
Set parameter Seed to value 0
  定价策略: Exact, node=48, vertices=20
Set parameter PoolSearchMode to value 2
Set parameter PoolSolutions to value 10
[CG 1] RMP=6.000000, pricing=ExactPricingSolver, new_columns=10
[CG 2] RMP=5.142857, pricing=ExactPricingSolver, new_columns=0
  搜索路径: [1, 2, 3, 6, 7, 8, 11, 9, 14, 10, 15, 19, 23, 24, 25, 27, 26, 34, 35, 31, 33, 22, 40, 41, 43, 42, 30, 16, 54, 32, 57, 55, 59, 61, 17, 56, 68, 69, 58, 74, 75, 60, 18, 21, 80, 81, 20, 62, 63, 49, 48]
  列生成求解结果: 目标值=5.1429， 下界=5.1429， 上界=11.0000
    非整数变量: COL_16-18-4-9_108 = 0.571429
  解不是整数，开始分支...
ImposedVertex(vertex=18)
ForbidVertex(vertex=18)
  创建了 2 个分支
    添加分支节点 1: ID=90
    添加分支节点 2: ID=91

处理节点 88
  开始列生成求解...
Set parameter LogToConsole to value 0
Set parameter Threads to value 1
Set parameter Seed to value 0
  定价策略: Exact, node=88, vertices=18
Set parameter PoolSearchMode to value 2
Set parameter PoolSolutions to value 10
[CG 1] RMP=5.142857, pricing=ExactPricingSolver, new_columns=0
  搜索路径: [1, 2, 3, 6, 7, 8, 11, 9, 14, 10, 15, 19, 23, 24, 25, 27, 26, 34, 35, 31, 33, 22, 40, 41, 43, 42, 30, 16, 54, 32, 57, 55, 59, 61, 17, 56, 68, 69, 58, 74, 75, 60, 18, 21, 80, 81, 20, 62, 63, 49, 48, 88]
  列生成求解结果: 目标值=5.1429， 下界=5.1429， 上界=11.0000
    非整数变量: COL_1-18-23-7-9_41 = 0.375000
  解不是整数，开始分支...
ImposedVertex(vertex=18)
ForbidVertex(vertex=18)
  创建了 2 个分支
    添加分支节点 1: ID=92
    添加分支节点 2: ID=93

处理节点 89
  开始列生成求解...
Set parameter LogToConsole to value 0
Set parameter Threads to value 1
Set parameter Seed to value 0
  定价策略: Exact, node=89, vertices=18
Set parameter PoolSearchMode to value 2
Set parameter PoolSolutions to value 10
[CG 1] RMP=2010.000000, pricing=ExactPricingSolver, new_columns=10
[CG 2] RMP=12.000000, pricing=ExactPricingSolver, new_columns=0
  搜索路径: [1, 2, 3, 6, 7, 8, 11, 9, 14, 10, 15, 19, 23, 24, 25, 27, 26, 34, 35, 31, 33, 22, 40, 41, 43, 42, 30, 16, 54, 32, 57, 55, 59, 61, 17, 56, 68, 69, 58, 74, 75, 60, 18, 21, 80, 81, 20, 62, 63, 49, 48, 88, 89]
  列生成求解结果: 目标值=12.0000， 下界=5.1429， 上界=11.0000

处理节点 92
  开始列生成求解...
Set parameter LogToConsole to value 0
Set parameter Threads to value 1
Set parameter Seed to value 0
  定价策略: Exact, node=92, vertices=17
Set parameter PoolSearchMode to value 2
Set parameter PoolSolutions to value 10
[CG 1] RMP=7.000000, pricing=ExactPricingSolver, new_columns=0
  搜索路径: [1, 2, 3, 6, 7, 8, 11, 9, 14, 10, 15, 19, 23, 24, 25, 27, 26, 34, 35, 31, 33, 22, 40, 41, 43, 42, 30, 16, 54, 32, 57, 55, 59, 61, 17, 56, 68, 69, 58, 74, 75, 60, 18, 21, 80, 81, 20, 62, 63, 49, 48, 88, 89, 92]
  列生成求解结果: 目标值=7.0000， 下界=5.1429， 上界=11.0000
    非整数变量: COL_1-18-23-7-9_41 = 0.562500
  解不是整数，开始分支...
ImposedVertex(vertex=23)
ForbidVertex(vertex=23)
  创建了 2 个分支
    添加分支节点 1: ID=94
    添加分支节点 2: ID=95

处理节点 93
  开始列生成求解...
Set parameter LogToConsole to value 0
Set parameter Threads to value 1
Set parameter Seed to value 0
  定价策略: Exact, node=93, vertices=17
Set parameter PoolSearchMode to value 2
Set parameter PoolSolutions to value 10
[CG 1] RMP=12.000000, pricing=ExactPricingSolver, new_columns=10
[CG 2] RMP=8.000000, pricing=ExactPricingSolver, new_columns=10
[CG 3] RMP=5.142857, pricing=ExactPricingSolver, new_columns=0
  搜索路径: [1, 2, 3, 6, 7, 8, 11, 9, 14, 10, 15, 19, 23, 24, 25, 27, 26, 34, 35, 31, 33, 22, 40, 41, 43, 42, 30, 16, 54, 32, 57, 55, 59, 61, 17, 56, 68, 69, 58, 74, 75, 60, 18, 21, 80, 81, 20, 62, 63, 49, 48, 88, 89, 92, 93]
  列生成求解结果: 目标值=5.1429， 下界=5.1429， 上界=11.0000
    非整数变量: COL_14-16-19-4_284 = 0.500000
  解不是整数，开始分支...
ImposedVertex(vertex=14)
ForbidVertex(vertex=14)
  创建了 2 个分支
    添加分支节点 1: ID=96
    添加分支节点 2: ID=97

处理节点 96
  开始列生成求解...
Set parameter LogToConsole to value 0
Set parameter Threads to value 1
Set parameter Seed to value 0
  定价策略: Exact, node=96, vertices=15
Set parameter PoolSearchMode to value 2
Set parameter PoolSolutions to value 10
[CG 1] RMP=20.000000, pricing=ExactPricingSolver, new_columns=10
[CG 2] RMP=10.000000, pricing=ExactPricingSolver, new_columns=0
  搜索路径: [1, 2, 3, 6, 7, 8, 11, 9, 14, 10, 15, 19, 23, 24, 25, 27, 26, 34, 35, 31, 33, 22, 40, 41, 43, 42, 30, 16, 54, 32, 57, 55, 59, 61, 17, 56, 68, 69, 58, 74, 75, 60, 18, 21, 80, 81, 20, 62, 63, 49, 48, 88, 89, 92, 93, 96]
  列生成求解结果: 目标值=10.0000， 下界=5.1429， 上界=11.0000
    非整数变量: COL_14-16-19-29-4-7_285 = 0.500000
  解不是整数，开始分支...
ImposedVertex(vertex=29)
ForbidVertex(vertex=29)
  创建了 2 个分支
    添加分支节点 1: ID=98
    添加分支节点 2: ID=99

处理节点 97
  开始列生成求解...
Set parameter LogToConsole to value 0
Set parameter Threads to value 1
Set parameter Seed to value 0
  定价策略: Exact, node=97, vertices=16
Set parameter PoolSearchMode to value 2
Set parameter PoolSolutions to value 10
[CG 1] RMP=5.142857, pricing=ExactPricingSolver, new_columns=0
  搜索路径: [1, 2, 3, 6, 7, 8, 11, 9, 14, 10, 15, 19, 23, 24, 25, 27, 26, 34, 35, 31, 33, 22, 40, 41, 43, 42, 30, 16, 54, 32, 57, 55, 59, 61, 17, 56, 68, 69, 58, 74, 75, 60, 18, 21, 80, 81, 20, 62, 63, 49, 48, 88, 89, 92, 93, 96, 97]
  列生成求解结果: 目标值=5.1429， 下界=5.1429， 上界=11.0000
    非整数变量: COL_11-16-19-4_278 = 0.028571
  解不是整数，开始分支...
ImposedVertex(vertex=11)
ForbidVertex(vertex=11)
  创建了 2 个分支
    添加分支节点 1: ID=100
    添加分支节点 2: ID=101

处理节点 100
  开始列生成求解...
Set parameter LogToConsole to value 0
Set parameter Threads to value 1
Set parameter Seed to value 0
  定价策略: Exact, node=100, vertices=15
Set parameter PoolSearchMode to value 2
Set parameter PoolSolutions to value 10
[CG 1] RMP=5.869565, pricing=ExactPricingSolver, new_columns=10
[CG 2] RMP=5.142857, pricing=ExactPricingSolver, new_columns=0
  搜索路径: [1, 2, 3, 6, 7, 8, 11, 9, 14, 10, 15, 19, 23, 24, 25, 27, 26, 34, 35, 31, 33, 22, 40, 41, 43, 42, 30, 16, 54, 32, 57, 55, 59, 61, 17, 56, 68, 69, 58, 74, 75, 60, 18, 21, 80, 81, 20, 62, 63, 49, 48, 88, 89, 92, 93, 96, 97, 100]
  列生成求解结果: 目标值=5.1429， 下界=5.1429， 上界=11.0000
    非整数变量: COL_11-16-19-4_278 = 0.154286
  解不是整数，开始分支...
ImposedVertex(vertex=20)
ForbidVertex(vertex=20)
  创建了 2 个分支
    添加分支节点 1: ID=102
    添加分支节点 2: ID=103

处理节点 101
  开始列生成求解...
Set parameter LogToConsole to value 0
Set parameter Threads to value 1
Set parameter Seed to value 0
  定价策略: Exact, node=101, vertices=15
Set parameter PoolSearchMode to value 2
Set parameter PoolSolutions to value 10
[CG 1] RMP=2010.000000, pricing=ExactPricingSolver, new_columns=10
[CG 2] RMP=2010.000000, pricing=ExactPricingSolver, new_columns=10
[CG 3] RMP=18.000000, pricing=ExactPricingSolver, new_columns=10
[CG 4] RMP=9.000000, pricing=ExactPricingSolver, new_columns=0
  搜索路径: [1, 2, 3, 6, 7, 8, 11, 9, 14, 10, 15, 19, 23, 24, 25, 27, 26, 34, 35, 31, 33, 22, 40, 41, 43, 42, 30, 16, 54, 32, 57, 55, 59, 61, 17, 56, 68, 69, 58, 74, 75, 60, 18, 21, 80, 81, 20, 62, 63, 49, 48, 88, 89, 92, 93, 96, 97, 100, 101]
  列生成求解结果: 目标值=9.0000， 下界=5.1429， 上界=11.0000
    非整数变量: COL_1-19-23_418 = 0.500000
  解不是整数，开始分支...
ImposedVertex(vertex=28)
ForbidVertex(vertex=28)
  创建了 2 个分支
    添加分支节点 1: ID=104
    添加分支节点 2: ID=105

处理节点 90
  开始列生成求解...
Set parameter LogToConsole to value 0
Set parameter Threads to value 1
Set parameter Seed to value 0
  定价策略: Exact, node=90, vertices=19
Set parameter PoolSearchMode to value 2
Set parameter PoolSolutions to value 10
[CG 1] RMP=7.000000, pricing=ExactPricingSolver, new_columns=0
  搜索路径: [1, 2, 3, 6, 7, 8, 11, 9, 14, 10, 15, 19, 23, 24, 25, 27, 26, 34, 35, 31, 33, 22, 40, 41, 43, 42, 30, 16, 54, 32, 57, 55, 59, 61, 17, 56, 68, 69, 58, 74, 75, 60, 18, 21, 80, 81, 20, 62, 63, 49, 48, 88, 89, 92, 93, 96, 97, 100, 101, 90]
  列生成求解结果: 目标值=7.0000， 下界=5.1429， 上界=11.0000
    非整数变量: COL_18-23-9_35 = 0.222222
  解不是整数，开始分支...
ImposedVertex(vertex=23)
ForbidVertex(vertex=23)
  创建了 2 个分支
    添加分支节点 1: ID=106
    添加分支节点 2: ID=107
  进度: 已处理 60 个节点, 剩余 41 个, 当前最优 11.0000, 当前列数: 488

处理节点 91
  开始列生成求解...
Set parameter LogToConsole to value 0
Set parameter Threads to value 1
Set parameter Seed to value 0
  定价策略: Exact, node=91, vertices=19
Set parameter PoolSearchMode to value 2
Set parameter PoolSolutions to value 10
[CG 1] RMP=18.000000, pricing=ExactPricingSolver, new_columns=10
[CG 2] RMP=18.000000, pricing=ExactPricingSolver, new_columns=10
[CG 3] RMP=18.000000, pricing=ExactPricingSolver, new_columns=10
[CG 4] RMP=12.000000, pricing=ExactPricingSolver, new_columns=0
  搜索路径: [1, 2, 3, 6, 7, 8, 11, 9, 14, 10, 15, 19, 23, 24, 25, 27, 26, 34, 35, 31, 33, 22, 40, 41, 43, 42, 30, 16, 54, 32, 57, 55, 59, 61, 17, 56, 68, 69, 58, 74, 75, 60, 18, 21, 80, 81, 20, 62, 63, 49, 48, 88, 89, 92, 93, 96, 97, 100, 101, 90, 91]
  列生成求解结果: 目标值=12.0000， 下界=5.1429， 上界=11.0000

处理节点 102
  开始列生成求解...
Set parameter LogToConsole to value 0
Set parameter Threads to value 1
Set parameter Seed to value 0
  定价策略: Exact, node=102, vertices=14
Set parameter PoolSearchMode to value 2
Set parameter PoolSolutions to value 10
[CG 1] RMP=8.000000, pricing=ExactPricingSolver, new_columns=0
  搜索路径: [1, 2, 3, 6, 7, 8, 11, 9, 14, 10, 15, 19, 23, 24, 25, 27, 26, 34, 35, 31, 33, 22, 40, 41, 43, 42, 30, 16, 54, 32, 57, 55, 59, 61, 17, 56, 68, 69, 58, 74, 75, 60, 18, 21, 80, 81, 20, 62, 63, 49, 48, 88, 89, 92, 93, 96, 97, 100, 101, 90, 91, 102]
  列生成求解结果: 目标值=8.0000， 下界=5.1429， 上界=11.0000
    非整数变量: COL_11-20-23-28-4-7-9_360 = 0.055556
  解不是整数，开始分支...
ImposedVertex(vertex=28)
ForbidVertex(vertex=28)
  创建了 2 个分支
    添加分支节点 1: ID=108
    添加分支节点 2: ID=109

处理节点 103
  开始列生成求解...
Set parameter LogToConsole to value 0
Set parameter Threads to value 1
Set parameter Seed to value 0
  定价策略: Exact, node=103, vertices=14
Set parameter PoolSearchMode to value 2
Set parameter PoolSolutions to value 10
[CG 1] RMP=9.000000, pricing=ExactPricingSolver, new_columns=0
  搜索路径: [1, 2, 3, 6, 7, 8, 11, 9, 14, 10, 15, 19, 23, 24, 25, 27, 26, 34, 35, 31, 33, 22, 40, 41, 43, 42, 30, 16, 54, 32, 57, 55, 59, 61, 17, 56, 68, 69, 58, 74, 75, 60, 18, 21, 80, 81, 20, 62, 63, 49, 48, 88, 89, 92, 93, 96, 97, 100, 101, 90, 91, 102, 103]
  列生成求解结果: 目标值=9.0000， 下界=5.1429， 上界=11.0000
    非整数变量: COL_11-21-23-28-4-7-9_362 = 0.500000
  解不是整数，开始分支...
ImposedVertex(vertex=28)
ForbidVertex(vertex=28)
  创建了 2 个分支
    添加分支节点 1: ID=110
    添加分支节点 2: ID=111

处理节点 65
  开始列生成求解...
Set parameter LogToConsole to value 0
Set parameter Threads to value 1
Set parameter Seed to value 0
  定价策略: Exact, node=65, vertices=20
Set parameter PoolSearchMode to value 2
Set parameter PoolSolutions to value 10
[CG 1] RMP=12.000000, pricing=ExactPricingSolver, new_columns=10
[CG 2] RMP=5.739130, pricing=ExactPricingSolver, new_columns=10
[CG 3] RMP=5.454545, pricing=ExactPricingSolver, new_columns=0
  搜索路径: [1, 2, 3, 6, 7, 8, 11, 9, 14, 10, 15, 19, 23, 24, 25, 27, 26, 34, 35, 31, 33, 22, 40, 41, 43, 42, 30, 16, 54, 32, 57, 55, 59, 61, 17, 56, 68, 69, 58, 74, 75, 60, 18, 21, 80, 81, 20, 62, 63, 49, 48, 88, 89, 92, 93, 96, 97, 100, 101, 90, 91, 102, 103, 65]
  列生成求解结果: 目标值=5.4545， 下界=5.4545， 上界=11.0000
    非整数变量: COL_17-4-9_148 = 0.227273
  解不是整数，开始分支...
ImposedVertex(vertex=9)
ForbidVertex(vertex=9)
  创建了 2 个分支
    添加分支节点 1: ID=112
    添加分支节点 2: ID=113

处理节点 64
  开始列生成求解...
Set parameter LogToConsole to value 0
Set parameter Threads to value 1
Set parameter Seed to value 0
  定价策略: Exact, node=64, vertices=20
Set parameter PoolSearchMode to value 2
Set parameter PoolSolutions to value 10
[CG 1] RMP=7.000000, pricing=ExactPricingSolver, new_columns=0
  搜索路径: [1, 2, 3, 6, 7, 8, 11, 9, 14, 10, 15, 19, 23, 24, 25, 27, 26, 34, 35, 31, 33, 22, 40, 41, 43, 42, 30, 16, 54, 32, 57, 55, 59, 61, 17, 56, 68, 69, 58, 74, 75, 60, 18, 21, 80, 81, 20, 62, 63, 49, 48, 88, 89, 92, 93, 96, 97, 100, 101, 90, 91, 102, 103, 65, 64]
  列生成求解结果: 目标值=7.0000， 下界=5.4545， 上界=11.0000
    非整数变量: COL_18-23-9_35 = 0.339286
  解不是整数，开始分支...
ImposedVertex(vertex=20)
ForbidVertex(vertex=20)
  创建了 2 个分支
    添加分支节点 1: ID=114
    添加分支节点 2: ID=115

处理节点 38
  开始列生成求解...
Set parameter LogToConsole to value 0
Set parameter Threads to value 1
Set parameter Seed to value 0
  定价策略: Exact, node=38, vertices=20
Set parameter PoolSearchMode to value 2
Set parameter PoolSolutions to value 10
[CG 1] RMP=5.454545, pricing=ExactPricingSolver, new_columns=0
  搜索路径: [1, 2, 3, 6, 7, 8, 11, 9, 14, 10, 15, 19, 23, 24, 25, 27, 26, 34, 35, 31, 33, 22, 40, 41, 43, 42, 30, 16, 54, 32, 57, 55, 59, 61, 17, 56, 68, 69, 58, 74, 75, 60, 18, 21, 80, 81, 20, 62, 63, 49, 48, 88, 89, 92, 93, 96, 97, 100, 101, 90, 91, 102, 103, 65, 64, 38]
  列生成求解结果: 目标值=5.4545， 下界=5.4545， 上界=11.0000
    非整数变量: COL_11-15-20-24_19 = 0.454545
  解不是整数，开始分支...
ImposedVertex(vertex=15)
ForbidVertex(vertex=15)
  创建了 2 个分支
    添加分支节点 1: ID=116
    添加分支节点 2: ID=117

处理节点 39
  开始列生成求解...
Set parameter LogToConsole to value 0
Set parameter Threads to value 1
Set parameter Seed to value 0
  定价策略: Exact, node=39, vertices=21
Set parameter PoolSearchMode to value 2
Set parameter PoolSolutions to value 10
[CG 1] RMP=1012.000000, pricing=ExactPricingSolver, new_columns=10
[CG 2] RMP=7.785059, pricing=ExactPricingSolver, new_columns=10
[CG 3] RMP=5.454545, pricing=ExactPricingSolver, new_columns=0
  搜索路径: [1, 2, 3, 6, 7, 8, 11, 9, 14, 10, 15, 19, 23, 24, 25, 27, 26, 34, 35, 31, 33, 22, 40, 41, 43, 42, 30, 16, 54, 32, 57, 55, 59, 61, 17, 56, 68, 69, 58, 74, 75, 60, 18, 21, 80, 81, 20, 62, 63, 49, 48, 88, 89, 92, 93, 96, 97, 100, 101, 90, 91, 102, 103, 65, 64, 38, 39]
  列生成求解结果: 目标值=5.4545， 下界=5.4545， 上界=11.0000
    非整数变量: COL_1-18-23-9_37 = 0.090909
  解不是整数，开始分支...
ImposedVertex(vertex=9)
ForbidVertex(vertex=9)
  创建了 2 个分支
    添加分支节点 1: ID=118
    添加分支节点 2: ID=119

处理节点 50
  开始列生成求解...
Set parameter LogToConsole to value 0
Set parameter Threads to value 1
Set parameter Seed to value 0
  定价策略: Exact, node=50, vertices=21
Set parameter PoolSearchMode to value 2
Set parameter PoolSolutions to value 10
[CG 1] RMP=6.000000, pricing=ExactPricingSolver, new_columns=0
  搜索路径: [1, 2, 3, 6, 7, 8, 11, 9, 14, 10, 15, 19, 23, 24, 25, 27, 26, 34, 35, 31, 33, 22, 40, 41, 43, 42, 30, 16, 54, 32, 57, 55, 59, 61, 17, 56, 68, 69, 58, 74, 75, 60, 18, 21, 80, 81, 20, 62, 63, 49, 48, 88, 89, 92, 93, 96, 97, 100, 101, 90, 91, 102, 103, 65, 64, 38, 39, 50]
  列生成求解结果: 目标值=6.0000， 下界=5.4545， 上界=11.0000
    非整数变量: COL_11-15-20-24_19 = 0.166667
  解不是整数，开始分支...
ImposedVertex(vertex=20)
ForbidVertex(vertex=20)
  创建了 2 个分支
    添加分支节点 1: ID=120
    添加分支节点 2: ID=121

处理节点 51
  开始列生成求解...
Set parameter LogToConsole to value 0
Set parameter Threads to value 1
Set parameter Seed to value 0
  定价策略: Exact, node=51, vertices=21
Set parameter PoolSearchMode to value 2
Set parameter PoolSolutions to value 10
[CG 1] RMP=9.000000, pricing=ExactPricingSolver, new_columns=10
[CG 2] RMP=7.292818, pricing=ExactPricingSolver, new_columns=10
[CG 3] RMP=5.454545, pricing=ExactPricingSolver, new_columns=0
  搜索路径: [1, 2, 3, 6, 7, 8, 11, 9, 14, 10, 15, 19, 23, 24, 25, 27, 26, 34, 35, 31, 33, 22, 40, 41, 43, 42, 30, 16, 54, 32, 57, 55, 59, 61, 17, 56, 68, 69, 58, 74, 75, 60, 18, 21, 80, 81, 20, 62, 63, 49, 48, 88, 89, 92, 93, 96, 97, 100, 101, 90, 91, 102, 103, 65, 64, 38, 39, 50, 51]
  列生成求解结果: 目标值=5.4545， 下界=5.4545， 上界=11.0000
    非整数变量: COL_21_56 = 0.104683
  解不是整数，开始分支...
ImposedVertex(vertex=21)
ForbidVertex(vertex=21)
  创建了 2 个分支
    添加分支节点 1: ID=122
    添加分支节点 2: ID=123

处理节点 118
  开始列生成求解...
Set parameter LogToConsole to value 0
Set parameter Threads to value 1
Set parameter Seed to value 0
  定价策略: Exact, node=118, vertices=20
Set parameter PoolSearchMode to value 2
Set parameter PoolSolutions to value 10
[CG 1] RMP=6.000000, pricing=ExactPricingSolver, new_columns=10
[CG 2] RMP=5.454545, pricing=ExactPricingSolver, new_columns=10
[CG 3] RMP=5.454545, pricing=ExactPricingSolver, new_columns=0
  搜索路径: [1, 2, 3, 6, 7, 8, 11, 9, 14, 10, 15, 19, 23, 24, 25, 27, 26, 34, 35, 31, 33, 22, 40, 41, 43, 42, 30, 16, 54, 32, 57, 55, 59, 61, 17, 56, 68, 69, 58, 74, 75, 60, 18, 21, 80, 81, 20, 62, 63, 49, 48, 88, 89, 92, 93, 96, 97, 100, 101, 90, 91, 102, 103, 65, 64, 38, 39, 50, 51, 118]
  列生成求解结果: 目标值=5.4545， 下界=5.4545， 上界=11.0000
    非整数变量: COL_1-18-23-7-9_41 = 0.400000
  解不是整数，开始分支...
ImposedVertex(vertex=18)
ForbidVertex(vertex=18)
  创建了 2 个分支
    添加分支节点 1: ID=124
    添加分支节点 2: ID=125
  进度: 已处理 70 个节点, 剩余 49 个, 当前最优 11.0000, 当前列数: 598

处理节点 124
  开始列生成求解...
Set parameter LogToConsole to value 0
Set parameter Threads to value 1
Set parameter Seed to value 0
  定价策略: Exact, node=124, vertices=19
Set parameter PoolSearchMode to value 2
Set parameter PoolSolutions to value 10
[CG 1] RMP=7.000000, pricing=ExactPricingSolver, new_columns=0
  搜索路径: [1, 2, 3, 6, 7, 8, 11, 9, 14, 10, 15, 19, 23, 24, 25, 27, 26, 34, 35, 31, 33, 22, 40, 41, 43, 42, 30, 16, 54, 32, 57, 55, 59, 61, 17, 56, 68, 69, 58, 74, 75, 60, 18, 21, 80, 81, 20, 62, 63, 49, 48, 88, 89, 92, 93, 96, 97, 100, 101, 90, 91, 102, 103, 65, 64, 38, 39, 50, 51, 118, 124]
  列生成求解结果: 目标值=7.0000， 下界=5.4545， 上界=11.0000
    非整数变量: COL_18-24-9_33 = 0.411111
  解不是整数，开始分支...
ImposedVertex(vertex=24)
ForbidVertex(vertex=24)
  创建了 2 个分支
    添加分支节点 1: ID=126
    添加分支节点 2: ID=127

处理节点 125
  开始列生成求解...
Set parameter LogToConsole to value 0
Set parameter Threads to value 1
Set parameter Seed to value 0
  定价策略: Exact, node=125, vertices=19
Set parameter PoolSearchMode to value 2
Set parameter PoolSolutions to value 10
[CG 1] RMP=10.909091, pricing=ExactPricingSolver, new_columns=10
[CG 2] RMP=5.454545, pricing=ExactPricingSolver, new_columns=0
  搜索路径: [1, 2, 3, 6, 7, 8, 11, 9, 14, 10, 15, 19, 23, 24, 25, 27, 26, 34, 35, 31, 33, 22, 40, 41, 43, 42, 30, 16, 54, 32, 57, 55, 59, 61, 17, 56, 68, 69, 58, 74, 75, 60, 18, 21, 80, 81, 20, 62, 63, 49, 48, 88, 89, 92, 93, 96, 97, 100, 101, 90, 91, 102, 103, 65, 64, 38, 39, 50, 51, 118, 124, 125]
  列生成求解结果: 目标值=5.4545， 下界=5.4545， 上界=11.0000
    非整数变量: COL_17-4-7-9_150 = 0.393939
  解不是整数，开始分支...
ImposedVertex(vertex=7)
ForbidVertex(vertex=7)
  创建了 2 个分支
    添加分支节点 1: ID=128
    添加分支节点 2: ID=129

处理节点 119
  开始列生成求解...
Set parameter LogToConsole to value 0
Set parameter Threads to value 1
Set parameter Seed to value 0
  定价策略: Exact, node=119, vertices=20
Set parameter PoolSearchMode to value 2
Set parameter PoolSolutions to value 10
[CG 1] RMP=11.000000, pricing=ExactPricingSolver, new_columns=0
  搜索路径: [1, 2, 3, 6, 7, 8, 11, 9, 14, 10, 15, 19, 23, 24, 25, 27, 26, 34, 35, 31, 33, 22, 40, 41, 43, 42, 30, 16, 54, 32, 57, 55, 59, 61, 17, 56, 68, 69, 58, 74, 75, 60, 18, 21, 80, 81, 20, 62, 63, 49, 48, 88, 89, 92, 93, 96, 97, 100, 101, 90, 91, 102, 103, 65, 64, 38, 39, 50, 51, 118, 124, 125, 119]
  列生成求解结果: 目标值=11.0000， 下界=5.4545， 上界=11.0000

处理节点 128
  开始列生成求解...
Set parameter LogToConsole to value 0
Set parameter Threads to value 1
Set parameter Seed to value 0
  定价策略: Exact, node=128, vertices=18
Set parameter PoolSearchMode to value 2
Set parameter PoolSolutions to value 10
[CG 1] RMP=5.454545, pricing=ExactPricingSolver, new_columns=0
  搜索路径: [1, 2, 3, 6, 7, 8, 11, 9, 14, 10, 15, 19, 23, 24, 25, 27, 26, 34, 35, 31, 33, 22, 40, 41, 43, 42, 30, 16, 54, 32, 57, 55, 59, 61, 17, 56, 68, 69, 58, 74, 75, 60, 18, 21, 80, 81, 20, 62, 63, 49, 48, 88, 89, 92, 93, 96, 97, 100, 101, 90, 91, 102, 103, 65, 64, 38, 39, 50, 51, 118, 124, 125, 119, 128]
  列生成求解结果: 目标值=5.4545， 下界=5.4545， 上界=11.0000
    非整数变量: COL_17-4-7-9_150 = 0.068182
  解不是整数，开始分支...
ImposedVertex(vertex=17)
ForbidVertex(vertex=17)
  创建了 2 个分支
    添加分支节点 1: ID=130
    添加分支节点 2: ID=131

处理节点 129
  开始列生成求解...
Set parameter LogToConsole to value 0
Set parameter Threads to value 1
Set parameter Seed to value 0
  定价策略: Exact, node=129, vertices=18
Set parameter PoolSearchMode to value 2
Set parameter PoolSolutions to value 10
[CG 1] RMP=12.000000, pricing=ExactPricingSolver, new_columns=0
  搜索路径: [1, 2, 3, 6, 7, 8, 11, 9, 14, 10, 15, 19, 23, 24, 25, 27, 26, 34, 35, 31, 33, 22, 40, 41, 43, 42, 30, 16, 54, 32, 57, 55, 59, 61, 17, 56, 68, 69, 58, 74, 75, 60, 18, 21, 80, 81, 20, 62, 63, 49, 48, 88, 89, 92, 93, 96, 97, 100, 101, 90, 91, 102, 103, 65, 64, 38, 39, 50, 51, 118, 124, 125, 119, 128, 129]
  列生成求解结果: 目标值=12.0000， 下界=5.4545， 上界=11.0000

处理节点 130
  开始列生成求解...
Set parameter LogToConsole to value 0
Set parameter Threads to value 1
Set parameter Seed to value 0
  定价策略: Exact, node=130, vertices=17
Set parameter PoolSearchMode to value 2
Set parameter PoolSolutions to value 10
[CG 1] RMP=6.000000, pricing=ExactPricingSolver, new_columns=10
[CG 2] RMP=5.454545, pricing=ExactPricingSolver, new_columns=0
  搜索路径: [1, 2, 3, 6, 7, 8, 11, 9, 14, 10, 15, 19, 23, 24, 25, 27, 26, 34, 35, 31, 33, 22, 40, 41, 43, 42, 30, 16, 54, 32, 57, 55, 59, 61, 17, 56, 68, 69, 58, 74, 75, 60, 18, 21, 80, 81, 20, 62, 63, 49, 48, 88, 89, 92, 93, 96, 97, 100, 101, 90, 91, 102, 103, 65, 64, 38, 39, 50, 51, 118, 124, 125, 119, 128, 129, 130]
  列生成求解结果: 目标值=5.4545， 下界=5.4545， 上界=11.0000
    非整数变量: COL_17-4-7-9_150 = 0.212121
  解不是整数，开始分支...
ImposedVertex(vertex=21)
ForbidVertex(vertex=21)
  创建了 2 个分支
    添加分支节点 1: ID=132
    添加分支节点 2: ID=133

处理节点 131
  开始列生成求解...
Set parameter LogToConsole to value 0
Set parameter Threads to value 1
Set parameter Seed to value 0
  定价策略: Exact, node=131, vertices=17
Set parameter PoolSearchMode to value 2
Set parameter PoolSolutions to value 10
[CG 1] RMP=9.000000, pricing=ExactPricingSolver, new_columns=10
[CG 2] RMP=6.000000, pricing=ExactPricingSolver, new_columns=0
  搜索路径: [1, 2, 3, 6, 7, 8, 11, 9, 14, 10, 15, 19, 23, 24, 25, 27, 26, 34, 35, 31, 33, 22, 40, 41, 43, 42, 30, 16, 54, 32, 57, 55, 59, 61, 17, 56, 68, 69, 58, 74, 75, 60, 18, 21, 80, 81, 20, 62, 63, 49, 48, 88, 89, 92, 93, 96, 97, 100, 101, 90, 91, 102, 103, 65, 64, 38, 39, 50, 51, 118, 124, 125, 119, 128, 129, 130, 131]
  列生成求解结果: 目标值=6.0000， 下界=5.4545， 上界=11.0000
    非整数变量: COL_19-21-23-26-4_228 = 0.266667
  解不是整数，开始分支...
ImposedVertex(vertex=21)
ForbidVertex(vertex=21)
  创建了 2 个分支
    添加分支节点 1: ID=134
    添加分支节点 2: ID=135

处理节点 132
  开始列生成求解...
Set parameter LogToConsole to value 0
Set parameter Threads to value 1
Set parameter Seed to value 0
  定价策略: Exact, node=132, vertices=16
Set parameter PoolSearchMode to value 2
Set parameter PoolSolutions to value 10
[CG 1] RMP=9.000000, pricing=ExactPricingSolver, new_columns=0
  搜索路径: [1, 2, 3, 6, 7, 8, 11, 9, 14, 10, 15, 19, 23, 24, 25, 27, 26, 34, 35, 31, 33, 22, 40, 41, 43, 42, 30, 16, 54, 32, 57, 55, 59, 61, 17, 56, 68, 69, 58, 74, 75, 60, 18, 21, 80, 81, 20, 62, 63, 49, 48, 88, 89, 92, 93, 96, 97, 100, 101, 90, 91, 102, 103, 65, 64, 38, 39, 50, 51, 118, 124, 125, 119, 128, 129, 130, 131, 132]
  列生成求解结果: 目标值=9.0000， 下界=5.4545， 上界=11.0000
    非整数变量: COL_17-4-9_148 = 0.500000
  解不是整数，开始分支...
ImposedVertex(vertex=26)
ForbidVertex(vertex=26)
  创建了 2 个分支
    添加分支节点 1: ID=136
    添加分支节点 2: ID=137

处理节点 133
  开始列生成求解...
Set parameter LogToConsole to value 0
Set parameter Threads to value 1
Set parameter Seed to value 0
  定价策略: Exact, node=133, vertices=16
Set parameter PoolSearchMode to value 2
Set parameter PoolSolutions to value 10
[CG 1] RMP=8.000000, pricing=ExactPricingSolver, new_columns=0
  搜索路径: [1, 2, 3, 6, 7, 8, 11, 9, 14, 10, 15, 19, 23, 24, 25, 27, 26, 34, 35, 31, 33, 22, 40, 41, 43, 42, 30, 16, 54, 32, 57, 55, 59, 61, 17, 56, 68, 69, 58, 74, 75, 60, 18, 21, 80, 81, 20, 62, 63, 49, 48, 88, 89, 92, 93, 96, 97, 100, 101, 90, 91, 102, 103, 65, 64, 38, 39, 50, 51, 118, 124, 125, 119, 128, 129, 130, 131, 132, 133]
  列生成求解结果: 目标值=8.0000， 下界=5.4545， 上界=11.0000
    非整数变量: COL_17-19-4-7_151 = 0.500000
  解不是整数，开始分支...
ImposedVertex(vertex=12)
ForbidVertex(vertex=12)
  创建了 2 个分支
    添加分支节点 1: ID=138
    添加分支节点 2: ID=139

处理节点 77
  开始列生成求解...
Set parameter LogToConsole to value 0
Set parameter Threads to value 1
Set parameter Seed to value 0
  定价策略: Exact, node=77, vertices=21
Set parameter PoolSearchMode to value 2
Set parameter PoolSolutions to value 10
[CG 1] RMP=14.000000, pricing=ExactPricingSolver, new_columns=10
[CG 2] RMP=5.540897, pricing=ExactPricingSolver, new_columns=10
[CG 3] RMP=5.454545, pricing=ExactPricingSolver, new_columns=0
  搜索路径: [1, 2, 3, 6, 7, 8, 11, 9, 14, 10, 15, 19, 23, 24, 25, 27, 26, 34, 35, 31, 33, 22, 40, 41, 43, 42, 30, 16, 54, 32, 57, 55, 59, 61, 17, 56, 68, 69, 58, 74, 75, 60, 18, 21, 80, 81, 20, 62, 63, 49, 48, 88, 89, 92, 93, 96, 97, 100, 101, 90, 91, 102, 103, 65, 64, 38, 39, 50, 51, 118, 124, 125, 119, 128, 129, 130, 131, 132, 133, 77]
  列生成求解结果: 目标值=5.4545， 下界=5.4545， 上界=11.0000
    非整数变量: COL_11-15-20-25_23 = 0.008264
  解不是整数，开始分支...
ImposedVertex(vertex=15)
ForbidVertex(vertex=15)
  创建了 2 个分支
    添加分支节点 1: ID=140
    添加分支节点 2: ID=141
  进度: 已处理 80 个节点, 剩余 55 个, 当前最优 11.0000, 当前列数: 648

处理节点 66
  开始列生成求解...
Set parameter LogToConsole to value 0
Set parameter Threads to value 1
Set parameter Seed to value 0
  定价策略: Exact, node=66, vertices=18
Set parameter PoolSearchMode to value 2
Set parameter PoolSolutions to value 10
[CG 1] RMP=2010.000000, pricing=ExactPricingSolver, new_columns=10
[CG 2] RMP=11.000000, pricing=ExactPricingSolver, new_columns=10
[CG 3] RMP=5.739130, pricing=ExactPricingSolver, new_columns=10
[CG 4] RMP=5.454545, pricing=ExactPricingSolver, new_columns=0
  搜索路径: [1, 2, 3, 6, 7, 8, 11, 9, 14, 10, 15, 19, 23, 24, 25, 27, 26, 34, 35, 31, 33, 22, 40, 41, 43, 42, 30, 16, 54, 32, 57, 55, 59, 61, 17, 56, 68, 69, 58, 74, 75, 60, 18, 21, 80, 81, 20, 62, 63, 49, 48, 88, 89, 92, 93, 96, 97, 100, 101, 90, 91, 102, 103, 65, 64, 38, 39, 50, 51, 118, 124, 125, 119, 128, 129, 130, 131, 132, 133, 77, 66]
  列生成求解结果: 目标值=5.4545， 下界=5.4545， 上界=11.0000
    非整数变量: COL_13-16-19_4 = 0.090909
  解不是整数，开始分支...
ImposedVertex(vertex=19)
ForbidVertex(vertex=19)
  创建了 2 个分支
    添加分支节点 1: ID=142
    添加分支节点 2: ID=143

处理节点 123
  开始列生成求解...
Set parameter LogToConsole to value 0
Set parameter Threads to value 1
Set parameter Seed to value 0
  定价策略: Exact, node=123, vertices=20
Set parameter PoolSearchMode to value 2
Set parameter PoolSolutions to value 10
[CG 1] RMP=8.000000, pricing=ExactPricingSolver, new_columns=0
  搜索路径: [1, 2, 3, 6, 7, 8, 11, 9, 14, 10, 15, 19, 23, 24, 25, 27, 26, 34, 35, 31, 33, 22, 40, 41, 43, 42, 30, 16, 54, 32, 57, 55, 59, 61, 17, 56, 68, 69, 58, 74, 75, 60, 18, 21, 80, 81, 20, 62, 63, 49, 48, 88, 89, 92, 93, 96, 97, 100, 101, 90, 91, 102, 103, 65, 64, 38, 39, 50, 51, 118, 124, 125, 119, 128, 129, 130, 131, 132, 133, 77, 66, 123]
  列生成求解结果: 目标值=8.0000， 下界=5.4545， 上界=11.0000
    非整数变量: COL_18-24-9_33 = 0.444444
  解不是整数，开始分支...
ImposedVertex(vertex=18)
ForbidVertex(vertex=18)
  创建了 2 个分支
    添加分支节点 1: ID=144
    添加分支节点 2: ID=145

处理节点 76
  开始列生成求解...
Set parameter LogToConsole to value 0
Set parameter Threads to value 1
Set parameter Seed to value 0
  定价策略: Exact, node=76, vertices=21
Set parameter PoolSearchMode to value 2
Set parameter PoolSolutions to value 10
[CG 1] RMP=6.000000, pricing=ExactPricingSolver, new_columns=0
  搜索路径: [1, 2, 3, 6, 7, 8, 11, 9, 14, 10, 15, 19, 23, 24, 25, 27, 26, 34, 35, 31, 33, 22, 40, 41, 43, 42, 30, 16, 54, 32, 57, 55, 59, 61, 17, 56, 68, 69, 58, 74, 75, 60, 18, 21, 80, 81, 20, 62, 63, 49, 48, 88, 89, 92, 93, 96, 97, 100, 101, 90, 91, 102, 103, 65, 64, 38, 39, 50, 51, 118, 124, 125, 119, 128, 129, 130, 131, 132, 133, 77, 66, 123, 76]
  列生成求解结果: 目标值=6.0000， 下界=5.4545， 上界=11.0000
    非整数变量: COL_23_5 = 0.142857
  解不是整数，开始分支...
ImposedVertex(vertex=9)
ForbidVertex(vertex=9)
  创建了 2 个分支
    添加分支节点 1: ID=146
    添加分支节点 2: ID=147

处理节点 143
  开始列生成求解...
Set parameter LogToConsole to value 0
Set parameter Threads to value 1
Set parameter Seed to value 0
  定价策略: Exact, node=143, vertices=17
Set parameter PoolSearchMode to value 2
Set parameter PoolSolutions to value 10
[CG 1] RMP=7.000000, pricing=ExactPricingSolver, new_columns=0
  搜索路径: [1, 2, 3, 6, 7, 8, 11, 9, 14, 10, 15, 19, 23, 24, 25, 27, 26, 34, 35, 31, 33, 22, 40, 41, 43, 42, 30, 16, 54, 32, 57, 55, 59, 61, 17, 56, 68, 69, 58, 74, 75, 60, 18, 21, 80, 81, 20, 62, 63, 49, 48, 88, 89, 92, 93, 96, 97, 100, 101, 90, 91, 102, 103, 65, 64, 38, 39, 50, 51, 118, 124, 125, 119, 128, 129, 130, 131, 132, 133, 77, 66, 123, 76, 143]
  列生成求解结果: 目标值=7.0000， 下界=5.4545， 上界=11.0000
    非整数变量: COL_0-18-20-26-4_50 = 0.375000
  解不是整数，开始分支...
ImposedVertex(vertex=20)
ForbidVertex(vertex=20)
  创建了 2 个分支
    添加分支节点 1: ID=148
    添加分支节点 2: ID=149

处理节点 140
  开始列生成求解...
Set parameter LogToConsole to value 0
Set parameter Threads to value 1
Set parameter Seed to value 0
  定价策略: Exact, node=140, vertices=19
Set parameter PoolSearchMode to value 2
Set parameter PoolSolutions to value 10
[CG 1] RMP=6.000000, pricing=ExactPricingSolver, new_columns=0
  搜索路径: [1, 2, 3, 6, 7, 8, 11, 9, 14, 10, 15, 19, 23, 24, 25, 27, 26, 34, 35, 31, 33, 22, 40, 41, 43, 42, 30, 16, 54, 32, 57, 55, 59, 61, 17, 56, 68, 69, 58, 74, 75, 60, 18, 21, 80, 81, 20, 62, 63, 49, 48, 88, 89, 92, 93, 96, 97, 100, 101, 90, 91, 102, 103, 65, 64, 38, 39, 50, 51, 118, 124, 125, 119, 128, 129, 130, 131, 132, 133, 77, 66, 123, 76, 143, 140]
  列生成求解结果: 目标值=6.0000， 下界=5.4545， 上界=11.0000
    非整数变量: COL_11-15-20-25_23 = 0.150000
  解不是整数，开始分支...
ImposedVertex(vertex=20)
ForbidVertex(vertex=20)
  创建了 2 个分支
    添加分支节点 1: ID=150
    添加分支节点 2: ID=151

处理节点 141
  开始列生成求解...
Set parameter LogToConsole to value 0
Set parameter Threads to value 1
Set parameter Seed to value 0
  定价策略: Exact, node=141, vertices=20
Set parameter PoolSearchMode to value 2
Set parameter PoolSolutions to value 10
[CG 1] RMP=5.500000, pricing=ExactPricingSolver, new_columns=10
[CG 2] RMP=5.454545, pricing=ExactPricingSolver, new_columns=0
  搜索路径: [1, 2, 3, 6, 7, 8, 11, 9, 14, 10, 15, 19, 23, 24, 25, 27, 26, 34, 35, 31, 33, 22, 40, 41, 43, 42, 30, 16, 54, 32, 57, 55, 59, 61, 17, 56, 68, 69, 58, 74, 75, 60, 18, 21, 80, 81, 20, 62, 63, 49, 48, 88, 89, 92, 93, 96, 97, 100, 101, 90, 91, 102, 103, 65, 64, 38, 39, 50, 51, 118, 124, 125, 119, 128, 129, 130, 131, 132, 133, 77, 66, 123, 76, 143, 140, 141]
  列生成求解结果: 目标值=5.4545， 下界=5.4545， 上界=11.0000
    非整数变量: COL_0-18-20-26-4_50 = 0.230519
  解不是整数，开始分支...
ImposedVertex(vertex=18)
ForbidVertex(vertex=18)
  创建了 2 个分支
    添加分支节点 1: ID=152
    添加分支节点 2: ID=153

处理节点 142
  开始列生成求解...
Set parameter LogToConsole to value 0
Set parameter Threads to value 1
Set parameter Seed to value 0
  定价策略: Exact, node=142, vertices=17
Set parameter PoolSearchMode to value 2
Set parameter PoolSolutions to value 10
[CG 1] RMP=12.000000, pricing=ExactPricingSolver, new_columns=10
[CG 2] RMP=11.000000, pricing=ExactPricingSolver, new_columns=10
[CG 3] RMP=11.000000, pricing=ExactPricingSolver, new_columns=10
[CG 4] RMP=11.000000, pricing=ExactPricingSolver, new_columns=0
  搜索路径: [1, 2, 3, 6, 7, 8, 11, 9, 14, 10, 15, 19, 23, 24, 25, 27, 26, 34, 35, 31, 33, 22, 40, 41, 43, 42, 30, 16, 54, 32, 57, 55, 59, 61, 17, 56, 68, 69, 58, 74, 75, 60, 18, 21, 80, 81, 20, 62, 63, 49, 48, 88, 89, 92, 93, 96, 97, 100, 101, 90, 91, 102, 103, 65, 64, 38, 39, 50, 51, 118, 124, 125, 119, 128, 129, 130, 131, 132, 133, 77, 66, 123, 76, 143, 140, 141, 142]
  列生成求解结果: 目标值=11.0000， 下界=5.4545， 上界=11.0000

处理节点 152
  开始列生成求解...
Set parameter LogToConsole to value 0
Set parameter Threads to value 1
Set parameter Seed to value 0
  定价策略: Exact, node=152, vertices=19
Set parameter PoolSearchMode to value 2
Set parameter PoolSolutions to value 10
[CG 1] RMP=7.000000, pricing=ExactPricingSolver, new_columns=0
  搜索路径: [1, 2, 3, 6, 7, 8, 11, 9, 14, 10, 15, 19, 23, 24, 25, 27, 26, 34, 35, 31, 33, 22, 40, 41, 43, 42, 30, 16, 54, 32, 57, 55, 59, 61, 17, 56, 68, 69, 58, 74, 75, 60, 18, 21, 80, 81, 20, 62, 63, 49, 48, 88, 89, 92, 93, 96, 97, 100, 101, 90, 91, 102, 103, 65, 64, 38, 39, 50, 51, 118, 124, 125, 119, 128, 129, 130, 131, 132, 133, 77, 66, 123, 76, 143, 140, 141, 142, 152]
  列生成求解结果: 目标值=7.0000， 下界=5.4545， 上界=11.0000
    非整数变量: COL_0-11-18-25-7_79 = 0.566667
  解不是整数，开始分支...
ImposedVertex(vertex=11)
ForbidVertex(vertex=11)
  创建了 2 个分支
    添加分支节点 1: ID=154
    添加分支节点 2: ID=155

处理节点 153
  开始列生成求解...
Set parameter LogToConsole to value 0
Set parameter Threads to value 1
Set parameter Seed to value 0
  定价策略: Exact, node=153, vertices=19
Set parameter PoolSearchMode to value 2
Set parameter PoolSolutions to value 10
[CG 1] RMP=11.340206, pricing=ExactPricingSolver, new_columns=10
[CG 2] RMP=11.000000, pricing=ExactPricingSolver, new_columns=0
  搜索路径: [1, 2, 3, 6, 7, 8, 11, 9, 14, 10, 15, 19, 23, 24, 25, 27, 26, 34, 35, 31, 33, 22, 40, 41, 43, 42, 30, 16, 54, 32, 57, 55, 59, 61, 17, 56, 68, 69, 58, 74, 75, 60, 18, 21, 80, 81, 20, 62, 63, 49, 48, 88, 89, 92, 93, 96, 97, 100, 101, 90, 91, 102, 103, 65, 64, 38, 39, 50, 51, 118, 124, 125, 119, 128, 129, 130, 131, 132, 133, 77, 66, 123, 76, 143, 140, 141, 142, 152, 153]
  列生成求解结果: 目标值=11.0000， 下界=5.4545， 上界=11.0000

处理节点 67
  开始列生成求解...
Set parameter LogToConsole to value 0
Set parameter Threads to value 1
Set parameter Seed to value 0
  定价策略: Exact, node=67, vertices=19
Set parameter PoolSearchMode to value 2
Set parameter PoolSolutions to value 10
[CG 1] RMP=6.000000, pricing=ExactPricingSolver, new_columns=10
[CG 2] RMP=5.454545, pricing=ExactPricingSolver, new_columns=0
  搜索路径: [1, 2, 3, 6, 7, 8, 11, 9, 14, 10, 15, 19, 23, 24, 25, 27, 26, 34, 35, 31, 33, 22, 40, 41, 43, 42, 30, 16, 54, 32, 57, 55, 59, 61, 17, 56, 68, 69, 58, 74, 75, 60, 18, 21, 80, 81, 20, 62, 63, 49, 48, 88, 89, 92, 93, 96, 97, 100, 101, 90, 91, 102, 103, 65, 64, 38, 39, 50, 51, 118, 124, 125, 119, 128, 129, 130, 131, 132, 133, 77, 66, 123, 76, 143, 140, 141, 142, 152, 153, 67]
  列生成求解结果: 目标值=5.4545， 下界=5.4545， 上界=11.0000
    非整数变量: COL_0-18-20-26-4_50 = 0.128788
  解不是整数，开始分支...
ImposedVertex(vertex=4)
ForbidVertex(vertex=4)
  创建了 2 个分支
    添加分支节点 1: ID=156
    添加分支节点 2: ID=157
  进度: 已处理 90 个节点, 剩余 61 个, 当前最优 11.0000, 当前列数: 738

处理节点 116
  开始列生成求解...
Set parameter LogToConsole to value 0
Set parameter Threads to value 1
Set parameter Seed to value 0
  定价策略: Exact, node=116, vertices=19
Set parameter PoolSearchMode to value 2
Set parameter PoolSolutions to value 10
[CG 1] RMP=6.000000, pricing=ExactPricingSolver, new_columns=0
  搜索路径: [1, 2, 3, 6, 7, 8, 11, 9, 14, 10, 15, 19, 23, 24, 25, 27, 26, 34, 35, 31, 33, 22, 40, 41, 43, 42, 30, 16, 54, 32, 57, 55, 59, 61, 17, 56, 68, 69, 58, 74, 75, 60, 18, 21, 80, 81, 20, 62, 63, 49, 48, 88, 89, 92, 93, 96, 97, 100, 101, 90, 91, 102, 103, 65, 64, 38, 39, 50, 51, 118, 124, 125, 119, 128, 129, 130, 131, 132, 133, 77, 66, 123, 76, 143, 140, 141, 142, 152, 153, 67, 116]
  列生成求解结果: 目标值=6.0000， 下界=5.4545， 上界=11.0000
    非整数变量: COL_11-15-20-24_19 = 0.500000
  解不是整数，开始分支...
ImposedVertex(vertex=20)
ForbidVertex(vertex=20)
  创建了 2 个分支
    添加分支节点 1: ID=158
    添加分支节点 2: ID=159

处理节点 156
  开始列生成求解...
Set parameter LogToConsole to value 0
Set parameter Threads to value 1
Set parameter Seed to value 0
  定价策略: Exact, node=156, vertices=17
Set parameter PoolSearchMode to value 2
Set parameter PoolSolutions to value 10
[CG 1] RMP=5.454545, pricing=ExactPricingSolver, new_columns=0
  搜索路径: [1, 2, 3, 6, 7, 8, 11, 9, 14, 10, 15, 19, 23, 24, 25, 27, 26, 34, 35, 31, 33, 22, 40, 41, 43, 42, 30, 16, 54, 32, 57, 55, 59, 61, 17, 56, 68, 69, 58, 74, 75, 60, 18, 21, 80, 81, 20, 62, 63, 49, 48, 88, 89, 92, 93, 96, 97, 100, 101, 90, 91, 102, 103, 65, 64, 38, 39, 50, 51, 118, 124, 125, 119, 128, 129, 130, 131, 132, 133, 77, 66, 123, 76, 143, 140, 141, 142, 152, 153, 67, 116, 156]
  列生成求解结果: 目标值=5.4545， 下界=5.4545， 上界=11.0000
    非整数变量: COL_0-28-4_101 = 0.037879
  解不是整数，开始分支...
ImposedVertex(vertex=28)
ForbidVertex(vertex=28)
  创建了 2 个分支
    添加分支节点 1: ID=160
    添加分支节点 2: ID=161

处理节点 157
  开始列生成求解...
Set parameter LogToConsole to value 0
Set parameter Threads to value 1
Set parameter Seed to value 0
  定价策略: Exact, node=157, vertices=18
Set parameter PoolSearchMode to value 2
Set parameter PoolSolutions to value 10
[CG 1] RMP=7.000000, pricing=ExactPricingSolver, new_columns=10
[CG 2] RMP=5.500000, pricing=ExactPricingSolver, new_columns=10
[CG 3] RMP=5.454545, pricing=ExactPricingSolver, new_columns=0
  搜索路径: [1, 2, 3, 6, 7, 8, 11, 9, 14, 10, 15, 19, 23, 24, 25, 27, 26, 34, 35, 31, 33, 22, 40, 41, 43, 42, 30, 16, 54, 32, 57, 55, 59, 61, 17, 56, 68, 69, 58, 74, 75, 60, 18, 21, 80, 81, 20, 62, 63, 49, 48, 88, 89, 92, 93, 96, 97, 100, 101, 90, 91, 102, 103, 65, 64, 38, 39, 50, 51, 118, 124, 125, 119, 128, 129, 130, 131, 132, 133, 77, 66, 123, 76, 143, 140, 141, 142, 152, 153, 67, 116, 156, 157]
  列生成求解结果: 目标值=5.4545， 下界=5.4545， 上界=11.0000
    非整数变量: COL_18-23-9_35 = 0.090909
  解不是整数，开始分支...
ImposedVertex(vertex=9)
ForbidVertex(vertex=9)
  创建了 2 个分支
    添加分支节点 1: ID=162
    添加分支节点 2: ID=163

处理节点 160
  开始列生成求解...
Set parameter LogToConsole to value 0
Set parameter Threads to value 1
Set parameter Seed to value 0
  定价策略: Exact, node=160, vertices=16
Set parameter PoolSearchMode to value 2
Set parameter PoolSolutions to value 10
[CG 1] RMP=2010.000000, pricing=ExactPricingSolver, new_columns=10
[CG 2] RMP=12.000000, pricing=ExactPricingSolver, new_columns=0
  搜索路径: [1, 2, 3, 6, 7, 8, 11, 9, 14, 10, 15, 19, 23, 24, 25, 27, 26, 34, 35, 31, 33, 22, 40, 41, 43, 42, 30, 16, 54, 32, 57, 55, 59, 61, 17, 56, 68, 69, 58, 74, 75, 60, 18, 21, 80, 81, 20, 62, 63, 49, 48, 88, 89, 92, 93, 96, 97, 100, 101, 90, 91, 102, 103, 65, 64, 38, 39, 50, 51, 118, 124, 125, 119, 128, 129, 130, 131, 132, 133, 77, 66, 123, 76, 143, 140, 141, 142, 152, 153, 67, 116, 156, 157, 160]
  列生成求解结果: 目标值=12.0000， 下界=5.4545， 上界=11.0000

处理节点 161
  开始列生成求解...
Set parameter LogToConsole to value 0
Set parameter Threads to value 1
Set parameter Seed to value 0
  定价策略: Exact, node=161, vertices=16
Set parameter PoolSearchMode to value 2
Set parameter PoolSolutions to value 10
[CG 1] RMP=10.000000, pricing=ExactPricingSolver, new_columns=0
  搜索路径: [1, 2, 3, 6, 7, 8, 11, 9, 14, 10, 15, 19, 23, 24, 25, 27, 26, 34, 35, 31, 33, 22, 40, 41, 43, 42, 30, 16, 54, 32, 57, 55, 59, 61, 17, 56, 68, 69, 58, 74, 75, 60, 18, 21, 80, 81, 20, 62, 63, 49, 48, 88, 89, 92, 93, 96, 97, 100, 101, 90, 91, 102, 103, 65, 64, 38, 39, 50, 51, 118, 124, 125, 119, 128, 129, 130, 131, 132, 133, 77, 66, 123, 76, 143, 140, 141, 142, 152, 153, 67, 116, 156, 157, 160, 161]
  列生成求解结果: 目标值=10.0000， 下界=5.4545， 上界=11.0000
    非整数变量: COL_0-18-20-26-4_50 = 0.045455
  解不是整数，开始分支...
ImposedVertex(vertex=18)
ForbidVertex(vertex=18)
  创建了 2 个分支
    添加分支节点 1: ID=164
    添加分支节点 2: ID=165

处理节点 162
  开始列生成求解...
Set parameter LogToConsole to value 0
Set parameter Threads to value 1
Set parameter Seed to value 0
  定价策略: Exact, node=162, vertices=17
Set parameter PoolSearchMode to value 2
Set parameter PoolSolutions to value 10
[CG 1] RMP=2010.000000, pricing=ExactPricingSolver, new_columns=10
[CG 2] RMP=12.000000, pricing=ExactPricingSolver, new_columns=10
[CG 3] RMP=7.000000, pricing=ExactPricingSolver, new_columns=10
[CG 4] RMP=7.000000, pricing=ExactPricingSolver, new_columns=0
  搜索路径: [1, 2, 3, 6, 7, 8, 11, 9, 14, 10, 15, 19, 23, 24, 25, 27, 26, 34, 35, 31, 33, 22, 40, 41, 43, 42, 30, 16, 54, 32, 57, 55, 59, 61, 17, 56, 68, 69, 58, 74, 75, 60, 18, 21, 80, 81, 20, 62, 63, 49, 48, 88, 89, 92, 93, 96, 97, 100, 101, 90, 91, 102, 103, 65, 64, 38, 39, 50, 51, 118, 124, 125, 119, 128, 129, 130, 131, 132, 133, 77, 66, 123, 76, 143, 140, 141, 142, 152, 153, 67, 116, 156, 157, 160, 161, 162]
  列生成求解结果: 目标值=7.0000， 下界=5.4545， 上界=11.0000
    非整数变量: COL_0-13-26-8-9_302 = 0.416667
  解不是整数，开始分支...
ImposedVertex(vertex=8)
ForbidVertex(vertex=8)
  创建了 2 个分支
    添加分支节点 1: ID=166
    添加分支节点 2: ID=167

处理节点 122
  开始列生成求解...
Set parameter LogToConsole to value 0
Set parameter Threads to value 1
Set parameter Seed to value 0
  定价策略: Exact, node=122, vertices=20
Set parameter PoolSearchMode to value 2
Set parameter PoolSolutions to value 10
[CG 1] RMP=10.000000, pricing=ExactPricingSolver, new_columns=10
[CG 2] RMP=9.000000, pricing=ExactPricingSolver, new_columns=0
  搜索路径: [1, 2, 3, 6, 7, 8, 11, 9, 14, 10, 15, 19, 23, 24, 25, 27, 26, 34, 35, 31, 33, 22, 40, 41, 43, 42, 30, 16, 54, 32, 57, 55, 59, 61, 17, 56, 68, 69, 58, 74, 75, 60, 18, 21, 80, 81, 20, 62, 63, 49, 48, 88, 89, 92, 93, 96, 97, 100, 101, 90, 91, 102, 103, 65, 64, 38, 39, 50, 51, 118, 124, 125, 119, 128, 129, 130, 131, 132, 133, 77, 66, 123, 76, 143, 140, 141, 142, 152, 153, 67, 116, 156, 157, 160, 161, 162, 122]
  列生成求解结果: 目标值=9.0000， 下界=5.4545， 上界=11.0000
    非整数变量: COL_18-24-9_33 = 0.500000
  解不是整数，开始分支...
ImposedVertex(vertex=9)
ForbidVertex(vertex=9)
  创建了 2 个分支
    添加分支节点 1: ID=168
    添加分支节点 2: ID=169

处理节点 117
  开始列生成求解...
Set parameter LogToConsole to value 0
Set parameter Threads to value 1
Set parameter Seed to value 0
  定价策略: Exact, node=117, vertices=19
Set parameter PoolSearchMode to value 2
Set parameter PoolSolutions to value 10
[CG 1] RMP=1010.000000, pricing=ExactPricingSolver, new_columns=10
[CG 2] RMP=5.739130, pricing=ExactPricingSolver, new_columns=10
[CG 3] RMP=5.454545, pricing=ExactPricingSolver, new_columns=0
  搜索路径: [1, 2, 3, 6, 7, 8, 11, 9, 14, 10, 15, 19, 23, 24, 25, 27, 26, 34, 35, 31, 33, 22, 40, 41, 43, 42, 30, 16, 54, 32, 57, 55, 59, 61, 17, 56, 68, 69, 58, 74, 75, 60, 18, 21, 80, 81, 20, 62, 63, 49, 48, 88, 89, 92, 93, 96, 97, 100, 101, 90, 91, 102, 103, 65, 64, 38, 39, 50, 51, 118, 124, 125, 119, 128, 129, 130, 131, 132, 133, 77, 66, 123, 76, 143, 140, 141, 142, 152, 153, 67, 116, 156, 157, 160, 161, 162, 122, 117]
  列生成求解结果: 目标值=5.4545， 下界=5.4545， 上界=11.0000
    非整数变量: COL_23_5 = 0.003788
  解不是整数，开始分支...
ImposedVertex(vertex=23)
ForbidVertex(vertex=23)
  创建了 2 个分支
    添加分支节点 1: ID=170
    添加分支节点 2: ID=171

处理节点 170
  开始列生成求解...
Set parameter LogToConsole to value 0
Set parameter Threads to value 1
Set parameter Seed to value 0
  定价策略: Exact, node=170, vertices=17
Set parameter PoolSearchMode to value 2
Set parameter PoolSolutions to value 10
[CG 1] RMP=11.000000, pricing=ExactPricingSolver, new_columns=10
[CG 2] RMP=10.000000, pricing=ExactPricingSolver, new_columns=10
[CG 3] RMP=5.454545, pricing=ExactPricingSolver, new_columns=0
  搜索路径: [1, 2, 3, 6, 7, 8, 11, 9, 14, 10, 15, 19, 23, 24, 25, 27, 26, 34, 35, 31, 33, 22, 40, 41, 43, 42, 30, 16, 54, 32, 57, 55, 59, 61, 17, 56, 68, 69, 58, 74, 75, 60, 18, 21, 80, 81, 20, 62, 63, 49, 48, 88, 89, 92, 93, 96, 97, 100, 101, 90, 91, 102, 103, 65, 64, 38, 39, 50, 51, 118, 124, 125, 119, 128, 129, 130, 131, 132, 133, 77, 66, 123, 76, 143, 140, 141, 142, 152, 153, 67, 116, 156, 157, 160, 161, 162, 122, 117, 170]
  列生成求解结果: 目标值=5.4545， 下界=5.4545， 上界=11.0000
    非整数变量: COL_23_5 = 0.045455
  解不是整数，开始分支...
ImposedVertex(vertex=9)
ForbidVertex(vertex=9)
  创建了 2 个分支
    添加分支节点 1: ID=172
    添加分支节点 2: ID=173

处理节点 171
  开始列生成求解...
Set parameter LogToConsole to value 0
Set parameter Threads to value 1
Set parameter Seed to value 0
  定价策略: Exact, node=171, vertices=18
Set parameter PoolSearchMode to value 2
Set parameter PoolSolutions to value 10
[CG 1] RMP=7.391343, pricing=ExactPricingSolver, new_columns=10
[CG 2] RMP=5.454545, pricing=ExactPricingSolver, new_columns=0
  搜索路径: [1, 2, 3, 6, 7, 8, 11, 9, 14, 10, 15, 19, 23, 24, 25, 27, 26, 34, 35, 31, 33, 22, 40, 41, 43, 42, 30, 16, 54, 32, 57, 55, 59, 61, 17, 56, 68, 69, 58, 74, 75, 60, 18, 21, 80, 81, 20, 62, 63, 49, 48, 88, 89, 92, 93, 96, 97, 100, 101, 90, 91, 102, 103, 65, 64, 38, 39, 50, 51, 118, 124, 125, 119, 128, 129, 130, 131, 132, 133, 77, 66, 123, 76, 143, 140, 141, 142, 152, 153, 67, 116, 156, 157, 160, 161, 162, 122, 117, 170, 171]
  列生成求解结果: 目标值=5.4545， 下界=5.4545， 上界=11.0000
    非整数变量: COL_18-24-9_33 = 0.090909
  解不是整数，开始分支...
ImposedVertex(vertex=9)
ForbidVertex(vertex=9)
  创建了 2 个分支
    添加分支节点 1: ID=174
    添加分支节点 2: ID=175
  进度: 已处理 100 个节点, 剩余 69 个, 当前最优 11.0000, 当前列数: 858

处理节点 172
  开始列生成求解...
Set parameter LogToConsole to value 0
Set parameter Threads to value 1
Set parameter Seed to value 0
  定价策略: Exact, node=172, vertices=16
Set parameter PoolSearchMode to value 2
Set parameter PoolSolutions to value 10
[CG 1] RMP=5.454545, pricing=ExactPricingSolver, new_columns=0
  搜索路径: [1, 2, 3, 6, 7, 8, 11, 9, 14, 10, 15, 19, 23, 24, 25, 27, 26, 34, 35, 31, 33, 22, 40, 41, 43, 42, 30, 16, 54, 32, 57, 55, 59, 61, 17, 56, 68, 69, 58, 74, 75, 60, 18, 21, 80, 81, 20, 62, 63, 49, 48, 88, 89, 92, 93, 96, 97, 100, 101, 90, 91, 102, 103, 65, 64, 38, 39, 50, 51, 118, 124, 125, 119, 128, 129, 130, 131, 132, 133, 77, 66, 123, 76, 143, 140, 141, 142, 152, 153, 67, 116, 156, 157, 160, 161, 162, 122, 117, 170, 171, 172]
  列生成求解结果: 目标值=5.4545， 下界=5.4545， 上界=11.0000
    非整数变量: COL_1-11-18-23-7-9_42 = 0.484848
  解不是整数，开始分支...
ImposedVertex(vertex=18)
ForbidVertex(vertex=18)
  创建了 2 个分支
    添加分支节点 1: ID=176
    添加分支节点 2: ID=177

处理节点 173
  开始列生成求解...
Set parameter LogToConsole to value 0
Set parameter Threads to value 1
Set parameter Seed to value 0
  定价策略: Exact, node=173, vertices=16
Set parameter PoolSearchMode to value 2
Set parameter PoolSolutions to value 10
[CG 1] RMP=11.000000, pricing=ExactPricingSolver, new_columns=0
  搜索路径: [1, 2, 3, 6, 7, 8, 11, 9, 14, 10, 15, 19, 23, 24, 25, 27, 26, 34, 35, 31, 33, 22, 40, 41, 43, 42, 30, 16, 54, 32, 57, 55, 59, 61, 17, 56, 68, 69, 58, 74, 75, 60, 18, 21, 80, 81, 20, 62, 63, 49, 48, 88, 89, 92, 93, 96, 97, 100, 101, 90, 91, 102, 103, 65, 64, 38, 39, 50, 51, 118, 124, 125, 119, 128, 129, 130, 131, 132, 133, 77, 66, 123, 76, 143, 140, 141, 142, 152, 153, 67, 116, 156, 157, 160, 161, 162, 122, 117, 170, 171, 172, 173]
  列生成求解结果: 目标值=11.0000， 下界=5.4545， 上界=11.0000

处理节点 176
  开始列生成求解...
Set parameter LogToConsole to value 0
Set parameter Threads to value 1
Set parameter Seed to value 0
  定价策略: Exact, node=176, vertices=15
Set parameter PoolSearchMode to value 2
Set parameter PoolSolutions to value 10
[CG 1] RMP=7.500000, pricing=ExactPricingSolver, new_columns=10
[CG 2] RMP=7.000000, pricing=ExactPricingSolver, new_columns=0
  搜索路径: [1, 2, 3, 6, 7, 8, 11, 9, 14, 10, 15, 19, 23, 24, 25, 27, 26, 34, 35, 31, 33, 22, 40, 41, 43, 42, 30, 16, 54, 32, 57, 55, 59, 61, 17, 56, 68, 69, 58, 74, 75, 60, 18, 21, 80, 81, 20, 62, 63, 49, 48, 88, 89, 92, 93, 96, 97, 100, 101, 90, 91, 102, 103, 65, 64, 38, 39, 50, 51, 118, 124, 125, 119, 128, 129, 130, 131, 132, 133, 77, 66, 123, 76, 143, 140, 141, 142, 152, 153, 67, 116, 156, 157, 160, 161, 162, 122, 117, 170, 171, 172, 173, 176]
  列生成求解结果: 目标值=7.0000， 下界=5.4545， 上界=11.0000
    非整数变量: COL_1-11-18-23-7-9_42 = 0.500000
  解不是整数，开始分支...
ImposedVertex(vertex=4)
ForbidVertex(vertex=4)
  创建了 2 个分支
    添加分支节点 1: ID=178
    添加分支节点 2: ID=179

处理节点 177
  开始列生成求解...
Set parameter LogToConsole to value 0
Set parameter Threads to value 1
Set parameter Seed to value 0
  定价策略: Exact, node=177, vertices=15
Set parameter PoolSearchMode to value 2
Set parameter PoolSolutions to value 10
[CG 1] RMP=20.000000, pricing=ExactPricingSolver, new_columns=10
[CG 2] RMP=5.454545, pricing=ExactPricingSolver, new_columns=0
  搜索路径: [1, 2, 3, 6, 7, 8, 11, 9, 14, 10, 15, 19, 23, 24, 25, 27, 26, 34, 35, 31, 33, 22, 40, 41, 43, 42, 30, 16, 54, 32, 57, 55, 59, 61, 17, 56, 68, 69, 58, 74, 75, 60, 18, 21, 80, 81, 20, 62, 63, 49, 48, 88, 89, 92, 93, 96, 97, 100, 101, 90, 91, 102, 103, 65, 64, 38, 39, 50, 51, 118, 124, 125, 119, 128, 129, 130, 131, 132, 133, 77, 66, 123, 76, 143, 140, 141, 142, 152, 153, 67, 116, 156, 157, 160, 161, 162, 122, 117, 170, 171, 172, 173, 176, 177]
  列生成求解结果: 目标值=5.4545， 下界=5.4545， 上界=11.0000
    非整数变量: COL_19-21-23-26-4_228 = 0.500000
  解不是整数，开始分支...
ImposedVertex(vertex=21)
ForbidVertex(vertex=21)
  创建了 2 个分支
    添加分支节点 1: ID=180
    添加分支节点 2: ID=181

处理节点 180
  开始列生成求解...
Set parameter LogToConsole to value 0
Set parameter Threads to value 1
Set parameter Seed to value 0
  定价策略: Exact, node=180, vertices=14
Set parameter PoolSearchMode to value 2
Set parameter PoolSolutions to value 10
[CG 1] RMP=9.000000, pricing=ExactPricingSolver, new_columns=0
  搜索路径: [1, 2, 3, 6, 7, 8, 11, 9, 14, 10, 15, 19, 23, 24, 25, 27, 26, 34, 35, 31, 33, 22, 40, 41, 43, 42, 30, 16, 54, 32, 57, 55, 59, 61, 17, 56, 68, 69, 58, 74, 75, 60, 18, 21, 80, 81, 20, 62, 63, 49, 48, 88, 89, 92, 93, 96, 97, 100, 101, 90, 91, 102, 103, 65, 64, 38, 39, 50, 51, 118, 124, 125, 119, 128, 129, 130, 131, 132, 133, 77, 66, 123, 76, 143, 140, 141, 142, 152, 153, 67, 116, 156, 157, 160, 161, 162, 122, 117, 170, 171, 172, 173, 176, 177, 180]
  列生成求解结果: 目标值=9.0000， 下界=5.4545， 上界=11.0000
    非整数变量: COL_17-4-9_148 = 0.450000
  解不是整数，开始分支...
ImposedVertex(vertex=26)
ForbidVertex(vertex=26)
  创建了 2 个分支
    添加分支节点 1: ID=182
    添加分支节点 2: ID=183

处理节点 181
  开始列生成求解...
Set parameter LogToConsole to value 0
Set parameter Threads to value 1
Set parameter Seed to value 0
  定价策略: Exact, node=181, vertices=14
Set parameter PoolSearchMode to value 2
Set parameter PoolSolutions to value 10
[CG 1] RMP=8.000000, pricing=ExactPricingSolver, new_columns=0
  搜索路径: [1, 2, 3, 6, 7, 8, 11, 9, 14, 10, 15, 19, 23, 24, 25, 27, 26, 34, 35, 31, 33, 22, 40, 41, 43, 42, 30, 16, 54, 32, 57, 55, 59, 61, 17, 56, 68, 69, 58, 74, 75, 60, 18, 21, 80, 81, 20, 62, 63, 49, 48, 88, 89, 92, 93, 96, 97, 100, 101, 90, 91, 102, 103, 65, 64, 38, 39, 50, 51, 118, 124, 125, 119, 128, 129, 130, 131, 132, 133, 77, 66, 123, 76, 143, 140, 141, 142, 152, 153, 67, 116, 156, 157, 160, 161, 162, 122, 117, 170, 171, 172, 173, 176, 177, 180, 181]
  列生成求解结果: 目标值=8.0000， 下界=5.4545， 上界=11.0000
    非整数变量: COL_17-19-4_154 = 0.333333
  解不是整数，开始分支...
ImposedVertex(vertex=7)
ForbidVertex(vertex=7)
  创建了 2 个分支
    添加分支节点 1: ID=184
    添加分支节点 2: ID=185

处理节点 112
  开始列生成求解...
Set parameter LogToConsole to value 0
Set parameter Threads to value 1
Set parameter Seed to value 0
  定价策略: Exact, node=112, vertices=19
Set parameter PoolSearchMode to value 2
Set parameter PoolSolutions to value 10
[CG 1] RMP=6.000000, pricing=ExactPricingSolver, new_columns=10
[CG 2] RMP=5.454545, pricing=ExactPricingSolver, new_columns=0
  搜索路径: [1, 2, 3, 6, 7, 8, 11, 9, 14, 10, 15, 19, 23, 24, 25, 27, 26, 34, 35, 31, 33, 22, 40, 41, 43, 42, 30, 16, 54, 32, 57, 55, 59, 61, 17, 56, 68, 69, 58, 74, 75, 60, 18, 21, 80, 81, 20, 62, 63, 49, 48, 88, 89, 92, 93, 96, 97, 100, 101, 90, 91, 102, 103, 65, 64, 38, 39, 50, 51, 118, 124, 125, 119, 128, 129, 130, 131, 132, 133, 77, 66, 123, 76, 143, 140, 141, 142, 152, 153, 67, 116, 156, 157, 160, 161, 162, 122, 117, 170, 171, 172, 173, 176, 177, 180, 181, 112]
  列生成求解结果: 目标值=5.4545， 下界=5.4545， 上界=11.0000
    非整数变量: COL_19-20-26_45 = 0.227273
  解不是整数，开始分支...
ImposedVertex(vertex=20)
ForbidVertex(vertex=20)
  创建了 2 个分支
    添加分支节点 1: ID=186
    添加分支节点 2: ID=187

处理节点 113
  开始列生成求解...
Set parameter LogToConsole to value 0
Set parameter Threads to value 1
Set parameter Seed to value 0
  定价策略: Exact, node=113, vertices=19
Set parameter PoolSearchMode to value 2
Set parameter PoolSolutions to value 10
[CG 1] RMP=11.000000, pricing=ExactPricingSolver, new_columns=0
  搜索路径: [1, 2, 3, 6, 7, 8, 11, 9, 14, 10, 15, 19, 23, 24, 25, 27, 26, 34, 35, 31, 33, 22, 40, 41, 43, 42, 30, 16, 54, 32, 57, 55, 59, 61, 17, 56, 68, 69, 58, 74, 75, 60, 18, 21, 80, 81, 20, 62, 63, 49, 48, 88, 89, 92, 93, 96, 97, 100, 101, 90, 91, 102, 103, 65, 64, 38, 39, 50, 51, 118, 124, 125, 119, 128, 129, 130, 131, 132, 133, 77, 66, 123, 76, 143, 140, 141, 142, 152, 153, 67, 116, 156, 157, 160, 161, 162, 122, 117, 170, 171, 172, 173, 176, 177, 180, 181, 112, 113]
  列生成求解结果: 目标值=11.0000， 下界=5.4545， 上界=11.0000

处理节点 174
  开始列生成求解...
Set parameter LogToConsole to value 0
Set parameter Threads to value 1
Set parameter Seed to value 0
  定价策略: Exact, node=174, vertices=17
Set parameter PoolSearchMode to value 2
Set parameter PoolSolutions to value 10
[CG 1] RMP=7.000000, pricing=ExactPricingSolver, new_columns=10
[CG 2] RMP=5.454545, pricing=ExactPricingSolver, new_columns=0
  搜索路径: [1, 2, 3, 6, 7, 8, 11, 9, 14, 10, 15, 19, 23, 24, 25, 27, 26, 34, 35, 31, 33, 22, 40, 41, 43, 42, 30, 16, 54, 32, 57, 55, 59, 61, 17, 56, 68, 69, 58, 74, 75, 60, 18, 21, 80, 81, 20, 62, 63, 49, 48, 88, 89, 92, 93, 96, 97, 100, 101, 90, 91, 102, 103, 65, 64, 38, 39, 50, 51, 118, 124, 125, 119, 128, 129, 130, 131, 132, 133, 77, 66, 123, 76, 143, 140, 141, 142, 152, 153, 67, 116, 156, 157, 160, 161, 162, 122, 117, 170, 171, 172, 173, 176, 177, 180, 181, 112, 113, 174]
  列生成求解结果: 目标值=5.4545， 下界=5.4545， 上界=11.0000
    非整数变量: COL_18-24-9_33 = 0.003247
  解不是整数，开始分支...
ImposedVertex(vertex=18)
ForbidVertex(vertex=18)
  创建了 2 个分支
    添加分支节点 1: ID=188
    添加分支节点 2: ID=189

处理节点 175
  开始列生成求解...
Set parameter LogToConsole to value 0
Set parameter Threads to value 1
Set parameter Seed to value 0
  定价策略: Exact, node=175, vertices=17
Set parameter PoolSearchMode to value 2
Set parameter PoolSolutions to value 10
[CG 1] RMP=11.000000, pricing=ExactPricingSolver, new_columns=0
  搜索路径: [1, 2, 3, 6, 7, 8, 11, 9, 14, 10, 15, 19, 23, 24, 25, 27, 26, 34, 35, 31, 33, 22, 40, 41, 43, 42, 30, 16, 54, 32, 57, 55, 59, 61, 17, 56, 68, 69, 58, 74, 75, 60, 18, 21, 80, 81, 20, 62, 63, 49, 48, 88, 89, 92, 93, 96, 97, 100, 101, 90, 91, 102, 103, 65, 64, 38, 39, 50, 51, 118, 124, 125, 119, 128, 129, 130, 131, 132, 133, 77, 66, 123, 76, 143, 140, 141, 142, 152, 153, 67, 116, 156, 157, 160, 161, 162, 122, 117, 170, 171, 172, 173, 176, 177, 180, 181, 112, 113, 174, 175]
  列生成求解结果: 目标值=11.0000， 下界=5.4545， 上界=11.0000

处理节点 186
  开始列生成求解...
Set parameter LogToConsole to value 0
Set parameter Threads to value 1
Set parameter Seed to value 0
  定价策略: Exact, node=186, vertices=18
Set parameter PoolSearchMode to value 2
Set parameter PoolSolutions to value 10
[CG 1] RMP=8.000000, pricing=ExactPricingSolver, new_columns=0
  搜索路径: [1, 2, 3, 6, 7, 8, 11, 9, 14, 10, 15, 19, 23, 24, 25, 27, 26, 34, 35, 31, 33, 22, 40, 41, 43, 42, 30, 16, 54, 32, 57, 55, 59, 61, 17, 56, 68, 69, 58, 74, 75, 60, 18, 21, 80, 81, 20, 62, 63, 49, 48, 88, 89, 92, 93, 96, 97, 100, 101, 90, 91, 102, 103, 65, 64, 38, 39, 50, 51, 118, 124, 125, 119, 128, 129, 130, 131, 132, 133, 77, 66, 123, 76, 143, 140, 141, 142, 152, 153, 67, 116, 156, 157, 160, 161, 162, 122, 117, 170, 171, 172, 173, 176, 177, 180, 181, 112, 113, 174, 175, 186]
  列生成求解结果: 目标值=8.0000， 下界=5.4545， 上界=11.0000
    非整数变量: COL_19-20-26_45 = 0.200000
  解不是整数，开始分支...
ImposedVertex(vertex=26)
ForbidVertex(vertex=26)
  创建了 2 个分支
    添加分支节点 1: ID=190
    添加分支节点 2: ID=191

处理节点 187
  开始列生成求解...
Set parameter LogToConsole to value 0
Set parameter Threads to value 1
Set parameter Seed to value 0
  定价策略: Exact, node=187, vertices=18
Set parameter PoolSearchMode to value 2
Set parameter PoolSolutions to value 10
[CG 1] RMP=1012.000000, pricing=ExactPricingSolver, new_columns=10
[CG 2] RMP=9.000000, pricing=ExactPricingSolver, new_columns=0
  搜索路径: [1, 2, 3, 6, 7, 8, 11, 9, 14, 10, 15, 19, 23, 24, 25, 27, 26, 34, 35, 31, 33, 22, 40, 41, 43, 42, 30, 16, 54, 32, 57, 55, 59, 61, 17, 56, 68, 69, 58, 74, 75, 60, 18, 21, 80, 81, 20, 62, 63, 49, 48, 88, 89, 92, 93, 96, 97, 100, 101, 90, 91, 102, 103, 65, 64, 38, 39, 50, 51, 118, 124, 125, 119, 128, 129, 130, 131, 132, 133, 77, 66, 123, 76, 143, 140, 141, 142, 152, 153, 67, 116, 156, 157, 160, 161, 162, 122, 117, 170, 171, 172, 173, 176, 177, 180, 181, 112, 113, 174, 175, 186, 187]
  列生成求解结果: 目标值=9.0000， 下界=5.4545， 上界=11.0000
    非整数变量: COL_11-15-2-28-4-7-9_186 = 0.500000
  解不是整数，开始分支...
ImposedVertex(vertex=2)
ForbidVertex(vertex=2)
  创建了 2 个分支
    添加分支节点 1: ID=192
    添加分支节点 2: ID=193

处理节点 188
  开始列生成求解...
Set parameter LogToConsole to value 0
Set parameter Threads to value 1
Set parameter Seed to value 0
  定价策略: Exact, node=188, vertices=16
Set parameter PoolSearchMode to value 2
Set parameter PoolSolutions to value 10
[CG 1] RMP=7.000000, pricing=ExactPricingSolver, new_columns=0
  搜索路径: [1, 2, 3, 6, 7, 8, 11, 9, 14, 10, 15, 19, 23, 24, 25, 27, 26, 34, 35, 31, 33, 22, 40, 41, 43, 42, 30, 16, 54, 32, 57, 55, 59, 61, 17, 56, 68, 69, 58, 74, 75, 60, 18, 21, 80, 81, 20, 62, 63, 49, 48, 88, 89, 92, 93, 96, 97, 100, 101, 90, 91, 102, 103, 65, 64, 38, 39, 50, 51, 118, 124, 125, 119, 128, 129, 130, 131, 132, 133, 77, 66, 123, 76, 143, 140, 141, 142, 152, 153, 67, 116, 156, 157, 160, 161, 162, 122, 117, 170, 171, 172, 173, 176, 177, 180, 181, 112, 113, 174, 175, 186, 187, 188]
  列生成求解结果: 目标值=7.0000， 下界=5.4545， 上界=11.0000
    非整数变量: COL_18-24-9_33 = 0.381250
  解不是整数，开始分支...
ImposedVertex(vertex=24)
ForbidVertex(vertex=24)
  创建了 2 个分支
    添加分支节点 1: ID=194
    添加分支节点 2: ID=195

处理节点 189
  开始列生成求解...
Set parameter LogToConsole to value 0
Set parameter Threads to value 1
Set parameter Seed to value 0
  定价策略: Exact, node=189, vertices=16
Set parameter PoolSearchMode to value 2
Set parameter PoolSolutions to value 10
[CG 1] RMP=2010.000000, pricing=ExactPricingSolver, new_columns=10
[CG 2] RMP=12.000000, pricing=ExactPricingSolver, new_columns=10
[CG 3] RMP=12.000000, pricing=ExactPricingSolver, new_columns=10
[CG 4] RMP=9.000000, pricing=ExactPricingSolver, new_columns=0
  搜索路径: [1, 2, 3, 6, 7, 8, 11, 9, 14, 10, 15, 19, 23, 24, 25, 27, 26, 34, 35, 31, 33, 22, 40, 41, 43, 42, 30, 16, 54, 32, 57, 55, 59, 61, 17, 56, 68, 69, 58, 74, 75, 60, 18, 21, 80, 81, 20, 62, 63, 49, 48, 88, 89, 92, 93, 96, 97, 100, 101, 90, 91, 102, 103, 65, 64, 38, 39, 50, 51, 118, 124, 125, 119, 128, 129, 130, 131, 132, 133, 77, 66, 123, 76, 143, 140, 141, 142, 152, 153, 67, 116, 156, 157, 160, 161, 162, 122, 117, 170, 171, 172, 173, 176, 177, 180, 181, 112, 113, 174, 175, 186, 187, 188, 189]
  列生成求解结果: 目标值=9.0000， 下界=5.4545， 上界=11.0000
    非整数变量: COL_1-19-8_891 = 0.100000
  解不是整数，开始分支...
ImposedVertex(vertex=8)
ForbidVertex(vertex=8)
  创建了 2 个分支
    添加分支节点 1: ID=196
    添加分支节点 2: ID=197

处理节点 163
  开始列生成求解...
Set parameter LogToConsole to value 0
Set parameter Threads to value 1
Set parameter Seed to value 0
  定价策略: Exact, node=163, vertices=17
Set parameter PoolSearchMode to value 2
Set parameter PoolSolutions to value 10
[CG 1] RMP=11.000000, pricing=ExactPricingSolver, new_columns=0
  搜索路径: [1, 2, 3, 6, 7, 8, 11, 9, 14, 10, 15, 19, 23, 24, 25, 27, 26, 34, 35, 31, 33, 22, 40, 41, 43, 42, 30, 16, 54, 32, 57, 55, 59, 61, 17, 56, 68, 69, 58, 74, 75, 60, 18, 21, 80, 81, 20, 62, 63, 49, 48, 88, 89, 92, 93, 96, 97, 100, 101, 90, 91, 102, 103, 65, 64, 38, 39, 50, 51, 118, 124, 125, 119, 128, 129, 130, 131, 132, 133, 77, 66, 123, 76, 143, 140, 141, 142, 152, 153, 67, 116, 156, 157, 160, 161, 162, 122, 117, 170, 171, 172, 173, 176, 177, 180, 181, 112, 113, 174, 175, 186, 187, 188, 189, 163]
  列生成求解结果: 目标值=11.0000， 下界=5.4545， 上界=11.0000
    非整数变量: COL_19-20-26_45 = 0.083333
  解不是整数，开始分支...
ImposedVertex(vertex=19)
ForbidVertex(vertex=19)
  创建了 2 个分支
    添加分支节点 1: ID=198
    添加分支节点 2: ID=199

处理节点 84
  开始列生成求解...
Set parameter LogToConsole to value 0
Set parameter Threads to value 1
Set parameter Seed to value 0
  定价策略: Exact, node=84, vertices=21
Set parameter PoolSearchMode to value 2
Set parameter PoolSolutions to value 10
[CG 1] RMP=2010.000000, pricing=ExactPricingSolver, new_columns=10
[CG 2] RMP=5.739130, pricing=ExactPricingSolver, new_columns=0
  搜索路径: [1, 2, 3, 6, 7, 8, 11, 9, 14, 10, 15, 19, 23, 24, 25, 27, 26, 34, 35, 31, 33, 22, 40, 41, 43, 42, 30, 16, 54, 32, 57, 55, 59, 61, 17, 56, 68, 69, 58, 74, 75, 60, 18, 21, 80, 81, 20, 62, 63, 49, 48, 88, 89, 92, 93, 96, 97, 100, 101, 90, 91, 102, 103, 65, 64, 38, 39, 50, 51, 118, 124, 125, 119, 128, 129, 130, 131, 132, 133, 77, 66, 123, 76, 143, 140, 141, 142, 152, 153, 67, 116, 156, 157, 160, 161, 162, 122, 117, 170, 171, 172, 173, 176, 177, 180, 181, 112, 113, 174, 175, 186, 187, 188, 189, 163, 84]
  列生成求解结果: 目标值=5.7391， 下界=5.7391， 上界=11.0000
    非整数变量: COL_13-16-19_4 = 0.227053
  解不是整数，开始分支...
ImposedVertex(vertex=16)
ForbidVertex(vertex=16)
  创建了 2 个分支
    添加分支节点 1: ID=200
    添加分支节点 2: ID=201

处理节点 85
  开始列生成求解...
Set parameter LogToConsole to value 0
Set parameter Threads to value 1
Set parameter Seed to value 0
  定价策略: Exact, node=85, vertices=22
Set parameter PoolSearchMode to value 2
Set parameter PoolSolutions to value 10
[CG 1] RMP=6.000000, pricing=ExactPricingSolver, new_columns=10
[CG 2] RMP=5.739130, pricing=ExactPricingSolver, new_columns=0
  搜索路径: [1, 2, 3, 6, 7, 8, 11, 9, 14, 10, 15, 19, 23, 24, 25, 27, 26, 34, 35, 31, 33, 22, 40, 41, 43, 42, 30, 16, 54, 32, 57, 55, 59, 61, 17, 56, 68, 69, 58, 74, 75, 60, 18, 21, 80, 81, 20, 62, 63, 49, 48, 88, 89, 92, 93, 96, 97, 100, 101, 90, 91, 102, 103, 65, 64, 38, 39, 50, 51, 118, 124, 125, 119, 128, 129, 130, 131, 132, 133, 77, 66, 123, 76, 143, 140, 141, 142, 152, 153, 67, 116, 156, 157, 160, 161, 162, 122, 117, 170, 171, 172, 173, 176, 177, 180, 181, 112, 113, 174, 175, 186, 187, 188, 189, 163, 84, 85]
  列生成求解结果: 目标值=5.7391， 下界=5.7391， 上界=11.0000
    非整数变量: COL_13-16-19_4 = 0.398551
  解不是整数，开始分支...
ImposedVertex(vertex=16)
ForbidVertex(vertex=16)
  创建了 2 个分支
    添加分支节点 1: ID=202
    添加分支节点 2: ID=203

处理节点 200
  开始列生成求解...
Set parameter LogToConsole to value 0
Set parameter Threads to value 1
Set parameter Seed to value 0
  定价策略: Exact, node=200, vertices=19
Set parameter PoolSearchMode to value 2
Set parameter PoolSolutions to value 10
[CG 1] RMP=12.000000, pricing=ExactPricingSolver, new_columns=10
[CG 2] RMP=5.739130, pricing=ExactPricingSolver, new_columns=0
  搜索路径: [1, 2, 3, 6, 7, 8, 11, 9, 14, 10, 15, 19, 23, 24, 25, 27, 26, 34, 35, 31, 33, 22, 40, 41, 43, 42, 30, 16, 54, 32, 57, 55, 59, 61, 17, 56, 68, 69, 58, 74, 75, 60, 18, 21, 80, 81, 20, 62, 63, 49, 48, 88, 89, 92, 93, 96, 97, 100, 101, 90, 91, 102, 103, 65, 64, 38, 39, 50, 51, 118, 124, 125, 119, 128, 129, 130, 131, 132, 133, 77, 66, 123, 76, 143, 140, 141, 142, 152, 153, 67, 116, 156, 157, 160, 161, 162, 122, 117, 170, 171, 172, 173, 176, 177, 180, 181, 112, 113, 174, 175, 186, 187, 188, 189, 163, 84, 85, 200]
  列生成求解结果: 目标值=5.7391， 下界=5.7391， 上界=11.0000
    非整数变量: COL_13-16-19_4 = 0.341615
  解不是整数，开始分支...
ImposedVertex(vertex=19)
ForbidVertex(vertex=19)
  创建了 2 个分支
    添加分支节点 1: ID=204
    添加分支节点 2: ID=205

处理节点 204
  开始列生成求解...
Set parameter LogToConsole to value 0
Set parameter Threads to value 1
Set parameter Seed to value 0
  定价策略: Exact, node=204, vertices=18
Set parameter PoolSearchMode to value 2
Set parameter PoolSolutions to value 10
[CG 1] RMP=2010.000000, pricing=ExactPricingSolver, new_columns=10
[CG 2] RMP=340.666667, pricing=ExactPricingSolver, new_columns=10
[CG 3] RMP=340.666667, pricing=ExactPricingSolver, new_columns=10
[CG 4] RMP=11.000000, pricing=ExactPricingSolver, new_columns=0
  搜索路径: [1, 2, 3, 6, 7, 8, 11, 9, 14, 10, 15, 19, 23, 24, 25, 27, 26, 34, 35, 31, 33, 22, 40, 41, 43, 42, 30, 16, 54, 32, 57, 55, 59, 61, 17, 56, 68, 69, 58, 74, 75, 60, 18, 21, 80, 81, 20, 62, 63, 49, 48, 88, 89, 92, 93, 96, 97, 100, 101, 90, 91, 102, 103, 65, 64, 38, 39, 50, 51, 118, 124, 125, 119, 128, 129, 130, 131, 132, 133, 77, 66, 123, 76, 143, 140, 141, 142, 152, 153, 67, 116, 156, 157, 160, 161, 162, 122, 117, 170, 171, 172, 173, 176, 177, 180, 181, 112, 113, 174, 175, 186, 187, 188, 189, 163, 84, 85, 200, 204]
  列生成求解结果: 目标值=11.0000， 下界=5.7391， 上界=11.0000

处理节点 205
  开始列生成求解...
Set parameter LogToConsole to value 0
Set parameter Threads to value 1
Set parameter Seed to value 0
  定价策略: Exact, node=205, vertices=18
Set parameter PoolSearchMode to value 2
Set parameter PoolSolutions to value 10
[CG 1] RMP=7.000000, pricing=ExactPricingSolver, new_columns=0
  搜索路径: [1, 2, 3, 6, 7, 8, 11, 9, 14, 10, 15, 19, 23, 24, 25, 27, 26, 34, 35, 31, 33, 22, 40, 41, 43, 42, 30, 16, 54, 32, 57, 55, 59, 61, 17, 56, 68, 69, 58, 74, 75, 60, 18, 21, 80, 81, 20, 62, 63, 49, 48, 88, 89, 92, 93, 96, 97, 100, 101, 90, 91, 102, 103, 65, 64, 38, 39, 50, 51, 118, 124, 125, 119, 128, 129, 130, 131, 132, 133, 77, 66, 123, 76, 143, 140, 141, 142, 152, 153, 67, 116, 156, 157, 160, 161, 162, 122, 117, 170, 171, 172, 173, 176, 177, 180, 181, 112, 113, 174, 175, 186, 187, 188, 189, 163, 84, 85, 200, 204, 205]
  列生成求解结果: 目标值=7.0000， 下界=5.7391， 上界=11.0000
    非整数变量: COL_1-18-23-7-9_41 = 0.488636
  解不是整数，开始分支...
ImposedVertex(vertex=9)
ForbidVertex(vertex=9)
  创建了 2 个分支
    添加分支节点 1: ID=206
    添加分支节点 2: ID=207
  进度: 已处理 120 个节点, 剩余 81 个, 当前最优 11.0000, 当前列数: 998

处理节点 201
  开始列生成求解...
Set parameter LogToConsole to value 0
Set parameter Threads to value 1
Set parameter Seed to value 0
  定价策略: Exact, node=201, vertices=20
Set parameter PoolSearchMode to value 2
Set parameter PoolSolutions to value 10
[CG 1] RMP=7.000000, pricing=ExactPricingSolver, new_columns=10
[CG 2] RMP=6.683544, pricing=ExactPricingSolver, new_columns=10
[CG 3] RMP=5.739130, pricing=ExactPricingSolver, new_columns=0
  搜索路径: [1, 2, 3, 6, 7, 8, 11, 9, 14, 10, 15, 19, 23, 24, 25, 27, 26, 34, 35, 31, 33, 22, 40, 41, 43, 42, 30, 16, 54, 32, 57, 55, 59, 61, 17, 56, 68, 69, 58, 74, 75, 60, 18, 21, 80, 81, 20, 62, 63, 49, 48, 88, 89, 92, 93, 96, 97, 100, 101, 90, 91, 102, 103, 65, 64, 38, 39, 50, 51, 118, 124, 125, 119, 128, 129, 130, 131, 132, 133, 77, 66, 123, 76, 143, 140, 141, 142, 152, 153, 67, 116, 156, 157, 160, 161, 162, 122, 117, 170, 171, 172, 173, 176, 177, 180, 181, 112, 113, 174, 175, 186, 187, 188, 189, 163, 84, 85, 200, 204, 205, 201]
  列生成求解结果: 目标值=5.7391， 下界=5.7391， 上界=11.0000
    非整数变量: COL_1-15-25-27-8_14 = 0.102484
  解不是整数，开始分支...
ImposedVertex(vertex=25)
ForbidVertex(vertex=25)
  创建了 2 个分支
    添加分支节点 1: ID=208
    添加分支节点 2: ID=209

处理节点 203
  开始列生成求解...
Set parameter LogToConsole to value 0
Set parameter Threads to value 1
Set parameter Seed to value 0
  定价策略: Exact, node=203, vertices=21
Set parameter PoolSearchMode to value 2
Set parameter PoolSolutions to value 10
[CG 1] RMP=7.000000, pricing=ExactPricingSolver, new_columns=10
[CG 2] RMP=6.000000, pricing=ExactPricingSolver, new_columns=10
[CG 3] RMP=5.739130, pricing=ExactPricingSolver, new_columns=0
  搜索路径: [1, 2, 3, 6, 7, 8, 11, 9, 14, 10, 15, 19, 23, 24, 25, 27, 26, 34, 35, 31, 33, 22, 40, 41, 43, 42, 30, 16, 54, 32, 57, 55, 59, 61, 17, 56, 68, 69, 58, 74, 75, 60, 18, 21, 80, 81, 20, 62, 63, 49, 48, 88, 89, 92, 93, 96, 97, 100, 101, 90, 91, 102, 103, 65, 64, 38, 39, 50, 51, 118, 124, 125, 119, 128, 129, 130, 131, 132, 133, 77, 66, 123, 76, 143, 140, 141, 142, 152, 153, 67, 116, 156, 157, 160, 161, 162, 122, 117, 170, 171, 172, 173, 176, 177, 180, 181, 112, 113, 174, 175, 186, 187, 188, 189, 163, 84, 85, 200, 204, 205, 201, 203]
  列生成求解结果: 目标值=5.7391， 下界=5.7391， 上界=11.0000
    非整数变量: COL_15-24-27-7_10 = 0.061594
  解不是整数，开始分支...
ImposedVertex(vertex=15)
ForbidVertex(vertex=15)
  创建了 2 个分支
    添加分支节点 1: ID=210
    添加分支节点 2: ID=211

处理节点 202
  开始列生成求解...
Set parameter LogToConsole to value 0
Set parameter Threads to value 1
Set parameter Seed to value 0
  定价策略: Exact, node=202, vertices=20
Set parameter PoolSearchMode to value 2
Set parameter PoolSolutions to value 10
[CG 1] RMP=2010.000000, pricing=ExactPricingSolver, new_columns=10
[CG 2] RMP=11.000000, pricing=ExactPricingSolver, new_columns=10
[CG 3] RMP=6.683544, pricing=ExactPricingSolver, new_columns=10
[CG 4] RMP=5.739130, pricing=ExactPricingSolver, new_columns=0
  搜索路径: [1, 2, 3, 6, 7, 8, 11, 9, 14, 10, 15, 19, 23, 24, 25, 27, 26, 34, 35, 31, 33, 22, 40, 41, 43, 42, 30, 16, 54, 32, 57, 55, 59, 61, 17, 56, 68, 69, 58, 74, 75, 60, 18, 21, 80, 81, 20, 62, 63, 49, 48, 88, 89, 92, 93, 96, 97, 100, 101, 90, 91, 102, 103, 65, 64, 38, 39, 50, 51, 118, 124, 125, 119, 128, 129, 130, 131, 132, 133, 77, 66, 123, 76, 143, 140, 141, 142, 152, 153, 67, 116, 156, 157, 160, 161, 162, 122, 117, 170, 171, 172, 173, 176, 177, 180, 181, 112, 113, 174, 175, 186, 187, 188, 189, 163, 84, 85, 200, 204, 205, 201, 203, 202]
  列生成求解结果: 目标值=5.7391， 下界=5.7391， 上界=11.0000
    非整数变量: COL_13-16-19_4 = 0.180124
  解不是整数，开始分支...
ImposedVertex(vertex=24)
ForbidVertex(vertex=24)
  创建了 2 个分支
    添加分支节点 1: ID=212
    添加分支节点 2: ID=213

处理节点 208
  开始列生成求解...
Set parameter LogToConsole to value 0
Set parameter Threads to value 1
Set parameter Seed to value 0
  定价策略: Exact, node=208, vertices=18
Set parameter PoolSearchMode to value 2
Set parameter PoolSolutions to value 10
[CG 1] RMP=12.000000, pricing=ExactPricingSolver, new_columns=10
[CG 2] RMP=11.000000, pricing=ExactPricingSolver, new_columns=10
[CG 3] RMP=11.000000, pricing=ExactPricingSolver, new_columns=10
[CG 4] RMP=11.000000, pricing=ExactPricingSolver, new_columns=0
  搜索路径: [1, 2, 3, 6, 7, 8, 11, 9, 14, 10, 15, 19, 23, 24, 25, 27, 26, 34, 35, 31, 33, 22, 40, 41, 43, 42, 30, 16, 54, 32, 57, 55, 59, 61, 17, 56, 68, 69, 58, 74, 75, 60, 18, 21, 80, 81, 20, 62, 63, 49, 48, 88, 89, 92, 93, 96, 97, 100, 101, 90, 91, 102, 103, 65, 64, 38, 39, 50, 51, 118, 124, 125, 119, 128, 129, 130, 131, 132, 133, 77, 66, 123, 76, 143, 140, 141, 142, 152, 153, 67, 116, 156, 157, 160, 161, 162, 122, 117, 170, 171, 172, 173, 176, 177, 180, 181, 112, 113, 174, 175, 186, 187, 188, 189, 163, 84, 85, 200, 204, 205, 201, 203, 202, 208]
  列生成求解结果: 目标值=11.0000， 下界=5.7391， 上界=11.0000

处理节点 209
  开始列生成求解...
Set parameter LogToConsole to value 0
Set parameter Threads to value 1
Set parameter Seed to value 0
  定价策略: Exact, node=209, vertices=19
Set parameter PoolSearchMode to value 2
Set parameter PoolSolutions to value 10
[CG 1] RMP=5.739130, pricing=ExactPricingSolver, new_columns=0
  搜索路径: [1, 2, 3, 6, 7, 8, 11, 9, 14, 10, 15, 19, 23, 24, 25, 27, 26, 34, 35, 31, 33, 22, 40, 41, 43, 42, 30, 16, 54, 32, 57, 55, 59, 61, 17, 56, 68, 69, 58, 74, 75, 60, 18, 21, 80, 81, 20, 62, 63, 49, 48, 88, 89, 92, 93, 96, 97, 100, 101, 90, 91, 102, 103, 65, 64, 38, 39, 50, 51, 118, 124, 125, 119, 128, 129, 130, 131, 132, 133, 77, 66, 123, 76, 143, 140, 141, 142, 152, 153, 67, 116, 156, 157, 160, 161, 162, 122, 117, 170, 171, 172, 173, 176, 177, 180, 181, 112, 113, 174, 175, 186, 187, 188, 189, 163, 84, 85, 200, 204, 205, 201, 203, 202, 208, 209]
  列生成求解结果: 目标值=5.7391， 下界=5.7391， 上界=11.0000
    非整数变量: COL_1-15-23-27-5-8_16 = 0.357143
  解不是整数，开始分支...
ImposedVertex(vertex=5)
ForbidVertex(vertex=5)
  创建了 2 个分支
    添加分支节点 1: ID=214
    添加分支节点 2: ID=215

处理节点 210
  开始列生成求解...
Set parameter LogToConsole to value 0
Set parameter Threads to value 1
Set parameter Seed to value 0
  定价策略: Exact, node=210, vertices=20
Set parameter PoolSearchMode to value 2
Set parameter PoolSolutions to value 10
[CG 1] RMP=6.000000, pricing=ExactPricingSolver, new_columns=0
  搜索路径: [1, 2, 3, 6, 7, 8, 11, 9, 14, 10, 15, 19, 23, 24, 25, 27, 26, 34, 35, 31, 33, 22, 40, 41, 43, 42, 30, 16, 54, 32, 57, 55, 59, 61, 17, 56, 68, 69, 58, 74, 75, 60, 18, 21, 80, 81, 20, 62, 63, 49, 48, 88, 89, 92, 93, 96, 97, 100, 101, 90, 91, 102, 103, 65, 64, 38, 39, 50, 51, 118, 124, 125, 119, 128, 129, 130, 131, 132, 133, 77, 66, 123, 76, 143, 140, 141, 142, 152, 153, 67, 116, 156, 157, 160, 161, 162, 122, 117, 170, 171, 172, 173, 176, 177, 180, 181, 112, 113, 174, 175, 186, 187, 188, 189, 163, 84, 85, 200, 204, 205, 201, 203, 202, 208, 209, 210]
  列生成求解结果: 目标值=6.0000， 下界=5.7391， 上界=11.0000
    非整数变量: COL_15-24-27-7_10 = 0.295455
  解不是整数，开始分支...
ImposedVertex(vertex=24)
ForbidVertex(vertex=24)
  创建了 2 个分支
    添加分支节点 1: ID=216
    添加分支节点 2: ID=217

处理节点 211
  开始列生成求解...
Set parameter LogToConsole to value 0
Set parameter Threads to value 1
Set parameter Seed to value 0
  定价策略: Exact, node=211, vertices=20
Set parameter PoolSearchMode to value 2
Set parameter PoolSolutions to value 10
[CG 1] RMP=12.000000, pricing=ExactPricingSolver, new_columns=10
[CG 2] RMP=11.000000, pricing=ExactPricingSolver, new_columns=10
[CG 3] RMP=5.739130, pricing=ExactPricingSolver, new_columns=0
  搜索路径: [1, 2, 3, 6, 7, 8, 11, 9, 14, 10, 15, 19, 23, 24, 25, 27, 26, 34, 35, 31, 33, 22, 40, 41, 43, 42, 30, 16, 54, 32, 57, 55, 59, 61, 17, 56, 68, 69, 58, 74, 75, 60, 18, 21, 80, 81, 20, 62, 63, 49, 48, 88, 89, 92, 93, 96, 97, 100, 101, 90, 91, 102, 103, 65, 64, 38, 39, 50, 51, 118, 124, 125, 119, 128, 129, 130, 131, 132, 133, 77, 66, 123, 76, 143, 140, 141, 142, 152, 153, 67, 116, 156, 157, 160, 161, 162, 122, 117, 170, 171, 172, 173, 176, 177, 180, 181, 112, 113, 174, 175, 186, 187, 188, 189, 163, 84, 85, 200, 204, 205, 201, 203, 202, 208, 209, 210, 211]
  列生成求解结果: 目标值=5.7391， 下界=5.7391， 上界=11.0000
    非整数变量: COL_18-20-27_47 = 0.077640
  解不是整数，开始分支...
ImposedVertex(vertex=5)
ForbidVertex(vertex=5)
  创建了 2 个分支
    添加分支节点 1: ID=218
    添加分支节点 2: ID=219

处理节点 218
  开始列生成求解...
Set parameter LogToConsole to value 0
Set parameter Threads to value 1
Set parameter Seed to value 0
  定价策略: Exact, node=218, vertices=18
Set parameter PoolSearchMode to value 2
Set parameter PoolSolutions to value 10
[CG 1] RMP=12.000000, pricing=ExactPricingSolver, new_columns=10
[CG 2] RMP=5.739130, pricing=ExactPricingSolver, new_columns=0
  搜索路径: [1, 2, 3, 6, 7, 8, 11, 9, 14, 10, 15, 19, 23, 24, 25, 27, 26, 34, 35, 31, 33, 22, 40, 41, 43, 42, 30, 16, 54, 32, 57, 55, 59, 61, 17, 56, 68, 69, 58, 74, 75, 60, 18, 21, 80, 81, 20, 62, 63, 49, 48, 88, 89, 92, 93, 96, 97, 100, 101, 90, 91, 102, 103, 65, 64, 38, 39, 50, 51, 118, 124, 125, 119, 128, 129, 130, 131, 132, 133, 77, 66, 123, 76, 143, 140, 141, 142, 152, 153, 67, 116, 156, 157, 160, 161, 162, 122, 117, 170, 171, 172, 173, 176, 177, 180, 181, 112, 113, 174, 175, 186, 187, 188, 189, 163, 84, 85, 200, 204, 205, 201, 203, 202, 208, 209, 210, 211, 218]
  列生成求解结果: 目标值=5.7391， 下界=5.7391， 上界=11.0000
    非整数变量: COL_13-21-23-27-9_69 = 0.414596
  解不是整数，开始分支...
ImposedVertex(vertex=23)
ForbidVertex(vertex=23)
  创建了 2 个分支
    添加分支节点 1: ID=220
    添加分支节点 2: ID=221

处理节点 219
  开始列生成求解...
Set parameter LogToConsole to value 0
Set parameter Threads to value 1
Set parameter Seed to value 0
  定价策略: Exact, node=219, vertices=19
Set parameter PoolSearchMode to value 2
Set parameter PoolSolutions to value 10
[CG 1] RMP=5.739130, pricing=ExactPricingSolver, new_columns=0
  搜索路径: [1, 2, 3, 6, 7, 8, 11, 9, 14, 10, 15, 19, 23, 24, 25, 27, 26, 34, 35, 31, 33, 22, 40, 41, 43, 42, 30, 16, 54, 32, 57, 55, 59, 61, 17, 56, 68, 69, 58, 74, 75, 60, 18, 21, 80, 81, 20, 62, 63, 49, 48, 88, 89, 92, 93, 96, 97, 100, 101, 90, 91, 102, 103, 65, 64, 38, 39, 50, 51, 118, 124, 125, 119, 128, 129, 130, 131, 132, 133, 77, 66, 123, 76, 143, 140, 141, 142, 152, 153, 67, 116, 156, 157, 160, 161, 162, 122, 117, 170, 171, 172, 173, 176, 177, 180, 181, 112, 113, 174, 175, 186, 187, 188, 189, 163, 84, 85, 200, 204, 205, 201, 203, 202, 208, 209, 210, 211, 218, 219]
  列生成求解结果: 目标值=5.7391， 下界=5.7391， 上界=11.0000
    非整数变量: COL_13-21-23-27-9_69 = 0.074534
  解不是整数，开始分支...
ImposedVertex(vertex=9)
ForbidVertex(vertex=9)
  创建了 2 个分支
    添加分支节点 1: ID=222
    添加分支节点 2: ID=223

处理节点 213
  开始列生成求解...
Set parameter LogToConsole to value 0
Set parameter Threads to value 1
Set parameter Seed to value 0
  定价策略: Exact, node=213, vertices=19
Set parameter PoolSearchMode to value 2
Set parameter PoolSolutions to value 10
[CG 1] RMP=6.000000, pricing=ExactPricingSolver, new_columns=10
[CG 2] RMP=5.739130, pricing=ExactPricingSolver, new_columns=0
  搜索路径: [1, 2, 3, 6, 7, 8, 11, 9, 14, 10, 15, 19, 23, 24, 25, 27, 26, 34, 35, 31, 33, 22, 40, 41, 43, 42, 30, 16, 54, 32, 57, 55, 59, 61, 17, 56, 68, 69, 58, 74, 75, 60, 18, 21, 80, 81, 20, 62, 63, 49, 48, 88, 89, 92, 93, 96, 97, 100, 101, 90, 91, 102, 103, 65, 64, 38, 39, 50, 51, 118, 124, 125, 119, 128, 129, 130, 131, 132, 133, 77, 66, 123, 76, 143, 140, 141, 142, 152, 153, 67, 116, 156, 157, 160, 161, 162, 122, 117, 170, 171, 172, 173, 176, 177, 180, 181, 112, 113, 174, 175, 186, 187, 188, 189, 163, 84, 85, 200, 204, 205, 201, 203, 202, 208, 209, 210, 211, 218, 219, 213]
  列生成求解结果: 目标值=5.7391， 下界=5.7391， 上界=11.0000
    非整数变量: COL_13-16-19_4 = 0.180124
  解不是整数，开始分支...
ImposedVertex(vertex=19)
ForbidVertex(vertex=19)
  创建了 2 个分支
    添加分支节点 1: ID=224
    添加分支节点 2: ID=225
  进度: 已处理 130 个节点, 剩余 89 个, 当前最优 11.0000, 当前列数: 1138

处理节点 212
  开始列生成求解...
Set parameter LogToConsole to value 0
Set parameter Threads to value 1
Set parameter Seed to value 0
  定价策略: Exact, node=212, vertices=18
Set parameter PoolSearchMode to value 2
Set parameter PoolSolutions to value 10
[CG 1] RMP=9.000000, pricing=ExactPricingSolver, new_columns=0
  搜索路径: [1, 2, 3, 6, 7, 8, 11, 9, 14, 10, 15, 19, 23, 24, 25, 27, 26, 34, 35, 31, 33, 22, 40, 41, 43, 42, 30, 16, 54, 32, 57, 55, 59, 61, 17, 56, 68, 69, 58, 74, 75, 60, 18, 21, 80, 81, 20, 62, 63, 49, 48, 88, 89, 92, 93, 96, 97, 100, 101, 90, 91, 102, 103, 65, 64, 38, 39, 50, 51, 118, 124, 125, 119, 128, 129, 130, 131, 132, 133, 77, 66, 123, 76, 143, 140, 141, 142, 152, 153, 67, 116, 156, 157, 160, 161, 162, 122, 117, 170, 171, 172, 173, 176, 177, 180, 181, 112, 113, 174, 175, 186, 187, 188, 189, 163, 84, 85, 200, 204, 205, 201, 203, 202, 208, 209, 210, 211, 218, 219, 213, 212]
  列生成求解结果: 目标值=9.0000， 下界=5.7391， 上界=11.0000
    非整数变量: COL_13-16-19_4 = 0.500000
  解不是整数，开始分支...
ImposedVertex(vertex=19)
ForbidVertex(vertex=19)
  创建了 2 个分支
    添加分支节点 1: ID=226
    添加分支节点 2: ID=227

处理节点 215
  开始列生成求解...
Set parameter LogToConsole to value 0
Set parameter Threads to value 1
Set parameter Seed to value 0
  定价策略: Exact, node=215, vertices=18
Set parameter PoolSearchMode to value 2
Set parameter PoolSolutions to value 10
[CG 1] RMP=12.000000, pricing=ExactPricingSolver, new_columns=10
[CG 2] RMP=5.739130, pricing=ExactPricingSolver, new_columns=0
  搜索路径: [1, 2, 3, 6, 7, 8, 11, 9, 14, 10, 15, 19, 23, 24, 25, 27, 26, 34, 35, 31, 33, 22, 40, 41, 43, 42, 30, 16, 54, 32, 57, 55, 59, 61, 17, 56, 68, 69, 58, 74, 75, 60, 18, 21, 80, 81, 20, 62, 63, 49, 48, 88, 89, 92, 93, 96, 97, 100, 101, 90, 91, 102, 103, 65, 64, 38, 39, 50, 51, 118, 124, 125, 119, 128, 129, 130, 131, 132, 133, 77, 66, 123, 76, 143, 140, 141, 142, 152, 153, 67, 116, 156, 157, 160, 161, 162, 122, 117, 170, 171, 172, 173, 176, 177, 180, 181, 112, 113, 174, 175, 186, 187, 188, 189, 163, 84, 85, 200, 204, 205, 201, 203, 202, 208, 209, 210, 211, 218, 219, 213, 212, 215]
  列生成求解结果: 目标值=5.7391， 下界=5.7391， 上界=11.0000
    非整数变量: COL_1-18-23-9_37 = 0.043478
  解不是整数，开始分支...
ImposedVertex(vertex=9)
ForbidVertex(vertex=9)
  创建了 2 个分支
    添加分支节点 1: ID=228
    添加分支节点 2: ID=229

处理节点 223
  开始列生成求解...
Set parameter LogToConsole to value 0
Set parameter Threads to value 1
Set parameter Seed to value 0
  定价策略: Exact, node=223, vertices=18
Set parameter PoolSearchMode to value 2
Set parameter PoolSolutions to value 10
[CG 1] RMP=12.000000, pricing=ExactPricingSolver, new_columns=10
[CG 2] RMP=11.000000, pricing=ExactPricingSolver, new_columns=0
  搜索路径: [1, 2, 3, 6, 7, 8, 11, 9, 14, 10, 15, 19, 23, 24, 25, 27, 26, 34, 35, 31, 33, 22, 40, 41, 43, 42, 30, 16, 54, 32, 57, 55, 59, 61, 17, 56, 68, 69, 58, 74, 75, 60, 18, 21, 80, 81, 20, 62, 63, 49, 48, 88, 89, 92, 93, 96, 97, 100, 101, 90, 91, 102, 103, 65, 64, 38, 39, 50, 51, 118, 124, 125, 119, 128, 129, 130, 131, 132, 133, 77, 66, 123, 76, 143, 140, 141, 142, 152, 153, 67, 116, 156, 157, 160, 161, 162, 122, 117, 170, 171, 172, 173, 176, 177, 180, 181, 112, 113, 174, 175, 186, 187, 188, 189, 163, 84, 85, 200, 204, 205, 201, 203, 202, 208, 209, 210, 211, 218, 219, 213, 212, 215, 223]
  列生成求解结果: 目标值=11.0000， 下界=5.7391， 上界=11.0000

处理节点 224
  开始列生成求解...
Set parameter LogToConsole to value 0
Set parameter Threads to value 1
Set parameter Seed to value 0
  定价策略: Exact, node=224, vertices=18
Set parameter PoolSearchMode to value 2
Set parameter PoolSolutions to value 10
[CG 1] RMP=2010.000000, pricing=ExactPricingSolver, new_columns=10
[CG 2] RMP=6.750000, pricing=ExactPricingSolver, new_columns=10
[CG 3] RMP=5.739130, pricing=ExactPricingSolver, new_columns=0
  搜索路径: [1, 2, 3, 6, 7, 8, 11, 9, 14, 10, 15, 19, 23, 24, 25, 27, 26, 34, 35, 31, 33, 22, 40, 41, 43, 42, 30, 16, 54, 32, 57, 55, 59, 61, 17, 56, 68, 69, 58, 74, 75, 60, 18, 21, 80, 81, 20, 62, 63, 49, 48, 88, 89, 92, 93, 96, 97, 100, 101, 90, 91, 102, 103, 65, 64, 38, 39, 50, 51, 118, 124, 125, 119, 128, 129, 130, 131, 132, 133, 77, 66, 123, 76, 143, 140, 141, 142, 152, 153, 67, 116, 156, 157, 160, 161, 162, 122, 117, 170, 171, 172, 173, 176, 177, 180, 181, 112, 113, 174, 175, 186, 187, 188, 189, 163, 84, 85, 200, 204, 205, 201, 203, 202, 208, 209, 210, 211, 218, 219, 213, 212, 215, 223, 224]
  列生成求解结果: 目标值=5.7391， 下界=5.7391， 上界=11.0000
    非整数变量: COL_13-16-19_4 = 0.583851
  解不是整数，开始分支...
ImposedVertex(vertex=9)
ForbidVertex(vertex=9)
  创建了 2 个分支
    添加分支节点 1: ID=230
    添加分支节点 2: ID=231

处理节点 230
  开始列生成求解...
Set parameter LogToConsole to value 0
Set parameter Threads to value 1
Set parameter Seed to value 0
  定价策略: Exact, node=230, vertices=17
Set parameter PoolSearchMode to value 2
Set parameter PoolSolutions to value 10
[CG 1] RMP=22.000000, pricing=ExactPricingSolver, new_columns=10
[CG 2] RMP=12.000000, pricing=ExactPricingSolver, new_columns=0
  搜索路径: [1, 2, 3, 6, 7, 8, 11, 9, 14, 10, 15, 19, 23, 24, 25, 27, 26, 34, 35, 31, 33, 22, 40, 41, 43, 42, 30, 16, 54, 32, 57, 55, 59, 61, 17, 56, 68, 69, 58, 74, 75, 60, 18, 21, 80, 81, 20, 62, 63, 49, 48, 88, 89, 92, 93, 96, 97, 100, 101, 90, 91, 102, 103, 65, 64, 38, 39, 50, 51, 118, 124, 125, 119, 128, 129, 130, 131, 132, 133, 77, 66, 123, 76, 143, 140, 141, 142, 152, 153, 67, 116, 156, 157, 160, 161, 162, 122, 117, 170, 171, 172, 173, 176, 177, 180, 181, 112, 113, 174, 175, 186, 187, 188, 189, 163, 84, 85, 200, 204, 205, 201, 203, 202, 208, 209, 210, 211, 218, 219, 213, 212, 215, 223, 224, 230]
  列生成求解结果: 目标值=12.0000， 下界=5.7391， 上界=11.0000

处理节点 231
  开始列生成求解...
Set parameter LogToConsole to value 0
Set parameter Threads to value 1
Set parameter Seed to value 0
  定价策略: Exact, node=231, vertices=17
Set parameter PoolSearchMode to value 2
Set parameter PoolSolutions to value 10
[CG 1] RMP=11.000000, pricing=ExactPricingSolver, new_columns=0
  搜索路径: [1, 2, 3, 6, 7, 8, 11, 9, 14, 10, 15, 19, 23, 24, 25, 27, 26, 34, 35, 31, 33, 22, 40, 41, 43, 42, 30, 16, 54, 32, 57, 55, 59, 61, 17, 56, 68, 69, 58, 74, 75, 60, 18, 21, 80, 81, 20, 62, 63, 49, 48, 88, 89, 92, 93, 96, 97, 100, 101, 90, 91, 102, 103, 65, 64, 38, 39, 50, 51, 118, 124, 125, 119, 128, 129, 130, 131, 132, 133, 77, 66, 123, 76, 143, 140, 141, 142, 152, 153, 67, 116, 156, 157, 160, 161, 162, 122, 117, 170, 171, 172, 173, 176, 177, 180, 181, 112, 113, 174, 175, 186, 187, 188, 189, 163, 84, 85, 200, 204, 205, 201, 203, 202, 208, 209, 210, 211, 218, 219, 213, 212, 215, 223, 224, 230, 231]
  列生成求解结果: 目标值=11.0000， 下界=5.7391， 上界=11.0000

处理节点 225
  开始列生成求解...
Set parameter LogToConsole to value 0
Set parameter Threads to value 1
Set parameter Seed to value 0
  定价策略: Exact, node=225, vertices=18
Set parameter PoolSearchMode to value 2
Set parameter PoolSolutions to value 10
[CG 1] RMP=7.000000, pricing=ExactPricingSolver, new_columns=0
  搜索路径: [1, 2, 3, 6, 7, 8, 11, 9, 14, 10, 15, 19, 23, 24, 25, 27, 26, 34, 35, 31, 33, 22, 40, 41, 43, 42, 30, 16, 54, 32, 57, 55, 59, 61, 17, 56, 68, 69, 58, 74, 75, 60, 18, 21, 80, 81, 20, 62, 63, 49, 48, 88, 89, 92, 93, 96, 97, 100, 101, 90, 91, 102, 103, 65, 64, 38, 39, 50, 51, 118, 124, 125, 119, 128, 129, 130, 131, 132, 133, 77, 66, 123, 76, 143, 140, 141, 142, 152, 153, 67, 116, 156, 157, 160, 161, 162, 122, 117, 170, 171, 172, 173, 176, 177, 180, 181, 112, 113, 174, 175, 186, 187, 188, 189, 163, 84, 85, 200, 204, 205, 201, 203, 202, 208, 209, 210, 211, 218, 219, 213, 212, 215, 223, 224, 230, 231, 225]
  列生成求解结果: 目标值=7.0000， 下界=5.7391， 上界=11.0000
    非整数变量: COL_18-23-9_35 = 0.026515
  解不是整数，开始分支...
ImposedVertex(vertex=9)
ForbidVertex(vertex=9)
  创建了 2 个分支
    添加分支节点 1: ID=232
    添加分支节点 2: ID=233

处理节点 228
  开始列生成求解...
Set parameter LogToConsole to value 0
Set parameter Threads to value 1
Set parameter Seed to value 0
  定价策略: Exact, node=228, vertices=17
Set parameter PoolSearchMode to value 2
Set parameter PoolSolutions to value 10
[CG 1] RMP=11.000000, pricing=ExactPricingSolver, new_columns=10
[CG 2] RMP=11.000000, pricing=ExactPricingSolver, new_columns=10
[CG 3] RMP=7.000000, pricing=ExactPricingSolver, new_columns=0
  搜索路径: [1, 2, 3, 6, 7, 8, 11, 9, 14, 10, 15, 19, 23, 24, 25, 27, 26, 34, 35, 31, 33, 22, 40, 41, 43, 42, 30, 16, 54, 32, 57, 55, 59, 61, 17, 56, 68, 69, 58, 74, 75, 60, 18, 21, 80, 81, 20, 62, 63, 49, 48, 88, 89, 92, 93, 96, 97, 100, 101, 90, 91, 102, 103, 65, 64, 38, 39, 50, 51, 118, 124, 125, 119, 128, 129, 130, 131, 132, 133, 77, 66, 123, 76, 143, 140, 141, 142, 152, 153, 67, 116, 156, 157, 160, 161, 162, 122, 117, 170, 171, 172, 173, 176, 177, 180, 181, 112, 113, 174, 175, 186, 187, 188, 189, 163, 84, 85, 200, 204, 205, 201, 203, 202, 208, 209, 210, 211, 218, 219, 213, 212, 215, 223, 224, 230, 231, 225, 228]
  列生成求解结果: 目标值=7.0000， 下界=5.7391， 上界=11.0000
    非整数变量: COL_1-18-23-9_37 = 0.232323
  解不是整数，开始分支...
ImposedVertex(vertex=7)
ForbidVertex(vertex=7)
  创建了 2 个分支
    添加分支节点 1: ID=234
    添加分支节点 2: ID=235

处理节点 229
  开始列生成求解...
Set parameter LogToConsole to value 0
Set parameter Threads to value 1
Set parameter Seed to value 0
  定价策略: Exact, node=229, vertices=17
Set parameter PoolSearchMode to value 2
Set parameter PoolSolutions to value 10
[CG 1] RMP=11.000000, pricing=ExactPricingSolver, new_columns=0
  搜索路径: [1, 2, 3, 6, 7, 8, 11, 9, 14, 10, 15, 19, 23, 24, 25, 27, 26, 34, 35, 31, 33, 22, 40, 41, 43, 42, 30, 16, 54, 32, 57, 55, 59, 61, 17, 56, 68, 69, 58, 74, 75, 60, 18, 21, 80, 81, 20, 62, 63, 49, 48, 88, 89, 92, 93, 96, 97, 100, 101, 90, 91, 102, 103, 65, 64, 38, 39, 50, 51, 118, 124, 125, 119, 128, 129, 130, 131, 132, 133, 77, 66, 123, 76, 143, 140, 141, 142, 152, 153, 67, 116, 156, 157, 160, 161, 162, 122, 117, 170, 171, 172, 173, 176, 177, 180, 181, 112, 113, 174, 175, 186, 187, 188, 189, 163, 84, 85, 200, 204, 205, 201, 203, 202, 208, 209, 210, 211, 218, 219, 213, 212, 215, 223, 224, 230, 231, 225, 228, 229]
  列生成求解结果: 目标值=11.0000， 下界=5.7391， 上界=11.0000

处理节点 214
  开始列生成求解...
Set parameter LogToConsole to value 0
Set parameter Threads to value 1
Set parameter Seed to value 0
  定价策略: Exact, node=214, vertices=17
Set parameter PoolSearchMode to value 2
Set parameter PoolSolutions to value 10
[CG 1] RMP=5.739130, pricing=ExactPricingSolver, new_columns=0
  搜索路径: [1, 2, 3, 6, 7, 8, 11, 9, 14, 10, 15, 19, 23, 24, 25, 27, 26, 34, 35, 31, 33, 22, 40, 41, 43, 42, 30, 16, 54, 32, 57, 55, 59, 61, 17, 56, 68, 69, 58, 74, 75, 60, 18, 21, 80, 81, 20, 62, 63, 49, 48, 88, 89, 92, 93, 96, 97, 100, 101, 90, 91, 102, 103, 65, 64, 38, 39, 50, 51, 118, 124, 125, 119, 128, 129, 130, 131, 132, 133, 77, 66, 123, 76, 143, 140, 141, 142, 152, 153, 67, 116, 156, 157, 160, 161, 162, 122, 117, 170, 171, 172, 173, 176, 177, 180, 181, 112, 113, 174, 175, 186, 187, 188, 189, 163, 84, 85, 200, 204, 205, 201, 203, 202, 208, 209, 210, 211, 218, 219, 213, 212, 215, 223, 224, 230, 231, 225, 228, 229, 214]
  列生成求解结果: 目标值=5.7391， 下界=5.7391， 上界=11.0000
    非整数变量: COL_1-15-23-27-5-7_17 = 0.260870
  解不是整数，开始分支...
ImposedVertex(vertex=15)
ForbidVertex(vertex=15)
  创建了 2 个分支
    添加分支节点 1: ID=236
    添加分支节点 2: ID=237
  进度: 已处理 140 个节点, 剩余 91 个, 当前最优 11.0000, 当前列数: 1208

处理节点 236
  开始列生成求解...
Set parameter LogToConsole to value 0
Set parameter Threads to value 1
Set parameter Seed to value 0
  定价策略: Exact, node=236, vertices=16
Set parameter PoolSearchMode to value 2
Set parameter PoolSolutions to value 10
[CG 1] RMP=6.000000, pricing=ExactPricingSolver, new_columns=0
  搜索路径: [1, 2, 3, 6, 7, 8, 11, 9, 14, 10, 15, 19, 23, 24, 25, 27, 26, 34, 35, 31, 33, 22, 40, 41, 43, 42, 30, 16, 54, 32, 57, 55, 59, 61, 17, 56, 68, 69, 58, 74, 75, 60, 18, 21, 80, 81, 20, 62, 63, 49, 48, 88, 89, 92, 93, 96, 97, 100, 101, 90, 91, 102, 103, 65, 64, 38, 39, 50, 51, 118, 124, 125, 119, 128, 129, 130, 131, 132, 133, 77, 66, 123, 76, 143, 140, 141, 142, 152, 153, 67, 116, 156, 157, 160, 161, 162, 122, 117, 170, 171, 172, 173, 176, 177, 180, 181, 112, 113, 174, 175, 186, 187, 188, 189, 163, 84, 85, 200, 204, 205, 201, 203, 202, 208, 209, 210, 211, 218, 219, 213, 212, 215, 223, 224, 230, 231, 225, 228, 229, 214, 236]
  列生成求解结果: 目标值=6.0000， 下界=5.7391， 上界=11.0000
    非整数变量: COL_1-15-23-27-5-7_17 = 0.375000
  解不是整数，开始分支...
ImposedVertex(vertex=27)
ForbidVertex(vertex=27)
  创建了 2 个分支
    添加分支节点 1: ID=238
    添加分支节点 2: ID=239

处理节点 237
  开始列生成求解...
Set parameter LogToConsole to value 0
Set parameter Threads to value 1
Set parameter Seed to value 0
  定价策略: Exact, node=237, vertices=16
Set parameter PoolSearchMode to value 2
Set parameter PoolSolutions to value 10
[CG 1] RMP=12.000000, pricing=ExactPricingSolver, new_columns=10
[CG 2] RMP=6.461538, pricing=ExactPricingSolver, new_columns=10
[CG 3] RMP=5.739130, pricing=ExactPricingSolver, new_columns=0
  搜索路径: [1, 2, 3, 6, 7, 8, 11, 9, 14, 10, 15, 19, 23, 24, 25, 27, 26, 34, 35, 31, 33, 22, 40, 41, 43, 42, 30, 16, 54, 32, 57, 55, 59, 61, 17, 56, 68, 69, 58, 74, 75, 60, 18, 21, 80, 81, 20, 62, 63, 49, 48, 88, 89, 92, 93, 96, 97, 100, 101, 90, 91, 102, 103, 65, 64, 38, 39, 50, 51, 118, 124, 125, 119, 128, 129, 130, 131, 132, 133, 77, 66, 123, 76, 143, 140, 141, 142, 152, 153, 67, 116, 156, 157, 160, 161, 162, 122, 117, 170, 171, 172, 173, 176, 177, 180, 181, 112, 113, 174, 175, 186, 187, 188, 189, 163, 84, 85, 200, 204, 205, 201, 203, 202, 208, 209, 210, 211, 218, 219, 213, 212, 215, 223, 224, 230, 231, 225, 228, 229, 214, 236, 237]
  列生成求解结果: 目标值=5.7391， 下界=5.7391， 上界=11.0000
    非整数变量: COL_1-18-23-7-9_41 = 0.217391
  解不是整数，开始分支...
ImposedVertex(vertex=9)
ForbidVertex(vertex=9)
  创建了 2 个分支
    添加分支节点 1: ID=240
    添加分支节点 2: ID=241

处理节点 220
  开始列生成求解...
Set parameter LogToConsole to value 0
Set parameter Threads to value 1
Set parameter Seed to value 0
  定价策略: Exact, node=220, vertices=16
Set parameter PoolSearchMode to value 2
Set parameter PoolSolutions to value 10
[CG 1] RMP=12.000000, pricing=ExactPricingSolver, new_columns=0
  搜索路径: [1, 2, 3, 6, 7, 8, 11, 9, 14, 10, 15, 19, 23, 24, 25, 27, 26, 34, 35, 31, 33, 22, 40, 41, 43, 42, 30, 16, 54, 32, 57, 55, 59, 61, 17, 56, 68, 69, 58, 74, 75, 60, 18, 21, 80, 81, 20, 62, 63, 49, 48, 88, 89, 92, 93, 96, 97, 100, 101, 90, 91, 102, 103, 65, 64, 38, 39, 50, 51, 118, 124, 125, 119, 128, 129, 130, 131, 132, 133, 77, 66, 123, 76, 143, 140, 141, 142, 152, 153, 67, 116, 156, 157, 160, 161, 162, 122, 117, 170, 171, 172, 173, 176, 177, 180, 181, 112, 113, 174, 175, 186, 187, 188, 189, 163, 84, 85, 200, 204, 205, 201, 203, 202, 208, 209, 210, 211, 218, 219, 213, 212, 215, 223, 224, 230, 231, 225, 228, 229, 214, 236, 237, 220]
  列生成求解结果: 目标值=12.0000， 下界=5.7391， 上界=11.0000

处理节点 221
  开始列生成求解...
Set parameter LogToConsole to value 0
Set parameter Threads to value 1
Set parameter Seed to value 0
  定价策略: Exact, node=221, vertices=17
Set parameter PoolSearchMode to value 2
Set parameter PoolSolutions to value 10
[CG 1] RMP=8.842105, pricing=ExactPricingSolver, new_columns=10
[CG 2] RMP=6.636872, pricing=ExactPricingSolver, new_columns=10
[CG 3] RMP=5.799163, pricing=ExactPricingSolver, new_columns=0
  搜索路径: [1, 2, 3, 6, 7, 8, 11, 9, 14, 10, 15, 19, 23, 24, 25, 27, 26, 34, 35, 31, 33, 22, 40, 41, 43, 42, 30, 16, 54, 32, 57, 55, 59, 61, 17, 56, 68, 69, 58, 74, 75, 60, 18, 21, 80, 81, 20, 62, 63, 49, 48, 88, 89, 92, 93, 96, 97, 100, 101, 90, 91, 102, 103, 65, 64, 38, 39, 50, 51, 118, 124, 125, 119, 128, 129, 130, 131, 132, 133, 77, 66, 123, 76, 143, 140, 141, 142, 152, 153, 67, 116, 156, 157, 160, 161, 162, 122, 117, 170, 171, 172, 173, 176, 177, 180, 181, 112, 113, 174, 175, 186, 187, 188, 189, 163, 84, 85, 200, 204, 205, 201, 203, 202, 208, 209, 210, 211, 218, 219, 213, 212, 215, 223, 224, 230, 231, 225, 228, 229, 214, 236, 237, 220, 221]
  列生成求解结果: 目标值=5.7992， 下界=5.7391， 上界=11.0000
    非整数变量: COL_18-24-9_33 = 0.133891
  解不是整数，开始分支...
ImposedVertex(vertex=9)
ForbidVertex(vertex=9)
  创建了 2 个分支
    添加分支节点 1: ID=242
    添加分支节点 2: ID=243

处理节点 222
  开始列生成求解...
Set parameter LogToConsole to value 0
Set parameter Threads to value 1
Set parameter Seed to value 0
  定价策略: Exact, node=222, vertices=18
Set parameter PoolSearchMode to value 2
Set parameter PoolSolutions to value 10
[CG 1] RMP=5.739130, pricing=ExactPricingSolver, new_columns=0
  搜索路径: [1, 2, 3, 6, 7, 8, 11, 9, 14, 10, 15, 19, 23, 24, 25, 27, 26, 34, 35, 31, 33, 22, 40, 41, 43, 42, 30, 16, 54, 32, 57, 55, 59, 61, 17, 56, 68, 69, 58, 74, 75, 60, 18, 21, 80, 81, 20, 62, 63, 49, 48, 88, 89, 92, 93, 96, 97, 100, 101, 90, 91, 102, 103, 65, 64, 38, 39, 50, 51, 118, 124, 125, 119, 128, 129, 130, 131, 132, 133, 77, 66, 123, 76, 143, 140, 141, 142, 152, 153, 67, 116, 156, 157, 160, 161, 162, 122, 117, 170, 171, 172, 173, 176, 177, 180, 181, 112, 113, 174, 175, 186, 187, 188, 189, 163, 84, 85, 200, 204, 205, 201, 203, 202, 208, 209, 210, 211, 218, 219, 213, 212, 215, 223, 224, 230, 231, 225, 228, 229, 214, 236, 237, 220, 221, 222]
  列生成求解结果: 目标值=5.7391， 下界=5.7391， 上界=11.0000
    非整数变量: COL_13-21-23-27-9_69 = 0.282609
  解不是整数，开始分支...
ImposedVertex(vertex=21)
ForbidVertex(vertex=21)
  创建了 2 个分支
    添加分支节点 1: ID=244
    添加分支节点 2: ID=245

处理节点 240
  开始列生成求解...
Set parameter LogToConsole to value 0
Set parameter Threads to value 1
Set parameter Seed to value 0
  定价策略: Exact, node=240, vertices=15
Set parameter PoolSearchMode to value 2
Set parameter PoolSolutions to value 10
[CG 1] RMP=2010.000000, pricing=ExactPricingSolver, new_columns=10
[CG 2] RMP=7.000000, pricing=ExactPricingSolver, new_columns=0
  搜索路径: [1, 2, 3, 6, 7, 8, 11, 9, 14, 10, 15, 19, 23, 24, 25, 27, 26, 34, 35, 31, 33, 22, 40, 41, 43, 42, 30, 16, 54, 32, 57, 55, 59, 61, 17, 56, 68, 69, 58, 74, 75, 60, 18, 21, 80, 81, 20, 62, 63, 49, 48, 88, 89, 92, 93, 96, 97, 100, 101, 90, 91, 102, 103, 65, 64, 38, 39, 50, 51, 118, 124, 125, 119, 128, 129, 130, 131, 132, 133, 77, 66, 123, 76, 143, 140, 141, 142, 152, 153, 67, 116, 156, 157, 160, 161, 162, 122, 117, 170, 171, 172, 173, 176, 177, 180, 181, 112, 113, 174, 175, 186, 187, 188, 189, 163, 84, 85, 200, 204, 205, 201, 203, 202, 208, 209, 210, 211, 218, 219, 213, 212, 215, 223, 224, 230, 231, 225, 228, 229, 214, 236, 237, 220, 221, 222, 240]
  列生成求解结果: 目标值=7.0000， 下界=5.7391， 上界=11.0000
    非整数变量: COL_1-18-23-7-9_41 = 0.500000
  解不是整数，开始分支...
ImposedVertex(vertex=23)
ForbidVertex(vertex=23)
  创建了 2 个分支
    添加分支节点 1: ID=246
    添加分支节点 2: ID=247

处理节点 241
  开始列生成求解...
Set parameter LogToConsole to value 0
Set parameter Threads to value 1
Set parameter Seed to value 0
  定价策略: Exact, node=241, vertices=15
Set parameter PoolSearchMode to value 2
Set parameter PoolSolutions to value 10
[CG 1] RMP=11.000000, pricing=ExactPricingSolver, new_columns=0
  搜索路径: [1, 2, 3, 6, 7, 8, 11, 9, 14, 10, 15, 19, 23, 24, 25, 27, 26, 34, 35, 31, 33, 22, 40, 41, 43, 42, 30, 16, 54, 32, 57, 55, 59, 61, 17, 56, 68, 69, 58, 74, 75, 60, 18, 21, 80, 81, 20, 62, 63, 49, 48, 88, 89, 92, 93, 96, 97, 100, 101, 90, 91, 102, 103, 65, 64, 38, 39, 50, 51, 118, 124, 125, 119, 128, 129, 130, 131, 132, 133, 77, 66, 123, 76, 143, 140, 141, 142, 152, 153, 67, 116, 156, 157, 160, 161, 162, 122, 117, 170, 171, 172, 173, 176, 177, 180, 181, 112, 113, 174, 175, 186, 187, 188, 189, 163, 84, 85, 200, 204, 205, 201, 203, 202, 208, 209, 210, 211, 218, 219, 213, 212, 215, 223, 224, 230, 231, 225, 228, 229, 214, 236, 237, 220, 221, 222, 240, 241]
  列生成求解结果: 目标值=11.0000， 下界=5.7391， 上界=11.0000

处理节点 244
  开始列生成求解...
Set parameter LogToConsole to value 0
Set parameter Threads to value 1
Set parameter Seed to value 0
  定价策略: Exact, node=244, vertices=17
Set parameter PoolSearchMode to value 2
Set parameter PoolSolutions to value 10
[CG 1] RMP=12.000000, pricing=ExactPricingSolver, new_columns=10
[CG 2] RMP=9.000000, pricing=ExactPricingSolver, new_columns=0
  搜索路径: [1, 2, 3, 6, 7, 8, 11, 9, 14, 10, 15, 19, 23, 24, 25, 27, 26, 34, 35, 31, 33, 22, 40, 41, 43, 42, 30, 16, 54, 32, 57, 55, 59, 61, 17, 56, 68, 69, 58, 74, 75, 60, 18, 21, 80, 81, 20, 62, 63, 49, 48, 88, 89, 92, 93, 96, 97, 100, 101, 90, 91, 102, 103, 65, 64, 38, 39, 50, 51, 118, 124, 125, 119, 128, 129, 130, 131, 132, 133, 77, 66, 123, 76, 143, 140, 141, 142, 152, 153, 67, 116, 156, 157, 160, 161, 162, 122, 117, 170, 171, 172, 173, 176, 177, 180, 181, 112, 113, 174, 175, 186, 187, 188, 189, 163, 84, 85, 200, 204, 205, 201, 203, 202, 208, 209, 210, 211, 218, 219, 213, 212, 215, 223, 224, 230, 231, 225, 228, 229, 214, 236, 237, 220, 221, 222, 240, 241, 244]
  列生成求解结果: 目标值=9.0000， 下界=5.7391， 上界=11.0000
    非整数变量: COL_13-21-23-27-9_69 = 0.500000
  解不是整数，开始分支...
ImposedVertex(vertex=23)
ForbidVertex(vertex=23)
  创建了 2 个分支
    添加分支节点 1: ID=248
    添加分支节点 2: ID=249

处理节点 245
  开始列生成求解...
Set parameter LogToConsole to value 0
Set parameter Threads to value 1
Set parameter Seed to value 0
  定价策略: Exact, node=245, vertices=17
Set parameter PoolSearchMode to value 2
Set parameter PoolSolutions to value 10
[CG 1] RMP=8.000000, pricing=ExactPricingSolver, new_columns=0
  搜索路径: [1, 2, 3, 6, 7, 8, 11, 9, 14, 10, 15, 19, 23, 24, 25, 27, 26, 34, 35, 31, 33, 22, 40, 41, 43, 42, 30, 16, 54, 32, 57, 55, 59, 61, 17, 56, 68, 69, 58, 74, 75, 60, 18, 21, 80, 81, 20, 62, 63, 49, 48, 88, 89, 92, 93, 96, 97, 100, 101, 90, 91, 102, 103, 65, 64, 38, 39, 50, 51, 118, 124, 125, 119, 128, 129, 130, 131, 132, 133, 77, 66, 123, 76, 143, 140, 141, 142, 152, 153, 67, 116, 156, 157, 160, 161, 162, 122, 117, 170, 171, 172, 173, 176, 177, 180, 181, 112, 113, 174, 175, 186, 187, 188, 189, 163, 84, 85, 200, 204, 205, 201, 203, 202, 208, 209, 210, 211, 218, 219, 213, 212, 215, 223, 224, 230, 231, 225, 228, 229, 214, 236, 237, 220, 221, 222, 240, 241, 244, 245]
  列生成求解结果: 目标值=8.0000， 下界=5.7391， 上界=11.0000
    非整数变量: COL_13-20-23_128 = 0.275132
  解不是整数，开始分支...
ImposedVertex(vertex=23)
ForbidVertex(vertex=23)
  创建了 2 个分支
    添加分支节点 1: ID=250
    添加分支节点 2: ID=251

处理节点 242
  开始列生成求解...
Set parameter LogToConsole to value 0
Set parameter Threads to value 1
Set parameter Seed to value 0
  定价策略: Exact, node=242, vertices=16
Set parameter PoolSearchMode to value 2
Set parameter PoolSolutions to value 10
[CG 1] RMP=1011.000000, pricing=ExactPricingSolver, new_columns=10
[CG 2] RMP=9.000000, pricing=ExactPricingSolver, new_columns=0
  搜索路径: [1, 2, 3, 6, 7, 8, 11, 9, 14, 10, 15, 19, 23, 24, 25, 27, 26, 34, 35, 31, 33, 22, 40, 41, 43, 42, 30, 16, 54, 32, 57, 55, 59, 61, 17, 56, 68, 69, 58, 74, 75, 60, 18, 21, 80, 81, 20, 62, 63, 49, 48, 88, 89, 92, 93, 96, 97, 100, 101, 90, 91, 102, 103, 65, 64, 38, 39, 50, 51, 118, 124, 125, 119, 128, 129, 130, 131, 132, 133, 77, 66, 123, 76, 143, 140, 141, 142, 152, 153, 67, 116, 156, 157, 160, 161, 162, 122, 117, 170, 171, 172, 173, 176, 177, 180, 181, 112, 113, 174, 175, 186, 187, 188, 189, 163, 84, 85, 200, 204, 205, 201, 203, 202, 208, 209, 210, 211, 218, 219, 213, 212, 215, 223, 224, 230, 231, 225, 228, 229, 214, 236, 237, 220, 221, 222, 240, 241, 244, 245, 242]
  列生成求解结果: 目标值=9.0000， 下界=5.7992， 上界=11.0000
    非整数变量: COL_18-24-9_33 = 0.250000
  解不是整数，开始分支...
ImposedVertex(vertex=28)
ForbidVertex(vertex=28)
  创建了 2 个分支
    添加分支节点 1: ID=252
    添加分支节点 2: ID=253
  进度: 已处理 150 个节点, 剩余 97 个, 当前最优 11.0000, 当前列数: 1278

处理节点 243
  开始列生成求解...
Set parameter LogToConsole to value 0
Set parameter Threads to value 1
Set parameter Seed to value 0
  定价策略: Exact, node=243, vertices=16
Set parameter PoolSearchMode to value 2
Set parameter PoolSolutions to value 10
[CG 1] RMP=11.000000, pricing=ExactPricingSolver, new_columns=0
  搜索路径: [1, 2, 3, 6, 7, 8, 11, 9, 14, 10, 15, 19, 23, 24, 25, 27, 26, 34, 35, 31, 33, 22, 40, 41, 43, 42, 30, 16, 54, 32, 57, 55, 59, 61, 17, 56, 68, 69, 58, 74, 75, 60, 18, 21, 80, 81, 20, 62, 63, 49, 48, 88, 89, 92, 93, 96, 97, 100, 101, 90, 91, 102, 103, 65, 64, 38, 39, 50, 51, 118, 124, 125, 119, 128, 129, 130, 131, 132, 133, 77, 66, 123, 76, 143, 140, 141, 142, 152, 153, 67, 116, 156, 157, 160, 161, 162, 122, 117, 170, 171, 172, 173, 176, 177, 180, 181, 112, 113, 174, 175, 186, 187, 188, 189, 163, 84, 85, 200, 204, 205, 201, 203, 202, 208, 209, 210, 211, 218, 219, 213, 212, 215, 223, 224, 230, 231, 225, 228, 229, 214, 236, 237, 220, 221, 222, 240, 241, 244, 245, 242, 243]
  列生成求解结果: 目标值=11.0000， 下界=5.7992， 上界=11.0000

处理节点 135
  开始列生成求解...
Set parameter LogToConsole to value 0
Set parameter Threads to value 1
Set parameter Seed to value 0
  定价策略: Exact, node=135, vertices=16
Set parameter PoolSearchMode to value 2
Set parameter PoolSolutions to value 10
[CG 1] RMP=8.000000, pricing=ExactPricingSolver, new_columns=0
  搜索路径: [1, 2, 3, 6, 7, 8, 11, 9, 14, 10, 15, 19, 23, 24, 25, 27, 26, 34, 35, 31, 33, 22, 40, 41, 43, 42, 30, 16, 54, 32, 57, 55, 59, 61, 17, 56, 68, 69, 58, 74, 75, 60, 18, 21, 80, 81, 20, 62, 63, 49, 48, 88, 89, 92, 93, 96, 97, 100, 101, 90, 91, 102, 103, 65, 64, 38, 39, 50, 51, 118, 124, 125, 119, 128, 129, 130, 131, 132, 133, 77, 66, 123, 76, 143, 140, 141, 142, 152, 153, 67, 116, 156, 157, 160, 161, 162, 122, 117, 170, 171, 172, 173, 176, 177, 180, 181, 112, 113, 174, 175, 186, 187, 188, 189, 163, 84, 85, 200, 204, 205, 201, 203, 202, 208, 209, 210, 211, 218, 219, 213, 212, 215, 223, 224, 230, 231, 225, 228, 229, 214, 236, 237, 220, 221, 222, 240, 241, 244, 245, 242, 243, 135]
  列生成求解结果: 目标值=8.0000， 下界=5.7992， 上界=11.0000
    非整数变量: COL_14-15-20-24-4-7-9_556 = 0.666667
  解不是整数，开始分支...
ImposedVertex(vertex=14)
ForbidVertex(vertex=14)
  创建了 2 个分支
    添加分支节点 1: ID=254
    添加分支节点 2: ID=255

处理节点 134
  开始列生成求解...
Set parameter LogToConsole to value 0
Set parameter Threads to value 1
Set parameter Seed to value 0
  定价策略: Exact, node=134, vertices=16
Set parameter PoolSearchMode to value 2
Set parameter PoolSolutions to value 10
[CG 1] RMP=10.000000, pricing=ExactPricingSolver, new_columns=10
[CG 2] RMP=9.000000, pricing=ExactPricingSolver, new_columns=0
  搜索路径: [1, 2, 3, 6, 7, 8, 11, 9, 14, 10, 15, 19, 23, 24, 25, 27, 26, 34, 35, 31, 33, 22, 40, 41, 43, 42, 30, 16, 54, 32, 57, 55, 59, 61, 17, 56, 68, 69, 58, 74, 75, 60, 18, 21, 80, 81, 20, 62, 63, 49, 48, 88, 89, 92, 93, 96, 97, 100, 101, 90, 91, 102, 103, 65, 64, 38, 39, 50, 51, 118, 124, 125, 119, 128, 129, 130, 131, 132, 133, 77, 66, 123, 76, 143, 140, 141, 142, 152, 153, 67, 116, 156, 157, 160, 161, 162, 122, 117, 170, 171, 172, 173, 176, 177, 180, 181, 112, 113, 174, 175, 186, 187, 188, 189, 163, 84, 85, 200, 204, 205, 201, 203, 202, 208, 209, 210, 211, 218, 219, 213, 212, 215, 223, 224, 230, 231, 225, 228, 229, 214, 236, 237, 220, 221, 222, 240, 241, 244, 245, 242, 243, 135, 134]
  列生成求解结果: 目标值=9.0000， 下界=6.0000， 上界=11.0000
    非整数变量: COL_19-21-23-26-4-7_229 = 0.500000
  解不是整数，开始分支...
ImposedVertex(vertex=26)
ForbidVertex(vertex=26)
  创建了 2 个分支
    添加分支节点 1: ID=256
    添加分支节点 2: ID=257

处理节点 146
  开始列生成求解...
Set parameter LogToConsole to value 0
Set parameter Threads to value 1
Set parameter Seed to value 0
  定价策略: Exact, node=146, vertices=20
Set parameter PoolSearchMode to value 2
Set parameter PoolSolutions to value 10
[CG 1] RMP=9.000000, pricing=ExactPricingSolver, new_columns=10
[CG 2] RMP=7.000000, pricing=ExactPricingSolver, new_columns=10
[CG 3] RMP=6.000000, pricing=ExactPricingSolver, new_columns=0
  搜索路径: [1, 2, 3, 6, 7, 8, 11, 9, 14, 10, 15, 19, 23, 24, 25, 27, 26, 34, 35, 31, 33, 22, 40, 41, 43, 42, 30, 16, 54, 32, 57, 55, 59, 61, 17, 56, 68, 69, 58, 74, 75, 60, 18, 21, 80, 81, 20, 62, 63, 49, 48, 88, 89, 92, 93, 96, 97, 100, 101, 90, 91, 102, 103, 65, 64, 38, 39, 50, 51, 118, 124, 125, 119, 128, 129, 130, 131, 132, 133, 77, 66, 123, 76, 143, 140, 141, 142, 152, 153, 67, 116, 156, 157, 160, 161, 162, 122, 117, 170, 171, 172, 173, 176, 177, 180, 181, 112, 113, 174, 175, 186, 187, 188, 189, 163, 84, 85, 200, 204, 205, 201, 203, 202, 208, 209, 210, 211, 218, 219, 213, 212, 215, 223, 224, 230, 231, 225, 228, 229, 214, 236, 237, 220, 221, 222, 240, 241, 244, 245, 242, 243, 135, 134, 146]
  列生成求解结果: 目标值=6.0000， 下界=6.0000， 上界=11.0000
    非整数变量: COL_0-21_58 = 0.166667
  解不是整数，开始分支...
ImposedVertex(vertex=21)
ForbidVertex(vertex=21)
  创建了 2 个分支
    添加分支节点 1: ID=258
    添加分支节点 2: ID=259

处理节点 159
  开始列生成求解...
Set parameter LogToConsole to value 0
Set parameter Threads to value 1
Set parameter Seed to value 0
  定价策略: Exact, node=159, vertices=18
Set parameter PoolSearchMode to value 2
Set parameter PoolSolutions to value 10
[CG 1] RMP=9.000000, pricing=ExactPricingSolver, new_columns=0
  搜索路径: [1, 2, 3, 6, 7, 8, 11, 9, 14, 10, 15, 19, 23, 24, 25, 27, 26, 34, 35, 31, 33, 22, 40, 41, 43, 42, 30, 16, 54, 32, 57, 55, 59, 61, 17, 56, 68, 69, 58, 74, 75, 60, 18, 21, 80, 81, 20, 62, 63, 49, 48, 88, 89, 92, 93, 96, 97, 100, 101, 90, 91, 102, 103, 65, 64, 38, 39, 50, 51, 118, 124, 125, 119, 128, 129, 130, 131, 132, 133, 77, 66, 123, 76, 143, 140, 141, 142, 152, 153, 67, 116, 156, 157, 160, 161, 162, 122, 117, 170, 171, 172, 173, 176, 177, 180, 181, 112, 113, 174, 175, 186, 187, 188, 189, 163, 84, 85, 200, 204, 205, 201, 203, 202, 208, 209, 210, 211, 218, 219, 213, 212, 215, 223, 224, 230, 231, 225, 228, 229, 214, 236, 237, 220, 221, 222, 240, 241, 244, 245, 242, 243, 135, 134, 146, 159]
  列生成求解结果: 目标值=9.0000， 下界=6.0000， 上界=11.0000
    非整数变量: COL_1-11-15-18-23-7-9_43 = 0.900000
  解不是整数，开始分支...
ImposedVertex(vertex=7)
ForbidVertex(vertex=7)
  创建了 2 个分支
    添加分支节点 1: ID=260
    添加分支节点 2: ID=261

处理节点 151
  开始列生成求解...
Set parameter LogToConsole to value 0
Set parameter Threads to value 1
Set parameter Seed to value 0
  定价策略: Exact, node=151, vertices=18
Set parameter PoolSearchMode to value 2
Set parameter PoolSolutions to value 10
[CG 1] RMP=1010.000000, pricing=ExactPricingSolver, new_columns=10
[CG 2] RMP=12.000000, pricing=ExactPricingSolver, new_columns=10
[CG 3] RMP=9.000000, pricing=ExactPricingSolver, new_columns=0
  搜索路径: [1, 2, 3, 6, 7, 8, 11, 9, 14, 10, 15, 19, 23, 24, 25, 27, 26, 34, 35, 31, 33, 22, 40, 41, 43, 42, 30, 16, 54, 32, 57, 55, 59, 61, 17, 56, 68, 69, 58, 74, 75, 60, 18, 21, 80, 81, 20, 62, 63, 49, 48, 88, 89, 92, 93, 96, 97, 100, 101, 90, 91, 102, 103, 65, 64, 38, 39, 50, 51, 118, 124, 125, 119, 128, 129, 130, 131, 132, 133, 77, 66, 123, 76, 143, 140, 141, 142, 152, 153, 67, 116, 156, 157, 160, 161, 162, 122, 117, 170, 171, 172, 173, 176, 177, 180, 181, 112, 113, 174, 175, 186, 187, 188, 189, 163, 84, 85, 200, 204, 205, 201, 203, 202, 208, 209, 210, 211, 218, 219, 213, 212, 215, 223, 224, 230, 231, 225, 228, 229, 214, 236, 237, 220, 221, 222, 240, 241, 244, 245, 242, 243, 135, 134, 146, 159, 151]
  列生成求解结果: 目标值=9.0000， 下界=6.0000， 上界=11.0000
    非整数变量: COL_0-11-18-25-7_79 = 0.500000
  解不是整数，开始分支...
ImposedVertex(vertex=10)
ForbidVertex(vertex=10)
  创建了 2 个分支
    添加分支节点 1: ID=262
    添加分支节点 2: ID=263

处理节点 158
  开始列生成求解...
Set parameter LogToConsole to value 0
Set parameter Threads to value 1
Set parameter Seed to value 0
  定价策略: Exact, node=158, vertices=18
Set parameter PoolSearchMode to value 2
Set parameter PoolSolutions to value 10
[CG 1] RMP=8.000000, pricing=ExactPricingSolver, new_columns=0
  搜索路径: [1, 2, 3, 6, 7, 8, 11, 9, 14, 10, 15, 19, 23, 24, 25, 27, 26, 34, 35, 31, 33, 22, 40, 41, 43, 42, 30, 16, 54, 32, 57, 55, 59, 61, 17, 56, 68, 69, 58, 74, 75, 60, 18, 21, 80, 81, 20, 62, 63, 49, 48, 88, 89, 92, 93, 96, 97, 100, 101, 90, 91, 102, 103, 65, 64, 38, 39, 50, 51, 118, 124, 125, 119, 128, 129, 130, 131, 132, 133, 77, 66, 123, 76, 143, 140, 141, 142, 152, 153, 67, 116, 156, 157, 160, 161, 162, 122, 117, 170, 171, 172, 173, 176, 177, 180, 181, 112, 113, 174, 175, 186, 187, 188, 189, 163, 84, 85, 200, 204, 205, 201, 203, 202, 208, 209, 210, 211, 218, 219, 213, 212, 215, 223, 224, 230, 231, 225, 228, 229, 214, 236, 237, 220, 221, 222, 240, 241, 244, 245, 242, 243, 135, 134, 146, 159, 151, 158]
  列生成求解结果: 目标值=8.0000， 下界=6.0000， 上界=11.0000
    非整数变量: COL_11-15-20-24_19 = 0.428571
  解不是整数，开始分支...
ImposedVertex(vertex=24)
ForbidVertex(vertex=24)
  创建了 2 个分支
    添加分支节点 1: ID=264
    添加分支节点 2: ID=265

处理节点 147
  开始列生成求解...
Set parameter LogToConsole to value 0
Set parameter Threads to value 1
Set parameter Seed to value 0
  定价策略: Exact, node=147, vertices=20
Set parameter PoolSearchMode to value 2
Set parameter PoolSolutions to value 10
[CG 1] RMP=2010.000000, pricing=ExactPricingSolver, new_columns=10
[CG 2] RMP=11.000000, pricing=ExactPricingSolver, new_columns=0
  搜索路径: [1, 2, 3, 6, 7, 8, 11, 9, 14, 10, 15, 19, 23, 24, 25, 27, 26, 34, 35, 31, 33, 22, 40, 41, 43, 42, 30, 16, 54, 32, 57, 55, 59, 61, 17, 56, 68, 69, 58, 74, 75, 60, 18, 21, 80, 81, 20, 62, 63, 49, 48, 88, 89, 92, 93, 96, 97, 100, 101, 90, 91, 102, 103, 65, 64, 38, 39, 50, 51, 118, 124, 125, 119, 128, 129, 130, 131, 132, 133, 77, 66, 123, 76, 143, 140, 141, 142, 152, 153, 67, 116, 156, 157, 160, 161, 162, 122, 117, 170, 171, 172, 173, 176, 177, 180, 181, 112, 113, 174, 175, 186, 187, 188, 189, 163, 84, 85, 200, 204, 205, 201, 203, 202, 208, 209, 210, 211, 218, 219, 213, 212, 215, 223, 224, 230, 231, 225, 228, 229, 214, 236, 237, 220, 221, 222, 240, 241, 244, 245, 242, 243, 135, 134, 146, 159, 151, 158, 147]
  列生成求解结果: 目标值=11.0000， 下界=6.0000， 上界=11.0000

处理节点 150
  开始列生成求解...
Set parameter LogToConsole to value 0
Set parameter Threads to value 1
Set parameter Seed to value 0
  定价策略: Exact, node=150, vertices=18
Set parameter PoolSearchMode to value 2
Set parameter PoolSolutions to value 10
[CG 1] RMP=8.000000, pricing=ExactPricingSolver, new_columns=0
  搜索路径: [1, 2, 3, 6, 7, 8, 11, 9, 14, 10, 15, 19, 23, 24, 25, 27, 26, 34, 35, 31, 33, 22, 40, 41, 43, 42, 30, 16, 54, 32, 57, 55, 59, 61, 17, 56, 68, 69, 58, 74, 75, 60, 18, 21, 80, 81, 20, 62, 63, 49, 48, 88, 89, 92, 93, 96, 97, 100, 101, 90, 91, 102, 103, 65, 64, 38, 39, 50, 51, 118, 124, 125, 119, 128, 129, 130, 131, 132, 133, 77, 66, 123, 76, 143, 140, 141, 142, 152, 153, 67, 116, 156, 157, 160, 161, 162, 122, 117, 170, 171, 172, 173, 176, 177, 180, 181, 112, 113, 174, 175, 186, 187, 188, 189, 163, 84, 85, 200, 204, 205, 201, 203, 202, 208, 209, 210, 211, 218, 219, 213, 212, 215, 223, 224, 230, 231, 225, 228, 229, 214, 236, 237, 220, 221, 222, 240, 241, 244, 245, 242, 243, 135, 134, 146, 159, 151, 158, 147, 150]
  列生成求解结果: 目标值=8.0000， 下界=6.0000， 上界=11.0000
    非整数变量: COL_11-15-20-25_23 = 0.333333
  解不是整数，开始分支...
ImposedVertex(vertex=11)
ForbidVertex(vertex=11)
  创建了 2 个分支
    添加分支节点 1: ID=266
    添加分支节点 2: ID=267

处理节点 258
  开始列生成求解...
Set parameter LogToConsole to value 0
Set parameter Threads to value 1
Set parameter Seed to value 0
  定价策略: Exact, node=258, vertices=19
Set parameter PoolSearchMode to value 2
Set parameter PoolSolutions to value 10
[CG 1] RMP=9.000000, pricing=ExactPricingSolver, new_columns=0
  搜索路径: [1, 2, 3, 6, 7, 8, 11, 9, 14, 10, 15, 19, 23, 24, 25, 27, 26, 34, 35, 31, 33, 22, 40, 41, 43, 42, 30, 16, 54, 32, 57, 55, 59, 61, 17, 56, 68, 69, 58, 74, 75, 60, 18, 21, 80, 81, 20, 62, 63, 49, 48, 88, 89, 92, 93, 96, 97, 100, 101, 90, 91, 102, 103, 65, 64, 38, 39, 50, 51, 118, 124, 125, 119, 128, 129, 130, 131, 132, 133, 77, 66, 123, 76, 143, 140, 141, 142, 152, 153, 67, 116, 156, 157, 160, 161, 162, 122, 117, 170, 171, 172, 173, 176, 177, 180, 181, 112, 113, 174, 175, 186, 187, 188, 189, 163, 84, 85, 200, 204, 205, 201, 203, 202, 208, 209, 210, 211, 218, 219, 213, 212, 215, 223, 224, 230, 231, 225, 228, 229, 214, 236, 237, 220, 221, 222, 240, 241, 244, 245, 242, 243, 135, 134, 146, 159, 151, 158, 147, 150, 258]
  列生成求解结果: 目标值=9.0000， 下界=6.0000， 上界=11.0000
    非整数变量: COL_0-21_58 = 0.500000
  解不是整数，开始分支...
ImposedVertex(vertex=26)
ForbidVertex(vertex=26)
  创建了 2 个分支
    添加分支节点 1: ID=268
    添加分支节点 2: ID=269
  进度: 已处理 160 个节点, 剩余 103 个, 当前最优 11.0000, 当前列数: 1338

处理节点 259
  开始列生成求解...
Set parameter LogToConsole to value 0
Set parameter Threads to value 1
Set parameter Seed to value 0
  定价策略: Exact, node=259, vertices=19
Set parameter PoolSearchMode to value 2
Set parameter PoolSolutions to value 10
[CG 1] RMP=8.000000, pricing=ExactPricingSolver, new_columns=0
  搜索路径: [1, 2, 3, 6, 7, 8, 11, 9, 14, 10, 15, 19, 23, 24, 25, 27, 26, 34, 35, 31, 33, 22, 40, 41, 43, 42, 30, 16, 54, 32, 57, 55, 59, 61, 17, 56, 68, 69, 58, 74, 75, 60, 18, 21, 80, 81, 20, 62, 63, 49, 48, 88, 89, 92, 93, 96, 97, 100, 101, 90, 91, 102, 103, 65, 64, 38, 39, 50, 51, 118, 124, 125, 119, 128, 129, 130, 131, 132, 133, 77, 66, 123, 76, 143, 140, 141, 142, 152, 153, 67, 116, 156, 157, 160, 161, 162, 122, 117, 170, 171, 172, 173, 176, 177, 180, 181, 112, 113, 174, 175, 186, 187, 188, 189, 163, 84, 85, 200, 204, 205, 201, 203, 202, 208, 209, 210, 211, 218, 219, 213, 212, 215, 223, 224, 230, 231, 225, 228, 229, 214, 236, 237, 220, 221, 222, 240, 241, 244, 245, 242, 243, 135, 134, 146, 159, 151, 158, 147, 150, 258, 259]
  列生成求解结果: 目标值=8.0000， 下界=6.0000， 上界=11.0000
    非整数变量: COL_0-18-20-26-4_50 = 0.333333
  解不是整数，开始分支...
ImposedVertex(vertex=26)
ForbidVertex(vertex=26)
  创建了 2 个分支
    添加分支节点 1: ID=270
    添加分支节点 2: ID=271

处理节点 239
  开始列生成求解...
Set parameter LogToConsole to value 0
Set parameter Threads to value 1
Set parameter Seed to value 0
  定价策略: Exact, node=239, vertices=15
Set parameter PoolSearchMode to value 2
Set parameter PoolSolutions to value 10
[CG 1] RMP=12.000000, pricing=ExactPricingSolver, new_columns=0
  搜索路径: [1, 2, 3, 6, 7, 8, 11, 9, 14, 10, 15, 19, 23, 24, 25, 27, 26, 34, 35, 31, 33, 22, 40, 41, 43, 42, 30, 16, 54, 32, 57, 55, 59, 61, 17, 56, 68, 69, 58, 74, 75, 60, 18, 21, 80, 81, 20, 62, 63, 49, 48, 88, 89, 92, 93, 96, 97, 100, 101, 90, 91, 102, 103, 65, 64, 38, 39, 50, 51, 118, 124, 125, 119, 128, 129, 130, 131, 132, 133, 77, 66, 123, 76, 143, 140, 141, 142, 152, 153, 67, 116, 156, 157, 160, 161, 162, 122, 117, 170, 171, 172, 173, 176, 177, 180, 181, 112, 113, 174, 175, 186, 187, 188, 189, 163, 84, 85, 200, 204, 205, 201, 203, 202, 208, 209, 210, 211, 218, 219, 213, 212, 215, 223, 224, 230, 231, 225, 228, 229, 214, 236, 237, 220, 221, 222, 240, 241, 244, 245, 242, 243, 135, 134, 146, 159, 151, 158, 147, 150, 258, 259, 239]
  列生成求解结果: 目标值=12.0000， 下界=6.0000， 上界=11.0000

处理节点 238
  开始列生成求解...
Set parameter LogToConsole to value 0
Set parameter Threads to value 1
Set parameter Seed to value 0
  定价策略: Exact, node=238, vertices=15
Set parameter PoolSearchMode to value 2
Set parameter PoolSolutions to value 10
[CG 1] RMP=2010.000000, pricing=ExactPricingSolver, new_columns=10
[CG 2] RMP=11.000000, pricing=ExactPricingSolver, new_columns=0
  搜索路径: [1, 2, 3, 6, 7, 8, 11, 9, 14, 10, 15, 19, 23, 24, 25, 27, 26, 34, 35, 31, 33, 22, 40, 41, 43, 42, 30, 16, 54, 32, 57, 55, 59, 61, 17, 56, 68, 69, 58, 74, 75, 60, 18, 21, 80, 81, 20, 62, 63, 49, 48, 88, 89, 92, 93, 96, 97, 100, 101, 90, 91, 102, 103, 65, 64, 38, 39, 50, 51, 118, 124, 125, 119, 128, 129, 130, 131, 132, 133, 77, 66, 123, 76, 143, 140, 141, 142, 152, 153, 67, 116, 156, 157, 160, 161, 162, 122, 117, 170, 171, 172, 173, 176, 177, 180, 181, 112, 113, 174, 175, 186, 187, 188, 189, 163, 84, 85, 200, 204, 205, 201, 203, 202, 208, 209, 210, 211, 218, 219, 213, 212, 215, 223, 224, 230, 231, 225, 228, 229, 214, 236, 237, 220, 221, 222, 240, 241, 244, 245, 242, 243, 135, 134, 146, 159, 151, 158, 147, 150, 258, 259, 239, 238]
  列生成求解结果: 目标值=11.0000， 下界=6.0000， 上界=11.0000

处理节点 216
  开始列生成求解...
Set parameter LogToConsole to value 0
Set parameter Threads to value 1
Set parameter Seed to value 0
  定价策略: Exact, node=216, vertices=18
Set parameter PoolSearchMode to value 2
Set parameter PoolSolutions to value 10
[CG 1] RMP=12.000000, pricing=ExactPricingSolver, new_columns=10
[CG 2] RMP=9.000000, pricing=ExactPricingSolver, new_columns=0
  搜索路径: [1, 2, 3, 6, 7, 8, 11, 9, 14, 10, 15, 19, 23, 24, 25, 27, 26, 34, 35, 31, 33, 22, 40, 41, 43, 42, 30, 16, 54, 32, 57, 55, 59, 61, 17, 56, 68, 69, 58, 74, 75, 60, 18, 21, 80, 81, 20, 62, 63, 49, 48, 88, 89, 92, 93, 96, 97, 100, 101, 90, 91, 102, 103, 65, 64, 38, 39, 50, 51, 118, 124, 125, 119, 128, 129, 130, 131, 132, 133, 77, 66, 123, 76, 143, 140, 141, 142, 152, 153, 67, 116, 156, 157, 160, 161, 162, 122, 117, 170, 171, 172, 173, 176, 177, 180, 181, 112, 113, 174, 175, 186, 187, 188, 189, 163, 84, 85, 200, 204, 205, 201, 203, 202, 208, 209, 210, 211, 218, 219, 213, 212, 215, 223, 224, 230, 231, 225, 228, 229, 214, 236, 237, 220, 221, 222, 240, 241, 244, 245, 242, 243, 135, 134, 146, 159, 151, 158, 147, 150, 258, 259, 239, 238, 216]
  列生成求解结果: 目标值=9.0000， 下界=6.0000， 上界=11.0000
    非整数变量: COL_13-20-24_129 = 0.750000
  解不是整数，开始分支...
ImposedVertex(vertex=20)
ForbidVertex(vertex=20)
  创建了 2 个分支
    添加分支节点 1: ID=272
    添加分支节点 2: ID=273

处理节点 217
  开始列生成求解...
Set parameter LogToConsole to value 0
Set parameter Threads to value 1
Set parameter Seed to value 0
  定价策略: Exact, node=217, vertices=19
Set parameter PoolSearchMode to value 2
Set parameter PoolSolutions to value 10
[CG 1] RMP=6.000000, pricing=ExactPricingSolver, new_columns=0
  搜索路径: [1, 2, 3, 6, 7, 8, 11, 9, 14, 10, 15, 19, 23, 24, 25, 27, 26, 34, 35, 31, 33, 22, 40, 41, 43, 42, 30, 16, 54, 32, 57, 55, 59, 61, 17, 56, 68, 69, 58, 74, 75, 60, 18, 21, 80, 81, 20, 62, 63, 49, 48, 88, 89, 92, 93, 96, 97, 100, 101, 90, 91, 102, 103, 65, 64, 38, 39, 50, 51, 118, 124, 125, 119, 128, 129, 130, 131, 132, 133, 77, 66, 123, 76, 143, 140, 141, 142, 152, 153, 67, 116, 156, 157, 160, 161, 162, 122, 117, 170, 171, 172, 173, 176, 177, 180, 181, 112, 113, 174, 175, 186, 187, 188, 189, 163, 84, 85, 200, 204, 205, 201, 203, 202, 208, 209, 210, 211, 218, 219, 213, 212, 215, 223, 224, 230, 231, 225, 228, 229, 214, 236, 237, 220, 221, 222, 240, 241, 244, 245, 242, 243, 135, 134, 146, 159, 151, 158, 147, 150, 258, 259, 239, 238, 216, 217]
  列生成求解结果: 目标值=6.0000， 下界=6.0000， 上界=11.0000
    非整数变量: COL_15-25-27-8_12 = 0.242424
  解不是整数，开始分支...
ImposedVertex(vertex=8)
ForbidVertex(vertex=8)
  创建了 2 个分支
    添加分支节点 1: ID=274
    添加分支节点 2: ID=275

处理节点 121
  开始列生成求解...
Set parameter LogToConsole to value 0
Set parameter Threads to value 1
Set parameter Seed to value 0
  定价策略: Exact, node=121, vertices=20
Set parameter PoolSearchMode to value 2
Set parameter PoolSolutions to value 10
[CG 1] RMP=11.000000, pricing=ExactPricingSolver, new_columns=10
[CG 2] RMP=9.000000, pricing=ExactPricingSolver, new_columns=0
  搜索路径: [1, 2, 3, 6, 7, 8, 11, 9, 14, 10, 15, 19, 23, 24, 25, 27, 26, 34, 35, 31, 33, 22, 40, 41, 43, 42, 30, 16, 54, 32, 57, 55, 59, 61, 17, 56, 68, 69, 58, 74, 75, 60, 18, 21, 80, 81, 20, 62, 63, 49, 48, 88, 89, 92, 93, 96, 97, 100, 101, 90, 91, 102, 103, 65, 64, 38, 39, 50, 51, 118, 124, 125, 119, 128, 129, 130, 131, 132, 133, 77, 66, 123, 76, 143, 140, 141, 142, 152, 153, 67, 116, 156, 157, 160, 161, 162, 122, 117, 170, 171, 172, 173, 176, 177, 180, 181, 112, 113, 174, 175, 186, 187, 188, 189, 163, 84, 85, 200, 204, 205, 201, 203, 202, 208, 209, 210, 211, 218, 219, 213, 212, 215, 223, 224, 230, 231, 225, 228, 229, 214, 236, 237, 220, 221, 222, 240, 241, 244, 245, 242, 243, 135, 134, 146, 159, 151, 158, 147, 150, 258, 259, 239, 238, 216, 217, 121]
  列生成求解结果: 目标值=9.0000， 下界=6.0000， 上界=11.0000
    非整数变量: COL_18-24-9_33 = 0.333333
  解不是整数，开始分支...
ImposedVertex(vertex=9)
ForbidVertex(vertex=9)
  创建了 2 个分支
    添加分支节点 1: ID=276
    添加分支节点 2: ID=277

处理节点 120
  开始列生成求解...
Set parameter LogToConsole to value 0
Set parameter Threads to value 1
Set parameter Seed to value 0
  定价策略: Exact, node=120, vertices=20
Set parameter PoolSearchMode to value 2
Set parameter PoolSolutions to value 10
[CG 1] RMP=12.000000, pricing=ExactPricingSolver, new_columns=10
[CG 2] RMP=8.000000, pricing=ExactPricingSolver, new_columns=0
  搜索路径: [1, 2, 3, 6, 7, 8, 11, 9, 14, 10, 15, 19, 23, 24, 25, 27, 26, 34, 35, 31, 33, 22, 40, 41, 43, 42, 30, 16, 54, 32, 57, 55, 59, 61, 17, 56, 68, 69, 58, 74, 75, 60, 18, 21, 80, 81, 20, 62, 63, 49, 48, 88, 89, 92, 93, 96, 97, 100, 101, 90, 91, 102, 103, 65, 64, 38, 39, 50, 51, 118, 124, 125, 119, 128, 129, 130, 131, 132, 133, 77, 66, 123, 76, 143, 140, 141, 142, 152, 153, 67, 116, 156, 157, 160, 161, 162, 122, 117, 170, 171, 172, 173, 176, 177, 180, 181, 112, 113, 174, 175, 186, 187, 188, 189, 163, 84, 85, 200, 204, 205, 201, 203, 202, 208, 209, 210, 211, 218, 219, 213, 212, 215, 223, 224, 230, 231, 225, 228, 229, 214, 236, 237, 220, 221, 222, 240, 241, 244, 245, 242, 243, 135, 134, 146, 159, 151, 158, 147, 150, 258, 259, 239, 238, 216, 217, 121, 120]
  列生成求解结果: 目标值=8.0000， 下界=6.0000， 上界=11.0000
    非整数变量: COL_11-15-20-24_19 = 0.222222
  解不是整数，开始分支...
ImposedVertex(vertex=24)
ForbidVertex(vertex=24)
  创建了 2 个分支
    添加分支节点 1: ID=278
    添加分支节点 2: ID=279

处理节点 274
  开始列生成求解...
Set parameter LogToConsole to value 0
Set parameter Threads to value 1
Set parameter Seed to value 0
  定价策略: Exact, node=274, vertices=18
Set parameter PoolSearchMode to value 2
Set parameter PoolSolutions to value 10
[CG 1] RMP=2010.000000, pricing=ExactPricingSolver, new_columns=10
[CG 2] RMP=12.000000, pricing=ExactPricingSolver, new_columns=0
  搜索路径: [1, 2, 3, 6, 7, 8, 11, 9, 14, 10, 15, 19, 23, 24, 25, 27, 26, 34, 35, 31, 33, 22, 40, 41, 43, 42, 30, 16, 54, 32, 57, 55, 59, 61, 17, 56, 68, 69, 58, 74, 75, 60, 18, 21, 80, 81, 20, 62, 63, 49, 48, 88, 89, 92, 93, 96, 97, 100, 101, 90, 91, 102, 103, 65, 64, 38, 39, 50, 51, 118, 124, 125, 119, 128, 129, 130, 131, 132, 133, 77, 66, 123, 76, 143, 140, 141, 142, 152, 153, 67, 116, 156, 157, 160, 161, 162, 122, 117, 170, 171, 172, 173, 176, 177, 180, 181, 112, 113, 174, 175, 186, 187, 188, 189, 163, 84, 85, 200, 204, 205, 201, 203, 202, 208, 209, 210, 211, 218, 219, 213, 212, 215, 223, 224, 230, 231, 225, 228, 229, 214, 236, 237, 220, 221, 222, 240, 241, 244, 245, 242, 243, 135, 134, 146, 159, 151, 158, 147, 150, 258, 259, 239, 238, 216, 217, 121, 120, 274]
  列生成求解结果: 目标值=12.0000， 下界=6.0000， 上界=11.0000

处理节点 275
  开始列生成求解...
Set parameter LogToConsole to value 0
Set parameter Threads to value 1
Set parameter Seed to value 0
  定价策略: Exact, node=275, vertices=18
Set parameter PoolSearchMode to value 2
Set parameter PoolSolutions to value 10
[CG 1] RMP=6.000000, pricing=ExactPricingSolver, new_columns=0
  搜索路径: [1, 2, 3, 6, 7, 8, 11, 9, 14, 10, 15, 19, 23, 24, 25, 27, 26, 34, 35, 31, 33, 22, 40, 41, 43, 42, 30, 16, 54, 32, 57, 55, 59, 61, 17, 56, 68, 69, 58, 74, 75, 60, 18, 21, 80, 81, 20, 62, 63, 49, 48, 88, 89, 92, 93, 96, 97, 100, 101, 90, 91, 102, 103, 65, 64, 38, 39, 50, 51, 118, 124, 125, 119, 128, 129, 130, 131, 132, 133, 77, 66, 123, 76, 143, 140, 141, 142, 152, 153, 67, 116, 156, 157, 160, 161, 162, 122, 117, 170, 171, 172, 173, 176, 177, 180, 181, 112, 113, 174, 175, 186, 187, 188, 189, 163, 84, 85, 200, 204, 205, 201, 203, 202, 208, 209, 210, 211, 218, 219, 213, 212, 215, 223, 224, 230, 231, 225, 228, 229, 214, 236, 237, 220, 221, 222, 240, 241, 244, 245, 242, 243, 135, 134, 146, 159, 151, 158, 147, 150, 258, 259, 239, 238, 216, 217, 121, 120, 274, 275]
  列生成求解结果: 目标值=6.0000， 下界=6.0000， 上界=11.0000
    非整数变量: COL_18-20-27_47 = 0.045455
  解不是整数，开始分支...
ImposedVertex(vertex=18)
ForbidVertex(vertex=18)
  创建了 2 个分支
    添加分支节点 1: ID=280
    添加分支节点 2: ID=281

处理节点 280
  开始列生成求解...
Set parameter LogToConsole to value 0
Set parameter Threads to value 1
Set parameter Seed to value 0
  定价策略: Exact, node=280, vertices=17
Set parameter PoolSearchMode to value 2
Set parameter PoolSolutions to value 10
[CG 1] RMP=7.000000, pricing=ExactPricingSolver, new_columns=0
  搜索路径: [1, 2, 3, 6, 7, 8, 11, 9, 14, 10, 15, 19, 23, 24, 25, 27, 26, 34, 35, 31, 33, 22, 40, 41, 43, 42, 30, 16, 54, 32, 57, 55, 59, 61, 17, 56, 68, 69, 58, 74, 75, 60, 18, 21, 80, 81, 20, 62, 63, 49, 48, 88, 89, 92, 93, 96, 97, 100, 101, 90, 91, 102, 103, 65, 64, 38, 39, 50, 51, 118, 124, 125, 119, 128, 129, 130, 131, 132, 133, 77, 66, 123, 76, 143, 140, 141, 142, 152, 153, 67, 116, 156, 157, 160, 161, 162, 122, 117, 170, 171, 172, 173, 176, 177, 180, 181, 112, 113, 174, 175, 186, 187, 188, 189, 163, 84, 85, 200, 204, 205, 201, 203, 202, 208, 209, 210, 211, 218, 219, 213, 212, 215, 223, 224, 230, 231, 225, 228, 229, 214, 236, 237, 220, 221, 222, 240, 241, 244, 245, 242, 243, 135, 134, 146, 159, 151, 158, 147, 150, 258, 259, 239, 238, 216, 217, 121, 120, 274, 275, 280]
  列生成求解结果: 目标值=7.0000， 下界=6.0000， 上界=11.0000
    非整数变量: COL_18-23-9_35 = 0.062500
  解不是整数，开始分支...
ImposedVertex(vertex=9)
ForbidVertex(vertex=9)
  创建了 2 个分支
    添加分支节点 1: ID=282
    添加分支节点 2: ID=283
  进度: 已处理 170 个节点, 剩余 107 个, 当前最优 11.0000, 当前列数: 1388

处理节点 281
  开始列生成求解...
Set parameter LogToConsole to value 0
Set parameter Threads to value 1
Set parameter Seed to value 0
  定价策略: Exact, node=281, vertices=17
Set parameter PoolSearchMode to value 2
Set parameter PoolSolutions to value 10
[CG 1] RMP=12.000000, pricing=ExactPricingSolver, new_columns=10
[CG 2] RMP=6.000000, pricing=ExactPricingSolver, new_columns=0
  搜索路径: [1, 2, 3, 6, 7, 8, 11, 9, 14, 10, 15, 19, 23, 24, 25, 27, 26, 34, 35, 31, 33, 22, 40, 41, 43, 42, 30, 16, 54, 32, 57, 55, 59, 61, 17, 56, 68, 69, 58, 74, 75, 60, 18, 21, 80, 81, 20, 62, 63, 49, 48, 88, 89, 92, 93, 96, 97, 100, 101, 90, 91, 102, 103, 65, 64, 38, 39, 50, 51, 118, 124, 125, 119, 128, 129, 130, 131, 132, 133, 77, 66, 123, 76, 143, 140, 141, 142, 152, 153, 67, 116, 156, 157, 160, 161, 162, 122, 117, 170, 171, 172, 173, 176, 177, 180, 181, 112, 113, 174, 175, 186, 187, 188, 189, 163, 84, 85, 200, 204, 205, 201, 203, 202, 208, 209, 210, 211, 218, 219, 213, 212, 215, 223, 224, 230, 231, 225, 228, 229, 214, 236, 237, 220, 221, 222, 240, 241, 244, 245, 242, 243, 135, 134, 146, 159, 151, 158, 147, 150, 258, 259, 239, 238, 216, 217, 121, 120, 274, 275, 280, 281]
  列生成求解结果: 目标值=6.0000， 下界=6.0000， 上界=11.0000
    非整数变量: COL_13-21-23-27-3-9_73 = 0.500000
  解不是整数，开始分支...
ImposedVertex(vertex=3)
ForbidVertex(vertex=3)
  创建了 2 个分支
    添加分支节点 1: ID=284
    添加分支节点 2: ID=285

处理节点 284
  开始列生成求解...
Set parameter LogToConsole to value 0
Set parameter Threads to value 1
Set parameter Seed to value 0
  定价策略: Exact, node=284, vertices=16
Set parameter PoolSearchMode to value 2
Set parameter PoolSolutions to value 10
[CG 1] RMP=12.000000, pricing=ExactPricingSolver, new_columns=0
  搜索路径: [1, 2, 3, 6, 7, 8, 11, 9, 14, 10, 15, 19, 23, 24, 25, 27, 26, 34, 35, 31, 33, 22, 40, 41, 43, 42, 30, 16, 54, 32, 57, 55, 59, 61, 17, 56, 68, 69, 58, 74, 75, 60, 18, 21, 80, 81, 20, 62, 63, 49, 48, 88, 89, 92, 93, 96, 97, 100, 101, 90, 91, 102, 103, 65, 64, 38, 39, 50, 51, 118, 124, 125, 119, 128, 129, 130, 131, 132, 133, 77, 66, 123, 76, 143, 140, 141, 142, 152, 153, 67, 116, 156, 157, 160, 161, 162, 122, 117, 170, 171, 172, 173, 176, 177, 180, 181, 112, 113, 174, 175, 186, 187, 188, 189, 163, 84, 85, 200, 204, 205, 201, 203, 202, 208, 209, 210, 211, 218, 219, 213, 212, 215, 223, 224, 230, 231, 225, 228, 229, 214, 236, 237, 220, 221, 222, 240, 241, 244, 245, 242, 243, 135, 134, 146, 159, 151, 158, 147, 150, 258, 259, 239, 238, 216, 217, 121, 120, 274, 275, 280, 281, 284]
  列生成求解结果: 目标值=12.0000， 下界=6.0000， 上界=11.0000

处理节点 285
  开始列生成求解...
Set parameter LogToConsole to value 0
Set parameter Threads to value 1
Set parameter Seed to value 0
  定价策略: Exact, node=285, vertices=16
Set parameter PoolSearchMode to value 2
Set parameter PoolSolutions to value 10
[CG 1] RMP=6.000000, pricing=ExactPricingSolver, new_columns=0
  搜索路径: [1, 2, 3, 6, 7, 8, 11, 9, 14, 10, 15, 19, 23, 24, 25, 27, 26, 34, 35, 31, 33, 22, 40, 41, 43, 42, 30, 16, 54, 32, 57, 55, 59, 61, 17, 56, 68, 69, 58, 74, 75, 60, 18, 21, 80, 81, 20, 62, 63, 49, 48, 88, 89, 92, 93, 96, 97, 100, 101, 90, 91, 102, 103, 65, 64, 38, 39, 50, 51, 118, 124, 125, 119, 128, 129, 130, 131, 132, 133, 77, 66, 123, 76, 143, 140, 141, 142, 152, 153, 67, 116, 156, 157, 160, 161, 162, 122, 117, 170, 171, 172, 173, 176, 177, 180, 181, 112, 113, 174, 175, 186, 187, 188, 189, 163, 84, 85, 200, 204, 205, 201, 203, 202, 208, 209, 210, 211, 218, 219, 213, 212, 215, 223, 224, 230, 231, 225, 228, 229, 214, 236, 237, 220, 221, 222, 240, 241, 244, 245, 242, 243, 135, 134, 146, 159, 151, 158, 147, 150, 258, 259, 239, 238, 216, 217, 121, 120, 274, 275, 280, 281, 284, 285]
  列生成求解结果: 目标值=6.0000， 下界=6.0000， 上界=11.0000
    非整数变量: COL_13-21-23-27-9_69 = 0.500000
  解不是整数，开始分支...
ImposedVertex(vertex=21)
ForbidVertex(vertex=21)
  创建了 2 个分支
    添加分支节点 1: ID=286
    添加分支节点 2: ID=287

处理节点 286
  开始列生成求解...
Set parameter LogToConsole to value 0
Set parameter Threads to value 1
Set parameter Seed to value 0
  定价策略: Exact, node=286, vertices=15
Set parameter PoolSearchMode to value 2
Set parameter PoolSolutions to value 10
[CG 1] RMP=2010.000000, pricing=ExactPricingSolver, new_columns=10
[CG 2] RMP=9.000000, pricing=ExactPricingSolver, new_columns=0
  搜索路径: [1, 2, 3, 6, 7, 8, 11, 9, 14, 10, 15, 19, 23, 24, 25, 27, 26, 34, 35, 31, 33, 22, 40, 41, 43, 42, 30, 16, 54, 32, 57, 55, 59, 61, 17, 56, 68, 69, 58, 74, 75, 60, 18, 21, 80, 81, 20, 62, 63, 49, 48, 88, 89, 92, 93, 96, 97, 100, 101, 90, 91, 102, 103, 65, 64, 38, 39, 50, 51, 118, 124, 125, 119, 128, 129, 130, 131, 132, 133, 77, 66, 123, 76, 143, 140, 141, 142, 152, 153, 67, 116, 156, 157, 160, 161, 162, 122, 117, 170, 171, 172, 173, 176, 177, 180, 181, 112, 113, 174, 175, 186, 187, 188, 189, 163, 84, 85, 200, 204, 205, 201, 203, 202, 208, 209, 210, 211, 218, 219, 213, 212, 215, 223, 224, 230, 231, 225, 228, 229, 214, 236, 237, 220, 221, 222, 240, 241, 244, 245, 242, 243, 135, 134, 146, 159, 151, 158, 147, 150, 258, 259, 239, 238, 216, 217, 121, 120, 274, 275, 280, 281, 284, 285, 286]
  列生成求解结果: 目标值=9.0000， 下界=6.0000， 上界=11.0000
    非整数变量: COL_13-21-23-27-9_69 = 0.500000
  解不是整数，开始分支...
ImposedVertex(vertex=27)
ForbidVertex(vertex=27)
  创建了 2 个分支
    添加分支节点 1: ID=288
    添加分支节点 2: ID=289

处理节点 287
  开始列生成求解...
Set parameter LogToConsole to value 0
Set parameter Threads to value 1
Set parameter Seed to value 0
  定价策略: Exact, node=287, vertices=15
Set parameter PoolSearchMode to value 2
Set parameter PoolSolutions to value 10
[CG 1] RMP=11.000000, pricing=ExactPricingSolver, new_columns=10
[CG 2] RMP=8.000000, pricing=ExactPricingSolver, new_columns=0
  搜索路径: [1, 2, 3, 6, 7, 8, 11, 9, 14, 10, 15, 19, 23, 24, 25, 27, 26, 34, 35, 31, 33, 22, 40, 41, 43, 42, 30, 16, 54, 32, 57, 55, 59, 61, 17, 56, 68, 69, 58, 74, 75, 60, 18, 21, 80, 81, 20, 62, 63, 49, 48, 88, 89, 92, 93, 96, 97, 100, 101, 90, 91, 102, 103, 65, 64, 38, 39, 50, 51, 118, 124, 125, 119, 128, 129, 130, 131, 132, 133, 77, 66, 123, 76, 143, 140, 141, 142, 152, 153, 67, 116, 156, 157, 160, 161, 162, 122, 117, 170, 171, 172, 173, 176, 177, 180, 181, 112, 113, 174, 175, 186, 187, 188, 189, 163, 84, 85, 200, 204, 205, 201, 203, 202, 208, 209, 210, 211, 218, 219, 213, 212, 215, 223, 224, 230, 231, 225, 228, 229, 214, 236, 237, 220, 221, 222, 240, 241, 244, 245, 242, 243, 135, 134, 146, 159, 151, 158, 147, 150, 258, 259, 239, 238, 216, 217, 121, 120, 274, 275, 280, 281, 284, 285, 286, 287]
  列生成求解结果: 目标值=8.0000， 下界=6.0000， 上界=11.0000
    非整数变量: COL_13-20-23_128 = 0.333333
  解不是整数，开始分支...
ImposedVertex(vertex=23)
ForbidVertex(vertex=23)
  创建了 2 个分支
    添加分支节点 1: ID=290
    添加分支节点 2: ID=291

处理节点 154
  开始列生成求解...
Set parameter LogToConsole to value 0
Set parameter Threads to value 1
Set parameter Seed to value 0
  定价策略: Exact, node=154, vertices=17
Set parameter PoolSearchMode to value 2
Set parameter PoolSolutions to value 10
[CG 1] RMP=1010.000000, pricing=ExactPricingSolver, new_columns=10
[CG 2] RMP=7.000000, pricing=ExactPricingSolver, new_columns=0
  搜索路径: [1, 2, 3, 6, 7, 8, 11, 9, 14, 10, 15, 19, 23, 24, 25, 27, 26, 34, 35, 31, 33, 22, 40, 41, 43, 42, 30, 16, 54, 32, 57, 55, 59, 61, 17, 56, 68, 69, 58, 74, 75, 60, 18, 21, 80, 81, 20, 62, 63, 49, 48, 88, 89, 92, 93, 96, 97, 100, 101, 90, 91, 102, 103, 65, 64, 38, 39, 50, 51, 118, 124, 125, 119, 128, 129, 130, 131, 132, 133, 77, 66, 123, 76, 143, 140, 141, 142, 152, 153, 67, 116, 156, 157, 160, 161, 162, 122, 117, 170, 171, 172, 173, 176, 177, 180, 181, 112, 113, 174, 175, 186, 187, 188, 189, 163, 84, 85, 200, 204, 205, 201, 203, 202, 208, 209, 210, 211, 218, 219, 213, 212, 215, 223, 224, 230, 231, 225, 228, 229, 214, 236, 237, 220, 221, 222, 240, 241, 244, 245, 242, 243, 135, 134, 146, 159, 151, 158, 147, 150, 258, 259, 239, 238, 216, 217, 121, 120, 274, 275, 280, 281, 284, 285, 286, 287, 154]
  列生成求解结果: 目标值=7.0000， 下界=7.0000， 上界=11.0000
    非整数变量: COL_0-18-20-26-4_50 = 0.300000
  解不是整数，开始分支...
ImposedVertex(vertex=20)
ForbidVertex(vertex=20)
  创建了 2 个分支
    添加分支节点 1: ID=292
    添加分支节点 2: ID=293

处理节点 155
  开始列生成求解...
Set parameter LogToConsole to value 0
Set parameter Threads to value 1
Set parameter Seed to value 0
  定价策略: Exact, node=155, vertices=18
Set parameter PoolSearchMode to value 2
Set parameter PoolSolutions to value 10
[CG 1] RMP=11.000000, pricing=ExactPricingSolver, new_columns=10
[CG 2] RMP=9.000000, pricing=ExactPricingSolver, new_columns=10
[CG 3] RMP=7.000000, pricing=ExactPricingSolver, new_columns=0
  搜索路径: [1, 2, 3, 6, 7, 8, 11, 9, 14, 10, 15, 19, 23, 24, 25, 27, 26, 34, 35, 31, 33, 22, 40, 41, 43, 42, 30, 16, 54, 32, 57, 55, 59, 61, 17, 56, 68, 69, 58, 74, 75, 60, 18, 21, 80, 81, 20, 62, 63, 49, 48, 88, 89, 92, 93, 96, 97, 100, 101, 90, 91, 102, 103, 65, 64, 38, 39, 50, 51, 118, 124, 125, 119, 128, 129, 130, 131, 132, 133, 77, 66, 123, 76, 143, 140, 141, 142, 152, 153, 67, 116, 156, 157, 160, 161, 162, 122, 117, 170, 171, 172, 173, 176, 177, 180, 181, 112, 113, 174, 175, 186, 187, 188, 189, 163, 84, 85, 200, 204, 205, 201, 203, 202, 208, 209, 210, 211, 218, 219, 213, 212, 215, 223, 224, 230, 231, 225, 228, 229, 214, 236, 237, 220, 221, 222, 240, 241, 244, 245, 242, 243, 135, 134, 146, 159, 151, 158, 147, 150, 258, 259, 239, 238, 216, 217, 121, 120, 274, 275, 280, 281, 284, 285, 286, 287, 154, 155]
  列生成求解结果: 目标值=7.0000， 下界=7.0000， 上界=11.0000
    非整数变量: COL_0-18-20-26_48 = 0.105682
  解不是整数，开始分支...
ImposedVertex(vertex=20)
ForbidVertex(vertex=20)
  创建了 2 个分支
    添加分支节点 1: ID=294
    添加分支节点 2: ID=295

处理节点 106
  开始列生成求解...
Set parameter LogToConsole to value 0
Set parameter Threads to value 1
Set parameter Seed to value 0
  定价策略: Exact, node=106, vertices=18
Set parameter PoolSearchMode to value 2
Set parameter PoolSolutions to value 10
[CG 1] RMP=2010.000000, pricing=ExactPricingSolver, new_columns=10
[CG 2] RMP=12.000000, pricing=ExactPricingSolver, new_columns=0
  搜索路径: [1, 2, 3, 6, 7, 8, 11, 9, 14, 10, 15, 19, 23, 24, 25, 27, 26, 34, 35, 31, 33, 22, 40, 41, 43, 42, 30, 16, 54, 32, 57, 55, 59, 61, 17, 56, 68, 69, 58, 74, 75, 60, 18, 21, 80, 81, 20, 62, 63, 49, 48, 88, 89, 92, 93, 96, 97, 100, 101, 90, 91, 102, 103, 65, 64, 38, 39, 50, 51, 118, 124, 125, 119, 128, 129, 130, 131, 132, 133, 77, 66, 123, 76, 143, 140, 141, 142, 152, 153, 67, 116, 156, 157, 160, 161, 162, 122, 117, 170, 171, 172, 173, 176, 177, 180, 181, 112, 113, 174, 175, 186, 187, 188, 189, 163, 84, 85, 200, 204, 205, 201, 203, 202, 208, 209, 210, 211, 218, 219, 213, 212, 215, 223, 224, 230, 231, 225, 228, 229, 214, 236, 237, 220, 221, 222, 240, 241, 244, 245, 242, 243, 135, 134, 146, 159, 151, 158, 147, 150, 258, 259, 239, 238, 216, 217, 121, 120, 274, 275, 280, 281, 284, 285, 286, 287, 154, 155, 106]
  列生成求解结果: 目标值=12.0000， 下界=7.0000， 上界=11.0000

处理节点 148
  开始列生成求解...
Set parameter LogToConsole to value 0
Set parameter Threads to value 1
Set parameter Seed to value 0
  定价策略: Exact, node=148, vertices=16
Set parameter PoolSearchMode to value 2
Set parameter PoolSolutions to value 10
[CG 1] RMP=8.000000, pricing=ExactPricingSolver, new_columns=0
  搜索路径: [1, 2, 3, 6, 7, 8, 11, 9, 14, 10, 15, 19, 23, 24, 25, 27, 26, 34, 35, 31, 33, 22, 40, 41, 43, 42, 30, 16, 54, 32, 57, 55, 59, 61, 17, 56, 68, 69, 58, 74, 75, 60, 18, 21, 80, 81, 20, 62, 63, 49, 48, 88, 89, 92, 93, 96, 97, 100, 101, 90, 91, 102, 103, 65, 64, 38, 39, 50, 51, 118, 124, 125, 119, 128, 129, 130, 131, 132, 133, 77, 66, 123, 76, 143, 140, 141, 142, 152, 153, 67, 116, 156, 157, 160, 161, 162, 122, 117, 170, 171, 172, 173, 176, 177, 180, 181, 112, 113, 174, 175, 186, 187, 188, 189, 163, 84, 85, 200, 204, 205, 201, 203, 202, 208, 209, 210, 211, 218, 219, 213, 212, 215, 223, 224, 230, 231, 225, 228, 229, 214, 236, 237, 220, 221, 222, 240, 241, 244, 245, 242, 243, 135, 134, 146, 159, 151, 158, 147, 150, 258, 259, 239, 238, 216, 217, 121, 120, 274, 275, 280, 281, 284, 285, 286, 287, 154, 155, 106, 148]
  列生成求解结果: 目标值=8.0000， 下界=7.0000， 上界=11.0000
    非整数变量: COL_0-18-20-26-4_50 = 0.285714
  解不是整数，开始分支...
ImposedVertex(vertex=26)
ForbidVertex(vertex=26)
  创建了 2 个分支
    添加分支节点 1: ID=296
    添加分支节点 2: ID=297

处理节点 295
  开始列生成求解...
Set parameter LogToConsole to value 0
Set parameter Threads to value 1
Set parameter Seed to value 0
  定价策略: Exact, node=295, vertices=17
Set parameter PoolSearchMode to value 2
Set parameter PoolSolutions to value 10
[CG 1] RMP=11.000000, pricing=ExactPricingSolver, new_columns=10
[CG 2] RMP=11.000000, pricing=ExactPricingSolver, new_columns=10
[CG 3] RMP=10.000000, pricing=ExactPricingSolver, new_columns=10
[CG 4] RMP=9.000000, pricing=ExactPricingSolver, new_columns=0
  搜索路径: [1, 2, 3, 6, 7, 8, 11, 9, 14, 10, 15, 19, 23, 24, 25, 27, 26, 34, 35, 31, 33, 22, 40, 41, 43, 42, 30, 16, 54, 32, 57, 55, 59, 61, 17, 56, 68, 69, 58, 74, 75, 60, 18, 21, 80, 81, 20, 62, 63, 49, 48, 88, 89, 92, 93, 96, 97, 100, 101, 90, 91, 102, 103, 65, 64, 38, 39, 50, 51, 118, 124, 125, 119, 128, 129, 130, 131, 132, 133, 77, 66, 123, 76, 143, 140, 141, 142, 152, 153, 67, 116, 156, 157, 160, 161, 162, 122, 117, 170, 171, 172, 173, 176, 177, 180, 181, 112, 113, 174, 175, 186, 187, 188, 189, 163, 84, 85, 200, 204, 205, 201, 203, 202, 208, 209, 210, 211, 218, 219, 213, 212, 215, 223, 224, 230, 231, 225, 228, 229, 214, 236, 237, 220, 221, 222, 240, 241, 244, 245, 242, 243, 135, 134, 146, 159, 151, 158, 147, 150, 258, 259, 239, 238, 216, 217, 121, 120, 274, 275, 280, 281, 284, 285, 286, 287, 154, 155, 106, 148, 295]
  列生成求解结果: 目标值=9.0000， 下界=7.0000， 上界=11.0000
    非整数变量: COL_16-9_1429 = 0.339286
  解不是整数，开始分支...
ImposedVertex(vertex=9)
ForbidVertex(vertex=9)
  创建了 2 个分支
    添加分支节点 1: ID=298
    添加分支节点 2: ID=299
  进度: 已处理 180 个节点, 剩余 113 个, 当前最优 11.0000, 当前列数: 1488

处理节点 126
  开始列生成求解...
Set parameter LogToConsole to value 0
Set parameter Threads to value 1
Set parameter Seed to value 0
  定价策略: Exact, node=126, vertices=17
Set parameter PoolSearchMode to value 2
Set parameter PoolSolutions to value 10
[CG 1] RMP=9.000000, pricing=ExactPricingSolver, new_columns=0
  搜索路径: [1, 2, 3, 6, 7, 8, 11, 9, 14, 10, 15, 19, 23, 24, 25, 27, 26, 34, 35, 31, 33, 22, 40, 41, 43, 42, 30, 16, 54, 32, 57, 55, 59, 61, 17, 56, 68, 69, 58, 74, 75, 60, 18, 21, 80, 81, 20, 62, 63, 49, 48, 88, 89, 92, 93, 96, 97, 100, 101, 90, 91, 102, 103, 65, 64, 38, 39, 50, 51, 118, 124, 125, 119, 128, 129, 130, 131, 132, 133, 77, 66, 123, 76, 143, 140, 141, 142, 152, 153, 67, 116, 156, 157, 160, 161, 162, 122, 117, 170, 171, 172, 173, 176, 177, 180, 181, 112, 113, 174, 175, 186, 187, 188, 189, 163, 84, 85, 200, 204, 205, 201, 203, 202, 208, 209, 210, 211, 218, 219, 213, 212, 215, 223, 224, 230, 231, 225, 228, 229, 214, 236, 237, 220, 221, 222, 240, 241, 244, 245, 242, 243, 135, 134, 146, 159, 151, 158, 147, 150, 258, 259, 239, 238, 216, 217, 121, 120, 274, 275, 280, 281, 284, 285, 286, 287, 154, 155, 106, 148, 295, 126]
  列生成求解结果: 目标值=9.0000， 下界=7.0000， 上界=11.0000
    非整数变量: COL_18-24-9_33 = 0.500000
  解不是整数，开始分支...
ImposedVertex(vertex=5)
ForbidVertex(vertex=5)
  创建了 2 个分支
    添加分支节点 1: ID=300
    添加分支节点 2: ID=301

处理节点 292
  开始列生成求解...
Set parameter LogToConsole to value 0
Set parameter Threads to value 1
Set parameter Seed to value 0
  定价策略: Exact, node=292, vertices=16
Set parameter PoolSearchMode to value 2
Set parameter PoolSolutions to value 10
[CG 1] RMP=11.000000, pricing=ExactPricingSolver, new_columns=10
[CG 2] RMP=8.000000, pricing=ExactPricingSolver, new_columns=0
  搜索路径: [1, 2, 3, 6, 7, 8, 11, 9, 14, 10, 15, 19, 23, 24, 25, 27, 26, 34, 35, 31, 33, 22, 40, 41, 43, 42, 30, 16, 54, 32, 57, 55, 59, 61, 17, 56, 68, 69, 58, 74, 75, 60, 18, 21, 80, 81, 20, 62, 63, 49, 48, 88, 89, 92, 93, 96, 97, 100, 101, 90, 91, 102, 103, 65, 64, 38, 39, 50, 51, 118, 124, 125, 119, 128, 129, 130, 131, 132, 133, 77, 66, 123, 76, 143, 140, 141, 142, 152, 153, 67, 116, 156, 157, 160, 161, 162, 122, 117, 170, 171, 172, 173, 176, 177, 180, 181, 112, 113, 174, 175, 186, 187, 188, 189, 163, 84, 85, 200, 204, 205, 201, 203, 202, 208, 209, 210, 211, 218, 219, 213, 212, 215, 223, 224, 230, 231, 225, 228, 229, 214, 236, 237, 220, 221, 222, 240, 241, 244, 245, 242, 243, 135, 134, 146, 159, 151, 158, 147, 150, 258, 259, 239, 238, 216, 217, 121, 120, 274, 275, 280, 281, 284, 285, 286, 287, 154, 155, 106, 148, 295, 126, 292]
  列生成求解结果: 目标值=8.0000， 下界=7.0000， 上界=11.0000
    非整数变量: COL_0-11-18-25-7_79 = 0.500000
  解不是整数，开始分支...
ImposedVertex(vertex=28)
ForbidVertex(vertex=28)
  创建了 2 个分支
    添加分支节点 1: ID=302
    添加分支节点 2: ID=303

处理节点 293
  开始列生成求解...
Set parameter LogToConsole to value 0
Set parameter Threads to value 1
Set parameter Seed to value 0
  定价策略: Exact, node=293, vertices=16
Set parameter PoolSearchMode to value 2
Set parameter PoolSolutions to value 10
[CG 1] RMP=12.000000, pricing=ExactPricingSolver, new_columns=10
[CG 2] RMP=9.000000, pricing=ExactPricingSolver, new_columns=0
  搜索路径: [1, 2, 3, 6, 7, 8, 11, 9, 14, 10, 15, 19, 23, 24, 25, 27, 26, 34, 35, 31, 33, 22, 40, 41, 43, 42, 30, 16, 54, 32, 57, 55, 59, 61, 17, 56, 68, 69, 58, 74, 75, 60, 18, 21, 80, 81, 20, 62, 63, 49, 48, 88, 89, 92, 93, 96, 97, 100, 101, 90, 91, 102, 103, 65, 64, 38, 39, 50, 51, 118, 124, 125, 119, 128, 129, 130, 131, 132, 133, 77, 66, 123, 76, 143, 140, 141, 142, 152, 153, 67, 116, 156, 157, 160, 161, 162, 122, 117, 170, 171, 172, 173, 176, 177, 180, 181, 112, 113, 174, 175, 186, 187, 188, 189, 163, 84, 85, 200, 204, 205, 201, 203, 202, 208, 209, 210, 211, 218, 219, 213, 212, 215, 223, 224, 230, 231, 225, 228, 229, 214, 236, 237, 220, 221, 222, 240, 241, 244, 245, 242, 243, 135, 134, 146, 159, 151, 158, 147, 150, 258, 259, 239, 238, 216, 217, 121, 120, 274, 275, 280, 281, 284, 285, 286, 287, 154, 155, 106, 148, 295, 126, 292, 293]
  列生成求解结果: 目标值=9.0000， 下界=7.0000， 上界=11.0000
    非整数变量: COL_0-21-4_60 = 0.714286
  解不是整数，开始分支...
ImposedVertex(vertex=10)
ForbidVertex(vertex=10)
  创建了 2 个分支
    添加分支节点 1: ID=304
    添加分支节点 2: ID=305

处理节点 294
  开始列生成求解...
Set parameter LogToConsole to value 0
Set parameter Threads to value 1
Set parameter Seed to value 0
  定价策略: Exact, node=294, vertices=17
Set parameter PoolSearchMode to value 2
Set parameter PoolSolutions to value 10
[CG 1] RMP=8.000000, pricing=ExactPricingSolver, new_columns=0
  搜索路径: [1, 2, 3, 6, 7, 8, 11, 9, 14, 10, 15, 19, 23, 24, 25, 27, 26, 34, 35, 31, 33, 22, 40, 41, 43, 42, 30, 16, 54, 32, 57, 55, 59, 61, 17, 56, 68, 69, 58, 74, 75, 60, 18, 21, 80, 81, 20, 62, 63, 49, 48, 88, 89, 92, 93, 96, 97, 100, 101, 90, 91, 102, 103, 65, 64, 38, 39, 50, 51, 118, 124, 125, 119, 128, 129, 130, 131, 132, 133, 77, 66, 123, 76, 143, 140, 141, 142, 152, 153, 67, 116, 156, 157, 160, 161, 162, 122, 117, 170, 171, 172, 173, 176, 177, 180, 181, 112, 113, 174, 175, 186, 187, 188, 189, 163, 84, 85, 200, 204, 205, 201, 203, 202, 208, 209, 210, 211, 218, 219, 213, 212, 215, 223, 224, 230, 231, 225, 228, 229, 214, 236, 237, 220, 221, 222, 240, 241, 244, 245, 242, 243, 135, 134, 146, 159, 151, 158, 147, 150, 258, 259, 239, 238, 216, 217, 121, 120, 274, 275, 280, 281, 284, 285, 286, 287, 154, 155, 106, 148, 295, 126, 292, 293, 294]
  列生成求解结果: 目标值=8.0000， 下界=7.0000， 上界=11.0000
    非整数变量: COL_0-18-20-26_48 = 0.263636
  解不是整数，开始分支...
ImposedVertex(vertex=26)
ForbidVertex(vertex=26)
  创建了 2 个分支
    添加分支节点 1: ID=306
    添加分支节点 2: ID=307

处理节点 115
  开始列生成求解...
Set parameter LogToConsole to value 0
Set parameter Threads to value 1
Set parameter Seed to value 0
  定价策略: Exact, node=115, vertices=19
Set parameter PoolSearchMode to value 2
Set parameter PoolSolutions to value 10
[CG 1] RMP=9.000000, pricing=ExactPricingSolver, new_columns=0
  搜索路径: [1, 2, 3, 6, 7, 8, 11, 9, 14, 10, 15, 19, 23, 24, 25, 27, 26, 34, 35, 31, 33, 22, 40, 41, 43, 42, 30, 16, 54, 32, 57, 55, 59, 61, 17, 56, 68, 69, 58, 74, 75, 60, 18, 21, 80, 81, 20, 62, 63, 49, 48, 88, 89, 92, 93, 96, 97, 100, 101, 90, 91, 102, 103, 65, 64, 38, 39, 50, 51, 118, 124, 125, 119, 128, 129, 130, 131, 132, 133, 77, 66, 123, 76, 143, 140, 141, 142, 152, 153, 67, 116, 156, 157, 160, 161, 162, 122, 117, 170, 171, 172, 173, 176, 177, 180, 181, 112, 113, 174, 175, 186, 187, 188, 189, 163, 84, 85, 200, 204, 205, 201, 203, 202, 208, 209, 210, 211, 218, 219, 213, 212, 215, 223, 224, 230, 231, 225, 228, 229, 214, 236, 237, 220, 221, 222, 240, 241, 244, 245, 242, 243, 135, 134, 146, 159, 151, 158, 147, 150, 258, 259, 239, 238, 216, 217, 121, 120, 274, 275, 280, 281, 284, 285, 286, 287, 154, 155, 106, 148, 295, 126, 292, 293, 294, 115]
  列生成求解结果: 目标值=9.0000， 下界=7.0000， 上界=11.0000
    非整数变量: COL_18-23-9_35 = 0.250000
  解不是整数，开始分支...
ImposedVertex(vertex=2)
ForbidVertex(vertex=2)
  创建了 2 个分支
    添加分支节点 1: ID=308
    添加分支节点 2: ID=309

处理节点 149
  开始列生成求解...
Set parameter LogToConsole to value 0
Set parameter Threads to value 1
Set parameter Seed to value 0
  定价策略: Exact, node=149, vertices=16
Set parameter PoolSearchMode to value 2
Set parameter PoolSolutions to value 10
[CG 1] RMP=9.000000, pricing=ExactPricingSolver, new_columns=0
  搜索路径: [1, 2, 3, 6, 7, 8, 11, 9, 14, 10, 15, 19, 23, 24, 25, 27, 26, 34, 35, 31, 33, 22, 40, 41, 43, 42, 30, 16, 54, 32, 57, 55, 59, 61, 17, 56, 68, 69, 58, 74, 75, 60, 18, 21, 80, 81, 20, 62, 63, 49, 48, 88, 89, 92, 93, 96, 97, 100, 101, 90, 91, 102, 103, 65, 64, 38, 39, 50, 51, 118, 124, 125, 119, 128, 129, 130, 131, 132, 133, 77, 66, 123, 76, 143, 140, 141, 142, 152, 153, 67, 116, 156, 157, 160, 161, 162, 122, 117, 170, 171, 172, 173, 176, 177, 180, 181, 112, 113, 174, 175, 186, 187, 188, 189, 163, 84, 85, 200, 204, 205, 201, 203, 202, 208, 209, 210, 211, 218, 219, 213, 212, 215, 223, 224, 230, 231, 225, 228, 229, 214, 236, 237, 220, 221, 222, 240, 241, 244, 245, 242, 243, 135, 134, 146, 159, 151, 158, 147, 150, 258, 259, 239, 238, 216, 217, 121, 120, 274, 275, 280, 281, 284, 285, 286, 287, 154, 155, 106, 148, 295, 126, 292, 293, 294, 115, 149]
  列生成求解结果: 目标值=9.0000， 下界=7.0000， 上界=11.0000
    非整数变量: COL_0-21-4_60 = 0.333333
  解不是整数，开始分支...
ImposedVertex(vertex=8)
ForbidVertex(vertex=8)
  创建了 2 个分支
    添加分支节点 1: ID=310
    添加分支节点 2: ID=311

处理节点 127
  开始列生成求解...
Set parameter LogToConsole to value 0
Set parameter Threads to value 1
Set parameter Seed to value 0
  定价策略: Exact, node=127, vertices=18
Set parameter PoolSearchMode to value 2
Set parameter PoolSolutions to value 10
[CG 1] RMP=7.000000, pricing=ExactPricingSolver, new_columns=0
  搜索路径: [1, 2, 3, 6, 7, 8, 11, 9, 14, 10, 15, 19, 23, 24, 25, 27, 26, 34, 35, 31, 33, 22, 40, 41, 43, 42, 30, 16, 54, 32, 57, 55, 59, 61, 17, 56, 68, 69, 58, 74, 75, 60, 18, 21, 80, 81, 20, 62, 63, 49, 48, 88, 89, 92, 93, 96, 97, 100, 101, 90, 91, 102, 103, 65, 64, 38, 39, 50, 51, 118, 124, 125, 119, 128, 129, 130, 131, 132, 133, 77, 66, 123, 76, 143, 140, 141, 142, 152, 153, 67, 116, 156, 157, 160, 161, 162, 122, 117, 170, 171, 172, 173, 176, 177, 180, 181, 112, 113, 174, 175, 186, 187, 188, 189, 163, 84, 85, 200, 204, 205, 201, 203, 202, 208, 209, 210, 211, 218, 219, 213, 212, 215, 223, 224, 230, 231, 225, 228, 229, 214, 236, 237, 220, 221, 222, 240, 241, 244, 245, 242, 243, 135, 134, 146, 159, 151, 158, 147, 150, 258, 259, 239, 238, 216, 217, 121, 120, 274, 275, 280, 281, 284, 285, 286, 287, 154, 155, 106, 148, 295, 126, 292, 293, 294, 115, 149, 127]
  列生成求解结果: 目标值=7.0000， 下界=7.0000， 上界=11.0000
    非整数变量: COL_23_5 = 0.250000
  解不是整数，开始分支...
ImposedVertex(vertex=5)
ForbidVertex(vertex=5)
  创建了 2 个分支
    添加分支节点 1: ID=312
    添加分支节点 2: ID=313

处理节点 246
  开始列生成求解...
Set parameter LogToConsole to value 0
Set parameter Threads to value 1
Set parameter Seed to value 0
  定价策略: Exact, node=246, vertices=14
Set parameter PoolSearchMode to value 2
Set parameter PoolSolutions to value 10
[CG 1] RMP=11.000000, pricing=ExactPricingSolver, new_columns=10
[CG 2] RMP=7.000000, pricing=ExactPricingSolver, new_columns=10
[CG 3] RMP=7.000000, pricing=ExactPricingSolver, new_columns=0
  搜索路径: [1, 2, 3, 6, 7, 8, 11, 9, 14, 10, 15, 19, 23, 24, 25, 27, 26, 34, 35, 31, 33, 22, 40, 41, 43, 42, 30, 16, 54, 32, 57, 55, 59, 61, 17, 56, 68, 69, 58, 74, 75, 60, 18, 21, 80, 81, 20, 62, 63, 49, 48, 88, 89, 92, 93, 96, 97, 100, 101, 90, 91, 102, 103, 65, 64, 38, 39, 50, 51, 118, 124, 125, 119, 128, 129, 130, 131, 132, 133, 77, 66, 123, 76, 143, 140, 141, 142, 152, 153, 67, 116, 156, 157, 160, 161, 162, 122, 117, 170, 171, 172, 173, 176, 177, 180, 181, 112, 113, 174, 175, 186, 187, 188, 189, 163, 84, 85, 200, 204, 205, 201, 203, 202, 208, 209, 210, 211, 218, 219, 213, 212, 215, 223, 224, 230, 231, 225, 228, 229, 214, 236, 237, 220, 221, 222, 240, 241, 244, 245, 242, 243, 135, 134, 146, 159, 151, 158, 147, 150, 258, 259, 239, 238, 216, 217, 121, 120, 274, 275, 280, 281, 284, 285, 286, 287, 154, 155, 106, 148, 295, 126, 292, 293, 294, 115, 149, 127, 246]
  列生成求解结果: 目标值=7.0000， 下界=7.0000， 上界=11.0000
    非整数变量: COL_1-18-23-9_37 = 0.583333
  解不是整数，开始分支...
ImposedVertex(vertex=21)
ForbidVertex(vertex=21)
  创建了 2 个分支
    添加分支节点 1: ID=314
    添加分支节点 2: ID=315

处理节点 312
  开始列生成求解...
Set parameter LogToConsole to value 0
Set parameter Threads to value 1
Set parameter Seed to value 0
  定价策略: Exact, node=312, vertices=16
Set parameter PoolSearchMode to value 2
Set parameter PoolSolutions to value 10
[CG 1] RMP=7.000000, pricing=ExactPricingSolver, new_columns=0
  搜索路径: [1, 2, 3, 6, 7, 8, 11, 9, 14, 10, 15, 19, 23, 24, 25, 27, 26, 34, 35, 31, 33, 22, 40, 41, 43, 42, 30, 16, 54, 32, 57, 55, 59, 61, 17, 56, 68, 69, 58, 74, 75, 60, 18, 21, 80, 81, 20, 62, 63, 49, 48, 88, 89, 92, 93, 96, 97, 100, 101, 90, 91, 102, 103, 65, 64, 38, 39, 50, 51, 118, 124, 125, 119, 128, 129, 130, 131, 132, 133, 77, 66, 123, 76, 143, 140, 141, 142, 152, 153, 67, 116, 156, 157, 160, 161, 162, 122, 117, 170, 171, 172, 173, 176, 177, 180, 181, 112, 113, 174, 175, 186, 187, 188, 189, 163, 84, 85, 200, 204, 205, 201, 203, 202, 208, 209, 210, 211, 218, 219, 213, 212, 215, 223, 224, 230, 231, 225, 228, 229, 214, 236, 237, 220, 221, 222, 240, 241, 244, 245, 242, 243, 135, 134, 146, 159, 151, 158, 147, 150, 258, 259, 239, 238, 216, 217, 121, 120, 274, 275, 280, 281, 284, 285, 286, 287, 154, 155, 106, 148, 295, 126, 292, 293, 294, 115, 149, 127, 246, 312]
  列生成求解结果: 目标值=7.0000， 下界=7.0000， 上界=11.0000
    非整数变量: COL_1-18-23-7-9_41 = 0.634259
  解不是整数，开始分支...
ImposedVertex(vertex=20)
ForbidVertex(vertex=20)
  创建了 2 个分支
    添加分支节点 1: ID=316
    添加分支节点 2: ID=317

处理节点 313
  开始列生成求解...
Set parameter LogToConsole to value 0
Set parameter Threads to value 1
Set parameter Seed to value 0
  定价策略: Exact, node=313, vertices=17
Set parameter PoolSearchMode to value 2
Set parameter PoolSolutions to value 10
[CG 1] RMP=7.000000, pricing=ExactPricingSolver, new_columns=0
  搜索路径: [1, 2, 3, 6, 7, 8, 11, 9, 14, 10, 15, 19, 23, 24, 25, 27, 26, 34, 35, 31, 33, 22, 40, 41, 43, 42, 30, 16, 54, 32, 57, 55, 59, 61, 17, 56, 68, 69, 58, 74, 75, 60, 18, 21, 80, 81, 20, 62, 63, 49, 48, 88, 89, 92, 93, 96, 97, 100, 101, 90, 91, 102, 103, 65, 64, 38, 39, 50, 51, 118, 124, 125, 119, 128, 129, 130, 131, 132, 133, 77, 66, 123, 76, 143, 140, 141, 142, 152, 153, 67, 116, 156, 157, 160, 161, 162, 122, 117, 170, 171, 172, 173, 176, 177, 180, 181, 112, 113, 174, 175, 186, 187, 188, 189, 163, 84, 85, 200, 204, 205, 201, 203, 202, 208, 209, 210, 211, 218, 219, 213, 212, 215, 223, 224, 230, 231, 225, 228, 229, 214, 236, 237, 220, 221, 222, 240, 241, 244, 245, 242, 243, 135, 134, 146, 159, 151, 158, 147, 150, 258, 259, 239, 238, 216, 217, 121, 120, 274, 275, 280, 281, 284, 285, 286, 287, 154, 155, 106, 148, 295, 126, 292, 293, 294, 115, 149, 127, 246, 312, 313]
  列生成求解结果: 目标值=7.0000， 下界=7.0000， 上界=11.0000
    非整数变量: COL_1-18-23-7-9_41 = 0.583333
  解不是整数，开始分支...
ImposedVertex(vertex=23)
ForbidVertex(vertex=23)
  创建了 2 个分支
    添加分支节点 1: ID=318
    添加分支节点 2: ID=319
  进度: 已处理 190 个节点, 剩余 123 个, 当前最优 11.0000, 当前列数: 1528

处理节点 316
  开始列生成求解...
Set parameter LogToConsole to value 0
Set parameter Threads to value 1
Set parameter Seed to value 0
  定价策略: Exact, node=316, vertices=15
Set parameter PoolSearchMode to value 2
Set parameter PoolSolutions to value 10
[CG 1] RMP=8.000000, pricing=ExactPricingSolver, new_columns=0
  搜索路径: [1, 2, 3, 6, 7, 8, 11, 9, 14, 10, 15, 19, 23, 24, 25, 27, 26, 34, 35, 31, 33, 22, 40, 41, 43, 42, 30, 16, 54, 32, 57, 55, 59, 61, 17, 56, 68, 69, 58, 74, 75, 60, 18, 21, 80, 81, 20, 62, 63, 49, 48, 88, 89, 92, 93, 96, 97, 100, 101, 90, 91, 102, 103, 65, 64, 38, 39, 50, 51, 118, 124, 125, 119, 128, 129, 130, 131, 132, 133, 77, 66, 123, 76, 143, 140, 141, 142, 152, 153, 67, 116, 156, 157, 160, 161, 162, 122, 117, 170, 171, 172, 173, 176, 177, 180, 181, 112, 113, 174, 175, 186, 187, 188, 189, 163, 84, 85, 200, 204, 205, 201, 203, 202, 208, 209, 210, 211, 218, 219, 213, 212, 215, 223, 224, 230, 231, 225, 228, 229, 214, 236, 237, 220, 221, 222, 240, 241, 244, 245, 242, 243, 135, 134, 146, 159, 151, 158, 147, 150, 258, 259, 239, 238, 216, 217, 121, 120, 274, 275, 280, 281, 284, 285, 286, 287, 154, 155, 106, 148, 295, 126, 292, 293, 294, 115, 149, 127, 246, 312, 313, 316]
  列生成求解结果: 目标值=8.0000， 下界=7.0000， 上界=11.0000
    非整数变量: COL_1-18-23-7-9_41 = 0.666667
  解不是整数，开始分支...
ImposedVertex(vertex=26)
ForbidVertex(vertex=26)
  创建了 2 个分支
    添加分支节点 1: ID=320
    添加分支节点 2: ID=321

处理节点 317
  开始列生成求解...
Set parameter LogToConsole to value 0
Set parameter Threads to value 1
Set parameter Seed to value 0
  定价策略: Exact, node=317, vertices=15
Set parameter PoolSearchMode to value 2
Set parameter PoolSolutions to value 10
[CG 1] RMP=2010.000000, pricing=ExactPricingSolver, new_columns=10
[CG 2] RMP=12.000000, pricing=ExactPricingSolver, new_columns=10
[CG 3] RMP=9.000000, pricing=ExactPricingSolver, new_columns=0
  搜索路径: [1, 2, 3, 6, 7, 8, 11, 9, 14, 10, 15, 19, 23, 24, 25, 27, 26, 34, 35, 31, 33, 22, 40, 41, 43, 42, 30, 16, 54, 32, 57, 55, 59, 61, 17, 56, 68, 69, 58, 74, 75, 60, 18, 21, 80, 81, 20, 62, 63, 49, 48, 88, 89, 92, 93, 96, 97, 100, 101, 90, 91, 102, 103, 65, 64, 38, 39, 50, 51, 118, 124, 125, 119, 128, 129, 130, 131, 132, 133, 77, 66, 123, 76, 143, 140, 141, 142, 152, 153, 67, 116, 156, 157, 160, 161, 162, 122, 117, 170, 171, 172, 173, 176, 177, 180, 181, 112, 113, 174, 175, 186, 187, 188, 189, 163, 84, 85, 200, 204, 205, 201, 203, 202, 208, 209, 210, 211, 218, 219, 213, 212, 215, 223, 224, 230, 231, 225, 228, 229, 214, 236, 237, 220, 221, 222, 240, 241, 244, 245, 242, 243, 135, 134, 146, 159, 151, 158, 147, 150, 258, 259, 239, 238, 216, 217, 121, 120, 274, 275, 280, 281, 284, 285, 286, 287, 154, 155, 106, 148, 295, 126, 292, 293, 294, 115, 149, 127, 246, 312, 313, 316, 317]
  列生成求解结果: 目标值=9.0000， 下界=7.0000， 上界=11.0000
    非整数变量: COL_1-18-23-7-9_41 = 0.550000
  解不是整数，开始分支...
ImposedVertex(vertex=14)
ForbidVertex(vertex=14)
  创建了 2 个分支
    添加分支节点 1: ID=322
    添加分支节点 2: ID=323

处理节点 318
  开始列生成求解...
Set parameter LogToConsole to value 0
Set parameter Threads to value 1
Set parameter Seed to value 0
  定价策略: Exact, node=318, vertices=16
Set parameter PoolSearchMode to value 2
Set parameter PoolSolutions to value 10
[CG 1] RMP=7.000000, pricing=ExactPricingSolver, new_columns=0
  搜索路径: [1, 2, 3, 6, 7, 8, 11, 9, 14, 10, 15, 19, 23, 24, 25, 27, 26, 34, 35, 31, 33, 22, 40, 41, 43, 42, 30, 16, 54, 32, 57, 55, 59, 61, 17, 56, 68, 69, 58, 74, 75, 60, 18, 21, 80, 81, 20, 62, 63, 49, 48, 88, 89, 92, 93, 96, 97, 100, 101, 90, 91, 102, 103, 65, 64, 38, 39, 50, 51, 118, 124, 125, 119, 128, 129, 130, 131, 132, 133, 77, 66, 123, 76, 143, 140, 141, 142, 152, 153, 67, 116, 156, 157, 160, 161, 162, 122, 117, 170, 171, 172, 173, 176, 177, 180, 181, 112, 113, 174, 175, 186, 187, 188, 189, 163, 84, 85, 200, 204, 205, 201, 203, 202, 208, 209, 210, 211, 218, 219, 213, 212, 215, 223, 224, 230, 231, 225, 228, 229, 214, 236, 237, 220, 221, 222, 240, 241, 244, 245, 242, 243, 135, 134, 146, 159, 151, 158, 147, 150, 258, 259, 239, 238, 216, 217, 121, 120, 274, 275, 280, 281, 284, 285, 286, 287, 154, 155, 106, 148, 295, 126, 292, 293, 294, 115, 149, 127, 246, 312, 313, 316, 317, 318]
  列生成求解结果: 目标值=7.0000， 下界=7.0000， 上界=11.0000
    非整数变量: COL_1-18-23-7-9_41 = 0.583333
  解不是整数，开始分支...
ImposedVertex(vertex=20)
ForbidVertex(vertex=20)
  创建了 2 个分支
    添加分支节点 1: ID=324
    添加分支节点 2: ID=325

处理节点 319
  开始列生成求解...
Set parameter LogToConsole to value 0
Set parameter Threads to value 1
Set parameter Seed to value 0
  定价策略: Exact, node=319, vertices=16
Set parameter PoolSearchMode to value 2
Set parameter PoolSolutions to value 10
[CG 1] RMP=12.000000, pricing=ExactPricingSolver, new_columns=10
[CG 2] RMP=7.000000, pricing=ExactPricingSolver, new_columns=0
  搜索路径: [1, 2, 3, 6, 7, 8, 11, 9, 14, 10, 15, 19, 23, 24, 25, 27, 26, 34, 35, 31, 33, 22, 40, 41, 43, 42, 30, 16, 54, 32, 57, 55, 59, 61, 17, 56, 68, 69, 58, 74, 75, 60, 18, 21, 80, 81, 20, 62, 63, 49, 48, 88, 89, 92, 93, 96, 97, 100, 101, 90, 91, 102, 103, 65, 64, 38, 39, 50, 51, 118, 124, 125, 119, 128, 129, 130, 131, 132, 133, 77, 66, 123, 76, 143, 140, 141, 142, 152, 153, 67, 116, 156, 157, 160, 161, 162, 122, 117, 170, 171, 172, 173, 176, 177, 180, 181, 112, 113, 174, 175, 186, 187, 188, 189, 163, 84, 85, 200, 204, 205, 201, 203, 202, 208, 209, 210, 211, 218, 219, 213, 212, 215, 223, 224, 230, 231, 225, 228, 229, 214, 236, 237, 220, 221, 222, 240, 241, 244, 245, 242, 243, 135, 134, 146, 159, 151, 158, 147, 150, 258, 259, 239, 238, 216, 217, 121, 120, 274, 275, 280, 281, 284, 285, 286, 287, 154, 155, 106, 148, 295, 126, 292, 293, 294, 115, 149, 127, 246, 312, 313, 316, 317, 318, 319]
  列生成求解结果: 目标值=7.0000， 下界=7.0000， 上界=11.0000
    非整数变量: COL_1-14-17-21-28-9_588 = 0.583333
  解不是整数，开始分支...
ImposedVertex(vertex=14)
ForbidVertex(vertex=14)
  创建了 2 个分支
    添加分支节点 1: ID=326
    添加分支节点 2: ID=327

处理节点 324
  开始列生成求解...
Set parameter LogToConsole to value 0
Set parameter Threads to value 1
Set parameter Seed to value 0
  定价策略: Exact, node=324, vertices=15
Set parameter PoolSearchMode to value 2
Set parameter PoolSolutions to value 10
[CG 1] RMP=8.000000, pricing=ExactPricingSolver, new_columns=0
  搜索路径: [1, 2, 3, 6, 7, 8, 11, 9, 14, 10, 15, 19, 23, 24, 25, 27, 26, 34, 35, 31, 33, 22, 40, 41, 43, 42, 30, 16, 54, 32, 57, 55, 59, 61, 17, 56, 68, 69, 58, 74, 75, 60, 18, 21, 80, 81, 20, 62, 63, 49, 48, 88, 89, 92, 93, 96, 97, 100, 101, 90, 91, 102, 103, 65, 64, 38, 39, 50, 51, 118, 124, 125, 119, 128, 129, 130, 131, 132, 133, 77, 66, 123, 76, 143, 140, 141, 142, 152, 153, 67, 116, 156, 157, 160, 161, 162, 122, 117, 170, 171, 172, 173, 176, 177, 180, 181, 112, 113, 174, 175, 186, 187, 188, 189, 163, 84, 85, 200, 204, 205, 201, 203, 202, 208, 209, 210, 211, 218, 219, 213, 212, 215, 223, 224, 230, 231, 225, 228, 229, 214, 236, 237, 220, 221, 222, 240, 241, 244, 245, 242, 243, 135, 134, 146, 159, 151, 158, 147, 150, 258, 259, 239, 238, 216, 217, 121, 120, 274, 275, 280, 281, 284, 285, 286, 287, 154, 155, 106, 148, 295, 126, 292, 293, 294, 115, 149, 127, 246, 312, 313, 316, 317, 318, 319, 324]
  列生成求解结果: 目标值=8.0000， 下界=7.0000， 上界=11.0000
    非整数变量: COL_1-18-23-7-9_41 = 0.500000
  解不是整数，开始分支...
ImposedVertex(vertex=26)
ForbidVertex(vertex=26)
  创建了 2 个分支
    添加分支节点 1: ID=328
    添加分支节点 2: ID=329

处理节点 325
  开始列生成求解...
Set parameter LogToConsole to value 0
Set parameter Threads to value 1
Set parameter Seed to value 0
  定价策略: Exact, node=325, vertices=15
Set parameter PoolSearchMode to value 2
Set parameter PoolSolutions to value 10
[CG 1] RMP=12.000000, pricing=ExactPricingSolver, new_columns=10
[CG 2] RMP=9.000000, pricing=ExactPricingSolver, new_columns=0
  搜索路径: [1, 2, 3, 6, 7, 8, 11, 9, 14, 10, 15, 19, 23, 24, 25, 27, 26, 34, 35, 31, 33, 22, 40, 41, 43, 42, 30, 16, 54, 32, 57, 55, 59, 61, 17, 56, 68, 69, 58, 74, 75, 60, 18, 21, 80, 81, 20, 62, 63, 49, 48, 88, 89, 92, 93, 96, 97, 100, 101, 90, 91, 102, 103, 65, 64, 38, 39, 50, 51, 118, 124, 125, 119, 128, 129, 130, 131, 132, 133, 77, 66, 123, 76, 143, 140, 141, 142, 152, 153, 67, 116, 156, 157, 160, 161, 162, 122, 117, 170, 171, 172, 173, 176, 177, 180, 181, 112, 113, 174, 175, 186, 187, 188, 189, 163, 84, 85, 200, 204, 205, 201, 203, 202, 208, 209, 210, 211, 218, 219, 213, 212, 215, 223, 224, 230, 231, 225, 228, 229, 214, 236, 237, 220, 221, 222, 240, 241, 244, 245, 242, 243, 135, 134, 146, 159, 151, 158, 147, 150, 258, 259, 239, 238, 216, 217, 121, 120, 274, 275, 280, 281, 284, 285, 286, 287, 154, 155, 106, 148, 295, 126, 292, 293, 294, 115, 149, 127, 246, 312, 313, 316, 317, 318, 319, 324, 325]
  列生成求解结果: 目标值=9.0000， 下界=7.0000， 上界=11.0000
    非整数变量: COL_1-18-23-7-9_41 = 0.750000
  解不是整数，开始分支...
ImposedVertex(vertex=12)
ForbidVertex(vertex=12)
  创建了 2 个分支
    添加分支节点 1: ID=330
    添加分支节点 2: ID=331

处理节点 326
  开始列生成求解...
Set parameter LogToConsole to value 0
Set parameter Threads to value 1
Set parameter Seed to value 0
  定价策略: Exact, node=326, vertices=15
Set parameter PoolSearchMode to value 2
Set parameter PoolSolutions to value 10
[CG 1] RMP=12.000000, pricing=ExactPricingSolver, new_columns=10
[CG 2] RMP=12.000000, pricing=ExactPricingSolver, new_columns=10
[CG 3] RMP=10.000000, pricing=ExactPricingSolver, new_columns=0
  搜索路径: [1, 2, 3, 6, 7, 8, 11, 9, 14, 10, 15, 19, 23, 24, 25, 27, 26, 34, 35, 31, 33, 22, 40, 41, 43, 42, 30, 16, 54, 32, 57, 55, 59, 61, 17, 56, 68, 69, 58, 74, 75, 60, 18, 21, 80, 81, 20, 62, 63, 49, 48, 88, 89, 92, 93, 96, 97, 100, 101, 90, 91, 102, 103, 65, 64, 38, 39, 50, 51, 118, 124, 125, 119, 128, 129, 130, 131, 132, 133, 77, 66, 123, 76, 143, 140, 141, 142, 152, 153, 67, 116, 156, 157, 160, 161, 162, 122, 117, 170, 171, 172, 173, 176, 177, 180, 181, 112, 113, 174, 175, 186, 187, 188, 189, 163, 84, 85, 200, 204, 205, 201, 203, 202, 208, 209, 210, 211, 218, 219, 213, 212, 215, 223, 224, 230, 231, 225, 228, 229, 214, 236, 237, 220, 221, 222, 240, 241, 244, 245, 242, 243, 135, 134, 146, 159, 151, 158, 147, 150, 258, 259, 239, 238, 216, 217, 121, 120, 274, 275, 280, 281, 284, 285, 286, 287, 154, 155, 106, 148, 295, 126, 292, 293, 294, 115, 149, 127, 246, 312, 313, 316, 317, 318, 319, 324, 325, 326]
  列生成求解结果: 目标值=10.0000， 下界=7.0000， 上界=11.0000
    非整数变量: COL_17-4-7-9_150 = 0.166667
  解不是整数，开始分支...
ImposedVertex(vertex=21)
ForbidVertex(vertex=21)
  创建了 2 个分支
    添加分支节点 1: ID=332
    添加分支节点 2: ID=333

处理节点 327
  开始列生成求解...
Set parameter LogToConsole to value 0
Set parameter Threads to value 1
Set parameter Seed to value 0
  定价策略: Exact, node=327, vertices=15
Set parameter PoolSearchMode to value 2
Set parameter PoolSolutions to value 10
[CG 1] RMP=9.000000, pricing=ExactPricingSolver, new_columns=0
  搜索路径: [1, 2, 3, 6, 7, 8, 11, 9, 14, 10, 15, 19, 23, 24, 25, 27, 26, 34, 35, 31, 33, 22, 40, 41, 43, 42, 30, 16, 54, 32, 57, 55, 59, 61, 17, 56, 68, 69, 58, 74, 75, 60, 18, 21, 80, 81, 20, 62, 63, 49, 48, 88, 89, 92, 93, 96, 97, 100, 101, 90, 91, 102, 103, 65, 64, 38, 39, 50, 51, 118, 124, 125, 119, 128, 129, 130, 131, 132, 133, 77, 66, 123, 76, 143, 140, 141, 142, 152, 153, 67, 116, 156, 157, 160, 161, 162, 122, 117, 170, 171, 172, 173, 176, 177, 180, 181, 112, 113, 174, 175, 186, 187, 188, 189, 163, 84, 85, 200, 204, 205, 201, 203, 202, 208, 209, 210, 211, 218, 219, 213, 212, 215, 223, 224, 230, 231, 225, 228, 229, 214, 236, 237, 220, 221, 222, 240, 241, 244, 245, 242, 243, 135, 134, 146, 159, 151, 158, 147, 150, 258, 259, 239, 238, 216, 217, 121, 120, 274, 275, 280, 281, 284, 285, 286, 287, 154, 155, 106, 148, 295, 126, 292, 293, 294, 115, 149, 127, 246, 312, 313, 316, 317, 318, 319, 324, 325, 326, 327]
  列生成求解结果: 目标值=9.0000， 下界=7.0000， 上界=11.0000
    非整数变量: COL_1-12-17-20-26-9_592 = 0.250000
  解不是整数，开始分支...
ImposedVertex(vertex=26)
ForbidVertex(vertex=26)
  创建了 2 个分支
    添加分支节点 1: ID=334
    添加分支节点 2: ID=335

处理节点 247
  开始列生成求解...
Set parameter LogToConsole to value 0
Set parameter Threads to value 1
Set parameter Seed to value 0
  定价策略: Exact, node=247, vertices=14
Set parameter PoolSearchMode to value 2
Set parameter PoolSolutions to value 10
[CG 1] RMP=2010.000000, pricing=ExactPricingSolver, new_columns=10
[CG 2] RMP=9.000000, pricing=ExactPricingSolver, new_columns=0
  搜索路径: [1, 2, 3, 6, 7, 8, 11, 9, 14, 10, 15, 19, 23, 24, 25, 27, 26, 34, 35, 31, 33, 22, 40, 41, 43, 42, 30, 16, 54, 32, 57, 55, 59, 61, 17, 56, 68, 69, 58, 74, 75, 60, 18, 21, 80, 81, 20, 62, 63, 49, 48, 88, 89, 92, 93, 96, 97, 100, 101, 90, 91, 102, 103, 65, 64, 38, 39, 50, 51, 118, 124, 125, 119, 128, 129, 130, 131, 132, 133, 77, 66, 123, 76, 143, 140, 141, 142, 152, 153, 67, 116, 156, 157, 160, 161, 162, 122, 117, 170, 171, 172, 173, 176, 177, 180, 181, 112, 113, 174, 175, 186, 187, 188, 189, 163, 84, 85, 200, 204, 205, 201, 203, 202, 208, 209, 210, 211, 218, 219, 213, 212, 215, 223, 224, 230, 231, 225, 228, 229, 214, 236, 237, 220, 221, 222, 240, 241, 244, 245, 242, 243, 135, 134, 146, 159, 151, 158, 147, 150, 258, 259, 239, 238, 216, 217, 121, 120, 274, 275, 280, 281, 284, 285, 286, 287, 154, 155, 106, 148, 295, 126, 292, 293, 294, 115, 149, 127, 246, 312, 313, 316, 317, 318, 319, 324, 325, 326, 327, 247]
  列生成求解结果: 目标值=9.0000， 下界=7.0000， 上界=11.0000
    非整数变量: COL_13-18-27-5_1248 = 0.818182
  解不是整数，开始分支...
ImposedVertex(vertex=27)
ForbidVertex(vertex=27)
  创建了 2 个分支
    添加分支节点 1: ID=336
    添加分支节点 2: ID=337

处理节点 233
  开始列生成求解...
Set parameter LogToConsole to value 0
Set parameter Threads to value 1
Set parameter Seed to value 0
  定价策略: Exact, node=233, vertices=17
Set parameter PoolSearchMode to value 2
Set parameter PoolSolutions to value 10
[CG 1] RMP=11.000000, pricing=ExactPricingSolver, new_columns=0
  搜索路径: [1, 2, 3, 6, 7, 8, 11, 9, 14, 10, 15, 19, 23, 24, 25, 27, 26, 34, 35, 31, 33, 22, 40, 41, 43, 42, 30, 16, 54, 32, 57, 55, 59, 61, 17, 56, 68, 69, 58, 74, 75, 60, 18, 21, 80, 81, 20, 62, 63, 49, 48, 88, 89, 92, 93, 96, 97, 100, 101, 90, 91, 102, 103, 65, 64, 38, 39, 50, 51, 118, 124, 125, 119, 128, 129, 130, 131, 132, 133, 77, 66, 123, 76, 143, 140, 141, 142, 152, 153, 67, 116, 156, 157, 160, 161, 162, 122, 117, 170, 171, 172, 173, 176, 177, 180, 181, 112, 113, 174, 175, 186, 187, 188, 189, 163, 84, 85, 200, 204, 205, 201, 203, 202, 208, 209, 210, 211, 218, 219, 213, 212, 215, 223, 224, 230, 231, 225, 228, 229, 214, 236, 237, 220, 221, 222, 240, 241, 244, 245, 242, 243, 135, 134, 146, 159, 151, 158, 147, 150, 258, 259, 239, 238, 216, 217, 121, 120, 274, 275, 280, 281, 284, 285, 286, 287, 154, 155, 106, 148, 295, 126, 292, 293, 294, 115, 149, 127, 246, 312, 313, 316, 317, 318, 319, 324, 325, 326, 327, 247, 233]
  列生成求解结果: 目标值=11.0000， 下界=7.0000， 上界=11.0000

处理节点 232
  开始列生成求解...
Set parameter LogToConsole to value 0
Set parameter Threads to value 1
Set parameter Seed to value 0
  定价策略: Exact, node=232, vertices=17
Set parameter PoolSearchMode to value 2
Set parameter PoolSolutions to value 10
[CG 1] RMP=11.000000, pricing=ExactPricingSolver, new_columns=10
[CG 2] RMP=7.000000, pricing=ExactPricingSolver, new_columns=0
  搜索路径: [1, 2, 3, 6, 7, 8, 11, 9, 14, 10, 15, 19, 23, 24, 25, 27, 26, 34, 35, 31, 33, 22, 40, 41, 43, 42, 30, 16, 54, 32, 57, 55, 59, 61, 17, 56, 68, 69, 58, 74, 75, 60, 18, 21, 80, 81, 20, 62, 63, 49, 48, 88, 89, 92, 93, 96, 97, 100, 101, 90, 91, 102, 103, 65, 64, 38, 39, 50, 51, 118, 124, 125, 119, 128, 129, 130, 131, 132, 133, 77, 66, 123, 76, 143, 140, 141, 142, 152, 153, 67, 116, 156, 157, 160, 161, 162, 122, 117, 170, 171, 172, 173, 176, 177, 180, 181, 112, 113, 174, 175, 186, 187, 188, 189, 163, 84, 85, 200, 204, 205, 201, 203, 202, 208, 209, 210, 211, 218, 219, 213, 212, 215, 223, 224, 230, 231, 225, 228, 229, 214, 236, 237, 220, 221, 222, 240, 241, 244, 245, 242, 243, 135, 134, 146, 159, 151, 158, 147, 150, 258, 259, 239, 238, 216, 217, 121, 120, 274, 275, 280, 281, 284, 285, 286, 287, 154, 155, 106, 148, 295, 126, 292, 293, 294, 115, 149, 127, 246, 312, 313, 316, 317, 318, 319, 324, 325, 326, 327, 247, 233, 232]
  列生成求解结果: 目标值=7.0000， 下界=7.0000， 上界=11.0000
    非整数变量: COL_13-21-23-27-3-9_73 = 0.379630
  解不是整数，开始分支...
ImposedVertex(vertex=3)
ForbidVertex(vertex=3)
  创建了 2 个分支
    添加分支节点 1: ID=338
    添加分支节点 2: ID=339

处理节点 235
  开始列生成求解...
Set parameter LogToConsole to value 0
Set parameter Threads to value 1
Set parameter Seed to value 0
  定价策略: Exact, node=235, vertices=16
Set parameter PoolSearchMode to value 2
Set parameter PoolSolutions to value 10
[CG 1] RMP=12.000000, pricing=ExactPricingSolver, new_columns=0
  搜索路径: [1, 2, 3, 6, 7, 8, 11, 9, 14, 10, 15, 19, 23, 24, 25, 27, 26, 34, 35, 31, 33, 22, 40, 41, 43, 42, 30, 16, 54, 32, 57, 55, 59, 61, 17, 56, 68, 69, 58, 74, 75, 60, 18, 21, 80, 81, 20, 62, 63, 49, 48, 88, 89, 92, 93, 96, 97, 100, 101, 90, 91, 102, 103, 65, 64, 38, 39, 50, 51, 118, 124, 125, 119, 128, 129, 130, 131, 132, 133, 77, 66, 123, 76, 143, 140, 141, 142, 152, 153, 67, 116, 156, 157, 160, 161, 162, 122, 117, 170, 171, 172, 173, 176, 177, 180, 181, 112, 113, 174, 175, 186, 187, 188, 189, 163, 84, 85, 200, 204, 205, 201, 203, 202, 208, 209, 210, 211, 218, 219, 213, 212, 215, 223, 224, 230, 231, 225, 228, 229, 214, 236, 237, 220, 221, 222, 240, 241, 244, 245, 242, 243, 135, 134, 146, 159, 151, 158, 147, 150, 258, 259, 239, 238, 216, 217, 121, 120, 274, 275, 280, 281, 284, 285, 286, 287, 154, 155, 106, 148, 295, 126, 292, 293, 294, 115, 149, 127, 246, 312, 313, 316, 317, 318, 319, 324, 325, 326, 327, 247, 233, 232, 235]
  列生成求解结果: 目标值=12.0000， 下界=7.0000， 上界=11.0000

处理节点 234
  开始列生成求解...
Set parameter LogToConsole to value 0
Set parameter Threads to value 1
Set parameter Seed to value 0
  定价策略: Exact, node=234, vertices=16
Set parameter PoolSearchMode to value 2
Set parameter PoolSolutions to value 10
[CG 1] RMP=12.000000, pricing=ExactPricingSolver, new_columns=10
[CG 2] RMP=7.000000, pricing=ExactPricingSolver, new_columns=0
  搜索路径: [1, 2, 3, 6, 7, 8, 11, 9, 14, 10, 15, 19, 23, 24, 25, 27, 26, 34, 35, 31, 33, 22, 40, 41, 43, 42, 30, 16, 54, 32, 57, 55, 59, 61, 17, 56, 68, 69, 58, 74, 75, 60, 18, 21, 80, 81, 20, 62, 63, 49, 48, 88, 89, 92, 93, 96, 97, 100, 101, 90, 91, 102, 103, 65, 64, 38, 39, 50, 51, 118, 124, 125, 119, 128, 129, 130, 131, 132, 133, 77, 66, 123, 76, 143, 140, 141, 142, 152, 153, 67, 116, 156, 157, 160, 161, 162, 122, 117, 170, 171, 172, 173, 176, 177, 180, 181, 112, 113, 174, 175, 186, 187, 188, 189, 163, 84, 85, 200, 204, 205, 201, 203, 202, 208, 209, 210, 211, 218, 219, 213, 212, 215, 223, 224, 230, 231, 225, 228, 229, 214, 236, 237, 220, 221, 222, 240, 241, 244, 245, 242, 243, 135, 134, 146, 159, 151, 158, 147, 150, 258, 259, 239, 238, 216, 217, 121, 120, 274, 275, 280, 281, 284, 285, 286, 287, 154, 155, 106, 148, 295, 126, 292, 293, 294, 115, 149, 127, 246, 312, 313, 316, 317, 318, 319, 324, 325, 326, 327, 247, 233, 232, 235, 234]
  列生成求解结果: 目标值=7.0000， 下界=7.0000， 上界=11.0000
    非整数变量: COL_1-18-23-7-9_41 = 0.281250
  解不是整数，开始分支...
ImposedVertex(vertex=21)
ForbidVertex(vertex=21)
  创建了 2 个分支
    添加分支节点 1: ID=340
    添加分支节点 2: ID=341

处理节点 167
  开始列生成求解...
Set parameter LogToConsole to value 0
Set parameter Threads to value 1
Set parameter Seed to value 0
  定价策略: Exact, node=167, vertices=16
Set parameter PoolSearchMode to value 2
Set parameter PoolSolutions to value 10
[CG 1] RMP=7.000000, pricing=ExactPricingSolver, new_columns=0
  搜索路径: [1, 2, 3, 6, 7, 8, 11, 9, 14, 10, 15, 19, 23, 24, 25, 27, 26, 34, 35, 31, 33, 22, 40, 41, 43, 42, 30, 16, 54, 32, 57, 55, 59, 61, 17, 56, 68, 69, 58, 74, 75, 60, 18, 21, 80, 81, 20, 62, 63, 49, 48, 88, 89, 92, 93, 96, 97, 100, 101, 90, 91, 102, 103, 65, 64, 38, 39, 50, 51, 118, 124, 125, 119, 128, 129, 130, 131, 132, 133, 77, 66, 123, 76, 143, 140, 141, 142, 152, 153, 67, 116, 156, 157, 160, 161, 162, 122, 117, 170, 171, 172, 173, 176, 177, 180, 181, 112, 113, 174, 175, 186, 187, 188, 189, 163, 84, 85, 200, 204, 205, 201, 203, 202, 208, 209, 210, 211, 218, 219, 213, 212, 215, 223, 224, 230, 231, 225, 228, 229, 214, 236, 237, 220, 221, 222, 240, 241, 244, 245, 242, 243, 135, 134, 146, 159, 151, 158, 147, 150, 258, 259, 239, 238, 216, 217, 121, 120, 274, 275, 280, 281, 284, 285, 286, 287, 154, 155, 106, 148, 295, 126, 292, 293, 294, 115, 149, 127, 246, 312, 313, 316, 317, 318, 319, 324, 325, 326, 327, 247, 233, 232, 235, 234, 167]
  列生成求解结果: 目标值=7.0000， 下界=7.0000， 上界=11.0000
    非整数变量: COL_0-13-7-9_298 = 0.875000
  解不是整数，开始分支...
ImposedVertex(vertex=5)
ForbidVertex(vertex=5)
  创建了 2 个分支
    添加分支节点 1: ID=342
    添加分支节点 2: ID=343

处理节点 107
  开始列生成求解...
Set parameter LogToConsole to value 0
Set parameter Threads to value 1
Set parameter Seed to value 0
  定价策略: Exact, node=107, vertices=18
Set parameter PoolSearchMode to value 2
Set parameter PoolSolutions to value 10
[CG 1] RMP=7.000000, pricing=ExactPricingSolver, new_columns=0
  搜索路径: [1, 2, 3, 6, 7, 8, 11, 9, 14, 10, 15, 19, 23, 24, 25, 27, 26, 34, 35, 31, 33, 22, 40, 41, 43, 42, 30, 16, 54, 32, 57, 55, 59, 61, 17, 56, 68, 69, 58, 74, 75, 60, 18, 21, 80, 81, 20, 62, 63, 49, 48, 88, 89, 92, 93, 96, 97, 100, 101, 90, 91, 102, 103, 65, 64, 38, 39, 50, 51, 118, 124, 125, 119, 128, 129, 130, 131, 132, 133, 77, 66, 123, 76, 143, 140, 141, 142, 152, 153, 67, 116, 156, 157, 160, 161, 162, 122, 117, 170, 171, 172, 173, 176, 177, 180, 181, 112, 113, 174, 175, 186, 187, 188, 189, 163, 84, 85, 200, 204, 205, 201, 203, 202, 208, 209, 210, 211, 218, 219, 213, 212, 215, 223, 224, 230, 231, 225, 228, 229, 214, 236, 237, 220, 221, 222, 240, 241, 244, 245, 242, 243, 135, 134, 146, 159, 151, 158, 147, 150, 258, 259, 239, 238, 216, 217, 121, 120, 274, 275, 280, 281, 284, 285, 286, 287, 154, 155, 106, 148, 295, 126, 292, 293, 294, 115, 149, 127, 246, 312, 313, 316, 317, 318, 319, 324, 325, 326, 327, 247, 233, 232, 235, 234, 167, 107]
  列生成求解结果: 目标值=7.0000， 下界=7.0000， 上界=11.0000
    非整数变量: COL_16-18-28-4-9_118 = 0.416667
  解不是整数，开始分支...
ImposedVertex(vertex=28)
ForbidVertex(vertex=28)
  创建了 2 个分支
    添加分支节点 1: ID=344
    添加分支节点 2: ID=345

处理节点 114
  开始列生成求解...
Set parameter LogToConsole to value 0
Set parameter Threads to value 1
Set parameter Seed to value 0
  定价策略: Exact, node=114, vertices=19
Set parameter PoolSearchMode to value 2
Set parameter PoolSolutions to value 10
[CG 1] RMP=8.000000, pricing=ExactPricingSolver, new_columns=0
  搜索路径: [1, 2, 3, 6, 7, 8, 11, 9, 14, 10, 15, 19, 23, 24, 25, 27, 26, 34, 35, 31, 33, 22, 40, 41, 43, 42, 30, 16, 54, 32, 57, 55, 59, 61, 17, 56, 68, 69, 58, 74, 75, 60, 18, 21, 80, 81, 20, 62, 63, 49, 48, 88, 89, 92, 93, 96, 97, 100, 101, 90, 91, 102, 103, 65, 64, 38, 39, 50, 51, 118, 124, 125, 119, 128, 129, 130, 131, 132, 133, 77, 66, 123, 76, 143, 140, 141, 142, 152, 153, 67, 116, 156, 157, 160, 161, 162, 122, 117, 170, 171, 172, 173, 176, 177, 180, 181, 112, 113, 174, 175, 186, 187, 188, 189, 163, 84, 85, 200, 204, 205, 201, 203, 202, 208, 209, 210, 211, 218, 219, 213, 212, 215, 223, 224, 230, 231, 225, 228, 229, 214, 236, 237, 220, 221, 222, 240, 241, 244, 245, 242, 243, 135, 134, 146, 159, 151, 158, 147, 150, 258, 259, 239, 238, 216, 217, 121, 120, 274, 275, 280, 281, 284, 285, 286, 287, 154, 155, 106, 148, 295, 126, 292, 293, 294, 115, 149, 127, 246, 312, 313, 316, 317, 318, 319, 324, 325, 326, 327, 247, 233, 232, 235, 234, 167, 107, 114]
  列生成求解结果: 目标值=8.0000， 下界=7.0000， 上界=11.0000
    非整数变量: COL_23_5 = 0.357143
  解不是整数，开始分支...
ImposedVertex(vertex=26)
ForbidVertex(vertex=26)
  创建了 2 个分支
    添加分支节点 1: ID=346
    添加分支节点 2: ID=347

处理节点 206
  开始列生成求解...
Set parameter LogToConsole to value 0
Set parameter Threads to value 1
Set parameter Seed to value 0
  定价策略: Exact, node=206, vertices=17
Set parameter PoolSearchMode to value 2
Set parameter PoolSolutions to value 10
[CG 1] RMP=22.000000, pricing=ExactPricingSolver, new_columns=10
[CG 2] RMP=11.000000, pricing=ExactPricingSolver, new_columns=10
[CG 3] RMP=7.333333, pricing=ExactPricingSolver, new_columns=10
[CG 4] RMP=7.000000, pricing=ExactPricingSolver, new_columns=0
  搜索路径: [1, 2, 3, 6, 7, 8, 11, 9, 14, 10, 15, 19, 23, 24, 25, 27, 26, 34, 35, 31, 33, 22, 40, 41, 43, 42, 30, 16, 54, 32, 57, 55, 59, 61, 17, 56, 68, 69, 58, 74, 75, 60, 18, 21, 80, 81, 20, 62, 63, 49, 48, 88, 89, 92, 93, 96, 97, 100, 101, 90, 91, 102, 103, 65, 64, 38, 39, 50, 51, 118, 124, 125, 119, 128, 129, 130, 131, 132, 133, 77, 66, 123, 76, 143, 140, 141, 142, 152, 153, 67, 116, 156, 157, 160, 161, 162, 122, 117, 170, 171, 172, 173, 176, 177, 180, 181, 112, 113, 174, 175, 186, 187, 188, 189, 163, 84, 85, 200, 204, 205, 201, 203, 202, 208, 209, 210, 211, 218, 219, 213, 212, 215, 223, 224, 230, 231, 225, 228, 229, 214, 236, 237, 220, 221, 222, 240, 241, 244, 245, 242, 243, 135, 134, 146, 159, 151, 158, 147, 150, 258, 259, 239, 238, 216, 217, 121, 120, 274, 275, 280, 281, 284, 285, 286, 287, 154, 155, 106, 148, 295, 126, 292, 293, 294, 115, 149, 127, 246, 312, 313, 316, 317, 318, 319, 324, 325, 326, 327, 247, 233, 232, 235, 234, 167, 107, 114, 206]
  列生成求解结果: 目标值=7.0000， 下界=7.0000， 上界=11.0000
    非整数变量: COL_1-18-23-7-9_41 = 0.395833
  解不是整数，开始分支...
ImposedVertex(vertex=23)
ForbidVertex(vertex=23)
  创建了 2 个分支
    添加分支节点 1: ID=348
    添加分支节点 2: ID=349

处理节点 343
  开始列生成求解...
Set parameter LogToConsole to value 0
Set parameter Threads to value 1
Set parameter Seed to value 0
  定价策略: Exact, node=343, vertices=15
Set parameter PoolSearchMode to value 2
Set parameter PoolSolutions to value 10
[CG 1] RMP=12.000000, pricing=ExactPricingSolver, new_columns=10
[CG 2] RMP=7.000000, pricing=ExactPricingSolver, new_columns=0
  搜索路径: [1, 2, 3, 6, 7, 8, 11, 9, 14, 10, 15, 19, 23, 24, 25, 27, 26, 34, 35, 31, 33, 22, 40, 41, 43, 42, 30, 16, 54, 32, 57, 55, 59, 61, 17, 56, 68, 69, 58, 74, 75, 60, 18, 21, 80, 81, 20, 62, 63, 49, 48, 88, 89, 92, 93, 96, 97, 100, 101, 90, 91, 102, 103, 65, 64, 38, 39, 50, 51, 118, 124, 125, 119, 128, 129, 130, 131, 132, 133, 77, 66, 123, 76, 143, 140, 141, 142, 152, 153, 67, 116, 156, 157, 160, 161, 162, 122, 117, 170, 171, 172, 173, 176, 177, 180, 181, 112, 113, 174, 175, 186, 187, 188, 189, 163, 84, 85, 200, 204, 205, 201, 203, 202, 208, 209, 210, 211, 218, 219, 213, 212, 215, 223, 224, 230, 231, 225, 228, 229, 214, 236, 237, 220, 221, 222, 240, 241, 244, 245, 242, 243, 135, 134, 146, 159, 151, 158, 147, 150, 258, 259, 239, 238, 216, 217, 121, 120, 274, 275, 280, 281, 284, 285, 286, 287, 154, 155, 106, 148, 295, 126, 292, 293, 294, 115, 149, 127, 246, 312, 313, 316, 317, 318, 319, 324, 325, 326, 327, 247, 233, 232, 235, 234, 167, 107, 114, 206, 343]
  列生成求解结果: 目标值=7.0000， 下界=7.0000， 上界=11.0000
    非整数变量: COL_0-13-18-7-9_304 = 0.437500
  解不是整数，开始分支...
ImposedVertex(vertex=20)
ForbidVertex(vertex=20)
  创建了 2 个分支
    添加分支节点 1: ID=350
    添加分支节点 2: ID=351

处理节点 194
  开始列生成求解...
Set parameter LogToConsole to value 0
Set parameter Threads to value 1
Set parameter Seed to value 0
  定价策略: Exact, node=194, vertices=15
Set parameter PoolSearchMode to value 2
Set parameter PoolSolutions to value 10
[CG 1] RMP=9.000000, pricing=ExactPricingSolver, new_columns=0
  搜索路径: [1, 2, 3, 6, 7, 8, 11, 9, 14, 10, 15, 19, 23, 24, 25, 27, 26, 34, 35, 31, 33, 22, 40, 41, 43, 42, 30, 16, 54, 32, 57, 55, 59, 61, 17, 56, 68, 69, 58, 74, 75, 60, 18, 21, 80, 81, 20, 62, 63, 49, 48, 88, 89, 92, 93, 96, 97, 100, 101, 90, 91, 102, 103, 65, 64, 38, 39, 50, 51, 118, 124, 125, 119, 128, 129, 130, 131, 132, 133, 77, 66, 123, 76, 143, 140, 141, 142, 152, 153, 67, 116, 156, 157, 160, 161, 162, 122, 117, 170, 171, 172, 173, 176, 177, 180, 181, 112, 113, 174, 175, 186, 187, 188, 189, 163, 84, 85, 200, 204, 205, 201, 203, 202, 208, 209, 210, 211, 218, 219, 213, 212, 215, 223, 224, 230, 231, 225, 228, 229, 214, 236, 237, 220, 221, 222, 240, 241, 244, 245, 242, 243, 135, 134, 146, 159, 151, 158, 147, 150, 258, 259, 239, 238, 216, 217, 121, 120, 274, 275, 280, 281, 284, 285, 286, 287, 154, 155, 106, 148, 295, 126, 292, 293, 294, 115, 149, 127, 246, 312, 313, 316, 317, 318, 319, 324, 325, 326, 327, 247, 233, 232, 235, 234, 167, 107, 114, 206, 343, 194]
  列生成求解结果: 目标值=9.0000， 下界=7.0000， 上界=11.0000
    非整数变量: COL_1-18-20-26-5_51 = 0.512500
  解不是整数，开始分支...
ImposedVertex(vertex=5)
ForbidVertex(vertex=5)
  创建了 2 个分支
    添加分支节点 1: ID=352
    添加分支节点 2: ID=353

处理节点 195
  开始列生成求解...
Set parameter LogToConsole to value 0
Set parameter Threads to value 1
Set parameter Seed to value 0
  定价策略: Exact, node=195, vertices=15
Set parameter PoolSearchMode to value 2
Set parameter PoolSolutions to value 10
[CG 1] RMP=7.058824, pricing=ExactPricingSolver, new_columns=10
[CG 2] RMP=7.000000, pricing=ExactPricingSolver, new_columns=10
[CG 3] RMP=7.000000, pricing=ExactPricingSolver, new_columns=0
  搜索路径: [1, 2, 3, 6, 7, 8, 11, 9, 14, 10, 15, 19, 23, 24, 25, 27, 26, 34, 35, 31, 33, 22, 40, 41, 43, 42, 30, 16, 54, 32, 57, 55, 59, 61, 17, 56, 68, 69, 58, 74, 75, 60, 18, 21, 80, 81, 20, 62, 63, 49, 48, 88, 89, 92, 93, 96, 97, 100, 101, 90, 91, 102, 103, 65, 64, 38, 39, 50, 51, 118, 124, 125, 119, 128, 129, 130, 131, 132, 133, 77, 66, 123, 76, 143, 140, 141, 142, 152, 153, 67, 116, 156, 157, 160, 161, 162, 122, 117, 170, 171, 172, 173, 176, 177, 180, 181, 112, 113, 174, 175, 186, 187, 188, 189, 163, 84, 85, 200, 204, 205, 201, 203, 202, 208, 209, 210, 211, 218, 219, 213, 212, 215, 223, 224, 230, 231, 225, 228, 229, 214, 236, 237, 220, 221, 222, 240, 241, 244, 245, 242, 243, 135, 134, 146, 159, 151, 158, 147, 150, 258, 259, 239, 238, 216, 217, 121, 120, 274, 275, 280, 281, 284, 285, 286, 287, 154, 155, 106, 148, 295, 126, 292, 293, 294, 115, 149, 127, 246, 312, 313, 316, 317, 318, 319, 324, 325, 326, 327, 247, 233, 232, 235, 234, 167, 107, 114, 206, 343, 194, 195]
  列生成求解结果: 目标值=7.0000， 下界=7.0000， 上界=11.0000
    非整数变量: COL_1-17-20-25-28_809 = 0.300000
  解不是整数，开始分支...
ImposedVertex(vertex=20)
ForbidVertex(vertex=20)
  创建了 2 个分支
    添加分支节点 1: ID=354
    添加分支节点 2: ID=355
  进度: 已处理 210 个节点, 剩余 139 个, 当前最优 11.0000, 当前列数: 1678

处理节点 207
  开始列生成求解...
Set parameter LogToConsole to value 0
Set parameter Threads to value 1
Set parameter Seed to value 0
  定价策略: Exact, node=207, vertices=17
Set parameter PoolSearchMode to value 2
Set parameter PoolSolutions to value 10
[CG 1] RMP=11.000000, pricing=ExactPricingSolver, new_columns=0
  搜索路径: [1, 2, 3, 6, 7, 8, 11, 9, 14, 10, 15, 19, 23, 24, 25, 27, 26, 34, 35, 31, 33, 22, 40, 41, 43, 42, 30, 16, 54, 32, 57, 55, 59, 61, 17, 56, 68, 69, 58, 74, 75, 60, 18, 21, 80, 81, 20, 62, 63, 49, 48, 88, 89, 92, 93, 96, 97, 100, 101, 90, 91, 102, 103, 65, 64, 38, 39, 50, 51, 118, 124, 125, 119, 128, 129, 130, 131, 132, 133, 77, 66, 123, 76, 143, 140, 141, 142, 152, 153, 67, 116, 156, 157, 160, 161, 162, 122, 117, 170, 171, 172, 173, 176, 177, 180, 181, 112, 113, 174, 175, 186, 187, 188, 189, 163, 84, 85, 200, 204, 205, 201, 203, 202, 208, 209, 210, 211, 218, 219, 213, 212, 215, 223, 224, 230, 231, 225, 228, 229, 214, 236, 237, 220, 221, 222, 240, 241, 244, 245, 242, 243, 135, 134, 146, 159, 151, 158, 147, 150, 258, 259, 239, 238, 216, 217, 121, 120, 274, 275, 280, 281, 284, 285, 286, 287, 154, 155, 106, 148, 295, 126, 292, 293, 294, 115, 149, 127, 246, 312, 313, 316, 317, 318, 319, 324, 325, 326, 327, 247, 233, 232, 235, 234, 167, 107, 114, 206, 343, 194, 195, 207]
  列生成求解结果: 目标值=11.0000， 下界=7.0000， 上界=11.0000

处理节点 179
  开始列生成求解...
Set parameter LogToConsole to value 0
Set parameter Threads to value 1
Set parameter Seed to value 0
  定价策略: Exact, node=179, vertices=14
Set parameter PoolSearchMode to value 2
Set parameter PoolSolutions to value 10
[CG 1] RMP=7.000000, pricing=ExactPricingSolver, new_columns=0
  搜索路径: [1, 2, 3, 6, 7, 8, 11, 9, 14, 10, 15, 19, 23, 24, 25, 27, 26, 34, 35, 31, 33, 22, 40, 41, 43, 42, 30, 16, 54, 32, 57, 55, 59, 61, 17, 56, 68, 69, 58, 74, 75, 60, 18, 21, 80, 81, 20, 62, 63, 49, 48, 88, 89, 92, 93, 96, 97, 100, 101, 90, 91, 102, 103, 65, 64, 38, 39, 50, 51, 118, 124, 125, 119, 128, 129, 130, 131, 132, 133, 77, 66, 123, 76, 143, 140, 141, 142, 152, 153, 67, 116, 156, 157, 160, 161, 162, 122, 117, 170, 171, 172, 173, 176, 177, 180, 181, 112, 113, 174, 175, 186, 187, 188, 189, 163, 84, 85, 200, 204, 205, 201, 203, 202, 208, 209, 210, 211, 218, 219, 213, 212, 215, 223, 224, 230, 231, 225, 228, 229, 214, 236, 237, 220, 221, 222, 240, 241, 244, 245, 242, 243, 135, 134, 146, 159, 151, 158, 147, 150, 258, 259, 239, 238, 216, 217, 121, 120, 274, 275, 280, 281, 284, 285, 286, 287, 154, 155, 106, 148, 295, 126, 292, 293, 294, 115, 149, 127, 246, 312, 313, 316, 317, 318, 319, 324, 325, 326, 327, 247, 233, 232, 235, 234, 167, 107, 114, 206, 343, 194, 195, 207, 179]
  列生成求解结果: 目标值=7.0000， 下界=7.0000， 上界=11.0000
    非整数变量: COL_1-11-18-23-7-9_42 = 0.650000
  解不是整数，开始分支...
ImposedVertex(vertex=7)
ForbidVertex(vertex=7)
  创建了 2 个分支
    添加分支节点 1: ID=356
    添加分支节点 2: ID=357

处理节点 356
  开始列生成求解...
Set parameter LogToConsole to value 0
Set parameter Threads to value 1
Set parameter Seed to value 0
  定价策略: Exact, node=356, vertices=13
Set parameter PoolSearchMode to value 2
Set parameter PoolSolutions to value 10
[CG 1] RMP=10.000000, pricing=ExactPricingSolver, new_columns=10
[CG 2] RMP=7.000000, pricing=ExactPricingSolver, new_columns=0
  搜索路径: [1, 2, 3, 6, 7, 8, 11, 9, 14, 10, 15, 19, 23, 24, 25, 27, 26, 34, 35, 31, 33, 22, 40, 41, 43, 42, 30, 16, 54, 32, 57, 55, 59, 61, 17, 56, 68, 69, 58, 74, 75, 60, 18, 21, 80, 81, 20, 62, 63, 49, 48, 88, 89, 92, 93, 96, 97, 100, 101, 90, 91, 102, 103, 65, 64, 38, 39, 50, 51, 118, 124, 125, 119, 128, 129, 130, 131, 132, 133, 77, 66, 123, 76, 143, 140, 141, 142, 152, 153, 67, 116, 156, 157, 160, 161, 162, 122, 117, 170, 171, 172, 173, 176, 177, 180, 181, 112, 113, 174, 175, 186, 187, 188, 189, 163, 84, 85, 200, 204, 205, 201, 203, 202, 208, 209, 210, 211, 218, 219, 213, 212, 215, 223, 224, 230, 231, 225, 228, 229, 214, 236, 237, 220, 221, 222, 240, 241, 244, 245, 242, 243, 135, 134, 146, 159, 151, 158, 147, 150, 258, 259, 239, 238, 216, 217, 121, 120, 274, 275, 280, 281, 284, 285, 286, 287, 154, 155, 106, 148, 295, 126, 292, 293, 294, 115, 149, 127, 246, 312, 313, 316, 317, 318, 319, 324, 325, 326, 327, 247, 233, 232, 235, 234, 167, 107, 114, 206, 343, 194, 195, 207, 179, 356]
  列生成求解结果: 目标值=7.0000， 下界=7.0000， 上界=11.0000
    非整数变量: COL_18-23-9_35 = 0.025000
  解不是整数，开始分支...
ImposedVertex(vertex=20)
ForbidVertex(vertex=20)
  创建了 2 个分支
    添加分支节点 1: ID=358
    添加分支节点 2: ID=359

处理节点 358
  开始列生成求解...
Set parameter LogToConsole to value 0
Set parameter Threads to value 1
Set parameter Seed to value 0
  定价策略: Exact, node=358, vertices=12
Set parameter PoolSearchMode to value 2
Set parameter PoolSolutions to value 10
[CG 1] RMP=8.000000, pricing=ExactPricingSolver, new_columns=0
  搜索路径: [1, 2, 3, 6, 7, 8, 11, 9, 14, 10, 15, 19, 23, 24, 25, 27, 26, 34, 35, 31, 33, 22, 40, 41, 43, 42, 30, 16, 54, 32, 57, 55, 59, 61, 17, 56, 68, 69, 58, 74, 75, 60, 18, 21, 80, 81, 20, 62, 63, 49, 48, 88, 89, 92, 93, 96, 97, 100, 101, 90, 91, 102, 103, 65, 64, 38, 39, 50, 51, 118, 124, 125, 119, 128, 129, 130, 131, 132, 133, 77, 66, 123, 76, 143, 140, 141, 142, 152, 153, 67, 116, 156, 157, 160, 161, 162, 122, 117, 170, 171, 172, 173, 176, 177, 180, 181, 112, 113, 174, 175, 186, 187, 188, 189, 163, 84, 85, 200, 204, 205, 201, 203, 202, 208, 209, 210, 211, 218, 219, 213, 212, 215, 223, 224, 230, 231, 225, 228, 229, 214, 236, 237, 220, 221, 222, 240, 241, 244, 245, 242, 243, 135, 134, 146, 159, 151, 158, 147, 150, 258, 259, 239, 238, 216, 217, 121, 120, 274, 275, 280, 281, 284, 285, 286, 287, 154, 155, 106, 148, 295, 126, 292, 293, 294, 115, 149, 127, 246, 312, 313, 316, 317, 318, 319, 324, 325, 326, 327, 247, 233, 232, 235, 234, 167, 107, 114, 206, 343, 194, 195, 207, 179, 356, 358]
  列生成求解结果: 目标值=8.0000， 下界=7.0000， 上界=11.0000
    非整数变量: COL_1-11-18-23-7-9_42 = 0.600000
  解不是整数，开始分支...
ImposedVertex(vertex=26)
ForbidVertex(vertex=26)
  创建了 2 个分支
    添加分支节点 1: ID=360
    添加分支节点 2: ID=361

处理节点 359
  开始列生成求解...
Set parameter LogToConsole to value 0
Set parameter Threads to value 1
Set parameter Seed to value 0
  定价策略: Exact, node=359, vertices=12
Set parameter PoolSearchMode to value 2
Set parameter PoolSolutions to value 10
[CG 1] RMP=12.000000, pricing=ExactPricingSolver, new_columns=10
[CG 2] RMP=9.000000, pricing=ExactPricingSolver, new_columns=0
  搜索路径: [1, 2, 3, 6, 7, 8, 11, 9, 14, 10, 15, 19, 23, 24, 25, 27, 26, 34, 35, 31, 33, 22, 40, 41, 43, 42, 30, 16, 54, 32, 57, 55, 59, 61, 17, 56, 68, 69, 58, 74, 75, 60, 18, 21, 80, 81, 20, 62, 63, 49, 48, 88, 89, 92, 93, 96, 97, 100, 101, 90, 91, 102, 103, 65, 64, 38, 39, 50, 51, 118, 124, 125, 119, 128, 129, 130, 131, 132, 133, 77, 66, 123, 76, 143, 140, 141, 142, 152, 153, 67, 116, 156, 157, 160, 161, 162, 122, 117, 170, 171, 172, 173, 176, 177, 180, 181, 112, 113, 174, 175, 186, 187, 188, 189, 163, 84, 85, 200, 204, 205, 201, 203, 202, 208, 209, 210, 211, 218, 219, 213, 212, 215, 223, 224, 230, 231, 225, 228, 229, 214, 236, 237, 220, 221, 222, 240, 241, 244, 245, 242, 243, 135, 134, 146, 159, 151, 158, 147, 150, 258, 259, 239, 238, 216, 217, 121, 120, 274, 275, 280, 281, 284, 285, 286, 287, 154, 155, 106, 148, 295, 126, 292, 293, 294, 115, 149, 127, 246, 312, 313, 316, 317, 318, 319, 324, 325, 326, 327, 247, 233, 232, 235, 234, 167, 107, 114, 206, 343, 194, 195, 207, 179, 356, 358, 359]
  列生成求解结果: 目标值=9.0000， 下界=7.0000， 上界=11.0000
    非整数变量: COL_18-23-9_35 = 0.285714
  解不是整数，开始分支...
ImposedVertex(vertex=26)
ForbidVertex(vertex=26)
  创建了 2 个分支
    添加分支节点 1: ID=362
    添加分支节点 2: ID=363

处理节点 357
  开始列生成求解...
Set parameter LogToConsole to value 0
Set parameter Threads to value 1
Set parameter Seed to value 0
  定价策略: Exact, node=357, vertices=13
Set parameter PoolSearchMode to value 2
Set parameter PoolSolutions to value 10
[CG 1] RMP=20.000000, pricing=ExactPricingSolver, new_columns=10
[CG 2] RMP=12.000000, pricing=ExactPricingSolver, new_columns=0
  搜索路径: [1, 2, 3, 6, 7, 8, 11, 9, 14, 10, 15, 19, 23, 24, 25, 27, 26, 34, 35, 31, 33, 22, 40, 41, 43, 42, 30, 16, 54, 32, 57, 55, 59, 61, 17, 56, 68, 69, 58, 74, 75, 60, 18, 21, 80, 81, 20, 62, 63, 49, 48, 88, 89, 92, 93, 96, 97, 100, 101, 90, 91, 102, 103, 65, 64, 38, 39, 50, 51, 118, 124, 125, 119, 128, 129, 130, 131, 132, 133, 77, 66, 123, 76, 143, 140, 141, 142, 152, 153, 67, 116, 156, 157, 160, 161, 162, 122, 117, 170, 171, 172, 173, 176, 177, 180, 181, 112, 113, 174, 175, 186, 187, 188, 189, 163, 84, 85, 200, 204, 205, 201, 203, 202, 208, 209, 210, 211, 218, 219, 213, 212, 215, 223, 224, 230, 231, 225, 228, 229, 214, 236, 237, 220, 221, 222, 240, 241, 244, 245, 242, 243, 135, 134, 146, 159, 151, 158, 147, 150, 258, 259, 239, 238, 216, 217, 121, 120, 274, 275, 280, 281, 284, 285, 286, 287, 154, 155, 106, 148, 295, 126, 292, 293, 294, 115, 149, 127, 246, 312, 313, 316, 317, 318, 319, 324, 325, 326, 327, 247, 233, 232, 235, 234, 167, 107, 114, 206, 343, 194, 195, 207, 179, 356, 358, 359, 357]
  列生成求解结果: 目标值=12.0000， 下界=7.0000， 上界=11.0000

处理节点 94
  开始列生成求解...
Set parameter LogToConsole to value 0
Set parameter Threads to value 1
Set parameter Seed to value 0
  定价策略: Exact, node=94, vertices=16
Set parameter PoolSearchMode to value 2
Set parameter PoolSolutions to value 10
[CG 1] RMP=8.000000, pricing=ExactPricingSolver, new_columns=10
[CG 2] RMP=7.000000, pricing=ExactPricingSolver, new_columns=0
  搜索路径: [1, 2, 3, 6, 7, 8, 11, 9, 14, 10, 15, 19, 23, 24, 25, 27, 26, 34, 35, 31, 33, 22, 40, 41, 43, 42, 30, 16, 54, 32, 57, 55, 59, 61, 17, 56, 68, 69, 58, 74, 75, 60, 18, 21, 80, 81, 20, 62, 63, 49, 48, 88, 89, 92, 93, 96, 97, 100, 101, 90, 91, 102, 103, 65, 64, 38, 39, 50, 51, 118, 124, 125, 119, 128, 129, 130, 131, 132, 133, 77, 66, 123, 76, 143, 140, 141, 142, 152, 153, 67, 116, 156, 157, 160, 161, 162, 122, 117, 170, 171, 172, 173, 176, 177, 180, 181, 112, 113, 174, 175, 186, 187, 188, 189, 163, 84, 85, 200, 204, 205, 201, 203, 202, 208, 209, 210, 211, 218, 219, 213, 212, 215, 223, 224, 230, 231, 225, 228, 229, 214, 236, 237, 220, 221, 222, 240, 241, 244, 245, 242, 243, 135, 134, 146, 159, 151, 158, 147, 150, 258, 259, 239, 238, 216, 217, 121, 120, 274, 275, 280, 281, 284, 285, 286, 287, 154, 155, 106, 148, 295, 126, 292, 293, 294, 115, 149, 127, 246, 312, 313, 316, 317, 318, 319, 324, 325, 326, 327, 247, 233, 232, 235, 234, 167, 107, 114, 206, 343, 194, 195, 207, 179, 356, 358, 359, 357, 94]
  列生成求解结果: 目标值=7.0000， 下界=7.0000， 上界=11.0000
    非整数变量: COL_14-21-23-28-7-9_365 = 0.583333
  解不是整数，开始分支...
ImposedVertex(vertex=4)
ForbidVertex(vertex=4)
  创建了 2 个分支
    添加分支节点 1: ID=364
    添加分支节点 2: ID=365

处理节点 178
  开始列生成求解...
Set parameter LogToConsole to value 0
Set parameter Threads to value 1
Set parameter Seed to value 0
  定价策略: Exact, node=178, vertices=13
Set parameter PoolSearchMode to value 2
Set parameter PoolSolutions to value 10
[CG 1] RMP=7.000000, pricing=ExactPricingSolver, new_columns=0
  搜索路径: [1, 2, 3, 6, 7, 8, 11, 9, 14, 10, 15, 19, 23, 24, 25, 27, 26, 34, 35, 31, 33, 22, 40, 41, 43, 42, 30, 16, 54, 32, 57, 55, 59, 61, 17, 56, 68, 69, 58, 74, 75, 60, 18, 21, 80, 81, 20, 62, 63, 49, 48, 88, 89, 92, 93, 96, 97, 100, 101, 90, 91, 102, 103, 65, 64, 38, 39, 50, 51, 118, 124, 125, 119, 128, 129, 130, 131, 132, 133, 77, 66, 123, 76, 143, 140, 141, 142, 152, 153, 67, 116, 156, 157, 160, 161, 162, 122, 117, 170, 171, 172, 173, 176, 177, 180, 181, 112, 113, 174, 175, 186, 187, 188, 189, 163, 84, 85, 200, 204, 205, 201, 203, 202, 208, 209, 210, 211, 218, 219, 213, 212, 215, 223, 224, 230, 231, 225, 228, 229, 214, 236, 237, 220, 221, 222, 240, 241, 244, 245, 242, 243, 135, 134, 146, 159, 151, 158, 147, 150, 258, 259, 239, 238, 216, 217, 121, 120, 274, 275, 280, 281, 284, 285, 286, 287, 154, 155, 106, 148, 295, 126, 292, 293, 294, 115, 149, 127, 246, 312, 313, 316, 317, 318, 319, 324, 325, 326, 327, 247, 233, 232, 235, 234, 167, 107, 114, 206, 343, 194, 195, 207, 179, 356, 358, 359, 357, 94, 178]
  列生成求解结果: 目标值=7.0000， 下界=7.0000， 上界=11.0000
    非整数变量: COL_1-11-18-23-7-9_42 = 0.500000
  解不是整数，开始分支...
ImposedVertex(vertex=20)
ForbidVertex(vertex=20)
  创建了 2 个分支
    添加分支节点 1: ID=366
    添加分支节点 2: ID=367

处理节点 349
  开始列生成求解...
Set parameter LogToConsole to value 0
Set parameter Threads to value 1
Set parameter Seed to value 0
  定价策略: Exact, node=349, vertices=16
Set parameter PoolSearchMode to value 2
Set parameter PoolSolutions to value 10
[CG 1] RMP=11.000000, pricing=ExactPricingSolver, new_columns=10
[CG 2] RMP=9.000000, pricing=ExactPricingSolver, new_columns=0
  搜索路径: [1, 2, 3, 6, 7, 8, 11, 9, 14, 10, 15, 19, 23, 24, 25, 27, 26, 34, 35, 31, 33, 22, 40, 41, 43, 42, 30, 16, 54, 32, 57, 55, 59, 61, 17, 56, 68, 69, 58, 74, 75, 60, 18, 21, 80, 81, 20, 62, 63, 49, 48, 88, 89, 92, 93, 96, 97, 100, 101, 90, 91, 102, 103, 65, 64, 38, 39, 50, 51, 118, 124, 125, 119, 128, 129, 130, 131, 132, 133, 77, 66, 123, 76, 143, 140, 141, 142, 152, 153, 67, 116, 156, 157, 160, 161, 162, 122, 117, 170, 171, 172, 173, 176, 177, 180, 181, 112, 113, 174, 175, 186, 187, 188, 189, 163, 84, 85, 200, 204, 205, 201, 203, 202, 208, 209, 210, 211, 218, 219, 213, 212, 215, 223, 224, 230, 231, 225, 228, 229, 214, 236, 237, 220, 221, 222, 240, 241, 244, 245, 242, 243, 135, 134, 146, 159, 151, 158, 147, 150, 258, 259, 239, 238, 216, 217, 121, 120, 274, 275, 280, 281, 284, 285, 286, 287, 154, 155, 106, 148, 295, 126, 292, 293, 294, 115, 149, 127, 246, 312, 313, 316, 317, 318, 319, 324, 325, 326, 327, 247, 233, 232, 235, 234, 167, 107, 114, 206, 343, 194, 195, 207, 179, 356, 358, 359, 357, 94, 178, 349]
  列生成求解结果: 目标值=9.0000， 下界=7.0000， 上界=11.0000
    非整数变量: COL_1-16-18-20-24-27-6-7_967 = 0.818182
  解不是整数，开始分支...
ImposedVertex(vertex=6)
ForbidVertex(vertex=6)
  创建了 2 个分支
    添加分支节点 1: ID=368
    添加分支节点 2: ID=369

处理节点 350
  开始列生成求解...
Set parameter LogToConsole to value 0
Set parameter Threads to value 1
Set parameter Seed to value 0
  定价策略: Exact, node=350, vertices=14
Set parameter PoolSearchMode to value 2
Set parameter PoolSolutions to value 10
[CG 1] RMP=8.000000, pricing=ExactPricingSolver, new_columns=0
  搜索路径: [1, 2, 3, 6, 7, 8, 11, 9, 14, 10, 15, 19, 23, 24, 25, 27, 26, 34, 35, 31, 33, 22, 40, 41, 43, 42, 30, 16, 54, 32, 57, 55, 59, 61, 17, 56, 68, 69, 58, 74, 75, 60, 18, 21, 80, 81, 20, 62, 63, 49, 48, 88, 89, 92, 93, 96, 97, 100, 101, 90, 91, 102, 103, 65, 64, 38, 39, 50, 51, 118, 124, 125, 119, 128, 129, 130, 131, 132, 133, 77, 66, 123, 76, 143, 140, 141, 142, 152, 153, 67, 116, 156, 157, 160, 161, 162, 122, 117, 170, 171, 172, 173, 176, 177, 180, 181, 112, 113, 174, 175, 186, 187, 188, 189, 163, 84, 85, 200, 204, 205, 201, 203, 202, 208, 209, 210, 211, 218, 219, 213, 212, 215, 223, 224, 230, 231, 225, 228, 229, 214, 236, 237, 220, 221, 222, 240, 241, 244, 245, 242, 243, 135, 134, 146, 159, 151, 158, 147, 150, 258, 259, 239, 238, 216, 217, 121, 120, 274, 275, 280, 281, 284, 285, 286, 287, 154, 155, 106, 148, 295, 126, 292, 293, 294, 115, 149, 127, 246, 312, 313, 316, 317, 318, 319, 324, 325, 326, 327, 247, 233, 232, 235, 234, 167, 107, 114, 206, 343, 194, 195, 207, 179, 356, 358, 359, 357, 94, 178, 349, 350]
  列生成求解结果: 目标值=8.0000， 下界=7.0000， 上界=11.0000
    非整数变量: COL_0-13-18-7-9_304 = 0.111111
  解不是整数，开始分支...
ImposedVertex(vertex=28)
ForbidVertex(vertex=28)
  创建了 2 个分支
    添加分支节点 1: ID=370
    添加分支节点 2: ID=371
  进度: 已处理 220 个节点, 剩余 145 个, 当前最优 11.0000, 当前列数: 1728

处理节点 354
  开始列生成求解...
Set parameter LogToConsole to value 0
Set parameter Threads to value 1
Set parameter Seed to value 0
  定价策略: Exact, node=354, vertices=14
Set parameter PoolSearchMode to value 2
Set parameter PoolSolutions to value 10
[CG 1] RMP=8.000000, pricing=ExactPricingSolver, new_columns=0
  搜索路径: [1, 2, 3, 6, 7, 8, 11, 9, 14, 10, 15, 19, 23, 24, 25, 27, 26, 34, 35, 31, 33, 22, 40, 41, 43, 42, 30, 16, 54, 32, 57, 55, 59, 61, 17, 56, 68, 69, 58, 74, 75, 60, 18, 21, 80, 81, 20, 62, 63, 49, 48, 88, 89, 92, 93, 96, 97, 100, 101, 90, 91, 102, 103, 65, 64, 38, 39, 50, 51, 118, 124, 125, 119, 128, 129, 130, 131, 132, 133, 77, 66, 123, 76, 143, 140, 141, 142, 152, 153, 67, 116, 156, 157, 160, 161, 162, 122, 117, 170, 171, 172, 173, 176, 177, 180, 181, 112, 113, 174, 175, 186, 187, 188, 189, 163, 84, 85, 200, 204, 205, 201, 203, 202, 208, 209, 210, 211, 218, 219, 213, 212, 215, 223, 224, 230, 231, 225, 228, 229, 214, 236, 237, 220, 221, 222, 240, 241, 244, 245, 242, 243, 135, 134, 146, 159, 151, 158, 147, 150, 258, 259, 239, 238, 216, 217, 121, 120, 274, 275, 280, 281, 284, 285, 286, 287, 154, 155, 106, 148, 295, 126, 292, 293, 294, 115, 149, 127, 246, 312, 313, 316, 317, 318, 319, 324, 325, 326, 327, 247, 233, 232, 235, 234, 167, 107, 114, 206, 343, 194, 195, 207, 179, 356, 358, 359, 357, 94, 178, 349, 350, 354]
  列生成求解结果: 目标值=8.0000， 下界=7.0000， 上界=11.0000
    非整数变量: COL_1-17-20-25-28_809 = 0.666667
  解不是整数，开始分支...
ImposedVertex(vertex=28)
ForbidVertex(vertex=28)
  创建了 2 个分支
    添加分支节点 1: ID=372
    添加分支节点 2: ID=373

处理节点 355
  开始列生成求解...
Set parameter LogToConsole to value 0
Set parameter Threads to value 1
Set parameter Seed to value 0
  定价策略: Exact, node=355, vertices=14
Set parameter PoolSearchMode to value 2
Set parameter PoolSolutions to value 10
[CG 1] RMP=10.000000, pricing=ExactPricingSolver, new_columns=10
[CG 2] RMP=9.000000, pricing=ExactPricingSolver, new_columns=0
  搜索路径: [1, 2, 3, 6, 7, 8, 11, 9, 14, 10, 15, 19, 23, 24, 25, 27, 26, 34, 35, 31, 33, 22, 40, 41, 43, 42, 30, 16, 54, 32, 57, 55, 59, 61, 17, 56, 68, 69, 58, 74, 75, 60, 18, 21, 80, 81, 20, 62, 63, 49, 48, 88, 89, 92, 93, 96, 97, 100, 101, 90, 91, 102, 103, 65, 64, 38, 39, 50, 51, 118, 124, 125, 119, 128, 129, 130, 131, 132, 133, 77, 66, 123, 76, 143, 140, 141, 142, 152, 153, 67, 116, 156, 157, 160, 161, 162, 122, 117, 170, 171, 172, 173, 176, 177, 180, 181, 112, 113, 174, 175, 186, 187, 188, 189, 163, 84, 85, 200, 204, 205, 201, 203, 202, 208, 209, 210, 211, 218, 219, 213, 212, 215, 223, 224, 230, 231, 225, 228, 229, 214, 236, 237, 220, 221, 222, 240, 241, 244, 245, 242, 243, 135, 134, 146, 159, 151, 158, 147, 150, 258, 259, 239, 238, 216, 217, 121, 120, 274, 275, 280, 281, 284, 285, 286, 287, 154, 155, 106, 148, 295, 126, 292, 293, 294, 115, 149, 127, 246, 312, 313, 316, 317, 318, 319, 324, 325, 326, 327, 247, 233, 232, 235, 234, 167, 107, 114, 206, 343, 194, 195, 207, 179, 356, 358, 359, 357, 94, 178, 349, 350, 354, 355]
  列生成求解结果: 目标值=9.0000， 下界=7.0000， 上界=11.0000
    非整数变量: COL_1-11-17-21-25-26_852 = 0.500000
  解不是整数，开始分支...
ImposedVertex(vertex=26)
ForbidVertex(vertex=26)
  创建了 2 个分支
    添加分支节点 1: ID=374
    添加分支节点 2: ID=375

处理节点 364
  开始列生成求解...
Set parameter LogToConsole to value 0
Set parameter Threads to value 1
Set parameter Seed to value 0
  定价策略: Exact, node=364, vertices=14
Set parameter PoolSearchMode to value 2
Set parameter PoolSolutions to value 10
[CG 1] RMP=7.000000, pricing=ExactPricingSolver, new_columns=0
  搜索路径: [1, 2, 3, 6, 7, 8, 11, 9, 14, 10, 15, 19, 23, 24, 25, 27, 26, 34, 35, 31, 33, 22, 40, 41, 43, 42, 30, 16, 54, 32, 57, 55, 59, 61, 17, 56, 68, 69, 58, 74, 75, 60, 18, 21, 80, 81, 20, 62, 63, 49, 48, 88, 89, 92, 93, 96, 97, 100, 101, 90, 91, 102, 103, 65, 64, 38, 39, 50, 51, 118, 124, 125, 119, 128, 129, 130, 131, 132, 133, 77, 66, 123, 76, 143, 140, 141, 142, 152, 153, 67, 116, 156, 157, 160, 161, 162, 122, 117, 170, 171, 172, 173, 176, 177, 180, 181, 112, 113, 174, 175, 186, 187, 188, 189, 163, 84, 85, 200, 204, 205, 201, 203, 202, 208, 209, 210, 211, 218, 219, 213, 212, 215, 223, 224, 230, 231, 225, 228, 229, 214, 236, 237, 220, 221, 222, 240, 241, 244, 245, 242, 243, 135, 134, 146, 159, 151, 158, 147, 150, 258, 259, 239, 238, 216, 217, 121, 120, 274, 275, 280, 281, 284, 285, 286, 287, 154, 155, 106, 148, 295, 126, 292, 293, 294, 115, 149, 127, 246, 312, 313, 316, 317, 318, 319, 324, 325, 326, 327, 247, 233, 232, 235, 234, 167, 107, 114, 206, 343, 194, 195, 207, 179, 356, 358, 359, 357, 94, 178, 349, 350, 354, 355, 364]
  列生成求解结果: 目标值=7.0000， 下界=7.0000， 上界=11.0000
    非整数变量: COL_1-18-23-7-9_41 = 0.222222
  解不是整数，开始分支...
ImposedVertex(vertex=21)
ForbidVertex(vertex=21)
  创建了 2 个分支
    添加分支节点 1: ID=376
    添加分支节点 2: ID=377

处理节点 365
  开始列生成求解...
Set parameter LogToConsole to value 0
Set parameter Threads to value 1
Set parameter Seed to value 0
  定价策略: Exact, node=365, vertices=15
Set parameter PoolSearchMode to value 2
Set parameter PoolSolutions to value 10
[CG 1] RMP=12.000000, pricing=ExactPricingSolver, new_columns=10
[CG 2] RMP=12.000000, pricing=ExactPricingSolver, new_columns=10
[CG 3] RMP=7.000000, pricing=ExactPricingSolver, new_columns=0
  搜索路径: [1, 2, 3, 6, 7, 8, 11, 9, 14, 10, 15, 19, 23, 24, 25, 27, 26, 34, 35, 31, 33, 22, 40, 41, 43, 42, 30, 16, 54, 32, 57, 55, 59, 61, 17, 56, 68, 69, 58, 74, 75, 60, 18, 21, 80, 81, 20, 62, 63, 49, 48, 88, 89, 92, 93, 96, 97, 100, 101, 90, 91, 102, 103, 65, 64, 38, 39, 50, 51, 118, 124, 125, 119, 128, 129, 130, 131, 132, 133, 77, 66, 123, 76, 143, 140, 141, 142, 152, 153, 67, 116, 156, 157, 160, 161, 162, 122, 117, 170, 171, 172, 173, 176, 177, 180, 181, 112, 113, 174, 175, 186, 187, 188, 189, 163, 84, 85, 200, 204, 205, 201, 203, 202, 208, 209, 210, 211, 218, 219, 213, 212, 215, 223, 224, 230, 231, 225, 228, 229, 214, 236, 237, 220, 221, 222, 240, 241, 244, 245, 242, 243, 135, 134, 146, 159, 151, 158, 147, 150, 258, 259, 239, 238, 216, 217, 121, 120, 274, 275, 280, 281, 284, 285, 286, 287, 154, 155, 106, 148, 295, 126, 292, 293, 294, 115, 149, 127, 246, 312, 313, 316, 317, 318, 319, 324, 325, 326, 327, 247, 233, 232, 235, 234, 167, 107, 114, 206, 343, 194, 195, 207, 179, 356, 358, 359, 357, 94, 178, 349, 350, 354, 355, 364, 365]
  列生成求解结果: 目标值=7.0000， 下界=7.0000， 上界=11.0000
    非整数变量: COL_1-18-23-9_37 = 0.333333
  解不是整数，开始分支...
ImposedVertex(vertex=21)
ForbidVertex(vertex=21)
  创建了 2 个分支
    添加分支节点 1: ID=378
    添加分支节点 2: ID=379

处理节点 366
  开始列生成求解...
Set parameter LogToConsole to value 0
Set parameter Threads to value 1
Set parameter Seed to value 0
  定价策略: Exact, node=366, vertices=12
Set parameter PoolSearchMode to value 2
Set parameter PoolSolutions to value 10
[CG 1] RMP=8.000000, pricing=ExactPricingSolver, new_columns=0
  搜索路径: [1, 2, 3, 6, 7, 8, 11, 9, 14, 10, 15, 19, 23, 24, 25, 27, 26, 34, 35, 31, 33, 22, 40, 41, 43, 42, 30, 16, 54, 32, 57, 55, 59, 61, 17, 56, 68, 69, 58, 74, 75, 60, 18, 21, 80, 81, 20, 62, 63, 49, 48, 88, 89, 92, 93, 96, 97, 100, 101, 90, 91, 102, 103, 65, 64, 38, 39, 50, 51, 118, 124, 125, 119, 128, 129, 130, 131, 132, 133, 77, 66, 123, 76, 143, 140, 141, 142, 152, 153, 67, 116, 156, 157, 160, 161, 162, 122, 117, 170, 171, 172, 173, 176, 177, 180, 181, 112, 113, 174, 175, 186, 187, 188, 189, 163, 84, 85, 200, 204, 205, 201, 203, 202, 208, 209, 210, 211, 218, 219, 213, 212, 215, 223, 224, 230, 231, 225, 228, 229, 214, 236, 237, 220, 221, 222, 240, 241, 244, 245, 242, 243, 135, 134, 146, 159, 151, 158, 147, 150, 258, 259, 239, 238, 216, 217, 121, 120, 274, 275, 280, 281, 284, 285, 286, 287, 154, 155, 106, 148, 295, 126, 292, 293, 294, 115, 149, 127, 246, 312, 313, 316, 317, 318, 319, 324, 325, 326, 327, 247, 233, 232, 235, 234, 167, 107, 114, 206, 343, 194, 195, 207, 179, 356, 358, 359, 357, 94, 178, 349, 350, 354, 355, 364, 365, 366]
  列生成求解结果: 目标值=8.0000， 下界=7.0000， 上界=11.0000
    非整数变量: COL_1-18-23-9_37 = 0.333333
  解不是整数，开始分支...
ImposedVertex(vertex=7)
ForbidVertex(vertex=7)
  创建了 2 个分支
    添加分支节点 1: ID=380
    添加分支节点 2: ID=381

处理节点 367
  开始列生成求解...
Set parameter LogToConsole to value 0
Set parameter Threads to value 1
Set parameter Seed to value 0
  定价策略: Exact, node=367, vertices=12
Set parameter PoolSearchMode to value 2
Set parameter PoolSolutions to value 10
[CG 1] RMP=9.000000, pricing=ExactPricingSolver, new_columns=0
  搜索路径: [1, 2, 3, 6, 7, 8, 11, 9, 14, 10, 15, 19, 23, 24, 25, 27, 26, 34, 35, 31, 33, 22, 40, 41, 43, 42, 30, 16, 54, 32, 57, 55, 59, 61, 17, 56, 68, 69, 58, 74, 75, 60, 18, 21, 80, 81, 20, 62, 63, 49, 48, 88, 89, 92, 93, 96, 97, 100, 101, 90, 91, 102, 103, 65, 64, 38, 39, 50, 51, 118, 124, 125, 119, 128, 129, 130, 131, 132, 133, 77, 66, 123, 76, 143, 140, 141, 142, 152, 153, 67, 116, 156, 157, 160, 161, 162, 122, 117, 170, 171, 172, 173, 176, 177, 180, 181, 112, 113, 174, 175, 186, 187, 188, 189, 163, 84, 85, 200, 204, 205, 201, 203, 202, 208, 209, 210, 211, 218, 219, 213, 212, 215, 223, 224, 230, 231, 225, 228, 229, 214, 236, 237, 220, 221, 222, 240, 241, 244, 245, 242, 243, 135, 134, 146, 159, 151, 158, 147, 150, 258, 259, 239, 238, 216, 217, 121, 120, 274, 275, 280, 281, 284, 285, 286, 287, 154, 155, 106, 148, 295, 126, 292, 293, 294, 115, 149, 127, 246, 312, 313, 316, 317, 318, 319, 324, 325, 326, 327, 247, 233, 232, 235, 234, 167, 107, 114, 206, 343, 194, 195, 207, 179, 356, 358, 359, 357, 94, 178, 349, 350, 354, 355, 364, 365, 366, 367]
  列生成求解结果: 目标值=9.0000， 下界=7.0000， 上界=11.0000
    非整数变量: COL_1-18-23-7-9_41 = 0.100000
  解不是整数，开始分支...
ImposedVertex(vertex=7)
ForbidVertex(vertex=7)
  创建了 2 个分支
    添加分支节点 1: ID=382
    添加分支节点 2: ID=383

处理节点 376
  开始列生成求解...
Set parameter LogToConsole to value 0
Set parameter Threads to value 1
Set parameter Seed to value 0
  定价策略: Exact, node=376, vertices=13
Set parameter PoolSearchMode to value 2
Set parameter PoolSolutions to value 10
[CG 1] RMP=1010.000000, pricing=ExactPricingSolver, new_columns=10
[CG 2] RMP=12.000000, pricing=ExactPricingSolver, new_columns=10
[CG 3] RMP=9.000000, pricing=ExactPricingSolver, new_columns=0
  搜索路径: [1, 2, 3, 6, 7, 8, 11, 9, 14, 10, 15, 19, 23, 24, 25, 27, 26, 34, 35, 31, 33, 22, 40, 41, 43, 42, 30, 16, 54, 32, 57, 55, 59, 61, 17, 56, 68, 69, 58, 74, 75, 60, 18, 21, 80, 81, 20, 62, 63, 49, 48, 88, 89, 92, 93, 96, 97, 100, 101, 90, 91, 102, 103, 65, 64, 38, 39, 50, 51, 118, 124, 125, 119, 128, 129, 130, 131, 132, 133, 77, 66, 123, 76, 143, 140, 141, 142, 152, 153, 67, 116, 156, 157, 160, 161, 162, 122, 117, 170, 171, 172, 173, 176, 177, 180, 181, 112, 113, 174, 175, 186, 187, 188, 189, 163, 84, 85, 200, 204, 205, 201, 203, 202, 208, 209, 210, 211, 218, 219, 213, 212, 215, 223, 224, 230, 231, 225, 228, 229, 214, 236, 237, 220, 221, 222, 240, 241, 244, 245, 242, 243, 135, 134, 146, 159, 151, 158, 147, 150, 258, 259, 239, 238, 216, 217, 121, 120, 274, 275, 280, 281, 284, 285, 286, 287, 154, 155, 106, 148, 295, 126, 292, 293, 294, 115, 149, 127, 246, 312, 313, 316, 317, 318, 319, 324, 325, 326, 327, 247, 233, 232, 235, 234, 167, 107, 114, 206, 343, 194, 195, 207, 179, 356, 358, 359, 357, 94, 178, 349, 350, 354, 355, 364, 365, 366, 367, 376]
  列生成求解结果: 目标值=9.0000， 下界=7.0000， 上界=11.0000
    非整数变量: COL_1-11-18-23-7-9_42 = 0.285714
  解不是整数，开始分支...
ImposedVertex(vertex=28)
ForbidVertex(vertex=28)
  创建了 2 个分支
    添加分支节点 1: ID=384
    添加分支节点 2: ID=385

处理节点 377
  开始列生成求解...
Set parameter LogToConsole to value 0
Set parameter Threads to value 1
Set parameter Seed to value 0
  定价策略: Exact, node=377, vertices=13
Set parameter PoolSearchMode to value 2
Set parameter PoolSolutions to value 10
[CG 1] RMP=8.000000, pricing=ExactPricingSolver, new_columns=0
  搜索路径: [1, 2, 3, 6, 7, 8, 11, 9, 14, 10, 15, 19, 23, 24, 25, 27, 26, 34, 35, 31, 33, 22, 40, 41, 43, 42, 30, 16, 54, 32, 57, 55, 59, 61, 17, 56, 68, 69, 58, 74, 75, 60, 18, 21, 80, 81, 20, 62, 63, 49, 48, 88, 89, 92, 93, 96, 97, 100, 101, 90, 91, 102, 103, 65, 64, 38, 39, 50, 51, 118, 124, 125, 119, 128, 129, 130, 131, 132, 133, 77, 66, 123, 76, 143, 140, 141, 142, 152, 153, 67, 116, 156, 157, 160, 161, 162, 122, 117, 170, 171, 172, 173, 176, 177, 180, 181, 112, 113, 174, 175, 186, 187, 188, 189, 163, 84, 85, 200, 204, 205, 201, 203, 202, 208, 209, 210, 211, 218, 219, 213, 212, 215, 223, 224, 230, 231, 225, 228, 229, 214, 236, 237, 220, 221, 222, 240, 241, 244, 245, 242, 243, 135, 134, 146, 159, 151, 158, 147, 150, 258, 259, 239, 238, 216, 217, 121, 120, 274, 275, 280, 281, 284, 285, 286, 287, 154, 155, 106, 148, 295, 126, 292, 293, 294, 115, 149, 127, 246, 312, 313, 316, 317, 318, 319, 324, 325, 326, 327, 247, 233, 232, 235, 234, 167, 107, 114, 206, 343, 194, 195, 207, 179, 356, 358, 359, 357, 94, 178, 349, 350, 354, 355, 364, 365, 366, 367, 376, 377]
  列生成求解结果: 目标值=8.0000， 下界=7.0000， 上界=11.0000
    非整数变量: COL_1-18-23-7-9_41 = 0.500000
  解不是整数，开始分支...
ImposedVertex(vertex=28)
ForbidVertex(vertex=28)
  创建了 2 个分支
    添加分支节点 1: ID=386
    添加分支节点 2: ID=387

处理节点 378
  开始列生成求解...
Set parameter LogToConsole to value 0
Set parameter Threads to value 1
Set parameter Seed to value 0
  定价策略: Exact, node=378, vertices=14
Set parameter PoolSearchMode to value 2
Set parameter PoolSolutions to value 10
[CG 1] RMP=12.000000, pricing=ExactPricingSolver, new_columns=10
[CG 2] RMP=9.000000, pricing=ExactPricingSolver, new_columns=0
  搜索路径: [1, 2, 3, 6, 7, 8, 11, 9, 14, 10, 15, 19, 23, 24, 25, 27, 26, 34, 35, 31, 33, 22, 40, 41, 43, 42, 30, 16, 54, 32, 57, 55, 59, 61, 17, 56, 68, 69, 58, 74, 75, 60, 18, 21, 80, 81, 20, 62, 63, 49, 48, 88, 89, 92, 93, 96, 97, 100, 101, 90, 91, 102, 103, 65, 64, 38, 39, 50, 51, 118, 124, 125, 119, 128, 129, 130, 131, 132, 133, 77, 66, 123, 76, 143, 140, 141, 142, 152, 153, 67, 116, 156, 157, 160, 161, 162, 122, 117, 170, 171, 172, 173, 176, 177, 180, 181, 112, 113, 174, 175, 186, 187, 188, 189, 163, 84, 85, 200, 204, 205, 201, 203, 202, 208, 209, 210, 211, 218, 219, 213, 212, 215, 223, 224, 230, 231, 225, 228, 229, 214, 236, 237, 220, 221, 222, 240, 241, 244, 245, 242, 243, 135, 134, 146, 159, 151, 158, 147, 150, 258, 259, 239, 238, 216, 217, 121, 120, 274, 275, 280, 281, 284, 285, 286, 287, 154, 155, 106, 148, 295, 126, 292, 293, 294, 115, 149, 127, 246, 312, 313, 316, 317, 318, 319, 324, 325, 326, 327, 247, 233, 232, 235, 234, 167, 107, 114, 206, 343, 194, 195, 207, 179, 356, 358, 359, 357, 94, 178, 349, 350, 354, 355, 364, 365, 366, 367, 376, 377, 378]
  列生成求解结果: 目标值=9.0000， 下界=7.0000， 上界=11.0000
    非整数变量: COL_1-18-23-9_37 = 0.083333
  解不是整数，开始分支...
ImposedVertex(vertex=28)
ForbidVertex(vertex=28)
  创建了 2 个分支
    添加分支节点 1: ID=388
    添加分支节点 2: ID=389

处理节点 379
  开始列生成求解...
Set parameter LogToConsole to value 0
Set parameter Threads to value 1
Set parameter Seed to value 0
  定价策略: Exact, node=379, vertices=14
Set parameter PoolSearchMode to value 2
Set parameter PoolSolutions to value 10
[CG 1] RMP=8.000000, pricing=ExactPricingSolver, new_columns=0
  搜索路径: [1, 2, 3, 6, 7, 8, 11, 9, 14, 10, 15, 19, 23, 24, 25, 27, 26, 34, 35, 31, 33, 22, 40, 41, 43, 42, 30, 16, 54, 32, 57, 55, 59, 61, 17, 56, 68, 69, 58, 74, 75, 60, 18, 21, 80, 81, 20, 62, 63, 49, 48, 88, 89, 92, 93, 96, 97, 100, 101, 90, 91, 102, 103, 65, 64, 38, 39, 50, 51, 118, 124, 125, 119, 128, 129, 130, 131, 132, 133, 77, 66, 123, 76, 143, 140, 141, 142, 152, 153, 67, 116, 156, 157, 160, 161, 162, 122, 117, 170, 171, 172, 173, 176, 177, 180, 181, 112, 113, 174, 175, 186, 187, 188, 189, 163, 84, 85, 200, 204, 205, 201, 203, 202, 208, 209, 210, 211, 218, 219, 213, 212, 215, 223, 224, 230, 231, 225, 228, 229, 214, 236, 237, 220, 221, 222, 240, 241, 244, 245, 242, 243, 135, 134, 146, 159, 151, 158, 147, 150, 258, 259, 239, 238, 216, 217, 121, 120, 274, 275, 280, 281, 284, 285, 286, 287, 154, 155, 106, 148, 295, 126, 292, 293, 294, 115, 149, 127, 246, 312, 313, 316, 317, 318, 319, 324, 325, 326, 327, 247, 233, 232, 235, 234, 167, 107, 114, 206, 343, 194, 195, 207, 179, 356, 358, 359, 357, 94, 178, 349, 350, 354, 355, 364, 365, 366, 367, 376, 377, 378, 379]
  列生成求解结果: 目标值=8.0000， 下界=7.0000， 上界=11.0000
    非整数变量: COL_18-23-9_35 = 0.444444
  解不是整数，开始分支...
ImposedVertex(vertex=12)
ForbidVertex(vertex=12)
  创建了 2 个分支
    添加分支节点 1: ID=390
    添加分支节点 2: ID=391
  进度: 已处理 230 个节点, 剩余 155 个, 当前最优 11.0000, 当前列数: 1788

处理节点 351
  开始列生成求解...
Set parameter LogToConsole to value 0
Set parameter Threads to value 1
Set parameter Seed to value 0
  定价策略: Exact, node=351, vertices=14
Set parameter PoolSearchMode to value 2
Set parameter PoolSolutions to value 10
[CG 1] RMP=12.000000, pricing=ExactPricingSolver, new_columns=10
[CG 2] RMP=9.000000, pricing=ExactPricingSolver, new_columns=0
  搜索路径: [1, 2, 3, 6, 7, 8, 11, 9, 14, 10, 15, 19, 23, 24, 25, 27, 26, 34, 35, 31, 33, 22, 40, 41, 43, 42, 30, 16, 54, 32, 57, 55, 59, 61, 17, 56, 68, 69, 58, 74, 75, 60, 18, 21, 80, 81, 20, 62, 63, 49, 48, 88, 89, 92, 93, 96, 97, 100, 101, 90, 91, 102, 103, 65, 64, 38, 39, 50, 51, 118, 124, 125, 119, 128, 129, 130, 131, 132, 133, 77, 66, 123, 76, 143, 140, 141, 142, 152, 153, 67, 116, 156, 157, 160, 161, 162, 122, 117, 170, 171, 172, 173, 176, 177, 180, 181, 112, 113, 174, 175, 186, 187, 188, 189, 163, 84, 85, 200, 204, 205, 201, 203, 202, 208, 209, 210, 211, 218, 219, 213, 212, 215, 223, 224, 230, 231, 225, 228, 229, 214, 236, 237, 220, 221, 222, 240, 241, 244, 245, 242, 243, 135, 134, 146, 159, 151, 158, 147, 150, 258, 259, 239, 238, 216, 217, 121, 120, 274, 275, 280, 281, 284, 285, 286, 287, 154, 155, 106, 148, 295, 126, 292, 293, 294, 115, 149, 127, 246, 312, 313, 316, 317, 318, 319, 324, 325, 326, 327, 247, 233, 232, 235, 234, 167, 107, 114, 206, 343, 194, 195, 207, 179, 356, 358, 359, 357, 94, 178, 349, 350, 354, 355, 364, 365, 366, 367, 376, 377, 378, 379, 351]
  列生成求解结果: 目标值=9.0000， 下界=7.0000， 上界=11.0000
    非整数变量: COL_18-23-9_35 = 0.250000
  解不是整数，开始分支...
ImposedVertex(vertex=28)
ForbidVertex(vertex=28)
  创建了 2 个分支
    添加分支节点 1: ID=392
    添加分支节点 2: ID=393

处理节点 95
  开始列生成求解...
Set parameter LogToConsole to value 0
Set parameter Threads to value 1
Set parameter Seed to value 0
  定价策略: Exact, node=95, vertices=16
Set parameter PoolSearchMode to value 2
Set parameter PoolSolutions to value 10
[CG 1] RMP=16.000000, pricing=ExactPricingSolver, new_columns=10
[CG 2] RMP=9.000000, pricing=ExactPricingSolver, new_columns=10
[CG 3] RMP=7.000000, pricing=ExactPricingSolver, new_columns=0
  搜索路径: [1, 2, 3, 6, 7, 8, 11, 9, 14, 10, 15, 19, 23, 24, 25, 27, 26, 34, 35, 31, 33, 22, 40, 41, 43, 42, 30, 16, 54, 32, 57, 55, 59, 61, 17, 56, 68, 69, 58, 74, 75, 60, 18, 21, 80, 81, 20, 62, 63, 49, 48, 88, 89, 92, 93, 96, 97, 100, 101, 90, 91, 102, 103, 65, 64, 38, 39, 50, 51, 118, 124, 125, 119, 128, 129, 130, 131, 132, 133, 77, 66, 123, 76, 143, 140, 141, 142, 152, 153, 67, 116, 156, 157, 160, 161, 162, 122, 117, 170, 171, 172, 173, 176, 177, 180, 181, 112, 113, 174, 175, 186, 187, 188, 189, 163, 84, 85, 200, 204, 205, 201, 203, 202, 208, 209, 210, 211, 218, 219, 213, 212, 215, 223, 224, 230, 231, 225, 228, 229, 214, 236, 237, 220, 221, 222, 240, 241, 244, 245, 242, 243, 135, 134, 146, 159, 151, 158, 147, 150, 258, 259, 239, 238, 216, 217, 121, 120, 274, 275, 280, 281, 284, 285, 286, 287, 154, 155, 106, 148, 295, 126, 292, 293, 294, 115, 149, 127, 246, 312, 313, 316, 317, 318, 319, 324, 325, 326, 327, 247, 233, 232, 235, 234, 167, 107, 114, 206, 343, 194, 195, 207, 179, 356, 358, 359, 357, 94, 178, 349, 350, 354, 355, 364, 365, 366, 367, 376, 377, 378, 379, 351, 95]
  列生成求解结果: 目标值=7.0000， 下界=7.0000， 上界=11.0000
    非整数变量: COL_1-16-20-25_203 = 0.050000
  解不是整数，开始分支...
ImposedVertex(vertex=20)
ForbidVertex(vertex=20)
  创建了 2 个分支
    添加分支节点 1: ID=394
    添加分支节点 2: ID=395

处理节点 339
  开始列生成求解...
Set parameter LogToConsole to value 0
Set parameter Threads to value 1
Set parameter Seed to value 0
  定价策略: Exact, node=339, vertices=16
Set parameter PoolSearchMode to value 2
Set parameter PoolSolutions to value 10
[CG 1] RMP=12.000000, pricing=ExactPricingSolver, new_columns=10
[CG 2] RMP=7.000000, pricing=ExactPricingSolver, new_columns=0
  搜索路径: [1, 2, 3, 6, 7, 8, 11, 9, 14, 10, 15, 19, 23, 24, 25, 27, 26, 34, 35, 31, 33, 22, 40, 41, 43, 42, 30, 16, 54, 32, 57, 55, 59, 61, 17, 56, 68, 69, 58, 74, 75, 60, 18, 21, 80, 81, 20, 62, 63, 49, 48, 88, 89, 92, 93, 96, 97, 100, 101, 90, 91, 102, 103, 65, 64, 38, 39, 50, 51, 118, 124, 125, 119, 128, 129, 130, 131, 132, 133, 77, 66, 123, 76, 143, 140, 141, 142, 152, 153, 67, 116, 156, 157, 160, 161, 162, 122, 117, 170, 171, 172, 173, 176, 177, 180, 181, 112, 113, 174, 175, 186, 187, 188, 189, 163, 84, 85, 200, 204, 205, 201, 203, 202, 208, 209, 210, 211, 218, 219, 213, 212, 215, 223, 224, 230, 231, 225, 228, 229, 214, 236, 237, 220, 221, 222, 240, 241, 244, 245, 242, 243, 135, 134, 146, 159, 151, 158, 147, 150, 258, 259, 239, 238, 216, 217, 121, 120, 274, 275, 280, 281, 284, 285, 286, 287, 154, 155, 106, 148, 295, 126, 292, 293, 294, 115, 149, 127, 246, 312, 313, 316, 317, 318, 319, 324, 325, 326, 327, 247, 233, 232, 235, 234, 167, 107, 114, 206, 343, 194, 195, 207, 179, 356, 358, 359, 357, 94, 178, 349, 350, 354, 355, 364, 365, 366, 367, 376, 377, 378, 379, 351, 95, 339]
  列生成求解结果: 目标值=7.0000， 下界=7.0000， 上界=11.0000
    非整数变量: COL_18-2-20-28-4-7-9_1054 = 0.291667
  解不是整数，开始分支...
ImposedVertex(vertex=20)
ForbidVertex(vertex=20)
  创建了 2 个分支
    添加分支节点 1: ID=396
    添加分支节点 2: ID=397

处理节点 345
  开始列生成求解...
Set parameter LogToConsole to value 0
Set parameter Threads to value 1
Set parameter Seed to value 0
  定价策略: Exact, node=345, vertices=17
Set parameter PoolSearchMode to value 2
Set parameter PoolSolutions to value 10
[CG 1] RMP=9.000000, pricing=ExactPricingSolver, new_columns=0
  搜索路径: [1, 2, 3, 6, 7, 8, 11, 9, 14, 10, 15, 19, 23, 24, 25, 27, 26, 34, 35, 31, 33, 22, 40, 41, 43, 42, 30, 16, 54, 32, 57, 55, 59, 61, 17, 56, 68, 69, 58, 74, 75, 60, 18, 21, 80, 81, 20, 62, 63, 49, 48, 88, 89, 92, 93, 96, 97, 100, 101, 90, 91, 102, 103, 65, 64, 38, 39, 50, 51, 118, 124, 125, 119, 128, 129, 130, 131, 132, 133, 77, 66, 123, 76, 143, 140, 141, 142, 152, 153, 67, 116, 156, 157, 160, 161, 162, 122, 117, 170, 171, 172, 173, 176, 177, 180, 181, 112, 113, 174, 175, 186, 187, 188, 189, 163, 84, 85, 200, 204, 205, 201, 203, 202, 208, 209, 210, 211, 218, 219, 213, 212, 215, 223, 224, 230, 231, 225, 228, 229, 214, 236, 237, 220, 221, 222, 240, 241, 244, 245, 242, 243, 135, 134, 146, 159, 151, 158, 147, 150, 258, 259, 239, 238, 216, 217, 121, 120, 274, 275, 280, 281, 284, 285, 286, 287, 154, 155, 106, 148, 295, 126, 292, 293, 294, 115, 149, 127, 246, 312, 313, 316, 317, 318, 319, 324, 325, 326, 327, 247, 233, 232, 235, 234, 167, 107, 114, 206, 343, 194, 195, 207, 179, 356, 358, 359, 357, 94, 178, 349, 350, 354, 355, 364, 365, 366, 367, 376, 377, 378, 379, 351, 95, 339, 345]
  列生成求解结果: 目标值=9.0000， 下界=7.0000， 上界=11.0000
    非整数变量: COL_16-18-4-9_108 = 0.500000
  解不是整数，开始分支...
ImposedVertex(vertex=3)
ForbidVertex(vertex=3)
  创建了 2 个分支
    添加分支节点 1: ID=398
    添加分支节点 2: ID=399

处理节点 348
  开始列生成求解...
Set parameter LogToConsole to value 0
Set parameter Threads to value 1
Set parameter Seed to value 0
  定价策略: Exact, node=348, vertices=15
Set parameter PoolSearchMode to value 2
Set parameter PoolSolutions to value 10
[CG 1] RMP=11.000000, pricing=ExactPricingSolver, new_columns=10
[CG 2] RMP=7.000000, pricing=ExactPricingSolver, new_columns=0
  搜索路径: [1, 2, 3, 6, 7, 8, 11, 9, 14, 10, 15, 19, 23, 24, 25, 27, 26, 34, 35, 31, 33, 22, 40, 41, 43, 42, 30, 16, 54, 32, 57, 55, 59, 61, 17, 56, 68, 69, 58, 74, 75, 60, 18, 21, 80, 81, 20, 62, 63, 49, 48, 88, 89, 92, 93, 96, 97, 100, 101, 90, 91, 102, 103, 65, 64, 38, 39, 50, 51, 118, 124, 125, 119, 128, 129, 130, 131, 132, 133, 77, 66, 123, 76, 143, 140, 141, 142, 152, 153, 67, 116, 156, 157, 160, 161, 162, 122, 117, 170, 171, 172, 173, 176, 177, 180, 181, 112, 113, 174, 175, 186, 187, 188, 189, 163, 84, 85, 200, 204, 205, 201, 203, 202, 208, 209, 210, 211, 218, 219, 213, 212, 215, 223, 224, 230, 231, 225, 228, 229, 214, 236, 237, 220, 221, 222, 240, 241, 244, 245, 242, 243, 135, 134, 146, 159, 151, 158, 147, 150, 258, 259, 239, 238, 216, 217, 121, 120, 274, 275, 280, 281, 284, 285, 286, 287, 154, 155, 106, 148, 295, 126, 292, 293, 294, 115, 149, 127, 246, 312, 313, 316, 317, 318, 319, 324, 325, 326, 327, 247, 233, 232, 235, 234, 167, 107, 114, 206, 343, 194, 195, 207, 179, 356, 358, 359, 357, 94, 178, 349, 350, 354, 355, 364, 365, 366, 367, 376, 377, 378, 379, 351, 95, 339, 345, 348]
  列生成求解结果: 目标值=7.0000， 下界=7.0000， 上界=11.0000
    非整数变量: COL_1-18-23-9_37 = 0.333333
  解不是整数，开始分支...
ImposedVertex(vertex=21)
ForbidVertex(vertex=21)
  创建了 2 个分支
    添加分支节点 1: ID=400
    添加分支节点 2: ID=401

处理节点 394
  开始列生成求解...
Set parameter LogToConsole to value 0
Set parameter Threads to value 1
Set parameter Seed to value 0
  定价策略: Exact, node=394, vertices=15
Set parameter PoolSearchMode to value 2
Set parameter PoolSolutions to value 10
[CG 1] RMP=8.000000, pricing=ExactPricingSolver, new_columns=0
  搜索路径: [1, 2, 3, 6, 7, 8, 11, 9, 14, 10, 15, 19, 23, 24, 25, 27, 26, 34, 35, 31, 33, 22, 40, 41, 43, 42, 30, 16, 54, 32, 57, 55, 59, 61, 17, 56, 68, 69, 58, 74, 75, 60, 18, 21, 80, 81, 20, 62, 63, 49, 48, 88, 89, 92, 93, 96, 97, 100, 101, 90, 91, 102, 103, 65, 64, 38, 39, 50, 51, 118, 124, 125, 119, 128, 129, 130, 131, 132, 133, 77, 66, 123, 76, 143, 140, 141, 142, 152, 153, 67, 116, 156, 157, 160, 161, 162, 122, 117, 170, 171, 172, 173, 176, 177, 180, 181, 112, 113, 174, 175, 186, 187, 188, 189, 163, 84, 85, 200, 204, 205, 201, 203, 202, 208, 209, 210, 211, 218, 219, 213, 212, 215, 223, 224, 230, 231, 225, 228, 229, 214, 236, 237, 220, 221, 222, 240, 241, 244, 245, 242, 243, 135, 134, 146, 159, 151, 158, 147, 150, 258, 259, 239, 238, 216, 217, 121, 120, 274, 275, 280, 281, 284, 285, 286, 287, 154, 155, 106, 148, 295, 126, 292, 293, 294, 115, 149, 127, 246, 312, 313, 316, 317, 318, 319, 324, 325, 326, 327, 247, 233, 232, 235, 234, 167, 107, 114, 206, 343, 194, 195, 207, 179, 356, 358, 359, 357, 94, 178, 349, 350, 354, 355, 364, 365, 366, 367, 376, 377, 378, 379, 351, 95, 339, 345, 348, 394]
  列生成求解结果: 目标值=8.0000， 下界=7.0000， 上界=11.0000
    非整数变量: COL_16-18-28-4-9_118 = 0.333333
  解不是整数，开始分支...
ImposedVertex(vertex=28)
ForbidVertex(vertex=28)
  创建了 2 个分支
    添加分支节点 1: ID=402
    添加分支节点 2: ID=403

处理节点 395
  开始列生成求解...
Set parameter LogToConsole to value 0
Set parameter Threads to value 1
Set parameter Seed to value 0
  定价策略: Exact, node=395, vertices=15
Set parameter PoolSearchMode to value 2
Set parameter PoolSolutions to value 10
[CG 1] RMP=12.000000, pricing=ExactPricingSolver, new_columns=10
[CG 2] RMP=9.000000, pricing=ExactPricingSolver, new_columns=0
  搜索路径: [1, 2, 3, 6, 7, 8, 11, 9, 14, 10, 15, 19, 23, 24, 25, 27, 26, 34, 35, 31, 33, 22, 40, 41, 43, 42, 30, 16, 54, 32, 57, 55, 59, 61, 17, 56, 68, 69, 58, 74, 75, 60, 18, 21, 80, 81, 20, 62, 63, 49, 48, 88, 89, 92, 93, 96, 97, 100, 101, 90, 91, 102, 103, 65, 64, 38, 39, 50, 51, 118, 124, 125, 119, 128, 129, 130, 131, 132, 133, 77, 66, 123, 76, 143, 140, 141, 142, 152, 153, 67, 116, 156, 157, 160, 161, 162, 122, 117, 170, 171, 172, 173, 176, 177, 180, 181, 112, 113, 174, 175, 186, 187, 188, 189, 163, 84, 85, 200, 204, 205, 201, 203, 202, 208, 209, 210, 211, 218, 219, 213, 212, 215, 223, 224, 230, 231, 225, 228, 229, 214, 236, 237, 220, 221, 222, 240, 241, 244, 245, 242, 243, 135, 134, 146, 159, 151, 158, 147, 150, 258, 259, 239, 238, 216, 217, 121, 120, 274, 275, 280, 281, 284, 285, 286, 287, 154, 155, 106, 148, 295, 126, 292, 293, 294, 115, 149, 127, 246, 312, 313, 316, 317, 318, 319, 324, 325, 326, 327, 247, 233, 232, 235, 234, 167, 107, 114, 206, 343, 194, 195, 207, 179, 356, 358, 359, 357, 94, 178, 349, 350, 354, 355, 364, 365, 366, 367, 376, 377, 378, 379, 351, 95, 339, 345, 348, 394, 395]
  列生成求解结果: 目标值=9.0000， 下界=7.0000， 上界=11.0000
    非整数变量: COL_16-18-28-4-9_118 = 0.250000
  解不是整数，开始分支...
ImposedVertex(vertex=28)
ForbidVertex(vertex=28)
  创建了 2 个分支
    添加分支节点 1: ID=404
    添加分支节点 2: ID=405

处理节点 401
  开始列生成求解...
Set parameter LogToConsole to value 0
Set parameter Threads to value 1
Set parameter Seed to value 0
  定价策略: Exact, node=401, vertices=14
Set parameter PoolSearchMode to value 2
Set parameter PoolSolutions to value 10
[CG 1] RMP=1014.000000, pricing=ExactPricingSolver, new_columns=10
[CG 2] RMP=8.000000, pricing=ExactPricingSolver, new_columns=0
  搜索路径: [1, 2, 3, 6, 7, 8, 11, 9, 14, 10, 15, 19, 23, 24, 25, 27, 26, 34, 35, 31, 33, 22, 40, 41, 43, 42, 30, 16, 54, 32, 57, 55, 59, 61, 17, 56, 68, 69, 58, 74, 75, 60, 18, 21, 80, 81, 20, 62, 63, 49, 48, 88, 89, 92, 93, 96, 97, 100, 101, 90, 91, 102, 103, 65, 64, 38, 39, 50, 51, 118, 124, 125, 119, 128, 129, 130, 131, 132, 133, 77, 66, 123, 76, 143, 140, 141, 142, 152, 153, 67, 116, 156, 157, 160, 161, 162, 122, 117, 170, 171, 172, 173, 176, 177, 180, 181, 112, 113, 174, 175, 186, 187, 188, 189, 163, 84, 85, 200, 204, 205, 201, 203, 202, 208, 209, 210, 211, 218, 219, 213, 212, 215, 223, 224, 230, 231, 225, 228, 229, 214, 236, 237, 220, 221, 222, 240, 241, 244, 245, 242, 243, 135, 134, 146, 159, 151, 158, 147, 150, 258, 259, 239, 238, 216, 217, 121, 120, 274, 275, 280, 281, 284, 285, 286, 287, 154, 155, 106, 148, 295, 126, 292, 293, 294, 115, 149, 127, 246, 312, 313, 316, 317, 318, 319, 324, 325, 326, 327, 247, 233, 232, 235, 234, 167, 107, 114, 206, 343, 194, 195, 207, 179, 356, 358, 359, 357, 94, 178, 349, 350, 354, 355, 364, 365, 366, 367, 376, 377, 378, 379, 351, 95, 339, 345, 348, 394, 395, 401]
  列生成求解结果: 目标值=8.0000， 下界=7.0000， 上界=11.0000
    非整数变量: COL_1-18-23-9_37 = 0.136364
  解不是整数，开始分支...
ImposedVertex(vertex=6)
ForbidVertex(vertex=6)
  创建了 2 个分支
    添加分支节点 1: ID=406
    添加分支节点 2: ID=407

处理节点 396
  开始列生成求解...
Set parameter LogToConsole to value 0
Set parameter Threads to value 1
Set parameter Seed to value 0
  定价策略: Exact, node=396, vertices=15
Set parameter PoolSearchMode to value 2
Set parameter PoolSolutions to value 10
[CG 1] RMP=11.000000, pricing=ExactPricingSolver, new_columns=10
[CG 2] RMP=8.000000, pricing=ExactPricingSolver, new_columns=0
  搜索路径: [1, 2, 3, 6, 7, 8, 11, 9, 14, 10, 15, 19, 23, 24, 25, 27, 26, 34, 35, 31, 33, 22, 40, 41, 43, 42, 30, 16, 54, 32, 57, 55, 59, 61, 17, 56, 68, 69, 58, 74, 75, 60, 18, 21, 80, 81, 20, 62, 63, 49, 48, 88, 89, 92, 93, 96, 97, 100, 101, 90, 91, 102, 103, 65, 64, 38, 39, 50, 51, 118, 124, 125, 119, 128, 129, 130, 131, 132, 133, 77, 66, 123, 76, 143, 140, 141, 142, 152, 153, 67, 116, 156, 157, 160, 161, 162, 122, 117, 170, 171, 172, 173, 176, 177, 180, 181, 112, 113, 174, 175, 186, 187, 188, 189, 163, 84, 85, 200, 204, 205, 201, 203, 202, 208, 209, 210, 211, 218, 219, 213, 212, 215, 223, 224, 230, 231, 225, 228, 229, 214, 236, 237, 220, 221, 222, 240, 241, 244, 245, 242, 243, 135, 134, 146, 159, 151, 158, 147, 150, 258, 259, 239, 238, 216, 217, 121, 120, 274, 275, 280, 281, 284, 285, 286, 287, 154, 155, 106, 148, 295, 126, 292, 293, 294, 115, 149, 127, 246, 312, 313, 316, 317, 318, 319, 324, 325, 326, 327, 247, 233, 232, 235, 234, 167, 107, 114, 206, 343, 194, 195, 207, 179, 356, 358, 359, 357, 94, 178, 349, 350, 354, 355, 364, 365, 366, 367, 376, 377, 378, 379, 351, 95, 339, 345, 348, 394, 395, 401, 396]
  列生成求解结果: 目标值=8.0000， 下界=7.0000， 上界=11.0000
    非整数变量: COL_18-2-20-28-4-7-9_1054 = 0.333333
  解不是整数，开始分支...
ImposedVertex(vertex=7)
ForbidVertex(vertex=7)
  创建了 2 个分支
    添加分支节点 1: ID=408
    添加分支节点 2: ID=409

处理节点 397
  开始列生成求解...
Set parameter LogToConsole to value 0
Set parameter Threads to value 1
Set parameter Seed to value 0
  定价策略: Exact, node=397, vertices=15
Set parameter PoolSearchMode to value 2
Set parameter PoolSolutions to value 10
[CG 1] RMP=1011.000000, pricing=ExactPricingSolver, new_columns=10
[CG 2] RMP=9.000000, pricing=ExactPricingSolver, new_columns=0
  搜索路径: [1, 2, 3, 6, 7, 8, 11, 9, 14, 10, 15, 19, 23, 24, 25, 27, 26, 34, 35, 31, 33, 22, 40, 41, 43, 42, 30, 16, 54, 32, 57, 55, 59, 61, 17, 56, 68, 69, 58, 74, 75, 60, 18, 21, 80, 81, 20, 62, 63, 49, 48, 88, 89, 92, 93, 96, 97, 100, 101, 90, 91, 102, 103, 65, 64, 38, 39, 50, 51, 118, 124, 125, 119, 128, 129, 130, 131, 132, 133, 77, 66, 123, 76, 143, 140, 141, 142, 152, 153, 67, 116, 156, 157, 160, 161, 162, 122, 117, 170, 171, 172, 173, 176, 177, 180, 181, 112, 113, 174, 175, 186, 187, 188, 189, 163, 84, 85, 200, 204, 205, 201, 203, 202, 208, 209, 210, 211, 218, 219, 213, 212, 215, 223, 224, 230, 231, 225, 228, 229, 214, 236, 237, 220, 221, 222, 240, 241, 244, 245, 242, 243, 135, 134, 146, 159, 151, 158, 147, 150, 258, 259, 239, 238, 216, 217, 121, 120, 274, 275, 280, 281, 284, 285, 286, 287, 154, 155, 106, 148, 295, 126, 292, 293, 294, 115, 149, 127, 246, 312, 313, 316, 317, 318, 319, 324, 325, 326, 327, 247, 233, 232, 235, 234, 167, 107, 114, 206, 343, 194, 195, 207, 179, 356, 358, 359, 357, 94, 178, 349, 350, 354, 355, 364, 365, 366, 367, 376, 377, 378, 379, 351, 95, 339, 345, 348, 394, 395, 401, 396, 397]
  列生成求解结果: 目标值=9.0000， 下界=7.0000， 上界=11.0000
    非整数变量: COL_2-4-7-9_952 = 0.090909
  解不是整数，开始分支...
ImposedVertex(vertex=7)
ForbidVertex(vertex=7)
  创建了 2 个分支
    添加分支节点 1: ID=410
    添加分支节点 2: ID=411
  进度: 已处理 240 个节点, 剩余 165 个, 当前最优 11.0000, 当前列数: 1878

处理节点 400
  开始列生成求解...
Set parameter LogToConsole to value 0
Set parameter Threads to value 1
Set parameter Seed to value 0
  定价策略: Exact, node=400, vertices=14
Set parameter PoolSearchMode to value 2
Set parameter PoolSolutions to value 10
[CG 1] RMP=11.478261, pricing=ExactPricingSolver, new_columns=10
[CG 2] RMP=9.000000, pricing=ExactPricingSolver, new_columns=0
  搜索路径: [1, 2, 3, 6, 7, 8, 11, 9, 14, 10, 15, 19, 23, 24, 25, 27, 26, 34, 35, 31, 33, 22, 40, 41, 43, 42, 30, 16, 54, 32, 57, 55, 59, 61, 17, 56, 68, 69, 58, 74, 75, 60, 18, 21, 80, 81, 20, 62, 63, 49, 48, 88, 89, 92, 93, 96, 97, 100, 101, 90, 91, 102, 103, 65, 64, 38, 39, 50, 51, 118, 124, 125, 119, 128, 129, 130, 131, 132, 133, 77, 66, 123, 76, 143, 140, 141, 142, 152, 153, 67, 116, 156, 157, 160, 161, 162, 122, 117, 170, 171, 172, 173, 176, 177, 180, 181, 112, 113, 174, 175, 186, 187, 188, 189, 163, 84, 85, 200, 204, 205, 201, 203, 202, 208, 209, 210, 211, 218, 219, 213, 212, 215, 223, 224, 230, 231, 225, 228, 229, 214, 236, 237, 220, 221, 222, 240, 241, 244, 245, 242, 243, 135, 134, 146, 159, 151, 158, 147, 150, 258, 259, 239, 238, 216, 217, 121, 120, 274, 275, 280, 281, 284, 285, 286, 287, 154, 155, 106, 148, 295, 126, 292, 293, 294, 115, 149, 127, 246, 312, 313, 316, 317, 318, 319, 324, 325, 326, 327, 247, 233, 232, 235, 234, 167, 107, 114, 206, 343, 194, 195, 207, 179, 356, 358, 359, 357, 94, 178, 349, 350, 354, 355, 364, 365, 366, 367, 376, 377, 378, 379, 351, 95, 339, 345, 348, 394, 395, 401, 396, 397, 400]
  列生成求解结果: 目标值=9.0000， 下界=7.0000， 上界=11.0000
    非整数变量: COL_1-18-23-7-9_41 = 0.333333
  解不是整数，开始分支...
ImposedVertex(vertex=27)
ForbidVertex(vertex=27)
  创建了 2 个分支
    添加分支节点 1: ID=412
    添加分支节点 2: ID=413

处理节点 341
  开始列生成求解...
Set parameter LogToConsole to value 0
Set parameter Threads to value 1
Set parameter Seed to value 0
  定价策略: Exact, node=341, vertices=15
Set parameter PoolSearchMode to value 2
Set parameter PoolSolutions to value 10
[CG 1] RMP=8.000000, pricing=ExactPricingSolver, new_columns=0
  搜索路径: [1, 2, 3, 6, 7, 8, 11, 9, 14, 10, 15, 19, 23, 24, 25, 27, 26, 34, 35, 31, 33, 22, 40, 41, 43, 42, 30, 16, 54, 32, 57, 55, 59, 61, 17, 56, 68, 69, 58, 74, 75, 60, 18, 21, 80, 81, 20, 62, 63, 49, 48, 88, 89, 92, 93, 96, 97, 100, 101, 90, 91, 102, 103, 65, 64, 38, 39, 50, 51, 118, 124, 125, 119, 128, 129, 130, 131, 132, 133, 77, 66, 123, 76, 143, 140, 141, 142, 152, 153, 67, 116, 156, 157, 160, 161, 162, 122, 117, 170, 171, 172, 173, 176, 177, 180, 181, 112, 113, 174, 175, 186, 187, 188, 189, 163, 84, 85, 200, 204, 205, 201, 203, 202, 208, 209, 210, 211, 218, 219, 213, 212, 215, 223, 224, 230, 231, 225, 228, 229, 214, 236, 237, 220, 221, 222, 240, 241, 244, 245, 242, 243, 135, 134, 146, 159, 151, 158, 147, 150, 258, 259, 239, 238, 216, 217, 121, 120, 274, 275, 280, 281, 284, 285, 286, 287, 154, 155, 106, 148, 295, 126, 292, 293, 294, 115, 149, 127, 246, 312, 313, 316, 317, 318, 319, 324, 325, 326, 327, 247, 233, 232, 235, 234, 167, 107, 114, 206, 343, 194, 195, 207, 179, 356, 358, 359, 357, 94, 178, 349, 350, 354, 355, 364, 365, 366, 367, 376, 377, 378, 379, 351, 95, 339, 345, 348, 394, 395, 401, 396, 397, 400, 341]
  列生成求解结果: 目标值=8.0000， 下界=7.0000， 上界=11.0000
    非整数变量: COL_1-18-23-9_37 = 0.190476
  解不是整数，开始分支...
ImposedVertex(vertex=23)
ForbidVertex(vertex=23)
  创建了 2 个分支
    添加分支节点 1: ID=414
    添加分支节点 2: ID=415

处理节点 344
  开始列生成求解...
Set parameter LogToConsole to value 0
Set parameter Threads to value 1
Set parameter Seed to value 0
  定价策略: Exact, node=344, vertices=17
Set parameter PoolSearchMode to value 2
Set parameter PoolSolutions to value 10
[CG 1] RMP=12.000000, pricing=ExactPricingSolver, new_columns=0
  搜索路径: [1, 2, 3, 6, 7, 8, 11, 9, 14, 10, 15, 19, 23, 24, 25, 27, 26, 34, 35, 31, 33, 22, 40, 41, 43, 42, 30, 16, 54, 32, 57, 55, 59, 61, 17, 56, 68, 69, 58, 74, 75, 60, 18, 21, 80, 81, 20, 62, 63, 49, 48, 88, 89, 92, 93, 96, 97, 100, 101, 90, 91, 102, 103, 65, 64, 38, 39, 50, 51, 118, 124, 125, 119, 128, 129, 130, 131, 132, 133, 77, 66, 123, 76, 143, 140, 141, 142, 152, 153, 67, 116, 156, 157, 160, 161, 162, 122, 117, 170, 171, 172, 173, 176, 177, 180, 181, 112, 113, 174, 175, 186, 187, 188, 189, 163, 84, 85, 200, 204, 205, 201, 203, 202, 208, 209, 210, 211, 218, 219, 213, 212, 215, 223, 224, 230, 231, 225, 228, 229, 214, 236, 237, 220, 221, 222, 240, 241, 244, 245, 242, 243, 135, 134, 146, 159, 151, 158, 147, 150, 258, 259, 239, 238, 216, 217, 121, 120, 274, 275, 280, 281, 284, 285, 286, 287, 154, 155, 106, 148, 295, 126, 292, 293, 294, 115, 149, 127, 246, 312, 313, 316, 317, 318, 319, 324, 325, 326, 327, 247, 233, 232, 235, 234, 167, 107, 114, 206, 343, 194, 195, 207, 179, 356, 358, 359, 357, 94, 178, 349, 350, 354, 355, 364, 365, 366, 367, 376, 377, 378, 379, 351, 95, 339, 345, 348, 394, 395, 401, 396, 397, 400, 341, 344]
  列生成求解结果: 目标值=12.0000， 下界=7.0000， 上界=11.0000

处理节点 342
  开始列生成求解...
Set parameter LogToConsole to value 0
Set parameter Threads to value 1
Set parameter Seed to value 0
  定价策略: Exact, node=342, vertices=15
Set parameter PoolSearchMode to value 2
Set parameter PoolSolutions to value 10
[CG 1] RMP=8.000000, pricing=ExactPricingSolver, new_columns=10
[CG 2] RMP=7.000000, pricing=ExactPricingSolver, new_columns=0
  搜索路径: [1, 2, 3, 6, 7, 8, 11, 9, 14, 10, 15, 19, 23, 24, 25, 27, 26, 34, 35, 31, 33, 22, 40, 41, 43, 42, 30, 16, 54, 32, 57, 55, 59, 61, 17, 56, 68, 69, 58, 74, 75, 60, 18, 21, 80, 81, 20, 62, 63, 49, 48, 88, 89, 92, 93, 96, 97, 100, 101, 90, 91, 102, 103, 65, 64, 38, 39, 50, 51, 118, 124, 125, 119, 128, 129, 130, 131, 132, 133, 77, 66, 123, 76, 143, 140, 141, 142, 152, 153, 67, 116, 156, 157, 160, 161, 162, 122, 117, 170, 171, 172, 173, 176, 177, 180, 181, 112, 113, 174, 175, 186, 187, 188, 189, 163, 84, 85, 200, 204, 205, 201, 203, 202, 208, 209, 210, 211, 218, 219, 213, 212, 215, 223, 224, 230, 231, 225, 228, 229, 214, 236, 237, 220, 221, 222, 240, 241, 244, 245, 242, 243, 135, 134, 146, 159, 151, 158, 147, 150, 258, 259, 239, 238, 216, 217, 121, 120, 274, 275, 280, 281, 284, 285, 286, 287, 154, 155, 106, 148, 295, 126, 292, 293, 294, 115, 149, 127, 246, 312, 313, 316, 317, 318, 319, 324, 325, 326, 327, 247, 233, 232, 235, 234, 167, 107, 114, 206, 343, 194, 195, 207, 179, 356, 358, 359, 357, 94, 178, 349, 350, 354, 355, 364, 365, 366, 367, 376, 377, 378, 379, 351, 95, 339, 345, 348, 394, 395, 401, 396, 397, 400, 341, 344, 342]
  列生成求解结果: 目标值=7.0000， 下界=7.0000， 上界=11.0000
    非整数变量: COL_18-23-9_35 = 0.142857
  解不是整数，开始分支...
ImposedVertex(vertex=20)
ForbidVertex(vertex=20)
  创建了 2 个分支
    添加分支节点 1: ID=416
    添加分支节点 2: ID=417

处理节点 166
  开始列生成求解...
Set parameter LogToConsole to value 0
Set parameter Threads to value 1
Set parameter Seed to value 0
  定价策略: Exact, node=166, vertices=16
Set parameter PoolSearchMode to value 2
Set parameter PoolSolutions to value 10
[CG 1] RMP=2010.000000, pricing=ExactPricingSolver, new_columns=10
[CG 2] RMP=12.000000, pricing=ExactPricingSolver, new_columns=0
  搜索路径: [1, 2, 3, 6, 7, 8, 11, 9, 14, 10, 15, 19, 23, 24, 25, 27, 26, 34, 35, 31, 33, 22, 40, 41, 43, 42, 30, 16, 54, 32, 57, 55, 59, 61, 17, 56, 68, 69, 58, 74, 75, 60, 18, 21, 80, 81, 20, 62, 63, 49, 48, 88, 89, 92, 93, 96, 97, 100, 101, 90, 91, 102, 103, 65, 64, 38, 39, 50, 51, 118, 124, 125, 119, 128, 129, 130, 131, 132, 133, 77, 66, 123, 76, 143, 140, 141, 142, 152, 153, 67, 116, 156, 157, 160, 161, 162, 122, 117, 170, 171, 172, 173, 176, 177, 180, 181, 112, 113, 174, 175, 186, 187, 188, 189, 163, 84, 85, 200, 204, 205, 201, 203, 202, 208, 209, 210, 211, 218, 219, 213, 212, 215, 223, 224, 230, 231, 225, 228, 229, 214, 236, 237, 220, 221, 222, 240, 241, 244, 245, 242, 243, 135, 134, 146, 159, 151, 158, 147, 150, 258, 259, 239, 238, 216, 217, 121, 120, 274, 275, 280, 281, 284, 285, 286, 287, 154, 155, 106, 148, 295, 126, 292, 293, 294, 115, 149, 127, 246, 312, 313, 316, 317, 318, 319, 324, 325, 326, 327, 247, 233, 232, 235, 234, 167, 107, 114, 206, 343, 194, 195, 207, 179, 356, 358, 359, 357, 94, 178, 349, 350, 354, 355, 364, 365, 366, 367, 376, 377, 378, 379, 351, 95, 339, 345, 348, 394, 395, 401, 396, 397, 400, 341, 344, 342, 166]
  列生成求解结果: 目标值=12.0000， 下界=7.0000， 上界=11.0000

处理节点 338
  开始列生成求解...
Set parameter LogToConsole to value 0
Set parameter Threads to value 1
Set parameter Seed to value 0
  定价策略: Exact, node=338, vertices=16
Set parameter PoolSearchMode to value 2
Set parameter PoolSolutions to value 10
[CG 1] RMP=12.000000, pricing=ExactPricingSolver, new_columns=0
  搜索路径: [1, 2, 3, 6, 7, 8, 11, 9, 14, 10, 15, 19, 23, 24, 25, 27, 26, 34, 35, 31, 33, 22, 40, 41, 43, 42, 30, 16, 54, 32, 57, 55, 59, 61, 17, 56, 68, 69, 58, 74, 75, 60, 18, 21, 80, 81, 20, 62, 63, 49, 48, 88, 89, 92, 93, 96, 97, 100, 101, 90, 91, 102, 103, 65, 64, 38, 39, 50, 51, 118, 124, 125, 119, 128, 129, 130, 131, 132, 133, 77, 66, 123, 76, 143, 140, 141, 142, 152, 153, 67, 116, 156, 157, 160, 161, 162, 122, 117, 170, 171, 172, 173, 176, 177, 180, 181, 112, 113, 174, 175, 186, 187, 188, 189, 163, 84, 85, 200, 204, 205, 201, 203, 202, 208, 209, 210, 211, 218, 219, 213, 212, 215, 223, 224, 230, 231, 225, 228, 229, 214, 236, 237, 220, 221, 222, 240, 241, 244, 245, 242, 243, 135, 134, 146, 159, 151, 158, 147, 150, 258, 259, 239, 238, 216, 217, 121, 120, 274, 275, 280, 281, 284, 285, 286, 287, 154, 155, 106, 148, 295, 126, 292, 293, 294, 115, 149, 127, 246, 312, 313, 316, 317, 318, 319, 324, 325, 326, 327, 247, 233, 232, 235, 234, 167, 107, 114, 206, 343, 194, 195, 207, 179, 356, 358, 359, 357, 94, 178, 349, 350, 354, 355, 364, 365, 366, 367, 376, 377, 378, 379, 351, 95, 339, 345, 348, 394, 395, 401, 396, 397, 400, 341, 344, 342, 166, 338]
  列生成求解结果: 目标值=12.0000， 下界=7.0000， 上界=11.0000

处理节点 416
  开始列生成求解...
Set parameter LogToConsole to value 0
Set parameter Threads to value 1
Set parameter Seed to value 0
  定价策略: Exact, node=416, vertices=14
Set parameter PoolSearchMode to value 2
Set parameter PoolSolutions to value 10
[CG 1] RMP=8.000000, pricing=ExactPricingSolver, new_columns=0
  搜索路径: [1, 2, 3, 6, 7, 8, 11, 9, 14, 10, 15, 19, 23, 24, 25, 27, 26, 34, 35, 31, 33, 22, 40, 41, 43, 42, 30, 16, 54, 32, 57, 55, 59, 61, 17, 56, 68, 69, 58, 74, 75, 60, 18, 21, 80, 81, 20, 62, 63, 49, 48, 88, 89, 92, 93, 96, 97, 100, 101, 90, 91, 102, 103, 65, 64, 38, 39, 50, 51, 118, 124, 125, 119, 128, 129, 130, 131, 132, 133, 77, 66, 123, 76, 143, 140, 141, 142, 152, 153, 67, 116, 156, 157, 160, 161, 162, 122, 117, 170, 171, 172, 173, 176, 177, 180, 181, 112, 113, 174, 175, 186, 187, 188, 189, 163, 84, 85, 200, 204, 205, 201, 203, 202, 208, 209, 210, 211, 218, 219, 213, 212, 215, 223, 224, 230, 231, 225, 228, 229, 214, 236, 237, 220, 221, 222, 240, 241, 244, 245, 242, 243, 135, 134, 146, 159, 151, 158, 147, 150, 258, 259, 239, 238, 216, 217, 121, 120, 274, 275, 280, 281, 284, 285, 286, 287, 154, 155, 106, 148, 295, 126, 292, 293, 294, 115, 149, 127, 246, 312, 313, 316, 317, 318, 319, 324, 325, 326, 327, 247, 233, 232, 235, 234, 167, 107, 114, 206, 343, 194, 195, 207, 179, 356, 358, 359, 357, 94, 178, 349, 350, 354, 355, 364, 365, 366, 367, 376, 377, 378, 379, 351, 95, 339, 345, 348, 394, 395, 401, 396, 397, 400, 341, 344, 342, 166, 338, 416]
  列生成求解结果: 目标值=8.0000， 下界=7.0000， 上界=11.0000
    非整数变量: COL_13-15-18-20-23-28-5-7_772 = 0.666667
  解不是整数，开始分支...
ImposedVertex(vertex=28)
ForbidVertex(vertex=28)
  创建了 2 个分支
    添加分支节点 1: ID=418
    添加分支节点 2: ID=419

处理节点 417
  开始列生成求解...
Set parameter LogToConsole to value 0
Set parameter Threads to value 1
Set parameter Seed to value 0
  定价策略: Exact, node=417, vertices=14
Set parameter PoolSearchMode to value 2
Set parameter PoolSolutions to value 10
[CG 1] RMP=9.000000, pricing=ExactPricingSolver, new_columns=0
  搜索路径: [1, 2, 3, 6, 7, 8, 11, 9, 14, 10, 15, 19, 23, 24, 25, 27, 26, 34, 35, 31, 33, 22, 40, 41, 43, 42, 30, 16, 54, 32, 57, 55, 59, 61, 17, 56, 68, 69, 58, 74, 75, 60, 18, 21, 80, 81, 20, 62, 63, 49, 48, 88, 89, 92, 93, 96, 97, 100, 101, 90, 91, 102, 103, 65, 64, 38, 39, 50, 51, 118, 124, 125, 119, 128, 129, 130, 131, 132, 133, 77, 66, 123, 76, 143, 140, 141, 142, 152, 153, 67, 116, 156, 157, 160, 161, 162, 122, 117, 170, 171, 172, 173, 176, 177, 180, 181, 112, 113, 174, 175, 186, 187, 188, 189, 163, 84, 85, 200, 204, 205, 201, 203, 202, 208, 209, 210, 211, 218, 219, 213, 212, 215, 223, 224, 230, 231, 225, 228, 229, 214, 236, 237, 220, 221, 222, 240, 241, 244, 245, 242, 243, 135, 134, 146, 159, 151, 158, 147, 150, 258, 259, 239, 238, 216, 217, 121, 120, 274, 275, 280, 281, 284, 285, 286, 287, 154, 155, 106, 148, 295, 126, 292, 293, 294, 115, 149, 127, 246, 312, 313, 316, 317, 318, 319, 324, 325, 326, 327, 247, 233, 232, 235, 234, 167, 107, 114, 206, 343, 194, 195, 207, 179, 356, 358, 359, 357, 94, 178, 349, 350, 354, 355, 364, 365, 366, 367, 376, 377, 378, 379, 351, 95, 339, 345, 348, 394, 395, 401, 396, 397, 400, 341, 344, 342, 166, 338, 416, 417]
  列生成求解结果: 目标值=9.0000， 下界=7.0000， 上界=11.0000
    非整数变量: COL_0-13-18-7-9_304 = 0.100000
  解不是整数，开始分支...
ImposedVertex(vertex=28)
ForbidVertex(vertex=28)
  创建了 2 个分支
    添加分支节点 1: ID=420
    添加分支节点 2: ID=421

处理节点 340
  开始列生成求解...
Set parameter LogToConsole to value 0
Set parameter Threads to value 1
Set parameter Seed to value 0
  定价策略: Exact, node=340, vertices=15
Set parameter PoolSearchMode to value 2
Set parameter PoolSolutions to value 10
[CG 1] RMP=9.000000, pricing=ExactPricingSolver, new_columns=0
  搜索路径: [1, 2, 3, 6, 7, 8, 11, 9, 14, 10, 15, 19, 23, 24, 25, 27, 26, 34, 35, 31, 33, 22, 40, 41, 43, 42, 30, 16, 54, 32, 57, 55, 59, 61, 17, 56, 68, 69, 58, 74, 75, 60, 18, 21, 80, 81, 20, 62, 63, 49, 48, 88, 89, 92, 93, 96, 97, 100, 101, 90, 91, 102, 103, 65, 64, 38, 39, 50, 51, 118, 124, 125, 119, 128, 129, 130, 131, 132, 133, 77, 66, 123, 76, 143, 140, 141, 142, 152, 153, 67, 116, 156, 157, 160, 161, 162, 122, 117, 170, 171, 172, 173, 176, 177, 180, 181, 112, 113, 174, 175, 186, 187, 188, 189, 163, 84, 85, 200, 204, 205, 201, 203, 202, 208, 209, 210, 211, 218, 219, 213, 212, 215, 223, 224, 230, 231, 225, 228, 229, 214, 236, 237, 220, 221, 222, 240, 241, 244, 245, 242, 243, 135, 134, 146, 159, 151, 158, 147, 150, 258, 259, 239, 238, 216, 217, 121, 120, 274, 275, 280, 281, 284, 285, 286, 287, 154, 155, 106, 148, 295, 126, 292, 293, 294, 115, 149, 127, 246, 312, 313, 316, 317, 318, 319, 324, 325, 326, 327, 247, 233, 232, 235, 234, 167, 107, 114, 206, 343, 194, 195, 207, 179, 356, 358, 359, 357, 94, 178, 349, 350, 354, 355, 364, 365, 366, 367, 376, 377, 378, 379, 351, 95, 339, 345, 348, 394, 395, 401, 396, 397, 400, 341, 344, 342, 166, 338, 416, 417, 340]
  列生成求解结果: 目标值=9.0000， 下界=7.0000， 上界=11.0000
    非整数变量: COL_1-18-23-9_37 = 0.333333
  解不是整数，开始分支...
ImposedVertex(vertex=27)
ForbidVertex(vertex=27)
  创建了 2 个分支
    添加分支节点 1: ID=422
    添加分支节点 2: ID=423

处理节点 283
  开始列生成求解...
Set parameter LogToConsole to value 0
Set parameter Threads to value 1
Set parameter Seed to value 0
  定价策略: Exact, node=283, vertices=16
Set parameter PoolSearchMode to value 2
Set parameter PoolSolutions to value 10
[CG 1] RMP=16.000000, pricing=ExactPricingSolver, new_columns=10
[CG 2] RMP=11.000000, pricing=ExactPricingSolver, new_columns=0
  搜索路径: [1, 2, 3, 6, 7, 8, 11, 9, 14, 10, 15, 19, 23, 24, 25, 27, 26, 34, 35, 31, 33, 22, 40, 41, 43, 42, 30, 16, 54, 32, 57, 55, 59, 61, 17, 56, 68, 69, 58, 74, 75, 60, 18, 21, 80, 81, 20, 62, 63, 49, 48, 88, 89, 92, 93, 96, 97, 100, 101, 90, 91, 102, 103, 65, 64, 38, 39, 50, 51, 118, 124, 125, 119, 128, 129, 130, 131, 132, 133, 77, 66, 123, 76, 143, 140, 141, 142, 152, 153, 67, 116, 156, 157, 160, 161, 162, 122, 117, 170, 171, 172, 173, 176, 177, 180, 181, 112, 113, 174, 175, 186, 187, 188, 189, 163, 84, 85, 200, 204, 205, 201, 203, 202, 208, 209, 210, 211, 218, 219, 213, 212, 215, 223, 224, 230, 231, 225, 228, 229, 214, 236, 237, 220, 221, 222, 240, 241, 244, 245, 242, 243, 135, 134, 146, 159, 151, 158, 147, 150, 258, 259, 239, 238, 216, 217, 121, 120, 274, 275, 280, 281, 284, 285, 286, 287, 154, 155, 106, 148, 295, 126, 292, 293, 294, 115, 149, 127, 246, 312, 313, 316, 317, 318, 319, 324, 325, 326, 327, 247, 233, 232, 235, 234, 167, 107, 114, 206, 343, 194, 195, 207, 179, 356, 358, 359, 357, 94, 178, 349, 350, 354, 355, 364, 365, 366, 367, 376, 377, 378, 379, 351, 95, 339, 345, 348, 394, 395, 401, 396, 397, 400, 341, 344, 342, 166, 338, 416, 417, 340, 283]
  列生成求解结果: 目标值=11.0000， 下界=7.0000， 上界=11.0000

处理节点 282
  开始列生成求解...
Set parameter LogToConsole to value 0
Set parameter Threads to value 1
Set parameter Seed to value 0
  定价策略: Exact, node=282, vertices=16
Set parameter PoolSearchMode to value 2
Set parameter PoolSolutions to value 10
[CG 1] RMP=9.000000, pricing=ExactPricingSolver, new_columns=10
[CG 2] RMP=7.000000, pricing=ExactPricingSolver, new_columns=0
  搜索路径: [1, 2, 3, 6, 7, 8, 11, 9, 14, 10, 15, 19, 23, 24, 25, 27, 26, 34, 35, 31, 33, 22, 40, 41, 43, 42, 30, 16, 54, 32, 57, 55, 59, 61, 17, 56, 68, 69, 58, 74, 75, 60, 18, 21, 80, 81, 20, 62, 63, 49, 48, 88, 89, 92, 93, 96, 97, 100, 101, 90, 91, 102, 103, 65, 64, 38, 39, 50, 51, 118, 124, 125, 119, 128, 129, 130, 131, 132, 133, 77, 66, 123, 76, 143, 140, 141, 142, 152, 153, 67, 116, 156, 157, 160, 161, 162, 122, 117, 170, 171, 172, 173, 176, 177, 180, 181, 112, 113, 174, 175, 186, 187, 188, 189, 163, 84, 85, 200, 204, 205, 201, 203, 202, 208, 209, 210, 211, 218, 219, 213, 212, 215, 223, 224, 230, 231, 225, 228, 229, 214, 236, 237, 220, 221, 222, 240, 241, 244, 245, 242, 243, 135, 134, 146, 159, 151, 158, 147, 150, 258, 259, 239, 238, 216, 217, 121, 120, 274, 275, 280, 281, 284, 285, 286, 287, 154, 155, 106, 148, 295, 126, 292, 293, 294, 115, 149, 127, 246, 312, 313, 316, 317, 318, 319, 324, 325, 326, 327, 247, 233, 232, 235, 234, 167, 107, 114, 206, 343, 194, 195, 207, 179, 356, 358, 359, 357, 94, 178, 349, 350, 354, 355, 364, 365, 366, 367, 376, 377, 378, 379, 351, 95, 339, 345, 348, 394, 395, 401, 396, 397, 400, 341, 344, 342, 166, 338, 416, 417, 340, 283, 282]
  列生成求解结果: 目标值=7.0000， 下界=7.0000， 上界=11.0000
    非整数变量: COL_13-21-23-27-3-9_73 = 0.166667
  解不是整数，开始分支...
ImposedVertex(vertex=3)
ForbidVertex(vertex=3)
  创建了 2 个分支
    添加分支节点 1: ID=424
    添加分支节点 2: ID=425

处理节点 424
  开始列生成求解...
Set parameter LogToConsole to value 0
Set parameter Threads to value 1
Set parameter Seed to value 0
  定价策略: Exact, node=424, vertices=15
Set parameter PoolSearchMode to value 2
Set parameter PoolSolutions to value 10
[CG 1] RMP=12.320000, pricing=ExactPricingSolver, new_columns=10
[CG 2] RMP=12.000000, pricing=ExactPricingSolver, new_columns=0
  搜索路径: [1, 2, 3, 6, 7, 8, 11, 9, 14, 10, 15, 19, 23, 24, 25, 27, 26, 34, 35, 31, 33, 22, 40, 41, 43, 42, 30, 16, 54, 32, 57, 55, 59, 61, 17, 56, 68, 69, 58, 74, 75, 60, 18, 21, 80, 81, 20, 62, 63, 49, 48, 88, 89, 92, 93, 96, 97, 100, 101, 90, 91, 102, 103, 65, 64, 38, 39, 50, 51, 118, 124, 125, 119, 128, 129, 130, 131, 132, 133, 77, 66, 123, 76, 143, 140, 141, 142, 152, 153, 67, 116, 156, 157, 160, 161, 162, 122, 117, 170, 171, 172, 173, 176, 177, 180, 181, 112, 113, 174, 175, 186, 187, 188, 189, 163, 84, 85, 200, 204, 205, 201, 203, 202, 208, 209, 210, 211, 218, 219, 213, 212, 215, 223, 224, 230, 231, 225, 228, 229, 214, 236, 237, 220, 221, 222, 240, 241, 244, 245, 242, 243, 135, 134, 146, 159, 151, 158, 147, 150, 258, 259, 239, 238, 216, 217, 121, 120, 274, 275, 280, 281, 284, 285, 286, 287, 154, 155, 106, 148, 295, 126, 292, 293, 294, 115, 149, 127, 246, 312, 313, 316, 317, 318, 319, 324, 325, 326, 327, 247, 233, 232, 235, 234, 167, 107, 114, 206, 343, 194, 195, 207, 179, 356, 358, 359, 357, 94, 178, 349, 350, 354, 355, 364, 365, 366, 367, 376, 377, 378, 379, 351, 95, 339, 345, 348, 394, 395, 401, 396, 397, 400, 341, 344, 342, 166, 338, 416, 417, 340, 283, 282, 424]
  列生成求解结果: 目标值=12.0000， 下界=7.0000， 上界=11.0000

处理节点 425
  开始列生成求解...
Set parameter LogToConsole to value 0
Set parameter Threads to value 1
Set parameter Seed to value 0
  定价策略: Exact, node=425, vertices=15
Set parameter PoolSearchMode to value 2
Set parameter PoolSolutions to value 10
[CG 1] RMP=9.000000, pricing=ExactPricingSolver, new_columns=10
[CG 2] RMP=7.000000, pricing=ExactPricingSolver, new_columns=0
  搜索路径: [1, 2, 3, 6, 7, 8, 11, 9, 14, 10, 15, 19, 23, 24, 25, 27, 26, 34, 35, 31, 33, 22, 40, 41, 43, 42, 30, 16, 54, 32, 57, 55, 59, 61, 17, 56, 68, 69, 58, 74, 75, 60, 18, 21, 80, 81, 20, 62, 63, 49, 48, 88, 89, 92, 93, 96, 97, 100, 101, 90, 91, 102, 103, 65, 64, 38, 39, 50, 51, 118, 124, 125, 119, 128, 129, 130, 131, 132, 133, 77, 66, 123, 76, 143, 140, 141, 142, 152, 153, 67, 116, 156, 157, 160, 161, 162, 122, 117, 170, 171, 172, 173, 176, 177, 180, 181, 112, 113, 174, 175, 186, 187, 188, 189, 163, 84, 85, 200, 204, 205, 201, 203, 202, 208, 209, 210, 211, 218, 219, 213, 212, 215, 223, 224, 230, 231, 225, 228, 229, 214, 236, 237, 220, 221, 222, 240, 241, 244, 245, 242, 243, 135, 134, 146, 159, 151, 158, 147, 150, 258, 259, 239, 238, 216, 217, 121, 120, 274, 275, 280, 281, 284, 285, 286, 287, 154, 155, 106, 148, 295, 126, 292, 293, 294, 115, 149, 127, 246, 312, 313, 316, 317, 318, 319, 324, 325, 326, 327, 247, 233, 232, 235, 234, 167, 107, 114, 206, 343, 194, 195, 207, 179, 356, 358, 359, 357, 94, 178, 349, 350, 354, 355, 364, 365, 366, 367, 376, 377, 378, 379, 351, 95, 339, 345, 348, 394, 395, 401, 396, 397, 400, 341, 344, 342, 166, 338, 416, 417, 340, 283, 282, 424, 425]
  列生成求解结果: 目标值=7.0000， 下界=7.0000， 上界=11.0000
    非整数变量: COL_13-21-23-27-9_69 = 0.305556
  解不是整数，开始分支...
ImposedVertex(vertex=21)
ForbidVertex(vertex=21)
  创建了 2 个分支
    添加分支节点 1: ID=426
    添加分支节点 2: ID=427

处理节点 426
  开始列生成求解...
Set parameter LogToConsole to value 0
Set parameter Threads to value 1
Set parameter Seed to value 0
  定价策略: Exact, node=426, vertices=14
Set parameter PoolSearchMode to value 2
Set parameter PoolSolutions to value 10
[CG 1] RMP=11.000000, pricing=ExactPricingSolver, new_columns=10
[CG 2] RMP=9.000000, pricing=ExactPricingSolver, new_columns=0
  搜索路径: [1, 2, 3, 6, 7, 8, 11, 9, 14, 10, 15, 19, 23, 24, 25, 27, 26, 34, 35, 31, 33, 22, 40, 41, 43, 42, 30, 16, 54, 32, 57, 55, 59, 61, 17, 56, 68, 69, 58, 74, 75, 60, 18, 21, 80, 81, 20, 62, 63, 49, 48, 88, 89, 92, 93, 96, 97, 100, 101, 90, 91, 102, 103, 65, 64, 38, 39, 50, 51, 118, 124, 125, 119, 128, 129, 130, 131, 132, 133, 77, 66, 123, 76, 143, 140, 141, 142, 152, 153, 67, 116, 156, 157, 160, 161, 162, 122, 117, 170, 171, 172, 173, 176, 177, 180, 181, 112, 113, 174, 175, 186, 187, 188, 189, 163, 84, 85, 200, 204, 205, 201, 203, 202, 208, 209, 210, 211, 218, 219, 213, 212, 215, 223, 224, 230, 231, 225, 228, 229, 214, 236, 237, 220, 221, 222, 240, 241, 244, 245, 242, 243, 135, 134, 146, 159, 151, 158, 147, 150, 258, 259, 239, 238, 216, 217, 121, 120, 274, 275, 280, 281, 284, 285, 286, 287, 154, 155, 106, 148, 295, 126, 292, 293, 294, 115, 149, 127, 246, 312, 313, 316, 317, 318, 319, 324, 325, 326, 327, 247, 233, 232, 235, 234, 167, 107, 114, 206, 343, 194, 195, 207, 179, 356, 358, 359, 357, 94, 178, 349, 350, 354, 355, 364, 365, 366, 367, 376, 377, 378, 379, 351, 95, 339, 345, 348, 394, 395, 401, 396, 397, 400, 341, 344, 342, 166, 338, 416, 417, 340, 283, 282, 424, 425, 426]
  列生成求解结果: 目标值=9.0000， 下界=7.0000， 上界=11.0000
    非整数变量: COL_13-21-23-27-9_69 = 0.409091
  解不是整数，开始分支...
ImposedVertex(vertex=23)
ForbidVertex(vertex=23)
  创建了 2 个分支
    添加分支节点 1: ID=428
    添加分支节点 2: ID=429

处理节点 427
  开始列生成求解...
Set parameter LogToConsole to value 0
Set parameter Threads to value 1
Set parameter Seed to value 0
  定价策略: Exact, node=427, vertices=14
Set parameter PoolSearchMode to value 2
Set parameter PoolSolutions to value 10
[CG 1] RMP=9.000000, pricing=ExactPricingSolver, new_columns=10
[CG 2] RMP=8.000000, pricing=ExactPricingSolver, new_columns=0
  搜索路径: [1, 2, 3, 6, 7, 8, 11, 9, 14, 10, 15, 19, 23, 24, 25, 27, 26, 34, 35, 31, 33, 22, 40, 41, 43, 42, 30, 16, 54, 32, 57, 55, 59, 61, 17, 56, 68, 69, 58, 74, 75, 60, 18, 21, 80, 81, 20, 62, 63, 49, 48, 88, 89, 92, 93, 96, 97, 100, 101, 90, 91, 102, 103, 65, 64, 38, 39, 50, 51, 118, 124, 125, 119, 128, 129, 130, 131, 132, 133, 77, 66, 123, 76, 143, 140, 141, 142, 152, 153, 67, 116, 156, 157, 160, 161, 162, 122, 117, 170, 171, 172, 173, 176, 177, 180, 181, 112, 113, 174, 175, 186, 187, 188, 189, 163, 84, 85, 200, 204, 205, 201, 203, 202, 208, 209, 210, 211, 218, 219, 213, 212, 215, 223, 224, 230, 231, 225, 228, 229, 214, 236, 237, 220, 221, 222, 240, 241, 244, 245, 242, 243, 135, 134, 146, 159, 151, 158, 147, 150, 258, 259, 239, 238, 216, 217, 121, 120, 274, 275, 280, 281, 284, 285, 286, 287, 154, 155, 106, 148, 295, 126, 292, 293, 294, 115, 149, 127, 246, 312, 313, 316, 317, 318, 319, 324, 325, 326, 327, 247, 233, 232, 235, 234, 167, 107, 114, 206, 343, 194, 195, 207, 179, 356, 358, 359, 357, 94, 178, 349, 350, 354, 355, 364, 365, 366, 367, 376, 377, 378, 379, 351, 95, 339, 345, 348, 394, 395, 401, 396, 397, 400, 341, 344, 342, 166, 338, 416, 417, 340, 283, 282, 424, 425, 426, 427]
  列生成求解结果: 目标值=8.0000， 下界=7.0000， 上界=11.0000
    非整数变量: COL_13-20-23_128 = 0.500000
  解不是整数，开始分支...
ImposedVertex(vertex=27)
ForbidVertex(vertex=27)
  创建了 2 个分支
    添加分支节点 1: ID=430
    添加分支节点 2: ID=431

处理节点 315
  开始列生成求解...
Set parameter LogToConsole to value 0
Set parameter Threads to value 1
Set parameter Seed to value 0
  定价策略: Exact, node=315, vertices=13
Set parameter PoolSearchMode to value 2
Set parameter PoolSolutions to value 10
[CG 1] RMP=8.842105, pricing=ExactPricingSolver, new_columns=10
[CG 2] RMP=8.000000, pricing=ExactPricingSolver, new_columns=0
  搜索路径: [1, 2, 3, 6, 7, 8, 11, 9, 14, 10, 15, 19, 23, 24, 25, 27, 26, 34, 35, 31, 33, 22, 40, 41, 43, 42, 30, 16, 54, 32, 57, 55, 59, 61, 17, 56, 68, 69, 58, 74, 75, 60, 18, 21, 80, 81, 20, 62, 63, 49, 48, 88, 89, 92, 93, 96, 97, 100, 101, 90, 91, 102, 103, 65, 64, 38, 39, 50, 51, 118, 124, 125, 119, 128, 129, 130, 131, 132, 133, 77, 66, 123, 76, 143, 140, 141, 142, 152, 153, 67, 116, 156, 157, 160, 161, 162, 122, 117, 170, 171, 172, 173, 176, 177, 180, 181, 112, 113, 174, 175, 186, 187, 188, 189, 163, 84, 85, 200, 204, 205, 201, 203, 202, 208, 209, 210, 211, 218, 219, 213, 212, 215, 223, 224, 230, 231, 225, 228, 229, 214, 236, 237, 220, 221, 222, 240, 241, 244, 245, 242, 243, 135, 134, 146, 159, 151, 158, 147, 150, 258, 259, 239, 238, 216, 217, 121, 120, 274, 275, 280, 281, 284, 285, 286, 287, 154, 155, 106, 148, 295, 126, 292, 293, 294, 115, 149, 127, 246, 312, 313, 316, 317, 318, 319, 324, 325, 326, 327, 247, 233, 232, 235, 234, 167, 107, 114, 206, 343, 194, 195, 207, 179, 356, 358, 359, 357, 94, 178, 349, 350, 354, 355, 364, 365, 366, 367, 376, 377, 378, 379, 351, 95, 339, 345, 348, 394, 395, 401, 396, 397, 400, 341, 344, 342, 166, 338, 416, 417, 340, 283, 282, 424, 425, 426, 427, 315]
  列生成求解结果: 目标值=8.0000， 下界=7.0000， 上界=11.0000
    非整数变量: COL_1-18-23-9_37 = 0.500000
  解不是整数，开始分支...
ImposedVertex(vertex=28)
ForbidVertex(vertex=28)
  创建了 2 个分支
    添加分支节点 1: ID=432
    添加分支节点 2: ID=433

处理节点 314
  开始列生成求解...
Set parameter LogToConsole to value 0
Set parameter Threads to value 1
Set parameter Seed to value 0
  定价策略: Exact, node=314, vertices=13
Set parameter PoolSearchMode to value 2
Set parameter PoolSolutions to value 10
[CG 1] RMP=2010.000000, pricing=ExactPricingSolver, new_columns=10
[CG 2] RMP=9.000000, pricing=ExactPricingSolver, new_columns=0
  搜索路径: [1, 2, 3, 6, 7, 8, 11, 9, 14, 10, 15, 19, 23, 24, 25, 27, 26, 34, 35, 31, 33, 22, 40, 41, 43, 42, 30, 16, 54, 32, 57, 55, 59, 61, 17, 56, 68, 69, 58, 74, 75, 60, 18, 21, 80, 81, 20, 62, 63, 49, 48, 88, 89, 92, 93, 96, 97, 100, 101, 90, 91, 102, 103, 65, 64, 38, 39, 50, 51, 118, 124, 125, 119, 128, 129, 130, 131, 132, 133, 77, 66, 123, 76, 143, 140, 141, 142, 152, 153, 67, 116, 156, 157, 160, 161, 162, 122, 117, 170, 171, 172, 173, 176, 177, 180, 181, 112, 113, 174, 175, 186, 187, 188, 189, 163, 84, 85, 200, 204, 205, 201, 203, 202, 208, 209, 210, 211, 218, 219, 213, 212, 215, 223, 224, 230, 231, 225, 228, 229, 214, 236, 237, 220, 221, 222, 240, 241, 244, 245, 242, 243, 135, 134, 146, 159, 151, 158, 147, 150, 258, 259, 239, 238, 216, 217, 121, 120, 274, 275, 280, 281, 284, 285, 286, 287, 154, 155, 106, 148, 295, 126, 292, 293, 294, 115, 149, 127, 246, 312, 313, 316, 317, 318, 319, 324, 325, 326, 327, 247, 233, 232, 235, 234, 167, 107, 114, 206, 343, 194, 195, 207, 179, 356, 358, 359, 357, 94, 178, 349, 350, 354, 355, 364, 365, 366, 367, 376, 377, 378, 379, 351, 95, 339, 345, 348, 394, 395, 401, 396, 397, 400, 341, 344, 342, 166, 338, 416, 417, 340, 283, 282, 424, 425, 426, 427, 315, 314]
  列生成求解结果: 目标值=9.0000， 下界=7.0000， 上界=11.0000
    非整数变量: COL_1-18-23-7-9_41 = 0.500000
  解不是整数，开始分支...
ImposedVertex(vertex=27)
ForbidVertex(vertex=27)
  创建了 2 个分支
    添加分支节点 1: ID=434
    添加分支节点 2: ID=435

处理节点 328
  开始列生成求解...
Set parameter LogToConsole to value 0
Set parameter Threads to value 1
Set parameter Seed to value 0
  定价策略: Exact, node=328, vertices=14
Set parameter PoolSearchMode to value 2
Set parameter PoolSolutions to value 10
[CG 1] RMP=12.705882, pricing=ExactPricingSolver, new_columns=10
[CG 2] RMP=10.000000, pricing=ExactPricingSolver, new_columns=0
  搜索路径: [1, 2, 3, 6, 7, 8, 11, 9, 14, 10, 15, 19, 23, 24, 25, 27, 26, 34, 35, 31, 33, 22, 40, 41, 43, 42, 30, 16, 54, 32, 57, 55, 59, 61, 17, 56, 68, 69, 58, 74, 75, 60, 18, 21, 80, 81, 20, 62, 63, 49, 48, 88, 89, 92, 93, 96, 97, 100, 101, 90, 91, 102, 103, 65, 64, 38, 39, 50, 51, 118, 124, 125, 119, 128, 129, 130, 131, 132, 133, 77, 66, 123, 76, 143, 140, 141, 142, 152, 153, 67, 116, 156, 157, 160, 161, 162, 122, 117, 170, 171, 172, 173, 176, 177, 180, 181, 112, 113, 174, 175, 186, 187, 188, 189, 163, 84, 85, 200, 204, 205, 201, 203, 202, 208, 209, 210, 211, 218, 219, 213, 212, 215, 223, 224, 230, 231, 225, 228, 229, 214, 236, 237, 220, 221, 222, 240, 241, 244, 245, 242, 243, 135, 134, 146, 159, 151, 158, 147, 150, 258, 259, 239, 238, 216, 217, 121, 120, 274, 275, 280, 281, 284, 285, 286, 287, 154, 155, 106, 148, 295, 126, 292, 293, 294, 115, 149, 127, 246, 312, 313, 316, 317, 318, 319, 324, 325, 326, 327, 247, 233, 232, 235, 234, 167, 107, 114, 206, 343, 194, 195, 207, 179, 356, 358, 359, 357, 94, 178, 349, 350, 354, 355, 364, 365, 366, 367, 376, 377, 378, 379, 351, 95, 339, 345, 348, 394, 395, 401, 396, 397, 400, 341, 344, 342, 166, 338, 416, 417, 340, 283, 282, 424, 425, 426, 427, 315, 314, 328]
  列生成求解结果: 目标值=10.0000， 下界=8.0000， 上界=11.0000
    非整数变量: COL_1-18-20-26_49 = 0.428571
  解不是整数，开始分支...
ImposedVertex(vertex=4)
ForbidVertex(vertex=4)
  创建了 2 个分支
    添加分支节点 1: ID=436
    添加分支节点 2: ID=437

处理节点 266
  开始列生成求解...
Set parameter LogToConsole to value 0
Set parameter Threads to value 1
Set parameter Seed to value 0
  定价策略: Exact, node=266, vertices=16
Set parameter PoolSearchMode to value 2
Set parameter PoolSolutions to value 10
[CG 1] RMP=8.000000, pricing=ExactPricingSolver, new_columns=0
  搜索路径: [1, 2, 3, 6, 7, 8, 11, 9, 14, 10, 15, 19, 23, 24, 25, 27, 26, 34, 35, 31, 33, 22, 40, 41, 43, 42, 30, 16, 54, 32, 57, 55, 59, 61, 17, 56, 68, 69, 58, 74, 75, 60, 18, 21, 80, 81, 20, 62, 63, 49, 48, 88, 89, 92, 93, 96, 97, 100, 101, 90, 91, 102, 103, 65, 64, 38, 39, 50, 51, 118, 124, 125, 119, 128, 129, 130, 131, 132, 133, 77, 66, 123, 76, 143, 140, 141, 142, 152, 153, 67, 116, 156, 157, 160, 161, 162, 122, 117, 170, 171, 172, 173, 176, 177, 180, 181, 112, 113, 174, 175, 186, 187, 188, 189, 163, 84, 85, 200, 204, 205, 201, 203, 202, 208, 209, 210, 211, 218, 219, 213, 212, 215, 223, 224, 230, 231, 225, 228, 229, 214, 236, 237, 220, 221, 222, 240, 241, 244, 245, 242, 243, 135, 134, 146, 159, 151, 158, 147, 150, 258, 259, 239, 238, 216, 217, 121, 120, 274, 275, 280, 281, 284, 285, 286, 287, 154, 155, 106, 148, 295, 126, 292, 293, 294, 115, 149, 127, 246, 312, 313, 316, 317, 318, 319, 324, 325, 326, 327, 247, 233, 232, 235, 234, 167, 107, 114, 206, 343, 194, 195, 207, 179, 356, 358, 359, 357, 94, 178, 349, 350, 354, 355, 364, 365, 366, 367, 376, 377, 378, 379, 351, 95, 339, 345, 348, 394, 395, 401, 396, 397, 400, 341, 344, 342, 166, 338, 416, 417, 340, 283, 282, 424, 425, 426, 427, 315, 314, 328, 266]
  列生成求解结果: 目标值=8.0000， 下界=8.0000， 上界=11.0000
    非整数变量: COL_11-15-20-25_23 = 0.333333
  解不是整数，开始分支...
ImposedVertex(vertex=18)
ForbidVertex(vertex=18)
  创建了 2 个分支
    添加分支节点 1: ID=438
    添加分支节点 2: ID=439

处理节点 267
  开始列生成求解...
Set parameter LogToConsole to value 0
Set parameter Threads to value 1
Set parameter Seed to value 0
  定价策略: Exact, node=267, vertices=17
Set parameter PoolSearchMode to value 2
Set parameter PoolSolutions to value 10
[CG 1] RMP=2010.000000, pricing=ExactPricingSolver, new_columns=10
[CG 2] RMP=8.000000, pricing=ExactPricingSolver, new_columns=0
  搜索路径: [1, 2, 3, 6, 7, 8, 11, 9, 14, 10, 15, 19, 23, 24, 25, 27, 26, 34, 35, 31, 33, 22, 40, 41, 43, 42, 30, 16, 54, 32, 57, 55, 59, 61, 17, 56, 68, 69, 58, 74, 75, 60, 18, 21, 80, 81, 20, 62, 63, 49, 48, 88, 89, 92, 93, 96, 97, 100, 101, 90, 91, 102, 103, 65, 64, 38, 39, 50, 51, 118, 124, 125, 119, 128, 129, 130, 131, 132, 133, 77, 66, 123, 76, 143, 140, 141, 142, 152, 153, 67, 116, 156, 157, 160, 161, 162, 122, 117, 170, 171, 172, 173, 176, 177, 180, 181, 112, 113, 174, 175, 186, 187, 188, 189, 163, 84, 85, 200, 204, 205, 201, 203, 202, 208, 209, 210, 211, 218, 219, 213, 212, 215, 223, 224, 230, 231, 225, 228, 229, 214, 236, 237, 220, 221, 222, 240, 241, 244, 245, 242, 243, 135, 134, 146, 159, 151, 158, 147, 150, 258, 259, 239, 238, 216, 217, 121, 120, 274, 275, 280, 281, 284, 285, 286, 287, 154, 155, 106, 148, 295, 126, 292, 293, 294, 115, 149, 127, 246, 312, 313, 316, 317, 318, 319, 324, 325, 326, 327, 247, 233, 232, 235, 234, 167, 107, 114, 206, 343, 194, 195, 207, 179, 356, 358, 359, 357, 94, 178, 349, 350, 354, 355, 364, 365, 366, 367, 376, 377, 378, 379, 351, 95, 339, 345, 348, 394, 395, 401, 396, 397, 400, 341, 344, 342, 166, 338, 416, 417, 340, 283, 282, 424, 425, 426, 427, 315, 314, 328, 266, 267]
  列生成求解结果: 目标值=8.0000， 下界=8.0000， 上界=11.0000
    非整数变量: COL_19-20-26_45 = 0.343434
  解不是整数，开始分支...
ImposedVertex(vertex=19)
ForbidVertex(vertex=19)
  创建了 2 个分支
    添加分支节点 1: ID=440
    添加分支节点 2: ID=441
  进度: 已处理 260 个节点, 剩余 175 个, 当前最优 11.0000, 当前列数: 2008

处理节点 184
  开始列生成求解...
Set parameter LogToConsole to value 0
Set parameter Threads to value 1
Set parameter Seed to value 0
  定价策略: Exact, node=184, vertices=13
Set parameter PoolSearchMode to value 2
Set parameter PoolSolutions to value 10
[CG 1] RMP=8.000000, pricing=ExactPricingSolver, new_columns=0
  搜索路径: [1, 2, 3, 6, 7, 8, 11, 9, 14, 10, 15, 19, 23, 24, 25, 27, 26, 34, 35, 31, 33, 22, 40, 41, 43, 42, 30, 16, 54, 32, 57, 55, 59, 61, 17, 56, 68, 69, 58, 74, 75, 60, 18, 21, 80, 81, 20, 62, 63, 49, 48, 88, 89, 92, 93, 96, 97, 100, 101, 90, 91, 102, 103, 65, 64, 38, 39, 50, 51, 118, 124, 125, 119, 128, 129, 130, 131, 132, 133, 77, 66, 123, 76, 143, 140, 141, 142, 152, 153, 67, 116, 156, 157, 160, 161, 162, 122, 117, 170, 171, 172, 173, 176, 177, 180, 181, 112, 113, 174, 175, 186, 187, 188, 189, 163, 84, 85, 200, 204, 205, 201, 203, 202, 208, 209, 210, 211, 218, 219, 213, 212, 215, 223, 224, 230, 231, 225, 228, 229, 214, 236, 237, 220, 221, 222, 240, 241, 244, 245, 242, 243, 135, 134, 146, 159, 151, 158, 147, 150, 258, 259, 239, 238, 216, 217, 121, 120, 274, 275, 280, 281, 284, 285, 286, 287, 154, 155, 106, 148, 295, 126, 292, 293, 294, 115, 149, 127, 246, 312, 313, 316, 317, 318, 319, 324, 325, 326, 327, 247, 233, 232, 235, 234, 167, 107, 114, 206, 343, 194, 195, 207, 179, 356, 358, 359, 357, 94, 178, 349, 350, 354, 355, 364, 365, 366, 367, 376, 377, 378, 379, 351, 95, 339, 345, 348, 394, 395, 401, 396, 397, 400, 341, 344, 342, 166, 338, 416, 417, 340, 283, 282, 424, 425, 426, 427, 315, 314, 328, 266, 267, 184]
  列生成求解结果: 目标值=8.0000， 下界=8.0000， 上界=11.0000
    非整数变量: COL_17-19-4-7_151 = 0.500000
  解不是整数，开始分支...
ImposedVertex(vertex=26)
ForbidVertex(vertex=26)
  创建了 2 个分支
    添加分支节点 1: ID=442
    添加分支节点 2: ID=443

处理节点 438
  开始列生成求解...
Set parameter LogToConsole to value 0
Set parameter Threads to value 1
Set parameter Seed to value 0
  定价策略: Exact, node=438, vertices=15
Set parameter PoolSearchMode to value 2
Set parameter PoolSolutions to value 10
[CG 1] RMP=8.000000, pricing=ExactPricingSolver, new_columns=0
  搜索路径: [1, 2, 3, 6, 7, 8, 11, 9, 14, 10, 15, 19, 23, 24, 25, 27, 26, 34, 35, 31, 33, 22, 40, 41, 43, 42, 30, 16, 54, 32, 57, 55, 59, 61, 17, 56, 68, 69, 58, 74, 75, 60, 18, 21, 80, 81, 20, 62, 63, 49, 48, 88, 89, 92, 93, 96, 97, 100, 101, 90, 91, 102, 103, 65, 64, 38, 39, 50, 51, 118, 124, 125, 119, 128, 129, 130, 131, 132, 133, 77, 66, 123, 76, 143, 140, 141, 142, 152, 153, 67, 116, 156, 157, 160, 161, 162, 122, 117, 170, 171, 172, 173, 176, 177, 180, 181, 112, 113, 174, 175, 186, 187, 188, 189, 163, 84, 85, 200, 204, 205, 201, 203, 202, 208, 209, 210, 211, 218, 219, 213, 212, 215, 223, 224, 230, 231, 225, 228, 229, 214, 236, 237, 220, 221, 222, 240, 241, 244, 245, 242, 243, 135, 134, 146, 159, 151, 158, 147, 150, 258, 259, 239, 238, 216, 217, 121, 120, 274, 275, 280, 281, 284, 285, 286, 287, 154, 155, 106, 148, 295, 126, 292, 293, 294, 115, 149, 127, 246, 312, 313, 316, 317, 318, 319, 324, 325, 326, 327, 247, 233, 232, 235, 234, 167, 107, 114, 206, 343, 194, 195, 207, 179, 356, 358, 359, 357, 94, 178, 349, 350, 354, 355, 364, 365, 366, 367, 376, 377, 378, 379, 351, 95, 339, 345, 348, 394, 395, 401, 396, 397, 400, 341, 344, 342, 166, 338, 416, 417, 340, 283, 282, 424, 425, 426, 427, 315, 314, 328, 266, 267, 184, 438]
  列生成求解结果: 目标值=8.0000， 下界=8.0000， 上界=11.0000
    非整数变量: COL_11-15-20-25_23 = 0.166667
  解不是整数，开始分支...
ImposedVertex(vertex=26)
ForbidVertex(vertex=26)
  创建了 2 个分支
    添加分支节点 1: ID=444
    添加分支节点 2: ID=445

处理节点 439
  开始列生成求解...
Set parameter LogToConsole to value 0
Set parameter Threads to value 1
Set parameter Seed to value 0
  定价策略: Exact, node=439, vertices=15
Set parameter PoolSearchMode to value 2
Set parameter PoolSolutions to value 10
[CG 1] RMP=16.000000, pricing=ExactPricingSolver, new_columns=10
[CG 2] RMP=11.000000, pricing=ExactPricingSolver, new_columns=0
  搜索路径: [1, 2, 3, 6, 7, 8, 11, 9, 14, 10, 15, 19, 23, 24, 25, 27, 26, 34, 35, 31, 33, 22, 40, 41, 43, 42, 30, 16, 54, 32, 57, 55, 59, 61, 17, 56, 68, 69, 58, 74, 75, 60, 18, 21, 80, 81, 20, 62, 63, 49, 48, 88, 89, 92, 93, 96, 97, 100, 101, 90, 91, 102, 103, 65, 64, 38, 39, 50, 51, 118, 124, 125, 119, 128, 129, 130, 131, 132, 133, 77, 66, 123, 76, 143, 140, 141, 142, 152, 153, 67, 116, 156, 157, 160, 161, 162, 122, 117, 170, 171, 172, 173, 176, 177, 180, 181, 112, 113, 174, 175, 186, 187, 188, 189, 163, 84, 85, 200, 204, 205, 201, 203, 202, 208, 209, 210, 211, 218, 219, 213, 212, 215, 223, 224, 230, 231, 225, 228, 229, 214, 236, 237, 220, 221, 222, 240, 241, 244, 245, 242, 243, 135, 134, 146, 159, 151, 158, 147, 150, 258, 259, 239, 238, 216, 217, 121, 120, 274, 275, 280, 281, 284, 285, 286, 287, 154, 155, 106, 148, 295, 126, 292, 293, 294, 115, 149, 127, 246, 312, 313, 316, 317, 318, 319, 324, 325, 326, 327, 247, 233, 232, 235, 234, 167, 107, 114, 206, 343, 194, 195, 207, 179, 356, 358, 359, 357, 94, 178, 349, 350, 354, 355, 364, 365, 366, 367, 376, 377, 378, 379, 351, 95, 339, 345, 348, 394, 395, 401, 396, 397, 400, 341, 344, 342, 166, 338, 416, 417, 340, 283, 282, 424, 425, 426, 427, 315, 314, 328, 266, 267, 184, 438, 439]
  列生成求解结果: 目标值=11.0000， 下界=8.0000， 上界=11.0000

处理节点 185
  开始列生成求解...
Set parameter LogToConsole to value 0
Set parameter Threads to value 1
Set parameter Seed to value 0
  定价策略: Exact, node=185, vertices=13
Set parameter PoolSearchMode to value 2
Set parameter PoolSolutions to value 10
[CG 1] RMP=12.000000, pricing=ExactPricingSolver, new_columns=0
  搜索路径: [1, 2, 3, 6, 7, 8, 11, 9, 14, 10, 15, 19, 23, 24, 25, 27, 26, 34, 35, 31, 33, 22, 40, 41, 43, 42, 30, 16, 54, 32, 57, 55, 59, 61, 17, 56, 68, 69, 58, 74, 75, 60, 18, 21, 80, 81, 20, 62, 63, 49, 48, 88, 89, 92, 93, 96, 97, 100, 101, 90, 91, 102, 103, 65, 64, 38, 39, 50, 51, 118, 124, 125, 119, 128, 129, 130, 131, 132, 133, 77, 66, 123, 76, 143, 140, 141, 142, 152, 153, 67, 116, 156, 157, 160, 161, 162, 122, 117, 170, 171, 172, 173, 176, 177, 180, 181, 112, 113, 174, 175, 186, 187, 188, 189, 163, 84, 85, 200, 204, 205, 201, 203, 202, 208, 209, 210, 211, 218, 219, 213, 212, 215, 223, 224, 230, 231, 225, 228, 229, 214, 236, 237, 220, 221, 222, 240, 241, 244, 245, 242, 243, 135, 134, 146, 159, 151, 158, 147, 150, 258, 259, 239, 238, 216, 217, 121, 120, 274, 275, 280, 281, 284, 285, 286, 287, 154, 155, 106, 148, 295, 126, 292, 293, 294, 115, 149, 127, 246, 312, 313, 316, 317, 318, 319, 324, 325, 326, 327, 247, 233, 232, 235, 234, 167, 107, 114, 206, 343, 194, 195, 207, 179, 356, 358, 359, 357, 94, 178, 349, 350, 354, 355, 364, 365, 366, 367, 376, 377, 378, 379, 351, 95, 339, 345, 348, 394, 395, 401, 396, 397, 400, 341, 344, 342, 166, 338, 416, 417, 340, 283, 282, 424, 425, 426, 427, 315, 314, 328, 266, 267, 184, 438, 439, 185]
  列生成求解结果: 目标值=12.0000， 下界=8.0000， 上界=11.0000

处理节点 329
  开始列生成求解...
Set parameter LogToConsole to value 0
Set parameter Threads to value 1
Set parameter Seed to value 0
  定价策略: Exact, node=329, vertices=14
Set parameter PoolSearchMode to value 2
Set parameter PoolSolutions to value 10
[CG 1] RMP=12.000000, pricing=ExactPricingSolver, new_columns=0
  搜索路径: [1, 2, 3, 6, 7, 8, 11, 9, 14, 10, 15, 19, 23, 24, 25, 27, 26, 34, 35, 31, 33, 22, 40, 41, 43, 42, 30, 16, 54, 32, 57, 55, 59, 61, 17, 56, 68, 69, 58, 74, 75, 60, 18, 21, 80, 81, 20, 62, 63, 49, 48, 88, 89, 92, 93, 96, 97, 100, 101, 90, 91, 102, 103, 65, 64, 38, 39, 50, 51, 118, 124, 125, 119, 128, 129, 130, 131, 132, 133, 77, 66, 123, 76, 143, 140, 141, 142, 152, 153, 67, 116, 156, 157, 160, 161, 162, 122, 117, 170, 171, 172, 173, 176, 177, 180, 181, 112, 113, 174, 175, 186, 187, 188, 189, 163, 84, 85, 200, 204, 205, 201, 203, 202, 208, 209, 210, 211, 218, 219, 213, 212, 215, 223, 224, 230, 231, 225, 228, 229, 214, 236, 237, 220, 221, 222, 240, 241, 244, 245, 242, 243, 135, 134, 146, 159, 151, 158, 147, 150, 258, 259, 239, 238, 216, 217, 121, 120, 274, 275, 280, 281, 284, 285, 286, 287, 154, 155, 106, 148, 295, 126, 292, 293, 294, 115, 149, 127, 246, 312, 313, 316, 317, 318, 319, 324, 325, 326, 327, 247, 233, 232, 235, 234, 167, 107, 114, 206, 343, 194, 195, 207, 179, 356, 358, 359, 357, 94, 178, 349, 350, 354, 355, 364, 365, 366, 367, 376, 377, 378, 379, 351, 95, 339, 345, 348, 394, 395, 401, 396, 397, 400, 341, 344, 342, 166, 338, 416, 417, 340, 283, 282, 424, 425, 426, 427, 315, 314, 328, 266, 267, 184, 438, 439, 185, 329]
  列生成求解结果: 目标值=12.0000， 下界=8.0000， 上界=11.0000

处理节点 321
  开始列生成求解...
Set parameter LogToConsole to value 0
Set parameter Threads to value 1
Set parameter Seed to value 0
  定价策略: Exact, node=321, vertices=14
Set parameter PoolSearchMode to value 2
Set parameter PoolSolutions to value 10
[CG 1] RMP=12.000000, pricing=ExactPricingSolver, new_columns=0
  搜索路径: [1, 2, 3, 6, 7, 8, 11, 9, 14, 10, 15, 19, 23, 24, 25, 27, 26, 34, 35, 31, 33, 22, 40, 41, 43, 42, 30, 16, 54, 32, 57, 55, 59, 61, 17, 56, 68, 69, 58, 74, 75, 60, 18, 21, 80, 81, 20, 62, 63, 49, 48, 88, 89, 92, 93, 96, 97, 100, 101, 90, 91, 102, 103, 65, 64, 38, 39, 50, 51, 118, 124, 125, 119, 128, 129, 130, 131, 132, 133, 77, 66, 123, 76, 143, 140, 141, 142, 152, 153, 67, 116, 156, 157, 160, 161, 162, 122, 117, 170, 171, 172, 173, 176, 177, 180, 181, 112, 113, 174, 175, 186, 187, 188, 189, 163, 84, 85, 200, 204, 205, 201, 203, 202, 208, 209, 210, 211, 218, 219, 213, 212, 215, 223, 224, 230, 231, 225, 228, 229, 214, 236, 237, 220, 221, 222, 240, 241, 244, 245, 242, 243, 135, 134, 146, 159, 151, 158, 147, 150, 258, 259, 239, 238, 216, 217, 121, 120, 274, 275, 280, 281, 284, 285, 286, 287, 154, 155, 106, 148, 295, 126, 292, 293, 294, 115, 149, 127, 246, 312, 313, 316, 317, 318, 319, 324, 325, 326, 327, 247, 233, 232, 235, 234, 167, 107, 114, 206, 343, 194, 195, 207, 179, 356, 358, 359, 357, 94, 178, 349, 350, 354, 355, 364, 365, 366, 367, 376, 377, 378, 379, 351, 95, 339, 345, 348, 394, 395, 401, 396, 397, 400, 341, 344, 342, 166, 338, 416, 417, 340, 283, 282, 424, 425, 426, 427, 315, 314, 328, 266, 267, 184, 438, 439, 185, 329, 321]
  列生成求解结果: 目标值=12.0000， 下界=8.0000， 上界=11.0000

处理节点 320
  开始列生成求解...
Set parameter LogToConsole to value 0
Set parameter Threads to value 1
Set parameter Seed to value 0
  定价策略: Exact, node=320, vertices=14
Set parameter PoolSearchMode to value 2
Set parameter PoolSolutions to value 10
[CG 1] RMP=12.000000, pricing=ExactPricingSolver, new_columns=10
[CG 2] RMP=10.000000, pricing=ExactPricingSolver, new_columns=0
  搜索路径: [1, 2, 3, 6, 7, 8, 11, 9, 14, 10, 15, 19, 23, 24, 25, 27, 26, 34, 35, 31, 33, 22, 40, 41, 43, 42, 30, 16, 54, 32, 57, 55, 59, 61, 17, 56, 68, 69, 58, 74, 75, 60, 18, 21, 80, 81, 20, 62, 63, 49, 48, 88, 89, 92, 93, 96, 97, 100, 101, 90, 91, 102, 103, 65, 64, 38, 39, 50, 51, 118, 124, 125, 119, 128, 129, 130, 131, 132, 133, 77, 66, 123, 76, 143, 140, 141, 142, 152, 153, 67, 116, 156, 157, 160, 161, 162, 122, 117, 170, 171, 172, 173, 176, 177, 180, 181, 112, 113, 174, 175, 186, 187, 188, 189, 163, 84, 85, 200, 204, 205, 201, 203, 202, 208, 209, 210, 211, 218, 219, 213, 212, 215, 223, 224, 230, 231, 225, 228, 229, 214, 236, 237, 220, 221, 222, 240, 241, 244, 245, 242, 243, 135, 134, 146, 159, 151, 158, 147, 150, 258, 259, 239, 238, 216, 217, 121, 120, 274, 275, 280, 281, 284, 285, 286, 287, 154, 155, 106, 148, 295, 126, 292, 293, 294, 115, 149, 127, 246, 312, 313, 316, 317, 318, 319, 324, 325, 326, 327, 247, 233, 232, 235, 234, 167, 107, 114, 206, 343, 194, 195, 207, 179, 356, 358, 359, 357, 94, 178, 349, 350, 354, 355, 364, 365, 366, 367, 376, 377, 378, 379, 351, 95, 339, 345, 348, 394, 395, 401, 396, 397, 400, 341, 344, 342, 166, 338, 416, 417, 340, 283, 282, 424, 425, 426, 427, 315, 314, 328, 266, 267, 184, 438, 439, 185, 329, 321, 320]
  列生成求解结果: 目标值=10.0000， 下界=8.0000， 上界=11.0000
    非整数变量: COL_1-18-23-7-9_41 = 0.666667
  解不是整数，开始分支...
ImposedVertex(vertex=15)
ForbidVertex(vertex=15)
  创建了 2 个分支
    添加分支节点 1: ID=446
    添加分支节点 2: ID=447

处理节点 414
  开始列生成求解...
Set parameter LogToConsole to value 0
Set parameter Threads to value 1
Set parameter Seed to value 0
  定价策略: Exact, node=414, vertices=14
Set parameter PoolSearchMode to value 2
Set parameter PoolSolutions to value 10
[CG 1] RMP=8.000000, pricing=ExactPricingSolver, new_columns=0
  搜索路径: [1, 2, 3, 6, 7, 8, 11, 9, 14, 10, 15, 19, 23, 24, 25, 27, 26, 34, 35, 31, 33, 22, 40, 41, 43, 42, 30, 16, 54, 32, 57, 55, 59, 61, 17, 56, 68, 69, 58, 74, 75, 60, 18, 21, 80, 81, 20, 62, 63, 49, 48, 88, 89, 92, 93, 96, 97, 100, 101, 90, 91, 102, 103, 65, 64, 38, 39, 50, 51, 118, 124, 125, 119, 128, 129, 130, 131, 132, 133, 77, 66, 123, 76, 143, 140, 141, 142, 152, 153, 67, 116, 156, 157, 160, 161, 162, 122, 117, 170, 171, 172, 173, 176, 177, 180, 181, 112, 113, 174, 175, 186, 187, 188, 189, 163, 84, 85, 200, 204, 205, 201, 203, 202, 208, 209, 210, 211, 218, 219, 213, 212, 215, 223, 224, 230, 231, 225, 228, 229, 214, 236, 237, 220, 221, 222, 240, 241, 244, 245, 242, 243, 135, 134, 146, 159, 151, 158, 147, 150, 258, 259, 239, 238, 216, 217, 121, 120, 274, 275, 280, 281, 284, 285, 286, 287, 154, 155, 106, 148, 295, 126, 292, 293, 294, 115, 149, 127, 246, 312, 313, 316, 317, 318, 319, 324, 325, 326, 327, 247, 233, 232, 235, 234, 167, 107, 114, 206, 343, 194, 195, 207, 179, 356, 358, 359, 357, 94, 178, 349, 350, 354, 355, 364, 365, 366, 367, 376, 377, 378, 379, 351, 95, 339, 345, 348, 394, 395, 401, 396, 397, 400, 341, 344, 342, 166, 338, 416, 417, 340, 283, 282, 424, 425, 426, 427, 315, 314, 328, 266, 267, 184, 438, 439, 185, 329, 321, 320, 414]
  列生成求解结果: 目标值=8.0000， 下界=8.0000， 上界=11.0000
    非整数变量: COL_1-18-23-7-9_41 = 0.500000
  解不是整数，开始分支...
ImposedVertex(vertex=27)
ForbidVertex(vertex=27)
  创建了 2 个分支
    添加分支节点 1: ID=448
    添加分支节点 2: ID=449

处理节点 255
  开始列生成求解...
Set parameter LogToConsole to value 0
Set parameter Threads to value 1
Set parameter Seed to value 0
  定价策略: Exact, node=255, vertices=15
Set parameter PoolSearchMode to value 2
Set parameter PoolSolutions to value 10
[CG 1] RMP=9.000000, pricing=ExactPricingSolver, new_columns=10
[CG 2] RMP=9.000000, pricing=ExactPricingSolver, new_columns=0
  搜索路径: [1, 2, 3, 6, 7, 8, 11, 9, 14, 10, 15, 19, 23, 24, 25, 27, 26, 34, 35, 31, 33, 22, 40, 41, 43, 42, 30, 16, 54, 32, 57, 55, 59, 61, 17, 56, 68, 69, 58, 74, 75, 60, 18, 21, 80, 81, 20, 62, 63, 49, 48, 88, 89, 92, 93, 96, 97, 100, 101, 90, 91, 102, 103, 65, 64, 38, 39, 50, 51, 118, 124, 125, 119, 128, 129, 130, 131, 132, 133, 77, 66, 123, 76, 143, 140, 141, 142, 152, 153, 67, 116, 156, 157, 160, 161, 162, 122, 117, 170, 171, 172, 173, 176, 177, 180, 181, 112, 113, 174, 175, 186, 187, 188, 189, 163, 84, 85, 200, 204, 205, 201, 203, 202, 208, 209, 210, 211, 218, 219, 213, 212, 215, 223, 224, 230, 231, 225, 228, 229, 214, 236, 237, 220, 221, 222, 240, 241, 244, 245, 242, 243, 135, 134, 146, 159, 151, 158, 147, 150, 258, 259, 239, 238, 216, 217, 121, 120, 274, 275, 280, 281, 284, 285, 286, 287, 154, 155, 106, 148, 295, 126, 292, 293, 294, 115, 149, 127, 246, 312, 313, 316, 317, 318, 319, 324, 325, 326, 327, 247, 233, 232, 235, 234, 167, 107, 114, 206, 343, 194, 195, 207, 179, 356, 358, 359, 357, 94, 178, 349, 350, 354, 355, 364, 365, 366, 367, 376, 377, 378, 379, 351, 95, 339, 345, 348, 394, 395, 401, 396, 397, 400, 341, 344, 342, 166, 338, 416, 417, 340, 283, 282, 424, 425, 426, 427, 315, 314, 328, 266, 267, 184, 438, 439, 185, 329, 321, 320, 414, 255]
  列生成求解结果: 目标值=9.0000， 下界=8.0000， 上界=11.0000
    非整数变量: COL_1-12-19-23-7_606 = 0.500000
  解不是整数，开始分支...
ImposedVertex(vertex=28)
ForbidVertex(vertex=28)
  创建了 2 个分支
    添加分支节点 1: ID=450
    添加分支节点 2: ID=451

处理节点 278
  开始列生成求解...
Set parameter LogToConsole to value 0
Set parameter Threads to value 1
Set parameter Seed to value 0
  定价策略: Exact, node=278, vertices=19
Set parameter PoolSearchMode to value 2
Set parameter PoolSolutions to value 10
[CG 1] RMP=9.000000, pricing=ExactPricingSolver, new_columns=0
  搜索路径: [1, 2, 3, 6, 7, 8, 11, 9, 14, 10, 15, 19, 23, 24, 25, 27, 26, 34, 35, 31, 33, 22, 40, 41, 43, 42, 30, 16, 54, 32, 57, 55, 59, 61, 17, 56, 68, 69, 58, 74, 75, 60, 18, 21, 80, 81, 20, 62, 63, 49, 48, 88, 89, 92, 93, 96, 97, 100, 101, 90, 91, 102, 103, 65, 64, 38, 39, 50, 51, 118, 124, 125, 119, 128, 129, 130, 131, 132, 133, 77, 66, 123, 76, 143, 140, 141, 142, 152, 153, 67, 116, 156, 157, 160, 161, 162, 122, 117, 170, 171, 172, 173, 176, 177, 180, 181, 112, 113, 174, 175, 186, 187, 188, 189, 163, 84, 85, 200, 204, 205, 201, 203, 202, 208, 209, 210, 211, 218, 219, 213, 212, 215, 223, 224, 230, 231, 225, 228, 229, 214, 236, 237, 220, 221, 222, 240, 241, 244, 245, 242, 243, 135, 134, 146, 159, 151, 158, 147, 150, 258, 259, 239, 238, 216, 217, 121, 120, 274, 275, 280, 281, 284, 285, 286, 287, 154, 155, 106, 148, 295, 126, 292, 293, 294, 115, 149, 127, 246, 312, 313, 316, 317, 318, 319, 324, 325, 326, 327, 247, 233, 232, 235, 234, 167, 107, 114, 206, 343, 194, 195, 207, 179, 356, 358, 359, 357, 94, 178, 349, 350, 354, 355, 364, 365, 366, 367, 376, 377, 378, 379, 351, 95, 339, 345, 348, 394, 395, 401, 396, 397, 400, 341, 344, 342, 166, 338, 416, 417, 340, 283, 282, 424, 425, 426, 427, 315, 314, 328, 266, 267, 184, 438, 439, 185, 329, 321, 320, 414, 255, 278]
  列生成求解结果: 目标值=9.0000， 下界=8.0000， 上界=11.0000
    非整数变量: COL_11-15-20-24_19 = 0.625000
  解不是整数，开始分支...
ImposedVertex(vertex=26)
ForbidVertex(vertex=26)
  创建了 2 个分支
    添加分支节点 1: ID=452
    添加分支节点 2: ID=453
  进度: 已处理 270 个节点, 剩余 177 个, 当前最优 11.0000, 当前列数: 2038

处理节点 265
  开始列生成求解...
Set parameter LogToConsole to value 0
Set parameter Threads to value 1
Set parameter Seed to value 0
  定价策略: Exact, node=265, vertices=17
Set parameter PoolSearchMode to value 2
Set parameter PoolSolutions to value 10
[CG 1] RMP=8.000000, pricing=ExactPricingSolver, new_columns=0
  搜索路径: [1, 2, 3, 6, 7, 8, 11, 9, 14, 10, 15, 19, 23, 24, 25, 27, 26, 34, 35, 31, 33, 22, 40, 41, 43, 42, 30, 16, 54, 32, 57, 55, 59, 61, 17, 56, 68, 69, 58, 74, 75, 60, 18, 21, 80, 81, 20, 62, 63, 49, 48, 88, 89, 92, 93, 96, 97, 100, 101, 90, 91, 102, 103, 65, 64, 38, 39, 50, 51, 118, 124, 125, 119, 128, 129, 130, 131, 132, 133, 77, 66, 123, 76, 143, 140, 141, 142, 152, 153, 67, 116, 156, 157, 160, 161, 162, 122, 117, 170, 171, 172, 173, 176, 177, 180, 181, 112, 113, 174, 175, 186, 187, 188, 189, 163, 84, 85, 200, 204, 205, 201, 203, 202, 208, 209, 210, 211, 218, 219, 213, 212, 215, 223, 224, 230, 231, 225, 228, 229, 214, 236, 237, 220, 221, 222, 240, 241, 244, 245, 242, 243, 135, 134, 146, 159, 151, 158, 147, 150, 258, 259, 239, 238, 216, 217, 121, 120, 274, 275, 280, 281, 284, 285, 286, 287, 154, 155, 106, 148, 295, 126, 292, 293, 294, 115, 149, 127, 246, 312, 313, 316, 317, 318, 319, 324, 325, 326, 327, 247, 233, 232, 235, 234, 167, 107, 114, 206, 343, 194, 195, 207, 179, 356, 358, 359, 357, 94, 178, 349, 350, 354, 355, 364, 365, 366, 367, 376, 377, 378, 379, 351, 95, 339, 345, 348, 394, 395, 401, 396, 397, 400, 341, 344, 342, 166, 338, 416, 417, 340, 283, 282, 424, 425, 426, 427, 315, 314, 328, 266, 267, 184, 438, 439, 185, 329, 321, 320, 414, 255, 278, 265]
  列生成求解结果: 目标值=8.0000， 下界=8.0000， 上界=11.0000
    非整数变量: COL_11-15-20-25_23 = 0.428571
  解不是整数，开始分支...
ImposedVertex(vertex=25)
ForbidVertex(vertex=25)
  创建了 2 个分支
    添加分支节点 1: ID=454
    添加分支节点 2: ID=455

处理节点 139
  开始列生成求解...
Set parameter LogToConsole to value 0
Set parameter Threads to value 1
Set parameter Seed to value 0
  定价策略: Exact, node=139, vertices=15
Set parameter PoolSearchMode to value 2
Set parameter PoolSolutions to value 10
[CG 1] RMP=12.000000, pricing=ExactPricingSolver, new_columns=10
[CG 2] RMP=12.000000, pricing=ExactPricingSolver, new_columns=10
[CG 3] RMP=12.000000, pricing=ExactPricingSolver, new_columns=10
[CG 4] RMP=10.000000, pricing=ExactPricingSolver, new_columns=0
  搜索路径: [1, 2, 3, 6, 7, 8, 11, 9, 14, 10, 15, 19, 23, 24, 25, 27, 26, 34, 35, 31, 33, 22, 40, 41, 43, 42, 30, 16, 54, 32, 57, 55, 59, 61, 17, 56, 68, 69, 58, 74, 75, 60, 18, 21, 80, 81, 20, 62, 63, 49, 48, 88, 89, 92, 93, 96, 97, 100, 101, 90, 91, 102, 103, 65, 64, 38, 39, 50, 51, 118, 124, 125, 119, 128, 129, 130, 131, 132, 133, 77, 66, 123, 76, 143, 140, 141, 142, 152, 153, 67, 116, 156, 157, 160, 161, 162, 122, 117, 170, 171, 172, 173, 176, 177, 180, 181, 112, 113, 174, 175, 186, 187, 188, 189, 163, 84, 85, 200, 204, 205, 201, 203, 202, 208, 209, 210, 211, 218, 219, 213, 212, 215, 223, 224, 230, 231, 225, 228, 229, 214, 236, 237, 220, 221, 222, 240, 241, 244, 245, 242, 243, 135, 134, 146, 159, 151, 158, 147, 150, 258, 259, 239, 238, 216, 217, 121, 120, 274, 275, 280, 281, 284, 285, 286, 287, 154, 155, 106, 148, 295, 126, 292, 293, 294, 115, 149, 127, 246, 312, 313, 316, 317, 318, 319, 324, 325, 326, 327, 247, 233, 232, 235, 234, 167, 107, 114, 206, 343, 194, 195, 207, 179, 356, 358, 359, 357, 94, 178, 349, 350, 354, 355, 364, 365, 366, 367, 376, 377, 378, 379, 351, 95, 339, 345, 348, 394, 395, 401, 396, 397, 400, 341, 344, 342, 166, 338, 416, 417, 340, 283, 282, 424, 425, 426, 427, 315, 314, 328, 266, 267, 184, 438, 439, 185, 329, 321, 320, 414, 255, 278, 265, 139]
  列生成求解结果: 目标值=10.0000， 下界=8.0000， 上界=11.0000
    非整数变量: COL_17-4-9_148 = 0.375000
  解不是整数，开始分支...
ImposedVertex(vertex=24)
ForbidVertex(vertex=24)
  创建了 2 个分支
    添加分支节点 1: ID=456
    添加分支节点 2: ID=457

处理节点 302
  开始列生成求解...
Set parameter LogToConsole to value 0
Set parameter Threads to value 1
Set parameter Seed to value 0
  定价策略: Exact, node=302, vertices=15
Set parameter PoolSearchMode to value 2
Set parameter PoolSolutions to value 10
[CG 1] RMP=12.000000, pricing=ExactPricingSolver, new_columns=0
  搜索路径: [1, 2, 3, 6, 7, 8, 11, 9, 14, 10, 15, 19, 23, 24, 25, 27, 26, 34, 35, 31, 33, 22, 40, 41, 43, 42, 30, 16, 54, 32, 57, 55, 59, 61, 17, 56, 68, 69, 58, 74, 75, 60, 18, 21, 80, 81, 20, 62, 63, 49, 48, 88, 89, 92, 93, 96, 97, 100, 101, 90, 91, 102, 103, 65, 64, 38, 39, 50, 51, 118, 124, 125, 119, 128, 129, 130, 131, 132, 133, 77, 66, 123, 76, 143, 140, 141, 142, 152, 153, 67, 116, 156, 157, 160, 161, 162, 122, 117, 170, 171, 172, 173, 176, 177, 180, 181, 112, 113, 174, 175, 186, 187, 188, 189, 163, 84, 85, 200, 204, 205, 201, 203, 202, 208, 209, 210, 211, 218, 219, 213, 212, 215, 223, 224, 230, 231, 225, 228, 229, 214, 236, 237, 220, 221, 222, 240, 241, 244, 245, 242, 243, 135, 134, 146, 159, 151, 158, 147, 150, 258, 259, 239, 238, 216, 217, 121, 120, 274, 275, 280, 281, 284, 285, 286, 287, 154, 155, 106, 148, 295, 126, 292, 293, 294, 115, 149, 127, 246, 312, 313, 316, 317, 318, 319, 324, 325, 326, 327, 247, 233, 232, 235, 234, 167, 107, 114, 206, 343, 194, 195, 207, 179, 356, 358, 359, 357, 94, 178, 349, 350, 354, 355, 364, 365, 366, 367, 376, 377, 378, 379, 351, 95, 339, 345, 348, 394, 395, 401, 396, 397, 400, 341, 344, 342, 166, 338, 416, 417, 340, 283, 282, 424, 425, 426, 427, 315, 314, 328, 266, 267, 184, 438, 439, 185, 329, 321, 320, 414, 255, 278, 265, 139, 302]
  列生成求解结果: 目标值=12.0000， 下界=8.0000， 上界=11.0000

处理节点 144
  开始列生成求解...
Set parameter LogToConsole to value 0
Set parameter Threads to value 1
Set parameter Seed to value 0
  定价策略: Exact, node=144, vertices=19
Set parameter PoolSearchMode to value 2
Set parameter PoolSolutions to value 10
[CG 1] RMP=8.000000, pricing=ExactPricingSolver, new_columns=0
  搜索路径: [1, 2, 3, 6, 7, 8, 11, 9, 14, 10, 15, 19, 23, 24, 25, 27, 26, 34, 35, 31, 33, 22, 40, 41, 43, 42, 30, 16, 54, 32, 57, 55, 59, 61, 17, 56, 68, 69, 58, 74, 75, 60, 18, 21, 80, 81, 20, 62, 63, 49, 48, 88, 89, 92, 93, 96, 97, 100, 101, 90, 91, 102, 103, 65, 64, 38, 39, 50, 51, 118, 124, 125, 119, 128, 129, 130, 131, 132, 133, 77, 66, 123, 76, 143, 140, 141, 142, 152, 153, 67, 116, 156, 157, 160, 161, 162, 122, 117, 170, 171, 172, 173, 176, 177, 180, 181, 112, 113, 174, 175, 186, 187, 188, 189, 163, 84, 85, 200, 204, 205, 201, 203, 202, 208, 209, 210, 211, 218, 219, 213, 212, 215, 223, 224, 230, 231, 225, 228, 229, 214, 236, 237, 220, 221, 222, 240, 241, 244, 245, 242, 243, 135, 134, 146, 159, 151, 158, 147, 150, 258, 259, 239, 238, 216, 217, 121, 120, 274, 275, 280, 281, 284, 285, 286, 287, 154, 155, 106, 148, 295, 126, 292, 293, 294, 115, 149, 127, 246, 312, 313, 316, 317, 318, 319, 324, 325, 326, 327, 247, 233, 232, 235, 234, 167, 107, 114, 206, 343, 194, 195, 207, 179, 356, 358, 359, 357, 94, 178, 349, 350, 354, 355, 364, 365, 366, 367, 376, 377, 378, 379, 351, 95, 339, 345, 348, 394, 395, 401, 396, 397, 400, 341, 344, 342, 166, 338, 416, 417, 340, 283, 282, 424, 425, 426, 427, 315, 314, 328, 266, 267, 184, 438, 439, 185, 329, 321, 320, 414, 255, 278, 265, 139, 302, 144]
  列生成求解结果: 目标值=8.0000， 下界=8.0000， 上界=11.0000
    非整数变量: COL_18-24-9_33 = 0.388889
  解不是整数，开始分支...
ImposedVertex(vertex=24)
ForbidVertex(vertex=24)
  创建了 2 个分支
    添加分支节点 1: ID=458
    添加分支节点 2: ID=459

处理节点 449
  开始列生成求解...
Set parameter LogToConsole to value 0
Set parameter Threads to value 1
Set parameter Seed to value 0
  定价策略: Exact, node=449, vertices=13
Set parameter PoolSearchMode to value 2
Set parameter PoolSolutions to value 10
[CG 1] RMP=12.000000, pricing=ExactPricingSolver, new_columns=0
  搜索路径: [1, 2, 3, 6, 7, 8, 11, 9, 14, 10, 15, 19, 23, 24, 25, 27, 26, 34, 35, 31, 33, 22, 40, 41, 43, 42, 30, 16, 54, 32, 57, 55, 59, 61, 17, 56, 68, 69, 58, 74, 75, 60, 18, 21, 80, 81, 20, 62, 63, 49, 48, 88, 89, 92, 93, 96, 97, 100, 101, 90, 91, 102, 103, 65, 64, 38, 39, 50, 51, 118, 124, 125, 119, 128, 129, 130, 131, 132, 133, 77, 66, 123, 76, 143, 140, 141, 142, 152, 153, 67, 116, 156, 157, 160, 161, 162, 122, 117, 170, 171, 172, 173, 176, 177, 180, 181, 112, 113, 174, 175, 186, 187, 188, 189, 163, 84, 85, 200, 204, 205, 201, 203, 202, 208, 209, 210, 211, 218, 219, 213, 212, 215, 223, 224, 230, 231, 225, 228, 229, 214, 236, 237, 220, 221, 222, 240, 241, 244, 245, 242, 243, 135, 134, 146, 159, 151, 158, 147, 150, 258, 259, 239, 238, 216, 217, 121, 120, 274, 275, 280, 281, 284, 285, 286, 287, 154, 155, 106, 148, 295, 126, 292, 293, 294, 115, 149, 127, 246, 312, 313, 316, 317, 318, 319, 324, 325, 326, 327, 247, 233, 232, 235, 234, 167, 107, 114, 206, 343, 194, 195, 207, 179, 356, 358, 359, 357, 94, 178, 349, 350, 354, 355, 364, 365, 366, 367, 376, 377, 378, 379, 351, 95, 339, 345, 348, 394, 395, 401, 396, 397, 400, 341, 344, 342, 166, 338, 416, 417, 340, 283, 282, 424, 425, 426, 427, 315, 314, 328, 266, 267, 184, 438, 439, 185, 329, 321, 320, 414, 255, 278, 265, 139, 302, 144, 449]
  列生成求解结果: 目标值=12.0000， 下界=8.0000， 上界=11.0000

处理节点 290
  开始列生成求解...
Set parameter LogToConsole to value 0
Set parameter Threads to value 1
Set parameter Seed to value 0
  定价策略: Exact, node=290, vertices=14
Set parameter PoolSearchMode to value 2
Set parameter PoolSolutions to value 10
[CG 1] RMP=8.000000, pricing=ExactPricingSolver, new_columns=0
  搜索路径: [1, 2, 3, 6, 7, 8, 11, 9, 14, 10, 15, 19, 23, 24, 25, 27, 26, 34, 35, 31, 33, 22, 40, 41, 43, 42, 30, 16, 54, 32, 57, 55, 59, 61, 17, 56, 68, 69, 58, 74, 75, 60, 18, 21, 80, 81, 20, 62, 63, 49, 48, 88, 89, 92, 93, 96, 97, 100, 101, 90, 91, 102, 103, 65, 64, 38, 39, 50, 51, 118, 124, 125, 119, 128, 129, 130, 131, 132, 133, 77, 66, 123, 76, 143, 140, 141, 142, 152, 153, 67, 116, 156, 157, 160, 161, 162, 122, 117, 170, 171, 172, 173, 176, 177, 180, 181, 112, 113, 174, 175, 186, 187, 188, 189, 163, 84, 85, 200, 204, 205, 201, 203, 202, 208, 209, 210, 211, 218, 219, 213, 212, 215, 223, 224, 230, 231, 225, 228, 229, 214, 236, 237, 220, 221, 222, 240, 241, 244, 245, 242, 243, 135, 134, 146, 159, 151, 158, 147, 150, 258, 259, 239, 238, 216, 217, 121, 120, 274, 275, 280, 281, 284, 285, 286, 287, 154, 155, 106, 148, 295, 126, 292, 293, 294, 115, 149, 127, 246, 312, 313, 316, 317, 318, 319, 324, 325, 326, 327, 247, 233, 232, 235, 234, 167, 107, 114, 206, 343, 194, 195, 207, 179, 356, 358, 359, 357, 94, 178, 349, 350, 354, 355, 364, 365, 366, 367, 376, 377, 378, 379, 351, 95, 339, 345, 348, 394, 395, 401, 396, 397, 400, 341, 344, 342, 166, 338, 416, 417, 340, 283, 282, 424, 425, 426, 427, 315, 314, 328, 266, 267, 184, 438, 439, 185, 329, 321, 320, 414, 255, 278, 265, 139, 302, 144, 449, 290]
  列生成求解结果: 目标值=8.0000， 下界=8.0000， 上界=11.0000
    非整数变量: COL_2-4-7-9_952 = 0.333333
  解不是整数，开始分支...
ImposedVertex(vertex=27)
ForbidVertex(vertex=27)
  创建了 2 个分支
    添加分支节点 1: ID=460
    添加分支节点 2: ID=461

处理节点 296
  开始列生成求解...
Set parameter LogToConsole to value 0
Set parameter Threads to value 1
Set parameter Seed to value 0
  定价策略: Exact, node=296, vertices=15
Set parameter PoolSearchMode to value 2
Set parameter PoolSolutions to value 10
[CG 1] RMP=10.000000, pricing=ExactPricingSolver, new_columns=0
  搜索路径: [1, 2, 3, 6, 7, 8, 11, 9, 14, 10, 15, 19, 23, 24, 25, 27, 26, 34, 35, 31, 33, 22, 40, 41, 43, 42, 30, 16, 54, 32, 57, 55, 59, 61, 17, 56, 68, 69, 58, 74, 75, 60, 18, 21, 80, 81, 20, 62, 63, 49, 48, 88, 89, 92, 93, 96, 97, 100, 101, 90, 91, 102, 103, 65, 64, 38, 39, 50, 51, 118, 124, 125, 119, 128, 129, 130, 131, 132, 133, 77, 66, 123, 76, 143, 140, 141, 142, 152, 153, 67, 116, 156, 157, 160, 161, 162, 122, 117, 170, 171, 172, 173, 176, 177, 180, 181, 112, 113, 174, 175, 186, 187, 188, 189, 163, 84, 85, 200, 204, 205, 201, 203, 202, 208, 209, 210, 211, 218, 219, 213, 212, 215, 223, 224, 230, 231, 225, 228, 229, 214, 236, 237, 220, 221, 222, 240, 241, 244, 245, 242, 243, 135, 134, 146, 159, 151, 158, 147, 150, 258, 259, 239, 238, 216, 217, 121, 120, 274, 275, 280, 281, 284, 285, 286, 287, 154, 155, 106, 148, 295, 126, 292, 293, 294, 115, 149, 127, 246, 312, 313, 316, 317, 318, 319, 324, 325, 326, 327, 247, 233, 232, 235, 234, 167, 107, 114, 206, 343, 194, 195, 207, 179, 356, 358, 359, 357, 94, 178, 349, 350, 354, 355, 364, 365, 366, 367, 376, 377, 378, 379, 351, 95, 339, 345, 348, 394, 395, 401, 396, 397, 400, 341, 344, 342, 166, 338, 416, 417, 340, 283, 282, 424, 425, 426, 427, 315, 314, 328, 266, 267, 184, 438, 439, 185, 329, 321, 320, 414, 255, 278, 265, 139, 302, 144, 449, 290, 296]
  列生成求解结果: 目标值=10.0000， 下界=8.0000， 上界=11.0000
  找到整数解，更新最优解
  更新最优解后剪枝了 16 个节点

处理节点 418
  开始列生成求解...
Set parameter LogToConsole to value 0
Set parameter Threads to value 1
Set parameter Seed to value 0
  定价策略: Exact, node=418, vertices=13
Set parameter PoolSearchMode to value 2
Set parameter PoolSolutions to value 10
[CG 1] RMP=12.000000, pricing=ExactPricingSolver, new_columns=0
  搜索路径: [1, 2, 3, 6, 7, 8, 11, 9, 14, 10, 15, 19, 23, 24, 25, 27, 26, 34, 35, 31, 33, 22, 40, 41, 43, 42, 30, 16, 54, 32, 57, 55, 59, 61, 17, 56, 68, 69, 58, 74, 75, 60, 18, 21, 80, 81, 20, 62, 63, 49, 48, 88, 89, 92, 93, 96, 97, 100, 101, 90, 91, 102, 103, 65, 64, 38, 39, 50, 51, 118, 124, 125, 119, 128, 129, 130, 131, 132, 133, 77, 66, 123, 76, 143, 140, 141, 142, 152, 153, 67, 116, 156, 157, 160, 161, 162, 122, 117, 170, 171, 172, 173, 176, 177, 180, 181, 112, 113, 174, 175, 186, 187, 188, 189, 163, 84, 85, 200, 204, 205, 201, 203, 202, 208, 209, 210, 211, 218, 219, 213, 212, 215, 223, 224, 230, 231, 225, 228, 229, 214, 236, 237, 220, 221, 222, 240, 241, 244, 245, 242, 243, 135, 134, 146, 159, 151, 158, 147, 150, 258, 259, 239, 238, 216, 217, 121, 120, 274, 275, 280, 281, 284, 285, 286, 287, 154, 155, 106, 148, 295, 126, 292, 293, 294, 115, 149, 127, 246, 312, 313, 316, 317, 318, 319, 324, 325, 326, 327, 247, 233, 232, 235, 234, 167, 107, 114, 206, 343, 194, 195, 207, 179, 356, 358, 359, 357, 94, 178, 349, 350, 354, 355, 364, 365, 366, 367, 376, 377, 378, 379, 351, 95, 339, 345, 348, 394, 395, 401, 396, 397, 400, 341, 344, 342, 166, 338, 416, 417, 340, 283, 282, 424, 425, 426, 427, 315, 314, 328, 266, 267, 184, 438, 439, 185, 329, 321, 320, 414, 255, 278, 265, 139, 302, 144, 449, 290, 296, 418]
  列生成求解结果: 目标值=12.0000， 下界=8.0000， 上界=10.0000

处理节点 409
  开始列生成求解...
Set parameter LogToConsole to value 0
Set parameter Threads to value 1
Set parameter Seed to value 0
  定价策略: Exact, node=409, vertices=14
Set parameter PoolSearchMode to value 2
Set parameter PoolSolutions to value 10
[CG 1] RMP=2010.000000, pricing=ExactPricingSolver, new_columns=10
[CG 2] RMP=12.000000, pricing=ExactPricingSolver, new_columns=0
  搜索路径: [1, 2, 3, 6, 7, 8, 11, 9, 14, 10, 15, 19, 23, 24, 25, 27, 26, 34, 35, 31, 33, 22, 40, 41, 43, 42, 30, 16, 54, 32, 57, 55, 59, 61, 17, 56, 68, 69, 58, 74, 75, 60, 18, 21, 80, 81, 20, 62, 63, 49, 48, 88, 89, 92, 93, 96, 97, 100, 101, 90, 91, 102, 103, 65, 64, 38, 39, 50, 51, 118, 124, 125, 119, 128, 129, 130, 131, 132, 133, 77, 66, 123, 76, 143, 140, 141, 142, 152, 153, 67, 116, 156, 157, 160, 161, 162, 122, 117, 170, 171, 172, 173, 176, 177, 180, 181, 112, 113, 174, 175, 186, 187, 188, 189, 163, 84, 85, 200, 204, 205, 201, 203, 202, 208, 209, 210, 211, 218, 219, 213, 212, 215, 223, 224, 230, 231, 225, 228, 229, 214, 236, 237, 220, 221, 222, 240, 241, 244, 245, 242, 243, 135, 134, 146, 159, 151, 158, 147, 150, 258, 259, 239, 238, 216, 217, 121, 120, 274, 275, 280, 281, 284, 285, 286, 287, 154, 155, 106, 148, 295, 126, 292, 293, 294, 115, 149, 127, 246, 312, 313, 316, 317, 318, 319, 324, 325, 326, 327, 247, 233, 232, 235, 234, 167, 107, 114, 206, 343, 194, 195, 207, 179, 356, 358, 359, 357, 94, 178, 349, 350, 354, 355, 364, 365, 366, 367, 376, 377, 378, 379, 351, 95, 339, 345, 348, 394, 395, 401, 396, 397, 400, 341, 344, 342, 166, 338, 416, 417, 340, 283, 282, 424, 425, 426, 427, 315, 314, 328, 266, 267, 184, 438, 439, 185, 329, 321, 320, 414, 255, 278, 265, 139, 302, 144, 449, 290, 296, 418, 409]
  列生成求解结果: 目标值=12.0000， 下界=8.0000， 上界=10.0000

处理节点 279
  开始列生成求解...
Set parameter LogToConsole to value 0
Set parameter Threads to value 1
Set parameter Seed to value 0
  定价策略: Exact, node=279, vertices=19
Set parameter PoolSearchMode to value 2
Set parameter PoolSolutions to value 10
[CG 1] RMP=12.000000, pricing=ExactPricingSolver, new_columns=10
[CG 2] RMP=8.000000, pricing=ExactPricingSolver, new_columns=0
  搜索路径: [1, 2, 3, 6, 7, 8, 11, 9, 14, 10, 15, 19, 23, 24, 25, 27, 26, 34, 35, 31, 33, 22, 40, 41, 43, 42, 30, 16, 54, 32, 57, 55, 59, 61, 17, 56, 68, 69, 58, 74, 75, 60, 18, 21, 80, 81, 20, 62, 63, 49, 48, 88, 89, 92, 93, 96, 97, 100, 101, 90, 91, 102, 103, 65, 64, 38, 39, 50, 51, 118, 124, 125, 119, 128, 129, 130, 131, 132, 133, 77, 66, 123, 76, 143, 140, 141, 142, 152, 153, 67, 116, 156, 157, 160, 161, 162, 122, 117, 170, 171, 172, 173, 176, 177, 180, 181, 112, 113, 174, 175, 186, 187, 188, 189, 163, 84, 85, 200, 204, 205, 201, 203, 202, 208, 209, 210, 211, 218, 219, 213, 212, 215, 223, 224, 230, 231, 225, 228, 229, 214, 236, 237, 220, 221, 222, 240, 241, 244, 245, 242, 243, 135, 134, 146, 159, 151, 158, 147, 150, 258, 259, 239, 238, 216, 217, 121, 120, 274, 275, 280, 281, 284, 285, 286, 287, 154, 155, 106, 148, 295, 126, 292, 293, 294, 115, 149, 127, 246, 312, 313, 316, 317, 318, 319, 324, 325, 326, 327, 247, 233, 232, 235, 234, 167, 107, 114, 206, 343, 194, 195, 207, 179, 356, 358, 359, 357, 94, 178, 349, 350, 354, 355, 364, 365, 366, 367, 376, 377, 378, 379, 351, 95, 339, 345, 348, 394, 395, 401, 396, 397, 400, 341, 344, 342, 166, 338, 416, 417, 340, 283, 282, 424, 425, 426, 427, 315, 314, 328, 266, 267, 184, 438, 439, 185, 329, 321, 320, 414, 255, 278, 265, 139, 302, 144, 449, 290, 296, 418, 409, 279]
  列生成求解结果: 目标值=8.0000， 下界=8.0000， 上界=10.0000
    非整数变量: COL_11-15-20-25_23 = 0.500000
  解不是整数，开始分支...
ImposedVertex(vertex=26)
ForbidVertex(vertex=26)
  创建了 2 个分支
    添加分支节点 1: ID=462
    添加分支节点 2: ID=463
  进度: 已处理 280 个节点, 剩余 161 个, 当前最优 10.0000, 当前列数: 2088

处理节点 462
  开始列生成求解...
Set parameter LogToConsole to value 0
Set parameter Threads to value 1
Set parameter Seed to value 0
  定价策略: Exact, node=462, vertices=18
Set parameter PoolSearchMode to value 2
Set parameter PoolSolutions to value 10
[CG 1] RMP=10.000000, pricing=ExactPricingSolver, new_columns=0
  搜索路径: [1, 2, 3, 6, 7, 8, 11, 9, 14, 10, 15, 19, 23, 24, 25, 27, 26, 34, 35, 31, 33, 22, 40, 41, 43, 42, 30, 16, 54, 32, 57, 55, 59, 61, 17, 56, 68, 69, 58, 74, 75, 60, 18, 21, 80, 81, 20, 62, 63, 49, 48, 88, 89, 92, 93, 96, 97, 100, 101, 90, 91, 102, 103, 65, 64, 38, 39, 50, 51, 118, 124, 125, 119, 128, 129, 130, 131, 132, 133, 77, 66, 123, 76, 143, 140, 141, 142, 152, 153, 67, 116, 156, 157, 160, 161, 162, 122, 117, 170, 171, 172, 173, 176, 177, 180, 181, 112, 113, 174, 175, 186, 187, 188, 189, 163, 84, 85, 200, 204, 205, 201, 203, 202, 208, 209, 210, 211, 218, 219, 213, 212, 215, 223, 224, 230, 231, 225, 228, 229, 214, 236, 237, 220, 221, 222, 240, 241, 244, 245, 242, 243, 135, 134, 146, 159, 151, 158, 147, 150, 258, 259, 239, 238, 216, 217, 121, 120, 274, 275, 280, 281, 284, 285, 286, 287, 154, 155, 106, 148, 295, 126, 292, 293, 294, 115, 149, 127, 246, 312, 313, 316, 317, 318, 319, 324, 325, 326, 327, 247, 233, 232, 235, 234, 167, 107, 114, 206, 343, 194, 195, 207, 179, 356, 358, 359, 357, 94, 178, 349, 350, 354, 355, 364, 365, 366, 367, 376, 377, 378, 379, 351, 95, 339, 345, 348, 394, 395, 401, 396, 397, 400, 341, 344, 342, 166, 338, 416, 417, 340, 283, 282, 424, 425, 426, 427, 315, 314, 328, 266, 267, 184, 438, 439, 185, 329, 321, 320, 414, 255, 278, 265, 139, 302, 144, 449, 290, 296, 418, 409, 279, 462]
  列生成求解结果: 目标值=10.0000， 下界=8.0000， 上界=10.0000

处理节点 463
  开始列生成求解...
Set parameter LogToConsole to value 0
Set parameter Threads to value 1
Set parameter Seed to value 0
  定价策略: Exact, node=463, vertices=18
Set parameter PoolSearchMode to value 2
Set parameter PoolSolutions to value 10
[CG 1] RMP=12.000000, pricing=ExactPricingSolver, new_columns=0
  搜索路径: [1, 2, 3, 6, 7, 8, 11, 9, 14, 10, 15, 19, 23, 24, 25, 27, 26, 34, 35, 31, 33, 22, 40, 41, 43, 42, 30, 16, 54, 32, 57, 55, 59, 61, 17, 56, 68, 69, 58, 74, 75, 60, 18, 21, 80, 81, 20, 62, 63, 49, 48, 88, 89, 92, 93, 96, 97, 100, 101, 90, 91, 102, 103, 65, 64, 38, 39, 50, 51, 118, 124, 125, 119, 128, 129, 130, 131, 132, 133, 77, 66, 123, 76, 143, 140, 141, 142, 152, 153, 67, 116, 156, 157, 160, 161, 162, 122, 117, 170, 171, 172, 173, 176, 177, 180, 181, 112, 113, 174, 175, 186, 187, 188, 189, 163, 84, 85, 200, 204, 205, 201, 203, 202, 208, 209, 210, 211, 218, 219, 213, 212, 215, 223, 224, 230, 231, 225, 228, 229, 214, 236, 237, 220, 221, 222, 240, 241, 244, 245, 242, 243, 135, 134, 146, 159, 151, 158, 147, 150, 258, 259, 239, 238, 216, 217, 121, 120, 274, 275, 280, 281, 284, 285, 286, 287, 154, 155, 106, 148, 295, 126, 292, 293, 294, 115, 149, 127, 246, 312, 313, 316, 317, 318, 319, 324, 325, 326, 327, 247, 233, 232, 235, 234, 167, 107, 114, 206, 343, 194, 195, 207, 179, 356, 358, 359, 357, 94, 178, 349, 350, 354, 355, 364, 365, 366, 367, 376, 377, 378, 379, 351, 95, 339, 345, 348, 394, 395, 401, 396, 397, 400, 341, 344, 342, 166, 338, 416, 417, 340, 283, 282, 424, 425, 426, 427, 315, 314, 328, 266, 267, 184, 438, 439, 185, 329, 321, 320, 414, 255, 278, 265, 139, 302, 144, 449, 290, 296, 418, 409, 279, 462, 463]
  列生成求解结果: 目标值=12.0000， 下界=8.0000， 上界=10.0000

处理节点 297
  开始列生成求解...
Set parameter LogToConsole to value 0
Set parameter Threads to value 1
Set parameter Seed to value 0
  定价策略: Exact, node=297, vertices=15
Set parameter PoolSearchMode to value 2
Set parameter PoolSolutions to value 10
[CG 1] RMP=12.000000, pricing=ExactPricingSolver, new_columns=0
  搜索路径: [1, 2, 3, 6, 7, 8, 11, 9, 14, 10, 15, 19, 23, 24, 25, 27, 26, 34, 35, 31, 33, 22, 40, 41, 43, 42, 30, 16, 54, 32, 57, 55, 59, 61, 17, 56, 68, 69, 58, 74, 75, 60, 18, 21, 80, 81, 20, 62, 63, 49, 48, 88, 89, 92, 93, 96, 97, 100, 101, 90, 91, 102, 103, 65, 64, 38, 39, 50, 51, 118, 124, 125, 119, 128, 129, 130, 131, 132, 133, 77, 66, 123, 76, 143, 140, 141, 142, 152, 153, 67, 116, 156, 157, 160, 161, 162, 122, 117, 170, 171, 172, 173, 176, 177, 180, 181, 112, 113, 174, 175, 186, 187, 188, 189, 163, 84, 85, 200, 204, 205, 201, 203, 202, 208, 209, 210, 211, 218, 219, 213, 212, 215, 223, 224, 230, 231, 225, 228, 229, 214, 236, 237, 220, 221, 222, 240, 241, 244, 245, 242, 243, 135, 134, 146, 159, 151, 158, 147, 150, 258, 259, 239, 238, 216, 217, 121, 120, 274, 275, 280, 281, 284, 285, 286, 287, 154, 155, 106, 148, 295, 126, 292, 293, 294, 115, 149, 127, 246, 312, 313, 316, 317, 318, 319, 324, 325, 326, 327, 247, 233, 232, 235, 234, 167, 107, 114, 206, 343, 194, 195, 207, 179, 356, 358, 359, 357, 94, 178, 349, 350, 354, 355, 364, 365, 366, 367, 376, 377, 378, 379, 351, 95, 339, 345, 348, 394, 395, 401, 396, 397, 400, 341, 344, 342, 166, 338, 416, 417, 340, 283, 282, 424, 425, 426, 427, 315, 314, 328, 266, 267, 184, 438, 439, 185, 329, 321, 320, 414, 255, 278, 265, 139, 302, 144, 449, 290, 296, 418, 409, 279, 462, 463, 297]
  列生成求解结果: 目标值=12.0000， 下界=8.0000， 上界=10.0000

处理节点 270
  开始列生成求解...
Set parameter LogToConsole to value 0
Set parameter Threads to value 1
Set parameter Seed to value 0
  定价策略: Exact, node=270, vertices=18
Set parameter PoolSearchMode to value 2
Set parameter PoolSolutions to value 10
[CG 1] RMP=10.000000, pricing=ExactPricingSolver, new_columns=0
  搜索路径: [1, 2, 3, 6, 7, 8, 11, 9, 14, 10, 15, 19, 23, 24, 25, 27, 26, 34, 35, 31, 33, 22, 40, 41, 43, 42, 30, 16, 54, 32, 57, 55, 59, 61, 17, 56, 68, 69, 58, 74, 75, 60, 18, 21, 80, 81, 20, 62, 63, 49, 48, 88, 89, 92, 93, 96, 97, 100, 101, 90, 91, 102, 103, 65, 64, 38, 39, 50, 51, 118, 124, 125, 119, 128, 129, 130, 131, 132, 133, 77, 66, 123, 76, 143, 140, 141, 142, 152, 153, 67, 116, 156, 157, 160, 161, 162, 122, 117, 170, 171, 172, 173, 176, 177, 180, 181, 112, 113, 174, 175, 186, 187, 188, 189, 163, 84, 85, 200, 204, 205, 201, 203, 202, 208, 209, 210, 211, 218, 219, 213, 212, 215, 223, 224, 230, 231, 225, 228, 229, 214, 236, 237, 220, 221, 222, 240, 241, 244, 245, 242, 243, 135, 134, 146, 159, 151, 158, 147, 150, 258, 259, 239, 238, 216, 217, 121, 120, 274, 275, 280, 281, 284, 285, 286, 287, 154, 155, 106, 148, 295, 126, 292, 293, 294, 115, 149, 127, 246, 312, 313, 316, 317, 318, 319, 324, 325, 326, 327, 247, 233, 232, 235, 234, 167, 107, 114, 206, 343, 194, 195, 207, 179, 356, 358, 359, 357, 94, 178, 349, 350, 354, 355, 364, 365, 366, 367, 376, 377, 378, 379, 351, 95, 339, 345, 348, 394, 395, 401, 396, 397, 400, 341, 344, 342, 166, 338, 416, 417, 340, 283, 282, 424, 425, 426, 427, 315, 314, 328, 266, 267, 184, 438, 439, 185, 329, 321, 320, 414, 255, 278, 265, 139, 302, 144, 449, 290, 296, 418, 409, 279, 462, 463, 297, 270]
  列生成求解结果: 目标值=10.0000， 下界=8.0000， 上界=10.0000

处理节点 250
  开始列生成求解...
Set parameter LogToConsole to value 0
Set parameter Threads to value 1
Set parameter Seed to value 0
  定价策略: Exact, node=250, vertices=15
Set parameter PoolSearchMode to value 2
Set parameter PoolSolutions to value 10
[CG 1] RMP=2010.000000, pricing=ExactPricingSolver, new_columns=10
[CG 2] RMP=12.000000, pricing=ExactPricingSolver, new_columns=0
  搜索路径: [1, 2, 3, 6, 7, 8, 11, 9, 14, 10, 15, 19, 23, 24, 25, 27, 26, 34, 35, 31, 33, 22, 40, 41, 43, 42, 30, 16, 54, 32, 57, 55, 59, 61, 17, 56, 68, 69, 58, 74, 75, 60, 18, 21, 80, 81, 20, 62, 63, 49, 48, 88, 89, 92, 93, 96, 97, 100, 101, 90, 91, 102, 103, 65, 64, 38, 39, 50, 51, 118, 124, 125, 119, 128, 129, 130, 131, 132, 133, 77, 66, 123, 76, 143, 140, 141, 142, 152, 153, 67, 116, 156, 157, 160, 161, 162, 122, 117, 170, 171, 172, 173, 176, 177, 180, 181, 112, 113, 174, 175, 186, 187, 188, 189, 163, 84, 85, 200, 204, 205, 201, 203, 202, 208, 209, 210, 211, 218, 219, 213, 212, 215, 223, 224, 230, 231, 225, 228, 229, 214, 236, 237, 220, 221, 222, 240, 241, 244, 245, 242, 243, 135, 134, 146, 159, 151, 158, 147, 150, 258, 259, 239, 238, 216, 217, 121, 120, 274, 275, 280, 281, 284, 285, 286, 287, 154, 155, 106, 148, 295, 126, 292, 293, 294, 115, 149, 127, 246, 312, 313, 316, 317, 318, 319, 324, 325, 326, 327, 247, 233, 232, 235, 234, 167, 107, 114, 206, 343, 194, 195, 207, 179, 356, 358, 359, 357, 94, 178, 349, 350, 354, 355, 364, 365, 366, 367, 376, 377, 378, 379, 351, 95, 339, 345, 348, 394, 395, 401, 396, 397, 400, 341, 344, 342, 166, 338, 416, 417, 340, 283, 282, 424, 425, 426, 427, 315, 314, 328, 266, 267, 184, 438, 439, 185, 329, 321, 320, 414, 255, 278, 265, 139, 302, 144, 449, 290, 296, 418, 409, 279, 462, 463, 297, 270, 250]
  列生成求解结果: 目标值=12.0000， 下界=8.0000， 上界=10.0000

处理节点 254
  开始列生成求解...
Set parameter LogToConsole to value 0
Set parameter Threads to value 1
Set parameter Seed to value 0
  定价策略: Exact, node=254, vertices=15
Set parameter PoolSearchMode to value 2
Set parameter PoolSolutions to value 10
[CG 1] RMP=12.000000, pricing=ExactPricingSolver, new_columns=10
[CG 2] RMP=10.000000, pricing=ExactPricingSolver, new_columns=0
  搜索路径: [1, 2, 3, 6, 7, 8, 11, 9, 14, 10, 15, 19, 23, 24, 25, 27, 26, 34, 35, 31, 33, 22, 40, 41, 43, 42, 30, 16, 54, 32, 57, 55, 59, 61, 17, 56, 68, 69, 58, 74, 75, 60, 18, 21, 80, 81, 20, 62, 63, 49, 48, 88, 89, 92, 93, 96, 97, 100, 101, 90, 91, 102, 103, 65, 64, 38, 39, 50, 51, 118, 124, 125, 119, 128, 129, 130, 131, 132, 133, 77, 66, 123, 76, 143, 140, 141, 142, 152, 153, 67, 116, 156, 157, 160, 161, 162, 122, 117, 170, 171, 172, 173, 176, 177, 180, 181, 112, 113, 174, 175, 186, 187, 188, 189, 163, 84, 85, 200, 204, 205, 201, 203, 202, 208, 209, 210, 211, 218, 219, 213, 212, 215, 223, 224, 230, 231, 225, 228, 229, 214, 236, 237, 220, 221, 222, 240, 241, 244, 245, 242, 243, 135, 134, 146, 159, 151, 158, 147, 150, 258, 259, 239, 238, 216, 217, 121, 120, 274, 275, 280, 281, 284, 285, 286, 287, 154, 155, 106, 148, 295, 126, 292, 293, 294, 115, 149, 127, 246, 312, 313, 316, 317, 318, 319, 324, 325, 326, 327, 247, 233, 232, 235, 234, 167, 107, 114, 206, 343, 194, 195, 207, 179, 356, 358, 359, 357, 94, 178, 349, 350, 354, 355, 364, 365, 366, 367, 376, 377, 378, 379, 351, 95, 339, 345, 348, 394, 395, 401, 396, 397, 400, 341, 344, 342, 166, 338, 416, 417, 340, 283, 282, 424, 425, 426, 427, 315, 314, 328, 266, 267, 184, 438, 439, 185, 329, 321, 320, 414, 255, 278, 265, 139, 302, 144, 449, 290, 296, 418, 409, 279, 462, 463, 297, 270, 250, 254]
  列生成求解结果: 目标值=10.0000， 下界=8.0000， 上界=10.0000

处理节点 271
  开始列生成求解...
Set parameter LogToConsole to value 0
Set parameter Threads to value 1
Set parameter Seed to value 0
  定价策略: Exact, node=271, vertices=18
Set parameter PoolSearchMode to value 2
Set parameter PoolSolutions to value 10
[CG 1] RMP=12.000000, pricing=ExactPricingSolver, new_columns=0
  搜索路径: [1, 2, 3, 6, 7, 8, 11, 9, 14, 10, 15, 19, 23, 24, 25, 27, 26, 34, 35, 31, 33, 22, 40, 41, 43, 42, 30, 16, 54, 32, 57, 55, 59, 61, 17, 56, 68, 69, 58, 74, 75, 60, 18, 21, 80, 81, 20, 62, 63, 49, 48, 88, 89, 92, 93, 96, 97, 100, 101, 90, 91, 102, 103, 65, 64, 38, 39, 50, 51, 118, 124, 125, 119, 128, 129, 130, 131, 132, 133, 77, 66, 123, 76, 143, 140, 141, 142, 152, 153, 67, 116, 156, 157, 160, 161, 162, 122, 117, 170, 171, 172, 173, 176, 177, 180, 181, 112, 113, 174, 175, 186, 187, 188, 189, 163, 84, 85, 200, 204, 205, 201, 203, 202, 208, 209, 210, 211, 218, 219, 213, 212, 215, 223, 224, 230, 231, 225, 228, 229, 214, 236, 237, 220, 221, 222, 240, 241, 244, 245, 242, 243, 135, 134, 146, 159, 151, 158, 147, 150, 258, 259, 239, 238, 216, 217, 121, 120, 274, 275, 280, 281, 284, 285, 286, 287, 154, 155, 106, 148, 295, 126, 292, 293, 294, 115, 149, 127, 246, 312, 313, 316, 317, 318, 319, 324, 325, 326, 327, 247, 233, 232, 235, 234, 167, 107, 114, 206, 343, 194, 195, 207, 179, 356, 358, 359, 357, 94, 178, 349, 350, 354, 355, 364, 365, 366, 367, 376, 377, 378, 379, 351, 95, 339, 345, 348, 394, 395, 401, 396, 397, 400, 341, 344, 342, 166, 338, 416, 417, 340, 283, 282, 424, 425, 426, 427, 315, 314, 328, 266, 267, 184, 438, 439, 185, 329, 321, 320, 414, 255, 278, 265, 139, 302, 144, 449, 290, 296, 418, 409, 279, 462, 463, 297, 270, 250, 254, 271]
  列生成求解结果: 目标值=12.0000， 下界=8.0000， 上界=10.0000

处理节点 415
  开始列生成求解...
Set parameter LogToConsole to value 0
Set parameter Threads to value 1
Set parameter Seed to value 0
  定价策略: Exact, node=415, vertices=14
Set parameter PoolSearchMode to value 2
Set parameter PoolSolutions to value 10
[CG 1] RMP=12.000000, pricing=ExactPricingSolver, new_columns=10
[CG 2] RMP=9.000000, pricing=ExactPricingSolver, new_columns=10
[CG 3] RMP=9.000000, pricing=ExactPricingSolver, new_columns=0
  搜索路径: [1, 2, 3, 6, 7, 8, 11, 9, 14, 10, 15, 19, 23, 24, 25, 27, 26, 34, 35, 31, 33, 22, 40, 41, 43, 42, 30, 16, 54, 32, 57, 55, 59, 61, 17, 56, 68, 69, 58, 74, 75, 60, 18, 21, 80, 81, 20, 62, 63, 49, 48, 88, 89, 92, 93, 96, 97, 100, 101, 90, 91, 102, 103, 65, 64, 38, 39, 50, 51, 118, 124, 125, 119, 128, 129, 130, 131, 132, 133, 77, 66, 123, 76, 143, 140, 141, 142, 152, 153, 67, 116, 156, 157, 160, 161, 162, 122, 117, 170, 171, 172, 173, 176, 177, 180, 181, 112, 113, 174, 175, 186, 187, 188, 189, 163, 84, 85, 200, 204, 205, 201, 203, 202, 208, 209, 210, 211, 218, 219, 213, 212, 215, 223, 224, 230, 231, 225, 228, 229, 214, 236, 237, 220, 221, 222, 240, 241, 244, 245, 242, 243, 135, 134, 146, 159, 151, 158, 147, 150, 258, 259, 239, 238, 216, 217, 121, 120, 274, 275, 280, 281, 284, 285, 286, 287, 154, 155, 106, 148, 295, 126, 292, 293, 294, 115, 149, 127, 246, 312, 313, 316, 317, 318, 319, 324, 325, 326, 327, 247, 233, 232, 235, 234, 167, 107, 114, 206, 343, 194, 195, 207, 179, 356, 358, 359, 357, 94, 178, 349, 350, 354, 355, 364, 365, 366, 367, 376, 377, 378, 379, 351, 95, 339, 345, 348, 394, 395, 401, 396, 397, 400, 341, 344, 342, 166, 338, 416, 417, 340, 283, 282, 424, 425, 426, 427, 315, 314, 328, 266, 267, 184, 438, 439, 185, 329, 321, 320, 414, 255, 278, 265, 139, 302, 144, 449, 290, 296, 418, 409, 279, 462, 463, 297, 270, 250, 254, 271, 415]
  列生成求解结果: 目标值=9.0000， 下界=8.0000， 上界=10.0000
    非整数变量: COL_1-27-6-7_1139 = 0.125000
  解不是整数，开始分支...
ImposedVertex(vertex=27)
ForbidVertex(vertex=27)
  创建了 2 个分支
    添加分支节点 1: ID=464
    添加分支节点 2: ID=465

处理节点 432
  开始列生成求解...
Set parameter LogToConsole to value 0
Set parameter Threads to value 1
Set parameter Seed to value 0
  定价策略: Exact, node=432, vertices=12
Set parameter PoolSearchMode to value 2
Set parameter PoolSolutions to value 10
[CG 1] RMP=12.000000, pricing=ExactPricingSolver, new_columns=0
  搜索路径: [1, 2, 3, 6, 7, 8, 11, 9, 14, 10, 15, 19, 23, 24, 25, 27, 26, 34, 35, 31, 33, 22, 40, 41, 43, 42, 30, 16, 54, 32, 57, 55, 59, 61, 17, 56, 68, 69, 58, 74, 75, 60, 18, 21, 80, 81, 20, 62, 63, 49, 48, 88, 89, 92, 93, 96, 97, 100, 101, 90, 91, 102, 103, 65, 64, 38, 39, 50, 51, 118, 124, 125, 119, 128, 129, 130, 131, 132, 133, 77, 66, 123, 76, 143, 140, 141, 142, 152, 153, 67, 116, 156, 157, 160, 161, 162, 122, 117, 170, 171, 172, 173, 176, 177, 180, 181, 112, 113, 174, 175, 186, 187, 188, 189, 163, 84, 85, 200, 204, 205, 201, 203, 202, 208, 209, 210, 211, 218, 219, 213, 212, 215, 223, 224, 230, 231, 225, 228, 229, 214, 236, 237, 220, 221, 222, 240, 241, 244, 245, 242, 243, 135, 134, 146, 159, 151, 158, 147, 150, 258, 259, 239, 238, 216, 217, 121, 120, 274, 275, 280, 281, 284, 285, 286, 287, 154, 155, 106, 148, 295, 126, 292, 293, 294, 115, 149, 127, 246, 312, 313, 316, 317, 318, 319, 324, 325, 326, 327, 247, 233, 232, 235, 234, 167, 107, 114, 206, 343, 194, 195, 207, 179, 356, 358, 359, 357, 94, 178, 349, 350, 354, 355, 364, 365, 366, 367, 376, 377, 378, 379, 351, 95, 339, 345, 348, 394, 395, 401, 396, 397, 400, 341, 344, 342, 166, 338, 416, 417, 340, 283, 282, 424, 425, 426, 427, 315, 314, 328, 266, 267, 184, 438, 439, 185, 329, 321, 320, 414, 255, 278, 265, 139, 302, 144, 449, 290, 296, 418, 409, 279, 462, 463, 297, 270, 250, 254, 271, 415, 432]
  列生成求解结果: 目标值=12.0000， 下界=8.0000， 上界=10.0000

处理节点 109
  开始列生成求解...
Set parameter LogToConsole to value 0
Set parameter Threads to value 1
Set parameter Seed to value 0
  定价策略: Exact, node=109, vertices=13
Set parameter PoolSearchMode to value 2
Set parameter PoolSolutions to value 10
[CG 1] RMP=9.000000, pricing=ExactPricingSolver, new_columns=0
  搜索路径: [1, 2, 3, 6, 7, 8, 11, 9, 14, 10, 15, 19, 23, 24, 25, 27, 26, 34, 35, 31, 33, 22, 40, 41, 43, 42, 30, 16, 54, 32, 57, 55, 59, 61, 17, 56, 68, 69, 58, 74, 75, 60, 18, 21, 80, 81, 20, 62, 63, 49, 48, 88, 89, 92, 93, 96, 97, 100, 101, 90, 91, 102, 103, 65, 64, 38, 39, 50, 51, 118, 124, 125, 119, 128, 129, 130, 131, 132, 133, 77, 66, 123, 76, 143, 140, 141, 142, 152, 153, 67, 116, 156, 157, 160, 161, 162, 122, 117, 170, 171, 172, 173, 176, 177, 180, 181, 112, 113, 174, 175, 186, 187, 188, 189, 163, 84, 85, 200, 204, 205, 201, 203, 202, 208, 209, 210, 211, 218, 219, 213, 212, 215, 223, 224, 230, 231, 225, 228, 229, 214, 236, 237, 220, 221, 222, 240, 241, 244, 245, 242, 243, 135, 134, 146, 159, 151, 158, 147, 150, 258, 259, 239, 238, 216, 217, 121, 120, 274, 275, 280, 281, 284, 285, 286, 287, 154, 155, 106, 148, 295, 126, 292, 293, 294, 115, 149, 127, 246, 312, 313, 316, 317, 318, 319, 324, 325, 326, 327, 247, 233, 232, 235, 234, 167, 107, 114, 206, 343, 194, 195, 207, 179, 356, 358, 359, 357, 94, 178, 349, 350, 354, 355, 364, 365, 366, 367, 376, 377, 378, 379, 351, 95, 339, 345, 348, 394, 395, 401, 396, 397, 400, 341, 344, 342, 166, 338, 416, 417, 340, 283, 282, 424, 425, 426, 427, 315, 314, 328, 266, 267, 184, 438, 439, 185, 329, 321, 320, 414, 255, 278, 265, 139, 302, 144, 449, 290, 296, 418, 409, 279, 462, 463, 297, 270, 250, 254, 271, 415, 432, 109]
  列生成求解结果: 目标值=9.0000， 下界=8.0000， 上界=10.0000
  找到整数解，更新最优解
  更新最优解后剪枝了 106 个节点

处理节点 145
  开始列生成求解...
Set parameter LogToConsole to value 0
Set parameter Threads to value 1
Set parameter Seed to value 0
  定价策略: Exact, node=145, vertices=19
Set parameter PoolSearchMode to value 2
Set parameter PoolSolutions to value 10
[CG 1] RMP=12.000000, pricing=ExactPricingSolver, new_columns=10
[CG 2] RMP=8.000000, pricing=ExactPricingSolver, new_columns=0
  搜索路径: [1, 2, 3, 6, 7, 8, 11, 9, 14, 10, 15, 19, 23, 24, 25, 27, 26, 34, 35, 31, 33, 22, 40, 41, 43, 42, 30, 16, 54, 32, 57, 55, 59, 61, 17, 56, 68, 69, 58, 74, 75, 60, 18, 21, 80, 81, 20, 62, 63, 49, 48, 88, 89, 92, 93, 96, 97, 100, 101, 90, 91, 102, 103, 65, 64, 38, 39, 50, 51, 118, 124, 125, 119, 128, 129, 130, 131, 132, 133, 77, 66, 123, 76, 143, 140, 141, 142, 152, 153, 67, 116, 156, 157, 160, 161, 162, 122, 117, 170, 171, 172, 173, 176, 177, 180, 181, 112, 113, 174, 175, 186, 187, 188, 189, 163, 84, 85, 200, 204, 205, 201, 203, 202, 208, 209, 210, 211, 218, 219, 213, 212, 215, 223, 224, 230, 231, 225, 228, 229, 214, 236, 237, 220, 221, 222, 240, 241, 244, 245, 242, 243, 135, 134, 146, 159, 151, 158, 147, 150, 258, 259, 239, 238, 216, 217, 121, 120, 274, 275, 280, 281, 284, 285, 286, 287, 154, 155, 106, 148, 295, 126, 292, 293, 294, 115, 149, 127, 246, 312, 313, 316, 317, 318, 319, 324, 325, 326, 327, 247, 233, 232, 235, 234, 167, 107, 114, 206, 343, 194, 195, 207, 179, 356, 358, 359, 357, 94, 178, 349, 350, 354, 355, 364, 365, 366, 367, 376, 377, 378, 379, 351, 95, 339, 345, 348, 394, 395, 401, 396, 397, 400, 341, 344, 342, 166, 338, 416, 417, 340, 283, 282, 424, 425, 426, 427, 315, 314, 328, 266, 267, 184, 438, 439, 185, 329, 321, 320, 414, 255, 278, 265, 139, 302, 144, 449, 290, 296, 418, 409, 279, 462, 463, 297, 270, 250, 254, 271, 415, 432, 109, 145]
  列生成求解结果: 目标值=8.0000， 下界=8.0000， 上界=9.0000
    非整数变量: COL_19-20-26_45 = 0.600000
  解不是整数，开始分支...
ImposedVertex(vertex=26)
ForbidVertex(vertex=26)
  创建了 2 个分支
    添加分支节点 1: ID=466
    添加分支节点 2: ID=467

处理节点 291
  开始列生成求解...
Set parameter LogToConsole to value 0
Set parameter Threads to value 1
Set parameter Seed to value 0
  定价策略: Exact, node=291, vertices=14
Set parameter PoolSearchMode to value 2
Set parameter PoolSolutions to value 10
[CG 1] RMP=12.000000, pricing=ExactPricingSolver, new_columns=10
[CG 2] RMP=11.000000, pricing=ExactPricingSolver, new_columns=10
[CG 3] RMP=11.000000, pricing=ExactPricingSolver, new_columns=0
  搜索路径: [1, 2, 3, 6, 7, 8, 11, 9, 14, 10, 15, 19, 23, 24, 25, 27, 26, 34, 35, 31, 33, 22, 40, 41, 43, 42, 30, 16, 54, 32, 57, 55, 59, 61, 17, 56, 68, 69, 58, 74, 75, 60, 18, 21, 80, 81, 20, 62, 63, 49, 48, 88, 89, 92, 93, 96, 97, 100, 101, 90, 91, 102, 103, 65, 64, 38, 39, 50, 51, 118, 124, 125, 119, 128, 129, 130, 131, 132, 133, 77, 66, 123, 76, 143, 140, 141, 142, 152, 153, 67, 116, 156, 157, 160, 161, 162, 122, 117, 170, 171, 172, 173, 176, 177, 180, 181, 112, 113, 174, 175, 186, 187, 188, 189, 163, 84, 85, 200, 204, 205, 201, 203, 202, 208, 209, 210, 211, 218, 219, 213, 212, 215, 223, 224, 230, 231, 225, 228, 229, 214, 236, 237, 220, 221, 222, 240, 241, 244, 245, 242, 243, 135, 134, 146, 159, 151, 158, 147, 150, 258, 259, 239, 238, 216, 217, 121, 120, 274, 275, 280, 281, 284, 285, 286, 287, 154, 155, 106, 148, 295, 126, 292, 293, 294, 115, 149, 127, 246, 312, 313, 316, 317, 318, 319, 324, 325, 326, 327, 247, 233, 232, 235, 234, 167, 107, 114, 206, 343, 194, 195, 207, 179, 356, 358, 359, 357, 94, 178, 349, 350, 354, 355, 364, 365, 366, 367, 376, 377, 378, 379, 351, 95, 339, 345, 348, 394, 395, 401, 396, 397, 400, 341, 344, 342, 166, 338, 416, 417, 340, 283, 282, 424, 425, 426, 427, 315, 314, 328, 266, 267, 184, 438, 439, 185, 329, 321, 320, 414, 255, 278, 265, 139, 302, 144, 449, 290, 296, 418, 409, 279, 462, 463, 297, 270, 250, 254, 271, 415, 432, 109, 145, 291]
  列生成求解结果: 目标值=11.0000， 下界=8.0000， 上界=9.0000

处理节点 433
  开始列生成求解...
Set parameter LogToConsole to value 0
Set parameter Threads to value 1
Set parameter Seed to value 0
  定价策略: Exact, node=433, vertices=12
Set parameter PoolSearchMode to value 2
Set parameter PoolSolutions to value 10
[CG 1] RMP=11.000000, pricing=ExactPricingSolver, new_columns=0
  搜索路径: [1, 2, 3, 6, 7, 8, 11, 9, 14, 10, 15, 19, 23, 24, 25, 27, 26, 34, 35, 31, 33, 22, 40, 41, 43, 42, 30, 16, 54, 32, 57, 55, 59, 61, 17, 56, 68, 69, 58, 74, 75, 60, 18, 21, 80, 81, 20, 62, 63, 49, 48, 88, 89, 92, 93, 96, 97, 100, 101, 90, 91, 102, 103, 65, 64, 38, 39, 50, 51, 118, 124, 125, 119, 128, 129, 130, 131, 132, 133, 77, 66, 123, 76, 143, 140, 141, 142, 152, 153, 67, 116, 156, 157, 160, 161, 162, 122, 117, 170, 171, 172, 173, 176, 177, 180, 181, 112, 113, 174, 175, 186, 187, 188, 189, 163, 84, 85, 200, 204, 205, 201, 203, 202, 208, 209, 210, 211, 218, 219, 213, 212, 215, 223, 224, 230, 231, 225, 228, 229, 214, 236, 237, 220, 221, 222, 240, 241, 244, 245, 242, 243, 135, 134, 146, 159, 151, 158, 147, 150, 258, 259, 239, 238, 216, 217, 121, 120, 274, 275, 280, 281, 284, 285, 286, 287, 154, 155, 106, 148, 295, 126, 292, 293, 294, 115, 149, 127, 246, 312, 313, 316, 317, 318, 319, 324, 325, 326, 327, 247, 233, 232, 235, 234, 167, 107, 114, 206, 343, 194, 195, 207, 179, 356, 358, 359, 357, 94, 178, 349, 350, 354, 355, 364, 365, 366, 367, 376, 377, 378, 379, 351, 95, 339, 345, 348, 394, 395, 401, 396, 397, 400, 341, 344, 342, 166, 338, 416, 417, 340, 283, 282, 424, 425, 426, 427, 315, 314, 328, 266, 267, 184, 438, 439, 185, 329, 321, 320, 414, 255, 278, 265, 139, 302, 144, 449, 290, 296, 418, 409, 279, 462, 463, 297, 270, 250, 254, 271, 415, 432, 109, 145, 291, 433]
  列生成求解结果: 目标值=11.0000， 下界=8.0000， 上界=9.0000

处理节点 431
  开始列生成求解...
Set parameter LogToConsole to value 0
Set parameter Threads to value 1
Set parameter Seed to value 0
  定价策略: Exact, node=431, vertices=13
Set parameter PoolSearchMode to value 2
Set parameter PoolSolutions to value 10
[CG 1] RMP=12.000000, pricing=ExactPricingSolver, new_columns=0
  搜索路径: [1, 2, 3, 6, 7, 8, 11, 9, 14, 10, 15, 19, 23, 24, 25, 27, 26, 34, 35, 31, 33, 22, 40, 41, 43, 42, 30, 16, 54, 32, 57, 55, 59, 61, 17, 56, 68, 69, 58, 74, 75, 60, 18, 21, 80, 81, 20, 62, 63, 49, 48, 88, 89, 92, 93, 96, 97, 100, 101, 90, 91, 102, 103, 65, 64, 38, 39, 50, 51, 118, 124, 125, 119, 128, 129, 130, 131, 132, 133, 77, 66, 123, 76, 143, 140, 141, 142, 152, 153, 67, 116, 156, 157, 160, 161, 162, 122, 117, 170, 171, 172, 173, 176, 177, 180, 181, 112, 113, 174, 175, 186, 187, 188, 189, 163, 84, 85, 200, 204, 205, 201, 203, 202, 208, 209, 210, 211, 218, 219, 213, 212, 215, 223, 224, 230, 231, 225, 228, 229, 214, 236, 237, 220, 221, 222, 240, 241, 244, 245, 242, 243, 135, 134, 146, 159, 151, 158, 147, 150, 258, 259, 239, 238, 216, 217, 121, 120, 274, 275, 280, 281, 284, 285, 286, 287, 154, 155, 106, 148, 295, 126, 292, 293, 294, 115, 149, 127, 246, 312, 313, 316, 317, 318, 319, 324, 325, 326, 327, 247, 233, 232, 235, 234, 167, 107, 114, 206, 343, 194, 195, 207, 179, 356, 358, 359, 357, 94, 178, 349, 350, 354, 355, 364, 365, 366, 367, 376, 377, 378, 379, 351, 95, 339, 345, 348, 394, 395, 401, 396, 397, 400, 341, 344, 342, 166, 338, 416, 417, 340, 283, 282, 424, 425, 426, 427, 315, 314, 328, 266, 267, 184, 438, 439, 185, 329, 321, 320, 414, 255, 278, 265, 139, 302, 144, 449, 290, 296, 418, 409, 279, 462, 463, 297, 270, 250, 254, 271, 415, 432, 109, 145, 291, 433, 431]
  列生成求解结果: 目标值=12.0000， 下界=8.0000， 上界=9.0000

处理节点 460
  开始列生成求解...
Set parameter LogToConsole to value 0
Set parameter Threads to value 1
Set parameter Seed to value 0
  定价策略: Exact, node=460, vertices=13
Set parameter PoolSearchMode to value 2
Set parameter PoolSolutions to value 10
[CG 1] RMP=11.000000, pricing=ExactPricingSolver, new_columns=0
  搜索路径: [1, 2, 3, 6, 7, 8, 11, 9, 14, 10, 15, 19, 23, 24, 25, 27, 26, 34, 35, 31, 33, 22, 40, 41, 43, 42, 30, 16, 54, 32, 57, 55, 59, 61, 17, 56, 68, 69, 58, 74, 75, 60, 18, 21, 80, 81, 20, 62, 63, 49, 48, 88, 89, 92, 93, 96, 97, 100, 101, 90, 91, 102, 103, 65, 64, 38, 39, 50, 51, 118, 124, 125, 119, 128, 129, 130, 131, 132, 133, 77, 66, 123, 76, 143, 140, 141, 142, 152, 153, 67, 116, 156, 157, 160, 161, 162, 122, 117, 170, 171, 172, 173, 176, 177, 180, 181, 112, 113, 174, 175, 186, 187, 188, 189, 163, 84, 85, 200, 204, 205, 201, 203, 202, 208, 209, 210, 211, 218, 219, 213, 212, 215, 223, 224, 230, 231, 225, 228, 229, 214, 236, 237, 220, 221, 222, 240, 241, 244, 245, 242, 243, 135, 134, 146, 159, 151, 158, 147, 150, 258, 259, 239, 238, 216, 217, 121, 120, 274, 275, 280, 281, 284, 285, 286, 287, 154, 155, 106, 148, 295, 126, 292, 293, 294, 115, 149, 127, 246, 312, 313, 316, 317, 318, 319, 324, 325, 326, 327, 247, 233, 232, 235, 234, 167, 107, 114, 206, 343, 194, 195, 207, 179, 356, 358, 359, 357, 94, 178, 349, 350, 354, 355, 364, 365, 366, 367, 376, 377, 378, 379, 351, 95, 339, 345, 348, 394, 395, 401, 396, 397, 400, 341, 344, 342, 166, 338, 416, 417, 340, 283, 282, 424, 425, 426, 427, 315, 314, 328, 266, 267, 184, 438, 439, 185, 329, 321, 320, 414, 255, 278, 265, 139, 302, 144, 449, 290, 296, 418, 409, 279, 462, 463, 297, 270, 250, 254, 271, 415, 432, 109, 145, 291, 433, 431, 460]
  列生成求解结果: 目标值=11.0000， 下界=8.0000， 上界=9.0000

处理节点 454
  开始列生成求解...
Set parameter LogToConsole to value 0
Set parameter Threads to value 1
Set parameter Seed to value 0
  定价策略: Exact, node=454, vertices=16
Set parameter PoolSearchMode to value 2
Set parameter PoolSolutions to value 10
[CG 1] RMP=16.000000, pricing=ExactPricingSolver, new_columns=10
[CG 2] RMP=11.000000, pricing=ExactPricingSolver, new_columns=10
[CG 3] RMP=8.000000, pricing=ExactPricingSolver, new_columns=0
  搜索路径: [1, 2, 3, 6, 7, 8, 11, 9, 14, 10, 15, 19, 23, 24, 25, 27, 26, 34, 35, 31, 33, 22, 40, 41, 43, 42, 30, 16, 54, 32, 57, 55, 59, 61, 17, 56, 68, 69, 58, 74, 75, 60, 18, 21, 80, 81, 20, 62, 63, 49, 48, 88, 89, 92, 93, 96, 97, 100, 101, 90, 91, 102, 103, 65, 64, 38, 39, 50, 51, 118, 124, 125, 119, 128, 129, 130, 131, 132, 133, 77, 66, 123, 76, 143, 140, 141, 142, 152, 153, 67, 116, 156, 157, 160, 161, 162, 122, 117, 170, 171, 172, 173, 176, 177, 180, 181, 112, 113, 174, 175, 186, 187, 188, 189, 163, 84, 85, 200, 204, 205, 201, 203, 202, 208, 209, 210, 211, 218, 219, 213, 212, 215, 223, 224, 230, 231, 225, 228, 229, 214, 236, 237, 220, 221, 222, 240, 241, 244, 245, 242, 243, 135, 134, 146, 159, 151, 158, 147, 150, 258, 259, 239, 238, 216, 217, 121, 120, 274, 275, 280, 281, 284, 285, 286, 287, 154, 155, 106, 148, 295, 126, 292, 293, 294, 115, 149, 127, 246, 312, 313, 316, 317, 318, 319, 324, 325, 326, 327, 247, 233, 232, 235, 234, 167, 107, 114, 206, 343, 194, 195, 207, 179, 356, 358, 359, 357, 94, 178, 349, 350, 354, 355, 364, 365, 366, 367, 376, 377, 378, 379, 351, 95, 339, 345, 348, 394, 395, 401, 396, 397, 400, 341, 344, 342, 166, 338, 416, 417, 340, 283, 282, 424, 425, 426, 427, 315, 314, 328, 266, 267, 184, 438, 439, 185, 329, 321, 320, 414, 255, 278, 265, 139, 302, 144, 449, 290, 296, 418, 409, 279, 462, 463, 297, 270, 250, 254, 271, 415, 432, 109, 145, 291, 433, 431, 460, 454]
  列生成求解结果: 目标值=8.0000， 下界=8.0000， 上界=9.0000
    非整数变量: COL_11-15-20-25_23 = 0.500000
  解不是整数，开始分支...
ImposedVertex(vertex=26)
ForbidVertex(vertex=26)
  创建了 2 个分支
    添加分支节点 1: ID=468
    添加分支节点 2: ID=469

处理节点 467
  开始列生成求解...
Set parameter LogToConsole to value 0
Set parameter Threads to value 1
Set parameter Seed to value 0
  定价策略: Exact, node=467, vertices=18
Set parameter PoolSearchMode to value 2
Set parameter PoolSolutions to value 10
[CG 1] RMP=1010.000000, pricing=ExactPricingSolver, new_columns=10
[CG 2] RMP=12.000000, pricing=ExactPricingSolver, new_columns=0
  搜索路径: [1, 2, 3, 6, 7, 8, 11, 9, 14, 10, 15, 19, 23, 24, 25, 27, 26, 34, 35, 31, 33, 22, 40, 41, 43, 42, 30, 16, 54, 32, 57, 55, 59, 61, 17, 56, 68, 69, 58, 74, 75, 60, 18, 21, 80, 81, 20, 62, 63, 49, 48, 88, 89, 92, 93, 96, 97, 100, 101, 90, 91, 102, 103, 65, 64, 38, 39, 50, 51, 118, 124, 125, 119, 128, 129, 130, 131, 132, 133, 77, 66, 123, 76, 143, 140, 141, 142, 152, 153, 67, 116, 156, 157, 160, 161, 162, 122, 117, 170, 171, 172, 173, 176, 177, 180, 181, 112, 113, 174, 175, 186, 187, 188, 189, 163, 84, 85, 200, 204, 205, 201, 203, 202, 208, 209, 210, 211, 218, 219, 213, 212, 215, 223, 224, 230, 231, 225, 228, 229, 214, 236, 237, 220, 221, 222, 240, 241, 244, 245, 242, 243, 135, 134, 146, 159, 151, 158, 147, 150, 258, 259, 239, 238, 216, 217, 121, 120, 274, 275, 280, 281, 284, 285, 286, 287, 154, 155, 106, 148, 295, 126, 292, 293, 294, 115, 149, 127, 246, 312, 313, 316, 317, 318, 319, 324, 325, 326, 327, 247, 233, 232, 235, 234, 167, 107, 114, 206, 343, 194, 195, 207, 179, 356, 358, 359, 357, 94, 178, 349, 350, 354, 355, 364, 365, 366, 367, 376, 377, 378, 379, 351, 95, 339, 345, 348, 394, 395, 401, 396, 397, 400, 341, 344, 342, 166, 338, 416, 417, 340, 283, 282, 424, 425, 426, 427, 315, 314, 328, 266, 267, 184, 438, 439, 185, 329, 321, 320, 414, 255, 278, 265, 139, 302, 144, 449, 290, 296, 418, 409, 279, 462, 463, 297, 270, 250, 254, 271, 415, 432, 109, 145, 291, 433, 431, 460, 454, 467]
  列生成求解结果: 目标值=12.0000， 下界=8.0000， 上界=9.0000

处理节点 466
  开始列生成求解...
Set parameter LogToConsole to value 0
Set parameter Threads to value 1
Set parameter Seed to value 0
  定价策略: Exact, node=466, vertices=18
Set parameter PoolSearchMode to value 2
Set parameter PoolSolutions to value 10
[CG 1] RMP=10.000000, pricing=ExactPricingSolver, new_columns=0
  搜索路径: [1, 2, 3, 6, 7, 8, 11, 9, 14, 10, 15, 19, 23, 24, 25, 27, 26, 34, 35, 31, 33, 22, 40, 41, 43, 42, 30, 16, 54, 32, 57, 55, 59, 61, 17, 56, 68, 69, 58, 74, 75, 60, 18, 21, 80, 81, 20, 62, 63, 49, 48, 88, 89, 92, 93, 96, 97, 100, 101, 90, 91, 102, 103, 65, 64, 38, 39, 50, 51, 118, 124, 125, 119, 128, 129, 130, 131, 132, 133, 77, 66, 123, 76, 143, 140, 141, 142, 152, 153, 67, 116, 156, 157, 160, 161, 162, 122, 117, 170, 171, 172, 173, 176, 177, 180, 181, 112, 113, 174, 175, 186, 187, 188, 189, 163, 84, 85, 200, 204, 205, 201, 203, 202, 208, 209, 210, 211, 218, 219, 213, 212, 215, 223, 224, 230, 231, 225, 228, 229, 214, 236, 237, 220, 221, 222, 240, 241, 244, 245, 242, 243, 135, 134, 146, 159, 151, 158, 147, 150, 258, 259, 239, 238, 216, 217, 121, 120, 274, 275, 280, 281, 284, 285, 286, 287, 154, 155, 106, 148, 295, 126, 292, 293, 294, 115, 149, 127, 246, 312, 313, 316, 317, 318, 319, 324, 325, 326, 327, 247, 233, 232, 235, 234, 167, 107, 114, 206, 343, 194, 195, 207, 179, 356, 358, 359, 357, 94, 178, 349, 350, 354, 355, 364, 365, 366, 367, 376, 377, 378, 379, 351, 95, 339, 345, 348, 394, 395, 401, 396, 397, 400, 341, 344, 342, 166, 338, 416, 417, 340, 283, 282, 424, 425, 426, 427, 315, 314, 328, 266, 267, 184, 438, 439, 185, 329, 321, 320, 414, 255, 278, 265, 139, 302, 144, 449, 290, 296, 418, 409, 279, 462, 463, 297, 270, 250, 254, 271, 415, 432, 109, 145, 291, 433, 431, 460, 454, 467, 466]
  列生成求解结果: 目标值=10.0000， 下界=8.0000， 上界=9.0000

处理节点 390
  开始列生成求解...
Set parameter LogToConsole to value 0
Set parameter Threads to value 1
Set parameter Seed to value 0
  定价策略: Exact, node=390, vertices=12
Set parameter PoolSearchMode to value 2
Set parameter PoolSolutions to value 10
[CG 1] RMP=12.000000, pricing=ExactPricingSolver, new_columns=10
[CG 2] RMP=9.000000, pricing=ExactPricingSolver, new_columns=0
  搜索路径: [1, 2, 3, 6, 7, 8, 11, 9, 14, 10, 15, 19, 23, 24, 25, 27, 26, 34, 35, 31, 33, 22, 40, 41, 43, 42, 30, 16, 54, 32, 57, 55, 59, 61, 17, 56, 68, 69, 58, 74, 75, 60, 18, 21, 80, 81, 20, 62, 63, 49, 48, 88, 89, 92, 93, 96, 97, 100, 101, 90, 91, 102, 103, 65, 64, 38, 39, 50, 51, 118, 124, 125, 119, 128, 129, 130, 131, 132, 133, 77, 66, 123, 76, 143, 140, 141, 142, 152, 153, 67, 116, 156, 157, 160, 161, 162, 122, 117, 170, 171, 172, 173, 176, 177, 180, 181, 112, 113, 174, 175, 186, 187, 188, 189, 163, 84, 85, 200, 204, 205, 201, 203, 202, 208, 209, 210, 211, 218, 219, 213, 212, 215, 223, 224, 230, 231, 225, 228, 229, 214, 236, 237, 220, 221, 222, 240, 241, 244, 245, 242, 243, 135, 134, 146, 159, 151, 158, 147, 150, 258, 259, 239, 238, 216, 217, 121, 120, 274, 275, 280, 281, 284, 285, 286, 287, 154, 155, 106, 148, 295, 126, 292, 293, 294, 115, 149, 127, 246, 312, 313, 316, 317, 318, 319, 324, 325, 326, 327, 247, 233, 232, 235, 234, 167, 107, 114, 206, 343, 194, 195, 207, 179, 356, 358, 359, 357, 94, 178, 349, 350, 354, 355, 364, 365, 366, 367, 376, 377, 378, 379, 351, 95, 339, 345, 348, 394, 395, 401, 396, 397, 400, 341, 344, 342, 166, 338, 416, 417, 340, 283, 282, 424, 425, 426, 427, 315, 314, 328, 266, 267, 184, 438, 439, 185, 329, 321, 320, 414, 255, 278, 265, 139, 302, 144, 449, 290, 296, 418, 409, 279, 462, 463, 297, 270, 250, 254, 271, 415, 432, 109, 145, 291, 433, 431, 460, 454, 467, 466, 390]
  列生成求解结果: 目标值=9.0000， 下界=8.0000， 上界=9.0000

处理节点 461
  开始列生成求解...
Set parameter LogToConsole to value 0
Set parameter Threads to value 1
Set parameter Seed to value 0
  定价策略: Exact, node=461, vertices=13
Set parameter PoolSearchMode to value 2
Set parameter PoolSolutions to value 10
[CG 1] RMP=12.000000, pricing=ExactPricingSolver, new_columns=0
  搜索路径: [1, 2, 3, 6, 7, 8, 11, 9, 14, 10, 15, 19, 23, 24, 25, 27, 26, 34, 35, 31, 33, 22, 40, 41, 43, 42, 30, 16, 54, 32, 57, 55, 59, 61, 17, 56, 68, 69, 58, 74, 75, 60, 18, 21, 80, 81, 20, 62, 63, 49, 48, 88, 89, 92, 93, 96, 97, 100, 101, 90, 91, 102, 103, 65, 64, 38, 39, 50, 51, 118, 124, 125, 119, 128, 129, 130, 131, 132, 133, 77, 66, 123, 76, 143, 140, 141, 142, 152, 153, 67, 116, 156, 157, 160, 161, 162, 122, 117, 170, 171, 172, 173, 176, 177, 180, 181, 112, 113, 174, 175, 186, 187, 188, 189, 163, 84, 85, 200, 204, 205, 201, 203, 202, 208, 209, 210, 211, 218, 219, 213, 212, 215, 223, 224, 230, 231, 225, 228, 229, 214, 236, 237, 220, 221, 222, 240, 241, 244, 245, 242, 243, 135, 134, 146, 159, 151, 158, 147, 150, 258, 259, 239, 238, 216, 217, 121, 120, 274, 275, 280, 281, 284, 285, 286, 287, 154, 155, 106, 148, 295, 126, 292, 293, 294, 115, 149, 127, 246, 312, 313, 316, 317, 318, 319, 324, 325, 326, 327, 247, 233, 232, 235, 234, 167, 107, 114, 206, 343, 194, 195, 207, 179, 356, 358, 359, 357, 94, 178, 349, 350, 354, 355, 364, 365, 366, 367, 376, 377, 378, 379, 351, 95, 339, 345, 348, 394, 395, 401, 396, 397, 400, 341, 344, 342, 166, 338, 416, 417, 340, 283, 282, 424, 425, 426, 427, 315, 314, 328, 266, 267, 184, 438, 439, 185, 329, 321, 320, 414, 255, 278, 265, 139, 302, 144, 449, 290, 296, 418, 409, 279, 462, 463, 297, 270, 250, 254, 271, 415, 432, 109, 145, 291, 433, 431, 460, 454, 467, 466, 390, 461]
  列生成求解结果: 目标值=12.0000， 下界=8.0000， 上界=9.0000

处理节点 372
  开始列生成求解...
Set parameter LogToConsole to value 0
Set parameter Threads to value 1
Set parameter Seed to value 0
  定价策略: Exact, node=372, vertices=13
Set parameter PoolSearchMode to value 2
Set parameter PoolSolutions to value 10
[CG 1] RMP=16.000000, pricing=ExactPricingSolver, new_columns=10
[CG 2] RMP=12.000000, pricing=ExactPricingSolver, new_columns=0
  搜索路径: [1, 2, 3, 6, 7, 8, 11, 9, 14, 10, 15, 19, 23, 24, 25, 27, 26, 34, 35, 31, 33, 22, 40, 41, 43, 42, 30, 16, 54, 32, 57, 55, 59, 61, 17, 56, 68, 69, 58, 74, 75, 60, 18, 21, 80, 81, 20, 62, 63, 49, 48, 88, 89, 92, 93, 96, 97, 100, 101, 90, 91, 102, 103, 65, 64, 38, 39, 50, 51, 118, 124, 125, 119, 128, 129, 130, 131, 132, 133, 77, 66, 123, 76, 143, 140, 141, 142, 152, 153, 67, 116, 156, 157, 160, 161, 162, 122, 117, 170, 171, 172, 173, 176, 177, 180, 181, 112, 113, 174, 175, 186, 187, 188, 189, 163, 84, 85, 200, 204, 205, 201, 203, 202, 208, 209, 210, 211, 218, 219, 213, 212, 215, 223, 224, 230, 231, 225, 228, 229, 214, 236, 237, 220, 221, 222, 240, 241, 244, 245, 242, 243, 135, 134, 146, 159, 151, 158, 147, 150, 258, 259, 239, 238, 216, 217, 121, 120, 274, 275, 280, 281, 284, 285, 286, 287, 154, 155, 106, 148, 295, 126, 292, 293, 294, 115, 149, 127, 246, 312, 313, 316, 317, 318, 319, 324, 325, 326, 327, 247, 233, 232, 235, 234, 167, 107, 114, 206, 343, 194, 195, 207, 179, 356, 358, 359, 357, 94, 178, 349, 350, 354, 355, 364, 365, 366, 367, 376, 377, 378, 379, 351, 95, 339, 345, 348, 394, 395, 401, 396, 397, 400, 341, 344, 342, 166, 338, 416, 417, 340, 283, 282, 424, 425, 426, 427, 315, 314, 328, 266, 267, 184, 438, 439, 185, 329, 321, 320, 414, 255, 278, 265, 139, 302, 144, 449, 290, 296, 418, 409, 279, 462, 463, 297, 270, 250, 254, 271, 415, 432, 109, 145, 291, 433, 431, 460, 454, 467, 466, 390, 461, 372]
  列生成求解结果: 目标值=12.0000， 下界=8.0000， 上界=9.0000

处理节点 469
  开始列生成求解...
Set parameter LogToConsole to value 0
Set parameter Threads to value 1
Set parameter Seed to value 0
  定价策略: Exact, node=469, vertices=15
Set parameter PoolSearchMode to value 2
Set parameter PoolSolutions to value 10
[CG 1] RMP=2010.000000, pricing=ExactPricingSolver, new_columns=10
[CG 2] RMP=12.000000, pricing=ExactPricingSolver, new_columns=0
  搜索路径: [1, 2, 3, 6, 7, 8, 11, 9, 14, 10, 15, 19, 23, 24, 25, 27, 26, 34, 35, 31, 33, 22, 40, 41, 43, 42, 30, 16, 54, 32, 57, 55, 59, 61, 17, 56, 68, 69, 58, 74, 75, 60, 18, 21, 80, 81, 20, 62, 63, 49, 48, 88, 89, 92, 93, 96, 97, 100, 101, 90, 91, 102, 103, 65, 64, 38, 39, 50, 51, 118, 124, 125, 119, 128, 129, 130, 131, 132, 133, 77, 66, 123, 76, 143, 140, 141, 142, 152, 153, 67, 116, 156, 157, 160, 161, 162, 122, 117, 170, 171, 172, 173, 176, 177, 180, 181, 112, 113, 174, 175, 186, 187, 188, 189, 163, 84, 85, 200, 204, 205, 201, 203, 202, 208, 209, 210, 211, 218, 219, 213, 212, 215, 223, 224, 230, 231, 225, 228, 229, 214, 236, 237, 220, 221, 222, 240, 241, 244, 245, 242, 243, 135, 134, 146, 159, 151, 158, 147, 150, 258, 259, 239, 238, 216, 217, 121, 120, 274, 275, 280, 281, 284, 285, 286, 287, 154, 155, 106, 148, 295, 126, 292, 293, 294, 115, 149, 127, 246, 312, 313, 316, 317, 318, 319, 324, 325, 326, 327, 247, 233, 232, 235, 234, 167, 107, 114, 206, 343, 194, 195, 207, 179, 356, 358, 359, 357, 94, 178, 349, 350, 354, 355, 364, 365, 366, 367, 376, 377, 378, 379, 351, 95, 339, 345, 348, 394, 395, 401, 396, 397, 400, 341, 344, 342, 166, 338, 416, 417, 340, 283, 282, 424, 425, 426, 427, 315, 314, 328, 266, 267, 184, 438, 439, 185, 329, 321, 320, 414, 255, 278, 265, 139, 302, 144, 449, 290, 296, 418, 409, 279, 462, 463, 297, 270, 250, 254, 271, 415, 432, 109, 145, 291, 433, 431, 460, 454, 467, 466, 390, 461, 372, 469]
  列生成求解结果: 目标值=12.0000， 下界=8.0000， 上界=9.0000

处理节点 468
  开始列生成求解...
Set parameter LogToConsole to value 0
Set parameter Threads to value 1
Set parameter Seed to value 0
  定价策略: Exact, node=468, vertices=15
Set parameter PoolSearchMode to value 2
Set parameter PoolSolutions to value 10
[CG 1] RMP=10.000000, pricing=ExactPricingSolver, new_columns=0
  搜索路径: [1, 2, 3, 6, 7, 8, 11, 9, 14, 10, 15, 19, 23, 24, 25, 27, 26, 34, 35, 31, 33, 22, 40, 41, 43, 42, 30, 16, 54, 32, 57, 55, 59, 61, 17, 56, 68, 69, 58, 74, 75, 60, 18, 21, 80, 81, 20, 62, 63, 49, 48, 88, 89, 92, 93, 96, 97, 100, 101, 90, 91, 102, 103, 65, 64, 38, 39, 50, 51, 118, 124, 125, 119, 128, 129, 130, 131, 132, 133, 77, 66, 123, 76, 143, 140, 141, 142, 152, 153, 67, 116, 156, 157, 160, 161, 162, 122, 117, 170, 171, 172, 173, 176, 177, 180, 181, 112, 113, 174, 175, 186, 187, 188, 189, 163, 84, 85, 200, 204, 205, 201, 203, 202, 208, 209, 210, 211, 218, 219, 213, 212, 215, 223, 224, 230, 231, 225, 228, 229, 214, 236, 237, 220, 221, 222, 240, 241, 244, 245, 242, 243, 135, 134, 146, 159, 151, 158, 147, 150, 258, 259, 239, 238, 216, 217, 121, 120, 274, 275, 280, 281, 284, 285, 286, 287, 154, 155, 106, 148, 295, 126, 292, 293, 294, 115, 149, 127, 246, 312, 313, 316, 317, 318, 319, 324, 325, 326, 327, 247, 233, 232, 235, 234, 167, 107, 114, 206, 343, 194, 195, 207, 179, 356, 358, 359, 357, 94, 178, 349, 350, 354, 355, 364, 365, 366, 367, 376, 377, 378, 379, 351, 95, 339, 345, 348, 394, 395, 401, 396, 397, 400, 341, 344, 342, 166, 338, 416, 417, 340, 283, 282, 424, 425, 426, 427, 315, 314, 328, 266, 267, 184, 438, 439, 185, 329, 321, 320, 414, 255, 278, 265, 139, 302, 144, 449, 290, 296, 418, 409, 279, 462, 463, 297, 270, 250, 254, 271, 415, 432, 109, 145, 291, 433, 431, 460, 454, 467, 466, 390, 461, 372, 469, 468]
  列生成求解结果: 目标值=10.0000， 下界=8.0000， 上界=9.0000

处理节点 442
  开始列生成求解...
Set parameter LogToConsole to value 0
Set parameter Threads to value 1
Set parameter Seed to value 0
  定价策略: Exact, node=442, vertices=12
Set parameter PoolSearchMode to value 2
Set parameter PoolSolutions to value 10
[CG 1] RMP=1010.000000, pricing=ExactPricingSolver, new_columns=10
[CG 2] RMP=10.000000, pricing=ExactPricingSolver, new_columns=0
  搜索路径: [1, 2, 3, 6, 7, 8, 11, 9, 14, 10, 15, 19, 23, 24, 25, 27, 26, 34, 35, 31, 33, 22, 40, 41, 43, 42, 30, 16, 54, 32, 57, 55, 59, 61, 17, 56, 68, 69, 58, 74, 75, 60, 18, 21, 80, 81, 20, 62, 63, 49, 48, 88, 89, 92, 93, 96, 97, 100, 101, 90, 91, 102, 103, 65, 64, 38, 39, 50, 51, 118, 124, 125, 119, 128, 129, 130, 131, 132, 133, 77, 66, 123, 76, 143, 140, 141, 142, 152, 153, 67, 116, 156, 157, 160, 161, 162, 122, 117, 170, 171, 172, 173, 176, 177, 180, 181, 112, 113, 174, 175, 186, 187, 188, 189, 163, 84, 85, 200, 204, 205, 201, 203, 202, 208, 209, 210, 211, 218, 219, 213, 212, 215, 223, 224, 230, 231, 225, 228, 229, 214, 236, 237, 220, 221, 222, 240, 241, 244, 245, 242, 243, 135, 134, 146, 159, 151, 158, 147, 150, 258, 259, 239, 238, 216, 217, 121, 120, 274, 275, 280, 281, 284, 285, 286, 287, 154, 155, 106, 148, 295, 126, 292, 293, 294, 115, 149, 127, 246, 312, 313, 316, 317, 318, 319, 324, 325, 326, 327, 247, 233, 232, 235, 234, 167, 107, 114, 206, 343, 194, 195, 207, 179, 356, 358, 359, 357, 94, 178, 349, 350, 354, 355, 364, 365, 366, 367, 376, 377, 378, 379, 351, 95, 339, 345, 348, 394, 395, 401, 396, 397, 400, 341, 344, 342, 166, 338, 416, 417, 340, 283, 282, 424, 425, 426, 427, 315, 314, 328, 266, 267, 184, 438, 439, 185, 329, 321, 320, 414, 255, 278, 265, 139, 302, 144, 449, 290, 296, 418, 409, 279, 462, 463, 297, 270, 250, 254, 271, 415, 432, 109, 145, 291, 433, 431, 460, 454, 467, 466, 390, 461, 372, 469, 468, 442]
  列生成求解结果: 目标值=10.0000， 下界=8.0000， 上界=9.0000

处理节点 443
  开始列生成求解...
Set parameter LogToConsole to value 0
Set parameter Threads to value 1
Set parameter Seed to value 0
  定价策略: Exact, node=443, vertices=12
Set parameter PoolSearchMode to value 2
Set parameter PoolSolutions to value 10
[CG 1] RMP=12.000000, pricing=ExactPricingSolver, new_columns=0
  搜索路径: [1, 2, 3, 6, 7, 8, 11, 9, 14, 10, 15, 19, 23, 24, 25, 27, 26, 34, 35, 31, 33, 22, 40, 41, 43, 42, 30, 16, 54, 32, 57, 55, 59, 61, 17, 56, 68, 69, 58, 74, 75, 60, 18, 21, 80, 81, 20, 62, 63, 49, 48, 88, 89, 92, 93, 96, 97, 100, 101, 90, 91, 102, 103, 65, 64, 38, 39, 50, 51, 118, 124, 125, 119, 128, 129, 130, 131, 132, 133, 77, 66, 123, 76, 143, 140, 141, 142, 152, 153, 67, 116, 156, 157, 160, 161, 162, 122, 117, 170, 171, 172, 173, 176, 177, 180, 181, 112, 113, 174, 175, 186, 187, 188, 189, 163, 84, 85, 200, 204, 205, 201, 203, 202, 208, 209, 210, 211, 218, 219, 213, 212, 215, 223, 224, 230, 231, 225, 228, 229, 214, 236, 237, 220, 221, 222, 240, 241, 244, 245, 242, 243, 135, 134, 146, 159, 151, 158, 147, 150, 258, 259, 239, 238, 216, 217, 121, 120, 274, 275, 280, 281, 284, 285, 286, 287, 154, 155, 106, 148, 295, 126, 292, 293, 294, 115, 149, 127, 246, 312, 313, 316, 317, 318, 319, 324, 325, 326, 327, 247, 233, 232, 235, 234, 167, 107, 114, 206, 343, 194, 195, 207, 179, 356, 358, 359, 357, 94, 178, 349, 350, 354, 355, 364, 365, 366, 367, 376, 377, 378, 379, 351, 95, 339, 345, 348, 394, 395, 401, 396, 397, 400, 341, 344, 342, 166, 338, 416, 417, 340, 283, 282, 424, 425, 426, 427, 315, 314, 328, 266, 267, 184, 438, 439, 185, 329, 321, 320, 414, 255, 278, 265, 139, 302, 144, 449, 290, 296, 418, 409, 279, 462, 463, 297, 270, 250, 254, 271, 415, 432, 109, 145, 291, 433, 431, 460, 454, 467, 466, 390, 461, 372, 469, 468, 442, 443]
  列生成求解结果: 目标值=12.0000， 下界=8.0000， 上界=9.0000

处理节点 380
  开始列生成求解...
Set parameter LogToConsole to value 0
Set parameter Threads to value 1
Set parameter Seed to value 0
  定价策略: Exact, node=380, vertices=11
Set parameter PoolSearchMode to value 2
Set parameter PoolSolutions to value 10
[CG 1] RMP=8.000000, pricing=ExactPricingSolver, new_columns=0
  搜索路径: [1, 2, 3, 6, 7, 8, 11, 9, 14, 10, 15, 19, 23, 24, 25, 27, 26, 34, 35, 31, 33, 22, 40, 41, 43, 42, 30, 16, 54, 32, 57, 55, 59, 61, 17, 56, 68, 69, 58, 74, 75, 60, 18, 21, 80, 81, 20, 62, 63, 49, 48, 88, 89, 92, 93, 96, 97, 100, 101, 90, 91, 102, 103, 65, 64, 38, 39, 50, 51, 118, 124, 125, 119, 128, 129, 130, 131, 132, 133, 77, 66, 123, 76, 143, 140, 141, 142, 152, 153, 67, 116, 156, 157, 160, 161, 162, 122, 117, 170, 171, 172, 173, 176, 177, 180, 181, 112, 113, 174, 175, 186, 187, 188, 189, 163, 84, 85, 200, 204, 205, 201, 203, 202, 208, 209, 210, 211, 218, 219, 213, 212, 215, 223, 224, 230, 231, 225, 228, 229, 214, 236, 237, 220, 221, 222, 240, 241, 244, 245, 242, 243, 135, 134, 146, 159, 151, 158, 147, 150, 258, 259, 239, 238, 216, 217, 121, 120, 274, 275, 280, 281, 284, 285, 286, 287, 154, 155, 106, 148, 295, 126, 292, 293, 294, 115, 149, 127, 246, 312, 313, 316, 317, 318, 319, 324, 325, 326, 327, 247, 233, 232, 235, 234, 167, 107, 114, 206, 343, 194, 195, 207, 179, 356, 358, 359, 357, 94, 178, 349, 350, 354, 355, 364, 365, 366, 367, 376, 377, 378, 379, 351, 95, 339, 345, 348, 394, 395, 401, 396, 397, 400, 341, 344, 342, 166, 338, 416, 417, 340, 283, 282, 424, 425, 426, 427, 315, 314, 328, 266, 267, 184, 438, 439, 185, 329, 321, 320, 414, 255, 278, 265, 139, 302, 144, 449, 290, 296, 418, 409, 279, 462, 463, 297, 270, 250, 254, 271, 415, 432, 109, 145, 291, 433, 431, 460, 454, 467, 466, 390, 461, 372, 469, 468, 442, 443, 380]
  列生成求解结果: 目标值=8.0000， 下界=8.0000， 上界=9.0000
    非整数变量: COL_1-11-18-23-7-9_42 = 0.500000
  解不是整数，开始分支...
ImposedVertex(vertex=26)
ForbidVertex(vertex=26)
  创建了 2 个分支
    添加分支节点 1: ID=470
    添加分支节点 2: ID=471

处理节点 402
  开始列生成求解...
Set parameter LogToConsole to value 0
Set parameter Threads to value 1
Set parameter Seed to value 0
  定价策略: Exact, node=402, vertices=14
Set parameter PoolSearchMode to value 2
Set parameter PoolSolutions to value 10
[CG 1] RMP=12.000000, pricing=ExactPricingSolver, new_columns=0
  搜索路径: [1, 2, 3, 6, 7, 8, 11, 9, 14, 10, 15, 19, 23, 24, 25, 27, 26, 34, 35, 31, 33, 22, 40, 41, 43, 42, 30, 16, 54, 32, 57, 55, 59, 61, 17, 56, 68, 69, 58, 74, 75, 60, 18, 21, 80, 81, 20, 62, 63, 49, 48, 88, 89, 92, 93, 96, 97, 100, 101, 90, 91, 102, 103, 65, 64, 38, 39, 50, 51, 118, 124, 125, 119, 128, 129, 130, 131, 132, 133, 77, 66, 123, 76, 143, 140, 141, 142, 152, 153, 67, 116, 156, 157, 160, 161, 162, 122, 117, 170, 171, 172, 173, 176, 177, 180, 181, 112, 113, 174, 175, 186, 187, 188, 189, 163, 84, 85, 200, 204, 205, 201, 203, 202, 208, 209, 210, 211, 218, 219, 213, 212, 215, 223, 224, 230, 231, 225, 228, 229, 214, 236, 237, 220, 221, 222, 240, 241, 244, 245, 242, 243, 135, 134, 146, 159, 151, 158, 147, 150, 258, 259, 239, 238, 216, 217, 121, 120, 274, 275, 280, 281, 284, 285, 286, 287, 154, 155, 106, 148, 295, 126, 292, 293, 294, 115, 149, 127, 246, 312, 313, 316, 317, 318, 319, 324, 325, 326, 327, 247, 233, 232, 235, 234, 167, 107, 114, 206, 343, 194, 195, 207, 179, 356, 358, 359, 357, 94, 178, 349, 350, 354, 355, 364, 365, 366, 367, 376, 377, 378, 379, 351, 95, 339, 345, 348, 394, 395, 401, 396, 397, 400, 341, 344, 342, 166, 338, 416, 417, 340, 283, 282, 424, 425, 426, 427, 315, 314, 328, 266, 267, 184, 438, 439, 185, 329, 321, 320, 414, 255, 278, 265, 139, 302, 144, 449, 290, 296, 418, 409, 279, 462, 463, 297, 270, 250, 254, 271, 415, 432, 109, 145, 291, 433, 431, 460, 454, 467, 466, 390, 461, 372, 469, 468, 442, 443, 380, 402]
  列生成求解结果: 目标值=12.0000， 下界=8.0000， 上界=9.0000

处理节点 407
  开始列生成求解...
Set parameter LogToConsole to value 0
Set parameter Threads to value 1
Set parameter Seed to value 0
  定价策略: Exact, node=407, vertices=13
Set parameter PoolSearchMode to value 2
Set parameter PoolSolutions to value 10
[CG 1] RMP=8.000000, pricing=ExactPricingSolver, new_columns=0
  搜索路径: [1, 2, 3, 6, 7, 8, 11, 9, 14, 10, 15, 19, 23, 24, 25, 27, 26, 34, 35, 31, 33, 22, 40, 41, 43, 42, 30, 16, 54, 32, 57, 55, 59, 61, 17, 56, 68, 69, 58, 74, 75, 60, 18, 21, 80, 81, 20, 62, 63, 49, 48, 88, 89, 92, 93, 96, 97, 100, 101, 90, 91, 102, 103, 65, 64, 38, 39, 50, 51, 118, 124, 125, 119, 128, 129, 130, 131, 132, 133, 77, 66, 123, 76, 143, 140, 141, 142, 152, 153, 67, 116, 156, 157, 160, 161, 162, 122, 117, 170, 171, 172, 173, 176, 177, 180, 181, 112, 113, 174, 175, 186, 187, 188, 189, 163, 84, 85, 200, 204, 205, 201, 203, 202, 208, 209, 210, 211, 218, 219, 213, 212, 215, 223, 224, 230, 231, 225, 228, 229, 214, 236, 237, 220, 221, 222, 240, 241, 244, 245, 242, 243, 135, 134, 146, 159, 151, 158, 147, 150, 258, 259, 239, 238, 216, 217, 121, 120, 274, 275, 280, 281, 284, 285, 286, 287, 154, 155, 106, 148, 295, 126, 292, 293, 294, 115, 149, 127, 246, 312, 313, 316, 317, 318, 319, 324, 325, 326, 327, 247, 233, 232, 235, 234, 167, 107, 114, 206, 343, 194, 195, 207, 179, 356, 358, 359, 357, 94, 178, 349, 350, 354, 355, 364, 365, 366, 367, 376, 377, 378, 379, 351, 95, 339, 345, 348, 394, 395, 401, 396, 397, 400, 341, 344, 342, 166, 338, 416, 417, 340, 283, 282, 424, 425, 426, 427, 315, 314, 328, 266, 267, 184, 438, 439, 185, 329, 321, 320, 414, 255, 278, 265, 139, 302, 144, 449, 290, 296, 418, 409, 279, 462, 463, 297, 270, 250, 254, 271, 415, 432, 109, 145, 291, 433, 431, 460, 454, 467, 466, 390, 461, 372, 469, 468, 442, 443, 380, 402, 407]
  列生成求解结果: 目标值=8.0000， 下界=8.0000， 上界=9.0000
    非整数变量: COL_1-18-23-9_37 = 0.353896
  解不是整数，开始分支...
ImposedVertex(vertex=27)
ForbidVertex(vertex=27)
  创建了 2 个分支
    添加分支节点 1: ID=472
    添加分支节点 2: ID=473

处理节点 444
  开始列生成求解...
Set parameter LogToConsole to value 0
Set parameter Threads to value 1
Set parameter Seed to value 0
  定价策略: Exact, node=444, vertices=14
Set parameter PoolSearchMode to value 2
Set parameter PoolSolutions to value 10
[CG 1] RMP=11.000000, pricing=ExactPricingSolver, new_columns=10
[CG 2] RMP=10.000000, pricing=ExactPricingSolver, new_columns=0
  搜索路径: [1, 2, 3, 6, 7, 8, 11, 9, 14, 10, 15, 19, 23, 24, 25, 27, 26, 34, 35, 31, 33, 22, 40, 41, 43, 42, 30, 16, 54, 32, 57, 55, 59, 61, 17, 56, 68, 69, 58, 74, 75, 60, 18, 21, 80, 81, 20, 62, 63, 49, 48, 88, 89, 92, 93, 96, 97, 100, 101, 90, 91, 102, 103, 65, 64, 38, 39, 50, 51, 118, 124, 125, 119, 128, 129, 130, 131, 132, 133, 77, 66, 123, 76, 143, 140, 141, 142, 152, 153, 67, 116, 156, 157, 160, 161, 162, 122, 117, 170, 171, 172, 173, 176, 177, 180, 181, 112, 113, 174, 175, 186, 187, 188, 189, 163, 84, 85, 200, 204, 205, 201, 203, 202, 208, 209, 210, 211, 218, 219, 213, 212, 215, 223, 224, 230, 231, 225, 228, 229, 214, 236, 237, 220, 221, 222, 240, 241, 244, 245, 242, 243, 135, 134, 146, 159, 151, 158, 147, 150, 258, 259, 239, 238, 216, 217, 121, 120, 274, 275, 280, 281, 284, 285, 286, 287, 154, 155, 106, 148, 295, 126, 292, 293, 294, 115, 149, 127, 246, 312, 313, 316, 317, 318, 319, 324, 325, 326, 327, 247, 233, 232, 235, 234, 167, 107, 114, 206, 343, 194, 195, 207, 179, 356, 358, 359, 357, 94, 178, 349, 350, 354, 355, 364, 365, 366, 367, 376, 377, 378, 379, 351, 95, 339, 345, 348, 394, 395, 401, 396, 397, 400, 341, 344, 342, 166, 338, 416, 417, 340, 283, 282, 424, 425, 426, 427, 315, 314, 328, 266, 267, 184, 438, 439, 185, 329, 321, 320, 414, 255, 278, 265, 139, 302, 144, 449, 290, 296, 418, 409, 279, 462, 463, 297, 270, 250, 254, 271, 415, 432, 109, 145, 291, 433, 431, 460, 454, 467, 466, 390, 461, 372, 469, 468, 442, 443, 380, 402, 407, 444]
  列生成求解结果: 目标值=10.0000， 下界=8.0000， 上界=9.0000

处理节点 190
  开始列生成求解...
Set parameter LogToConsole to value 0
Set parameter Threads to value 1
Set parameter Seed to value 0
  定价策略: Exact, node=190, vertices=17
Set parameter PoolSearchMode to value 2
Set parameter PoolSolutions to value 10
[CG 1] RMP=10.000000, pricing=ExactPricingSolver, new_columns=0
  搜索路径: [1, 2, 3, 6, 7, 8, 11, 9, 14, 10, 15, 19, 23, 24, 25, 27, 26, 34, 35, 31, 33, 22, 40, 41, 43, 42, 30, 16, 54, 32, 57, 55, 59, 61, 17, 56, 68, 69, 58, 74, 75, 60, 18, 21, 80, 81, 20, 62, 63, 49, 48, 88, 89, 92, 93, 96, 97, 100, 101, 90, 91, 102, 103, 65, 64, 38, 39, 50, 51, 118, 124, 125, 119, 128, 129, 130, 131, 132, 133, 77, 66, 123, 76, 143, 140, 141, 142, 152, 153, 67, 116, 156, 157, 160, 161, 162, 122, 117, 170, 171, 172, 173, 176, 177, 180, 181, 112, 113, 174, 175, 186, 187, 188, 189, 163, 84, 85, 200, 204, 205, 201, 203, 202, 208, 209, 210, 211, 218, 219, 213, 212, 215, 223, 224, 230, 231, 225, 228, 229, 214, 236, 237, 220, 221, 222, 240, 241, 244, 245, 242, 243, 135, 134, 146, 159, 151, 158, 147, 150, 258, 259, 239, 238, 216, 217, 121, 120, 274, 275, 280, 281, 284, 285, 286, 287, 154, 155, 106, 148, 295, 126, 292, 293, 294, 115, 149, 127, 246, 312, 313, 316, 317, 318, 319, 324, 325, 326, 327, 247, 233, 232, 235, 234, 167, 107, 114, 206, 343, 194, 195, 207, 179, 356, 358, 359, 357, 94, 178, 349, 350, 354, 355, 364, 365, 366, 367, 376, 377, 378, 379, 351, 95, 339, 345, 348, 394, 395, 401, 396, 397, 400, 341, 344, 342, 166, 338, 416, 417, 340, 283, 282, 424, 425, 426, 427, 315, 314, 328, 266, 267, 184, 438, 439, 185, 329, 321, 320, 414, 255, 278, 265, 139, 302, 144, 449, 290, 296, 418, 409, 279, 462, 463, 297, 270, 250, 254, 271, 415, 432, 109, 145, 291, 433, 431, 460, 454, 467, 466, 390, 461, 372, 469, 468, 442, 443, 380, 402, 407, 444, 190]
  列生成求解结果: 目标值=10.0000， 下界=8.0000， 上界=9.0000

处理节点 403
  开始列生成求解...
Set parameter LogToConsole to value 0
Set parameter Threads to value 1
Set parameter Seed to value 0
  定价策略: Exact, node=403, vertices=14
Set parameter PoolSearchMode to value 2
Set parameter PoolSolutions to value 10
[CG 1] RMP=9.000000, pricing=ExactPricingSolver, new_columns=0
  搜索路径: [1, 2, 3, 6, 7, 8, 11, 9, 14, 10, 15, 19, 23, 24, 25, 27, 26, 34, 35, 31, 33, 22, 40, 41, 43, 42, 30, 16, 54, 32, 57, 55, 59, 61, 17, 56, 68, 69, 58, 74, 75, 60, 18, 21, 80, 81, 20, 62, 63, 49, 48, 88, 89, 92, 93, 96, 97, 100, 101, 90, 91, 102, 103, 65, 64, 38, 39, 50, 51, 118, 124, 125, 119, 128, 129, 130, 131, 132, 133, 77, 66, 123, 76, 143, 140, 141, 142, 152, 153, 67, 116, 156, 157, 160, 161, 162, 122, 117, 170, 171, 172, 173, 176, 177, 180, 181, 112, 113, 174, 175, 186, 187, 188, 189, 163, 84, 85, 200, 204, 205, 201, 203, 202, 208, 209, 210, 211, 218, 219, 213, 212, 215, 223, 224, 230, 231, 225, 228, 229, 214, 236, 237, 220, 221, 222, 240, 241, 244, 245, 242, 243, 135, 134, 146, 159, 151, 158, 147, 150, 258, 259, 239, 238, 216, 217, 121, 120, 274, 275, 280, 281, 284, 285, 286, 287, 154, 155, 106, 148, 295, 126, 292, 293, 294, 115, 149, 127, 246, 312, 313, 316, 317, 318, 319, 324, 325, 326, 327, 247, 233, 232, 235, 234, 167, 107, 114, 206, 343, 194, 195, 207, 179, 356, 358, 359, 357, 94, 178, 349, 350, 354, 355, 364, 365, 366, 367, 376, 377, 378, 379, 351, 95, 339, 345, 348, 394, 395, 401, 396, 397, 400, 341, 344, 342, 166, 338, 416, 417, 340, 283, 282, 424, 425, 426, 427, 315, 314, 328, 266, 267, 184, 438, 439, 185, 329, 321, 320, 414, 255, 278, 265, 139, 302, 144, 449, 290, 296, 418, 409, 279, 462, 463, 297, 270, 250, 254, 271, 415, 432, 109, 145, 291, 433, 431, 460, 454, 467, 466, 390, 461, 372, 469, 468, 442, 443, 380, 402, 407, 444, 190, 403]
  列生成求解结果: 目标值=9.0000， 下界=8.0000， 上界=9.0000
    非整数变量: COL_1-16-20-25_203 = 0.125000
  解不是整数，开始分支...
规则2分支: vertices=1-11, fractionality=0.200000
SameColor(vertex_pair=1-11)
DifferentColor(vertex_pair=1-11)
  创建了 2 个分支
    添加分支节点 1: ID=474
    添加分支节点 2: ID=475

处理节点 471
  开始列生成求解...
Set parameter LogToConsole to value 0
Set parameter Threads to value 1
Set parameter Seed to value 0
  定价策略: Exact, node=471, vertices=10
Set parameter PoolSearchMode to value 2
Set parameter PoolSolutions to value 10
[CG 1] RMP=12.000000, pricing=ExactPricingSolver, new_columns=0
  搜索路径: [1, 2, 3, 6, 7, 8, 11, 9, 14, 10, 15, 19, 23, 24, 25, 27, 26, 34, 35, 31, 33, 22, 40, 41, 43, 42, 30, 16, 54, 32, 57, 55, 59, 61, 17, 56, 68, 69, 58, 74, 75, 60, 18, 21, 80, 81, 20, 62, 63, 49, 48, 88, 89, 92, 93, 96, 97, 100, 101, 90, 91, 102, 103, 65, 64, 38, 39, 50, 51, 118, 124, 125, 119, 128, 129, 130, 131, 132, 133, 77, 66, 123, 76, 143, 140, 141, 142, 152, 153, 67, 116, 156, 157, 160, 161, 162, 122, 117, 170, 171, 172, 173, 176, 177, 180, 181, 112, 113, 174, 175, 186, 187, 188, 189, 163, 84, 85, 200, 204, 205, 201, 203, 202, 208, 209, 210, 211, 218, 219, 213, 212, 215, 223, 224, 230, 231, 225, 228, 229, 214, 236, 237, 220, 221, 222, 240, 241, 244, 245, 242, 243, 135, 134, 146, 159, 151, 158, 147, 150, 258, 259, 239, 238, 216, 217, 121, 120, 274, 275, 280, 281, 284, 285, 286, 287, 154, 155, 106, 148, 295, 126, 292, 293, 294, 115, 149, 127, 246, 312, 313, 316, 317, 318, 319, 324, 325, 326, 327, 247, 233, 232, 235, 234, 167, 107, 114, 206, 343, 194, 195, 207, 179, 356, 358, 359, 357, 94, 178, 349, 350, 354, 355, 364, 365, 366, 367, 376, 377, 378, 379, 351, 95, 339, 345, 348, 394, 395, 401, 396, 397, 400, 341, 344, 342, 166, 338, 416, 417, 340, 283, 282, 424, 425, 426, 427, 315, 314, 328, 266, 267, 184, 438, 439, 185, 329, 321, 320, 414, 255, 278, 265, 139, 302, 144, 449, 290, 296, 418, 409, 279, 462, 463, 297, 270, 250, 254, 271, 415, 432, 109, 145, 291, 433, 431, 460, 454, 467, 466, 390, 461, 372, 469, 468, 442, 443, 380, 402, 407, 444, 190, 403, 471]
  列生成求解结果: 目标值=12.0000， 下界=8.0000， 上界=9.0000

处理节点 470
  开始列生成求解...
Set parameter LogToConsole to value 0
Set parameter Threads to value 1
Set parameter Seed to value 0
  定价策略: Exact, node=470, vertices=10
Set parameter PoolSearchMode to value 2
Set parameter PoolSolutions to value 10
[CG 1] RMP=10.000000, pricing=ExactPricingSolver, new_columns=0
  搜索路径: [1, 2, 3, 6, 7, 8, 11, 9, 14, 10, 15, 19, 23, 24, 25, 27, 26, 34, 35, 31, 33, 22, 40, 41, 43, 42, 30, 16, 54, 32, 57, 55, 59, 61, 17, 56, 68, 69, 58, 74, 75, 60, 18, 21, 80, 81, 20, 62, 63, 49, 48, 88, 89, 92, 93, 96, 97, 100, 101, 90, 91, 102, 103, 65, 64, 38, 39, 50, 51, 118, 124, 125, 119, 128, 129, 130, 131, 132, 133, 77, 66, 123, 76, 143, 140, 141, 142, 152, 153, 67, 116, 156, 157, 160, 161, 162, 122, 117, 170, 171, 172, 173, 176, 177, 180, 181, 112, 113, 174, 175, 186, 187, 188, 189, 163, 84, 85, 200, 204, 205, 201, 203, 202, 208, 209, 210, 211, 218, 219, 213, 212, 215, 223, 224, 230, 231, 225, 228, 229, 214, 236, 237, 220, 221, 222, 240, 241, 244, 245, 242, 243, 135, 134, 146, 159, 151, 158, 147, 150, 258, 259, 239, 238, 216, 217, 121, 120, 274, 275, 280, 281, 284, 285, 286, 287, 154, 155, 106, 148, 295, 126, 292, 293, 294, 115, 149, 127, 246, 312, 313, 316, 317, 318, 319, 324, 325, 326, 327, 247, 233, 232, 235, 234, 167, 107, 114, 206, 343, 194, 195, 207, 179, 356, 358, 359, 357, 94, 178, 349, 350, 354, 355, 364, 365, 366, 367, 376, 377, 378, 379, 351, 95, 339, 345, 348, 394, 395, 401, 396, 397, 400, 341, 344, 342, 166, 338, 416, 417, 340, 283, 282, 424, 425, 426, 427, 315, 314, 328, 266, 267, 184, 438, 439, 185, 329, 321, 320, 414, 255, 278, 265, 139, 302, 144, 449, 290, 296, 418, 409, 279, 462, 463, 297, 270, 250, 254, 271, 415, 432, 109, 145, 291, 433, 431, 460, 454, 467, 466, 390, 461, 372, 469, 468, 442, 443, 380, 402, 407, 444, 190, 403, 471, 470]
  列生成求解结果: 目标值=10.0000， 下界=8.0000， 上界=9.0000

处理节点 473
  开始列生成求解...
Set parameter LogToConsole to value 0
Set parameter Threads to value 1
Set parameter Seed to value 0
  定价策略: Exact, node=473, vertices=12
Set parameter PoolSearchMode to value 2
Set parameter PoolSolutions to value 10
[CG 1] RMP=12.000000, pricing=ExactPricingSolver, new_columns=0
  搜索路径: [1, 2, 3, 6, 7, 8, 11, 9, 14, 10, 15, 19, 23, 24, 25, 27, 26, 34, 35, 31, 33, 22, 40, 41, 43, 42, 30, 16, 54, 32, 57, 55, 59, 61, 17, 56, 68, 69, 58, 74, 75, 60, 18, 21, 80, 81, 20, 62, 63, 49, 48, 88, 89, 92, 93, 96, 97, 100, 101, 90, 91, 102, 103, 65, 64, 38, 39, 50, 51, 118, 124, 125, 119, 128, 129, 130, 131, 132, 133, 77, 66, 123, 76, 143, 140, 141, 142, 152, 153, 67, 116, 156, 157, 160, 161, 162, 122, 117, 170, 171, 172, 173, 176, 177, 180, 181, 112, 113, 174, 175, 186, 187, 188, 189, 163, 84, 85, 200, 204, 205, 201, 203, 202, 208, 209, 210, 211, 218, 219, 213, 212, 215, 223, 224, 230, 231, 225, 228, 229, 214, 236, 237, 220, 221, 222, 240, 241, 244, 245, 242, 243, 135, 134, 146, 159, 151, 158, 147, 150, 258, 259, 239, 238, 216, 217, 121, 120, 274, 275, 280, 281, 284, 285, 286, 287, 154, 155, 106, 148, 295, 126, 292, 293, 294, 115, 149, 127, 246, 312, 313, 316, 317, 318, 319, 324, 325, 326, 327, 247, 233, 232, 235, 234, 167, 107, 114, 206, 343, 194, 195, 207, 179, 356, 358, 359, 357, 94, 178, 349, 350, 354, 355, 364, 365, 366, 367, 376, 377, 378, 379, 351, 95, 339, 345, 348, 394, 395, 401, 396, 397, 400, 341, 344, 342, 166, 338, 416, 417, 340, 283, 282, 424, 425, 426, 427, 315, 314, 328, 266, 267, 184, 438, 439, 185, 329, 321, 320, 414, 255, 278, 265, 139, 302, 144, 449, 290, 296, 418, 409, 279, 462, 463, 297, 270, 250, 254, 271, 415, 432, 109, 145, 291, 433, 431, 460, 454, 467, 466, 390, 461, 372, 469, 468, 442, 443, 380, 402, 407, 444, 190, 403, 471, 470, 473]
  列生成求解结果: 目标值=12.0000， 下界=8.0000， 上界=9.0000

处理节点 472
  开始列生成求解...
Set parameter LogToConsole to value 0
Set parameter Threads to value 1
Set parameter Seed to value 0
  定价策略: Exact, node=472, vertices=12
Set parameter PoolSearchMode to value 2
Set parameter PoolSolutions to value 10
[CG 1] RMP=11.000000, pricing=ExactPricingSolver, new_columns=0
  搜索路径: [1, 2, 3, 6, 7, 8, 11, 9, 14, 10, 15, 19, 23, 24, 25, 27, 26, 34, 35, 31, 33, 22, 40, 41, 43, 42, 30, 16, 54, 32, 57, 55, 59, 61, 17, 56, 68, 69, 58, 74, 75, 60, 18, 21, 80, 81, 20, 62, 63, 49, 48, 88, 89, 92, 93, 96, 97, 100, 101, 90, 91, 102, 103, 65, 64, 38, 39, 50, 51, 118, 124, 125, 119, 128, 129, 130, 131, 132, 133, 77, 66, 123, 76, 143, 140, 141, 142, 152, 153, 67, 116, 156, 157, 160, 161, 162, 122, 117, 170, 171, 172, 173, 176, 177, 180, 181, 112, 113, 174, 175, 186, 187, 188, 189, 163, 84, 85, 200, 204, 205, 201, 203, 202, 208, 209, 210, 211, 218, 219, 213, 212, 215, 223, 224, 230, 231, 225, 228, 229, 214, 236, 237, 220, 221, 222, 240, 241, 244, 245, 242, 243, 135, 134, 146, 159, 151, 158, 147, 150, 258, 259, 239, 238, 216, 217, 121, 120, 274, 275, 280, 281, 284, 285, 286, 287, 154, 155, 106, 148, 295, 126, 292, 293, 294, 115, 149, 127, 246, 312, 313, 316, 317, 318, 319, 324, 325, 326, 327, 247, 233, 232, 235, 234, 167, 107, 114, 206, 343, 194, 195, 207, 179, 356, 358, 359, 357, 94, 178, 349, 350, 354, 355, 364, 365, 366, 367, 376, 377, 378, 379, 351, 95, 339, 345, 348, 394, 395, 401, 396, 397, 400, 341, 344, 342, 166, 338, 416, 417, 340, 283, 282, 424, 425, 426, 427, 315, 314, 328, 266, 267, 184, 438, 439, 185, 329, 321, 320, 414, 255, 278, 265, 139, 302, 144, 449, 290, 296, 418, 409, 279, 462, 463, 297, 270, 250, 254, 271, 415, 432, 109, 145, 291, 433, 431, 460, 454, 467, 466, 390, 461, 372, 469, 468, 442, 443, 380, 402, 407, 444, 190, 403, 471, 470, 473, 472]
  列生成求解结果: 目标值=11.0000， 下界=8.0000， 上界=9.0000

处理节点 371
  开始列生成求解...
Set parameter LogToConsole to value 0
Set parameter Threads to value 1
Set parameter Seed to value 0
  定价策略: Exact, node=371, vertices=13
Set parameter PoolSearchMode to value 2
Set parameter PoolSolutions to value 10
[CG 1] RMP=10.000000, pricing=ExactPricingSolver, new_columns=0
  搜索路径: [1, 2, 3, 6, 7, 8, 11, 9, 14, 10, 15, 19, 23, 24, 25, 27, 26, 34, 35, 31, 33, 22, 40, 41, 43, 42, 30, 16, 54, 32, 57, 55, 59, 61, 17, 56, 68, 69, 58, 74, 75, 60, 18, 21, 80, 81, 20, 62, 63, 49, 48, 88, 89, 92, 93, 96, 97, 100, 101, 90, 91, 102, 103, 65, 64, 38, 39, 50, 51, 118, 124, 125, 119, 128, 129, 130, 131, 132, 133, 77, 66, 123, 76, 143, 140, 141, 142, 152, 153, 67, 116, 156, 157, 160, 161, 162, 122, 117, 170, 171, 172, 173, 176, 177, 180, 181, 112, 113, 174, 175, 186, 187, 188, 189, 163, 84, 85, 200, 204, 205, 201, 203, 202, 208, 209, 210, 211, 218, 219, 213, 212, 215, 223, 224, 230, 231, 225, 228, 229, 214, 236, 237, 220, 221, 222, 240, 241, 244, 245, 242, 243, 135, 134, 146, 159, 151, 158, 147, 150, 258, 259, 239, 238, 216, 217, 121, 120, 274, 275, 280, 281, 284, 285, 286, 287, 154, 155, 106, 148, 295, 126, 292, 293, 294, 115, 149, 127, 246, 312, 313, 316, 317, 318, 319, 324, 325, 326, 327, 247, 233, 232, 235, 234, 167, 107, 114, 206, 343, 194, 195, 207, 179, 356, 358, 359, 357, 94, 178, 349, 350, 354, 355, 364, 365, 366, 367, 376, 377, 378, 379, 351, 95, 339, 345, 348, 394, 395, 401, 396, 397, 400, 341, 344, 342, 166, 338, 416, 417, 340, 283, 282, 424, 425, 426, 427, 315, 314, 328, 266, 267, 184, 438, 439, 185, 329, 321, 320, 414, 255, 278, 265, 139, 302, 144, 449, 290, 296, 418, 409, 279, 462, 463, 297, 270, 250, 254, 271, 415, 432, 109, 145, 291, 433, 431, 460, 454, 467, 466, 390, 461, 372, 469, 468, 442, 443, 380, 402, 407, 444, 190, 403, 471, 470, 473, 472, 371]
  列生成求解结果: 目标值=10.0000， 下界=8.0000， 上界=9.0000

处理节点 419
  开始列生成求解...
Set parameter LogToConsole to value 0
Set parameter Threads to value 1
Set parameter Seed to value 0
  定价策略: Exact, node=419, vertices=13
Set parameter PoolSearchMode to value 2
Set parameter PoolSolutions to value 10
[CG 1] RMP=10.000000, pricing=ExactPricingSolver, new_columns=0
  搜索路径: [1, 2, 3, 6, 7, 8, 11, 9, 14, 10, 15, 19, 23, 24, 25, 27, 26, 34, 35, 31, 33, 22, 40, 41, 43, 42, 30, 16, 54, 32, 57, 55, 59, 61, 17, 56, 68, 69, 58, 74, 75, 60, 18, 21, 80, 81, 20, 62, 63, 49, 48, 88, 89, 92, 93, 96, 97, 100, 101, 90, 91, 102, 103, 65, 64, 38, 39, 50, 51, 118, 124, 125, 119, 128, 129, 130, 131, 132, 133, 77, 66, 123, 76, 143, 140, 141, 142, 152, 153, 67, 116, 156, 157, 160, 161, 162, 122, 117, 170, 171, 172, 173, 176, 177, 180, 181, 112, 113, 174, 175, 186, 187, 188, 189, 163, 84, 85, 200, 204, 205, 201, 203, 202, 208, 209, 210, 211, 218, 219, 213, 212, 215, 223, 224, 230, 231, 225, 228, 229, 214, 236, 237, 220, 221, 222, 240, 241, 244, 245, 242, 243, 135, 134, 146, 159, 151, 158, 147, 150, 258, 259, 239, 238, 216, 217, 121, 120, 274, 275, 280, 281, 284, 285, 286, 287, 154, 155, 106, 148, 295, 126, 292, 293, 294, 115, 149, 127, 246, 312, 313, 316, 317, 318, 319, 324, 325, 326, 327, 247, 233, 232, 235, 234, 167, 107, 114, 206, 343, 194, 195, 207, 179, 356, 358, 359, 357, 94, 178, 349, 350, 354, 355, 364, 365, 366, 367, 376, 377, 378, 379, 351, 95, 339, 345, 348, 394, 395, 401, 396, 397, 400, 341, 344, 342, 166, 338, 416, 417, 340, 283, 282, 424, 425, 426, 427, 315, 314, 328, 266, 267, 184, 438, 439, 185, 329, 321, 320, 414, 255, 278, 265, 139, 302, 144, 449, 290, 296, 418, 409, 279, 462, 463, 297, 270, 250, 254, 271, 415, 432, 109, 145, 291, 433, 431, 460, 454, 467, 466, 390, 461, 372, 469, 468, 442, 443, 380, 402, 407, 444, 190, 403, 471, 470, 473, 472, 371, 419]
  列生成求解结果: 目标值=10.0000， 下界=8.0000， 上界=9.0000

处理节点 387
  开始列生成求解...
Set parameter LogToConsole to value 0
Set parameter Threads to value 1
Set parameter Seed to value 0
  定价策略: Exact, node=387, vertices=12
Set parameter PoolSearchMode to value 2
Set parameter PoolSolutions to value 10
[CG 1] RMP=9.000000, pricing=ExactPricingSolver, new_columns=10
[CG 2] RMP=9.000000, pricing=ExactPricingSolver, new_columns=0
  搜索路径: [1, 2, 3, 6, 7, 8, 11, 9, 14, 10, 15, 19, 23, 24, 25, 27, 26, 34, 35, 31, 33, 22, 40, 41, 43, 42, 30, 16, 54, 32, 57, 55, 59, 61, 17, 56, 68, 69, 58, 74, 75, 60, 18, 21, 80, 81, 20, 62, 63, 49, 48, 88, 89, 92, 93, 96, 97, 100, 101, 90, 91, 102, 103, 65, 64, 38, 39, 50, 51, 118, 124, 125, 119, 128, 129, 130, 131, 132, 133, 77, 66, 123, 76, 143, 140, 141, 142, 152, 153, 67, 116, 156, 157, 160, 161, 162, 122, 117, 170, 171, 172, 173, 176, 177, 180, 181, 112, 113, 174, 175, 186, 187, 188, 189, 163, 84, 85, 200, 204, 205, 201, 203, 202, 208, 209, 210, 211, 218, 219, 213, 212, 215, 223, 224, 230, 231, 225, 228, 229, 214, 236, 237, 220, 221, 222, 240, 241, 244, 245, 242, 243, 135, 134, 146, 159, 151, 158, 147, 150, 258, 259, 239, 238, 216, 217, 121, 120, 274, 275, 280, 281, 284, 285, 286, 287, 154, 155, 106, 148, 295, 126, 292, 293, 294, 115, 149, 127, 246, 312, 313, 316, 317, 318, 319, 324, 325, 326, 327, 247, 233, 232, 235, 234, 167, 107, 114, 206, 343, 194, 195, 207, 179, 356, 358, 359, 357, 94, 178, 349, 350, 354, 355, 364, 365, 366, 367, 376, 377, 378, 379, 351, 95, 339, 345, 348, 394, 395, 401, 396, 397, 400, 341, 344, 342, 166, 338, 416, 417, 340, 283, 282, 424, 425, 426, 427, 315, 314, 328, 266, 267, 184, 438, 439, 185, 329, 321, 320, 414, 255, 278, 265, 139, 302, 144, 449, 290, 296, 418, 409, 279, 462, 463, 297, 270, 250, 254, 271, 415, 432, 109, 145, 291, 433, 431, 460, 454, 467, 466, 390, 461, 372, 469, 468, 442, 443, 380, 402, 407, 444, 190, 403, 471, 470, 473, 472, 371, 419, 387]
  列生成求解结果: 目标值=9.0000， 下界=8.0000， 上界=9.0000

处理节点 458
  开始列生成求解...
Set parameter LogToConsole to value 0
Set parameter Threads to value 1
Set parameter Seed to value 0
  定价策略: Exact, node=458, vertices=18
Set parameter PoolSearchMode to value 2
Set parameter PoolSolutions to value 10
[CG 1] RMP=9.000000, pricing=ExactPricingSolver, new_columns=0
  搜索路径: [1, 2, 3, 6, 7, 8, 11, 9, 14, 10, 15, 19, 23, 24, 25, 27, 26, 34, 35, 31, 33, 22, 40, 41, 43, 42, 30, 16, 54, 32, 57, 55, 59, 61, 17, 56, 68, 69, 58, 74, 75, 60, 18, 21, 80, 81, 20, 62, 63, 49, 48, 88, 89, 92, 93, 96, 97, 100, 101, 90, 91, 102, 103, 65, 64, 38, 39, 50, 51, 118, 124, 125, 119, 128, 129, 130, 131, 132, 133, 77, 66, 123, 76, 143, 140, 141, 142, 152, 153, 67, 116, 156, 157, 160, 161, 162, 122, 117, 170, 171, 172, 173, 176, 177, 180, 181, 112, 113, 174, 175, 186, 187, 188, 189, 163, 84, 85, 200, 204, 205, 201, 203, 202, 208, 209, 210, 211, 218, 219, 213, 212, 215, 223, 224, 230, 231, 225, 228, 229, 214, 236, 237, 220, 221, 222, 240, 241, 244, 245, 242, 243, 135, 134, 146, 159, 151, 158, 147, 150, 258, 259, 239, 238, 216, 217, 121, 120, 274, 275, 280, 281, 284, 285, 286, 287, 154, 155, 106, 148, 295, 126, 292, 293, 294, 115, 149, 127, 246, 312, 313, 316, 317, 318, 319, 324, 325, 326, 327, 247, 233, 232, 235, 234, 167, 107, 114, 206, 343, 194, 195, 207, 179, 356, 358, 359, 357, 94, 178, 349, 350, 354, 355, 364, 365, 366, 367, 376, 377, 378, 379, 351, 95, 339, 345, 348, 394, 395, 401, 396, 397, 400, 341, 344, 342, 166, 338, 416, 417, 340, 283, 282, 424, 425, 426, 427, 315, 314, 328, 266, 267, 184, 438, 439, 185, 329, 321, 320, 414, 255, 278, 265, 139, 302, 144, 449, 290, 296, 418, 409, 279, 462, 463, 297, 270, 250, 254, 271, 415, 432, 109, 145, 291, 433, 431, 460, 454, 467, 466, 390, 461, 372, 469, 468, 442, 443, 380, 402, 407, 444, 190, 403, 471, 470, 473, 472, 371, 419, 387, 458]
  列生成求解结果: 目标值=9.0000， 下界=8.0000， 上界=9.0000

处理节点 191
  开始列生成求解...
Set parameter LogToConsole to value 0
Set parameter Threads to value 1
Set parameter Seed to value 0
  定价策略: Exact, node=191, vertices=17
Set parameter PoolSearchMode to value 2
Set parameter PoolSolutions to value 10
[CG 1] RMP=12.000000, pricing=ExactPricingSolver, new_columns=0
  搜索路径: [1, 2, 3, 6, 7, 8, 11, 9, 14, 10, 15, 19, 23, 24, 25, 27, 26, 34, 35, 31, 33, 22, 40, 41, 43, 42, 30, 16, 54, 32, 57, 55, 59, 61, 17, 56, 68, 69, 58, 74, 75, 60, 18, 21, 80, 81, 20, 62, 63, 49, 48, 88, 89, 92, 93, 96, 97, 100, 101, 90, 91, 102, 103, 65, 64, 38, 39, 50, 51, 118, 124, 125, 119, 128, 129, 130, 131, 132, 133, 77, 66, 123, 76, 143, 140, 141, 142, 152, 153, 67, 116, 156, 157, 160, 161, 162, 122, 117, 170, 171, 172, 173, 176, 177, 180, 181, 112, 113, 174, 175, 186, 187, 188, 189, 163, 84, 85, 200, 204, 205, 201, 203, 202, 208, 209, 210, 211, 218, 219, 213, 212, 215, 223, 224, 230, 231, 225, 228, 229, 214, 236, 237, 220, 221, 222, 240, 241, 244, 245, 242, 243, 135, 134, 146, 159, 151, 158, 147, 150, 258, 259, 239, 238, 216, 217, 121, 120, 274, 275, 280, 281, 284, 285, 286, 287, 154, 155, 106, 148, 295, 126, 292, 293, 294, 115, 149, 127, 246, 312, 313, 316, 317, 318, 319, 324, 325, 326, 327, 247, 233, 232, 235, 234, 167, 107, 114, 206, 343, 194, 195, 207, 179, 356, 358, 359, 357, 94, 178, 349, 350, 354, 355, 364, 365, 366, 367, 376, 377, 378, 379, 351, 95, 339, 345, 348, 394, 395, 401, 396, 397, 400, 341, 344, 342, 166, 338, 416, 417, 340, 283, 282, 424, 425, 426, 427, 315, 314, 328, 266, 267, 184, 438, 439, 185, 329, 321, 320, 414, 255, 278, 265, 139, 302, 144, 449, 290, 296, 418, 409, 279, 462, 463, 297, 270, 250, 254, 271, 415, 432, 109, 145, 291, 433, 431, 460, 454, 467, 466, 390, 461, 372, 469, 468, 442, 443, 380, 402, 407, 444, 190, 403, 471, 470, 473, 472, 371, 419, 387, 458, 191]
  列生成求解结果: 目标值=12.0000， 下界=8.0000， 上界=9.0000

处理节点 264
  开始列生成求解...
Set parameter LogToConsole to value 0
Set parameter Threads to value 1
Set parameter Seed to value 0
  定价策略: Exact, node=264, vertices=16
Set parameter PoolSearchMode to value 2
Set parameter PoolSolutions to value 10
[CG 1] RMP=11.200000, pricing=ExactPricingSolver, new_columns=10
[CG 2] RMP=9.000000, pricing=ExactPricingSolver, new_columns=0
  搜索路径: [1, 2, 3, 6, 7, 8, 11, 9, 14, 10, 15, 19, 23, 24, 25, 27, 26, 34, 35, 31, 33, 22, 40, 41, 43, 42, 30, 16, 54, 32, 57, 55, 59, 61, 17, 56, 68, 69, 58, 74, 75, 60, 18, 21, 80, 81, 20, 62, 63, 49, 48, 88, 89, 92, 93, 96, 97, 100, 101, 90, 91, 102, 103, 65, 64, 38, 39, 50, 51, 118, 124, 125, 119, 128, 129, 130, 131, 132, 133, 77, 66, 123, 76, 143, 140, 141, 142, 152, 153, 67, 116, 156, 157, 160, 161, 162, 122, 117, 170, 171, 172, 173, 176, 177, 180, 181, 112, 113, 174, 175, 186, 187, 188, 189, 163, 84, 85, 200, 204, 205, 201, 203, 202, 208, 209, 210, 211, 218, 219, 213, 212, 215, 223, 224, 230, 231, 225, 228, 229, 214, 236, 237, 220, 221, 222, 240, 241, 244, 245, 242, 243, 135, 134, 146, 159, 151, 158, 147, 150, 258, 259, 239, 238, 216, 217, 121, 120, 274, 275, 280, 281, 284, 285, 286, 287, 154, 155, 106, 148, 295, 126, 292, 293, 294, 115, 149, 127, 246, 312, 313, 316, 317, 318, 319, 324, 325, 326, 327, 247, 233, 232, 235, 234, 167, 107, 114, 206, 343, 194, 195, 207, 179, 356, 358, 359, 357, 94, 178, 349, 350, 354, 355, 364, 365, 366, 367, 376, 377, 378, 379, 351, 95, 339, 345, 348, 394, 395, 401, 396, 397, 400, 341, 344, 342, 166, 338, 416, 417, 340, 283, 282, 424, 425, 426, 427, 315, 314, 328, 266, 267, 184, 438, 439, 185, 329, 321, 320, 414, 255, 278, 265, 139, 302, 144, 449, 290, 296, 418, 409, 279, 462, 463, 297, 270, 250, 254, 271, 415, 432, 109, 145, 291, 433, 431, 460, 454, 467, 466, 390, 461, 372, 469, 468, 442, 443, 380, 402, 407, 444, 190, 403, 471, 470, 473, 472, 371, 419, 387, 458, 191, 264]
  列生成求解结果: 目标值=9.0000， 下界=8.0000， 上界=9.0000

处理节点 448
  开始列生成求解...
Set parameter LogToConsole to value 0
Set parameter Threads to value 1
Set parameter Seed to value 0
  定价策略: Exact, node=448, vertices=13
Set parameter PoolSearchMode to value 2
Set parameter PoolSolutions to value 10
[CG 1] RMP=2010.000000, pricing=ExactPricingSolver, new_columns=10
[CG 2] RMP=11.000000, pricing=ExactPricingSolver, new_columns=0
  搜索路径: [1, 2, 3, 6, 7, 8, 11, 9, 14, 10, 15, 19, 23, 24, 25, 27, 26, 34, 35, 31, 33, 22, 40, 41, 43, 42, 30, 16, 54, 32, 57, 55, 59, 61, 17, 56, 68, 69, 58, 74, 75, 60, 18, 21, 80, 81, 20, 62, 63, 49, 48, 88, 89, 92, 93, 96, 97, 100, 101, 90, 91, 102, 103, 65, 64, 38, 39, 50, 51, 118, 124, 125, 119, 128, 129, 130, 131, 132, 133, 77, 66, 123, 76, 143, 140, 141, 142, 152, 153, 67, 116, 156, 157, 160, 161, 162, 122, 117, 170, 171, 172, 173, 176, 177, 180, 181, 112, 113, 174, 175, 186, 187, 188, 189, 163, 84, 85, 200, 204, 205, 201, 203, 202, 208, 209, 210, 211, 218, 219, 213, 212, 215, 223, 224, 230, 231, 225, 228, 229, 214, 236, 237, 220, 221, 222, 240, 241, 244, 245, 242, 243, 135, 134, 146, 159, 151, 158, 147, 150, 258, 259, 239, 238, 216, 217, 121, 120, 274, 275, 280, 281, 284, 285, 286, 287, 154, 155, 106, 148, 295, 126, 292, 293, 294, 115, 149, 127, 246, 312, 313, 316, 317, 318, 319, 324, 325, 326, 327, 247, 233, 232, 235, 234, 167, 107, 114, 206, 343, 194, 195, 207, 179, 356, 358, 359, 357, 94, 178, 349, 350, 354, 355, 364, 365, 366, 367, 376, 377, 378, 379, 351, 95, 339, 345, 348, 394, 395, 401, 396, 397, 400, 341, 344, 342, 166, 338, 416, 417, 340, 283, 282, 424, 425, 426, 427, 315, 314, 328, 266, 267, 184, 438, 439, 185, 329, 321, 320, 414, 255, 278, 265, 139, 302, 144, 449, 290, 296, 418, 409, 279, 462, 463, 297, 270, 250, 254, 271, 415, 432, 109, 145, 291, 433, 431, 460, 454, 467, 466, 390, 461, 372, 469, 468, 442, 443, 380, 402, 407, 444, 190, 403, 471, 470, 473, 472, 371, 419, 387, 458, 191, 264, 448]
  列生成求解结果: 目标值=11.0000， 下界=8.0000， 上界=9.0000

处理节点 455
  开始列生成求解...
Set parameter LogToConsole to value 0
Set parameter Threads to value 1
Set parameter Seed to value 0
  定价策略: Exact, node=455, vertices=16
Set parameter PoolSearchMode to value 2
Set parameter PoolSolutions to value 10
[CG 1] RMP=10.000000, pricing=ExactPricingSolver, new_columns=10
[CG 2] RMP=8.000000, pricing=ExactPricingSolver, new_columns=0
  搜索路径: [1, 2, 3, 6, 7, 8, 11, 9, 14, 10, 15, 19, 23, 24, 25, 27, 26, 34, 35, 31, 33, 22, 40, 41, 43, 42, 30, 16, 54, 32, 57, 55, 59, 61, 17, 56, 68, 69, 58, 74, 75, 60, 18, 21, 80, 81, 20, 62, 63, 49, 48, 88, 89, 92, 93, 96, 97, 100, 101, 90, 91, 102, 103, 65, 64, 38, 39, 50, 51, 118, 124, 125, 119, 128, 129, 130, 131, 132, 133, 77, 66, 123, 76, 143, 140, 141, 142, 152, 153, 67, 116, 156, 157, 160, 161, 162, 122, 117, 170, 171, 172, 173, 176, 177, 180, 181, 112, 113, 174, 175, 186, 187, 188, 189, 163, 84, 85, 200, 204, 205, 201, 203, 202, 208, 209, 210, 211, 218, 219, 213, 212, 215, 223, 224, 230, 231, 225, 228, 229, 214, 236, 237, 220, 221, 222, 240, 241, 244, 245, 242, 243, 135, 134, 146, 159, 151, 158, 147, 150, 258, 259, 239, 238, 216, 217, 121, 120, 274, 275, 280, 281, 284, 285, 286, 287, 154, 155, 106, 148, 295, 126, 292, 293, 294, 115, 149, 127, 246, 312, 313, 316, 317, 318, 319, 324, 325, 326, 327, 247, 233, 232, 235, 234, 167, 107, 114, 206, 343, 194, 195, 207, 179, 356, 358, 359, 357, 94, 178, 349, 350, 354, 355, 364, 365, 366, 367, 376, 377, 378, 379, 351, 95, 339, 345, 348, 394, 395, 401, 396, 397, 400, 341, 344, 342, 166, 338, 416, 417, 340, 283, 282, 424, 425, 426, 427, 315, 314, 328, 266, 267, 184, 438, 439, 185, 329, 321, 320, 414, 255, 278, 265, 139, 302, 144, 449, 290, 296, 418, 409, 279, 462, 463, 297, 270, 250, 254, 271, 415, 432, 109, 145, 291, 433, 431, 460, 454, 467, 466, 390, 461, 372, 469, 468, 442, 443, 380, 402, 407, 444, 190, 403, 471, 470, 473, 472, 371, 419, 387, 458, 191, 264, 448, 455]
  列生成求解结果: 目标值=8.0000， 下界=8.0000， 上界=9.0000
    非整数变量: COL_23_5 = 0.333333
  解不是整数，开始分支...
ImposedVertex(vertex=5)
ForbidVertex(vertex=5)
  创建了 2 个分支
    添加分支节点 1: ID=476
    添加分支节点 2: ID=477

处理节点 430
  开始列生成求解...
Set parameter LogToConsole to value 0
Set parameter Threads to value 1
Set parameter Seed to value 0
  定价策略: Exact, node=430, vertices=13
Set parameter PoolSearchMode to value 2
Set parameter PoolSolutions to value 10
[CG 1] RMP=11.000000, pricing=ExactPricingSolver, new_columns=0
  搜索路径: [1, 2, 3, 6, 7, 8, 11, 9, 14, 10, 15, 19, 23, 24, 25, 27, 26, 34, 35, 31, 33, 22, 40, 41, 43, 42, 30, 16, 54, 32, 57, 55, 59, 61, 17, 56, 68, 69, 58, 74, 75, 60, 18, 21, 80, 81, 20, 62, 63, 49, 48, 88, 89, 92, 93, 96, 97, 100, 101, 90, 91, 102, 103, 65, 64, 38, 39, 50, 51, 118, 124, 125, 119, 128, 129, 130, 131, 132, 133, 77, 66, 123, 76, 143, 140, 141, 142, 152, 153, 67, 116, 156, 157, 160, 161, 162, 122, 117, 170, 171, 172, 173, 176, 177, 180, 181, 112, 113, 174, 175, 186, 187, 188, 189, 163, 84, 85, 200, 204, 205, 201, 203, 202, 208, 209, 210, 211, 218, 219, 213, 212, 215, 223, 224, 230, 231, 225, 228, 229, 214, 236, 237, 220, 221, 222, 240, 241, 244, 245, 242, 243, 135, 134, 146, 159, 151, 158, 147, 150, 258, 259, 239, 238, 216, 217, 121, 120, 274, 275, 280, 281, 284, 285, 286, 287, 154, 155, 106, 148, 295, 126, 292, 293, 294, 115, 149, 127, 246, 312, 313, 316, 317, 318, 319, 324, 325, 326, 327, 247, 233, 232, 235, 234, 167, 107, 114, 206, 343, 194, 195, 207, 179, 356, 358, 359, 357, 94, 178, 349, 350, 354, 355, 364, 365, 366, 367, 376, 377, 378, 379, 351, 95, 339, 345, 348, 394, 395, 401, 396, 397, 400, 341, 344, 342, 166, 338, 416, 417, 340, 283, 282, 424, 425, 426, 427, 315, 314, 328, 266, 267, 184, 438, 439, 185, 329, 321, 320, 414, 255, 278, 265, 139, 302, 144, 449, 290, 296, 418, 409, 279, 462, 463, 297, 270, 250, 254, 271, 415, 432, 109, 145, 291, 433, 431, 460, 454, 467, 466, 390, 461, 372, 469, 468, 442, 443, 380, 402, 407, 444, 190, 403, 471, 470, 473, 472, 371, 419, 387, 458, 191, 264, 448, 455, 430]
  列生成求解结果: 目标值=11.0000， 下界=8.0000， 上界=9.0000

处理节点 459
  开始列生成求解...
Set parameter LogToConsole to value 0
Set parameter Threads to value 1
Set parameter Seed to value 0
  定价策略: Exact, node=459, vertices=18
Set parameter PoolSearchMode to value 2
Set parameter PoolSolutions to value 10
[CG 1] RMP=12.000000, pricing=ExactPricingSolver, new_columns=10
[CG 2] RMP=12.000000, pricing=ExactPricingSolver, new_columns=10
[CG 3] RMP=8.000000, pricing=ExactPricingSolver, new_columns=0
  搜索路径: [1, 2, 3, 6, 7, 8, 11, 9, 14, 10, 15, 19, 23, 24, 25, 27, 26, 34, 35, 31, 33, 22, 40, 41, 43, 42, 30, 16, 54, 32, 57, 55, 59, 61, 17, 56, 68, 69, 58, 74, 75, 60, 18, 21, 80, 81, 20, 62, 63, 49, 48, 88, 89, 92, 93, 96, 97, 100, 101, 90, 91, 102, 103, 65, 64, 38, 39, 50, 51, 118, 124, 125, 119, 128, 129, 130, 131, 132, 133, 77, 66, 123, 76, 143, 140, 141, 142, 152, 153, 67, 116, 156, 157, 160, 161, 162, 122, 117, 170, 171, 172, 173, 176, 177, 180, 181, 112, 113, 174, 175, 186, 187, 188, 189, 163, 84, 85, 200, 204, 205, 201, 203, 202, 208, 209, 210, 211, 218, 219, 213, 212, 215, 223, 224, 230, 231, 225, 228, 229, 214, 236, 237, 220, 221, 222, 240, 241, 244, 245, 242, 243, 135, 134, 146, 159, 151, 158, 147, 150, 258, 259, 239, 238, 216, 217, 121, 120, 274, 275, 280, 281, 284, 285, 286, 287, 154, 155, 106, 148, 295, 126, 292, 293, 294, 115, 149, 127, 246, 312, 313, 316, 317, 318, 319, 324, 325, 326, 327, 247, 233, 232, 235, 234, 167, 107, 114, 206, 343, 194, 195, 207, 179, 356, 358, 359, 357, 94, 178, 349, 350, 354, 355, 364, 365, 366, 367, 376, 377, 378, 379, 351, 95, 339, 345, 348, 394, 395, 401, 396, 397, 400, 341, 344, 342, 166, 338, 416, 417, 340, 283, 282, 424, 425, 426, 427, 315, 314, 328, 266, 267, 184, 438, 439, 185, 329, 321, 320, 414, 255, 278, 265, 139, 302, 144, 449, 290, 296, 418, 409, 279, 462, 463, 297, 270, 250, 254, 271, 415, 432, 109, 145, 291, 433, 431, 460, 454, 467, 466, 390, 461, 372, 469, 468, 442, 443, 380, 402, 407, 444, 190, 403, 471, 470, 473, 472, 371, 419, 387, 458, 191, 264, 448, 455, 430, 459]
  列生成求解结果: 目标值=8.0000， 下界=8.0000， 上界=9.0000
    非整数变量: COL_2-28-4-7_183 = 0.500000
  解不是整数，开始分支...
ImposedVertex(vertex=2)
ForbidVertex(vertex=2)
  创建了 2 个分支
    添加分支节点 1: ID=478
    添加分支节点 2: ID=479

处理节点 381
  开始列生成求解...
Set parameter LogToConsole to value 0
Set parameter Threads to value 1
Set parameter Seed to value 0
  定价策略: Exact, node=381, vertices=11
Set parameter PoolSearchMode to value 2
Set parameter PoolSolutions to value 10
[CG 1] RMP=20.000000, pricing=ExactPricingSolver, new_columns=10
[CG 2] RMP=12.000000, pricing=ExactPricingSolver, new_columns=0
  搜索路径: [1, 2, 3, 6, 7, 8, 11, 9, 14, 10, 15, 19, 23, 24, 25, 27, 26, 34, 35, 31, 33, 22, 40, 41, 43, 42, 30, 16, 54, 32, 57, 55, 59, 61, 17, 56, 68, 69, 58, 74, 75, 60, 18, 21, 80, 81, 20, 62, 63, 49, 48, 88, 89, 92, 93, 96, 97, 100, 101, 90, 91, 102, 103, 65, 64, 38, 39, 50, 51, 118, 124, 125, 119, 128, 129, 130, 131, 132, 133, 77, 66, 123, 76, 143, 140, 141, 142, 152, 153, 67, 116, 156, 157, 160, 161, 162, 122, 117, 170, 171, 172, 173, 176, 177, 180, 181, 112, 113, 174, 175, 186, 187, 188, 189, 163, 84, 85, 200, 204, 205, 201, 203, 202, 208, 209, 210, 211, 218, 219, 213, 212, 215, 223, 224, 230, 231, 225, 228, 229, 214, 236, 237, 220, 221, 222, 240, 241, 244, 245, 242, 243, 135, 134, 146, 159, 151, 158, 147, 150, 258, 259, 239, 238, 216, 217, 121, 120, 274, 275, 280, 281, 284, 285, 286, 287, 154, 155, 106, 148, 295, 126, 292, 293, 294, 115, 149, 127, 246, 312, 313, 316, 317, 318, 319, 324, 325, 326, 327, 247, 233, 232, 235, 234, 167, 107, 114, 206, 343, 194, 195, 207, 179, 356, 358, 359, 357, 94, 178, 349, 350, 354, 355, 364, 365, 366, 367, 376, 377, 378, 379, 351, 95, 339, 345, 348, 394, 395, 401, 396, 397, 400, 341, 344, 342, 166, 338, 416, 417, 340, 283, 282, 424, 425, 426, 427, 315, 314, 328, 266, 267, 184, 438, 439, 185, 329, 321, 320, 414, 255, 278, 265, 139, 302, 144, 449, 290, 296, 418, 409, 279, 462, 463, 297, 270, 250, 254, 271, 415, 432, 109, 145, 291, 433, 431, 460, 454, 467, 466, 390, 461, 372, 469, 468, 442, 443, 380, 402, 407, 444, 190, 403, 471, 470, 473, 472, 371, 419, 387, 458, 191, 264, 448, 455, 430, 459, 381]
  列生成求解结果: 目标值=12.0000， 下界=8.0000， 上界=9.0000

处理节点 477
  开始列生成求解...
Set parameter LogToConsole to value 0
Set parameter Threads to value 1
Set parameter Seed to value 0
  定价策略: Exact, node=477, vertices=15
Set parameter PoolSearchMode to value 2
Set parameter PoolSolutions to value 10
[CG 1] RMP=9.600000, pricing=ExactPricingSolver, new_columns=10
[CG 2] RMP=8.000000, pricing=ExactPricingSolver, new_columns=0
  搜索路径: [1, 2, 3, 6, 7, 8, 11, 9, 14, 10, 15, 19, 23, 24, 25, 27, 26, 34, 35, 31, 33, 22, 40, 41, 43, 42, 30, 16, 54, 32, 57, 55, 59, 61, 17, 56, 68, 69, 58, 74, 75, 60, 18, 21, 80, 81, 20, 62, 63, 49, 48, 88, 89, 92, 93, 96, 97, 100, 101, 90, 91, 102, 103, 65, 64, 38, 39, 50, 51, 118, 124, 125, 119, 128, 129, 130, 131, 132, 133, 77, 66, 123, 76, 143, 140, 141, 142, 152, 153, 67, 116, 156, 157, 160, 161, 162, 122, 117, 170, 171, 172, 173, 176, 177, 180, 181, 112, 113, 174, 175, 186, 187, 188, 189, 163, 84, 85, 200, 204, 205, 201, 203, 202, 208, 209, 210, 211, 218, 219, 213, 212, 215, 223, 224, 230, 231, 225, 228, 229, 214, 236, 237, 220, 221, 222, 240, 241, 244, 245, 242, 243, 135, 134, 146, 159, 151, 158, 147, 150, 258, 259, 239, 238, 216, 217, 121, 120, 274, 275, 280, 281, 284, 285, 286, 287, 154, 155, 106, 148, 295, 126, 292, 293, 294, 115, 149, 127, 246, 312, 313, 316, 317, 318, 319, 324, 325, 326, 327, 247, 233, 232, 235, 234, 167, 107, 114, 206, 343, 194, 195, 207, 179, 356, 358, 359, 357, 94, 178, 349, 350, 354, 355, 364, 365, 366, 367, 376, 377, 378, 379, 351, 95, 339, 345, 348, 394, 395, 401, 396, 397, 400, 341, 344, 342, 166, 338, 416, 417, 340, 283, 282, 424, 425, 426, 427, 315, 314, 328, 266, 267, 184, 438, 439, 185, 329, 321, 320, 414, 255, 278, 265, 139, 302, 144, 449, 290, 296, 418, 409, 279, 462, 463, 297, 270, 250, 254, 271, 415, 432, 109, 145, 291, 433, 431, 460, 454, 467, 466, 390, 461, 372, 469, 468, 442, 443, 380, 402, 407, 444, 190, 403, 471, 470, 473, 472, 371, 419, 387, 458, 191, 264, 448, 455, 430, 459, 381, 477]
  列生成求解结果: 目标值=8.0000， 下界=8.0000， 上界=9.0000
    非整数变量: COL_1-11-15-18-23-7-9_43 = 0.166667
  解不是整数，开始分支...
ImposedVertex(vertex=18)
ForbidVertex(vertex=18)
  创建了 2 个分支
    添加分支节点 1: ID=480
    添加分支节点 2: ID=481

处理节点 476
  开始列生成求解...
Set parameter LogToConsole to value 0
Set parameter Threads to value 1
Set parameter Seed to value 0
  定价策略: Exact, node=476, vertices=14
Set parameter PoolSearchMode to value 2
Set parameter PoolSolutions to value 10
[CG 1] RMP=10.000000, pricing=ExactPricingSolver, new_columns=10
[CG 2] RMP=8.000000, pricing=ExactPricingSolver, new_columns=0
  搜索路径: [1, 2, 3, 6, 7, 8, 11, 9, 14, 10, 15, 19, 23, 24, 25, 27, 26, 34, 35, 31, 33, 22, 40, 41, 43, 42, 30, 16, 54, 32, 57, 55, 59, 61, 17, 56, 68, 69, 58, 74, 75, 60, 18, 21, 80, 81, 20, 62, 63, 49, 48, 88, 89, 92, 93, 96, 97, 100, 101, 90, 91, 102, 103, 65, 64, 38, 39, 50, 51, 118, 124, 125, 119, 128, 129, 130, 131, 132, 133, 77, 66, 123, 76, 143, 140, 141, 142, 152, 153, 67, 116, 156, 157, 160, 161, 162, 122, 117, 170, 171, 172, 173, 176, 177, 180, 181, 112, 113, 174, 175, 186, 187, 188, 189, 163, 84, 85, 200, 204, 205, 201, 203, 202, 208, 209, 210, 211, 218, 219, 213, 212, 215, 223, 224, 230, 231, 225, 228, 229, 214, 236, 237, 220, 221, 222, 240, 241, 244, 245, 242, 243, 135, 134, 146, 159, 151, 158, 147, 150, 258, 259, 239, 238, 216, 217, 121, 120, 274, 275, 280, 281, 284, 285, 286, 287, 154, 155, 106, 148, 295, 126, 292, 293, 294, 115, 149, 127, 246, 312, 313, 316, 317, 318, 319, 324, 325, 326, 327, 247, 233, 232, 235, 234, 167, 107, 114, 206, 343, 194, 195, 207, 179, 356, 358, 359, 357, 94, 178, 349, 350, 354, 355, 364, 365, 366, 367, 376, 377, 378, 379, 351, 95, 339, 345, 348, 394, 395, 401, 396, 397, 400, 341, 344, 342, 166, 338, 416, 417, 340, 283, 282, 424, 425, 426, 427, 315, 314, 328, 266, 267, 184, 438, 439, 185, 329, 321, 320, 414, 255, 278, 265, 139, 302, 144, 449, 290, 296, 418, 409, 279, 462, 463, 297, 270, 250, 254, 271, 415, 432, 109, 145, 291, 433, 431, 460, 454, 467, 466, 390, 461, 372, 469, 468, 442, 443, 380, 402, 407, 444, 190, 403, 471, 470, 473, 472, 371, 419, 387, 458, 191, 264, 448, 455, 430, 459, 381, 477, 476]
  列生成求解结果: 目标值=8.0000， 下界=8.0000， 上界=9.0000
    非整数变量: COL_1-11-15-18-23-7-9_43 = 0.666667
  解不是整数，开始分支...
ImposedVertex(vertex=9)
ForbidVertex(vertex=9)
  创建了 2 个分支
    添加分支节点 1: ID=482
    添加分支节点 2: ID=483

处理节点 479
  开始列生成求解...
Set parameter LogToConsole to value 0
Set parameter Threads to value 1
Set parameter Seed to value 0
  定价策略: Exact, node=479, vertices=17
Set parameter PoolSearchMode to value 2
Set parameter PoolSolutions to value 10
[CG 1] RMP=12.000000, pricing=ExactPricingSolver, new_columns=0
  搜索路径: [1, 2, 3, 6, 7, 8, 11, 9, 14, 10, 15, 19, 23, 24, 25, 27, 26, 34, 35, 31, 33, 22, 40, 41, 43, 42, 30, 16, 54, 32, 57, 55, 59, 61, 17, 56, 68, 69, 58, 74, 75, 60, 18, 21, 80, 81, 20, 62, 63, 49, 48, 88, 89, 92, 93, 96, 97, 100, 101, 90, 91, 102, 103, 65, 64, 38, 39, 50, 51, 118, 124, 125, 119, 128, 129, 130, 131, 132, 133, 77, 66, 123, 76, 143, 140, 141, 142, 152, 153, 67, 116, 156, 157, 160, 161, 162, 122, 117, 170, 171, 172, 173, 176, 177, 180, 181, 112, 113, 174, 175, 186, 187, 188, 189, 163, 84, 85, 200, 204, 205, 201, 203, 202, 208, 209, 210, 211, 218, 219, 213, 212, 215, 223, 224, 230, 231, 225, 228, 229, 214, 236, 237, 220, 221, 222, 240, 241, 244, 245, 242, 243, 135, 134, 146, 159, 151, 158, 147, 150, 258, 259, 239, 238, 216, 217, 121, 120, 274, 275, 280, 281, 284, 285, 286, 287, 154, 155, 106, 148, 295, 126, 292, 293, 294, 115, 149, 127, 246, 312, 313, 316, 317, 318, 319, 324, 325, 326, 327, 247, 233, 232, 235, 234, 167, 107, 114, 206, 343, 194, 195, 207, 179, 356, 358, 359, 357, 94, 178, 349, 350, 354, 355, 364, 365, 366, 367, 376, 377, 378, 379, 351, 95, 339, 345, 348, 394, 395, 401, 396, 397, 400, 341, 344, 342, 166, 338, 416, 417, 340, 283, 282, 424, 425, 426, 427, 315, 314, 328, 266, 267, 184, 438, 439, 185, 329, 321, 320, 414, 255, 278, 265, 139, 302, 144, 449, 290, 296, 418, 409, 279, 462, 463, 297, 270, 250, 254, 271, 415, 432, 109, 145, 291, 433, 431, 460, 454, 467, 466, 390, 461, 372, 469, 468, 442, 443, 380, 402, 407, 444, 190, 403, 471, 470, 473, 472, 371, 419, 387, 458, 191, 264, 448, 455, 430, 459, 381, 477, 476, 479]
  列生成求解结果: 目标值=12.0000， 下界=8.0000， 上界=9.0000

处理节点 478
  开始列生成求解...
Set parameter LogToConsole to value 0
Set parameter Threads to value 1
Set parameter Seed to value 0
  定价策略: Exact, node=478, vertices=17
Set parameter PoolSearchMode to value 2
Set parameter PoolSolutions to value 10
[CG 1] RMP=1011.000000, pricing=ExactPricingSolver, new_columns=10
[CG 2] RMP=8.000000, pricing=ExactPricingSolver, new_columns=0
  搜索路径: [1, 2, 3, 6, 7, 8, 11, 9, 14, 10, 15, 19, 23, 24, 25, 27, 26, 34, 35, 31, 33, 22, 40, 41, 43, 42, 30, 16, 54, 32, 57, 55, 59, 61, 17, 56, 68, 69, 58, 74, 75, 60, 18, 21, 80, 81, 20, 62, 63, 49, 48, 88, 89, 92, 93, 96, 97, 100, 101, 90, 91, 102, 103, 65, 64, 38, 39, 50, 51, 118, 124, 125, 119, 128, 129, 130, 131, 132, 133, 77, 66, 123, 76, 143, 140, 141, 142, 152, 153, 67, 116, 156, 157, 160, 161, 162, 122, 117, 170, 171, 172, 173, 176, 177, 180, 181, 112, 113, 174, 175, 186, 187, 188, 189, 163, 84, 85, 200, 204, 205, 201, 203, 202, 208, 209, 210, 211, 218, 219, 213, 212, 215, 223, 224, 230, 231, 225, 228, 229, 214, 236, 237, 220, 221, 222, 240, 241, 244, 245, 242, 243, 135, 134, 146, 159, 151, 158, 147, 150, 258, 259, 239, 238, 216, 217, 121, 120, 274, 275, 280, 281, 284, 285, 286, 287, 154, 155, 106, 148, 295, 126, 292, 293, 294, 115, 149, 127, 246, 312, 313, 316, 317, 318, 319, 324, 325, 326, 327, 247, 233, 232, 235, 234, 167, 107, 114, 206, 343, 194, 195, 207, 179, 356, 358, 359, 357, 94, 178, 349, 350, 354, 355, 364, 365, 366, 367, 376, 377, 378, 379, 351, 95, 339, 345, 348, 394, 395, 401, 396, 397, 400, 341, 344, 342, 166, 338, 416, 417, 340, 283, 282, 424, 425, 426, 427, 315, 314, 328, 266, 267, 184, 438, 439, 185, 329, 321, 320, 414, 255, 278, 265, 139, 302, 144, 449, 290, 296, 418, 409, 279, 462, 463, 297, 270, 250, 254, 271, 415, 432, 109, 145, 291, 433, 431, 460, 454, 467, 466, 390, 461, 372, 469, 468, 442, 443, 380, 402, 407, 444, 190, 403, 471, 470, 473, 472, 371, 419, 387, 458, 191, 264, 448, 455, 430, 459, 381, 477, 476, 479, 478]
  列生成求解结果: 目标值=8.0000， 下界=8.0000， 上界=9.0000
    非整数变量: COL_17-4-9_148 = 0.333333
  解不是整数，开始分支...
ImposedVertex(vertex=9)
ForbidVertex(vertex=9)
  创建了 2 个分支
    添加分支节点 1: ID=484
    添加分支节点 2: ID=485
  进度: 已处理 330 个节点, 剩余 27 个, 当前最优 9.0000, 当前列数: 2338

处理节点 481
  开始列生成求解...
Set parameter LogToConsole to value 0
Set parameter Threads to value 1
Set parameter Seed to value 0
  定价策略: Exact, node=481, vertices=14
Set parameter PoolSearchMode to value 2
Set parameter PoolSolutions to value 10
[CG 1] RMP=2010.000000, pricing=ExactPricingSolver, new_columns=10
[CG 2] RMP=13.894737, pricing=ExactPricingSolver, new_columns=10
[CG 3] RMP=8.000000, pricing=ExactPricingSolver, new_columns=0
  搜索路径: [1, 2, 3, 6, 7, 8, 11, 9, 14, 10, 15, 19, 23, 24, 25, 27, 26, 34, 35, 31, 33, 22, 40, 41, 43, 42, 30, 16, 54, 32, 57, 55, 59, 61, 17, 56, 68, 69, 58, 74, 75, 60, 18, 21, 80, 81, 20, 62, 63, 49, 48, 88, 89, 92, 93, 96, 97, 100, 101, 90, 91, 102, 103, 65, 64, 38, 39, 50, 51, 118, 124, 125, 119, 128, 129, 130, 131, 132, 133, 77, 66, 123, 76, 143, 140, 141, 142, 152, 153, 67, 116, 156, 157, 160, 161, 162, 122, 117, 170, 171, 172, 173, 176, 177, 180, 181, 112, 113, 174, 175, 186, 187, 188, 189, 163, 84, 85, 200, 204, 205, 201, 203, 202, 208, 209, 210, 211, 218, 219, 213, 212, 215, 223, 224, 230, 231, 225, 228, 229, 214, 236, 237, 220, 221, 222, 240, 241, 244, 245, 242, 243, 135, 134, 146, 159, 151, 158, 147, 150, 258, 259, 239, 238, 216, 217, 121, 120, 274, 275, 280, 281, 284, 285, 286, 287, 154, 155, 106, 148, 295, 126, 292, 293, 294, 115, 149, 127, 246, 312, 313, 316, 317, 318, 319, 324, 325, 326, 327, 247, 233, 232, 235, 234, 167, 107, 114, 206, 343, 194, 195, 207, 179, 356, 358, 359, 357, 94, 178, 349, 350, 354, 355, 364, 365, 366, 367, 376, 377, 378, 379, 351, 95, 339, 345, 348, 394, 395, 401, 396, 397, 400, 341, 344, 342, 166, 338, 416, 417, 340, 283, 282, 424, 425, 426, 427, 315, 314, 328, 266, 267, 184, 438, 439, 185, 329, 321, 320, 414, 255, 278, 265, 139, 302, 144, 449, 290, 296, 418, 409, 279, 462, 463, 297, 270, 250, 254, 271, 415, 432, 109, 145, 291, 433, 431, 460, 454, 467, 466, 390, 461, 372, 469, 468, 442, 443, 380, 402, 407, 444, 190, 403, 471, 470, 473, 472, 371, 419, 387, 458, 191, 264, 448, 455, 430, 459, 381, 477, 476, 479, 478, 481]
  列生成求解结果: 目标值=8.0000， 下界=8.0000， 上界=9.0000
    非整数变量: COL_11-20-4-7-9_2274 = 0.333333
  解不是整数，开始分支...
ImposedVertex(vertex=4)
ForbidVertex(vertex=4)
  创建了 2 个分支
    添加分支节点 1: ID=486
    添加分支节点 2: ID=487

处理节点 482
  开始列生成求解...
Set parameter LogToConsole to value 0
Set parameter Threads to value 1
Set parameter Seed to value 0
  定价策略: Exact, node=482, vertices=13
Set parameter PoolSearchMode to value 2
Set parameter PoolSolutions to value 10
[CG 1] RMP=8.842105, pricing=ExactPricingSolver, new_columns=10
[CG 2] RMP=8.000000, pricing=ExactPricingSolver, new_columns=0
  搜索路径: [1, 2, 3, 6, 7, 8, 11, 9, 14, 10, 15, 19, 23, 24, 25, 27, 26, 34, 35, 31, 33, 22, 40, 41, 43, 42, 30, 16, 54, 32, 57, 55, 59, 61, 17, 56, 68, 69, 58, 74, 75, 60, 18, 21, 80, 81, 20, 62, 63, 49, 48, 88, 89, 92, 93, 96, 97, 100, 101, 90, 91, 102, 103, 65, 64, 38, 39, 50, 51, 118, 124, 125, 119, 128, 129, 130, 131, 132, 133, 77, 66, 123, 76, 143, 140, 141, 142, 152, 153, 67, 116, 156, 157, 160, 161, 162, 122, 117, 170, 171, 172, 173, 176, 177, 180, 181, 112, 113, 174, 175, 186, 187, 188, 189, 163, 84, 85, 200, 204, 205, 201, 203, 202, 208, 209, 210, 211, 218, 219, 213, 212, 215, 223, 224, 230, 231, 225, 228, 229, 214, 236, 237, 220, 221, 222, 240, 241, 244, 245, 242, 243, 135, 134, 146, 159, 151, 158, 147, 150, 258, 259, 239, 238, 216, 217, 121, 120, 274, 275, 280, 281, 284, 285, 286, 287, 154, 155, 106, 148, 295, 126, 292, 293, 294, 115, 149, 127, 246, 312, 313, 316, 317, 318, 319, 324, 325, 326, 327, 247, 233, 232, 235, 234, 167, 107, 114, 206, 343, 194, 195, 207, 179, 356, 358, 359, 357, 94, 178, 349, 350, 354, 355, 364, 365, 366, 367, 376, 377, 378, 379, 351, 95, 339, 345, 348, 394, 395, 401, 396, 397, 400, 341, 344, 342, 166, 338, 416, 417, 340, 283, 282, 424, 425, 426, 427, 315, 314, 328, 266, 267, 184, 438, 439, 185, 329, 321, 320, 414, 255, 278, 265, 139, 302, 144, 449, 290, 296, 418, 409, 279, 462, 463, 297, 270, 250, 254, 271, 415, 432, 109, 145, 291, 433, 431, 460, 454, 467, 466, 390, 461, 372, 469, 468, 442, 443, 380, 402, 407, 444, 190, 403, 471, 470, 473, 472, 371, 419, 387, 458, 191, 264, 448, 455, 430, 459, 381, 477, 476, 479, 478, 481, 482]
  列生成求解结果: 目标值=8.0000， 下界=8.0000， 上界=9.0000
    非整数变量: COL_1-11-15-18-23-7-9_43 = 0.833333
  解不是整数，开始分支...
ImposedVertex(vertex=26)
ForbidVertex(vertex=26)
  创建了 2 个分支
    添加分支节点 1: ID=488
    添加分支节点 2: ID=489

处理节点 483
  开始列生成求解...
Set parameter LogToConsole to value 0
Set parameter Threads to value 1
Set parameter Seed to value 0
  定价策略: Exact, node=483, vertices=13
Set parameter PoolSearchMode to value 2
Set parameter PoolSolutions to value 10
[CG 1] RMP=11.000000, pricing=ExactPricingSolver, new_columns=0
  搜索路径: [1, 2, 3, 6, 7, 8, 11, 9, 14, 10, 15, 19, 23, 24, 25, 27, 26, 34, 35, 31, 33, 22, 40, 41, 43, 42, 30, 16, 54, 32, 57, 55, 59, 61, 17, 56, 68, 69, 58, 74, 75, 60, 18, 21, 80, 81, 20, 62, 63, 49, 48, 88, 89, 92, 93, 96, 97, 100, 101, 90, 91, 102, 103, 65, 64, 38, 39, 50, 51, 118, 124, 125, 119, 128, 129, 130, 131, 132, 133, 77, 66, 123, 76, 143, 140, 141, 142, 152, 153, 67, 116, 156, 157, 160, 161, 162, 122, 117, 170, 171, 172, 173, 176, 177, 180, 181, 112, 113, 174, 175, 186, 187, 188, 189, 163, 84, 85, 200, 204, 205, 201, 203, 202, 208, 209, 210, 211, 218, 219, 213, 212, 215, 223, 224, 230, 231, 225, 228, 229, 214, 236, 237, 220, 221, 222, 240, 241, 244, 245, 242, 243, 135, 134, 146, 159, 151, 158, 147, 150, 258, 259, 239, 238, 216, 217, 121, 120, 274, 275, 280, 281, 284, 285, 286, 287, 154, 155, 106, 148, 295, 126, 292, 293, 294, 115, 149, 127, 246, 312, 313, 316, 317, 318, 319, 324, 325, 326, 327, 247, 233, 232, 235, 234, 167, 107, 114, 206, 343, 194, 195, 207, 179, 356, 358, 359, 357, 94, 178, 349, 350, 354, 355, 364, 365, 366, 367, 376, 377, 378, 379, 351, 95, 339, 345, 348, 394, 395, 401, 396, 397, 400, 341, 344, 342, 166, 338, 416, 417, 340, 283, 282, 424, 425, 426, 427, 315, 314, 328, 266, 267, 184, 438, 439, 185, 329, 321, 320, 414, 255, 278, 265, 139, 302, 144, 449, 290, 296, 418, 409, 279, 462, 463, 297, 270, 250, 254, 271, 415, 432, 109, 145, 291, 433, 431, 460, 454, 467, 466, 390, 461, 372, 469, 468, 442, 443, 380, 402, 407, 444, 190, 403, 471, 470, 473, 472, 371, 419, 387, 458, 191, 264, 448, 455, 430, 459, 381, 477, 476, 479, 478, 481, 482, 483]
  列生成求解结果: 目标值=11.0000， 下界=8.0000， 上界=9.0000

处理节点 487
  开始列生成求解...
Set parameter LogToConsole to value 0
Set parameter Threads to value 1
Set parameter Seed to value 0
  定价策略: Exact, node=487, vertices=13
Set parameter PoolSearchMode to value 2
Set parameter PoolSolutions to value 10
[CG 1] RMP=12.000000, pricing=ExactPricingSolver, new_columns=10
[CG 2] RMP=11.000000, pricing=ExactPricingSolver, new_columns=0
  搜索路径: [1, 2, 3, 6, 7, 8, 11, 9, 14, 10, 15, 19, 23, 24, 25, 27, 26, 34, 35, 31, 33, 22, 40, 41, 43, 42, 30, 16, 54, 32, 57, 55, 59, 61, 17, 56, 68, 69, 58, 74, 75, 60, 18, 21, 80, 81, 20, 62, 63, 49, 48, 88, 89, 92, 93, 96, 97, 100, 101, 90, 91, 102, 103, 65, 64, 38, 39, 50, 51, 118, 124, 125, 119, 128, 129, 130, 131, 132, 133, 77, 66, 123, 76, 143, 140, 141, 142, 152, 153, 67, 116, 156, 157, 160, 161, 162, 122, 117, 170, 171, 172, 173, 176, 177, 180, 181, 112, 113, 174, 175, 186, 187, 188, 189, 163, 84, 85, 200, 204, 205, 201, 203, 202, 208, 209, 210, 211, 218, 219, 213, 212, 215, 223, 224, 230, 231, 225, 228, 229, 214, 236, 237, 220, 221, 222, 240, 241, 244, 245, 242, 243, 135, 134, 146, 159, 151, 158, 147, 150, 258, 259, 239, 238, 216, 217, 121, 120, 274, 275, 280, 281, 284, 285, 286, 287, 154, 155, 106, 148, 295, 126, 292, 293, 294, 115, 149, 127, 246, 312, 313, 316, 317, 318, 319, 324, 325, 326, 327, 247, 233, 232, 235, 234, 167, 107, 114, 206, 343, 194, 195, 207, 179, 356, 358, 359, 357, 94, 178, 349, 350, 354, 355, 364, 365, 366, 367, 376, 377, 378, 379, 351, 95, 339, 345, 348, 394, 395, 401, 396, 397, 400, 341, 344, 342, 166, 338, 416, 417, 340, 283, 282, 424, 425, 426, 427, 315, 314, 328, 266, 267, 184, 438, 439, 185, 329, 321, 320, 414, 255, 278, 265, 139, 302, 144, 449, 290, 296, 418, 409, 279, 462, 463, 297, 270, 250, 254, 271, 415, 432, 109, 145, 291, 433, 431, 460, 454, 467, 466, 390, 461, 372, 469, 468, 442, 443, 380, 402, 407, 444, 190, 403, 471, 470, 473, 472, 371, 419, 387, 458, 191, 264, 448, 455, 430, 459, 381, 477, 476, 479, 478, 481, 482, 483, 487]
  列生成求解结果: 目标值=11.0000， 下界=8.0000， 上界=9.0000

处理节点 488
  开始列生成求解...
Set parameter LogToConsole to value 0
Set parameter Threads to value 1
Set parameter Seed to value 0
  定价策略: Exact, node=488, vertices=12
Set parameter PoolSearchMode to value 2
Set parameter PoolSolutions to value 10
[CG 1] RMP=10.000000, pricing=ExactPricingSolver, new_columns=0
  搜索路径: [1, 2, 3, 6, 7, 8, 11, 9, 14, 10, 15, 19, 23, 24, 25, 27, 26, 34, 35, 31, 33, 22, 40, 41, 43, 42, 30, 16, 54, 32, 57, 55, 59, 61, 17, 56, 68, 69, 58, 74, 75, 60, 18, 21, 80, 81, 20, 62, 63, 49, 48, 88, 89, 92, 93, 96, 97, 100, 101, 90, 91, 102, 103, 65, 64, 38, 39, 50, 51, 118, 124, 125, 119, 128, 129, 130, 131, 132, 133, 77, 66, 123, 76, 143, 140, 141, 142, 152, 153, 67, 116, 156, 157, 160, 161, 162, 122, 117, 170, 171, 172, 173, 176, 177, 180, 181, 112, 113, 174, 175, 186, 187, 188, 189, 163, 84, 85, 200, 204, 205, 201, 203, 202, 208, 209, 210, 211, 218, 219, 213, 212, 215, 223, 224, 230, 231, 225, 228, 229, 214, 236, 237, 220, 221, 222, 240, 241, 244, 245, 242, 243, 135, 134, 146, 159, 151, 158, 147, 150, 258, 259, 239, 238, 216, 217, 121, 120, 274, 275, 280, 281, 284, 285, 286, 287, 154, 155, 106, 148, 295, 126, 292, 293, 294, 115, 149, 127, 246, 312, 313, 316, 317, 318, 319, 324, 325, 326, 327, 247, 233, 232, 235, 234, 167, 107, 114, 206, 343, 194, 195, 207, 179, 356, 358, 359, 357, 94, 178, 349, 350, 354, 355, 364, 365, 366, 367, 376, 377, 378, 379, 351, 95, 339, 345, 348, 394, 395, 401, 396, 397, 400, 341, 344, 342, 166, 338, 416, 417, 340, 283, 282, 424, 425, 426, 427, 315, 314, 328, 266, 267, 184, 438, 439, 185, 329, 321, 320, 414, 255, 278, 265, 139, 302, 144, 449, 290, 296, 418, 409, 279, 462, 463, 297, 270, 250, 254, 271, 415, 432, 109, 145, 291, 433, 431, 460, 454, 467, 466, 390, 461, 372, 469, 468, 442, 443, 380, 402, 407, 444, 190, 403, 471, 470, 473, 472, 371, 419, 387, 458, 191, 264, 448, 455, 430, 459, 381, 477, 476, 479, 478, 481, 482, 483, 487, 488]
  列生成求解结果: 目标值=10.0000， 下界=8.0000， 上界=9.0000

处理节点 489
  开始列生成求解...
Set parameter LogToConsole to value 0
Set parameter Threads to value 1
Set parameter Seed to value 0
  定价策略: Exact, node=489, vertices=12
Set parameter PoolSearchMode to value 2
Set parameter PoolSolutions to value 10
[CG 1] RMP=12.000000, pricing=ExactPricingSolver, new_columns=0
  搜索路径: [1, 2, 3, 6, 7, 8, 11, 9, 14, 10, 15, 19, 23, 24, 25, 27, 26, 34, 35, 31, 33, 22, 40, 41, 43, 42, 30, 16, 54, 32, 57, 55, 59, 61, 17, 56, 68, 69, 58, 74, 75, 60, 18, 21, 80, 81, 20, 62, 63, 49, 48, 88, 89, 92, 93, 96, 97, 100, 101, 90, 91, 102, 103, 65, 64, 38, 39, 50, 51, 118, 124, 125, 119, 128, 129, 130, 131, 132, 133, 77, 66, 123, 76, 143, 140, 141, 142, 152, 153, 67, 116, 156, 157, 160, 161, 162, 122, 117, 170, 171, 172, 173, 176, 177, 180, 181, 112, 113, 174, 175, 186, 187, 188, 189, 163, 84, 85, 200, 204, 205, 201, 203, 202, 208, 209, 210, 211, 218, 219, 213, 212, 215, 223, 224, 230, 231, 225, 228, 229, 214, 236, 237, 220, 221, 222, 240, 241, 244, 245, 242, 243, 135, 134, 146, 159, 151, 158, 147, 150, 258, 259, 239, 238, 216, 217, 121, 120, 274, 275, 280, 281, 284, 285, 286, 287, 154, 155, 106, 148, 295, 126, 292, 293, 294, 115, 149, 127, 246, 312, 313, 316, 317, 318, 319, 324, 325, 326, 327, 247, 233, 232, 235, 234, 167, 107, 114, 206, 343, 194, 195, 207, 179, 356, 358, 359, 357, 94, 178, 349, 350, 354, 355, 364, 365, 366, 367, 376, 377, 378, 379, 351, 95, 339, 345, 348, 394, 395, 401, 396, 397, 400, 341, 344, 342, 166, 338, 416, 417, 340, 283, 282, 424, 425, 426, 427, 315, 314, 328, 266, 267, 184, 438, 439, 185, 329, 321, 320, 414, 255, 278, 265, 139, 302, 144, 449, 290, 296, 418, 409, 279, 462, 463, 297, 270, 250, 254, 271, 415, 432, 109, 145, 291, 433, 431, 460, 454, 467, 466, 390, 461, 372, 469, 468, 442, 443, 380, 402, 407, 444, 190, 403, 471, 470, 473, 472, 371, 419, 387, 458, 191, 264, 448, 455, 430, 459, 381, 477, 476, 479, 478, 481, 482, 483, 487, 488, 489]
  列生成求解结果: 目标值=12.0000， 下界=8.0000， 上界=9.0000

处理节点 484
  开始列生成求解...
Set parameter LogToConsole to value 0
Set parameter Threads to value 1
Set parameter Seed to value 0
  定价策略: Exact, node=484, vertices=16
Set parameter PoolSearchMode to value 2
Set parameter PoolSolutions to value 10
[CG 1] RMP=8.000000, pricing=ExactPricingSolver, new_columns=0
  搜索路径: [1, 2, 3, 6, 7, 8, 11, 9, 14, 10, 15, 19, 23, 24, 25, 27, 26, 34, 35, 31, 33, 22, 40, 41, 43, 42, 30, 16, 54, 32, 57, 55, 59, 61, 17, 56, 68, 69, 58, 74, 75, 60, 18, 21, 80, 81, 20, 62, 63, 49, 48, 88, 89, 92, 93, 96, 97, 100, 101, 90, 91, 102, 103, 65, 64, 38, 39, 50, 51, 118, 124, 125, 119, 128, 129, 130, 131, 132, 133, 77, 66, 123, 76, 143, 140, 141, 142, 152, 153, 67, 116, 156, 157, 160, 161, 162, 122, 117, 170, 171, 172, 173, 176, 177, 180, 181, 112, 113, 174, 175, 186, 187, 188, 189, 163, 84, 85, 200, 204, 205, 201, 203, 202, 208, 209, 210, 211, 218, 219, 213, 212, 215, 223, 224, 230, 231, 225, 228, 229, 214, 236, 237, 220, 221, 222, 240, 241, 244, 245, 242, 243, 135, 134, 146, 159, 151, 158, 147, 150, 258, 259, 239, 238, 216, 217, 121, 120, 274, 275, 280, 281, 284, 285, 286, 287, 154, 155, 106, 148, 295, 126, 292, 293, 294, 115, 149, 127, 246, 312, 313, 316, 317, 318, 319, 324, 325, 326, 327, 247, 233, 232, 235, 234, 167, 107, 114, 206, 343, 194, 195, 207, 179, 356, 358, 359, 357, 94, 178, 349, 350, 354, 355, 364, 365, 366, 367, 376, 377, 378, 379, 351, 95, 339, 345, 348, 394, 395, 401, 396, 397, 400, 341, 344, 342, 166, 338, 416, 417, 340, 283, 282, 424, 425, 426, 427, 315, 314, 328, 266, 267, 184, 438, 439, 185, 329, 321, 320, 414, 255, 278, 265, 139, 302, 144, 449, 290, 296, 418, 409, 279, 462, 463, 297, 270, 250, 254, 271, 415, 432, 109, 145, 291, 433, 431, 460, 454, 467, 466, 390, 461, 372, 469, 468, 442, 443, 380, 402, 407, 444, 190, 403, 471, 470, 473, 472, 371, 419, 387, 458, 191, 264, 448, 455, 430, 459, 381, 477, 476, 479, 478, 481, 482, 483, 487, 488, 489, 484]
  列生成求解结果: 目标值=8.0000， 下界=8.0000， 上界=9.0000
    非整数变量: COL_17-4-9_148 = 0.500000
  解不是整数，开始分支...
ImposedVertex(vertex=11)
ForbidVertex(vertex=11)
  创建了 2 个分支
    添加分支节点 1: ID=490
    添加分支节点 2: ID=491

处理节点 485
  开始列生成求解...
Set parameter LogToConsole to value 0
Set parameter Threads to value 1
Set parameter Seed to value 0
  定价策略: Exact, node=485, vertices=16
Set parameter PoolSearchMode to value 2
Set parameter PoolSolutions to value 10
[CG 1] RMP=11.000000, pricing=ExactPricingSolver, new_columns=0
  搜索路径: [1, 2, 3, 6, 7, 8, 11, 9, 14, 10, 15, 19, 23, 24, 25, 27, 26, 34, 35, 31, 33, 22, 40, 41, 43, 42, 30, 16, 54, 32, 57, 55, 59, 61, 17, 56, 68, 69, 58, 74, 75, 60, 18, 21, 80, 81, 20, 62, 63, 49, 48, 88, 89, 92, 93, 96, 97, 100, 101, 90, 91, 102, 103, 65, 64, 38, 39, 50, 51, 118, 124, 125, 119, 128, 129, 130, 131, 132, 133, 77, 66, 123, 76, 143, 140, 141, 142, 152, 153, 67, 116, 156, 157, 160, 161, 162, 122, 117, 170, 171, 172, 173, 176, 177, 180, 181, 112, 113, 174, 175, 186, 187, 188, 189, 163, 84, 85, 200, 204, 205, 201, 203, 202, 208, 209, 210, 211, 218, 219, 213, 212, 215, 223, 224, 230, 231, 225, 228, 229, 214, 236, 237, 220, 221, 222, 240, 241, 244, 245, 242, 243, 135, 134, 146, 159, 151, 158, 147, 150, 258, 259, 239, 238, 216, 217, 121, 120, 274, 275, 280, 281, 284, 285, 286, 287, 154, 155, 106, 148, 295, 126, 292, 293, 294, 115, 149, 127, 246, 312, 313, 316, 317, 318, 319, 324, 325, 326, 327, 247, 233, 232, 235, 234, 167, 107, 114, 206, 343, 194, 195, 207, 179, 356, 358, 359, 357, 94, 178, 349, 350, 354, 355, 364, 365, 366, 367, 376, 377, 378, 379, 351, 95, 339, 345, 348, 394, 395, 401, 396, 397, 400, 341, 344, 342, 166, 338, 416, 417, 340, 283, 282, 424, 425, 426, 427, 315, 314, 328, 266, 267, 184, 438, 439, 185, 329, 321, 320, 414, 255, 278, 265, 139, 302, 144, 449, 290, 296, 418, 409, 279, 462, 463, 297, 270, 250, 254, 271, 415, 432, 109, 145, 291, 433, 431, 460, 454, 467, 466, 390, 461, 372, 469, 468, 442, 443, 380, 402, 407, 444, 190, 403, 471, 470, 473, 472, 371, 419, 387, 458, 191, 264, 448, 455, 430, 459, 381, 477, 476, 479, 478, 481, 482, 483, 487, 488, 489, 484, 485]
  列生成求解结果: 目标值=11.0000， 下界=8.0000， 上界=9.0000

处理节点 486
  开始列生成求解...
Set parameter LogToConsole to value 0
Set parameter Threads to value 1
Set parameter Seed to value 0
  定价策略: Exact, node=486, vertices=13
Set parameter PoolSearchMode to value 2
Set parameter PoolSolutions to value 10
[CG 1] RMP=8.000000, pricing=ExactPricingSolver, new_columns=0
  搜索路径: [1, 2, 3, 6, 7, 8, 11, 9, 14, 10, 15, 19, 23, 24, 25, 27, 26, 34, 35, 31, 33, 22, 40, 41, 43, 42, 30, 16, 54, 32, 57, 55, 59, 61, 17, 56, 68, 69, 58, 74, 75, 60, 18, 21, 80, 81, 20, 62, 63, 49, 48, 88, 89, 92, 93, 96, 97, 100, 101, 90, 91, 102, 103, 65, 64, 38, 39, 50, 51, 118, 124, 125, 119, 128, 129, 130, 131, 132, 133, 77, 66, 123, 76, 143, 140, 141, 142, 152, 153, 67, 116, 156, 157, 160, 161, 162, 122, 117, 170, 171, 172, 173, 176, 177, 180, 181, 112, 113, 174, 175, 186, 187, 188, 189, 163, 84, 85, 200, 204, 205, 201, 203, 202, 208, 209, 210, 211, 218, 219, 213, 212, 215, 223, 224, 230, 231, 225, 228, 229, 214, 236, 237, 220, 221, 222, 240, 241, 244, 245, 242, 243, 135, 134, 146, 159, 151, 158, 147, 150, 258, 259, 239, 238, 216, 217, 121, 120, 274, 275, 280, 281, 284, 285, 286, 287, 154, 155, 106, 148, 295, 126, 292, 293, 294, 115, 149, 127, 246, 312, 313, 316, 317, 318, 319, 324, 325, 326, 327, 247, 233, 232, 235, 234, 167, 107, 114, 206, 343, 194, 195, 207, 179, 356, 358, 359, 357, 94, 178, 349, 350, 354, 355, 364, 365, 366, 367, 376, 377, 378, 379, 351, 95, 339, 345, 348, 394, 395, 401, 396, 397, 400, 341, 344, 342, 166, 338, 416, 417, 340, 283, 282, 424, 425, 426, 427, 315, 314, 328, 266, 267, 184, 438, 439, 185, 329, 321, 320, 414, 255, 278, 265, 139, 302, 144, 449, 290, 296, 418, 409, 279, 462, 463, 297, 270, 250, 254, 271, 415, 432, 109, 145, 291, 433, 431, 460, 454, 467, 466, 390, 461, 372, 469, 468, 442, 443, 380, 402, 407, 444, 190, 403, 471, 470, 473, 472, 371, 419, 387, 458, 191, 264, 448, 455, 430, 459, 381, 477, 476, 479, 478, 481, 482, 483, 487, 488, 489, 484, 485, 486]
  列生成求解结果: 目标值=8.0000， 下界=8.0000， 上界=9.0000
    非整数变量: COL_11-15-20-4-7-9_2275 = 0.500000
  解不是整数，开始分支...
ImposedVertex(vertex=7)
ForbidVertex(vertex=7)
  创建了 2 个分支
    添加分支节点 1: ID=492
    添加分支节点 2: ID=493

处理节点 480
  开始列生成求解...
Set parameter LogToConsole to value 0
Set parameter Threads to value 1
Set parameter Seed to value 0
  定价策略: Exact, node=480, vertices=14
Set parameter PoolSearchMode to value 2
Set parameter PoolSolutions to value 10
[CG 1] RMP=8.000000, pricing=ExactPricingSolver, new_columns=0
  搜索路径: [1, 2, 3, 6, 7, 8, 11, 9, 14, 10, 15, 19, 23, 24, 25, 27, 26, 34, 35, 31, 33, 22, 40, 41, 43, 42, 30, 16, 54, 32, 57, 55, 59, 61, 17, 56, 68, 69, 58, 74, 75, 60, 18, 21, 80, 81, 20, 62, 63, 49, 48, 88, 89, 92, 93, 96, 97, 100, 101, 90, 91, 102, 103, 65, 64, 38, 39, 50, 51, 118, 124, 125, 119, 128, 129, 130, 131, 132, 133, 77, 66, 123, 76, 143, 140, 141, 142, 152, 153, 67, 116, 156, 157, 160, 161, 162, 122, 117, 170, 171, 172, 173, 176, 177, 180, 181, 112, 113, 174, 175, 186, 187, 188, 189, 163, 84, 85, 200, 204, 205, 201, 203, 202, 208, 209, 210, 211, 218, 219, 213, 212, 215, 223, 224, 230, 231, 225, 228, 229, 214, 236, 237, 220, 221, 222, 240, 241, 244, 245, 242, 243, 135, 134, 146, 159, 151, 158, 147, 150, 258, 259, 239, 238, 216, 217, 121, 120, 274, 275, 280, 281, 284, 285, 286, 287, 154, 155, 106, 148, 295, 126, 292, 293, 294, 115, 149, 127, 246, 312, 313, 316, 317, 318, 319, 324, 325, 326, 327, 247, 233, 232, 235, 234, 167, 107, 114, 206, 343, 194, 195, 207, 179, 356, 358, 359, 357, 94, 178, 349, 350, 354, 355, 364, 365, 366, 367, 376, 377, 378, 379, 351, 95, 339, 345, 348, 394, 395, 401, 396, 397, 400, 341, 344, 342, 166, 338, 416, 417, 340, 283, 282, 424, 425, 426, 427, 315, 314, 328, 266, 267, 184, 438, 439, 185, 329, 321, 320, 414, 255, 278, 265, 139, 302, 144, 449, 290, 296, 418, 409, 279, 462, 463, 297, 270, 250, 254, 271, 415, 432, 109, 145, 291, 433, 431, 460, 454, 467, 466, 390, 461, 372, 469, 468, 442, 443, 380, 402, 407, 444, 190, 403, 471, 470, 473, 472, 371, 419, 387, 458, 191, 264, 448, 455, 430, 459, 381, 477, 476, 479, 478, 481, 482, 483, 487, 488, 489, 484, 485, 486, 480]
  列生成求解结果: 目标值=8.0000， 下界=8.0000， 上界=9.0000
    非整数变量: COL_1-28_179 = 0.666667
  解不是整数，开始分支...
ImposedVertex(vertex=28)
ForbidVertex(vertex=28)
  创建了 2 个分支
    添加分支节点 1: ID=494
    添加分支节点 2: ID=495
  进度: 已处理 340 个节点, 剩余 27 个, 当前最优 9.0000, 当前列数: 2378

处理节点 491
  开始列生成求解...
Set parameter LogToConsole to value 0
Set parameter Threads to value 1
Set parameter Seed to value 0
  定价策略: Exact, node=491, vertices=15
Set parameter PoolSearchMode to value 2
Set parameter PoolSolutions to value 10
[CG 1] RMP=9.000000, pricing=ExactPricingSolver, new_columns=10
[CG 2] RMP=8.000000, pricing=ExactPricingSolver, new_columns=0
  搜索路径: [1, 2, 3, 6, 7, 8, 11, 9, 14, 10, 15, 19, 23, 24, 25, 27, 26, 34, 35, 31, 33, 22, 40, 41, 43, 42, 30, 16, 54, 32, 57, 55, 59, 61, 17, 56, 68, 69, 58, 74, 75, 60, 18, 21, 80, 81, 20, 62, 63, 49, 48, 88, 89, 92, 93, 96, 97, 100, 101, 90, 91, 102, 103, 65, 64, 38, 39, 50, 51, 118, 124, 125, 119, 128, 129, 130, 131, 132, 133, 77, 66, 123, 76, 143, 140, 141, 142, 152, 153, 67, 116, 156, 157, 160, 161, 162, 122, 117, 170, 171, 172, 173, 176, 177, 180, 181, 112, 113, 174, 175, 186, 187, 188, 189, 163, 84, 85, 200, 204, 205, 201, 203, 202, 208, 209, 210, 211, 218, 219, 213, 212, 215, 223, 224, 230, 231, 225, 228, 229, 214, 236, 237, 220, 221, 222, 240, 241, 244, 245, 242, 243, 135, 134, 146, 159, 151, 158, 147, 150, 258, 259, 239, 238, 216, 217, 121, 120, 274, 275, 280, 281, 284, 285, 286, 287, 154, 155, 106, 148, 295, 126, 292, 293, 294, 115, 149, 127, 246, 312, 313, 316, 317, 318, 319, 324, 325, 326, 327, 247, 233, 232, 235, 234, 167, 107, 114, 206, 343, 194, 195, 207, 179, 356, 358, 359, 357, 94, 178, 349, 350, 354, 355, 364, 365, 366, 367, 376, 377, 378, 379, 351, 95, 339, 345, 348, 394, 395, 401, 396, 397, 400, 341, 344, 342, 166, 338, 416, 417, 340, 283, 282, 424, 425, 426, 427, 315, 314, 328, 266, 267, 184, 438, 439, 185, 329, 321, 320, 414, 255, 278, 265, 139, 302, 144, 449, 290, 296, 418, 409, 279, 462, 463, 297, 270, 250, 254, 271, 415, 432, 109, 145, 291, 433, 431, 460, 454, 467, 466, 390, 461, 372, 469, 468, 442, 443, 380, 402, 407, 444, 190, 403, 471, 470, 473, 472, 371, 419, 387, 458, 191, 264, 448, 455, 430, 459, 381, 477, 476, 479, 478, 481, 482, 483, 487, 488, 489, 484, 485, 486, 480, 491]
  列生成求解结果: 目标值=8.0000， 下界=8.0000， 上界=9.0000
    非整数变量: COL_2-4-7-9_212 = 0.888889
  解不是整数，开始分支...
ImposedVertex(vertex=26)
ForbidVertex(vertex=26)
  创建了 2 个分支
    添加分支节点 1: ID=496
    添加分支节点 2: ID=497

处理节点 490
  开始列生成求解...
Set parameter LogToConsole to value 0
Set parameter Threads to value 1
Set parameter Seed to value 0
  定价策略: Exact, node=490, vertices=14
Set parameter PoolSearchMode to value 2
Set parameter PoolSolutions to value 10
[CG 1] RMP=8.000000, pricing=ExactPricingSolver, new_columns=0
  搜索路径: [1, 2, 3, 6, 7, 8, 11, 9, 14, 10, 15, 19, 23, 24, 25, 27, 26, 34, 35, 31, 33, 22, 40, 41, 43, 42, 30, 16, 54, 32, 57, 55, 59, 61, 17, 56, 68, 69, 58, 74, 75, 60, 18, 21, 80, 81, 20, 62, 63, 49, 48, 88, 89, 92, 93, 96, 97, 100, 101, 90, 91, 102, 103, 65, 64, 38, 39, 50, 51, 118, 124, 125, 119, 128, 129, 130, 131, 132, 133, 77, 66, 123, 76, 143, 140, 141, 142, 152, 153, 67, 116, 156, 157, 160, 161, 162, 122, 117, 170, 171, 172, 173, 176, 177, 180, 181, 112, 113, 174, 175, 186, 187, 188, 189, 163, 84, 85, 200, 204, 205, 201, 203, 202, 208, 209, 210, 211, 218, 219, 213, 212, 215, 223, 224, 230, 231, 225, 228, 229, 214, 236, 237, 220, 221, 222, 240, 241, 244, 245, 242, 243, 135, 134, 146, 159, 151, 158, 147, 150, 258, 259, 239, 238, 216, 217, 121, 120, 274, 275, 280, 281, 284, 285, 286, 287, 154, 155, 106, 148, 295, 126, 292, 293, 294, 115, 149, 127, 246, 312, 313, 316, 317, 318, 319, 324, 325, 326, 327, 247, 233, 232, 235, 234, 167, 107, 114, 206, 343, 194, 195, 207, 179, 356, 358, 359, 357, 94, 178, 349, 350, 354, 355, 364, 365, 366, 367, 376, 377, 378, 379, 351, 95, 339, 345, 348, 394, 395, 401, 396, 397, 400, 341, 344, 342, 166, 338, 416, 417, 340, 283, 282, 424, 425, 426, 427, 315, 314, 328, 266, 267, 184, 438, 439, 185, 329, 321, 320, 414, 255, 278, 265, 139, 302, 144, 449, 290, 296, 418, 409, 279, 462, 463, 297, 270, 250, 254, 271, 415, 432, 109, 145, 291, 433, 431, 460, 454, 467, 466, 390, 461, 372, 469, 468, 442, 443, 380, 402, 407, 444, 190, 403, 471, 470, 473, 472, 371, 419, 387, 458, 191, 264, 448, 455, 430, 459, 381, 477, 476, 479, 478, 481, 482, 483, 487, 488, 489, 484, 485, 486, 480, 491, 490]
  列生成求解结果: 目标值=8.0000， 下界=8.0000， 上界=9.0000
    非整数变量: COL_17-4-9_148 = 0.400000
  解不是整数，开始分支...
ImposedVertex(vertex=26)
ForbidVertex(vertex=26)
  创建了 2 个分支
    添加分支节点 1: ID=498
    添加分支节点 2: ID=499

处理节点 493
  开始列生成求解...
Set parameter LogToConsole to value 0
Set parameter Threads to value 1
Set parameter Seed to value 0
  定价策略: Exact, node=493, vertices=12
Set parameter PoolSearchMode to value 2
Set parameter PoolSolutions to value 10
[CG 1] RMP=12.000000, pricing=ExactPricingSolver, new_columns=0
  搜索路径: [1, 2, 3, 6, 7, 8, 11, 9, 14, 10, 15, 19, 23, 24, 25, 27, 26, 34, 35, 31, 33, 22, 40, 41, 43, 42, 30, 16, 54, 32, 57, 55, 59, 61, 17, 56, 68, 69, 58, 74, 75, 60, 18, 21, 80, 81, 20, 62, 63, 49, 48, 88, 89, 92, 93, 96, 97, 100, 101, 90, 91, 102, 103, 65, 64, 38, 39, 50, 51, 118, 124, 125, 119, 128, 129, 130, 131, 132, 133, 77, 66, 123, 76, 143, 140, 141, 142, 152, 153, 67, 116, 156, 157, 160, 161, 162, 122, 117, 170, 171, 172, 173, 176, 177, 180, 181, 112, 113, 174, 175, 186, 187, 188, 189, 163, 84, 85, 200, 204, 205, 201, 203, 202, 208, 209, 210, 211, 218, 219, 213, 212, 215, 223, 224, 230, 231, 225, 228, 229, 214, 236, 237, 220, 221, 222, 240, 241, 244, 245, 242, 243, 135, 134, 146, 159, 151, 158, 147, 150, 258, 259, 239, 238, 216, 217, 121, 120, 274, 275, 280, 281, 284, 285, 286, 287, 154, 155, 106, 148, 295, 126, 292, 293, 294, 115, 149, 127, 246, 312, 313, 316, 317, 318, 319, 324, 325, 326, 327, 247, 233, 232, 235, 234, 167, 107, 114, 206, 343, 194, 195, 207, 179, 356, 358, 359, 357, 94, 178, 349, 350, 354, 355, 364, 365, 366, 367, 376, 377, 378, 379, 351, 95, 339, 345, 348, 394, 395, 401, 396, 397, 400, 341, 344, 342, 166, 338, 416, 417, 340, 283, 282, 424, 425, 426, 427, 315, 314, 328, 266, 267, 184, 438, 439, 185, 329, 321, 320, 414, 255, 278, 265, 139, 302, 144, 449, 290, 296, 418, 409, 279, 462, 463, 297, 270, 250, 254, 271, 415, 432, 109, 145, 291, 433, 431, 460, 454, 467, 466, 390, 461, 372, 469, 468, 442, 443, 380, 402, 407, 444, 190, 403, 471, 470, 473, 472, 371, 419, 387, 458, 191, 264, 448, 455, 430, 459, 381, 477, 476, 479, 478, 481, 482, 483, 487, 488, 489, 484, 485, 486, 480, 491, 490, 493]
  列生成求解结果: 目标值=12.0000， 下界=8.0000， 上界=9.0000

处理节点 497
  开始列生成求解...
Set parameter LogToConsole to value 0
Set parameter Threads to value 1
Set parameter Seed to value 0
  定价策略: Exact, node=497, vertices=14
Set parameter PoolSearchMode to value 2
Set parameter PoolSolutions to value 10
[CG 1] RMP=12.000000, pricing=ExactPricingSolver, new_columns=10
[CG 2] RMP=12.000000, pricing=ExactPricingSolver, new_columns=0
  搜索路径: [1, 2, 3, 6, 7, 8, 11, 9, 14, 10, 15, 19, 23, 24, 25, 27, 26, 34, 35, 31, 33, 22, 40, 41, 43, 42, 30, 16, 54, 32, 57, 55, 59, 61, 17, 56, 68, 69, 58, 74, 75, 60, 18, 21, 80, 81, 20, 62, 63, 49, 48, 88, 89, 92, 93, 96, 97, 100, 101, 90, 91, 102, 103, 65, 64, 38, 39, 50, 51, 118, 124, 125, 119, 128, 129, 130, 131, 132, 133, 77, 66, 123, 76, 143, 140, 141, 142, 152, 153, 67, 116, 156, 157, 160, 161, 162, 122, 117, 170, 171, 172, 173, 176, 177, 180, 181, 112, 113, 174, 175, 186, 187, 188, 189, 163, 84, 85, 200, 204, 205, 201, 203, 202, 208, 209, 210, 211, 218, 219, 213, 212, 215, 223, 224, 230, 231, 225, 228, 229, 214, 236, 237, 220, 221, 222, 240, 241, 244, 245, 242, 243, 135, 134, 146, 159, 151, 158, 147, 150, 258, 259, 239, 238, 216, 217, 121, 120, 274, 275, 280, 281, 284, 285, 286, 287, 154, 155, 106, 148, 295, 126, 292, 293, 294, 115, 149, 127, 246, 312, 313, 316, 317, 318, 319, 324, 325, 326, 327, 247, 233, 232, 235, 234, 167, 107, 114, 206, 343, 194, 195, 207, 179, 356, 358, 359, 357, 94, 178, 349, 350, 354, 355, 364, 365, 366, 367, 376, 377, 378, 379, 351, 95, 339, 345, 348, 394, 395, 401, 396, 397, 400, 341, 344, 342, 166, 338, 416, 417, 340, 283, 282, 424, 425, 426, 427, 315, 314, 328, 266, 267, 184, 438, 439, 185, 329, 321, 320, 414, 255, 278, 265, 139, 302, 144, 449, 290, 296, 418, 409, 279, 462, 463, 297, 270, 250, 254, 271, 415, 432, 109, 145, 291, 433, 431, 460, 454, 467, 466, 390, 461, 372, 469, 468, 442, 443, 380, 402, 407, 444, 190, 403, 471, 470, 473, 472, 371, 419, 387, 458, 191, 264, 448, 455, 430, 459, 381, 477, 476, 479, 478, 481, 482, 483, 487, 488, 489, 484, 485, 486, 480, 491, 490, 493, 497]
  列生成求解结果: 目标值=12.0000， 下界=8.0000， 上界=9.0000

处理节点 498
  开始列生成求解...
Set parameter LogToConsole to value 0
Set parameter Threads to value 1
Set parameter Seed to value 0
  定价策略: Exact, node=498, vertices=13
Set parameter PoolSearchMode to value 2
Set parameter PoolSolutions to value 10
[CG 1] RMP=10.000000, pricing=ExactPricingSolver, new_columns=0
  搜索路径: [1, 2, 3, 6, 7, 8, 11, 9, 14, 10, 15, 19, 23, 24, 25, 27, 26, 34, 35, 31, 33, 22, 40, 41, 43, 42, 30, 16, 54, 32, 57, 55, 59, 61, 17, 56, 68, 69, 58, 74, 75, 60, 18, 21, 80, 81, 20, 62, 63, 49, 48, 88, 89, 92, 93, 96, 97, 100, 101, 90, 91, 102, 103, 65, 64, 38, 39, 50, 51, 118, 124, 125, 119, 128, 129, 130, 131, 132, 133, 77, 66, 123, 76, 143, 140, 141, 142, 152, 153, 67, 116, 156, 157, 160, 161, 162, 122, 117, 170, 171, 172, 173, 176, 177, 180, 181, 112, 113, 174, 175, 186, 187, 188, 189, 163, 84, 85, 200, 204, 205, 201, 203, 202, 208, 209, 210, 211, 218, 219, 213, 212, 215, 223, 224, 230, 231, 225, 228, 229, 214, 236, 237, 220, 221, 222, 240, 241, 244, 245, 242, 243, 135, 134, 146, 159, 151, 158, 147, 150, 258, 259, 239, 238, 216, 217, 121, 120, 274, 275, 280, 281, 284, 285, 286, 287, 154, 155, 106, 148, 295, 126, 292, 293, 294, 115, 149, 127, 246, 312, 313, 316, 317, 318, 319, 324, 325, 326, 327, 247, 233, 232, 235, 234, 167, 107, 114, 206, 343, 194, 195, 207, 179, 356, 358, 359, 357, 94, 178, 349, 350, 354, 355, 364, 365, 366, 367, 376, 377, 378, 379, 351, 95, 339, 345, 348, 394, 395, 401, 396, 397, 400, 341, 344, 342, 166, 338, 416, 417, 340, 283, 282, 424, 425, 426, 427, 315, 314, 328, 266, 267, 184, 438, 439, 185, 329, 321, 320, 414, 255, 278, 265, 139, 302, 144, 449, 290, 296, 418, 409, 279, 462, 463, 297, 270, 250, 254, 271, 415, 432, 109, 145, 291, 433, 431, 460, 454, 467, 466, 390, 461, 372, 469, 468, 442, 443, 380, 402, 407, 444, 190, 403, 471, 470, 473, 472, 371, 419, 387, 458, 191, 264, 448, 455, 430, 459, 381, 477, 476, 479, 478, 481, 482, 483, 487, 488, 489, 484, 485, 486, 480, 491, 490, 493, 497, 498]
  列生成求解结果: 目标值=10.0000， 下界=8.0000， 上界=9.0000

处理节点 499
  开始列生成求解...
Set parameter LogToConsole to value 0
Set parameter Threads to value 1
Set parameter Seed to value 0
  定价策略: Exact, node=499, vertices=13
Set parameter PoolSearchMode to value 2
Set parameter PoolSolutions to value 10
[CG 1] RMP=12.000000, pricing=ExactPricingSolver, new_columns=0
  搜索路径: [1, 2, 3, 6, 7, 8, 11, 9, 14, 10, 15, 19, 23, 24, 25, 27, 26, 34, 35, 31, 33, 22, 40, 41, 43, 42, 30, 16, 54, 32, 57, 55, 59, 61, 17, 56, 68, 69, 58, 74, 75, 60, 18, 21, 80, 81, 20, 62, 63, 49, 48, 88, 89, 92, 93, 96, 97, 100, 101, 90, 91, 102, 103, 65, 64, 38, 39, 50, 51, 118, 124, 125, 119, 128, 129, 130, 131, 132, 133, 77, 66, 123, 76, 143, 140, 141, 142, 152, 153, 67, 116, 156, 157, 160, 161, 162, 122, 117, 170, 171, 172, 173, 176, 177, 180, 181, 112, 113, 174, 175, 186, 187, 188, 189, 163, 84, 85, 200, 204, 205, 201, 203, 202, 208, 209, 210, 211, 218, 219, 213, 212, 215, 223, 224, 230, 231, 225, 228, 229, 214, 236, 237, 220, 221, 222, 240, 241, 244, 245, 242, 243, 135, 134, 146, 159, 151, 158, 147, 150, 258, 259, 239, 238, 216, 217, 121, 120, 274, 275, 280, 281, 284, 285, 286, 287, 154, 155, 106, 148, 295, 126, 292, 293, 294, 115, 149, 127, 246, 312, 313, 316, 317, 318, 319, 324, 325, 326, 327, 247, 233, 232, 235, 234, 167, 107, 114, 206, 343, 194, 195, 207, 179, 356, 358, 359, 357, 94, 178, 349, 350, 354, 355, 364, 365, 366, 367, 376, 377, 378, 379, 351, 95, 339, 345, 348, 394, 395, 401, 396, 397, 400, 341, 344, 342, 166, 338, 416, 417, 340, 283, 282, 424, 425, 426, 427, 315, 314, 328, 266, 267, 184, 438, 439, 185, 329, 321, 320, 414, 255, 278, 265, 139, 302, 144, 449, 290, 296, 418, 409, 279, 462, 463, 297, 270, 250, 254, 271, 415, 432, 109, 145, 291, 433, 431, 460, 454, 467, 466, 390, 461, 372, 469, 468, 442, 443, 380, 402, 407, 444, 190, 403, 471, 470, 473, 472, 371, 419, 387, 458, 191, 264, 448, 455, 430, 459, 381, 477, 476, 479, 478, 481, 482, 483, 487, 488, 489, 484, 485, 486, 480, 491, 490, 493, 497, 498, 499]
  列生成求解结果: 目标值=12.0000， 下界=8.0000， 上界=9.0000

处理节点 494
  开始列生成求解...
Set parameter LogToConsole to value 0
Set parameter Threads to value 1
Set parameter Seed to value 0
  定价策略: Exact, node=494, vertices=13
Set parameter PoolSearchMode to value 2
Set parameter PoolSolutions to value 10
[CG 1] RMP=12.000000, pricing=ExactPricingSolver, new_columns=0
  搜索路径: [1, 2, 3, 6, 7, 8, 11, 9, 14, 10, 15, 19, 23, 24, 25, 27, 26, 34, 35, 31, 33, 22, 40, 41, 43, 42, 30, 16, 54, 32, 57, 55, 59, 61, 17, 56, 68, 69, 58, 74, 75, 60, 18, 21, 80, 81, 20, 62, 63, 49, 48, 88, 89, 92, 93, 96, 97, 100, 101, 90, 91, 102, 103, 65, 64, 38, 39, 50, 51, 118, 124, 125, 119, 128, 129, 130, 131, 132, 133, 77, 66, 123, 76, 143, 140, 141, 142, 152, 153, 67, 116, 156, 157, 160, 161, 162, 122, 117, 170, 171, 172, 173, 176, 177, 180, 181, 112, 113, 174, 175, 186, 187, 188, 189, 163, 84, 85, 200, 204, 205, 201, 203, 202, 208, 209, 210, 211, 218, 219, 213, 212, 215, 223, 224, 230, 231, 225, 228, 229, 214, 236, 237, 220, 221, 222, 240, 241, 244, 245, 242, 243, 135, 134, 146, 159, 151, 158, 147, 150, 258, 259, 239, 238, 216, 217, 121, 120, 274, 275, 280, 281, 284, 285, 286, 287, 154, 155, 106, 148, 295, 126, 292, 293, 294, 115, 149, 127, 246, 312, 313, 316, 317, 318, 319, 324, 325, 326, 327, 247, 233, 232, 235, 234, 167, 107, 114, 206, 343, 194, 195, 207, 179, 356, 358, 359, 357, 94, 178, 349, 350, 354, 355, 364, 365, 366, 367, 376, 377, 378, 379, 351, 95, 339, 345, 348, 394, 395, 401, 396, 397, 400, 341, 344, 342, 166, 338, 416, 417, 340, 283, 282, 424, 425, 426, 427, 315, 314, 328, 266, 267, 184, 438, 439, 185, 329, 321, 320, 414, 255, 278, 265, 139, 302, 144, 449, 290, 296, 418, 409, 279, 462, 463, 297, 270, 250, 254, 271, 415, 432, 109, 145, 291, 433, 431, 460, 454, 467, 466, 390, 461, 372, 469, 468, 442, 443, 380, 402, 407, 444, 190, 403, 471, 470, 473, 472, 371, 419, 387, 458, 191, 264, 448, 455, 430, 459, 381, 477, 476, 479, 478, 481, 482, 483, 487, 488, 489, 484, 485, 486, 480, 491, 490, 493, 497, 498, 499, 494]
  列生成求解结果: 目标值=12.0000， 下界=8.0000， 上界=9.0000

处理节点 495
  开始列生成求解...
Set parameter LogToConsole to value 0
Set parameter Threads to value 1
Set parameter Seed to value 0
  定价策略: Exact, node=495, vertices=13
Set parameter PoolSearchMode to value 2
Set parameter PoolSolutions to value 10
[CG 1] RMP=10.000000, pricing=ExactPricingSolver, new_columns=0
  搜索路径: [1, 2, 3, 6, 7, 8, 11, 9, 14, 10, 15, 19, 23, 24, 25, 27, 26, 34, 35, 31, 33, 22, 40, 41, 43, 42, 30, 16, 54, 32, 57, 55, 59, 61, 17, 56, 68, 69, 58, 74, 75, 60, 18, 21, 80, 81, 20, 62, 63, 49, 48, 88, 89, 92, 93, 96, 97, 100, 101, 90, 91, 102, 103, 65, 64, 38, 39, 50, 51, 118, 124, 125, 119, 128, 129, 130, 131, 132, 133, 77, 66, 123, 76, 143, 140, 141, 142, 152, 153, 67, 116, 156, 157, 160, 161, 162, 122, 117, 170, 171, 172, 173, 176, 177, 180, 181, 112, 113, 174, 175, 186, 187, 188, 189, 163, 84, 85, 200, 204, 205, 201, 203, 202, 208, 209, 210, 211, 218, 219, 213, 212, 215, 223, 224, 230, 231, 225, 228, 229, 214, 236, 237, 220, 221, 222, 240, 241, 244, 245, 242, 243, 135, 134, 146, 159, 151, 158, 147, 150, 258, 259, 239, 238, 216, 217, 121, 120, 274, 275, 280, 281, 284, 285, 286, 287, 154, 155, 106, 148, 295, 126, 292, 293, 294, 115, 149, 127, 246, 312, 313, 316, 317, 318, 319, 324, 325, 326, 327, 247, 233, 232, 235, 234, 167, 107, 114, 206, 343, 194, 195, 207, 179, 356, 358, 359, 357, 94, 178, 349, 350, 354, 355, 364, 365, 366, 367, 376, 377, 378, 379, 351, 95, 339, 345, 348, 394, 395, 401, 396, 397, 400, 341, 344, 342, 166, 338, 416, 417, 340, 283, 282, 424, 425, 426, 427, 315, 314, 328, 266, 267, 184, 438, 439, 185, 329, 321, 320, 414, 255, 278, 265, 139, 302, 144, 449, 290, 296, 418, 409, 279, 462, 463, 297, 270, 250, 254, 271, 415, 432, 109, 145, 291, 433, 431, 460, 454, 467, 466, 390, 461, 372, 469, 468, 442, 443, 380, 402, 407, 444, 190, 403, 471, 470, 473, 472, 371, 419, 387, 458, 191, 264, 448, 455, 430, 459, 381, 477, 476, 479, 478, 481, 482, 483, 487, 488, 489, 484, 485, 486, 480, 491, 490, 493, 497, 498, 499, 494, 495]
  列生成求解结果: 目标值=10.0000， 下界=8.0000， 上界=9.0000

处理节点 496
  开始列生成求解...
Set parameter LogToConsole to value 0
Set parameter Threads to value 1
Set parameter Seed to value 0
  定价策略: Exact, node=496, vertices=14
Set parameter PoolSearchMode to value 2
Set parameter PoolSolutions to value 10
[CG 1] RMP=10.000000, pricing=ExactPricingSolver, new_columns=0
  搜索路径: [1, 2, 3, 6, 7, 8, 11, 9, 14, 10, 15, 19, 23, 24, 25, 27, 26, 34, 35, 31, 33, 22, 40, 41, 43, 42, 30, 16, 54, 32, 57, 55, 59, 61, 17, 56, 68, 69, 58, 74, 75, 60, 18, 21, 80, 81, 20, 62, 63, 49, 48, 88, 89, 92, 93, 96, 97, 100, 101, 90, 91, 102, 103, 65, 64, 38, 39, 50, 51, 118, 124, 125, 119, 128, 129, 130, 131, 132, 133, 77, 66, 123, 76, 143, 140, 141, 142, 152, 153, 67, 116, 156, 157, 160, 161, 162, 122, 117, 170, 171, 172, 173, 176, 177, 180, 181, 112, 113, 174, 175, 186, 187, 188, 189, 163, 84, 85, 200, 204, 205, 201, 203, 202, 208, 209, 210, 211, 218, 219, 213, 212, 215, 223, 224, 230, 231, 225, 228, 229, 214, 236, 237, 220, 221, 222, 240, 241, 244, 245, 242, 243, 135, 134, 146, 159, 151, 158, 147, 150, 258, 259, 239, 238, 216, 217, 121, 120, 274, 275, 280, 281, 284, 285, 286, 287, 154, 155, 106, 148, 295, 126, 292, 293, 294, 115, 149, 127, 246, 312, 313, 316, 317, 318, 319, 324, 325, 326, 327, 247, 233, 232, 235, 234, 167, 107, 114, 206, 343, 194, 195, 207, 179, 356, 358, 359, 357, 94, 178, 349, 350, 354, 355, 364, 365, 366, 367, 376, 377, 378, 379, 351, 95, 339, 345, 348, 394, 395, 401, 396, 397, 400, 341, 344, 342, 166, 338, 416, 417, 340, 283, 282, 424, 425, 426, 427, 315, 314, 328, 266, 267, 184, 438, 439, 185, 329, 321, 320, 414, 255, 278, 265, 139, 302, 144, 449, 290, 296, 418, 409, 279, 462, 463, 297, 270, 250, 254, 271, 415, 432, 109, 145, 291, 433, 431, 460, 454, 467, 466, 390, 461, 372, 469, 468, 442, 443, 380, 402, 407, 444, 190, 403, 471, 470, 473, 472, 371, 419, 387, 458, 191, 264, 448, 455, 430, 459, 381, 477, 476, 479, 478, 481, 482, 483, 487, 488, 489, 484, 485, 486, 480, 491, 490, 493, 497, 498, 499, 494, 495, 496]
  列生成求解结果: 目标值=10.0000， 下界=8.0000， 上界=9.0000

处理节点 492
  开始列生成求解...
Set parameter LogToConsole to value 0
Set parameter Threads to value 1
Set parameter Seed to value 0
  定价策略: Exact, node=492, vertices=12
Set parameter PoolSearchMode to value 2
Set parameter PoolSolutions to value 10
[CG 1] RMP=8.000000, pricing=ExactPricingSolver, new_columns=0
  搜索路径: [1, 2, 3, 6, 7, 8, 11, 9, 14, 10, 15, 19, 23, 24, 25, 27, 26, 34, 35, 31, 33, 22, 40, 41, 43, 42, 30, 16, 54, 32, 57, 55, 59, 61, 17, 56, 68, 69, 58, 74, 75, 60, 18, 21, 80, 81, 20, 62, 63, 49, 48, 88, 89, 92, 93, 96, 97, 100, 101, 90, 91, 102, 103, 65, 64, 38, 39, 50, 51, 118, 124, 125, 119, 128, 129, 130, 131, 132, 133, 77, 66, 123, 76, 143, 140, 141, 142, 152, 153, 67, 116, 156, 157, 160, 161, 162, 122, 117, 170, 171, 172, 173, 176, 177, 180, 181, 112, 113, 174, 175, 186, 187, 188, 189, 163, 84, 85, 200, 204, 205, 201, 203, 202, 208, 209, 210, 211, 218, 219, 213, 212, 215, 223, 224, 230, 231, 225, 228, 229, 214, 236, 237, 220, 221, 222, 240, 241, 244, 245, 242, 243, 135, 134, 146, 159, 151, 158, 147, 150, 258, 259, 239, 238, 216, 217, 121, 120, 274, 275, 280, 281, 284, 285, 286, 287, 154, 155, 106, 148, 295, 126, 292, 293, 294, 115, 149, 127, 246, 312, 313, 316, 317, 318, 319, 324, 325, 326, 327, 247, 233, 232, 235, 234, 167, 107, 114, 206, 343, 194, 195, 207, 179, 356, 358, 359, 357, 94, 178, 349, 350, 354, 355, 364, 365, 366, 367, 376, 377, 378, 379, 351, 95, 339, 345, 348, 394, 395, 401, 396, 397, 400, 341, 344, 342, 166, 338, 416, 417, 340, 283, 282, 424, 425, 426, 427, 315, 314, 328, 266, 267, 184, 438, 439, 185, 329, 321, 320, 414, 255, 278, 265, 139, 302, 144, 449, 290, 296, 418, 409, 279, 462, 463, 297, 270, 250, 254, 271, 415, 432, 109, 145, 291, 433, 431, 460, 454, 467, 466, 390, 461, 372, 469, 468, 442, 443, 380, 402, 407, 444, 190, 403, 471, 470, 473, 472, 371, 419, 387, 458, 191, 264, 448, 455, 430, 459, 381, 477, 476, 479, 478, 481, 482, 483, 487, 488, 489, 484, 485, 486, 480, 491, 490, 493, 497, 498, 499, 494, 495, 496, 492]
  列生成求解结果: 目标值=8.0000， 下界=8.0000， 上界=9.0000
    非整数变量: COL_11-20-4-7-9_2274 = 0.600000
  解不是整数，开始分支...
ImposedVertex(vertex=9)
ForbidVertex(vertex=9)
  创建了 2 个分支
    添加分支节点 1: ID=500
    添加分支节点 2: ID=501
  进度: 已处理 350 个节点, 剩余 23 个, 当前最优 9.0000, 当前列数: 2398

处理节点 391
  开始列生成求解...
Set parameter LogToConsole to value 0
Set parameter Threads to value 1
Set parameter Seed to value 0
  定价策略: Exact, node=391, vertices=13
Set parameter PoolSearchMode to value 2
Set parameter PoolSolutions to value 10
[CG 1] RMP=8.000000, pricing=ExactPricingSolver, new_columns=0
  搜索路径: [1, 2, 3, 6, 7, 8, 11, 9, 14, 10, 15, 19, 23, 24, 25, 27, 26, 34, 35, 31, 33, 22, 40, 41, 43, 42, 30, 16, 54, 32, 57, 55, 59, 61, 17, 56, 68, 69, 58, 74, 75, 60, 18, 21, 80, 81, 20, 62, 63, 49, 48, 88, 89, 92, 93, 96, 97, 100, 101, 90, 91, 102, 103, 65, 64, 38, 39, 50, 51, 118, 124, 125, 119, 128, 129, 130, 131, 132, 133, 77, 66, 123, 76, 143, 140, 141, 142, 152, 153, 67, 116, 156, 157, 160, 161, 162, 122, 117, 170, 171, 172, 173, 176, 177, 180, 181, 112, 113, 174, 175, 186, 187, 188, 189, 163, 84, 85, 200, 204, 205, 201, 203, 202, 208, 209, 210, 211, 218, 219, 213, 212, 215, 223, 224, 230, 231, 225, 228, 229, 214, 236, 237, 220, 221, 222, 240, 241, 244, 245, 242, 243, 135, 134, 146, 159, 151, 158, 147, 150, 258, 259, 239, 238, 216, 217, 121, 120, 274, 275, 280, 281, 284, 285, 286, 287, 154, 155, 106, 148, 295, 126, 292, 293, 294, 115, 149, 127, 246, 312, 313, 316, 317, 318, 319, 324, 325, 326, 327, 247, 233, 232, 235, 234, 167, 107, 114, 206, 343, 194, 195, 207, 179, 356, 358, 359, 357, 94, 178, 349, 350, 354, 355, 364, 365, 366, 367, 376, 377, 378, 379, 351, 95, 339, 345, 348, 394, 395, 401, 396, 397, 400, 341, 344, 342, 166, 338, 416, 417, 340, 283, 282, 424, 425, 426, 427, 315, 314, 328, 266, 267, 184, 438, 439, 185, 329, 321, 320, 414, 255, 278, 265, 139, 302, 144, 449, 290, 296, 418, 409, 279, 462, 463, 297, 270, 250, 254, 271, 415, 432, 109, 145, 291, 433, 431, 460, 454, 467, 466, 390, 461, 372, 469, 468, 442, 443, 380, 402, 407, 444, 190, 403, 471, 470, 473, 472, 371, 419, 387, 458, 191, 264, 448, 455, 430, 459, 381, 477, 476, 479, 478, 481, 482, 483, 487, 488, 489, 484, 485, 486, 480, 491, 490, 493, 497, 498, 499, 494, 495, 496, 492, 391]
  列生成求解结果: 目标值=8.0000， 下界=8.0000， 上界=9.0000
    非整数变量: COL_1-18-23-7-9_41 = 0.333333
  解不是整数，开始分支...
ImposedVertex(vertex=28)
ForbidVertex(vertex=28)
  创建了 2 个分支
    添加分支节点 1: ID=502
    添加分支节点 2: ID=503

处理节点 408
  开始列生成求解...
Set parameter LogToConsole to value 0
Set parameter Threads to value 1
Set parameter Seed to value 0
  定价策略: Exact, node=408, vertices=14
Set parameter PoolSearchMode to value 2
Set parameter PoolSolutions to value 10
[CG 1] RMP=8.000000, pricing=ExactPricingSolver, new_columns=0
  搜索路径: [1, 2, 3, 6, 7, 8, 11, 9, 14, 10, 15, 19, 23, 24, 25, 27, 26, 34, 35, 31, 33, 22, 40, 41, 43, 42, 30, 16, 54, 32, 57, 55, 59, 61, 17, 56, 68, 69, 58, 74, 75, 60, 18, 21, 80, 81, 20, 62, 63, 49, 48, 88, 89, 92, 93, 96, 97, 100, 101, 90, 91, 102, 103, 65, 64, 38, 39, 50, 51, 118, 124, 125, 119, 128, 129, 130, 131, 132, 133, 77, 66, 123, 76, 143, 140, 141, 142, 152, 153, 67, 116, 156, 157, 160, 161, 162, 122, 117, 170, 171, 172, 173, 176, 177, 180, 181, 112, 113, 174, 175, 186, 187, 188, 189, 163, 84, 85, 200, 204, 205, 201, 203, 202, 208, 209, 210, 211, 218, 219, 213, 212, 215, 223, 224, 230, 231, 225, 228, 229, 214, 236, 237, 220, 221, 222, 240, 241, 244, 245, 242, 243, 135, 134, 146, 159, 151, 158, 147, 150, 258, 259, 239, 238, 216, 217, 121, 120, 274, 275, 280, 281, 284, 285, 286, 287, 154, 155, 106, 148, 295, 126, 292, 293, 294, 115, 149, 127, 246, 312, 313, 316, 317, 318, 319, 324, 325, 326, 327, 247, 233, 232, 235, 234, 167, 107, 114, 206, 343, 194, 195, 207, 179, 356, 358, 359, 357, 94, 178, 349, 350, 354, 355, 364, 365, 366, 367, 376, 377, 378, 379, 351, 95, 339, 345, 348, 394, 395, 401, 396, 397, 400, 341, 344, 342, 166, 338, 416, 417, 340, 283, 282, 424, 425, 426, 427, 315, 314, 328, 266, 267, 184, 438, 439, 185, 329, 321, 320, 414, 255, 278, 265, 139, 302, 144, 449, 290, 296, 418, 409, 279, 462, 463, 297, 270, 250, 254, 271, 415, 432, 109, 145, 291, 433, 431, 460, 454, 467, 466, 390, 461, 372, 469, 468, 442, 443, 380, 402, 407, 444, 190, 403, 471, 470, 473, 472, 371, 419, 387, 458, 191, 264, 448, 455, 430, 459, 381, 477, 476, 479, 478, 481, 482, 483, 487, 488, 489, 484, 485, 486, 480, 491, 490, 493, 497, 498, 499, 494, 495, 496, 492, 391, 408]
  列生成求解结果: 目标值=8.0000， 下界=8.0000， 上界=9.0000
    非整数变量: COL_18-2-20-28-4-7-9_1054 = 0.333333
  解不是整数，开始分支...
ImposedVertex(vertex=28)
ForbidVertex(vertex=28)
  创建了 2 个分支
    添加分支节点 1: ID=504
    添加分支节点 2: ID=505

处理节点 501
  开始列生成求解...
Set parameter LogToConsole to value 0
Set parameter Threads to value 1
Set parameter Seed to value 0
  定价策略: Exact, node=501, vertices=11
Set parameter PoolSearchMode to value 2
Set parameter PoolSolutions to value 10
[CG 1] RMP=341.333333, pricing=ExactPricingSolver, new_columns=10
[CG 2] RMP=11.000000, pricing=ExactPricingSolver, new_columns=0
  搜索路径: [1, 2, 3, 6, 7, 8, 11, 9, 14, 10, 15, 19, 23, 24, 25, 27, 26, 34, 35, 31, 33, 22, 40, 41, 43, 42, 30, 16, 54, 32, 57, 55, 59, 61, 17, 56, 68, 69, 58, 74, 75, 60, 18, 21, 80, 81, 20, 62, 63, 49, 48, 88, 89, 92, 93, 96, 97, 100, 101, 90, 91, 102, 103, 65, 64, 38, 39, 50, 51, 118, 124, 125, 119, 128, 129, 130, 131, 132, 133, 77, 66, 123, 76, 143, 140, 141, 142, 152, 153, 67, 116, 156, 157, 160, 161, 162, 122, 117, 170, 171, 172, 173, 176, 177, 180, 181, 112, 113, 174, 175, 186, 187, 188, 189, 163, 84, 85, 200, 204, 205, 201, 203, 202, 208, 209, 210, 211, 218, 219, 213, 212, 215, 223, 224, 230, 231, 225, 228, 229, 214, 236, 237, 220, 221, 222, 240, 241, 244, 245, 242, 243, 135, 134, 146, 159, 151, 158, 147, 150, 258, 259, 239, 238, 216, 217, 121, 120, 274, 275, 280, 281, 284, 285, 286, 287, 154, 155, 106, 148, 295, 126, 292, 293, 294, 115, 149, 127, 246, 312, 313, 316, 317, 318, 319, 324, 325, 326, 327, 247, 233, 232, 235, 234, 167, 107, 114, 206, 343, 194, 195, 207, 179, 356, 358, 359, 357, 94, 178, 349, 350, 354, 355, 364, 365, 366, 367, 376, 377, 378, 379, 351, 95, 339, 345, 348, 394, 395, 401, 396, 397, 400, 341, 344, 342, 166, 338, 416, 417, 340, 283, 282, 424, 425, 426, 427, 315, 314, 328, 266, 267, 184, 438, 439, 185, 329, 321, 320, 414, 255, 278, 265, 139, 302, 144, 449, 290, 296, 418, 409, 279, 462, 463, 297, 270, 250, 254, 271, 415, 432, 109, 145, 291, 433, 431, 460, 454, 467, 466, 390, 461, 372, 469, 468, 442, 443, 380, 402, 407, 444, 190, 403, 471, 470, 473, 472, 371, 419, 387, 458, 191, 264, 448, 455, 430, 459, 381, 477, 476, 479, 478, 481, 482, 483, 487, 488, 489, 484, 485, 486, 480, 491, 490, 493, 497, 498, 499, 494, 495, 496, 492, 391, 408, 501]
  列生成求解结果: 目标值=11.0000， 下界=8.0000， 上界=9.0000

处理节点 503
  开始列生成求解...
Set parameter LogToConsole to value 0
Set parameter Threads to value 1
Set parameter Seed to value 0
  定价策略: Exact, node=503, vertices=12
Set parameter PoolSearchMode to value 2
Set parameter PoolSolutions to value 10
[CG 1] RMP=9.000000, pricing=ExactPricingSolver, new_columns=0
  搜索路径: [1, 2, 3, 6, 7, 8, 11, 9, 14, 10, 15, 19, 23, 24, 25, 27, 26, 34, 35, 31, 33, 22, 40, 41, 43, 42, 30, 16, 54, 32, 57, 55, 59, 61, 17, 56, 68, 69, 58, 74, 75, 60, 18, 21, 80, 81, 20, 62, 63, 49, 48, 88, 89, 92, 93, 96, 97, 100, 101, 90, 91, 102, 103, 65, 64, 38, 39, 50, 51, 118, 124, 125, 119, 128, 129, 130, 131, 132, 133, 77, 66, 123, 76, 143, 140, 141, 142, 152, 153, 67, 116, 156, 157, 160, 161, 162, 122, 117, 170, 171, 172, 173, 176, 177, 180, 181, 112, 113, 174, 175, 186, 187, 188, 189, 163, 84, 85, 200, 204, 205, 201, 203, 202, 208, 209, 210, 211, 218, 219, 213, 212, 215, 223, 224, 230, 231, 225, 228, 229, 214, 236, 237, 220, 221, 222, 240, 241, 244, 245, 242, 243, 135, 134, 146, 159, 151, 158, 147, 150, 258, 259, 239, 238, 216, 217, 121, 120, 274, 275, 280, 281, 284, 285, 286, 287, 154, 155, 106, 148, 295, 126, 292, 293, 294, 115, 149, 127, 246, 312, 313, 316, 317, 318, 319, 324, 325, 326, 327, 247, 233, 232, 235, 234, 167, 107, 114, 206, 343, 194, 195, 207, 179, 356, 358, 359, 357, 94, 178, 349, 350, 354, 355, 364, 365, 366, 367, 376, 377, 378, 379, 351, 95, 339, 345, 348, 394, 395, 401, 396, 397, 400, 341, 344, 342, 166, 338, 416, 417, 340, 283, 282, 424, 425, 426, 427, 315, 314, 328, 266, 267, 184, 438, 439, 185, 329, 321, 320, 414, 255, 278, 265, 139, 302, 144, 449, 290, 296, 418, 409, 279, 462, 463, 297, 270, 250, 254, 271, 415, 432, 109, 145, 291, 433, 431, 460, 454, 467, 466, 390, 461, 372, 469, 468, 442, 443, 380, 402, 407, 444, 190, 403, 471, 470, 473, 472, 371, 419, 387, 458, 191, 264, 448, 455, 430, 459, 381, 477, 476, 479, 478, 481, 482, 483, 487, 488, 489, 484, 485, 486, 480, 491, 490, 493, 497, 498, 499, 494, 495, 496, 492, 391, 408, 501, 503]
  列生成求解结果: 目标值=9.0000， 下界=8.0000， 上界=9.0000

处理节点 504
  开始列生成求解...
Set parameter LogToConsole to value 0
Set parameter Threads to value 1
Set parameter Seed to value 0
  定价策略: Exact, node=504, vertices=13
Set parameter PoolSearchMode to value 2
Set parameter PoolSolutions to value 10
[CG 1] RMP=12.000000, pricing=ExactPricingSolver, new_columns=0
  搜索路径: [1, 2, 3, 6, 7, 8, 11, 9, 14, 10, 15, 19, 23, 24, 25, 27, 26, 34, 35, 31, 33, 22, 40, 41, 43, 42, 30, 16, 54, 32, 57, 55, 59, 61, 17, 56, 68, 69, 58, 74, 75, 60, 18, 21, 80, 81, 20, 62, 63, 49, 48, 88, 89, 92, 93, 96, 97, 100, 101, 90, 91, 102, 103, 65, 64, 38, 39, 50, 51, 118, 124, 125, 119, 128, 129, 130, 131, 132, 133, 77, 66, 123, 76, 143, 140, 141, 142, 152, 153, 67, 116, 156, 157, 160, 161, 162, 122, 117, 170, 171, 172, 173, 176, 177, 180, 181, 112, 113, 174, 175, 186, 187, 188, 189, 163, 84, 85, 200, 204, 205, 201, 203, 202, 208, 209, 210, 211, 218, 219, 213, 212, 215, 223, 224, 230, 231, 225, 228, 229, 214, 236, 237, 220, 221, 222, 240, 241, 244, 245, 242, 243, 135, 134, 146, 159, 151, 158, 147, 150, 258, 259, 239, 238, 216, 217, 121, 120, 274, 275, 280, 281, 284, 285, 286, 287, 154, 155, 106, 148, 295, 126, 292, 293, 294, 115, 149, 127, 246, 312, 313, 316, 317, 318, 319, 324, 325, 326, 327, 247, 233, 232, 235, 234, 167, 107, 114, 206, 343, 194, 195, 207, 179, 356, 358, 359, 357, 94, 178, 349, 350, 354, 355, 364, 365, 366, 367, 376, 377, 378, 379, 351, 95, 339, 345, 348, 394, 395, 401, 396, 397, 400, 341, 344, 342, 166, 338, 416, 417, 340, 283, 282, 424, 425, 426, 427, 315, 314, 328, 266, 267, 184, 438, 439, 185, 329, 321, 320, 414, 255, 278, 265, 139, 302, 144, 449, 290, 296, 418, 409, 279, 462, 463, 297, 270, 250, 254, 271, 415, 432, 109, 145, 291, 433, 431, 460, 454, 467, 466, 390, 461, 372, 469, 468, 442, 443, 380, 402, 407, 444, 190, 403, 471, 470, 473, 472, 371, 419, 387, 458, 191, 264, 448, 455, 430, 459, 381, 477, 476, 479, 478, 481, 482, 483, 487, 488, 489, 484, 485, 486, 480, 491, 490, 493, 497, 498, 499, 494, 495, 496, 492, 391, 408, 501, 503, 504]
  列生成求解结果: 目标值=12.0000， 下界=8.0000， 上界=9.0000

处理节点 505
  开始列生成求解...
Set parameter LogToConsole to value 0
Set parameter Threads to value 1
Set parameter Seed to value 0
  定价策略: Exact, node=505, vertices=13
Set parameter PoolSearchMode to value 2
Set parameter PoolSolutions to value 10
[CG 1] RMP=11.000000, pricing=ExactPricingSolver, new_columns=0
  搜索路径: [1, 2, 3, 6, 7, 8, 11, 9, 14, 10, 15, 19, 23, 24, 25, 27, 26, 34, 35, 31, 33, 22, 40, 41, 43, 42, 30, 16, 54, 32, 57, 55, 59, 61, 17, 56, 68, 69, 58, 74, 75, 60, 18, 21, 80, 81, 20, 62, 63, 49, 48, 88, 89, 92, 93, 96, 97, 100, 101, 90, 91, 102, 103, 65, 64, 38, 39, 50, 51, 118, 124, 125, 119, 128, 129, 130, 131, 132, 133, 77, 66, 123, 76, 143, 140, 141, 142, 152, 153, 67, 116, 156, 157, 160, 161, 162, 122, 117, 170, 171, 172, 173, 176, 177, 180, 181, 112, 113, 174, 175, 186, 187, 188, 189, 163, 84, 85, 200, 204, 205, 201, 203, 202, 208, 209, 210, 211, 218, 219, 213, 212, 215, 223, 224, 230, 231, 225, 228, 229, 214, 236, 237, 220, 221, 222, 240, 241, 244, 245, 242, 243, 135, 134, 146, 159, 151, 158, 147, 150, 258, 259, 239, 238, 216, 217, 121, 120, 274, 275, 280, 281, 284, 285, 286, 287, 154, 155, 106, 148, 295, 126, 292, 293, 294, 115, 149, 127, 246, 312, 313, 316, 317, 318, 319, 324, 325, 326, 327, 247, 233, 232, 235, 234, 167, 107, 114, 206, 343, 194, 195, 207, 179, 356, 358, 359, 357, 94, 178, 349, 350, 354, 355, 364, 365, 366, 367, 376, 377, 378, 379, 351, 95, 339, 345, 348, 394, 395, 401, 396, 397, 400, 341, 344, 342, 166, 338, 416, 417, 340, 283, 282, 424, 425, 426, 427, 315, 314, 328, 266, 267, 184, 438, 439, 185, 329, 321, 320, 414, 255, 278, 265, 139, 302, 144, 449, 290, 296, 418, 409, 279, 462, 463, 297, 270, 250, 254, 271, 415, 432, 109, 145, 291, 433, 431, 460, 454, 467, 466, 390, 461, 372, 469, 468, 442, 443, 380, 402, 407, 444, 190, 403, 471, 470, 473, 472, 371, 419, 387, 458, 191, 264, 448, 455, 430, 459, 381, 477, 476, 479, 478, 481, 482, 483, 487, 488, 489, 484, 485, 486, 480, 491, 490, 493, 497, 498, 499, 494, 495, 496, 492, 391, 408, 501, 503, 504, 505]
  列生成求解结果: 目标值=11.0000， 下界=8.0000， 上界=9.0000

处理节点 502
  开始列生成求解...
Set parameter LogToConsole to value 0
Set parameter Threads to value 1
Set parameter Seed to value 0
  定价策略: Exact, node=502, vertices=12
Set parameter PoolSearchMode to value 2
Set parameter PoolSolutions to value 10
[CG 1] RMP=12.000000, pricing=ExactPricingSolver, new_columns=0
  搜索路径: [1, 2, 3, 6, 7, 8, 11, 9, 14, 10, 15, 19, 23, 24, 25, 27, 26, 34, 35, 31, 33, 22, 40, 41, 43, 42, 30, 16, 54, 32, 57, 55, 59, 61, 17, 56, 68, 69, 58, 74, 75, 60, 18, 21, 80, 81, 20, 62, 63, 49, 48, 88, 89, 92, 93, 96, 97, 100, 101, 90, 91, 102, 103, 65, 64, 38, 39, 50, 51, 118, 124, 125, 119, 128, 129, 130, 131, 132, 133, 77, 66, 123, 76, 143, 140, 141, 142, 152, 153, 67, 116, 156, 157, 160, 161, 162, 122, 117, 170, 171, 172, 173, 176, 177, 180, 181, 112, 113, 174, 175, 186, 187, 188, 189, 163, 84, 85, 200, 204, 205, 201, 203, 202, 208, 209, 210, 211, 218, 219, 213, 212, 215, 223, 224, 230, 231, 225, 228, 229, 214, 236, 237, 220, 221, 222, 240, 241, 244, 245, 242, 243, 135, 134, 146, 159, 151, 158, 147, 150, 258, 259, 239, 238, 216, 217, 121, 120, 274, 275, 280, 281, 284, 285, 286, 287, 154, 155, 106, 148, 295, 126, 292, 293, 294, 115, 149, 127, 246, 312, 313, 316, 317, 318, 319, 324, 325, 326, 327, 247, 233, 232, 235, 234, 167, 107, 114, 206, 343, 194, 195, 207, 179, 356, 358, 359, 357, 94, 178, 349, 350, 354, 355, 364, 365, 366, 367, 376, 377, 378, 379, 351, 95, 339, 345, 348, 394, 395, 401, 396, 397, 400, 341, 344, 342, 166, 338, 416, 417, 340, 283, 282, 424, 425, 426, 427, 315, 314, 328, 266, 267, 184, 438, 439, 185, 329, 321, 320, 414, 255, 278, 265, 139, 302, 144, 449, 290, 296, 418, 409, 279, 462, 463, 297, 270, 250, 254, 271, 415, 432, 109, 145, 291, 433, 431, 460, 454, 467, 466, 390, 461, 372, 469, 468, 442, 443, 380, 402, 407, 444, 190, 403, 471, 470, 473, 472, 371, 419, 387, 458, 191, 264, 448, 455, 430, 459, 381, 477, 476, 479, 478, 481, 482, 483, 487, 488, 489, 484, 485, 486, 480, 491, 490, 493, 497, 498, 499, 494, 495, 496, 492, 391, 408, 501, 503, 504, 505, 502]
  列生成求解结果: 目标值=12.0000， 下界=8.0000， 上界=9.0000

处理节点 500
  开始列生成求解...
Set parameter LogToConsole to value 0
Set parameter Threads to value 1
Set parameter Seed to value 0
  定价策略: Exact, node=500, vertices=11
Set parameter PoolSearchMode to value 2
Set parameter PoolSolutions to value 10
[CG 1] RMP=10.000000, pricing=ExactPricingSolver, new_columns=10
[CG 2] RMP=8.000000, pricing=ExactPricingSolver, new_columns=0
  搜索路径: [1, 2, 3, 6, 7, 8, 11, 9, 14, 10, 15, 19, 23, 24, 25, 27, 26, 34, 35, 31, 33, 22, 40, 41, 43, 42, 30, 16, 54, 32, 57, 55, 59, 61, 17, 56, 68, 69, 58, 74, 75, 60, 18, 21, 80, 81, 20, 62, 63, 49, 48, 88, 89, 92, 93, 96, 97, 100, 101, 90, 91, 102, 103, 65, 64, 38, 39, 50, 51, 118, 124, 125, 119, 128, 129, 130, 131, 132, 133, 77, 66, 123, 76, 143, 140, 141, 142, 152, 153, 67, 116, 156, 157, 160, 161, 162, 122, 117, 170, 171, 172, 173, 176, 177, 180, 181, 112, 113, 174, 175, 186, 187, 188, 189, 163, 84, 85, 200, 204, 205, 201, 203, 202, 208, 209, 210, 211, 218, 219, 213, 212, 215, 223, 224, 230, 231, 225, 228, 229, 214, 236, 237, 220, 221, 222, 240, 241, 244, 245, 242, 243, 135, 134, 146, 159, 151, 158, 147, 150, 258, 259, 239, 238, 216, 217, 121, 120, 274, 275, 280, 281, 284, 285, 286, 287, 154, 155, 106, 148, 295, 126, 292, 293, 294, 115, 149, 127, 246, 312, 313, 316, 317, 318, 319, 324, 325, 326, 327, 247, 233, 232, 235, 234, 167, 107, 114, 206, 343, 194, 195, 207, 179, 356, 358, 359, 357, 94, 178, 349, 350, 354, 355, 364, 365, 366, 367, 376, 377, 378, 379, 351, 95, 339, 345, 348, 394, 395, 401, 396, 397, 400, 341, 344, 342, 166, 338, 416, 417, 340, 283, 282, 424, 425, 426, 427, 315, 314, 328, 266, 267, 184, 438, 439, 185, 329, 321, 320, 414, 255, 278, 265, 139, 302, 144, 449, 290, 296, 418, 409, 279, 462, 463, 297, 270, 250, 254, 271, 415, 432, 109, 145, 291, 433, 431, 460, 454, 467, 466, 390, 461, 372, 469, 468, 442, 443, 380, 402, 407, 444, 190, 403, 471, 470, 473, 472, 371, 419, 387, 458, 191, 264, 448, 455, 430, 459, 381, 477, 476, 479, 478, 481, 482, 483, 487, 488, 489, 484, 485, 486, 480, 491, 490, 493, 497, 498, 499, 494, 495, 496, 492, 391, 408, 501, 503, 504, 505, 502, 500]
  列生成求解结果: 目标值=8.0000， 下界=8.0000， 上界=9.0000
    非整数变量: COL_11-20-4-7-9_2274 = 0.333333
  解不是整数，开始分支...
ImposedVertex(vertex=26)
ForbidVertex(vertex=26)
  创建了 2 个分支
    添加分支节点 1: ID=506
    添加分支节点 2: ID=507

处理节点 370
  开始列生成求解...
Set parameter LogToConsole to value 0
Set parameter Threads to value 1
Set parameter Seed to value 0
  定价策略: Exact, node=370, vertices=13
Set parameter PoolSearchMode to value 2
Set parameter PoolSolutions to value 10
[CG 1] RMP=12.000000, pricing=ExactPricingSolver, new_columns=0
  搜索路径: [1, 2, 3, 6, 7, 8, 11, 9, 14, 10, 15, 19, 23, 24, 25, 27, 26, 34, 35, 31, 33, 22, 40, 41, 43, 42, 30, 16, 54, 32, 57, 55, 59, 61, 17, 56, 68, 69, 58, 74, 75, 60, 18, 21, 80, 81, 20, 62, 63, 49, 48, 88, 89, 92, 93, 96, 97, 100, 101, 90, 91, 102, 103, 65, 64, 38, 39, 50, 51, 118, 124, 125, 119, 128, 129, 130, 131, 132, 133, 77, 66, 123, 76, 143, 140, 141, 142, 152, 153, 67, 116, 156, 157, 160, 161, 162, 122, 117, 170, 171, 172, 173, 176, 177, 180, 181, 112, 113, 174, 175, 186, 187, 188, 189, 163, 84, 85, 200, 204, 205, 201, 203, 202, 208, 209, 210, 211, 218, 219, 213, 212, 215, 223, 224, 230, 231, 225, 228, 229, 214, 236, 237, 220, 221, 222, 240, 241, 244, 245, 242, 243, 135, 134, 146, 159, 151, 158, 147, 150, 258, 259, 239, 238, 216, 217, 121, 120, 274, 275, 280, 281, 284, 285, 286, 287, 154, 155, 106, 148, 295, 126, 292, 293, 294, 115, 149, 127, 246, 312, 313, 316, 317, 318, 319, 324, 325, 326, 327, 247, 233, 232, 235, 234, 167, 107, 114, 206, 343, 194, 195, 207, 179, 356, 358, 359, 357, 94, 178, 349, 350, 354, 355, 364, 365, 366, 367, 376, 377, 378, 379, 351, 95, 339, 345, 348, 394, 395, 401, 396, 397, 400, 341, 344, 342, 166, 338, 416, 417, 340, 283, 282, 424, 425, 426, 427, 315, 314, 328, 266, 267, 184, 438, 439, 185, 329, 321, 320, 414, 255, 278, 265, 139, 302, 144, 449, 290, 296, 418, 409, 279, 462, 463, 297, 270, 250, 254, 271, 415, 432, 109, 145, 291, 433, 431, 460, 454, 467, 466, 390, 461, 372, 469, 468, 442, 443, 380, 402, 407, 444, 190, 403, 471, 470, 473, 472, 371, 419, 387, 458, 191, 264, 448, 455, 430, 459, 381, 477, 476, 479, 478, 481, 482, 483, 487, 488, 489, 484, 485, 486, 480, 491, 490, 493, 497, 498, 499, 494, 495, 496, 492, 391, 408, 501, 503, 504, 505, 502, 500, 370]
  列生成求解结果: 目标值=12.0000， 下界=8.0000， 上界=9.0000

处理节点 406
  开始列生成求解...
Set parameter LogToConsole to value 0
Set parameter Threads to value 1
Set parameter Seed to value 0
  定价策略: Exact, node=406, vertices=12
Set parameter PoolSearchMode to value 2
Set parameter PoolSolutions to value 10
[CG 1] RMP=11.478261, pricing=ExactPricingSolver, new_columns=10
[CG 2] RMP=8.000000, pricing=ExactPricingSolver, new_columns=0
  搜索路径: [1, 2, 3, 6, 7, 8, 11, 9, 14, 10, 15, 19, 23, 24, 25, 27, 26, 34, 35, 31, 33, 22, 40, 41, 43, 42, 30, 16, 54, 32, 57, 55, 59, 61, 17, 56, 68, 69, 58, 74, 75, 60, 18, 21, 80, 81, 20, 62, 63, 49, 48, 88, 89, 92, 93, 96, 97, 100, 101, 90, 91, 102, 103, 65, 64, 38, 39, 50, 51, 118, 124, 125, 119, 128, 129, 130, 131, 132, 133, 77, 66, 123, 76, 143, 140, 141, 142, 152, 153, 67, 116, 156, 157, 160, 161, 162, 122, 117, 170, 171, 172, 173, 176, 177, 180, 181, 112, 113, 174, 175, 186, 187, 188, 189, 163, 84, 85, 200, 204, 205, 201, 203, 202, 208, 209, 210, 211, 218, 219, 213, 212, 215, 223, 224, 230, 231, 225, 228, 229, 214, 236, 237, 220, 221, 222, 240, 241, 244, 245, 242, 243, 135, 134, 146, 159, 151, 158, 147, 150, 258, 259, 239, 238, 216, 217, 121, 120, 274, 275, 280, 281, 284, 285, 286, 287, 154, 155, 106, 148, 295, 126, 292, 293, 294, 115, 149, 127, 246, 312, 313, 316, 317, 318, 319, 324, 325, 326, 327, 247, 233, 232, 235, 234, 167, 107, 114, 206, 343, 194, 195, 207, 179, 356, 358, 359, 357, 94, 178, 349, 350, 354, 355, 364, 365, 366, 367, 376, 377, 378, 379, 351, 95, 339, 345, 348, 394, 395, 401, 396, 397, 400, 341, 344, 342, 166, 338, 416, 417, 340, 283, 282, 424, 425, 426, 427, 315, 314, 328, 266, 267, 184, 438, 439, 185, 329, 321, 320, 414, 255, 278, 265, 139, 302, 144, 449, 290, 296, 418, 409, 279, 462, 463, 297, 270, 250, 254, 271, 415, 432, 109, 145, 291, 433, 431, 460, 454, 467, 466, 390, 461, 372, 469, 468, 442, 443, 380, 402, 407, 444, 190, 403, 471, 470, 473, 472, 371, 419, 387, 458, 191, 264, 448, 455, 430, 459, 381, 477, 476, 479, 478, 481, 482, 483, 487, 488, 489, 484, 485, 486, 480, 491, 490, 493, 497, 498, 499, 494, 495, 496, 492, 391, 408, 501, 503, 504, 505, 502, 500, 370, 406]
  列生成求解结果: 目标值=8.0000， 下界=8.0000， 上界=9.0000
    非整数变量: COL_1-18-23-7-9_41 = 0.333333
  解不是整数，开始分支...
ImposedVertex(vertex=27)
ForbidVertex(vertex=27)
  创建了 2 个分支
    添加分支节点 1: ID=508
    添加分支节点 2: ID=509
  进度: 已处理 360 个节点, 剩余 21 个, 当前最优 9.0000, 当前列数: 2428

处理节点 507
  开始列生成求解...
Set parameter LogToConsole to value 0
Set parameter Threads to value 1
Set parameter Seed to value 0
  定价策略: Exact, node=507, vertices=10
Set parameter PoolSearchMode to value 2
Set parameter PoolSolutions to value 10
[CG 1] RMP=12.000000, pricing=ExactPricingSolver, new_columns=0
  搜索路径: [1, 2, 3, 6, 7, 8, 11, 9, 14, 10, 15, 19, 23, 24, 25, 27, 26, 34, 35, 31, 33, 22, 40, 41, 43, 42, 30, 16, 54, 32, 57, 55, 59, 61, 17, 56, 68, 69, 58, 74, 75, 60, 18, 21, 80, 81, 20, 62, 63, 49, 48, 88, 89, 92, 93, 96, 97, 100, 101, 90, 91, 102, 103, 65, 64, 38, 39, 50, 51, 118, 124, 125, 119, 128, 129, 130, 131, 132, 133, 77, 66, 123, 76, 143, 140, 141, 142, 152, 153, 67, 116, 156, 157, 160, 161, 162, 122, 117, 170, 171, 172, 173, 176, 177, 180, 181, 112, 113, 174, 175, 186, 187, 188, 189, 163, 84, 85, 200, 204, 205, 201, 203, 202, 208, 209, 210, 211, 218, 219, 213, 212, 215, 223, 224, 230, 231, 225, 228, 229, 214, 236, 237, 220, 221, 222, 240, 241, 244, 245, 242, 243, 135, 134, 146, 159, 151, 158, 147, 150, 258, 259, 239, 238, 216, 217, 121, 120, 274, 275, 280, 281, 284, 285, 286, 287, 154, 155, 106, 148, 295, 126, 292, 293, 294, 115, 149, 127, 246, 312, 313, 316, 317, 318, 319, 324, 325, 326, 327, 247, 233, 232, 235, 234, 167, 107, 114, 206, 343, 194, 195, 207, 179, 356, 358, 359, 357, 94, 178, 349, 350, 354, 355, 364, 365, 366, 367, 376, 377, 378, 379, 351, 95, 339, 345, 348, 394, 395, 401, 396, 397, 400, 341, 344, 342, 166, 338, 416, 417, 340, 283, 282, 424, 425, 426, 427, 315, 314, 328, 266, 267, 184, 438, 439, 185, 329, 321, 320, 414, 255, 278, 265, 139, 302, 144, 449, 290, 296, 418, 409, 279, 462, 463, 297, 270, 250, 254, 271, 415, 432, 109, 145, 291, 433, 431, 460, 454, 467, 466, 390, 461, 372, 469, 468, 442, 443, 380, 402, 407, 444, 190, 403, 471, 470, 473, 472, 371, 419, 387, 458, 191, 264, 448, 455, 430, 459, 381, 477, 476, 479, 478, 481, 482, 483, 487, 488, 489, 484, 485, 486, 480, 491, 490, 493, 497, 498, 499, 494, 495, 496, 492, 391, 408, 501, 503, 504, 505, 502, 500, 370, 406, 507]
  列生成求解结果: 目标值=12.0000， 下界=8.0000， 上界=9.0000

处理节点 506
  开始列生成求解...
Set parameter LogToConsole to value 0
Set parameter Threads to value 1
Set parameter Seed to value 0
  定价策略: Exact, node=506, vertices=10
Set parameter PoolSearchMode to value 2
Set parameter PoolSolutions to value 10
[CG 1] RMP=10.000000, pricing=ExactPricingSolver, new_columns=0
  搜索路径: [1, 2, 3, 6, 7, 8, 11, 9, 14, 10, 15, 19, 23, 24, 25, 27, 26, 34, 35, 31, 33, 22, 40, 41, 43, 42, 30, 16, 54, 32, 57, 55, 59, 61, 17, 56, 68, 69, 58, 74, 75, 60, 18, 21, 80, 81, 20, 62, 63, 49, 48, 88, 89, 92, 93, 96, 97, 100, 101, 90, 91, 102, 103, 65, 64, 38, 39, 50, 51, 118, 124, 125, 119, 128, 129, 130, 131, 132, 133, 77, 66, 123, 76, 143, 140, 141, 142, 152, 153, 67, 116, 156, 157, 160, 161, 162, 122, 117, 170, 171, 172, 173, 176, 177, 180, 181, 112, 113, 174, 175, 186, 187, 188, 189, 163, 84, 85, 200, 204, 205, 201, 203, 202, 208, 209, 210, 211, 218, 219, 213, 212, 215, 223, 224, 230, 231, 225, 228, 229, 214, 236, 237, 220, 221, 222, 240, 241, 244, 245, 242, 243, 135, 134, 146, 159, 151, 158, 147, 150, 258, 259, 239, 238, 216, 217, 121, 120, 274, 275, 280, 281, 284, 285, 286, 287, 154, 155, 106, 148, 295, 126, 292, 293, 294, 115, 149, 127, 246, 312, 313, 316, 317, 318, 319, 324, 325, 326, 327, 247, 233, 232, 235, 234, 167, 107, 114, 206, 343, 194, 195, 207, 179, 356, 358, 359, 357, 94, 178, 349, 350, 354, 355, 364, 365, 366, 367, 376, 377, 378, 379, 351, 95, 339, 345, 348, 394, 395, 401, 396, 397, 400, 341, 344, 342, 166, 338, 416, 417, 340, 283, 282, 424, 425, 426, 427, 315, 314, 328, 266, 267, 184, 438, 439, 185, 329, 321, 320, 414, 255, 278, 265, 139, 302, 144, 449, 290, 296, 418, 409, 279, 462, 463, 297, 270, 250, 254, 271, 415, 432, 109, 145, 291, 433, 431, 460, 454, 467, 466, 390, 461, 372, 469, 468, 442, 443, 380, 402, 407, 444, 190, 403, 471, 470, 473, 472, 371, 419, 387, 458, 191, 264, 448, 455, 430, 459, 381, 477, 476, 479, 478, 481, 482, 483, 487, 488, 489, 484, 485, 486, 480, 491, 490, 493, 497, 498, 499, 494, 495, 496, 492, 391, 408, 501, 503, 504, 505, 502, 500, 370, 406, 507, 506]
  列生成求解结果: 目标值=10.0000， 下界=8.0000， 上界=9.0000

处理节点 509
  开始列生成求解...
Set parameter LogToConsole to value 0
Set parameter Threads to value 1
Set parameter Seed to value 0
  定价策略: Exact, node=509, vertices=11
Set parameter PoolSearchMode to value 2
Set parameter PoolSolutions to value 10
[CG 1] RMP=2010.000000, pricing=ExactPricingSolver, new_columns=10
[CG 2] RMP=12.000000, pricing=ExactPricingSolver, new_columns=0
  搜索路径: [1, 2, 3, 6, 7, 8, 11, 9, 14, 10, 15, 19, 23, 24, 25, 27, 26, 34, 35, 31, 33, 22, 40, 41, 43, 42, 30, 16, 54, 32, 57, 55, 59, 61, 17, 56, 68, 69, 58, 74, 75, 60, 18, 21, 80, 81, 20, 62, 63, 49, 48, 88, 89, 92, 93, 96, 97, 100, 101, 90, 91, 102, 103, 65, 64, 38, 39, 50, 51, 118, 124, 125, 119, 128, 129, 130, 131, 132, 133, 77, 66, 123, 76, 143, 140, 141, 142, 152, 153, 67, 116, 156, 157, 160, 161, 162, 122, 117, 170, 171, 172, 173, 176, 177, 180, 181, 112, 113, 174, 175, 186, 187, 188, 189, 163, 84, 85, 200, 204, 205, 201, 203, 202, 208, 209, 210, 211, 218, 219, 213, 212, 215, 223, 224, 230, 231, 225, 228, 229, 214, 236, 237, 220, 221, 222, 240, 241, 244, 245, 242, 243, 135, 134, 146, 159, 151, 158, 147, 150, 258, 259, 239, 238, 216, 217, 121, 120, 274, 275, 280, 281, 284, 285, 286, 287, 154, 155, 106, 148, 295, 126, 292, 293, 294, 115, 149, 127, 246, 312, 313, 316, 317, 318, 319, 324, 325, 326, 327, 247, 233, 232, 235, 234, 167, 107, 114, 206, 343, 194, 195, 207, 179, 356, 358, 359, 357, 94, 178, 349, 350, 354, 355, 364, 365, 366, 367, 376, 377, 378, 379, 351, 95, 339, 345, 348, 394, 395, 401, 396, 397, 400, 341, 344, 342, 166, 338, 416, 417, 340, 283, 282, 424, 425, 426, 427, 315, 314, 328, 266, 267, 184, 438, 439, 185, 329, 321, 320, 414, 255, 278, 265, 139, 302, 144, 449, 290, 296, 418, 409, 279, 462, 463, 297, 270, 250, 254, 271, 415, 432, 109, 145, 291, 433, 431, 460, 454, 467, 466, 390, 461, 372, 469, 468, 442, 443, 380, 402, 407, 444, 190, 403, 471, 470, 473, 472, 371, 419, 387, 458, 191, 264, 448, 455, 430, 459, 381, 477, 476, 479, 478, 481, 482, 483, 487, 488, 489, 484, 485, 486, 480, 491, 490, 493, 497, 498, 499, 494, 495, 496, 492, 391, 408, 501, 503, 504, 505, 502, 500, 370, 406, 507, 506, 509]
  列生成求解结果: 目标值=12.0000， 下界=8.0000， 上界=9.0000

处理节点 508
  开始列生成求解...
Set parameter LogToConsole to value 0
Set parameter Threads to value 1
Set parameter Seed to value 0
  定价策略: Exact, node=508, vertices=11
Set parameter PoolSearchMode to value 2
Set parameter PoolSolutions to value 10
[CG 1] RMP=11.000000, pricing=ExactPricingSolver, new_columns=0
  搜索路径: [1, 2, 3, 6, 7, 8, 11, 9, 14, 10, 15, 19, 23, 24, 25, 27, 26, 34, 35, 31, 33, 22, 40, 41, 43, 42, 30, 16, 54, 32, 57, 55, 59, 61, 17, 56, 68, 69, 58, 74, 75, 60, 18, 21, 80, 81, 20, 62, 63, 49, 48, 88, 89, 92, 93, 96, 97, 100, 101, 90, 91, 102, 103, 65, 64, 38, 39, 50, 51, 118, 124, 125, 119, 128, 129, 130, 131, 132, 133, 77, 66, 123, 76, 143, 140, 141, 142, 152, 153, 67, 116, 156, 157, 160, 161, 162, 122, 117, 170, 171, 172, 173, 176, 177, 180, 181, 112, 113, 174, 175, 186, 187, 188, 189, 163, 84, 85, 200, 204, 205, 201, 203, 202, 208, 209, 210, 211, 218, 219, 213, 212, 215, 223, 224, 230, 231, 225, 228, 229, 214, 236, 237, 220, 221, 222, 240, 241, 244, 245, 242, 243, 135, 134, 146, 159, 151, 158, 147, 150, 258, 259, 239, 238, 216, 217, 121, 120, 274, 275, 280, 281, 284, 285, 286, 287, 154, 155, 106, 148, 295, 126, 292, 293, 294, 115, 149, 127, 246, 312, 313, 316, 317, 318, 319, 324, 325, 326, 327, 247, 233, 232, 235, 234, 167, 107, 114, 206, 343, 194, 195, 207, 179, 356, 358, 359, 357, 94, 178, 349, 350, 354, 355, 364, 365, 366, 367, 376, 377, 378, 379, 351, 95, 339, 345, 348, 394, 395, 401, 396, 397, 400, 341, 344, 342, 166, 338, 416, 417, 340, 283, 282, 424, 425, 426, 427, 315, 314, 328, 266, 267, 184, 438, 439, 185, 329, 321, 320, 414, 255, 278, 265, 139, 302, 144, 449, 290, 296, 418, 409, 279, 462, 463, 297, 270, 250, 254, 271, 415, 432, 109, 145, 291, 433, 431, 460, 454, 467, 466, 390, 461, 372, 469, 468, 442, 443, 380, 402, 407, 444, 190, 403, 471, 470, 473, 472, 371, 419, 387, 458, 191, 264, 448, 455, 430, 459, 381, 477, 476, 479, 478, 481, 482, 483, 487, 488, 489, 484, 485, 486, 480, 491, 490, 493, 497, 498, 499, 494, 495, 496, 492, 391, 408, 501, 503, 504, 505, 502, 500, 370, 406, 507, 506, 509, 508]
  列生成求解结果: 目标值=11.0000， 下界=8.0000， 上界=9.0000

处理节点 361
  开始列生成求解...
Set parameter LogToConsole to value 0
Set parameter Threads to value 1
Set parameter Seed to value 0
  定价策略: Exact, node=361, vertices=11
Set parameter PoolSearchMode to value 2
Set parameter PoolSolutions to value 10
[CG 1] RMP=12.000000, pricing=ExactPricingSolver, new_columns=0
  搜索路径: [1, 2, 3, 6, 7, 8, 11, 9, 14, 10, 15, 19, 23, 24, 25, 27, 26, 34, 35, 31, 33, 22, 40, 41, 43, 42, 30, 16, 54, 32, 57, 55, 59, 61, 17, 56, 68, 69, 58, 74, 75, 60, 18, 21, 80, 81, 20, 62, 63, 49, 48, 88, 89, 92, 93, 96, 97, 100, 101, 90, 91, 102, 103, 65, 64, 38, 39, 50, 51, 118, 124, 125, 119, 128, 129, 130, 131, 132, 133, 77, 66, 123, 76, 143, 140, 141, 142, 152, 153, 67, 116, 156, 157, 160, 161, 162, 122, 117, 170, 171, 172, 173, 176, 177, 180, 181, 112, 113, 174, 175, 186, 187, 188, 189, 163, 84, 85, 200, 204, 205, 201, 203, 202, 208, 209, 210, 211, 218, 219, 213, 212, 215, 223, 224, 230, 231, 225, 228, 229, 214, 236, 237, 220, 221, 222, 240, 241, 244, 245, 242, 243, 135, 134, 146, 159, 151, 158, 147, 150, 258, 259, 239, 238, 216, 217, 121, 120, 274, 275, 280, 281, 284, 285, 286, 287, 154, 155, 106, 148, 295, 126, 292, 293, 294, 115, 149, 127, 246, 312, 313, 316, 317, 318, 319, 324, 325, 326, 327, 247, 233, 232, 235, 234, 167, 107, 114, 206, 343, 194, 195, 207, 179, 356, 358, 359, 357, 94, 178, 349, 350, 354, 355, 364, 365, 366, 367, 376, 377, 378, 379, 351, 95, 339, 345, 348, 394, 395, 401, 396, 397, 400, 341, 344, 342, 166, 338, 416, 417, 340, 283, 282, 424, 425, 426, 427, 315, 314, 328, 266, 267, 184, 438, 439, 185, 329, 321, 320, 414, 255, 278, 265, 139, 302, 144, 449, 290, 296, 418, 409, 279, 462, 463, 297, 270, 250, 254, 271, 415, 432, 109, 145, 291, 433, 431, 460, 454, 467, 466, 390, 461, 372, 469, 468, 442, 443, 380, 402, 407, 444, 190, 403, 471, 470, 473, 472, 371, 419, 387, 458, 191, 264, 448, 455, 430, 459, 381, 477, 476, 479, 478, 481, 482, 483, 487, 488, 489, 484, 485, 486, 480, 491, 490, 493, 497, 498, 499, 494, 495, 496, 492, 391, 408, 501, 503, 504, 505, 502, 500, 370, 406, 507, 506, 509, 508, 361]
  列生成求解结果: 目标值=12.0000， 下界=8.0000， 上界=9.0000

处理节点 347
  开始列生成求解...
Set parameter LogToConsole to value 0
Set parameter Threads to value 1
Set parameter Seed to value 0
  定价策略: Exact, node=347, vertices=18
Set parameter PoolSearchMode to value 2
Set parameter PoolSolutions to value 10
[CG 1] RMP=12.000000, pricing=ExactPricingSolver, new_columns=0
  搜索路径: [1, 2, 3, 6, 7, 8, 11, 9, 14, 10, 15, 19, 23, 24, 25, 27, 26, 34, 35, 31, 33, 22, 40, 41, 43, 42, 30, 16, 54, 32, 57, 55, 59, 61, 17, 56, 68, 69, 58, 74, 75, 60, 18, 21, 80, 81, 20, 62, 63, 49, 48, 88, 89, 92, 93, 96, 97, 100, 101, 90, 91, 102, 103, 65, 64, 38, 39, 50, 51, 118, 124, 125, 119, 128, 129, 130, 131, 132, 133, 77, 66, 123, 76, 143, 140, 141, 142, 152, 153, 67, 116, 156, 157, 160, 161, 162, 122, 117, 170, 171, 172, 173, 176, 177, 180, 181, 112, 113, 174, 175, 186, 187, 188, 189, 163, 84, 85, 200, 204, 205, 201, 203, 202, 208, 209, 210, 211, 218, 219, 213, 212, 215, 223, 224, 230, 231, 225, 228, 229, 214, 236, 237, 220, 221, 222, 240, 241, 244, 245, 242, 243, 135, 134, 146, 159, 151, 158, 147, 150, 258, 259, 239, 238, 216, 217, 121, 120, 274, 275, 280, 281, 284, 285, 286, 287, 154, 155, 106, 148, 295, 126, 292, 293, 294, 115, 149, 127, 246, 312, 313, 316, 317, 318, 319, 324, 325, 326, 327, 247, 233, 232, 235, 234, 167, 107, 114, 206, 343, 194, 195, 207, 179, 356, 358, 359, 357, 94, 178, 349, 350, 354, 355, 364, 365, 366, 367, 376, 377, 378, 379, 351, 95, 339, 345, 348, 394, 395, 401, 396, 397, 400, 341, 344, 342, 166, 338, 416, 417, 340, 283, 282, 424, 425, 426, 427, 315, 314, 328, 266, 267, 184, 438, 439, 185, 329, 321, 320, 414, 255, 278, 265, 139, 302, 144, 449, 290, 296, 418, 409, 279, 462, 463, 297, 270, 250, 254, 271, 415, 432, 109, 145, 291, 433, 431, 460, 454, 467, 466, 390, 461, 372, 469, 468, 442, 443, 380, 402, 407, 444, 190, 403, 471, 470, 473, 472, 371, 419, 387, 458, 191, 264, 448, 455, 430, 459, 381, 477, 476, 479, 478, 481, 482, 483, 487, 488, 489, 484, 485, 486, 480, 491, 490, 493, 497, 498, 499, 494, 495, 496, 492, 391, 408, 501, 503, 504, 505, 502, 500, 370, 406, 507, 506, 509, 508, 361, 347]
  列生成求解结果: 目标值=12.0000， 下界=8.0000， 上界=9.0000

处理节点 373
  开始列生成求解...
Set parameter LogToConsole to value 0
Set parameter Threads to value 1
Set parameter Seed to value 0
  定价策略: Exact, node=373, vertices=13
Set parameter PoolSearchMode to value 2
Set parameter PoolSolutions to value 10
[CG 1] RMP=10.000000, pricing=ExactPricingSolver, new_columns=0
  搜索路径: [1, 2, 3, 6, 7, 8, 11, 9, 14, 10, 15, 19, 23, 24, 25, 27, 26, 34, 35, 31, 33, 22, 40, 41, 43, 42, 30, 16, 54, 32, 57, 55, 59, 61, 17, 56, 68, 69, 58, 74, 75, 60, 18, 21, 80, 81, 20, 62, 63, 49, 48, 88, 89, 92, 93, 96, 97, 100, 101, 90, 91, 102, 103, 65, 64, 38, 39, 50, 51, 118, 124, 125, 119, 128, 129, 130, 131, 132, 133, 77, 66, 123, 76, 143, 140, 141, 142, 152, 153, 67, 116, 156, 157, 160, 161, 162, 122, 117, 170, 171, 172, 173, 176, 177, 180, 181, 112, 113, 174, 175, 186, 187, 188, 189, 163, 84, 85, 200, 204, 205, 201, 203, 202, 208, 209, 210, 211, 218, 219, 213, 212, 215, 223, 224, 230, 231, 225, 228, 229, 214, 236, 237, 220, 221, 222, 240, 241, 244, 245, 242, 243, 135, 134, 146, 159, 151, 158, 147, 150, 258, 259, 239, 238, 216, 217, 121, 120, 274, 275, 280, 281, 284, 285, 286, 287, 154, 155, 106, 148, 295, 126, 292, 293, 294, 115, 149, 127, 246, 312, 313, 316, 317, 318, 319, 324, 325, 326, 327, 247, 233, 232, 235, 234, 167, 107, 114, 206, 343, 194, 195, 207, 179, 356, 358, 359, 357, 94, 178, 349, 350, 354, 355, 364, 365, 366, 367, 376, 377, 378, 379, 351, 95, 339, 345, 348, 394, 395, 401, 396, 397, 400, 341, 344, 342, 166, 338, 416, 417, 340, 283, 282, 424, 425, 426, 427, 315, 314, 328, 266, 267, 184, 438, 439, 185, 329, 321, 320, 414, 255, 278, 265, 139, 302, 144, 449, 290, 296, 418, 409, 279, 462, 463, 297, 270, 250, 254, 271, 415, 432, 109, 145, 291, 433, 431, 460, 454, 467, 466, 390, 461, 372, 469, 468, 442, 443, 380, 402, 407, 444, 190, 403, 471, 470, 473, 472, 371, 419, 387, 458, 191, 264, 448, 455, 430, 459, 381, 477, 476, 479, 478, 481, 482, 483, 487, 488, 489, 484, 485, 486, 480, 491, 490, 493, 497, 498, 499, 494, 495, 496, 492, 391, 408, 501, 503, 504, 505, 502, 500, 370, 406, 507, 506, 509, 508, 361, 347, 373]
  列生成求解结果: 目标值=10.0000， 下界=8.0000， 上界=9.0000

处理节点 386
  开始列生成求解...
Set parameter LogToConsole to value 0
Set parameter Threads to value 1
Set parameter Seed to value 0
  定价策略: Exact, node=386, vertices=12
Set parameter PoolSearchMode to value 2
Set parameter PoolSolutions to value 10
[CG 1] RMP=12.000000, pricing=ExactPricingSolver, new_columns=10
[CG 2] RMP=12.000000, pricing=ExactPricingSolver, new_columns=0
  搜索路径: [1, 2, 3, 6, 7, 8, 11, 9, 14, 10, 15, 19, 23, 24, 25, 27, 26, 34, 35, 31, 33, 22, 40, 41, 43, 42, 30, 16, 54, 32, 57, 55, 59, 61, 17, 56, 68, 69, 58, 74, 75, 60, 18, 21, 80, 81, 20, 62, 63, 49, 48, 88, 89, 92, 93, 96, 97, 100, 101, 90, 91, 102, 103, 65, 64, 38, 39, 50, 51, 118, 124, 125, 119, 128, 129, 130, 131, 132, 133, 77, 66, 123, 76, 143, 140, 141, 142, 152, 153, 67, 116, 156, 157, 160, 161, 162, 122, 117, 170, 171, 172, 173, 176, 177, 180, 181, 112, 113, 174, 175, 186, 187, 188, 189, 163, 84, 85, 200, 204, 205, 201, 203, 202, 208, 209, 210, 211, 218, 219, 213, 212, 215, 223, 224, 230, 231, 225, 228, 229, 214, 236, 237, 220, 221, 222, 240, 241, 244, 245, 242, 243, 135, 134, 146, 159, 151, 158, 147, 150, 258, 259, 239, 238, 216, 217, 121, 120, 274, 275, 280, 281, 284, 285, 286, 287, 154, 155, 106, 148, 295, 126, 292, 293, 294, 115, 149, 127, 246, 312, 313, 316, 317, 318, 319, 324, 325, 326, 327, 247, 233, 232, 235, 234, 167, 107, 114, 206, 343, 194, 195, 207, 179, 356, 358, 359, 357, 94, 178, 349, 350, 354, 355, 364, 365, 366, 367, 376, 377, 378, 379, 351, 95, 339, 345, 348, 394, 395, 401, 396, 397, 400, 341, 344, 342, 166, 338, 416, 417, 340, 283, 282, 424, 425, 426, 427, 315, 314, 328, 266, 267, 184, 438, 439, 185, 329, 321, 320, 414, 255, 278, 265, 139, 302, 144, 449, 290, 296, 418, 409, 279, 462, 463, 297, 270, 250, 254, 271, 415, 432, 109, 145, 291, 433, 431, 460, 454, 467, 466, 390, 461, 372, 469, 468, 442, 443, 380, 402, 407, 444, 190, 403, 471, 470, 473, 472, 371, 419, 387, 458, 191, 264, 448, 455, 430, 459, 381, 477, 476, 479, 478, 481, 482, 483, 487, 488, 489, 484, 485, 486, 480, 491, 490, 493, 497, 498, 499, 494, 495, 496, 492, 391, 408, 501, 503, 504, 505, 502, 500, 370, 406, 507, 506, 509, 508, 361, 347, 373, 386]
  列生成求解结果: 目标值=12.0000， 下界=8.0000， 上界=9.0000

处理节点 138
  开始列生成求解...
Set parameter LogToConsole to value 0
Set parameter Threads to value 1
Set parameter Seed to value 0
  定价策略: Exact, node=138, vertices=15
Set parameter PoolSearchMode to value 2
Set parameter PoolSolutions to value 10
[CG 1] RMP=1010.000000, pricing=ExactPricingSolver, new_columns=10
[CG 2] RMP=9.000000, pricing=ExactPricingSolver, new_columns=0
  搜索路径: [1, 2, 3, 6, 7, 8, 11, 9, 14, 10, 15, 19, 23, 24, 25, 27, 26, 34, 35, 31, 33, 22, 40, 41, 43, 42, 30, 16, 54, 32, 57, 55, 59, 61, 17, 56, 68, 69, 58, 74, 75, 60, 18, 21, 80, 81, 20, 62, 63, 49, 48, 88, 89, 92, 93, 96, 97, 100, 101, 90, 91, 102, 103, 65, 64, 38, 39, 50, 51, 118, 124, 125, 119, 128, 129, 130, 131, 132, 133, 77, 66, 123, 76, 143, 140, 141, 142, 152, 153, 67, 116, 156, 157, 160, 161, 162, 122, 117, 170, 171, 172, 173, 176, 177, 180, 181, 112, 113, 174, 175, 186, 187, 188, 189, 163, 84, 85, 200, 204, 205, 201, 203, 202, 208, 209, 210, 211, 218, 219, 213, 212, 215, 223, 224, 230, 231, 225, 228, 229, 214, 236, 237, 220, 221, 222, 240, 241, 244, 245, 242, 243, 135, 134, 146, 159, 151, 158, 147, 150, 258, 259, 239, 238, 216, 217, 121, 120, 274, 275, 280, 281, 284, 285, 286, 287, 154, 155, 106, 148, 295, 126, 292, 293, 294, 115, 149, 127, 246, 312, 313, 316, 317, 318, 319, 324, 325, 326, 327, 247, 233, 232, 235, 234, 167, 107, 114, 206, 343, 194, 195, 207, 179, 356, 358, 359, 357, 94, 178, 349, 350, 354, 355, 364, 365, 366, 367, 376, 377, 378, 379, 351, 95, 339, 345, 348, 394, 395, 401, 396, 397, 400, 341, 344, 342, 166, 338, 416, 417, 340, 283, 282, 424, 425, 426, 427, 315, 314, 328, 266, 267, 184, 438, 439, 185, 329, 321, 320, 414, 255, 278, 265, 139, 302, 144, 449, 290, 296, 418, 409, 279, 462, 463, 297, 270, 250, 254, 271, 415, 432, 109, 145, 291, 433, 431, 460, 454, 467, 466, 390, 461, 372, 469, 468, 442, 443, 380, 402, 407, 444, 190, 403, 471, 470, 473, 472, 371, 419, 387, 458, 191, 264, 448, 455, 430, 459, 381, 477, 476, 479, 478, 481, 482, 483, 487, 488, 489, 484, 485, 486, 480, 491, 490, 493, 497, 498, 499, 494, 495, 496, 492, 391, 408, 501, 503, 504, 505, 502, 500, 370, 406, 507, 506, 509, 508, 361, 347, 373, 386, 138]
  列生成求解结果: 目标值=9.0000， 下界=8.0000， 上界=9.0000

处理节点 360
  开始列生成求解...
Set parameter LogToConsole to value 0
Set parameter Threads to value 1
Set parameter Seed to value 0
  定价策略: Exact, node=360, vertices=11
Set parameter PoolSearchMode to value 2
Set parameter PoolSolutions to value 10
[CG 1] RMP=10.000000, pricing=ExactPricingSolver, new_columns=0
  搜索路径: [1, 2, 3, 6, 7, 8, 11, 9, 14, 10, 15, 19, 23, 24, 25, 27, 26, 34, 35, 31, 33, 22, 40, 41, 43, 42, 30, 16, 54, 32, 57, 55, 59, 61, 17, 56, 68, 69, 58, 74, 75, 60, 18, 21, 80, 81, 20, 62, 63, 49, 48, 88, 89, 92, 93, 96, 97, 100, 101, 90, 91, 102, 103, 65, 64, 38, 39, 50, 51, 118, 124, 125, 119, 128, 129, 130, 131, 132, 133, 77, 66, 123, 76, 143, 140, 141, 142, 152, 153, 67, 116, 156, 157, 160, 161, 162, 122, 117, 170, 171, 172, 173, 176, 177, 180, 181, 112, 113, 174, 175, 186, 187, 188, 189, 163, 84, 85, 200, 204, 205, 201, 203, 202, 208, 209, 210, 211, 218, 219, 213, 212, 215, 223, 224, 230, 231, 225, 228, 229, 214, 236, 237, 220, 221, 222, 240, 241, 244, 245, 242, 243, 135, 134, 146, 159, 151, 158, 147, 150, 258, 259, 239, 238, 216, 217, 121, 120, 274, 275, 280, 281, 284, 285, 286, 287, 154, 155, 106, 148, 295, 126, 292, 293, 294, 115, 149, 127, 246, 312, 313, 316, 317, 318, 319, 324, 325, 326, 327, 247, 233, 232, 235, 234, 167, 107, 114, 206, 343, 194, 195, 207, 179, 356, 358, 359, 357, 94, 178, 349, 350, 354, 355, 364, 365, 366, 367, 376, 377, 378, 379, 351, 95, 339, 345, 348, 394, 395, 401, 396, 397, 400, 341, 344, 342, 166, 338, 416, 417, 340, 283, 282, 424, 425, 426, 427, 315, 314, 328, 266, 267, 184, 438, 439, 185, 329, 321, 320, 414, 255, 278, 265, 139, 302, 144, 449, 290, 296, 418, 409, 279, 462, 463, 297, 270, 250, 254, 271, 415, 432, 109, 145, 291, 433, 431, 460, 454, 467, 466, 390, 461, 372, 469, 468, 442, 443, 380, 402, 407, 444, 190, 403, 471, 470, 473, 472, 371, 419, 387, 458, 191, 264, 448, 455, 430, 459, 381, 477, 476, 479, 478, 481, 482, 483, 487, 488, 489, 484, 485, 486, 480, 491, 490, 493, 497, 498, 499, 494, 495, 496, 492, 391, 408, 501, 503, 504, 505, 502, 500, 370, 406, 507, 506, 509, 508, 361, 347, 373, 386, 138, 360]
  列生成求解结果: 目标值=10.0000， 下界=8.0000， 上界=9.0000

处理节点 346
  开始列生成求解...
Set parameter LogToConsole to value 0
Set parameter Threads to value 1
Set parameter Seed to value 0
  定价策略: Exact, node=346, vertices=18
Set parameter PoolSearchMode to value 2
Set parameter PoolSolutions to value 10
[CG 1] RMP=10.000000, pricing=ExactPricingSolver, new_columns=0
  搜索路径: [1, 2, 3, 6, 7, 8, 11, 9, 14, 10, 15, 19, 23, 24, 25, 27, 26, 34, 35, 31, 33, 22, 40, 41, 43, 42, 30, 16, 54, 32, 57, 55, 59, 61, 17, 56, 68, 69, 58, 74, 75, 60, 18, 21, 80, 81, 20, 62, 63, 49, 48, 88, 89, 92, 93, 96, 97, 100, 101, 90, 91, 102, 103, 65, 64, 38, 39, 50, 51, 118, 124, 125, 119, 128, 129, 130, 131, 132, 133, 77, 66, 123, 76, 143, 140, 141, 142, 152, 153, 67, 116, 156, 157, 160, 161, 162, 122, 117, 170, 171, 172, 173, 176, 177, 180, 181, 112, 113, 174, 175, 186, 187, 188, 189, 163, 84, 85, 200, 204, 205, 201, 203, 202, 208, 209, 210, 211, 218, 219, 213, 212, 215, 223, 224, 230, 231, 225, 228, 229, 214, 236, 237, 220, 221, 222, 240, 241, 244, 245, 242, 243, 135, 134, 146, 159, 151, 158, 147, 150, 258, 259, 239, 238, 216, 217, 121, 120, 274, 275, 280, 281, 284, 285, 286, 287, 154, 155, 106, 148, 295, 126, 292, 293, 294, 115, 149, 127, 246, 312, 313, 316, 317, 318, 319, 324, 325, 326, 327, 247, 233, 232, 235, 234, 167, 107, 114, 206, 343, 194, 195, 207, 179, 356, 358, 359, 357, 94, 178, 349, 350, 354, 355, 364, 365, 366, 367, 376, 377, 378, 379, 351, 95, 339, 345, 348, 394, 395, 401, 396, 397, 400, 341, 344, 342, 166, 338, 416, 417, 340, 283, 282, 424, 425, 426, 427, 315, 314, 328, 266, 267, 184, 438, 439, 185, 329, 321, 320, 414, 255, 278, 265, 139, 302, 144, 449, 290, 296, 418, 409, 279, 462, 463, 297, 270, 250, 254, 271, 415, 432, 109, 145, 291, 433, 431, 460, 454, 467, 466, 390, 461, 372, 469, 468, 442, 443, 380, 402, 407, 444, 190, 403, 471, 470, 473, 472, 371, 419, 387, 458, 191, 264, 448, 455, 430, 459, 381, 477, 476, 479, 478, 481, 482, 483, 487, 488, 489, 484, 485, 486, 480, 491, 490, 493, 497, 498, 499, 494, 495, 496, 492, 391, 408, 501, 503, 504, 505, 502, 500, 370, 406, 507, 506, 509, 508, 361, 347, 373, 386, 138, 360, 346]
  列生成求解结果: 目标值=10.0000， 下界=8.0000， 上界=9.0000

处理节点 108
  开始列生成求解...
Set parameter LogToConsole to value 0
Set parameter Threads to value 1
Set parameter Seed to value 0
  定价策略: Exact, node=108, vertices=13
Set parameter PoolSearchMode to value 2
Set parameter PoolSolutions to value 10
[CG 1] RMP=12.000000, pricing=ExactPricingSolver, new_columns=0
  搜索路径: [1, 2, 3, 6, 7, 8, 11, 9, 14, 10, 15, 19, 23, 24, 25, 27, 26, 34, 35, 31, 33, 22, 40, 41, 43, 42, 30, 16, 54, 32, 57, 55, 59, 61, 17, 56, 68, 69, 58, 74, 75, 60, 18, 21, 80, 81, 20, 62, 63, 49, 48, 88, 89, 92, 93, 96, 97, 100, 101, 90, 91, 102, 103, 65, 64, 38, 39, 50, 51, 118, 124, 125, 119, 128, 129, 130, 131, 132, 133, 77, 66, 123, 76, 143, 140, 141, 142, 152, 153, 67, 116, 156, 157, 160, 161, 162, 122, 117, 170, 171, 172, 173, 176, 177, 180, 181, 112, 113, 174, 175, 186, 187, 188, 189, 163, 84, 85, 200, 204, 205, 201, 203, 202, 208, 209, 210, 211, 218, 219, 213, 212, 215, 223, 224, 230, 231, 225, 228, 229, 214, 236, 237, 220, 221, 222, 240, 241, 244, 245, 242, 243, 135, 134, 146, 159, 151, 158, 147, 150, 258, 259, 239, 238, 216, 217, 121, 120, 274, 275, 280, 281, 284, 285, 286, 287, 154, 155, 106, 148, 295, 126, 292, 293, 294, 115, 149, 127, 246, 312, 313, 316, 317, 318, 319, 324, 325, 326, 327, 247, 233, 232, 235, 234, 167, 107, 114, 206, 343, 194, 195, 207, 179, 356, 358, 359, 357, 94, 178, 349, 350, 354, 355, 364, 365, 366, 367, 376, 377, 378, 379, 351, 95, 339, 345, 348, 394, 395, 401, 396, 397, 400, 341, 344, 342, 166, 338, 416, 417, 340, 283, 282, 424, 425, 426, 427, 315, 314, 328, 266, 267, 184, 438, 439, 185, 329, 321, 320, 414, 255, 278, 265, 139, 302, 144, 449, 290, 296, 418, 409, 279, 462, 463, 297, 270, 250, 254, 271, 415, 432, 109, 145, 291, 433, 431, 460, 454, 467, 466, 390, 461, 372, 469, 468, 442, 443, 380, 402, 407, 444, 190, 403, 471, 470, 473, 472, 371, 419, 387, 458, 191, 264, 448, 455, 430, 459, 381, 477, 476, 479, 478, 481, 482, 483, 487, 488, 489, 484, 485, 486, 480, 491, 490, 493, 497, 498, 499, 494, 495, 496, 492, 391, 408, 501, 503, 504, 505, 502, 500, 370, 406, 507, 506, 509, 508, 361, 347, 373, 386, 138, 360, 346, 108]
  列生成求解结果: 目标值=12.0000， 下界=8.0000， 上界=9.0000

处理节点 303
  开始列生成求解...
Set parameter LogToConsole to value 0
Set parameter Threads to value 1
Set parameter Seed to value 0
  定价策略: Exact, node=303, vertices=15
Set parameter PoolSearchMode to value 2
Set parameter PoolSolutions to value 10
[CG 1] RMP=10.000000, pricing=ExactPricingSolver, new_columns=0
  搜索路径: [1, 2, 3, 6, 7, 8, 11, 9, 14, 10, 15, 19, 23, 24, 25, 27, 26, 34, 35, 31, 33, 22, 40, 41, 43, 42, 30, 16, 54, 32, 57, 55, 59, 61, 17, 56, 68, 69, 58, 74, 75, 60, 18, 21, 80, 81, 20, 62, 63, 49, 48, 88, 89, 92, 93, 96, 97, 100, 101, 90, 91, 102, 103, 65, 64, 38, 39, 50, 51, 118, 124, 125, 119, 128, 129, 130, 131, 132, 133, 77, 66, 123, 76, 143, 140, 141, 142, 152, 153, 67, 116, 156, 157, 160, 161, 162, 122, 117, 170, 171, 172, 173, 176, 177, 180, 181, 112, 113, 174, 175, 186, 187, 188, 189, 163, 84, 85, 200, 204, 205, 201, 203, 202, 208, 209, 210, 211, 218, 219, 213, 212, 215, 223, 224, 230, 231, 225, 228, 229, 214, 236, 237, 220, 221, 222, 240, 241, 244, 245, 242, 243, 135, 134, 146, 159, 151, 158, 147, 150, 258, 259, 239, 238, 216, 217, 121, 120, 274, 275, 280, 281, 284, 285, 286, 287, 154, 155, 106, 148, 295, 126, 292, 293, 294, 115, 149, 127, 246, 312, 313, 316, 317, 318, 319, 324, 325, 326, 327, 247, 233, 232, 235, 234, 167, 107, 114, 206, 343, 194, 195, 207, 179, 356, 358, 359, 357, 94, 178, 349, 350, 354, 355, 364, 365, 366, 367, 376, 377, 378, 379, 351, 95, 339, 345, 348, 394, 395, 401, 396, 397, 400, 341, 344, 342, 166, 338, 416, 417, 340, 283, 282, 424, 425, 426, 427, 315, 314, 328, 266, 267, 184, 438, 439, 185, 329, 321, 320, 414, 255, 278, 265, 139, 302, 144, 449, 290, 296, 418, 409, 279, 462, 463, 297, 270, 250, 254, 271, 415, 432, 109, 145, 291, 433, 431, 460, 454, 467, 466, 390, 461, 372, 469, 468, 442, 443, 380, 402, 407, 444, 190, 403, 471, 470, 473, 472, 371, 419, 387, 458, 191, 264, 448, 455, 430, 459, 381, 477, 476, 479, 478, 481, 482, 483, 487, 488, 489, 484, 485, 486, 480, 491, 490, 493, 497, 498, 499, 494, 495, 496, 492, 391, 408, 501, 503, 504, 505, 502, 500, 370, 406, 507, 506, 509, 508, 361, 347, 373, 386, 138, 360, 346, 108, 303]
  列生成求解结果: 目标值=10.0000， 下界=8.0000， 上界=9.0000

处理节点 251
  开始列生成求解...
Set parameter LogToConsole to value 0
Set parameter Threads to value 1
Set parameter Seed to value 0
  定价策略: Exact, node=251, vertices=16
Set parameter PoolSearchMode to value 2
Set parameter PoolSolutions to value 10
[CG 1] RMP=8.000000, pricing=ExactPricingSolver, new_columns=0
  搜索路径: [1, 2, 3, 6, 7, 8, 11, 9, 14, 10, 15, 19, 23, 24, 25, 27, 26, 34, 35, 31, 33, 22, 40, 41, 43, 42, 30, 16, 54, 32, 57, 55, 59, 61, 17, 56, 68, 69, 58, 74, 75, 60, 18, 21, 80, 81, 20, 62, 63, 49, 48, 88, 89, 92, 93, 96, 97, 100, 101, 90, 91, 102, 103, 65, 64, 38, 39, 50, 51, 118, 124, 125, 119, 128, 129, 130, 131, 132, 133, 77, 66, 123, 76, 143, 140, 141, 142, 152, 153, 67, 116, 156, 157, 160, 161, 162, 122, 117, 170, 171, 172, 173, 176, 177, 180, 181, 112, 113, 174, 175, 186, 187, 188, 189, 163, 84, 85, 200, 204, 205, 201, 203, 202, 208, 209, 210, 211, 218, 219, 213, 212, 215, 223, 224, 230, 231, 225, 228, 229, 214, 236, 237, 220, 221, 222, 240, 241, 244, 245, 242, 243, 135, 134, 146, 159, 151, 158, 147, 150, 258, 259, 239, 238, 216, 217, 121, 120, 274, 275, 280, 281, 284, 285, 286, 287, 154, 155, 106, 148, 295, 126, 292, 293, 294, 115, 149, 127, 246, 312, 313, 316, 317, 318, 319, 324, 325, 326, 327, 247, 233, 232, 235, 234, 167, 107, 114, 206, 343, 194, 195, 207, 179, 356, 358, 359, 357, 94, 178, 349, 350, 354, 355, 364, 365, 366, 367, 376, 377, 378, 379, 351, 95, 339, 345, 348, 394, 395, 401, 396, 397, 400, 341, 344, 342, 166, 338, 416, 417, 340, 283, 282, 424, 425, 426, 427, 315, 314, 328, 266, 267, 184, 438, 439, 185, 329, 321, 320, 414, 255, 278, 265, 139, 302, 144, 449, 290, 296, 418, 409, 279, 462, 463, 297, 270, 250, 254, 271, 415, 432, 109, 145, 291, 433, 431, 460, 454, 467, 466, 390, 461, 372, 469, 468, 442, 443, 380, 402, 407, 444, 190, 403, 471, 470, 473, 472, 371, 419, 387, 458, 191, 264, 448, 455, 430, 459, 381, 477, 476, 479, 478, 481, 482, 483, 487, 488, 489, 484, 485, 486, 480, 491, 490, 493, 497, 498, 499, 494, 495, 496, 492, 391, 408, 501, 503, 504, 505, 502, 500, 370, 406, 507, 506, 509, 508, 361, 347, 373, 386, 138, 360, 346, 108, 303, 251]
  列生成求解结果: 目标值=8.0000， 下界=8.0000， 上界=9.0000
    非整数变量: COL_13-20-24_129 = 0.388889
  解不是整数，开始分支...
ImposedVertex(vertex=24)
ForbidVertex(vertex=24)
  创建了 2 个分支
    添加分支节点 1: ID=510
    添加分支节点 2: ID=511

处理节点 445
  开始列生成求解...
Set parameter LogToConsole to value 0
Set parameter Threads to value 1
Set parameter Seed to value 0
  定价策略: Exact, node=445, vertices=14
Set parameter PoolSearchMode to value 2
Set parameter PoolSolutions to value 10
[CG 1] RMP=12.600000, pricing=ExactPricingSolver, new_columns=10
[CG 2] RMP=12.000000, pricing=ExactPricingSolver, new_columns=0
  搜索路径: [1, 2, 3, 6, 7, 8, 11, 9, 14, 10, 15, 19, 23, 24, 25, 27, 26, 34, 35, 31, 33, 22, 40, 41, 43, 42, 30, 16, 54, 32, 57, 55, 59, 61, 17, 56, 68, 69, 58, 74, 75, 60, 18, 21, 80, 81, 20, 62, 63, 49, 48, 88, 89, 92, 93, 96, 97, 100, 101, 90, 91, 102, 103, 65, 64, 38, 39, 50, 51, 118, 124, 125, 119, 128, 129, 130, 131, 132, 133, 77, 66, 123, 76, 143, 140, 141, 142, 152, 153, 67, 116, 156, 157, 160, 161, 162, 122, 117, 170, 171, 172, 173, 176, 177, 180, 181, 112, 113, 174, 175, 186, 187, 188, 189, 163, 84, 85, 200, 204, 205, 201, 203, 202, 208, 209, 210, 211, 218, 219, 213, 212, 215, 223, 224, 230, 231, 225, 228, 229, 214, 236, 237, 220, 221, 222, 240, 241, 244, 245, 242, 243, 135, 134, 146, 159, 151, 158, 147, 150, 258, 259, 239, 238, 216, 217, 121, 120, 274, 275, 280, 281, 284, 285, 286, 287, 154, 155, 106, 148, 295, 126, 292, 293, 294, 115, 149, 127, 246, 312, 313, 316, 317, 318, 319, 324, 325, 326, 327, 247, 233, 232, 235, 234, 167, 107, 114, 206, 343, 194, 195, 207, 179, 356, 358, 359, 357, 94, 178, 349, 350, 354, 355, 364, 365, 366, 367, 376, 377, 378, 379, 351, 95, 339, 345, 348, 394, 395, 401, 396, 397, 400, 341, 344, 342, 166, 338, 416, 417, 340, 283, 282, 424, 425, 426, 427, 315, 314, 328, 266, 267, 184, 438, 439, 185, 329, 321, 320, 414, 255, 278, 265, 139, 302, 144, 449, 290, 296, 418, 409, 279, 462, 463, 297, 270, 250, 254, 271, 415, 432, 109, 145, 291, 433, 431, 460, 454, 467, 466, 390, 461, 372, 469, 468, 442, 443, 380, 402, 407, 444, 190, 403, 471, 470, 473, 472, 371, 419, 387, 458, 191, 264, 448, 455, 430, 459, 381, 477, 476, 479, 478, 481, 482, 483, 487, 488, 489, 484, 485, 486, 480, 491, 490, 493, 497, 498, 499, 494, 495, 496, 492, 391, 408, 501, 503, 504, 505, 502, 500, 370, 406, 507, 506, 509, 508, 361, 347, 373, 386, 138, 360, 346, 108, 303, 251, 445]
  列生成求解结果: 目标值=12.0000， 下界=8.0000， 上界=9.0000

处理节点 510
  开始列生成求解...
Set parameter LogToConsole to value 0
Set parameter Threads to value 1
Set parameter Seed to value 0
  定价策略: Exact, node=510, vertices=15
Set parameter PoolSearchMode to value 2
Set parameter PoolSolutions to value 10
[CG 1] RMP=9.000000, pricing=ExactPricingSolver, new_columns=0
  搜索路径: [1, 2, 3, 6, 7, 8, 11, 9, 14, 10, 15, 19, 23, 24, 25, 27, 26, 34, 35, 31, 33, 22, 40, 41, 43, 42, 30, 16, 54, 32, 57, 55, 59, 61, 17, 56, 68, 69, 58, 74, 75, 60, 18, 21, 80, 81, 20, 62, 63, 49, 48, 88, 89, 92, 93, 96, 97, 100, 101, 90, 91, 102, 103, 65, 64, 38, 39, 50, 51, 118, 124, 125, 119, 128, 129, 130, 131, 132, 133, 77, 66, 123, 76, 143, 140, 141, 142, 152, 153, 67, 116, 156, 157, 160, 161, 162, 122, 117, 170, 171, 172, 173, 176, 177, 180, 181, 112, 113, 174, 175, 186, 187, 188, 189, 163, 84, 85, 200, 204, 205, 201, 203, 202, 208, 209, 210, 211, 218, 219, 213, 212, 215, 223, 224, 230, 231, 225, 228, 229, 214, 236, 237, 220, 221, 222, 240, 241, 244, 245, 242, 243, 135, 134, 146, 159, 151, 158, 147, 150, 258, 259, 239, 238, 216, 217, 121, 120, 274, 275, 280, 281, 284, 285, 286, 287, 154, 155, 106, 148, 295, 126, 292, 293, 294, 115, 149, 127, 246, 312, 313, 316, 317, 318, 319, 324, 325, 326, 327, 247, 233, 232, 235, 234, 167, 107, 114, 206, 343, 194, 195, 207, 179, 356, 358, 359, 357, 94, 178, 349, 350, 354, 355, 364, 365, 366, 367, 376, 377, 378, 379, 351, 95, 339, 345, 348, 394, 395, 401, 396, 397, 400, 341, 344, 342, 166, 338, 416, 417, 340, 283, 282, 424, 425, 426, 427, 315, 314, 328, 266, 267, 184, 438, 439, 185, 329, 321, 320, 414, 255, 278, 265, 139, 302, 144, 449, 290, 296, 418, 409, 279, 462, 463, 297, 270, 250, 254, 271, 415, 432, 109, 145, 291, 433, 431, 460, 454, 467, 466, 390, 461, 372, 469, 468, 442, 443, 380, 402, 407, 444, 190, 403, 471, 470, 473, 472, 371, 419, 387, 458, 191, 264, 448, 455, 430, 459, 381, 477, 476, 479, 478, 481, 482, 483, 487, 488, 489, 484, 485, 486, 480, 491, 490, 493, 497, 498, 499, 494, 495, 496, 492, 391, 408, 501, 503, 504, 505, 502, 500, 370, 406, 507, 506, 509, 508, 361, 347, 373, 386, 138, 360, 346, 108, 303, 251, 445, 510]
  列生成求解结果: 目标值=9.0000， 下界=8.0000， 上界=9.0000

处理节点 511
  开始列生成求解...
Set parameter LogToConsole to value 0
Set parameter Threads to value 1
Set parameter Seed to value 0
  定价策略: Exact, node=511, vertices=15
Set parameter PoolSearchMode to value 2
Set parameter PoolSolutions to value 10
[CG 1] RMP=2010.000000, pricing=ExactPricingSolver, new_columns=10
[CG 2] RMP=12.000000, pricing=ExactPricingSolver, new_columns=10
[CG 3] RMP=9.600000, pricing=ExactPricingSolver, new_columns=10
[CG 4] RMP=8.000000, pricing=ExactPricingSolver, new_columns=0
  搜索路径: [1, 2, 3, 6, 7, 8, 11, 9, 14, 10, 15, 19, 23, 24, 25, 27, 26, 34, 35, 31, 33, 22, 40, 41, 43, 42, 30, 16, 54, 32, 57, 55, 59, 61, 17, 56, 68, 69, 58, 74, 75, 60, 18, 21, 80, 81, 20, 62, 63, 49, 48, 88, 89, 92, 93, 96, 97, 100, 101, 90, 91, 102, 103, 65, 64, 38, 39, 50, 51, 118, 124, 125, 119, 128, 129, 130, 131, 132, 133, 77, 66, 123, 76, 143, 140, 141, 142, 152, 153, 67, 116, 156, 157, 160, 161, 162, 122, 117, 170, 171, 172, 173, 176, 177, 180, 181, 112, 113, 174, 175, 186, 187, 188, 189, 163, 84, 85, 200, 204, 205, 201, 203, 202, 208, 209, 210, 211, 218, 219, 213, 212, 215, 223, 224, 230, 231, 225, 228, 229, 214, 236, 237, 220, 221, 222, 240, 241, 244, 245, 242, 243, 135, 134, 146, 159, 151, 158, 147, 150, 258, 259, 239, 238, 216, 217, 121, 120, 274, 275, 280, 281, 284, 285, 286, 287, 154, 155, 106, 148, 295, 126, 292, 293, 294, 115, 149, 127, 246, 312, 313, 316, 317, 318, 319, 324, 325, 326, 327, 247, 233, 232, 235, 234, 167, 107, 114, 206, 343, 194, 195, 207, 179, 356, 358, 359, 357, 94, 178, 349, 350, 354, 355, 364, 365, 366, 367, 376, 377, 378, 379, 351, 95, 339, 345, 348, 394, 395, 401, 396, 397, 400, 341, 344, 342, 166, 338, 416, 417, 340, 283, 282, 424, 425, 426, 427, 315, 314, 328, 266, 267, 184, 438, 439, 185, 329, 321, 320, 414, 255, 278, 265, 139, 302, 144, 449, 290, 296, 418, 409, 279, 462, 463, 297, 270, 250, 254, 271, 415, 432, 109, 145, 291, 433, 431, 460, 454, 467, 466, 390, 461, 372, 469, 468, 442, 443, 380, 402, 407, 444, 190, 403, 471, 470, 473, 472, 371, 419, 387, 458, 191, 264, 448, 455, 430, 459, 381, 477, 476, 479, 478, 481, 482, 483, 487, 488, 489, 484, 485, 486, 480, 491, 490, 493, 497, 498, 499, 494, 495, 496, 492, 391, 408, 501, 503, 504, 505, 502, 500, 370, 406, 507, 506, 509, 508, 361, 347, 373, 386, 138, 360, 346, 108, 303, 251, 445, 510, 511]
  列生成求解结果: 目标值=8.0000， 下界=8.0000， 上界=9.0000
    非整数变量: COL_17-4-7-9_1036 = 0.311688
  解不是整数，开始分支...
ImposedVertex(vertex=2)
ForbidVertex(vertex=2)
  创建了 2 个分支
    添加分支节点 1: ID=512
    添加分支节点 2: ID=513

处理节点 512
  开始列生成求解...
Set parameter LogToConsole to value 0
Set parameter Threads to value 1
Set parameter Seed to value 0
  定价策略: Exact, node=512, vertices=14
Set parameter PoolSearchMode to value 2
Set parameter PoolSolutions to value 10
[CG 1] RMP=8.000000, pricing=ExactPricingSolver, new_columns=0
  搜索路径: [1, 2, 3, 6, 7, 8, 11, 9, 14, 10, 15, 19, 23, 24, 25, 27, 26, 34, 35, 31, 33, 22, 40, 41, 43, 42, 30, 16, 54, 32, 57, 55, 59, 61, 17, 56, 68, 69, 58, 74, 75, 60, 18, 21, 80, 81, 20, 62, 63, 49, 48, 88, 89, 92, 93, 96, 97, 100, 101, 90, 91, 102, 103, 65, 64, 38, 39, 50, 51, 118, 124, 125, 119, 128, 129, 130, 131, 132, 133, 77, 66, 123, 76, 143, 140, 141, 142, 152, 153, 67, 116, 156, 157, 160, 161, 162, 122, 117, 170, 171, 172, 173, 176, 177, 180, 181, 112, 113, 174, 175, 186, 187, 188, 189, 163, 84, 85, 200, 204, 205, 201, 203, 202, 208, 209, 210, 211, 218, 219, 213, 212, 215, 223, 224, 230, 231, 225, 228, 229, 214, 236, 237, 220, 221, 222, 240, 241, 244, 245, 242, 243, 135, 134, 146, 159, 151, 158, 147, 150, 258, 259, 239, 238, 216, 217, 121, 120, 274, 275, 280, 281, 284, 285, 286, 287, 154, 155, 106, 148, 295, 126, 292, 293, 294, 115, 149, 127, 246, 312, 313, 316, 317, 318, 319, 324, 325, 326, 327, 247, 233, 232, 235, 234, 167, 107, 114, 206, 343, 194, 195, 207, 179, 356, 358, 359, 357, 94, 178, 349, 350, 354, 355, 364, 365, 366, 367, 376, 377, 378, 379, 351, 95, 339, 345, 348, 394, 395, 401, 396, 397, 400, 341, 344, 342, 166, 338, 416, 417, 340, 283, 282, 424, 425, 426, 427, 315, 314, 328, 266, 267, 184, 438, 439, 185, 329, 321, 320, 414, 255, 278, 265, 139, 302, 144, 449, 290, 296, 418, 409, 279, 462, 463, 297, 270, 250, 254, 271, 415, 432, 109, 145, 291, 433, 431, 460, 454, 467, 466, 390, 461, 372, 469, 468, 442, 443, 380, 402, 407, 444, 190, 403, 471, 470, 473, 472, 371, 419, 387, 458, 191, 264, 448, 455, 430, 459, 381, 477, 476, 479, 478, 481, 482, 483, 487, 488, 489, 484, 485, 486, 480, 491, 490, 493, 497, 498, 499, 494, 495, 496, 492, 391, 408, 501, 503, 504, 505, 502, 500, 370, 406, 507, 506, 509, 508, 361, 347, 373, 386, 138, 360, 346, 108, 303, 251, 445, 510, 511, 512]
  列生成求解结果: 目标值=8.0000， 下界=8.0000， 上界=9.0000
    非整数变量: COL_17-18-4-7-9_1037 = 0.500000
  解不是整数，开始分支...
ImposedVertex(vertex=27)
ForbidVertex(vertex=27)
  创建了 2 个分支
    添加分支节点 1: ID=514
    添加分支节点 2: ID=515

处理节点 513
  开始列生成求解...
Set parameter LogToConsole to value 0
Set parameter Threads to value 1
Set parameter Seed to value 0
  定价策略: Exact, node=513, vertices=14
Set parameter PoolSearchMode to value 2
Set parameter PoolSolutions to value 10
[CG 1] RMP=12.000000, pricing=ExactPricingSolver, new_columns=0
  搜索路径: [1, 2, 3, 6, 7, 8, 11, 9, 14, 10, 15, 19, 23, 24, 25, 27, 26, 34, 35, 31, 33, 22, 40, 41, 43, 42, 30, 16, 54, 32, 57, 55, 59, 61, 17, 56, 68, 69, 58, 74, 75, 60, 18, 21, 80, 81, 20, 62, 63, 49, 48, 88, 89, 92, 93, 96, 97, 100, 101, 90, 91, 102, 103, 65, 64, 38, 39, 50, 51, 118, 124, 125, 119, 128, 129, 130, 131, 132, 133, 77, 66, 123, 76, 143, 140, 141, 142, 152, 153, 67, 116, 156, 157, 160, 161, 162, 122, 117, 170, 171, 172, 173, 176, 177, 180, 181, 112, 113, 174, 175, 186, 187, 188, 189, 163, 84, 85, 200, 204, 205, 201, 203, 202, 208, 209, 210, 211, 218, 219, 213, 212, 215, 223, 224, 230, 231, 225, 228, 229, 214, 236, 237, 220, 221, 222, 240, 241, 244, 245, 242, 243, 135, 134, 146, 159, 151, 158, 147, 150, 258, 259, 239, 238, 216, 217, 121, 120, 274, 275, 280, 281, 284, 285, 286, 287, 154, 155, 106, 148, 295, 126, 292, 293, 294, 115, 149, 127, 246, 312, 313, 316, 317, 318, 319, 324, 325, 326, 327, 247, 233, 232, 235, 234, 167, 107, 114, 206, 343, 194, 195, 207, 179, 356, 358, 359, 357, 94, 178, 349, 350, 354, 355, 364, 365, 366, 367, 376, 377, 378, 379, 351, 95, 339, 345, 348, 394, 395, 401, 396, 397, 400, 341, 344, 342, 166, 338, 416, 417, 340, 283, 282, 424, 425, 426, 427, 315, 314, 328, 266, 267, 184, 438, 439, 185, 329, 321, 320, 414, 255, 278, 265, 139, 302, 144, 449, 290, 296, 418, 409, 279, 462, 463, 297, 270, 250, 254, 271, 415, 432, 109, 145, 291, 433, 431, 460, 454, 467, 466, 390, 461, 372, 469, 468, 442, 443, 380, 402, 407, 444, 190, 403, 471, 470, 473, 472, 371, 419, 387, 458, 191, 264, 448, 455, 430, 459, 381, 477, 476, 479, 478, 481, 482, 483, 487, 488, 489, 484, 485, 486, 480, 491, 490, 493, 497, 498, 499, 494, 495, 496, 492, 391, 408, 501, 503, 504, 505, 502, 500, 370, 406, 507, 506, 509, 508, 361, 347, 373, 386, 138, 360, 346, 108, 303, 251, 445, 510, 511, 512, 513]
  列生成求解结果: 目标值=12.0000， 下界=8.0000， 上界=9.0000

处理节点 514
  开始列生成求解...
Set parameter LogToConsole to value 0
Set parameter Threads to value 1
Set parameter Seed to value 0
  定价策略: Exact, node=514, vertices=13
Set parameter PoolSearchMode to value 2
Set parameter PoolSolutions to value 10
[CG 1] RMP=11.000000, pricing=ExactPricingSolver, new_columns=0
  搜索路径: [1, 2, 3, 6, 7, 8, 11, 9, 14, 10, 15, 19, 23, 24, 25, 27, 26, 34, 35, 31, 33, 22, 40, 41, 43, 42, 30, 16, 54, 32, 57, 55, 59, 61, 17, 56, 68, 69, 58, 74, 75, 60, 18, 21, 80, 81, 20, 62, 63, 49, 48, 88, 89, 92, 93, 96, 97, 100, 101, 90, 91, 102, 103, 65, 64, 38, 39, 50, 51, 118, 124, 125, 119, 128, 129, 130, 131, 132, 133, 77, 66, 123, 76, 143, 140, 141, 142, 152, 153, 67, 116, 156, 157, 160, 161, 162, 122, 117, 170, 171, 172, 173, 176, 177, 180, 181, 112, 113, 174, 175, 186, 187, 188, 189, 163, 84, 85, 200, 204, 205, 201, 203, 202, 208, 209, 210, 211, 218, 219, 213, 212, 215, 223, 224, 230, 231, 225, 228, 229, 214, 236, 237, 220, 221, 222, 240, 241, 244, 245, 242, 243, 135, 134, 146, 159, 151, 158, 147, 150, 258, 259, 239, 238, 216, 217, 121, 120, 274, 275, 280, 281, 284, 285, 286, 287, 154, 155, 106, 148, 295, 126, 292, 293, 294, 115, 149, 127, 246, 312, 313, 316, 317, 318, 319, 324, 325, 326, 327, 247, 233, 232, 235, 234, 167, 107, 114, 206, 343, 194, 195, 207, 179, 356, 358, 359, 357, 94, 178, 349, 350, 354, 355, 364, 365, 366, 367, 376, 377, 378, 379, 351, 95, 339, 345, 348, 394, 395, 401, 396, 397, 400, 341, 344, 342, 166, 338, 416, 417, 340, 283, 282, 424, 425, 426, 427, 315, 314, 328, 266, 267, 184, 438, 439, 185, 329, 321, 320, 414, 255, 278, 265, 139, 302, 144, 449, 290, 296, 418, 409, 279, 462, 463, 297, 270, 250, 254, 271, 415, 432, 109, 145, 291, 433, 431, 460, 454, 467, 466, 390, 461, 372, 469, 468, 442, 443, 380, 402, 407, 444, 190, 403, 471, 470, 473, 472, 371, 419, 387, 458, 191, 264, 448, 455, 430, 459, 381, 477, 476, 479, 478, 481, 482, 483, 487, 488, 489, 484, 485, 486, 480, 491, 490, 493, 497, 498, 499, 494, 495, 496, 492, 391, 408, 501, 503, 504, 505, 502, 500, 370, 406, 507, 506, 509, 508, 361, 347, 373, 386, 138, 360, 346, 108, 303, 251, 445, 510, 511, 512, 513, 514]
  列生成求解结果: 目标值=11.0000， 下界=8.0000， 上界=9.0000

处理节点 515
  开始列生成求解...
Set parameter LogToConsole to value 0
Set parameter Threads to value 1
Set parameter Seed to value 0
  定价策略: Exact, node=515, vertices=13
Set parameter PoolSearchMode to value 2
Set parameter PoolSolutions to value 10
[CG 1] RMP=12.000000, pricing=ExactPricingSolver, new_columns=0
  搜索路径: [1, 2, 3, 6, 7, 8, 11, 9, 14, 10, 15, 19, 23, 24, 25, 27, 26, 34, 35, 31, 33, 22, 40, 41, 43, 42, 30, 16, 54, 32, 57, 55, 59, 61, 17, 56, 68, 69, 58, 74, 75, 60, 18, 21, 80, 81, 20, 62, 63, 49, 48, 88, 89, 92, 93, 96, 97, 100, 101, 90, 91, 102, 103, 65, 64, 38, 39, 50, 51, 118, 124, 125, 119, 128, 129, 130, 131, 132, 133, 77, 66, 123, 76, 143, 140, 141, 142, 152, 153, 67, 116, 156, 157, 160, 161, 162, 122, 117, 170, 171, 172, 173, 176, 177, 180, 181, 112, 113, 174, 175, 186, 187, 188, 189, 163, 84, 85, 200, 204, 205, 201, 203, 202, 208, 209, 210, 211, 218, 219, 213, 212, 215, 223, 224, 230, 231, 225, 228, 229, 214, 236, 237, 220, 221, 222, 240, 241, 244, 245, 242, 243, 135, 134, 146, 159, 151, 158, 147, 150, 258, 259, 239, 238, 216, 217, 121, 120, 274, 275, 280, 281, 284, 285, 286, 287, 154, 155, 106, 148, 295, 126, 292, 293, 294, 115, 149, 127, 246, 312, 313, 316, 317, 318, 319, 324, 325, 326, 327, 247, 233, 232, 235, 234, 167, 107, 114, 206, 343, 194, 195, 207, 179, 356, 358, 359, 357, 94, 178, 349, 350, 354, 355, 364, 365, 366, 367, 376, 377, 378, 379, 351, 95, 339, 345, 348, 394, 395, 401, 396, 397, 400, 341, 344, 342, 166, 338, 416, 417, 340, 283, 282, 424, 425, 426, 427, 315, 314, 328, 266, 267, 184, 438, 439, 185, 329, 321, 320, 414, 255, 278, 265, 139, 302, 144, 449, 290, 296, 418, 409, 279, 462, 463, 297, 270, 250, 254, 271, 415, 432, 109, 145, 291, 433, 431, 460, 454, 467, 466, 390, 461, 372, 469, 468, 442, 443, 380, 402, 407, 444, 190, 403, 471, 470, 473, 472, 371, 419, 387, 458, 191, 264, 448, 455, 430, 459, 381, 477, 476, 479, 478, 481, 482, 483, 487, 488, 489, 484, 485, 486, 480, 491, 490, 493, 497, 498, 499, 494, 495, 496, 492, 391, 408, 501, 503, 504, 505, 502, 500, 370, 406, 507, 506, 509, 508, 361, 347, 373, 386, 138, 360, 346, 108, 303, 251, 445, 510, 511, 512, 513, 514, 515]
  列生成求解结果: 目标值=12.0000， 下界=8.0000， 上界=9.0000

处理节点 441
  开始列生成求解...
Set parameter LogToConsole to value 0
Set parameter Threads to value 1
Set parameter Seed to value 0
  定价策略: Exact, node=441, vertices=16
Set parameter PoolSearchMode to value 2
Set parameter PoolSolutions to value 10
[CG 1] RMP=8.698745, pricing=ExactPricingSolver, new_columns=10
[CG 2] RMP=8.000000, pricing=ExactPricingSolver, new_columns=0
  搜索路径: [1, 2, 3, 6, 7, 8, 11, 9, 14, 10, 15, 19, 23, 24, 25, 27, 26, 34, 35, 31, 33, 22, 40, 41, 43, 42, 30, 16, 54, 32, 57, 55, 59, 61, 17, 56, 68, 69, 58, 74, 75, 60, 18, 21, 80, 81, 20, 62, 63, 49, 48, 88, 89, 92, 93, 96, 97, 100, 101, 90, 91, 102, 103, 65, 64, 38, 39, 50, 51, 118, 124, 125, 119, 128, 129, 130, 131, 132, 133, 77, 66, 123, 76, 143, 140, 141, 142, 152, 153, 67, 116, 156, 157, 160, 161, 162, 122, 117, 170, 171, 172, 173, 176, 177, 180, 181, 112, 113, 174, 175, 186, 187, 188, 189, 163, 84, 85, 200, 204, 205, 201, 203, 202, 208, 209, 210, 211, 218, 219, 213, 212, 215, 223, 224, 230, 231, 225, 228, 229, 214, 236, 237, 220, 221, 222, 240, 241, 244, 245, 242, 243, 135, 134, 146, 159, 151, 158, 147, 150, 258, 259, 239, 238, 216, 217, 121, 120, 274, 275, 280, 281, 284, 285, 286, 287, 154, 155, 106, 148, 295, 126, 292, 293, 294, 115, 149, 127, 246, 312, 313, 316, 317, 318, 319, 324, 325, 326, 327, 247, 233, 232, 235, 234, 167, 107, 114, 206, 343, 194, 195, 207, 179, 356, 358, 359, 357, 94, 178, 349, 350, 354, 355, 364, 365, 366, 367, 376, 377, 378, 379, 351, 95, 339, 345, 348, 394, 395, 401, 396, 397, 400, 341, 344, 342, 166, 338, 416, 417, 340, 283, 282, 424, 425, 426, 427, 315, 314, 328, 266, 267, 184, 438, 439, 185, 329, 321, 320, 414, 255, 278, 265, 139, 302, 144, 449, 290, 296, 418, 409, 279, 462, 463, 297, 270, 250, 254, 271, 415, 432, 109, 145, 291, 433, 431, 460, 454, 467, 466, 390, 461, 372, 469, 468, 442, 443, 380, 402, 407, 444, 190, 403, 471, 470, 473, 472, 371, 419, 387, 458, 191, 264, 448, 455, 430, 459, 381, 477, 476, 479, 478, 481, 482, 483, 487, 488, 489, 484, 485, 486, 480, 491, 490, 493, 497, 498, 499, 494, 495, 496, 492, 391, 408, 501, 503, 504, 505, 502, 500, 370, 406, 507, 506, 509, 508, 361, 347, 373, 386, 138, 360, 346, 108, 303, 251, 445, 510, 511, 512, 513, 514, 515, 441]
  列生成求解结果: 目标值=8.0000， 下界=8.0000， 上界=9.0000
    非整数变量: COL_18-20-26_44 = 0.121212
  解不是整数，开始分支...
ImposedVertex(vertex=26)
ForbidVertex(vertex=26)
  创建了 2 个分支
    添加分支节点 1: ID=516
    添加分支节点 2: ID=517

处理节点 516
  开始列生成求解...
Set parameter LogToConsole to value 0
Set parameter Threads to value 1
Set parameter Seed to value 0
  定价策略: Exact, node=516, vertices=15
Set parameter PoolSearchMode to value 2
Set parameter PoolSolutions to value 10
[CG 1] RMP=10.000000, pricing=ExactPricingSolver, new_columns=0
  搜索路径: [1, 2, 3, 6, 7, 8, 11, 9, 14, 10, 15, 19, 23, 24, 25, 27, 26, 34, 35, 31, 33, 22, 40, 41, 43, 42, 30, 16, 54, 32, 57, 55, 59, 61, 17, 56, 68, 69, 58, 74, 75, 60, 18, 21, 80, 81, 20, 62, 63, 49, 48, 88, 89, 92, 93, 96, 97, 100, 101, 90, 91, 102, 103, 65, 64, 38, 39, 50, 51, 118, 124, 125, 119, 128, 129, 130, 131, 132, 133, 77, 66, 123, 76, 143, 140, 141, 142, 152, 153, 67, 116, 156, 157, 160, 161, 162, 122, 117, 170, 171, 172, 173, 176, 177, 180, 181, 112, 113, 174, 175, 186, 187, 188, 189, 163, 84, 85, 200, 204, 205, 201, 203, 202, 208, 209, 210, 211, 218, 219, 213, 212, 215, 223, 224, 230, 231, 225, 228, 229, 214, 236, 237, 220, 221, 222, 240, 241, 244, 245, 242, 243, 135, 134, 146, 159, 151, 158, 147, 150, 258, 259, 239, 238, 216, 217, 121, 120, 274, 275, 280, 281, 284, 285, 286, 287, 154, 155, 106, 148, 295, 126, 292, 293, 294, 115, 149, 127, 246, 312, 313, 316, 317, 318, 319, 324, 325, 326, 327, 247, 233, 232, 235, 234, 167, 107, 114, 206, 343, 194, 195, 207, 179, 356, 358, 359, 357, 94, 178, 349, 350, 354, 355, 364, 365, 366, 367, 376, 377, 378, 379, 351, 95, 339, 345, 348, 394, 395, 401, 396, 397, 400, 341, 344, 342, 166, 338, 416, 417, 340, 283, 282, 424, 425, 426, 427, 315, 314, 328, 266, 267, 184, 438, 439, 185, 329, 321, 320, 414, 255, 278, 265, 139, 302, 144, 449, 290, 296, 418, 409, 279, 462, 463, 297, 270, 250, 254, 271, 415, 432, 109, 145, 291, 433, 431, 460, 454, 467, 466, 390, 461, 372, 469, 468, 442, 443, 380, 402, 407, 444, 190, 403, 471, 470, 473, 472, 371, 419, 387, 458, 191, 264, 448, 455, 430, 459, 381, 477, 476, 479, 478, 481, 482, 483, 487, 488, 489, 484, 485, 486, 480, 491, 490, 493, 497, 498, 499, 494, 495, 496, 492, 391, 408, 501, 503, 504, 505, 502, 500, 370, 406, 507, 506, 509, 508, 361, 347, 373, 386, 138, 360, 346, 108, 303, 251, 445, 510, 511, 512, 513, 514, 515, 441, 516]
  列生成求解结果: 目标值=10.0000， 下界=8.0000， 上界=9.0000

处理节点 517
  开始列生成求解...
Set parameter LogToConsole to value 0
Set parameter Threads to value 1
Set parameter Seed to value 0
  定价策略: Exact, node=517, vertices=15
Set parameter PoolSearchMode to value 2
Set parameter PoolSolutions to value 10
[CG 1] RMP=12.000000, pricing=ExactPricingSolver, new_columns=0
  搜索路径: [1, 2, 3, 6, 7, 8, 11, 9, 14, 10, 15, 19, 23, 24, 25, 27, 26, 34, 35, 31, 33, 22, 40, 41, 43, 42, 30, 16, 54, 32, 57, 55, 59, 61, 17, 56, 68, 69, 58, 74, 75, 60, 18, 21, 80, 81, 20, 62, 63, 49, 48, 88, 89, 92, 93, 96, 97, 100, 101, 90, 91, 102, 103, 65, 64, 38, 39, 50, 51, 118, 124, 125, 119, 128, 129, 130, 131, 132, 133, 77, 66, 123, 76, 143, 140, 141, 142, 152, 153, 67, 116, 156, 157, 160, 161, 162, 122, 117, 170, 171, 172, 173, 176, 177, 180, 181, 112, 113, 174, 175, 186, 187, 188, 189, 163, 84, 85, 200, 204, 205, 201, 203, 202, 208, 209, 210, 211, 218, 219, 213, 212, 215, 223, 224, 230, 231, 225, 228, 229, 214, 236, 237, 220, 221, 222, 240, 241, 244, 245, 242, 243, 135, 134, 146, 159, 151, 158, 147, 150, 258, 259, 239, 238, 216, 217, 121, 120, 274, 275, 280, 281, 284, 285, 286, 287, 154, 155, 106, 148, 295, 126, 292, 293, 294, 115, 149, 127, 246, 312, 313, 316, 317, 318, 319, 324, 325, 326, 327, 247, 233, 232, 235, 234, 167, 107, 114, 206, 343, 194, 195, 207, 179, 356, 358, 359, 357, 94, 178, 349, 350, 354, 355, 364, 365, 366, 367, 376, 377, 378, 379, 351, 95, 339, 345, 348, 394, 395, 401, 396, 397, 400, 341, 344, 342, 166, 338, 416, 417, 340, 283, 282, 424, 425, 426, 427, 315, 314, 328, 266, 267, 184, 438, 439, 185, 329, 321, 320, 414, 255, 278, 265, 139, 302, 144, 449, 290, 296, 418, 409, 279, 462, 463, 297, 270, 250, 254, 271, 415, 432, 109, 145, 291, 433, 431, 460, 454, 467, 466, 390, 461, 372, 469, 468, 442, 443, 380, 402, 407, 444, 190, 403, 471, 470, 473, 472, 371, 419, 387, 458, 191, 264, 448, 455, 430, 459, 381, 477, 476, 479, 478, 481, 482, 483, 487, 488, 489, 484, 485, 486, 480, 491, 490, 493, 497, 498, 499, 494, 495, 496, 492, 391, 408, 501, 503, 504, 505, 502, 500, 370, 406, 507, 506, 509, 508, 361, 347, 373, 386, 138, 360, 346, 108, 303, 251, 445, 510, 511, 512, 513, 514, 515, 441, 516, 517]
  列生成求解结果: 目标值=12.0000， 下界=8.0000， 上界=9.0000

处理节点 307
  开始列生成求解...
Set parameter LogToConsole to value 0
Set parameter Threads to value 1
Set parameter Seed to value 0
  定价策略: Exact, node=307, vertices=16
Set parameter PoolSearchMode to value 2
Set parameter PoolSolutions to value 10
[CG 1] RMP=12.000000, pricing=ExactPricingSolver, new_columns=0
  搜索路径: [1, 2, 3, 6, 7, 8, 11, 9, 14, 10, 15, 19, 23, 24, 25, 27, 26, 34, 35, 31, 33, 22, 40, 41, 43, 42, 30, 16, 54, 32, 57, 55, 59, 61, 17, 56, 68, 69, 58, 74, 75, 60, 18, 21, 80, 81, 20, 62, 63, 49, 48, 88, 89, 92, 93, 96, 97, 100, 101, 90, 91, 102, 103, 65, 64, 38, 39, 50, 51, 118, 124, 125, 119, 128, 129, 130, 131, 132, 133, 77, 66, 123, 76, 143, 140, 141, 142, 152, 153, 67, 116, 156, 157, 160, 161, 162, 122, 117, 170, 171, 172, 173, 176, 177, 180, 181, 112, 113, 174, 175, 186, 187, 188, 189, 163, 84, 85, 200, 204, 205, 201, 203, 202, 208, 209, 210, 211, 218, 219, 213, 212, 215, 223, 224, 230, 231, 225, 228, 229, 214, 236, 237, 220, 221, 222, 240, 241, 244, 245, 242, 243, 135, 134, 146, 159, 151, 158, 147, 150, 258, 259, 239, 238, 216, 217, 121, 120, 274, 275, 280, 281, 284, 285, 286, 287, 154, 155, 106, 148, 295, 126, 292, 293, 294, 115, 149, 127, 246, 312, 313, 316, 317, 318, 319, 324, 325, 326, 327, 247, 233, 232, 235, 234, 167, 107, 114, 206, 343, 194, 195, 207, 179, 356, 358, 359, 357, 94, 178, 349, 350, 354, 355, 364, 365, 366, 367, 376, 377, 378, 379, 351, 95, 339, 345, 348, 394, 395, 401, 396, 397, 400, 341, 344, 342, 166, 338, 416, 417, 340, 283, 282, 424, 425, 426, 427, 315, 314, 328, 266, 267, 184, 438, 439, 185, 329, 321, 320, 414, 255, 278, 265, 139, 302, 144, 449, 290, 296, 418, 409, 279, 462, 463, 297, 270, 250, 254, 271, 415, 432, 109, 145, 291, 433, 431, 460, 454, 467, 466, 390, 461, 372, 469, 468, 442, 443, 380, 402, 407, 444, 190, 403, 471, 470, 473, 472, 371, 419, 387, 458, 191, 264, 448, 455, 430, 459, 381, 477, 476, 479, 478, 481, 482, 483, 487, 488, 489, 484, 485, 486, 480, 491, 490, 493, 497, 498, 499, 494, 495, 496, 492, 391, 408, 501, 503, 504, 505, 502, 500, 370, 406, 507, 506, 509, 508, 361, 347, 373, 386, 138, 360, 346, 108, 303, 251, 445, 510, 511, 512, 513, 514, 515, 441, 516, 517, 307]
  列生成求解结果: 目标值=12.0000， 下界=8.0000， 上界=9.0000

处理节点 440
  开始列生成求解...
Set parameter LogToConsole to value 0
Set parameter Threads to value 1
Set parameter Seed to value 0
  定价策略: Exact, node=440, vertices=16
Set parameter PoolSearchMode to value 2
Set parameter PoolSolutions to value 10
[CG 1] RMP=2010.000000, pricing=ExactPricingSolver, new_columns=10
[CG 2] RMP=13.500000, pricing=ExactPricingSolver, new_columns=10
[CG 3] RMP=11.000000, pricing=ExactPricingSolver, new_columns=0
  搜索路径: [1, 2, 3, 6, 7, 8, 11, 9, 14, 10, 15, 19, 23, 24, 25, 27, 26, 34, 35, 31, 33, 22, 40, 41, 43, 42, 30, 16, 54, 32, 57, 55, 59, 61, 17, 56, 68, 69, 58, 74, 75, 60, 18, 21, 80, 81, 20, 62, 63, 49, 48, 88, 89, 92, 93, 96, 97, 100, 101, 90, 91, 102, 103, 65, 64, 38, 39, 50, 51, 118, 124, 125, 119, 128, 129, 130, 131, 132, 133, 77, 66, 123, 76, 143, 140, 141, 142, 152, 153, 67, 116, 156, 157, 160, 161, 162, 122, 117, 170, 171, 172, 173, 176, 177, 180, 181, 112, 113, 174, 175, 186, 187, 188, 189, 163, 84, 85, 200, 204, 205, 201, 203, 202, 208, 209, 210, 211, 218, 219, 213, 212, 215, 223, 224, 230, 231, 225, 228, 229, 214, 236, 237, 220, 221, 222, 240, 241, 244, 245, 242, 243, 135, 134, 146, 159, 151, 158, 147, 150, 258, 259, 239, 238, 216, 217, 121, 120, 274, 275, 280, 281, 284, 285, 286, 287, 154, 155, 106, 148, 295, 126, 292, 293, 294, 115, 149, 127, 246, 312, 313, 316, 317, 318, 319, 324, 325, 326, 327, 247, 233, 232, 235, 234, 167, 107, 114, 206, 343, 194, 195, 207, 179, 356, 358, 359, 357, 94, 178, 349, 350, 354, 355, 364, 365, 366, 367, 376, 377, 378, 379, 351, 95, 339, 345, 348, 394, 395, 401, 396, 397, 400, 341, 344, 342, 166, 338, 416, 417, 340, 283, 282, 424, 425, 426, 427, 315, 314, 328, 266, 267, 184, 438, 439, 185, 329, 321, 320, 414, 255, 278, 265, 139, 302, 144, 449, 290, 296, 418, 409, 279, 462, 463, 297, 270, 250, 254, 271, 415, 432, 109, 145, 291, 433, 431, 460, 454, 467, 466, 390, 461, 372, 469, 468, 442, 443, 380, 402, 407, 444, 190, 403, 471, 470, 473, 472, 371, 419, 387, 458, 191, 264, 448, 455, 430, 459, 381, 477, 476, 479, 478, 481, 482, 483, 487, 488, 489, 484, 485, 486, 480, 491, 490, 493, 497, 498, 499, 494, 495, 496, 492, 391, 408, 501, 503, 504, 505, 502, 500, 370, 406, 507, 506, 509, 508, 361, 347, 373, 386, 138, 360, 346, 108, 303, 251, 445, 510, 511, 512, 513, 514, 515, 441, 516, 517, 307, 440]
  列生成求解结果: 目标值=11.0000， 下界=8.0000， 上界=9.0000

处理节点 306
  开始列生成求解...
Set parameter LogToConsole to value 0
Set parameter Threads to value 1
Set parameter Seed to value 0
  定价策略: Exact, node=306, vertices=16
Set parameter PoolSearchMode to value 2
Set parameter PoolSolutions to value 10
[CG 1] RMP=10.000000, pricing=ExactPricingSolver, new_columns=0
  搜索路径: [1, 2, 3, 6, 7, 8, 11, 9, 14, 10, 15, 19, 23, 24, 25, 27, 26, 34, 35, 31, 33, 22, 40, 41, 43, 42, 30, 16, 54, 32, 57, 55, 59, 61, 17, 56, 68, 69, 58, 74, 75, 60, 18, 21, 80, 81, 20, 62, 63, 49, 48, 88, 89, 92, 93, 96, 97, 100, 101, 90, 91, 102, 103, 65, 64, 38, 39, 50, 51, 118, 124, 125, 119, 128, 129, 130, 131, 132, 133, 77, 66, 123, 76, 143, 140, 141, 142, 152, 153, 67, 116, 156, 157, 160, 161, 162, 122, 117, 170, 171, 172, 173, 176, 177, 180, 181, 112, 113, 174, 175, 186, 187, 188, 189, 163, 84, 85, 200, 204, 205, 201, 203, 202, 208, 209, 210, 211, 218, 219, 213, 212, 215, 223, 224, 230, 231, 225, 228, 229, 214, 236, 237, 220, 221, 222, 240, 241, 244, 245, 242, 243, 135, 134, 146, 159, 151, 158, 147, 150, 258, 259, 239, 238, 216, 217, 121, 120, 274, 275, 280, 281, 284, 285, 286, 287, 154, 155, 106, 148, 295, 126, 292, 293, 294, 115, 149, 127, 246, 312, 313, 316, 317, 318, 319, 324, 325, 326, 327, 247, 233, 232, 235, 234, 167, 107, 114, 206, 343, 194, 195, 207, 179, 356, 358, 359, 357, 94, 178, 349, 350, 354, 355, 364, 365, 366, 367, 376, 377, 378, 379, 351, 95, 339, 345, 348, 394, 395, 401, 396, 397, 400, 341, 344, 342, 166, 338, 416, 417, 340, 283, 282, 424, 425, 426, 427, 315, 314, 328, 266, 267, 184, 438, 439, 185, 329, 321, 320, 414, 255, 278, 265, 139, 302, 144, 449, 290, 296, 418, 409, 279, 462, 463, 297, 270, 250, 254, 271, 415, 432, 109, 145, 291, 433, 431, 460, 454, 467, 466, 390, 461, 372, 469, 468, 442, 443, 380, 402, 407, 444, 190, 403, 471, 470, 473, 472, 371, 419, 387, 458, 191, 264, 448, 455, 430, 459, 381, 477, 476, 479, 478, 481, 482, 483, 487, 488, 489, 484, 485, 486, 480, 491, 490, 493, 497, 498, 499, 494, 495, 496, 492, 391, 408, 501, 503, 504, 505, 502, 500, 370, 406, 507, 506, 509, 508, 361, 347, 373, 386, 138, 360, 346, 108, 303, 251, 445, 510, 511, 512, 513, 514, 515, 441, 516, 517, 307, 440, 306]
  列生成求解结果: 目标值=10.0000， 下界=8.0000， 上界=9.0000

处理节点 474
  开始列生成求解...
Set parameter LogToConsole to value 0
Set parameter Threads to value 1
Set parameter Seed to value 0
  定价策略: Exact, node=474, vertices=13
Set parameter PoolSearchMode to value 2
Set parameter PoolSolutions to value 10
[CG 1] RMP=2010.000000, pricing=ExactPricingSolver, new_columns=10
[CG 2] RMP=9.000000, pricing=ExactPricingSolver, new_columns=0
  搜索路径: [1, 2, 3, 6, 7, 8, 11, 9, 14, 10, 15, 19, 23, 24, 25, 27, 26, 34, 35, 31, 33, 22, 40, 41, 43, 42, 30, 16, 54, 32, 57, 55, 59, 61, 17, 56, 68, 69, 58, 74, 75, 60, 18, 21, 80, 81, 20, 62, 63, 49, 48, 88, 89, 92, 93, 96, 97, 100, 101, 90, 91, 102, 103, 65, 64, 38, 39, 50, 51, 118, 124, 125, 119, 128, 129, 130, 131, 132, 133, 77, 66, 123, 76, 143, 140, 141, 142, 152, 153, 67, 116, 156, 157, 160, 161, 162, 122, 117, 170, 171, 172, 173, 176, 177, 180, 181, 112, 113, 174, 175, 186, 187, 188, 189, 163, 84, 85, 200, 204, 205, 201, 203, 202, 208, 209, 210, 211, 218, 219, 213, 212, 215, 223, 224, 230, 231, 225, 228, 229, 214, 236, 237, 220, 221, 222, 240, 241, 244, 245, 242, 243, 135, 134, 146, 159, 151, 158, 147, 150, 258, 259, 239, 238, 216, 217, 121, 120, 274, 275, 280, 281, 284, 285, 286, 287, 154, 155, 106, 148, 295, 126, 292, 293, 294, 115, 149, 127, 246, 312, 313, 316, 317, 318, 319, 324, 325, 326, 327, 247, 233, 232, 235, 234, 167, 107, 114, 206, 343, 194, 195, 207, 179, 356, 358, 359, 357, 94, 178, 349, 350, 354, 355, 364, 365, 366, 367, 376, 377, 378, 379, 351, 95, 339, 345, 348, 394, 395, 401, 396, 397, 400, 341, 344, 342, 166, 338, 416, 417, 340, 283, 282, 424, 425, 426, 427, 315, 314, 328, 266, 267, 184, 438, 439, 185, 329, 321, 320, 414, 255, 278, 265, 139, 302, 144, 449, 290, 296, 418, 409, 279, 462, 463, 297, 270, 250, 254, 271, 415, 432, 109, 145, 291, 433, 431, 460, 454, 467, 466, 390, 461, 372, 469, 468, 442, 443, 380, 402, 407, 444, 190, 403, 471, 470, 473, 472, 371, 419, 387, 458, 191, 264, 448, 455, 430, 459, 381, 477, 476, 479, 478, 481, 482, 483, 487, 488, 489, 484, 485, 486, 480, 491, 490, 493, 497, 498, 499, 494, 495, 496, 492, 391, 408, 501, 503, 504, 505, 502, 500, 370, 406, 507, 506, 509, 508, 361, 347, 373, 386, 138, 360, 346, 108, 303, 251, 445, 510, 511, 512, 513, 514, 515, 441, 516, 517, 307, 440, 306, 474]
  列生成求解结果: 目标值=9.0000， 下界=8.0000， 上界=9.0000

处理节点 475
  开始列生成求解...
Set parameter LogToConsole to value 0
Set parameter Threads to value 1
Set parameter Seed to value 0
  定价策略: Exact, node=475, vertices=14
Set parameter PoolSearchMode to value 2
Set parameter PoolSolutions to value 10
[CG 1] RMP=9.000000, pricing=ExactPricingSolver, new_columns=0
  搜索路径: [1, 2, 3, 6, 7, 8, 11, 9, 14, 10, 15, 19, 23, 24, 25, 27, 26, 34, 35, 31, 33, 22, 40, 41, 43, 42, 30, 16, 54, 32, 57, 55, 59, 61, 17, 56, 68, 69, 58, 74, 75, 60, 18, 21, 80, 81, 20, 62, 63, 49, 48, 88, 89, 92, 93, 96, 97, 100, 101, 90, 91, 102, 103, 65, 64, 38, 39, 50, 51, 118, 124, 125, 119, 128, 129, 130, 131, 132, 133, 77, 66, 123, 76, 143, 140, 141, 142, 152, 153, 67, 116, 156, 157, 160, 161, 162, 122, 117, 170, 171, 172, 173, 176, 177, 180, 181, 112, 113, 174, 175, 186, 187, 188, 189, 163, 84, 85, 200, 204, 205, 201, 203, 202, 208, 209, 210, 211, 218, 219, 213, 212, 215, 223, 224, 230, 231, 225, 228, 229, 214, 236, 237, 220, 221, 222, 240, 241, 244, 245, 242, 243, 135, 134, 146, 159, 151, 158, 147, 150, 258, 259, 239, 238, 216, 217, 121, 120, 274, 275, 280, 281, 284, 285, 286, 287, 154, 155, 106, 148, 295, 126, 292, 293, 294, 115, 149, 127, 246, 312, 313, 316, 317, 318, 319, 324, 325, 326, 327, 247, 233, 232, 235, 234, 167, 107, 114, 206, 343, 194, 195, 207, 179, 356, 358, 359, 357, 94, 178, 349, 350, 354, 355, 364, 365, 366, 367, 376, 377, 378, 379, 351, 95, 339, 345, 348, 394, 395, 401, 396, 397, 400, 341, 344, 342, 166, 338, 416, 417, 340, 283, 282, 424, 425, 426, 427, 315, 314, 328, 266, 267, 184, 438, 439, 185, 329, 321, 320, 414, 255, 278, 265, 139, 302, 144, 449, 290, 296, 418, 409, 279, 462, 463, 297, 270, 250, 254, 271, 415, 432, 109, 145, 291, 433, 431, 460, 454, 467, 466, 390, 461, 372, 469, 468, 442, 443, 380, 402, 407, 444, 190, 403, 471, 470, 473, 472, 371, 419, 387, 458, 191, 264, 448, 455, 430, 459, 381, 477, 476, 479, 478, 481, 482, 483, 487, 488, 489, 484, 485, 486, 480, 491, 490, 493, 497, 498, 499, 494, 495, 496, 492, 391, 408, 501, 503, 504, 505, 502, 500, 370, 406, 507, 506, 509, 508, 361, 347, 373, 386, 138, 360, 346, 108, 303, 251, 445, 510, 511, 512, 513, 514, 515, 441, 516, 517, 307, 440, 306, 474, 475]
  列生成求解结果: 目标值=9.0000， 下界=8.0000， 上界=9.0000
所有节点已处理完毕，达到最优解

==================================================
分支定价算法完成!
==================================================
最优目标值: 9.000000
最优解列组成如下：
  列 1: vertex_ids=[4, 7, 9, 11, 16, 20, 29], max_endtime=9
  列 2: vertex_ids=[1, 19, 23], max_endtime=4
全局下界: 9.000000
优化间隙: 0.0000%
处理节点数: 389
创建节点数: 517
剪枝节点数: 256
总求解时间: 1.78秒

定价求解统计：
  总定价时间: 0.7200秒
  使用QAIA的节点数: 1
  纯Exact节点数: 388
  QAIA调用次数: 7
  QAIA累计时间: 0.0320秒
  混合节点中的Exact调用次数: 7
  混合节点中的Exact累计时间: 0.0148秒
  QAIA平均单次时间: 0.004569秒
