开始分支定价算法...
时间限制: 120.0秒
根节点已添加: ID=1

处理节点 1
  开始列生成求解...
Set parameter Username
Academic license - for non-commercial use only - expires 2026-12-02
Set parameter LogToConsole to value 0
Set parameter Threads to value 1
Set parameter Seed to value 0
  定价策略: Exact, node=1, vertices=30
Set parameter PoolSearchMode to value 2
Set parameter PoolSolutions to value 10
[CG 1] RMP=2010.000000, pricing=ExactPricingSolver, new_columns=10
[CG 2] RMP=2010.000000, pricing=ExactPricingSolver, new_columns=10
[CG 3] RMP=11.000000, pricing=ExactPricingSolver, new_columns=10
[CG 4] RMP=8.000000, pricing=ExactPricingSolver, new_columns=10
[CG 5] RMP=4.950000, pricing=ExactPricingSolver, new_columns=10
[CG 6] RMP=4.235294, pricing=ExactPricingSolver, new_columns=0
  搜索路径: [1]
  列生成求解结果: 目标值=4.2353， 下界=-inf， 上界=inf
    非整数变量: COL_0-20-29-4-7-9_3 = 0.010644
  解不是整数，开始分支...
ImposedVertex(vertex=29)
ForbidVertex(vertex=29)
  创建了 2 个分支
    添加分支节点 1: ID=2
    添加分支节点 2: ID=3

处理节点 2
  开始列生成求解...
Set parameter LogToConsole to value 0
Set parameter Threads to value 1
Set parameter Seed to value 0
  定价策略: Exact, node=2, vertices=27
Set parameter PoolSearchMode to value 2
Set parameter PoolSolutions to value 10
[CG 1] RMP=9.000000, pricing=ExactPricingSolver, new_columns=0
  搜索路径: [1, 2]
  列生成求解结果: 目标值=9.0000， 下界=4.2353， 上界=inf
    非整数变量: COL_0-20-29-4-7-9_3 = 0.500000
  解不是整数，开始分支...
ImposedVertex(vertex=0)
ForbidVertex(vertex=0)
  创建了 2 个分支
    添加分支节点 1: ID=4
    添加分支节点 2: ID=5

处理节点 3
  开始列生成求解...
Set parameter LogToConsole to value 0
Set parameter Threads to value 1
Set parameter Seed to value 0
  定价策略: Exact, node=3, vertices=29
Set parameter PoolSearchMode to value 2
Set parameter PoolSolutions to value 10
[CG 1] RMP=4.893944, pricing=ExactPricingSolver, new_columns=10
[CG 2] RMP=4.277778, pricing=ExactPricingSolver, new_columns=10
[CG 3] RMP=4.235294, pricing=ExactPricingSolver, new_columns=0
  搜索路径: [1, 2, 3]
  列生成求解结果: 目标值=4.2353， 下界=4.2353， 上界=inf
    非整数变量: COL_13-16-19_4 = 0.092513
  解不是整数，开始分支...
ImposedVertex(vertex=24)
ForbidVertex(vertex=24)
  创建了 2 个分支
    添加分支节点 1: ID=6
    添加分支节点 2: ID=7

处理节点 6
  开始列生成求解...
Set parameter LogToConsole to value 0
Set parameter Threads to value 1
Set parameter Seed to value 0
  定价策略: Exact, node=6, vertices=26
Set parameter PoolSearchMode to value 2
Set parameter PoolSolutions to value 10
[CG 1] RMP=9.000000, pricing=ExactPricingSolver, new_columns=0
  搜索路径: [1, 2, 3, 6]
  列生成求解结果: 目标值=9.0000， 下界=4.2353， 上界=inf
    非整数变量: COL_11-15-18-20-24-27-7-9_26 = 0.818182
  解不是整数，开始分支...
ImposedVertex(vertex=9)
ForbidVertex(vertex=9)
  创建了 2 个分支
    添加分支节点 1: ID=8
    添加分支节点 2: ID=9

处理节点 7
  开始列生成求解...
Set parameter LogToConsole to value 0
Set parameter Threads to value 1
Set parameter Seed to value 0
  定价策略: Exact, node=7, vertices=28
Set parameter PoolSearchMode to value 2
Set parameter PoolSolutions to value 10
[CG 1] RMP=4.500000, pricing=ExactPricingSolver, new_columns=10
[CG 2] RMP=4.235294, pricing=ExactPricingSolver, new_columns=0
  搜索路径: [1, 2, 3, 6, 7]
  列生成求解结果: 目标值=4.2353， 下界=4.2353， 上界=inf
    非整数变量: COL_13-16-19_4 = 0.394958
  解不是整数，开始分支...
ImposedVertex(vertex=16)
ForbidVertex(vertex=16)
  创建了 2 个分支
    添加分支节点 1: ID=10
    添加分支节点 2: ID=11

处理节点 10
  开始列生成求解...
Set parameter LogToConsole to value 0
Set parameter Threads to value 1
Set parameter Seed to value 0
  定价策略: Exact, node=10, vertices=26
Set parameter PoolSearchMode to value 2
Set parameter PoolSolutions to value 10
[CG 1] RMP=1010.000000, pricing=ExactPricingSolver, new_columns=10
[CG 2] RMP=5.739130, pricing=ExactPricingSolver, new_columns=10
[CG 3] RMP=4.235294, pricing=ExactPricingSolver, new_columns=0
  搜索路径: [1, 2, 3, 6, 7, 10]
  列生成求解结果: 目标值=4.2353， 下界=4.2353， 上界=inf
    非整数变量: COL_13-16-19_4 = 0.278075
  解不是整数，开始分支...
ImposedVertex(vertex=26)
ForbidVertex(vertex=26)
  创建了 2 个分支
    添加分支节点 1: ID=12
    添加分支节点 2: ID=13

处理节点 12
  开始列生成求解...
Set parameter LogToConsole to value 0
Set parameter Threads to value 1
Set parameter Seed to value 0
  定价策略: Exact, node=12, vertices=24
Set parameter PoolSearchMode to value 2
Set parameter PoolSolutions to value 10
[CG 1] RMP=1010.000000, pricing=ExactPricingSolver, new_columns=10
[CG 2] RMP=10.000000, pricing=ExactPricingSolver, new_columns=0
  搜索路径: [1, 2, 3, 6, 7, 10, 12]
  列生成求解结果: 目标值=10.0000， 下界=4.2353， 上界=inf
    非整数变量: COL_1-11-18-23-7-9_34 = 0.166667
  解不是整数，开始分支...
ImposedVertex(vertex=1)
ForbidVertex(vertex=1)
  创建了 2 个分支
    添加分支节点 1: ID=14
    添加分支节点 2: ID=15

处理节点 13
  开始列生成求解...
Set parameter LogToConsole to value 0
Set parameter Threads to value 1
Set parameter Seed to value 0
  定价策略: Exact, node=13, vertices=25
Set parameter PoolSearchMode to value 2
Set parameter PoolSolutions to value 10
[CG 1] RMP=5.739130, pricing=ExactPricingSolver, new_columns=0
  搜索路径: [1, 2, 3, 6, 7, 10, 12, 13]
  列生成求解结果: 目标值=5.7391， 下界=4.2353， 上界=inf
    非整数变量: COL_13-16-19_4 = 0.500000
  解不是整数，开始分支...
ImposedVertex(vertex=13)
ForbidVertex(vertex=13)
  创建了 2 个分支
    添加分支节点 1: ID=16
    添加分支节点 2: ID=17

处理节点 11
  开始列生成求解...
Set parameter LogToConsole to value 0
Set parameter Threads to value 1
Set parameter Seed to value 0
  定价策略: Exact, node=11, vertices=27
Set parameter PoolSearchMode to value 2
Set parameter PoolSolutions to value 10
[CG 1] RMP=4.421053, pricing=ExactPricingSolver, new_columns=10
[CG 2] RMP=4.235294, pricing=ExactPricingSolver, new_columns=0
  搜索路径: [1, 2, 3, 6, 7, 10, 12, 13, 11]
  列生成求解结果: 目标值=4.2353， 下界=4.2353， 上界=inf
    非整数变量: COL_15-25-27-8_8 = 0.152941
  解不是整数，开始分支...
ImposedVertex(vertex=25)
ForbidVertex(vertex=25)
  创建了 2 个分支
    添加分支节点 1: ID=18
    添加分支节点 2: ID=19

处理节点 18
  开始列生成求解...
Set parameter LogToConsole to value 0
Set parameter Threads to value 1
Set parameter Seed to value 0
  定价策略: Exact, node=18, vertices=25
Set parameter PoolSearchMode to value 2
Set parameter PoolSolutions to value 10
[CG 1] RMP=7.764706, pricing=ExactPricingSolver, new_columns=10
[CG 2] RMP=6.160000, pricing=ExactPricingSolver, new_columns=10
[CG 3] RMP=6.000000, pricing=ExactPricingSolver, new_columns=10
[CG 4] RMP=5.341040, pricing=ExactPricingSolver, new_columns=10
[CG 5] RMP=4.569984, pricing=ExactPricingSolver, new_columns=10
[CG 6] RMP=4.277778, pricing=ExactPricingSolver, new_columns=0
  搜索路径: [1, 2, 3, 6, 7, 10, 12, 13, 11, 18]
  列生成求解结果: 目标值=4.2778， 下界=4.2353， 上界=inf
    非整数变量: COL_11-15-20-25_17 = 0.234414
  解不是整数，开始分支...
ImposedVertex(vertex=11)
ForbidVertex(vertex=11)
  创建了 2 个分支
    添加分支节点 1: ID=20
    添加分支节点 2: ID=21
  进度: 已处理 10 个节点, 剩余 11 个, 当前最优 inf, 当前列数: 176

处理节点 19
  开始列生成求解...
Set parameter LogToConsole to value 0
Set parameter Threads to value 1
Set parameter Seed to value 0
  定价策略: Exact, node=19, vertices=26
Set parameter PoolSearchMode to value 2
Set parameter PoolSolutions to value 10
[CG 1] RMP=4.235294, pricing=ExactPricingSolver, new_columns=0
  搜索路径: [1, 2, 3, 6, 7, 10, 12, 13, 11, 18, 19]
  列生成求解结果: 目标值=4.2353， 下界=4.2353， 上界=inf
    非整数变量: COL_1-15-23-27-5-8_12 = 0.293048
  解不是整数，开始分支...
ImposedVertex(vertex=27)
ForbidVertex(vertex=27)
  创建了 2 个分支
    添加分支节点 1: ID=22
    添加分支节点 2: ID=23

处理节点 22
  开始列生成求解...
Set parameter LogToConsole to value 0
Set parameter Threads to value 1
Set parameter Seed to value 0
  定价策略: Exact, node=22, vertices=24
Set parameter PoolSearchMode to value 2
Set parameter PoolSolutions to value 10
[CG 1] RMP=11.000000, pricing=ExactPricingSolver, new_columns=0
  搜索路径: [1, 2, 3, 6, 7, 10, 12, 13, 11, 18, 19, 22]
  列生成求解结果: 目标值=11.0000， 下界=4.2353， 上界=inf
    非整数变量: COL_1-15-23-27-5-8_12 = 0.400000
  解不是整数，开始分支...
ImposedVertex(vertex=1)
ForbidVertex(vertex=1)
  创建了 2 个分支
    添加分支节点 1: ID=24
    添加分支节点 2: ID=25

处理节点 23
  开始列生成求解...
Set parameter LogToConsole to value 0
Set parameter Threads to value 1
Set parameter Seed to value 0
  定价策略: Exact, node=23, vertices=25
Set parameter PoolSearchMode to value 2
Set parameter PoolSolutions to value 10
[CG 1] RMP=5.454545, pricing=ExactPricingSolver, new_columns=0
  搜索路径: [1, 2, 3, 6, 7, 10, 12, 13, 11, 18, 19, 22, 23]
  列生成求解结果: 目标值=5.4545， 下界=4.2353， 上界=inf
    非整数变量: COL_1-11-17-20-22-5_22 = 0.340909
  解不是整数，开始分支...
ImposedVertex(vertex=1)
ForbidVertex(vertex=1)
  创建了 2 个分支
    添加分支节点 1: ID=26
    添加分支节点 2: ID=27

处理节点 20
  开始列生成求解...
Set parameter LogToConsole to value 0
Set parameter Threads to value 1
Set parameter Seed to value 0
  定价策略: Exact, node=20, vertices=22
Set parameter PoolSearchMode to value 2
Set parameter PoolSolutions to value 10
[CG 1] RMP=5.000000, pricing=ExactPricingSolver, new_columns=0
  搜索路径: [1, 2, 3, 6, 7, 10, 12, 13, 11, 18, 19, 22, 23, 20]
  列生成求解结果: 目标值=5.0000， 下界=4.2778， 上界=inf
    非整数变量: COL_1-15-25-27-8_10 = 0.078102
  解不是整数，开始分支...
ImposedVertex(vertex=1)
ForbidVertex(vertex=1)
  创建了 2 个分支
    添加分支节点 1: ID=28
    添加分支节点 2: ID=29

处理节点 21
  开始列生成求解...
Set parameter LogToConsole to value 0
Set parameter Threads to value 1
Set parameter Seed to value 0
  定价策略: Exact, node=21, vertices=24
Set parameter PoolSearchMode to value 2
Set parameter PoolSolutions to value 10
[CG 1] RMP=5.142857, pricing=ExactPricingSolver, new_columns=10
[CG 2] RMP=4.760160, pricing=ExactPricingSolver, new_columns=10
[CG 3] RMP=4.573503, pricing=ExactPricingSolver, new_columns=10
[CG 4] RMP=4.277778, pricing=ExactPricingSolver, new_columns=0
  搜索路径: [1, 2, 3, 6, 7, 10, 12, 13, 11, 18, 19, 22, 23, 20, 21]
  列生成求解结果: 目标值=4.2778， 下界=4.2778， 上界=inf
    非整数变量: COL_15-25-27-8_8 = 0.089120
  解不是整数，开始分支...
ImposedVertex(vertex=27)
ForbidVertex(vertex=27)
  创建了 2 个分支
    添加分支节点 1: ID=30
    添加分支节点 2: ID=31

处理节点 30
  开始列生成求解...
Set parameter LogToConsole to value 0
Set parameter Threads to value 1
Set parameter Seed to value 0
  定价策略: Exact, node=30, vertices=22
Set parameter PoolSearchMode to value 2
Set parameter PoolSolutions to value 10
[CG 1] RMP=11.000000, pricing=ExactPricingSolver, new_columns=0
  搜索路径: [1, 2, 3, 6, 7, 10, 12, 13, 11, 18, 19, 22, 23, 20, 21, 30]
  列生成求解结果: 目标值=11.0000， 下界=4.2778， 上界=inf
    非整数变量: COL_0-18-25-4_129 = 0.083333
  解不是整数，开始分支...
ImposedVertex(vertex=0)
ForbidVertex(vertex=0)
  创建了 2 个分支
    添加分支节点 1: ID=32
    添加分支节点 2: ID=33

处理节点 31
  开始列生成求解...
Set parameter LogToConsole to value 0
Set parameter Threads to value 1
Set parameter Seed to value 0
  定价策略: Exact, node=31, vertices=23
Set parameter PoolSearchMode to value 2
Set parameter PoolSolutions to value 10
[CG 1] RMP=5.454545, pricing=ExactPricingSolver, new_columns=0
  搜索路径: [1, 2, 3, 6, 7, 10, 12, 13, 11, 18, 19, 22, 23, 20, 21, 30, 31]
  列生成求解结果: 目标值=5.4545， 下界=4.2778， 上界=inf
    非整数变量: COL_0-12-4-7-9_73 = 0.111570
  解不是整数，开始分支...
ImposedVertex(vertex=0)
ForbidVertex(vertex=0)
  创建了 2 个分支
    添加分支节点 1: ID=34
    添加分支节点 2: ID=35

处理节点 28
  开始列生成求解...
Set parameter LogToConsole to value 0
Set parameter Threads to value 1
Set parameter Seed to value 0
  定价策略: Exact, node=28, vertices=19
Set parameter PoolSearchMode to value 2
Set parameter PoolSolutions to value 10
[CG 1] RMP=5.992218, pricing=ExactPricingSolver, new_columns=10
[CG 2] RMP=5.000000, pricing=ExactPricingSolver, new_columns=0
  搜索路径: [1, 2, 3, 6, 7, 10, 12, 13, 11, 18, 19, 22, 23, 20, 21, 30, 31, 28]
  列生成求解结果: 目标值=5.0000， 下界=5.0000， 上界=inf
    非整数变量: COL_11-15-18-21-27-7-9_44 = 0.037879
  解不是整数，开始分支...
ImposedVertex(vertex=27)
ForbidVertex(vertex=27)
  创建了 2 个分支
    添加分支节点 1: ID=36
    添加分支节点 2: ID=37

处理节点 29
  开始列生成求解...
Set parameter LogToConsole to value 0
Set parameter Threads to value 1
Set parameter Seed to value 0
  定价策略: Exact, node=29, vertices=21
Set parameter PoolSearchMode to value 2
Set parameter PoolSolutions to value 10
[CG 1] RMP=5.000000, pricing=ExactPricingSolver, new_columns=0
  搜索路径: [1, 2, 3, 6, 7, 10, 12, 13, 11, 18, 19, 22, 23, 20, 21, 30, 31, 28, 29]
  列生成求解结果: 目标值=5.0000， 下界=5.0000， 上界=inf
    非整数变量: COL_15-25-27-8_8 = 0.064935
  解不是整数，开始分支...
ImposedVertex(vertex=27)
ForbidVertex(vertex=27)
  创建了 2 个分支
    添加分支节点 1: ID=38
    添加分支节点 2: ID=39

处理节点 36
  开始列生成求解...
Set parameter LogToConsole to value 0
Set parameter Threads to value 1
Set parameter Seed to value 0
  定价策略: Exact, node=36, vertices=17
Set parameter PoolSearchMode to value 2
Set parameter PoolSolutions to value 10
[CG 1] RMP=12.000000, pricing=ExactPricingSolver, new_columns=10
[CG 2] RMP=11.000000, pricing=ExactPricingSolver, new_columns=0
  搜索路径: [1, 2, 3, 6, 7, 10, 12, 13, 11, 18, 19, 22, 23, 20, 21, 30, 31, 28, 29, 36]
  列生成求解结果: 目标值=11.0000， 下界=5.0000， 上界=inf
    非整数变量: COL_1-10-11-15-21-5-7_45 = 0.083333
  解不是整数，开始分支...
ImposedVertex(vertex=5)
ForbidVertex(vertex=5)
  创建了 2 个分支
    添加分支节点 1: ID=40
    添加分支节点 2: ID=41
  进度: 已处理 20 个节点, 剩余 21 个, 当前最优 inf, 当前列数: 226

处理节点 37
  开始列生成求解...
Set parameter LogToConsole to value 0
Set parameter Threads to value 1
Set parameter Seed to value 0
  定价策略: Exact, node=37, vertices=18
Set parameter PoolSearchMode to value 2
Set parameter PoolSolutions to value 10
[CG 1] RMP=6.803213, pricing=ExactPricingSolver, new_columns=10
[CG 2] RMP=5.454545, pricing=ExactPricingSolver, new_columns=0
  搜索路径: [1, 2, 3, 6, 7, 10, 12, 13, 11, 18, 19, 22, 23, 20, 21, 30, 31, 28, 29, 36, 37]
  列生成求解结果: 目标值=5.4545， 下界=5.0000， 上界=inf
    非整数变量: COL_1-21-5_40 = 0.024793
  解不是整数，开始分支...
ImposedVertex(vertex=5)
ForbidVertex(vertex=5)
  创建了 2 个分支
    添加分支节点 1: ID=42
    添加分支节点 2: ID=43

处理节点 39
  开始列生成求解...
Set parameter LogToConsole to value 0
Set parameter Threads to value 1
Set parameter Seed to value 0
  定价策略: Exact, node=39, vertices=20
Set parameter PoolSearchMode to value 2
Set parameter PoolSolutions to value 10
[CG 1] RMP=6.160000, pricing=ExactPricingSolver, new_columns=10
[CG 2] RMP=5.454545, pricing=ExactPricingSolver, new_columns=0
  搜索路径: [1, 2, 3, 6, 7, 10, 12, 13, 11, 18, 19, 22, 23, 20, 21, 30, 31, 28, 29, 36, 37, 39]
  列生成求解结果: 目标值=5.4545， 下界=5.0000， 上界=inf
    非整数变量: COL_11-15-20-25_17 = 0.136364
  解不是整数，开始分支...
ImposedVertex(vertex=0)
ForbidVertex(vertex=0)
  创建了 2 个分支
    添加分支节点 1: ID=44
    添加分支节点 2: ID=45

处理节点 38
  开始列生成求解...
Set parameter LogToConsole to value 0
Set parameter Threads to value 1
Set parameter Seed to value 0
  定价策略: Exact, node=38, vertices=19
Set parameter PoolSearchMode to value 2
Set parameter PoolSolutions to value 10
[CG 1] RMP=11.000000, pricing=ExactPricingSolver, new_columns=0
  搜索路径: [1, 2, 3, 6, 7, 10, 12, 13, 11, 18, 19, 22, 23, 20, 21, 30, 31, 28, 29, 36, 37, 39, 38]
  列生成求解结果: 目标值=11.0000， 下界=5.0000， 上界=inf
    非整数变量: COL_15-25-27-8_8 = 0.300000
  解不是整数，开始分支...
ImposedVertex(vertex=8)
ForbidVertex(vertex=8)
  创建了 2 个分支
    添加分支节点 1: ID=46
    添加分支节点 2: ID=47

处理节点 44
  开始列生成求解...
Set parameter LogToConsole to value 0
Set parameter Threads to value 1
Set parameter Seed to value 0
  定价策略: Exact, node=44, vertices=18
Set parameter PoolSearchMode to value 2
Set parameter PoolSolutions to value 10
[CG 1] RMP=5.992218, pricing=ExactPricingSolver, new_columns=10
[CG 2] RMP=5.454545, pricing=ExactPricingSolver, new_columns=0
  搜索路径: [1, 2, 3, 6, 7, 10, 12, 13, 11, 18, 19, 22, 23, 20, 21, 30, 31, 28, 29, 36, 37, 39, 38, 44]
  列生成求解结果: 目标值=5.4545， 下界=5.4545， 上界=inf
    非整数变量: COL_0-21_37 = 0.060606
  解不是整数，开始分支...
ImposedVertex(vertex=21)
ForbidVertex(vertex=21)
  创建了 2 个分支
    添加分支节点 1: ID=48
    添加分支节点 2: ID=49

处理节点 45
  开始列生成求解...
Set parameter LogToConsole to value 0
Set parameter Threads to value 1
Set parameter Seed to value 0
  定价策略: Exact, node=45, vertices=19
Set parameter PoolSearchMode to value 2
Set parameter PoolSolutions to value 10
[CG 1] RMP=5.454545, pricing=ExactPricingSolver, new_columns=0
  搜索路径: [1, 2, 3, 6, 7, 10, 12, 13, 11, 18, 19, 22, 23, 20, 21, 30, 31, 28, 29, 36, 37, 39, 38, 44, 45]
  列生成求解结果: 目标值=5.4545， 下界=5.4545， 上界=inf
    非整数变量: COL_11-15-20-25_17 = 0.056818
  解不是整数，开始分支...
ImposedVertex(vertex=15)
ForbidVertex(vertex=15)
  创建了 2 个分支
    添加分支节点 1: ID=50
    添加分支节点 2: ID=51

处理节点 48
  开始列生成求解...
Set parameter LogToConsole to value 0
Set parameter Threads to value 1
Set parameter Seed to value 0
  定价策略: Exact, node=48, vertices=17
Set parameter PoolSearchMode to value 2
Set parameter PoolSolutions to value 10
[CG 1] RMP=9.000000, pricing=ExactPricingSolver, new_columns=0
  搜索路径: [1, 2, 3, 6, 7, 10, 12, 13, 11, 18, 19, 22, 23, 20, 21, 30, 31, 28, 29, 36, 37, 39, 38, 44, 45, 48]
  列生成求解结果: 目标值=9.0000， 下界=5.4545， 上界=inf
    非整数变量: COL_0-21-4_39 = 0.500000
  解不是整数，开始分支...
ImposedVertex(vertex=18)
ForbidVertex(vertex=18)
  创建了 2 个分支
    添加分支节点 1: ID=52
    添加分支节点 2: ID=53

处理节点 49
  开始列生成求解...
Set parameter LogToConsole to value 0
Set parameter Threads to value 1
Set parameter Seed to value 0
  定价策略: Exact, node=49, vertices=17
Set parameter PoolSearchMode to value 2
Set parameter PoolSolutions to value 10
[CG 1] RMP=10.500000, pricing=ExactPricingSolver, new_columns=10
[CG 2] RMP=8.000000, pricing=ExactPricingSolver, new_columns=0
  搜索路径: [1, 2, 3, 6, 7, 10, 12, 13, 11, 18, 19, 22, 23, 20, 21, 30, 31, 28, 29, 36, 37, 39, 38, 44, 45, 48, 49]
  列生成求解结果: 目标值=8.0000， 下界=5.4545， 上界=inf
    非整数变量: COL_11-15-20-25_17 = 0.333333
  解不是整数，开始分支...
ImposedVertex(vertex=18)
ForbidVertex(vertex=18)
  创建了 2 个分支
    添加分支节点 1: ID=54
    添加分支节点 2: ID=55

处理节点 26
  开始列生成求解...
Set parameter LogToConsole to value 0
Set parameter Threads to value 1
Set parameter Seed to value 0
  定价策略: Exact, node=26, vertices=22
Set parameter PoolSearchMode to value 2
Set parameter PoolSolutions to value 10
[CG 1] RMP=5.454545, pricing=ExactPricingSolver, new_columns=0
  搜索路径: [1, 2, 3, 6, 7, 10, 12, 13, 11, 18, 19, 22, 23, 20, 21, 30, 31, 28, 29, 36, 37, 39, 38, 44, 45, 48, 49, 26]
  列生成求解结果: 目标值=5.4545， 下界=5.4545， 上界=inf
    非整数变量: COL_1-11-17-20-22-5_22 = 0.344353
  解不是整数，开始分支...
ImposedVertex(vertex=5)
ForbidVertex(vertex=5)
  创建了 2 个分支
    添加分支节点 1: ID=56
    添加分支节点 2: ID=57

处理节点 27
  开始列生成求解...
Set parameter LogToConsole to value 0
Set parameter Threads to value 1
Set parameter Seed to value 0
  定价策略: Exact, node=27, vertices=24
Set parameter PoolSearchMode to value 2
Set parameter PoolSolutions to value 10
[CG 1] RMP=8.000000, pricing=ExactPricingSolver, new_columns=10
[CG 2] RMP=6.000000, pricing=ExactPricingSolver, new_columns=10
[CG 3] RMP=5.454545, pricing=ExactPricingSolver, new_columns=0
  搜索路径: [1, 2, 3, 6, 7, 10, 12, 13, 11, 18, 19, 22, 23, 20, 21, 30, 31, 28, 29, 36, 37, 39, 38, 44, 45, 48, 49, 26, 27]
  列生成求解结果: 目标值=5.4545， 下界=5.4545， 上界=inf
    非整数变量: COL_18-2-22-9_31 = 0.151515
  解不是整数，开始分支...
ImposedVertex(vertex=2)
ForbidVertex(vertex=2)
  创建了 2 个分支
    添加分支节点 1: ID=58
    添加分支节点 2: ID=59

处理节点 58
  开始列生成求解...
Set parameter LogToConsole to value 0
Set parameter Threads to value 1
Set parameter Seed to value 0
  定价策略: Exact, node=58, vertices=22
Set parameter PoolSearchMode to value 2
Set parameter PoolSolutions to value 10
[CG 1] RMP=9.000000, pricing=ExactPricingSolver, new_columns=10
[CG 2] RMP=5.454545, pricing=ExactPricingSolver, new_columns=0
  搜索路径: [1, 2, 3, 6, 7, 10, 12, 13, 11, 18, 19, 22, 23, 20, 21, 30, 31, 28, 29, 36, 37, 39, 38, 44, 45, 48, 49, 26, 27, 58]
  列生成求解结果: 目标值=5.4545， 下界=5.4545， 上界=inf
    非整数变量: COL_18-2-22-9_31 = 0.233766
  解不是整数，开始分支...
ImposedVertex(vertex=9)
ForbidVertex(vertex=9)
  创建了 2 个分支
    添加分支节点 1: ID=60
    添加分支节点 2: ID=61
  进度: 已处理 30 个节点, 剩余 31 个, 当前最优 inf, 当前列数: 296

处理节点 59
  开始列生成求解...
Set parameter LogToConsole to value 0
Set parameter Threads to value 1
Set parameter Seed to value 0
  定价策略: Exact, node=59, vertices=23
Set parameter PoolSearchMode to value 2
Set parameter PoolSolutions to value 10
[CG 1] RMP=5.454545, pricing=ExactPricingSolver, new_columns=0
  搜索路径: [1, 2, 3, 6, 7, 10, 12, 13, 11, 18, 19, 22, 23, 20, 21, 30, 31, 28, 29, 36, 37, 39, 38, 44, 45, 48, 49, 26, 27, 58, 59]
  列生成求解结果: 目标值=5.4545， 下界=5.4545， 上界=inf
    非整数变量: COL_0-18-22-9_28 = 0.185185
  解不是整数，开始分支...
ImposedVertex(vertex=0)
ForbidVertex(vertex=0)
  创建了 2 个分支
    添加分支节点 1: ID=62
    添加分支节点 2: ID=63

处理节点 60
  开始列生成求解...
Set parameter LogToConsole to value 0
Set parameter Threads to value 1
Set parameter Seed to value 0
  定价策略: Exact, node=60, vertices=21
Set parameter PoolSearchMode to value 2
Set parameter PoolSolutions to value 10
[CG 1] RMP=5.454545, pricing=ExactPricingSolver, new_columns=0
  搜索路径: [1, 2, 3, 6, 7, 10, 12, 13, 11, 18, 19, 22, 23, 20, 21, 30, 31, 28, 29, 36, 37, 39, 38, 44, 45, 48, 49, 26, 27, 58, 59, 60]
  列生成求解结果: 目标值=5.4545， 下界=5.4545， 上界=inf
    非整数变量: COL_18-2-22-9_31 = 0.303030
  解不是整数，开始分支...
ImposedVertex(vertex=18)
ForbidVertex(vertex=18)
  创建了 2 个分支
    添加分支节点 1: ID=64
    添加分支节点 2: ID=65

处理节点 61
  开始列生成求解...
Set parameter LogToConsole to value 0
Set parameter Threads to value 1
Set parameter Seed to value 0
  定价策略: Exact, node=61, vertices=21
Set parameter PoolSearchMode to value 2
Set parameter PoolSolutions to value 10
[CG 1] RMP=12.000000, pricing=ExactPricingSolver, new_columns=10
[CG 2] RMP=11.000000, pricing=ExactPricingSolver, new_columns=0
  搜索路径: [1, 2, 3, 6, 7, 10, 12, 13, 11, 18, 19, 22, 23, 20, 21, 30, 31, 28, 29, 36, 37, 39, 38, 44, 45, 48, 49, 26, 27, 58, 59, 60, 61]
  列生成求解结果: 目标值=11.0000， 下界=5.4545， 上界=inf
    非整数变量: COL_23_5 = 0.041667
  解不是整数，开始分支...
ImposedVertex(vertex=23)
ForbidVertex(vertex=23)
  创建了 2 个分支
    添加分支节点 1: ID=66
    添加分支节点 2: ID=67

处理节点 64
  开始列生成求解...
Set parameter LogToConsole to value 0
Set parameter Threads to value 1
Set parameter Seed to value 0
  定价策略: Exact, node=64, vertices=20
Set parameter PoolSearchMode to value 2
Set parameter PoolSolutions to value 10
[CG 1] RMP=7.000000, pricing=ExactPricingSolver, new_columns=0
  搜索路径: [1, 2, 3, 6, 7, 10, 12, 13, 11, 18, 19, 22, 23, 20, 21, 30, 31, 28, 29, 36, 37, 39, 38, 44, 45, 48, 49, 26, 27, 58, 59, 60, 61, 64]
  列生成求解结果: 目标值=7.0000， 下界=5.4545， 上界=inf
    非整数变量: COL_18-2-22-9_31 = 0.222222
  解不是整数，开始分支...
ImposedVertex(vertex=22)
ForbidVertex(vertex=22)
  创建了 2 个分支
    添加分支节点 1: ID=68
    添加分支节点 2: ID=69

处理节点 65
  开始列生成求解...
Set parameter LogToConsole to value 0
Set parameter Threads to value 1
Set parameter Seed to value 0
  定价策略: Exact, node=65, vertices=20
Set parameter PoolSearchMode to value 2
Set parameter PoolSolutions to value 10
[CG 1] RMP=12.000000, pricing=ExactPricingSolver, new_columns=10
[CG 2] RMP=6.000000, pricing=ExactPricingSolver, new_columns=10
[CG 3] RMP=5.454545, pricing=ExactPricingSolver, new_columns=0
  搜索路径: [1, 2, 3, 6, 7, 10, 12, 13, 11, 18, 19, 22, 23, 20, 21, 30, 31, 28, 29, 36, 37, 39, 38, 44, 45, 48, 49, 26, 27, 58, 59, 60, 61, 64, 65]
  列生成求解结果: 目标值=5.4545， 下界=5.4545， 上界=inf
    非整数变量: COL_11-15-19-21-23-28-4_61 = 0.454545
  解不是整数，开始分支...
ImposedVertex(vertex=15)
ForbidVertex(vertex=15)
  创建了 2 个分支
    添加分支节点 1: ID=70
    添加分支节点 2: ID=71

处理节点 70
  开始列生成求解...
Set parameter LogToConsole to value 0
Set parameter Threads to value 1
Set parameter Seed to value 0
  定价策略: Exact, node=70, vertices=19
Set parameter PoolSearchMode to value 2
Set parameter PoolSolutions to value 10
[CG 1] RMP=6.000000, pricing=ExactPricingSolver, new_columns=0
  搜索路径: [1, 2, 3, 6, 7, 10, 12, 13, 11, 18, 19, 22, 23, 20, 21, 30, 31, 28, 29, 36, 37, 39, 38, 44, 45, 48, 49, 26, 27, 58, 59, 60, 61, 64, 65, 70]
  列生成求解结果: 目标值=6.0000， 下界=5.4545， 上界=inf
    非整数变量: COL_19-21-23-28-4_56 = 0.400000
  解不是整数，开始分支...
ImposedVertex(vertex=21)
ForbidVertex(vertex=21)
  创建了 2 个分支
    添加分支节点 1: ID=72
    添加分支节点 2: ID=73

处理节点 71
  开始列生成求解...
Set parameter LogToConsole to value 0
Set parameter Threads to value 1
Set parameter Seed to value 0
  定价策略: Exact, node=71, vertices=19
Set parameter PoolSearchMode to value 2
Set parameter PoolSolutions to value 10
[CG 1] RMP=2010.000000, pricing=ExactPricingSolver, new_columns=10
[CG 2] RMP=9.000000, pricing=ExactPricingSolver, new_columns=10
[CG 3] RMP=9.000000, pricing=ExactPricingSolver, new_columns=0
  搜索路径: [1, 2, 3, 6, 7, 10, 12, 13, 11, 18, 19, 22, 23, 20, 21, 30, 31, 28, 29, 36, 37, 39, 38, 44, 45, 48, 49, 26, 27, 58, 59, 60, 61, 64, 65, 70, 71]
  列生成求解结果: 目标值=9.0000， 下界=5.4545， 上界=inf
    非整数变量: COL_11-2-22-26-4-7-9_272 = 0.500000
  解不是整数，开始分支...
ImposedVertex(vertex=26)
ForbidVertex(vertex=26)
  创建了 2 个分支
    添加分支节点 1: ID=74
    添加分支节点 2: ID=75

处理节点 56
  开始列生成求解...
Set parameter LogToConsole to value 0
Set parameter Threads to value 1
Set parameter Seed to value 0
  定价策略: Exact, node=56, vertices=20
Set parameter PoolSearchMode to value 2
Set parameter PoolSolutions to value 10
[CG 1] RMP=7.000000, pricing=ExactPricingSolver, new_columns=10
[CG 2] RMP=5.468265, pricing=ExactPricingSolver, new_columns=10
[CG 3] RMP=5.454545, pricing=ExactPricingSolver, new_columns=0
  搜索路径: [1, 2, 3, 6, 7, 10, 12, 13, 11, 18, 19, 22, 23, 20, 21, 30, 31, 28, 29, 36, 37, 39, 38, 44, 45, 48, 49, 26, 27, 58, 59, 60, 61, 64, 65, 70, 71, 56]
  列生成求解结果: 目标值=5.4545， 下界=5.4545， 上界=inf
    非整数变量: COL_1-11-17-20-22-5_22 = 0.320248
  解不是整数，开始分支...
ImposedVertex(vertex=17)
ForbidVertex(vertex=17)
  创建了 2 个分支
    添加分支节点 1: ID=76
    添加分支节点 2: ID=77

处理节点 62
  开始列生成求解...
Set parameter LogToConsole to value 0
Set parameter Threads to value 1
Set parameter Seed to value 0
  定价策略: Exact, node=62, vertices=22
Set parameter PoolSearchMode to value 2
Set parameter PoolSolutions to value 10
[CG 1] RMP=5.454545, pricing=ExactPricingSolver, new_columns=0
  搜索路径: [1, 2, 3, 6, 7, 10, 12, 13, 11, 18, 19, 22, 23, 20, 21, 30, 31, 28, 29, 36, 37, 39, 38, 44, 45, 48, 49, 26, 27, 58, 59, 60, 61, 64, 65, 70, 71, 56, 62]
  列生成求解结果: 目标值=5.4545， 下界=5.4545， 上界=inf
    非整数变量: COL_0-18-22-9_28 = 0.259740
  解不是整数，开始分支...
ImposedVertex(vertex=9)
ForbidVertex(vertex=9)
  创建了 2 个分支
    添加分支节点 1: ID=78
    添加分支节点 2: ID=79

处理节点 57
  开始列生成求解...
Set parameter LogToConsole to value 0
Set parameter Threads to value 1
Set parameter Seed to value 0
  定价策略: Exact, node=57, vertices=21
Set parameter PoolSearchMode to value 2
Set parameter PoolSolutions to value 10
[CG 1] RMP=12.000000, pricing=ExactPricingSolver, new_columns=10
[CG 2] RMP=6.000000, pricing=ExactPricingSolver, new_columns=10
[CG 3] RMP=5.454545, pricing=ExactPricingSolver, new_columns=0
  搜索路径: [1, 2, 3, 6, 7, 10, 12, 13, 11, 18, 19, 22, 23, 20, 21, 30, 31, 28, 29, 36, 37, 39, 38, 44, 45, 48, 49, 26, 27, 58, 59, 60, 61, 64, 65, 70, 71, 56, 62, 57]
  列生成求解结果: 目标值=5.4545， 下界=5.4545， 上界=inf
    非整数变量: COL_1-18-23-7-9_33 = 0.090909
  解不是整数，开始分支...
ImposedVertex(vertex=18)
ForbidVertex(vertex=18)
  创建了 2 个分支
    添加分支节点 1: ID=80
    添加分支节点 2: ID=81
  进度: 已处理 40 个节点, 剩余 41 个, 当前最优 inf, 当前列数: 386

处理节点 50
  开始列生成求解...
Set parameter LogToConsole to value 0
Set parameter Threads to value 1
Set parameter Seed to value 0
  定价策略: Exact, node=50, vertices=18
Set parameter PoolSearchMode to value 2
Set parameter PoolSolutions to value 10
[CG 1] RMP=8.842105, pricing=ExactPricingSolver, new_columns=10
[CG 2] RMP=6.000000, pricing=ExactPricingSolver, new_columns=0
  搜索路径: [1, 2, 3, 6, 7, 10, 12, 13, 11, 18, 19, 22, 23, 20, 21, 30, 31, 28, 29, 36, 37, 39, 38, 44, 45, 48, 49, 26, 27, 58, 59, 60, 61, 64, 65, 70, 71, 56, 62, 57, 50]
  列生成求解结果: 目标值=6.0000， 下界=5.4545， 上界=inf
    非整数变量: COL_19_116 = 0.371429
  解不是整数，开始分支...
ImposedVertex(vertex=19)
ForbidVertex(vertex=19)
  创建了 2 个分支
    添加分支节点 1: ID=82
    添加分支节点 2: ID=83

处理节点 77
  开始列生成求解...
Set parameter LogToConsole to value 0
Set parameter Threads to value 1
Set parameter Seed to value 0
  定价策略: Exact, node=77, vertices=19
Set parameter PoolSearchMode to value 2
Set parameter PoolSolutions to value 10
[CG 1] RMP=6.000000, pricing=ExactPricingSolver, new_columns=0
  搜索路径: [1, 2, 3, 6, 7, 10, 12, 13, 11, 18, 19, 22, 23, 20, 21, 30, 31, 28, 29, 36, 37, 39, 38, 44, 45, 48, 49, 26, 27, 58, 59, 60, 61, 64, 65, 70, 71, 56, 62, 57, 50, 77]
  列生成求解结果: 目标值=6.0000， 下界=5.4545， 上界=inf
    非整数变量: COL_1-11-15-18-23-7-9_35 = 0.523810
  解不是整数，开始分支...
ImposedVertex(vertex=9)
ForbidVertex(vertex=9)
  创建了 2 个分支
    添加分支节点 1: ID=84
    添加分支节点 2: ID=85

处理节点 51
  开始列生成求解...
Set parameter LogToConsole to value 0
Set parameter Threads to value 1
Set parameter Seed to value 0
  定价策略: Exact, node=51, vertices=18
Set parameter PoolSearchMode to value 2
Set parameter PoolSolutions to value 10
[CG 1] RMP=7.058824, pricing=ExactPricingSolver, new_columns=10
[CG 2] RMP=5.454545, pricing=ExactPricingSolver, new_columns=0
  搜索路径: [1, 2, 3, 6, 7, 10, 12, 13, 11, 18, 19, 22, 23, 20, 21, 30, 31, 28, 29, 36, 37, 39, 38, 44, 45, 48, 49, 26, 27, 58, 59, 60, 61, 64, 65, 70, 71, 56, 62, 57, 50, 77, 51]
  列生成求解结果: 目标值=5.4545， 下界=5.4545， 上界=inf
    非整数变量: COL_9_66 = 0.012987
  解不是整数，开始分支...
ImposedVertex(vertex=9)
ForbidVertex(vertex=9)
  创建了 2 个分支
    添加分支节点 1: ID=86
    添加分支节点 2: ID=87

处理节点 79
  开始列生成求解...
Set parameter LogToConsole to value 0
Set parameter Threads to value 1
Set parameter Seed to value 0
  定价策略: Exact, node=79, vertices=21
Set parameter PoolSearchMode to value 2
Set parameter PoolSolutions to value 10
[CG 1] RMP=11.000000, pricing=ExactPricingSolver, new_columns=0
  搜索路径: [1, 2, 3, 6, 7, 10, 12, 13, 11, 18, 19, 22, 23, 20, 21, 30, 31, 28, 29, 36, 37, 39, 38, 44, 45, 48, 49, 26, 27, 58, 59, 60, 61, 64, 65, 70, 71, 56, 62, 57, 50, 77, 51, 79]
  列生成求解结果: 目标值=11.0000， 下界=5.4545， 上界=inf
    非整数变量: COL_10-11-15-19-21-23-28-4_62 = 0.500000
  解不是整数，开始分支...
ImposedVertex(vertex=15)
ForbidVertex(vertex=15)
  创建了 2 个分支
    添加分支节点 1: ID=88
    添加分支节点 2: ID=89

处理节点 80
  开始列生成求解...
Set parameter LogToConsole to value 0
Set parameter Threads to value 1
Set parameter Seed to value 0
  定价策略: Exact, node=80, vertices=20
Set parameter PoolSearchMode to value 2
Set parameter PoolSolutions to value 10
[CG 1] RMP=7.000000, pricing=ExactPricingSolver, new_columns=0
  搜索路径: [1, 2, 3, 6, 7, 10, 12, 13, 11, 18, 19, 22, 23, 20, 21, 30, 31, 28, 29, 36, 37, 39, 38, 44, 45, 48, 49, 26, 27, 58, 59, 60, 61, 64, 65, 70, 71, 56, 62, 57, 50, 77, 51, 79, 80]
  列生成求解结果: 目标值=7.0000， 下界=5.4545， 上界=inf
    非整数变量: COL_1-11-15-18-23-7-9_35 = 0.300000
  解不是整数，开始分支...
ImposedVertex(vertex=23)
ForbidVertex(vertex=23)
  创建了 2 个分支
    添加分支节点 1: ID=90
    添加分支节点 2: ID=91

处理节点 81
  开始列生成求解...
Set parameter LogToConsole to value 0
Set parameter Threads to value 1
Set parameter Seed to value 0
  定价策略: Exact, node=81, vertices=20
Set parameter PoolSearchMode to value 2
Set parameter PoolSolutions to value 10
[CG 1] RMP=12.000000, pricing=ExactPricingSolver, new_columns=10
[CG 2] RMP=5.454545, pricing=ExactPricingSolver, new_columns=0
  搜索路径: [1, 2, 3, 6, 7, 10, 12, 13, 11, 18, 19, 22, 23, 20, 21, 30, 31, 28, 29, 36, 37, 39, 38, 44, 45, 48, 49, 26, 27, 58, 59, 60, 61, 64, 65, 70, 71, 56, 62, 57, 50, 77, 51, 79, 80, 81]
  列生成求解结果: 目标值=5.4545， 下界=5.4545， 上界=inf
    非整数变量: COL_23_5 = 0.041322
  解不是整数，开始分支...
ImposedVertex(vertex=21)
ForbidVertex(vertex=21)
  创建了 2 个分支
    添加分支节点 1: ID=92
    添加分支节点 2: ID=93

处理节点 43
  开始列生成求解...
Set parameter LogToConsole to value 0
Set parameter Threads to value 1
Set parameter Seed to value 0
  定价策略: Exact, node=43, vertices=17
Set parameter PoolSearchMode to value 2
Set parameter PoolSolutions to value 10
[CG 1] RMP=5.454545, pricing=ExactPricingSolver, new_columns=0
  搜索路径: [1, 2, 3, 6, 7, 10, 12, 13, 11, 18, 19, 22, 23, 20, 21, 30, 31, 28, 29, 36, 37, 39, 38, 44, 45, 48, 49, 26, 27, 58, 59, 60, 61, 64, 65, 70, 71, 56, 62, 57, 50, 77, 51, 79, 80, 81, 43]
  列生成求解结果: 目标值=5.4545， 下界=5.4545， 上界=inf
    非整数变量: COL_1-19_118 = 0.220779
  解不是整数，开始分支...
ImposedVertex(vertex=19)
ForbidVertex(vertex=19)
  创建了 2 个分支
    添加分支节点 1: ID=94
    添加分支节点 2: ID=95

处理节点 63
  开始列生成求解...
Set parameter LogToConsole to value 0
Set parameter Threads to value 1
Set parameter Seed to value 0
  定价策略: Exact, node=63, vertices=22
Set parameter PoolSearchMode to value 2
Set parameter PoolSolutions to value 10
[CG 1] RMP=1012.000000, pricing=ExactPricingSolver, new_columns=10
[CG 2] RMP=12.000000, pricing=ExactPricingSolver, new_columns=0
  搜索路径: [1, 2, 3, 6, 7, 10, 12, 13, 11, 18, 19, 22, 23, 20, 21, 30, 31, 28, 29, 36, 37, 39, 38, 44, 45, 48, 49, 26, 27, 58, 59, 60, 61, 64, 65, 70, 71, 56, 62, 57, 50, 77, 51, 79, 80, 81, 43, 63]
  列生成求解结果: 目标值=12.0000， 下界=5.4545， 上界=inf
  找到整数解，更新最优解

处理节点 34
  开始列生成求解...
Set parameter LogToConsole to value 0
Set parameter Threads to value 1
Set parameter Seed to value 0
  定价策略: Exact, node=34, vertices=20
Set parameter PoolSearchMode to value 2
Set parameter PoolSolutions to value 10
[CG 1] RMP=5.617021, pricing=ExactPricingSolver, new_columns=10
[CG 2] RMP=5.454545, pricing=ExactPricingSolver, new_columns=0
  搜索路径: [1, 2, 3, 6, 7, 10, 12, 13, 11, 18, 19, 22, 23, 20, 21, 30, 31, 28, 29, 36, 37, 39, 38, 44, 45, 48, 49, 26, 27, 58, 59, 60, 61, 64, 65, 70, 71, 56, 62, 57, 50, 77, 51, 79, 80, 81, 43, 63, 34]
  列生成求解结果: 目标值=5.4545， 下界=5.4545， 上界=12.0000
    非整数变量: COL_0-19-4-7_120 = 0.288154
  解不是整数，开始分支...
ImposedVertex(vertex=14)
ForbidVertex(vertex=14)
  创建了 2 个分支
    添加分支节点 1: ID=96
    添加分支节点 2: ID=97

处理节点 96
  开始列生成求解...
Set parameter LogToConsole to value 0
Set parameter Threads to value 1
Set parameter Seed to value 0
  定价策略: Exact, node=96, vertices=18
Set parameter PoolSearchMode to value 2
Set parameter PoolSolutions to value 10
[CG 1] RMP=12.000000, pricing=ExactPricingSolver, new_columns=10
[CG 2] RMP=10.000000, pricing=ExactPricingSolver, new_columns=0
  搜索路径: [1, 2, 3, 6, 7, 10, 12, 13, 11, 18, 19, 22, 23, 20, 21, 30, 31, 28, 29, 36, 37, 39, 38, 44, 45, 48, 49, 26, 27, 58, 59, 60, 61, 64, 65, 70, 71, 56, 62, 57, 50, 77, 51, 79, 80, 81, 43, 63, 34, 96]
  列生成求解结果: 目标值=10.0000， 下界=5.4545， 上界=12.0000
    非整数变量: COL_0-21_37 = 0.028571
  解不是整数，开始分支...
ImposedVertex(vertex=21)
ForbidVertex(vertex=21)
  创建了 2 个分支
    添加分支节点 1: ID=98
    添加分支节点 2: ID=99
  进度: 已处理 50 个节点, 剩余 49 个, 当前最优 12.0000, 当前列数: 446

处理节点 97
  开始列生成求解...
Set parameter LogToConsole to value 0
Set parameter Threads to value 1
Set parameter Seed to value 0
  定价策略: Exact, node=97, vertices=19
Set parameter PoolSearchMode to value 2
Set parameter PoolSolutions to value 10
[CG 1] RMP=5.833333, pricing=ExactPricingSolver, new_columns=10
[CG 2] RMP=5.465839, pricing=ExactPricingSolver, new_columns=10
[CG 3] RMP=5.454545, pricing=ExactPricingSolver, new_columns=0
  搜索路径: [1, 2, 3, 6, 7, 10, 12, 13, 11, 18, 19, 22, 23, 20, 21, 30, 31, 28, 29, 36, 37, 39, 38, 44, 45, 48, 49, 26, 27, 58, 59, 60, 61, 64, 65, 70, 71, 56, 62, 57, 50, 77, 51, 79, 80, 81, 43, 63, 34, 96, 97]
  列生成求解结果: 目标值=5.4545， 下界=5.4545， 上界=12.0000
    非整数变量: COL_21-26_46 = 0.154545
  解不是整数，开始分支...
ImposedVertex(vertex=21)
ForbidVertex(vertex=21)
  创建了 2 个分支
    添加分支节点 1: ID=100
    添加分支节点 2: ID=101

处理节点 100
  开始列生成求解...
Set parameter LogToConsole to value 0
Set parameter Threads to value 1
Set parameter Seed to value 0
  定价策略: Exact, node=100, vertices=18
Set parameter PoolSearchMode to value 2
Set parameter PoolSolutions to value 10
[CG 1] RMP=9.000000, pricing=ExactPricingSolver, new_columns=0
  搜索路径: [1, 2, 3, 6, 7, 10, 12, 13, 11, 18, 19, 22, 23, 20, 21, 30, 31, 28, 29, 36, 37, 39, 38, 44, 45, 48, 49, 26, 27, 58, 59, 60, 61, 64, 65, 70, 71, 56, 62, 57, 50, 77, 51, 79, 80, 81, 43, 63, 34, 96, 97, 100]
  列生成求解结果: 目标值=9.0000， 下界=5.4545， 上界=12.0000
    非整数变量: COL_0-12-4-7-9_73 = 0.500000
  解不是整数，开始分支...
ImposedVertex(vertex=12)
ForbidVertex(vertex=12)
  创建了 2 个分支
    添加分支节点 1: ID=102
    添加分支节点 2: ID=103

处理节点 101
  开始列生成求解...
Set parameter LogToConsole to value 0
Set parameter Threads to value 1
Set parameter Seed to value 0
  定价策略: Exact, node=101, vertices=18
Set parameter PoolSearchMode to value 2
Set parameter PoolSolutions to value 10
[CG 1] RMP=8.000000, pricing=ExactPricingSolver, new_columns=0
  搜索路径: [1, 2, 3, 6, 7, 10, 12, 13, 11, 18, 19, 22, 23, 20, 21, 30, 31, 28, 29, 36, 37, 39, 38, 44, 45, 48, 49, 26, 27, 58, 59, 60, 61, 64, 65, 70, 71, 56, 62, 57, 50, 77, 51, 79, 80, 81, 43, 63, 34, 96, 97, 100, 101]
  列生成求解结果: 目标值=8.0000， 下界=5.4545， 上界=12.0000
    非整数变量: COL_0-18-25-4_129 = 0.555556
  解不是整数，开始分支...
ImposedVertex(vertex=18)
ForbidVertex(vertex=18)
  创建了 2 个分支
    添加分支节点 1: ID=104
    添加分支节点 2: ID=105

处理节点 92
  开始列生成求解...
Set parameter LogToConsole to value 0
Set parameter Threads to value 1
Set parameter Seed to value 0
  定价策略: Exact, node=92, vertices=19
Set parameter PoolSearchMode to value 2
Set parameter PoolSolutions to value 10
[CG 1] RMP=12.000000, pricing=ExactPricingSolver, new_columns=10
[CG 2] RMP=9.000000, pricing=ExactPricingSolver, new_columns=0
  搜索路径: [1, 2, 3, 6, 7, 10, 12, 13, 11, 18, 19, 22, 23, 20, 21, 30, 31, 28, 29, 36, 37, 39, 38, 44, 45, 48, 49, 26, 27, 58, 59, 60, 61, 64, 65, 70, 71, 56, 62, 57, 50, 77, 51, 79, 80, 81, 43, 63, 34, 96, 97, 100, 101, 92]
  列生成求解结果: 目标值=9.0000， 下界=5.4545， 上界=12.0000
    非整数变量: COL_11-15-19-21-23-28-4_61 = 0.500000
  解不是整数，开始分支...
ImposedVertex(vertex=15)
ForbidVertex(vertex=15)
  创建了 2 个分支
    添加分支节点 1: ID=106
    添加分支节点 2: ID=107

处理节点 42
  开始列生成求解...
Set parameter LogToConsole to value 0
Set parameter Threads to value 1
Set parameter Seed to value 0
  定价策略: Exact, node=42, vertices=16
Set parameter PoolSearchMode to value 2
Set parameter PoolSolutions to value 10
[CG 1] RMP=11.000000, pricing=ExactPricingSolver, new_columns=0
  搜索路径: [1, 2, 3, 6, 7, 10, 12, 13, 11, 18, 19, 22, 23, 20, 21, 30, 31, 28, 29, 36, 37, 39, 38, 44, 45, 48, 49, 26, 27, 58, 59, 60, 61, 64, 65, 70, 71, 56, 62, 57, 50, 77, 51, 79, 80, 81, 43, 63, 34, 96, 97, 100, 101, 92, 42]
  列生成求解结果: 目标值=11.0000， 下界=5.4545， 上界=12.0000
    非整数变量: COL_11-15-20-25_17 = 0.500000
  解不是整数，开始分支...
规则2分支: vertices=1-7, fractionality=0.500000
SameColor(vertex_pair=1-7)
DifferentColor(vertex_pair=1-7)
  创建了 2 个分支
    添加分支节点 1: ID=108
    添加分支节点 2: ID=109

处理节点 76
  开始列生成求解...
Set parameter LogToConsole to value 0
Set parameter Threads to value 1
Set parameter Seed to value 0
  定价策略: Exact, node=76, vertices=19
Set parameter PoolSearchMode to value 2
Set parameter PoolSolutions to value 10
[CG 1] RMP=11.000000, pricing=ExactPricingSolver, new_columns=10
[CG 2] RMP=5.454545, pricing=ExactPricingSolver, new_columns=0
  搜索路径: [1, 2, 3, 6, 7, 10, 12, 13, 11, 18, 19, 22, 23, 20, 21, 30, 31, 28, 29, 36, 37, 39, 38, 44, 45, 48, 49, 26, 27, 58, 59, 60, 61, 64, 65, 70, 71, 56, 62, 57, 50, 77, 51, 79, 80, 81, 43, 63, 34, 96, 97, 100, 101, 92, 42, 76]
  列生成求解结果: 目标值=5.4545， 下界=5.4545， 上界=12.0000
    非整数变量: COL_1-11-17-20-22-5_22 = 0.420996
  解不是整数，开始分支...
ImposedVertex(vertex=20)
ForbidVertex(vertex=20)
  创建了 2 个分支
    添加分支节点 1: ID=110
    添加分支节点 2: ID=111

处理节点 35
  开始列生成求解...
Set parameter LogToConsole to value 0
Set parameter Threads to value 1
Set parameter Seed to value 0
  定价策略: Exact, node=35, vertices=22
Set parameter PoolSearchMode to value 2
Set parameter PoolSolutions to value 10
[CG 1] RMP=5.799163, pricing=ExactPricingSolver, new_columns=10
[CG 2] RMP=5.454545, pricing=ExactPricingSolver, new_columns=0
  搜索路径: [1, 2, 3, 6, 7, 10, 12, 13, 11, 18, 19, 22, 23, 20, 21, 30, 31, 28, 29, 36, 37, 39, 38, 44, 45, 48, 49, 26, 27, 58, 59, 60, 61, 64, 65, 70, 71, 56, 62, 57, 50, 77, 51, 79, 80, 81, 43, 63, 34, 96, 97, 100, 101, 92, 42, 76, 35]
  列生成求解结果: 目标值=5.4545， 下界=5.4545， 上界=12.0000
    非整数变量: COL_1-18-20-26-5_81 = 0.132231
  解不是整数，开始分支...
ImposedVertex(vertex=14)
ForbidVertex(vertex=14)
  创建了 2 个分支
    添加分支节点 1: ID=112
    添加分支节点 2: ID=113

处理节点 110
  开始列生成求解...
Set parameter LogToConsole to value 0
Set parameter Threads to value 1
Set parameter Seed to value 0
  定价策略: Exact, node=110, vertices=18
Set parameter PoolSearchMode to value 2
Set parameter PoolSolutions to value 10
[CG 1] RMP=8.000000, pricing=ExactPricingSolver, new_columns=0
  搜索路径: [1, 2, 3, 6, 7, 10, 12, 13, 11, 18, 19, 22, 23, 20, 21, 30, 31, 28, 29, 36, 37, 39, 38, 44, 45, 48, 49, 26, 27, 58, 59, 60, 61, 64, 65, 70, 71, 56, 62, 57, 50, 77, 51, 79, 80, 81, 43, 63, 34, 96, 97, 100, 101, 92, 42, 76, 35, 110]
  列生成求解结果: 目标值=8.0000， 下界=5.4545， 上界=12.0000
    非整数变量: COL_1-11-17-20-22-5_22 = 0.693333
  解不是整数，开始分支...
ImposedVertex(vertex=22)
ForbidVertex(vertex=22)
  创建了 2 个分支
    添加分支节点 1: ID=114
    添加分支节点 2: ID=115

处理节点 111
  开始列生成求解...
Set parameter LogToConsole to value 0
Set parameter Threads to value 1
Set parameter Seed to value 0
  定价策略: Exact, node=111, vertices=18
Set parameter PoolSearchMode to value 2
Set parameter PoolSolutions to value 10
[CG 1] RMP=1010.000000, pricing=ExactPricingSolver, new_columns=10
[CG 2] RMP=9.000000, pricing=ExactPricingSolver, new_columns=0
  搜索路径: [1, 2, 3, 6, 7, 10, 12, 13, 11, 18, 19, 22, 23, 20, 21, 30, 31, 28, 29, 36, 37, 39, 38, 44, 45, 48, 49, 26, 27, 58, 59, 60, 61, 64, 65, 70, 71, 56, 62, 57, 50, 77, 51, 79, 80, 81, 43, 63, 34, 96, 97, 100, 101, 92, 42, 76, 35, 110, 111]
  列生成求解结果: 目标值=9.0000， 下界=5.4545， 上界=12.0000
    非整数变量: COL_1-21-5-7_41 = 0.181818
  解不是整数，开始分支...
ImposedVertex(vertex=10)
ForbidVertex(vertex=10)
  创建了 2 个分支
    添加分支节点 1: ID=116
    添加分支节点 2: ID=117

处理节点 113
  开始列生成求解...
Set parameter LogToConsole to value 0
Set parameter Threads to value 1
Set parameter Seed to value 0
  定价策略: Exact, node=113, vertices=21
Set parameter PoolSearchMode to value 2
Set parameter PoolSolutions to value 10
[CG 1] RMP=11.000000, pricing=ExactPricingSolver, new_columns=10
[CG 2] RMP=5.723725, pricing=ExactPricingSolver, new_columns=10
[CG 3] RMP=5.454545, pricing=ExactPricingSolver, new_columns=0
  搜索路径: [1, 2, 3, 6, 7, 10, 12, 13, 11, 18, 19, 22, 23, 20, 21, 30, 31, 28, 29, 36, 37, 39, 38, 44, 45, 48, 49, 26, 27, 58, 59, 60, 61, 64, 65, 70, 71, 56, 62, 57, 50, 77, 51, 79, 80, 81, 43, 63, 34, 96, 97, 100, 101, 92, 42, 76, 35, 110, 111, 113]
  列生成求解结果: 目标值=5.4545， 下界=5.4545， 上界=12.0000
    非整数变量: COL_18-20-28_77 = 0.115152
  解不是整数，开始分支...
ImposedVertex(vertex=1)
ForbidVertex(vertex=1)
  创建了 2 个分支
    添加分支节点 1: ID=118
    添加分支节点 2: ID=119
  进度: 已处理 60 个节点, 剩余 59 个, 当前最优 12.0000, 当前列数: 526

处理节点 112
  开始列生成求解...
Set parameter LogToConsole to value 0
Set parameter Threads to value 1
Set parameter Seed to value 0
  定价策略: Exact, node=112, vertices=20
Set parameter PoolSearchMode to value 2
Set parameter PoolSolutions to value 10
[CG 1] RMP=10.000000, pricing=ExactPricingSolver, new_columns=0
  搜索路径: [1, 2, 3, 6, 7, 10, 12, 13, 11, 18, 19, 22, 23, 20, 21, 30, 31, 28, 29, 36, 37, 39, 38, 44, 45, 48, 49, 26, 27, 58, 59, 60, 61, 64, 65, 70, 71, 56, 62, 57, 50, 77, 51, 79, 80, 81, 43, 63, 34, 96, 97, 100, 101, 92, 42, 76, 35, 110, 111, 113, 112]
  列生成求解结果: 目标值=10.0000， 下界=5.4545， 上界=12.0000
    非整数变量: COL_1-10-18-20-26-5-7_83 = 0.454545
  解不是整数，开始分支...
ImposedVertex(vertex=5)
ForbidVertex(vertex=5)
  创建了 2 个分支
    添加分支节点 1: ID=120
    添加分支节点 2: ID=121

处理节点 118
  开始列生成求解...
Set parameter LogToConsole to value 0
Set parameter Threads to value 1
Set parameter Seed to value 0
  定价策略: Exact, node=118, vertices=19
Set parameter PoolSearchMode to value 2
Set parameter PoolSolutions to value 10
[CG 1] RMP=9.041096, pricing=ExactPricingSolver, new_columns=10
[CG 2] RMP=5.799163, pricing=ExactPricingSolver, new_columns=0
  搜索路径: [1, 2, 3, 6, 7, 10, 12, 13, 11, 18, 19, 22, 23, 20, 21, 30, 31, 28, 29, 36, 37, 39, 38, 44, 45, 48, 49, 26, 27, 58, 59, 60, 61, 64, 65, 70, 71, 56, 62, 57, 50, 77, 51, 79, 80, 81, 43, 63, 34, 96, 97, 100, 101, 92, 42, 76, 35, 110, 111, 113, 112, 118]
  列生成求解结果: 目标值=5.7992， 下界=5.4545， 上界=12.0000
    非整数变量: COL_1-10-18-20-26-5-7_83 = 0.184868
  解不是整数，开始分支...
ImposedVertex(vertex=5)
ForbidVertex(vertex=5)
  创建了 2 个分支
    添加分支节点 1: ID=122
    添加分支节点 2: ID=123

处理节点 119
  开始列生成求解...
Set parameter LogToConsole to value 0
Set parameter Threads to value 1
Set parameter Seed to value 0
  定价策略: Exact, node=119, vertices=20
Set parameter PoolSearchMode to value 2
Set parameter PoolSolutions to value 10
[CG 1] RMP=5.454545, pricing=ExactPricingSolver, new_columns=0
  搜索路径: [1, 2, 3, 6, 7, 10, 12, 13, 11, 18, 19, 22, 23, 20, 21, 30, 31, 28, 29, 36, 37, 39, 38, 44, 45, 48, 49, 26, 27, 58, 59, 60, 61, 64, 65, 70, 71, 56, 62, 57, 50, 77, 51, 79, 80, 81, 43, 63, 34, 96, 97, 100, 101, 92, 42, 76, 35, 110, 111, 113, 112, 118, 119]
  列生成求解结果: 目标值=5.4545， 下界=5.4545， 上界=12.0000
    非整数变量: COL_18-25_126 = 0.272727
  解不是整数，开始分支...
ImposedVertex(vertex=18)
ForbidVertex(vertex=18)
  创建了 2 个分支
    添加分支节点 1: ID=124
    添加分支节点 2: ID=125

处理节点 124
  开始列生成求解...
Set parameter LogToConsole to value 0
Set parameter Threads to value 1
Set parameter Seed to value 0
  定价策略: Exact, node=124, vertices=19
Set parameter PoolSearchMode to value 2
Set parameter PoolSolutions to value 10
[CG 1] RMP=7.000000, pricing=ExactPricingSolver, new_columns=0
  搜索路径: [1, 2, 3, 6, 7, 10, 12, 13, 11, 18, 19, 22, 23, 20, 21, 30, 31, 28, 29, 36, 37, 39, 38, 44, 45, 48, 49, 26, 27, 58, 59, 60, 61, 64, 65, 70, 71, 56, 62, 57, 50, 77, 51, 79, 80, 81, 43, 63, 34, 96, 97, 100, 101, 92, 42, 76, 35, 110, 111, 113, 112, 118, 119, 124]
  列生成求解结果: 目标值=7.0000， 下界=5.4545， 上界=12.0000
    非整数变量: COL_18-20-28_77 = 0.150000
  解不是整数，开始分支...
ImposedVertex(vertex=20)
ForbidVertex(vertex=20)
  创建了 2 个分支
    添加分支节点 1: ID=126
    添加分支节点 2: ID=127

处理节点 125
  开始列生成求解...
Set parameter LogToConsole to value 0
Set parameter Threads to value 1
Set parameter Seed to value 0
  定价策略: Exact, node=125, vertices=19
Set parameter PoolSearchMode to value 2
Set parameter PoolSolutions to value 10
[CG 1] RMP=11.000000, pricing=ExactPricingSolver, new_columns=0
  搜索路径: [1, 2, 3, 6, 7, 10, 12, 13, 11, 18, 19, 22, 23, 20, 21, 30, 31, 28, 29, 36, 37, 39, 38, 44, 45, 48, 49, 26, 27, 58, 59, 60, 61, 64, 65, 70, 71, 56, 62, 57, 50, 77, 51, 79, 80, 81, 43, 63, 34, 96, 97, 100, 101, 92, 42, 76, 35, 110, 111, 113, 112, 118, 119, 124, 125]
  列生成求解结果: 目标值=11.0000， 下界=5.4545， 上界=12.0000
    非整数变量: COL_17-21-25-26-4_156 = 0.083333
  解不是整数，开始分支...
ImposedVertex(vertex=17)
ForbidVertex(vertex=17)
  创建了 2 个分支
    添加分支节点 1: ID=128
    添加分支节点 2: ID=129

处理节点 93
  开始列生成求解...
Set parameter LogToConsole to value 0
Set parameter Threads to value 1
Set parameter Seed to value 0
  定价策略: Exact, node=93, vertices=19
Set parameter PoolSearchMode to value 2
Set parameter PoolSolutions to value 10
[CG 1] RMP=11.000000, pricing=ExactPricingSolver, new_columns=10
[CG 2] RMP=10.000000, pricing=ExactPricingSolver, new_columns=10
[CG 3] RMP=8.000000, pricing=ExactPricingSolver, new_columns=0
  搜索路径: [1, 2, 3, 6, 7, 10, 12, 13, 11, 18, 19, 22, 23, 20, 21, 30, 31, 28, 29, 36, 37, 39, 38, 44, 45, 48, 49, 26, 27, 58, 59, 60, 61, 64, 65, 70, 71, 56, 62, 57, 50, 77, 51, 79, 80, 81, 43, 63, 34, 96, 97, 100, 101, 92, 42, 76, 35, 110, 111, 113, 112, 118, 119, 124, 125, 93]
  列生成求解结果: 目标值=8.0000， 下界=5.4545， 上界=12.0000
    非整数变量: COL_1-19_118 = 0.500000
  解不是整数，开始分支...
ImposedVertex(vertex=6)
ForbidVertex(vertex=6)
  创建了 2 个分支
    添加分支节点 1: ID=130
    添加分支节点 2: ID=131

处理节点 78
  开始列生成求解...
Set parameter LogToConsole to value 0
Set parameter Threads to value 1
Set parameter Seed to value 0
  定价策略: Exact, node=78, vertices=21
Set parameter PoolSearchMode to value 2
Set parameter PoolSolutions to value 10
[CG 1] RMP=5.454545, pricing=ExactPricingSolver, new_columns=0
  搜索路径: [1, 2, 3, 6, 7, 10, 12, 13, 11, 18, 19, 22, 23, 20, 21, 30, 31, 28, 29, 36, 37, 39, 38, 44, 45, 48, 49, 26, 27, 58, 59, 60, 61, 64, 65, 70, 71, 56, 62, 57, 50, 77, 51, 79, 80, 81, 43, 63, 34, 96, 97, 100, 101, 92, 42, 76, 35, 110, 111, 113, 112, 118, 119, 124, 125, 93, 78]
  列生成求解结果: 目标值=5.4545， 下界=5.4545， 上界=12.0000
    非整数变量: COL_0-18-22-4-9_30 = 0.259740
  解不是整数，开始分支...
ImposedVertex(vertex=18)
ForbidVertex(vertex=18)
  创建了 2 个分支
    添加分支节点 1: ID=132
    添加分支节点 2: ID=133

处理节点 132
  开始列生成求解...
Set parameter LogToConsole to value 0
Set parameter Threads to value 1
Set parameter Seed to value 0
  定价策略: Exact, node=132, vertices=20
Set parameter PoolSearchMode to value 2
Set parameter PoolSolutions to value 10
[CG 1] RMP=7.000000, pricing=ExactPricingSolver, new_columns=0
  搜索路径: [1, 2, 3, 6, 7, 10, 12, 13, 11, 18, 19, 22, 23, 20, 21, 30, 31, 28, 29, 36, 37, 39, 38, 44, 45, 48, 49, 26, 27, 58, 59, 60, 61, 64, 65, 70, 71, 56, 62, 57, 50, 77, 51, 79, 80, 81, 43, 63, 34, 96, 97, 100, 101, 92, 42, 76, 35, 110, 111, 113, 112, 118, 119, 124, 125, 93, 78, 132]
  列生成求解结果: 目标值=7.0000， 下界=5.4545， 上界=12.0000
    非整数变量: COL_0-18-22-9_28 = 0.300000
  解不是整数，开始分支...
ImposedVertex(vertex=22)
ForbidVertex(vertex=22)
  创建了 2 个分支
    添加分支节点 1: ID=134
    添加分支节点 2: ID=135

处理节点 133
  开始列生成求解...
Set parameter LogToConsole to value 0
Set parameter Threads to value 1
Set parameter Seed to value 0
  定价策略: Exact, node=133, vertices=20
Set parameter PoolSearchMode to value 2
Set parameter PoolSolutions to value 10
[CG 1] RMP=12.000000, pricing=ExactPricingSolver, new_columns=10
[CG 2] RMP=12.000000, pricing=ExactPricingSolver, new_columns=10
[CG 3] RMP=6.000000, pricing=ExactPricingSolver, new_columns=10
[CG 4] RMP=5.454545, pricing=ExactPricingSolver, new_columns=0
  搜索路径: [1, 2, 3, 6, 7, 10, 12, 13, 11, 18, 19, 22, 23, 20, 21, 30, 31, 28, 29, 36, 37, 39, 38, 44, 45, 48, 49, 26, 27, 58, 59, 60, 61, 64, 65, 70, 71, 56, 62, 57, 50, 77, 51, 79, 80, 81, 43, 63, 34, 96, 97, 100, 101, 92, 42, 76, 35, 110, 111, 113, 112, 118, 119, 124, 125, 93, 78, 132, 133]
  列生成求解结果: 目标值=5.4545， 下界=5.4545， 上界=12.0000
    非整数变量: COL_11-15-19-21-23-28-4_61 = 0.454545
  解不是整数，开始分支...
ImposedVertex(vertex=15)
ForbidVertex(vertex=15)
  创建了 2 个分支
    添加分支节点 1: ID=136
    添加分支节点 2: ID=137

处理节点 136
  开始列生成求解...
Set parameter LogToConsole to value 0
Set parameter Threads to value 1
Set parameter Seed to value 0
  定价策略: Exact, node=136, vertices=19
Set parameter PoolSearchMode to value 2
Set parameter PoolSolutions to value 10
[CG 1] RMP=6.000000, pricing=ExactPricingSolver, new_columns=0
  搜索路径: [1, 2, 3, 6, 7, 10, 12, 13, 11, 18, 19, 22, 23, 20, 21, 30, 31, 28, 29, 36, 37, 39, 38, 44, 45, 48, 49, 26, 27, 58, 59, 60, 61, 64, 65, 70, 71, 56, 62, 57, 50, 77, 51, 79, 80, 81, 43, 63, 34, 96, 97, 100, 101, 92, 42, 76, 35, 110, 111, 113, 112, 118, 119, 124, 125, 93, 78, 132, 133, 136]
  列生成求解结果: 目标值=6.0000， 下界=5.4545， 上界=12.0000
    非整数变量: COL_19-21-23-28-4_56 = 0.500000
  解不是整数，开始分支...
ImposedVertex(vertex=21)
ForbidVertex(vertex=21)
  创建了 2 个分支
    添加分支节点 1: ID=138
    添加分支节点 2: ID=139
  进度: 已处理 70 个节点, 剩余 69 个, 当前最优 12.0000, 当前列数: 586

处理节点 137
  开始列生成求解...
Set parameter LogToConsole to value 0
Set parameter Threads to value 1
Set parameter Seed to value 0
  定价策略: Exact, node=137, vertices=19
Set parameter PoolSearchMode to value 2
Set parameter PoolSolutions to value 10
[CG 1] RMP=2010.000000, pricing=ExactPricingSolver, new_columns=10
[CG 2] RMP=9.000000, pricing=ExactPricingSolver, new_columns=0
  搜索路径: [1, 2, 3, 6, 7, 10, 12, 13, 11, 18, 19, 22, 23, 20, 21, 30, 31, 28, 29, 36, 37, 39, 38, 44, 45, 48, 49, 26, 27, 58, 59, 60, 61, 64, 65, 70, 71, 56, 62, 57, 50, 77, 51, 79, 80, 81, 43, 63, 34, 96, 97, 100, 101, 92, 42, 76, 35, 110, 111, 113, 112, 118, 119, 124, 125, 93, 78, 132, 133, 136, 137]
  列生成求解结果: 目标值=9.0000， 下界=5.4545， 上界=12.0000
    非整数变量: COL_0-11-19-4-7_124 = 0.333333
  解不是整数，开始分支...
ImposedVertex(vertex=26)
ForbidVertex(vertex=26)
  创建了 2 个分支
    添加分支节点 1: ID=140
    添加分支节点 2: ID=141

处理节点 94
  开始列生成求解...
Set parameter LogToConsole to value 0
Set parameter Threads to value 1
Set parameter Seed to value 0
  定价策略: Exact, node=94, vertices=16
Set parameter PoolSearchMode to value 2
Set parameter PoolSolutions to value 10
[CG 1] RMP=11.000000, pricing=ExactPricingSolver, new_columns=0
  搜索路径: [1, 2, 3, 6, 7, 10, 12, 13, 11, 18, 19, 22, 23, 20, 21, 30, 31, 28, 29, 36, 37, 39, 38, 44, 45, 48, 49, 26, 27, 58, 59, 60, 61, 64, 65, 70, 71, 56, 62, 57, 50, 77, 51, 79, 80, 81, 43, 63, 34, 96, 97, 100, 101, 92, 42, 76, 35, 110, 111, 113, 112, 118, 119, 124, 125, 93, 78, 132, 133, 136, 137, 94]
  列生成求解结果: 目标值=11.0000， 下界=5.4545， 上界=12.0000
  找到整数解，更新最优解
  更新最优解后剪枝了 16 个节点

处理节点 95
  开始列生成求解...
Set parameter LogToConsole to value 0
Set parameter Threads to value 1
Set parameter Seed to value 0
  定价策略: Exact, node=95, vertices=16
Set parameter PoolSearchMode to value 2
Set parameter PoolSolutions to value 10
[CG 1] RMP=7.000000, pricing=ExactPricingSolver, new_columns=0
  搜索路径: [1, 2, 3, 6, 7, 10, 12, 13, 11, 18, 19, 22, 23, 20, 21, 30, 31, 28, 29, 36, 37, 39, 38, 44, 45, 48, 49, 26, 27, 58, 59, 60, 61, 64, 65, 70, 71, 56, 62, 57, 50, 77, 51, 79, 80, 81, 43, 63, 34, 96, 97, 100, 101, 92, 42, 76, 35, 110, 111, 113, 112, 118, 119, 124, 125, 93, 78, 132, 133, 136, 137, 94, 95]
  列生成求解结果: 目标值=7.0000， 下界=5.4545， 上界=11.0000
    非整数变量: COL_1-18-25_128 = 0.416667
  解不是整数，开始分支...
ImposedVertex(vertex=21)
ForbidVertex(vertex=21)
  创建了 2 个分支
    添加分支节点 1: ID=142
    添加分支节点 2: ID=143

处理节点 87
  开始列生成求解...
Set parameter LogToConsole to value 0
Set parameter Threads to value 1
Set parameter Seed to value 0
  定价策略: Exact, node=87, vertices=17
Set parameter PoolSearchMode to value 2
Set parameter PoolSolutions to value 10
[CG 1] RMP=12.000000, pricing=ExactPricingSolver, new_columns=10
[CG 2] RMP=11.000000, pricing=ExactPricingSolver, new_columns=0
  搜索路径: [1, 2, 3, 6, 7, 10, 12, 13, 11, 18, 19, 22, 23, 20, 21, 30, 31, 28, 29, 36, 37, 39, 38, 44, 45, 48, 49, 26, 27, 58, 59, 60, 61, 64, 65, 70, 71, 56, 62, 57, 50, 77, 51, 79, 80, 81, 43, 63, 34, 96, 97, 100, 101, 92, 42, 76, 35, 110, 111, 113, 112, 118, 119, 124, 125, 93, 78, 132, 133, 136, 137, 94, 95, 87]
  列生成求解结果: 目标值=11.0000， 下界=5.4545， 上界=11.0000

处理节点 86
  开始列生成求解...
Set parameter LogToConsole to value 0
Set parameter Threads to value 1
Set parameter Seed to value 0
  定价策略: Exact, node=86, vertices=17
Set parameter PoolSearchMode to value 2
Set parameter PoolSolutions to value 10
[CG 1] RMP=7.000000, pricing=ExactPricingSolver, new_columns=0
  搜索路径: [1, 2, 3, 6, 7, 10, 12, 13, 11, 18, 19, 22, 23, 20, 21, 30, 31, 28, 29, 36, 37, 39, 38, 44, 45, 48, 49, 26, 27, 58, 59, 60, 61, 64, 65, 70, 71, 56, 62, 57, 50, 77, 51, 79, 80, 81, 43, 63, 34, 96, 97, 100, 101, 92, 42, 76, 35, 110, 111, 113, 112, 118, 119, 124, 125, 93, 78, 132, 133, 136, 137, 94, 95, 87, 86]
  列生成求解结果: 目标值=7.0000， 下界=5.4545， 上界=11.0000
    非整数变量: COL_9_66 = 0.500000
  解不是整数，开始分支...
ImposedVertex(vertex=3)
ForbidVertex(vertex=3)
  创建了 2 个分支
    添加分支节点 1: ID=144
    添加分支节点 2: ID=145

处理节点 16
  开始列生成求解...
Set parameter LogToConsole to value 0
Set parameter Threads to value 1
Set parameter Seed to value 0
  定价策略: Exact, node=16, vertices=22
Set parameter PoolSearchMode to value 2
Set parameter PoolSolutions to value 10
[CG 1] RMP=2010.000000, pricing=ExactPricingSolver, new_columns=10
[CG 2] RMP=5.739130, pricing=ExactPricingSolver, new_columns=0
  搜索路径: [1, 2, 3, 6, 7, 10, 12, 13, 11, 18, 19, 22, 23, 20, 21, 30, 31, 28, 29, 36, 37, 39, 38, 44, 45, 48, 49, 26, 27, 58, 59, 60, 61, 64, 65, 70, 71, 56, 62, 57, 50, 77, 51, 79, 80, 81, 43, 63, 34, 96, 97, 100, 101, 92, 42, 76, 35, 110, 111, 113, 112, 118, 119, 124, 125, 93, 78, 132, 133, 136, 137, 94, 95, 87, 86, 16]
  列生成求解结果: 目标值=5.7391， 下界=5.7391， 上界=11.0000
    非整数变量: COL_13-16-19_4 = 0.521739
  解不是整数，开始分支...
ImposedVertex(vertex=1)
ForbidVertex(vertex=1)
  创建了 2 个分支
    添加分支节点 1: ID=146
    添加分支节点 2: ID=147

处理节点 17
  开始列生成求解...
Set parameter LogToConsole to value 0
Set parameter Threads to value 1
Set parameter Seed to value 0
  定价策略: Exact, node=17, vertices=24
Set parameter PoolSearchMode to value 2
Set parameter PoolSolutions to value 10
[CG 1] RMP=5.739130, pricing=ExactPricingSolver, new_columns=0
  搜索路径: [1, 2, 3, 6, 7, 10, 12, 13, 11, 18, 19, 22, 23, 20, 21, 30, 31, 28, 29, 36, 37, 39, 38, 44, 45, 48, 49, 26, 27, 58, 59, 60, 61, 64, 65, 70, 71, 56, 62, 57, 50, 77, 51, 79, 80, 81, 43, 63, 34, 96, 97, 100, 101, 92, 42, 76, 35, 110, 111, 113, 112, 118, 119, 124, 125, 93, 78, 132, 133, 136, 137, 94, 95, 87, 86, 16, 17]
  列生成求解结果: 目标值=5.7391， 下界=5.7391， 上界=11.0000
    非整数变量: COL_18-23-9_27 = 0.478261
  解不是整数，开始分支...
ImposedVertex(vertex=9)
ForbidVertex(vertex=9)
  创建了 2 个分支
    添加分支节点 1: ID=148
    添加分支节点 2: ID=149

处理节点 148
  开始列生成求解...
Set parameter LogToConsole to value 0
Set parameter Threads to value 1
Set parameter Seed to value 0
  定价策略: Exact, node=148, vertices=23
Set parameter PoolSearchMode to value 2
Set parameter PoolSolutions to value 10
[CG 1] RMP=5.739130, pricing=ExactPricingSolver, new_columns=0
  搜索路径: [1, 2, 3, 6, 7, 10, 12, 13, 11, 18, 19, 22, 23, 20, 21, 30, 31, 28, 29, 36, 37, 39, 38, 44, 45, 48, 49, 26, 27, 58, 59, 60, 61, 64, 65, 70, 71, 56, 62, 57, 50, 77, 51, 79, 80, 81, 43, 63, 34, 96, 97, 100, 101, 92, 42, 76, 35, 110, 111, 113, 112, 118, 119, 124, 125, 93, 78, 132, 133, 136, 137, 94, 95, 87, 86, 16, 17, 148]
  列生成求解结果: 目标值=5.7391， 下界=5.7391， 上界=11.0000
    非整数变量: COL_18-23-9_27 = 0.239130
  解不是整数，开始分支...
ImposedVertex(vertex=0)
ForbidVertex(vertex=0)
  创建了 2 个分支
    添加分支节点 1: ID=150
    添加分支节点 2: ID=151

处理节点 149
  开始列生成求解...
Set parameter LogToConsole to value 0
Set parameter Threads to value 1
Set parameter Seed to value 0
  定价策略: Exact, node=149, vertices=23
Set parameter PoolSearchMode to value 2
Set parameter PoolSolutions to value 10
[CG 1] RMP=12.000000, pricing=ExactPricingSolver, new_columns=10
[CG 2] RMP=11.000000, pricing=ExactPricingSolver, new_columns=0
  搜索路径: [1, 2, 3, 6, 7, 10, 12, 13, 11, 18, 19, 22, 23, 20, 21, 30, 31, 28, 29, 36, 37, 39, 38, 44, 45, 48, 49, 26, 27, 58, 59, 60, 61, 64, 65, 70, 71, 56, 62, 57, 50, 77, 51, 79, 80, 81, 43, 63, 34, 96, 97, 100, 101, 92, 42, 76, 35, 110, 111, 113, 112, 118, 119, 124, 125, 93, 78, 132, 133, 136, 137, 94, 95, 87, 86, 16, 17, 148, 149]
  列生成求解结果: 目标值=11.0000， 下界=5.7391， 上界=11.0000

处理节点 146
  开始列生成求解...
Set parameter LogToConsole to value 0
Set parameter Threads to value 1
Set parameter Seed to value 0
  定价策略: Exact, node=146, vertices=19
Set parameter PoolSearchMode to value 2
Set parameter PoolSolutions to value 10
[CG 1] RMP=2010.000000, pricing=ExactPricingSolver, new_columns=10
[CG 2] RMP=6.352941, pricing=ExactPricingSolver, new_columns=10
[CG 3] RMP=5.739130, pricing=ExactPricingSolver, new_columns=0
  搜索路径: [1, 2, 3, 6, 7, 10, 12, 13, 11, 18, 19, 22, 23, 20, 21, 30, 31, 28, 29, 36, 37, 39, 38, 44, 45, 48, 49, 26, 27, 58, 59, 60, 61, 64, 65, 70, 71, 56, 62, 57, 50, 77, 51, 79, 80, 81, 43, 63, 34, 96, 97, 100, 101, 92, 42, 76, 35, 110, 111, 113, 112, 118, 119, 124, 125, 93, 78, 132, 133, 136, 137, 94, 95, 87, 86, 16, 17, 148, 149, 146]
  列生成求解结果: 目标值=5.7391， 下界=5.7391， 上界=11.0000
    非整数变量: COL_13-16-19_4 = 0.253623
  解不是整数，开始分支...
ImposedVertex(vertex=19)
ForbidVertex(vertex=19)
  创建了 2 个分支
    添加分支节点 1: ID=152
    添加分支节点 2: ID=153
  进度: 已处理 80 个节点, 剩余 57 个, 当前最优 11.0000, 当前列数: 646

处理节点 150
  开始列生成求解...
Set parameter LogToConsole to value 0
Set parameter Threads to value 1
Set parameter Seed to value 0
  定价策略: Exact, node=150, vertices=20
Set parameter PoolSearchMode to value 2
Set parameter PoolSolutions to value 10
[CG 1] RMP=2010.000000, pricing=ExactPricingSolver, new_columns=10
[CG 2] RMP=9.000000, pricing=ExactPricingSolver, new_columns=10
[CG 3] RMP=7.000000, pricing=ExactPricingSolver, new_columns=10
[CG 4] RMP=7.000000, pricing=ExactPricingSolver, new_columns=10
[CG 5] RMP=5.739130, pricing=ExactPricingSolver, new_columns=0
  搜索路径: [1, 2, 3, 6, 7, 10, 12, 13, 11, 18, 19, 22, 23, 20, 21, 30, 31, 28, 29, 36, 37, 39, 38, 44, 45, 48, 49, 26, 27, 58, 59, 60, 61, 64, 65, 70, 71, 56, 62, 57, 50, 77, 51, 79, 80, 81, 43, 63, 34, 96, 97, 100, 101, 92, 42, 76, 35, 110, 111, 113, 112, 118, 119, 124, 125, 93, 78, 132, 133, 136, 137, 94, 95, 87, 86, 16, 17, 148, 149, 146, 150]
  列生成求解结果: 目标值=5.7391， 下界=5.7391， 上界=11.0000
    非整数变量: COL_0-21_37 = 0.282609
  解不是整数，开始分支...
ImposedVertex(vertex=21)
ForbidVertex(vertex=21)
  创建了 2 个分支
    添加分支节点 1: ID=154
    添加分支节点 2: ID=155

处理节点 151
  开始列生成求解...
Set parameter LogToConsole to value 0
Set parameter Threads to value 1
Set parameter Seed to value 0
  定价策略: Exact, node=151, vertices=22
Set parameter PoolSearchMode to value 2
Set parameter PoolSolutions to value 10
[CG 1] RMP=5.739130, pricing=ExactPricingSolver, new_columns=0
  搜索路径: [1, 2, 3, 6, 7, 10, 12, 13, 11, 18, 19, 22, 23, 20, 21, 30, 31, 28, 29, 36, 37, 39, 38, 44, 45, 48, 49, 26, 27, 58, 59, 60, 61, 64, 65, 70, 71, 56, 62, 57, 50, 77, 51, 79, 80, 81, 43, 63, 34, 96, 97, 100, 101, 92, 42, 76, 35, 110, 111, 113, 112, 118, 119, 124, 125, 93, 78, 132, 133, 136, 137, 94, 95, 87, 86, 16, 17, 148, 149, 146, 150, 151]
  列生成求解结果: 目标值=5.7391， 下界=5.7391， 上界=11.0000
    非整数变量: COL_1-11-18-23-7-9_34 = 0.478261
  解不是整数，开始分支...
ImposedVertex(vertex=1)
ForbidVertex(vertex=1)
  创建了 2 个分支
    添加分支节点 1: ID=156
    添加分支节点 2: ID=157

处理节点 152
  开始列生成求解...
Set parameter LogToConsole to value 0
Set parameter Threads to value 1
Set parameter Seed to value 0
  定价策略: Exact, node=152, vertices=18
Set parameter PoolSearchMode to value 2
Set parameter PoolSolutions to value 10
[CG 1] RMP=258.250000, pricing=ExactPricingSolver, new_columns=10
[CG 2] RMP=11.000000, pricing=ExactPricingSolver, new_columns=0
  搜索路径: [1, 2, 3, 6, 7, 10, 12, 13, 11, 18, 19, 22, 23, 20, 21, 30, 31, 28, 29, 36, 37, 39, 38, 44, 45, 48, 49, 26, 27, 58, 59, 60, 61, 64, 65, 70, 71, 56, 62, 57, 50, 77, 51, 79, 80, 81, 43, 63, 34, 96, 97, 100, 101, 92, 42, 76, 35, 110, 111, 113, 112, 118, 119, 124, 125, 93, 78, 132, 133, 136, 137, 94, 95, 87, 86, 16, 17, 148, 149, 146, 150, 151, 152]
  列生成求解结果: 目标值=11.0000， 下界=5.7391， 上界=11.0000

处理节点 153
  开始列生成求解...
Set parameter LogToConsole to value 0
Set parameter Threads to value 1
Set parameter Seed to value 0
  定价策略: Exact, node=153, vertices=18
Set parameter PoolSearchMode to value 2
Set parameter PoolSolutions to value 10
[CG 1] RMP=7.000000, pricing=ExactPricingSolver, new_columns=0
  搜索路径: [1, 2, 3, 6, 7, 10, 12, 13, 11, 18, 19, 22, 23, 20, 21, 30, 31, 28, 29, 36, 37, 39, 38, 44, 45, 48, 49, 26, 27, 58, 59, 60, 61, 64, 65, 70, 71, 56, 62, 57, 50, 77, 51, 79, 80, 81, 43, 63, 34, 96, 97, 100, 101, 92, 42, 76, 35, 110, 111, 113, 112, 118, 119, 124, 125, 93, 78, 132, 133, 136, 137, 94, 95, 87, 86, 16, 17, 148, 149, 146, 150, 151, 152, 153]
  列生成求解结果: 目标值=7.0000， 下界=5.7391， 上界=11.0000
    非整数变量: COL_1-18-23-9_29 = 0.375000
  解不是整数，开始分支...
ImposedVertex(vertex=9)
ForbidVertex(vertex=9)
  创建了 2 个分支
    添加分支节点 1: ID=158
    添加分支节点 2: ID=159

处理节点 156
  开始列生成求解...
Set parameter LogToConsole to value 0
Set parameter Threads to value 1
Set parameter Seed to value 0
  定价策略: Exact, node=156, vertices=20
Set parameter PoolSearchMode to value 2
Set parameter PoolSolutions to value 10
[CG 1] RMP=6.000000, pricing=ExactPricingSolver, new_columns=10
[CG 2] RMP=5.739130, pricing=ExactPricingSolver, new_columns=0
  搜索路径: [1, 2, 3, 6, 7, 10, 12, 13, 11, 18, 19, 22, 23, 20, 21, 30, 31, 28, 29, 36, 37, 39, 38, 44, 45, 48, 49, 26, 27, 58, 59, 60, 61, 64, 65, 70, 71, 56, 62, 57, 50, 77, 51, 79, 80, 81, 43, 63, 34, 96, 97, 100, 101, 92, 42, 76, 35, 110, 111, 113, 112, 118, 119, 124, 125, 93, 78, 132, 133, 136, 137, 94, 95, 87, 86, 16, 17, 148, 149, 146, 150, 151, 152, 153, 156]
  列生成求解结果: 目标值=5.7391， 下界=5.7391， 上界=11.0000
    非整数变量: COL_1-11-18-23-7-9_34 = 0.478261
  解不是整数，开始分支...
ImposedVertex(vertex=18)
ForbidVertex(vertex=18)
  创建了 2 个分支
    添加分支节点 1: ID=160
    添加分支节点 2: ID=161

处理节点 157
  开始列生成求解...
Set parameter LogToConsole to value 0
Set parameter Threads to value 1
Set parameter Seed to value 0
  定价策略: Exact, node=157, vertices=21
Set parameter PoolSearchMode to value 2
Set parameter PoolSolutions to value 10
[CG 1] RMP=9.000000, pricing=ExactPricingSolver, new_columns=10
[CG 2] RMP=6.439024, pricing=ExactPricingSolver, new_columns=10
[CG 3] RMP=5.739130, pricing=ExactPricingSolver, new_columns=0
  搜索路径: [1, 2, 3, 6, 7, 10, 12, 13, 11, 18, 19, 22, 23, 20, 21, 30, 31, 28, 29, 36, 37, 39, 38, 44, 45, 48, 49, 26, 27, 58, 59, 60, 61, 64, 65, 70, 71, 56, 62, 57, 50, 77, 51, 79, 80, 81, 43, 63, 34, 96, 97, 100, 101, 92, 42, 76, 35, 110, 111, 113, 112, 118, 119, 124, 125, 93, 78, 132, 133, 136, 137, 94, 95, 87, 86, 16, 17, 148, 149, 146, 150, 151, 152, 153, 156, 157]
  列生成求解结果: 目标值=5.7391， 下界=5.7391， 上界=11.0000
    非整数变量: COL_18-2-22-9_31 = 0.141304
  解不是整数，开始分支...
ImposedVertex(vertex=22)
ForbidVertex(vertex=22)
  创建了 2 个分支
    添加分支节点 1: ID=162
    添加分支节点 2: ID=163

处理节点 147
  开始列生成求解...
Set parameter LogToConsole to value 0
Set parameter Threads to value 1
Set parameter Seed to value 0
  定价策略: Exact, node=147, vertices=21
Set parameter PoolSearchMode to value 2
Set parameter PoolSolutions to value 10
[CG 1] RMP=6.000000, pricing=ExactPricingSolver, new_columns=10
[CG 2] RMP=5.739130, pricing=ExactPricingSolver, new_columns=0
  搜索路径: [1, 2, 3, 6, 7, 10, 12, 13, 11, 18, 19, 22, 23, 20, 21, 30, 31, 28, 29, 36, 37, 39, 38, 44, 45, 48, 49, 26, 27, 58, 59, 60, 61, 64, 65, 70, 71, 56, 62, 57, 50, 77, 51, 79, 80, 81, 43, 63, 34, 96, 97, 100, 101, 92, 42, 76, 35, 110, 111, 113, 112, 118, 119, 124, 125, 93, 78, 132, 133, 136, 137, 94, 95, 87, 86, 16, 17, 148, 149, 146, 150, 151, 152, 153, 156, 157, 147]
  列生成求解结果: 目标值=5.7391， 下界=5.7391， 上界=11.0000
    非整数变量: COL_13-16-19_4 = 0.521739
  解不是整数，开始分支...
ImposedVertex(vertex=0)
ForbidVertex(vertex=0)
  创建了 2 个分支
    添加分支节点 1: ID=164
    添加分支节点 2: ID=165

处理节点 160
  开始列生成求解...
Set parameter LogToConsole to value 0
Set parameter Threads to value 1
Set parameter Seed to value 0
  定价策略: Exact, node=160, vertices=19
Set parameter PoolSearchMode to value 2
Set parameter PoolSolutions to value 10
[CG 1] RMP=7.000000, pricing=ExactPricingSolver, new_columns=0
  搜索路径: [1, 2, 3, 6, 7, 10, 12, 13, 11, 18, 19, 22, 23, 20, 21, 30, 31, 28, 29, 36, 37, 39, 38, 44, 45, 48, 49, 26, 27, 58, 59, 60, 61, 64, 65, 70, 71, 56, 62, 57, 50, 77, 51, 79, 80, 81, 43, 63, 34, 96, 97, 100, 101, 92, 42, 76, 35, 110, 111, 113, 112, 118, 119, 124, 125, 93, 78, 132, 133, 136, 137, 94, 95, 87, 86, 16, 17, 148, 149, 146, 150, 151, 152, 153, 156, 157, 147, 160]
  列生成求解结果: 目标值=7.0000， 下界=5.7391， 上界=11.0000
    非整数变量: COL_1-11-18-23-7-9_34 = 0.500000
  解不是整数，开始分支...
ImposedVertex(vertex=11)
ForbidVertex(vertex=11)
  创建了 2 个分支
    添加分支节点 1: ID=166
    添加分支节点 2: ID=167

处理节点 161
  开始列生成求解...
Set parameter LogToConsole to value 0
Set parameter Threads to value 1
Set parameter Seed to value 0
  定价策略: Exact, node=161, vertices=19
Set parameter PoolSearchMode to value 2
Set parameter PoolSolutions to value 10
[CG 1] RMP=12.000000, pricing=ExactPricingSolver, new_columns=10
[CG 2] RMP=5.739130, pricing=ExactPricingSolver, new_columns=0
  搜索路径: [1, 2, 3, 6, 7, 10, 12, 13, 11, 18, 19, 22, 23, 20, 21, 30, 31, 28, 29, 36, 37, 39, 38, 44, 45, 48, 49, 26, 27, 58, 59, 60, 61, 64, 65, 70, 71, 56, 62, 57, 50, 77, 51, 79, 80, 81, 43, 63, 34, 96, 97, 100, 101, 92, 42, 76, 35, 110, 111, 113, 112, 118, 119, 124, 125, 93, 78, 132, 133, 136, 137, 94, 95, 87, 86, 16, 17, 148, 149, 146, 150, 151, 152, 153, 156, 157, 147, 160, 161]
  列生成求解结果: 目标值=5.7391， 下界=5.7391， 上界=11.0000
    非整数变量: COL_11-19-21-23-28-4_59 = 0.478261
  解不是整数，开始分支...
ImposedVertex(vertex=21)
ForbidVertex(vertex=21)
  创建了 2 个分支
    添加分支节点 1: ID=168
    添加分支节点 2: ID=169

处理节点 162
  开始列生成求解...
Set parameter LogToConsole to value 0
Set parameter Threads to value 1
Set parameter Seed to value 0
  定价策略: Exact, node=162, vertices=19
Set parameter PoolSearchMode to value 2
Set parameter PoolSolutions to value 10
[CG 1] RMP=9.000000, pricing=ExactPricingSolver, new_columns=0
  搜索路径: [1, 2, 3, 6, 7, 10, 12, 13, 11, 18, 19, 22, 23, 20, 21, 30, 31, 28, 29, 36, 37, 39, 38, 44, 45, 48, 49, 26, 27, 58, 59, 60, 61, 64, 65, 70, 71, 56, 62, 57, 50, 77, 51, 79, 80, 81, 43, 63, 34, 96, 97, 100, 101, 92, 42, 76, 35, 110, 111, 113, 112, 118, 119, 124, 125, 93, 78, 132, 133, 136, 137, 94, 95, 87, 86, 16, 17, 148, 149, 146, 150, 151, 152, 153, 156, 157, 147, 160, 161, 162]
  列生成求解结果: 目标值=9.0000， 下界=5.7391， 上界=11.0000
    非整数变量: COL_18-2-22-9_31 = 0.013889
  解不是整数，开始分支...
ImposedVertex(vertex=2)
ForbidVertex(vertex=2)
  创建了 2 个分支
    添加分支节点 1: ID=170
    添加分支节点 2: ID=171
  进度: 已处理 90 个节点, 剩余 65 个, 当前最优 11.0000, 当前列数: 746

处理节点 163
  开始列生成求解...
Set parameter LogToConsole to value 0
Set parameter Threads to value 1
Set parameter Seed to value 0
  定价策略: Exact, node=163, vertices=20
Set parameter PoolSearchMode to value 2
Set parameter PoolSolutions to value 10
[CG 1] RMP=5.739130, pricing=ExactPricingSolver, new_columns=0
  搜索路径: [1, 2, 3, 6, 7, 10, 12, 13, 11, 18, 19, 22, 23, 20, 21, 30, 31, 28, 29, 36, 37, 39, 38, 44, 45, 48, 49, 26, 27, 58, 59, 60, 61, 64, 65, 70, 71, 56, 62, 57, 50, 77, 51, 79, 80, 81, 43, 63, 34, 96, 97, 100, 101, 92, 42, 76, 35, 110, 111, 113, 112, 118, 119, 124, 125, 93, 78, 132, 133, 136, 137, 94, 95, 87, 86, 16, 17, 148, 149, 146, 150, 151, 152, 153, 156, 157, 147, 160, 161, 162, 163]
  列生成求解结果: 目标值=5.7391， 下界=5.7391， 上界=11.0000
    非整数变量: COL_19-21-23-28-4_56 = 0.478261
  解不是整数，开始分支...
ImposedVertex(vertex=19)
ForbidVertex(vertex=19)
  创建了 2 个分支
    添加分支节点 1: ID=172
    添加分支节点 2: ID=173

处理节点 165
  开始列生成求解...
Set parameter LogToConsole to value 0
Set parameter Threads to value 1
Set parameter Seed to value 0
  定价策略: Exact, node=165, vertices=20
Set parameter PoolSearchMode to value 2
Set parameter PoolSolutions to value 10
[CG 1] RMP=7.689320, pricing=ExactPricingSolver, new_columns=10
[CG 2] RMP=5.739130, pricing=ExactPricingSolver, new_columns=0
  搜索路径: [1, 2, 3, 6, 7, 10, 12, 13, 11, 18, 19, 22, 23, 20, 21, 30, 31, 28, 29, 36, 37, 39, 38, 44, 45, 48, 49, 26, 27, 58, 59, 60, 61, 64, 65, 70, 71, 56, 62, 57, 50, 77, 51, 79, 80, 81, 43, 63, 34, 96, 97, 100, 101, 92, 42, 76, 35, 110, 111, 113, 112, 118, 119, 124, 125, 93, 78, 132, 133, 136, 137, 94, 95, 87, 86, 16, 17, 148, 149, 146, 150, 151, 152, 153, 156, 157, 147, 160, 161, 162, 163, 165]
  列生成求解结果: 目标值=5.7391， 下界=5.7391， 上界=11.0000
    非整数变量: COL_13-16-19_4 = 0.202899
  解不是整数，开始分支...
ImposedVertex(vertex=4)
ForbidVertex(vertex=4)
  创建了 2 个分支
    添加分支节点 1: ID=174
    添加分支节点 2: ID=175

处理节点 164
  开始列生成求解...
Set parameter LogToConsole to value 0
Set parameter Threads to value 1
Set parameter Seed to value 0
  定价策略: Exact, node=164, vertices=19
Set parameter PoolSearchMode to value 2
Set parameter PoolSolutions to value 10
[CG 1] RMP=2010.000000, pricing=ExactPricingSolver, new_columns=10
[CG 2] RMP=6.000000, pricing=ExactPricingSolver, new_columns=10
[CG 3] RMP=5.739130, pricing=ExactPricingSolver, new_columns=0
  搜索路径: [1, 2, 3, 6, 7, 10, 12, 13, 11, 18, 19, 22, 23, 20, 21, 30, 31, 28, 29, 36, 37, 39, 38, 44, 45, 48, 49, 26, 27, 58, 59, 60, 61, 64, 65, 70, 71, 56, 62, 57, 50, 77, 51, 79, 80, 81, 43, 63, 34, 96, 97, 100, 101, 92, 42, 76, 35, 110, 111, 113, 112, 118, 119, 124, 125, 93, 78, 132, 133, 136, 137, 94, 95, 87, 86, 16, 17, 148, 149, 146, 150, 151, 152, 153, 156, 157, 147, 160, 161, 162, 163, 165, 164]
  列生成求解结果: 目标值=5.7391， 下界=5.7391， 上界=11.0000
    非整数变量: COL_13-16-19_4 = 0.250000
  解不是整数，开始分支...
ImposedVertex(vertex=19)
ForbidVertex(vertex=19)
  创建了 2 个分支
    添加分支节点 1: ID=176
    添加分支节点 2: ID=177

处理节点 168
  开始列生成求解...
Set parameter LogToConsole to value 0
Set parameter Threads to value 1
Set parameter Seed to value 0
  定价策略: Exact, node=168, vertices=18
Set parameter PoolSearchMode to value 2
Set parameter PoolSolutions to value 10
[CG 1] RMP=2010.000000, pricing=ExactPricingSolver, new_columns=10
[CG 2] RMP=9.000000, pricing=ExactPricingSolver, new_columns=0
  搜索路径: [1, 2, 3, 6, 7, 10, 12, 13, 11, 18, 19, 22, 23, 20, 21, 30, 31, 28, 29, 36, 37, 39, 38, 44, 45, 48, 49, 26, 27, 58, 59, 60, 61, 64, 65, 70, 71, 56, 62, 57, 50, 77, 51, 79, 80, 81, 43, 63, 34, 96, 97, 100, 101, 92, 42, 76, 35, 110, 111, 113, 112, 118, 119, 124, 125, 93, 78, 132, 133, 136, 137, 94, 95, 87, 86, 16, 17, 148, 149, 146, 150, 151, 152, 153, 156, 157, 147, 160, 161, 162, 163, 165, 164, 168]
  列生成求解结果: 目标值=9.0000， 下界=5.7391， 上界=11.0000
    非整数变量: COL_19-21-23-28-4_56 = 0.250000
  解不是整数，开始分支...
ImposedVertex(vertex=23)
ForbidVertex(vertex=23)
  创建了 2 个分支
    添加分支节点 1: ID=178
    添加分支节点 2: ID=179

处理节点 169
  开始列生成求解...
Set parameter LogToConsole to value 0
Set parameter Threads to value 1
Set parameter Seed to value 0
  定价策略: Exact, node=169, vertices=18
Set parameter PoolSearchMode to value 2
Set parameter PoolSolutions to value 10
[CG 1] RMP=11.000000, pricing=ExactPricingSolver, new_columns=10
[CG 2] RMP=11.000000, pricing=ExactPricingSolver, new_columns=10
[CG 3] RMP=9.000000, pricing=ExactPricingSolver, new_columns=10
[CG 4] RMP=8.000000, pricing=ExactPricingSolver, new_columns=0
  搜索路径: [1, 2, 3, 6, 7, 10, 12, 13, 11, 18, 19, 22, 23, 20, 21, 30, 31, 28, 29, 36, 37, 39, 38, 44, 45, 48, 49, 26, 27, 58, 59, 60, 61, 64, 65, 70, 71, 56, 62, 57, 50, 77, 51, 79, 80, 81, 43, 63, 34, 96, 97, 100, 101, 92, 42, 76, 35, 110, 111, 113, 112, 118, 119, 124, 125, 93, 78, 132, 133, 136, 137, 94, 95, 87, 86, 16, 17, 148, 149, 146, 150, 151, 152, 153, 156, 157, 147, 160, 161, 162, 163, 165, 164, 168, 169]
  列生成求解结果: 目标值=8.0000， 下界=5.7391， 上界=11.0000
    非整数变量: COL_1-16-20-22-27-9_96 = 0.400000
  解不是整数，开始分支...
ImposedVertex(vertex=22)
ForbidVertex(vertex=22)
  创建了 2 个分支
    添加分支节点 1: ID=180
    添加分支节点 2: ID=181

处理节点 172
  开始列生成求解...
Set parameter LogToConsole to value 0
Set parameter Threads to value 1
Set parameter Seed to value 0
  定价策略: Exact, node=172, vertices=19
Set parameter PoolSearchMode to value 2
Set parameter PoolSolutions to value 10
[CG 1] RMP=12.000000, pricing=ExactPricingSolver, new_columns=10
[CG 2] RMP=12.000000, pricing=ExactPricingSolver, new_columns=10
[CG 3] RMP=12.000000, pricing=ExactPricingSolver, new_columns=10
[CG 4] RMP=12.000000, pricing=ExactPricingSolver, new_columns=0
  搜索路径: [1, 2, 3, 6, 7, 10, 12, 13, 11, 18, 19, 22, 23, 20, 21, 30, 31, 28, 29, 36, 37, 39, 38, 44, 45, 48, 49, 26, 27, 58, 59, 60, 61, 64, 65, 70, 71, 56, 62, 57, 50, 77, 51, 79, 80, 81, 43, 63, 34, 96, 97, 100, 101, 92, 42, 76, 35, 110, 111, 113, 112, 118, 119, 124, 125, 93, 78, 132, 133, 136, 137, 94, 95, 87, 86, 16, 17, 148, 149, 146, 150, 151, 152, 153, 156, 157, 147, 160, 161, 162, 163, 165, 164, 168, 169, 172]
  列生成求解结果: 目标值=12.0000， 下界=5.7391， 上界=11.0000

处理节点 173
  开始列生成求解...
Set parameter LogToConsole to value 0
Set parameter Threads to value 1
Set parameter Seed to value 0
  定价策略: Exact, node=173, vertices=19
Set parameter PoolSearchMode to value 2
Set parameter PoolSolutions to value 10
[CG 1] RMP=7.000000, pricing=ExactPricingSolver, new_columns=0
  搜索路径: [1, 2, 3, 6, 7, 10, 12, 13, 11, 18, 19, 22, 23, 20, 21, 30, 31, 28, 29, 36, 37, 39, 38, 44, 45, 48, 49, 26, 27, 58, 59, 60, 61, 64, 65, 70, 71, 56, 62, 57, 50, 77, 51, 79, 80, 81, 43, 63, 34, 96, 97, 100, 101, 92, 42, 76, 35, 110, 111, 113, 112, 118, 119, 124, 125, 93, 78, 132, 133, 136, 137, 94, 95, 87, 86, 16, 17, 148, 149, 146, 150, 151, 152, 153, 156, 157, 147, 160, 161, 162, 163, 165, 164, 168, 169, 172, 173]
  列生成求解结果: 目标值=7.0000， 下界=5.7391， 上界=11.0000
    非整数变量: COL_21-23-28-4-9_74 = 0.363636
  解不是整数，开始分支...
ImposedVertex(vertex=21)
ForbidVertex(vertex=21)
  创建了 2 个分支
    添加分支节点 1: ID=182
    添加分支节点 2: ID=183

处理节点 177
  开始列生成求解...
Set parameter LogToConsole to value 0
Set parameter Threads to value 1
Set parameter Seed to value 0
  定价策略: Exact, node=177, vertices=18
Set parameter PoolSearchMode to value 2
Set parameter PoolSolutions to value 10
[CG 1] RMP=7.000000, pricing=ExactPricingSolver, new_columns=0
  搜索路径: [1, 2, 3, 6, 7, 10, 12, 13, 11, 18, 19, 22, 23, 20, 21, 30, 31, 28, 29, 36, 37, 39, 38, 44, 45, 48, 49, 26, 27, 58, 59, 60, 61, 64, 65, 70, 71, 56, 62, 57, 50, 77, 51, 79, 80, 81, 43, 63, 34, 96, 97, 100, 101, 92, 42, 76, 35, 110, 111, 113, 112, 118, 119, 124, 125, 93, 78, 132, 133, 136, 137, 94, 95, 87, 86, 16, 17, 148, 149, 146, 150, 151, 152, 153, 156, 157, 147, 160, 161, 162, 163, 165, 164, 168, 169, 172, 173, 177]
  列生成求解结果: 目标值=7.0000， 下界=5.7391， 上界=11.0000
    非整数变量: COL_0-18-22-9_28 = 0.180556
  解不是整数，开始分支...
ImposedVertex(vertex=9)
ForbidVertex(vertex=9)
  创建了 2 个分支
    添加分支节点 1: ID=184
    添加分支节点 2: ID=185

处理节点 174
  开始列生成求解...
Set parameter LogToConsole to value 0
Set parameter Threads to value 1
Set parameter Seed to value 0
  定价策略: Exact, node=174, vertices=18
Set parameter PoolSearchMode to value 2
Set parameter PoolSolutions to value 10
[CG 1] RMP=11.000000, pricing=ExactPricingSolver, new_columns=10
[CG 2] RMP=5.739130, pricing=ExactPricingSolver, new_columns=0
  搜索路径: [1, 2, 3, 6, 7, 10, 12, 13, 11, 18, 19, 22, 23, 20, 21, 30, 31, 28, 29, 36, 37, 39, 38, 44, 45, 48, 49, 26, 27, 58, 59, 60, 61, 64, 65, 70, 71, 56, 62, 57, 50, 77, 51, 79, 80, 81, 43, 63, 34, 96, 97, 100, 101, 92, 42, 76, 35, 110, 111, 113, 112, 118, 119, 124, 125, 93, 78, 132, 133, 136, 137, 94, 95, 87, 86, 16, 17, 148, 149, 146, 150, 151, 152, 153, 156, 157, 147, 160, 161, 162, 163, 165, 164, 168, 169, 172, 173, 177, 174]
  列生成求解结果: 目标值=5.7391， 下界=5.7391， 上界=11.0000
    非整数变量: COL_13-16-19_4 = 0.478261
  解不是整数，开始分支...
ImposedVertex(vertex=19)
ForbidVertex(vertex=19)
  创建了 2 个分支
    添加分支节点 1: ID=186
    添加分支节点 2: ID=187

处理节点 175
  开始列生成求解...
Set parameter LogToConsole to value 0
Set parameter Threads to value 1
Set parameter Seed to value 0
  定价策略: Exact, node=175, vertices=19
Set parameter PoolSearchMode to value 2
Set parameter PoolSolutions to value 10
[CG 1] RMP=7.200000, pricing=ExactPricingSolver, new_columns=10
[CG 2] RMP=7.008850, pricing=ExactPricingSolver, new_columns=10
[CG 3] RMP=6.307167, pricing=ExactPricingSolver, new_columns=10
[CG 4] RMP=5.739130, pricing=ExactPricingSolver, new_columns=0
  搜索路径: [1, 2, 3, 6, 7, 10, 12, 13, 11, 18, 19, 22, 23, 20, 21, 30, 31, 28, 29, 36, 37, 39, 38, 44, 45, 48, 49, 26, 27, 58, 59, 60, 61, 64, 65, 70, 71, 56, 62, 57, 50, 77, 51, 79, 80, 81, 43, 63, 34, 96, 97, 100, 101, 92, 42, 76, 35, 110, 111, 113, 112, 118, 119, 124, 125, 93, 78, 132, 133, 136, 137, 94, 95, 87, 86, 16, 17, 148, 149, 146, 150, 151, 152, 153, 156, 157, 147, 160, 161, 162, 163, 165, 164, 168, 169, 172, 173, 177, 174, 175]
  列生成求解结果: 目标值=5.7391， 下界=5.7391， 上界=11.0000
    非整数变量: COL_13-16-19_4 = 0.180124
  解不是整数，开始分支...
ImposedVertex(vertex=23)
ForbidVertex(vertex=23)
  创建了 2 个分支
    添加分支节点 1: ID=188
    添加分支节点 2: ID=189
  进度: 已处理 100 个节点, 剩余 73 个, 当前最优 11.0000, 当前列数: 886

处理节点 176
  开始列生成求解...
Set parameter LogToConsole to value 0
Set parameter Threads to value 1
Set parameter Seed to value 0
  定价策略: Exact, node=176, vertices=18
Set parameter PoolSearchMode to value 2
Set parameter PoolSolutions to value 10
[CG 1] RMP=1012.000000, pricing=ExactPricingSolver, new_columns=10
[CG 2] RMP=6.000000, pricing=ExactPricingSolver, new_columns=10
[CG 3] RMP=5.866667, pricing=ExactPricingSolver, new_columns=10
[CG 4] RMP=5.739130, pricing=ExactPricingSolver, new_columns=10
[CG 5] RMP=5.739130, pricing=ExactPricingSolver, new_columns=0
  搜索路径: [1, 2, 3, 6, 7, 10, 12, 13, 11, 18, 19, 22, 23, 20, 21, 30, 31, 28, 29, 36, 37, 39, 38, 44, 45, 48, 49, 26, 27, 58, 59, 60, 61, 64, 65, 70, 71, 56, 62, 57, 50, 77, 51, 79, 80, 81, 43, 63, 34, 96, 97, 100, 101, 92, 42, 76, 35, 110, 111, 113, 112, 118, 119, 124, 125, 93, 78, 132, 133, 136, 137, 94, 95, 87, 86, 16, 17, 148, 149, 146, 150, 151, 152, 153, 156, 157, 147, 160, 161, 162, 163, 165, 164, 168, 169, 172, 173, 177, 174, 175, 176]
  列生成求解结果: 目标值=5.7391， 下界=5.7391， 上界=11.0000
    非整数变量: COL_13-16-19_4 = 0.256729
  解不是整数，开始分支...
ImposedVertex(vertex=9)
ForbidVertex(vertex=9)
  创建了 2 个分支
    添加分支节点 1: ID=190
    添加分支节点 2: ID=191

处理节点 186
  开始列生成求解...
Set parameter LogToConsole to value 0
Set parameter Threads to value 1
Set parameter Seed to value 0
  定价策略: Exact, node=186, vertices=17
Set parameter PoolSearchMode to value 2
Set parameter PoolSolutions to value 10
[CG 1] RMP=6.666667, pricing=ExactPricingSolver, new_columns=10
[CG 2] RMP=5.739130, pricing=ExactPricingSolver, new_columns=0
  搜索路径: [1, 2, 3, 6, 7, 10, 12, 13, 11, 18, 19, 22, 23, 20, 21, 30, 31, 28, 29, 36, 37, 39, 38, 44, 45, 48, 49, 26, 27, 58, 59, 60, 61, 64, 65, 70, 71, 56, 62, 57, 50, 77, 51, 79, 80, 81, 43, 63, 34, 96, 97, 100, 101, 92, 42, 76, 35, 110, 111, 113, 112, 118, 119, 124, 125, 93, 78, 132, 133, 136, 137, 94, 95, 87, 86, 16, 17, 148, 149, 146, 150, 151, 152, 153, 156, 157, 147, 160, 161, 162, 163, 165, 164, 168, 169, 172, 173, 177, 174, 175, 176, 186]
  列生成求解结果: 目标值=5.7391， 下界=5.7391， 上界=11.0000
    非整数变量: COL_13-16-19_4 = 0.405797
  解不是整数，开始分支...
ImposedVertex(vertex=7)
ForbidVertex(vertex=7)
  创建了 2 个分支
    添加分支节点 1: ID=192
    添加分支节点 2: ID=193

处理节点 187
  开始列生成求解...
Set parameter LogToConsole to value 0
Set parameter Threads to value 1
Set parameter Seed to value 0
  定价策略: Exact, node=187, vertices=17
Set parameter PoolSearchMode to value 2
Set parameter PoolSolutions to value 10
[CG 1] RMP=11.000000, pricing=ExactPricingSolver, new_columns=10
[CG 2] RMP=7.200000, pricing=ExactPricingSolver, new_columns=10
[CG 3] RMP=7.000000, pricing=ExactPricingSolver, new_columns=0
  搜索路径: [1, 2, 3, 6, 7, 10, 12, 13, 11, 18, 19, 22, 23, 20, 21, 30, 31, 28, 29, 36, 37, 39, 38, 44, 45, 48, 49, 26, 27, 58, 59, 60, 61, 64, 65, 70, 71, 56, 62, 57, 50, 77, 51, 79, 80, 81, 43, 63, 34, 96, 97, 100, 101, 92, 42, 76, 35, 110, 111, 113, 112, 118, 119, 124, 125, 93, 78, 132, 133, 136, 137, 94, 95, 87, 86, 16, 17, 148, 149, 146, 150, 151, 152, 153, 156, 157, 147, 160, 161, 162, 163, 165, 164, 168, 169, 172, 173, 177, 174, 175, 176, 186, 187]
  列生成求解结果: 目标值=7.0000， 下界=5.7391， 上界=11.0000
    非整数变量: COL_21-23-28-4-9_74 = 0.150253
  解不是整数，开始分支...
ImposedVertex(vertex=23)
ForbidVertex(vertex=23)
  创建了 2 个分支
    添加分支节点 1: ID=194
    添加分支节点 2: ID=195

处理节点 188
  开始列生成求解...
Set parameter LogToConsole to value 0
Set parameter Threads to value 1
Set parameter Seed to value 0
  定价策略: Exact, node=188, vertices=17
Set parameter PoolSearchMode to value 2
Set parameter PoolSolutions to value 10
[CG 1] RMP=12.000000, pricing=ExactPricingSolver, new_columns=10
[CG 2] RMP=12.000000, pricing=ExactPricingSolver, new_columns=0
  搜索路径: [1, 2, 3, 6, 7, 10, 12, 13, 11, 18, 19, 22, 23, 20, 21, 30, 31, 28, 29, 36, 37, 39, 38, 44, 45, 48, 49, 26, 27, 58, 59, 60, 61, 64, 65, 70, 71, 56, 62, 57, 50, 77, 51, 79, 80, 81, 43, 63, 34, 96, 97, 100, 101, 92, 42, 76, 35, 110, 111, 113, 112, 118, 119, 124, 125, 93, 78, 132, 133, 136, 137, 94, 95, 87, 86, 16, 17, 148, 149, 146, 150, 151, 152, 153, 156, 157, 147, 160, 161, 162, 163, 165, 164, 168, 169, 172, 173, 177, 174, 175, 176, 186, 187, 188]
  列生成求解结果: 目标值=12.0000， 下界=5.7391， 上界=11.0000

处理节点 189
  开始列生成求解...
Set parameter LogToConsole to value 0
Set parameter Threads to value 1
Set parameter Seed to value 0
  定价策略: Exact, node=189, vertices=18
Set parameter PoolSearchMode to value 2
Set parameter PoolSolutions to value 10
[CG 1] RMP=5.799163, pricing=ExactPricingSolver, new_columns=0
  搜索路径: [1, 2, 3, 6, 7, 10, 12, 13, 11, 18, 19, 22, 23, 20, 21, 30, 31, 28, 29, 36, 37, 39, 38, 44, 45, 48, 49, 26, 27, 58, 59, 60, 61, 64, 65, 70, 71, 56, 62, 57, 50, 77, 51, 79, 80, 81, 43, 63, 34, 96, 97, 100, 101, 92, 42, 76, 35, 110, 111, 113, 112, 118, 119, 124, 125, 93, 78, 132, 133, 136, 137, 94, 95, 87, 86, 16, 17, 148, 149, 146, 150, 151, 152, 153, 156, 157, 147, 160, 161, 162, 163, 165, 164, 168, 169, 172, 173, 177, 174, 175, 176, 186, 187, 188, 189]
  列生成求解结果: 目标值=5.7992， 下界=5.7391， 上界=11.0000
    非整数变量: COL_13-16-19_4 = 0.171548
  解不是整数，开始分支...
ImposedVertex(vertex=19)
ForbidVertex(vertex=19)
  创建了 2 个分支
    添加分支节点 1: ID=196
    添加分支节点 2: ID=197

处理节点 190
  开始列生成求解...
Set parameter LogToConsole to value 0
Set parameter Threads to value 1
Set parameter Seed to value 0
  定价策略: Exact, node=190, vertices=17
Set parameter PoolSearchMode to value 2
Set parameter PoolSolutions to value 10
[CG 1] RMP=9.900000, pricing=ExactPricingSolver, new_columns=10
[CG 2] RMP=9.000000, pricing=ExactPricingSolver, new_columns=0
  搜索路径: [1, 2, 3, 6, 7, 10, 12, 13, 11, 18, 19, 22, 23, 20, 21, 30, 31, 28, 29, 36, 37, 39, 38, 44, 45, 48, 49, 26, 27, 58, 59, 60, 61, 64, 65, 70, 71, 56, 62, 57, 50, 77, 51, 79, 80, 81, 43, 63, 34, 96, 97, 100, 101, 92, 42, 76, 35, 110, 111, 113, 112, 118, 119, 124, 125, 93, 78, 132, 133, 136, 137, 94, 95, 87, 86, 16, 17, 148, 149, 146, 150, 151, 152, 153, 156, 157, 147, 160, 161, 162, 163, 165, 164, 168, 169, 172, 173, 177, 174, 175, 176, 186, 187, 188, 189, 190]
  列生成求解结果: 目标值=9.0000， 下界=5.7391， 上界=11.0000
    非整数变量: COL_13-16-19_4 = 0.250000
  解不是整数，开始分支...
ImposedVertex(vertex=28)
ForbidVertex(vertex=28)
  创建了 2 个分支
    添加分支节点 1: ID=198
    添加分支节点 2: ID=199

处理节点 191
  开始列生成求解...
Set parameter LogToConsole to value 0
Set parameter Threads to value 1
Set parameter Seed to value 0
  定价策略: Exact, node=191, vertices=17
Set parameter PoolSearchMode to value 2
Set parameter PoolSolutions to value 10
[CG 1] RMP=11.000000, pricing=ExactPricingSolver, new_columns=0
  搜索路径: [1, 2, 3, 6, 7, 10, 12, 13, 11, 18, 19, 22, 23, 20, 21, 30, 31, 28, 29, 36, 37, 39, 38, 44, 45, 48, 49, 26, 27, 58, 59, 60, 61, 64, 65, 70, 71, 56, 62, 57, 50, 77, 51, 79, 80, 81, 43, 63, 34, 96, 97, 100, 101, 92, 42, 76, 35, 110, 111, 113, 112, 118, 119, 124, 125, 93, 78, 132, 133, 136, 137, 94, 95, 87, 86, 16, 17, 148, 149, 146, 150, 151, 152, 153, 156, 157, 147, 160, 161, 162, 163, 165, 164, 168, 169, 172, 173, 177, 174, 175, 176, 186, 187, 188, 189, 190, 191]
  列生成求解结果: 目标值=11.0000， 下界=5.7391， 上界=11.0000

处理节点 192
  开始列生成求解...
Set parameter LogToConsole to value 0
Set parameter Threads to value 1
Set parameter Seed to value 0
  定价策略: Exact, node=192, vertices=16
Set parameter PoolSearchMode to value 2
Set parameter PoolSolutions to value 10
[CG 1] RMP=5.739130, pricing=ExactPricingSolver, new_columns=0
  搜索路径: [1, 2, 3, 6, 7, 10, 12, 13, 11, 18, 19, 22, 23, 20, 21, 30, 31, 28, 29, 36, 37, 39, 38, 44, 45, 48, 49, 26, 27, 58, 59, 60, 61, 64, 65, 70, 71, 56, 62, 57, 50, 77, 51, 79, 80, 81, 43, 63, 34, 96, 97, 100, 101, 92, 42, 76, 35, 110, 111, 113, 112, 118, 119, 124, 125, 93, 78, 132, 133, 136, 137, 94, 95, 87, 86, 16, 17, 148, 149, 146, 150, 151, 152, 153, 156, 157, 147, 160, 161, 162, 163, 165, 164, 168, 169, 172, 173, 177, 174, 175, 176, 186, 187, 188, 189, 190, 191, 192]
  列生成求解结果: 目标值=5.7391， 下界=5.7391， 上界=11.0000
    非整数变量: COL_13-16-19_4 = 0.521739
  解不是整数，开始分支...
ImposedVertex(vertex=21)
ForbidVertex(vertex=21)
  创建了 2 个分支
    添加分支节点 1: ID=200
    添加分支节点 2: ID=201

处理节点 193
  开始列生成求解...
Set parameter LogToConsole to value 0
Set parameter Threads to value 1
Set parameter Seed to value 0
  定价策略: Exact, node=193, vertices=16
Set parameter PoolSearchMode to value 2
Set parameter PoolSolutions to value 10
[CG 1] RMP=12.000000, pricing=ExactPricingSolver, new_columns=10
[CG 2] RMP=12.000000, pricing=ExactPricingSolver, new_columns=0
  搜索路径: [1, 2, 3, 6, 7, 10, 12, 13, 11, 18, 19, 22, 23, 20, 21, 30, 31, 28, 29, 36, 37, 39, 38, 44, 45, 48, 49, 26, 27, 58, 59, 60, 61, 64, 65, 70, 71, 56, 62, 57, 50, 77, 51, 79, 80, 81, 43, 63, 34, 96, 97, 100, 101, 92, 42, 76, 35, 110, 111, 113, 112, 118, 119, 124, 125, 93, 78, 132, 133, 136, 137, 94, 95, 87, 86, 16, 17, 148, 149, 146, 150, 151, 152, 153, 156, 157, 147, 160, 161, 162, 163, 165, 164, 168, 169, 172, 173, 177, 174, 175, 176, 186, 187, 188, 189, 190, 191, 192, 193]
  列生成求解结果: 目标值=12.0000， 下界=5.7391， 上界=11.0000

处理节点 200
  开始列生成求解...
Set parameter LogToConsole to value 0
Set parameter Threads to value 1
Set parameter Seed to value 0
  定价策略: Exact, node=200, vertices=15
Set parameter PoolSearchMode to value 2
Set parameter PoolSolutions to value 10
[CG 1] RMP=2010.000000, pricing=ExactPricingSolver, new_columns=10
[CG 2] RMP=9.000000, pricing=ExactPricingSolver, new_columns=0
  搜索路径: [1, 2, 3, 6, 7, 10, 12, 13, 11, 18, 19, 22, 23, 20, 21, 30, 31, 28, 29, 36, 37, 39, 38, 44, 45, 48, 49, 26, 27, 58, 59, 60, 61, 64, 65, 70, 71, 56, 62, 57, 50, 77, 51, 79, 80, 81, 43, 63, 34, 96, 97, 100, 101, 92, 42, 76, 35, 110, 111, 113, 112, 118, 119, 124, 125, 93, 78, 132, 133, 136, 137, 94, 95, 87, 86, 16, 17, 148, 149, 146, 150, 151, 152, 153, 156, 157, 147, 160, 161, 162, 163, 165, 164, 168, 169, 172, 173, 177, 174, 175, 176, 186, 187, 188, 189, 190, 191, 192, 193, 200]
  列生成求解结果: 目标值=9.0000， 下界=5.7391， 上界=11.0000
    非整数变量: COL_13-16-19_4 = 0.250000
  解不是整数，开始分支...
ImposedVertex(vertex=23)
ForbidVertex(vertex=23)
  创建了 2 个分支
    添加分支节点 1: ID=202
    添加分支节点 2: ID=203
  进度: 已处理 110 个节点, 剩余 77 个, 当前最优 11.0000, 当前列数: 996

处理节点 201
  开始列生成求解...
Set parameter LogToConsole to value 0
Set parameter Threads to value 1
Set parameter Seed to value 0
  定价策略: Exact, node=201, vertices=15
Set parameter PoolSearchMode to value 2
Set parameter PoolSolutions to value 10
[CG 1] RMP=9.000000, pricing=ExactPricingSolver, new_columns=10
[CG 2] RMP=8.000000, pricing=ExactPricingSolver, new_columns=0
  搜索路径: [1, 2, 3, 6, 7, 10, 12, 13, 11, 18, 19, 22, 23, 20, 21, 30, 31, 28, 29, 36, 37, 39, 38, 44, 45, 48, 49, 26, 27, 58, 59, 60, 61, 64, 65, 70, 71, 56, 62, 57, 50, 77, 51, 79, 80, 81, 43, 63, 34, 96, 97, 100, 101, 92, 42, 76, 35, 110, 111, 113, 112, 118, 119, 124, 125, 93, 78, 132, 133, 136, 137, 94, 95, 87, 86, 16, 17, 148, 149, 146, 150, 151, 152, 153, 156, 157, 147, 160, 161, 162, 163, 165, 164, 168, 169, 172, 173, 177, 174, 175, 176, 186, 187, 188, 189, 190, 191, 192, 193, 200, 201]
  列生成求解结果: 目标值=8.0000， 下界=5.7391， 上界=11.0000
    非整数变量: COL_13-16-19_4 = 0.222222
  解不是整数，开始分支...
ImposedVertex(vertex=22)
ForbidVertex(vertex=22)
  创建了 2 个分支
    添加分支节点 1: ID=204
    添加分支节点 2: ID=205

处理节点 154
  开始列生成求解...
Set parameter LogToConsole to value 0
Set parameter Threads to value 1
Set parameter Seed to value 0
  定价策略: Exact, node=154, vertices=19
Set parameter PoolSearchMode to value 2
Set parameter PoolSolutions to value 10
[CG 1] RMP=2010.000000, pricing=ExactPricingSolver, new_columns=10
[CG 2] RMP=9.000000, pricing=ExactPricingSolver, new_columns=0
  搜索路径: [1, 2, 3, 6, 7, 10, 12, 13, 11, 18, 19, 22, 23, 20, 21, 30, 31, 28, 29, 36, 37, 39, 38, 44, 45, 48, 49, 26, 27, 58, 59, 60, 61, 64, 65, 70, 71, 56, 62, 57, 50, 77, 51, 79, 80, 81, 43, 63, 34, 96, 97, 100, 101, 92, 42, 76, 35, 110, 111, 113, 112, 118, 119, 124, 125, 93, 78, 132, 133, 136, 137, 94, 95, 87, 86, 16, 17, 148, 149, 146, 150, 151, 152, 153, 156, 157, 147, 160, 161, 162, 163, 165, 164, 168, 169, 172, 173, 177, 174, 175, 176, 186, 187, 188, 189, 190, 191, 192, 193, 200, 201, 154]
  列生成求解结果: 目标值=9.0000， 下界=5.7391， 上界=11.0000
    非整数变量: COL_16-25_658 = 0.250000
  解不是整数，开始分支...
ImposedVertex(vertex=7)
ForbidVertex(vertex=7)
  创建了 2 个分支
    添加分支节点 1: ID=206
    添加分支节点 2: ID=207

处理节点 155
  开始列生成求解...
Set parameter LogToConsole to value 0
Set parameter Threads to value 1
Set parameter Seed to value 0
  定价策略: Exact, node=155, vertices=19
Set parameter PoolSearchMode to value 2
Set parameter PoolSolutions to value 10
[CG 1] RMP=8.000000, pricing=ExactPricingSolver, new_columns=0
  搜索路径: [1, 2, 3, 6, 7, 10, 12, 13, 11, 18, 19, 22, 23, 20, 21, 30, 31, 28, 29, 36, 37, 39, 38, 44, 45, 48, 49, 26, 27, 58, 59, 60, 61, 64, 65, 70, 71, 56, 62, 57, 50, 77, 51, 79, 80, 81, 43, 63, 34, 96, 97, 100, 101, 92, 42, 76, 35, 110, 111, 113, 112, 118, 119, 124, 125, 93, 78, 132, 133, 136, 137, 94, 95, 87, 86, 16, 17, 148, 149, 146, 150, 151, 152, 153, 156, 157, 147, 160, 161, 162, 163, 165, 164, 168, 169, 172, 173, 177, 174, 175, 176, 186, 187, 188, 189, 190, 191, 192, 193, 200, 201, 154, 155]
  列生成求解结果: 目标值=8.0000， 下界=5.7391， 上界=11.0000
    非整数变量: COL_0-4-7-9_70 = 0.272727
  解不是整数，开始分支...
ImposedVertex(vertex=18)
ForbidVertex(vertex=18)
  创建了 2 个分支
    添加分支节点 1: ID=208
    添加分支节点 2: ID=209

处理节点 123
  开始列生成求解...
Set parameter LogToConsole to value 0
Set parameter Threads to value 1
Set parameter Seed to value 0
  定价策略: Exact, node=123, vertices=18
Set parameter PoolSearchMode to value 2
Set parameter PoolSolutions to value 10
[CG 1] RMP=5.910448, pricing=ExactPricingSolver, new_columns=10
[CG 2] RMP=5.799163, pricing=ExactPricingSolver, new_columns=0
  搜索路径: [1, 2, 3, 6, 7, 10, 12, 13, 11, 18, 19, 22, 23, 20, 21, 30, 31, 28, 29, 36, 37, 39, 38, 44, 45, 48, 49, 26, 27, 58, 59, 60, 61, 64, 65, 70, 71, 56, 62, 57, 50, 77, 51, 79, 80, 81, 43, 63, 34, 96, 97, 100, 101, 92, 42, 76, 35, 110, 111, 113, 112, 118, 119, 124, 125, 93, 78, 132, 133, 136, 137, 94, 95, 87, 86, 16, 17, 148, 149, 146, 150, 151, 152, 153, 156, 157, 147, 160, 161, 162, 163, 165, 164, 168, 169, 172, 173, 177, 174, 175, 176, 186, 187, 188, 189, 190, 191, 192, 193, 200, 201, 154, 155, 123]
  列生成求解结果: 目标值=5.7992， 下界=5.7992， 上界=11.0000
    非整数变量: COL_1-7-9_75 = 0.142450
  解不是整数，开始分支...
ImposedVertex(vertex=7)
ForbidVertex(vertex=7)
  创建了 2 个分支
    添加分支节点 1: ID=210
    添加分支节点 2: ID=211

处理节点 122
  开始列生成求解...
Set parameter LogToConsole to value 0
Set parameter Threads to value 1
Set parameter Seed to value 0
  定价策略: Exact, node=122, vertices=17
Set parameter PoolSearchMode to value 2
Set parameter PoolSolutions to value 10
[CG 1] RMP=11.000000, pricing=ExactPricingSolver, new_columns=0
  搜索路径: [1, 2, 3, 6, 7, 10, 12, 13, 11, 18, 19, 22, 23, 20, 21, 30, 31, 28, 29, 36, 37, 39, 38, 44, 45, 48, 49, 26, 27, 58, 59, 60, 61, 64, 65, 70, 71, 56, 62, 57, 50, 77, 51, 79, 80, 81, 43, 63, 34, 96, 97, 100, 101, 92, 42, 76, 35, 110, 111, 113, 112, 118, 119, 124, 125, 93, 78, 132, 133, 136, 137, 94, 95, 87, 86, 16, 17, 148, 149, 146, 150, 151, 152, 153, 156, 157, 147, 160, 161, 162, 163, 165, 164, 168, 169, 172, 173, 177, 174, 175, 176, 186, 187, 188, 189, 190, 191, 192, 193, 200, 201, 154, 155, 123, 122]
  列生成求解结果: 目标值=11.0000， 下界=5.7992， 上界=11.0000

处理节点 197
  开始列生成求解...
Set parameter LogToConsole to value 0
Set parameter Threads to value 1
Set parameter Seed to value 0
  定价策略: Exact, node=197, vertices=17
Set parameter PoolSearchMode to value 2
Set parameter PoolSolutions to value 10
[CG 1] RMP=7.000000, pricing=ExactPricingSolver, new_columns=0
  搜索路径: [1, 2, 3, 6, 7, 10, 12, 13, 11, 18, 19, 22, 23, 20, 21, 30, 31, 28, 29, 36, 37, 39, 38, 44, 45, 48, 49, 26, 27, 58, 59, 60, 61, 64, 65, 70, 71, 56, 62, 57, 50, 77, 51, 79, 80, 81, 43, 63, 34, 96, 97, 100, 101, 92, 42, 76, 35, 110, 111, 113, 112, 118, 119, 124, 125, 93, 78, 132, 133, 136, 137, 94, 95, 87, 86, 16, 17, 148, 149, 146, 150, 151, 152, 153, 156, 157, 147, 160, 161, 162, 163, 165, 164, 168, 169, 172, 173, 177, 174, 175, 176, 186, 187, 188, 189, 190, 191, 192, 193, 200, 201, 154, 155, 123, 122, 197]
  列生成求解结果: 目标值=7.0000， 下界=5.7992， 上界=11.0000
    非整数变量: COL_18-2-22-9_31 = 0.079861
  解不是整数，开始分支...
ImposedVertex(vertex=2)
ForbidVertex(vertex=2)
  创建了 2 个分支
    添加分支节点 1: ID=212
    添加分支节点 2: ID=213

处理节点 210
  开始列生成求解...
Set parameter LogToConsole to value 0
Set parameter Threads to value 1
Set parameter Seed to value 0
  定价策略: Exact, node=210, vertices=17
Set parameter PoolSearchMode to value 2
Set parameter PoolSolutions to value 10
[CG 1] RMP=5.799163, pricing=ExactPricingSolver, new_columns=0
  搜索路径: [1, 2, 3, 6, 7, 10, 12, 13, 11, 18, 19, 22, 23, 20, 21, 30, 31, 28, 29, 36, 37, 39, 38, 44, 45, 48, 49, 26, 27, 58, 59, 60, 61, 64, 65, 70, 71, 56, 62, 57, 50, 77, 51, 79, 80, 81, 43, 63, 34, 96, 97, 100, 101, 92, 42, 76, 35, 110, 111, 113, 112, 118, 119, 124, 125, 93, 78, 132, 133, 136, 137, 94, 95, 87, 86, 16, 17, 148, 149, 146, 150, 151, 152, 153, 156, 157, 147, 160, 161, 162, 163, 165, 164, 168, 169, 172, 173, 177, 174, 175, 176, 186, 187, 188, 189, 190, 191, 192, 193, 200, 201, 154, 155, 123, 122, 197, 210]
  列生成求解结果: 目标值=5.7992， 下界=5.7992， 上界=11.0000
    非整数变量: COL_1-7-9_75 = 0.052720
  解不是整数，开始分支...
ImposedVertex(vertex=9)
ForbidVertex(vertex=9)
  创建了 2 个分支
    添加分支节点 1: ID=214
    添加分支节点 2: ID=215

处理节点 214
  开始列生成求解...
Set parameter LogToConsole to value 0
Set parameter Threads to value 1
Set parameter Seed to value 0
  定价策略: Exact, node=214, vertices=16
Set parameter PoolSearchMode to value 2
Set parameter PoolSolutions to value 10
[CG 1] RMP=9.000000, pricing=ExactPricingSolver, new_columns=0
  搜索路径: [1, 2, 3, 6, 7, 10, 12, 13, 11, 18, 19, 22, 23, 20, 21, 30, 31, 28, 29, 36, 37, 39, 38, 44, 45, 48, 49, 26, 27, 58, 59, 60, 61, 64, 65, 70, 71, 56, 62, 57, 50, 77, 51, 79, 80, 81, 43, 63, 34, 96, 97, 100, 101, 92, 42, 76, 35, 110, 111, 113, 112, 118, 119, 124, 125, 93, 78, 132, 133, 136, 137, 94, 95, 87, 86, 16, 17, 148, 149, 146, 150, 151, 152, 153, 156, 157, 147, 160, 161, 162, 163, 165, 164, 168, 169, 172, 173, 177, 174, 175, 176, 186, 187, 188, 189, 190, 191, 192, 193, 200, 201, 154, 155, 123, 122, 197, 210, 214]
  列生成求解结果: 目标值=9.0000， 下界=5.7992， 上界=11.0000
    非整数变量: COL_1-7-9_75 = 0.250000
  解不是整数，开始分支...
ImposedVertex(vertex=17)
ForbidVertex(vertex=17)
  创建了 2 个分支
    添加分支节点 1: ID=216
    添加分支节点 2: ID=217

处理节点 215
  开始列生成求解...
Set parameter LogToConsole to value 0
Set parameter Threads to value 1
Set parameter Seed to value 0
  定价策略: Exact, node=215, vertices=16
Set parameter PoolSearchMode to value 2
Set parameter PoolSolutions to value 10
[CG 1] RMP=11.000000, pricing=ExactPricingSolver, new_columns=0
  搜索路径: [1, 2, 3, 6, 7, 10, 12, 13, 11, 18, 19, 22, 23, 20, 21, 30, 31, 28, 29, 36, 37, 39, 38, 44, 45, 48, 49, 26, 27, 58, 59, 60, 61, 64, 65, 70, 71, 56, 62, 57, 50, 77, 51, 79, 80, 81, 43, 63, 34, 96, 97, 100, 101, 92, 42, 76, 35, 110, 111, 113, 112, 118, 119, 124, 125, 93, 78, 132, 133, 136, 137, 94, 95, 87, 86, 16, 17, 148, 149, 146, 150, 151, 152, 153, 156, 157, 147, 160, 161, 162, 163, 165, 164, 168, 169, 172, 173, 177, 174, 175, 176, 186, 187, 188, 189, 190, 191, 192, 193, 200, 201, 154, 155, 123, 122, 197, 210, 214, 215]
  列生成求解结果: 目标值=11.0000， 下界=5.7992， 上界=11.0000

处理节点 211
  开始列生成求解...
Set parameter LogToConsole to value 0
Set parameter Threads to value 1
Set parameter Seed to value 0
  定价策略: Exact, node=211, vertices=17
Set parameter PoolSearchMode to value 2
Set parameter PoolSolutions to value 10
[CG 1] RMP=12.000000, pricing=ExactPricingSolver, new_columns=0
  搜索路径: [1, 2, 3, 6, 7, 10, 12, 13, 11, 18, 19, 22, 23, 20, 21, 30, 31, 28, 29, 36, 37, 39, 38, 44, 45, 48, 49, 26, 27, 58, 59, 60, 61, 64, 65, 70, 71, 56, 62, 57, 50, 77, 51, 79, 80, 81, 43, 63, 34, 96, 97, 100, 101, 92, 42, 76, 35, 110, 111, 113, 112, 118, 119, 124, 125, 93, 78, 132, 133, 136, 137, 94, 95, 87, 86, 16, 17, 148, 149, 146, 150, 151, 152, 153, 156, 157, 147, 160, 161, 162, 163, 165, 164, 168, 169, 172, 173, 177, 174, 175, 176, 186, 187, 188, 189, 190, 191, 192, 193, 200, 201, 154, 155, 123, 122, 197, 210, 214, 215, 211]
  列生成求解结果: 目标值=12.0000， 下界=5.7992， 上界=11.0000

处理节点 196
  开始列生成求解...
Set parameter LogToConsole to value 0
Set parameter Threads to value 1
Set parameter Seed to value 0
  定价策略: Exact, node=196, vertices=17
Set parameter PoolSearchMode to value 2
Set parameter PoolSolutions to value 10
[CG 1] RMP=2010.000000, pricing=ExactPricingSolver, new_columns=10
[CG 2] RMP=11.000000, pricing=ExactPricingSolver, new_columns=0
  搜索路径: [1, 2, 3, 6, 7, 10, 12, 13, 11, 18, 19, 22, 23, 20, 21, 30, 31, 28, 29, 36, 37, 39, 38, 44, 45, 48, 49, 26, 27, 58, 59, 60, 61, 64, 65, 70, 71, 56, 62, 57, 50, 77, 51, 79, 80, 81, 43, 63, 34, 96, 97, 100, 101, 92, 42, 76, 35, 110, 111, 113, 112, 118, 119, 124, 125, 93, 78, 132, 133, 136, 137, 94, 95, 87, 86, 16, 17, 148, 149, 146, 150, 151, 152, 153, 156, 157, 147, 160, 161, 162, 163, 165, 164, 168, 169, 172, 173, 177, 174, 175, 176, 186, 187, 188, 189, 190, 191, 192, 193, 200, 201, 154, 155, 123, 122, 197, 210, 214, 215, 211, 196]
  列生成求解结果: 目标值=11.0000， 下界=5.7992， 上界=11.0000

处理节点 138
  开始列生成求解...
Set parameter LogToConsole to value 0
Set parameter Threads to value 1
Set parameter Seed to value 0
  定价策略: Exact, node=138, vertices=18
Set parameter PoolSearchMode to value 2
Set parameter PoolSolutions to value 10
[CG 1] RMP=9.000000, pricing=ExactPricingSolver, new_columns=0
  搜索路径: [1, 2, 3, 6, 7, 10, 12, 13, 11, 18, 19, 22, 23, 20, 21, 30, 31, 28, 29, 36, 37, 39, 38, 44, 45, 48, 49, 26, 27, 58, 59, 60, 61, 64, 65, 70, 71, 56, 62, 57, 50, 77, 51, 79, 80, 81, 43, 63, 34, 96, 97, 100, 101, 92, 42, 76, 35, 110, 111, 113, 112, 118, 119, 124, 125, 93, 78, 132, 133, 136, 137, 94, 95, 87, 86, 16, 17, 148, 149, 146, 150, 151, 152, 153, 156, 157, 147, 160, 161, 162, 163, 165, 164, 168, 169, 172, 173, 177, 174, 175, 176, 186, 187, 188, 189, 190, 191, 192, 193, 200, 201, 154, 155, 123, 122, 197, 210, 214, 215, 211, 196, 138]
  列生成求解结果: 目标值=9.0000， 下界=5.7992， 上界=11.0000
    非整数变量: COL_19-21-23-28-4-7_57 = 0.500000
  解不是整数，开始分支...
ImposedVertex(vertex=28)
ForbidVertex(vertex=28)
  创建了 2 个分支
    添加分支节点 1: ID=218
    添加分支节点 2: ID=219

处理节点 82
  开始列生成求解...
Set parameter LogToConsole to value 0
Set parameter Threads to value 1
Set parameter Seed to value 0
  定价策略: Exact, node=82, vertices=17
Set parameter PoolSearchMode to value 2
Set parameter PoolSolutions to value 10
[CG 1] RMP=12.000000, pricing=ExactPricingSolver, new_columns=10
[CG 2] RMP=11.000000, pricing=ExactPricingSolver, new_columns=10
[CG 3] RMP=11.000000, pricing=ExactPricingSolver, new_columns=0
  搜索路径: [1, 2, 3, 6, 7, 10, 12, 13, 11, 18, 19, 22, 23, 20, 21, 30, 31, 28, 29, 36, 37, 39, 38, 44, 45, 48, 49, 26, 27, 58, 59, 60, 61, 64, 65, 70, 71, 56, 62, 57, 50, 77, 51, 79, 80, 81, 43, 63, 34, 96, 97, 100, 101, 92, 42, 76, 35, 110, 111, 113, 112, 118, 119, 124, 125, 93, 78, 132, 133, 136, 137, 94, 95, 87, 86, 16, 17, 148, 149, 146, 150, 151, 152, 153, 156, 157, 147, 160, 161, 162, 163, 165, 164, 168, 169, 172, 173, 177, 174, 175, 176, 186, 187, 188, 189, 190, 191, 192, 193, 200, 201, 154, 155, 123, 122, 197, 210, 214, 215, 211, 196, 138, 82]
  列生成求解结果: 目标值=11.0000， 下界=6.0000， 上界=11.0000

处理节点 139
  开始列生成求解...
Set parameter LogToConsole to value 0
Set parameter Threads to value 1
Set parameter Seed to value 0
  定价策略: Exact, node=139, vertices=18
Set parameter PoolSearchMode to value 2
Set parameter PoolSolutions to value 10
[CG 1] RMP=10.000000, pricing=ExactPricingSolver, new_columns=10
[CG 2] RMP=8.000000, pricing=ExactPricingSolver, new_columns=10
[CG 3] RMP=8.000000, pricing=ExactPricingSolver, new_columns=0
  搜索路径: [1, 2, 3, 6, 7, 10, 12, 13, 11, 18, 19, 22, 23, 20, 21, 30, 31, 28, 29, 36, 37, 39, 38, 44, 45, 48, 49, 26, 27, 58, 59, 60, 61, 64, 65, 70, 71, 56, 62, 57, 50, 77, 51, 79, 80, 81, 43, 63, 34, 96, 97, 100, 101, 92, 42, 76, 35, 110, 111, 113, 112, 118, 119, 124, 125, 93, 78, 132, 133, 136, 137, 94, 95, 87, 86, 16, 17, 148, 149, 146, 150, 151, 152, 153, 156, 157, 147, 160, 161, 162, 163, 165, 164, 168, 169, 172, 173, 177, 174, 175, 176, 186, 187, 188, 189, 190, 191, 192, 193, 200, 201, 154, 155, 123, 122, 197, 210, 214, 215, 211, 196, 138, 82, 139]
  列生成求解结果: 目标值=8.0000， 下界=6.0000， 上界=11.0000
    非整数变量: COL_19-20-23-4-7_563 = 0.088889
  解不是整数，开始分支...
ImposedVertex(vertex=7)
ForbidVertex(vertex=7)
  创建了 2 个分支
    添加分支节点 1: ID=220
    添加分支节点 2: ID=221

处理节点 72
  开始列生成求解...
Set parameter LogToConsole to value 0
Set parameter Threads to value 1
Set parameter Seed to value 0
  定价策略: Exact, node=72, vertices=18
Set parameter PoolSearchMode to value 2
Set parameter PoolSolutions to value 10
[CG 1] RMP=12.000000, pricing=ExactPricingSolver, new_columns=10
[CG 2] RMP=9.000000, pricing=ExactPricingSolver, new_columns=0
  搜索路径: [1, 2, 3, 6, 7, 10, 12, 13, 11, 18, 19, 22, 23, 20, 21, 30, 31, 28, 29, 36, 37, 39, 38, 44, 45, 48, 49, 26, 27, 58, 59, 60, 61, 64, 65, 70, 71, 56, 62, 57, 50, 77, 51, 79, 80, 81, 43, 63, 34, 96, 97, 100, 101, 92, 42, 76, 35, 110, 111, 113, 112, 118, 119, 124, 125, 93, 78, 132, 133, 136, 137, 94, 95, 87, 86, 16, 17, 148, 149, 146, 150, 151, 152, 153, 156, 157, 147, 160, 161, 162, 163, 165, 164, 168, 169, 172, 173, 177, 174, 175, 176, 186, 187, 188, 189, 190, 191, 192, 193, 200, 201, 154, 155, 123, 122, 197, 210, 214, 215, 211, 196, 138, 82, 139, 72]
  列生成求解结果: 目标值=9.0000， 下界=6.0000， 上界=11.0000
    非整数变量: COL_19-21-23-28-4_56 = 0.500000
  解不是整数，开始分支...
ImposedVertex(vertex=23)
ForbidVertex(vertex=23)
  创建了 2 个分支
    添加分支节点 1: ID=222
    添加分支节点 2: ID=223

处理节点 73
  开始列生成求解...
Set parameter LogToConsole to value 0
Set parameter Threads to value 1
Set parameter Seed to value 0
  定价策略: Exact, node=73, vertices=18
Set parameter PoolSearchMode to value 2
Set parameter PoolSolutions to value 10
[CG 1] RMP=10.000000, pricing=ExactPricingSolver, new_columns=10
[CG 2] RMP=8.000000, pricing=ExactPricingSolver, new_columns=0
  搜索路径: [1, 2, 3, 6, 7, 10, 12, 13, 11, 18, 19, 22, 23, 20, 21, 30, 31, 28, 29, 36, 37, 39, 38, 44, 45, 48, 49, 26, 27, 58, 59, 60, 61, 64, 65, 70, 71, 56, 62, 57, 50, 77, 51, 79, 80, 81, 43, 63, 34, 96, 97, 100, 101, 92, 42, 76, 35, 110, 111, 113, 112, 118, 119, 124, 125, 93, 78, 132, 133, 136, 137, 94, 95, 87, 86, 16, 17, 148, 149, 146, 150, 151, 152, 153, 156, 157, 147, 160, 161, 162, 163, 165, 164, 168, 169, 172, 173, 177, 174, 175, 176, 186, 187, 188, 189, 190, 191, 192, 193, 200, 201, 154, 155, 123, 122, 197, 210, 214, 215, 211, 196, 138, 82, 139, 72, 73]
  列生成求解结果: 目标值=8.0000， 下界=6.0000， 上界=11.0000
    非整数变量: COL_11-2-22-26-4-7-9_272 = 0.444444
  解不是整数，开始分支...
ImposedVertex(vertex=22)
ForbidVertex(vertex=22)
  创建了 2 个分支
    添加分支节点 1: ID=224
    添加分支节点 2: ID=225

处理节点 83
  开始列生成求解...
Set parameter LogToConsole to value 0
Set parameter Threads to value 1
Set parameter Seed to value 0
  定价策略: Exact, node=83, vertices=17
Set parameter PoolSearchMode to value 2
Set parameter PoolSolutions to value 10
[CG 1] RMP=7.000000, pricing=ExactPricingSolver, new_columns=0
  搜索路径: [1, 2, 3, 6, 7, 10, 12, 13, 11, 18, 19, 22, 23, 20, 21, 30, 31, 28, 29, 36, 37, 39, 38, 44, 45, 48, 49, 26, 27, 58, 59, 60, 61, 64, 65, 70, 71, 56, 62, 57, 50, 77, 51, 79, 80, 81, 43, 63, 34, 96, 97, 100, 101, 92, 42, 76, 35, 110, 111, 113, 112, 118, 119, 124, 125, 93, 78, 132, 133, 136, 137, 94, 95, 87, 86, 16, 17, 148, 149, 146, 150, 151, 152, 153, 156, 157, 147, 160, 161, 162, 163, 165, 164, 168, 169, 172, 173, 177, 174, 175, 176, 186, 187, 188, 189, 190, 191, 192, 193, 200, 201, 154, 155, 123, 122, 197, 210, 214, 215, 211, 196, 138, 82, 139, 72, 73, 83]
  列生成求解结果: 目标值=7.0000， 下界=6.0000， 上界=11.0000
    非整数变量: COL_11-15-20-25_17 = 0.222222
  解不是整数，开始分支...
ImposedVertex(vertex=20)
ForbidVertex(vertex=20)
  创建了 2 个分支
    添加分支节点 1: ID=226
    添加分支节点 2: ID=227

处理节点 85
  开始列生成求解...
Set parameter LogToConsole to value 0
Set parameter Threads to value 1
Set parameter Seed to value 0
  定价策略: Exact, node=85, vertices=18
Set parameter PoolSearchMode to value 2
Set parameter PoolSolutions to value 10
[CG 1] RMP=11.000000, pricing=ExactPricingSolver, new_columns=0
  搜索路径: [1, 2, 3, 6, 7, 10, 12, 13, 11, 18, 19, 22, 23, 20, 21, 30, 31, 28, 29, 36, 37, 39, 38, 44, 45, 48, 49, 26, 27, 58, 59, 60, 61, 64, 65, 70, 71, 56, 62, 57, 50, 77, 51, 79, 80, 81, 43, 63, 34, 96, 97, 100, 101, 92, 42, 76, 35, 110, 111, 113, 112, 118, 119, 124, 125, 93, 78, 132, 133, 136, 137, 94, 95, 87, 86, 16, 17, 148, 149, 146, 150, 151, 152, 153, 156, 157, 147, 160, 161, 162, 163, 165, 164, 168, 169, 172, 173, 177, 174, 175, 176, 186, 187, 188, 189, 190, 191, 192, 193, 200, 201, 154, 155, 123, 122, 197, 210, 214, 215, 211, 196, 138, 82, 139, 72, 73, 83, 85]
  列生成求解结果: 目标值=11.0000， 下界=6.0000， 上界=11.0000

处理节点 84
  开始列生成求解...
Set parameter LogToConsole to value 0
Set parameter Threads to value 1
Set parameter Seed to value 0
  定价策略: Exact, node=84, vertices=18
Set parameter PoolSearchMode to value 2
Set parameter PoolSolutions to value 10
[CG 1] RMP=7.000000, pricing=ExactPricingSolver, new_columns=10
[CG 2] RMP=7.000000, pricing=ExactPricingSolver, new_columns=0
  搜索路径: [1, 2, 3, 6, 7, 10, 12, 13, 11, 18, 19, 22, 23, 20, 21, 30, 31, 28, 29, 36, 37, 39, 38, 44, 45, 48, 49, 26, 27, 58, 59, 60, 61, 64, 65, 70, 71, 56, 62, 57, 50, 77, 51, 79, 80, 81, 43, 63, 34, 96, 97, 100, 101, 92, 42, 76, 35, 110, 111, 113, 112, 118, 119, 124, 125, 93, 78, 132, 133, 136, 137, 94, 95, 87, 86, 16, 17, 148, 149, 146, 150, 151, 152, 153, 156, 157, 147, 160, 161, 162, 163, 165, 164, 168, 169, 172, 173, 177, 174, 175, 176, 186, 187, 188, 189, 190, 191, 192, 193, 200, 201, 154, 155, 123, 122, 197, 210, 214, 215, 211, 196, 138, 82, 139, 72, 73, 83, 85, 84]
  列生成求解结果: 目标值=7.0000， 下界=6.0000， 上界=11.0000
    非整数变量: COL_1-11-15-18-23-7-9_35 = 0.500000
  解不是整数，开始分支...
ImposedVertex(vertex=26)
ForbidVertex(vertex=26)
  创建了 2 个分支
    添加分支节点 1: ID=228
    添加分支节点 2: ID=229

处理节点 134
  开始列生成求解...
Set parameter LogToConsole to value 0
Set parameter Threads to value 1
Set parameter Seed to value 0
  定价策略: Exact, node=134, vertices=19
Set parameter PoolSearchMode to value 2
Set parameter PoolSolutions to value 10
[CG 1] RMP=10.000000, pricing=ExactPricingSolver, new_columns=10
[CG 2] RMP=9.000000, pricing=ExactPricingSolver, new_columns=0
  搜索路径: [1, 2, 3, 6, 7, 10, 12, 13, 11, 18, 19, 22, 23, 20, 21, 30, 31, 28, 29, 36, 37, 39, 38, 44, 45, 48, 49, 26, 27, 58, 59, 60, 61, 64, 65, 70, 71, 56, 62, 57, 50, 77, 51, 79, 80, 81, 43, 63, 34, 96, 97, 100, 101, 92, 42, 76, 35, 110, 111, 113, 112, 118, 119, 124, 125, 93, 78, 132, 133, 136, 137, 94, 95, 87, 86, 16, 17, 148, 149, 146, 150, 151, 152, 153, 156, 157, 147, 160, 161, 162, 163, 165, 164, 168, 169, 172, 173, 177, 174, 175, 176, 186, 187, 188, 189, 190, 191, 192, 193, 200, 201, 154, 155, 123, 122, 197, 210, 214, 215, 211, 196, 138, 82, 139, 72, 73, 83, 85, 84, 134]
  列生成求解结果: 目标值=9.0000， 下界=7.0000， 上界=11.0000
    非整数变量: COL_0-18-22-9_28 = 0.250000
  解不是整数，开始分支...
ImposedVertex(vertex=26)
ForbidVertex(vertex=26)
  创建了 2 个分支
    添加分支节点 1: ID=230
    添加分支节点 2: ID=231
  进度: 已处理 130 个节点, 剩余 85 个, 当前最优 11.0000, 当前列数: 1116

处理节点 135
  开始列生成求解...
Set parameter LogToConsole to value 0
Set parameter Threads to value 1
Set parameter Seed to value 0
  定价策略: Exact, node=135, vertices=19
Set parameter PoolSearchMode to value 2
Set parameter PoolSolutions to value 10
[CG 1] RMP=2010.000000, pricing=ExactPricingSolver, new_columns=10
[CG 2] RMP=7.000000, pricing=ExactPricingSolver, new_columns=0
  搜索路径: [1, 2, 3, 6, 7, 10, 12, 13, 11, 18, 19, 22, 23, 20, 21, 30, 31, 28, 29, 36, 37, 39, 38, 44, 45, 48, 49, 26, 27, 58, 59, 60, 61, 64, 65, 70, 71, 56, 62, 57, 50, 77, 51, 79, 80, 81, 43, 63, 34, 96, 97, 100, 101, 92, 42, 76, 35, 110, 111, 113, 112, 118, 119, 124, 125, 93, 78, 132, 133, 136, 137, 94, 95, 87, 86, 16, 17, 148, 149, 146, 150, 151, 152, 153, 156, 157, 147, 160, 161, 162, 163, 165, 164, 168, 169, 172, 173, 177, 174, 175, 176, 186, 187, 188, 189, 190, 191, 192, 193, 200, 201, 154, 155, 123, 122, 197, 210, 214, 215, 211, 196, 138, 82, 139, 72, 73, 83, 85, 84, 134, 135]
  列生成求解结果: 目标值=7.0000， 下界=7.0000， 上界=11.0000
    非整数变量: COL_18-23-9_27 = 0.150000
  解不是整数，开始分支...
ImposedVertex(vertex=21)
ForbidVertex(vertex=21)
  创建了 2 个分支
    添加分支节点 1: ID=232
    添加分支节点 2: ID=233

处理节点 166
  开始列生成求解...
Set parameter LogToConsole to value 0
Set parameter Threads to value 1
Set parameter Seed to value 0
  定价策略: Exact, node=166, vertices=17
Set parameter PoolSearchMode to value 2
Set parameter PoolSolutions to value 10
[CG 1] RMP=7.000000, pricing=ExactPricingSolver, new_columns=0
  搜索路径: [1, 2, 3, 6, 7, 10, 12, 13, 11, 18, 19, 22, 23, 20, 21, 30, 31, 28, 29, 36, 37, 39, 38, 44, 45, 48, 49, 26, 27, 58, 59, 60, 61, 64, 65, 70, 71, 56, 62, 57, 50, 77, 51, 79, 80, 81, 43, 63, 34, 96, 97, 100, 101, 92, 42, 76, 35, 110, 111, 113, 112, 118, 119, 124, 125, 93, 78, 132, 133, 136, 137, 94, 95, 87, 86, 16, 17, 148, 149, 146, 150, 151, 152, 153, 156, 157, 147, 160, 161, 162, 163, 165, 164, 168, 169, 172, 173, 177, 174, 175, 176, 186, 187, 188, 189, 190, 191, 192, 193, 200, 201, 154, 155, 123, 122, 197, 210, 214, 215, 211, 196, 138, 82, 139, 72, 73, 83, 85, 84, 134, 135, 166]
  列生成求解结果: 目标值=7.0000， 下界=7.0000， 上界=11.0000
    非整数变量: COL_1-11-18-23-7-9_34 = 0.465909
  解不是整数，开始分支...
ImposedVertex(vertex=23)
ForbidVertex(vertex=23)
  创建了 2 个分支
    添加分支节点 1: ID=234
    添加分支节点 2: ID=235

处理节点 167
  开始列生成求解...
Set parameter LogToConsole to value 0
Set parameter Threads to value 1
Set parameter Seed to value 0
  定价策略: Exact, node=167, vertices=18
Set parameter PoolSearchMode to value 2
Set parameter PoolSolutions to value 10
[CG 1] RMP=2010.000000, pricing=ExactPricingSolver, new_columns=10
[CG 2] RMP=7.000000, pricing=ExactPricingSolver, new_columns=0
  搜索路径: [1, 2, 3, 6, 7, 10, 12, 13, 11, 18, 19, 22, 23, 20, 21, 30, 31, 28, 29, 36, 37, 39, 38, 44, 45, 48, 49, 26, 27, 58, 59, 60, 61, 64, 65, 70, 71, 56, 62, 57, 50, 77, 51, 79, 80, 81, 43, 63, 34, 96, 97, 100, 101, 92, 42, 76, 35, 110, 111, 113, 112, 118, 119, 124, 125, 93, 78, 132, 133, 136, 137, 94, 95, 87, 86, 16, 17, 148, 149, 146, 150, 151, 152, 153, 156, 157, 147, 160, 161, 162, 163, 165, 164, 168, 169, 172, 173, 177, 174, 175, 176, 186, 187, 188, 189, 190, 191, 192, 193, 200, 201, 154, 155, 123, 122, 197, 210, 214, 215, 211, 196, 138, 82, 139, 72, 73, 83, 85, 84, 134, 135, 166, 167]
  列生成求解结果: 目标值=7.0000， 下界=7.0000， 上界=11.0000
    非整数变量: COL_23_5 = 0.333333
  解不是整数，开始分支...
ImposedVertex(vertex=23)
ForbidVertex(vertex=23)
  创建了 2 个分支
    添加分支节点 1: ID=236
    添加分支节点 2: ID=237

处理节点 236
  开始列生成求解...
Set parameter LogToConsole to value 0
Set parameter Threads to value 1
Set parameter Seed to value 0
  定价策略: Exact, node=236, vertices=16
Set parameter PoolSearchMode to value 2
Set parameter PoolSolutions to value 10
[CG 1] RMP=7.875000, pricing=ExactPricingSolver, new_columns=10
[CG 2] RMP=7.000000, pricing=ExactPricingSolver, new_columns=0
  搜索路径: [1, 2, 3, 6, 7, 10, 12, 13, 11, 18, 19, 22, 23, 20, 21, 30, 31, 28, 29, 36, 37, 39, 38, 44, 45, 48, 49, 26, 27, 58, 59, 60, 61, 64, 65, 70, 71, 56, 62, 57, 50, 77, 51, 79, 80, 81, 43, 63, 34, 96, 97, 100, 101, 92, 42, 76, 35, 110, 111, 113, 112, 118, 119, 124, 125, 93, 78, 132, 133, 136, 137, 94, 95, 87, 86, 16, 17, 148, 149, 146, 150, 151, 152, 153, 156, 157, 147, 160, 161, 162, 163, 165, 164, 168, 169, 172, 173, 177, 174, 175, 176, 186, 187, 188, 189, 190, 191, 192, 193, 200, 201, 154, 155, 123, 122, 197, 210, 214, 215, 211, 196, 138, 82, 139, 72, 73, 83, 85, 84, 134, 135, 166, 167, 236]
  列生成求解结果: 目标值=7.0000， 下界=7.0000， 上界=11.0000
    非整数变量: COL_1-18-23-7-9_33 = 0.500000
  解不是整数，开始分支...
ImposedVertex(vertex=4)
ForbidVertex(vertex=4)
  创建了 2 个分支
    添加分支节点 1: ID=238
    添加分支节点 2: ID=239

处理节点 237
  开始列生成求解...
Set parameter LogToConsole to value 0
Set parameter Threads to value 1
Set parameter Seed to value 0
  定价策略: Exact, node=237, vertices=17
Set parameter PoolSearchMode to value 2
Set parameter PoolSolutions to value 10
[CG 1] RMP=11.000000, pricing=ExactPricingSolver, new_columns=10
[CG 2] RMP=7.000000, pricing=ExactPricingSolver, new_columns=0
  搜索路径: [1, 2, 3, 6, 7, 10, 12, 13, 11, 18, 19, 22, 23, 20, 21, 30, 31, 28, 29, 36, 37, 39, 38, 44, 45, 48, 49, 26, 27, 58, 59, 60, 61, 64, 65, 70, 71, 56, 62, 57, 50, 77, 51, 79, 80, 81, 43, 63, 34, 96, 97, 100, 101, 92, 42, 76, 35, 110, 111, 113, 112, 118, 119, 124, 125, 93, 78, 132, 133, 136, 137, 94, 95, 87, 86, 16, 17, 148, 149, 146, 150, 151, 152, 153, 156, 157, 147, 160, 161, 162, 163, 165, 164, 168, 169, 172, 173, 177, 174, 175, 176, 186, 187, 188, 189, 190, 191, 192, 193, 200, 201, 154, 155, 123, 122, 197, 210, 214, 215, 211, 196, 138, 82, 139, 72, 73, 83, 85, 84, 134, 135, 166, 167, 236, 237]
  列生成求解结果: 目标值=7.0000， 下界=7.0000， 上界=11.0000
    非整数变量: COL_1-7-9_75 = 0.277778
  解不是整数，开始分支...
ImposedVertex(vertex=20)
ForbidVertex(vertex=20)
  创建了 2 个分支
    添加分支节点 1: ID=240
    添加分支节点 2: ID=241

处理节点 159
  开始列生成求解...
Set parameter LogToConsole to value 0
Set parameter Threads to value 1
Set parameter Seed to value 0
  定价策略: Exact, node=159, vertices=17
Set parameter PoolSearchMode to value 2
Set parameter PoolSolutions to value 10
[CG 1] RMP=11.000000, pricing=ExactPricingSolver, new_columns=0
  搜索路径: [1, 2, 3, 6, 7, 10, 12, 13, 11, 18, 19, 22, 23, 20, 21, 30, 31, 28, 29, 36, 37, 39, 38, 44, 45, 48, 49, 26, 27, 58, 59, 60, 61, 64, 65, 70, 71, 56, 62, 57, 50, 77, 51, 79, 80, 81, 43, 63, 34, 96, 97, 100, 101, 92, 42, 76, 35, 110, 111, 113, 112, 118, 119, 124, 125, 93, 78, 132, 133, 136, 137, 94, 95, 87, 86, 16, 17, 148, 149, 146, 150, 151, 152, 153, 156, 157, 147, 160, 161, 162, 163, 165, 164, 168, 169, 172, 173, 177, 174, 175, 176, 186, 187, 188, 189, 190, 191, 192, 193, 200, 201, 154, 155, 123, 122, 197, 210, 214, 215, 211, 196, 138, 82, 139, 72, 73, 83, 85, 84, 134, 135, 166, 167, 236, 237, 159]
  列生成求解结果: 目标值=11.0000， 下界=7.0000， 上界=11.0000

处理节点 143
  开始列生成求解...
Set parameter LogToConsole to value 0
Set parameter Threads to value 1
Set parameter Seed to value 0
  定价策略: Exact, node=143, vertices=15
Set parameter PoolSearchMode to value 2
Set parameter PoolSolutions to value 10
[CG 1] RMP=12.000000, pricing=ExactPricingSolver, new_columns=10
[CG 2] RMP=8.000000, pricing=ExactPricingSolver, new_columns=0
  搜索路径: [1, 2, 3, 6, 7, 10, 12, 13, 11, 18, 19, 22, 23, 20, 21, 30, 31, 28, 29, 36, 37, 39, 38, 44, 45, 48, 49, 26, 27, 58, 59, 60, 61, 64, 65, 70, 71, 56, 62, 57, 50, 77, 51, 79, 80, 81, 43, 63, 34, 96, 97, 100, 101, 92, 42, 76, 35, 110, 111, 113, 112, 118, 119, 124, 125, 93, 78, 132, 133, 136, 137, 94, 95, 87, 86, 16, 17, 148, 149, 146, 150, 151, 152, 153, 156, 157, 147, 160, 161, 162, 163, 165, 164, 168, 169, 172, 173, 177, 174, 175, 176, 186, 187, 188, 189, 190, 191, 192, 193, 200, 201, 154, 155, 123, 122, 197, 210, 214, 215, 211, 196, 138, 82, 139, 72, 73, 83, 85, 84, 134, 135, 166, 167, 236, 237, 159, 143]
  列生成求解结果: 目标值=8.0000， 下界=7.0000， 上界=11.0000
    非整数变量: COL_11-15-20-25_17 = 0.095238
  解不是整数，开始分支...
ImposedVertex(vertex=15)
ForbidVertex(vertex=15)
  创建了 2 个分支
    添加分支节点 1: ID=242
    添加分支节点 2: ID=243

处理节点 142
  开始列生成求解...
Set parameter LogToConsole to value 0
Set parameter Threads to value 1
Set parameter Seed to value 0
  定价策略: Exact, node=142, vertices=15
Set parameter PoolSearchMode to value 2
Set parameter PoolSolutions to value 10
[CG 1] RMP=9.000000, pricing=ExactPricingSolver, new_columns=0
  搜索路径: [1, 2, 3, 6, 7, 10, 12, 13, 11, 18, 19, 22, 23, 20, 21, 30, 31, 28, 29, 36, 37, 39, 38, 44, 45, 48, 49, 26, 27, 58, 59, 60, 61, 64, 65, 70, 71, 56, 62, 57, 50, 77, 51, 79, 80, 81, 43, 63, 34, 96, 97, 100, 101, 92, 42, 76, 35, 110, 111, 113, 112, 118, 119, 124, 125, 93, 78, 132, 133, 136, 137, 94, 95, 87, 86, 16, 17, 148, 149, 146, 150, 151, 152, 153, 156, 157, 147, 160, 161, 162, 163, 165, 164, 168, 169, 172, 173, 177, 174, 175, 176, 186, 187, 188, 189, 190, 191, 192, 193, 200, 201, 154, 155, 123, 122, 197, 210, 214, 215, 211, 196, 138, 82, 139, 72, 73, 83, 85, 84, 134, 135, 166, 167, 236, 237, 159, 143, 142]
  列生成求解结果: 目标值=9.0000， 下界=7.0000， 上界=11.0000
    非整数变量: COL_1-18-25-7_135 = 0.250000
  解不是整数，开始分支...
ImposedVertex(vertex=17)
ForbidVertex(vertex=17)
  创建了 2 个分支
    添加分支节点 1: ID=244
    添加分支节点 2: ID=245

处理节点 144
  开始列生成求解...
Set parameter LogToConsole to value 0
Set parameter Threads to value 1
Set parameter Seed to value 0
  定价策略: Exact, node=144, vertices=16
Set parameter PoolSearchMode to value 2
Set parameter PoolSolutions to value 10
[CG 1] RMP=12.000000, pricing=ExactPricingSolver, new_columns=0
  搜索路径: [1, 2, 3, 6, 7, 10, 12, 13, 11, 18, 19, 22, 23, 20, 21, 30, 31, 28, 29, 36, 37, 39, 38, 44, 45, 48, 49, 26, 27, 58, 59, 60, 61, 64, 65, 70, 71, 56, 62, 57, 50, 77, 51, 79, 80, 81, 43, 63, 34, 96, 97, 100, 101, 92, 42, 76, 35, 110, 111, 113, 112, 118, 119, 124, 125, 93, 78, 132, 133, 136, 137, 94, 95, 87, 86, 16, 17, 148, 149, 146, 150, 151, 152, 153, 156, 157, 147, 160, 161, 162, 163, 165, 164, 168, 169, 172, 173, 177, 174, 175, 176, 186, 187, 188, 189, 190, 191, 192, 193, 200, 201, 154, 155, 123, 122, 197, 210, 214, 215, 211, 196, 138, 82, 139, 72, 73, 83, 85, 84, 134, 135, 166, 167, 236, 237, 159, 143, 142, 144]
  列生成求解结果: 目标值=12.0000， 下界=7.0000， 上界=11.0000

处理节点 235
  开始列生成求解...
Set parameter LogToConsole to value 0
Set parameter Threads to value 1
Set parameter Seed to value 0
  定价策略: Exact, node=235, vertices=16
Set parameter PoolSearchMode to value 2
Set parameter PoolSolutions to value 10
[CG 1] RMP=11.000000, pricing=ExactPricingSolver, new_columns=10
[CG 2] RMP=9.000000, pricing=ExactPricingSolver, new_columns=10
[CG 3] RMP=7.000000, pricing=ExactPricingSolver, new_columns=0
  搜索路径: [1, 2, 3, 6, 7, 10, 12, 13, 11, 18, 19, 22, 23, 20, 21, 30, 31, 28, 29, 36, 37, 39, 38, 44, 45, 48, 49, 26, 27, 58, 59, 60, 61, 64, 65, 70, 71, 56, 62, 57, 50, 77, 51, 79, 80, 81, 43, 63, 34, 96, 97, 100, 101, 92, 42, 76, 35, 110, 111, 113, 112, 118, 119, 124, 125, 93, 78, 132, 133, 136, 137, 94, 95, 87, 86, 16, 17, 148, 149, 146, 150, 151, 152, 153, 156, 157, 147, 160, 161, 162, 163, 165, 164, 168, 169, 172, 173, 177, 174, 175, 176, 186, 187, 188, 189, 190, 191, 192, 193, 200, 201, 154, 155, 123, 122, 197, 210, 214, 215, 211, 196, 138, 82, 139, 72, 73, 83, 85, 84, 134, 135, 166, 167, 236, 237, 159, 143, 142, 144, 235]
  列生成求解结果: 目标值=7.0000， 下界=7.0000， 上界=11.0000
    非整数变量: COL_1-7-9_75 = 0.180556
  解不是整数，开始分支...
ImposedVertex(vertex=20)
ForbidVertex(vertex=20)
  创建了 2 个分支
    添加分支节点 1: ID=246
    添加分支节点 2: ID=247
  进度: 已处理 140 个节点, 剩余 91 个, 当前最优 11.0000, 当前列数: 1186

处理节点 158
  开始列生成求解...
Set parameter LogToConsole to value 0
Set parameter Threads to value 1
Set parameter Seed to value 0
  定价策略: Exact, node=158, vertices=17
Set parameter PoolSearchMode to value 2
Set parameter PoolSolutions to value 10
[CG 1] RMP=11.000000, pricing=ExactPricingSolver, new_columns=10
[CG 2] RMP=11.000000, pricing=ExactPricingSolver, new_columns=10
[CG 3] RMP=7.000000, pricing=ExactPricingSolver, new_columns=0
  搜索路径: [1, 2, 3, 6, 7, 10, 12, 13, 11, 18, 19, 22, 23, 20, 21, 30, 31, 28, 29, 36, 37, 39, 38, 44, 45, 48, 49, 26, 27, 58, 59, 60, 61, 64, 65, 70, 71, 56, 62, 57, 50, 77, 51, 79, 80, 81, 43, 63, 34, 96, 97, 100, 101, 92, 42, 76, 35, 110, 111, 113, 112, 118, 119, 124, 125, 93, 78, 132, 133, 136, 137, 94, 95, 87, 86, 16, 17, 148, 149, 146, 150, 151, 152, 153, 156, 157, 147, 160, 161, 162, 163, 165, 164, 168, 169, 172, 173, 177, 174, 175, 176, 186, 187, 188, 189, 190, 191, 192, 193, 200, 201, 154, 155, 123, 122, 197, 210, 214, 215, 211, 196, 138, 82, 139, 72, 73, 83, 85, 84, 134, 135, 166, 167, 236, 237, 159, 143, 142, 144, 235, 158]
  列生成求解结果: 目标值=7.0000， 下界=7.0000， 上界=11.0000
    非整数变量: COL_1-18-23-9_29 = 0.125000
  解不是整数，开始分支...
ImposedVertex(vertex=23)
ForbidVertex(vertex=23)
  创建了 2 个分支
    添加分支节点 1: ID=248
    添加分支节点 2: ID=249

处理节点 69
  开始列生成求解...
Set parameter LogToConsole to value 0
Set parameter Threads to value 1
Set parameter Seed to value 0
  定价策略: Exact, node=69, vertices=19
Set parameter PoolSearchMode to value 2
Set parameter PoolSolutions to value 10
[CG 1] RMP=12.000000, pricing=ExactPricingSolver, new_columns=10
[CG 2] RMP=12.000000, pricing=ExactPricingSolver, new_columns=10
[CG 3] RMP=7.000000, pricing=ExactPricingSolver, new_columns=0
  搜索路径: [1, 2, 3, 6, 7, 10, 12, 13, 11, 18, 19, 22, 23, 20, 21, 30, 31, 28, 29, 36, 37, 39, 38, 44, 45, 48, 49, 26, 27, 58, 59, 60, 61, 64, 65, 70, 71, 56, 62, 57, 50, 77, 51, 79, 80, 81, 43, 63, 34, 96, 97, 100, 101, 92, 42, 76, 35, 110, 111, 113, 112, 118, 119, 124, 125, 93, 78, 132, 133, 136, 137, 94, 95, 87, 86, 16, 17, 148, 149, 146, 150, 151, 152, 153, 156, 157, 147, 160, 161, 162, 163, 165, 164, 168, 169, 172, 173, 177, 174, 175, 176, 186, 187, 188, 189, 190, 191, 192, 193, 200, 201, 154, 155, 123, 122, 197, 210, 214, 215, 211, 196, 138, 82, 139, 72, 73, 83, 85, 84, 134, 135, 166, 167, 236, 237, 159, 143, 142, 144, 235, 158, 69]
  列生成求解结果: 目标值=7.0000， 下界=7.0000， 上界=11.0000
    非整数变量: COL_18-23-9_27 = 0.083333
  解不是整数，开始分支...
ImposedVertex(vertex=21)
ForbidVertex(vertex=21)
  创建了 2 个分支
    添加分支节点 1: ID=250
    添加分支节点 2: ID=251

处理节点 238
  开始列生成求解...
Set parameter LogToConsole to value 0
Set parameter Threads to value 1
Set parameter Seed to value 0
  定价策略: Exact, node=238, vertices=14
Set parameter PoolSearchMode to value 2
Set parameter PoolSolutions to value 10
[CG 1] RMP=7.000000, pricing=ExactPricingSolver, new_columns=0
  搜索路径: [1, 2, 3, 6, 7, 10, 12, 13, 11, 18, 19, 22, 23, 20, 21, 30, 31, 28, 29, 36, 37, 39, 38, 44, 45, 48, 49, 26, 27, 58, 59, 60, 61, 64, 65, 70, 71, 56, 62, 57, 50, 77, 51, 79, 80, 81, 43, 63, 34, 96, 97, 100, 101, 92, 42, 76, 35, 110, 111, 113, 112, 118, 119, 124, 125, 93, 78, 132, 133, 136, 137, 94, 95, 87, 86, 16, 17, 148, 149, 146, 150, 151, 152, 153, 156, 157, 147, 160, 161, 162, 163, 165, 164, 168, 169, 172, 173, 177, 174, 175, 176, 186, 187, 188, 189, 190, 191, 192, 193, 200, 201, 154, 155, 123, 122, 197, 210, 214, 215, 211, 196, 138, 82, 139, 72, 73, 83, 85, 84, 134, 135, 166, 167, 236, 237, 159, 143, 142, 144, 235, 158, 69, 238]
  列生成求解结果: 目标值=7.0000， 下界=7.0000， 上界=11.0000
    非整数变量: COL_1-18-23-7-9_33 = 0.500000
  解不是整数，开始分支...
ImposedVertex(vertex=21)
ForbidVertex(vertex=21)
  创建了 2 个分支
    添加分支节点 1: ID=252
    添加分支节点 2: ID=253

处理节点 239
  开始列生成求解...
Set parameter LogToConsole to value 0
Set parameter Threads to value 1
Set parameter Seed to value 0
  定价策略: Exact, node=239, vertices=15
Set parameter PoolSearchMode to value 2
Set parameter PoolSolutions to value 10
[CG 1] RMP=2010.000000, pricing=ExactPricingSolver, new_columns=10
[CG 2] RMP=7.105263, pricing=ExactPricingSolver, new_columns=10
[CG 3] RMP=7.000000, pricing=ExactPricingSolver, new_columns=0
  搜索路径: [1, 2, 3, 6, 7, 10, 12, 13, 11, 18, 19, 22, 23, 20, 21, 30, 31, 28, 29, 36, 37, 39, 38, 44, 45, 48, 49, 26, 27, 58, 59, 60, 61, 64, 65, 70, 71, 56, 62, 57, 50, 77, 51, 79, 80, 81, 43, 63, 34, 96, 97, 100, 101, 92, 42, 76, 35, 110, 111, 113, 112, 118, 119, 124, 125, 93, 78, 132, 133, 136, 137, 94, 95, 87, 86, 16, 17, 148, 149, 146, 150, 151, 152, 153, 156, 157, 147, 160, 161, 162, 163, 165, 164, 168, 169, 172, 173, 177, 174, 175, 176, 186, 187, 188, 189, 190, 191, 192, 193, 200, 201, 154, 155, 123, 122, 197, 210, 214, 215, 211, 196, 138, 82, 139, 72, 73, 83, 85, 84, 134, 135, 166, 167, 236, 237, 159, 143, 142, 144, 235, 158, 69, 238, 239]
  列生成求解结果: 目标值=7.0000， 下界=7.0000， 上界=11.0000
    非整数变量: COL_1-18-23-9_29 = 0.500000
  解不是整数，开始分支...
ImposedVertex(vertex=20)
ForbidVertex(vertex=20)
  创建了 2 个分支
    添加分支节点 1: ID=254
    添加分支节点 2: ID=255

处理节点 246
  开始列生成求解...
Set parameter LogToConsole to value 0
Set parameter Threads to value 1
Set parameter Seed to value 0
  定价策略: Exact, node=246, vertices=15
Set parameter PoolSearchMode to value 2
Set parameter PoolSolutions to value 10
[CG 1] RMP=8.000000, pricing=ExactPricingSolver, new_columns=0
  搜索路径: [1, 2, 3, 6, 7, 10, 12, 13, 11, 18, 19, 22, 23, 20, 21, 30, 31, 28, 29, 36, 37, 39, 38, 44, 45, 48, 49, 26, 27, 58, 59, 60, 61, 64, 65, 70, 71, 56, 62, 57, 50, 77, 51, 79, 80, 81, 43, 63, 34, 96, 97, 100, 101, 92, 42, 76, 35, 110, 111, 113, 112, 118, 119, 124, 125, 93, 78, 132, 133, 136, 137, 94, 95, 87, 86, 16, 17, 148, 149, 146, 150, 151, 152, 153, 156, 157, 147, 160, 161, 162, 163, 165, 164, 168, 169, 172, 173, 177, 174, 175, 176, 186, 187, 188, 189, 190, 191, 192, 193, 200, 201, 154, 155, 123, 122, 197, 210, 214, 215, 211, 196, 138, 82, 139, 72, 73, 83, 85, 84, 134, 135, 166, 167, 236, 237, 159, 143, 142, 144, 235, 158, 69, 238, 239, 246]
  列生成求解结果: 目标值=8.0000， 下界=7.0000， 上界=11.0000
    非整数变量: COL_1-7-9_75 = 0.136364
  解不是整数，开始分支...
ImposedVertex(vertex=28)
ForbidVertex(vertex=28)
  创建了 2 个分支
    添加分支节点 1: ID=256
    添加分支节点 2: ID=257

处理节点 249
  开始列生成求解...
Set parameter LogToConsole to value 0
Set parameter Threads to value 1
Set parameter Seed to value 0
  定价策略: Exact, node=249, vertices=16
Set parameter PoolSearchMode to value 2
Set parameter PoolSolutions to value 10
[CG 1] RMP=11.000000, pricing=ExactPricingSolver, new_columns=10
[CG 2] RMP=9.000000, pricing=ExactPricingSolver, new_columns=10
[CG 3] RMP=9.000000, pricing=ExactPricingSolver, new_columns=0
  搜索路径: [1, 2, 3, 6, 7, 10, 12, 13, 11, 18, 19, 22, 23, 20, 21, 30, 31, 28, 29, 36, 37, 39, 38, 44, 45, 48, 49, 26, 27, 58, 59, 60, 61, 64, 65, 70, 71, 56, 62, 57, 50, 77, 51, 79, 80, 81, 43, 63, 34, 96, 97, 100, 101, 92, 42, 76, 35, 110, 111, 113, 112, 118, 119, 124, 125, 93, 78, 132, 133, 136, 137, 94, 95, 87, 86, 16, 17, 148, 149, 146, 150, 151, 152, 153, 156, 157, 147, 160, 161, 162, 163, 165, 164, 168, 169, 172, 173, 177, 174, 175, 176, 186, 187, 188, 189, 190, 191, 192, 193, 200, 201, 154, 155, 123, 122, 197, 210, 214, 215, 211, 196, 138, 82, 139, 72, 73, 83, 85, 84, 134, 135, 166, 167, 236, 237, 159, 143, 142, 144, 235, 158, 69, 238, 239, 246, 249]
  列生成求解结果: 目标值=9.0000， 下界=7.0000， 上界=11.0000
    非整数变量: COL_1-21-5_40 = 0.200000
  解不是整数，开始分支...
ImposedVertex(vertex=5)
ForbidVertex(vertex=5)
  创建了 2 个分支
    添加分支节点 1: ID=258
    添加分支节点 2: ID=259

处理节点 250
  开始列生成求解...
Set parameter LogToConsole to value 0
Set parameter Threads to value 1
Set parameter Seed to value 0
  定价策略: Exact, node=250, vertices=18
Set parameter PoolSearchMode to value 2
Set parameter PoolSolutions to value 10
[CG 1] RMP=12.000000, pricing=ExactPricingSolver, new_columns=10
[CG 2] RMP=9.000000, pricing=ExactPricingSolver, new_columns=0
  搜索路径: [1, 2, 3, 6, 7, 10, 12, 13, 11, 18, 19, 22, 23, 20, 21, 30, 31, 28, 29, 36, 37, 39, 38, 44, 45, 48, 49, 26, 27, 58, 59, 60, 61, 64, 65, 70, 71, 56, 62, 57, 50, 77, 51, 79, 80, 81, 43, 63, 34, 96, 97, 100, 101, 92, 42, 76, 35, 110, 111, 113, 112, 118, 119, 124, 125, 93, 78, 132, 133, 136, 137, 94, 95, 87, 86, 16, 17, 148, 149, 146, 150, 151, 152, 153, 156, 157, 147, 160, 161, 162, 163, 165, 164, 168, 169, 172, 173, 177, 174, 175, 176, 186, 187, 188, 189, 190, 191, 192, 193, 200, 201, 154, 155, 123, 122, 197, 210, 214, 215, 211, 196, 138, 82, 139, 72, 73, 83, 85, 84, 134, 135, 166, 167, 236, 237, 159, 143, 142, 144, 235, 158, 69, 238, 239, 246, 249, 250]
  列生成求解结果: 目标值=9.0000， 下界=7.0000， 上界=11.0000
    非整数变量: COL_21-23-28-4-9_74 = 0.100000
  解不是整数，开始分支...
ImposedVertex(vertex=28)
ForbidVertex(vertex=28)
  创建了 2 个分支
    添加分支节点 1: ID=260
    添加分支节点 2: ID=261

处理节点 251
  开始列生成求解...
Set parameter LogToConsole to value 0
Set parameter Threads to value 1
Set parameter Seed to value 0
  定价策略: Exact, node=251, vertices=18
Set parameter PoolSearchMode to value 2
Set parameter PoolSolutions to value 10
[CG 1] RMP=10.000000, pricing=ExactPricingSolver, new_columns=10
[CG 2] RMP=8.000000, pricing=ExactPricingSolver, new_columns=0
  搜索路径: [1, 2, 3, 6, 7, 10, 12, 13, 11, 18, 19, 22, 23, 20, 21, 30, 31, 28, 29, 36, 37, 39, 38, 44, 45, 48, 49, 26, 27, 58, 59, 60, 61, 64, 65, 70, 71, 56, 62, 57, 50, 77, 51, 79, 80, 81, 43, 63, 34, 96, 97, 100, 101, 92, 42, 76, 35, 110, 111, 113, 112, 118, 119, 124, 125, 93, 78, 132, 133, 136, 137, 94, 95, 87, 86, 16, 17, 148, 149, 146, 150, 151, 152, 153, 156, 157, 147, 160, 161, 162, 163, 165, 164, 168, 169, 172, 173, 177, 174, 175, 176, 186, 187, 188, 189, 190, 191, 192, 193, 200, 201, 154, 155, 123, 122, 197, 210, 214, 215, 211, 196, 138, 82, 139, 72, 73, 83, 85, 84, 134, 135, 166, 167, 236, 237, 159, 143, 142, 144, 235, 158, 69, 238, 239, 246, 249, 250, 251]
  列生成求解结果: 目标值=8.0000， 下界=7.0000， 上界=11.0000
    非整数变量: COL_18-23-9_27 = 0.571429
  解不是整数，开始分支...
ImposedVertex(vertex=4)
ForbidVertex(vertex=4)
  创建了 2 个分支
    添加分支节点 1: ID=262
    添加分支节点 2: ID=263

处理节点 253
  开始列生成求解...
Set parameter LogToConsole to value 0
Set parameter Threads to value 1
Set parameter Seed to value 0
  定价策略: Exact, node=253, vertices=13
Set parameter PoolSearchMode to value 2
Set parameter PoolSolutions to value 10
[CG 1] RMP=9.460751, pricing=ExactPricingSolver, new_columns=10
[CG 2] RMP=8.000000, pricing=ExactPricingSolver, new_columns=0
  搜索路径: [1, 2, 3, 6, 7, 10, 12, 13, 11, 18, 19, 22, 23, 20, 21, 30, 31, 28, 29, 36, 37, 39, 38, 44, 45, 48, 49, 26, 27, 58, 59, 60, 61, 64, 65, 70, 71, 56, 62, 57, 50, 77, 51, 79, 80, 81, 43, 63, 34, 96, 97, 100, 101, 92, 42, 76, 35, 110, 111, 113, 112, 118, 119, 124, 125, 93, 78, 132, 133, 136, 137, 94, 95, 87, 86, 16, 17, 148, 149, 146, 150, 151, 152, 153, 156, 157, 147, 160, 161, 162, 163, 165, 164, 168, 169, 172, 173, 177, 174, 175, 176, 186, 187, 188, 189, 190, 191, 192, 193, 200, 201, 154, 155, 123, 122, 197, 210, 214, 215, 211, 196, 138, 82, 139, 72, 73, 83, 85, 84, 134, 135, 166, 167, 236, 237, 159, 143, 142, 144, 235, 158, 69, 238, 239, 246, 249, 250, 251, 253]
  列生成求解结果: 目标值=8.0000， 下界=7.0000， 上界=11.0000
    非整数变量: COL_1-18-23-9_29 = 0.333333
  解不是整数，开始分支...
ImposedVertex(vertex=7)
ForbidVertex(vertex=7)
  创建了 2 个分支
    添加分支节点 1: ID=264
    添加分支节点 2: ID=265

处理节点 254
  开始列生成求解...
Set parameter LogToConsole to value 0
Set parameter Threads to value 1
Set parameter Seed to value 0
  定价策略: Exact, node=254, vertices=14
Set parameter PoolSearchMode to value 2
Set parameter PoolSolutions to value 10
[CG 1] RMP=8.000000, pricing=ExactPricingSolver, new_columns=0
  搜索路径: [1, 2, 3, 6, 7, 10, 12, 13, 11, 18, 19, 22, 23, 20, 21, 30, 31, 28, 29, 36, 37, 39, 38, 44, 45, 48, 49, 26, 27, 58, 59, 60, 61, 64, 65, 70, 71, 56, 62, 57, 50, 77, 51, 79, 80, 81, 43, 63, 34, 96, 97, 100, 101, 92, 42, 76, 35, 110, 111, 113, 112, 118, 119, 124, 125, 93, 78, 132, 133, 136, 137, 94, 95, 87, 86, 16, 17, 148, 149, 146, 150, 151, 152, 153, 156, 157, 147, 160, 161, 162, 163, 165, 164, 168, 169, 172, 173, 177, 174, 175, 176, 186, 187, 188, 189, 190, 191, 192, 193, 200, 201, 154, 155, 123, 122, 197, 210, 214, 215, 211, 196, 138, 82, 139, 72, 73, 83, 85, 84, 134, 135, 166, 167, 236, 237, 159, 143, 142, 144, 235, 158, 69, 238, 239, 246, 249, 250, 251, 253, 254]
  列生成求解结果: 目标值=8.0000， 下界=7.0000， 上界=11.0000
    非整数变量: COL_1-18-23-9_29 = 0.333333
  解不是整数，开始分支...
ImposedVertex(vertex=6)
ForbidVertex(vertex=6)
  创建了 2 个分支
    添加分支节点 1: ID=266
    添加分支节点 2: ID=267
  进度: 已处理 150 个节点, 剩余 101 个, 当前最优 11.0000, 当前列数: 1296

处理节点 255
  开始列生成求解...
Set parameter LogToConsole to value 0
Set parameter Threads to value 1
Set parameter Seed to value 0
  定价策略: Exact, node=255, vertices=14
Set parameter PoolSearchMode to value 2
Set parameter PoolSolutions to value 10
[CG 1] RMP=9.000000, pricing=ExactPricingSolver, new_columns=0
  搜索路径: [1, 2, 3, 6, 7, 10, 12, 13, 11, 18, 19, 22, 23, 20, 21, 30, 31, 28, 29, 36, 37, 39, 38, 44, 45, 48, 49, 26, 27, 58, 59, 60, 61, 64, 65, 70, 71, 56, 62, 57, 50, 77, 51, 79, 80, 81, 43, 63, 34, 96, 97, 100, 101, 92, 42, 76, 35, 110, 111, 113, 112, 118, 119, 124, 125, 93, 78, 132, 133, 136, 137, 94, 95, 87, 86, 16, 17, 148, 149, 146, 150, 151, 152, 153, 156, 157, 147, 160, 161, 162, 163, 165, 164, 168, 169, 172, 173, 177, 174, 175, 176, 186, 187, 188, 189, 190, 191, 192, 193, 200, 201, 154, 155, 123, 122, 197, 210, 214, 215, 211, 196, 138, 82, 139, 72, 73, 83, 85, 84, 134, 135, 166, 167, 236, 237, 159, 143, 142, 144, 235, 158, 69, 238, 239, 246, 249, 250, 251, 253, 254, 255]
  列生成求解结果: 目标值=9.0000， 下界=7.0000， 上界=11.0000
    非整数变量: COL_1-18-23-7-9_33 = 0.642857
  解不是整数，开始分支...
ImposedVertex(vertex=7)
ForbidVertex(vertex=7)
  创建了 2 个分支
    添加分支节点 1: ID=268
    添加分支节点 2: ID=269

处理节点 252
  开始列生成求解...
Set parameter LogToConsole to value 0
Set parameter Threads to value 1
Set parameter Seed to value 0
  定价策略: Exact, node=252, vertices=13
Set parameter PoolSearchMode to value 2
Set parameter PoolSolutions to value 10
[CG 1] RMP=2010.000000, pricing=ExactPricingSolver, new_columns=10
[CG 2] RMP=9.000000, pricing=ExactPricingSolver, new_columns=0
  搜索路径: [1, 2, 3, 6, 7, 10, 12, 13, 11, 18, 19, 22, 23, 20, 21, 30, 31, 28, 29, 36, 37, 39, 38, 44, 45, 48, 49, 26, 27, 58, 59, 60, 61, 64, 65, 70, 71, 56, 62, 57, 50, 77, 51, 79, 80, 81, 43, 63, 34, 96, 97, 100, 101, 92, 42, 76, 35, 110, 111, 113, 112, 118, 119, 124, 125, 93, 78, 132, 133, 136, 137, 94, 95, 87, 86, 16, 17, 148, 149, 146, 150, 151, 152, 153, 156, 157, 147, 160, 161, 162, 163, 165, 164, 168, 169, 172, 173, 177, 174, 175, 176, 186, 187, 188, 189, 190, 191, 192, 193, 200, 201, 154, 155, 123, 122, 197, 210, 214, 215, 211, 196, 138, 82, 139, 72, 73, 83, 85, 84, 134, 135, 166, 167, 236, 237, 159, 143, 142, 144, 235, 158, 69, 238, 239, 246, 249, 250, 251, 253, 254, 255, 252]
  列生成求解结果: 目标值=9.0000， 下界=7.0000， 上界=11.0000
    非整数变量: COL_1-18-23-7-9_33 = 0.642857
  解不是整数，开始分支...
ImposedVertex(vertex=28)
ForbidVertex(vertex=28)
  创建了 2 个分支
    添加分支节点 1: ID=270
    添加分支节点 2: ID=271

处理节点 247
  开始列生成求解...
Set parameter LogToConsole to value 0
Set parameter Threads to value 1
Set parameter Seed to value 0
  定价策略: Exact, node=247, vertices=15
Set parameter PoolSearchMode to value 2
Set parameter PoolSolutions to value 10
[CG 1] RMP=9.000000, pricing=ExactPricingSolver, new_columns=0
  搜索路径: [1, 2, 3, 6, 7, 10, 12, 13, 11, 18, 19, 22, 23, 20, 21, 30, 31, 28, 29, 36, 37, 39, 38, 44, 45, 48, 49, 26, 27, 58, 59, 60, 61, 64, 65, 70, 71, 56, 62, 57, 50, 77, 51, 79, 80, 81, 43, 63, 34, 96, 97, 100, 101, 92, 42, 76, 35, 110, 111, 113, 112, 118, 119, 124, 125, 93, 78, 132, 133, 136, 137, 94, 95, 87, 86, 16, 17, 148, 149, 146, 150, 151, 152, 153, 156, 157, 147, 160, 161, 162, 163, 165, 164, 168, 169, 172, 173, 177, 174, 175, 176, 186, 187, 188, 189, 190, 191, 192, 193, 200, 201, 154, 155, 123, 122, 197, 210, 214, 215, 211, 196, 138, 82, 139, 72, 73, 83, 85, 84, 134, 135, 166, 167, 236, 237, 159, 143, 142, 144, 235, 158, 69, 238, 239, 246, 249, 250, 251, 253, 254, 255, 252, 247]
  列生成求解结果: 目标值=9.0000， 下界=7.0000， 上界=11.0000
    非整数变量: COL_1-16-22-27_86 = 0.818182
  解不是整数，开始分支...
ImposedVertex(vertex=22)
ForbidVertex(vertex=22)
  创建了 2 个分支
    添加分支节点 1: ID=272
    添加分支节点 2: ID=273

处理节点 248
  开始列生成求解...
Set parameter LogToConsole to value 0
Set parameter Threads to value 1
Set parameter Seed to value 0
  定价策略: Exact, node=248, vertices=15
Set parameter PoolSearchMode to value 2
Set parameter PoolSolutions to value 10
[CG 1] RMP=11.000000, pricing=ExactPricingSolver, new_columns=10
[CG 2] RMP=7.000000, pricing=ExactPricingSolver, new_columns=0
  搜索路径: [1, 2, 3, 6, 7, 10, 12, 13, 11, 18, 19, 22, 23, 20, 21, 30, 31, 28, 29, 36, 37, 39, 38, 44, 45, 48, 49, 26, 27, 58, 59, 60, 61, 64, 65, 70, 71, 56, 62, 57, 50, 77, 51, 79, 80, 81, 43, 63, 34, 96, 97, 100, 101, 92, 42, 76, 35, 110, 111, 113, 112, 118, 119, 124, 125, 93, 78, 132, 133, 136, 137, 94, 95, 87, 86, 16, 17, 148, 149, 146, 150, 151, 152, 153, 156, 157, 147, 160, 161, 162, 163, 165, 164, 168, 169, 172, 173, 177, 174, 175, 176, 186, 187, 188, 189, 190, 191, 192, 193, 200, 201, 154, 155, 123, 122, 197, 210, 214, 215, 211, 196, 138, 82, 139, 72, 73, 83, 85, 84, 134, 135, 166, 167, 236, 237, 159, 143, 142, 144, 235, 158, 69, 238, 239, 246, 249, 250, 251, 253, 254, 255, 252, 247, 248]
  列生成求解结果: 目标值=7.0000， 下界=7.0000， 上界=11.0000
    非整数变量: COL_1-18-23-9_29 = 0.208333
  解不是整数，开始分支...
ImposedVertex(vertex=8)
ForbidVertex(vertex=8)
  创建了 2 个分支
    添加分支节点 1: ID=274
    添加分支节点 2: ID=275

处理节点 91
  开始列生成求解...
Set parameter LogToConsole to value 0
Set parameter Threads to value 1
Set parameter Seed to value 0
  定价策略: Exact, node=91, vertices=19
Set parameter PoolSearchMode to value 2
Set parameter PoolSolutions to value 10
[CG 1] RMP=10.000000, pricing=ExactPricingSolver, new_columns=10
[CG 2] RMP=9.000000, pricing=ExactPricingSolver, new_columns=0
  搜索路径: [1, 2, 3, 6, 7, 10, 12, 13, 11, 18, 19, 22, 23, 20, 21, 30, 31, 28, 29, 36, 37, 39, 38, 44, 45, 48, 49, 26, 27, 58, 59, 60, 61, 64, 65, 70, 71, 56, 62, 57, 50, 77, 51, 79, 80, 81, 43, 63, 34, 96, 97, 100, 101, 92, 42, 76, 35, 110, 111, 113, 112, 118, 119, 124, 125, 93, 78, 132, 133, 136, 137, 94, 95, 87, 86, 16, 17, 148, 149, 146, 150, 151, 152, 153, 156, 157, 147, 160, 161, 162, 163, 165, 164, 168, 169, 172, 173, 177, 174, 175, 176, 186, 187, 188, 189, 190, 191, 192, 193, 200, 201, 154, 155, 123, 122, 197, 210, 214, 215, 211, 196, 138, 82, 139, 72, 73, 83, 85, 84, 134, 135, 166, 167, 236, 237, 159, 143, 142, 144, 235, 158, 69, 238, 239, 246, 249, 250, 251, 253, 254, 255, 252, 247, 248, 91]
  列生成求解结果: 目标值=9.0000， 下界=7.0000， 上界=11.0000
    非整数变量: COL_1-26_50 = 0.250000
  解不是整数，开始分支...
ImposedVertex(vertex=26)
ForbidVertex(vertex=26)
  创建了 2 个分支
    添加分支节点 1: ID=276
    添加分支节点 2: ID=277

处理节点 274
  开始列生成求解...
Set parameter LogToConsole to value 0
Set parameter Threads to value 1
Set parameter Seed to value 0
  定价策略: Exact, node=274, vertices=14
Set parameter PoolSearchMode to value 2
Set parameter PoolSolutions to value 10
[CG 1] RMP=2010.000000, pricing=ExactPricingSolver, new_columns=10
[CG 2] RMP=12.000000, pricing=ExactPricingSolver, new_columns=0
  搜索路径: [1, 2, 3, 6, 7, 10, 12, 13, 11, 18, 19, 22, 23, 20, 21, 30, 31, 28, 29, 36, 37, 39, 38, 44, 45, 48, 49, 26, 27, 58, 59, 60, 61, 64, 65, 70, 71, 56, 62, 57, 50, 77, 51, 79, 80, 81, 43, 63, 34, 96, 97, 100, 101, 92, 42, 76, 35, 110, 111, 113, 112, 118, 119, 124, 125, 93, 78, 132, 133, 136, 137, 94, 95, 87, 86, 16, 17, 148, 149, 146, 150, 151, 152, 153, 156, 157, 147, 160, 161, 162, 163, 165, 164, 168, 169, 172, 173, 177, 174, 175, 176, 186, 187, 188, 189, 190, 191, 192, 193, 200, 201, 154, 155, 123, 122, 197, 210, 214, 215, 211, 196, 138, 82, 139, 72, 73, 83, 85, 84, 134, 135, 166, 167, 236, 237, 159, 143, 142, 144, 235, 158, 69, 238, 239, 246, 249, 250, 251, 253, 254, 255, 252, 247, 248, 91, 274]
  列生成求解结果: 目标值=12.0000， 下界=7.0000， 上界=11.0000

处理节点 275
  开始列生成求解...
Set parameter LogToConsole to value 0
Set parameter Threads to value 1
Set parameter Seed to value 0
  定价策略: Exact, node=275, vertices=14
Set parameter PoolSearchMode to value 2
Set parameter PoolSolutions to value 10
[CG 1] RMP=7.000000, pricing=ExactPricingSolver, new_columns=0
  搜索路径: [1, 2, 3, 6, 7, 10, 12, 13, 11, 18, 19, 22, 23, 20, 21, 30, 31, 28, 29, 36, 37, 39, 38, 44, 45, 48, 49, 26, 27, 58, 59, 60, 61, 64, 65, 70, 71, 56, 62, 57, 50, 77, 51, 79, 80, 81, 43, 63, 34, 96, 97, 100, 101, 92, 42, 76, 35, 110, 111, 113, 112, 118, 119, 124, 125, 93, 78, 132, 133, 136, 137, 94, 95, 87, 86, 16, 17, 148, 149, 146, 150, 151, 152, 153, 156, 157, 147, 160, 161, 162, 163, 165, 164, 168, 169, 172, 173, 177, 174, 175, 176, 186, 187, 188, 189, 190, 191, 192, 193, 200, 201, 154, 155, 123, 122, 197, 210, 214, 215, 211, 196, 138, 82, 139, 72, 73, 83, 85, 84, 134, 135, 166, 167, 236, 237, 159, 143, 142, 144, 235, 158, 69, 238, 239, 246, 249, 250, 251, 253, 254, 255, 252, 247, 248, 91, 274, 275]
  列生成求解结果: 目标值=7.0000， 下界=7.0000， 上界=11.0000
    非整数变量: COL_1-18-23-9_29 = 0.416667
  解不是整数，开始分支...
ImposedVertex(vertex=20)
ForbidVertex(vertex=20)
  创建了 2 个分支
    添加分支节点 1: ID=278
    添加分支节点 2: ID=279

处理节点 145
  开始列生成求解...
Set parameter LogToConsole to value 0
Set parameter Threads to value 1
Set parameter Seed to value 0
  定价策略: Exact, node=145, vertices=16
Set parameter PoolSearchMode to value 2
Set parameter PoolSolutions to value 10
[CG 1] RMP=8.235294, pricing=ExactPricingSolver, new_columns=10
[CG 2] RMP=7.039106, pricing=ExactPricingSolver, new_columns=10
[CG 3] RMP=7.000000, pricing=ExactPricingSolver, new_columns=0
  搜索路径: [1, 2, 3, 6, 7, 10, 12, 13, 11, 18, 19, 22, 23, 20, 21, 30, 31, 28, 29, 36, 37, 39, 38, 44, 45, 48, 49, 26, 27, 58, 59, 60, 61, 64, 65, 70, 71, 56, 62, 57, 50, 77, 51, 79, 80, 81, 43, 63, 34, 96, 97, 100, 101, 92, 42, 76, 35, 110, 111, 113, 112, 118, 119, 124, 125, 93, 78, 132, 133, 136, 137, 94, 95, 87, 86, 16, 17, 148, 149, 146, 150, 151, 152, 153, 156, 157, 147, 160, 161, 162, 163, 165, 164, 168, 169, 172, 173, 177, 174, 175, 176, 186, 187, 188, 189, 190, 191, 192, 193, 200, 201, 154, 155, 123, 122, 197, 210, 214, 215, 211, 196, 138, 82, 139, 72, 73, 83, 85, 84, 134, 135, 166, 167, 236, 237, 159, 143, 142, 144, 235, 158, 69, 238, 239, 246, 249, 250, 251, 253, 254, 255, 252, 247, 248, 91, 274, 275, 145]
  列生成求解结果: 目标值=7.0000， 下界=7.0000， 上界=11.0000
    非整数变量: COL_17-26-9_146 = 0.283333
  解不是整数，开始分支...
ImposedVertex(vertex=26)
ForbidVertex(vertex=26)
  创建了 2 个分支
    添加分支节点 1: ID=280
    添加分支节点 2: ID=281

处理节点 227
  开始列生成求解...
Set parameter LogToConsole to value 0
Set parameter Threads to value 1
Set parameter Seed to value 0
  定价策略: Exact, node=227, vertices=16
Set parameter PoolSearchMode to value 2
Set parameter PoolSolutions to value 10
[CG 1] RMP=9.000000, pricing=ExactPricingSolver, new_columns=0
  搜索路径: [1, 2, 3, 6, 7, 10, 12, 13, 11, 18, 19, 22, 23, 20, 21, 30, 31, 28, 29, 36, 37, 39, 38, 44, 45, 48, 49, 26, 27, 58, 59, 60, 61, 64, 65, 70, 71, 56, 62, 57, 50, 77, 51, 79, 80, 81, 43, 63, 34, 96, 97, 100, 101, 92, 42, 76, 35, 110, 111, 113, 112, 118, 119, 124, 125, 93, 78, 132, 133, 136, 137, 94, 95, 87, 86, 16, 17, 148, 149, 146, 150, 151, 152, 153, 156, 157, 147, 160, 161, 162, 163, 165, 164, 168, 169, 172, 173, 177, 174, 175, 176, 186, 187, 188, 189, 190, 191, 192, 193, 200, 201, 154, 155, 123, 122, 197, 210, 214, 215, 211, 196, 138, 82, 139, 72, 73, 83, 85, 84, 134, 135, 166, 167, 236, 237, 159, 143, 142, 144, 235, 158, 69, 238, 239, 246, 249, 250, 251, 253, 254, 255, 252, 247, 248, 91, 274, 275, 145, 227]
  列生成求解结果: 目标值=9.0000， 下界=7.0000， 上界=11.0000
    非整数变量: COL_25-28_144 = 0.100000
  解不是整数，开始分支...
ImposedVertex(vertex=28)
ForbidVertex(vertex=28)
  创建了 2 个分支
    添加分支节点 1: ID=282
    添加分支节点 2: ID=283

处理节点 280
  开始列生成求解...
Set parameter LogToConsole to value 0
Set parameter Threads to value 1
Set parameter Seed to value 0
  定价策略: Exact, node=280, vertices=15
Set parameter PoolSearchMode to value 2
Set parameter PoolSolutions to value 10
[CG 1] RMP=10.000000, pricing=ExactPricingSolver, new_columns=0
  搜索路径: [1, 2, 3, 6, 7, 10, 12, 13, 11, 18, 19, 22, 23, 20, 21, 30, 31, 28, 29, 36, 37, 39, 38, 44, 45, 48, 49, 26, 27, 58, 59, 60, 61, 64, 65, 70, 71, 56, 62, 57, 50, 77, 51, 79, 80, 81, 43, 63, 34, 96, 97, 100, 101, 92, 42, 76, 35, 110, 111, 113, 112, 118, 119, 124, 125, 93, 78, 132, 133, 136, 137, 94, 95, 87, 86, 16, 17, 148, 149, 146, 150, 151, 152, 153, 156, 157, 147, 160, 161, 162, 163, 165, 164, 168, 169, 172, 173, 177, 174, 175, 176, 186, 187, 188, 189, 190, 191, 192, 193, 200, 201, 154, 155, 123, 122, 197, 210, 214, 215, 211, 196, 138, 82, 139, 72, 73, 83, 85, 84, 134, 135, 166, 167, 236, 237, 159, 143, 142, 144, 235, 158, 69, 238, 239, 246, 249, 250, 251, 253, 254, 255, 252, 247, 248, 91, 274, 275, 145, 227, 280]
  列生成求解结果: 目标值=10.0000， 下界=7.0000， 上界=11.0000
  找到整数解，更新最优解
  更新最优解后剪枝了 6 个节点

处理节点 184
  开始列生成求解...
Set parameter LogToConsole to value 0
Set parameter Threads to value 1
Set parameter Seed to value 0
  定价策略: Exact, node=184, vertices=17
Set parameter PoolSearchMode to value 2
Set parameter PoolSolutions to value 10
[CG 1] RMP=9.000000, pricing=ExactPricingSolver, new_columns=10
[CG 2] RMP=7.000000, pricing=ExactPricingSolver, new_columns=0
  搜索路径: [1, 2, 3, 6, 7, 10, 12, 13, 11, 18, 19, 22, 23, 20, 21, 30, 31, 28, 29, 36, 37, 39, 38, 44, 45, 48, 49, 26, 27, 58, 59, 60, 61, 64, 65, 70, 71, 56, 62, 57, 50, 77, 51, 79, 80, 81, 43, 63, 34, 96, 97, 100, 101, 92, 42, 76, 35, 110, 111, 113, 112, 118, 119, 124, 125, 93, 78, 132, 133, 136, 137, 94, 95, 87, 86, 16, 17, 148, 149, 146, 150, 151, 152, 153, 156, 157, 147, 160, 161, 162, 163, 165, 164, 168, 169, 172, 173, 177, 174, 175, 176, 186, 187, 188, 189, 190, 191, 192, 193, 200, 201, 154, 155, 123, 122, 197, 210, 214, 215, 211, 196, 138, 82, 139, 72, 73, 83, 85, 84, 134, 135, 166, 167, 236, 237, 159, 143, 142, 144, 235, 158, 69, 238, 239, 246, 249, 250, 251, 253, 254, 255, 252, 247, 248, 91, 274, 275, 145, 227, 280, 184]
  列生成求解结果: 目标值=7.0000， 下界=7.0000， 上界=10.0000
    非整数变量: COL_0-18-22-4-9_30 = 0.347222
  解不是整数，开始分支...
ImposedVertex(vertex=4)
ForbidVertex(vertex=4)
  创建了 2 个分支
    添加分支节点 1: ID=284
    添加分支节点 2: ID=285

处理节点 226
  开始列生成求解...
Set parameter LogToConsole to value 0
Set parameter Threads to value 1
Set parameter Seed to value 0
  定价策略: Exact, node=226, vertices=16
Set parameter PoolSearchMode to value 2
Set parameter PoolSolutions to value 10
[CG 1] RMP=8.000000, pricing=ExactPricingSolver, new_columns=0
  搜索路径: [1, 2, 3, 6, 7, 10, 12, 13, 11, 18, 19, 22, 23, 20, 21, 30, 31, 28, 29, 36, 37, 39, 38, 44, 45, 48, 49, 26, 27, 58, 59, 60, 61, 64, 65, 70, 71, 56, 62, 57, 50, 77, 51, 79, 80, 81, 43, 63, 34, 96, 97, 100, 101, 92, 42, 76, 35, 110, 111, 113, 112, 118, 119, 124, 125, 93, 78, 132, 133, 136, 137, 94, 95, 87, 86, 16, 17, 148, 149, 146, 150, 151, 152, 153, 156, 157, 147, 160, 161, 162, 163, 165, 164, 168, 169, 172, 173, 177, 174, 175, 176, 186, 187, 188, 189, 190, 191, 192, 193, 200, 201, 154, 155, 123, 122, 197, 210, 214, 215, 211, 196, 138, 82, 139, 72, 73, 83, 85, 84, 134, 135, 166, 167, 236, 237, 159, 143, 142, 144, 235, 158, 69, 238, 239, 246, 249, 250, 251, 253, 254, 255, 252, 247, 248, 91, 274, 275, 145, 227, 280, 184, 226]
  列生成求解结果: 目标值=8.0000， 下界=7.0000， 上界=10.0000
    非整数变量: COL_25-28_144 = 0.200000
  解不是整数，开始分支...
ImposedVertex(vertex=28)
ForbidVertex(vertex=28)
  创建了 2 个分支
    添加分支节点 1: ID=286
    添加分支节点 2: ID=287

处理节点 234
  开始列生成求解...
Set parameter LogToConsole to value 0
Set parameter Threads to value 1
Set parameter Seed to value 0
  定价策略: Exact, node=234, vertices=15
Set parameter PoolSearchMode to value 2
Set parameter PoolSolutions to value 10
[CG 1] RMP=1010.000000, pricing=ExactPricingSolver, new_columns=10
[CG 2] RMP=7.000000, pricing=ExactPricingSolver, new_columns=0
  搜索路径: [1, 2, 3, 6, 7, 10, 12, 13, 11, 18, 19, 22, 23, 20, 21, 30, 31, 28, 29, 36, 37, 39, 38, 44, 45, 48, 49, 26, 27, 58, 59, 60, 61, 64, 65, 70, 71, 56, 62, 57, 50, 77, 51, 79, 80, 81, 43, 63, 34, 96, 97, 100, 101, 92, 42, 76, 35, 110, 111, 113, 112, 118, 119, 124, 125, 93, 78, 132, 133, 136, 137, 94, 95, 87, 86, 16, 17, 148, 149, 146, 150, 151, 152, 153, 156, 157, 147, 160, 161, 162, 163, 165, 164, 168, 169, 172, 173, 177, 174, 175, 176, 186, 187, 188, 189, 190, 191, 192, 193, 200, 201, 154, 155, 123, 122, 197, 210, 214, 215, 211, 196, 138, 82, 139, 72, 73, 83, 85, 84, 134, 135, 166, 167, 236, 237, 159, 143, 142, 144, 235, 158, 69, 238, 239, 246, 249, 250, 251, 253, 254, 255, 252, 247, 248, 91, 274, 275, 145, 227, 280, 184, 226, 234]
  列生成求解结果: 目标值=7.0000， 下界=7.0000， 上界=10.0000
    非整数变量: COL_1-18-23-7-9_33 = 0.500000
  解不是整数，开始分支...
ImposedVertex(vertex=21)
ForbidVertex(vertex=21)
  创建了 2 个分支
    添加分支节点 1: ID=288
    添加分支节点 2: ID=289

处理节点 281
  开始列生成求解...
Set parameter LogToConsole to value 0
Set parameter Threads to value 1
Set parameter Seed to value 0
  定价策略: Exact, node=281, vertices=15
Set parameter PoolSearchMode to value 2
Set parameter PoolSolutions to value 10
[CG 1] RMP=12.000000, pricing=ExactPricingSolver, new_columns=0
  搜索路径: [1, 2, 3, 6, 7, 10, 12, 13, 11, 18, 19, 22, 23, 20, 21, 30, 31, 28, 29, 36, 37, 39, 38, 44, 45, 48, 49, 26, 27, 58, 59, 60, 61, 64, 65, 70, 71, 56, 62, 57, 50, 77, 51, 79, 80, 81, 43, 63, 34, 96, 97, 100, 101, 92, 42, 76, 35, 110, 111, 113, 112, 118, 119, 124, 125, 93, 78, 132, 133, 136, 137, 94, 95, 87, 86, 16, 17, 148, 149, 146, 150, 151, 152, 153, 156, 157, 147, 160, 161, 162, 163, 165, 164, 168, 169, 172, 173, 177, 174, 175, 176, 186, 187, 188, 189, 190, 191, 192, 193, 200, 201, 154, 155, 123, 122, 197, 210, 214, 215, 211, 196, 138, 82, 139, 72, 73, 83, 85, 84, 134, 135, 166, 167, 236, 237, 159, 143, 142, 144, 235, 158, 69, 238, 239, 246, 249, 250, 251, 253, 254, 255, 252, 247, 248, 91, 274, 275, 145, 227, 280, 184, 226, 234, 281]
  列生成求解结果: 目标值=12.0000， 下界=7.0000， 上界=10.0000

处理节点 183
  开始列生成求解...
Set parameter LogToConsole to value 0
Set parameter Threads to value 1
Set parameter Seed to value 0
  定价策略: Exact, node=183, vertices=18
Set parameter PoolSearchMode to value 2
Set parameter PoolSolutions to value 10
[CG 1] RMP=11.000000, pricing=ExactPricingSolver, new_columns=10
[CG 2] RMP=8.000000, pricing=ExactPricingSolver, new_columns=0
  搜索路径: [1, 2, 3, 6, 7, 10, 12, 13, 11, 18, 19, 22, 23, 20, 21, 30, 31, 28, 29, 36, 37, 39, 38, 44, 45, 48, 49, 26, 27, 58, 59, 60, 61, 64, 65, 70, 71, 56, 62, 57, 50, 77, 51, 79, 80, 81, 43, 63, 34, 96, 97, 100, 101, 92, 42, 76, 35, 110, 111, 113, 112, 118, 119, 124, 125, 93, 78, 132, 133, 136, 137, 94, 95, 87, 86, 16, 17, 148, 149, 146, 150, 151, 152, 153, 156, 157, 147, 160, 161, 162, 163, 165, 164, 168, 169, 172, 173, 177, 174, 175, 176, 186, 187, 188, 189, 190, 191, 192, 193, 200, 201, 154, 155, 123, 122, 197, 210, 214, 215, 211, 196, 138, 82, 139, 72, 73, 83, 85, 84, 134, 135, 166, 167, 236, 237, 159, 143, 142, 144, 235, 158, 69, 238, 239, 246, 249, 250, 251, 253, 254, 255, 252, 247, 248, 91, 274, 275, 145, 227, 280, 184, 226, 234, 281, 183]
  列生成求解结果: 目标值=8.0000， 下界=7.0000， 上界=10.0000
    非整数变量: COL_16-20-3-9_101 = 0.500000
  解不是整数，开始分支...
ImposedVertex(vertex=3)
ForbidVertex(vertex=3)
  创建了 2 个分支
    添加分支节点 1: ID=290
    添加分支节点 2: ID=291

处理节点 126
  开始列生成求解...
Set parameter LogToConsole to value 0
Set parameter Threads to value 1
Set parameter Seed to value 0
  定价策略: Exact, node=126, vertices=18
Set parameter PoolSearchMode to value 2
Set parameter PoolSolutions to value 10
[CG 1] RMP=1010.000000, pricing=ExactPricingSolver, new_columns=10
[CG 2] RMP=8.000000, pricing=ExactPricingSolver, new_columns=0
  搜索路径: [1, 2, 3, 6, 7, 10, 12, 13, 11, 18, 19, 22, 23, 20, 21, 30, 31, 28, 29, 36, 37, 39, 38, 44, 45, 48, 49, 26, 27, 58, 59, 60, 61, 64, 65, 70, 71, 56, 62, 57, 50, 77, 51, 79, 80, 81, 43, 63, 34, 96, 97, 100, 101, 92, 42, 76, 35, 110, 111, 113, 112, 118, 119, 124, 125, 93, 78, 132, 133, 136, 137, 94, 95, 87, 86, 16, 17, 148, 149, 146, 150, 151, 152, 153, 156, 157, 147, 160, 161, 162, 163, 165, 164, 168, 169, 172, 173, 177, 174, 175, 176, 186, 187, 188, 189, 190, 191, 192, 193, 200, 201, 154, 155, 123, 122, 197, 210, 214, 215, 211, 196, 138, 82, 139, 72, 73, 83, 85, 84, 134, 135, 166, 167, 236, 237, 159, 143, 142, 144, 235, 158, 69, 238, 239, 246, 249, 250, 251, 253, 254, 255, 252, 247, 248, 91, 274, 275, 145, 227, 280, 184, 226, 234, 281, 183, 126]
  列生成求解结果: 目标值=8.0000， 下界=7.0000， 上界=10.0000
    非整数变量: COL_18-20-26_76 = 0.324495
  解不是整数，开始分支...
ImposedVertex(vertex=26)
ForbidVertex(vertex=26)
  创建了 2 个分支
    添加分支节点 1: ID=292
    添加分支节点 2: ID=293

处理节点 68
  开始列生成求解...
Set parameter LogToConsole to value 0
Set parameter Threads to value 1
Set parameter Seed to value 0
  定价策略: Exact, node=68, vertices=19
Set parameter PoolSearchMode to value 2
Set parameter PoolSolutions to value 10
[CG 1] RMP=9.000000, pricing=ExactPricingSolver, new_columns=0
  搜索路径: [1, 2, 3, 6, 7, 10, 12, 13, 11, 18, 19, 22, 23, 20, 21, 30, 31, 28, 29, 36, 37, 39, 38, 44, 45, 48, 49, 26, 27, 58, 59, 60, 61, 64, 65, 70, 71, 56, 62, 57, 50, 77, 51, 79, 80, 81, 43, 63, 34, 96, 97, 100, 101, 92, 42, 76, 35, 110, 111, 113, 112, 118, 119, 124, 125, 93, 78, 132, 133, 136, 137, 94, 95, 87, 86, 16, 17, 148, 149, 146, 150, 151, 152, 153, 156, 157, 147, 160, 161, 162, 163, 165, 164, 168, 169, 172, 173, 177, 174, 175, 176, 186, 187, 188, 189, 190, 191, 192, 193, 200, 201, 154, 155, 123, 122, 197, 210, 214, 215, 211, 196, 138, 82, 139, 72, 73, 83, 85, 84, 134, 135, 166, 167, 236, 237, 159, 143, 142, 144, 235, 158, 69, 238, 239, 246, 249, 250, 251, 253, 254, 255, 252, 247, 248, 91, 274, 275, 145, 227, 280, 184, 226, 234, 281, 183, 126, 68]
  列生成求解结果: 目标值=9.0000， 下界=7.0000， 上界=10.0000
    非整数变量: COL_18-2-22-9_31 = 0.333333
  解不是整数，开始分支...
ImposedVertex(vertex=21)
ForbidVertex(vertex=21)
  创建了 2 个分支
    添加分支节点 1: ID=294
    添加分支节点 2: ID=295

处理节点 289
  开始列生成求解...
Set parameter LogToConsole to value 0
Set parameter Threads to value 1
Set parameter Seed to value 0
  定价策略: Exact, node=289, vertices=14
Set parameter PoolSearchMode to value 2
Set parameter PoolSolutions to value 10
[CG 1] RMP=14.000000, pricing=ExactPricingSolver, new_columns=10
[CG 2] RMP=8.000000, pricing=ExactPricingSolver, new_columns=0
  搜索路径: [1, 2, 3, 6, 7, 10, 12, 13, 11, 18, 19, 22, 23, 20, 21, 30, 31, 28, 29, 36, 37, 39, 38, 44, 45, 48, 49, 26, 27, 58, 59, 60, 61, 64, 65, 70, 71, 56, 62, 57, 50, 77, 51, 79, 80, 81, 43, 63, 34, 96, 97, 100, 101, 92, 42, 76, 35, 110, 111, 113, 112, 118, 119, 124, 125, 93, 78, 132, 133, 136, 137, 94, 95, 87, 86, 16, 17, 148, 149, 146, 150, 151, 152, 153, 156, 157, 147, 160, 161, 162, 163, 165, 164, 168, 169, 172, 173, 177, 174, 175, 176, 186, 187, 188, 189, 190, 191, 192, 193, 200, 201, 154, 155, 123, 122, 197, 210, 214, 215, 211, 196, 138, 82, 139, 72, 73, 83, 85, 84, 134, 135, 166, 167, 236, 237, 159, 143, 142, 144, 235, 158, 69, 238, 239, 246, 249, 250, 251, 253, 254, 255, 252, 247, 248, 91, 274, 275, 145, 227, 280, 184, 226, 234, 281, 183, 126, 68, 289]
  列生成求解结果: 目标值=8.0000， 下界=7.0000， 上界=10.0000
    非整数变量: COL_1-18-23-7-9_33 = 0.500000
  解不是整数，开始分支...
ImposedVertex(vertex=4)
ForbidVertex(vertex=4)
  创建了 2 个分支
    添加分支节点 1: ID=296
    添加分支节点 2: ID=297

处理节点 127
  开始列生成求解...
Set parameter LogToConsole to value 0
Set parameter Threads to value 1
Set parameter Seed to value 0
  定价策略: Exact, node=127, vertices=18
Set parameter PoolSearchMode to value 2
Set parameter PoolSolutions to value 10
[CG 1] RMP=10.000000, pricing=ExactPricingSolver, new_columns=10
[CG 2] RMP=9.000000, pricing=ExactPricingSolver, new_columns=0
  搜索路径: [1, 2, 3, 6, 7, 10, 12, 13, 11, 18, 19, 22, 23, 20, 21, 30, 31, 28, 29, 36, 37, 39, 38, 44, 45, 48, 49, 26, 27, 58, 59, 60, 61, 64, 65, 70, 71, 56, 62, 57, 50, 77, 51, 79, 80, 81, 43, 63, 34, 96, 97, 100, 101, 92, 42, 76, 35, 110, 111, 113, 112, 118, 119, 124, 125, 93, 78, 132, 133, 136, 137, 94, 95, 87, 86, 16, 17, 148, 149, 146, 150, 151, 152, 153, 156, 157, 147, 160, 161, 162, 163, 165, 164, 168, 169, 172, 173, 177, 174, 175, 176, 186, 187, 188, 189, 190, 191, 192, 193, 200, 201, 154, 155, 123, 122, 197, 210, 214, 215, 211, 196, 138, 82, 139, 72, 73, 83, 85, 84, 134, 135, 166, 167, 236, 237, 159, 143, 142, 144, 235, 158, 69, 238, 239, 246, 249, 250, 251, 253, 254, 255, 252, 247, 248, 91, 274, 275, 145, 227, 280, 184, 226, 234, 281, 183, 126, 68, 289, 127]
  列生成求解结果: 目标值=9.0000， 下界=7.0000， 上界=10.0000
    非整数变量: COL_10-17-21-25-26-3-4-7_159 = 0.375000
  解不是整数，开始分支...
ImposedVertex(vertex=3)
ForbidVertex(vertex=3)
  创建了 2 个分支
    添加分支节点 1: ID=298
    添加分支节点 2: ID=299

处理节点 288
  开始列生成求解...
Set parameter LogToConsole to value 0
Set parameter Threads to value 1
Set parameter Seed to value 0
  定价策略: Exact, node=288, vertices=14
Set parameter PoolSearchMode to value 2
Set parameter PoolSolutions to value 10
[CG 1] RMP=9.000000, pricing=ExactPricingSolver, new_columns=0
  搜索路径: [1, 2, 3, 6, 7, 10, 12, 13, 11, 18, 19, 22, 23, 20, 21, 30, 31, 28, 29, 36, 37, 39, 38, 44, 45, 48, 49, 26, 27, 58, 59, 60, 61, 64, 65, 70, 71, 56, 62, 57, 50, 77, 51, 79, 80, 81, 43, 63, 34, 96, 97, 100, 101, 92, 42, 76, 35, 110, 111, 113, 112, 118, 119, 124, 125, 93, 78, 132, 133, 136, 137, 94, 95, 87, 86, 16, 17, 148, 149, 146, 150, 151, 152, 153, 156, 157, 147, 160, 161, 162, 163, 165, 164, 168, 169, 172, 173, 177, 174, 175, 176, 186, 187, 188, 189, 190, 191, 192, 193, 200, 201, 154, 155, 123, 122, 197, 210, 214, 215, 211, 196, 138, 82, 139, 72, 73, 83, 85, 84, 134, 135, 166, 167, 236, 237, 159, 143, 142, 144, 235, 158, 69, 238, 239, 246, 249, 250, 251, 253, 254, 255, 252, 247, 248, 91, 274, 275, 145, 227, 280, 184, 226, 234, 281, 183, 126, 68, 289, 127, 288]
  列生成求解结果: 目标值=9.0000， 下界=7.0000， 上界=10.0000
    非整数变量: COL_1-18-23-7-9_33 = 0.500000
  解不是整数，开始分支...
ImposedVertex(vertex=28)
ForbidVertex(vertex=28)
  创建了 2 个分支
    添加分支节点 1: ID=300
    添加分支节点 2: ID=301
  进度: 已处理 170 个节点, 剩余 109 个, 当前最优 10.0000, 当前列数: 1416

处理节点 194
  开始列生成求解...
Set parameter LogToConsole to value 0
Set parameter Threads to value 1
Set parameter Seed to value 0
  定价策略: Exact, node=194, vertices=15
Set parameter PoolSearchMode to value 2
Set parameter PoolSolutions to value 10
[CG 1] RMP=12.000000, pricing=ExactPricingSolver, new_columns=10
[CG 2] RMP=12.000000, pricing=ExactPricingSolver, new_columns=0
  搜索路径: [1, 2, 3, 6, 7, 10, 12, 13, 11, 18, 19, 22, 23, 20, 21, 30, 31, 28, 29, 36, 37, 39, 38, 44, 45, 48, 49, 26, 27, 58, 59, 60, 61, 64, 65, 70, 71, 56, 62, 57, 50, 77, 51, 79, 80, 81, 43, 63, 34, 96, 97, 100, 101, 92, 42, 76, 35, 110, 111, 113, 112, 118, 119, 124, 125, 93, 78, 132, 133, 136, 137, 94, 95, 87, 86, 16, 17, 148, 149, 146, 150, 151, 152, 153, 156, 157, 147, 160, 161, 162, 163, 165, 164, 168, 169, 172, 173, 177, 174, 175, 176, 186, 187, 188, 189, 190, 191, 192, 193, 200, 201, 154, 155, 123, 122, 197, 210, 214, 215, 211, 196, 138, 82, 139, 72, 73, 83, 85, 84, 134, 135, 166, 167, 236, 237, 159, 143, 142, 144, 235, 158, 69, 238, 239, 246, 249, 250, 251, 253, 254, 255, 252, 247, 248, 91, 274, 275, 145, 227, 280, 184, 226, 234, 281, 183, 126, 68, 289, 127, 288, 194]
  列生成求解结果: 目标值=12.0000， 下界=7.0000， 上界=10.0000

处理节点 232
  开始列生成求解...
Set parameter LogToConsole to value 0
Set parameter Threads to value 1
Set parameter Seed to value 0
  定价策略: Exact, node=232, vertices=18
Set parameter PoolSearchMode to value 2
Set parameter PoolSolutions to value 10
[CG 1] RMP=12.000000, pricing=ExactPricingSolver, new_columns=10
[CG 2] RMP=9.000000, pricing=ExactPricingSolver, new_columns=0
  搜索路径: [1, 2, 3, 6, 7, 10, 12, 13, 11, 18, 19, 22, 23, 20, 21, 30, 31, 28, 29, 36, 37, 39, 38, 44, 45, 48, 49, 26, 27, 58, 59, 60, 61, 64, 65, 70, 71, 56, 62, 57, 50, 77, 51, 79, 80, 81, 43, 63, 34, 96, 97, 100, 101, 92, 42, 76, 35, 110, 111, 113, 112, 118, 119, 124, 125, 93, 78, 132, 133, 136, 137, 94, 95, 87, 86, 16, 17, 148, 149, 146, 150, 151, 152, 153, 156, 157, 147, 160, 161, 162, 163, 165, 164, 168, 169, 172, 173, 177, 174, 175, 176, 186, 187, 188, 189, 190, 191, 192, 193, 200, 201, 154, 155, 123, 122, 197, 210, 214, 215, 211, 196, 138, 82, 139, 72, 73, 83, 85, 84, 134, 135, 166, 167, 236, 237, 159, 143, 142, 144, 235, 158, 69, 238, 239, 246, 249, 250, 251, 253, 254, 255, 252, 247, 248, 91, 274, 275, 145, 227, 280, 184, 226, 234, 281, 183, 126, 68, 289, 127, 288, 194, 232]
  列生成求解结果: 目标值=9.0000， 下界=7.0000， 上界=10.0000
    非整数变量: COL_23_5 = 0.514286
  解不是整数，开始分支...
ImposedVertex(vertex=4)
ForbidVertex(vertex=4)
  创建了 2 个分支
    添加分支节点 1: ID=302
    添加分支节点 2: ID=303

处理节点 233
  开始列生成求解...
Set parameter LogToConsole to value 0
Set parameter Threads to value 1
Set parameter Seed to value 0
  定价策略: Exact, node=233, vertices=18
Set parameter PoolSearchMode to value 2
Set parameter PoolSolutions to value 10
[CG 1] RMP=8.000000, pricing=ExactPricingSolver, new_columns=0
  搜索路径: [1, 2, 3, 6, 7, 10, 12, 13, 11, 18, 19, 22, 23, 20, 21, 30, 31, 28, 29, 36, 37, 39, 38, 44, 45, 48, 49, 26, 27, 58, 59, 60, 61, 64, 65, 70, 71, 56, 62, 57, 50, 77, 51, 79, 80, 81, 43, 63, 34, 96, 97, 100, 101, 92, 42, 76, 35, 110, 111, 113, 112, 118, 119, 124, 125, 93, 78, 132, 133, 136, 137, 94, 95, 87, 86, 16, 17, 148, 149, 146, 150, 151, 152, 153, 156, 157, 147, 160, 161, 162, 163, 165, 164, 168, 169, 172, 173, 177, 174, 175, 176, 186, 187, 188, 189, 190, 191, 192, 193, 200, 201, 154, 155, 123, 122, 197, 210, 214, 215, 211, 196, 138, 82, 139, 72, 73, 83, 85, 84, 134, 135, 166, 167, 236, 237, 159, 143, 142, 144, 235, 158, 69, 238, 239, 246, 249, 250, 251, 253, 254, 255, 252, 247, 248, 91, 274, 275, 145, 227, 280, 184, 226, 234, 281, 183, 126, 68, 289, 127, 288, 194, 232, 233]
  列生成求解结果: 目标值=8.0000， 下界=7.0000， 上界=10.0000
    非整数变量: COL_18-23-9_27 = 0.142857
  解不是整数，开始分支...
ImposedVertex(vertex=4)
ForbidVertex(vertex=4)
  创建了 2 个分支
    添加分支节点 1: ID=304
    添加分支节点 2: ID=305

处理节点 195
  开始列生成求解...
Set parameter LogToConsole to value 0
Set parameter Threads to value 1
Set parameter Seed to value 0
  定价策略: Exact, node=195, vertices=16
Set parameter PoolSearchMode to value 2
Set parameter PoolSolutions to value 10
[CG 1] RMP=7.000000, pricing=ExactPricingSolver, new_columns=0
  搜索路径: [1, 2, 3, 6, 7, 10, 12, 13, 11, 18, 19, 22, 23, 20, 21, 30, 31, 28, 29, 36, 37, 39, 38, 44, 45, 48, 49, 26, 27, 58, 59, 60, 61, 64, 65, 70, 71, 56, 62, 57, 50, 77, 51, 79, 80, 81, 43, 63, 34, 96, 97, 100, 101, 92, 42, 76, 35, 110, 111, 113, 112, 118, 119, 124, 125, 93, 78, 132, 133, 136, 137, 94, 95, 87, 86, 16, 17, 148, 149, 146, 150, 151, 152, 153, 156, 157, 147, 160, 161, 162, 163, 165, 164, 168, 169, 172, 173, 177, 174, 175, 176, 186, 187, 188, 189, 190, 191, 192, 193, 200, 201, 154, 155, 123, 122, 197, 210, 214, 215, 211, 196, 138, 82, 139, 72, 73, 83, 85, 84, 134, 135, 166, 167, 236, 237, 159, 143, 142, 144, 235, 158, 69, 238, 239, 246, 249, 250, 251, 253, 254, 255, 252, 247, 248, 91, 274, 275, 145, 227, 280, 184, 226, 234, 281, 183, 126, 68, 289, 127, 288, 194, 232, 233, 195]
  列生成求解结果: 目标值=7.0000， 下界=7.0000， 上界=10.0000
    非整数变量: COL_18-2-20-27-4-7-9_734 = 0.147727
  解不是整数，开始分支...
ImposedVertex(vertex=2)
ForbidVertex(vertex=2)
  创建了 2 个分支
    添加分支节点 1: ID=306
    添加分支节点 2: ID=307

处理节点 90
  开始列生成求解...
Set parameter LogToConsole to value 0
Set parameter Threads to value 1
Set parameter Seed to value 0
  定价策略: Exact, node=90, vertices=19
Set parameter PoolSearchMode to value 2
Set parameter PoolSolutions to value 10
[CG 1] RMP=7.000000, pricing=ExactPricingSolver, new_columns=0
  搜索路径: [1, 2, 3, 6, 7, 10, 12, 13, 11, 18, 19, 22, 23, 20, 21, 30, 31, 28, 29, 36, 37, 39, 38, 44, 45, 48, 49, 26, 27, 58, 59, 60, 61, 64, 65, 70, 71, 56, 62, 57, 50, 77, 51, 79, 80, 81, 43, 63, 34, 96, 97, 100, 101, 92, 42, 76, 35, 110, 111, 113, 112, 118, 119, 124, 125, 93, 78, 132, 133, 136, 137, 94, 95, 87, 86, 16, 17, 148, 149, 146, 150, 151, 152, 153, 156, 157, 147, 160, 161, 162, 163, 165, 164, 168, 169, 172, 173, 177, 174, 175, 176, 186, 187, 188, 189, 190, 191, 192, 193, 200, 201, 154, 155, 123, 122, 197, 210, 214, 215, 211, 196, 138, 82, 139, 72, 73, 83, 85, 84, 134, 135, 166, 167, 236, 237, 159, 143, 142, 144, 235, 158, 69, 238, 239, 246, 249, 250, 251, 253, 254, 255, 252, 247, 248, 91, 274, 275, 145, 227, 280, 184, 226, 234, 281, 183, 126, 68, 289, 127, 288, 194, 232, 233, 195, 90]
  列生成求解结果: 目标值=7.0000， 下界=7.0000， 上界=10.0000
    非整数变量: COL_1-11-15-18-23-7-9_35 = 0.500000
  解不是整数，开始分支...
ImposedVertex(vertex=15)
ForbidVertex(vertex=15)
  创建了 2 个分支
    添加分支节点 1: ID=308
    添加分支节点 2: ID=309

处理节点 306
  开始列生成求解...
Set parameter LogToConsole to value 0
Set parameter Threads to value 1
Set parameter Seed to value 0
  定价策略: Exact, node=306, vertices=15
Set parameter PoolSearchMode to value 2
Set parameter PoolSolutions to value 10
[CG 1] RMP=8.000000, pricing=ExactPricingSolver, new_columns=10
[CG 2] RMP=7.000000, pricing=ExactPricingSolver, new_columns=0
  搜索路径: [1, 2, 3, 6, 7, 10, 12, 13, 11, 18, 19, 22, 23, 20, 21, 30, 31, 28, 29, 36, 37, 39, 38, 44, 45, 48, 49, 26, 27, 58, 59, 60, 61, 64, 65, 70, 71, 56, 62, 57, 50, 77, 51, 79, 80, 81, 43, 63, 34, 96, 97, 100, 101, 92, 42, 76, 35, 110, 111, 113, 112, 118, 119, 124, 125, 93, 78, 132, 133, 136, 137, 94, 95, 87, 86, 16, 17, 148, 149, 146, 150, 151, 152, 153, 156, 157, 147, 160, 161, 162, 163, 165, 164, 168, 169, 172, 173, 177, 174, 175, 176, 186, 187, 188, 189, 190, 191, 192, 193, 200, 201, 154, 155, 123, 122, 197, 210, 214, 215, 211, 196, 138, 82, 139, 72, 73, 83, 85, 84, 134, 135, 166, 167, 236, 237, 159, 143, 142, 144, 235, 158, 69, 238, 239, 246, 249, 250, 251, 253, 254, 255, 252, 247, 248, 91, 274, 275, 145, 227, 280, 184, 226, 234, 281, 183, 126, 68, 289, 127, 288, 194, 232, 233, 195, 90, 306]
  列生成求解结果: 目标值=7.0000， 下界=7.0000， 上界=10.0000
    非整数变量: COL_18-2-27-4-7-9_733 = 0.500000
  解不是整数，开始分支...
ImposedVertex(vertex=9)
ForbidVertex(vertex=9)
  创建了 2 个分支
    添加分支节点 1: ID=310
    添加分支节点 2: ID=311

处理节点 307
  开始列生成求解...
Set parameter LogToConsole to value 0
Set parameter Threads to value 1
Set parameter Seed to value 0
  定价策略: Exact, node=307, vertices=15
Set parameter PoolSearchMode to value 2
Set parameter PoolSolutions to value 10
[CG 1] RMP=12.000000, pricing=ExactPricingSolver, new_columns=0
  搜索路径: [1, 2, 3, 6, 7, 10, 12, 13, 11, 18, 19, 22, 23, 20, 21, 30, 31, 28, 29, 36, 37, 39, 38, 44, 45, 48, 49, 26, 27, 58, 59, 60, 61, 64, 65, 70, 71, 56, 62, 57, 50, 77, 51, 79, 80, 81, 43, 63, 34, 96, 97, 100, 101, 92, 42, 76, 35, 110, 111, 113, 112, 118, 119, 124, 125, 93, 78, 132, 133, 136, 137, 94, 95, 87, 86, 16, 17, 148, 149, 146, 150, 151, 152, 153, 156, 157, 147, 160, 161, 162, 163, 165, 164, 168, 169, 172, 173, 177, 174, 175, 176, 186, 187, 188, 189, 190, 191, 192, 193, 200, 201, 154, 155, 123, 122, 197, 210, 214, 215, 211, 196, 138, 82, 139, 72, 73, 83, 85, 84, 134, 135, 166, 167, 236, 237, 159, 143, 142, 144, 235, 158, 69, 238, 239, 246, 249, 250, 251, 253, 254, 255, 252, 247, 248, 91, 274, 275, 145, 227, 280, 184, 226, 234, 281, 183, 126, 68, 289, 127, 288, 194, 232, 233, 195, 90, 306, 307]
  列生成求解结果: 目标值=12.0000， 下界=7.0000， 上界=10.0000

处理节点 309
  开始列生成求解...
Set parameter LogToConsole to value 0
Set parameter Threads to value 1
Set parameter Seed to value 0
  定价策略: Exact, node=309, vertices=18
Set parameter PoolSearchMode to value 2
Set parameter PoolSolutions to value 10
[CG 1] RMP=1010.000000, pricing=ExactPricingSolver, new_columns=10
[CG 2] RMP=12.000000, pricing=ExactPricingSolver, new_columns=10
[CG 3] RMP=7.000000, pricing=ExactPricingSolver, new_columns=0
  搜索路径: [1, 2, 3, 6, 7, 10, 12, 13, 11, 18, 19, 22, 23, 20, 21, 30, 31, 28, 29, 36, 37, 39, 38, 44, 45, 48, 49, 26, 27, 58, 59, 60, 61, 64, 65, 70, 71, 56, 62, 57, 50, 77, 51, 79, 80, 81, 43, 63, 34, 96, 97, 100, 101, 92, 42, 76, 35, 110, 111, 113, 112, 118, 119, 124, 125, 93, 78, 132, 133, 136, 137, 94, 95, 87, 86, 16, 17, 148, 149, 146, 150, 151, 152, 153, 156, 157, 147, 160, 161, 162, 163, 165, 164, 168, 169, 172, 173, 177, 174, 175, 176, 186, 187, 188, 189, 190, 191, 192, 193, 200, 201, 154, 155, 123, 122, 197, 210, 214, 215, 211, 196, 138, 82, 139, 72, 73, 83, 85, 84, 134, 135, 166, 167, 236, 237, 159, 143, 142, 144, 235, 158, 69, 238, 239, 246, 249, 250, 251, 253, 254, 255, 252, 247, 248, 91, 274, 275, 145, 227, 280, 184, 226, 234, 281, 183, 126, 68, 289, 127, 288, 194, 232, 233, 195, 90, 306, 307, 309]
  列生成求解结果: 目标值=7.0000， 下界=7.0000， 上界=10.0000
    非整数变量: COL_1-11-18-23-7-9_34 = 0.500000
  解不是整数，开始分支...
ImposedVertex(vertex=21)
ForbidVertex(vertex=21)
  创建了 2 个分支
    添加分支节点 1: ID=312
    添加分支节点 2: ID=313

处理节点 310
  开始列生成求解...
Set parameter LogToConsole to value 0
Set parameter Threads to value 1
Set parameter Seed to value 0
  定价策略: Exact, node=310, vertices=14
Set parameter PoolSearchMode to value 2
Set parameter PoolSolutions to value 10
[CG 1] RMP=7.000000, pricing=ExactPricingSolver, new_columns=0
  搜索路径: [1, 2, 3, 6, 7, 10, 12, 13, 11, 18, 19, 22, 23, 20, 21, 30, 31, 28, 29, 36, 37, 39, 38, 44, 45, 48, 49, 26, 27, 58, 59, 60, 61, 64, 65, 70, 71, 56, 62, 57, 50, 77, 51, 79, 80, 81, 43, 63, 34, 96, 97, 100, 101, 92, 42, 76, 35, 110, 111, 113, 112, 118, 119, 124, 125, 93, 78, 132, 133, 136, 137, 94, 95, 87, 86, 16, 17, 148, 149, 146, 150, 151, 152, 153, 156, 157, 147, 160, 161, 162, 163, 165, 164, 168, 169, 172, 173, 177, 174, 175, 176, 186, 187, 188, 189, 190, 191, 192, 193, 200, 201, 154, 155, 123, 122, 197, 210, 214, 215, 211, 196, 138, 82, 139, 72, 73, 83, 85, 84, 134, 135, 166, 167, 236, 237, 159, 143, 142, 144, 235, 158, 69, 238, 239, 246, 249, 250, 251, 253, 254, 255, 252, 247, 248, 91, 274, 275, 145, 227, 280, 184, 226, 234, 281, 183, 126, 68, 289, 127, 288, 194, 232, 233, 195, 90, 306, 307, 309, 310]
  列生成求解结果: 目标值=7.0000， 下界=7.0000， 上界=10.0000
    非整数变量: COL_18-2-27-4-7-9_733 = 0.125000
  解不是整数，开始分支...
ImposedVertex(vertex=27)
ForbidVertex(vertex=27)
  创建了 2 个分支
    添加分支节点 1: ID=314
    添加分支节点 2: ID=315

处理节点 311
  开始列生成求解...
Set parameter LogToConsole to value 0
Set parameter Threads to value 1
Set parameter Seed to value 0
  定价策略: Exact, node=311, vertices=14
Set parameter PoolSearchMode to value 2
Set parameter PoolSolutions to value 10
[CG 1] RMP=11.000000, pricing=ExactPricingSolver, new_columns=0
  搜索路径: [1, 2, 3, 6, 7, 10, 12, 13, 11, 18, 19, 22, 23, 20, 21, 30, 31, 28, 29, 36, 37, 39, 38, 44, 45, 48, 49, 26, 27, 58, 59, 60, 61, 64, 65, 70, 71, 56, 62, 57, 50, 77, 51, 79, 80, 81, 43, 63, 34, 96, 97, 100, 101, 92, 42, 76, 35, 110, 111, 113, 112, 118, 119, 124, 125, 93, 78, 132, 133, 136, 137, 94, 95, 87, 86, 16, 17, 148, 149, 146, 150, 151, 152, 153, 156, 157, 147, 160, 161, 162, 163, 165, 164, 168, 169, 172, 173, 177, 174, 175, 176, 186, 187, 188, 189, 190, 191, 192, 193, 200, 201, 154, 155, 123, 122, 197, 210, 214, 215, 211, 196, 138, 82, 139, 72, 73, 83, 85, 84, 134, 135, 166, 167, 236, 237, 159, 143, 142, 144, 235, 158, 69, 238, 239, 246, 249, 250, 251, 253, 254, 255, 252, 247, 248, 91, 274, 275, 145, 227, 280, 184, 226, 234, 281, 183, 126, 68, 289, 127, 288, 194, 232, 233, 195, 90, 306, 307, 309, 310, 311]
  列生成求解结果: 目标值=11.0000， 下界=7.0000， 上界=10.0000

处理节点 312
  开始列生成求解...
Set parameter LogToConsole to value 0
Set parameter Threads to value 1
Set parameter Seed to value 0
  定价策略: Exact, node=312, vertices=17
Set parameter PoolSearchMode to value 2
Set parameter PoolSolutions to value 10
[CG 1] RMP=12.000000, pricing=ExactPricingSolver, new_columns=10
[CG 2] RMP=9.000000, pricing=ExactPricingSolver, new_columns=0
  搜索路径: [1, 2, 3, 6, 7, 10, 12, 13, 11, 18, 19, 22, 23, 20, 21, 30, 31, 28, 29, 36, 37, 39, 38, 44, 45, 48, 49, 26, 27, 58, 59, 60, 61, 64, 65, 70, 71, 56, 62, 57, 50, 77, 51, 79, 80, 81, 43, 63, 34, 96, 97, 100, 101, 92, 42, 76, 35, 110, 111, 113, 112, 118, 119, 124, 125, 93, 78, 132, 133, 136, 137, 94, 95, 87, 86, 16, 17, 148, 149, 146, 150, 151, 152, 153, 156, 157, 147, 160, 161, 162, 163, 165, 164, 168, 169, 172, 173, 177, 174, 175, 176, 186, 187, 188, 189, 190, 191, 192, 193, 200, 201, 154, 155, 123, 122, 197, 210, 214, 215, 211, 196, 138, 82, 139, 72, 73, 83, 85, 84, 134, 135, 166, 167, 236, 237, 159, 143, 142, 144, 235, 158, 69, 238, 239, 246, 249, 250, 251, 253, 254, 255, 252, 247, 248, 91, 274, 275, 145, 227, 280, 184, 226, 234, 281, 183, 126, 68, 289, 127, 288, 194, 232, 233, 195, 90, 306, 307, 309, 310, 311, 312]
  列生成求解结果: 目标值=9.0000， 下界=7.0000， 上界=10.0000
    非整数变量: COL_1-11-18-23-7-9_34 = 0.250000
  解不是整数，开始分支...
ImposedVertex(vertex=9)
ForbidVertex(vertex=9)
  创建了 2 个分支
    添加分支节点 1: ID=316
    添加分支节点 2: ID=317

处理节点 313
  开始列生成求解...
Set parameter LogToConsole to value 0
Set parameter Threads to value 1
Set parameter Seed to value 0
  定价策略: Exact, node=313, vertices=17
Set parameter PoolSearchMode to value 2
Set parameter PoolSolutions to value 10
[CG 1] RMP=8.842105, pricing=ExactPricingSolver, new_columns=10
[CG 2] RMP=8.000000, pricing=ExactPricingSolver, new_columns=0
  搜索路径: [1, 2, 3, 6, 7, 10, 12, 13, 11, 18, 19, 22, 23, 20, 21, 30, 31, 28, 29, 36, 37, 39, 38, 44, 45, 48, 49, 26, 27, 58, 59, 60, 61, 64, 65, 70, 71, 56, 62, 57, 50, 77, 51, 79, 80, 81, 43, 63, 34, 96, 97, 100, 101, 92, 42, 76, 35, 110, 111, 113, 112, 118, 119, 124, 125, 93, 78, 132, 133, 136, 137, 94, 95, 87, 86, 16, 17, 148, 149, 146, 150, 151, 152, 153, 156, 157, 147, 160, 161, 162, 163, 165, 164, 168, 169, 172, 173, 177, 174, 175, 176, 186, 187, 188, 189, 190, 191, 192, 193, 200, 201, 154, 155, 123, 122, 197, 210, 214, 215, 211, 196, 138, 82, 139, 72, 73, 83, 85, 84, 134, 135, 166, 167, 236, 237, 159, 143, 142, 144, 235, 158, 69, 238, 239, 246, 249, 250, 251, 253, 254, 255, 252, 247, 248, 91, 274, 275, 145, 227, 280, 184, 226, 234, 281, 183, 126, 68, 289, 127, 288, 194, 232, 233, 195, 90, 306, 307, 309, 310, 311, 312, 313]
  列生成求解结果: 目标值=8.0000， 下界=7.0000， 上界=10.0000
    非整数变量: COL_1-11-18-23-7-9_34 = 0.200000
  解不是整数，开始分支...
ImposedVertex(vertex=9)
ForbidVertex(vertex=9)
  创建了 2 个分支
    添加分支节点 1: ID=318
    添加分支节点 2: ID=319

处理节点 314
  开始列生成求解...
Set parameter LogToConsole to value 0
Set parameter Threads to value 1
Set parameter Seed to value 0
  定价策略: Exact, node=314, vertices=13
Set parameter PoolSearchMode to value 2
Set parameter PoolSolutions to value 10
[CG 1] RMP=11.000000, pricing=ExactPricingSolver, new_columns=0
  搜索路径: [1, 2, 3, 6, 7, 10, 12, 13, 11, 18, 19, 22, 23, 20, 21, 30, 31, 28, 29, 36, 37, 39, 38, 44, 45, 48, 49, 26, 27, 58, 59, 60, 61, 64, 65, 70, 71, 56, 62, 57, 50, 77, 51, 79, 80, 81, 43, 63, 34, 96, 97, 100, 101, 92, 42, 76, 35, 110, 111, 113, 112, 118, 119, 124, 125, 93, 78, 132, 133, 136, 137, 94, 95, 87, 86, 16, 17, 148, 149, 146, 150, 151, 152, 153, 156, 157, 147, 160, 161, 162, 163, 165, 164, 168, 169, 172, 173, 177, 174, 175, 176, 186, 187, 188, 189, 190, 191, 192, 193, 200, 201, 154, 155, 123, 122, 197, 210, 214, 215, 211, 196, 138, 82, 139, 72, 73, 83, 85, 84, 134, 135, 166, 167, 236, 237, 159, 143, 142, 144, 235, 158, 69, 238, 239, 246, 249, 250, 251, 253, 254, 255, 252, 247, 248, 91, 274, 275, 145, 227, 280, 184, 226, 234, 281, 183, 126, 68, 289, 127, 288, 194, 232, 233, 195, 90, 306, 307, 309, 310, 311, 312, 313, 314]
  列生成求解结果: 目标值=11.0000， 下界=7.0000， 上界=10.0000

处理节点 315
  开始列生成求解...
Set parameter LogToConsole to value 0
Set parameter Threads to value 1
Set parameter Seed to value 0
  定价策略: Exact, node=315, vertices=13
Set parameter PoolSearchMode to value 2
Set parameter PoolSolutions to value 10
[CG 1] RMP=1012.000000, pricing=ExactPricingSolver, new_columns=10
[CG 2] RMP=12.000000, pricing=ExactPricingSolver, new_columns=0
  搜索路径: [1, 2, 3, 6, 7, 10, 12, 13, 11, 18, 19, 22, 23, 20, 21, 30, 31, 28, 29, 36, 37, 39, 38, 44, 45, 48, 49, 26, 27, 58, 59, 60, 61, 64, 65, 70, 71, 56, 62, 57, 50, 77, 51, 79, 80, 81, 43, 63, 34, 96, 97, 100, 101, 92, 42, 76, 35, 110, 111, 113, 112, 118, 119, 124, 125, 93, 78, 132, 133, 136, 137, 94, 95, 87, 86, 16, 17, 148, 149, 146, 150, 151, 152, 153, 156, 157, 147, 160, 161, 162, 163, 165, 164, 168, 169, 172, 173, 177, 174, 175, 176, 186, 187, 188, 189, 190, 191, 192, 193, 200, 201, 154, 155, 123, 122, 197, 210, 214, 215, 211, 196, 138, 82, 139, 72, 73, 83, 85, 84, 134, 135, 166, 167, 236, 237, 159, 143, 142, 144, 235, 158, 69, 238, 239, 246, 249, 250, 251, 253, 254, 255, 252, 247, 248, 91, 274, 275, 145, 227, 280, 184, 226, 234, 281, 183, 126, 68, 289, 127, 288, 194, 232, 233, 195, 90, 306, 307, 309, 310, 311, 312, 313, 314, 315]
  列生成求解结果: 目标值=12.0000， 下界=7.0000， 上界=10.0000

处理节点 308
  开始列生成求解...
Set parameter LogToConsole to value 0
Set parameter Threads to value 1
Set parameter Seed to value 0
  定价策略: Exact, node=308, vertices=18
Set parameter PoolSearchMode to value 2
Set parameter PoolSolutions to value 10
[CG 1] RMP=7.000000, pricing=ExactPricingSolver, new_columns=0
  搜索路径: [1, 2, 3, 6, 7, 10, 12, 13, 11, 18, 19, 22, 23, 20, 21, 30, 31, 28, 29, 36, 37, 39, 38, 44, 45, 48, 49, 26, 27, 58, 59, 60, 61, 64, 65, 70, 71, 56, 62, 57, 50, 77, 51, 79, 80, 81, 43, 63, 34, 96, 97, 100, 101, 92, 42, 76, 35, 110, 111, 113, 112, 118, 119, 124, 125, 93, 78, 132, 133, 136, 137, 94, 95, 87, 86, 16, 17, 148, 149, 146, 150, 151, 152, 153, 156, 157, 147, 160, 161, 162, 163, 165, 164, 168, 169, 172, 173, 177, 174, 175, 176, 186, 187, 188, 189, 190, 191, 192, 193, 200, 201, 154, 155, 123, 122, 197, 210, 214, 215, 211, 196, 138, 82, 139, 72, 73, 83, 85, 84, 134, 135, 166, 167, 236, 237, 159, 143, 142, 144, 235, 158, 69, 238, 239, 246, 249, 250, 251, 253, 254, 255, 252, 247, 248, 91, 274, 275, 145, 227, 280, 184, 226, 234, 281, 183, 126, 68, 289, 127, 288, 194, 232, 233, 195, 90, 306, 307, 309, 310, 311, 312, 313, 314, 315, 308]
  列生成求解结果: 目标值=7.0000， 下界=7.0000， 上界=10.0000
    非整数变量: COL_1-11-15-18-23-7-9_35 = 0.500000
  解不是整数，开始分支...
ImposedVertex(vertex=21)
ForbidVertex(vertex=21)
  创建了 2 个分支
    添加分支节点 1: ID=320
    添加分支节点 2: ID=321

处理节点 229
  开始列生成求解...
Set parameter LogToConsole to value 0
Set parameter Threads to value 1
Set parameter Seed to value 0
  定价策略: Exact, node=229, vertices=17
Set parameter PoolSearchMode to value 2
Set parameter PoolSolutions to value 10
[CG 1] RMP=12.000000, pricing=ExactPricingSolver, new_columns=0
  搜索路径: [1, 2, 3, 6, 7, 10, 12, 13, 11, 18, 19, 22, 23, 20, 21, 30, 31, 28, 29, 36, 37, 39, 38, 44, 45, 48, 49, 26, 27, 58, 59, 60, 61, 64, 65, 70, 71, 56, 62, 57, 50, 77, 51, 79, 80, 81, 43, 63, 34, 96, 97, 100, 101, 92, 42, 76, 35, 110, 111, 113, 112, 118, 119, 124, 125, 93, 78, 132, 133, 136, 137, 94, 95, 87, 86, 16, 17, 148, 149, 146, 150, 151, 152, 153, 156, 157, 147, 160, 161, 162, 163, 165, 164, 168, 169, 172, 173, 177, 174, 175, 176, 186, 187, 188, 189, 190, 191, 192, 193, 200, 201, 154, 155, 123, 122, 197, 210, 214, 215, 211, 196, 138, 82, 139, 72, 73, 83, 85, 84, 134, 135, 166, 167, 236, 237, 159, 143, 142, 144, 235, 158, 69, 238, 239, 246, 249, 250, 251, 253, 254, 255, 252, 247, 248, 91, 274, 275, 145, 227, 280, 184, 226, 234, 281, 183, 126, 68, 289, 127, 288, 194, 232, 233, 195, 90, 306, 307, 309, 310, 311, 312, 313, 314, 315, 308, 229]
  列生成求解结果: 目标值=12.0000， 下界=7.0000， 上界=10.0000

处理节点 320
  开始列生成求解...
Set parameter LogToConsole to value 0
Set parameter Threads to value 1
Set parameter Seed to value 0
  定价策略: Exact, node=320, vertices=17
Set parameter PoolSearchMode to value 2
Set parameter PoolSolutions to value 10
[CG 1] RMP=12.000000, pricing=ExactPricingSolver, new_columns=10
[CG 2] RMP=9.000000, pricing=ExactPricingSolver, new_columns=0
  搜索路径: [1, 2, 3, 6, 7, 10, 12, 13, 11, 18, 19, 22, 23, 20, 21, 30, 31, 28, 29, 36, 37, 39, 38, 44, 45, 48, 49, 26, 27, 58, 59, 60, 61, 64, 65, 70, 71, 56, 62, 57, 50, 77, 51, 79, 80, 81, 43, 63, 34, 96, 97, 100, 101, 92, 42, 76, 35, 110, 111, 113, 112, 118, 119, 124, 125, 93, 78, 132, 133, 136, 137, 94, 95, 87, 86, 16, 17, 148, 149, 146, 150, 151, 152, 153, 156, 157, 147, 160, 161, 162, 163, 165, 164, 168, 169, 172, 173, 177, 174, 175, 176, 186, 187, 188, 189, 190, 191, 192, 193, 200, 201, 154, 155, 123, 122, 197, 210, 214, 215, 211, 196, 138, 82, 139, 72, 73, 83, 85, 84, 134, 135, 166, 167, 236, 237, 159, 143, 142, 144, 235, 158, 69, 238, 239, 246, 249, 250, 251, 253, 254, 255, 252, 247, 248, 91, 274, 275, 145, 227, 280, 184, 226, 234, 281, 183, 126, 68, 289, 127, 288, 194, 232, 233, 195, 90, 306, 307, 309, 310, 311, 312, 313, 314, 315, 308, 229, 320]
  列生成求解结果: 目标值=9.0000， 下界=7.0000， 上界=10.0000
    非整数变量: COL_1-11-15-18-23-7-9_35 = 0.800000
  解不是整数，开始分支...
ImposedVertex(vertex=7)
ForbidVertex(vertex=7)
  创建了 2 个分支
    添加分支节点 1: ID=322
    添加分支节点 2: ID=323

处理节点 321
  开始列生成求解...
Set parameter LogToConsole to value 0
Set parameter Threads to value 1
Set parameter Seed to value 0
  定价策略: Exact, node=321, vertices=17
Set parameter PoolSearchMode to value 2
Set parameter PoolSolutions to value 10
[CG 1] RMP=1010.000000, pricing=ExactPricingSolver, new_columns=10
[CG 2] RMP=8.000000, pricing=ExactPricingSolver, new_columns=0
  搜索路径: [1, 2, 3, 6, 7, 10, 12, 13, 11, 18, 19, 22, 23, 20, 21, 30, 31, 28, 29, 36, 37, 39, 38, 44, 45, 48, 49, 26, 27, 58, 59, 60, 61, 64, 65, 70, 71, 56, 62, 57, 50, 77, 51, 79, 80, 81, 43, 63, 34, 96, 97, 100, 101, 92, 42, 76, 35, 110, 111, 113, 112, 118, 119, 124, 125, 93, 78, 132, 133, 136, 137, 94, 95, 87, 86, 16, 17, 148, 149, 146, 150, 151, 152, 153, 156, 157, 147, 160, 161, 162, 163, 165, 164, 168, 169, 172, 173, 177, 174, 175, 176, 186, 187, 188, 189, 190, 191, 192, 193, 200, 201, 154, 155, 123, 122, 197, 210, 214, 215, 211, 196, 138, 82, 139, 72, 73, 83, 85, 84, 134, 135, 166, 167, 236, 237, 159, 143, 142, 144, 235, 158, 69, 238, 239, 246, 249, 250, 251, 253, 254, 255, 252, 247, 248, 91, 274, 275, 145, 227, 280, 184, 226, 234, 281, 183, 126, 68, 289, 127, 288, 194, 232, 233, 195, 90, 306, 307, 309, 310, 311, 312, 313, 314, 315, 308, 229, 320, 321]
  列生成求解结果: 目标值=8.0000， 下界=7.0000， 上界=10.0000
    非整数变量: COL_1-11-18-23-7-9_34 = 0.500000
  解不是整数，开始分支...
ImposedVertex(vertex=26)
ForbidVertex(vertex=26)
  创建了 2 个分支
    添加分支节点 1: ID=324
    添加分支节点 2: ID=325

处理节点 185
  开始列生成求解...
Set parameter LogToConsole to value 0
Set parameter Threads to value 1
Set parameter Seed to value 0
  定价策略: Exact, node=185, vertices=17
Set parameter PoolSearchMode to value 2
Set parameter PoolSolutions to value 10
[CG 1] RMP=12.000000, pricing=ExactPricingSolver, new_columns=10
[CG 2] RMP=12.000000, pricing=ExactPricingSolver, new_columns=10
[CG 3] RMP=11.000000, pricing=ExactPricingSolver, new_columns=0
  搜索路径: [1, 2, 3, 6, 7, 10, 12, 13, 11, 18, 19, 22, 23, 20, 21, 30, 31, 28, 29, 36, 37, 39, 38, 44, 45, 48, 49, 26, 27, 58, 59, 60, 61, 64, 65, 70, 71, 56, 62, 57, 50, 77, 51, 79, 80, 81, 43, 63, 34, 96, 97, 100, 101, 92, 42, 76, 35, 110, 111, 113, 112, 118, 119, 124, 125, 93, 78, 132, 133, 136, 137, 94, 95, 87, 86, 16, 17, 148, 149, 146, 150, 151, 152, 153, 156, 157, 147, 160, 161, 162, 163, 165, 164, 168, 169, 172, 173, 177, 174, 175, 176, 186, 187, 188, 189, 190, 191, 192, 193, 200, 201, 154, 155, 123, 122, 197, 210, 214, 215, 211, 196, 138, 82, 139, 72, 73, 83, 85, 84, 134, 135, 166, 167, 236, 237, 159, 143, 142, 144, 235, 158, 69, 238, 239, 246, 249, 250, 251, 253, 254, 255, 252, 247, 248, 91, 274, 275, 145, 227, 280, 184, 226, 234, 281, 183, 126, 68, 289, 127, 288, 194, 232, 233, 195, 90, 306, 307, 309, 310, 311, 312, 313, 314, 315, 308, 229, 320, 321, 185]
  列生成求解结果: 目标值=11.0000， 下界=7.0000， 上界=10.0000

处理节点 228
  开始列生成求解...
Set parameter LogToConsole to value 0
Set parameter Threads to value 1
Set parameter Seed to value 0
  定价策略: Exact, node=228, vertices=17
Set parameter PoolSearchMode to value 2
Set parameter PoolSolutions to value 10
[CG 1] RMP=10.000000, pricing=ExactPricingSolver, new_columns=0
  搜索路径: [1, 2, 3, 6, 7, 10, 12, 13, 11, 18, 19, 22, 23, 20, 21, 30, 31, 28, 29, 36, 37, 39, 38, 44, 45, 48, 49, 26, 27, 58, 59, 60, 61, 64, 65, 70, 71, 56, 62, 57, 50, 77, 51, 79, 80, 81, 43, 63, 34, 96, 97, 100, 101, 92, 42, 76, 35, 110, 111, 113, 112, 118, 119, 124, 125, 93, 78, 132, 133, 136, 137, 94, 95, 87, 86, 16, 17, 148, 149, 146, 150, 151, 152, 153, 156, 157, 147, 160, 161, 162, 163, 165, 164, 168, 169, 172, 173, 177, 174, 175, 176, 186, 187, 188, 189, 190, 191, 192, 193, 200, 201, 154, 155, 123, 122, 197, 210, 214, 215, 211, 196, 138, 82, 139, 72, 73, 83, 85, 84, 134, 135, 166, 167, 236, 237, 159, 143, 142, 144, 235, 158, 69, 238, 239, 246, 249, 250, 251, 253, 254, 255, 252, 247, 248, 91, 274, 275, 145, 227, 280, 184, 226, 234, 281, 183, 126, 68, 289, 127, 288, 194, 232, 233, 195, 90, 306, 307, 309, 310, 311, 312, 313, 314, 315, 308, 229, 320, 321, 185, 228]
  列生成求解结果: 目标值=10.0000， 下界=7.0000， 上界=10.0000

处理节点 182
  开始列生成求解...
Set parameter LogToConsole to value 0
Set parameter Threads to value 1
Set parameter Seed to value 0
  定价策略: Exact, node=182, vertices=18
Set parameter PoolSearchMode to value 2
Set parameter PoolSolutions to value 10
[CG 1] RMP=2010.000000, pricing=ExactPricingSolver, new_columns=10
[CG 2] RMP=9.000000, pricing=ExactPricingSolver, new_columns=0
  搜索路径: [1, 2, 3, 6, 7, 10, 12, 13, 11, 18, 19, 22, 23, 20, 21, 30, 31, 28, 29, 36, 37, 39, 38, 44, 45, 48, 49, 26, 27, 58, 59, 60, 61, 64, 65, 70, 71, 56, 62, 57, 50, 77, 51, 79, 80, 81, 43, 63, 34, 96, 97, 100, 101, 92, 42, 76, 35, 110, 111, 113, 112, 118, 119, 124, 125, 93, 78, 132, 133, 136, 137, 94, 95, 87, 86, 16, 17, 148, 149, 146, 150, 151, 152, 153, 156, 157, 147, 160, 161, 162, 163, 165, 164, 168, 169, 172, 173, 177, 174, 175, 176, 186, 187, 188, 189, 190, 191, 192, 193, 200, 201, 154, 155, 123, 122, 197, 210, 214, 215, 211, 196, 138, 82, 139, 72, 73, 83, 85, 84, 134, 135, 166, 167, 236, 237, 159, 143, 142, 144, 235, 158, 69, 238, 239, 246, 249, 250, 251, 253, 254, 255, 252, 247, 248, 91, 274, 275, 145, 227, 280, 184, 226, 234, 281, 183, 126, 68, 289, 127, 288, 194, 232, 233, 195, 90, 306, 307, 309, 310, 311, 312, 313, 314, 315, 308, 229, 320, 321, 185, 228, 182]
  列生成求解结果: 目标值=9.0000， 下界=7.0000， 上界=10.0000
    非整数变量: COL_21-23-28-4-9_74 = 0.500000
  解不是整数，开始分支...
ImposedVertex(vertex=23)
ForbidVertex(vertex=23)
  创建了 2 个分支
    添加分支节点 1: ID=326
    添加分支节点 2: ID=327

处理节点 285
  开始列生成求解...
Set parameter LogToConsole to value 0
Set parameter Threads to value 1
Set parameter Seed to value 0
  定价策略: Exact, node=285, vertices=16
Set parameter PoolSearchMode to value 2
Set parameter PoolSolutions to value 10
[CG 1] RMP=9.000000, pricing=ExactPricingSolver, new_columns=0
  搜索路径: [1, 2, 3, 6, 7, 10, 12, 13, 11, 18, 19, 22, 23, 20, 21, 30, 31, 28, 29, 36, 37, 39, 38, 44, 45, 48, 49, 26, 27, 58, 59, 60, 61, 64, 65, 70, 71, 56, 62, 57, 50, 77, 51, 79, 80, 81, 43, 63, 34, 96, 97, 100, 101, 92, 42, 76, 35, 110, 111, 113, 112, 118, 119, 124, 125, 93, 78, 132, 133, 136, 137, 94, 95, 87, 86, 16, 17, 148, 149, 146, 150, 151, 152, 153, 156, 157, 147, 160, 161, 162, 163, 165, 164, 168, 169, 172, 173, 177, 174, 175, 176, 186, 187, 188, 189, 190, 191, 192, 193, 200, 201, 154, 155, 123, 122, 197, 210, 214, 215, 211, 196, 138, 82, 139, 72, 73, 83, 85, 84, 134, 135, 166, 167, 236, 237, 159, 143, 142, 144, 235, 158, 69, 238, 239, 246, 249, 250, 251, 253, 254, 255, 252, 247, 248, 91, 274, 275, 145, 227, 280, 184, 226, 234, 281, 183, 126, 68, 289, 127, 288, 194, 232, 233, 195, 90, 306, 307, 309, 310, 311, 312, 313, 314, 315, 308, 229, 320, 321, 185, 228, 182, 285]
  列生成求解结果: 目标值=9.0000， 下界=7.0000， 上界=10.0000
    非整数变量: COL_13-16-20-22-28-7-9_761 = 0.714286
  解不是整数，开始分支...
ImposedVertex(vertex=28)
ForbidVertex(vertex=28)
  创建了 2 个分支
    添加分支节点 1: ID=328
    添加分支节点 2: ID=329

处理节点 284
  开始列生成求解...
Set parameter LogToConsole to value 0
Set parameter Threads to value 1
Set parameter Seed to value 0
  定价策略: Exact, node=284, vertices=15
Set parameter PoolSearchMode to value 2
Set parameter PoolSolutions to value 10
[CG 1] RMP=7.000000, pricing=ExactPricingSolver, new_columns=0
  搜索路径: [1, 2, 3, 6, 7, 10, 12, 13, 11, 18, 19, 22, 23, 20, 21, 30, 31, 28, 29, 36, 37, 39, 38, 44, 45, 48, 49, 26, 27, 58, 59, 60, 61, 64, 65, 70, 71, 56, 62, 57, 50, 77, 51, 79, 80, 81, 43, 63, 34, 96, 97, 100, 101, 92, 42, 76, 35, 110, 111, 113, 112, 118, 119, 124, 125, 93, 78, 132, 133, 136, 137, 94, 95, 87, 86, 16, 17, 148, 149, 146, 150, 151, 152, 153, 156, 157, 147, 160, 161, 162, 163, 165, 164, 168, 169, 172, 173, 177, 174, 175, 176, 186, 187, 188, 189, 190, 191, 192, 193, 200, 201, 154, 155, 123, 122, 197, 210, 214, 215, 211, 196, 138, 82, 139, 72, 73, 83, 85, 84, 134, 135, 166, 167, 236, 237, 159, 143, 142, 144, 235, 158, 69, 238, 239, 246, 249, 250, 251, 253, 254, 255, 252, 247, 248, 91, 274, 275, 145, 227, 280, 184, 226, 234, 281, 183, 126, 68, 289, 127, 288, 194, 232, 233, 195, 90, 306, 307, 309, 310, 311, 312, 313, 314, 315, 308, 229, 320, 321, 185, 228, 182, 285, 284]
  列生成求解结果: 目标值=7.0000， 下界=7.0000， 上界=10.0000
    非整数变量: COL_0-18-22-4-9_30 = 0.277778
  解不是整数，开始分支...
ImposedVertex(vertex=22)
ForbidVertex(vertex=22)
  创建了 2 个分支
    添加分支节点 1: ID=330
    添加分支节点 2: ID=331

处理节点 330
  开始列生成求解...
Set parameter LogToConsole to value 0
Set parameter Threads to value 1
Set parameter Seed to value 0
  定价策略: Exact, node=330, vertices=13
Set parameter PoolSearchMode to value 2
Set parameter PoolSolutions to value 10
[CG 1] RMP=9.000000, pricing=ExactPricingSolver, new_columns=0
  搜索路径: [1, 2, 3, 6, 7, 10, 12, 13, 11, 18, 19, 22, 23, 20, 21, 30, 31, 28, 29, 36, 37, 39, 38, 44, 45, 48, 49, 26, 27, 58, 59, 60, 61, 64, 65, 70, 71, 56, 62, 57, 50, 77, 51, 79, 80, 81, 43, 63, 34, 96, 97, 100, 101, 92, 42, 76, 35, 110, 111, 113, 112, 118, 119, 124, 125, 93, 78, 132, 133, 136, 137, 94, 95, 87, 86, 16, 17, 148, 149, 146, 150, 151, 152, 153, 156, 157, 147, 160, 161, 162, 163, 165, 164, 168, 169, 172, 173, 177, 174, 175, 176, 186, 187, 188, 189, 190, 191, 192, 193, 200, 201, 154, 155, 123, 122, 197, 210, 214, 215, 211, 196, 138, 82, 139, 72, 73, 83, 85, 84, 134, 135, 166, 167, 236, 237, 159, 143, 142, 144, 235, 158, 69, 238, 239, 246, 249, 250, 251, 253, 254, 255, 252, 247, 248, 91, 274, 275, 145, 227, 280, 184, 226, 234, 281, 183, 126, 68, 289, 127, 288, 194, 232, 233, 195, 90, 306, 307, 309, 310, 311, 312, 313, 314, 315, 308, 229, 320, 321, 185, 228, 182, 285, 284, 330]
  列生成求解结果: 目标值=9.0000， 下界=7.0000， 上界=10.0000
    非整数变量: COL_13-16-18-20-22-28-7-9_762 = 0.181818
  解不是整数，开始分支...
ImposedVertex(vertex=28)
ForbidVertex(vertex=28)
  创建了 2 个分支
    添加分支节点 1: ID=332
    添加分支节点 2: ID=333

处理节点 331
  开始列生成求解...
Set parameter LogToConsole to value 0
Set parameter Threads to value 1
Set parameter Seed to value 0
  定价策略: Exact, node=331, vertices=14
Set parameter PoolSearchMode to value 2
Set parameter PoolSolutions to value 10
[CG 1] RMP=2010.000000, pricing=ExactPricingSolver, new_columns=10
[CG 2] RMP=507.000000, pricing=ExactPricingSolver, new_columns=10
[CG 3] RMP=7.000000, pricing=ExactPricingSolver, new_columns=0
  搜索路径: [1, 2, 3, 6, 7, 10, 12, 13, 11, 18, 19, 22, 23, 20, 21, 30, 31, 28, 29, 36, 37, 39, 38, 44, 45, 48, 49, 26, 27, 58, 59, 60, 61, 64, 65, 70, 71, 56, 62, 57, 50, 77, 51, 79, 80, 81, 43, 63, 34, 96, 97, 100, 101, 92, 42, 76, 35, 110, 111, 113, 112, 118, 119, 124, 125, 93, 78, 132, 133, 136, 137, 94, 95, 87, 86, 16, 17, 148, 149, 146, 150, 151, 152, 153, 156, 157, 147, 160, 161, 162, 163, 165, 164, 168, 169, 172, 173, 177, 174, 175, 176, 186, 187, 188, 189, 190, 191, 192, 193, 200, 201, 154, 155, 123, 122, 197, 210, 214, 215, 211, 196, 138, 82, 139, 72, 73, 83, 85, 84, 134, 135, 166, 167, 236, 237, 159, 143, 142, 144, 235, 158, 69, 238, 239, 246, 249, 250, 251, 253, 254, 255, 252, 247, 248, 91, 274, 275, 145, 227, 280, 184, 226, 234, 281, 183, 126, 68, 289, 127, 288, 194, 232, 233, 195, 90, 306, 307, 309, 310, 311, 312, 313, 314, 315, 308, 229, 320, 321, 185, 228, 182, 285, 284, 330, 331]
  列生成求解结果: 目标值=7.0000， 下界=7.0000， 上界=10.0000
    非整数变量: COL_0-4-7-9_70 = 0.500000
  解不是整数，开始分支...
ImposedVertex(vertex=7)
ForbidVertex(vertex=7)
  创建了 2 个分支
    添加分支节点 1: ID=334
    添加分支节点 2: ID=335

处理节点 334
  开始列生成求解...
Set parameter LogToConsole to value 0
Set parameter Threads to value 1
Set parameter Seed to value 0
  定价策略: Exact, node=334, vertices=13
Set parameter PoolSearchMode to value 2
Set parameter PoolSolutions to value 10
[CG 1] RMP=7.000000, pricing=ExactPricingSolver, new_columns=0
  搜索路径: [1, 2, 3, 6, 7, 10, 12, 13, 11, 18, 19, 22, 23, 20, 21, 30, 31, 28, 29, 36, 37, 39, 38, 44, 45, 48, 49, 26, 27, 58, 59, 60, 61, 64, 65, 70, 71, 56, 62, 57, 50, 77, 51, 79, 80, 81, 43, 63, 34, 96, 97, 100, 101, 92, 42, 76, 35, 110, 111, 113, 112, 118, 119, 124, 125, 93, 78, 132, 133, 136, 137, 94, 95, 87, 86, 16, 17, 148, 149, 146, 150, 151, 152, 153, 156, 157, 147, 160, 161, 162, 163, 165, 164, 168, 169, 172, 173, 177, 174, 175, 176, 186, 187, 188, 189, 190, 191, 192, 193, 200, 201, 154, 155, 123, 122, 197, 210, 214, 215, 211, 196, 138, 82, 139, 72, 73, 83, 85, 84, 134, 135, 166, 167, 236, 237, 159, 143, 142, 144, 235, 158, 69, 238, 239, 246, 249, 250, 251, 253, 254, 255, 252, 247, 248, 91, 274, 275, 145, 227, 280, 184, 226, 234, 281, 183, 126, 68, 289, 127, 288, 194, 232, 233, 195, 90, 306, 307, 309, 310, 311, 312, 313, 314, 315, 308, 229, 320, 321, 185, 228, 182, 285, 284, 330, 331, 334]
  列生成求解结果: 目标值=7.0000， 下界=7.0000， 上界=10.0000
    非整数变量: COL_0-4-7-9_70 = 0.500000
  解不是整数，开始分支...
ImposedVertex(vertex=21)
ForbidVertex(vertex=21)
  创建了 2 个分支
    添加分支节点 1: ID=336
    添加分支节点 2: ID=337

处理节点 335
  开始列生成求解...
Set parameter LogToConsole to value 0
Set parameter Threads to value 1
Set parameter Seed to value 0
  定价策略: Exact, node=335, vertices=13
Set parameter PoolSearchMode to value 2
Set parameter PoolSolutions to value 10
[CG 1] RMP=18.000000, pricing=ExactPricingSolver, new_columns=10
[CG 2] RMP=12.000000, pricing=ExactPricingSolver, new_columns=0
  搜索路径: [1, 2, 3, 6, 7, 10, 12, 13, 11, 18, 19, 22, 23, 20, 21, 30, 31, 28, 29, 36, 37, 39, 38, 44, 45, 48, 49, 26, 27, 58, 59, 60, 61, 64, 65, 70, 71, 56, 62, 57, 50, 77, 51, 79, 80, 81, 43, 63, 34, 96, 97, 100, 101, 92, 42, 76, 35, 110, 111, 113, 112, 118, 119, 124, 125, 93, 78, 132, 133, 136, 137, 94, 95, 87, 86, 16, 17, 148, 149, 146, 150, 151, 152, 153, 156, 157, 147, 160, 161, 162, 163, 165, 164, 168, 169, 172, 173, 177, 174, 175, 176, 186, 187, 188, 189, 190, 191, 192, 193, 200, 201, 154, 155, 123, 122, 197, 210, 214, 215, 211, 196, 138, 82, 139, 72, 73, 83, 85, 84, 134, 135, 166, 167, 236, 237, 159, 143, 142, 144, 235, 158, 69, 238, 239, 246, 249, 250, 251, 253, 254, 255, 252, 247, 248, 91, 274, 275, 145, 227, 280, 184, 226, 234, 281, 183, 126, 68, 289, 127, 288, 194, 232, 233, 195, 90, 306, 307, 309, 310, 311, 312, 313, 314, 315, 308, 229, 320, 321, 185, 228, 182, 285, 284, 330, 331, 334, 335]
  列生成求解结果: 目标值=12.0000， 下界=7.0000， 上界=10.0000

处理节点 336
  开始列生成求解...
Set parameter LogToConsole to value 0
Set parameter Threads to value 1
Set parameter Seed to value 0
  定价策略: Exact, node=336, vertices=12
Set parameter PoolSearchMode to value 2
Set parameter PoolSolutions to value 10
[CG 1] RMP=1010.000000, pricing=ExactPricingSolver, new_columns=10
[CG 2] RMP=11.000000, pricing=ExactPricingSolver, new_columns=10
[CG 3] RMP=9.000000, pricing=ExactPricingSolver, new_columns=0
  搜索路径: [1, 2, 3, 6, 7, 10, 12, 13, 11, 18, 19, 22, 23, 20, 21, 30, 31, 28, 29, 36, 37, 39, 38, 44, 45, 48, 49, 26, 27, 58, 59, 60, 61, 64, 65, 70, 71, 56, 62, 57, 50, 77, 51, 79, 80, 81, 43, 63, 34, 96, 97, 100, 101, 92, 42, 76, 35, 110, 111, 113, 112, 118, 119, 124, 125, 93, 78, 132, 133, 136, 137, 94, 95, 87, 86, 16, 17, 148, 149, 146, 150, 151, 152, 153, 156, 157, 147, 160, 161, 162, 163, 165, 164, 168, 169, 172, 173, 177, 174, 175, 176, 186, 187, 188, 189, 190, 191, 192, 193, 200, 201, 154, 155, 123, 122, 197, 210, 214, 215, 211, 196, 138, 82, 139, 72, 73, 83, 85, 84, 134, 135, 166, 167, 236, 237, 159, 143, 142, 144, 235, 158, 69, 238, 239, 246, 249, 250, 251, 253, 254, 255, 252, 247, 248, 91, 274, 275, 145, 227, 280, 184, 226, 234, 281, 183, 126, 68, 289, 127, 288, 194, 232, 233, 195, 90, 306, 307, 309, 310, 311, 312, 313, 314, 315, 308, 229, 320, 321, 185, 228, 182, 285, 284, 330, 331, 334, 335, 336]
  列生成求解结果: 目标值=9.0000， 下界=7.0000， 上界=10.0000
    非整数变量: COL_16-21-25-27-4-7_768 = 0.500000
  解不是整数，开始分支...
ImposedVertex(vertex=27)
ForbidVertex(vertex=27)
  创建了 2 个分支
    添加分支节点 1: ID=338
    添加分支节点 2: ID=339

处理节点 337
  开始列生成求解...
Set parameter LogToConsole to value 0
Set parameter Threads to value 1
Set parameter Seed to value 0
  定价策略: Exact, node=337, vertices=12
Set parameter PoolSearchMode to value 2
Set parameter PoolSolutions to value 10
[CG 1] RMP=1010.000000, pricing=ExactPricingSolver, new_columns=10
[CG 2] RMP=8.000000, pricing=ExactPricingSolver, new_columns=0
  搜索路径: [1, 2, 3, 6, 7, 10, 12, 13, 11, 18, 19, 22, 23, 20, 21, 30, 31, 28, 29, 36, 37, 39, 38, 44, 45, 48, 49, 26, 27, 58, 59, 60, 61, 64, 65, 70, 71, 56, 62, 57, 50, 77, 51, 79, 80, 81, 43, 63, 34, 96, 97, 100, 101, 92, 42, 76, 35, 110, 111, 113, 112, 118, 119, 124, 125, 93, 78, 132, 133, 136, 137, 94, 95, 87, 86, 16, 17, 148, 149, 146, 150, 151, 152, 153, 156, 157, 147, 160, 161, 162, 163, 165, 164, 168, 169, 172, 173, 177, 174, 175, 176, 186, 187, 188, 189, 190, 191, 192, 193, 200, 201, 154, 155, 123, 122, 197, 210, 214, 215, 211, 196, 138, 82, 139, 72, 73, 83, 85, 84, 134, 135, 166, 167, 236, 237, 159, 143, 142, 144, 235, 158, 69, 238, 239, 246, 249, 250, 251, 253, 254, 255, 252, 247, 248, 91, 274, 275, 145, 227, 280, 184, 226, 234, 281, 183, 126, 68, 289, 127, 288, 194, 232, 233, 195, 90, 306, 307, 309, 310, 311, 312, 313, 314, 315, 308, 229, 320, 321, 185, 228, 182, 285, 284, 330, 331, 334, 335, 336, 337]
  列生成求解结果: 目标值=8.0000， 下界=7.0000， 上界=10.0000
    非整数变量: COL_0-4-7-9_70 = 0.500000
  解不是整数，开始分支...
ImposedVertex(vertex=28)
ForbidVertex(vertex=28)
  创建了 2 个分支
    添加分支节点 1: ID=340
    添加分支节点 2: ID=341

处理节点 213
  开始列生成求解...
Set parameter LogToConsole to value 0
Set parameter Threads to value 1
Set parameter Seed to value 0
  定价策略: Exact, node=213, vertices=16
Set parameter PoolSearchMode to value 2
Set parameter PoolSolutions to value 10
[CG 1] RMP=12.000000, pricing=ExactPricingSolver, new_columns=0
  搜索路径: [1, 2, 3, 6, 7, 10, 12, 13, 11, 18, 19, 22, 23, 20, 21, 30, 31, 28, 29, 36, 37, 39, 38, 44, 45, 48, 49, 26, 27, 58, 59, 60, 61, 64, 65, 70, 71, 56, 62, 57, 50, 77, 51, 79, 80, 81, 43, 63, 34, 96, 97, 100, 101, 92, 42, 76, 35, 110, 111, 113, 112, 118, 119, 124, 125, 93, 78, 132, 133, 136, 137, 94, 95, 87, 86, 16, 17, 148, 149, 146, 150, 151, 152, 153, 156, 157, 147, 160, 161, 162, 163, 165, 164, 168, 169, 172, 173, 177, 174, 175, 176, 186, 187, 188, 189, 190, 191, 192, 193, 200, 201, 154, 155, 123, 122, 197, 210, 214, 215, 211, 196, 138, 82, 139, 72, 73, 83, 85, 84, 134, 135, 166, 167, 236, 237, 159, 143, 142, 144, 235, 158, 69, 238, 239, 246, 249, 250, 251, 253, 254, 255, 252, 247, 248, 91, 274, 275, 145, 227, 280, 184, 226, 234, 281, 183, 126, 68, 289, 127, 288, 194, 232, 233, 195, 90, 306, 307, 309, 310, 311, 312, 313, 314, 315, 308, 229, 320, 321, 185, 228, 182, 285, 284, 330, 331, 334, 335, 336, 337, 213]
  列生成求解结果: 目标值=12.0000， 下界=7.0000， 上界=10.0000

处理节点 212
  开始列生成求解...
Set parameter LogToConsole to value 0
Set parameter Threads to value 1
Set parameter Seed to value 0
  定价策略: Exact, node=212, vertices=16
Set parameter PoolSearchMode to value 2
Set parameter PoolSolutions to value 10
[CG 1] RMP=11.000000, pricing=ExactPricingSolver, new_columns=10
[CG 2] RMP=7.000000, pricing=ExactPricingSolver, new_columns=0
  搜索路径: [1, 2, 3, 6, 7, 10, 12, 13, 11, 18, 19, 22, 23, 20, 21, 30, 31, 28, 29, 36, 37, 39, 38, 44, 45, 48, 49, 26, 27, 58, 59, 60, 61, 64, 65, 70, 71, 56, 62, 57, 50, 77, 51, 79, 80, 81, 43, 63, 34, 96, 97, 100, 101, 92, 42, 76, 35, 110, 111, 113, 112, 118, 119, 124, 125, 93, 78, 132, 133, 136, 137, 94, 95, 87, 86, 16, 17, 148, 149, 146, 150, 151, 152, 153, 156, 157, 147, 160, 161, 162, 163, 165, 164, 168, 169, 172, 173, 177, 174, 175, 176, 186, 187, 188, 189, 190, 191, 192, 193, 200, 201, 154, 155, 123, 122, 197, 210, 214, 215, 211, 196, 138, 82, 139, 72, 73, 83, 85, 84, 134, 135, 166, 167, 236, 237, 159, 143, 142, 144, 235, 158, 69, 238, 239, 246, 249, 250, 251, 253, 254, 255, 252, 247, 248, 91, 274, 275, 145, 227, 280, 184, 226, 234, 281, 183, 126, 68, 289, 127, 288, 194, 232, 233, 195, 90, 306, 307, 309, 310, 311, 312, 313, 314, 315, 308, 229, 320, 321, 185, 228, 182, 285, 284, 330, 331, 334, 335, 336, 337, 213, 212]
  列生成求解结果: 目标值=7.0000， 下界=7.0000， 上界=10.0000
    非整数变量: COL_18-2-22-9_31 = 0.363636
  解不是整数，开始分支...
ImposedVertex(vertex=9)
ForbidVertex(vertex=9)
  创建了 2 个分支
    添加分支节点 1: ID=342
    添加分支节点 2: ID=343

处理节点 342
  开始列生成求解...
Set parameter LogToConsole to value 0
Set parameter Threads to value 1
Set parameter Seed to value 0
  定价策略: Exact, node=342, vertices=15
Set parameter PoolSearchMode to value 2
Set parameter PoolSolutions to value 10
[CG 1] RMP=18.000000, pricing=ExactPricingSolver, new_columns=10
[CG 2] RMP=9.000000, pricing=ExactPricingSolver, new_columns=0
  搜索路径: [1, 2, 3, 6, 7, 10, 12, 13, 11, 18, 19, 22, 23, 20, 21, 30, 31, 28, 29, 36, 37, 39, 38, 44, 45, 48, 49, 26, 27, 58, 59, 60, 61, 64, 65, 70, 71, 56, 62, 57, 50, 77, 51, 79, 80, 81, 43, 63, 34, 96, 97, 100, 101, 92, 42, 76, 35, 110, 111, 113, 112, 118, 119, 124, 125, 93, 78, 132, 133, 136, 137, 94, 95, 87, 86, 16, 17, 148, 149, 146, 150, 151, 152, 153, 156, 157, 147, 160, 161, 162, 163, 165, 164, 168, 169, 172, 173, 177, 174, 175, 176, 186, 187, 188, 189, 190, 191, 192, 193, 200, 201, 154, 155, 123, 122, 197, 210, 214, 215, 211, 196, 138, 82, 139, 72, 73, 83, 85, 84, 134, 135, 166, 167, 236, 237, 159, 143, 142, 144, 235, 158, 69, 238, 239, 246, 249, 250, 251, 253, 254, 255, 252, 247, 248, 91, 274, 275, 145, 227, 280, 184, 226, 234, 281, 183, 126, 68, 289, 127, 288, 194, 232, 233, 195, 90, 306, 307, 309, 310, 311, 312, 313, 314, 315, 308, 229, 320, 321, 185, 228, 182, 285, 284, 330, 331, 334, 335, 336, 337, 213, 212, 342]
  列生成求解结果: 目标值=9.0000， 下界=7.0000， 上界=10.0000
    非整数变量: COL_18-2-22-9_31 = 0.056818
  解不是整数，开始分支...
ImposedVertex(vertex=27)
ForbidVertex(vertex=27)
  创建了 2 个分支
    添加分支节点 1: ID=344
    添加分支节点 2: ID=345

处理节点 343
  开始列生成求解...
Set parameter LogToConsole to value 0
Set parameter Threads to value 1
Set parameter Seed to value 0
  定价策略: Exact, node=343, vertices=15
Set parameter PoolSearchMode to value 2
Set parameter PoolSolutions to value 10
[CG 1] RMP=11.000000, pricing=ExactPricingSolver, new_columns=0
  搜索路径: [1, 2, 3, 6, 7, 10, 12, 13, 11, 18, 19, 22, 23, 20, 21, 30, 31, 28, 29, 36, 37, 39, 38, 44, 45, 48, 49, 26, 27, 58, 59, 60, 61, 64, 65, 70, 71, 56, 62, 57, 50, 77, 51, 79, 80, 81, 43, 63, 34, 96, 97, 100, 101, 92, 42, 76, 35, 110, 111, 113, 112, 118, 119, 124, 125, 93, 78, 132, 133, 136, 137, 94, 95, 87, 86, 16, 17, 148, 149, 146, 150, 151, 152, 153, 156, 157, 147, 160, 161, 162, 163, 165, 164, 168, 169, 172, 173, 177, 174, 175, 176, 186, 187, 188, 189, 190, 191, 192, 193, 200, 201, 154, 155, 123, 122, 197, 210, 214, 215, 211, 196, 138, 82, 139, 72, 73, 83, 85, 84, 134, 135, 166, 167, 236, 237, 159, 143, 142, 144, 235, 158, 69, 238, 239, 246, 249, 250, 251, 253, 254, 255, 252, 247, 248, 91, 274, 275, 145, 227, 280, 184, 226, 234, 281, 183, 126, 68, 289, 127, 288, 194, 232, 233, 195, 90, 306, 307, 309, 310, 311, 312, 313, 314, 315, 308, 229, 320, 321, 185, 228, 182, 285, 284, 330, 331, 334, 335, 336, 337, 213, 212, 342, 343]
  列生成求解结果: 目标值=11.0000， 下界=7.0000， 上界=10.0000

处理节点 240
  开始列生成求解...
Set parameter LogToConsole to value 0
Set parameter Threads to value 1
Set parameter Seed to value 0
  定价策略: Exact, node=240, vertices=16
Set parameter PoolSearchMode to value 2
Set parameter PoolSolutions to value 10
[CG 1] RMP=8.000000, pricing=ExactPricingSolver, new_columns=0
  搜索路径: [1, 2, 3, 6, 7, 10, 12, 13, 11, 18, 19, 22, 23, 20, 21, 30, 31, 28, 29, 36, 37, 39, 38, 44, 45, 48, 49, 26, 27, 58, 59, 60, 61, 64, 65, 70, 71, 56, 62, 57, 50, 77, 51, 79, 80, 81, 43, 63, 34, 96, 97, 100, 101, 92, 42, 76, 35, 110, 111, 113, 112, 118, 119, 124, 125, 93, 78, 132, 133, 136, 137, 94, 95, 87, 86, 16, 17, 148, 149, 146, 150, 151, 152, 153, 156, 157, 147, 160, 161, 162, 163, 165, 164, 168, 169, 172, 173, 177, 174, 175, 176, 186, 187, 188, 189, 190, 191, 192, 193, 200, 201, 154, 155, 123, 122, 197, 210, 214, 215, 211, 196, 138, 82, 139, 72, 73, 83, 85, 84, 134, 135, 166, 167, 236, 237, 159, 143, 142, 144, 235, 158, 69, 238, 239, 246, 249, 250, 251, 253, 254, 255, 252, 247, 248, 91, 274, 275, 145, 227, 280, 184, 226, 234, 281, 183, 126, 68, 289, 127, 288, 194, 232, 233, 195, 90, 306, 307, 309, 310, 311, 312, 313, 314, 315, 308, 229, 320, 321, 185, 228, 182, 285, 284, 330, 331, 334, 335, 336, 337, 213, 212, 342, 343, 240]
  列生成求解结果: 目标值=8.0000， 下界=7.0000， 上界=10.0000
    非整数变量: COL_1-16-22-27_86 = 0.272727
  解不是整数，开始分支...
ImposedVertex(vertex=22)
ForbidVertex(vertex=22)
  创建了 2 个分支
    添加分支节点 1: ID=346
    添加分支节点 2: ID=347

处理节点 241
  开始列生成求解...
Set parameter LogToConsole to value 0
Set parameter Threads to value 1
Set parameter Seed to value 0
  定价策略: Exact, node=241, vertices=16
Set parameter PoolSearchMode to value 2
Set parameter PoolSolutions to value 10
[CG 1] RMP=2010.000000, pricing=ExactPricingSolver, new_columns=10
[CG 2] RMP=9.000000, pricing=ExactPricingSolver, new_columns=0
  搜索路径: [1, 2, 3, 6, 7, 10, 12, 13, 11, 18, 19, 22, 23, 20, 21, 30, 31, 28, 29, 36, 37, 39, 38, 44, 45, 48, 49, 26, 27, 58, 59, 60, 61, 64, 65, 70, 71, 56, 62, 57, 50, 77, 51, 79, 80, 81, 43, 63, 34, 96, 97, 100, 101, 92, 42, 76, 35, 110, 111, 113, 112, 118, 119, 124, 125, 93, 78, 132, 133, 136, 137, 94, 95, 87, 86, 16, 17, 148, 149, 146, 150, 151, 152, 153, 156, 157, 147, 160, 161, 162, 163, 165, 164, 168, 169, 172, 173, 177, 174, 175, 176, 186, 187, 188, 189, 190, 191, 192, 193, 200, 201, 154, 155, 123, 122, 197, 210, 214, 215, 211, 196, 138, 82, 139, 72, 73, 83, 85, 84, 134, 135, 166, 167, 236, 237, 159, 143, 142, 144, 235, 158, 69, 238, 239, 246, 249, 250, 251, 253, 254, 255, 252, 247, 248, 91, 274, 275, 145, 227, 280, 184, 226, 234, 281, 183, 126, 68, 289, 127, 288, 194, 232, 233, 195, 90, 306, 307, 309, 310, 311, 312, 313, 314, 315, 308, 229, 320, 321, 185, 228, 182, 285, 284, 330, 331, 334, 335, 336, 337, 213, 212, 342, 343, 240, 241]
  列生成求解结果: 目标值=9.0000， 下界=7.0000， 上界=10.0000
    非整数变量: COL_28_47 = 0.017857
  解不是整数，开始分支...
ImposedVertex(vertex=28)
ForbidVertex(vertex=28)
  创建了 2 个分支
    添加分支节点 1: ID=348
    添加分支节点 2: ID=349

处理节点 279
  开始列生成求解...
Set parameter LogToConsole to value 0
Set parameter Threads to value 1
Set parameter Seed to value 0
  定价策略: Exact, node=279, vertices=13
Set parameter PoolSearchMode to value 2
Set parameter PoolSolutions to value 10
[CG 1] RMP=12.000000, pricing=ExactPricingSolver, new_columns=10
[CG 2] RMP=9.000000, pricing=ExactPricingSolver, new_columns=0
  搜索路径: [1, 2, 3, 6, 7, 10, 12, 13, 11, 18, 19, 22, 23, 20, 21, 30, 31, 28, 29, 36, 37, 39, 38, 44, 45, 48, 49, 26, 27, 58, 59, 60, 61, 64, 65, 70, 71, 56, 62, 57, 50, 77, 51, 79, 80, 81, 43, 63, 34, 96, 97, 100, 101, 92, 42, 76, 35, 110, 111, 113, 112, 118, 119, 124, 125, 93, 78, 132, 133, 136, 137, 94, 95, 87, 86, 16, 17, 148, 149, 146, 150, 151, 152, 153, 156, 157, 147, 160, 161, 162, 163, 165, 164, 168, 169, 172, 173, 177, 174, 175, 176, 186, 187, 188, 189, 190, 191, 192, 193, 200, 201, 154, 155, 123, 122, 197, 210, 214, 215, 211, 196, 138, 82, 139, 72, 73, 83, 85, 84, 134, 135, 166, 167, 236, 237, 159, 143, 142, 144, 235, 158, 69, 238, 239, 246, 249, 250, 251, 253, 254, 255, 252, 247, 248, 91, 274, 275, 145, 227, 280, 184, 226, 234, 281, 183, 126, 68, 289, 127, 288, 194, 232, 233, 195, 90, 306, 307, 309, 310, 311, 312, 313, 314, 315, 308, 229, 320, 321, 185, 228, 182, 285, 284, 330, 331, 334, 335, 336, 337, 213, 212, 342, 343, 240, 241, 279]
  列生成求解结果: 目标值=9.0000， 下界=7.0000， 上界=10.0000
    非整数变量: COL_1-18-23-9_29 = 0.628571
  解不是整数，开始分支...
ImposedVertex(vertex=6)
ForbidVertex(vertex=6)
  创建了 2 个分支
    添加分支节点 1: ID=350
    添加分支节点 2: ID=351

处理节点 278
  开始列生成求解...
Set parameter LogToConsole to value 0
Set parameter Threads to value 1
Set parameter Seed to value 0
  定价策略: Exact, node=278, vertices=13
Set parameter PoolSearchMode to value 2
Set parameter PoolSolutions to value 10
[CG 1] RMP=8.000000, pricing=ExactPricingSolver, new_columns=0
  搜索路径: [1, 2, 3, 6, 7, 10, 12, 13, 11, 18, 19, 22, 23, 20, 21, 30, 31, 28, 29, 36, 37, 39, 38, 44, 45, 48, 49, 26, 27, 58, 59, 60, 61, 64, 65, 70, 71, 56, 62, 57, 50, 77, 51, 79, 80, 81, 43, 63, 34, 96, 97, 100, 101, 92, 42, 76, 35, 110, 111, 113, 112, 118, 119, 124, 125, 93, 78, 132, 133, 136, 137, 94, 95, 87, 86, 16, 17, 148, 149, 146, 150, 151, 152, 153, 156, 157, 147, 160, 161, 162, 163, 165, 164, 168, 169, 172, 173, 177, 174, 175, 176, 186, 187, 188, 189, 190, 191, 192, 193, 200, 201, 154, 155, 123, 122, 197, 210, 214, 215, 211, 196, 138, 82, 139, 72, 73, 83, 85, 84, 134, 135, 166, 167, 236, 237, 159, 143, 142, 144, 235, 158, 69, 238, 239, 246, 249, 250, 251, 253, 254, 255, 252, 247, 248, 91, 274, 275, 145, 227, 280, 184, 226, 234, 281, 183, 126, 68, 289, 127, 288, 194, 232, 233, 195, 90, 306, 307, 309, 310, 311, 312, 313, 314, 315, 308, 229, 320, 321, 185, 228, 182, 285, 284, 330, 331, 334, 335, 336, 337, 213, 212, 342, 343, 240, 241, 279, 278]
  列生成求解结果: 目标值=8.0000， 下界=7.0000， 上界=10.0000
    非整数变量: COL_1-18-23-9_29 = 0.333333
  解不是整数，开始分支...
ImposedVertex(vertex=6)
ForbidVertex(vertex=6)
  创建了 2 个分支
    添加分支节点 1: ID=352
    添加分支节点 2: ID=353

处理节点 346
  开始列生成求解...
Set parameter LogToConsole to value 0
Set parameter Threads to value 1
Set parameter Seed to value 0
  定价策略: Exact, node=346, vertices=15
Set parameter PoolSearchMode to value 2
Set parameter PoolSolutions to value 10
[CG 1] RMP=9.000000, pricing=ExactPricingSolver, new_columns=0
  搜索路径: [1, 2, 3, 6, 7, 10, 12, 13, 11, 18, 19, 22, 23, 20, 21, 30, 31, 28, 29, 36, 37, 39, 38, 44, 45, 48, 49, 26, 27, 58, 59, 60, 61, 64, 65, 70, 71, 56, 62, 57, 50, 77, 51, 79, 80, 81, 43, 63, 34, 96, 97, 100, 101, 92, 42, 76, 35, 110, 111, 113, 112, 118, 119, 124, 125, 93, 78, 132, 133, 136, 137, 94, 95, 87, 86, 16, 17, 148, 149, 146, 150, 151, 152, 153, 156, 157, 147, 160, 161, 162, 163, 165, 164, 168, 169, 172, 173, 177, 174, 175, 176, 186, 187, 188, 189, 190, 191, 192, 193, 200, 201, 154, 155, 123, 122, 197, 210, 214, 215, 211, 196, 138, 82, 139, 72, 73, 83, 85, 84, 134, 135, 166, 167, 236, 237, 159, 143, 142, 144, 235, 158, 69, 238, 239, 246, 249, 250, 251, 253, 254, 255, 252, 247, 248, 91, 274, 275, 145, 227, 280, 184, 226, 234, 281, 183, 126, 68, 289, 127, 288, 194, 232, 233, 195, 90, 306, 307, 309, 310, 311, 312, 313, 314, 315, 308, 229, 320, 321, 185, 228, 182, 285, 284, 330, 331, 334, 335, 336, 337, 213, 212, 342, 343, 240, 241, 279, 278, 346]
  列生成求解结果: 目标值=9.0000， 下界=8.0000， 上界=10.0000
    非整数变量: COL_1-16-22-27_86 = 0.568182
  解不是整数，开始分支...
ImposedVertex(vertex=27)
ForbidVertex(vertex=27)
  创建了 2 个分支
    添加分支节点 1: ID=354
    添加分支节点 2: ID=355

处理节点 347
  开始列生成求解...
Set parameter LogToConsole to value 0
Set parameter Threads to value 1
Set parameter Seed to value 0
  定价策略: Exact, node=347, vertices=15
Set parameter PoolSearchMode to value 2
Set parameter PoolSolutions to value 10
[CG 1] RMP=1014.000000, pricing=ExactPricingSolver, new_columns=10
[CG 2] RMP=8.000000, pricing=ExactPricingSolver, new_columns=0
  搜索路径: [1, 2, 3, 6, 7, 10, 12, 13, 11, 18, 19, 22, 23, 20, 21, 30, 31, 28, 29, 36, 37, 39, 38, 44, 45, 48, 49, 26, 27, 58, 59, 60, 61, 64, 65, 70, 71, 56, 62, 57, 50, 77, 51, 79, 80, 81, 43, 63, 34, 96, 97, 100, 101, 92, 42, 76, 35, 110, 111, 113, 112, 118, 119, 124, 125, 93, 78, 132, 133, 136, 137, 94, 95, 87, 86, 16, 17, 148, 149, 146, 150, 151, 152, 153, 156, 157, 147, 160, 161, 162, 163, 165, 164, 168, 169, 172, 173, 177, 174, 175, 176, 186, 187, 188, 189, 190, 191, 192, 193, 200, 201, 154, 155, 123, 122, 197, 210, 214, 215, 211, 196, 138, 82, 139, 72, 73, 83, 85, 84, 134, 135, 166, 167, 236, 237, 159, 143, 142, 144, 235, 158, 69, 238, 239, 246, 249, 250, 251, 253, 254, 255, 252, 247, 248, 91, 274, 275, 145, 227, 280, 184, 226, 234, 281, 183, 126, 68, 289, 127, 288, 194, 232, 233, 195, 90, 306, 307, 309, 310, 311, 312, 313, 314, 315, 308, 229, 320, 321, 185, 228, 182, 285, 284, 330, 331, 334, 335, 336, 337, 213, 212, 342, 343, 240, 241, 279, 278, 346, 347]
  列生成求解结果: 目标值=8.0000， 下界=8.0000， 上界=10.0000
    非整数变量: COL_1-9_68 = 0.116162
  解不是整数，开始分支...
ImposedVertex(vertex=7)
ForbidVertex(vertex=7)
  创建了 2 个分支
    添加分支节点 1: ID=356
    添加分支节点 2: ID=357

处理节点 205
  开始列生成求解...
Set parameter LogToConsole to value 0
Set parameter Threads to value 1
Set parameter Seed to value 0
  定价策略: Exact, node=205, vertices=14
Set parameter PoolSearchMode to value 2
Set parameter PoolSolutions to value 10
[CG 1] RMP=12.000000, pricing=ExactPricingSolver, new_columns=10
[CG 2] RMP=8.800000, pricing=ExactPricingSolver, new_columns=10
[CG 3] RMP=8.000000, pricing=ExactPricingSolver, new_columns=0
  搜索路径: [1, 2, 3, 6, 7, 10, 12, 13, 11, 18, 19, 22, 23, 20, 21, 30, 31, 28, 29, 36, 37, 39, 38, 44, 45, 48, 49, 26, 27, 58, 59, 60, 61, 64, 65, 70, 71, 56, 62, 57, 50, 77, 51, 79, 80, 81, 43, 63, 34, 96, 97, 100, 101, 92, 42, 76, 35, 110, 111, 113, 112, 118, 119, 124, 125, 93, 78, 132, 133, 136, 137, 94, 95, 87, 86, 16, 17, 148, 149, 146, 150, 151, 152, 153, 156, 157, 147, 160, 161, 162, 163, 165, 164, 168, 169, 172, 173, 177, 174, 175, 176, 186, 187, 188, 189, 190, 191, 192, 193, 200, 201, 154, 155, 123, 122, 197, 210, 214, 215, 211, 196, 138, 82, 139, 72, 73, 83, 85, 84, 134, 135, 166, 167, 236, 237, 159, 143, 142, 144, 235, 158, 69, 238, 239, 246, 249, 250, 251, 253, 254, 255, 252, 247, 248, 91, 274, 275, 145, 227, 280, 184, 226, 234, 281, 183, 126, 68, 289, 127, 288, 194, 232, 233, 195, 90, 306, 307, 309, 310, 311, 312, 313, 314, 315, 308, 229, 320, 321, 185, 228, 182, 285, 284, 330, 331, 334, 335, 336, 337, 213, 212, 342, 343, 240, 241, 279, 278, 346, 347, 205]
  列生成求解结果: 目标值=8.0000， 下界=8.0000， 上界=10.0000
    非整数变量: COL_13-16-19_4 = 0.382576
  解不是整数，开始分支...
ImposedVertex(vertex=2)
ForbidVertex(vertex=2)
  创建了 2 个分支
    添加分支节点 1: ID=358
    添加分支节点 2: ID=359
  进度: 已处理 210 个节点, 剩余 127 个, 当前最优 10.0000, 当前列数: 1676

处理节点 204
  开始列生成求解...
Set parameter LogToConsole to value 0
Set parameter Threads to value 1
Set parameter Seed to value 0
  定价策略: Exact, node=204, vertices=13
Set parameter PoolSearchMode to value 2
Set parameter PoolSolutions to value 10
[CG 1] RMP=9.000000, pricing=ExactPricingSolver, new_columns=0
  搜索路径: [1, 2, 3, 6, 7, 10, 12, 13, 11, 18, 19, 22, 23, 20, 21, 30, 31, 28, 29, 36, 37, 39, 38, 44, 45, 48, 49, 26, 27, 58, 59, 60, 61, 64, 65, 70, 71, 56, 62, 57, 50, 77, 51, 79, 80, 81, 43, 63, 34, 96, 97, 100, 101, 92, 42, 76, 35, 110, 111, 113, 112, 118, 119, 124, 125, 93, 78, 132, 133, 136, 137, 94, 95, 87, 86, 16, 17, 148, 149, 146, 150, 151, 152, 153, 156, 157, 147, 160, 161, 162, 163, 165, 164, 168, 169, 172, 173, 177, 174, 175, 176, 186, 187, 188, 189, 190, 191, 192, 193, 200, 201, 154, 155, 123, 122, 197, 210, 214, 215, 211, 196, 138, 82, 139, 72, 73, 83, 85, 84, 134, 135, 166, 167, 236, 237, 159, 143, 142, 144, 235, 158, 69, 238, 239, 246, 249, 250, 251, 253, 254, 255, 252, 247, 248, 91, 274, 275, 145, 227, 280, 184, 226, 234, 281, 183, 126, 68, 289, 127, 288, 194, 232, 233, 195, 90, 306, 307, 309, 310, 311, 312, 313, 314, 315, 308, 229, 320, 321, 185, 228, 182, 285, 284, 330, 331, 334, 335, 336, 337, 213, 212, 342, 343, 240, 241, 279, 278, 346, 347, 205, 204]
  列生成求解结果: 目标值=9.0000， 下界=8.0000， 上界=10.0000
    非整数变量: COL_13-16-19_4 = 0.409091
  解不是整数，开始分支...
ImposedVertex(vertex=3)
ForbidVertex(vertex=3)
  创建了 2 个分支
    添加分支节点 1: ID=360
    添加分支节点 2: ID=361

处理节点 105
  开始列生成求解...
Set parameter LogToConsole to value 0
Set parameter Threads to value 1
Set parameter Seed to value 0
  定价策略: Exact, node=105, vertices=17
Set parameter PoolSearchMode to value 2
Set parameter PoolSolutions to value 10
[CG 1] RMP=18.000000, pricing=ExactPricingSolver, new_columns=10
[CG 2] RMP=11.000000, pricing=ExactPricingSolver, new_columns=0
  搜索路径: [1, 2, 3, 6, 7, 10, 12, 13, 11, 18, 19, 22, 23, 20, 21, 30, 31, 28, 29, 36, 37, 39, 38, 44, 45, 48, 49, 26, 27, 58, 59, 60, 61, 64, 65, 70, 71, 56, 62, 57, 50, 77, 51, 79, 80, 81, 43, 63, 34, 96, 97, 100, 101, 92, 42, 76, 35, 110, 111, 113, 112, 118, 119, 124, 125, 93, 78, 132, 133, 136, 137, 94, 95, 87, 86, 16, 17, 148, 149, 146, 150, 151, 152, 153, 156, 157, 147, 160, 161, 162, 163, 165, 164, 168, 169, 172, 173, 177, 174, 175, 176, 186, 187, 188, 189, 190, 191, 192, 193, 200, 201, 154, 155, 123, 122, 197, 210, 214, 215, 211, 196, 138, 82, 139, 72, 73, 83, 85, 84, 134, 135, 166, 167, 236, 237, 159, 143, 142, 144, 235, 158, 69, 238, 239, 246, 249, 250, 251, 253, 254, 255, 252, 247, 248, 91, 274, 275, 145, 227, 280, 184, 226, 234, 281, 183, 126, 68, 289, 127, 288, 194, 232, 233, 195, 90, 306, 307, 309, 310, 311, 312, 313, 314, 315, 308, 229, 320, 321, 185, 228, 182, 285, 284, 330, 331, 334, 335, 336, 337, 213, 212, 342, 343, 240, 241, 279, 278, 346, 347, 205, 204, 105]
  列生成求解结果: 目标值=11.0000， 下界=8.0000， 上界=10.0000

处理节点 104
  开始列生成求解...
Set parameter LogToConsole to value 0
Set parameter Threads to value 1
Set parameter Seed to value 0
  定价策略: Exact, node=104, vertices=17
Set parameter PoolSearchMode to value 2
Set parameter PoolSolutions to value 10
[CG 1] RMP=8.000000, pricing=ExactPricingSolver, new_columns=0
  搜索路径: [1, 2, 3, 6, 7, 10, 12, 13, 11, 18, 19, 22, 23, 20, 21, 30, 31, 28, 29, 36, 37, 39, 38, 44, 45, 48, 49, 26, 27, 58, 59, 60, 61, 64, 65, 70, 71, 56, 62, 57, 50, 77, 51, 79, 80, 81, 43, 63, 34, 96, 97, 100, 101, 92, 42, 76, 35, 110, 111, 113, 112, 118, 119, 124, 125, 93, 78, 132, 133, 136, 137, 94, 95, 87, 86, 16, 17, 148, 149, 146, 150, 151, 152, 153, 156, 157, 147, 160, 161, 162, 163, 165, 164, 168, 169, 172, 173, 177, 174, 175, 176, 186, 187, 188, 189, 190, 191, 192, 193, 200, 201, 154, 155, 123, 122, 197, 210, 214, 215, 211, 196, 138, 82, 139, 72, 73, 83, 85, 84, 134, 135, 166, 167, 236, 237, 159, 143, 142, 144, 235, 158, 69, 238, 239, 246, 249, 250, 251, 253, 254, 255, 252, 247, 248, 91, 274, 275, 145, 227, 280, 184, 226, 234, 281, 183, 126, 68, 289, 127, 288, 194, 232, 233, 195, 90, 306, 307, 309, 310, 311, 312, 313, 314, 315, 308, 229, 320, 321, 185, 228, 182, 285, 284, 330, 331, 334, 335, 336, 337, 213, 212, 342, 343, 240, 241, 279, 278, 346, 347, 205, 204, 105, 104]
  列生成求解结果: 目标值=8.0000， 下界=8.0000， 上界=10.0000
    非整数变量: COL_0-4-7-9_70 = 0.111111
  解不是整数，开始分支...
ImposedVertex(vertex=26)
ForbidVertex(vertex=26)
  创建了 2 个分支
    添加分支节点 1: ID=362
    添加分支节点 2: ID=363

处理节点 341
  开始列生成求解...
Set parameter LogToConsole to value 0
Set parameter Threads to value 1
Set parameter Seed to value 0
  定价策略: Exact, node=341, vertices=11
Set parameter PoolSearchMode to value 2
Set parameter PoolSolutions to value 10
[CG 1] RMP=11.000000, pricing=ExactPricingSolver, new_columns=0
  搜索路径: [1, 2, 3, 6, 7, 10, 12, 13, 11, 18, 19, 22, 23, 20, 21, 30, 31, 28, 29, 36, 37, 39, 38, 44, 45, 48, 49, 26, 27, 58, 59, 60, 61, 64, 65, 70, 71, 56, 62, 57, 50, 77, 51, 79, 80, 81, 43, 63, 34, 96, 97, 100, 101, 92, 42, 76, 35, 110, 111, 113, 112, 118, 119, 124, 125, 93, 78, 132, 133, 136, 137, 94, 95, 87, 86, 16, 17, 148, 149, 146, 150, 151, 152, 153, 156, 157, 147, 160, 161, 162, 163, 165, 164, 168, 169, 172, 173, 177, 174, 175, 176, 186, 187, 188, 189, 190, 191, 192, 193, 200, 201, 154, 155, 123, 122, 197, 210, 214, 215, 211, 196, 138, 82, 139, 72, 73, 83, 85, 84, 134, 135, 166, 167, 236, 237, 159, 143, 142, 144, 235, 158, 69, 238, 239, 246, 249, 250, 251, 253, 254, 255, 252, 247, 248, 91, 274, 275, 145, 227, 280, 184, 226, 234, 281, 183, 126, 68, 289, 127, 288, 194, 232, 233, 195, 90, 306, 307, 309, 310, 311, 312, 313, 314, 315, 308, 229, 320, 321, 185, 228, 182, 285, 284, 330, 331, 334, 335, 336, 337, 213, 212, 342, 343, 240, 241, 279, 278, 346, 347, 205, 204, 105, 104, 341]
  列生成求解结果: 目标值=11.0000， 下界=8.0000， 上界=10.0000

处理节点 353
  开始列生成求解...
Set parameter LogToConsole to value 0
Set parameter Threads to value 1
Set parameter Seed to value 0
  定价策略: Exact, node=353, vertices=12
Set parameter PoolSearchMode to value 2
Set parameter PoolSolutions to value 10
[CG 1] RMP=8.000000, pricing=ExactPricingSolver, new_columns=0
  搜索路径: [1, 2, 3, 6, 7, 10, 12, 13, 11, 18, 19, 22, 23, 20, 21, 30, 31, 28, 29, 36, 37, 39, 38, 44, 45, 48, 49, 26, 27, 58, 59, 60, 61, 64, 65, 70, 71, 56, 62, 57, 50, 77, 51, 79, 80, 81, 43, 63, 34, 96, 97, 100, 101, 92, 42, 76, 35, 110, 111, 113, 112, 118, 119, 124, 125, 93, 78, 132, 133, 136, 137, 94, 95, 87, 86, 16, 17, 148, 149, 146, 150, 151, 152, 153, 156, 157, 147, 160, 161, 162, 163, 165, 164, 168, 169, 172, 173, 177, 174, 175, 176, 186, 187, 188, 189, 190, 191, 192, 193, 200, 201, 154, 155, 123, 122, 197, 210, 214, 215, 211, 196, 138, 82, 139, 72, 73, 83, 85, 84, 134, 135, 166, 167, 236, 237, 159, 143, 142, 144, 235, 158, 69, 238, 239, 246, 249, 250, 251, 253, 254, 255, 252, 247, 248, 91, 274, 275, 145, 227, 280, 184, 226, 234, 281, 183, 126, 68, 289, 127, 288, 194, 232, 233, 195, 90, 306, 307, 309, 310, 311, 312, 313, 314, 315, 308, 229, 320, 321, 185, 228, 182, 285, 284, 330, 331, 334, 335, 336, 337, 213, 212, 342, 343, 240, 241, 279, 278, 346, 347, 205, 204, 105, 104, 341, 353]
  列生成求解结果: 目标值=8.0000， 下界=8.0000， 上界=10.0000
    非整数变量: COL_1-18-23-9_29 = 0.333333
  解不是整数，开始分支...
ImposedVertex(vertex=27)
ForbidVertex(vertex=27)
  创建了 2 个分支
    添加分支节点 1: ID=364
    添加分支节点 2: ID=365

处理节点 356
  开始列生成求解...
Set parameter LogToConsole to value 0
Set parameter Threads to value 1
Set parameter Seed to value 0
  定价策略: Exact, node=356, vertices=14
Set parameter PoolSearchMode to value 2
Set parameter PoolSolutions to value 10
[CG 1] RMP=9.000000, pricing=ExactPricingSolver, new_columns=10
[CG 2] RMP=8.000000, pricing=ExactPricingSolver, new_columns=10
[CG 3] RMP=8.000000, pricing=ExactPricingSolver, new_columns=0
  搜索路径: [1, 2, 3, 6, 7, 10, 12, 13, 11, 18, 19, 22, 23, 20, 21, 30, 31, 28, 29, 36, 37, 39, 38, 44, 45, 48, 49, 26, 27, 58, 59, 60, 61, 64, 65, 70, 71, 56, 62, 57, 50, 77, 51, 79, 80, 81, 43, 63, 34, 96, 97, 100, 101, 92, 42, 76, 35, 110, 111, 113, 112, 118, 119, 124, 125, 93, 78, 132, 133, 136, 137, 94, 95, 87, 86, 16, 17, 148, 149, 146, 150, 151, 152, 153, 156, 157, 147, 160, 161, 162, 163, 165, 164, 168, 169, 172, 173, 177, 174, 175, 176, 186, 187, 188, 189, 190, 191, 192, 193, 200, 201, 154, 155, 123, 122, 197, 210, 214, 215, 211, 196, 138, 82, 139, 72, 73, 83, 85, 84, 134, 135, 166, 167, 236, 237, 159, 143, 142, 144, 235, 158, 69, 238, 239, 246, 249, 250, 251, 253, 254, 255, 252, 247, 248, 91, 274, 275, 145, 227, 280, 184, 226, 234, 281, 183, 126, 68, 289, 127, 288, 194, 232, 233, 195, 90, 306, 307, 309, 310, 311, 312, 313, 314, 315, 308, 229, 320, 321, 185, 228, 182, 285, 284, 330, 331, 334, 335, 336, 337, 213, 212, 342, 343, 240, 241, 279, 278, 346, 347, 205, 204, 105, 104, 341, 353, 356]
  列生成求解结果: 目标值=8.0000， 下界=8.0000， 上界=10.0000
    非整数变量: COL_1-7-9_75 = 0.272727
  解不是整数，开始分支...
ImposedVertex(vertex=12)
ForbidVertex(vertex=12)
  创建了 2 个分支
    添加分支节点 1: ID=366
    添加分支节点 2: ID=367

处理节点 357
  开始列生成求解...
Set parameter LogToConsole to value 0
Set parameter Threads to value 1
Set parameter Seed to value 0
  定价策略: Exact, node=357, vertices=14
Set parameter PoolSearchMode to value 2
Set parameter PoolSolutions to value 10
[CG 1] RMP=22.000000, pricing=ExactPricingSolver, new_columns=10
[CG 2] RMP=12.000000, pricing=ExactPricingSolver, new_columns=0
  搜索路径: [1, 2, 3, 6, 7, 10, 12, 13, 11, 18, 19, 22, 23, 20, 21, 30, 31, 28, 29, 36, 37, 39, 38, 44, 45, 48, 49, 26, 27, 58, 59, 60, 61, 64, 65, 70, 71, 56, 62, 57, 50, 77, 51, 79, 80, 81, 43, 63, 34, 96, 97, 100, 101, 92, 42, 76, 35, 110, 111, 113, 112, 118, 119, 124, 125, 93, 78, 132, 133, 136, 137, 94, 95, 87, 86, 16, 17, 148, 149, 146, 150, 151, 152, 153, 156, 157, 147, 160, 161, 162, 163, 165, 164, 168, 169, 172, 173, 177, 174, 175, 176, 186, 187, 188, 189, 190, 191, 192, 193, 200, 201, 154, 155, 123, 122, 197, 210, 214, 215, 211, 196, 138, 82, 139, 72, 73, 83, 85, 84, 134, 135, 166, 167, 236, 237, 159, 143, 142, 144, 235, 158, 69, 238, 239, 246, 249, 250, 251, 253, 254, 255, 252, 247, 248, 91, 274, 275, 145, 227, 280, 184, 226, 234, 281, 183, 126, 68, 289, 127, 288, 194, 232, 233, 195, 90, 306, 307, 309, 310, 311, 312, 313, 314, 315, 308, 229, 320, 321, 185, 228, 182, 285, 284, 330, 331, 334, 335, 336, 337, 213, 212, 342, 343, 240, 241, 279, 278, 346, 347, 205, 204, 105, 104, 341, 353, 356, 357]
  列生成求解结果: 目标值=12.0000， 下界=8.0000， 上界=10.0000

处理节点 358
  开始列生成求解...
Set parameter LogToConsole to value 0
Set parameter Threads to value 1
Set parameter Seed to value 0
  定价策略: Exact, node=358, vertices=13
Set parameter PoolSearchMode to value 2
Set parameter PoolSolutions to value 10
[CG 1] RMP=512.000000, pricing=ExactPricingSolver, new_columns=10
[CG 2] RMP=12.000000, pricing=ExactPricingSolver, new_columns=10
[CG 3] RMP=11.000000, pricing=ExactPricingSolver, new_columns=0
  搜索路径: [1, 2, 3, 6, 7, 10, 12, 13, 11, 18, 19, 22, 23, 20, 21, 30, 31, 28, 29, 36, 37, 39, 38, 44, 45, 48, 49, 26, 27, 58, 59, 60, 61, 64, 65, 70, 71, 56, 62, 57, 50, 77, 51, 79, 80, 81, 43, 63, 34, 96, 97, 100, 101, 92, 42, 76, 35, 110, 111, 113, 112, 118, 119, 124, 125, 93, 78, 132, 133, 136, 137, 94, 95, 87, 86, 16, 17, 148, 149, 146, 150, 151, 152, 153, 156, 157, 147, 160, 161, 162, 163, 165, 164, 168, 169, 172, 173, 177, 174, 175, 176, 186, 187, 188, 189, 190, 191, 192, 193, 200, 201, 154, 155, 123, 122, 197, 210, 214, 215, 211, 196, 138, 82, 139, 72, 73, 83, 85, 84, 134, 135, 166, 167, 236, 237, 159, 143, 142, 144, 235, 158, 69, 238, 239, 246, 249, 250, 251, 253, 254, 255, 252, 247, 248, 91, 274, 275, 145, 227, 280, 184, 226, 234, 281, 183, 126, 68, 289, 127, 288, 194, 232, 233, 195, 90, 306, 307, 309, 310, 311, 312, 313, 314, 315, 308, 229, 320, 321, 185, 228, 182, 285, 284, 330, 331, 334, 335, 336, 337, 213, 212, 342, 343, 240, 241, 279, 278, 346, 347, 205, 204, 105, 104, 341, 353, 356, 357, 358]
  列生成求解结果: 目标值=11.0000， 下界=8.0000， 上界=10.0000

处理节点 362
  开始列生成求解...
Set parameter LogToConsole to value 0
Set parameter Threads to value 1
Set parameter Seed to value 0
  定价策略: Exact, node=362, vertices=16
Set parameter PoolSearchMode to value 2
Set parameter PoolSolutions to value 10
[CG 1] RMP=10.000000, pricing=ExactPricingSolver, new_columns=0
  搜索路径: [1, 2, 3, 6, 7, 10, 12, 13, 11, 18, 19, 22, 23, 20, 21, 30, 31, 28, 29, 36, 37, 39, 38, 44, 45, 48, 49, 26, 27, 58, 59, 60, 61, 64, 65, 70, 71, 56, 62, 57, 50, 77, 51, 79, 80, 81, 43, 63, 34, 96, 97, 100, 101, 92, 42, 76, 35, 110, 111, 113, 112, 118, 119, 124, 125, 93, 78, 132, 133, 136, 137, 94, 95, 87, 86, 16, 17, 148, 149, 146, 150, 151, 152, 153, 156, 157, 147, 160, 161, 162, 163, 165, 164, 168, 169, 172, 173, 177, 174, 175, 176, 186, 187, 188, 189, 190, 191, 192, 193, 200, 201, 154, 155, 123, 122, 197, 210, 214, 215, 211, 196, 138, 82, 139, 72, 73, 83, 85, 84, 134, 135, 166, 167, 236, 237, 159, 143, 142, 144, 235, 158, 69, 238, 239, 246, 249, 250, 251, 253, 254, 255, 252, 247, 248, 91, 274, 275, 145, 227, 280, 184, 226, 234, 281, 183, 126, 68, 289, 127, 288, 194, 232, 233, 195, 90, 306, 307, 309, 310, 311, 312, 313, 314, 315, 308, 229, 320, 321, 185, 228, 182, 285, 284, 330, 331, 334, 335, 336, 337, 213, 212, 342, 343, 240, 241, 279, 278, 346, 347, 205, 204, 105, 104, 341, 353, 356, 357, 358, 362]
  列生成求解结果: 目标值=10.0000， 下界=8.0000， 上界=10.0000

处理节点 364
  开始列生成求解...
Set parameter LogToConsole to value 0
Set parameter Threads to value 1
Set parameter Seed to value 0
  定价策略: Exact, node=364, vertices=11
Set parameter PoolSearchMode to value 2
Set parameter PoolSolutions to value 10
[CG 1] RMP=16.000000, pricing=ExactPricingSolver, new_columns=10
[CG 2] RMP=16.000000, pricing=ExactPricingSolver, new_columns=10
[CG 3] RMP=11.000000, pricing=ExactPricingSolver, new_columns=0
  搜索路径: [1, 2, 3, 6, 7, 10, 12, 13, 11, 18, 19, 22, 23, 20, 21, 30, 31, 28, 29, 36, 37, 39, 38, 44, 45, 48, 49, 26, 27, 58, 59, 60, 61, 64, 65, 70, 71, 56, 62, 57, 50, 77, 51, 79, 80, 81, 43, 63, 34, 96, 97, 100, 101, 92, 42, 76, 35, 110, 111, 113, 112, 118, 119, 124, 125, 93, 78, 132, 133, 136, 137, 94, 95, 87, 86, 16, 17, 148, 149, 146, 150, 151, 152, 153, 156, 157, 147, 160, 161, 162, 163, 165, 164, 168, 169, 172, 173, 177, 174, 175, 176, 186, 187, 188, 189, 190, 191, 192, 193, 200, 201, 154, 155, 123, 122, 197, 210, 214, 215, 211, 196, 138, 82, 139, 72, 73, 83, 85, 84, 134, 135, 166, 167, 236, 237, 159, 143, 142, 144, 235, 158, 69, 238, 239, 246, 249, 250, 251, 253, 254, 255, 252, 247, 248, 91, 274, 275, 145, 227, 280, 184, 226, 234, 281, 183, 126, 68, 289, 127, 288, 194, 232, 233, 195, 90, 306, 307, 309, 310, 311, 312, 313, 314, 315, 308, 229, 320, 321, 185, 228, 182, 285, 284, 330, 331, 334, 335, 336, 337, 213, 212, 342, 343, 240, 241, 279, 278, 346, 347, 205, 204, 105, 104, 341, 353, 356, 357, 358, 362, 364]
  列生成求解结果: 目标值=11.0000， 下界=8.0000， 上界=10.0000

处理节点 365
  开始列生成求解...
Set parameter LogToConsole to value 0
Set parameter Threads to value 1
Set parameter Seed to value 0
  定价策略: Exact, node=365, vertices=11
Set parameter PoolSearchMode to value 2
Set parameter PoolSolutions to value 10
[CG 1] RMP=24.000000, pricing=ExactPricingSolver, new_columns=10
[CG 2] RMP=12.000000, pricing=ExactPricingSolver, new_columns=0
  搜索路径: [1, 2, 3, 6, 7, 10, 12, 13, 11, 18, 19, 22, 23, 20, 21, 30, 31, 28, 29, 36, 37, 39, 38, 44, 45, 48, 49, 26, 27, 58, 59, 60, 61, 64, 65, 70, 71, 56, 62, 57, 50, 77, 51, 79, 80, 81, 43, 63, 34, 96, 97, 100, 101, 92, 42, 76, 35, 110, 111, 113, 112, 118, 119, 124, 125, 93, 78, 132, 133, 136, 137, 94, 95, 87, 86, 16, 17, 148, 149, 146, 150, 151, 152, 153, 156, 157, 147, 160, 161, 162, 163, 165, 164, 168, 169, 172, 173, 177, 174, 175, 176, 186, 187, 188, 189, 190, 191, 192, 193, 200, 201, 154, 155, 123, 122, 197, 210, 214, 215, 211, 196, 138, 82, 139, 72, 73, 83, 85, 84, 134, 135, 166, 167, 236, 237, 159, 143, 142, 144, 235, 158, 69, 238, 239, 246, 249, 250, 251, 253, 254, 255, 252, 247, 248, 91, 274, 275, 145, 227, 280, 184, 226, 234, 281, 183, 126, 68, 289, 127, 288, 194, 232, 233, 195, 90, 306, 307, 309, 310, 311, 312, 313, 314, 315, 308, 229, 320, 321, 185, 228, 182, 285, 284, 330, 331, 334, 335, 336, 337, 213, 212, 342, 343, 240, 241, 279, 278, 346, 347, 205, 204, 105, 104, 341, 353, 356, 357, 358, 362, 364, 365]
  列生成求解结果: 目标值=12.0000， 下界=8.0000， 上界=10.0000

处理节点 367
  开始列生成求解...
Set parameter LogToConsole to value 0
Set parameter Threads to value 1
Set parameter Seed to value 0
  定价策略: Exact, node=367, vertices=13
Set parameter PoolSearchMode to value 2
Set parameter PoolSolutions to value 10
[CG 1] RMP=11.000000, pricing=ExactPricingSolver, new_columns=10
[CG 2] RMP=10.000000, pricing=ExactPricingSolver, new_columns=0
  搜索路径: [1, 2, 3, 6, 7, 10, 12, 13, 11, 18, 19, 22, 23, 20, 21, 30, 31, 28, 29, 36, 37, 39, 38, 44, 45, 48, 49, 26, 27, 58, 59, 60, 61, 64, 65, 70, 71, 56, 62, 57, 50, 77, 51, 79, 80, 81, 43, 63, 34, 96, 97, 100, 101, 92, 42, 76, 35, 110, 111, 113, 112, 118, 119, 124, 125, 93, 78, 132, 133, 136, 137, 94, 95, 87, 86, 16, 17, 148, 149, 146, 150, 151, 152, 153, 156, 157, 147, 160, 161, 162, 163, 165, 164, 168, 169, 172, 173, 177, 174, 175, 176, 186, 187, 188, 189, 190, 191, 192, 193, 200, 201, 154, 155, 123, 122, 197, 210, 214, 215, 211, 196, 138, 82, 139, 72, 73, 83, 85, 84, 134, 135, 166, 167, 236, 237, 159, 143, 142, 144, 235, 158, 69, 238, 239, 246, 249, 250, 251, 253, 254, 255, 252, 247, 248, 91, 274, 275, 145, 227, 280, 184, 226, 234, 281, 183, 126, 68, 289, 127, 288, 194, 232, 233, 195, 90, 306, 307, 309, 310, 311, 312, 313, 314, 315, 308, 229, 320, 321, 185, 228, 182, 285, 284, 330, 331, 334, 335, 336, 337, 213, 212, 342, 343, 240, 241, 279, 278, 346, 347, 205, 204, 105, 104, 341, 353, 356, 357, 358, 362, 364, 365, 367]
  列生成求解结果: 目标值=10.0000， 下界=8.0000， 上界=10.0000

处理节点 366
  开始列生成求解...
Set parameter LogToConsole to value 0
Set parameter Threads to value 1
Set parameter Seed to value 0
  定价策略: Exact, node=366, vertices=13
Set parameter PoolSearchMode to value 2
Set parameter PoolSolutions to value 10
[CG 1] RMP=9.000000, pricing=ExactPricingSolver, new_columns=0
  搜索路径: [1, 2, 3, 6, 7, 10, 12, 13, 11, 18, 19, 22, 23, 20, 21, 30, 31, 28, 29, 36, 37, 39, 38, 44, 45, 48, 49, 26, 27, 58, 59, 60, 61, 64, 65, 70, 71, 56, 62, 57, 50, 77, 51, 79, 80, 81, 43, 63, 34, 96, 97, 100, 101, 92, 42, 76, 35, 110, 111, 113, 112, 118, 119, 124, 125, 93, 78, 132, 133, 136, 137, 94, 95, 87, 86, 16, 17, 148, 149, 146, 150, 151, 152, 153, 156, 157, 147, 160, 161, 162, 163, 165, 164, 168, 169, 172, 173, 177, 174, 175, 176, 186, 187, 188, 189, 190, 191, 192, 193, 200, 201, 154, 155, 123, 122, 197, 210, 214, 215, 211, 196, 138, 82, 139, 72, 73, 83, 85, 84, 134, 135, 166, 167, 236, 237, 159, 143, 142, 144, 235, 158, 69, 238, 239, 246, 249, 250, 251, 253, 254, 255, 252, 247, 248, 91, 274, 275, 145, 227, 280, 184, 226, 234, 281, 183, 126, 68, 289, 127, 288, 194, 232, 233, 195, 90, 306, 307, 309, 310, 311, 312, 313, 314, 315, 308, 229, 320, 321, 185, 228, 182, 285, 284, 330, 331, 334, 335, 336, 337, 213, 212, 342, 343, 240, 241, 279, 278, 346, 347, 205, 204, 105, 104, 341, 353, 356, 357, 358, 362, 364, 365, 367, 366]
  列生成求解结果: 目标值=9.0000， 下界=8.0000， 上界=10.0000
    非整数变量: COL_1-9_68 = 0.359375
  解不是整数，开始分支...
ImposedVertex(vertex=27)
ForbidVertex(vertex=27)
  创建了 2 个分支
    添加分支节点 1: ID=368
    添加分支节点 2: ID=369

处理节点 352
  开始列生成求解...
Set parameter LogToConsole to value 0
Set parameter Threads to value 1
Set parameter Seed to value 0
  定价策略: Exact, node=352, vertices=11
Set parameter PoolSearchMode to value 2
Set parameter PoolSolutions to value 10
[CG 1] RMP=16.000000, pricing=ExactPricingSolver, new_columns=10
[CG 2] RMP=8.000000, pricing=ExactPricingSolver, new_columns=0
  搜索路径: [1, 2, 3, 6, 7, 10, 12, 13, 11, 18, 19, 22, 23, 20, 21, 30, 31, 28, 29, 36, 37, 39, 38, 44, 45, 48, 49, 26, 27, 58, 59, 60, 61, 64, 65, 70, 71, 56, 62, 57, 50, 77, 51, 79, 80, 81, 43, 63, 34, 96, 97, 100, 101, 92, 42, 76, 35, 110, 111, 113, 112, 118, 119, 124, 125, 93, 78, 132, 133, 136, 137, 94, 95, 87, 86, 16, 17, 148, 149, 146, 150, 151, 152, 153, 156, 157, 147, 160, 161, 162, 163, 165, 164, 168, 169, 172, 173, 177, 174, 175, 176, 186, 187, 188, 189, 190, 191, 192, 193, 200, 201, 154, 155, 123, 122, 197, 210, 214, 215, 211, 196, 138, 82, 139, 72, 73, 83, 85, 84, 134, 135, 166, 167, 236, 237, 159, 143, 142, 144, 235, 158, 69, 238, 239, 246, 249, 250, 251, 253, 254, 255, 252, 247, 248, 91, 274, 275, 145, 227, 280, 184, 226, 234, 281, 183, 126, 68, 289, 127, 288, 194, 232, 233, 195, 90, 306, 307, 309, 310, 311, 312, 313, 314, 315, 308, 229, 320, 321, 185, 228, 182, 285, 284, 330, 331, 334, 335, 336, 337, 213, 212, 342, 343, 240, 241, 279, 278, 346, 347, 205, 204, 105, 104, 341, 353, 356, 357, 358, 362, 364, 365, 367, 366, 352]
  列生成求解结果: 目标值=8.0000， 下界=8.0000， 上界=10.0000
    非整数变量: COL_1-18-23-7-9_33 = 0.612245
  解不是整数，开始分支...
ImposedVertex(vertex=27)
ForbidVertex(vertex=27)
  创建了 2 个分支
    添加分支节点 1: ID=370
    添加分支节点 2: ID=371

处理节点 225
  开始列生成求解...
Set parameter LogToConsole to value 0
Set parameter Threads to value 1
Set parameter Seed to value 0
  定价策略: Exact, node=225, vertices=17
Set parameter PoolSearchMode to value 2
Set parameter PoolSolutions to value 10
[CG 1] RMP=12.000000, pricing=ExactPricingSolver, new_columns=10
[CG 2] RMP=12.000000, pricing=ExactPricingSolver, new_columns=10
[CG 3] RMP=8.000000, pricing=ExactPricingSolver, new_columns=0
  搜索路径: [1, 2, 3, 6, 7, 10, 12, 13, 11, 18, 19, 22, 23, 20, 21, 30, 31, 28, 29, 36, 37, 39, 38, 44, 45, 48, 49, 26, 27, 58, 59, 60, 61, 64, 65, 70, 71, 56, 62, 57, 50, 77, 51, 79, 80, 81, 43, 63, 34, 96, 97, 100, 101, 92, 42, 76, 35, 110, 111, 113, 112, 118, 119, 124, 125, 93, 78, 132, 133, 136, 137, 94, 95, 87, 86, 16, 17, 148, 149, 146, 150, 151, 152, 153, 156, 157, 147, 160, 161, 162, 163, 165, 164, 168, 169, 172, 173, 177, 174, 175, 176, 186, 187, 188, 189, 190, 191, 192, 193, 200, 201, 154, 155, 123, 122, 197, 210, 214, 215, 211, 196, 138, 82, 139, 72, 73, 83, 85, 84, 134, 135, 166, 167, 236, 237, 159, 143, 142, 144, 235, 158, 69, 238, 239, 246, 249, 250, 251, 253, 254, 255, 252, 247, 248, 91, 274, 275, 145, 227, 280, 184, 226, 234, 281, 183, 126, 68, 289, 127, 288, 194, 232, 233, 195, 90, 306, 307, 309, 310, 311, 312, 313, 314, 315, 308, 229, 320, 321, 185, 228, 182, 285, 284, 330, 331, 334, 335, 336, 337, 213, 212, 342, 343, 240, 241, 279, 278, 346, 347, 205, 204, 105, 104, 341, 353, 356, 357, 358, 362, 364, 365, 367, 366, 352, 225]
  列生成求解结果: 目标值=8.0000， 下界=8.0000， 上界=10.0000
    非整数变量: COL_11-15-2-4-7-9_292 = 0.500000
  解不是整数，开始分支...
ImposedVertex(vertex=28)
ForbidVertex(vertex=28)
  创建了 2 个分支
    添加分支节点 1: ID=372
    添加分支节点 2: ID=373

处理节点 287
  开始列生成求解...
Set parameter LogToConsole to value 0
Set parameter Threads to value 1
Set parameter Seed to value 0
  定价策略: Exact, node=287, vertices=15
Set parameter PoolSearchMode to value 2
Set parameter PoolSolutions to value 10
[CG 1] RMP=10.000000, pricing=ExactPricingSolver, new_columns=0
  搜索路径: [1, 2, 3, 6, 7, 10, 12, 13, 11, 18, 19, 22, 23, 20, 21, 30, 31, 28, 29, 36, 37, 39, 38, 44, 45, 48, 49, 26, 27, 58, 59, 60, 61, 64, 65, 70, 71, 56, 62, 57, 50, 77, 51, 79, 80, 81, 43, 63, 34, 96, 97, 100, 101, 92, 42, 76, 35, 110, 111, 113, 112, 118, 119, 124, 125, 93, 78, 132, 133, 136, 137, 94, 95, 87, 86, 16, 17, 148, 149, 146, 150, 151, 152, 153, 156, 157, 147, 160, 161, 162, 163, 165, 164, 168, 169, 172, 173, 177, 174, 175, 176, 186, 187, 188, 189, 190, 191, 192, 193, 200, 201, 154, 155, 123, 122, 197, 210, 214, 215, 211, 196, 138, 82, 139, 72, 73, 83, 85, 84, 134, 135, 166, 167, 236, 237, 159, 143, 142, 144, 235, 158, 69, 238, 239, 246, 249, 250, 251, 253, 254, 255, 252, 247, 248, 91, 274, 275, 145, 227, 280, 184, 226, 234, 281, 183, 126, 68, 289, 127, 288, 194, 232, 233, 195, 90, 306, 307, 309, 310, 311, 312, 313, 314, 315, 308, 229, 320, 321, 185, 228, 182, 285, 284, 330, 331, 334, 335, 336, 337, 213, 212, 342, 343, 240, 241, 279, 278, 346, 347, 205, 204, 105, 104, 341, 353, 356, 357, 358, 362, 364, 365, 367, 366, 352, 225, 287]
  列生成求解结果: 目标值=10.0000， 下界=8.0000， 上界=10.0000

处理节点 340
  开始列生成求解...
Set parameter LogToConsole to value 0
Set parameter Threads to value 1
Set parameter Seed to value 0
  定价策略: Exact, node=340, vertices=11
Set parameter PoolSearchMode to value 2
Set parameter PoolSolutions to value 10
[CG 1] RMP=1010.000000, pricing=ExactPricingSolver, new_columns=10
[CG 2] RMP=12.000000, pricing=ExactPricingSolver, new_columns=0
  搜索路径: [1, 2, 3, 6, 7, 10, 12, 13, 11, 18, 19, 22, 23, 20, 21, 30, 31, 28, 29, 36, 37, 39, 38, 44, 45, 48, 49, 26, 27, 58, 59, 60, 61, 64, 65, 70, 71, 56, 62, 57, 50, 77, 51, 79, 80, 81, 43, 63, 34, 96, 97, 100, 101, 92, 42, 76, 35, 110, 111, 113, 112, 118, 119, 124, 125, 93, 78, 132, 133, 136, 137, 94, 95, 87, 86, 16, 17, 148, 149, 146, 150, 151, 152, 153, 156, 157, 147, 160, 161, 162, 163, 165, 164, 168, 169, 172, 173, 177, 174, 175, 176, 186, 187, 188, 189, 190, 191, 192, 193, 200, 201, 154, 155, 123, 122, 197, 210, 214, 215, 211, 196, 138, 82, 139, 72, 73, 83, 85, 84, 134, 135, 166, 167, 236, 237, 159, 143, 142, 144, 235, 158, 69, 238, 239, 246, 249, 250, 251, 253, 254, 255, 252, 247, 248, 91, 274, 275, 145, 227, 280, 184, 226, 234, 281, 183, 126, 68, 289, 127, 288, 194, 232, 233, 195, 90, 306, 307, 309, 310, 311, 312, 313, 314, 315, 308, 229, 320, 321, 185, 228, 182, 285, 284, 330, 331, 334, 335, 336, 337, 213, 212, 342, 343, 240, 241, 279, 278, 346, 347, 205, 204, 105, 104, 341, 353, 356, 357, 358, 362, 364, 365, 367, 366, 352, 225, 287, 340]
  列生成求解结果: 目标值=12.0000， 下界=8.0000， 上界=10.0000

处理节点 370
  开始列生成求解...
Set parameter LogToConsole to value 0
Set parameter Threads to value 1
Set parameter Seed to value 0
  定价策略: Exact, node=370, vertices=10
Set parameter PoolSearchMode to value 2
Set parameter PoolSolutions to value 10
[CG 1] RMP=16.000000, pricing=ExactPricingSolver, new_columns=10
[CG 2] RMP=11.000000, pricing=ExactPricingSolver, new_columns=0
  搜索路径: [1, 2, 3, 6, 7, 10, 12, 13, 11, 18, 19, 22, 23, 20, 21, 30, 31, 28, 29, 36, 37, 39, 38, 44, 45, 48, 49, 26, 27, 58, 59, 60, 61, 64, 65, 70, 71, 56, 62, 57, 50, 77, 51, 79, 80, 81, 43, 63, 34, 96, 97, 100, 101, 92, 42, 76, 35, 110, 111, 113, 112, 118, 119, 124, 125, 93, 78, 132, 133, 136, 137, 94, 95, 87, 86, 16, 17, 148, 149, 146, 150, 151, 152, 153, 156, 157, 147, 160, 161, 162, 163, 165, 164, 168, 169, 172, 173, 177, 174, 175, 176, 186, 187, 188, 189, 190, 191, 192, 193, 200, 201, 154, 155, 123, 122, 197, 210, 214, 215, 211, 196, 138, 82, 139, 72, 73, 83, 85, 84, 134, 135, 166, 167, 236, 237, 159, 143, 142, 144, 235, 158, 69, 238, 239, 246, 249, 250, 251, 253, 254, 255, 252, 247, 248, 91, 274, 275, 145, 227, 280, 184, 226, 234, 281, 183, 126, 68, 289, 127, 288, 194, 232, 233, 195, 90, 306, 307, 309, 310, 311, 312, 313, 314, 315, 308, 229, 320, 321, 185, 228, 182, 285, 284, 330, 331, 334, 335, 336, 337, 213, 212, 342, 343, 240, 241, 279, 278, 346, 347, 205, 204, 105, 104, 341, 353, 356, 357, 358, 362, 364, 365, 367, 366, 352, 225, 287, 340, 370]
  列生成求解结果: 目标值=11.0000， 下界=8.0000， 上界=10.0000

处理节点 371
  开始列生成求解...
Set parameter LogToConsole to value 0
Set parameter Threads to value 1
Set parameter Seed to value 0
  定价策略: Exact, node=371, vertices=10
Set parameter PoolSearchMode to value 2
Set parameter PoolSolutions to value 10
[CG 1] RMP=2010.000000, pricing=ExactPricingSolver, new_columns=10
[CG 2] RMP=12.000000, pricing=ExactPricingSolver, new_columns=0
  搜索路径: [1, 2, 3, 6, 7, 10, 12, 13, 11, 18, 19, 22, 23, 20, 21, 30, 31, 28, 29, 36, 37, 39, 38, 44, 45, 48, 49, 26, 27, 58, 59, 60, 61, 64, 65, 70, 71, 56, 62, 57, 50, 77, 51, 79, 80, 81, 43, 63, 34, 96, 97, 100, 101, 92, 42, 76, 35, 110, 111, 113, 112, 118, 119, 124, 125, 93, 78, 132, 133, 136, 137, 94, 95, 87, 86, 16, 17, 148, 149, 146, 150, 151, 152, 153, 156, 157, 147, 160, 161, 162, 163, 165, 164, 168, 169, 172, 173, 177, 174, 175, 176, 186, 187, 188, 189, 190, 191, 192, 193, 200, 201, 154, 155, 123, 122, 197, 210, 214, 215, 211, 196, 138, 82, 139, 72, 73, 83, 85, 84, 134, 135, 166, 167, 236, 237, 159, 143, 142, 144, 235, 158, 69, 238, 239, 246, 249, 250, 251, 253, 254, 255, 252, 247, 248, 91, 274, 275, 145, 227, 280, 184, 226, 234, 281, 183, 126, 68, 289, 127, 288, 194, 232, 233, 195, 90, 306, 307, 309, 310, 311, 312, 313, 314, 315, 308, 229, 320, 321, 185, 228, 182, 285, 284, 330, 331, 334, 335, 336, 337, 213, 212, 342, 343, 240, 241, 279, 278, 346, 347, 205, 204, 105, 104, 341, 353, 356, 357, 358, 362, 364, 365, 367, 366, 352, 225, 287, 340, 370, 371]
  列生成求解结果: 目标值=12.0000， 下界=8.0000， 上界=10.0000

处理节点 372
  开始列生成求解...
Set parameter LogToConsole to value 0
Set parameter Threads to value 1
Set parameter Seed to value 0
  定价策略: Exact, node=372, vertices=16
Set parameter PoolSearchMode to value 2
Set parameter PoolSolutions to value 10
[CG 1] RMP=12.000000, pricing=ExactPricingSolver, new_columns=0
  搜索路径: [1, 2, 3, 6, 7, 10, 12, 13, 11, 18, 19, 22, 23, 20, 21, 30, 31, 28, 29, 36, 37, 39, 38, 44, 45, 48, 49, 26, 27, 58, 59, 60, 61, 64, 65, 70, 71, 56, 62, 57, 50, 77, 51, 79, 80, 81, 43, 63, 34, 96, 97, 100, 101, 92, 42, 76, 35, 110, 111, 113, 112, 118, 119, 124, 125, 93, 78, 132, 133, 136, 137, 94, 95, 87, 86, 16, 17, 148, 149, 146, 150, 151, 152, 153, 156, 157, 147, 160, 161, 162, 163, 165, 164, 168, 169, 172, 173, 177, 174, 175, 176, 186, 187, 188, 189, 190, 191, 192, 193, 200, 201, 154, 155, 123, 122, 197, 210, 214, 215, 211, 196, 138, 82, 139, 72, 73, 83, 85, 84, 134, 135, 166, 167, 236, 237, 159, 143, 142, 144, 235, 158, 69, 238, 239, 246, 249, 250, 251, 253, 254, 255, 252, 247, 248, 91, 274, 275, 145, 227, 280, 184, 226, 234, 281, 183, 126, 68, 289, 127, 288, 194, 232, 233, 195, 90, 306, 307, 309, 310, 311, 312, 313, 314, 315, 308, 229, 320, 321, 185, 228, 182, 285, 284, 330, 331, 334, 335, 336, 337, 213, 212, 342, 343, 240, 241, 279, 278, 346, 347, 205, 204, 105, 104, 341, 353, 356, 357, 358, 362, 364, 365, 367, 366, 352, 225, 287, 340, 370, 371, 372]
  列生成求解结果: 目标值=12.0000， 下界=8.0000， 上界=10.0000

处理节点 373
  开始列生成求解...
Set parameter LogToConsole to value 0
Set parameter Threads to value 1
Set parameter Seed to value 0
  定价策略: Exact, node=373, vertices=16
Set parameter PoolSearchMode to value 2
Set parameter PoolSolutions to value 10
[CG 1] RMP=2010.000000, pricing=ExactPricingSolver, new_columns=10
[CG 2] RMP=10.000000, pricing=ExactPricingSolver, new_columns=0
  搜索路径: [1, 2, 3, 6, 7, 10, 12, 13, 11, 18, 19, 22, 23, 20, 21, 30, 31, 28, 29, 36, 37, 39, 38, 44, 45, 48, 49, 26, 27, 58, 59, 60, 61, 64, 65, 70, 71, 56, 62, 57, 50, 77, 51, 79, 80, 81, 43, 63, 34, 96, 97, 100, 101, 92, 42, 76, 35, 110, 111, 113, 112, 118, 119, 124, 125, 93, 78, 132, 133, 136, 137, 94, 95, 87, 86, 16, 17, 148, 149, 146, 150, 151, 152, 153, 156, 157, 147, 160, 161, 162, 163, 165, 164, 168, 169, 172, 173, 177, 174, 175, 176, 186, 187, 188, 189, 190, 191, 192, 193, 200, 201, 154, 155, 123, 122, 197, 210, 214, 215, 211, 196, 138, 82, 139, 72, 73, 83, 85, 84, 134, 135, 166, 167, 236, 237, 159, 143, 142, 144, 235, 158, 69, 238, 239, 246, 249, 250, 251, 253, 254, 255, 252, 247, 248, 91, 274, 275, 145, 227, 280, 184, 226, 234, 281, 183, 126, 68, 289, 127, 288, 194, 232, 233, 195, 90, 306, 307, 309, 310, 311, 312, 313, 314, 315, 308, 229, 320, 321, 185, 228, 182, 285, 284, 330, 331, 334, 335, 336, 337, 213, 212, 342, 343, 240, 241, 279, 278, 346, 347, 205, 204, 105, 104, 341, 353, 356, 357, 358, 362, 364, 365, 367, 366, 352, 225, 287, 340, 370, 371, 372, 373]
  列生成求解结果: 目标值=10.0000， 下界=8.0000， 上界=10.0000

处理节点 318
  开始列生成求解...
Set parameter LogToConsole to value 0
Set parameter Threads to value 1
Set parameter Seed to value 0
  定价策略: Exact, node=318, vertices=16
Set parameter PoolSearchMode to value 2
Set parameter PoolSolutions to value 10
[CG 1] RMP=8.000000, pricing=ExactPricingSolver, new_columns=0
  搜索路径: [1, 2, 3, 6, 7, 10, 12, 13, 11, 18, 19, 22, 23, 20, 21, 30, 31, 28, 29, 36, 37, 39, 38, 44, 45, 48, 49, 26, 27, 58, 59, 60, 61, 64, 65, 70, 71, 56, 62, 57, 50, 77, 51, 79, 80, 81, 43, 63, 34, 96, 97, 100, 101, 92, 42, 76, 35, 110, 111, 113, 112, 118, 119, 124, 125, 93, 78, 132, 133, 136, 137, 94, 95, 87, 86, 16, 17, 148, 149, 146, 150, 151, 152, 153, 156, 157, 147, 160, 161, 162, 163, 165, 164, 168, 169, 172, 173, 177, 174, 175, 176, 186, 187, 188, 189, 190, 191, 192, 193, 200, 201, 154, 155, 123, 122, 197, 210, 214, 215, 211, 196, 138, 82, 139, 72, 73, 83, 85, 84, 134, 135, 166, 167, 236, 237, 159, 143, 142, 144, 235, 158, 69, 238, 239, 246, 249, 250, 251, 253, 254, 255, 252, 247, 248, 91, 274, 275, 145, 227, 280, 184, 226, 234, 281, 183, 126, 68, 289, 127, 288, 194, 232, 233, 195, 90, 306, 307, 309, 310, 311, 312, 313, 314, 315, 308, 229, 320, 321, 185, 228, 182, 285, 284, 330, 331, 334, 335, 336, 337, 213, 212, 342, 343, 240, 241, 279, 278, 346, 347, 205, 204, 105, 104, 341, 353, 356, 357, 358, 362, 364, 365, 367, 366, 352, 225, 287, 340, 370, 371, 372, 373, 318]
  列生成求解结果: 目标值=8.0000， 下界=8.0000， 上界=10.0000
    非整数变量: COL_18-23-9_27 = 0.500000
  解不是整数，开始分支...
ImposedVertex(vertex=4)
ForbidVertex(vertex=4)
  创建了 2 个分支
    添加分支节点 1: ID=374
    添加分支节点 2: ID=375

处理节点 54
  开始列生成求解...
Set parameter LogToConsole to value 0
Set parameter Threads to value 1
Set parameter Seed to value 0
  定价策略: Exact, node=54, vertices=16
Set parameter PoolSearchMode to value 2
Set parameter PoolSolutions to value 10
[CG 1] RMP=8.000000, pricing=ExactPricingSolver, new_columns=0
  搜索路径: [1, 2, 3, 6, 7, 10, 12, 13, 11, 18, 19, 22, 23, 20, 21, 30, 31, 28, 29, 36, 37, 39, 38, 44, 45, 48, 49, 26, 27, 58, 59, 60, 61, 64, 65, 70, 71, 56, 62, 57, 50, 77, 51, 79, 80, 81, 43, 63, 34, 96, 97, 100, 101, 92, 42, 76, 35, 110, 111, 113, 112, 118, 119, 124, 125, 93, 78, 132, 133, 136, 137, 94, 95, 87, 86, 16, 17, 148, 149, 146, 150, 151, 152, 153, 156, 157, 147, 160, 161, 162, 163, 165, 164, 168, 169, 172, 173, 177, 174, 175, 176, 186, 187, 188, 189, 190, 191, 192, 193, 200, 201, 154, 155, 123, 122, 197, 210, 214, 215, 211, 196, 138, 82, 139, 72, 73, 83, 85, 84, 134, 135, 166, 167, 236, 237, 159, 143, 142, 144, 235, 158, 69, 238, 239, 246, 249, 250, 251, 253, 254, 255, 252, 247, 248, 91, 274, 275, 145, 227, 280, 184, 226, 234, 281, 183, 126, 68, 289, 127, 288, 194, 232, 233, 195, 90, 306, 307, 309, 310, 311, 312, 313, 314, 315, 308, 229, 320, 321, 185, 228, 182, 285, 284, 330, 331, 334, 335, 336, 337, 213, 212, 342, 343, 240, 241, 279, 278, 346, 347, 205, 204, 105, 104, 341, 353, 356, 357, 358, 362, 364, 365, 367, 366, 352, 225, 287, 340, 370, 371, 372, 373, 318, 54]
  列生成求解结果: 目标值=8.0000， 下界=8.0000， 上界=10.0000
    非整数变量: COL_11-15-20-25_17 = 0.333333
  解不是整数，开始分支...
ImposedVertex(vertex=15)
ForbidVertex(vertex=15)
  创建了 2 个分支
    添加分支节点 1: ID=376
    添加分支节点 2: ID=377

处理节点 130
  开始列生成求解...
Set parameter LogToConsole to value 0
Set parameter Threads to value 1
Set parameter Seed to value 0
  定价策略: Exact, node=130, vertices=18
Set parameter PoolSearchMode to value 2
Set parameter PoolSolutions to value 10
[CG 1] RMP=11.000000, pricing=ExactPricingSolver, new_columns=0
  搜索路径: [1, 2, 3, 6, 7, 10, 12, 13, 11, 18, 19, 22, 23, 20, 21, 30, 31, 28, 29, 36, 37, 39, 38, 44, 45, 48, 49, 26, 27, 58, 59, 60, 61, 64, 65, 70, 71, 56, 62, 57, 50, 77, 51, 79, 80, 81, 43, 63, 34, 96, 97, 100, 101, 92, 42, 76, 35, 110, 111, 113, 112, 118, 119, 124, 125, 93, 78, 132, 133, 136, 137, 94, 95, 87, 86, 16, 17, 148, 149, 146, 150, 151, 152, 153, 156, 157, 147, 160, 161, 162, 163, 165, 164, 168, 169, 172, 173, 177, 174, 175, 176, 186, 187, 188, 189, 190, 191, 192, 193, 200, 201, 154, 155, 123, 122, 197, 210, 214, 215, 211, 196, 138, 82, 139, 72, 73, 83, 85, 84, 134, 135, 166, 167, 236, 237, 159, 143, 142, 144, 235, 158, 69, 238, 239, 246, 249, 250, 251, 253, 254, 255, 252, 247, 248, 91, 274, 275, 145, 227, 280, 184, 226, 234, 281, 183, 126, 68, 289, 127, 288, 194, 232, 233, 195, 90, 306, 307, 309, 310, 311, 312, 313, 314, 315, 308, 229, 320, 321, 185, 228, 182, 285, 284, 330, 331, 334, 335, 336, 337, 213, 212, 342, 343, 240, 241, 279, 278, 346, 347, 205, 204, 105, 104, 341, 353, 356, 357, 358, 362, 364, 365, 367, 366, 352, 225, 287, 340, 370, 371, 372, 373, 318, 54, 130]
  列生成求解结果: 目标值=11.0000， 下界=8.0000， 上界=10.0000

处理节点 55
  开始列生成求解...
Set parameter LogToConsole to value 0
Set parameter Threads to value 1
Set parameter Seed to value 0
  定价策略: Exact, node=55, vertices=16
Set parameter PoolSearchMode to value 2
Set parameter PoolSolutions to value 10
[CG 1] RMP=11.000000, pricing=ExactPricingSolver, new_columns=10
[CG 2] RMP=11.000000, pricing=ExactPricingSolver, new_columns=0
  搜索路径: [1, 2, 3, 6, 7, 10, 12, 13, 11, 18, 19, 22, 23, 20, 21, 30, 31, 28, 29, 36, 37, 39, 38, 44, 45, 48, 49, 26, 27, 58, 59, 60, 61, 64, 65, 70, 71, 56, 62, 57, 50, 77, 51, 79, 80, 81, 43, 63, 34, 96, 97, 100, 101, 92, 42, 76, 35, 110, 111, 113, 112, 118, 119, 124, 125, 93, 78, 132, 133, 136, 137, 94, 95, 87, 86, 16, 17, 148, 149, 146, 150, 151, 152, 153, 156, 157, 147, 160, 161, 162, 163, 165, 164, 168, 169, 172, 173, 177, 174, 175, 176, 186, 187, 188, 189, 190, 191, 192, 193, 200, 201, 154, 155, 123, 122, 197, 210, 214, 215, 211, 196, 138, 82, 139, 72, 73, 83, 85, 84, 134, 135, 166, 167, 236, 237, 159, 143, 142, 144, 235, 158, 69, 238, 239, 246, 249, 250, 251, 253, 254, 255, 252, 247, 248, 91, 274, 275, 145, 227, 280, 184, 226, 234, 281, 183, 126, 68, 289, 127, 288, 194, 232, 233, 195, 90, 306, 307, 309, 310, 311, 312, 313, 314, 315, 308, 229, 320, 321, 185, 228, 182, 285, 284, 330, 331, 334, 335, 336, 337, 213, 212, 342, 343, 240, 241, 279, 278, 346, 347, 205, 204, 105, 104, 341, 353, 356, 357, 358, 362, 364, 365, 367, 366, 352, 225, 287, 340, 370, 371, 372, 373, 318, 54, 130, 55]
  列生成求解结果: 目标值=11.0000， 下界=8.0000， 上界=10.0000

处理节点 374
  开始列生成求解...
Set parameter LogToConsole to value 0
Set parameter Threads to value 1
Set parameter Seed to value 0
  定价策略: Exact, node=374, vertices=15
Set parameter PoolSearchMode to value 2
Set parameter PoolSolutions to value 10
[CG 1] RMP=8.000000, pricing=ExactPricingSolver, new_columns=0
  搜索路径: [1, 2, 3, 6, 7, 10, 12, 13, 11, 18, 19, 22, 23, 20, 21, 30, 31, 28, 29, 36, 37, 39, 38, 44, 45, 48, 49, 26, 27, 58, 59, 60, 61, 64, 65, 70, 71, 56, 62, 57, 50, 77, 51, 79, 80, 81, 43, 63, 34, 96, 97, 100, 101, 92, 42, 76, 35, 110, 111, 113, 112, 118, 119, 124, 125, 93, 78, 132, 133, 136, 137, 94, 95, 87, 86, 16, 17, 148, 149, 146, 150, 151, 152, 153, 156, 157, 147, 160, 161, 162, 163, 165, 164, 168, 169, 172, 173, 177, 174, 175, 176, 186, 187, 188, 189, 190, 191, 192, 193, 200, 201, 154, 155, 123, 122, 197, 210, 214, 215, 211, 196, 138, 82, 139, 72, 73, 83, 85, 84, 134, 135, 166, 167, 236, 237, 159, 143, 142, 144, 235, 158, 69, 238, 239, 246, 249, 250, 251, 253, 254, 255, 252, 247, 248, 91, 274, 275, 145, 227, 280, 184, 226, 234, 281, 183, 126, 68, 289, 127, 288, 194, 232, 233, 195, 90, 306, 307, 309, 310, 311, 312, 313, 314, 315, 308, 229, 320, 321, 185, 228, 182, 285, 284, 330, 331, 334, 335, 336, 337, 213, 212, 342, 343, 240, 241, 279, 278, 346, 347, 205, 204, 105, 104, 341, 353, 356, 357, 358, 362, 364, 365, 367, 366, 352, 225, 287, 340, 370, 371, 372, 373, 318, 54, 130, 55, 374]
  列生成求解结果: 目标值=8.0000， 下界=8.0000， 上界=10.0000
    非整数变量: COL_11-17-18-20-4-7-9_385 = 0.500000
  解不是整数，开始分支...
ImposedVertex(vertex=28)
ForbidVertex(vertex=28)
  创建了 2 个分支
    添加分支节点 1: ID=378
    添加分支节点 2: ID=379

处理节点 375
  开始列生成求解...
Set parameter LogToConsole to value 0
Set parameter Threads to value 1
Set parameter Seed to value 0
  定价策略: Exact, node=375, vertices=15
Set parameter PoolSearchMode to value 2
Set parameter PoolSolutions to value 10
[CG 1] RMP=12.000000, pricing=ExactPricingSolver, new_columns=10
[CG 2] RMP=8.000000, pricing=ExactPricingSolver, new_columns=0
  搜索路径: [1, 2, 3, 6, 7, 10, 12, 13, 11, 18, 19, 22, 23, 20, 21, 30, 31, 28, 29, 36, 37, 39, 38, 44, 45, 48, 49, 26, 27, 58, 59, 60, 61, 64, 65, 70, 71, 56, 62, 57, 50, 77, 51, 79, 80, 81, 43, 63, 34, 96, 97, 100, 101, 92, 42, 76, 35, 110, 111, 113, 112, 118, 119, 124, 125, 93, 78, 132, 133, 136, 137, 94, 95, 87, 86, 16, 17, 148, 149, 146, 150, 151, 152, 153, 156, 157, 147, 160, 161, 162, 163, 165, 164, 168, 169, 172, 173, 177, 174, 175, 176, 186, 187, 188, 189, 190, 191, 192, 193, 200, 201, 154, 155, 123, 122, 197, 210, 214, 215, 211, 196, 138, 82, 139, 72, 73, 83, 85, 84, 134, 135, 166, 167, 236, 237, 159, 143, 142, 144, 235, 158, 69, 238, 239, 246, 249, 250, 251, 253, 254, 255, 252, 247, 248, 91, 274, 275, 145, 227, 280, 184, 226, 234, 281, 183, 126, 68, 289, 127, 288, 194, 232, 233, 195, 90, 306, 307, 309, 310, 311, 312, 313, 314, 315, 308, 229, 320, 321, 185, 228, 182, 285, 284, 330, 331, 334, 335, 336, 337, 213, 212, 342, 343, 240, 241, 279, 278, 346, 347, 205, 204, 105, 104, 341, 353, 356, 357, 358, 362, 364, 365, 367, 366, 352, 225, 287, 340, 370, 371, 372, 373, 318, 54, 130, 55, 374, 375]
  列生成求解结果: 目标值=8.0000， 下界=8.0000， 上界=10.0000
    非整数变量: COL_1-11-18-23-7-9_34 = 0.571429
  解不是整数，开始分支...
ImposedVertex(vertex=28)
ForbidVertex(vertex=28)
  创建了 2 个分支
    添加分支节点 1: ID=380
    添加分支节点 2: ID=381

处理节点 376
  开始列生成求解...
Set parameter LogToConsole to value 0
Set parameter Threads to value 1
Set parameter Seed to value 0
  定价策略: Exact, node=376, vertices=15
Set parameter PoolSearchMode to value 2
Set parameter PoolSolutions to value 10
[CG 1] RMP=8.000000, pricing=ExactPricingSolver, new_columns=0
  搜索路径: [1, 2, 3, 6, 7, 10, 12, 13, 11, 18, 19, 22, 23, 20, 21, 30, 31, 28, 29, 36, 37, 39, 38, 44, 45, 48, 49, 26, 27, 58, 59, 60, 61, 64, 65, 70, 71, 56, 62, 57, 50, 77, 51, 79, 80, 81, 43, 63, 34, 96, 97, 100, 101, 92, 42, 76, 35, 110, 111, 113, 112, 118, 119, 124, 125, 93, 78, 132, 133, 136, 137, 94, 95, 87, 86, 16, 17, 148, 149, 146, 150, 151, 152, 153, 156, 157, 147, 160, 161, 162, 163, 165, 164, 168, 169, 172, 173, 177, 174, 175, 176, 186, 187, 188, 189, 190, 191, 192, 193, 200, 201, 154, 155, 123, 122, 197, 210, 214, 215, 211, 196, 138, 82, 139, 72, 73, 83, 85, 84, 134, 135, 166, 167, 236, 237, 159, 143, 142, 144, 235, 158, 69, 238, 239, 246, 249, 250, 251, 253, 254, 255, 252, 247, 248, 91, 274, 275, 145, 227, 280, 184, 226, 234, 281, 183, 126, 68, 289, 127, 288, 194, 232, 233, 195, 90, 306, 307, 309, 310, 311, 312, 313, 314, 315, 308, 229, 320, 321, 185, 228, 182, 285, 284, 330, 331, 334, 335, 336, 337, 213, 212, 342, 343, 240, 241, 279, 278, 346, 347, 205, 204, 105, 104, 341, 353, 356, 357, 358, 362, 364, 365, 367, 366, 352, 225, 287, 340, 370, 371, 372, 373, 318, 54, 130, 55, 374, 375, 376]
  列生成求解结果: 目标值=8.0000， 下界=8.0000， 上界=10.0000
    非整数变量: COL_11-15-20-25_17 = 0.333333
  解不是整数，开始分支...
ImposedVertex(vertex=9)
ForbidVertex(vertex=9)
  创建了 2 个分支
    添加分支节点 1: ID=382
    添加分支节点 2: ID=383

处理节点 377
  开始列生成求解...
Set parameter LogToConsole to value 0
Set parameter Threads to value 1
Set parameter Seed to value 0
  定价策略: Exact, node=377, vertices=15
Set parameter PoolSearchMode to value 2
Set parameter PoolSolutions to value 10
[CG 1] RMP=12.000000, pricing=ExactPricingSolver, new_columns=10
[CG 2] RMP=8.000000, pricing=ExactPricingSolver, new_columns=0
  搜索路径: [1, 2, 3, 6, 7, 10, 12, 13, 11, 18, 19, 22, 23, 20, 21, 30, 31, 28, 29, 36, 37, 39, 38, 44, 45, 48, 49, 26, 27, 58, 59, 60, 61, 64, 65, 70, 71, 56, 62, 57, 50, 77, 51, 79, 80, 81, 43, 63, 34, 96, 97, 100, 101, 92, 42, 76, 35, 110, 111, 113, 112, 118, 119, 124, 125, 93, 78, 132, 133, 136, 137, 94, 95, 87, 86, 16, 17, 148, 149, 146, 150, 151, 152, 153, 156, 157, 147, 160, 161, 162, 163, 165, 164, 168, 169, 172, 173, 177, 174, 175, 176, 186, 187, 188, 189, 190, 191, 192, 193, 200, 201, 154, 155, 123, 122, 197, 210, 214, 215, 211, 196, 138, 82, 139, 72, 73, 83, 85, 84, 134, 135, 166, 167, 236, 237, 159, 143, 142, 144, 235, 158, 69, 238, 239, 246, 249, 250, 251, 253, 254, 255, 252, 247, 248, 91, 274, 275, 145, 227, 280, 184, 226, 234, 281, 183, 126, 68, 289, 127, 288, 194, 232, 233, 195, 90, 306, 307, 309, 310, 311, 312, 313, 314, 315, 308, 229, 320, 321, 185, 228, 182, 285, 284, 330, 331, 334, 335, 336, 337, 213, 212, 342, 343, 240, 241, 279, 278, 346, 347, 205, 204, 105, 104, 341, 353, 356, 357, 358, 362, 364, 365, 367, 366, 352, 225, 287, 340, 370, 371, 372, 373, 318, 54, 130, 55, 374, 375, 376, 377]
  列生成求解结果: 目标值=8.0000， 下界=8.0000， 上界=10.0000
    非整数变量: COL_0-11-4-7-9_71 = 0.400000
  解不是整数，开始分支...
ImposedVertex(vertex=9)
ForbidVertex(vertex=9)
  创建了 2 个分支
    添加分支节点 1: ID=384
    添加分支节点 2: ID=385

处理节点 378
  开始列生成求解...
Set parameter LogToConsole to value 0
Set parameter Threads to value 1
Set parameter Seed to value 0
  定价策略: Exact, node=378, vertices=14
Set parameter PoolSearchMode to value 2
Set parameter PoolSolutions to value 10
[CG 1] RMP=1010.000000, pricing=ExactPricingSolver, new_columns=10
[CG 2] RMP=12.000000, pricing=ExactPricingSolver, new_columns=0
  搜索路径: [1, 2, 3, 6, 7, 10, 12, 13, 11, 18, 19, 22, 23, 20, 21, 30, 31, 28, 29, 36, 37, 39, 38, 44, 45, 48, 49, 26, 27, 58, 59, 60, 61, 64, 65, 70, 71, 56, 62, 57, 50, 77, 51, 79, 80, 81, 43, 63, 34, 96, 97, 100, 101, 92, 42, 76, 35, 110, 111, 113, 112, 118, 119, 124, 125, 93, 78, 132, 133, 136, 137, 94, 95, 87, 86, 16, 17, 148, 149, 146, 150, 151, 152, 153, 156, 157, 147, 160, 161, 162, 163, 165, 164, 168, 169, 172, 173, 177, 174, 175, 176, 186, 187, 188, 189, 190, 191, 192, 193, 200, 201, 154, 155, 123, 122, 197, 210, 214, 215, 211, 196, 138, 82, 139, 72, 73, 83, 85, 84, 134, 135, 166, 167, 236, 237, 159, 143, 142, 144, 235, 158, 69, 238, 239, 246, 249, 250, 251, 253, 254, 255, 252, 247, 248, 91, 274, 275, 145, 227, 280, 184, 226, 234, 281, 183, 126, 68, 289, 127, 288, 194, 232, 233, 195, 90, 306, 307, 309, 310, 311, 312, 313, 314, 315, 308, 229, 320, 321, 185, 228, 182, 285, 284, 330, 331, 334, 335, 336, 337, 213, 212, 342, 343, 240, 241, 279, 278, 346, 347, 205, 204, 105, 104, 341, 353, 356, 357, 358, 362, 364, 365, 367, 366, 352, 225, 287, 340, 370, 371, 372, 373, 318, 54, 130, 55, 374, 375, 376, 377, 378]
  列生成求解结果: 目标值=12.0000， 下界=8.0000， 上界=10.0000

处理节点 379
  开始列生成求解...
Set parameter LogToConsole to value 0
Set parameter Threads to value 1
Set parameter Seed to value 0
  定价策略: Exact, node=379, vertices=14
Set parameter PoolSearchMode to value 2
Set parameter PoolSolutions to value 10
[CG 1] RMP=10.000000, pricing=ExactPricingSolver, new_columns=0
  搜索路径: [1, 2, 3, 6, 7, 10, 12, 13, 11, 18, 19, 22, 23, 20, 21, 30, 31, 28, 29, 36, 37, 39, 38, 44, 45, 48, 49, 26, 27, 58, 59, 60, 61, 64, 65, 70, 71, 56, 62, 57, 50, 77, 51, 79, 80, 81, 43, 63, 34, 96, 97, 100, 101, 92, 42, 76, 35, 110, 111, 113, 112, 118, 119, 124, 125, 93, 78, 132, 133, 136, 137, 94, 95, 87, 86, 16, 17, 148, 149, 146, 150, 151, 152, 153, 156, 157, 147, 160, 161, 162, 163, 165, 164, 168, 169, 172, 173, 177, 174, 175, 176, 186, 187, 188, 189, 190, 191, 192, 193, 200, 201, 154, 155, 123, 122, 197, 210, 214, 215, 211, 196, 138, 82, 139, 72, 73, 83, 85, 84, 134, 135, 166, 167, 236, 237, 159, 143, 142, 144, 235, 158, 69, 238, 239, 246, 249, 250, 251, 253, 254, 255, 252, 247, 248, 91, 274, 275, 145, 227, 280, 184, 226, 234, 281, 183, 126, 68, 289, 127, 288, 194, 232, 233, 195, 90, 306, 307, 309, 310, 311, 312, 313, 314, 315, 308, 229, 320, 321, 185, 228, 182, 285, 284, 330, 331, 334, 335, 336, 337, 213, 212, 342, 343, 240, 241, 279, 278, 346, 347, 205, 204, 105, 104, 341, 353, 356, 357, 358, 362, 364, 365, 367, 366, 352, 225, 287, 340, 370, 371, 372, 373, 318, 54, 130, 55, 374, 375, 376, 377, 378, 379]
  列生成求解结果: 目标值=10.0000， 下界=8.0000， 上界=10.0000

处理节点 380
  开始列生成求解...
Set parameter LogToConsole to value 0
Set parameter Threads to value 1
Set parameter Seed to value 0
  定价策略: Exact, node=380, vertices=14
Set parameter PoolSearchMode to value 2
Set parameter PoolSolutions to value 10
[CG 1] RMP=12.000000, pricing=ExactPricingSolver, new_columns=0
  搜索路径: [1, 2, 3, 6, 7, 10, 12, 13, 11, 18, 19, 22, 23, 20, 21, 30, 31, 28, 29, 36, 37, 39, 38, 44, 45, 48, 49, 26, 27, 58, 59, 60, 61, 64, 65, 70, 71, 56, 62, 57, 50, 77, 51, 79, 80, 81, 43, 63, 34, 96, 97, 100, 101, 92, 42, 76, 35, 110, 111, 113, 112, 118, 119, 124, 125, 93, 78, 132, 133, 136, 137, 94, 95, 87, 86, 16, 17, 148, 149, 146, 150, 151, 152, 153, 156, 157, 147, 160, 161, 162, 163, 165, 164, 168, 169, 172, 173, 177, 174, 175, 176, 186, 187, 188, 189, 190, 191, 192, 193, 200, 201, 154, 155, 123, 122, 197, 210, 214, 215, 211, 196, 138, 82, 139, 72, 73, 83, 85, 84, 134, 135, 166, 167, 236, 237, 159, 143, 142, 144, 235, 158, 69, 238, 239, 246, 249, 250, 251, 253, 254, 255, 252, 247, 248, 91, 274, 275, 145, 227, 280, 184, 226, 234, 281, 183, 126, 68, 289, 127, 288, 194, 232, 233, 195, 90, 306, 307, 309, 310, 311, 312, 313, 314, 315, 308, 229, 320, 321, 185, 228, 182, 285, 284, 330, 331, 334, 335, 336, 337, 213, 212, 342, 343, 240, 241, 279, 278, 346, 347, 205, 204, 105, 104, 341, 353, 356, 357, 358, 362, 364, 365, 367, 366, 352, 225, 287, 340, 370, 371, 372, 373, 318, 54, 130, 55, 374, 375, 376, 377, 378, 379, 380]
  列生成求解结果: 目标值=12.0000， 下界=8.0000， 上界=10.0000

处理节点 381
  开始列生成求解...
Set parameter LogToConsole to value 0
Set parameter Threads to value 1
Set parameter Seed to value 0
  定价策略: Exact, node=381, vertices=14
Set parameter PoolSearchMode to value 2
Set parameter PoolSolutions to value 10
[CG 1] RMP=10.000000, pricing=ExactPricingSolver, new_columns=0
  搜索路径: [1, 2, 3, 6, 7, 10, 12, 13, 11, 18, 19, 22, 23, 20, 21, 30, 31, 28, 29, 36, 37, 39, 38, 44, 45, 48, 49, 26, 27, 58, 59, 60, 61, 64, 65, 70, 71, 56, 62, 57, 50, 77, 51, 79, 80, 81, 43, 63, 34, 96, 97, 100, 101, 92, 42, 76, 35, 110, 111, 113, 112, 118, 119, 124, 125, 93, 78, 132, 133, 136, 137, 94, 95, 87, 86, 16, 17, 148, 149, 146, 150, 151, 152, 153, 156, 157, 147, 160, 161, 162, 163, 165, 164, 168, 169, 172, 173, 177, 174, 175, 176, 186, 187, 188, 189, 190, 191, 192, 193, 200, 201, 154, 155, 123, 122, 197, 210, 214, 215, 211, 196, 138, 82, 139, 72, 73, 83, 85, 84, 134, 135, 166, 167, 236, 237, 159, 143, 142, 144, 235, 158, 69, 238, 239, 246, 249, 250, 251, 253, 254, 255, 252, 247, 248, 91, 274, 275, 145, 227, 280, 184, 226, 234, 281, 183, 126, 68, 289, 127, 288, 194, 232, 233, 195, 90, 306, 307, 309, 310, 311, 312, 313, 314, 315, 308, 229, 320, 321, 185, 228, 182, 285, 284, 330, 331, 334, 335, 336, 337, 213, 212, 342, 343, 240, 241, 279, 278, 346, 347, 205, 204, 105, 104, 341, 353, 356, 357, 358, 362, 364, 365, 367, 366, 352, 225, 287, 340, 370, 371, 372, 373, 318, 54, 130, 55, 374, 375, 376, 377, 378, 379, 380, 381]
  列生成求解结果: 目标值=10.0000， 下界=8.0000， 上界=10.0000

处理节点 385
  开始列生成求解...
Set parameter LogToConsole to value 0
Set parameter Threads to value 1
Set parameter Seed to value 0
  定价策略: Exact, node=385, vertices=14
Set parameter PoolSearchMode to value 2
Set parameter PoolSolutions to value 10
[CG 1] RMP=11.000000, pricing=ExactPricingSolver, new_columns=0
  搜索路径: [1, 2, 3, 6, 7, 10, 12, 13, 11, 18, 19, 22, 23, 20, 21, 30, 31, 28, 29, 36, 37, 39, 38, 44, 45, 48, 49, 26, 27, 58, 59, 60, 61, 64, 65, 70, 71, 56, 62, 57, 50, 77, 51, 79, 80, 81, 43, 63, 34, 96, 97, 100, 101, 92, 42, 76, 35, 110, 111, 113, 112, 118, 119, 124, 125, 93, 78, 132, 133, 136, 137, 94, 95, 87, 86, 16, 17, 148, 149, 146, 150, 151, 152, 153, 156, 157, 147, 160, 161, 162, 163, 165, 164, 168, 169, 172, 173, 177, 174, 175, 176, 186, 187, 188, 189, 190, 191, 192, 193, 200, 201, 154, 155, 123, 122, 197, 210, 214, 215, 211, 196, 138, 82, 139, 72, 73, 83, 85, 84, 134, 135, 166, 167, 236, 237, 159, 143, 142, 144, 235, 158, 69, 238, 239, 246, 249, 250, 251, 253, 254, 255, 252, 247, 248, 91, 274, 275, 145, 227, 280, 184, 226, 234, 281, 183, 126, 68, 289, 127, 288, 194, 232, 233, 195, 90, 306, 307, 309, 310, 311, 312, 313, 314, 315, 308, 229, 320, 321, 185, 228, 182, 285, 284, 330, 331, 334, 335, 336, 337, 213, 212, 342, 343, 240, 241, 279, 278, 346, 347, 205, 204, 105, 104, 341, 353, 356, 357, 358, 362, 364, 365, 367, 366, 352, 225, 287, 340, 370, 371, 372, 373, 318, 54, 130, 55, 374, 375, 376, 377, 378, 379, 380, 381, 385]
  列生成求解结果: 目标值=11.0000， 下界=8.0000， 上界=10.0000

处理节点 382
  开始列生成求解...
Set parameter LogToConsole to value 0
Set parameter Threads to value 1
Set parameter Seed to value 0
  定价策略: Exact, node=382, vertices=14
Set parameter PoolSearchMode to value 2
Set parameter PoolSolutions to value 10
[CG 1] RMP=1010.000000, pricing=ExactPricingSolver, new_columns=10
[CG 2] RMP=8.000000, pricing=ExactPricingSolver, new_columns=0
  搜索路径: [1, 2, 3, 6, 7, 10, 12, 13, 11, 18, 19, 22, 23, 20, 21, 30, 31, 28, 29, 36, 37, 39, 38, 44, 45, 48, 49, 26, 27, 58, 59, 60, 61, 64, 65, 70, 71, 56, 62, 57, 50, 77, 51, 79, 80, 81, 43, 63, 34, 96, 97, 100, 101, 92, 42, 76, 35, 110, 111, 113, 112, 118, 119, 124, 125, 93, 78, 132, 133, 136, 137, 94, 95, 87, 86, 16, 17, 148, 149, 146, 150, 151, 152, 153, 156, 157, 147, 160, 161, 162, 163, 165, 164, 168, 169, 172, 173, 177, 174, 175, 176, 186, 187, 188, 189, 190, 191, 192, 193, 200, 201, 154, 155, 123, 122, 197, 210, 214, 215, 211, 196, 138, 82, 139, 72, 73, 83, 85, 84, 134, 135, 166, 167, 236, 237, 159, 143, 142, 144, 235, 158, 69, 238, 239, 246, 249, 250, 251, 253, 254, 255, 252, 247, 248, 91, 274, 275, 145, 227, 280, 184, 226, 234, 281, 183, 126, 68, 289, 127, 288, 194, 232, 233, 195, 90, 306, 307, 309, 310, 311, 312, 313, 314, 315, 308, 229, 320, 321, 185, 228, 182, 285, 284, 330, 331, 334, 335, 336, 337, 213, 212, 342, 343, 240, 241, 279, 278, 346, 347, 205, 204, 105, 104, 341, 353, 356, 357, 358, 362, 364, 365, 367, 366, 352, 225, 287, 340, 370, 371, 372, 373, 318, 54, 130, 55, 374, 375, 376, 377, 378, 379, 380, 381, 385, 382]
  列生成求解结果: 目标值=8.0000， 下界=8.0000， 上界=10.0000
    非整数变量: COL_11-15-20-25_17 = 0.333333
  解不是整数，开始分支...
ImposedVertex(vertex=26)
ForbidVertex(vertex=26)
  创建了 2 个分支
    添加分支节点 1: ID=386
    添加分支节点 2: ID=387

处理节点 386
  开始列生成求解...
Set parameter LogToConsole to value 0
Set parameter Threads to value 1
Set parameter Seed to value 0
  定价策略: Exact, node=386, vertices=13
Set parameter PoolSearchMode to value 2
Set parameter PoolSolutions to value 10
[CG 1] RMP=1010.000000, pricing=ExactPricingSolver, new_columns=10
[CG 2] RMP=10.000000, pricing=ExactPricingSolver, new_columns=0
  搜索路径: [1, 2, 3, 6, 7, 10, 12, 13, 11, 18, 19, 22, 23, 20, 21, 30, 31, 28, 29, 36, 37, 39, 38, 44, 45, 48, 49, 26, 27, 58, 59, 60, 61, 64, 65, 70, 71, 56, 62, 57, 50, 77, 51, 79, 80, 81, 43, 63, 34, 96, 97, 100, 101, 92, 42, 76, 35, 110, 111, 113, 112, 118, 119, 124, 125, 93, 78, 132, 133, 136, 137, 94, 95, 87, 86, 16, 17, 148, 149, 146, 150, 151, 152, 153, 156, 157, 147, 160, 161, 162, 163, 165, 164, 168, 169, 172, 173, 177, 174, 175, 176, 186, 187, 188, 189, 190, 191, 192, 193, 200, 201, 154, 155, 123, 122, 197, 210, 214, 215, 211, 196, 138, 82, 139, 72, 73, 83, 85, 84, 134, 135, 166, 167, 236, 237, 159, 143, 142, 144, 235, 158, 69, 238, 239, 246, 249, 250, 251, 253, 254, 255, 252, 247, 248, 91, 274, 275, 145, 227, 280, 184, 226, 234, 281, 183, 126, 68, 289, 127, 288, 194, 232, 233, 195, 90, 306, 307, 309, 310, 311, 312, 313, 314, 315, 308, 229, 320, 321, 185, 228, 182, 285, 284, 330, 331, 334, 335, 336, 337, 213, 212, 342, 343, 240, 241, 279, 278, 346, 347, 205, 204, 105, 104, 341, 353, 356, 357, 358, 362, 364, 365, 367, 366, 352, 225, 287, 340, 370, 371, 372, 373, 318, 54, 130, 55, 374, 375, 376, 377, 378, 379, 380, 381, 385, 382, 386]
  列生成求解结果: 目标值=10.0000， 下界=8.0000， 上界=10.0000

处理节点 387
  开始列生成求解...
Set parameter LogToConsole to value 0
Set parameter Threads to value 1
Set parameter Seed to value 0
  定价策略: Exact, node=387, vertices=13
Set parameter PoolSearchMode to value 2
Set parameter PoolSolutions to value 10
[CG 1] RMP=12.000000, pricing=ExactPricingSolver, new_columns=0
  搜索路径: [1, 2, 3, 6, 7, 10, 12, 13, 11, 18, 19, 22, 23, 20, 21, 30, 31, 28, 29, 36, 37, 39, 38, 44, 45, 48, 49, 26, 27, 58, 59, 60, 61, 64, 65, 70, 71, 56, 62, 57, 50, 77, 51, 79, 80, 81, 43, 63, 34, 96, 97, 100, 101, 92, 42, 76, 35, 110, 111, 113, 112, 118, 119, 124, 125, 93, 78, 132, 133, 136, 137, 94, 95, 87, 86, 16, 17, 148, 149, 146, 150, 151, 152, 153, 156, 157, 147, 160, 161, 162, 163, 165, 164, 168, 169, 172, 173, 177, 174, 175, 176, 186, 187, 188, 189, 190, 191, 192, 193, 200, 201, 154, 155, 123, 122, 197, 210, 214, 215, 211, 196, 138, 82, 139, 72, 73, 83, 85, 84, 134, 135, 166, 167, 236, 237, 159, 143, 142, 144, 235, 158, 69, 238, 239, 246, 249, 250, 251, 253, 254, 255, 252, 247, 248, 91, 274, 275, 145, 227, 280, 184, 226, 234, 281, 183, 126, 68, 289, 127, 288, 194, 232, 233, 195, 90, 306, 307, 309, 310, 311, 312, 313, 314, 315, 308, 229, 320, 321, 185, 228, 182, 285, 284, 330, 331, 334, 335, 336, 337, 213, 212, 342, 343, 240, 241, 279, 278, 346, 347, 205, 204, 105, 104, 341, 353, 356, 357, 358, 362, 364, 365, 367, 366, 352, 225, 287, 340, 370, 371, 372, 373, 318, 54, 130, 55, 374, 375, 376, 377, 378, 379, 380, 381, 385, 382, 386, 387]
  列生成求解结果: 目标值=12.0000， 下界=8.0000， 上界=10.0000

处理节点 383
  开始列生成求解...
Set parameter LogToConsole to value 0
Set parameter Threads to value 1
Set parameter Seed to value 0
  定价策略: Exact, node=383, vertices=14
Set parameter PoolSearchMode to value 2
Set parameter PoolSolutions to value 10
[CG 1] RMP=11.000000, pricing=ExactPricingSolver, new_columns=0
  搜索路径: [1, 2, 3, 6, 7, 10, 12, 13, 11, 18, 19, 22, 23, 20, 21, 30, 31, 28, 29, 36, 37, 39, 38, 44, 45, 48, 49, 26, 27, 58, 59, 60, 61, 64, 65, 70, 71, 56, 62, 57, 50, 77, 51, 79, 80, 81, 43, 63, 34, 96, 97, 100, 101, 92, 42, 76, 35, 110, 111, 113, 112, 118, 119, 124, 125, 93, 78, 132, 133, 136, 137, 94, 95, 87, 86, 16, 17, 148, 149, 146, 150, 151, 152, 153, 156, 157, 147, 160, 161, 162, 163, 165, 164, 168, 169, 172, 173, 177, 174, 175, 176, 186, 187, 188, 189, 190, 191, 192, 193, 200, 201, 154, 155, 123, 122, 197, 210, 214, 215, 211, 196, 138, 82, 139, 72, 73, 83, 85, 84, 134, 135, 166, 167, 236, 237, 159, 143, 142, 144, 235, 158, 69, 238, 239, 246, 249, 250, 251, 253, 254, 255, 252, 247, 248, 91, 274, 275, 145, 227, 280, 184, 226, 234, 281, 183, 126, 68, 289, 127, 288, 194, 232, 233, 195, 90, 306, 307, 309, 310, 311, 312, 313, 314, 315, 308, 229, 320, 321, 185, 228, 182, 285, 284, 330, 331, 334, 335, 336, 337, 213, 212, 342, 343, 240, 241, 279, 278, 346, 347, 205, 204, 105, 104, 341, 353, 356, 357, 358, 362, 364, 365, 367, 366, 352, 225, 287, 340, 370, 371, 372, 373, 318, 54, 130, 55, 374, 375, 376, 377, 378, 379, 380, 381, 385, 382, 386, 387, 383]
  列生成求解结果: 目标值=11.0000， 下界=8.0000， 上界=10.0000

处理节点 384
  开始列生成求解...
Set parameter LogToConsole to value 0
Set parameter Threads to value 1
Set parameter Seed to value 0
  定价策略: Exact, node=384, vertices=14
Set parameter PoolSearchMode to value 2
Set parameter PoolSolutions to value 10
[CG 1] RMP=10.000000, pricing=ExactPricingSolver, new_columns=10
[CG 2] RMP=8.000000, pricing=ExactPricingSolver, new_columns=0
  搜索路径: [1, 2, 3, 6, 7, 10, 12, 13, 11, 18, 19, 22, 23, 20, 21, 30, 31, 28, 29, 36, 37, 39, 38, 44, 45, 48, 49, 26, 27, 58, 59, 60, 61, 64, 65, 70, 71, 56, 62, 57, 50, 77, 51, 79, 80, 81, 43, 63, 34, 96, 97, 100, 101, 92, 42, 76, 35, 110, 111, 113, 112, 118, 119, 124, 125, 93, 78, 132, 133, 136, 137, 94, 95, 87, 86, 16, 17, 148, 149, 146, 150, 151, 152, 153, 156, 157, 147, 160, 161, 162, 163, 165, 164, 168, 169, 172, 173, 177, 174, 175, 176, 186, 187, 188, 189, 190, 191, 192, 193, 200, 201, 154, 155, 123, 122, 197, 210, 214, 215, 211, 196, 138, 82, 139, 72, 73, 83, 85, 84, 134, 135, 166, 167, 236, 237, 159, 143, 142, 144, 235, 158, 69, 238, 239, 246, 249, 250, 251, 253, 254, 255, 252, 247, 248, 91, 274, 275, 145, 227, 280, 184, 226, 234, 281, 183, 126, 68, 289, 127, 288, 194, 232, 233, 195, 90, 306, 307, 309, 310, 311, 312, 313, 314, 315, 308, 229, 320, 321, 185, 228, 182, 285, 284, 330, 331, 334, 335, 336, 337, 213, 212, 342, 343, 240, 241, 279, 278, 346, 347, 205, 204, 105, 104, 341, 353, 356, 357, 358, 362, 364, 365, 367, 366, 352, 225, 287, 340, 370, 371, 372, 373, 318, 54, 130, 55, 374, 375, 376, 377, 378, 379, 380, 381, 385, 382, 386, 387, 383, 384]
  列生成求解结果: 目标值=8.0000， 下界=8.0000， 上界=10.0000
    非整数变量: COL_0-11-4-7-9_71 = 0.250000
  解不是整数，开始分支...
ImposedVertex(vertex=26)
ForbidVertex(vertex=26)
  创建了 2 个分支
    添加分支节点 1: ID=388
    添加分支节点 2: ID=389

处理节点 388
  开始列生成求解...
Set parameter LogToConsole to value 0
Set parameter Threads to value 1
Set parameter Seed to value 0
  定价策略: Exact, node=388, vertices=13
Set parameter PoolSearchMode to value 2
Set parameter PoolSolutions to value 10
[CG 1] RMP=10.000000, pricing=ExactPricingSolver, new_columns=0
  搜索路径: [1, 2, 3, 6, 7, 10, 12, 13, 11, 18, 19, 22, 23, 20, 21, 30, 31, 28, 29, 36, 37, 39, 38, 44, 45, 48, 49, 26, 27, 58, 59, 60, 61, 64, 65, 70, 71, 56, 62, 57, 50, 77, 51, 79, 80, 81, 43, 63, 34, 96, 97, 100, 101, 92, 42, 76, 35, 110, 111, 113, 112, 118, 119, 124, 125, 93, 78, 132, 133, 136, 137, 94, 95, 87, 86, 16, 17, 148, 149, 146, 150, 151, 152, 153, 156, 157, 147, 160, 161, 162, 163, 165, 164, 168, 169, 172, 173, 177, 174, 175, 176, 186, 187, 188, 189, 190, 191, 192, 193, 200, 201, 154, 155, 123, 122, 197, 210, 214, 215, 211, 196, 138, 82, 139, 72, 73, 83, 85, 84, 134, 135, 166, 167, 236, 237, 159, 143, 142, 144, 235, 158, 69, 238, 239, 246, 249, 250, 251, 253, 254, 255, 252, 247, 248, 91, 274, 275, 145, 227, 280, 184, 226, 234, 281, 183, 126, 68, 289, 127, 288, 194, 232, 233, 195, 90, 306, 307, 309, 310, 311, 312, 313, 314, 315, 308, 229, 320, 321, 185, 228, 182, 285, 284, 330, 331, 334, 335, 336, 337, 213, 212, 342, 343, 240, 241, 279, 278, 346, 347, 205, 204, 105, 104, 341, 353, 356, 357, 358, 362, 364, 365, 367, 366, 352, 225, 287, 340, 370, 371, 372, 373, 318, 54, 130, 55, 374, 375, 376, 377, 378, 379, 380, 381, 385, 382, 386, 387, 383, 384, 388]
  列生成求解结果: 目标值=10.0000， 下界=8.0000， 上界=10.0000

处理节点 389
  开始列生成求解...
Set parameter LogToConsole to value 0
Set parameter Threads to value 1
Set parameter Seed to value 0
  定价策略: Exact, node=389, vertices=13
Set parameter PoolSearchMode to value 2
Set parameter PoolSolutions to value 10
[CG 1] RMP=12.000000, pricing=ExactPricingSolver, new_columns=0
  搜索路径: [1, 2, 3, 6, 7, 10, 12, 13, 11, 18, 19, 22, 23, 20, 21, 30, 31, 28, 29, 36, 37, 39, 38, 44, 45, 48, 49, 26, 27, 58, 59, 60, 61, 64, 65, 70, 71, 56, 62, 57, 50, 77, 51, 79, 80, 81, 43, 63, 34, 96, 97, 100, 101, 92, 42, 76, 35, 110, 111, 113, 112, 118, 119, 124, 125, 93, 78, 132, 133, 136, 137, 94, 95, 87, 86, 16, 17, 148, 149, 146, 150, 151, 152, 153, 156, 157, 147, 160, 161, 162, 163, 165, 164, 168, 169, 172, 173, 177, 174, 175, 176, 186, 187, 188, 189, 190, 191, 192, 193, 200, 201, 154, 155, 123, 122, 197, 210, 214, 215, 211, 196, 138, 82, 139, 72, 73, 83, 85, 84, 134, 135, 166, 167, 236, 237, 159, 143, 142, 144, 235, 158, 69, 238, 239, 246, 249, 250, 251, 253, 254, 255, 252, 247, 248, 91, 274, 275, 145, 227, 280, 184, 226, 234, 281, 183, 126, 68, 289, 127, 288, 194, 232, 233, 195, 90, 306, 307, 309, 310, 311, 312, 313, 314, 315, 308, 229, 320, 321, 185, 228, 182, 285, 284, 330, 331, 334, 335, 336, 337, 213, 212, 342, 343, 240, 241, 279, 278, 346, 347, 205, 204, 105, 104, 341, 353, 356, 357, 358, 362, 364, 365, 367, 366, 352, 225, 287, 340, 370, 371, 372, 373, 318, 54, 130, 55, 374, 375, 376, 377, 378, 379, 380, 381, 385, 382, 386, 387, 383, 384, 388, 389]
  列生成求解结果: 目标值=12.0000， 下界=8.0000， 上界=10.0000

处理节点 305
  开始列生成求解...
Set parameter LogToConsole to value 0
Set parameter Threads to value 1
Set parameter Seed to value 0
  定价策略: Exact, node=305, vertices=17
Set parameter PoolSearchMode to value 2
Set parameter PoolSolutions to value 10
[CG 1] RMP=12.000000, pricing=ExactPricingSolver, new_columns=10
[CG 2] RMP=8.000000, pricing=ExactPricingSolver, new_columns=0
  搜索路径: [1, 2, 3, 6, 7, 10, 12, 13, 11, 18, 19, 22, 23, 20, 21, 30, 31, 28, 29, 36, 37, 39, 38, 44, 45, 48, 49, 26, 27, 58, 59, 60, 61, 64, 65, 70, 71, 56, 62, 57, 50, 77, 51, 79, 80, 81, 43, 63, 34, 96, 97, 100, 101, 92, 42, 76, 35, 110, 111, 113, 112, 118, 119, 124, 125, 93, 78, 132, 133, 136, 137, 94, 95, 87, 86, 16, 17, 148, 149, 146, 150, 151, 152, 153, 156, 157, 147, 160, 161, 162, 163, 165, 164, 168, 169, 172, 173, 177, 174, 175, 176, 186, 187, 188, 189, 190, 191, 192, 193, 200, 201, 154, 155, 123, 122, 197, 210, 214, 215, 211, 196, 138, 82, 139, 72, 73, 83, 85, 84, 134, 135, 166, 167, 236, 237, 159, 143, 142, 144, 235, 158, 69, 238, 239, 246, 249, 250, 251, 253, 254, 255, 252, 247, 248, 91, 274, 275, 145, 227, 280, 184, 226, 234, 281, 183, 126, 68, 289, 127, 288, 194, 232, 233, 195, 90, 306, 307, 309, 310, 311, 312, 313, 314, 315, 308, 229, 320, 321, 185, 228, 182, 285, 284, 330, 331, 334, 335, 336, 337, 213, 212, 342, 343, 240, 241, 279, 278, 346, 347, 205, 204, 105, 104, 341, 353, 356, 357, 358, 362, 364, 365, 367, 366, 352, 225, 287, 340, 370, 371, 372, 373, 318, 54, 130, 55, 374, 375, 376, 377, 378, 379, 380, 381, 385, 382, 386, 387, 383, 384, 388, 389, 305]
  列生成求解结果: 目标值=8.0000， 下界=8.0000， 上界=10.0000
    非整数变量: COL_11-15-18-20-23-28-5-7_1125 = 0.666667
  解不是整数，开始分支...
ImposedVertex(vertex=28)
ForbidVertex(vertex=28)
  创建了 2 个分支
    添加分支节点 1: ID=390
    添加分支节点 2: ID=391

处理节点 319
  开始列生成求解...
Set parameter LogToConsole to value 0
Set parameter Threads to value 1
Set parameter Seed to value 0
  定价策略: Exact, node=319, vertices=16
Set parameter PoolSearchMode to value 2
Set parameter PoolSolutions to value 10
[CG 1] RMP=12.000000, pricing=ExactPricingSolver, new_columns=10
[CG 2] RMP=11.000000, pricing=ExactPricingSolver, new_columns=0
  搜索路径: [1, 2, 3, 6, 7, 10, 12, 13, 11, 18, 19, 22, 23, 20, 21, 30, 31, 28, 29, 36, 37, 39, 38, 44, 45, 48, 49, 26, 27, 58, 59, 60, 61, 64, 65, 70, 71, 56, 62, 57, 50, 77, 51, 79, 80, 81, 43, 63, 34, 96, 97, 100, 101, 92, 42, 76, 35, 110, 111, 113, 112, 118, 119, 124, 125, 93, 78, 132, 133, 136, 137, 94, 95, 87, 86, 16, 17, 148, 149, 146, 150, 151, 152, 153, 156, 157, 147, 160, 161, 162, 163, 165, 164, 168, 169, 172, 173, 177, 174, 175, 176, 186, 187, 188, 189, 190, 191, 192, 193, 200, 201, 154, 155, 123, 122, 197, 210, 214, 215, 211, 196, 138, 82, 139, 72, 73, 83, 85, 84, 134, 135, 166, 167, 236, 237, 159, 143, 142, 144, 235, 158, 69, 238, 239, 246, 249, 250, 251, 253, 254, 255, 252, 247, 248, 91, 274, 275, 145, 227, 280, 184, 226, 234, 281, 183, 126, 68, 289, 127, 288, 194, 232, 233, 195, 90, 306, 307, 309, 310, 311, 312, 313, 314, 315, 308, 229, 320, 321, 185, 228, 182, 285, 284, 330, 331, 334, 335, 336, 337, 213, 212, 342, 343, 240, 241, 279, 278, 346, 347, 205, 204, 105, 104, 341, 353, 356, 357, 358, 362, 364, 365, 367, 366, 352, 225, 287, 340, 370, 371, 372, 373, 318, 54, 130, 55, 374, 375, 376, 377, 378, 379, 380, 381, 385, 382, 386, 387, 383, 384, 388, 389, 305, 319]
  列生成求解结果: 目标值=11.0000， 下界=8.0000， 上界=10.0000

处理节点 304
  开始列生成求解...
Set parameter LogToConsole to value 0
Set parameter Threads to value 1
Set parameter Seed to value 0
  定价策略: Exact, node=304, vertices=16
Set parameter PoolSearchMode to value 2
Set parameter PoolSolutions to value 10
[CG 1] RMP=8.000000, pricing=ExactPricingSolver, new_columns=0
  搜索路径: [1, 2, 3, 6, 7, 10, 12, 13, 11, 18, 19, 22, 23, 20, 21, 30, 31, 28, 29, 36, 37, 39, 38, 44, 45, 48, 49, 26, 27, 58, 59, 60, 61, 64, 65, 70, 71, 56, 62, 57, 50, 77, 51, 79, 80, 81, 43, 63, 34, 96, 97, 100, 101, 92, 42, 76, 35, 110, 111, 113, 112, 118, 119, 124, 125, 93, 78, 132, 133, 136, 137, 94, 95, 87, 86, 16, 17, 148, 149, 146, 150, 151, 152, 153, 156, 157, 147, 160, 161, 162, 163, 165, 164, 168, 169, 172, 173, 177, 174, 175, 176, 186, 187, 188, 189, 190, 191, 192, 193, 200, 201, 154, 155, 123, 122, 197, 210, 214, 215, 211, 196, 138, 82, 139, 72, 73, 83, 85, 84, 134, 135, 166, 167, 236, 237, 159, 143, 142, 144, 235, 158, 69, 238, 239, 246, 249, 250, 251, 253, 254, 255, 252, 247, 248, 91, 274, 275, 145, 227, 280, 184, 226, 234, 281, 183, 126, 68, 289, 127, 288, 194, 232, 233, 195, 90, 306, 307, 309, 310, 311, 312, 313, 314, 315, 308, 229, 320, 321, 185, 228, 182, 285, 284, 330, 331, 334, 335, 336, 337, 213, 212, 342, 343, 240, 241, 279, 278, 346, 347, 205, 204, 105, 104, 341, 353, 356, 357, 358, 362, 364, 365, 367, 366, 352, 225, 287, 340, 370, 371, 372, 373, 318, 54, 130, 55, 374, 375, 376, 377, 378, 379, 380, 381, 385, 382, 386, 387, 383, 384, 388, 389, 305, 319, 304]
  列生成求解结果: 目标值=8.0000， 下界=8.0000， 上界=10.0000
    非整数变量: COL_23_5 = 0.190476
  解不是整数，开始分支...
ImposedVertex(vertex=26)
ForbidVertex(vertex=26)
  创建了 2 个分支
    添加分支节点 1: ID=392
    添加分支节点 2: ID=393

处理节点 390
  开始列生成求解...
Set parameter LogToConsole to value 0
Set parameter Threads to value 1
Set parameter Seed to value 0
  定价策略: Exact, node=390, vertices=16
Set parameter PoolSearchMode to value 2
Set parameter PoolSolutions to value 10
[CG 1] RMP=12.000000, pricing=ExactPricingSolver, new_columns=0
  搜索路径: [1, 2, 3, 6, 7, 10, 12, 13, 11, 18, 19, 22, 23, 20, 21, 30, 31, 28, 29, 36, 37, 39, 38, 44, 45, 48, 49, 26, 27, 58, 59, 60, 61, 64, 65, 70, 71, 56, 62, 57, 50, 77, 51, 79, 80, 81, 43, 63, 34, 96, 97, 100, 101, 92, 42, 76, 35, 110, 111, 113, 112, 118, 119, 124, 125, 93, 78, 132, 133, 136, 137, 94, 95, 87, 86, 16, 17, 148, 149, 146, 150, 151, 152, 153, 156, 157, 147, 160, 161, 162, 163, 165, 164, 168, 169, 172, 173, 177, 174, 175, 176, 186, 187, 188, 189, 190, 191, 192, 193, 200, 201, 154, 155, 123, 122, 197, 210, 214, 215, 211, 196, 138, 82, 139, 72, 73, 83, 85, 84, 134, 135, 166, 167, 236, 237, 159, 143, 142, 144, 235, 158, 69, 238, 239, 246, 249, 250, 251, 253, 254, 255, 252, 247, 248, 91, 274, 275, 145, 227, 280, 184, 226, 234, 281, 183, 126, 68, 289, 127, 288, 194, 232, 233, 195, 90, 306, 307, 309, 310, 311, 312, 313, 314, 315, 308, 229, 320, 321, 185, 228, 182, 285, 284, 330, 331, 334, 335, 336, 337, 213, 212, 342, 343, 240, 241, 279, 278, 346, 347, 205, 204, 105, 104, 341, 353, 356, 357, 358, 362, 364, 365, 367, 366, 352, 225, 287, 340, 370, 371, 372, 373, 318, 54, 130, 55, 374, 375, 376, 377, 378, 379, 380, 381, 385, 382, 386, 387, 383, 384, 388, 389, 305, 319, 304, 390]
  列生成求解结果: 目标值=12.0000， 下界=8.0000， 上界=10.0000

处理节点 391
  开始列生成求解...
Set parameter LogToConsole to value 0
Set parameter Threads to value 1
Set parameter Seed to value 0
  定价策略: Exact, node=391, vertices=16
Set parameter PoolSearchMode to value 2
Set parameter PoolSolutions to value 10
[CG 1] RMP=10.000000, pricing=ExactPricingSolver, new_columns=0
  搜索路径: [1, 2, 3, 6, 7, 10, 12, 13, 11, 18, 19, 22, 23, 20, 21, 30, 31, 28, 29, 36, 37, 39, 38, 44, 45, 48, 49, 26, 27, 58, 59, 60, 61, 64, 65, 70, 71, 56, 62, 57, 50, 77, 51, 79, 80, 81, 43, 63, 34, 96, 97, 100, 101, 92, 42, 76, 35, 110, 111, 113, 112, 118, 119, 124, 125, 93, 78, 132, 133, 136, 137, 94, 95, 87, 86, 16, 17, 148, 149, 146, 150, 151, 152, 153, 156, 157, 147, 160, 161, 162, 163, 165, 164, 168, 169, 172, 173, 177, 174, 175, 176, 186, 187, 188, 189, 190, 191, 192, 193, 200, 201, 154, 155, 123, 122, 197, 210, 214, 215, 211, 196, 138, 82, 139, 72, 73, 83, 85, 84, 134, 135, 166, 167, 236, 237, 159, 143, 142, 144, 235, 158, 69, 238, 239, 246, 249, 250, 251, 253, 254, 255, 252, 247, 248, 91, 274, 275, 145, 227, 280, 184, 226, 234, 281, 183, 126, 68, 289, 127, 288, 194, 232, 233, 195, 90, 306, 307, 309, 310, 311, 312, 313, 314, 315, 308, 229, 320, 321, 185, 228, 182, 285, 284, 330, 331, 334, 335, 336, 337, 213, 212, 342, 343, 240, 241, 279, 278, 346, 347, 205, 204, 105, 104, 341, 353, 356, 357, 358, 362, 364, 365, 367, 366, 352, 225, 287, 340, 370, 371, 372, 373, 318, 54, 130, 55, 374, 375, 376, 377, 378, 379, 380, 381, 385, 382, 386, 387, 383, 384, 388, 389, 305, 319, 304, 390, 391]
  列生成求解结果: 目标值=10.0000， 下界=8.0000， 上界=10.0000

处理节点 392
  开始列生成求解...
Set parameter LogToConsole to value 0
Set parameter Threads to value 1
Set parameter Seed to value 0
  定价策略: Exact, node=392, vertices=15
Set parameter PoolSearchMode to value 2
Set parameter PoolSolutions to value 10
[CG 1] RMP=2010.000000, pricing=ExactPricingSolver, new_columns=10
[CG 2] RMP=10.000000, pricing=ExactPricingSolver, new_columns=10
[CG 3] RMP=10.000000, pricing=ExactPricingSolver, new_columns=0
  搜索路径: [1, 2, 3, 6, 7, 10, 12, 13, 11, 18, 19, 22, 23, 20, 21, 30, 31, 28, 29, 36, 37, 39, 38, 44, 45, 48, 49, 26, 27, 58, 59, 60, 61, 64, 65, 70, 71, 56, 62, 57, 50, 77, 51, 79, 80, 81, 43, 63, 34, 96, 97, 100, 101, 92, 42, 76, 35, 110, 111, 113, 112, 118, 119, 124, 125, 93, 78, 132, 133, 136, 137, 94, 95, 87, 86, 16, 17, 148, 149, 146, 150, 151, 152, 153, 156, 157, 147, 160, 161, 162, 163, 165, 164, 168, 169, 172, 173, 177, 174, 175, 176, 186, 187, 188, 189, 190, 191, 192, 193, 200, 201, 154, 155, 123, 122, 197, 210, 214, 215, 211, 196, 138, 82, 139, 72, 73, 83, 85, 84, 134, 135, 166, 167, 236, 237, 159, 143, 142, 144, 235, 158, 69, 238, 239, 246, 249, 250, 251, 253, 254, 255, 252, 247, 248, 91, 274, 275, 145, 227, 280, 184, 226, 234, 281, 183, 126, 68, 289, 127, 288, 194, 232, 233, 195, 90, 306, 307, 309, 310, 311, 312, 313, 314, 315, 308, 229, 320, 321, 185, 228, 182, 285, 284, 330, 331, 334, 335, 336, 337, 213, 212, 342, 343, 240, 241, 279, 278, 346, 347, 205, 204, 105, 104, 341, 353, 356, 357, 358, 362, 364, 365, 367, 366, 352, 225, 287, 340, 370, 371, 372, 373, 318, 54, 130, 55, 374, 375, 376, 377, 378, 379, 380, 381, 385, 382, 386, 387, 383, 384, 388, 389, 305, 319, 304, 390, 391, 392]
  列生成求解结果: 目标值=10.0000， 下界=8.0000， 上界=10.0000

处理节点 393
  开始列生成求解...
Set parameter LogToConsole to value 0
Set parameter Threads to value 1
Set parameter Seed to value 0
  定价策略: Exact, node=393, vertices=15
Set parameter PoolSearchMode to value 2
Set parameter PoolSolutions to value 10
[CG 1] RMP=12.000000, pricing=ExactPricingSolver, new_columns=0
  搜索路径: [1, 2, 3, 6, 7, 10, 12, 13, 11, 18, 19, 22, 23, 20, 21, 30, 31, 28, 29, 36, 37, 39, 38, 44, 45, 48, 49, 26, 27, 58, 59, 60, 61, 64, 65, 70, 71, 56, 62, 57, 50, 77, 51, 79, 80, 81, 43, 63, 34, 96, 97, 100, 101, 92, 42, 76, 35, 110, 111, 113, 112, 118, 119, 124, 125, 93, 78, 132, 133, 136, 137, 94, 95, 87, 86, 16, 17, 148, 149, 146, 150, 151, 152, 153, 156, 157, 147, 160, 161, 162, 163, 165, 164, 168, 169, 172, 173, 177, 174, 175, 176, 186, 187, 188, 189, 190, 191, 192, 193, 200, 201, 154, 155, 123, 122, 197, 210, 214, 215, 211, 196, 138, 82, 139, 72, 73, 83, 85, 84, 134, 135, 166, 167, 236, 237, 159, 143, 142, 144, 235, 158, 69, 238, 239, 246, 249, 250, 251, 253, 254, 255, 252, 247, 248, 91, 274, 275, 145, 227, 280, 184, 226, 234, 281, 183, 126, 68, 289, 127, 288, 194, 232, 233, 195, 90, 306, 307, 309, 310, 311, 312, 313, 314, 315, 308, 229, 320, 321, 185, 228, 182, 285, 284, 330, 331, 334, 335, 336, 337, 213, 212, 342, 343, 240, 241, 279, 278, 346, 347, 205, 204, 105, 104, 341, 353, 356, 357, 358, 362, 364, 365, 367, 366, 352, 225, 287, 340, 370, 371, 372, 373, 318, 54, 130, 55, 374, 375, 376, 377, 378, 379, 380, 381, 385, 382, 386, 387, 383, 384, 388, 389, 305, 319, 304, 390, 391, 392, 393]
  列生成求解结果: 目标值=12.0000， 下界=8.0000， 上界=10.0000

处理节点 359
  开始列生成求解...
Set parameter LogToConsole to value 0
Set parameter Threads to value 1
Set parameter Seed to value 0
  定价策略: Exact, node=359, vertices=13
Set parameter PoolSearchMode to value 2
Set parameter PoolSolutions to value 10
[CG 1] RMP=12.000000, pricing=ExactPricingSolver, new_columns=0
  搜索路径: [1, 2, 3, 6, 7, 10, 12, 13, 11, 18, 19, 22, 23, 20, 21, 30, 31, 28, 29, 36, 37, 39, 38, 44, 45, 48, 49, 26, 27, 58, 59, 60, 61, 64, 65, 70, 71, 56, 62, 57, 50, 77, 51, 79, 80, 81, 43, 63, 34, 96, 97, 100, 101, 92, 42, 76, 35, 110, 111, 113, 112, 118, 119, 124, 125, 93, 78, 132, 133, 136, 137, 94, 95, 87, 86, 16, 17, 148, 149, 146, 150, 151, 152, 153, 156, 157, 147, 160, 161, 162, 163, 165, 164, 168, 169, 172, 173, 177, 174, 175, 176, 186, 187, 188, 189, 190, 191, 192, 193, 200, 201, 154, 155, 123, 122, 197, 210, 214, 215, 211, 196, 138, 82, 139, 72, 73, 83, 85, 84, 134, 135, 166, 167, 236, 237, 159, 143, 142, 144, 235, 158, 69, 238, 239, 246, 249, 250, 251, 253, 254, 255, 252, 247, 248, 91, 274, 275, 145, 227, 280, 184, 226, 234, 281, 183, 126, 68, 289, 127, 288, 194, 232, 233, 195, 90, 306, 307, 309, 310, 311, 312, 313, 314, 315, 308, 229, 320, 321, 185, 228, 182, 285, 284, 330, 331, 334, 335, 336, 337, 213, 212, 342, 343, 240, 241, 279, 278, 346, 347, 205, 204, 105, 104, 341, 353, 356, 357, 358, 362, 364, 365, 367, 366, 352, 225, 287, 340, 370, 371, 372, 373, 318, 54, 130, 55, 374, 375, 376, 377, 378, 379, 380, 381, 385, 382, 386, 387, 383, 384, 388, 389, 305, 319, 304, 390, 391, 392, 393, 359]
  列生成求解结果: 目标值=12.0000， 下界=8.0000， 上界=10.0000

处理节点 296
  开始列生成求解...
Set parameter LogToConsole to value 0
Set parameter Threads to value 1
Set parameter Seed to value 0
  定价策略: Exact, node=296, vertices=12
Set parameter PoolSearchMode to value 2
Set parameter PoolSolutions to value 10
[CG 1] RMP=8.000000, pricing=ExactPricingSolver, new_columns=10
[CG 2] RMP=8.000000, pricing=ExactPricingSolver, new_columns=0
  搜索路径: [1, 2, 3, 6, 7, 10, 12, 13, 11, 18, 19, 22, 23, 20, 21, 30, 31, 28, 29, 36, 37, 39, 38, 44, 45, 48, 49, 26, 27, 58, 59, 60, 61, 64, 65, 70, 71, 56, 62, 57, 50, 77, 51, 79, 80, 81, 43, 63, 34, 96, 97, 100, 101, 92, 42, 76, 35, 110, 111, 113, 112, 118, 119, 124, 125, 93, 78, 132, 133, 136, 137, 94, 95, 87, 86, 16, 17, 148, 149, 146, 150, 151, 152, 153, 156, 157, 147, 160, 161, 162, 163, 165, 164, 168, 169, 172, 173, 177, 174, 175, 176, 186, 187, 188, 189, 190, 191, 192, 193, 200, 201, 154, 155, 123, 122, 197, 210, 214, 215, 211, 196, 138, 82, 139, 72, 73, 83, 85, 84, 134, 135, 166, 167, 236, 237, 159, 143, 142, 144, 235, 158, 69, 238, 239, 246, 249, 250, 251, 253, 254, 255, 252, 247, 248, 91, 274, 275, 145, 227, 280, 184, 226, 234, 281, 183, 126, 68, 289, 127, 288, 194, 232, 233, 195, 90, 306, 307, 309, 310, 311, 312, 313, 314, 315, 308, 229, 320, 321, 185, 228, 182, 285, 284, 330, 331, 334, 335, 336, 337, 213, 212, 342, 343, 240, 241, 279, 278, 346, 347, 205, 204, 105, 104, 341, 353, 356, 357, 358, 362, 364, 365, 367, 366, 352, 225, 287, 340, 370, 371, 372, 373, 318, 54, 130, 55, 374, 375, 376, 377, 378, 379, 380, 381, 385, 382, 386, 387, 383, 384, 388, 389, 305, 319, 304, 390, 391, 392, 393, 359, 296]
  列生成求解结果: 目标值=8.0000， 下界=8.0000， 上界=10.0000
    非整数变量: COL_1-18-23-7-9_33 = 0.500000
  解不是整数，开始分支...
ImposedVertex(vertex=27)
ForbidVertex(vertex=27)
  创建了 2 个分支
    添加分支节点 1: ID=394
    添加分支节点 2: ID=395
  进度: 已处理 260 个节点, 剩余 113 个, 当前最优 10.0000, 当前列数: 1966

处理节点 291
  开始列生成求解...
Set parameter LogToConsole to value 0
Set parameter Threads to value 1
Set parameter Seed to value 0
  定价策略: Exact, node=291, vertices=17
Set parameter PoolSearchMode to value 2
Set parameter PoolSolutions to value 10
[CG 1] RMP=8.000000, pricing=ExactPricingSolver, new_columns=0
  搜索路径: [1, 2, 3, 6, 7, 10, 12, 13, 11, 18, 19, 22, 23, 20, 21, 30, 31, 28, 29, 36, 37, 39, 38, 44, 45, 48, 49, 26, 27, 58, 59, 60, 61, 64, 65, 70, 71, 56, 62, 57, 50, 77, 51, 79, 80, 81, 43, 63, 34, 96, 97, 100, 101, 92, 42, 76, 35, 110, 111, 113, 112, 118, 119, 124, 125, 93, 78, 132, 133, 136, 137, 94, 95, 87, 86, 16, 17, 148, 149, 146, 150, 151, 152, 153, 156, 157, 147, 160, 161, 162, 163, 165, 164, 168, 169, 172, 173, 177, 174, 175, 176, 186, 187, 188, 189, 190, 191, 192, 193, 200, 201, 154, 155, 123, 122, 197, 210, 214, 215, 211, 196, 138, 82, 139, 72, 73, 83, 85, 84, 134, 135, 166, 167, 236, 237, 159, 143, 142, 144, 235, 158, 69, 238, 239, 246, 249, 250, 251, 253, 254, 255, 252, 247, 248, 91, 274, 275, 145, 227, 280, 184, 226, 234, 281, 183, 126, 68, 289, 127, 288, 194, 232, 233, 195, 90, 306, 307, 309, 310, 311, 312, 313, 314, 315, 308, 229, 320, 321, 185, 228, 182, 285, 284, 330, 331, 334, 335, 336, 337, 213, 212, 342, 343, 240, 241, 279, 278, 346, 347, 205, 204, 105, 104, 341, 353, 356, 357, 358, 362, 364, 365, 367, 366, 352, 225, 287, 340, 370, 371, 372, 373, 318, 54, 130, 55, 374, 375, 376, 377, 378, 379, 380, 381, 385, 382, 386, 387, 383, 384, 388, 389, 305, 319, 304, 390, 391, 392, 393, 359, 296, 291]
  列生成求解结果: 目标值=8.0000， 下界=8.0000， 上界=10.0000
    非整数变量: COL_16-20-9_97 = 0.500000
  解不是整数，开始分支...
ImposedVertex(vertex=27)
ForbidVertex(vertex=27)
  创建了 2 个分支
    添加分支节点 1: ID=396
    添加分支节点 2: ID=397

处理节点 292
  开始列生成求解...
Set parameter LogToConsole to value 0
Set parameter Threads to value 1
Set parameter Seed to value 0
  定价策略: Exact, node=292, vertices=17
Set parameter PoolSearchMode to value 2
Set parameter PoolSolutions to value 10
[CG 1] RMP=1010.000000, pricing=ExactPricingSolver, new_columns=10
[CG 2] RMP=10.000000, pricing=ExactPricingSolver, new_columns=0
  搜索路径: [1, 2, 3, 6, 7, 10, 12, 13, 11, 18, 19, 22, 23, 20, 21, 30, 31, 28, 29, 36, 37, 39, 38, 44, 45, 48, 49, 26, 27, 58, 59, 60, 61, 64, 65, 70, 71, 56, 62, 57, 50, 77, 51, 79, 80, 81, 43, 63, 34, 96, 97, 100, 101, 92, 42, 76, 35, 110, 111, 113, 112, 118, 119, 124, 125, 93, 78, 132, 133, 136, 137, 94, 95, 87, 86, 16, 17, 148, 149, 146, 150, 151, 152, 153, 156, 157, 147, 160, 161, 162, 163, 165, 164, 168, 169, 172, 173, 177, 174, 175, 176, 186, 187, 188, 189, 190, 191, 192, 193, 200, 201, 154, 155, 123, 122, 197, 210, 214, 215, 211, 196, 138, 82, 139, 72, 73, 83, 85, 84, 134, 135, 166, 167, 236, 237, 159, 143, 142, 144, 235, 158, 69, 238, 239, 246, 249, 250, 251, 253, 254, 255, 252, 247, 248, 91, 274, 275, 145, 227, 280, 184, 226, 234, 281, 183, 126, 68, 289, 127, 288, 194, 232, 233, 195, 90, 306, 307, 309, 310, 311, 312, 313, 314, 315, 308, 229, 320, 321, 185, 228, 182, 285, 284, 330, 331, 334, 335, 336, 337, 213, 212, 342, 343, 240, 241, 279, 278, 346, 347, 205, 204, 105, 104, 341, 353, 356, 357, 358, 362, 364, 365, 367, 366, 352, 225, 287, 340, 370, 371, 372, 373, 318, 54, 130, 55, 374, 375, 376, 377, 378, 379, 380, 381, 385, 382, 386, 387, 383, 384, 388, 389, 305, 319, 304, 390, 391, 392, 393, 359, 296, 291, 292]
  列生成求解结果: 目标值=10.0000， 下界=8.0000， 上界=10.0000

处理节点 394
  开始列生成求解...
Set parameter LogToConsole to value 0
Set parameter Threads to value 1
Set parameter Seed to value 0
  定价策略: Exact, node=394, vertices=11
Set parameter PoolSearchMode to value 2
Set parameter PoolSolutions to value 10
[CG 1] RMP=11.000000, pricing=ExactPricingSolver, new_columns=0
  搜索路径: [1, 2, 3, 6, 7, 10, 12, 13, 11, 18, 19, 22, 23, 20, 21, 30, 31, 28, 29, 36, 37, 39, 38, 44, 45, 48, 49, 26, 27, 58, 59, 60, 61, 64, 65, 70, 71, 56, 62, 57, 50, 77, 51, 79, 80, 81, 43, 63, 34, 96, 97, 100, 101, 92, 42, 76, 35, 110, 111, 113, 112, 118, 119, 124, 125, 93, 78, 132, 133, 136, 137, 94, 95, 87, 86, 16, 17, 148, 149, 146, 150, 151, 152, 153, 156, 157, 147, 160, 161, 162, 163, 165, 164, 168, 169, 172, 173, 177, 174, 175, 176, 186, 187, 188, 189, 190, 191, 192, 193, 200, 201, 154, 155, 123, 122, 197, 210, 214, 215, 211, 196, 138, 82, 139, 72, 73, 83, 85, 84, 134, 135, 166, 167, 236, 237, 159, 143, 142, 144, 235, 158, 69, 238, 239, 246, 249, 250, 251, 253, 254, 255, 252, 247, 248, 91, 274, 275, 145, 227, 280, 184, 226, 234, 281, 183, 126, 68, 289, 127, 288, 194, 232, 233, 195, 90, 306, 307, 309, 310, 311, 312, 313, 314, 315, 308, 229, 320, 321, 185, 228, 182, 285, 284, 330, 331, 334, 335, 336, 337, 213, 212, 342, 343, 240, 241, 279, 278, 346, 347, 205, 204, 105, 104, 341, 353, 356, 357, 358, 362, 364, 365, 367, 366, 352, 225, 287, 340, 370, 371, 372, 373, 318, 54, 130, 55, 374, 375, 376, 377, 378, 379, 380, 381, 385, 382, 386, 387, 383, 384, 388, 389, 305, 319, 304, 390, 391, 392, 393, 359, 296, 291, 292, 394]
  列生成求解结果: 目标值=11.0000， 下界=8.0000， 上界=10.0000

处理节点 395
  开始列生成求解...
Set parameter LogToConsole to value 0
Set parameter Threads to value 1
Set parameter Seed to value 0
  定价策略: Exact, node=395, vertices=11
Set parameter PoolSearchMode to value 2
Set parameter PoolSolutions to value 10
[CG 1] RMP=1010.000000, pricing=ExactPricingSolver, new_columns=10
[CG 2] RMP=12.000000, pricing=ExactPricingSolver, new_columns=0
  搜索路径: [1, 2, 3, 6, 7, 10, 12, 13, 11, 18, 19, 22, 23, 20, 21, 30, 31, 28, 29, 36, 37, 39, 38, 44, 45, 48, 49, 26, 27, 58, 59, 60, 61, 64, 65, 70, 71, 56, 62, 57, 50, 77, 51, 79, 80, 81, 43, 63, 34, 96, 97, 100, 101, 92, 42, 76, 35, 110, 111, 113, 112, 118, 119, 124, 125, 93, 78, 132, 133, 136, 137, 94, 95, 87, 86, 16, 17, 148, 149, 146, 150, 151, 152, 153, 156, 157, 147, 160, 161, 162, 163, 165, 164, 168, 169, 172, 173, 177, 174, 175, 176, 186, 187, 188, 189, 190, 191, 192, 193, 200, 201, 154, 155, 123, 122, 197, 210, 214, 215, 211, 196, 138, 82, 139, 72, 73, 83, 85, 84, 134, 135, 166, 167, 236, 237, 159, 143, 142, 144, 235, 158, 69, 238, 239, 246, 249, 250, 251, 253, 254, 255, 252, 247, 248, 91, 274, 275, 145, 227, 280, 184, 226, 234, 281, 183, 126, 68, 289, 127, 288, 194, 232, 233, 195, 90, 306, 307, 309, 310, 311, 312, 313, 314, 315, 308, 229, 320, 321, 185, 228, 182, 285, 284, 330, 331, 334, 335, 336, 337, 213, 212, 342, 343, 240, 241, 279, 278, 346, 347, 205, 204, 105, 104, 341, 353, 356, 357, 358, 362, 364, 365, 367, 366, 352, 225, 287, 340, 370, 371, 372, 373, 318, 54, 130, 55, 374, 375, 376, 377, 378, 379, 380, 381, 385, 382, 386, 387, 383, 384, 388, 389, 305, 319, 304, 390, 391, 392, 393, 359, 296, 291, 292, 394, 395]
  列生成求解结果: 目标值=12.0000， 下界=8.0000， 上界=10.0000

处理节点 396
  开始列生成求解...
Set parameter LogToConsole to value 0
Set parameter Threads to value 1
Set parameter Seed to value 0
  定价策略: Exact, node=396, vertices=16
Set parameter PoolSearchMode to value 2
Set parameter PoolSolutions to value 10
[CG 1] RMP=11.000000, pricing=ExactPricingSolver, new_columns=10
[CG 2] RMP=11.000000, pricing=ExactPricingSolver, new_columns=0
  搜索路径: [1, 2, 3, 6, 7, 10, 12, 13, 11, 18, 19, 22, 23, 20, 21, 30, 31, 28, 29, 36, 37, 39, 38, 44, 45, 48, 49, 26, 27, 58, 59, 60, 61, 64, 65, 70, 71, 56, 62, 57, 50, 77, 51, 79, 80, 81, 43, 63, 34, 96, 97, 100, 101, 92, 42, 76, 35, 110, 111, 113, 112, 118, 119, 124, 125, 93, 78, 132, 133, 136, 137, 94, 95, 87, 86, 16, 17, 148, 149, 146, 150, 151, 152, 153, 156, 157, 147, 160, 161, 162, 163, 165, 164, 168, 169, 172, 173, 177, 174, 175, 176, 186, 187, 188, 189, 190, 191, 192, 193, 200, 201, 154, 155, 123, 122, 197, 210, 214, 215, 211, 196, 138, 82, 139, 72, 73, 83, 85, 84, 134, 135, 166, 167, 236, 237, 159, 143, 142, 144, 235, 158, 69, 238, 239, 246, 249, 250, 251, 253, 254, 255, 252, 247, 248, 91, 274, 275, 145, 227, 280, 184, 226, 234, 281, 183, 126, 68, 289, 127, 288, 194, 232, 233, 195, 90, 306, 307, 309, 310, 311, 312, 313, 314, 315, 308, 229, 320, 321, 185, 228, 182, 285, 284, 330, 331, 334, 335, 336, 337, 213, 212, 342, 343, 240, 241, 279, 278, 346, 347, 205, 204, 105, 104, 341, 353, 356, 357, 358, 362, 364, 365, 367, 366, 352, 225, 287, 340, 370, 371, 372, 373, 318, 54, 130, 55, 374, 375, 376, 377, 378, 379, 380, 381, 385, 382, 386, 387, 383, 384, 388, 389, 305, 319, 304, 390, 391, 392, 393, 359, 296, 291, 292, 394, 395, 396]
  列生成求解结果: 目标值=11.0000， 下界=8.0000， 上界=10.0000

处理节点 397
  开始列生成求解...
Set parameter LogToConsole to value 0
Set parameter Threads to value 1
Set parameter Seed to value 0
  定价策略: Exact, node=397, vertices=16
Set parameter PoolSearchMode to value 2
Set parameter PoolSolutions to value 10
[CG 1] RMP=12.000000, pricing=ExactPricingSolver, new_columns=10
[CG 2] RMP=12.000000, pricing=ExactPricingSolver, new_columns=0
  搜索路径: [1, 2, 3, 6, 7, 10, 12, 13, 11, 18, 19, 22, 23, 20, 21, 30, 31, 28, 29, 36, 37, 39, 38, 44, 45, 48, 49, 26, 27, 58, 59, 60, 61, 64, 65, 70, 71, 56, 62, 57, 50, 77, 51, 79, 80, 81, 43, 63, 34, 96, 97, 100, 101, 92, 42, 76, 35, 110, 111, 113, 112, 118, 119, 124, 125, 93, 78, 132, 133, 136, 137, 94, 95, 87, 86, 16, 17, 148, 149, 146, 150, 151, 152, 153, 156, 157, 147, 160, 161, 162, 163, 165, 164, 168, 169, 172, 173, 177, 174, 175, 176, 186, 187, 188, 189, 190, 191, 192, 193, 200, 201, 154, 155, 123, 122, 197, 210, 214, 215, 211, 196, 138, 82, 139, 72, 73, 83, 85, 84, 134, 135, 166, 167, 236, 237, 159, 143, 142, 144, 235, 158, 69, 238, 239, 246, 249, 250, 251, 253, 254, 255, 252, 247, 248, 91, 274, 275, 145, 227, 280, 184, 226, 234, 281, 183, 126, 68, 289, 127, 288, 194, 232, 233, 195, 90, 306, 307, 309, 310, 311, 312, 313, 314, 315, 308, 229, 320, 321, 185, 228, 182, 285, 284, 330, 331, 334, 335, 336, 337, 213, 212, 342, 343, 240, 241, 279, 278, 346, 347, 205, 204, 105, 104, 341, 353, 356, 357, 358, 362, 364, 365, 367, 366, 352, 225, 287, 340, 370, 371, 372, 373, 318, 54, 130, 55, 374, 375, 376, 377, 378, 379, 380, 381, 385, 382, 386, 387, 383, 384, 388, 389, 305, 319, 304, 390, 391, 392, 393, 359, 296, 291, 292, 394, 395, 396, 397]
  列生成求解结果: 目标值=12.0000， 下界=8.0000， 上界=10.0000

处理节点 290
  开始列生成求解...
Set parameter LogToConsole to value 0
Set parameter Threads to value 1
Set parameter Seed to value 0
  定价策略: Exact, node=290, vertices=17
Set parameter PoolSearchMode to value 2
Set parameter PoolSolutions to value 10
[CG 1] RMP=2010.000000, pricing=ExactPricingSolver, new_columns=10
[CG 2] RMP=12.000000, pricing=ExactPricingSolver, new_columns=0
  搜索路径: [1, 2, 3, 6, 7, 10, 12, 13, 11, 18, 19, 22, 23, 20, 21, 30, 31, 28, 29, 36, 37, 39, 38, 44, 45, 48, 49, 26, 27, 58, 59, 60, 61, 64, 65, 70, 71, 56, 62, 57, 50, 77, 51, 79, 80, 81, 43, 63, 34, 96, 97, 100, 101, 92, 42, 76, 35, 110, 111, 113, 112, 118, 119, 124, 125, 93, 78, 132, 133, 136, 137, 94, 95, 87, 86, 16, 17, 148, 149, 146, 150, 151, 152, 153, 156, 157, 147, 160, 161, 162, 163, 165, 164, 168, 169, 172, 173, 177, 174, 175, 176, 186, 187, 188, 189, 190, 191, 192, 193, 200, 201, 154, 155, 123, 122, 197, 210, 214, 215, 211, 196, 138, 82, 139, 72, 73, 83, 85, 84, 134, 135, 166, 167, 236, 237, 159, 143, 142, 144, 235, 158, 69, 238, 239, 246, 249, 250, 251, 253, 254, 255, 252, 247, 248, 91, 274, 275, 145, 227, 280, 184, 226, 234, 281, 183, 126, 68, 289, 127, 288, 194, 232, 233, 195, 90, 306, 307, 309, 310, 311, 312, 313, 314, 315, 308, 229, 320, 321, 185, 228, 182, 285, 284, 330, 331, 334, 335, 336, 337, 213, 212, 342, 343, 240, 241, 279, 278, 346, 347, 205, 204, 105, 104, 341, 353, 356, 357, 358, 362, 364, 365, 367, 366, 352, 225, 287, 340, 370, 371, 372, 373, 318, 54, 130, 55, 374, 375, 376, 377, 378, 379, 380, 381, 385, 382, 386, 387, 383, 384, 388, 389, 305, 319, 304, 390, 391, 392, 393, 359, 296, 291, 292, 394, 395, 396, 397, 290]
  列生成求解结果: 目标值=12.0000， 下界=8.0000， 上界=10.0000

处理节点 286
  开始列生成求解...
Set parameter LogToConsole to value 0
Set parameter Threads to value 1
Set parameter Seed to value 0
  定价策略: Exact, node=286, vertices=15
Set parameter PoolSearchMode to value 2
Set parameter PoolSolutions to value 10
[CG 1] RMP=12.000000, pricing=ExactPricingSolver, new_columns=0
  搜索路径: [1, 2, 3, 6, 7, 10, 12, 13, 11, 18, 19, 22, 23, 20, 21, 30, 31, 28, 29, 36, 37, 39, 38, 44, 45, 48, 49, 26, 27, 58, 59, 60, 61, 64, 65, 70, 71, 56, 62, 57, 50, 77, 51, 79, 80, 81, 43, 63, 34, 96, 97, 100, 101, 92, 42, 76, 35, 110, 111, 113, 112, 118, 119, 124, 125, 93, 78, 132, 133, 136, 137, 94, 95, 87, 86, 16, 17, 148, 149, 146, 150, 151, 152, 153, 156, 157, 147, 160, 161, 162, 163, 165, 164, 168, 169, 172, 173, 177, 174, 175, 176, 186, 187, 188, 189, 190, 191, 192, 193, 200, 201, 154, 155, 123, 122, 197, 210, 214, 215, 211, 196, 138, 82, 139, 72, 73, 83, 85, 84, 134, 135, 166, 167, 236, 237, 159, 143, 142, 144, 235, 158, 69, 238, 239, 246, 249, 250, 251, 253, 254, 255, 252, 247, 248, 91, 274, 275, 145, 227, 280, 184, 226, 234, 281, 183, 126, 68, 289, 127, 288, 194, 232, 233, 195, 90, 306, 307, 309, 310, 311, 312, 313, 314, 315, 308, 229, 320, 321, 185, 228, 182, 285, 284, 330, 331, 334, 335, 336, 337, 213, 212, 342, 343, 240, 241, 279, 278, 346, 347, 205, 204, 105, 104, 341, 353, 356, 357, 358, 362, 364, 365, 367, 366, 352, 225, 287, 340, 370, 371, 372, 373, 318, 54, 130, 55, 374, 375, 376, 377, 378, 379, 380, 381, 385, 382, 386, 387, 383, 384, 388, 389, 305, 319, 304, 390, 391, 392, 393, 359, 296, 291, 292, 394, 395, 396, 397, 290, 286]
  列生成求解结果: 目标值=12.0000， 下界=8.0000， 上界=10.0000

处理节点 297
  开始列生成求解...
Set parameter LogToConsole to value 0
Set parameter Threads to value 1
Set parameter Seed to value 0
  定价策略: Exact, node=297, vertices=13
Set parameter PoolSearchMode to value 2
Set parameter PoolSolutions to value 10
[CG 1] RMP=14.000000, pricing=ExactPricingSolver, new_columns=10
[CG 2] RMP=8.587361, pricing=ExactPricingSolver, new_columns=10
[CG 3] RMP=8.000000, pricing=ExactPricingSolver, new_columns=0
  搜索路径: [1, 2, 3, 6, 7, 10, 12, 13, 11, 18, 19, 22, 23, 20, 21, 30, 31, 28, 29, 36, 37, 39, 38, 44, 45, 48, 49, 26, 27, 58, 59, 60, 61, 64, 65, 70, 71, 56, 62, 57, 50, 77, 51, 79, 80, 81, 43, 63, 34, 96, 97, 100, 101, 92, 42, 76, 35, 110, 111, 113, 112, 118, 119, 124, 125, 93, 78, 132, 133, 136, 137, 94, 95, 87, 86, 16, 17, 148, 149, 146, 150, 151, 152, 153, 156, 157, 147, 160, 161, 162, 163, 165, 164, 168, 169, 172, 173, 177, 174, 175, 176, 186, 187, 188, 189, 190, 191, 192, 193, 200, 201, 154, 155, 123, 122, 197, 210, 214, 215, 211, 196, 138, 82, 139, 72, 73, 83, 85, 84, 134, 135, 166, 167, 236, 237, 159, 143, 142, 144, 235, 158, 69, 238, 239, 246, 249, 250, 251, 253, 254, 255, 252, 247, 248, 91, 274, 275, 145, 227, 280, 184, 226, 234, 281, 183, 126, 68, 289, 127, 288, 194, 232, 233, 195, 90, 306, 307, 309, 310, 311, 312, 313, 314, 315, 308, 229, 320, 321, 185, 228, 182, 285, 284, 330, 331, 334, 335, 336, 337, 213, 212, 342, 343, 240, 241, 279, 278, 346, 347, 205, 204, 105, 104, 341, 353, 356, 357, 358, 362, 364, 365, 367, 366, 352, 225, 287, 340, 370, 371, 372, 373, 318, 54, 130, 55, 374, 375, 376, 377, 378, 379, 380, 381, 385, 382, 386, 387, 383, 384, 388, 389, 305, 319, 304, 390, 391, 392, 393, 359, 296, 291, 292, 394, 395, 396, 397, 290, 286, 297]
  列生成求解结果: 目标值=8.0000， 下界=8.0000， 上界=10.0000
    非整数变量: COL_18-23-9_27 = 0.435065
  解不是整数，开始分支...
ImposedVertex(vertex=5)
ForbidVertex(vertex=5)
  创建了 2 个分支
    添加分支节点 1: ID=398
    添加分支节点 2: ID=399

处理节点 293
  开始列生成求解...
Set parameter LogToConsole to value 0
Set parameter Threads to value 1
Set parameter Seed to value 0
  定价策略: Exact, node=293, vertices=17
Set parameter PoolSearchMode to value 2
Set parameter PoolSolutions to value 10
[CG 1] RMP=12.000000, pricing=ExactPricingSolver, new_columns=0
  搜索路径: [1, 2, 3, 6, 7, 10, 12, 13, 11, 18, 19, 22, 23, 20, 21, 30, 31, 28, 29, 36, 37, 39, 38, 44, 45, 48, 49, 26, 27, 58, 59, 60, 61, 64, 65, 70, 71, 56, 62, 57, 50, 77, 51, 79, 80, 81, 43, 63, 34, 96, 97, 100, 101, 92, 42, 76, 35, 110, 111, 113, 112, 118, 119, 124, 125, 93, 78, 132, 133, 136, 137, 94, 95, 87, 86, 16, 17, 148, 149, 146, 150, 151, 152, 153, 156, 157, 147, 160, 161, 162, 163, 165, 164, 168, 169, 172, 173, 177, 174, 175, 176, 186, 187, 188, 189, 190, 191, 192, 193, 200, 201, 154, 155, 123, 122, 197, 210, 214, 215, 211, 196, 138, 82, 139, 72, 73, 83, 85, 84, 134, 135, 166, 167, 236, 237, 159, 143, 142, 144, 235, 158, 69, 238, 239, 246, 249, 250, 251, 253, 254, 255, 252, 247, 248, 91, 274, 275, 145, 227, 280, 184, 226, 234, 281, 183, 126, 68, 289, 127, 288, 194, 232, 233, 195, 90, 306, 307, 309, 310, 311, 312, 313, 314, 315, 308, 229, 320, 321, 185, 228, 182, 285, 284, 330, 331, 334, 335, 336, 337, 213, 212, 342, 343, 240, 241, 279, 278, 346, 347, 205, 204, 105, 104, 341, 353, 356, 357, 358, 362, 364, 365, 367, 366, 352, 225, 287, 340, 370, 371, 372, 373, 318, 54, 130, 55, 374, 375, 376, 377, 378, 379, 380, 381, 385, 382, 386, 387, 383, 384, 388, 389, 305, 319, 304, 390, 391, 392, 393, 359, 296, 291, 292, 394, 395, 396, 397, 290, 286, 297, 293]
  列生成求解结果: 目标值=12.0000， 下界=8.0000， 上界=10.0000

处理节点 181
  开始列生成求解...
Set parameter LogToConsole to value 0
Set parameter Threads to value 1
Set parameter Seed to value 0
  定价策略: Exact, node=181, vertices=17
Set parameter PoolSearchMode to value 2
Set parameter PoolSolutions to value 10
[CG 1] RMP=12.000000, pricing=ExactPricingSolver, new_columns=10
[CG 2] RMP=12.000000, pricing=ExactPricingSolver, new_columns=10
[CG 3] RMP=8.000000, pricing=ExactPricingSolver, new_columns=0
  搜索路径: [1, 2, 3, 6, 7, 10, 12, 13, 11, 18, 19, 22, 23, 20, 21, 30, 31, 28, 29, 36, 37, 39, 38, 44, 45, 48, 49, 26, 27, 58, 59, 60, 61, 64, 65, 70, 71, 56, 62, 57, 50, 77, 51, 79, 80, 81, 43, 63, 34, 96, 97, 100, 101, 92, 42, 76, 35, 110, 111, 113, 112, 118, 119, 124, 125, 93, 78, 132, 133, 136, 137, 94, 95, 87, 86, 16, 17, 148, 149, 146, 150, 151, 152, 153, 156, 157, 147, 160, 161, 162, 163, 165, 164, 168, 169, 172, 173, 177, 174, 175, 176, 186, 187, 188, 189, 190, 191, 192, 193, 200, 201, 154, 155, 123, 122, 197, 210, 214, 215, 211, 196, 138, 82, 139, 72, 73, 83, 85, 84, 134, 135, 166, 167, 236, 237, 159, 143, 142, 144, 235, 158, 69, 238, 239, 246, 249, 250, 251, 253, 254, 255, 252, 247, 248, 91, 274, 275, 145, 227, 280, 184, 226, 234, 281, 183, 126, 68, 289, 127, 288, 194, 232, 233, 195, 90, 306, 307, 309, 310, 311, 312, 313, 314, 315, 308, 229, 320, 321, 185, 228, 182, 285, 284, 330, 331, 334, 335, 336, 337, 213, 212, 342, 343, 240, 241, 279, 278, 346, 347, 205, 204, 105, 104, 341, 353, 356, 357, 358, 362, 364, 365, 367, 366, 352, 225, 287, 340, 370, 371, 372, 373, 318, 54, 130, 55, 374, 375, 376, 377, 378, 379, 380, 381, 385, 382, 386, 387, 383, 384, 388, 389, 305, 319, 304, 390, 391, 392, 393, 359, 296, 291, 292, 394, 395, 396, 397, 290, 286, 297, 293, 181]
  列生成求解结果: 目标值=8.0000， 下界=8.0000， 上界=10.0000
    非整数变量: COL_11-16-19-20-4-7_744 = 0.600000
  解不是整数，开始分支...
ImposedVertex(vertex=28)
ForbidVertex(vertex=28)
  创建了 2 个分支
    添加分支节点 1: ID=400
    添加分支节点 2: ID=401

处理节点 180
  开始列生成求解...
Set parameter LogToConsole to value 0
Set parameter Threads to value 1
Set parameter Seed to value 0
  定价策略: Exact, node=180, vertices=16
Set parameter PoolSearchMode to value 2
Set parameter PoolSolutions to value 10
[CG 1] RMP=9.000000, pricing=ExactPricingSolver, new_columns=0
  搜索路径: [1, 2, 3, 6, 7, 10, 12, 13, 11, 18, 19, 22, 23, 20, 21, 30, 31, 28, 29, 36, 37, 39, 38, 44, 45, 48, 49, 26, 27, 58, 59, 60, 61, 64, 65, 70, 71, 56, 62, 57, 50, 77, 51, 79, 80, 81, 43, 63, 34, 96, 97, 100, 101, 92, 42, 76, 35, 110, 111, 113, 112, 118, 119, 124, 125, 93, 78, 132, 133, 136, 137, 94, 95, 87, 86, 16, 17, 148, 149, 146, 150, 151, 152, 153, 156, 157, 147, 160, 161, 162, 163, 165, 164, 168, 169, 172, 173, 177, 174, 175, 176, 186, 187, 188, 189, 190, 191, 192, 193, 200, 201, 154, 155, 123, 122, 197, 210, 214, 215, 211, 196, 138, 82, 139, 72, 73, 83, 85, 84, 134, 135, 166, 167, 236, 237, 159, 143, 142, 144, 235, 158, 69, 238, 239, 246, 249, 250, 251, 253, 254, 255, 252, 247, 248, 91, 274, 275, 145, 227, 280, 184, 226, 234, 281, 183, 126, 68, 289, 127, 288, 194, 232, 233, 195, 90, 306, 307, 309, 310, 311, 312, 313, 314, 315, 308, 229, 320, 321, 185, 228, 182, 285, 284, 330, 331, 334, 335, 336, 337, 213, 212, 342, 343, 240, 241, 279, 278, 346, 347, 205, 204, 105, 104, 341, 353, 356, 357, 358, 362, 364, 365, 367, 366, 352, 225, 287, 340, 370, 371, 372, 373, 318, 54, 130, 55, 374, 375, 376, 377, 378, 379, 380, 381, 385, 382, 386, 387, 383, 384, 388, 389, 305, 319, 304, 390, 391, 392, 393, 359, 296, 291, 292, 394, 395, 396, 397, 290, 286, 297, 293, 181, 180]
  列生成求解结果: 目标值=9.0000， 下界=8.0000， 上界=10.0000
    非整数变量: COL_1-16-20-22-27-9_96 = 0.500000
  解不是整数，开始分支...
ImposedVertex(vertex=27)
ForbidVertex(vertex=27)
  创建了 2 个分支
    添加分支节点 1: ID=402
    添加分支节点 2: ID=403

处理节点 398
  开始列生成求解...
Set parameter LogToConsole to value 0
Set parameter Threads to value 1
Set parameter Seed to value 0
  定价策略: Exact, node=398, vertices=12
Set parameter PoolSearchMode to value 2
Set parameter PoolSolutions to value 10
[CG 1] RMP=8.000000, pricing=ExactPricingSolver, new_columns=0
  搜索路径: [1, 2, 3, 6, 7, 10, 12, 13, 11, 18, 19, 22, 23, 20, 21, 30, 31, 28, 29, 36, 37, 39, 38, 44, 45, 48, 49, 26, 27, 58, 59, 60, 61, 64, 65, 70, 71, 56, 62, 57, 50, 77, 51, 79, 80, 81, 43, 63, 34, 96, 97, 100, 101, 92, 42, 76, 35, 110, 111, 113, 112, 118, 119, 124, 125, 93, 78, 132, 133, 136, 137, 94, 95, 87, 86, 16, 17, 148, 149, 146, 150, 151, 152, 153, 156, 157, 147, 160, 161, 162, 163, 165, 164, 168, 169, 172, 173, 177, 174, 175, 176, 186, 187, 188, 189, 190, 191, 192, 193, 200, 201, 154, 155, 123, 122, 197, 210, 214, 215, 211, 196, 138, 82, 139, 72, 73, 83, 85, 84, 134, 135, 166, 167, 236, 237, 159, 143, 142, 144, 235, 158, 69, 238, 239, 246, 249, 250, 251, 253, 254, 255, 252, 247, 248, 91, 274, 275, 145, 227, 280, 184, 226, 234, 281, 183, 126, 68, 289, 127, 288, 194, 232, 233, 195, 90, 306, 307, 309, 310, 311, 312, 313, 314, 315, 308, 229, 320, 321, 185, 228, 182, 285, 284, 330, 331, 334, 335, 336, 337, 213, 212, 342, 343, 240, 241, 279, 278, 346, 347, 205, 204, 105, 104, 341, 353, 356, 357, 358, 362, 364, 365, 367, 366, 352, 225, 287, 340, 370, 371, 372, 373, 318, 54, 130, 55, 374, 375, 376, 377, 378, 379, 380, 381, 385, 382, 386, 387, 383, 384, 388, 389, 305, 319, 304, 390, 391, 392, 393, 359, 296, 291, 292, 394, 395, 396, 397, 290, 286, 297, 293, 181, 180, 398]
  列生成求解结果: 目标值=8.0000， 下界=8.0000， 上界=10.0000
    非整数变量: COL_1-18-23-9_29 = 0.333333
  解不是整数，开始分支...
ImposedVertex(vertex=7)
ForbidVertex(vertex=7)
  创建了 2 个分支
    添加分支节点 1: ID=404
    添加分支节点 2: ID=405

处理节点 399
  开始列生成求解...
Set parameter LogToConsole to value 0
Set parameter Threads to value 1
Set parameter Seed to value 0
  定价策略: Exact, node=399, vertices=12
Set parameter PoolSearchMode to value 2
Set parameter PoolSolutions to value 10
[CG 1] RMP=8.000000, pricing=ExactPricingSolver, new_columns=0
  搜索路径: [1, 2, 3, 6, 7, 10, 12, 13, 11, 18, 19, 22, 23, 20, 21, 30, 31, 28, 29, 36, 37, 39, 38, 44, 45, 48, 49, 26, 27, 58, 59, 60, 61, 64, 65, 70, 71, 56, 62, 57, 50, 77, 51, 79, 80, 81, 43, 63, 34, 96, 97, 100, 101, 92, 42, 76, 35, 110, 111, 113, 112, 118, 119, 124, 125, 93, 78, 132, 133, 136, 137, 94, 95, 87, 86, 16, 17, 148, 149, 146, 150, 151, 152, 153, 156, 157, 147, 160, 161, 162, 163, 165, 164, 168, 169, 172, 173, 177, 174, 175, 176, 186, 187, 188, 189, 190, 191, 192, 193, 200, 201, 154, 155, 123, 122, 197, 210, 214, 215, 211, 196, 138, 82, 139, 72, 73, 83, 85, 84, 134, 135, 166, 167, 236, 237, 159, 143, 142, 144, 235, 158, 69, 238, 239, 246, 249, 250, 251, 253, 254, 255, 252, 247, 248, 91, 274, 275, 145, 227, 280, 184, 226, 234, 281, 183, 126, 68, 289, 127, 288, 194, 232, 233, 195, 90, 306, 307, 309, 310, 311, 312, 313, 314, 315, 308, 229, 320, 321, 185, 228, 182, 285, 284, 330, 331, 334, 335, 336, 337, 213, 212, 342, 343, 240, 241, 279, 278, 346, 347, 205, 204, 105, 104, 341, 353, 356, 357, 358, 362, 364, 365, 367, 366, 352, 225, 287, 340, 370, 371, 372, 373, 318, 54, 130, 55, 374, 375, 376, 377, 378, 379, 380, 381, 385, 382, 386, 387, 383, 384, 388, 389, 305, 319, 304, 390, 391, 392, 393, 359, 296, 291, 292, 394, 395, 396, 397, 290, 286, 297, 293, 181, 180, 398, 399]
  列生成求解结果: 目标值=8.0000， 下界=8.0000， 上界=10.0000
    非整数变量: COL_1-18-23-9_29 = 0.060606
  解不是整数，开始分支...
ImposedVertex(vertex=7)
ForbidVertex(vertex=7)
  创建了 2 个分支
    添加分支节点 1: ID=406
    添加分支节点 2: ID=407

处理节点 400
  开始列生成求解...
Set parameter LogToConsole to value 0
Set parameter Threads to value 1
Set parameter Seed to value 0
  定价策略: Exact, node=400, vertices=16
Set parameter PoolSearchMode to value 2
Set parameter PoolSolutions to value 10
[CG 1] RMP=12.000000, pricing=ExactPricingSolver, new_columns=0
  搜索路径: [1, 2, 3, 6, 7, 10, 12, 13, 11, 18, 19, 22, 23, 20, 21, 30, 31, 28, 29, 36, 37, 39, 38, 44, 45, 48, 49, 26, 27, 58, 59, 60, 61, 64, 65, 70, 71, 56, 62, 57, 50, 77, 51, 79, 80, 81, 43, 63, 34, 96, 97, 100, 101, 92, 42, 76, 35, 110, 111, 113, 112, 118, 119, 124, 125, 93, 78, 132, 133, 136, 137, 94, 95, 87, 86, 16, 17, 148, 149, 146, 150, 151, 152, 153, 156, 157, 147, 160, 161, 162, 163, 165, 164, 168, 169, 172, 173, 177, 174, 175, 176, 186, 187, 188, 189, 190, 191, 192, 193, 200, 201, 154, 155, 123, 122, 197, 210, 214, 215, 211, 196, 138, 82, 139, 72, 73, 83, 85, 84, 134, 135, 166, 167, 236, 237, 159, 143, 142, 144, 235, 158, 69, 238, 239, 246, 249, 250, 251, 253, 254, 255, 252, 247, 248, 91, 274, 275, 145, 227, 280, 184, 226, 234, 281, 183, 126, 68, 289, 127, 288, 194, 232, 233, 195, 90, 306, 307, 309, 310, 311, 312, 313, 314, 315, 308, 229, 320, 321, 185, 228, 182, 285, 284, 330, 331, 334, 335, 336, 337, 213, 212, 342, 343, 240, 241, 279, 278, 346, 347, 205, 204, 105, 104, 341, 353, 356, 357, 358, 362, 364, 365, 367, 366, 352, 225, 287, 340, 370, 371, 372, 373, 318, 54, 130, 55, 374, 375, 376, 377, 378, 379, 380, 381, 385, 382, 386, 387, 383, 384, 388, 389, 305, 319, 304, 390, 391, 392, 393, 359, 296, 291, 292, 394, 395, 396, 397, 290, 286, 297, 293, 181, 180, 398, 399, 400]
  列生成求解结果: 目标值=12.0000， 下界=8.0000， 上界=10.0000

处理节点 401
  开始列生成求解...
Set parameter LogToConsole to value 0
Set parameter Threads to value 1
Set parameter Seed to value 0
  定价策略: Exact, node=401, vertices=16
Set parameter PoolSearchMode to value 2
Set parameter PoolSolutions to value 10
[CG 1] RMP=11.000000, pricing=ExactPricingSolver, new_columns=0
  搜索路径: [1, 2, 3, 6, 7, 10, 12, 13, 11, 18, 19, 22, 23, 20, 21, 30, 31, 28, 29, 36, 37, 39, 38, 44, 45, 48, 49, 26, 27, 58, 59, 60, 61, 64, 65, 70, 71, 56, 62, 57, 50, 77, 51, 79, 80, 81, 43, 63, 34, 96, 97, 100, 101, 92, 42, 76, 35, 110, 111, 113, 112, 118, 119, 124, 125, 93, 78, 132, 133, 136, 137, 94, 95, 87, 86, 16, 17, 148, 149, 146, 150, 151, 152, 153, 156, 157, 147, 160, 161, 162, 163, 165, 164, 168, 169, 172, 173, 177, 174, 175, 176, 186, 187, 188, 189, 190, 191, 192, 193, 200, 201, 154, 155, 123, 122, 197, 210, 214, 215, 211, 196, 138, 82, 139, 72, 73, 83, 85, 84, 134, 135, 166, 167, 236, 237, 159, 143, 142, 144, 235, 158, 69, 238, 239, 246, 249, 250, 251, 253, 254, 255, 252, 247, 248, 91, 274, 275, 145, 227, 280, 184, 226, 234, 281, 183, 126, 68, 289, 127, 288, 194, 232, 233, 195, 90, 306, 307, 309, 310, 311, 312, 313, 314, 315, 308, 229, 320, 321, 185, 228, 182, 285, 284, 330, 331, 334, 335, 336, 337, 213, 212, 342, 343, 240, 241, 279, 278, 346, 347, 205, 204, 105, 104, 341, 353, 356, 357, 358, 362, 364, 365, 367, 366, 352, 225, 287, 340, 370, 371, 372, 373, 318, 54, 130, 55, 374, 375, 376, 377, 378, 379, 380, 381, 385, 382, 386, 387, 383, 384, 388, 389, 305, 319, 304, 390, 391, 392, 393, 359, 296, 291, 292, 394, 395, 396, 397, 290, 286, 297, 293, 181, 180, 398, 399, 400, 401]
  列生成求解结果: 目标值=11.0000， 下界=8.0000， 上界=10.0000

处理节点 404
  开始列生成求解...
Set parameter LogToConsole to value 0
Set parameter Threads to value 1
Set parameter Seed to value 0
  定价策略: Exact, node=404, vertices=11
Set parameter PoolSearchMode to value 2
Set parameter PoolSolutions to value 10
[CG 1] RMP=8.000000, pricing=ExactPricingSolver, new_columns=0
  搜索路径: [1, 2, 3, 6, 7, 10, 12, 13, 11, 18, 19, 22, 23, 20, 21, 30, 31, 28, 29, 36, 37, 39, 38, 44, 45, 48, 49, 26, 27, 58, 59, 60, 61, 64, 65, 70, 71, 56, 62, 57, 50, 77, 51, 79, 80, 81, 43, 63, 34, 96, 97, 100, 101, 92, 42, 76, 35, 110, 111, 113, 112, 118, 119, 124, 125, 93, 78, 132, 133, 136, 137, 94, 95, 87, 86, 16, 17, 148, 149, 146, 150, 151, 152, 153, 156, 157, 147, 160, 161, 162, 163, 165, 164, 168, 169, 172, 173, 177, 174, 175, 176, 186, 187, 188, 189, 190, 191, 192, 193, 200, 201, 154, 155, 123, 122, 197, 210, 214, 215, 211, 196, 138, 82, 139, 72, 73, 83, 85, 84, 134, 135, 166, 167, 236, 237, 159, 143, 142, 144, 235, 158, 69, 238, 239, 246, 249, 250, 251, 253, 254, 255, 252, 247, 248, 91, 274, 275, 145, 227, 280, 184, 226, 234, 281, 183, 126, 68, 289, 127, 288, 194, 232, 233, 195, 90, 306, 307, 309, 310, 311, 312, 313, 314, 315, 308, 229, 320, 321, 185, 228, 182, 285, 284, 330, 331, 334, 335, 336, 337, 213, 212, 342, 343, 240, 241, 279, 278, 346, 347, 205, 204, 105, 104, 341, 353, 356, 357, 358, 362, 364, 365, 367, 366, 352, 225, 287, 340, 370, 371, 372, 373, 318, 54, 130, 55, 374, 375, 376, 377, 378, 379, 380, 381, 385, 382, 386, 387, 383, 384, 388, 389, 305, 319, 304, 390, 391, 392, 393, 359, 296, 291, 292, 394, 395, 396, 397, 290, 286, 297, 293, 181, 180, 398, 399, 400, 401, 404]
  列生成求解结果: 目标值=8.0000， 下界=8.0000， 上界=10.0000
    非整数变量: COL_1-18-23-9_29 = 0.333333
  解不是整数，开始分支...
ImposedVertex(vertex=27)
ForbidVertex(vertex=27)
  创建了 2 个分支
    添加分支节点 1: ID=408
    添加分支节点 2: ID=409

处理节点 405
  开始列生成求解...
Set parameter LogToConsole to value 0
Set parameter Threads to value 1
Set parameter Seed to value 0
  定价策略: Exact, node=405, vertices=11
Set parameter PoolSearchMode to value 2
Set parameter PoolSolutions to value 10
[CG 1] RMP=2010.000000, pricing=ExactPricingSolver, new_columns=10
[CG 2] RMP=12.000000, pricing=ExactPricingSolver, new_columns=0
  搜索路径: [1, 2, 3, 6, 7, 10, 12, 13, 11, 18, 19, 22, 23, 20, 21, 30, 31, 28, 29, 36, 37, 39, 38, 44, 45, 48, 49, 26, 27, 58, 59, 60, 61, 64, 65, 70, 71, 56, 62, 57, 50, 77, 51, 79, 80, 81, 43, 63, 34, 96, 97, 100, 101, 92, 42, 76, 35, 110, 111, 113, 112, 118, 119, 124, 125, 93, 78, 132, 133, 136, 137, 94, 95, 87, 86, 16, 17, 148, 149, 146, 150, 151, 152, 153, 156, 157, 147, 160, 161, 162, 163, 165, 164, 168, 169, 172, 173, 177, 174, 175, 176, 186, 187, 188, 189, 190, 191, 192, 193, 200, 201, 154, 155, 123, 122, 197, 210, 214, 215, 211, 196, 138, 82, 139, 72, 73, 83, 85, 84, 134, 135, 166, 167, 236, 237, 159, 143, 142, 144, 235, 158, 69, 238, 239, 246, 249, 250, 251, 253, 254, 255, 252, 247, 248, 91, 274, 275, 145, 227, 280, 184, 226, 234, 281, 183, 126, 68, 289, 127, 288, 194, 232, 233, 195, 90, 306, 307, 309, 310, 311, 312, 313, 314, 315, 308, 229, 320, 321, 185, 228, 182, 285, 284, 330, 331, 334, 335, 336, 337, 213, 212, 342, 343, 240, 241, 279, 278, 346, 347, 205, 204, 105, 104, 341, 353, 356, 357, 358, 362, 364, 365, 367, 366, 352, 225, 287, 340, 370, 371, 372, 373, 318, 54, 130, 55, 374, 375, 376, 377, 378, 379, 380, 381, 385, 382, 386, 387, 383, 384, 388, 389, 305, 319, 304, 390, 391, 392, 393, 359, 296, 291, 292, 394, 395, 396, 397, 290, 286, 297, 293, 181, 180, 398, 399, 400, 401, 404, 405]
  列生成求解结果: 目标值=12.0000， 下界=8.0000， 上界=10.0000

处理节点 406
  开始列生成求解...
Set parameter LogToConsole to value 0
Set parameter Threads to value 1
Set parameter Seed to value 0
  定价策略: Exact, node=406, vertices=11
Set parameter PoolSearchMode to value 2
Set parameter PoolSolutions to value 10
[CG 1] RMP=8.000000, pricing=ExactPricingSolver, new_columns=0
  搜索路径: [1, 2, 3, 6, 7, 10, 12, 13, 11, 18, 19, 22, 23, 20, 21, 30, 31, 28, 29, 36, 37, 39, 38, 44, 45, 48, 49, 26, 27, 58, 59, 60, 61, 64, 65, 70, 71, 56, 62, 57, 50, 77, 51, 79, 80, 81, 43, 63, 34, 96, 97, 100, 101, 92, 42, 76, 35, 110, 111, 113, 112, 118, 119, 124, 125, 93, 78, 132, 133, 136, 137, 94, 95, 87, 86, 16, 17, 148, 149, 146, 150, 151, 152, 153, 156, 157, 147, 160, 161, 162, 163, 165, 164, 168, 169, 172, 173, 177, 174, 175, 176, 186, 187, 188, 189, 190, 191, 192, 193, 200, 201, 154, 155, 123, 122, 197, 210, 214, 215, 211, 196, 138, 82, 139, 72, 73, 83, 85, 84, 134, 135, 166, 167, 236, 237, 159, 143, 142, 144, 235, 158, 69, 238, 239, 246, 249, 250, 251, 253, 254, 255, 252, 247, 248, 91, 274, 275, 145, 227, 280, 184, 226, 234, 281, 183, 126, 68, 289, 127, 288, 194, 232, 233, 195, 90, 306, 307, 309, 310, 311, 312, 313, 314, 315, 308, 229, 320, 321, 185, 228, 182, 285, 284, 330, 331, 334, 335, 336, 337, 213, 212, 342, 343, 240, 241, 279, 278, 346, 347, 205, 204, 105, 104, 341, 353, 356, 357, 358, 362, 364, 365, 367, 366, 352, 225, 287, 340, 370, 371, 372, 373, 318, 54, 130, 55, 374, 375, 376, 377, 378, 379, 380, 381, 385, 382, 386, 387, 383, 384, 388, 389, 305, 319, 304, 390, 391, 392, 393, 359, 296, 291, 292, 394, 395, 396, 397, 290, 286, 297, 293, 181, 180, 398, 399, 400, 401, 404, 405, 406]
  列生成求解结果: 目标值=8.0000， 下界=8.0000， 上界=10.0000
    非整数变量: COL_1-18-23-9_29 = 0.060606
  解不是整数，开始分支...
ImposedVertex(vertex=27)
ForbidVertex(vertex=27)
  创建了 2 个分支
    添加分支节点 1: ID=410
    添加分支节点 2: ID=411

处理节点 407
  开始列生成求解...
Set parameter LogToConsole to value 0
Set parameter Threads to value 1
Set parameter Seed to value 0
  定价策略: Exact, node=407, vertices=11
Set parameter PoolSearchMode to value 2
Set parameter PoolSolutions to value 10
[CG 1] RMP=2010.000000, pricing=ExactPricingSolver, new_columns=10
[CG 2] RMP=12.000000, pricing=ExactPricingSolver, new_columns=0
  搜索路径: [1, 2, 3, 6, 7, 10, 12, 13, 11, 18, 19, 22, 23, 20, 21, 30, 31, 28, 29, 36, 37, 39, 38, 44, 45, 48, 49, 26, 27, 58, 59, 60, 61, 64, 65, 70, 71, 56, 62, 57, 50, 77, 51, 79, 80, 81, 43, 63, 34, 96, 97, 100, 101, 92, 42, 76, 35, 110, 111, 113, 112, 118, 119, 124, 125, 93, 78, 132, 133, 136, 137, 94, 95, 87, 86, 16, 17, 148, 149, 146, 150, 151, 152, 153, 156, 157, 147, 160, 161, 162, 163, 165, 164, 168, 169, 172, 173, 177, 174, 175, 176, 186, 187, 188, 189, 190, 191, 192, 193, 200, 201, 154, 155, 123, 122, 197, 210, 214, 215, 211, 196, 138, 82, 139, 72, 73, 83, 85, 84, 134, 135, 166, 167, 236, 237, 159, 143, 142, 144, 235, 158, 69, 238, 239, 246, 249, 250, 251, 253, 254, 255, 252, 247, 248, 91, 274, 275, 145, 227, 280, 184, 226, 234, 281, 183, 126, 68, 289, 127, 288, 194, 232, 233, 195, 90, 306, 307, 309, 310, 311, 312, 313, 314, 315, 308, 229, 320, 321, 185, 228, 182, 285, 284, 330, 331, 334, 335, 336, 337, 213, 212, 342, 343, 240, 241, 279, 278, 346, 347, 205, 204, 105, 104, 341, 353, 356, 357, 358, 362, 364, 365, 367, 366, 352, 225, 287, 340, 370, 371, 372, 373, 318, 54, 130, 55, 374, 375, 376, 377, 378, 379, 380, 381, 385, 382, 386, 387, 383, 384, 388, 389, 305, 319, 304, 390, 391, 392, 393, 359, 296, 291, 292, 394, 395, 396, 397, 290, 286, 297, 293, 181, 180, 398, 399, 400, 401, 404, 405, 406, 407]
  列生成求解结果: 目标值=12.0000， 下界=8.0000， 上界=10.0000

处理节点 408
  开始列生成求解...
Set parameter LogToConsole to value 0
Set parameter Threads to value 1
Set parameter Seed to value 0
  定价策略: Exact, node=408, vertices=10
Set parameter PoolSearchMode to value 2
Set parameter PoolSolutions to value 10
[CG 1] RMP=11.000000, pricing=ExactPricingSolver, new_columns=0
  搜索路径: [1, 2, 3, 6, 7, 10, 12, 13, 11, 18, 19, 22, 23, 20, 21, 30, 31, 28, 29, 36, 37, 39, 38, 44, 45, 48, 49, 26, 27, 58, 59, 60, 61, 64, 65, 70, 71, 56, 62, 57, 50, 77, 51, 79, 80, 81, 43, 63, 34, 96, 97, 100, 101, 92, 42, 76, 35, 110, 111, 113, 112, 118, 119, 124, 125, 93, 78, 132, 133, 136, 137, 94, 95, 87, 86, 16, 17, 148, 149, 146, 150, 151, 152, 153, 156, 157, 147, 160, 161, 162, 163, 165, 164, 168, 169, 172, 173, 177, 174, 175, 176, 186, 187, 188, 189, 190, 191, 192, 193, 200, 201, 154, 155, 123, 122, 197, 210, 214, 215, 211, 196, 138, 82, 139, 72, 73, 83, 85, 84, 134, 135, 166, 167, 236, 237, 159, 143, 142, 144, 235, 158, 69, 238, 239, 246, 249, 250, 251, 253, 254, 255, 252, 247, 248, 91, 274, 275, 145, 227, 280, 184, 226, 234, 281, 183, 126, 68, 289, 127, 288, 194, 232, 233, 195, 90, 306, 307, 309, 310, 311, 312, 313, 314, 315, 308, 229, 320, 321, 185, 228, 182, 285, 284, 330, 331, 334, 335, 336, 337, 213, 212, 342, 343, 240, 241, 279, 278, 346, 347, 205, 204, 105, 104, 341, 353, 356, 357, 358, 362, 364, 365, 367, 366, 352, 225, 287, 340, 370, 371, 372, 373, 318, 54, 130, 55, 374, 375, 376, 377, 378, 379, 380, 381, 385, 382, 386, 387, 383, 384, 388, 389, 305, 319, 304, 390, 391, 392, 393, 359, 296, 291, 292, 394, 395, 396, 397, 290, 286, 297, 293, 181, 180, 398, 399, 400, 401, 404, 405, 406, 407, 408]
  列生成求解结果: 目标值=11.0000， 下界=8.0000， 上界=10.0000

处理节点 409
  开始列生成求解...
Set parameter LogToConsole to value 0
Set parameter Threads to value 1
Set parameter Seed to value 0
  定价策略: Exact, node=409, vertices=10
Set parameter PoolSearchMode to value 2
Set parameter PoolSolutions to value 10
[CG 1] RMP=1010.000000, pricing=ExactPricingSolver, new_columns=10
[CG 2] RMP=12.000000, pricing=ExactPricingSolver, new_columns=0
  搜索路径: [1, 2, 3, 6, 7, 10, 12, 13, 11, 18, 19, 22, 23, 20, 21, 30, 31, 28, 29, 36, 37, 39, 38, 44, 45, 48, 49, 26, 27, 58, 59, 60, 61, 64, 65, 70, 71, 56, 62, 57, 50, 77, 51, 79, 80, 81, 43, 63, 34, 96, 97, 100, 101, 92, 42, 76, 35, 110, 111, 113, 112, 118, 119, 124, 125, 93, 78, 132, 133, 136, 137, 94, 95, 87, 86, 16, 17, 148, 149, 146, 150, 151, 152, 153, 156, 157, 147, 160, 161, 162, 163, 165, 164, 168, 169, 172, 173, 177, 174, 175, 176, 186, 187, 188, 189, 190, 191, 192, 193, 200, 201, 154, 155, 123, 122, 197, 210, 214, 215, 211, 196, 138, 82, 139, 72, 73, 83, 85, 84, 134, 135, 166, 167, 236, 237, 159, 143, 142, 144, 235, 158, 69, 238, 239, 246, 249, 250, 251, 253, 254, 255, 252, 247, 248, 91, 274, 275, 145, 227, 280, 184, 226, 234, 281, 183, 126, 68, 289, 127, 288, 194, 232, 233, 195, 90, 306, 307, 309, 310, 311, 312, 313, 314, 315, 308, 229, 320, 321, 185, 228, 182, 285, 284, 330, 331, 334, 335, 336, 337, 213, 212, 342, 343, 240, 241, 279, 278, 346, 347, 205, 204, 105, 104, 341, 353, 356, 357, 358, 362, 364, 365, 367, 366, 352, 225, 287, 340, 370, 371, 372, 373, 318, 54, 130, 55, 374, 375, 376, 377, 378, 379, 380, 381, 385, 382, 386, 387, 383, 384, 388, 389, 305, 319, 304, 390, 391, 392, 393, 359, 296, 291, 292, 394, 395, 396, 397, 290, 286, 297, 293, 181, 180, 398, 399, 400, 401, 404, 405, 406, 407, 408, 409]
  列生成求解结果: 目标值=12.0000， 下界=8.0000， 上界=10.0000

处理节点 410
  开始列生成求解...
Set parameter LogToConsole to value 0
Set parameter Threads to value 1
Set parameter Seed to value 0
  定价策略: Exact, node=410, vertices=10
Set parameter PoolSearchMode to value 2
Set parameter PoolSolutions to value 10
[CG 1] RMP=11.000000, pricing=ExactPricingSolver, new_columns=0
  搜索路径: [1, 2, 3, 6, 7, 10, 12, 13, 11, 18, 19, 22, 23, 20, 21, 30, 31, 28, 29, 36, 37, 39, 38, 44, 45, 48, 49, 26, 27, 58, 59, 60, 61, 64, 65, 70, 71, 56, 62, 57, 50, 77, 51, 79, 80, 81, 43, 63, 34, 96, 97, 100, 101, 92, 42, 76, 35, 110, 111, 113, 112, 118, 119, 124, 125, 93, 78, 132, 133, 136, 137, 94, 95, 87, 86, 16, 17, 148, 149, 146, 150, 151, 152, 153, 156, 157, 147, 160, 161, 162, 163, 165, 164, 168, 169, 172, 173, 177, 174, 175, 176, 186, 187, 188, 189, 190, 191, 192, 193, 200, 201, 154, 155, 123, 122, 197, 210, 214, 215, 211, 196, 138, 82, 139, 72, 73, 83, 85, 84, 134, 135, 166, 167, 236, 237, 159, 143, 142, 144, 235, 158, 69, 238, 239, 246, 249, 250, 251, 253, 254, 255, 252, 247, 248, 91, 274, 275, 145, 227, 280, 184, 226, 234, 281, 183, 126, 68, 289, 127, 288, 194, 232, 233, 195, 90, 306, 307, 309, 310, 311, 312, 313, 314, 315, 308, 229, 320, 321, 185, 228, 182, 285, 284, 330, 331, 334, 335, 336, 337, 213, 212, 342, 343, 240, 241, 279, 278, 346, 347, 205, 204, 105, 104, 341, 353, 356, 357, 358, 362, 364, 365, 367, 366, 352, 225, 287, 340, 370, 371, 372, 373, 318, 54, 130, 55, 374, 375, 376, 377, 378, 379, 380, 381, 385, 382, 386, 387, 383, 384, 388, 389, 305, 319, 304, 390, 391, 392, 393, 359, 296, 291, 292, 394, 395, 396, 397, 290, 286, 297, 293, 181, 180, 398, 399, 400, 401, 404, 405, 406, 407, 408, 409, 410]
  列生成求解结果: 目标值=11.0000， 下界=8.0000， 上界=10.0000

处理节点 411
  开始列生成求解...
Set parameter LogToConsole to value 0
Set parameter Threads to value 1
Set parameter Seed to value 0
  定价策略: Exact, node=411, vertices=10
Set parameter PoolSearchMode to value 2
Set parameter PoolSolutions to value 10
[CG 1] RMP=12.000000, pricing=ExactPricingSolver, new_columns=0
  搜索路径: [1, 2, 3, 6, 7, 10, 12, 13, 11, 18, 19, 22, 23, 20, 21, 30, 31, 28, 29, 36, 37, 39, 38, 44, 45, 48, 49, 26, 27, 58, 59, 60, 61, 64, 65, 70, 71, 56, 62, 57, 50, 77, 51, 79, 80, 81, 43, 63, 34, 96, 97, 100, 101, 92, 42, 76, 35, 110, 111, 113, 112, 118, 119, 124, 125, 93, 78, 132, 133, 136, 137, 94, 95, 87, 86, 16, 17, 148, 149, 146, 150, 151, 152, 153, 156, 157, 147, 160, 161, 162, 163, 165, 164, 168, 169, 172, 173, 177, 174, 175, 176, 186, 187, 188, 189, 190, 191, 192, 193, 200, 201, 154, 155, 123, 122, 197, 210, 214, 215, 211, 196, 138, 82, 139, 72, 73, 83, 85, 84, 134, 135, 166, 167, 236, 237, 159, 143, 142, 144, 235, 158, 69, 238, 239, 246, 249, 250, 251, 253, 254, 255, 252, 247, 248, 91, 274, 275, 145, 227, 280, 184, 226, 234, 281, 183, 126, 68, 289, 127, 288, 194, 232, 233, 195, 90, 306, 307, 309, 310, 311, 312, 313, 314, 315, 308, 229, 320, 321, 185, 228, 182, 285, 284, 330, 331, 334, 335, 336, 337, 213, 212, 342, 343, 240, 241, 279, 278, 346, 347, 205, 204, 105, 104, 341, 353, 356, 357, 358, 362, 364, 365, 367, 366, 352, 225, 287, 340, 370, 371, 372, 373, 318, 54, 130, 55, 374, 375, 376, 377, 378, 379, 380, 381, 385, 382, 386, 387, 383, 384, 388, 389, 305, 319, 304, 390, 391, 392, 393, 359, 296, 291, 292, 394, 395, 396, 397, 290, 286, 297, 293, 181, 180, 398, 399, 400, 401, 404, 405, 406, 407, 408, 409, 410, 411]
  列生成求解结果: 目标值=12.0000， 下界=8.0000， 上界=10.0000

处理节点 264
  开始列生成求解...
Set parameter LogToConsole to value 0
Set parameter Threads to value 1
Set parameter Seed to value 0
  定价策略: Exact, node=264, vertices=12
Set parameter PoolSearchMode to value 2
Set parameter PoolSolutions to value 10
[CG 1] RMP=8.000000, pricing=ExactPricingSolver, new_columns=0
  搜索路径: [1, 2, 3, 6, 7, 10, 12, 13, 11, 18, 19, 22, 23, 20, 21, 30, 31, 28, 29, 36, 37, 39, 38, 44, 45, 48, 49, 26, 27, 58, 59, 60, 61, 64, 65, 70, 71, 56, 62, 57, 50, 77, 51, 79, 80, 81, 43, 63, 34, 96, 97, 100, 101, 92, 42, 76, 35, 110, 111, 113, 112, 118, 119, 124, 125, 93, 78, 132, 133, 136, 137, 94, 95, 87, 86, 16, 17, 148, 149, 146, 150, 151, 152, 153, 156, 157, 147, 160, 161, 162, 163, 165, 164, 168, 169, 172, 173, 177, 174, 175, 176, 186, 187, 188, 189, 190, 191, 192, 193, 200, 201, 154, 155, 123, 122, 197, 210, 214, 215, 211, 196, 138, 82, 139, 72, 73, 83, 85, 84, 134, 135, 166, 167, 236, 237, 159, 143, 142, 144, 235, 158, 69, 238, 239, 246, 249, 250, 251, 253, 254, 255, 252, 247, 248, 91, 274, 275, 145, 227, 280, 184, 226, 234, 281, 183, 126, 68, 289, 127, 288, 194, 232, 233, 195, 90, 306, 307, 309, 310, 311, 312, 313, 314, 315, 308, 229, 320, 321, 185, 228, 182, 285, 284, 330, 331, 334, 335, 336, 337, 213, 212, 342, 343, 240, 241, 279, 278, 346, 347, 205, 204, 105, 104, 341, 353, 356, 357, 358, 362, 364, 365, 367, 366, 352, 225, 287, 340, 370, 371, 372, 373, 318, 54, 130, 55, 374, 375, 376, 377, 378, 379, 380, 381, 385, 382, 386, 387, 383, 384, 388, 389, 305, 319, 304, 390, 391, 392, 393, 359, 296, 291, 292, 394, 395, 396, 397, 290, 286, 297, 293, 181, 180, 398, 399, 400, 401, 404, 405, 406, 407, 408, 409, 410, 411, 264]
  列生成求解结果: 目标值=8.0000， 下界=8.0000， 上界=10.0000
    非整数变量: COL_1-18-23-9_29 = 0.333333
  解不是整数，开始分支...
ImposedVertex(vertex=12)
ForbidVertex(vertex=12)
  创建了 2 个分支
    添加分支节点 1: ID=412
    添加分支节点 2: ID=413

处理节点 224
  开始列生成求解...
Set parameter LogToConsole to value 0
Set parameter Threads to value 1
Set parameter Seed to value 0
  定价策略: Exact, node=224, vertices=17
Set parameter PoolSearchMode to value 2
Set parameter PoolSolutions to value 10
[CG 1] RMP=9.000000, pricing=ExactPricingSolver, new_columns=0
  搜索路径: [1, 2, 3, 6, 7, 10, 12, 13, 11, 18, 19, 22, 23, 20, 21, 30, 31, 28, 29, 36, 37, 39, 38, 44, 45, 48, 49, 26, 27, 58, 59, 60, 61, 64, 65, 70, 71, 56, 62, 57, 50, 77, 51, 79, 80, 81, 43, 63, 34, 96, 97, 100, 101, 92, 42, 76, 35, 110, 111, 113, 112, 118, 119, 124, 125, 93, 78, 132, 133, 136, 137, 94, 95, 87, 86, 16, 17, 148, 149, 146, 150, 151, 152, 153, 156, 157, 147, 160, 161, 162, 163, 165, 164, 168, 169, 172, 173, 177, 174, 175, 176, 186, 187, 188, 189, 190, 191, 192, 193, 200, 201, 154, 155, 123, 122, 197, 210, 214, 215, 211, 196, 138, 82, 139, 72, 73, 83, 85, 84, 134, 135, 166, 167, 236, 237, 159, 143, 142, 144, 235, 158, 69, 238, 239, 246, 249, 250, 251, 253, 254, 255, 252, 247, 248, 91, 274, 275, 145, 227, 280, 184, 226, 234, 281, 183, 126, 68, 289, 127, 288, 194, 232, 233, 195, 90, 306, 307, 309, 310, 311, 312, 313, 314, 315, 308, 229, 320, 321, 185, 228, 182, 285, 284, 330, 331, 334, 335, 336, 337, 213, 212, 342, 343, 240, 241, 279, 278, 346, 347, 205, 204, 105, 104, 341, 353, 356, 357, 358, 362, 364, 365, 367, 366, 352, 225, 287, 340, 370, 371, 372, 373, 318, 54, 130, 55, 374, 375, 376, 377, 378, 379, 380, 381, 385, 382, 386, 387, 383, 384, 388, 389, 305, 319, 304, 390, 391, 392, 393, 359, 296, 291, 292, 394, 395, 396, 397, 290, 286, 297, 293, 181, 180, 398, 399, 400, 401, 404, 405, 406, 407, 408, 409, 410, 411, 264, 224]
  列生成求解结果: 目标值=9.0000， 下界=8.0000， 上界=10.0000
    非整数变量: COL_11-15-2-22-26-4-7-9_274 = 0.900000
  解不是整数，开始分支...
ImposedVertex(vertex=26)
ForbidVertex(vertex=26)
  创建了 2 个分支
    添加分支节点 1: ID=414
    添加分支节点 2: ID=415

处理节点 412
  开始列生成求解...
Set parameter LogToConsole to value 0
Set parameter Threads to value 1
Set parameter Seed to value 0
  定价策略: Exact, node=412, vertices=11
Set parameter PoolSearchMode to value 2
Set parameter PoolSolutions to value 10
[CG 1] RMP=9.000000, pricing=ExactPricingSolver, new_columns=10
[CG 2] RMP=9.000000, pricing=ExactPricingSolver, new_columns=0
  搜索路径: [1, 2, 3, 6, 7, 10, 12, 13, 11, 18, 19, 22, 23, 20, 21, 30, 31, 28, 29, 36, 37, 39, 38, 44, 45, 48, 49, 26, 27, 58, 59, 60, 61, 64, 65, 70, 71, 56, 62, 57, 50, 77, 51, 79, 80, 81, 43, 63, 34, 96, 97, 100, 101, 92, 42, 76, 35, 110, 111, 113, 112, 118, 119, 124, 125, 93, 78, 132, 133, 136, 137, 94, 95, 87, 86, 16, 17, 148, 149, 146, 150, 151, 152, 153, 156, 157, 147, 160, 161, 162, 163, 165, 164, 168, 169, 172, 173, 177, 174, 175, 176, 186, 187, 188, 189, 190, 191, 192, 193, 200, 201, 154, 155, 123, 122, 197, 210, 214, 215, 211, 196, 138, 82, 139, 72, 73, 83, 85, 84, 134, 135, 166, 167, 236, 237, 159, 143, 142, 144, 235, 158, 69, 238, 239, 246, 249, 250, 251, 253, 254, 255, 252, 247, 248, 91, 274, 275, 145, 227, 280, 184, 226, 234, 281, 183, 126, 68, 289, 127, 288, 194, 232, 233, 195, 90, 306, 307, 309, 310, 311, 312, 313, 314, 315, 308, 229, 320, 321, 185, 228, 182, 285, 284, 330, 331, 334, 335, 336, 337, 213, 212, 342, 343, 240, 241, 279, 278, 346, 347, 205, 204, 105, 104, 341, 353, 356, 357, 358, 362, 364, 365, 367, 366, 352, 225, 287, 340, 370, 371, 372, 373, 318, 54, 130, 55, 374, 375, 376, 377, 378, 379, 380, 381, 385, 382, 386, 387, 383, 384, 388, 389, 305, 319, 304, 390, 391, 392, 393, 359, 296, 291, 292, 394, 395, 396, 397, 290, 286, 297, 293, 181, 180, 398, 399, 400, 401, 404, 405, 406, 407, 408, 409, 410, 411, 264, 224, 412]
  列生成求解结果: 目标值=9.0000， 下界=8.0000， 上界=10.0000
    非整数变量: COL_1-18-23-9_29 = 0.523810
  解不是整数，开始分支...
ImposedVertex(vertex=27)
ForbidVertex(vertex=27)
  创建了 2 个分支
    添加分支节点 1: ID=416
    添加分支节点 2: ID=417

处理节点 413
  开始列生成求解...
Set parameter LogToConsole to value 0
Set parameter Threads to value 1
Set parameter Seed to value 0
  定价策略: Exact, node=413, vertices=11
Set parameter PoolSearchMode to value 2
Set parameter PoolSolutions to value 10
[CG 1] RMP=2010.000000, pricing=ExactPricingSolver, new_columns=10
[CG 2] RMP=10.000000, pricing=ExactPricingSolver, new_columns=0
  搜索路径: [1, 2, 3, 6, 7, 10, 12, 13, 11, 18, 19, 22, 23, 20, 21, 30, 31, 28, 29, 36, 37, 39, 38, 44, 45, 48, 49, 26, 27, 58, 59, 60, 61, 64, 65, 70, 71, 56, 62, 57, 50, 77, 51, 79, 80, 81, 43, 63, 34, 96, 97, 100, 101, 92, 42, 76, 35, 110, 111, 113, 112, 118, 119, 124, 125, 93, 78, 132, 133, 136, 137, 94, 95, 87, 86, 16, 17, 148, 149, 146, 150, 151, 152, 153, 156, 157, 147, 160, 161, 162, 163, 165, 164, 168, 169, 172, 173, 177, 174, 175, 176, 186, 187, 188, 189, 190, 191, 192, 193, 200, 201, 154, 155, 123, 122, 197, 210, 214, 215, 211, 196, 138, 82, 139, 72, 73, 83, 85, 84, 134, 135, 166, 167, 236, 237, 159, 143, 142, 144, 235, 158, 69, 238, 239, 246, 249, 250, 251, 253, 254, 255, 252, 247, 248, 91, 274, 275, 145, 227, 280, 184, 226, 234, 281, 183, 126, 68, 289, 127, 288, 194, 232, 233, 195, 90, 306, 307, 309, 310, 311, 312, 313, 314, 315, 308, 229, 320, 321, 185, 228, 182, 285, 284, 330, 331, 334, 335, 336, 337, 213, 212, 342, 343, 240, 241, 279, 278, 346, 347, 205, 204, 105, 104, 341, 353, 356, 357, 358, 362, 364, 365, 367, 366, 352, 225, 287, 340, 370, 371, 372, 373, 318, 54, 130, 55, 374, 375, 376, 377, 378, 379, 380, 381, 385, 382, 386, 387, 383, 384, 388, 389, 305, 319, 304, 390, 391, 392, 393, 359, 296, 291, 292, 394, 395, 396, 397, 290, 286, 297, 293, 181, 180, 398, 399, 400, 401, 404, 405, 406, 407, 408, 409, 410, 411, 264, 224, 412, 413]
  列生成求解结果: 目标值=10.0000， 下界=8.0000， 上界=10.0000

处理节点 131
  开始列生成求解...
Set parameter LogToConsole to value 0
Set parameter Threads to value 1
Set parameter Seed to value 0
  定价策略: Exact, node=131, vertices=18
Set parameter PoolSearchMode to value 2
Set parameter PoolSolutions to value 10
[CG 1] RMP=10.000000, pricing=ExactPricingSolver, new_columns=10
[CG 2] RMP=8.000000, pricing=ExactPricingSolver, new_columns=0
  搜索路径: [1, 2, 3, 6, 7, 10, 12, 13, 11, 18, 19, 22, 23, 20, 21, 30, 31, 28, 29, 36, 37, 39, 38, 44, 45, 48, 49, 26, 27, 58, 59, 60, 61, 64, 65, 70, 71, 56, 62, 57, 50, 77, 51, 79, 80, 81, 43, 63, 34, 96, 97, 100, 101, 92, 42, 76, 35, 110, 111, 113, 112, 118, 119, 124, 125, 93, 78, 132, 133, 136, 137, 94, 95, 87, 86, 16, 17, 148, 149, 146, 150, 151, 152, 153, 156, 157, 147, 160, 161, 162, 163, 165, 164, 168, 169, 172, 173, 177, 174, 175, 176, 186, 187, 188, 189, 190, 191, 192, 193, 200, 201, 154, 155, 123, 122, 197, 210, 214, 215, 211, 196, 138, 82, 139, 72, 73, 83, 85, 84, 134, 135, 166, 167, 236, 237, 159, 143, 142, 144, 235, 158, 69, 238, 239, 246, 249, 250, 251, 253, 254, 255, 252, 247, 248, 91, 274, 275, 145, 227, 280, 184, 226, 234, 281, 183, 126, 68, 289, 127, 288, 194, 232, 233, 195, 90, 306, 307, 309, 310, 311, 312, 313, 314, 315, 308, 229, 320, 321, 185, 228, 182, 285, 284, 330, 331, 334, 335, 336, 337, 213, 212, 342, 343, 240, 241, 279, 278, 346, 347, 205, 204, 105, 104, 341, 353, 356, 357, 358, 362, 364, 365, 367, 366, 352, 225, 287, 340, 370, 371, 372, 373, 318, 54, 130, 55, 374, 375, 376, 377, 378, 379, 380, 381, 385, 382, 386, 387, 383, 384, 388, 389, 305, 319, 304, 390, 391, 392, 393, 359, 296, 291, 292, 394, 395, 396, 397, 290, 286, 297, 293, 181, 180, 398, 399, 400, 401, 404, 405, 406, 407, 408, 409, 410, 411, 264, 224, 412, 413, 131]
  列生成求解结果: 目标值=8.0000， 下界=8.0000， 上界=10.0000
    非整数变量: COL_1-19_118 = 0.600000
  解不是整数，开始分支...
ImposedVertex(vertex=23)
ForbidVertex(vertex=23)
  创建了 2 个分支
    添加分支节点 1: ID=418
    添加分支节点 2: ID=419

处理节点 208
  开始列生成求解...
Set parameter LogToConsole to value 0
Set parameter Threads to value 1
Set parameter Seed to value 0
  定价策略: Exact, node=208, vertices=18
Set parameter PoolSearchMode to value 2
Set parameter PoolSolutions to value 10
[CG 1] RMP=8.000000, pricing=ExactPricingSolver, new_columns=0
  搜索路径: [1, 2, 3, 6, 7, 10, 12, 13, 11, 18, 19, 22, 23, 20, 21, 30, 31, 28, 29, 36, 37, 39, 38, 44, 45, 48, 49, 26, 27, 58, 59, 60, 61, 64, 65, 70, 71, 56, 62, 57, 50, 77, 51, 79, 80, 81, 43, 63, 34, 96, 97, 100, 101, 92, 42, 76, 35, 110, 111, 113, 112, 118, 119, 124, 125, 93, 78, 132, 133, 136, 137, 94, 95, 87, 86, 16, 17, 148, 149, 146, 150, 151, 152, 153, 156, 157, 147, 160, 161, 162, 163, 165, 164, 168, 169, 172, 173, 177, 174, 175, 176, 186, 187, 188, 189, 190, 191, 192, 193, 200, 201, 154, 155, 123, 122, 197, 210, 214, 215, 211, 196, 138, 82, 139, 72, 73, 83, 85, 84, 134, 135, 166, 167, 236, 237, 159, 143, 142, 144, 235, 158, 69, 238, 239, 246, 249, 250, 251, 253, 254, 255, 252, 247, 248, 91, 274, 275, 145, 227, 280, 184, 226, 234, 281, 183, 126, 68, 289, 127, 288, 194, 232, 233, 195, 90, 306, 307, 309, 310, 311, 312, 313, 314, 315, 308, 229, 320, 321, 185, 228, 182, 285, 284, 330, 331, 334, 335, 336, 337, 213, 212, 342, 343, 240, 241, 279, 278, 346, 347, 205, 204, 105, 104, 341, 353, 356, 357, 358, 362, 364, 365, 367, 366, 352, 225, 287, 340, 370, 371, 372, 373, 318, 54, 130, 55, 374, 375, 376, 377, 378, 379, 380, 381, 385, 382, 386, 387, 383, 384, 388, 389, 305, 319, 304, 390, 391, 392, 393, 359, 296, 291, 292, 394, 395, 396, 397, 290, 286, 297, 293, 181, 180, 398, 399, 400, 401, 404, 405, 406, 407, 408, 409, 410, 411, 264, 224, 412, 413, 131, 208]
  列生成求解结果: 目标值=8.0000， 下界=8.0000， 上界=10.0000
    非整数变量: COL_0-18-22-9_28 = 0.308081
  解不是整数，开始分支...
ImposedVertex(vertex=22)
ForbidVertex(vertex=22)
  创建了 2 个分支
    添加分支节点 1: ID=420
    添加分支节点 2: ID=421
  进度: 已处理 290 个节点, 剩余 109 个, 当前最优 10.0000, 当前列数: 2116

处理节点 418
  开始列生成求解...
Set parameter LogToConsole to value 0
Set parameter Threads to value 1
Set parameter Seed to value 0
  定价策略: Exact, node=418, vertices=17
Set parameter PoolSearchMode to value 2
Set parameter PoolSolutions to value 10
[CG 1] RMP=20.000000, pricing=ExactPricingSolver, new_columns=10
[CG 2] RMP=8.000000, pricing=ExactPricingSolver, new_columns=0
  搜索路径: [1, 2, 3, 6, 7, 10, 12, 13, 11, 18, 19, 22, 23, 20, 21, 30, 31, 28, 29, 36, 37, 39, 38, 44, 45, 48, 49, 26, 27, 58, 59, 60, 61, 64, 65, 70, 71, 56, 62, 57, 50, 77, 51, 79, 80, 81, 43, 63, 34, 96, 97, 100, 101, 92, 42, 76, 35, 110, 111, 113, 112, 118, 119, 124, 125, 93, 78, 132, 133, 136, 137, 94, 95, 87, 86, 16, 17, 148, 149, 146, 150, 151, 152, 153, 156, 157, 147, 160, 161, 162, 163, 165, 164, 168, 169, 172, 173, 177, 174, 175, 176, 186, 187, 188, 189, 190, 191, 192, 193, 200, 201, 154, 155, 123, 122, 197, 210, 214, 215, 211, 196, 138, 82, 139, 72, 73, 83, 85, 84, 134, 135, 166, 167, 236, 237, 159, 143, 142, 144, 235, 158, 69, 238, 239, 246, 249, 250, 251, 253, 254, 255, 252, 247, 248, 91, 274, 275, 145, 227, 280, 184, 226, 234, 281, 183, 126, 68, 289, 127, 288, 194, 232, 233, 195, 90, 306, 307, 309, 310, 311, 312, 313, 314, 315, 308, 229, 320, 321, 185, 228, 182, 285, 284, 330, 331, 334, 335, 336, 337, 213, 212, 342, 343, 240, 241, 279, 278, 346, 347, 205, 204, 105, 104, 341, 353, 356, 357, 358, 362, 364, 365, 367, 366, 352, 225, 287, 340, 370, 371, 372, 373, 318, 54, 130, 55, 374, 375, 376, 377, 378, 379, 380, 381, 385, 382, 386, 387, 383, 384, 388, 389, 305, 319, 304, 390, 391, 392, 393, 359, 296, 291, 292, 394, 395, 396, 397, 290, 286, 297, 293, 181, 180, 398, 399, 400, 401, 404, 405, 406, 407, 408, 409, 410, 411, 264, 224, 412, 413, 131, 208, 418]
  列生成求解结果: 目标值=8.0000， 下界=8.0000， 上界=10.0000
    非整数变量: COL_1-26_50 = 0.454545
  解不是整数，开始分支...
ImposedVertex(vertex=26)
ForbidVertex(vertex=26)
  创建了 2 个分支
    添加分支节点 1: ID=422
    添加分支节点 2: ID=423

处理节点 419
  开始列生成求解...
Set parameter LogToConsole to value 0
Set parameter Threads to value 1
Set parameter Seed to value 0
  定价策略: Exact, node=419, vertices=17
Set parameter PoolSearchMode to value 2
Set parameter PoolSolutions to value 10
[CG 1] RMP=9.000000, pricing=ExactPricingSolver, new_columns=0
  搜索路径: [1, 2, 3, 6, 7, 10, 12, 13, 11, 18, 19, 22, 23, 20, 21, 30, 31, 28, 29, 36, 37, 39, 38, 44, 45, 48, 49, 26, 27, 58, 59, 60, 61, 64, 65, 70, 71, 56, 62, 57, 50, 77, 51, 79, 80, 81, 43, 63, 34, 96, 97, 100, 101, 92, 42, 76, 35, 110, 111, 113, 112, 118, 119, 124, 125, 93, 78, 132, 133, 136, 137, 94, 95, 87, 86, 16, 17, 148, 149, 146, 150, 151, 152, 153, 156, 157, 147, 160, 161, 162, 163, 165, 164, 168, 169, 172, 173, 177, 174, 175, 176, 186, 187, 188, 189, 190, 191, 192, 193, 200, 201, 154, 155, 123, 122, 197, 210, 214, 215, 211, 196, 138, 82, 139, 72, 73, 83, 85, 84, 134, 135, 166, 167, 236, 237, 159, 143, 142, 144, 235, 158, 69, 238, 239, 246, 249, 250, 251, 253, 254, 255, 252, 247, 248, 91, 274, 275, 145, 227, 280, 184, 226, 234, 281, 183, 126, 68, 289, 127, 288, 194, 232, 233, 195, 90, 306, 307, 309, 310, 311, 312, 313, 314, 315, 308, 229, 320, 321, 185, 228, 182, 285, 284, 330, 331, 334, 335, 336, 337, 213, 212, 342, 343, 240, 241, 279, 278, 346, 347, 205, 204, 105, 104, 341, 353, 356, 357, 358, 362, 364, 365, 367, 366, 352, 225, 287, 340, 370, 371, 372, 373, 318, 54, 130, 55, 374, 375, 376, 377, 378, 379, 380, 381, 385, 382, 386, 387, 383, 384, 388, 389, 305, 319, 304, 390, 391, 392, 393, 359, 296, 291, 292, 394, 395, 396, 397, 290, 286, 297, 293, 181, 180, 398, 399, 400, 401, 404, 405, 406, 407, 408, 409, 410, 411, 264, 224, 412, 413, 131, 208, 418, 419]
  列生成求解结果: 目标值=9.0000， 下界=8.0000， 上界=10.0000
    非整数变量: COL_1-9_68 = 0.900000
  解不是整数，开始分支...
ImposedVertex(vertex=26)
ForbidVertex(vertex=26)
  创建了 2 个分支
    添加分支节点 1: ID=424
    添加分支节点 2: ID=425

处理节点 420
  开始列生成求解...
Set parameter LogToConsole to value 0
Set parameter Threads to value 1
Set parameter Seed to value 0
  定价策略: Exact, node=420, vertices=16
Set parameter PoolSearchMode to value 2
Set parameter PoolSolutions to value 10
[CG 1] RMP=9.000000, pricing=ExactPricingSolver, new_columns=0
  搜索路径: [1, 2, 3, 6, 7, 10, 12, 13, 11, 18, 19, 22, 23, 20, 21, 30, 31, 28, 29, 36, 37, 39, 38, 44, 45, 48, 49, 26, 27, 58, 59, 60, 61, 64, 65, 70, 71, 56, 62, 57, 50, 77, 51, 79, 80, 81, 43, 63, 34, 96, 97, 100, 101, 92, 42, 76, 35, 110, 111, 113, 112, 118, 119, 124, 125, 93, 78, 132, 133, 136, 137, 94, 95, 87, 86, 16, 17, 148, 149, 146, 150, 151, 152, 153, 156, 157, 147, 160, 161, 162, 163, 165, 164, 168, 169, 172, 173, 177, 174, 175, 176, 186, 187, 188, 189, 190, 191, 192, 193, 200, 201, 154, 155, 123, 122, 197, 210, 214, 215, 211, 196, 138, 82, 139, 72, 73, 83, 85, 84, 134, 135, 166, 167, 236, 237, 159, 143, 142, 144, 235, 158, 69, 238, 239, 246, 249, 250, 251, 253, 254, 255, 252, 247, 248, 91, 274, 275, 145, 227, 280, 184, 226, 234, 281, 183, 126, 68, 289, 127, 288, 194, 232, 233, 195, 90, 306, 307, 309, 310, 311, 312, 313, 314, 315, 308, 229, 320, 321, 185, 228, 182, 285, 284, 330, 331, 334, 335, 336, 337, 213, 212, 342, 343, 240, 241, 279, 278, 346, 347, 205, 204, 105, 104, 341, 353, 356, 357, 358, 362, 364, 365, 367, 366, 352, 225, 287, 340, 370, 371, 372, 373, 318, 54, 130, 55, 374, 375, 376, 377, 378, 379, 380, 381, 385, 382, 386, 387, 383, 384, 388, 389, 305, 319, 304, 390, 391, 392, 393, 359, 296, 291, 292, 394, 395, 396, 397, 290, 286, 297, 293, 181, 180, 398, 399, 400, 401, 404, 405, 406, 407, 408, 409, 410, 411, 264, 224, 412, 413, 131, 208, 418, 419, 420]
  列生成求解结果: 目标值=9.0000， 下界=8.0000， 上界=10.0000
    非整数变量: COL_0-18-22-9_28 = 0.818182
  解不是整数，开始分支...
ImposedVertex(vertex=28)
ForbidVertex(vertex=28)
  创建了 2 个分支
    添加分支节点 1: ID=426
    添加分支节点 2: ID=427

处理节点 421
  开始列生成求解...
Set parameter LogToConsole to value 0
Set parameter Threads to value 1
Set parameter Seed to value 0
  定价策略: Exact, node=421, vertices=17
Set parameter PoolSearchMode to value 2
Set parameter PoolSolutions to value 10
[CG 1] RMP=11.000000, pricing=ExactPricingSolver, new_columns=10
[CG 2] RMP=8.000000, pricing=ExactPricingSolver, new_columns=0
  搜索路径: [1, 2, 3, 6, 7, 10, 12, 13, 11, 18, 19, 22, 23, 20, 21, 30, 31, 28, 29, 36, 37, 39, 38, 44, 45, 48, 49, 26, 27, 58, 59, 60, 61, 64, 65, 70, 71, 56, 62, 57, 50, 77, 51, 79, 80, 81, 43, 63, 34, 96, 97, 100, 101, 92, 42, 76, 35, 110, 111, 113, 112, 118, 119, 124, 125, 93, 78, 132, 133, 136, 137, 94, 95, 87, 86, 16, 17, 148, 149, 146, 150, 151, 152, 153, 156, 157, 147, 160, 161, 162, 163, 165, 164, 168, 169, 172, 173, 177, 174, 175, 176, 186, 187, 188, 189, 190, 191, 192, 193, 200, 201, 154, 155, 123, 122, 197, 210, 214, 215, 211, 196, 138, 82, 139, 72, 73, 83, 85, 84, 134, 135, 166, 167, 236, 237, 159, 143, 142, 144, 235, 158, 69, 238, 239, 246, 249, 250, 251, 253, 254, 255, 252, 247, 248, 91, 274, 275, 145, 227, 280, 184, 226, 234, 281, 183, 126, 68, 289, 127, 288, 194, 232, 233, 195, 90, 306, 307, 309, 310, 311, 312, 313, 314, 315, 308, 229, 320, 321, 185, 228, 182, 285, 284, 330, 331, 334, 335, 336, 337, 213, 212, 342, 343, 240, 241, 279, 278, 346, 347, 205, 204, 105, 104, 341, 353, 356, 357, 358, 362, 364, 365, 367, 366, 352, 225, 287, 340, 370, 371, 372, 373, 318, 54, 130, 55, 374, 375, 376, 377, 378, 379, 380, 381, 385, 382, 386, 387, 383, 384, 388, 389, 305, 319, 304, 390, 391, 392, 393, 359, 296, 291, 292, 394, 395, 396, 397, 290, 286, 297, 293, 181, 180, 398, 399, 400, 401, 404, 405, 406, 407, 408, 409, 410, 411, 264, 224, 412, 413, 131, 208, 418, 419, 420, 421]
  列生成求解结果: 目标值=8.0000， 下界=8.0000， 上界=10.0000
    非整数变量: COL_11-16-18-20-27-4-7-9_653 = 0.333333
  解不是整数，开始分支...
ImposedVertex(vertex=27)
ForbidVertex(vertex=27)
  创建了 2 个分支
    添加分支节点 1: ID=428
    添加分支节点 2: ID=429

处理节点 422
  开始列生成求解...
Set parameter LogToConsole to value 0
Set parameter Threads to value 1
Set parameter Seed to value 0
  定价策略: Exact, node=422, vertices=16
Set parameter PoolSearchMode to value 2
Set parameter PoolSolutions to value 10
[CG 1] RMP=10.000000, pricing=ExactPricingSolver, new_columns=0
  搜索路径: [1, 2, 3, 6, 7, 10, 12, 13, 11, 18, 19, 22, 23, 20, 21, 30, 31, 28, 29, 36, 37, 39, 38, 44, 45, 48, 49, 26, 27, 58, 59, 60, 61, 64, 65, 70, 71, 56, 62, 57, 50, 77, 51, 79, 80, 81, 43, 63, 34, 96, 97, 100, 101, 92, 42, 76, 35, 110, 111, 113, 112, 118, 119, 124, 125, 93, 78, 132, 133, 136, 137, 94, 95, 87, 86, 16, 17, 148, 149, 146, 150, 151, 152, 153, 156, 157, 147, 160, 161, 162, 163, 165, 164, 168, 169, 172, 173, 177, 174, 175, 176, 186, 187, 188, 189, 190, 191, 192, 193, 200, 201, 154, 155, 123, 122, 197, 210, 214, 215, 211, 196, 138, 82, 139, 72, 73, 83, 85, 84, 134, 135, 166, 167, 236, 237, 159, 143, 142, 144, 235, 158, 69, 238, 239, 246, 249, 250, 251, 253, 254, 255, 252, 247, 248, 91, 274, 275, 145, 227, 280, 184, 226, 234, 281, 183, 126, 68, 289, 127, 288, 194, 232, 233, 195, 90, 306, 307, 309, 310, 311, 312, 313, 314, 315, 308, 229, 320, 321, 185, 228, 182, 285, 284, 330, 331, 334, 335, 336, 337, 213, 212, 342, 343, 240, 241, 279, 278, 346, 347, 205, 204, 105, 104, 341, 353, 356, 357, 358, 362, 364, 365, 367, 366, 352, 225, 287, 340, 370, 371, 372, 373, 318, 54, 130, 55, 374, 375, 376, 377, 378, 379, 380, 381, 385, 382, 386, 387, 383, 384, 388, 389, 305, 319, 304, 390, 391, 392, 393, 359, 296, 291, 292, 394, 395, 396, 397, 290, 286, 297, 293, 181, 180, 398, 399, 400, 401, 404, 405, 406, 407, 408, 409, 410, 411, 264, 224, 412, 413, 131, 208, 418, 419, 420, 421, 422]
  列生成求解结果: 目标值=10.0000， 下界=8.0000， 上界=10.0000

处理节点 423
  开始列生成求解...
Set parameter LogToConsole to value 0
Set parameter Threads to value 1
Set parameter Seed to value 0
  定价策略: Exact, node=423, vertices=16
Set parameter PoolSearchMode to value 2
Set parameter PoolSolutions to value 10
[CG 1] RMP=12.000000, pricing=ExactPricingSolver, new_columns=0
  搜索路径: [1, 2, 3, 6, 7, 10, 12, 13, 11, 18, 19, 22, 23, 20, 21, 30, 31, 28, 29, 36, 37, 39, 38, 44, 45, 48, 49, 26, 27, 58, 59, 60, 61, 64, 65, 70, 71, 56, 62, 57, 50, 77, 51, 79, 80, 81, 43, 63, 34, 96, 97, 100, 101, 92, 42, 76, 35, 110, 111, 113, 112, 118, 119, 124, 125, 93, 78, 132, 133, 136, 137, 94, 95, 87, 86, 16, 17, 148, 149, 146, 150, 151, 152, 153, 156, 157, 147, 160, 161, 162, 163, 165, 164, 168, 169, 172, 173, 177, 174, 175, 176, 186, 187, 188, 189, 190, 191, 192, 193, 200, 201, 154, 155, 123, 122, 197, 210, 214, 215, 211, 196, 138, 82, 139, 72, 73, 83, 85, 84, 134, 135, 166, 167, 236, 237, 159, 143, 142, 144, 235, 158, 69, 238, 239, 246, 249, 250, 251, 253, 254, 255, 252, 247, 248, 91, 274, 275, 145, 227, 280, 184, 226, 234, 281, 183, 126, 68, 289, 127, 288, 194, 232, 233, 195, 90, 306, 307, 309, 310, 311, 312, 313, 314, 315, 308, 229, 320, 321, 185, 228, 182, 285, 284, 330, 331, 334, 335, 336, 337, 213, 212, 342, 343, 240, 241, 279, 278, 346, 347, 205, 204, 105, 104, 341, 353, 356, 357, 358, 362, 364, 365, 367, 366, 352, 225, 287, 340, 370, 371, 372, 373, 318, 54, 130, 55, 374, 375, 376, 377, 378, 379, 380, 381, 385, 382, 386, 387, 383, 384, 388, 389, 305, 319, 304, 390, 391, 392, 393, 359, 296, 291, 292, 394, 395, 396, 397, 290, 286, 297, 293, 181, 180, 398, 399, 400, 401, 404, 405, 406, 407, 408, 409, 410, 411, 264, 224, 412, 413, 131, 208, 418, 419, 420, 421, 422, 423]
  列生成求解结果: 目标值=12.0000， 下界=8.0000， 上界=10.0000

处理节点 428
  开始列生成求解...
Set parameter LogToConsole to value 0
Set parameter Threads to value 1
Set parameter Seed to value 0
  定价策略: Exact, node=428, vertices=16
Set parameter PoolSearchMode to value 2
Set parameter PoolSolutions to value 10
[CG 1] RMP=11.000000, pricing=ExactPricingSolver, new_columns=0
  搜索路径: [1, 2, 3, 6, 7, 10, 12, 13, 11, 18, 19, 22, 23, 20, 21, 30, 31, 28, 29, 36, 37, 39, 38, 44, 45, 48, 49, 26, 27, 58, 59, 60, 61, 64, 65, 70, 71, 56, 62, 57, 50, 77, 51, 79, 80, 81, 43, 63, 34, 96, 97, 100, 101, 92, 42, 76, 35, 110, 111, 113, 112, 118, 119, 124, 125, 93, 78, 132, 133, 136, 137, 94, 95, 87, 86, 16, 17, 148, 149, 146, 150, 151, 152, 153, 156, 157, 147, 160, 161, 162, 163, 165, 164, 168, 169, 172, 173, 177, 174, 175, 176, 186, 187, 188, 189, 190, 191, 192, 193, 200, 201, 154, 155, 123, 122, 197, 210, 214, 215, 211, 196, 138, 82, 139, 72, 73, 83, 85, 84, 134, 135, 166, 167, 236, 237, 159, 143, 142, 144, 235, 158, 69, 238, 239, 246, 249, 250, 251, 253, 254, 255, 252, 247, 248, 91, 274, 275, 145, 227, 280, 184, 226, 234, 281, 183, 126, 68, 289, 127, 288, 194, 232, 233, 195, 90, 306, 307, 309, 310, 311, 312, 313, 314, 315, 308, 229, 320, 321, 185, 228, 182, 285, 284, 330, 331, 334, 335, 336, 337, 213, 212, 342, 343, 240, 241, 279, 278, 346, 347, 205, 204, 105, 104, 341, 353, 356, 357, 358, 362, 364, 365, 367, 366, 352, 225, 287, 340, 370, 371, 372, 373, 318, 54, 130, 55, 374, 375, 376, 377, 378, 379, 380, 381, 385, 382, 386, 387, 383, 384, 388, 389, 305, 319, 304, 390, 391, 392, 393, 359, 296, 291, 292, 394, 395, 396, 397, 290, 286, 297, 293, 181, 180, 398, 399, 400, 401, 404, 405, 406, 407, 408, 409, 410, 411, 264, 224, 412, 413, 131, 208, 418, 419, 420, 421, 422, 423, 428]
  列生成求解结果: 目标值=11.0000， 下界=8.0000， 上界=10.0000

处理节点 429
  开始列生成求解...
Set parameter LogToConsole to value 0
Set parameter Threads to value 1
Set parameter Seed to value 0
  定价策略: Exact, node=429, vertices=16
Set parameter PoolSearchMode to value 2
Set parameter PoolSolutions to value 10
[CG 1] RMP=12.000000, pricing=ExactPricingSolver, new_columns=0
  搜索路径: [1, 2, 3, 6, 7, 10, 12, 13, 11, 18, 19, 22, 23, 20, 21, 30, 31, 28, 29, 36, 37, 39, 38, 44, 45, 48, 49, 26, 27, 58, 59, 60, 61, 64, 65, 70, 71, 56, 62, 57, 50, 77, 51, 79, 80, 81, 43, 63, 34, 96, 97, 100, 101, 92, 42, 76, 35, 110, 111, 113, 112, 118, 119, 124, 125, 93, 78, 132, 133, 136, 137, 94, 95, 87, 86, 16, 17, 148, 149, 146, 150, 151, 152, 153, 156, 157, 147, 160, 161, 162, 163, 165, 164, 168, 169, 172, 173, 177, 174, 175, 176, 186, 187, 188, 189, 190, 191, 192, 193, 200, 201, 154, 155, 123, 122, 197, 210, 214, 215, 211, 196, 138, 82, 139, 72, 73, 83, 85, 84, 134, 135, 166, 167, 236, 237, 159, 143, 142, 144, 235, 158, 69, 238, 239, 246, 249, 250, 251, 253, 254, 255, 252, 247, 248, 91, 274, 275, 145, 227, 280, 184, 226, 234, 281, 183, 126, 68, 289, 127, 288, 194, 232, 233, 195, 90, 306, 307, 309, 310, 311, 312, 313, 314, 315, 308, 229, 320, 321, 185, 228, 182, 285, 284, 330, 331, 334, 335, 336, 337, 213, 212, 342, 343, 240, 241, 279, 278, 346, 347, 205, 204, 105, 104, 341, 353, 356, 357, 358, 362, 364, 365, 367, 366, 352, 225, 287, 340, 370, 371, 372, 373, 318, 54, 130, 55, 374, 375, 376, 377, 378, 379, 380, 381, 385, 382, 386, 387, 383, 384, 388, 389, 305, 319, 304, 390, 391, 392, 393, 359, 296, 291, 292, 394, 395, 396, 397, 290, 286, 297, 293, 181, 180, 398, 399, 400, 401, 404, 405, 406, 407, 408, 409, 410, 411, 264, 224, 412, 413, 131, 208, 418, 419, 420, 421, 422, 423, 428, 429]
  列生成求解结果: 目标值=12.0000， 下界=8.0000， 上界=10.0000

处理节点 114
  开始列生成求解...
Set parameter LogToConsole to value 0
Set parameter Threads to value 1
Set parameter Seed to value 0
  定价策略: Exact, node=114, vertices=17
Set parameter PoolSearchMode to value 2
Set parameter PoolSolutions to value 10
[CG 1] RMP=9.000000, pricing=ExactPricingSolver, new_columns=0
  搜索路径: [1, 2, 3, 6, 7, 10, 12, 13, 11, 18, 19, 22, 23, 20, 21, 30, 31, 28, 29, 36, 37, 39, 38, 44, 45, 48, 49, 26, 27, 58, 59, 60, 61, 64, 65, 70, 71, 56, 62, 57, 50, 77, 51, 79, 80, 81, 43, 63, 34, 96, 97, 100, 101, 92, 42, 76, 35, 110, 111, 113, 112, 118, 119, 124, 125, 93, 78, 132, 133, 136, 137, 94, 95, 87, 86, 16, 17, 148, 149, 146, 150, 151, 152, 153, 156, 157, 147, 160, 161, 162, 163, 165, 164, 168, 169, 172, 173, 177, 174, 175, 176, 186, 187, 188, 189, 190, 191, 192, 193, 200, 201, 154, 155, 123, 122, 197, 210, 214, 215, 211, 196, 138, 82, 139, 72, 73, 83, 85, 84, 134, 135, 166, 167, 236, 237, 159, 143, 142, 144, 235, 158, 69, 238, 239, 246, 249, 250, 251, 253, 254, 255, 252, 247, 248, 91, 274, 275, 145, 227, 280, 184, 226, 234, 281, 183, 126, 68, 289, 127, 288, 194, 232, 233, 195, 90, 306, 307, 309, 310, 311, 312, 313, 314, 315, 308, 229, 320, 321, 185, 228, 182, 285, 284, 330, 331, 334, 335, 336, 337, 213, 212, 342, 343, 240, 241, 279, 278, 346, 347, 205, 204, 105, 104, 341, 353, 356, 357, 358, 362, 364, 365, 367, 366, 352, 225, 287, 340, 370, 371, 372, 373, 318, 54, 130, 55, 374, 375, 376, 377, 378, 379, 380, 381, 385, 382, 386, 387, 383, 384, 388, 389, 305, 319, 304, 390, 391, 392, 393, 359, 296, 291, 292, 394, 395, 396, 397, 290, 286, 297, 293, 181, 180, 398, 399, 400, 401, 404, 405, 406, 407, 408, 409, 410, 411, 264, 224, 412, 413, 131, 208, 418, 419, 420, 421, 422, 423, 428, 429, 114]
  列生成求解结果: 目标值=9.0000， 下界=8.0000， 上界=10.0000
    非整数变量: COL_1-11-17-20-22-5_22 = 0.666667
  解不是整数，开始分支...
ImposedVertex(vertex=9)
ForbidVertex(vertex=9)
  创建了 2 个分支
    添加分支节点 1: ID=430
    添加分支节点 2: ID=431

处理节点 242
  开始列生成求解...
Set parameter LogToConsole to value 0
Set parameter Threads to value 1
Set parameter Seed to value 0
  定价策略: Exact, node=242, vertices=14
Set parameter PoolSearchMode to value 2
Set parameter PoolSolutions to value 10
[CG 1] RMP=8.000000, pricing=ExactPricingSolver, new_columns=0
  搜索路径: [1, 2, 3, 6, 7, 10, 12, 13, 11, 18, 19, 22, 23, 20, 21, 30, 31, 28, 29, 36, 37, 39, 38, 44, 45, 48, 49, 26, 27, 58, 59, 60, 61, 64, 65, 70, 71, 56, 62, 57, 50, 77, 51, 79, 80, 81, 43, 63, 34, 96, 97, 100, 101, 92, 42, 76, 35, 110, 111, 113, 112, 118, 119, 124, 125, 93, 78, 132, 133, 136, 137, 94, 95, 87, 86, 16, 17, 148, 149, 146, 150, 151, 152, 153, 156, 157, 147, 160, 161, 162, 163, 165, 164, 168, 169, 172, 173, 177, 174, 175, 176, 186, 187, 188, 189, 190, 191, 192, 193, 200, 201, 154, 155, 123, 122, 197, 210, 214, 215, 211, 196, 138, 82, 139, 72, 73, 83, 85, 84, 134, 135, 166, 167, 236, 237, 159, 143, 142, 144, 235, 158, 69, 238, 239, 246, 249, 250, 251, 253, 254, 255, 252, 247, 248, 91, 274, 275, 145, 227, 280, 184, 226, 234, 281, 183, 126, 68, 289, 127, 288, 194, 232, 233, 195, 90, 306, 307, 309, 310, 311, 312, 313, 314, 315, 308, 229, 320, 321, 185, 228, 182, 285, 284, 330, 331, 334, 335, 336, 337, 213, 212, 342, 343, 240, 241, 279, 278, 346, 347, 205, 204, 105, 104, 341, 353, 356, 357, 358, 362, 364, 365, 367, 366, 352, 225, 287, 340, 370, 371, 372, 373, 318, 54, 130, 55, 374, 375, 376, 377, 378, 379, 380, 381, 385, 382, 386, 387, 383, 384, 388, 389, 305, 319, 304, 390, 391, 392, 393, 359, 296, 291, 292, 394, 395, 396, 397, 290, 286, 297, 293, 181, 180, 398, 399, 400, 401, 404, 405, 406, 407, 408, 409, 410, 411, 264, 224, 412, 413, 131, 208, 418, 419, 420, 421, 422, 423, 428, 429, 114, 242]
  列生成求解结果: 目标值=8.0000， 下界=8.0000， 上界=10.0000
    非整数变量: COL_1-11-26-7-9_142 = 0.333333
  解不是整数，开始分支...
ImposedVertex(vertex=9)
ForbidVertex(vertex=9)
  创建了 2 个分支
    添加分支节点 1: ID=432
    添加分支节点 2: ID=433
  进度: 已处理 300 个节点, 剩余 111 个, 当前最优 10.0000, 当前列数: 2136

处理节点 263
  开始列生成求解...
Set parameter LogToConsole to value 0
Set parameter Threads to value 1
Set parameter Seed to value 0
  定价策略: Exact, node=263, vertices=17
Set parameter PoolSearchMode to value 2
Set parameter PoolSolutions to value 10
[CG 1] RMP=10.000000, pricing=ExactPricingSolver, new_columns=10
[CG 2] RMP=10.000000, pricing=ExactPricingSolver, new_columns=10
[CG 3] RMP=10.000000, pricing=ExactPricingSolver, new_columns=10
[CG 4] RMP=10.000000, pricing=ExactPricingSolver, new_columns=10
[CG 5] RMP=8.000000, pricing=ExactPricingSolver, new_columns=0
  搜索路径: [1, 2, 3, 6, 7, 10, 12, 13, 11, 18, 19, 22, 23, 20, 21, 30, 31, 28, 29, 36, 37, 39, 38, 44, 45, 48, 49, 26, 27, 58, 59, 60, 61, 64, 65, 70, 71, 56, 62, 57, 50, 77, 51, 79, 80, 81, 43, 63, 34, 96, 97, 100, 101, 92, 42, 76, 35, 110, 111, 113, 112, 118, 119, 124, 125, 93, 78, 132, 133, 136, 137, 94, 95, 87, 86, 16, 17, 148, 149, 146, 150, 151, 152, 153, 156, 157, 147, 160, 161, 162, 163, 165, 164, 168, 169, 172, 173, 177, 174, 175, 176, 186, 187, 188, 189, 190, 191, 192, 193, 200, 201, 154, 155, 123, 122, 197, 210, 214, 215, 211, 196, 138, 82, 139, 72, 73, 83, 85, 84, 134, 135, 166, 167, 236, 237, 159, 143, 142, 144, 235, 158, 69, 238, 239, 246, 249, 250, 251, 253, 254, 255, 252, 247, 248, 91, 274, 275, 145, 227, 280, 184, 226, 234, 281, 183, 126, 68, 289, 127, 288, 194, 232, 233, 195, 90, 306, 307, 309, 310, 311, 312, 313, 314, 315, 308, 229, 320, 321, 185, 228, 182, 285, 284, 330, 331, 334, 335, 336, 337, 213, 212, 342, 343, 240, 241, 279, 278, 346, 347, 205, 204, 105, 104, 341, 353, 356, 357, 358, 362, 364, 365, 367, 366, 352, 225, 287, 340, 370, 371, 372, 373, 318, 54, 130, 55, 374, 375, 376, 377, 378, 379, 380, 381, 385, 382, 386, 387, 383, 384, 388, 389, 305, 319, 304, 390, 391, 392, 393, 359, 296, 291, 292, 394, 395, 396, 397, 290, 286, 297, 293, 181, 180, 398, 399, 400, 401, 404, 405, 406, 407, 408, 409, 410, 411, 264, 224, 412, 413, 131, 208, 418, 419, 420, 421, 422, 423, 428, 429, 114, 242, 263]
  列生成求解结果: 目标值=8.0000， 下界=8.0000， 上界=10.0000
    非整数变量: COL_18-23-9_27 = 0.800000
  解不是整数，开始分支...
ImposedVertex(vertex=7)
ForbidVertex(vertex=7)
  创建了 2 个分支
    添加分支节点 1: ID=434
    添加分支节点 2: ID=435

处理节点 432
  开始列生成求解...
Set parameter LogToConsole to value 0
Set parameter Threads to value 1
Set parameter Seed to value 0
  定价策略: Exact, node=432, vertices=13
Set parameter PoolSearchMode to value 2
Set parameter PoolSolutions to value 10
[CG 1] RMP=12.000000, pricing=ExactPricingSolver, new_columns=10
[CG 2] RMP=8.000000, pricing=ExactPricingSolver, new_columns=0
  搜索路径: [1, 2, 3, 6, 7, 10, 12, 13, 11, 18, 19, 22, 23, 20, 21, 30, 31, 28, 29, 36, 37, 39, 38, 44, 45, 48, 49, 26, 27, 58, 59, 60, 61, 64, 65, 70, 71, 56, 62, 57, 50, 77, 51, 79, 80, 81, 43, 63, 34, 96, 97, 100, 101, 92, 42, 76, 35, 110, 111, 113, 112, 118, 119, 124, 125, 93, 78, 132, 133, 136, 137, 94, 95, 87, 86, 16, 17, 148, 149, 146, 150, 151, 152, 153, 156, 157, 147, 160, 161, 162, 163, 165, 164, 168, 169, 172, 173, 177, 174, 175, 176, 186, 187, 188, 189, 190, 191, 192, 193, 200, 201, 154, 155, 123, 122, 197, 210, 214, 215, 211, 196, 138, 82, 139, 72, 73, 83, 85, 84, 134, 135, 166, 167, 236, 237, 159, 143, 142, 144, 235, 158, 69, 238, 239, 246, 249, 250, 251, 253, 254, 255, 252, 247, 248, 91, 274, 275, 145, 227, 280, 184, 226, 234, 281, 183, 126, 68, 289, 127, 288, 194, 232, 233, 195, 90, 306, 307, 309, 310, 311, 312, 313, 314, 315, 308, 229, 320, 321, 185, 228, 182, 285, 284, 330, 331, 334, 335, 336, 337, 213, 212, 342, 343, 240, 241, 279, 278, 346, 347, 205, 204, 105, 104, 341, 353, 356, 357, 358, 362, 364, 365, 367, 366, 352, 225, 287, 340, 370, 371, 372, 373, 318, 54, 130, 55, 374, 375, 376, 377, 378, 379, 380, 381, 385, 382, 386, 387, 383, 384, 388, 389, 305, 319, 304, 390, 391, 392, 393, 359, 296, 291, 292, 394, 395, 396, 397, 290, 286, 297, 293, 181, 180, 398, 399, 400, 401, 404, 405, 406, 407, 408, 409, 410, 411, 264, 224, 412, 413, 131, 208, 418, 419, 420, 421, 422, 423, 428, 429, 114, 242, 263, 432]
  列生成求解结果: 目标值=8.0000， 下界=8.0000， 上界=10.0000
    非整数变量: COL_1-25-26-7_145 = 0.333333
  解不是整数，开始分支...
ImposedVertex(vertex=26)
ForbidVertex(vertex=26)
  创建了 2 个分支
    添加分支节点 1: ID=436
    添加分支节点 2: ID=437

处理节点 433
  开始列生成求解...
Set parameter LogToConsole to value 0
Set parameter Threads to value 1
Set parameter Seed to value 0
  定价策略: Exact, node=433, vertices=13
Set parameter PoolSearchMode to value 2
Set parameter PoolSolutions to value 10
[CG 1] RMP=12.352941, pricing=ExactPricingSolver, new_columns=10
[CG 2] RMP=11.000000, pricing=ExactPricingSolver, new_columns=0
  搜索路径: [1, 2, 3, 6, 7, 10, 12, 13, 11, 18, 19, 22, 23, 20, 21, 30, 31, 28, 29, 36, 37, 39, 38, 44, 45, 48, 49, 26, 27, 58, 59, 60, 61, 64, 65, 70, 71, 56, 62, 57, 50, 77, 51, 79, 80, 81, 43, 63, 34, 96, 97, 100, 101, 92, 42, 76, 35, 110, 111, 113, 112, 118, 119, 124, 125, 93, 78, 132, 133, 136, 137, 94, 95, 87, 86, 16, 17, 148, 149, 146, 150, 151, 152, 153, 156, 157, 147, 160, 161, 162, 163, 165, 164, 168, 169, 172, 173, 177, 174, 175, 176, 186, 187, 188, 189, 190, 191, 192, 193, 200, 201, 154, 155, 123, 122, 197, 210, 214, 215, 211, 196, 138, 82, 139, 72, 73, 83, 85, 84, 134, 135, 166, 167, 236, 237, 159, 143, 142, 144, 235, 158, 69, 238, 239, 246, 249, 250, 251, 253, 254, 255, 252, 247, 248, 91, 274, 275, 145, 227, 280, 184, 226, 234, 281, 183, 126, 68, 289, 127, 288, 194, 232, 233, 195, 90, 306, 307, 309, 310, 311, 312, 313, 314, 315, 308, 229, 320, 321, 185, 228, 182, 285, 284, 330, 331, 334, 335, 336, 337, 213, 212, 342, 343, 240, 241, 279, 278, 346, 347, 205, 204, 105, 104, 341, 353, 356, 357, 358, 362, 364, 365, 367, 366, 352, 225, 287, 340, 370, 371, 372, 373, 318, 54, 130, 55, 374, 375, 376, 377, 378, 379, 380, 381, 385, 382, 386, 387, 383, 384, 388, 389, 305, 319, 304, 390, 391, 392, 393, 359, 296, 291, 292, 394, 395, 396, 397, 290, 286, 297, 293, 181, 180, 398, 399, 400, 401, 404, 405, 406, 407, 408, 409, 410, 411, 264, 224, 412, 413, 131, 208, 418, 419, 420, 421, 422, 423, 428, 429, 114, 242, 263, 432, 433]
  列生成求解结果: 目标值=11.0000， 下界=8.0000， 上界=10.0000

处理节点 435
  开始列生成求解...
Set parameter LogToConsole to value 0
Set parameter Threads to value 1
Set parameter Seed to value 0
  定价策略: Exact, node=435, vertices=16
Set parameter PoolSearchMode to value 2
Set parameter PoolSolutions to value 10
[CG 1] RMP=2010.000000, pricing=ExactPricingSolver, new_columns=10
[CG 2] RMP=12.000000, pricing=ExactPricingSolver, new_columns=0
  搜索路径: [1, 2, 3, 6, 7, 10, 12, 13, 11, 18, 19, 22, 23, 20, 21, 30, 31, 28, 29, 36, 37, 39, 38, 44, 45, 48, 49, 26, 27, 58, 59, 60, 61, 64, 65, 70, 71, 56, 62, 57, 50, 77, 51, 79, 80, 81, 43, 63, 34, 96, 97, 100, 101, 92, 42, 76, 35, 110, 111, 113, 112, 118, 119, 124, 125, 93, 78, 132, 133, 136, 137, 94, 95, 87, 86, 16, 17, 148, 149, 146, 150, 151, 152, 153, 156, 157, 147, 160, 161, 162, 163, 165, 164, 168, 169, 172, 173, 177, 174, 175, 176, 186, 187, 188, 189, 190, 191, 192, 193, 200, 201, 154, 155, 123, 122, 197, 210, 214, 215, 211, 196, 138, 82, 139, 72, 73, 83, 85, 84, 134, 135, 166, 167, 236, 237, 159, 143, 142, 144, 235, 158, 69, 238, 239, 246, 249, 250, 251, 253, 254, 255, 252, 247, 248, 91, 274, 275, 145, 227, 280, 184, 226, 234, 281, 183, 126, 68, 289, 127, 288, 194, 232, 233, 195, 90, 306, 307, 309, 310, 311, 312, 313, 314, 315, 308, 229, 320, 321, 185, 228, 182, 285, 284, 330, 331, 334, 335, 336, 337, 213, 212, 342, 343, 240, 241, 279, 278, 346, 347, 205, 204, 105, 104, 341, 353, 356, 357, 358, 362, 364, 365, 367, 366, 352, 225, 287, 340, 370, 371, 372, 373, 318, 54, 130, 55, 374, 375, 376, 377, 378, 379, 380, 381, 385, 382, 386, 387, 383, 384, 388, 389, 305, 319, 304, 390, 391, 392, 393, 359, 296, 291, 292, 394, 395, 396, 397, 290, 286, 297, 293, 181, 180, 398, 399, 400, 401, 404, 405, 406, 407, 408, 409, 410, 411, 264, 224, 412, 413, 131, 208, 418, 419, 420, 421, 422, 423, 428, 429, 114, 242, 263, 432, 433, 435]
  列生成求解结果: 目标值=12.0000， 下界=8.0000， 上界=10.0000

处理节点 436
  开始列生成求解...
Set parameter LogToConsole to value 0
Set parameter Threads to value 1
Set parameter Seed to value 0
  定价策略: Exact, node=436, vertices=12
Set parameter PoolSearchMode to value 2
Set parameter PoolSolutions to value 10
[CG 1] RMP=10.000000, pricing=ExactPricingSolver, new_columns=0
  搜索路径: [1, 2, 3, 6, 7, 10, 12, 13, 11, 18, 19, 22, 23, 20, 21, 30, 31, 28, 29, 36, 37, 39, 38, 44, 45, 48, 49, 26, 27, 58, 59, 60, 61, 64, 65, 70, 71, 56, 62, 57, 50, 77, 51, 79, 80, 81, 43, 63, 34, 96, 97, 100, 101, 92, 42, 76, 35, 110, 111, 113, 112, 118, 119, 124, 125, 93, 78, 132, 133, 136, 137, 94, 95, 87, 86, 16, 17, 148, 149, 146, 150, 151, 152, 153, 156, 157, 147, 160, 161, 162, 163, 165, 164, 168, 169, 172, 173, 177, 174, 175, 176, 186, 187, 188, 189, 190, 191, 192, 193, 200, 201, 154, 155, 123, 122, 197, 210, 214, 215, 211, 196, 138, 82, 139, 72, 73, 83, 85, 84, 134, 135, 166, 167, 236, 237, 159, 143, 142, 144, 235, 158, 69, 238, 239, 246, 249, 250, 251, 253, 254, 255, 252, 247, 248, 91, 274, 275, 145, 227, 280, 184, 226, 234, 281, 183, 126, 68, 289, 127, 288, 194, 232, 233, 195, 90, 306, 307, 309, 310, 311, 312, 313, 314, 315, 308, 229, 320, 321, 185, 228, 182, 285, 284, 330, 331, 334, 335, 336, 337, 213, 212, 342, 343, 240, 241, 279, 278, 346, 347, 205, 204, 105, 104, 341, 353, 356, 357, 358, 362, 364, 365, 367, 366, 352, 225, 287, 340, 370, 371, 372, 373, 318, 54, 130, 55, 374, 375, 376, 377, 378, 379, 380, 381, 385, 382, 386, 387, 383, 384, 388, 389, 305, 319, 304, 390, 391, 392, 393, 359, 296, 291, 292, 394, 395, 396, 397, 290, 286, 297, 293, 181, 180, 398, 399, 400, 401, 404, 405, 406, 407, 408, 409, 410, 411, 264, 224, 412, 413, 131, 208, 418, 419, 420, 421, 422, 423, 428, 429, 114, 242, 263, 432, 433, 435, 436]
  列生成求解结果: 目标值=10.0000， 下界=8.0000， 上界=10.0000

处理节点 437
  开始列生成求解...
Set parameter LogToConsole to value 0
Set parameter Threads to value 1
Set parameter Seed to value 0
  定价策略: Exact, node=437, vertices=12
Set parameter PoolSearchMode to value 2
Set parameter PoolSolutions to value 10
[CG 1] RMP=12.000000, pricing=ExactPricingSolver, new_columns=0
  搜索路径: [1, 2, 3, 6, 7, 10, 12, 13, 11, 18, 19, 22, 23, 20, 21, 30, 31, 28, 29, 36, 37, 39, 38, 44, 45, 48, 49, 26, 27, 58, 59, 60, 61, 64, 65, 70, 71, 56, 62, 57, 50, 77, 51, 79, 80, 81, 43, 63, 34, 96, 97, 100, 101, 92, 42, 76, 35, 110, 111, 113, 112, 118, 119, 124, 125, 93, 78, 132, 133, 136, 137, 94, 95, 87, 86, 16, 17, 148, 149, 146, 150, 151, 152, 153, 156, 157, 147, 160, 161, 162, 163, 165, 164, 168, 169, 172, 173, 177, 174, 175, 176, 186, 187, 188, 189, 190, 191, 192, 193, 200, 201, 154, 155, 123, 122, 197, 210, 214, 215, 211, 196, 138, 82, 139, 72, 73, 83, 85, 84, 134, 135, 166, 167, 236, 237, 159, 143, 142, 144, 235, 158, 69, 238, 239, 246, 249, 250, 251, 253, 254, 255, 252, 247, 248, 91, 274, 275, 145, 227, 280, 184, 226, 234, 281, 183, 126, 68, 289, 127, 288, 194, 232, 233, 195, 90, 306, 307, 309, 310, 311, 312, 313, 314, 315, 308, 229, 320, 321, 185, 228, 182, 285, 284, 330, 331, 334, 335, 336, 337, 213, 212, 342, 343, 240, 241, 279, 278, 346, 347, 205, 204, 105, 104, 341, 353, 356, 357, 358, 362, 364, 365, 367, 366, 352, 225, 287, 340, 370, 371, 372, 373, 318, 54, 130, 55, 374, 375, 376, 377, 378, 379, 380, 381, 385, 382, 386, 387, 383, 384, 388, 389, 305, 319, 304, 390, 391, 392, 393, 359, 296, 291, 292, 394, 395, 396, 397, 290, 286, 297, 293, 181, 180, 398, 399, 400, 401, 404, 405, 406, 407, 408, 409, 410, 411, 264, 224, 412, 413, 131, 208, 418, 419, 420, 421, 422, 423, 428, 429, 114, 242, 263, 432, 433, 435, 436, 437]
  列生成求解结果: 目标值=12.0000， 下界=8.0000， 上界=10.0000

处理节点 434
  开始列生成求解...
Set parameter LogToConsole to value 0
Set parameter Threads to value 1
Set parameter Seed to value 0
  定价策略: Exact, node=434, vertices=16
Set parameter PoolSearchMode to value 2
Set parameter PoolSolutions to value 10
[CG 1] RMP=8.000000, pricing=ExactPricingSolver, new_columns=0
  搜索路径: [1, 2, 3, 6, 7, 10, 12, 13, 11, 18, 19, 22, 23, 20, 21, 30, 31, 28, 29, 36, 37, 39, 38, 44, 45, 48, 49, 26, 27, 58, 59, 60, 61, 64, 65, 70, 71, 56, 62, 57, 50, 77, 51, 79, 80, 81, 43, 63, 34, 96, 97, 100, 101, 92, 42, 76, 35, 110, 111, 113, 112, 118, 119, 124, 125, 93, 78, 132, 133, 136, 137, 94, 95, 87, 86, 16, 17, 148, 149, 146, 150, 151, 152, 153, 156, 157, 147, 160, 161, 162, 163, 165, 164, 168, 169, 172, 173, 177, 174, 175, 176, 186, 187, 188, 189, 190, 191, 192, 193, 200, 201, 154, 155, 123, 122, 197, 210, 214, 215, 211, 196, 138, 82, 139, 72, 73, 83, 85, 84, 134, 135, 166, 167, 236, 237, 159, 143, 142, 144, 235, 158, 69, 238, 239, 246, 249, 250, 251, 253, 254, 255, 252, 247, 248, 91, 274, 275, 145, 227, 280, 184, 226, 234, 281, 183, 126, 68, 289, 127, 288, 194, 232, 233, 195, 90, 306, 307, 309, 310, 311, 312, 313, 314, 315, 308, 229, 320, 321, 185, 228, 182, 285, 284, 330, 331, 334, 335, 336, 337, 213, 212, 342, 343, 240, 241, 279, 278, 346, 347, 205, 204, 105, 104, 341, 353, 356, 357, 358, 362, 364, 365, 367, 366, 352, 225, 287, 340, 370, 371, 372, 373, 318, 54, 130, 55, 374, 375, 376, 377, 378, 379, 380, 381, 385, 382, 386, 387, 383, 384, 388, 389, 305, 319, 304, 390, 391, 392, 393, 359, 296, 291, 292, 394, 395, 396, 397, 290, 286, 297, 293, 181, 180, 398, 399, 400, 401, 404, 405, 406, 407, 408, 409, 410, 411, 264, 224, 412, 413, 131, 208, 418, 419, 420, 421, 422, 423, 428, 429, 114, 242, 263, 432, 433, 435, 436, 437, 434]
  列生成求解结果: 目标值=8.0000， 下界=8.0000， 上界=10.0000
    非整数变量: COL_18-23-9_27 = 0.666667
  解不是整数，开始分支...
ImposedVertex(vertex=26)
ForbidVertex(vertex=26)
  创建了 2 个分支
    添加分支节点 1: ID=438
    添加分支节点 2: ID=439

处理节点 256
  开始列生成求解...
Set parameter LogToConsole to value 0
Set parameter Threads to value 1
Set parameter Seed to value 0
  定价策略: Exact, node=256, vertices=14
Set parameter PoolSearchMode to value 2
Set parameter PoolSolutions to value 10
[CG 1] RMP=12.000000, pricing=ExactPricingSolver, new_columns=0
  搜索路径: [1, 2, 3, 6, 7, 10, 12, 13, 11, 18, 19, 22, 23, 20, 21, 30, 31, 28, 29, 36, 37, 39, 38, 44, 45, 48, 49, 26, 27, 58, 59, 60, 61, 64, 65, 70, 71, 56, 62, 57, 50, 77, 51, 79, 80, 81, 43, 63, 34, 96, 97, 100, 101, 92, 42, 76, 35, 110, 111, 113, 112, 118, 119, 124, 125, 93, 78, 132, 133, 136, 137, 94, 95, 87, 86, 16, 17, 148, 149, 146, 150, 151, 152, 153, 156, 157, 147, 160, 161, 162, 163, 165, 164, 168, 169, 172, 173, 177, 174, 175, 176, 186, 187, 188, 189, 190, 191, 192, 193, 200, 201, 154, 155, 123, 122, 197, 210, 214, 215, 211, 196, 138, 82, 139, 72, 73, 83, 85, 84, 134, 135, 166, 167, 236, 237, 159, 143, 142, 144, 235, 158, 69, 238, 239, 246, 249, 250, 251, 253, 254, 255, 252, 247, 248, 91, 274, 275, 145, 227, 280, 184, 226, 234, 281, 183, 126, 68, 289, 127, 288, 194, 232, 233, 195, 90, 306, 307, 309, 310, 311, 312, 313, 314, 315, 308, 229, 320, 321, 185, 228, 182, 285, 284, 330, 331, 334, 335, 336, 337, 213, 212, 342, 343, 240, 241, 279, 278, 346, 347, 205, 204, 105, 104, 341, 353, 356, 357, 358, 362, 364, 365, 367, 366, 352, 225, 287, 340, 370, 371, 372, 373, 318, 54, 130, 55, 374, 375, 376, 377, 378, 379, 380, 381, 385, 382, 386, 387, 383, 384, 388, 389, 305, 319, 304, 390, 391, 392, 393, 359, 296, 291, 292, 394, 395, 396, 397, 290, 286, 297, 293, 181, 180, 398, 399, 400, 401, 404, 405, 406, 407, 408, 409, 410, 411, 264, 224, 412, 413, 131, 208, 418, 419, 420, 421, 422, 423, 428, 429, 114, 242, 263, 432, 433, 435, 436, 437, 434, 256]
  列生成求解结果: 目标值=12.0000， 下界=8.0000， 上界=10.0000

处理节点 438
  开始列生成求解...
Set parameter LogToConsole to value 0
Set parameter Threads to value 1
Set parameter Seed to value 0
  定价策略: Exact, node=438, vertices=15
Set parameter PoolSearchMode to value 2
Set parameter PoolSolutions to value 10
[CG 1] RMP=10.000000, pricing=ExactPricingSolver, new_columns=0
  搜索路径: [1, 2, 3, 6, 7, 10, 12, 13, 11, 18, 19, 22, 23, 20, 21, 30, 31, 28, 29, 36, 37, 39, 38, 44, 45, 48, 49, 26, 27, 58, 59, 60, 61, 64, 65, 70, 71, 56, 62, 57, 50, 77, 51, 79, 80, 81, 43, 63, 34, 96, 97, 100, 101, 92, 42, 76, 35, 110, 111, 113, 112, 118, 119, 124, 125, 93, 78, 132, 133, 136, 137, 94, 95, 87, 86, 16, 17, 148, 149, 146, 150, 151, 152, 153, 156, 157, 147, 160, 161, 162, 163, 165, 164, 168, 169, 172, 173, 177, 174, 175, 176, 186, 187, 188, 189, 190, 191, 192, 193, 200, 201, 154, 155, 123, 122, 197, 210, 214, 215, 211, 196, 138, 82, 139, 72, 73, 83, 85, 84, 134, 135, 166, 167, 236, 237, 159, 143, 142, 144, 235, 158, 69, 238, 239, 246, 249, 250, 251, 253, 254, 255, 252, 247, 248, 91, 274, 275, 145, 227, 280, 184, 226, 234, 281, 183, 126, 68, 289, 127, 288, 194, 232, 233, 195, 90, 306, 307, 309, 310, 311, 312, 313, 314, 315, 308, 229, 320, 321, 185, 228, 182, 285, 284, 330, 331, 334, 335, 336, 337, 213, 212, 342, 343, 240, 241, 279, 278, 346, 347, 205, 204, 105, 104, 341, 353, 356, 357, 358, 362, 364, 365, 367, 366, 352, 225, 287, 340, 370, 371, 372, 373, 318, 54, 130, 55, 374, 375, 376, 377, 378, 379, 380, 381, 385, 382, 386, 387, 383, 384, 388, 389, 305, 319, 304, 390, 391, 392, 393, 359, 296, 291, 292, 394, 395, 396, 397, 290, 286, 297, 293, 181, 180, 398, 399, 400, 401, 404, 405, 406, 407, 408, 409, 410, 411, 264, 224, 412, 413, 131, 208, 418, 419, 420, 421, 422, 423, 428, 429, 114, 242, 263, 432, 433, 435, 436, 437, 434, 256, 438]
  列生成求解结果: 目标值=10.0000， 下界=8.0000， 上界=10.0000

处理节点 439
  开始列生成求解...
Set parameter LogToConsole to value 0
Set parameter Threads to value 1
Set parameter Seed to value 0
  定价策略: Exact, node=439, vertices=15
Set parameter PoolSearchMode to value 2
Set parameter PoolSolutions to value 10
[CG 1] RMP=12.000000, pricing=ExactPricingSolver, new_columns=0
  搜索路径: [1, 2, 3, 6, 7, 10, 12, 13, 11, 18, 19, 22, 23, 20, 21, 30, 31, 28, 29, 36, 37, 39, 38, 44, 45, 48, 49, 26, 27, 58, 59, 60, 61, 64, 65, 70, 71, 56, 62, 57, 50, 77, 51, 79, 80, 81, 43, 63, 34, 96, 97, 100, 101, 92, 42, 76, 35, 110, 111, 113, 112, 118, 119, 124, 125, 93, 78, 132, 133, 136, 137, 94, 95, 87, 86, 16, 17, 148, 149, 146, 150, 151, 152, 153, 156, 157, 147, 160, 161, 162, 163, 165, 164, 168, 169, 172, 173, 177, 174, 175, 176, 186, 187, 188, 189, 190, 191, 192, 193, 200, 201, 154, 155, 123, 122, 197, 210, 214, 215, 211, 196, 138, 82, 139, 72, 73, 83, 85, 84, 134, 135, 166, 167, 236, 237, 159, 143, 142, 144, 235, 158, 69, 238, 239, 246, 249, 250, 251, 253, 254, 255, 252, 247, 248, 91, 274, 275, 145, 227, 280, 184, 226, 234, 281, 183, 126, 68, 289, 127, 288, 194, 232, 233, 195, 90, 306, 307, 309, 310, 311, 312, 313, 314, 315, 308, 229, 320, 321, 185, 228, 182, 285, 284, 330, 331, 334, 335, 336, 337, 213, 212, 342, 343, 240, 241, 279, 278, 346, 347, 205, 204, 105, 104, 341, 353, 356, 357, 358, 362, 364, 365, 367, 366, 352, 225, 287, 340, 370, 371, 372, 373, 318, 54, 130, 55, 374, 375, 376, 377, 378, 379, 380, 381, 385, 382, 386, 387, 383, 384, 388, 389, 305, 319, 304, 390, 391, 392, 393, 359, 296, 291, 292, 394, 395, 396, 397, 290, 286, 297, 293, 181, 180, 398, 399, 400, 401, 404, 405, 406, 407, 408, 409, 410, 411, 264, 224, 412, 413, 131, 208, 418, 419, 420, 421, 422, 423, 428, 429, 114, 242, 263, 432, 433, 435, 436, 437, 434, 256, 438, 439]
  列生成求解结果: 目标值=12.0000， 下界=8.0000， 上界=10.0000

处理节点 262
  开始列生成求解...
Set parameter LogToConsole to value 0
Set parameter Threads to value 1
Set parameter Seed to value 0
  定价策略: Exact, node=262, vertices=16
Set parameter PoolSearchMode to value 2
Set parameter PoolSolutions to value 10
[CG 1] RMP=8.000000, pricing=ExactPricingSolver, new_columns=0
  搜索路径: [1, 2, 3, 6, 7, 10, 12, 13, 11, 18, 19, 22, 23, 20, 21, 30, 31, 28, 29, 36, 37, 39, 38, 44, 45, 48, 49, 26, 27, 58, 59, 60, 61, 64, 65, 70, 71, 56, 62, 57, 50, 77, 51, 79, 80, 81, 43, 63, 34, 96, 97, 100, 101, 92, 42, 76, 35, 110, 111, 113, 112, 118, 119, 124, 125, 93, 78, 132, 133, 136, 137, 94, 95, 87, 86, 16, 17, 148, 149, 146, 150, 151, 152, 153, 156, 157, 147, 160, 161, 162, 163, 165, 164, 168, 169, 172, 173, 177, 174, 175, 176, 186, 187, 188, 189, 190, 191, 192, 193, 200, 201, 154, 155, 123, 122, 197, 210, 214, 215, 211, 196, 138, 82, 139, 72, 73, 83, 85, 84, 134, 135, 166, 167, 236, 237, 159, 143, 142, 144, 235, 158, 69, 238, 239, 246, 249, 250, 251, 253, 254, 255, 252, 247, 248, 91, 274, 275, 145, 227, 280, 184, 226, 234, 281, 183, 126, 68, 289, 127, 288, 194, 232, 233, 195, 90, 306, 307, 309, 310, 311, 312, 313, 314, 315, 308, 229, 320, 321, 185, 228, 182, 285, 284, 330, 331, 334, 335, 336, 337, 213, 212, 342, 343, 240, 241, 279, 278, 346, 347, 205, 204, 105, 104, 341, 353, 356, 357, 358, 362, 364, 365, 367, 366, 352, 225, 287, 340, 370, 371, 372, 373, 318, 54, 130, 55, 374, 375, 376, 377, 378, 379, 380, 381, 385, 382, 386, 387, 383, 384, 388, 389, 305, 319, 304, 390, 391, 392, 393, 359, 296, 291, 292, 394, 395, 396, 397, 290, 286, 297, 293, 181, 180, 398, 399, 400, 401, 404, 405, 406, 407, 408, 409, 410, 411, 264, 224, 412, 413, 131, 208, 418, 419, 420, 421, 422, 423, 428, 429, 114, 242, 263, 432, 433, 435, 436, 437, 434, 256, 438, 439, 262]
  列生成求解结果: 目标值=8.0000， 下界=8.0000， 上界=10.0000
    非整数变量: COL_18-23-9_27 = 0.850000
  解不是整数，开始分支...
ImposedVertex(vertex=26)
ForbidVertex(vertex=26)
  创建了 2 个分支
    添加分支节点 1: ID=440
    添加分支节点 2: ID=441

处理节点 257
  开始列生成求解...
Set parameter LogToConsole to value 0
Set parameter Threads to value 1
Set parameter Seed to value 0
  定价策略: Exact, node=257, vertices=14
Set parameter PoolSearchMode to value 2
Set parameter PoolSolutions to value 10
[CG 1] RMP=11.000000, pricing=ExactPricingSolver, new_columns=0
  搜索路径: [1, 2, 3, 6, 7, 10, 12, 13, 11, 18, 19, 22, 23, 20, 21, 30, 31, 28, 29, 36, 37, 39, 38, 44, 45, 48, 49, 26, 27, 58, 59, 60, 61, 64, 65, 70, 71, 56, 62, 57, 50, 77, 51, 79, 80, 81, 43, 63, 34, 96, 97, 100, 101, 92, 42, 76, 35, 110, 111, 113, 112, 118, 119, 124, 125, 93, 78, 132, 133, 136, 137, 94, 95, 87, 86, 16, 17, 148, 149, 146, 150, 151, 152, 153, 156, 157, 147, 160, 161, 162, 163, 165, 164, 168, 169, 172, 173, 177, 174, 175, 176, 186, 187, 188, 189, 190, 191, 192, 193, 200, 201, 154, 155, 123, 122, 197, 210, 214, 215, 211, 196, 138, 82, 139, 72, 73, 83, 85, 84, 134, 135, 166, 167, 236, 237, 159, 143, 142, 144, 235, 158, 69, 238, 239, 246, 249, 250, 251, 253, 254, 255, 252, 247, 248, 91, 274, 275, 145, 227, 280, 184, 226, 234, 281, 183, 126, 68, 289, 127, 288, 194, 232, 233, 195, 90, 306, 307, 309, 310, 311, 312, 313, 314, 315, 308, 229, 320, 321, 185, 228, 182, 285, 284, 330, 331, 334, 335, 336, 337, 213, 212, 342, 343, 240, 241, 279, 278, 346, 347, 205, 204, 105, 104, 341, 353, 356, 357, 358, 362, 364, 365, 367, 366, 352, 225, 287, 340, 370, 371, 372, 373, 318, 54, 130, 55, 374, 375, 376, 377, 378, 379, 380, 381, 385, 382, 386, 387, 383, 384, 388, 389, 305, 319, 304, 390, 391, 392, 393, 359, 296, 291, 292, 394, 395, 396, 397, 290, 286, 297, 293, 181, 180, 398, 399, 400, 401, 404, 405, 406, 407, 408, 409, 410, 411, 264, 224, 412, 413, 131, 208, 418, 419, 420, 421, 422, 423, 428, 429, 114, 242, 263, 432, 433, 435, 436, 437, 434, 256, 438, 439, 262, 257]
  列生成求解结果: 目标值=11.0000， 下界=8.0000， 上界=10.0000

处理节点 440
  开始列生成求解...
Set parameter LogToConsole to value 0
Set parameter Threads to value 1
Set parameter Seed to value 0
  定价策略: Exact, node=440, vertices=15
Set parameter PoolSearchMode to value 2
Set parameter PoolSolutions to value 10
[CG 1] RMP=10.000000, pricing=ExactPricingSolver, new_columns=0
  搜索路径: [1, 2, 3, 6, 7, 10, 12, 13, 11, 18, 19, 22, 23, 20, 21, 30, 31, 28, 29, 36, 37, 39, 38, 44, 45, 48, 49, 26, 27, 58, 59, 60, 61, 64, 65, 70, 71, 56, 62, 57, 50, 77, 51, 79, 80, 81, 43, 63, 34, 96, 97, 100, 101, 92, 42, 76, 35, 110, 111, 113, 112, 118, 119, 124, 125, 93, 78, 132, 133, 136, 137, 94, 95, 87, 86, 16, 17, 148, 149, 146, 150, 151, 152, 153, 156, 157, 147, 160, 161, 162, 163, 165, 164, 168, 169, 172, 173, 177, 174, 175, 176, 186, 187, 188, 189, 190, 191, 192, 193, 200, 201, 154, 155, 123, 122, 197, 210, 214, 215, 211, 196, 138, 82, 139, 72, 73, 83, 85, 84, 134, 135, 166, 167, 236, 237, 159, 143, 142, 144, 235, 158, 69, 238, 239, 246, 249, 250, 251, 253, 254, 255, 252, 247, 248, 91, 274, 275, 145, 227, 280, 184, 226, 234, 281, 183, 126, 68, 289, 127, 288, 194, 232, 233, 195, 90, 306, 307, 309, 310, 311, 312, 313, 314, 315, 308, 229, 320, 321, 185, 228, 182, 285, 284, 330, 331, 334, 335, 336, 337, 213, 212, 342, 343, 240, 241, 279, 278, 346, 347, 205, 204, 105, 104, 341, 353, 356, 357, 358, 362, 364, 365, 367, 366, 352, 225, 287, 340, 370, 371, 372, 373, 318, 54, 130, 55, 374, 375, 376, 377, 378, 379, 380, 381, 385, 382, 386, 387, 383, 384, 388, 389, 305, 319, 304, 390, 391, 392, 393, 359, 296, 291, 292, 394, 395, 396, 397, 290, 286, 297, 293, 181, 180, 398, 399, 400, 401, 404, 405, 406, 407, 408, 409, 410, 411, 264, 224, 412, 413, 131, 208, 418, 419, 420, 421, 422, 423, 428, 429, 114, 242, 263, 432, 433, 435, 436, 437, 434, 256, 438, 439, 262, 257, 440]
  列生成求解结果: 目标值=10.0000， 下界=8.0000， 上界=10.0000

处理节点 441
  开始列生成求解...
Set parameter LogToConsole to value 0
Set parameter Threads to value 1
Set parameter Seed to value 0
  定价策略: Exact, node=441, vertices=15
Set parameter PoolSearchMode to value 2
Set parameter PoolSolutions to value 10
[CG 1] RMP=12.000000, pricing=ExactPricingSolver, new_columns=0
  搜索路径: [1, 2, 3, 6, 7, 10, 12, 13, 11, 18, 19, 22, 23, 20, 21, 30, 31, 28, 29, 36, 37, 39, 38, 44, 45, 48, 49, 26, 27, 58, 59, 60, 61, 64, 65, 70, 71, 56, 62, 57, 50, 77, 51, 79, 80, 81, 43, 63, 34, 96, 97, 100, 101, 92, 42, 76, 35, 110, 111, 113, 112, 118, 119, 124, 125, 93, 78, 132, 133, 136, 137, 94, 95, 87, 86, 16, 17, 148, 149, 146, 150, 151, 152, 153, 156, 157, 147, 160, 161, 162, 163, 165, 164, 168, 169, 172, 173, 177, 174, 175, 176, 186, 187, 188, 189, 190, 191, 192, 193, 200, 201, 154, 155, 123, 122, 197, 210, 214, 215, 211, 196, 138, 82, 139, 72, 73, 83, 85, 84, 134, 135, 166, 167, 236, 237, 159, 143, 142, 144, 235, 158, 69, 238, 239, 246, 249, 250, 251, 253, 254, 255, 252, 247, 248, 91, 274, 275, 145, 227, 280, 184, 226, 234, 281, 183, 126, 68, 289, 127, 288, 194, 232, 233, 195, 90, 306, 307, 309, 310, 311, 312, 313, 314, 315, 308, 229, 320, 321, 185, 228, 182, 285, 284, 330, 331, 334, 335, 336, 337, 213, 212, 342, 343, 240, 241, 279, 278, 346, 347, 205, 204, 105, 104, 341, 353, 356, 357, 358, 362, 364, 365, 367, 366, 352, 225, 287, 340, 370, 371, 372, 373, 318, 54, 130, 55, 374, 375, 376, 377, 378, 379, 380, 381, 385, 382, 386, 387, 383, 384, 388, 389, 305, 319, 304, 390, 391, 392, 393, 359, 296, 291, 292, 394, 395, 396, 397, 290, 286, 297, 293, 181, 180, 398, 399, 400, 401, 404, 405, 406, 407, 408, 409, 410, 411, 264, 224, 412, 413, 131, 208, 418, 419, 420, 421, 422, 423, 428, 429, 114, 242, 263, 432, 433, 435, 436, 437, 434, 256, 438, 439, 262, 257, 440, 441]
  列生成求解结果: 目标值=12.0000， 下界=8.0000， 上界=10.0000

处理节点 324
  开始列生成求解...
Set parameter LogToConsole to value 0
Set parameter Threads to value 1
Set parameter Seed to value 0
  定价策略: Exact, node=324, vertices=16
Set parameter PoolSearchMode to value 2
Set parameter PoolSolutions to value 10
[CG 1] RMP=1010.000000, pricing=ExactPricingSolver, new_columns=10
[CG 2] RMP=10.000000, pricing=ExactPricingSolver, new_columns=0
  搜索路径: [1, 2, 3, 6, 7, 10, 12, 13, 11, 18, 19, 22, 23, 20, 21, 30, 31, 28, 29, 36, 37, 39, 38, 44, 45, 48, 49, 26, 27, 58, 59, 60, 61, 64, 65, 70, 71, 56, 62, 57, 50, 77, 51, 79, 80, 81, 43, 63, 34, 96, 97, 100, 101, 92, 42, 76, 35, 110, 111, 113, 112, 118, 119, 124, 125, 93, 78, 132, 133, 136, 137, 94, 95, 87, 86, 16, 17, 148, 149, 146, 150, 151, 152, 153, 156, 157, 147, 160, 161, 162, 163, 165, 164, 168, 169, 172, 173, 177, 174, 175, 176, 186, 187, 188, 189, 190, 191, 192, 193, 200, 201, 154, 155, 123, 122, 197, 210, 214, 215, 211, 196, 138, 82, 139, 72, 73, 83, 85, 84, 134, 135, 166, 167, 236, 237, 159, 143, 142, 144, 235, 158, 69, 238, 239, 246, 249, 250, 251, 253, 254, 255, 252, 247, 248, 91, 274, 275, 145, 227, 280, 184, 226, 234, 281, 183, 126, 68, 289, 127, 288, 194, 232, 233, 195, 90, 306, 307, 309, 310, 311, 312, 313, 314, 315, 308, 229, 320, 321, 185, 228, 182, 285, 284, 330, 331, 334, 335, 336, 337, 213, 212, 342, 343, 240, 241, 279, 278, 346, 347, 205, 204, 105, 104, 341, 353, 356, 357, 358, 362, 364, 365, 367, 366, 352, 225, 287, 340, 370, 371, 372, 373, 318, 54, 130, 55, 374, 375, 376, 377, 378, 379, 380, 381, 385, 382, 386, 387, 383, 384, 388, 389, 305, 319, 304, 390, 391, 392, 393, 359, 296, 291, 292, 394, 395, 396, 397, 290, 286, 297, 293, 181, 180, 398, 399, 400, 401, 404, 405, 406, 407, 408, 409, 410, 411, 264, 224, 412, 413, 131, 208, 418, 419, 420, 421, 422, 423, 428, 429, 114, 242, 263, 432, 433, 435, 436, 437, 434, 256, 438, 439, 262, 257, 440, 441, 324]
  列生成求解结果: 目标值=10.0000， 下界=8.0000， 上界=10.0000

处理节点 266
  开始列生成求解...
Set parameter LogToConsole to value 0
Set parameter Threads to value 1
Set parameter Seed to value 0
  定价策略: Exact, node=266, vertices=13
Set parameter PoolSearchMode to value 2
Set parameter PoolSolutions to value 10
[CG 1] RMP=11.000000, pricing=ExactPricingSolver, new_columns=10
[CG 2] RMP=8.000000, pricing=ExactPricingSolver, new_columns=0
  搜索路径: [1, 2, 3, 6, 7, 10, 12, 13, 11, 18, 19, 22, 23, 20, 21, 30, 31, 28, 29, 36, 37, 39, 38, 44, 45, 48, 49, 26, 27, 58, 59, 60, 61, 64, 65, 70, 71, 56, 62, 57, 50, 77, 51, 79, 80, 81, 43, 63, 34, 96, 97, 100, 101, 92, 42, 76, 35, 110, 111, 113, 112, 118, 119, 124, 125, 93, 78, 132, 133, 136, 137, 94, 95, 87, 86, 16, 17, 148, 149, 146, 150, 151, 152, 153, 156, 157, 147, 160, 161, 162, 163, 165, 164, 168, 169, 172, 173, 177, 174, 175, 176, 186, 187, 188, 189, 190, 191, 192, 193, 200, 201, 154, 155, 123, 122, 197, 210, 214, 215, 211, 196, 138, 82, 139, 72, 73, 83, 85, 84, 134, 135, 166, 167, 236, 237, 159, 143, 142, 144, 235, 158, 69, 238, 239, 246, 249, 250, 251, 253, 254, 255, 252, 247, 248, 91, 274, 275, 145, 227, 280, 184, 226, 234, 281, 183, 126, 68, 289, 127, 288, 194, 232, 233, 195, 90, 306, 307, 309, 310, 311, 312, 313, 314, 315, 308, 229, 320, 321, 185, 228, 182, 285, 284, 330, 331, 334, 335, 336, 337, 213, 212, 342, 343, 240, 241, 279, 278, 346, 347, 205, 204, 105, 104, 341, 353, 356, 357, 358, 362, 364, 365, 367, 366, 352, 225, 287, 340, 370, 371, 372, 373, 318, 54, 130, 55, 374, 375, 376, 377, 378, 379, 380, 381, 385, 382, 386, 387, 383, 384, 388, 389, 305, 319, 304, 390, 391, 392, 393, 359, 296, 291, 292, 394, 395, 396, 397, 290, 286, 297, 293, 181, 180, 398, 399, 400, 401, 404, 405, 406, 407, 408, 409, 410, 411, 264, 224, 412, 413, 131, 208, 418, 419, 420, 421, 422, 423, 428, 429, 114, 242, 263, 432, 433, 435, 436, 437, 434, 256, 438, 439, 262, 257, 440, 441, 324, 266]
  列生成求解结果: 目标值=8.0000， 下界=8.0000， 上界=10.0000
    非整数变量: COL_1-16-20-9_98 = 0.500000
  解不是整数，开始分支...
ImposedVertex(vertex=12)
ForbidVertex(vertex=12)
  创建了 2 个分支
    添加分支节点 1: ID=442
    添加分支节点 2: ID=443

处理节点 325
  开始列生成求解...
Set parameter LogToConsole to value 0
Set parameter Threads to value 1
Set parameter Seed to value 0
  定价策略: Exact, node=325, vertices=16
Set parameter PoolSearchMode to value 2
Set parameter PoolSolutions to value 10
[CG 1] RMP=12.000000, pricing=ExactPricingSolver, new_columns=0
  搜索路径: [1, 2, 3, 6, 7, 10, 12, 13, 11, 18, 19, 22, 23, 20, 21, 30, 31, 28, 29, 36, 37, 39, 38, 44, 45, 48, 49, 26, 27, 58, 59, 60, 61, 64, 65, 70, 71, 56, 62, 57, 50, 77, 51, 79, 80, 81, 43, 63, 34, 96, 97, 100, 101, 92, 42, 76, 35, 110, 111, 113, 112, 118, 119, 124, 125, 93, 78, 132, 133, 136, 137, 94, 95, 87, 86, 16, 17, 148, 149, 146, 150, 151, 152, 153, 156, 157, 147, 160, 161, 162, 163, 165, 164, 168, 169, 172, 173, 177, 174, 175, 176, 186, 187, 188, 189, 190, 191, 192, 193, 200, 201, 154, 155, 123, 122, 197, 210, 214, 215, 211, 196, 138, 82, 139, 72, 73, 83, 85, 84, 134, 135, 166, 167, 236, 237, 159, 143, 142, 144, 235, 158, 69, 238, 239, 246, 249, 250, 251, 253, 254, 255, 252, 247, 248, 91, 274, 275, 145, 227, 280, 184, 226, 234, 281, 183, 126, 68, 289, 127, 288, 194, 232, 233, 195, 90, 306, 307, 309, 310, 311, 312, 313, 314, 315, 308, 229, 320, 321, 185, 228, 182, 285, 284, 330, 331, 334, 335, 336, 337, 213, 212, 342, 343, 240, 241, 279, 278, 346, 347, 205, 204, 105, 104, 341, 353, 356, 357, 358, 362, 364, 365, 367, 366, 352, 225, 287, 340, 370, 371, 372, 373, 318, 54, 130, 55, 374, 375, 376, 377, 378, 379, 380, 381, 385, 382, 386, 387, 383, 384, 388, 389, 305, 319, 304, 390, 391, 392, 393, 359, 296, 291, 292, 394, 395, 396, 397, 290, 286, 297, 293, 181, 180, 398, 399, 400, 401, 404, 405, 406, 407, 408, 409, 410, 411, 264, 224, 412, 413, 131, 208, 418, 419, 420, 421, 422, 423, 428, 429, 114, 242, 263, 432, 433, 435, 436, 437, 434, 256, 438, 439, 262, 257, 440, 441, 324, 266, 325]
  列生成求解结果: 目标值=12.0000， 下界=8.0000， 上界=10.0000

处理节点 442
  开始列生成求解...
Set parameter LogToConsole to value 0
Set parameter Threads to value 1
Set parameter Seed to value 0
  定价策略: Exact, node=442, vertices=12
Set parameter PoolSearchMode to value 2
Set parameter PoolSolutions to value 10
[CG 1] RMP=9.000000, pricing=ExactPricingSolver, new_columns=0
  搜索路径: [1, 2, 3, 6, 7, 10, 12, 13, 11, 18, 19, 22, 23, 20, 21, 30, 31, 28, 29, 36, 37, 39, 38, 44, 45, 48, 49, 26, 27, 58, 59, 60, 61, 64, 65, 70, 71, 56, 62, 57, 50, 77, 51, 79, 80, 81, 43, 63, 34, 96, 97, 100, 101, 92, 42, 76, 35, 110, 111, 113, 112, 118, 119, 124, 125, 93, 78, 132, 133, 136, 137, 94, 95, 87, 86, 16, 17, 148, 149, 146, 150, 151, 152, 153, 156, 157, 147, 160, 161, 162, 163, 165, 164, 168, 169, 172, 173, 177, 174, 175, 176, 186, 187, 188, 189, 190, 191, 192, 193, 200, 201, 154, 155, 123, 122, 197, 210, 214, 215, 211, 196, 138, 82, 139, 72, 73, 83, 85, 84, 134, 135, 166, 167, 236, 237, 159, 143, 142, 144, 235, 158, 69, 238, 239, 246, 249, 250, 251, 253, 254, 255, 252, 247, 248, 91, 274, 275, 145, 227, 280, 184, 226, 234, 281, 183, 126, 68, 289, 127, 288, 194, 232, 233, 195, 90, 306, 307, 309, 310, 311, 312, 313, 314, 315, 308, 229, 320, 321, 185, 228, 182, 285, 284, 330, 331, 334, 335, 336, 337, 213, 212, 342, 343, 240, 241, 279, 278, 346, 347, 205, 204, 105, 104, 341, 353, 356, 357, 358, 362, 364, 365, 367, 366, 352, 225, 287, 340, 370, 371, 372, 373, 318, 54, 130, 55, 374, 375, 376, 377, 378, 379, 380, 381, 385, 382, 386, 387, 383, 384, 388, 389, 305, 319, 304, 390, 391, 392, 393, 359, 296, 291, 292, 394, 395, 396, 397, 290, 286, 297, 293, 181, 180, 398, 399, 400, 401, 404, 405, 406, 407, 408, 409, 410, 411, 264, 224, 412, 413, 131, 208, 418, 419, 420, 421, 422, 423, 428, 429, 114, 242, 263, 432, 433, 435, 436, 437, 434, 256, 438, 439, 262, 257, 440, 441, 324, 266, 325, 442]
  列生成求解结果: 目标值=9.0000， 下界=8.0000， 上界=10.0000
    非整数变量: COL_1-18-23-7-9_33 = 0.409091
  解不是整数，开始分支...
ImposedVertex(vertex=27)
ForbidVertex(vertex=27)
  创建了 2 个分支
    添加分支节点 1: ID=444
    添加分支节点 2: ID=445

处理节点 443
  开始列生成求解...
Set parameter LogToConsole to value 0
Set parameter Threads to value 1
Set parameter Seed to value 0
  定价策略: Exact, node=443, vertices=12
Set parameter PoolSearchMode to value 2
Set parameter PoolSolutions to value 10
[CG 1] RMP=11.000000, pricing=ExactPricingSolver, new_columns=10
[CG 2] RMP=11.000000, pricing=ExactPricingSolver, new_columns=10
[CG 3] RMP=10.000000, pricing=ExactPricingSolver, new_columns=0
  搜索路径: [1, 2, 3, 6, 7, 10, 12, 13, 11, 18, 19, 22, 23, 20, 21, 30, 31, 28, 29, 36, 37, 39, 38, 44, 45, 48, 49, 26, 27, 58, 59, 60, 61, 64, 65, 70, 71, 56, 62, 57, 50, 77, 51, 79, 80, 81, 43, 63, 34, 96, 97, 100, 101, 92, 42, 76, 35, 110, 111, 113, 112, 118, 119, 124, 125, 93, 78, 132, 133, 136, 137, 94, 95, 87, 86, 16, 17, 148, 149, 146, 150, 151, 152, 153, 156, 157, 147, 160, 161, 162, 163, 165, 164, 168, 169, 172, 173, 177, 174, 175, 176, 186, 187, 188, 189, 190, 191, 192, 193, 200, 201, 154, 155, 123, 122, 197, 210, 214, 215, 211, 196, 138, 82, 139, 72, 73, 83, 85, 84, 134, 135, 166, 167, 236, 237, 159, 143, 142, 144, 235, 158, 69, 238, 239, 246, 249, 250, 251, 253, 254, 255, 252, 247, 248, 91, 274, 275, 145, 227, 280, 184, 226, 234, 281, 183, 126, 68, 289, 127, 288, 194, 232, 233, 195, 90, 306, 307, 309, 310, 311, 312, 313, 314, 315, 308, 229, 320, 321, 185, 228, 182, 285, 284, 330, 331, 334, 335, 336, 337, 213, 212, 342, 343, 240, 241, 279, 278, 346, 347, 205, 204, 105, 104, 341, 353, 356, 357, 358, 362, 364, 365, 367, 366, 352, 225, 287, 340, 370, 371, 372, 373, 318, 54, 130, 55, 374, 375, 376, 377, 378, 379, 380, 381, 385, 382, 386, 387, 383, 384, 388, 389, 305, 319, 304, 390, 391, 392, 393, 359, 296, 291, 292, 394, 395, 396, 397, 290, 286, 297, 293, 181, 180, 398, 399, 400, 401, 404, 405, 406, 407, 408, 409, 410, 411, 264, 224, 412, 413, 131, 208, 418, 419, 420, 421, 422, 423, 428, 429, 114, 242, 263, 432, 433, 435, 436, 437, 434, 256, 438, 439, 262, 257, 440, 441, 324, 266, 325, 442, 443]
  列生成求解结果: 目标值=10.0000， 下界=8.0000， 上界=10.0000

处理节点 265
  开始列生成求解...
Set parameter LogToConsole to value 0
Set parameter Threads to value 1
Set parameter Seed to value 0
  定价策略: Exact, node=265, vertices=12
Set parameter PoolSearchMode to value 2
Set parameter PoolSolutions to value 10
[CG 1] RMP=12.000000, pricing=ExactPricingSolver, new_columns=0
  搜索路径: [1, 2, 3, 6, 7, 10, 12, 13, 11, 18, 19, 22, 23, 20, 21, 30, 31, 28, 29, 36, 37, 39, 38, 44, 45, 48, 49, 26, 27, 58, 59, 60, 61, 64, 65, 70, 71, 56, 62, 57, 50, 77, 51, 79, 80, 81, 43, 63, 34, 96, 97, 100, 101, 92, 42, 76, 35, 110, 111, 113, 112, 118, 119, 124, 125, 93, 78, 132, 133, 136, 137, 94, 95, 87, 86, 16, 17, 148, 149, 146, 150, 151, 152, 153, 156, 157, 147, 160, 161, 162, 163, 165, 164, 168, 169, 172, 173, 177, 174, 175, 176, 186, 187, 188, 189, 190, 191, 192, 193, 200, 201, 154, 155, 123, 122, 197, 210, 214, 215, 211, 196, 138, 82, 139, 72, 73, 83, 85, 84, 134, 135, 166, 167, 236, 237, 159, 143, 142, 144, 235, 158, 69, 238, 239, 246, 249, 250, 251, 253, 254, 255, 252, 247, 248, 91, 274, 275, 145, 227, 280, 184, 226, 234, 281, 183, 126, 68, 289, 127, 288, 194, 232, 233, 195, 90, 306, 307, 309, 310, 311, 312, 313, 314, 315, 308, 229, 320, 321, 185, 228, 182, 285, 284, 330, 331, 334, 335, 336, 337, 213, 212, 342, 343, 240, 241, 279, 278, 346, 347, 205, 204, 105, 104, 341, 353, 356, 357, 358, 362, 364, 365, 367, 366, 352, 225, 287, 340, 370, 371, 372, 373, 318, 54, 130, 55, 374, 375, 376, 377, 378, 379, 380, 381, 385, 382, 386, 387, 383, 384, 388, 389, 305, 319, 304, 390, 391, 392, 393, 359, 296, 291, 292, 394, 395, 396, 397, 290, 286, 297, 293, 181, 180, 398, 399, 400, 401, 404, 405, 406, 407, 408, 409, 410, 411, 264, 224, 412, 413, 131, 208, 418, 419, 420, 421, 422, 423, 428, 429, 114, 242, 263, 432, 433, 435, 436, 437, 434, 256, 438, 439, 262, 257, 440, 441, 324, 266, 325, 442, 443, 265]
  列生成求解结果: 目标值=12.0000， 下界=8.0000， 上界=10.0000

处理节点 267
  开始列生成求解...
Set parameter LogToConsole to value 0
Set parameter Threads to value 1
Set parameter Seed to value 0
  定价策略: Exact, node=267, vertices=13
Set parameter PoolSearchMode to value 2
Set parameter PoolSolutions to value 10
[CG 1] RMP=14.666667, pricing=ExactPricingSolver, new_columns=10
[CG 2] RMP=8.000000, pricing=ExactPricingSolver, new_columns=0
  搜索路径: [1, 2, 3, 6, 7, 10, 12, 13, 11, 18, 19, 22, 23, 20, 21, 30, 31, 28, 29, 36, 37, 39, 38, 44, 45, 48, 49, 26, 27, 58, 59, 60, 61, 64, 65, 70, 71, 56, 62, 57, 50, 77, 51, 79, 80, 81, 43, 63, 34, 96, 97, 100, 101, 92, 42, 76, 35, 110, 111, 113, 112, 118, 119, 124, 125, 93, 78, 132, 133, 136, 137, 94, 95, 87, 86, 16, 17, 148, 149, 146, 150, 151, 152, 153, 156, 157, 147, 160, 161, 162, 163, 165, 164, 168, 169, 172, 173, 177, 174, 175, 176, 186, 187, 188, 189, 190, 191, 192, 193, 200, 201, 154, 155, 123, 122, 197, 210, 214, 215, 211, 196, 138, 82, 139, 72, 73, 83, 85, 84, 134, 135, 166, 167, 236, 237, 159, 143, 142, 144, 235, 158, 69, 238, 239, 246, 249, 250, 251, 253, 254, 255, 252, 247, 248, 91, 274, 275, 145, 227, 280, 184, 226, 234, 281, 183, 126, 68, 289, 127, 288, 194, 232, 233, 195, 90, 306, 307, 309, 310, 311, 312, 313, 314, 315, 308, 229, 320, 321, 185, 228, 182, 285, 284, 330, 331, 334, 335, 336, 337, 213, 212, 342, 343, 240, 241, 279, 278, 346, 347, 205, 204, 105, 104, 341, 353, 356, 357, 358, 362, 364, 365, 367, 366, 352, 225, 287, 340, 370, 371, 372, 373, 318, 54, 130, 55, 374, 375, 376, 377, 378, 379, 380, 381, 385, 382, 386, 387, 383, 384, 388, 389, 305, 319, 304, 390, 391, 392, 393, 359, 296, 291, 292, 394, 395, 396, 397, 290, 286, 297, 293, 181, 180, 398, 399, 400, 401, 404, 405, 406, 407, 408, 409, 410, 411, 264, 224, 412, 413, 131, 208, 418, 419, 420, 421, 422, 423, 428, 429, 114, 242, 263, 432, 433, 435, 436, 437, 434, 256, 438, 439, 262, 257, 440, 441, 324, 266, 325, 442, 443, 265, 267]
  列生成求解结果: 目标值=8.0000， 下界=8.0000， 上界=10.0000
    非整数变量: COL_1-18-23-9_29 = 0.228571
  解不是整数，开始分支...
ImposedVertex(vertex=8)
ForbidVertex(vertex=8)
  创建了 2 个分支
    添加分支节点 1: ID=446
    添加分支节点 2: ID=447

处理节点 209
  开始列生成求解...
Set parameter LogToConsole to value 0
Set parameter Threads to value 1
Set parameter Seed to value 0
  定价策略: Exact, node=209, vertices=18
Set parameter PoolSearchMode to value 2
Set parameter PoolSolutions to value 10
[CG 1] RMP=11.000000, pricing=ExactPricingSolver, new_columns=10
[CG 2] RMP=9.000000, pricing=ExactPricingSolver, new_columns=10
[CG 3] RMP=9.000000, pricing=ExactPricingSolver, new_columns=0
  搜索路径: [1, 2, 3, 6, 7, 10, 12, 13, 11, 18, 19, 22, 23, 20, 21, 30, 31, 28, 29, 36, 37, 39, 38, 44, 45, 48, 49, 26, 27, 58, 59, 60, 61, 64, 65, 70, 71, 56, 62, 57, 50, 77, 51, 79, 80, 81, 43, 63, 34, 96, 97, 100, 101, 92, 42, 76, 35, 110, 111, 113, 112, 118, 119, 124, 125, 93, 78, 132, 133, 136, 137, 94, 95, 87, 86, 16, 17, 148, 149, 146, 150, 151, 152, 153, 156, 157, 147, 160, 161, 162, 163, 165, 164, 168, 169, 172, 173, 177, 174, 175, 176, 186, 187, 188, 189, 190, 191, 192, 193, 200, 201, 154, 155, 123, 122, 197, 210, 214, 215, 211, 196, 138, 82, 139, 72, 73, 83, 85, 84, 134, 135, 166, 167, 236, 237, 159, 143, 142, 144, 235, 158, 69, 238, 239, 246, 249, 250, 251, 253, 254, 255, 252, 247, 248, 91, 274, 275, 145, 227, 280, 184, 226, 234, 281, 183, 126, 68, 289, 127, 288, 194, 232, 233, 195, 90, 306, 307, 309, 310, 311, 312, 313, 314, 315, 308, 229, 320, 321, 185, 228, 182, 285, 284, 330, 331, 334, 335, 336, 337, 213, 212, 342, 343, 240, 241, 279, 278, 346, 347, 205, 204, 105, 104, 341, 353, 356, 357, 358, 362, 364, 365, 367, 366, 352, 225, 287, 340, 370, 371, 372, 373, 318, 54, 130, 55, 374, 375, 376, 377, 378, 379, 380, 381, 385, 382, 386, 387, 383, 384, 388, 389, 305, 319, 304, 390, 391, 392, 393, 359, 296, 291, 292, 394, 395, 396, 397, 290, 286, 297, 293, 181, 180, 398, 399, 400, 401, 404, 405, 406, 407, 408, 409, 410, 411, 264, 224, 412, 413, 131, 208, 418, 419, 420, 421, 422, 423, 428, 429, 114, 242, 263, 432, 433, 435, 436, 437, 434, 256, 438, 439, 262, 257, 440, 441, 324, 266, 325, 442, 443, 265, 267, 209]
  列生成求解结果: 目标值=9.0000， 下界=8.0000， 上界=10.0000
    非整数变量: COL_11-16-20-22-27-4-7-9_675 = 0.250000
  解不是整数，开始分支...
ImposedVertex(vertex=27)
ForbidVertex(vertex=27)
  创建了 2 个分支
    添加分支节点 1: ID=448
    添加分支节点 2: ID=449

处理节点 446
  开始列生成求解...
Set parameter LogToConsole to value 0
Set parameter Threads to value 1
Set parameter Seed to value 0
  定价策略: Exact, node=446, vertices=12
Set parameter PoolSearchMode to value 2
Set parameter PoolSolutions to value 10
[CG 1] RMP=12.000000, pricing=ExactPricingSolver, new_columns=0
  搜索路径: [1, 2, 3, 6, 7, 10, 12, 13, 11, 18, 19, 22, 23, 20, 21, 30, 31, 28, 29, 36, 37, 39, 38, 44, 45, 48, 49, 26, 27, 58, 59, 60, 61, 64, 65, 70, 71, 56, 62, 57, 50, 77, 51, 79, 80, 81, 43, 63, 34, 96, 97, 100, 101, 92, 42, 76, 35, 110, 111, 113, 112, 118, 119, 124, 125, 93, 78, 132, 133, 136, 137, 94, 95, 87, 86, 16, 17, 148, 149, 146, 150, 151, 152, 153, 156, 157, 147, 160, 161, 162, 163, 165, 164, 168, 169, 172, 173, 177, 174, 175, 176, 186, 187, 188, 189, 190, 191, 192, 193, 200, 201, 154, 155, 123, 122, 197, 210, 214, 215, 211, 196, 138, 82, 139, 72, 73, 83, 85, 84, 134, 135, 166, 167, 236, 237, 159, 143, 142, 144, 235, 158, 69, 238, 239, 246, 249, 250, 251, 253, 254, 255, 252, 247, 248, 91, 274, 275, 145, 227, 280, 184, 226, 234, 281, 183, 126, 68, 289, 127, 288, 194, 232, 233, 195, 90, 306, 307, 309, 310, 311, 312, 313, 314, 315, 308, 229, 320, 321, 185, 228, 182, 285, 284, 330, 331, 334, 335, 336, 337, 213, 212, 342, 343, 240, 241, 279, 278, 346, 347, 205, 204, 105, 104, 341, 353, 356, 357, 358, 362, 364, 365, 367, 366, 352, 225, 287, 340, 370, 371, 372, 373, 318, 54, 130, 55, 374, 375, 376, 377, 378, 379, 380, 381, 385, 382, 386, 387, 383, 384, 388, 389, 305, 319, 304, 390, 391, 392, 393, 359, 296, 291, 292, 394, 395, 396, 397, 290, 286, 297, 293, 181, 180, 398, 399, 400, 401, 404, 405, 406, 407, 408, 409, 410, 411, 264, 224, 412, 413, 131, 208, 418, 419, 420, 421, 422, 423, 428, 429, 114, 242, 263, 432, 433, 435, 436, 437, 434, 256, 438, 439, 262, 257, 440, 441, 324, 266, 325, 442, 443, 265, 267, 209, 446]
  列生成求解结果: 目标值=12.0000， 下界=8.0000， 上界=10.0000

处理节点 447
  开始列生成求解...
Set parameter LogToConsole to value 0
Set parameter Threads to value 1
Set parameter Seed to value 0
  定价策略: Exact, node=447, vertices=12
Set parameter PoolSearchMode to value 2
Set parameter PoolSolutions to value 10
[CG 1] RMP=8.000000, pricing=ExactPricingSolver, new_columns=0
  搜索路径: [1, 2, 3, 6, 7, 10, 12, 13, 11, 18, 19, 22, 23, 20, 21, 30, 31, 28, 29, 36, 37, 39, 38, 44, 45, 48, 49, 26, 27, 58, 59, 60, 61, 64, 65, 70, 71, 56, 62, 57, 50, 77, 51, 79, 80, 81, 43, 63, 34, 96, 97, 100, 101, 92, 42, 76, 35, 110, 111, 113, 112, 118, 119, 124, 125, 93, 78, 132, 133, 136, 137, 94, 95, 87, 86, 16, 17, 148, 149, 146, 150, 151, 152, 153, 156, 157, 147, 160, 161, 162, 163, 165, 164, 168, 169, 172, 173, 177, 174, 175, 176, 186, 187, 188, 189, 190, 191, 192, 193, 200, 201, 154, 155, 123, 122, 197, 210, 214, 215, 211, 196, 138, 82, 139, 72, 73, 83, 85, 84, 134, 135, 166, 167, 236, 237, 159, 143, 142, 144, 235, 158, 69, 238, 239, 246, 249, 250, 251, 253, 254, 255, 252, 247, 248, 91, 274, 275, 145, 227, 280, 184, 226, 234, 281, 183, 126, 68, 289, 127, 288, 194, 232, 233, 195, 90, 306, 307, 309, 310, 311, 312, 313, 314, 315, 308, 229, 320, 321, 185, 228, 182, 285, 284, 330, 331, 334, 335, 336, 337, 213, 212, 342, 343, 240, 241, 279, 278, 346, 347, 205, 204, 105, 104, 341, 353, 356, 357, 358, 362, 364, 365, 367, 366, 352, 225, 287, 340, 370, 371, 372, 373, 318, 54, 130, 55, 374, 375, 376, 377, 378, 379, 380, 381, 385, 382, 386, 387, 383, 384, 388, 389, 305, 319, 304, 390, 391, 392, 393, 359, 296, 291, 292, 394, 395, 396, 397, 290, 286, 297, 293, 181, 180, 398, 399, 400, 401, 404, 405, 406, 407, 408, 409, 410, 411, 264, 224, 412, 413, 131, 208, 418, 419, 420, 421, 422, 423, 428, 429, 114, 242, 263, 432, 433, 435, 436, 437, 434, 256, 438, 439, 262, 257, 440, 441, 324, 266, 325, 442, 443, 265, 267, 209, 446, 447]
  列生成求解结果: 目标值=8.0000， 下界=8.0000， 上界=10.0000
    非整数变量: COL_1-18-23-7-9_33 = 0.283117
  解不是整数，开始分支...
ImposedVertex(vertex=12)
ForbidVertex(vertex=12)
  创建了 2 个分支
    添加分支节点 1: ID=450
    添加分支节点 2: ID=451

处理节点 243
  开始列生成求解...
Set parameter LogToConsole to value 0
Set parameter Threads to value 1
Set parameter Seed to value 0
  定价策略: Exact, node=243, vertices=14
Set parameter PoolSearchMode to value 2
Set parameter PoolSolutions to value 10
[CG 1] RMP=8.000000, pricing=ExactPricingSolver, new_columns=0
  搜索路径: [1, 2, 3, 6, 7, 10, 12, 13, 11, 18, 19, 22, 23, 20, 21, 30, 31, 28, 29, 36, 37, 39, 38, 44, 45, 48, 49, 26, 27, 58, 59, 60, 61, 64, 65, 70, 71, 56, 62, 57, 50, 77, 51, 79, 80, 81, 43, 63, 34, 96, 97, 100, 101, 92, 42, 76, 35, 110, 111, 113, 112, 118, 119, 124, 125, 93, 78, 132, 133, 136, 137, 94, 95, 87, 86, 16, 17, 148, 149, 146, 150, 151, 152, 153, 156, 157, 147, 160, 161, 162, 163, 165, 164, 168, 169, 172, 173, 177, 174, 175, 176, 186, 187, 188, 189, 190, 191, 192, 193, 200, 201, 154, 155, 123, 122, 197, 210, 214, 215, 211, 196, 138, 82, 139, 72, 73, 83, 85, 84, 134, 135, 166, 167, 236, 237, 159, 143, 142, 144, 235, 158, 69, 238, 239, 246, 249, 250, 251, 253, 254, 255, 252, 247, 248, 91, 274, 275, 145, 227, 280, 184, 226, 234, 281, 183, 126, 68, 289, 127, 288, 194, 232, 233, 195, 90, 306, 307, 309, 310, 311, 312, 313, 314, 315, 308, 229, 320, 321, 185, 228, 182, 285, 284, 330, 331, 334, 335, 336, 337, 213, 212, 342, 343, 240, 241, 279, 278, 346, 347, 205, 204, 105, 104, 341, 353, 356, 357, 358, 362, 364, 365, 367, 366, 352, 225, 287, 340, 370, 371, 372, 373, 318, 54, 130, 55, 374, 375, 376, 377, 378, 379, 380, 381, 385, 382, 386, 387, 383, 384, 388, 389, 305, 319, 304, 390, 391, 392, 393, 359, 296, 291, 292, 394, 395, 396, 397, 290, 286, 297, 293, 181, 180, 398, 399, 400, 401, 404, 405, 406, 407, 408, 409, 410, 411, 264, 224, 412, 413, 131, 208, 418, 419, 420, 421, 422, 423, 428, 429, 114, 242, 263, 432, 433, 435, 436, 437, 434, 256, 438, 439, 262, 257, 440, 441, 324, 266, 325, 442, 443, 265, 267, 209, 446, 447, 243]
  列生成求解结果: 目标值=8.0000， 下界=8.0000， 上界=10.0000
    非整数变量: COL_1-17-6_151 = 0.500000
  解不是整数，开始分支...
ImposedVertex(vertex=6)
ForbidVertex(vertex=6)
  创建了 2 个分支
    添加分支节点 1: ID=452
    添加分支节点 2: ID=453

处理节点 450
  开始列生成求解...
Set parameter LogToConsole to value 0
Set parameter Threads to value 1
Set parameter Seed to value 0
  定价策略: Exact, node=450, vertices=11
Set parameter PoolSearchMode to value 2
Set parameter PoolSolutions to value 10
[CG 1] RMP=9.000000, pricing=ExactPricingSolver, new_columns=0
  搜索路径: [1, 2, 3, 6, 7, 10, 12, 13, 11, 18, 19, 22, 23, 20, 21, 30, 31, 28, 29, 36, 37, 39, 38, 44, 45, 48, 49, 26, 27, 58, 59, 60, 61, 64, 65, 70, 71, 56, 62, 57, 50, 77, 51, 79, 80, 81, 43, 63, 34, 96, 97, 100, 101, 92, 42, 76, 35, 110, 111, 113, 112, 118, 119, 124, 125, 93, 78, 132, 133, 136, 137, 94, 95, 87, 86, 16, 17, 148, 149, 146, 150, 151, 152, 153, 156, 157, 147, 160, 161, 162, 163, 165, 164, 168, 169, 172, 173, 177, 174, 175, 176, 186, 187, 188, 189, 190, 191, 192, 193, 200, 201, 154, 155, 123, 122, 197, 210, 214, 215, 211, 196, 138, 82, 139, 72, 73, 83, 85, 84, 134, 135, 166, 167, 236, 237, 159, 143, 142, 144, 235, 158, 69, 238, 239, 246, 249, 250, 251, 253, 254, 255, 252, 247, 248, 91, 274, 275, 145, 227, 280, 184, 226, 234, 281, 183, 126, 68, 289, 127, 288, 194, 232, 233, 195, 90, 306, 307, 309, 310, 311, 312, 313, 314, 315, 308, 229, 320, 321, 185, 228, 182, 285, 284, 330, 331, 334, 335, 336, 337, 213, 212, 342, 343, 240, 241, 279, 278, 346, 347, 205, 204, 105, 104, 341, 353, 356, 357, 358, 362, 364, 365, 367, 366, 352, 225, 287, 340, 370, 371, 372, 373, 318, 54, 130, 55, 374, 375, 376, 377, 378, 379, 380, 381, 385, 382, 386, 387, 383, 384, 388, 389, 305, 319, 304, 390, 391, 392, 393, 359, 296, 291, 292, 394, 395, 396, 397, 290, 286, 297, 293, 181, 180, 398, 399, 400, 401, 404, 405, 406, 407, 408, 409, 410, 411, 264, 224, 412, 413, 131, 208, 418, 419, 420, 421, 422, 423, 428, 429, 114, 242, 263, 432, 433, 435, 436, 437, 434, 256, 438, 439, 262, 257, 440, 441, 324, 266, 325, 442, 443, 265, 267, 209, 446, 447, 243, 450]
  列生成求解结果: 目标值=9.0000， 下界=8.0000， 上界=10.0000
    非整数变量: COL_18-23-9_27 = 0.111111
  解不是整数，开始分支...
ImposedVertex(vertex=27)
ForbidVertex(vertex=27)
  创建了 2 个分支
    添加分支节点 1: ID=454
    添加分支节点 2: ID=455

处理节点 451
  开始列生成求解...
Set parameter LogToConsole to value 0
Set parameter Threads to value 1
Set parameter Seed to value 0
  定价策略: Exact, node=451, vertices=11
Set parameter PoolSearchMode to value 2
Set parameter PoolSolutions to value 10
[CG 1] RMP=10.000000, pricing=ExactPricingSolver, new_columns=0
  搜索路径: [1, 2, 3, 6, 7, 10, 12, 13, 11, 18, 19, 22, 23, 20, 21, 30, 31, 28, 29, 36, 37, 39, 38, 44, 45, 48, 49, 26, 27, 58, 59, 60, 61, 64, 65, 70, 71, 56, 62, 57, 50, 77, 51, 79, 80, 81, 43, 63, 34, 96, 97, 100, 101, 92, 42, 76, 35, 110, 111, 113, 112, 118, 119, 124, 125, 93, 78, 132, 133, 136, 137, 94, 95, 87, 86, 16, 17, 148, 149, 146, 150, 151, 152, 153, 156, 157, 147, 160, 161, 162, 163, 165, 164, 168, 169, 172, 173, 177, 174, 175, 176, 186, 187, 188, 189, 190, 191, 192, 193, 200, 201, 154, 155, 123, 122, 197, 210, 214, 215, 211, 196, 138, 82, 139, 72, 73, 83, 85, 84, 134, 135, 166, 167, 236, 237, 159, 143, 142, 144, 235, 158, 69, 238, 239, 246, 249, 250, 251, 253, 254, 255, 252, 247, 248, 91, 274, 275, 145, 227, 280, 184, 226, 234, 281, 183, 126, 68, 289, 127, 288, 194, 232, 233, 195, 90, 306, 307, 309, 310, 311, 312, 313, 314, 315, 308, 229, 320, 321, 185, 228, 182, 285, 284, 330, 331, 334, 335, 336, 337, 213, 212, 342, 343, 240, 241, 279, 278, 346, 347, 205, 204, 105, 104, 341, 353, 356, 357, 358, 362, 364, 365, 367, 366, 352, 225, 287, 340, 370, 371, 372, 373, 318, 54, 130, 55, 374, 375, 376, 377, 378, 379, 380, 381, 385, 382, 386, 387, 383, 384, 388, 389, 305, 319, 304, 390, 391, 392, 393, 359, 296, 291, 292, 394, 395, 396, 397, 290, 286, 297, 293, 181, 180, 398, 399, 400, 401, 404, 405, 406, 407, 408, 409, 410, 411, 264, 224, 412, 413, 131, 208, 418, 419, 420, 421, 422, 423, 428, 429, 114, 242, 263, 432, 433, 435, 436, 437, 434, 256, 438, 439, 262, 257, 440, 441, 324, 266, 325, 442, 443, 265, 267, 209, 446, 447, 243, 450, 451]
  列生成求解结果: 目标值=10.0000， 下界=8.0000， 上界=10.0000

处理节点 452
  开始列生成求解...
Set parameter LogToConsole to value 0
Set parameter Threads to value 1
Set parameter Seed to value 0
  定价策略: Exact, node=452, vertices=13
Set parameter PoolSearchMode to value 2
Set parameter PoolSolutions to value 10
[CG 1] RMP=2010.000000, pricing=ExactPricingSolver, new_columns=10
[CG 2] RMP=11.000000, pricing=ExactPricingSolver, new_columns=0
  搜索路径: [1, 2, 3, 6, 7, 10, 12, 13, 11, 18, 19, 22, 23, 20, 21, 30, 31, 28, 29, 36, 37, 39, 38, 44, 45, 48, 49, 26, 27, 58, 59, 60, 61, 64, 65, 70, 71, 56, 62, 57, 50, 77, 51, 79, 80, 81, 43, 63, 34, 96, 97, 100, 101, 92, 42, 76, 35, 110, 111, 113, 112, 118, 119, 124, 125, 93, 78, 132, 133, 136, 137, 94, 95, 87, 86, 16, 17, 148, 149, 146, 150, 151, 152, 153, 156, 157, 147, 160, 161, 162, 163, 165, 164, 168, 169, 172, 173, 177, 174, 175, 176, 186, 187, 188, 189, 190, 191, 192, 193, 200, 201, 154, 155, 123, 122, 197, 210, 214, 215, 211, 196, 138, 82, 139, 72, 73, 83, 85, 84, 134, 135, 166, 167, 236, 237, 159, 143, 142, 144, 235, 158, 69, 238, 239, 246, 249, 250, 251, 253, 254, 255, 252, 247, 248, 91, 274, 275, 145, 227, 280, 184, 226, 234, 281, 183, 126, 68, 289, 127, 288, 194, 232, 233, 195, 90, 306, 307, 309, 310, 311, 312, 313, 314, 315, 308, 229, 320, 321, 185, 228, 182, 285, 284, 330, 331, 334, 335, 336, 337, 213, 212, 342, 343, 240, 241, 279, 278, 346, 347, 205, 204, 105, 104, 341, 353, 356, 357, 358, 362, 364, 365, 367, 366, 352, 225, 287, 340, 370, 371, 372, 373, 318, 54, 130, 55, 374, 375, 376, 377, 378, 379, 380, 381, 385, 382, 386, 387, 383, 384, 388, 389, 305, 319, 304, 390, 391, 392, 393, 359, 296, 291, 292, 394, 395, 396, 397, 290, 286, 297, 293, 181, 180, 398, 399, 400, 401, 404, 405, 406, 407, 408, 409, 410, 411, 264, 224, 412, 413, 131, 208, 418, 419, 420, 421, 422, 423, 428, 429, 114, 242, 263, 432, 433, 435, 436, 437, 434, 256, 438, 439, 262, 257, 440, 441, 324, 266, 325, 442, 443, 265, 267, 209, 446, 447, 243, 450, 451, 452]
  列生成求解结果: 目标值=11.0000， 下界=8.0000， 上界=10.0000

处理节点 453
  开始列生成求解...
Set parameter LogToConsole to value 0
Set parameter Threads to value 1
Set parameter Seed to value 0
  定价策略: Exact, node=453, vertices=13
Set parameter PoolSearchMode to value 2
Set parameter PoolSolutions to value 10
[CG 1] RMP=8.000000, pricing=ExactPricingSolver, new_columns=0
  搜索路径: [1, 2, 3, 6, 7, 10, 12, 13, 11, 18, 19, 22, 23, 20, 21, 30, 31, 28, 29, 36, 37, 39, 38, 44, 45, 48, 49, 26, 27, 58, 59, 60, 61, 64, 65, 70, 71, 56, 62, 57, 50, 77, 51, 79, 80, 81, 43, 63, 34, 96, 97, 100, 101, 92, 42, 76, 35, 110, 111, 113, 112, 118, 119, 124, 125, 93, 78, 132, 133, 136, 137, 94, 95, 87, 86, 16, 17, 148, 149, 146, 150, 151, 152, 153, 156, 157, 147, 160, 161, 162, 163, 165, 164, 168, 169, 172, 173, 177, 174, 175, 176, 186, 187, 188, 189, 190, 191, 192, 193, 200, 201, 154, 155, 123, 122, 197, 210, 214, 215, 211, 196, 138, 82, 139, 72, 73, 83, 85, 84, 134, 135, 166, 167, 236, 237, 159, 143, 142, 144, 235, 158, 69, 238, 239, 246, 249, 250, 251, 253, 254, 255, 252, 247, 248, 91, 274, 275, 145, 227, 280, 184, 226, 234, 281, 183, 126, 68, 289, 127, 288, 194, 232, 233, 195, 90, 306, 307, 309, 310, 311, 312, 313, 314, 315, 308, 229, 320, 321, 185, 228, 182, 285, 284, 330, 331, 334, 335, 336, 337, 213, 212, 342, 343, 240, 241, 279, 278, 346, 347, 205, 204, 105, 104, 341, 353, 356, 357, 358, 362, 364, 365, 367, 366, 352, 225, 287, 340, 370, 371, 372, 373, 318, 54, 130, 55, 374, 375, 376, 377, 378, 379, 380, 381, 385, 382, 386, 387, 383, 384, 388, 389, 305, 319, 304, 390, 391, 392, 393, 359, 296, 291, 292, 394, 395, 396, 397, 290, 286, 297, 293, 181, 180, 398, 399, 400, 401, 404, 405, 406, 407, 408, 409, 410, 411, 264, 224, 412, 413, 131, 208, 418, 419, 420, 421, 422, 423, 428, 429, 114, 242, 263, 432, 433, 435, 436, 437, 434, 256, 438, 439, 262, 257, 440, 441, 324, 266, 325, 442, 443, 265, 267, 209, 446, 447, 243, 450, 451, 452, 453]
  列生成求解结果: 目标值=8.0000， 下界=8.0000， 上界=10.0000
    非整数变量: COL_1-17_148 = 0.727273
  解不是整数，开始分支...
ImposedVertex(vertex=9)
ForbidVertex(vertex=9)
  创建了 2 个分支
    添加分支节点 1: ID=456
    添加分支节点 2: ID=457

处理节点 115
  开始列生成求解...
Set parameter LogToConsole to value 0
Set parameter Threads to value 1
Set parameter Seed to value 0
  定价策略: Exact, node=115, vertices=17
Set parameter PoolSearchMode to value 2
Set parameter PoolSolutions to value 10
[CG 1] RMP=1010.000000, pricing=ExactPricingSolver, new_columns=10
[CG 2] RMP=1010.000000, pricing=ExactPricingSolver, new_columns=10
[CG 3] RMP=8.000000, pricing=ExactPricingSolver, new_columns=0
  搜索路径: [1, 2, 3, 6, 7, 10, 12, 13, 11, 18, 19, 22, 23, 20, 21, 30, 31, 28, 29, 36, 37, 39, 38, 44, 45, 48, 49, 26, 27, 58, 59, 60, 61, 64, 65, 70, 71, 56, 62, 57, 50, 77, 51, 79, 80, 81, 43, 63, 34, 96, 97, 100, 101, 92, 42, 76, 35, 110, 111, 113, 112, 118, 119, 124, 125, 93, 78, 132, 133, 136, 137, 94, 95, 87, 86, 16, 17, 148, 149, 146, 150, 151, 152, 153, 156, 157, 147, 160, 161, 162, 163, 165, 164, 168, 169, 172, 173, 177, 174, 175, 176, 186, 187, 188, 189, 190, 191, 192, 193, 200, 201, 154, 155, 123, 122, 197, 210, 214, 215, 211, 196, 138, 82, 139, 72, 73, 83, 85, 84, 134, 135, 166, 167, 236, 237, 159, 143, 142, 144, 235, 158, 69, 238, 239, 246, 249, 250, 251, 253, 254, 255, 252, 247, 248, 91, 274, 275, 145, 227, 280, 184, 226, 234, 281, 183, 126, 68, 289, 127, 288, 194, 232, 233, 195, 90, 306, 307, 309, 310, 311, 312, 313, 314, 315, 308, 229, 320, 321, 185, 228, 182, 285, 284, 330, 331, 334, 335, 336, 337, 213, 212, 342, 343, 240, 241, 279, 278, 346, 347, 205, 204, 105, 104, 341, 353, 356, 357, 358, 362, 364, 365, 367, 366, 352, 225, 287, 340, 370, 371, 372, 373, 318, 54, 130, 55, 374, 375, 376, 377, 378, 379, 380, 381, 385, 382, 386, 387, 383, 384, 388, 389, 305, 319, 304, 390, 391, 392, 393, 359, 296, 291, 292, 394, 395, 396, 397, 290, 286, 297, 293, 181, 180, 398, 399, 400, 401, 404, 405, 406, 407, 408, 409, 410, 411, 264, 224, 412, 413, 131, 208, 418, 419, 420, 421, 422, 423, 428, 429, 114, 242, 263, 432, 433, 435, 436, 437, 434, 256, 438, 439, 262, 257, 440, 441, 324, 266, 325, 442, 443, 265, 267, 209, 446, 447, 243, 450, 451, 452, 453, 115]
  列生成求解结果: 目标值=8.0000， 下界=8.0000， 上界=10.0000
    非整数变量: COL_1-11-18-23-7-9_34 = 0.444444
  解不是整数，开始分支...
ImposedVertex(vertex=26)
ForbidVertex(vertex=26)
  创建了 2 个分支
    添加分支节点 1: ID=458
    添加分支节点 2: ID=459
  进度: 已处理 330 个节点, 剩余 107 个, 当前最优 10.0000, 当前列数: 2306

处理节点 456
  开始列生成求解...
Set parameter LogToConsole to value 0
Set parameter Threads to value 1
Set parameter Seed to value 0
  定价策略: Exact, node=456, vertices=12
Set parameter PoolSearchMode to value 2
Set parameter PoolSolutions to value 10
[CG 1] RMP=12.000000, pricing=ExactPricingSolver, new_columns=10
[CG 2] RMP=8.000000, pricing=ExactPricingSolver, new_columns=0
  搜索路径: [1, 2, 3, 6, 7, 10, 12, 13, 11, 18, 19, 22, 23, 20, 21, 30, 31, 28, 29, 36, 37, 39, 38, 44, 45, 48, 49, 26, 27, 58, 59, 60, 61, 64, 65, 70, 71, 56, 62, 57, 50, 77, 51, 79, 80, 81, 43, 63, 34, 96, 97, 100, 101, 92, 42, 76, 35, 110, 111, 113, 112, 118, 119, 124, 125, 93, 78, 132, 133, 136, 137, 94, 95, 87, 86, 16, 17, 148, 149, 146, 150, 151, 152, 153, 156, 157, 147, 160, 161, 162, 163, 165, 164, 168, 169, 172, 173, 177, 174, 175, 176, 186, 187, 188, 189, 190, 191, 192, 193, 200, 201, 154, 155, 123, 122, 197, 210, 214, 215, 211, 196, 138, 82, 139, 72, 73, 83, 85, 84, 134, 135, 166, 167, 236, 237, 159, 143, 142, 144, 235, 158, 69, 238, 239, 246, 249, 250, 251, 253, 254, 255, 252, 247, 248, 91, 274, 275, 145, 227, 280, 184, 226, 234, 281, 183, 126, 68, 289, 127, 288, 194, 232, 233, 195, 90, 306, 307, 309, 310, 311, 312, 313, 314, 315, 308, 229, 320, 321, 185, 228, 182, 285, 284, 330, 331, 334, 335, 336, 337, 213, 212, 342, 343, 240, 241, 279, 278, 346, 347, 205, 204, 105, 104, 341, 353, 356, 357, 358, 362, 364, 365, 367, 366, 352, 225, 287, 340, 370, 371, 372, 373, 318, 54, 130, 55, 374, 375, 376, 377, 378, 379, 380, 381, 385, 382, 386, 387, 383, 384, 388, 389, 305, 319, 304, 390, 391, 392, 393, 359, 296, 291, 292, 394, 395, 396, 397, 290, 286, 297, 293, 181, 180, 398, 399, 400, 401, 404, 405, 406, 407, 408, 409, 410, 411, 264, 224, 412, 413, 131, 208, 418, 419, 420, 421, 422, 423, 428, 429, 114, 242, 263, 432, 433, 435, 436, 437, 434, 256, 438, 439, 262, 257, 440, 441, 324, 266, 325, 442, 443, 265, 267, 209, 446, 447, 243, 450, 451, 452, 453, 115, 456]
  列生成求解结果: 目标值=8.0000， 下界=8.0000， 上界=10.0000
    非整数变量: COL_1-25-26-7_145 = 0.333333
  解不是整数，开始分支...
ImposedVertex(vertex=26)
ForbidVertex(vertex=26)
  创建了 2 个分支
    添加分支节点 1: ID=460
    添加分支节点 2: ID=461

处理节点 457
  开始列生成求解...
Set parameter LogToConsole to value 0
Set parameter Threads to value 1
Set parameter Seed to value 0
  定价策略: Exact, node=457, vertices=12
Set parameter PoolSearchMode to value 2
Set parameter PoolSolutions to value 10
[CG 1] RMP=11.000000, pricing=ExactPricingSolver, new_columns=0
  搜索路径: [1, 2, 3, 6, 7, 10, 12, 13, 11, 18, 19, 22, 23, 20, 21, 30, 31, 28, 29, 36, 37, 39, 38, 44, 45, 48, 49, 26, 27, 58, 59, 60, 61, 64, 65, 70, 71, 56, 62, 57, 50, 77, 51, 79, 80, 81, 43, 63, 34, 96, 97, 100, 101, 92, 42, 76, 35, 110, 111, 113, 112, 118, 119, 124, 125, 93, 78, 132, 133, 136, 137, 94, 95, 87, 86, 16, 17, 148, 149, 146, 150, 151, 152, 153, 156, 157, 147, 160, 161, 162, 163, 165, 164, 168, 169, 172, 173, 177, 174, 175, 176, 186, 187, 188, 189, 190, 191, 192, 193, 200, 201, 154, 155, 123, 122, 197, 210, 214, 215, 211, 196, 138, 82, 139, 72, 73, 83, 85, 84, 134, 135, 166, 167, 236, 237, 159, 143, 142, 144, 235, 158, 69, 238, 239, 246, 249, 250, 251, 253, 254, 255, 252, 247, 248, 91, 274, 275, 145, 227, 280, 184, 226, 234, 281, 183, 126, 68, 289, 127, 288, 194, 232, 233, 195, 90, 306, 307, 309, 310, 311, 312, 313, 314, 315, 308, 229, 320, 321, 185, 228, 182, 285, 284, 330, 331, 334, 335, 336, 337, 213, 212, 342, 343, 240, 241, 279, 278, 346, 347, 205, 204, 105, 104, 341, 353, 356, 357, 358, 362, 364, 365, 367, 366, 352, 225, 287, 340, 370, 371, 372, 373, 318, 54, 130, 55, 374, 375, 376, 377, 378, 379, 380, 381, 385, 382, 386, 387, 383, 384, 388, 389, 305, 319, 304, 390, 391, 392, 393, 359, 296, 291, 292, 394, 395, 396, 397, 290, 286, 297, 293, 181, 180, 398, 399, 400, 401, 404, 405, 406, 407, 408, 409, 410, 411, 264, 224, 412, 413, 131, 208, 418, 419, 420, 421, 422, 423, 428, 429, 114, 242, 263, 432, 433, 435, 436, 437, 434, 256, 438, 439, 262, 257, 440, 441, 324, 266, 325, 442, 443, 265, 267, 209, 446, 447, 243, 450, 451, 452, 453, 115, 456, 457]
  列生成求解结果: 目标值=11.0000， 下界=8.0000， 上界=10.0000

处理节点 458
  开始列生成求解...
Set parameter LogToConsole to value 0
Set parameter Threads to value 1
Set parameter Seed to value 0
  定价策略: Exact, node=458, vertices=16
Set parameter PoolSearchMode to value 2
Set parameter PoolSolutions to value 10
[CG 1] RMP=1010.000000, pricing=ExactPricingSolver, new_columns=10
[CG 2] RMP=10.000000, pricing=ExactPricingSolver, new_columns=0
  搜索路径: [1, 2, 3, 6, 7, 10, 12, 13, 11, 18, 19, 22, 23, 20, 21, 30, 31, 28, 29, 36, 37, 39, 38, 44, 45, 48, 49, 26, 27, 58, 59, 60, 61, 64, 65, 70, 71, 56, 62, 57, 50, 77, 51, 79, 80, 81, 43, 63, 34, 96, 97, 100, 101, 92, 42, 76, 35, 110, 111, 113, 112, 118, 119, 124, 125, 93, 78, 132, 133, 136, 137, 94, 95, 87, 86, 16, 17, 148, 149, 146, 150, 151, 152, 153, 156, 157, 147, 160, 161, 162, 163, 165, 164, 168, 169, 172, 173, 177, 174, 175, 176, 186, 187, 188, 189, 190, 191, 192, 193, 200, 201, 154, 155, 123, 122, 197, 210, 214, 215, 211, 196, 138, 82, 139, 72, 73, 83, 85, 84, 134, 135, 166, 167, 236, 237, 159, 143, 142, 144, 235, 158, 69, 238, 239, 246, 249, 250, 251, 253, 254, 255, 252, 247, 248, 91, 274, 275, 145, 227, 280, 184, 226, 234, 281, 183, 126, 68, 289, 127, 288, 194, 232, 233, 195, 90, 306, 307, 309, 310, 311, 312, 313, 314, 315, 308, 229, 320, 321, 185, 228, 182, 285, 284, 330, 331, 334, 335, 336, 337, 213, 212, 342, 343, 240, 241, 279, 278, 346, 347, 205, 204, 105, 104, 341, 353, 356, 357, 358, 362, 364, 365, 367, 366, 352, 225, 287, 340, 370, 371, 372, 373, 318, 54, 130, 55, 374, 375, 376, 377, 378, 379, 380, 381, 385, 382, 386, 387, 383, 384, 388, 389, 305, 319, 304, 390, 391, 392, 393, 359, 296, 291, 292, 394, 395, 396, 397, 290, 286, 297, 293, 181, 180, 398, 399, 400, 401, 404, 405, 406, 407, 408, 409, 410, 411, 264, 224, 412, 413, 131, 208, 418, 419, 420, 421, 422, 423, 428, 429, 114, 242, 263, 432, 433, 435, 436, 437, 434, 256, 438, 439, 262, 257, 440, 441, 324, 266, 325, 442, 443, 265, 267, 209, 446, 447, 243, 450, 451, 452, 453, 115, 456, 457, 458]
  列生成求解结果: 目标值=10.0000， 下界=8.0000， 上界=10.0000

处理节点 459
  开始列生成求解...
Set parameter LogToConsole to value 0
Set parameter Threads to value 1
Set parameter Seed to value 0
  定价策略: Exact, node=459, vertices=16
Set parameter PoolSearchMode to value 2
Set parameter PoolSolutions to value 10
[CG 1] RMP=12.000000, pricing=ExactPricingSolver, new_columns=0
  搜索路径: [1, 2, 3, 6, 7, 10, 12, 13, 11, 18, 19, 22, 23, 20, 21, 30, 31, 28, 29, 36, 37, 39, 38, 44, 45, 48, 49, 26, 27, 58, 59, 60, 61, 64, 65, 70, 71, 56, 62, 57, 50, 77, 51, 79, 80, 81, 43, 63, 34, 96, 97, 100, 101, 92, 42, 76, 35, 110, 111, 113, 112, 118, 119, 124, 125, 93, 78, 132, 133, 136, 137, 94, 95, 87, 86, 16, 17, 148, 149, 146, 150, 151, 152, 153, 156, 157, 147, 160, 161, 162, 163, 165, 164, 168, 169, 172, 173, 177, 174, 175, 176, 186, 187, 188, 189, 190, 191, 192, 193, 200, 201, 154, 155, 123, 122, 197, 210, 214, 215, 211, 196, 138, 82, 139, 72, 73, 83, 85, 84, 134, 135, 166, 167, 236, 237, 159, 143, 142, 144, 235, 158, 69, 238, 239, 246, 249, 250, 251, 253, 254, 255, 252, 247, 248, 91, 274, 275, 145, 227, 280, 184, 226, 234, 281, 183, 126, 68, 289, 127, 288, 194, 232, 233, 195, 90, 306, 307, 309, 310, 311, 312, 313, 314, 315, 308, 229, 320, 321, 185, 228, 182, 285, 284, 330, 331, 334, 335, 336, 337, 213, 212, 342, 343, 240, 241, 279, 278, 346, 347, 205, 204, 105, 104, 341, 353, 356, 357, 358, 362, 364, 365, 367, 366, 352, 225, 287, 340, 370, 371, 372, 373, 318, 54, 130, 55, 374, 375, 376, 377, 378, 379, 380, 381, 385, 382, 386, 387, 383, 384, 388, 389, 305, 319, 304, 390, 391, 392, 393, 359, 296, 291, 292, 394, 395, 396, 397, 290, 286, 297, 293, 181, 180, 398, 399, 400, 401, 404, 405, 406, 407, 408, 409, 410, 411, 264, 224, 412, 413, 131, 208, 418, 419, 420, 421, 422, 423, 428, 429, 114, 242, 263, 432, 433, 435, 436, 437, 434, 256, 438, 439, 262, 257, 440, 441, 324, 266, 325, 442, 443, 265, 267, 209, 446, 447, 243, 450, 451, 452, 453, 115, 456, 457, 458, 459]
  列生成求解结果: 目标值=12.0000， 下界=8.0000， 上界=10.0000

处理节点 460
  开始列生成求解...
Set parameter LogToConsole to value 0
Set parameter Threads to value 1
Set parameter Seed to value 0
  定价策略: Exact, node=460, vertices=11
Set parameter PoolSearchMode to value 2
Set parameter PoolSolutions to value 10
[CG 1] RMP=10.000000, pricing=ExactPricingSolver, new_columns=0
  搜索路径: [1, 2, 3, 6, 7, 10, 12, 13, 11, 18, 19, 22, 23, 20, 21, 30, 31, 28, 29, 36, 37, 39, 38, 44, 45, 48, 49, 26, 27, 58, 59, 60, 61, 64, 65, 70, 71, 56, 62, 57, 50, 77, 51, 79, 80, 81, 43, 63, 34, 96, 97, 100, 101, 92, 42, 76, 35, 110, 111, 113, 112, 118, 119, 124, 125, 93, 78, 132, 133, 136, 137, 94, 95, 87, 86, 16, 17, 148, 149, 146, 150, 151, 152, 153, 156, 157, 147, 160, 161, 162, 163, 165, 164, 168, 169, 172, 173, 177, 174, 175, 176, 186, 187, 188, 189, 190, 191, 192, 193, 200, 201, 154, 155, 123, 122, 197, 210, 214, 215, 211, 196, 138, 82, 139, 72, 73, 83, 85, 84, 134, 135, 166, 167, 236, 237, 159, 143, 142, 144, 235, 158, 69, 238, 239, 246, 249, 250, 251, 253, 254, 255, 252, 247, 248, 91, 274, 275, 145, 227, 280, 184, 226, 234, 281, 183, 126, 68, 289, 127, 288, 194, 232, 233, 195, 90, 306, 307, 309, 310, 311, 312, 313, 314, 315, 308, 229, 320, 321, 185, 228, 182, 285, 284, 330, 331, 334, 335, 336, 337, 213, 212, 342, 343, 240, 241, 279, 278, 346, 347, 205, 204, 105, 104, 341, 353, 356, 357, 358, 362, 364, 365, 367, 366, 352, 225, 287, 340, 370, 371, 372, 373, 318, 54, 130, 55, 374, 375, 376, 377, 378, 379, 380, 381, 385, 382, 386, 387, 383, 384, 388, 389, 305, 319, 304, 390, 391, 392, 393, 359, 296, 291, 292, 394, 395, 396, 397, 290, 286, 297, 293, 181, 180, 398, 399, 400, 401, 404, 405, 406, 407, 408, 409, 410, 411, 264, 224, 412, 413, 131, 208, 418, 419, 420, 421, 422, 423, 428, 429, 114, 242, 263, 432, 433, 435, 436, 437, 434, 256, 438, 439, 262, 257, 440, 441, 324, 266, 325, 442, 443, 265, 267, 209, 446, 447, 243, 450, 451, 452, 453, 115, 456, 457, 458, 459, 460]
  列生成求解结果: 目标值=10.0000， 下界=8.0000， 上界=10.0000

处理节点 461
  开始列生成求解...
Set parameter LogToConsole to value 0
Set parameter Threads to value 1
Set parameter Seed to value 0
  定价策略: Exact, node=461, vertices=11
Set parameter PoolSearchMode to value 2
Set parameter PoolSolutions to value 10
[CG 1] RMP=12.000000, pricing=ExactPricingSolver, new_columns=0
  搜索路径: [1, 2, 3, 6, 7, 10, 12, 13, 11, 18, 19, 22, 23, 20, 21, 30, 31, 28, 29, 36, 37, 39, 38, 44, 45, 48, 49, 26, 27, 58, 59, 60, 61, 64, 65, 70, 71, 56, 62, 57, 50, 77, 51, 79, 80, 81, 43, 63, 34, 96, 97, 100, 101, 92, 42, 76, 35, 110, 111, 113, 112, 118, 119, 124, 125, 93, 78, 132, 133, 136, 137, 94, 95, 87, 86, 16, 17, 148, 149, 146, 150, 151, 152, 153, 156, 157, 147, 160, 161, 162, 163, 165, 164, 168, 169, 172, 173, 177, 174, 175, 176, 186, 187, 188, 189, 190, 191, 192, 193, 200, 201, 154, 155, 123, 122, 197, 210, 214, 215, 211, 196, 138, 82, 139, 72, 73, 83, 85, 84, 134, 135, 166, 167, 236, 237, 159, 143, 142, 144, 235, 158, 69, 238, 239, 246, 249, 250, 251, 253, 254, 255, 252, 247, 248, 91, 274, 275, 145, 227, 280, 184, 226, 234, 281, 183, 126, 68, 289, 127, 288, 194, 232, 233, 195, 90, 306, 307, 309, 310, 311, 312, 313, 314, 315, 308, 229, 320, 321, 185, 228, 182, 285, 284, 330, 331, 334, 335, 336, 337, 213, 212, 342, 343, 240, 241, 279, 278, 346, 347, 205, 204, 105, 104, 341, 353, 356, 357, 358, 362, 364, 365, 367, 366, 352, 225, 287, 340, 370, 371, 372, 373, 318, 54, 130, 55, 374, 375, 376, 377, 378, 379, 380, 381, 385, 382, 386, 387, 383, 384, 388, 389, 305, 319, 304, 390, 391, 392, 393, 359, 296, 291, 292, 394, 395, 396, 397, 290, 286, 297, 293, 181, 180, 398, 399, 400, 401, 404, 405, 406, 407, 408, 409, 410, 411, 264, 224, 412, 413, 131, 208, 418, 419, 420, 421, 422, 423, 428, 429, 114, 242, 263, 432, 433, 435, 436, 437, 434, 256, 438, 439, 262, 257, 440, 441, 324, 266, 325, 442, 443, 265, 267, 209, 446, 447, 243, 450, 451, 452, 453, 115, 456, 457, 458, 459, 460, 461]
  列生成求解结果: 目标值=12.0000， 下界=8.0000， 上界=10.0000

处理节点 363
  开始列生成求解...
Set parameter LogToConsole to value 0
Set parameter Threads to value 1
Set parameter Seed to value 0
  定价策略: Exact, node=363, vertices=16
Set parameter PoolSearchMode to value 2
Set parameter PoolSolutions to value 10
[CG 1] RMP=2010.000000, pricing=ExactPricingSolver, new_columns=10
[CG 2] RMP=12.000000, pricing=ExactPricingSolver, new_columns=0
  搜索路径: [1, 2, 3, 6, 7, 10, 12, 13, 11, 18, 19, 22, 23, 20, 21, 30, 31, 28, 29, 36, 37, 39, 38, 44, 45, 48, 49, 26, 27, 58, 59, 60, 61, 64, 65, 70, 71, 56, 62, 57, 50, 77, 51, 79, 80, 81, 43, 63, 34, 96, 97, 100, 101, 92, 42, 76, 35, 110, 111, 113, 112, 118, 119, 124, 125, 93, 78, 132, 133, 136, 137, 94, 95, 87, 86, 16, 17, 148, 149, 146, 150, 151, 152, 153, 156, 157, 147, 160, 161, 162, 163, 165, 164, 168, 169, 172, 173, 177, 174, 175, 176, 186, 187, 188, 189, 190, 191, 192, 193, 200, 201, 154, 155, 123, 122, 197, 210, 214, 215, 211, 196, 138, 82, 139, 72, 73, 83, 85, 84, 134, 135, 166, 167, 236, 237, 159, 143, 142, 144, 235, 158, 69, 238, 239, 246, 249, 250, 251, 253, 254, 255, 252, 247, 248, 91, 274, 275, 145, 227, 280, 184, 226, 234, 281, 183, 126, 68, 289, 127, 288, 194, 232, 233, 195, 90, 306, 307, 309, 310, 311, 312, 313, 314, 315, 308, 229, 320, 321, 185, 228, 182, 285, 284, 330, 331, 334, 335, 336, 337, 213, 212, 342, 343, 240, 241, 279, 278, 346, 347, 205, 204, 105, 104, 341, 353, 356, 357, 358, 362, 364, 365, 367, 366, 352, 225, 287, 340, 370, 371, 372, 373, 318, 54, 130, 55, 374, 375, 376, 377, 378, 379, 380, 381, 385, 382, 386, 387, 383, 384, 388, 389, 305, 319, 304, 390, 391, 392, 393, 359, 296, 291, 292, 394, 395, 396, 397, 290, 286, 297, 293, 181, 180, 398, 399, 400, 401, 404, 405, 406, 407, 408, 409, 410, 411, 264, 224, 412, 413, 131, 208, 418, 419, 420, 421, 422, 423, 428, 429, 114, 242, 263, 432, 433, 435, 436, 437, 434, 256, 438, 439, 262, 257, 440, 441, 324, 266, 325, 442, 443, 265, 267, 209, 446, 447, 243, 450, 451, 452, 453, 115, 456, 457, 458, 459, 460, 461, 363]
  列生成求解结果: 目标值=12.0000， 下界=8.0000， 上界=10.0000

处理节点 221
  开始列生成求解...
Set parameter LogToConsole to value 0
Set parameter Threads to value 1
Set parameter Seed to value 0
  定价策略: Exact, node=221, vertices=17
Set parameter PoolSearchMode to value 2
Set parameter PoolSolutions to value 10
[CG 1] RMP=2010.000000, pricing=ExactPricingSolver, new_columns=10
[CG 2] RMP=12.000000, pricing=ExactPricingSolver, new_columns=0
  搜索路径: [1, 2, 3, 6, 7, 10, 12, 13, 11, 18, 19, 22, 23, 20, 21, 30, 31, 28, 29, 36, 37, 39, 38, 44, 45, 48, 49, 26, 27, 58, 59, 60, 61, 64, 65, 70, 71, 56, 62, 57, 50, 77, 51, 79, 80, 81, 43, 63, 34, 96, 97, 100, 101, 92, 42, 76, 35, 110, 111, 113, 112, 118, 119, 124, 125, 93, 78, 132, 133, 136, 137, 94, 95, 87, 86, 16, 17, 148, 149, 146, 150, 151, 152, 153, 156, 157, 147, 160, 161, 162, 163, 165, 164, 168, 169, 172, 173, 177, 174, 175, 176, 186, 187, 188, 189, 190, 191, 192, 193, 200, 201, 154, 155, 123, 122, 197, 210, 214, 215, 211, 196, 138, 82, 139, 72, 73, 83, 85, 84, 134, 135, 166, 167, 236, 237, 159, 143, 142, 144, 235, 158, 69, 238, 239, 246, 249, 250, 251, 253, 254, 255, 252, 247, 248, 91, 274, 275, 145, 227, 280, 184, 226, 234, 281, 183, 126, 68, 289, 127, 288, 194, 232, 233, 195, 90, 306, 307, 309, 310, 311, 312, 313, 314, 315, 308, 229, 320, 321, 185, 228, 182, 285, 284, 330, 331, 334, 335, 336, 337, 213, 212, 342, 343, 240, 241, 279, 278, 346, 347, 205, 204, 105, 104, 341, 353, 356, 357, 358, 362, 364, 365, 367, 366, 352, 225, 287, 340, 370, 371, 372, 373, 318, 54, 130, 55, 374, 375, 376, 377, 378, 379, 380, 381, 385, 382, 386, 387, 383, 384, 388, 389, 305, 319, 304, 390, 391, 392, 393, 359, 296, 291, 292, 394, 395, 396, 397, 290, 286, 297, 293, 181, 180, 398, 399, 400, 401, 404, 405, 406, 407, 408, 409, 410, 411, 264, 224, 412, 413, 131, 208, 418, 419, 420, 421, 422, 423, 428, 429, 114, 242, 263, 432, 433, 435, 436, 437, 434, 256, 438, 439, 262, 257, 440, 441, 324, 266, 325, 442, 443, 265, 267, 209, 446, 447, 243, 450, 451, 452, 453, 115, 456, 457, 458, 459, 460, 461, 363, 221]
  列生成求解结果: 目标值=12.0000， 下界=8.0000， 上界=10.0000

处理节点 220
  开始列生成求解...
Set parameter LogToConsole to value 0
Set parameter Threads to value 1
Set parameter Seed to value 0
  定价策略: Exact, node=220, vertices=17
Set parameter PoolSearchMode to value 2
Set parameter PoolSolutions to value 10
[CG 1] RMP=8.000000, pricing=ExactPricingSolver, new_columns=0
  搜索路径: [1, 2, 3, 6, 7, 10, 12, 13, 11, 18, 19, 22, 23, 20, 21, 30, 31, 28, 29, 36, 37, 39, 38, 44, 45, 48, 49, 26, 27, 58, 59, 60, 61, 64, 65, 70, 71, 56, 62, 57, 50, 77, 51, 79, 80, 81, 43, 63, 34, 96, 97, 100, 101, 92, 42, 76, 35, 110, 111, 113, 112, 118, 119, 124, 125, 93, 78, 132, 133, 136, 137, 94, 95, 87, 86, 16, 17, 148, 149, 146, 150, 151, 152, 153, 156, 157, 147, 160, 161, 162, 163, 165, 164, 168, 169, 172, 173, 177, 174, 175, 176, 186, 187, 188, 189, 190, 191, 192, 193, 200, 201, 154, 155, 123, 122, 197, 210, 214, 215, 211, 196, 138, 82, 139, 72, 73, 83, 85, 84, 134, 135, 166, 167, 236, 237, 159, 143, 142, 144, 235, 158, 69, 238, 239, 246, 249, 250, 251, 253, 254, 255, 252, 247, 248, 91, 274, 275, 145, 227, 280, 184, 226, 234, 281, 183, 126, 68, 289, 127, 288, 194, 232, 233, 195, 90, 306, 307, 309, 310, 311, 312, 313, 314, 315, 308, 229, 320, 321, 185, 228, 182, 285, 284, 330, 331, 334, 335, 336, 337, 213, 212, 342, 343, 240, 241, 279, 278, 346, 347, 205, 204, 105, 104, 341, 353, 356, 357, 358, 362, 364, 365, 367, 366, 352, 225, 287, 340, 370, 371, 372, 373, 318, 54, 130, 55, 374, 375, 376, 377, 378, 379, 380, 381, 385, 382, 386, 387, 383, 384, 388, 389, 305, 319, 304, 390, 391, 392, 393, 359, 296, 291, 292, 394, 395, 396, 397, 290, 286, 297, 293, 181, 180, 398, 399, 400, 401, 404, 405, 406, 407, 408, 409, 410, 411, 264, 224, 412, 413, 131, 208, 418, 419, 420, 421, 422, 423, 428, 429, 114, 242, 263, 432, 433, 435, 436, 437, 434, 256, 438, 439, 262, 257, 440, 441, 324, 266, 325, 442, 443, 265, 267, 209, 446, 447, 243, 450, 451, 452, 453, 115, 456, 457, 458, 459, 460, 461, 363, 221, 220]
  列生成求解结果: 目标值=8.0000， 下界=8.0000， 上界=10.0000
    非整数变量: COL_0-4-7-9_70 = 0.200000
  解不是整数，开始分支...
ImposedVertex(vertex=11)
ForbidVertex(vertex=11)
  创建了 2 个分支
    添加分支节点 1: ID=462
    添加分支节点 2: ID=463

处理节点 462
  开始列生成求解...
Set parameter LogToConsole to value 0
Set parameter Threads to value 1
Set parameter Seed to value 0
  定价策略: Exact, node=462, vertices=14
Set parameter PoolSearchMode to value 2
Set parameter PoolSolutions to value 10
[CG 1] RMP=8.000000, pricing=ExactPricingSolver, new_columns=0
  搜索路径: [1, 2, 3, 6, 7, 10, 12, 13, 11, 18, 19, 22, 23, 20, 21, 30, 31, 28, 29, 36, 37, 39, 38, 44, 45, 48, 49, 26, 27, 58, 59, 60, 61, 64, 65, 70, 71, 56, 62, 57, 50, 77, 51, 79, 80, 81, 43, 63, 34, 96, 97, 100, 101, 92, 42, 76, 35, 110, 111, 113, 112, 118, 119, 124, 125, 93, 78, 132, 133, 136, 137, 94, 95, 87, 86, 16, 17, 148, 149, 146, 150, 151, 152, 153, 156, 157, 147, 160, 161, 162, 163, 165, 164, 168, 169, 172, 173, 177, 174, 175, 176, 186, 187, 188, 189, 190, 191, 192, 193, 200, 201, 154, 155, 123, 122, 197, 210, 214, 215, 211, 196, 138, 82, 139, 72, 73, 83, 85, 84, 134, 135, 166, 167, 236, 237, 159, 143, 142, 144, 235, 158, 69, 238, 239, 246, 249, 250, 251, 253, 254, 255, 252, 247, 248, 91, 274, 275, 145, 227, 280, 184, 226, 234, 281, 183, 126, 68, 289, 127, 288, 194, 232, 233, 195, 90, 306, 307, 309, 310, 311, 312, 313, 314, 315, 308, 229, 320, 321, 185, 228, 182, 285, 284, 330, 331, 334, 335, 336, 337, 213, 212, 342, 343, 240, 241, 279, 278, 346, 347, 205, 204, 105, 104, 341, 353, 356, 357, 358, 362, 364, 365, 367, 366, 352, 225, 287, 340, 370, 371, 372, 373, 318, 54, 130, 55, 374, 375, 376, 377, 378, 379, 380, 381, 385, 382, 386, 387, 383, 384, 388, 389, 305, 319, 304, 390, 391, 392, 393, 359, 296, 291, 292, 394, 395, 396, 397, 290, 286, 297, 293, 181, 180, 398, 399, 400, 401, 404, 405, 406, 407, 408, 409, 410, 411, 264, 224, 412, 413, 131, 208, 418, 419, 420, 421, 422, 423, 428, 429, 114, 242, 263, 432, 433, 435, 436, 437, 434, 256, 438, 439, 262, 257, 440, 441, 324, 266, 325, 442, 443, 265, 267, 209, 446, 447, 243, 450, 451, 452, 453, 115, 456, 457, 458, 459, 460, 461, 363, 221, 220, 462]
  列生成求解结果: 目标值=8.0000， 下界=8.0000， 上界=10.0000
    非整数变量: COL_0-20-22-9_558 = 0.200000
  解不是整数，开始分支...
ImposedVertex(vertex=22)
ForbidVertex(vertex=22)
  创建了 2 个分支
    添加分支节点 1: ID=464
    添加分支节点 2: ID=465
  进度: 已处理 340 个节点, 剩余 103 个, 当前最优 10.0000, 当前列数: 2346

处理节点 463
  开始列生成求解...
Set parameter LogToConsole to value 0
Set parameter Threads to value 1
Set parameter Seed to value 0
  定价策略: Exact, node=463, vertices=16
Set parameter PoolSearchMode to value 2
Set parameter PoolSolutions to value 10
[CG 1] RMP=10.000000, pricing=ExactPricingSolver, new_columns=10
[CG 2] RMP=9.000000, pricing=ExactPricingSolver, new_columns=10
[CG 3] RMP=8.000000, pricing=ExactPricingSolver, new_columns=0
  搜索路径: [1, 2, 3, 6, 7, 10, 12, 13, 11, 18, 19, 22, 23, 20, 21, 30, 31, 28, 29, 36, 37, 39, 38, 44, 45, 48, 49, 26, 27, 58, 59, 60, 61, 64, 65, 70, 71, 56, 62, 57, 50, 77, 51, 79, 80, 81, 43, 63, 34, 96, 97, 100, 101, 92, 42, 76, 35, 110, 111, 113, 112, 118, 119, 124, 125, 93, 78, 132, 133, 136, 137, 94, 95, 87, 86, 16, 17, 148, 149, 146, 150, 151, 152, 153, 156, 157, 147, 160, 161, 162, 163, 165, 164, 168, 169, 172, 173, 177, 174, 175, 176, 186, 187, 188, 189, 190, 191, 192, 193, 200, 201, 154, 155, 123, 122, 197, 210, 214, 215, 211, 196, 138, 82, 139, 72, 73, 83, 85, 84, 134, 135, 166, 167, 236, 237, 159, 143, 142, 144, 235, 158, 69, 238, 239, 246, 249, 250, 251, 253, 254, 255, 252, 247, 248, 91, 274, 275, 145, 227, 280, 184, 226, 234, 281, 183, 126, 68, 289, 127, 288, 194, 232, 233, 195, 90, 306, 307, 309, 310, 311, 312, 313, 314, 315, 308, 229, 320, 321, 185, 228, 182, 285, 284, 330, 331, 334, 335, 336, 337, 213, 212, 342, 343, 240, 241, 279, 278, 346, 347, 205, 204, 105, 104, 341, 353, 356, 357, 358, 362, 364, 365, 367, 366, 352, 225, 287, 340, 370, 371, 372, 373, 318, 54, 130, 55, 374, 375, 376, 377, 378, 379, 380, 381, 385, 382, 386, 387, 383, 384, 388, 389, 305, 319, 304, 390, 391, 392, 393, 359, 296, 291, 292, 394, 395, 396, 397, 290, 286, 297, 293, 181, 180, 398, 399, 400, 401, 404, 405, 406, 407, 408, 409, 410, 411, 264, 224, 412, 413, 131, 208, 418, 419, 420, 421, 422, 423, 428, 429, 114, 242, 263, 432, 433, 435, 436, 437, 434, 256, 438, 439, 262, 257, 440, 441, 324, 266, 325, 442, 443, 265, 267, 209, 446, 447, 243, 450, 451, 452, 453, 115, 456, 457, 458, 459, 460, 461, 363, 221, 220, 462, 463]
  列生成求解结果: 目标值=8.0000， 下界=8.0000， 上界=10.0000
    非整数变量: COL_0-12-4-7-9_73 = 0.266667
  解不是整数，开始分支...
ImposedVertex(vertex=12)
ForbidVertex(vertex=12)
  创建了 2 个分支
    添加分支节点 1: ID=466
    添加分支节点 2: ID=467

处理节点 464
  开始列生成求解...
Set parameter LogToConsole to value 0
Set parameter Threads to value 1
Set parameter Seed to value 0
  定价策略: Exact, node=464, vertices=13
Set parameter PoolSearchMode to value 2
Set parameter PoolSolutions to value 10
[CG 1] RMP=9.000000, pricing=ExactPricingSolver, new_columns=0
  搜索路径: [1, 2, 3, 6, 7, 10, 12, 13, 11, 18, 19, 22, 23, 20, 21, 30, 31, 28, 29, 36, 37, 39, 38, 44, 45, 48, 49, 26, 27, 58, 59, 60, 61, 64, 65, 70, 71, 56, 62, 57, 50, 77, 51, 79, 80, 81, 43, 63, 34, 96, 97, 100, 101, 92, 42, 76, 35, 110, 111, 113, 112, 118, 119, 124, 125, 93, 78, 132, 133, 136, 137, 94, 95, 87, 86, 16, 17, 148, 149, 146, 150, 151, 152, 153, 156, 157, 147, 160, 161, 162, 163, 165, 164, 168, 169, 172, 173, 177, 174, 175, 176, 186, 187, 188, 189, 190, 191, 192, 193, 200, 201, 154, 155, 123, 122, 197, 210, 214, 215, 211, 196, 138, 82, 139, 72, 73, 83, 85, 84, 134, 135, 166, 167, 236, 237, 159, 143, 142, 144, 235, 158, 69, 238, 239, 246, 249, 250, 251, 253, 254, 255, 252, 247, 248, 91, 274, 275, 145, 227, 280, 184, 226, 234, 281, 183, 126, 68, 289, 127, 288, 194, 232, 233, 195, 90, 306, 307, 309, 310, 311, 312, 313, 314, 315, 308, 229, 320, 321, 185, 228, 182, 285, 284, 330, 331, 334, 335, 336, 337, 213, 212, 342, 343, 240, 241, 279, 278, 346, 347, 205, 204, 105, 104, 341, 353, 356, 357, 358, 362, 364, 365, 367, 366, 352, 225, 287, 340, 370, 371, 372, 373, 318, 54, 130, 55, 374, 375, 376, 377, 378, 379, 380, 381, 385, 382, 386, 387, 383, 384, 388, 389, 305, 319, 304, 390, 391, 392, 393, 359, 296, 291, 292, 394, 395, 396, 397, 290, 286, 297, 293, 181, 180, 398, 399, 400, 401, 404, 405, 406, 407, 408, 409, 410, 411, 264, 224, 412, 413, 131, 208, 418, 419, 420, 421, 422, 423, 428, 429, 114, 242, 263, 432, 433, 435, 436, 437, 434, 256, 438, 439, 262, 257, 440, 441, 324, 266, 325, 442, 443, 265, 267, 209, 446, 447, 243, 450, 451, 452, 453, 115, 456, 457, 458, 459, 460, 461, 363, 221, 220, 462, 463, 464]
  列生成求解结果: 目标值=9.0000， 下界=8.0000， 上界=10.0000
    非整数变量: COL_0-11-15-19-20-26-7_582 = 0.900000
  解不是整数，开始分支...
ImposedVertex(vertex=26)
ForbidVertex(vertex=26)
  创建了 2 个分支
    添加分支节点 1: ID=468
    添加分支节点 2: ID=469

处理节点 465
  开始列生成求解...
Set parameter LogToConsole to value 0
Set parameter Threads to value 1
Set parameter Seed to value 0
  定价策略: Exact, node=465, vertices=13
Set parameter PoolSearchMode to value 2
Set parameter PoolSolutions to value 10
[CG 1] RMP=8.000000, pricing=ExactPricingSolver, new_columns=0
  搜索路径: [1, 2, 3, 6, 7, 10, 12, 13, 11, 18, 19, 22, 23, 20, 21, 30, 31, 28, 29, 36, 37, 39, 38, 44, 45, 48, 49, 26, 27, 58, 59, 60, 61, 64, 65, 70, 71, 56, 62, 57, 50, 77, 51, 79, 80, 81, 43, 63, 34, 96, 97, 100, 101, 92, 42, 76, 35, 110, 111, 113, 112, 118, 119, 124, 125, 93, 78, 132, 133, 136, 137, 94, 95, 87, 86, 16, 17, 148, 149, 146, 150, 151, 152, 153, 156, 157, 147, 160, 161, 162, 163, 165, 164, 168, 169, 172, 173, 177, 174, 175, 176, 186, 187, 188, 189, 190, 191, 192, 193, 200, 201, 154, 155, 123, 122, 197, 210, 214, 215, 211, 196, 138, 82, 139, 72, 73, 83, 85, 84, 134, 135, 166, 167, 236, 237, 159, 143, 142, 144, 235, 158, 69, 238, 239, 246, 249, 250, 251, 253, 254, 255, 252, 247, 248, 91, 274, 275, 145, 227, 280, 184, 226, 234, 281, 183, 126, 68, 289, 127, 288, 194, 232, 233, 195, 90, 306, 307, 309, 310, 311, 312, 313, 314, 315, 308, 229, 320, 321, 185, 228, 182, 285, 284, 330, 331, 334, 335, 336, 337, 213, 212, 342, 343, 240, 241, 279, 278, 346, 347, 205, 204, 105, 104, 341, 353, 356, 357, 358, 362, 364, 365, 367, 366, 352, 225, 287, 340, 370, 371, 372, 373, 318, 54, 130, 55, 374, 375, 376, 377, 378, 379, 380, 381, 385, 382, 386, 387, 383, 384, 388, 389, 305, 319, 304, 390, 391, 392, 393, 359, 296, 291, 292, 394, 395, 396, 397, 290, 286, 297, 293, 181, 180, 398, 399, 400, 401, 404, 405, 406, 407, 408, 409, 410, 411, 264, 224, 412, 413, 131, 208, 418, 419, 420, 421, 422, 423, 428, 429, 114, 242, 263, 432, 433, 435, 436, 437, 434, 256, 438, 439, 262, 257, 440, 441, 324, 266, 325, 442, 443, 265, 267, 209, 446, 447, 243, 450, 451, 452, 453, 115, 456, 457, 458, 459, 460, 461, 363, 221, 220, 462, 463, 464, 465]
  列生成求解结果: 目标值=8.0000， 下界=8.0000， 上界=10.0000
    非整数变量: COL_19-20-23-4-7_563 = 0.333333
  解不是整数，开始分支...
ImposedVertex(vertex=26)
ForbidVertex(vertex=26)
  创建了 2 个分支
    添加分支节点 1: ID=470
    添加分支节点 2: ID=471

处理节点 466
  开始列生成求解...
Set parameter LogToConsole to value 0
Set parameter Threads to value 1
Set parameter Seed to value 0
  定价策略: Exact, node=466, vertices=14
Set parameter PoolSearchMode to value 2
Set parameter PoolSolutions to value 10
[CG 1] RMP=9.000000, pricing=ExactPricingSolver, new_columns=0
  搜索路径: [1, 2, 3, 6, 7, 10, 12, 13, 11, 18, 19, 22, 23, 20, 21, 30, 31, 28, 29, 36, 37, 39, 38, 44, 45, 48, 49, 26, 27, 58, 59, 60, 61, 64, 65, 70, 71, 56, 62, 57, 50, 77, 51, 79, 80, 81, 43, 63, 34, 96, 97, 100, 101, 92, 42, 76, 35, 110, 111, 113, 112, 118, 119, 124, 125, 93, 78, 132, 133, 136, 137, 94, 95, 87, 86, 16, 17, 148, 149, 146, 150, 151, 152, 153, 156, 157, 147, 160, 161, 162, 163, 165, 164, 168, 169, 172, 173, 177, 174, 175, 176, 186, 187, 188, 189, 190, 191, 192, 193, 200, 201, 154, 155, 123, 122, 197, 210, 214, 215, 211, 196, 138, 82, 139, 72, 73, 83, 85, 84, 134, 135, 166, 167, 236, 237, 159, 143, 142, 144, 235, 158, 69, 238, 239, 246, 249, 250, 251, 253, 254, 255, 252, 247, 248, 91, 274, 275, 145, 227, 280, 184, 226, 234, 281, 183, 126, 68, 289, 127, 288, 194, 232, 233, 195, 90, 306, 307, 309, 310, 311, 312, 313, 314, 315, 308, 229, 320, 321, 185, 228, 182, 285, 284, 330, 331, 334, 335, 336, 337, 213, 212, 342, 343, 240, 241, 279, 278, 346, 347, 205, 204, 105, 104, 341, 353, 356, 357, 358, 362, 364, 365, 367, 366, 352, 225, 287, 340, 370, 371, 372, 373, 318, 54, 130, 55, 374, 375, 376, 377, 378, 379, 380, 381, 385, 382, 386, 387, 383, 384, 388, 389, 305, 319, 304, 390, 391, 392, 393, 359, 296, 291, 292, 394, 395, 396, 397, 290, 286, 297, 293, 181, 180, 398, 399, 400, 401, 404, 405, 406, 407, 408, 409, 410, 411, 264, 224, 412, 413, 131, 208, 418, 419, 420, 421, 422, 423, 428, 429, 114, 242, 263, 432, 433, 435, 436, 437, 434, 256, 438, 439, 262, 257, 440, 441, 324, 266, 325, 442, 443, 265, 267, 209, 446, 447, 243, 450, 451, 452, 453, 115, 456, 457, 458, 459, 460, 461, 363, 221, 220, 462, 463, 464, 465, 466]
  列生成求解结果: 目标值=9.0000， 下界=8.0000， 上界=10.0000
    非整数变量: COL_0-12-4-7-9_73 = 0.066667
  解不是整数，开始分支...
ImposedVertex(vertex=22)
ForbidVertex(vertex=22)
  创建了 2 个分支
    添加分支节点 1: ID=472
    添加分支节点 2: ID=473

处理节点 467
  开始列生成求解...
Set parameter LogToConsole to value 0
Set parameter Threads to value 1
Set parameter Seed to value 0
  定价策略: Exact, node=467, vertices=15
Set parameter PoolSearchMode to value 2
Set parameter PoolSolutions to value 10
[CG 1] RMP=10.000000, pricing=ExactPricingSolver, new_columns=10
[CG 2] RMP=10.000000, pricing=ExactPricingSolver, new_columns=10
[CG 3] RMP=8.000000, pricing=ExactPricingSolver, new_columns=0
  搜索路径: [1, 2, 3, 6, 7, 10, 12, 13, 11, 18, 19, 22, 23, 20, 21, 30, 31, 28, 29, 36, 37, 39, 38, 44, 45, 48, 49, 26, 27, 58, 59, 60, 61, 64, 65, 70, 71, 56, 62, 57, 50, 77, 51, 79, 80, 81, 43, 63, 34, 96, 97, 100, 101, 92, 42, 76, 35, 110, 111, 113, 112, 118, 119, 124, 125, 93, 78, 132, 133, 136, 137, 94, 95, 87, 86, 16, 17, 148, 149, 146, 150, 151, 152, 153, 156, 157, 147, 160, 161, 162, 163, 165, 164, 168, 169, 172, 173, 177, 174, 175, 176, 186, 187, 188, 189, 190, 191, 192, 193, 200, 201, 154, 155, 123, 122, 197, 210, 214, 215, 211, 196, 138, 82, 139, 72, 73, 83, 85, 84, 134, 135, 166, 167, 236, 237, 159, 143, 142, 144, 235, 158, 69, 238, 239, 246, 249, 250, 251, 253, 254, 255, 252, 247, 248, 91, 274, 275, 145, 227, 280, 184, 226, 234, 281, 183, 126, 68, 289, 127, 288, 194, 232, 233, 195, 90, 306, 307, 309, 310, 311, 312, 313, 314, 315, 308, 229, 320, 321, 185, 228, 182, 285, 284, 330, 331, 334, 335, 336, 337, 213, 212, 342, 343, 240, 241, 279, 278, 346, 347, 205, 204, 105, 104, 341, 353, 356, 357, 358, 362, 364, 365, 367, 366, 352, 225, 287, 340, 370, 371, 372, 373, 318, 54, 130, 55, 374, 375, 376, 377, 378, 379, 380, 381, 385, 382, 386, 387, 383, 384, 388, 389, 305, 319, 304, 390, 391, 392, 393, 359, 296, 291, 292, 394, 395, 396, 397, 290, 286, 297, 293, 181, 180, 398, 399, 400, 401, 404, 405, 406, 407, 408, 409, 410, 411, 264, 224, 412, 413, 131, 208, 418, 419, 420, 421, 422, 423, 428, 429, 114, 242, 263, 432, 433, 435, 436, 437, 434, 256, 438, 439, 262, 257, 440, 441, 324, 266, 325, 442, 443, 265, 267, 209, 446, 447, 243, 450, 451, 452, 453, 115, 456, 457, 458, 459, 460, 461, 363, 221, 220, 462, 463, 464, 465, 466, 467]
  列生成求解结果: 目标值=8.0000， 下界=8.0000， 上界=10.0000
    非整数变量: COL_0-19-4-7_120 = 0.111111
  解不是整数，开始分支...
ImposedVertex(vertex=22)
ForbidVertex(vertex=22)
  创建了 2 个分支
    添加分支节点 1: ID=474
    添加分支节点 2: ID=475

处理节点 470
  开始列生成求解...
Set parameter LogToConsole to value 0
Set parameter Threads to value 1
Set parameter Seed to value 0
  定价策略: Exact, node=470, vertices=12
Set parameter PoolSearchMode to value 2
Set parameter PoolSolutions to value 10
[CG 1] RMP=10.000000, pricing=ExactPricingSolver, new_columns=0
  搜索路径: [1, 2, 3, 6, 7, 10, 12, 13, 11, 18, 19, 22, 23, 20, 21, 30, 31, 28, 29, 36, 37, 39, 38, 44, 45, 48, 49, 26, 27, 58, 59, 60, 61, 64, 65, 70, 71, 56, 62, 57, 50, 77, 51, 79, 80, 81, 43, 63, 34, 96, 97, 100, 101, 92, 42, 76, 35, 110, 111, 113, 112, 118, 119, 124, 125, 93, 78, 132, 133, 136, 137, 94, 95, 87, 86, 16, 17, 148, 149, 146, 150, 151, 152, 153, 156, 157, 147, 160, 161, 162, 163, 165, 164, 168, 169, 172, 173, 177, 174, 175, 176, 186, 187, 188, 189, 190, 191, 192, 193, 200, 201, 154, 155, 123, 122, 197, 210, 214, 215, 211, 196, 138, 82, 139, 72, 73, 83, 85, 84, 134, 135, 166, 167, 236, 237, 159, 143, 142, 144, 235, 158, 69, 238, 239, 246, 249, 250, 251, 253, 254, 255, 252, 247, 248, 91, 274, 275, 145, 227, 280, 184, 226, 234, 281, 183, 126, 68, 289, 127, 288, 194, 232, 233, 195, 90, 306, 307, 309, 310, 311, 312, 313, 314, 315, 308, 229, 320, 321, 185, 228, 182, 285, 284, 330, 331, 334, 335, 336, 337, 213, 212, 342, 343, 240, 241, 279, 278, 346, 347, 205, 204, 105, 104, 341, 353, 356, 357, 358, 362, 364, 365, 367, 366, 352, 225, 287, 340, 370, 371, 372, 373, 318, 54, 130, 55, 374, 375, 376, 377, 378, 379, 380, 381, 385, 382, 386, 387, 383, 384, 388, 389, 305, 319, 304, 390, 391, 392, 393, 359, 296, 291, 292, 394, 395, 396, 397, 290, 286, 297, 293, 181, 180, 398, 399, 400, 401, 404, 405, 406, 407, 408, 409, 410, 411, 264, 224, 412, 413, 131, 208, 418, 419, 420, 421, 422, 423, 428, 429, 114, 242, 263, 432, 433, 435, 436, 437, 434, 256, 438, 439, 262, 257, 440, 441, 324, 266, 325, 442, 443, 265, 267, 209, 446, 447, 243, 450, 451, 452, 453, 115, 456, 457, 458, 459, 460, 461, 363, 221, 220, 462, 463, 464, 465, 466, 467, 470]
  列生成求解结果: 目标值=10.0000， 下界=8.0000， 上界=10.0000

处理节点 471
  开始列生成求解...
Set parameter LogToConsole to value 0
Set parameter Threads to value 1
Set parameter Seed to value 0
  定价策略: Exact, node=471, vertices=12
Set parameter PoolSearchMode to value 2
Set parameter PoolSolutions to value 10
[CG 1] RMP=1012.000000, pricing=ExactPricingSolver, new_columns=10
[CG 2] RMP=12.000000, pricing=ExactPricingSolver, new_columns=0
  搜索路径: [1, 2, 3, 6, 7, 10, 12, 13, 11, 18, 19, 22, 23, 20, 21, 30, 31, 28, 29, 36, 37, 39, 38, 44, 45, 48, 49, 26, 27, 58, 59, 60, 61, 64, 65, 70, 71, 56, 62, 57, 50, 77, 51, 79, 80, 81, 43, 63, 34, 96, 97, 100, 101, 92, 42, 76, 35, 110, 111, 113, 112, 118, 119, 124, 125, 93, 78, 132, 133, 136, 137, 94, 95, 87, 86, 16, 17, 148, 149, 146, 150, 151, 152, 153, 156, 157, 147, 160, 161, 162, 163, 165, 164, 168, 169, 172, 173, 177, 174, 175, 176, 186, 187, 188, 189, 190, 191, 192, 193, 200, 201, 154, 155, 123, 122, 197, 210, 214, 215, 211, 196, 138, 82, 139, 72, 73, 83, 85, 84, 134, 135, 166, 167, 236, 237, 159, 143, 142, 144, 235, 158, 69, 238, 239, 246, 249, 250, 251, 253, 254, 255, 252, 247, 248, 91, 274, 275, 145, 227, 280, 184, 226, 234, 281, 183, 126, 68, 289, 127, 288, 194, 232, 233, 195, 90, 306, 307, 309, 310, 311, 312, 313, 314, 315, 308, 229, 320, 321, 185, 228, 182, 285, 284, 330, 331, 334, 335, 336, 337, 213, 212, 342, 343, 240, 241, 279, 278, 346, 347, 205, 204, 105, 104, 341, 353, 356, 357, 358, 362, 364, 365, 367, 366, 352, 225, 287, 340, 370, 371, 372, 373, 318, 54, 130, 55, 374, 375, 376, 377, 378, 379, 380, 381, 385, 382, 386, 387, 383, 384, 388, 389, 305, 319, 304, 390, 391, 392, 393, 359, 296, 291, 292, 394, 395, 396, 397, 290, 286, 297, 293, 181, 180, 398, 399, 400, 401, 404, 405, 406, 407, 408, 409, 410, 411, 264, 224, 412, 413, 131, 208, 418, 419, 420, 421, 422, 423, 428, 429, 114, 242, 263, 432, 433, 435, 436, 437, 434, 256, 438, 439, 262, 257, 440, 441, 324, 266, 325, 442, 443, 265, 267, 209, 446, 447, 243, 450, 451, 452, 453, 115, 456, 457, 458, 459, 460, 461, 363, 221, 220, 462, 463, 464, 465, 466, 467, 470, 471]
  列生成求解结果: 目标值=12.0000， 下界=8.0000， 上界=10.0000

处理节点 474
  开始列生成求解...
Set parameter LogToConsole to value 0
Set parameter Threads to value 1
Set parameter Seed to value 0
  定价策略: Exact, node=474, vertices=14
Set parameter PoolSearchMode to value 2
Set parameter PoolSolutions to value 10
[CG 1] RMP=9.000000, pricing=ExactPricingSolver, new_columns=0
  搜索路径: [1, 2, 3, 6, 7, 10, 12, 13, 11, 18, 19, 22, 23, 20, 21, 30, 31, 28, 29, 36, 37, 39, 38, 44, 45, 48, 49, 26, 27, 58, 59, 60, 61, 64, 65, 70, 71, 56, 62, 57, 50, 77, 51, 79, 80, 81, 43, 63, 34, 96, 97, 100, 101, 92, 42, 76, 35, 110, 111, 113, 112, 118, 119, 124, 125, 93, 78, 132, 133, 136, 137, 94, 95, 87, 86, 16, 17, 148, 149, 146, 150, 151, 152, 153, 156, 157, 147, 160, 161, 162, 163, 165, 164, 168, 169, 172, 173, 177, 174, 175, 176, 186, 187, 188, 189, 190, 191, 192, 193, 200, 201, 154, 155, 123, 122, 197, 210, 214, 215, 211, 196, 138, 82, 139, 72, 73, 83, 85, 84, 134, 135, 166, 167, 236, 237, 159, 143, 142, 144, 235, 158, 69, 238, 239, 246, 249, 250, 251, 253, 254, 255, 252, 247, 248, 91, 274, 275, 145, 227, 280, 184, 226, 234, 281, 183, 126, 68, 289, 127, 288, 194, 232, 233, 195, 90, 306, 307, 309, 310, 311, 312, 313, 314, 315, 308, 229, 320, 321, 185, 228, 182, 285, 284, 330, 331, 334, 335, 336, 337, 213, 212, 342, 343, 240, 241, 279, 278, 346, 347, 205, 204, 105, 104, 341, 353, 356, 357, 358, 362, 364, 365, 367, 366, 352, 225, 287, 340, 370, 371, 372, 373, 318, 54, 130, 55, 374, 375, 376, 377, 378, 379, 380, 381, 385, 382, 386, 387, 383, 384, 388, 389, 305, 319, 304, 390, 391, 392, 393, 359, 296, 291, 292, 394, 395, 396, 397, 290, 286, 297, 293, 181, 180, 398, 399, 400, 401, 404, 405, 406, 407, 408, 409, 410, 411, 264, 224, 412, 413, 131, 208, 418, 419, 420, 421, 422, 423, 428, 429, 114, 242, 263, 432, 433, 435, 436, 437, 434, 256, 438, 439, 262, 257, 440, 441, 324, 266, 325, 442, 443, 265, 267, 209, 446, 447, 243, 450, 451, 452, 453, 115, 456, 457, 458, 459, 460, 461, 363, 221, 220, 462, 463, 464, 465, 466, 467, 470, 471, 474]
  列生成求解结果: 目标值=9.0000， 下界=8.0000， 上界=10.0000
    非整数变量: COL_0-4-9_69 = 0.162500
  解不是整数，开始分支...
ImposedVertex(vertex=26)
ForbidVertex(vertex=26)
  创建了 2 个分支
    添加分支节点 1: ID=476
    添加分支节点 2: ID=477

处理节点 475
  开始列生成求解...
Set parameter LogToConsole to value 0
Set parameter Threads to value 1
Set parameter Seed to value 0
  定价策略: Exact, node=475, vertices=14
Set parameter PoolSearchMode to value 2
Set parameter PoolSolutions to value 10
[CG 1] RMP=2010.000000, pricing=ExactPricingSolver, new_columns=10
[CG 2] RMP=8.000000, pricing=ExactPricingSolver, new_columns=0
  搜索路径: [1, 2, 3, 6, 7, 10, 12, 13, 11, 18, 19, 22, 23, 20, 21, 30, 31, 28, 29, 36, 37, 39, 38, 44, 45, 48, 49, 26, 27, 58, 59, 60, 61, 64, 65, 70, 71, 56, 62, 57, 50, 77, 51, 79, 80, 81, 43, 63, 34, 96, 97, 100, 101, 92, 42, 76, 35, 110, 111, 113, 112, 118, 119, 124, 125, 93, 78, 132, 133, 136, 137, 94, 95, 87, 86, 16, 17, 148, 149, 146, 150, 151, 152, 153, 156, 157, 147, 160, 161, 162, 163, 165, 164, 168, 169, 172, 173, 177, 174, 175, 176, 186, 187, 188, 189, 190, 191, 192, 193, 200, 201, 154, 155, 123, 122, 197, 210, 214, 215, 211, 196, 138, 82, 139, 72, 73, 83, 85, 84, 134, 135, 166, 167, 236, 237, 159, 143, 142, 144, 235, 158, 69, 238, 239, 246, 249, 250, 251, 253, 254, 255, 252, 247, 248, 91, 274, 275, 145, 227, 280, 184, 226, 234, 281, 183, 126, 68, 289, 127, 288, 194, 232, 233, 195, 90, 306, 307, 309, 310, 311, 312, 313, 314, 315, 308, 229, 320, 321, 185, 228, 182, 285, 284, 330, 331, 334, 335, 336, 337, 213, 212, 342, 343, 240, 241, 279, 278, 346, 347, 205, 204, 105, 104, 341, 353, 356, 357, 358, 362, 364, 365, 367, 366, 352, 225, 287, 340, 370, 371, 372, 373, 318, 54, 130, 55, 374, 375, 376, 377, 378, 379, 380, 381, 385, 382, 386, 387, 383, 384, 388, 389, 305, 319, 304, 390, 391, 392, 393, 359, 296, 291, 292, 394, 395, 396, 397, 290, 286, 297, 293, 181, 180, 398, 399, 400, 401, 404, 405, 406, 407, 408, 409, 410, 411, 264, 224, 412, 413, 131, 208, 418, 419, 420, 421, 422, 423, 428, 429, 114, 242, 263, 432, 433, 435, 436, 437, 434, 256, 438, 439, 262, 257, 440, 441, 324, 266, 325, 442, 443, 265, 267, 209, 446, 447, 243, 450, 451, 452, 453, 115, 456, 457, 458, 459, 460, 461, 363, 221, 220, 462, 463, 464, 465, 466, 467, 470, 471, 474, 475]
  列生成求解结果: 目标值=8.0000， 下界=8.0000， 上界=10.0000
    非整数变量: COL_0-19-4-7_120 = 0.333333
  解不是整数，开始分支...
ImposedVertex(vertex=26)
ForbidVertex(vertex=26)
  创建了 2 个分支
    添加分支节点 1: ID=478
    添加分支节点 2: ID=479

处理节点 478
  开始列生成求解...
Set parameter LogToConsole to value 0
Set parameter Threads to value 1
Set parameter Seed to value 0
  定价策略: Exact, node=478, vertices=13
Set parameter PoolSearchMode to value 2
Set parameter PoolSolutions to value 10
[CG 1] RMP=2010.000000, pricing=ExactPricingSolver, new_columns=10
[CG 2] RMP=10.000000, pricing=ExactPricingSolver, new_columns=0
  搜索路径: [1, 2, 3, 6, 7, 10, 12, 13, 11, 18, 19, 22, 23, 20, 21, 30, 31, 28, 29, 36, 37, 39, 38, 44, 45, 48, 49, 26, 27, 58, 59, 60, 61, 64, 65, 70, 71, 56, 62, 57, 50, 77, 51, 79, 80, 81, 43, 63, 34, 96, 97, 100, 101, 92, 42, 76, 35, 110, 111, 113, 112, 118, 119, 124, 125, 93, 78, 132, 133, 136, 137, 94, 95, 87, 86, 16, 17, 148, 149, 146, 150, 151, 152, 153, 156, 157, 147, 160, 161, 162, 163, 165, 164, 168, 169, 172, 173, 177, 174, 175, 176, 186, 187, 188, 189, 190, 191, 192, 193, 200, 201, 154, 155, 123, 122, 197, 210, 214, 215, 211, 196, 138, 82, 139, 72, 73, 83, 85, 84, 134, 135, 166, 167, 236, 237, 159, 143, 142, 144, 235, 158, 69, 238, 239, 246, 249, 250, 251, 253, 254, 255, 252, 247, 248, 91, 274, 275, 145, 227, 280, 184, 226, 234, 281, 183, 126, 68, 289, 127, 288, 194, 232, 233, 195, 90, 306, 307, 309, 310, 311, 312, 313, 314, 315, 308, 229, 320, 321, 185, 228, 182, 285, 284, 330, 331, 334, 335, 336, 337, 213, 212, 342, 343, 240, 241, 279, 278, 346, 347, 205, 204, 105, 104, 341, 353, 356, 357, 358, 362, 364, 365, 367, 366, 352, 225, 287, 340, 370, 371, 372, 373, 318, 54, 130, 55, 374, 375, 376, 377, 378, 379, 380, 381, 385, 382, 386, 387, 383, 384, 388, 389, 305, 319, 304, 390, 391, 392, 393, 359, 296, 291, 292, 394, 395, 396, 397, 290, 286, 297, 293, 181, 180, 398, 399, 400, 401, 404, 405, 406, 407, 408, 409, 410, 411, 264, 224, 412, 413, 131, 208, 418, 419, 420, 421, 422, 423, 428, 429, 114, 242, 263, 432, 433, 435, 436, 437, 434, 256, 438, 439, 262, 257, 440, 441, 324, 266, 325, 442, 443, 265, 267, 209, 446, 447, 243, 450, 451, 452, 453, 115, 456, 457, 458, 459, 460, 461, 363, 221, 220, 462, 463, 464, 465, 466, 467, 470, 471, 474, 475, 478]
  列生成求解结果: 目标值=10.0000， 下界=8.0000， 上界=10.0000

处理节点 479
  开始列生成求解...
Set parameter LogToConsole to value 0
Set parameter Threads to value 1
Set parameter Seed to value 0
  定价策略: Exact, node=479, vertices=13
Set parameter PoolSearchMode to value 2
Set parameter PoolSolutions to value 10
[CG 1] RMP=12.000000, pricing=ExactPricingSolver, new_columns=0
  搜索路径: [1, 2, 3, 6, 7, 10, 12, 13, 11, 18, 19, 22, 23, 20, 21, 30, 31, 28, 29, 36, 37, 39, 38, 44, 45, 48, 49, 26, 27, 58, 59, 60, 61, 64, 65, 70, 71, 56, 62, 57, 50, 77, 51, 79, 80, 81, 43, 63, 34, 96, 97, 100, 101, 92, 42, 76, 35, 110, 111, 113, 112, 118, 119, 124, 125, 93, 78, 132, 133, 136, 137, 94, 95, 87, 86, 16, 17, 148, 149, 146, 150, 151, 152, 153, 156, 157, 147, 160, 161, 162, 163, 165, 164, 168, 169, 172, 173, 177, 174, 175, 176, 186, 187, 188, 189, 190, 191, 192, 193, 200, 201, 154, 155, 123, 122, 197, 210, 214, 215, 211, 196, 138, 82, 139, 72, 73, 83, 85, 84, 134, 135, 166, 167, 236, 237, 159, 143, 142, 144, 235, 158, 69, 238, 239, 246, 249, 250, 251, 253, 254, 255, 252, 247, 248, 91, 274, 275, 145, 227, 280, 184, 226, 234, 281, 183, 126, 68, 289, 127, 288, 194, 232, 233, 195, 90, 306, 307, 309, 310, 311, 312, 313, 314, 315, 308, 229, 320, 321, 185, 228, 182, 285, 284, 330, 331, 334, 335, 336, 337, 213, 212, 342, 343, 240, 241, 279, 278, 346, 347, 205, 204, 105, 104, 341, 353, 356, 357, 358, 362, 364, 365, 367, 366, 352, 225, 287, 340, 370, 371, 372, 373, 318, 54, 130, 55, 374, 375, 376, 377, 378, 379, 380, 381, 385, 382, 386, 387, 383, 384, 388, 389, 305, 319, 304, 390, 391, 392, 393, 359, 296, 291, 292, 394, 395, 396, 397, 290, 286, 297, 293, 181, 180, 398, 399, 400, 401, 404, 405, 406, 407, 408, 409, 410, 411, 264, 224, 412, 413, 131, 208, 418, 419, 420, 421, 422, 423, 428, 429, 114, 242, 263, 432, 433, 435, 436, 437, 434, 256, 438, 439, 262, 257, 440, 441, 324, 266, 325, 442, 443, 265, 267, 209, 446, 447, 243, 450, 451, 452, 453, 115, 456, 457, 458, 459, 460, 461, 363, 221, 220, 462, 463, 464, 465, 466, 467, 470, 471, 474, 475, 478, 479]
  列生成求解结果: 目标值=12.0000， 下界=8.0000， 上界=10.0000

处理节点 268
  开始列生成求解...
Set parameter LogToConsole to value 0
Set parameter Threads to value 1
Set parameter Seed to value 0
  定价策略: Exact, node=268, vertices=13
Set parameter PoolSearchMode to value 2
Set parameter PoolSolutions to value 10
[CG 1] RMP=2010.000000, pricing=ExactPricingSolver, new_columns=10
[CG 2] RMP=9.000000, pricing=ExactPricingSolver, new_columns=0
  搜索路径: [1, 2, 3, 6, 7, 10, 12, 13, 11, 18, 19, 22, 23, 20, 21, 30, 31, 28, 29, 36, 37, 39, 38, 44, 45, 48, 49, 26, 27, 58, 59, 60, 61, 64, 65, 70, 71, 56, 62, 57, 50, 77, 51, 79, 80, 81, 43, 63, 34, 96, 97, 100, 101, 92, 42, 76, 35, 110, 111, 113, 112, 118, 119, 124, 125, 93, 78, 132, 133, 136, 137, 94, 95, 87, 86, 16, 17, 148, 149, 146, 150, 151, 152, 153, 156, 157, 147, 160, 161, 162, 163, 165, 164, 168, 169, 172, 173, 177, 174, 175, 176, 186, 187, 188, 189, 190, 191, 192, 193, 200, 201, 154, 155, 123, 122, 197, 210, 214, 215, 211, 196, 138, 82, 139, 72, 73, 83, 85, 84, 134, 135, 166, 167, 236, 237, 159, 143, 142, 144, 235, 158, 69, 238, 239, 246, 249, 250, 251, 253, 254, 255, 252, 247, 248, 91, 274, 275, 145, 227, 280, 184, 226, 234, 281, 183, 126, 68, 289, 127, 288, 194, 232, 233, 195, 90, 306, 307, 309, 310, 311, 312, 313, 314, 315, 308, 229, 320, 321, 185, 228, 182, 285, 284, 330, 331, 334, 335, 336, 337, 213, 212, 342, 343, 240, 241, 279, 278, 346, 347, 205, 204, 105, 104, 341, 353, 356, 357, 358, 362, 364, 365, 367, 366, 352, 225, 287, 340, 370, 371, 372, 373, 318, 54, 130, 55, 374, 375, 376, 377, 378, 379, 380, 381, 385, 382, 386, 387, 383, 384, 388, 389, 305, 319, 304, 390, 391, 392, 393, 359, 296, 291, 292, 394, 395, 396, 397, 290, 286, 297, 293, 181, 180, 398, 399, 400, 401, 404, 405, 406, 407, 408, 409, 410, 411, 264, 224, 412, 413, 131, 208, 418, 419, 420, 421, 422, 423, 428, 429, 114, 242, 263, 432, 433, 435, 436, 437, 434, 256, 438, 439, 262, 257, 440, 441, 324, 266, 325, 442, 443, 265, 267, 209, 446, 447, 243, 450, 451, 452, 453, 115, 456, 457, 458, 459, 460, 461, 363, 221, 220, 462, 463, 464, 465, 466, 467, 470, 471, 474, 475, 478, 479, 268]
  列生成求解结果: 目标值=9.0000， 下界=8.0000， 上界=10.0000
    非整数变量: COL_1-18-23-7-9_33 = 0.523810
  解不是整数，开始分支...
ImposedVertex(vertex=14)
ForbidVertex(vertex=14)
  创建了 2 个分支
    添加分支节点 1: ID=480
    添加分支节点 2: ID=481

处理节点 269
  开始列生成求解...
Set parameter LogToConsole to value 0
Set parameter Threads to value 1
Set parameter Seed to value 0
  定价策略: Exact, node=269, vertices=13
Set parameter PoolSearchMode to value 2
Set parameter PoolSolutions to value 10
[CG 1] RMP=22.000000, pricing=ExactPricingSolver, new_columns=10
[CG 2] RMP=12.000000, pricing=ExactPricingSolver, new_columns=0
  搜索路径: [1, 2, 3, 6, 7, 10, 12, 13, 11, 18, 19, 22, 23, 20, 21, 30, 31, 28, 29, 36, 37, 39, 38, 44, 45, 48, 49, 26, 27, 58, 59, 60, 61, 64, 65, 70, 71, 56, 62, 57, 50, 77, 51, 79, 80, 81, 43, 63, 34, 96, 97, 100, 101, 92, 42, 76, 35, 110, 111, 113, 112, 118, 119, 124, 125, 93, 78, 132, 133, 136, 137, 94, 95, 87, 86, 16, 17, 148, 149, 146, 150, 151, 152, 153, 156, 157, 147, 160, 161, 162, 163, 165, 164, 168, 169, 172, 173, 177, 174, 175, 176, 186, 187, 188, 189, 190, 191, 192, 193, 200, 201, 154, 155, 123, 122, 197, 210, 214, 215, 211, 196, 138, 82, 139, 72, 73, 83, 85, 84, 134, 135, 166, 167, 236, 237, 159, 143, 142, 144, 235, 158, 69, 238, 239, 246, 249, 250, 251, 253, 254, 255, 252, 247, 248, 91, 274, 275, 145, 227, 280, 184, 226, 234, 281, 183, 126, 68, 289, 127, 288, 194, 232, 233, 195, 90, 306, 307, 309, 310, 311, 312, 313, 314, 315, 308, 229, 320, 321, 185, 228, 182, 285, 284, 330, 331, 334, 335, 336, 337, 213, 212, 342, 343, 240, 241, 279, 278, 346, 347, 205, 204, 105, 104, 341, 353, 356, 357, 358, 362, 364, 365, 367, 366, 352, 225, 287, 340, 370, 371, 372, 373, 318, 54, 130, 55, 374, 375, 376, 377, 378, 379, 380, 381, 385, 382, 386, 387, 383, 384, 388, 389, 305, 319, 304, 390, 391, 392, 393, 359, 296, 291, 292, 394, 395, 396, 397, 290, 286, 297, 293, 181, 180, 398, 399, 400, 401, 404, 405, 406, 407, 408, 409, 410, 411, 264, 224, 412, 413, 131, 208, 418, 419, 420, 421, 422, 423, 428, 429, 114, 242, 263, 432, 433, 435, 436, 437, 434, 256, 438, 439, 262, 257, 440, 441, 324, 266, 325, 442, 443, 265, 267, 209, 446, 447, 243, 450, 451, 452, 453, 115, 456, 457, 458, 459, 460, 461, 363, 221, 220, 462, 463, 464, 465, 466, 467, 470, 471, 474, 475, 478, 479, 268, 269]
  列生成求解结果: 目标值=12.0000， 下界=9.0000， 上界=10.0000

处理节点 403
  开始列生成求解...
Set parameter LogToConsole to value 0
Set parameter Threads to value 1
Set parameter Seed to value 0
  定价策略: Exact, node=403, vertices=15
Set parameter PoolSearchMode to value 2
Set parameter PoolSolutions to value 10
[CG 1] RMP=12.000000, pricing=ExactPricingSolver, new_columns=0
  搜索路径: [1, 2, 3, 6, 7, 10, 12, 13, 11, 18, 19, 22, 23, 20, 21, 30, 31, 28, 29, 36, 37, 39, 38, 44, 45, 48, 49, 26, 27, 58, 59, 60, 61, 64, 65, 70, 71, 56, 62, 57, 50, 77, 51, 79, 80, 81, 43, 63, 34, 96, 97, 100, 101, 92, 42, 76, 35, 110, 111, 113, 112, 118, 119, 124, 125, 93, 78, 132, 133, 136, 137, 94, 95, 87, 86, 16, 17, 148, 149, 146, 150, 151, 152, 153, 156, 157, 147, 160, 161, 162, 163, 165, 164, 168, 169, 172, 173, 177, 174, 175, 176, 186, 187, 188, 189, 190, 191, 192, 193, 200, 201, 154, 155, 123, 122, 197, 210, 214, 215, 211, 196, 138, 82, 139, 72, 73, 83, 85, 84, 134, 135, 166, 167, 236, 237, 159, 143, 142, 144, 235, 158, 69, 238, 239, 246, 249, 250, 251, 253, 254, 255, 252, 247, 248, 91, 274, 275, 145, 227, 280, 184, 226, 234, 281, 183, 126, 68, 289, 127, 288, 194, 232, 233, 195, 90, 306, 307, 309, 310, 311, 312, 313, 314, 315, 308, 229, 320, 321, 185, 228, 182, 285, 284, 330, 331, 334, 335, 336, 337, 213, 212, 342, 343, 240, 241, 279, 278, 346, 347, 205, 204, 105, 104, 341, 353, 356, 357, 358, 362, 364, 365, 367, 366, 352, 225, 287, 340, 370, 371, 372, 373, 318, 54, 130, 55, 374, 375, 376, 377, 378, 379, 380, 381, 385, 382, 386, 387, 383, 384, 388, 389, 305, 319, 304, 390, 391, 392, 393, 359, 296, 291, 292, 394, 395, 396, 397, 290, 286, 297, 293, 181, 180, 398, 399, 400, 401, 404, 405, 406, 407, 408, 409, 410, 411, 264, 224, 412, 413, 131, 208, 418, 419, 420, 421, 422, 423, 428, 429, 114, 242, 263, 432, 433, 435, 436, 437, 434, 256, 438, 439, 262, 257, 440, 441, 324, 266, 325, 442, 443, 265, 267, 209, 446, 447, 243, 450, 451, 452, 453, 115, 456, 457, 458, 459, 460, 461, 363, 221, 220, 462, 463, 464, 465, 466, 467, 470, 471, 474, 475, 478, 479, 268, 269, 403]
  列生成求解结果: 目标值=12.0000， 下界=9.0000， 上界=10.0000

处理节点 369
  开始列生成求解...
Set parameter LogToConsole to value 0
Set parameter Threads to value 1
Set parameter Seed to value 0
  定价策略: Exact, node=369, vertices=12
Set parameter PoolSearchMode to value 2
Set parameter PoolSolutions to value 10
[CG 1] RMP=16.000000, pricing=ExactPricingSolver, new_columns=10
[CG 2] RMP=12.000000, pricing=ExactPricingSolver, new_columns=0
  搜索路径: [1, 2, 3, 6, 7, 10, 12, 13, 11, 18, 19, 22, 23, 20, 21, 30, 31, 28, 29, 36, 37, 39, 38, 44, 45, 48, 49, 26, 27, 58, 59, 60, 61, 64, 65, 70, 71, 56, 62, 57, 50, 77, 51, 79, 80, 81, 43, 63, 34, 96, 97, 100, 101, 92, 42, 76, 35, 110, 111, 113, 112, 118, 119, 124, 125, 93, 78, 132, 133, 136, 137, 94, 95, 87, 86, 16, 17, 148, 149, 146, 150, 151, 152, 153, 156, 157, 147, 160, 161, 162, 163, 165, 164, 168, 169, 172, 173, 177, 174, 175, 176, 186, 187, 188, 189, 190, 191, 192, 193, 200, 201, 154, 155, 123, 122, 197, 210, 214, 215, 211, 196, 138, 82, 139, 72, 73, 83, 85, 84, 134, 135, 166, 167, 236, 237, 159, 143, 142, 144, 235, 158, 69, 238, 239, 246, 249, 250, 251, 253, 254, 255, 252, 247, 248, 91, 274, 275, 145, 227, 280, 184, 226, 234, 281, 183, 126, 68, 289, 127, 288, 194, 232, 233, 195, 90, 306, 307, 309, 310, 311, 312, 313, 314, 315, 308, 229, 320, 321, 185, 228, 182, 285, 284, 330, 331, 334, 335, 336, 337, 213, 212, 342, 343, 240, 241, 279, 278, 346, 347, 205, 204, 105, 104, 341, 353, 356, 357, 358, 362, 364, 365, 367, 366, 352, 225, 287, 340, 370, 371, 372, 373, 318, 54, 130, 55, 374, 375, 376, 377, 378, 379, 380, 381, 385, 382, 386, 387, 383, 384, 388, 389, 305, 319, 304, 390, 391, 392, 393, 359, 296, 291, 292, 394, 395, 396, 397, 290, 286, 297, 293, 181, 180, 398, 399, 400, 401, 404, 405, 406, 407, 408, 409, 410, 411, 264, 224, 412, 413, 131, 208, 418, 419, 420, 421, 422, 423, 428, 429, 114, 242, 263, 432, 433, 435, 436, 437, 434, 256, 438, 439, 262, 257, 440, 441, 324, 266, 325, 442, 443, 265, 267, 209, 446, 447, 243, 450, 451, 452, 453, 115, 456, 457, 458, 459, 460, 461, 363, 221, 220, 462, 463, 464, 465, 466, 467, 470, 471, 474, 475, 478, 479, 268, 269, 403, 369]
  列生成求解结果: 目标值=12.0000， 下界=9.0000， 上界=10.0000

处理节点 216
  开始列生成求解...
Set parameter LogToConsole to value 0
Set parameter Threads to value 1
Set parameter Seed to value 0
  定价策略: Exact, node=216, vertices=15
Set parameter PoolSearchMode to value 2
Set parameter PoolSolutions to value 10
[CG 1] RMP=9.000000, pricing=ExactPricingSolver, new_columns=10
[CG 2] RMP=9.000000, pricing=ExactPricingSolver, new_columns=0
  搜索路径: [1, 2, 3, 6, 7, 10, 12, 13, 11, 18, 19, 22, 23, 20, 21, 30, 31, 28, 29, 36, 37, 39, 38, 44, 45, 48, 49, 26, 27, 58, 59, 60, 61, 64, 65, 70, 71, 56, 62, 57, 50, 77, 51, 79, 80, 81, 43, 63, 34, 96, 97, 100, 101, 92, 42, 76, 35, 110, 111, 113, 112, 118, 119, 124, 125, 93, 78, 132, 133, 136, 137, 94, 95, 87, 86, 16, 17, 148, 149, 146, 150, 151, 152, 153, 156, 157, 147, 160, 161, 162, 163, 165, 164, 168, 169, 172, 173, 177, 174, 175, 176, 186, 187, 188, 189, 190, 191, 192, 193, 200, 201, 154, 155, 123, 122, 197, 210, 214, 215, 211, 196, 138, 82, 139, 72, 73, 83, 85, 84, 134, 135, 166, 167, 236, 237, 159, 143, 142, 144, 235, 158, 69, 238, 239, 246, 249, 250, 251, 253, 254, 255, 252, 247, 248, 91, 274, 275, 145, 227, 280, 184, 226, 234, 281, 183, 126, 68, 289, 127, 288, 194, 232, 233, 195, 90, 306, 307, 309, 310, 311, 312, 313, 314, 315, 308, 229, 320, 321, 185, 228, 182, 285, 284, 330, 331, 334, 335, 336, 337, 213, 212, 342, 343, 240, 241, 279, 278, 346, 347, 205, 204, 105, 104, 341, 353, 356, 357, 358, 362, 364, 365, 367, 366, 352, 225, 287, 340, 370, 371, 372, 373, 318, 54, 130, 55, 374, 375, 376, 377, 378, 379, 380, 381, 385, 382, 386, 387, 383, 384, 388, 389, 305, 319, 304, 390, 391, 392, 393, 359, 296, 291, 292, 394, 395, 396, 397, 290, 286, 297, 293, 181, 180, 398, 399, 400, 401, 404, 405, 406, 407, 408, 409, 410, 411, 264, 224, 412, 413, 131, 208, 418, 419, 420, 421, 422, 423, 428, 429, 114, 242, 263, 432, 433, 435, 436, 437, 434, 256, 438, 439, 262, 257, 440, 441, 324, 266, 325, 442, 443, 265, 267, 209, 446, 447, 243, 450, 451, 452, 453, 115, 456, 457, 458, 459, 460, 461, 363, 221, 220, 462, 463, 464, 465, 466, 467, 470, 471, 474, 475, 478, 479, 268, 269, 403, 369, 216]
  列生成求解结果: 目标值=9.0000， 下界=9.0000， 上界=10.0000
    非整数变量: COL_1-18-25_128 = 0.333333
  解不是整数，开始分支...
ImposedVertex(vertex=21)
ForbidVertex(vertex=21)
  创建了 2 个分支
    添加分支节点 1: ID=482
    添加分支节点 2: ID=483

处理节点 345
  开始列生成求解...
Set parameter LogToConsole to value 0
Set parameter Threads to value 1
Set parameter Seed to value 0
  定价策略: Exact, node=345, vertices=14
Set parameter PoolSearchMode to value 2
Set parameter PoolSolutions to value 10
[CG 1] RMP=16.000000, pricing=ExactPricingSolver, new_columns=10
[CG 2] RMP=12.000000, pricing=ExactPricingSolver, new_columns=0
  搜索路径: [1, 2, 3, 6, 7, 10, 12, 13, 11, 18, 19, 22, 23, 20, 21, 30, 31, 28, 29, 36, 37, 39, 38, 44, 45, 48, 49, 26, 27, 58, 59, 60, 61, 64, 65, 70, 71, 56, 62, 57, 50, 77, 51, 79, 80, 81, 43, 63, 34, 96, 97, 100, 101, 92, 42, 76, 35, 110, 111, 113, 112, 118, 119, 124, 125, 93, 78, 132, 133, 136, 137, 94, 95, 87, 86, 16, 17, 148, 149, 146, 150, 151, 152, 153, 156, 157, 147, 160, 161, 162, 163, 165, 164, 168, 169, 172, 173, 177, 174, 175, 176, 186, 187, 188, 189, 190, 191, 192, 193, 200, 201, 154, 155, 123, 122, 197, 210, 214, 215, 211, 196, 138, 82, 139, 72, 73, 83, 85, 84, 134, 135, 166, 167, 236, 237, 159, 143, 142, 144, 235, 158, 69, 238, 239, 246, 249, 250, 251, 253, 254, 255, 252, 247, 248, 91, 274, 275, 145, 227, 280, 184, 226, 234, 281, 183, 126, 68, 289, 127, 288, 194, 232, 233, 195, 90, 306, 307, 309, 310, 311, 312, 313, 314, 315, 308, 229, 320, 321, 185, 228, 182, 285, 284, 330, 331, 334, 335, 336, 337, 213, 212, 342, 343, 240, 241, 279, 278, 346, 347, 205, 204, 105, 104, 341, 353, 356, 357, 358, 362, 364, 365, 367, 366, 352, 225, 287, 340, 370, 371, 372, 373, 318, 54, 130, 55, 374, 375, 376, 377, 378, 379, 380, 381, 385, 382, 386, 387, 383, 384, 388, 389, 305, 319, 304, 390, 391, 392, 393, 359, 296, 291, 292, 394, 395, 396, 397, 290, 286, 297, 293, 181, 180, 398, 399, 400, 401, 404, 405, 406, 407, 408, 409, 410, 411, 264, 224, 412, 413, 131, 208, 418, 419, 420, 421, 422, 423, 428, 429, 114, 242, 263, 432, 433, 435, 436, 437, 434, 256, 438, 439, 262, 257, 440, 441, 324, 266, 325, 442, 443, 265, 267, 209, 446, 447, 243, 450, 451, 452, 453, 115, 456, 457, 458, 459, 460, 461, 363, 221, 220, 462, 463, 464, 465, 466, 467, 470, 471, 474, 475, 478, 479, 268, 269, 403, 369, 216, 345]
  列生成求解结果: 目标值=12.0000， 下界=9.0000， 上界=10.0000

处理节点 317
  开始列生成求解...
Set parameter LogToConsole to value 0
Set parameter Threads to value 1
Set parameter Seed to value 0
  定价策略: Exact, node=317, vertices=16
Set parameter PoolSearchMode to value 2
Set parameter PoolSolutions to value 10
[CG 1] RMP=12.000000, pricing=ExactPricingSolver, new_columns=10
[CG 2] RMP=12.000000, pricing=ExactPricingSolver, new_columns=10
[CG 3] RMP=11.000000, pricing=ExactPricingSolver, new_columns=10
[CG 4] RMP=11.000000, pricing=ExactPricingSolver, new_columns=0
  搜索路径: [1, 2, 3, 6, 7, 10, 12, 13, 11, 18, 19, 22, 23, 20, 21, 30, 31, 28, 29, 36, 37, 39, 38, 44, 45, 48, 49, 26, 27, 58, 59, 60, 61, 64, 65, 70, 71, 56, 62, 57, 50, 77, 51, 79, 80, 81, 43, 63, 34, 96, 97, 100, 101, 92, 42, 76, 35, 110, 111, 113, 112, 118, 119, 124, 125, 93, 78, 132, 133, 136, 137, 94, 95, 87, 86, 16, 17, 148, 149, 146, 150, 151, 152, 153, 156, 157, 147, 160, 161, 162, 163, 165, 164, 168, 169, 172, 173, 177, 174, 175, 176, 186, 187, 188, 189, 190, 191, 192, 193, 200, 201, 154, 155, 123, 122, 197, 210, 214, 215, 211, 196, 138, 82, 139, 72, 73, 83, 85, 84, 134, 135, 166, 167, 236, 237, 159, 143, 142, 144, 235, 158, 69, 238, 239, 246, 249, 250, 251, 253, 254, 255, 252, 247, 248, 91, 274, 275, 145, 227, 280, 184, 226, 234, 281, 183, 126, 68, 289, 127, 288, 194, 232, 233, 195, 90, 306, 307, 309, 310, 311, 312, 313, 314, 315, 308, 229, 320, 321, 185, 228, 182, 285, 284, 330, 331, 334, 335, 336, 337, 213, 212, 342, 343, 240, 241, 279, 278, 346, 347, 205, 204, 105, 104, 341, 353, 356, 357, 358, 362, 364, 365, 367, 366, 352, 225, 287, 340, 370, 371, 372, 373, 318, 54, 130, 55, 374, 375, 376, 377, 378, 379, 380, 381, 385, 382, 386, 387, 383, 384, 388, 389, 305, 319, 304, 390, 391, 392, 393, 359, 296, 291, 292, 394, 395, 396, 397, 290, 286, 297, 293, 181, 180, 398, 399, 400, 401, 404, 405, 406, 407, 408, 409, 410, 411, 264, 224, 412, 413, 131, 208, 418, 419, 420, 421, 422, 423, 428, 429, 114, 242, 263, 432, 433, 435, 436, 437, 434, 256, 438, 439, 262, 257, 440, 441, 324, 266, 325, 442, 443, 265, 267, 209, 446, 447, 243, 450, 451, 452, 453, 115, 456, 457, 458, 459, 460, 461, 363, 221, 220, 462, 463, 464, 465, 466, 467, 470, 471, 474, 475, 478, 479, 268, 269, 403, 369, 216, 345, 317]
  列生成求解结果: 目标值=11.0000， 下界=9.0000， 上界=10.0000

处理节点 481
  开始列生成求解...
Set parameter LogToConsole to value 0
Set parameter Threads to value 1
Set parameter Seed to value 0
  定价策略: Exact, node=481, vertices=12
Set parameter PoolSearchMode to value 2
Set parameter PoolSolutions to value 10
[CG 1] RMP=2010.000000, pricing=ExactPricingSolver, new_columns=10
[CG 2] RMP=10.500000, pricing=ExactPricingSolver, new_columns=10
[CG 3] RMP=9.000000, pricing=ExactPricingSolver, new_columns=0
  搜索路径: [1, 2, 3, 6, 7, 10, 12, 13, 11, 18, 19, 22, 23, 20, 21, 30, 31, 28, 29, 36, 37, 39, 38, 44, 45, 48, 49, 26, 27, 58, 59, 60, 61, 64, 65, 70, 71, 56, 62, 57, 50, 77, 51, 79, 80, 81, 43, 63, 34, 96, 97, 100, 101, 92, 42, 76, 35, 110, 111, 113, 112, 118, 119, 124, 125, 93, 78, 132, 133, 136, 137, 94, 95, 87, 86, 16, 17, 148, 149, 146, 150, 151, 152, 153, 156, 157, 147, 160, 161, 162, 163, 165, 164, 168, 169, 172, 173, 177, 174, 175, 176, 186, 187, 188, 189, 190, 191, 192, 193, 200, 201, 154, 155, 123, 122, 197, 210, 214, 215, 211, 196, 138, 82, 139, 72, 73, 83, 85, 84, 134, 135, 166, 167, 236, 237, 159, 143, 142, 144, 235, 158, 69, 238, 239, 246, 249, 250, 251, 253, 254, 255, 252, 247, 248, 91, 274, 275, 145, 227, 280, 184, 226, 234, 281, 183, 126, 68, 289, 127, 288, 194, 232, 233, 195, 90, 306, 307, 309, 310, 311, 312, 313, 314, 315, 308, 229, 320, 321, 185, 228, 182, 285, 284, 330, 331, 334, 335, 336, 337, 213, 212, 342, 343, 240, 241, 279, 278, 346, 347, 205, 204, 105, 104, 341, 353, 356, 357, 358, 362, 364, 365, 367, 366, 352, 225, 287, 340, 370, 371, 372, 373, 318, 54, 130, 55, 374, 375, 376, 377, 378, 379, 380, 381, 385, 382, 386, 387, 383, 384, 388, 389, 305, 319, 304, 390, 391, 392, 393, 359, 296, 291, 292, 394, 395, 396, 397, 290, 286, 297, 293, 181, 180, 398, 399, 400, 401, 404, 405, 406, 407, 408, 409, 410, 411, 264, 224, 412, 413, 131, 208, 418, 419, 420, 421, 422, 423, 428, 429, 114, 242, 263, 432, 433, 435, 436, 437, 434, 256, 438, 439, 262, 257, 440, 441, 324, 266, 325, 442, 443, 265, 267, 209, 446, 447, 243, 450, 451, 452, 453, 115, 456, 457, 458, 459, 460, 461, 363, 221, 220, 462, 463, 464, 465, 466, 467, 470, 471, 474, 475, 478, 479, 268, 269, 403, 369, 216, 345, 317, 481]
  列生成求解结果: 目标值=9.0000， 下界=9.0000， 上界=10.0000
    非整数变量: COL_1-12-23-28-6-7_1145 = 0.666667
  解不是整数，开始分支...
ImposedVertex(vertex=6)
ForbidVertex(vertex=6)
  创建了 2 个分支
    添加分支节点 1: ID=484
    添加分支节点 2: ID=485

处理节点 480
  开始列生成求解...
Set parameter LogToConsole to value 0
Set parameter Threads to value 1
Set parameter Seed to value 0
  定价策略: Exact, node=480, vertices=12
Set parameter PoolSearchMode to value 2
Set parameter PoolSolutions to value 10
[CG 1] RMP=10.000000, pricing=ExactPricingSolver, new_columns=0
  搜索路径: [1, 2, 3, 6, 7, 10, 12, 13, 11, 18, 19, 22, 23, 20, 21, 30, 31, 28, 29, 36, 37, 39, 38, 44, 45, 48, 49, 26, 27, 58, 59, 60, 61, 64, 65, 70, 71, 56, 62, 57, 50, 77, 51, 79, 80, 81, 43, 63, 34, 96, 97, 100, 101, 92, 42, 76, 35, 110, 111, 113, 112, 118, 119, 124, 125, 93, 78, 132, 133, 136, 137, 94, 95, 87, 86, 16, 17, 148, 149, 146, 150, 151, 152, 153, 156, 157, 147, 160, 161, 162, 163, 165, 164, 168, 169, 172, 173, 177, 174, 175, 176, 186, 187, 188, 189, 190, 191, 192, 193, 200, 201, 154, 155, 123, 122, 197, 210, 214, 215, 211, 196, 138, 82, 139, 72, 73, 83, 85, 84, 134, 135, 166, 167, 236, 237, 159, 143, 142, 144, 235, 158, 69, 238, 239, 246, 249, 250, 251, 253, 254, 255, 252, 247, 248, 91, 274, 275, 145, 227, 280, 184, 226, 234, 281, 183, 126, 68, 289, 127, 288, 194, 232, 233, 195, 90, 306, 307, 309, 310, 311, 312, 313, 314, 315, 308, 229, 320, 321, 185, 228, 182, 285, 284, 330, 331, 334, 335, 336, 337, 213, 212, 342, 343, 240, 241, 279, 278, 346, 347, 205, 204, 105, 104, 341, 353, 356, 357, 358, 362, 364, 365, 367, 366, 352, 225, 287, 340, 370, 371, 372, 373, 318, 54, 130, 55, 374, 375, 376, 377, 378, 379, 380, 381, 385, 382, 386, 387, 383, 384, 388, 389, 305, 319, 304, 390, 391, 392, 393, 359, 296, 291, 292, 394, 395, 396, 397, 290, 286, 297, 293, 181, 180, 398, 399, 400, 401, 404, 405, 406, 407, 408, 409, 410, 411, 264, 224, 412, 413, 131, 208, 418, 419, 420, 421, 422, 423, 428, 429, 114, 242, 263, 432, 433, 435, 436, 437, 434, 256, 438, 439, 262, 257, 440, 441, 324, 266, 325, 442, 443, 265, 267, 209, 446, 447, 243, 450, 451, 452, 453, 115, 456, 457, 458, 459, 460, 461, 363, 221, 220, 462, 463, 464, 465, 466, 467, 470, 471, 474, 475, 478, 479, 268, 269, 403, 369, 216, 345, 317, 481, 480]
  列生成求解结果: 目标值=10.0000， 下界=9.0000， 上界=10.0000

处理节点 454
  开始列生成求解...
Set parameter LogToConsole to value 0
Set parameter Threads to value 1
Set parameter Seed to value 0
  定价策略: Exact, node=454, vertices=10
Set parameter PoolSearchMode to value 2
Set parameter PoolSolutions to value 10
[CG 1] RMP=11.000000, pricing=ExactPricingSolver, new_columns=0
  搜索路径: [1, 2, 3, 6, 7, 10, 12, 13, 11, 18, 19, 22, 23, 20, 21, 30, 31, 28, 29, 36, 37, 39, 38, 44, 45, 48, 49, 26, 27, 58, 59, 60, 61, 64, 65, 70, 71, 56, 62, 57, 50, 77, 51, 79, 80, 81, 43, 63, 34, 96, 97, 100, 101, 92, 42, 76, 35, 110, 111, 113, 112, 118, 119, 124, 125, 93, 78, 132, 133, 136, 137, 94, 95, 87, 86, 16, 17, 148, 149, 146, 150, 151, 152, 153, 156, 157, 147, 160, 161, 162, 163, 165, 164, 168, 169, 172, 173, 177, 174, 175, 176, 186, 187, 188, 189, 190, 191, 192, 193, 200, 201, 154, 155, 123, 122, 197, 210, 214, 215, 211, 196, 138, 82, 139, 72, 73, 83, 85, 84, 134, 135, 166, 167, 236, 237, 159, 143, 142, 144, 235, 158, 69, 238, 239, 246, 249, 250, 251, 253, 254, 255, 252, 247, 248, 91, 274, 275, 145, 227, 280, 184, 226, 234, 281, 183, 126, 68, 289, 127, 288, 194, 232, 233, 195, 90, 306, 307, 309, 310, 311, 312, 313, 314, 315, 308, 229, 320, 321, 185, 228, 182, 285, 284, 330, 331, 334, 335, 336, 337, 213, 212, 342, 343, 240, 241, 279, 278, 346, 347, 205, 204, 105, 104, 341, 353, 356, 357, 358, 362, 364, 365, 367, 366, 352, 225, 287, 340, 370, 371, 372, 373, 318, 54, 130, 55, 374, 375, 376, 377, 378, 379, 380, 381, 385, 382, 386, 387, 383, 384, 388, 389, 305, 319, 304, 390, 391, 392, 393, 359, 296, 291, 292, 394, 395, 396, 397, 290, 286, 297, 293, 181, 180, 398, 399, 400, 401, 404, 405, 406, 407, 408, 409, 410, 411, 264, 224, 412, 413, 131, 208, 418, 419, 420, 421, 422, 423, 428, 429, 114, 242, 263, 432, 433, 435, 436, 437, 434, 256, 438, 439, 262, 257, 440, 441, 324, 266, 325, 442, 443, 265, 267, 209, 446, 447, 243, 450, 451, 452, 453, 115, 456, 457, 458, 459, 460, 461, 363, 221, 220, 462, 463, 464, 465, 466, 467, 470, 471, 474, 475, 478, 479, 268, 269, 403, 369, 216, 345, 317, 481, 480, 454]
  列生成求解结果: 目标值=11.0000， 下界=9.0000， 上界=10.0000

处理节点 468
  开始列生成求解...
Set parameter LogToConsole to value 0
Set parameter Threads to value 1
Set parameter Seed to value 0
  定价策略: Exact, node=468, vertices=12
Set parameter PoolSearchMode to value 2
Set parameter PoolSolutions to value 10
[CG 1] RMP=10.000000, pricing=ExactPricingSolver, new_columns=0
  搜索路径: [1, 2, 3, 6, 7, 10, 12, 13, 11, 18, 19, 22, 23, 20, 21, 30, 31, 28, 29, 36, 37, 39, 38, 44, 45, 48, 49, 26, 27, 58, 59, 60, 61, 64, 65, 70, 71, 56, 62, 57, 50, 77, 51, 79, 80, 81, 43, 63, 34, 96, 97, 100, 101, 92, 42, 76, 35, 110, 111, 113, 112, 118, 119, 124, 125, 93, 78, 132, 133, 136, 137, 94, 95, 87, 86, 16, 17, 148, 149, 146, 150, 151, 152, 153, 156, 157, 147, 160, 161, 162, 163, 165, 164, 168, 169, 172, 173, 177, 174, 175, 176, 186, 187, 188, 189, 190, 191, 192, 193, 200, 201, 154, 155, 123, 122, 197, 210, 214, 215, 211, 196, 138, 82, 139, 72, 73, 83, 85, 84, 134, 135, 166, 167, 236, 237, 159, 143, 142, 144, 235, 158, 69, 238, 239, 246, 249, 250, 251, 253, 254, 255, 252, 247, 248, 91, 274, 275, 145, 227, 280, 184, 226, 234, 281, 183, 126, 68, 289, 127, 288, 194, 232, 233, 195, 90, 306, 307, 309, 310, 311, 312, 313, 314, 315, 308, 229, 320, 321, 185, 228, 182, 285, 284, 330, 331, 334, 335, 336, 337, 213, 212, 342, 343, 240, 241, 279, 278, 346, 347, 205, 204, 105, 104, 341, 353, 356, 357, 358, 362, 364, 365, 367, 366, 352, 225, 287, 340, 370, 371, 372, 373, 318, 54, 130, 55, 374, 375, 376, 377, 378, 379, 380, 381, 385, 382, 386, 387, 383, 384, 388, 389, 305, 319, 304, 390, 391, 392, 393, 359, 296, 291, 292, 394, 395, 396, 397, 290, 286, 297, 293, 181, 180, 398, 399, 400, 401, 404, 405, 406, 407, 408, 409, 410, 411, 264, 224, 412, 413, 131, 208, 418, 419, 420, 421, 422, 423, 428, 429, 114, 242, 263, 432, 433, 435, 436, 437, 434, 256, 438, 439, 262, 257, 440, 441, 324, 266, 325, 442, 443, 265, 267, 209, 446, 447, 243, 450, 451, 452, 453, 115, 456, 457, 458, 459, 460, 461, 363, 221, 220, 462, 463, 464, 465, 466, 467, 470, 471, 474, 475, 478, 479, 268, 269, 403, 369, 216, 345, 317, 481, 480, 454, 468]
  列生成求解结果: 目标值=10.0000， 下界=9.0000， 上界=10.0000

处理节点 483
  开始列生成求解...
Set parameter LogToConsole to value 0
Set parameter Threads to value 1
Set parameter Seed to value 0
  定价策略: Exact, node=483, vertices=14
Set parameter PoolSearchMode to value 2
Set parameter PoolSolutions to value 10
[CG 1] RMP=9.000000, pricing=ExactPricingSolver, new_columns=0
  搜索路径: [1, 2, 3, 6, 7, 10, 12, 13, 11, 18, 19, 22, 23, 20, 21, 30, 31, 28, 29, 36, 37, 39, 38, 44, 45, 48, 49, 26, 27, 58, 59, 60, 61, 64, 65, 70, 71, 56, 62, 57, 50, 77, 51, 79, 80, 81, 43, 63, 34, 96, 97, 100, 101, 92, 42, 76, 35, 110, 111, 113, 112, 118, 119, 124, 125, 93, 78, 132, 133, 136, 137, 94, 95, 87, 86, 16, 17, 148, 149, 146, 150, 151, 152, 153, 156, 157, 147, 160, 161, 162, 163, 165, 164, 168, 169, 172, 173, 177, 174, 175, 176, 186, 187, 188, 189, 190, 191, 192, 193, 200, 201, 154, 155, 123, 122, 197, 210, 214, 215, 211, 196, 138, 82, 139, 72, 73, 83, 85, 84, 134, 135, 166, 167, 236, 237, 159, 143, 142, 144, 235, 158, 69, 238, 239, 246, 249, 250, 251, 253, 254, 255, 252, 247, 248, 91, 274, 275, 145, 227, 280, 184, 226, 234, 281, 183, 126, 68, 289, 127, 288, 194, 232, 233, 195, 90, 306, 307, 309, 310, 311, 312, 313, 314, 315, 308, 229, 320, 321, 185, 228, 182, 285, 284, 330, 331, 334, 335, 336, 337, 213, 212, 342, 343, 240, 241, 279, 278, 346, 347, 205, 204, 105, 104, 341, 353, 356, 357, 358, 362, 364, 365, 367, 366, 352, 225, 287, 340, 370, 371, 372, 373, 318, 54, 130, 55, 374, 375, 376, 377, 378, 379, 380, 381, 385, 382, 386, 387, 383, 384, 388, 389, 305, 319, 304, 390, 391, 392, 393, 359, 296, 291, 292, 394, 395, 396, 397, 290, 286, 297, 293, 181, 180, 398, 399, 400, 401, 404, 405, 406, 407, 408, 409, 410, 411, 264, 224, 412, 413, 131, 208, 418, 419, 420, 421, 422, 423, 428, 429, 114, 242, 263, 432, 433, 435, 436, 437, 434, 256, 438, 439, 262, 257, 440, 441, 324, 266, 325, 442, 443, 265, 267, 209, 446, 447, 243, 450, 451, 452, 453, 115, 456, 457, 458, 459, 460, 461, 363, 221, 220, 462, 463, 464, 465, 466, 467, 470, 471, 474, 475, 478, 479, 268, 269, 403, 369, 216, 345, 317, 481, 480, 454, 468, 483]
  列生成求解结果: 目标值=9.0000， 下界=9.0000， 上界=10.0000
    非整数变量: COL_1-18-25-7_135 = 0.200000
  解不是整数，开始分支...
ImposedVertex(vertex=26)
ForbidVertex(vertex=26)
  创建了 2 个分支
    添加分支节点 1: ID=486
    添加分支节点 2: ID=487

处理节点 482
  开始列生成求解...
Set parameter LogToConsole to value 0
Set parameter Threads to value 1
Set parameter Seed to value 0
  定价策略: Exact, node=482, vertices=14
Set parameter PoolSearchMode to value 2
Set parameter PoolSolutions to value 10
[CG 1] RMP=14.000000, pricing=ExactPricingSolver, new_columns=10
[CG 2] RMP=9.000000, pricing=ExactPricingSolver, new_columns=0
  搜索路径: [1, 2, 3, 6, 7, 10, 12, 13, 11, 18, 19, 22, 23, 20, 21, 30, 31, 28, 29, 36, 37, 39, 38, 44, 45, 48, 49, 26, 27, 58, 59, 60, 61, 64, 65, 70, 71, 56, 62, 57, 50, 77, 51, 79, 80, 81, 43, 63, 34, 96, 97, 100, 101, 92, 42, 76, 35, 110, 111, 113, 112, 118, 119, 124, 125, 93, 78, 132, 133, 136, 137, 94, 95, 87, 86, 16, 17, 148, 149, 146, 150, 151, 152, 153, 156, 157, 147, 160, 161, 162, 163, 165, 164, 168, 169, 172, 173, 177, 174, 175, 176, 186, 187, 188, 189, 190, 191, 192, 193, 200, 201, 154, 155, 123, 122, 197, 210, 214, 215, 211, 196, 138, 82, 139, 72, 73, 83, 85, 84, 134, 135, 166, 167, 236, 237, 159, 143, 142, 144, 235, 158, 69, 238, 239, 246, 249, 250, 251, 253, 254, 255, 252, 247, 248, 91, 274, 275, 145, 227, 280, 184, 226, 234, 281, 183, 126, 68, 289, 127, 288, 194, 232, 233, 195, 90, 306, 307, 309, 310, 311, 312, 313, 314, 315, 308, 229, 320, 321, 185, 228, 182, 285, 284, 330, 331, 334, 335, 336, 337, 213, 212, 342, 343, 240, 241, 279, 278, 346, 347, 205, 204, 105, 104, 341, 353, 356, 357, 358, 362, 364, 365, 367, 366, 352, 225, 287, 340, 370, 371, 372, 373, 318, 54, 130, 55, 374, 375, 376, 377, 378, 379, 380, 381, 385, 382, 386, 387, 383, 384, 388, 389, 305, 319, 304, 390, 391, 392, 393, 359, 296, 291, 292, 394, 395, 396, 397, 290, 286, 297, 293, 181, 180, 398, 399, 400, 401, 404, 405, 406, 407, 408, 409, 410, 411, 264, 224, 412, 413, 131, 208, 418, 419, 420, 421, 422, 423, 428, 429, 114, 242, 263, 432, 433, 435, 436, 437, 434, 256, 438, 439, 262, 257, 440, 441, 324, 266, 325, 442, 443, 265, 267, 209, 446, 447, 243, 450, 451, 452, 453, 115, 456, 457, 458, 459, 460, 461, 363, 221, 220, 462, 463, 464, 465, 466, 467, 470, 471, 474, 475, 478, 479, 268, 269, 403, 369, 216, 345, 317, 481, 480, 454, 468, 483, 482]
  列生成求解结果: 目标值=9.0000， 下界=9.0000， 上界=10.0000
    非整数变量: COL_17-21-25-26-4-7_162 = 0.450000
  解不是整数，开始分支...
ImposedVertex(vertex=26)
ForbidVertex(vertex=26)
  创建了 2 个分支
    添加分支节点 1: ID=488
    添加分支节点 2: ID=489

处理节点 472
  开始列生成求解...
Set parameter LogToConsole to value 0
Set parameter Threads to value 1
Set parameter Seed to value 0
  定价策略: Exact, node=472, vertices=13
Set parameter PoolSearchMode to value 2
Set parameter PoolSolutions to value 10
[CG 1] RMP=9.000000, pricing=ExactPricingSolver, new_columns=0
  搜索路径: [1, 2, 3, 6, 7, 10, 12, 13, 11, 18, 19, 22, 23, 20, 21, 30, 31, 28, 29, 36, 37, 39, 38, 44, 45, 48, 49, 26, 27, 58, 59, 60, 61, 64, 65, 70, 71, 56, 62, 57, 50, 77, 51, 79, 80, 81, 43, 63, 34, 96, 97, 100, 101, 92, 42, 76, 35, 110, 111, 113, 112, 118, 119, 124, 125, 93, 78, 132, 133, 136, 137, 94, 95, 87, 86, 16, 17, 148, 149, 146, 150, 151, 152, 153, 156, 157, 147, 160, 161, 162, 163, 165, 164, 168, 169, 172, 173, 177, 174, 175, 176, 186, 187, 188, 189, 190, 191, 192, 193, 200, 201, 154, 155, 123, 122, 197, 210, 214, 215, 211, 196, 138, 82, 139, 72, 73, 83, 85, 84, 134, 135, 166, 167, 236, 237, 159, 143, 142, 144, 235, 158, 69, 238, 239, 246, 249, 250, 251, 253, 254, 255, 252, 247, 248, 91, 274, 275, 145, 227, 280, 184, 226, 234, 281, 183, 126, 68, 289, 127, 288, 194, 232, 233, 195, 90, 306, 307, 309, 310, 311, 312, 313, 314, 315, 308, 229, 320, 321, 185, 228, 182, 285, 284, 330, 331, 334, 335, 336, 337, 213, 212, 342, 343, 240, 241, 279, 278, 346, 347, 205, 204, 105, 104, 341, 353, 356, 357, 358, 362, 364, 365, 367, 366, 352, 225, 287, 340, 370, 371, 372, 373, 318, 54, 130, 55, 374, 375, 376, 377, 378, 379, 380, 381, 385, 382, 386, 387, 383, 384, 388, 389, 305, 319, 304, 390, 391, 392, 393, 359, 296, 291, 292, 394, 395, 396, 397, 290, 286, 297, 293, 181, 180, 398, 399, 400, 401, 404, 405, 406, 407, 408, 409, 410, 411, 264, 224, 412, 413, 131, 208, 418, 419, 420, 421, 422, 423, 428, 429, 114, 242, 263, 432, 433, 435, 436, 437, 434, 256, 438, 439, 262, 257, 440, 441, 324, 266, 325, 442, 443, 265, 267, 209, 446, 447, 243, 450, 451, 452, 453, 115, 456, 457, 458, 459, 460, 461, 363, 221, 220, 462, 463, 464, 465, 466, 467, 470, 471, 474, 475, 478, 479, 268, 269, 403, 369, 216, 345, 317, 481, 480, 454, 468, 483, 482, 472]
  列生成求解结果: 目标值=9.0000， 下界=9.0000， 上界=10.0000
    非整数变量: COL_0-20-22-4-9_560 = 0.416667
  解不是整数，开始分支...
ImposedVertex(vertex=26)
ForbidVertex(vertex=26)
  创建了 2 个分支
    添加分支节点 1: ID=490
    添加分支节点 2: ID=491

处理节点 485
  开始列生成求解...
Set parameter LogToConsole to value 0
Set parameter Threads to value 1
Set parameter Seed to value 0
  定价策略: Exact, node=485, vertices=11
Set parameter PoolSearchMode to value 2
Set parameter PoolSolutions to value 10
[CG 1] RMP=11.000000, pricing=ExactPricingSolver, new_columns=10
[CG 2] RMP=9.000000, pricing=ExactPricingSolver, new_columns=0
  搜索路径: [1, 2, 3, 6, 7, 10, 12, 13, 11, 18, 19, 22, 23, 20, 21, 30, 31, 28, 29, 36, 37, 39, 38, 44, 45, 48, 49, 26, 27, 58, 59, 60, 61, 64, 65, 70, 71, 56, 62, 57, 50, 77, 51, 79, 80, 81, 43, 63, 34, 96, 97, 100, 101, 92, 42, 76, 35, 110, 111, 113, 112, 118, 119, 124, 125, 93, 78, 132, 133, 136, 137, 94, 95, 87, 86, 16, 17, 148, 149, 146, 150, 151, 152, 153, 156, 157, 147, 160, 161, 162, 163, 165, 164, 168, 169, 172, 173, 177, 174, 175, 176, 186, 187, 188, 189, 190, 191, 192, 193, 200, 201, 154, 155, 123, 122, 197, 210, 214, 215, 211, 196, 138, 82, 139, 72, 73, 83, 85, 84, 134, 135, 166, 167, 236, 237, 159, 143, 142, 144, 235, 158, 69, 238, 239, 246, 249, 250, 251, 253, 254, 255, 252, 247, 248, 91, 274, 275, 145, 227, 280, 184, 226, 234, 281, 183, 126, 68, 289, 127, 288, 194, 232, 233, 195, 90, 306, 307, 309, 310, 311, 312, 313, 314, 315, 308, 229, 320, 321, 185, 228, 182, 285, 284, 330, 331, 334, 335, 336, 337, 213, 212, 342, 343, 240, 241, 279, 278, 346, 347, 205, 204, 105, 104, 341, 353, 356, 357, 358, 362, 364, 365, 367, 366, 352, 225, 287, 340, 370, 371, 372, 373, 318, 54, 130, 55, 374, 375, 376, 377, 378, 379, 380, 381, 385, 382, 386, 387, 383, 384, 388, 389, 305, 319, 304, 390, 391, 392, 393, 359, 296, 291, 292, 394, 395, 396, 397, 290, 286, 297, 293, 181, 180, 398, 399, 400, 401, 404, 405, 406, 407, 408, 409, 410, 411, 264, 224, 412, 413, 131, 208, 418, 419, 420, 421, 422, 423, 428, 429, 114, 242, 263, 432, 433, 435, 436, 437, 434, 256, 438, 439, 262, 257, 440, 441, 324, 266, 325, 442, 443, 265, 267, 209, 446, 447, 243, 450, 451, 452, 453, 115, 456, 457, 458, 459, 460, 461, 363, 221, 220, 462, 463, 464, 465, 466, 467, 470, 471, 474, 475, 478, 479, 268, 269, 403, 369, 216, 345, 317, 481, 480, 454, 468, 483, 482, 472, 485]
  列生成求解结果: 目标值=9.0000， 下界=9.0000， 上界=10.0000
    非整数变量: COL_1-18-21-23-9_2497 = 0.181818
  解不是整数，开始分支...
ImposedVertex(vertex=27)
ForbidVertex(vertex=27)
  创建了 2 个分支
    添加分支节点 1: ID=492
    添加分支节点 2: ID=493

处理节点 484
  开始列生成求解...
Set parameter LogToConsole to value 0
Set parameter Threads to value 1
Set parameter Seed to value 0
  定价策略: Exact, node=484, vertices=11
Set parameter PoolSearchMode to value 2
Set parameter PoolSolutions to value 10
[CG 1] RMP=509.000000, pricing=ExactPricingSolver, new_columns=10
[CG 2] RMP=9.000000, pricing=ExactPricingSolver, new_columns=0
  搜索路径: [1, 2, 3, 6, 7, 10, 12, 13, 11, 18, 19, 22, 23, 20, 21, 30, 31, 28, 29, 36, 37, 39, 38, 44, 45, 48, 49, 26, 27, 58, 59, 60, 61, 64, 65, 70, 71, 56, 62, 57, 50, 77, 51, 79, 80, 81, 43, 63, 34, 96, 97, 100, 101, 92, 42, 76, 35, 110, 111, 113, 112, 118, 119, 124, 125, 93, 78, 132, 133, 136, 137, 94, 95, 87, 86, 16, 17, 148, 149, 146, 150, 151, 152, 153, 156, 157, 147, 160, 161, 162, 163, 165, 164, 168, 169, 172, 173, 177, 174, 175, 176, 186, 187, 188, 189, 190, 191, 192, 193, 200, 201, 154, 155, 123, 122, 197, 210, 214, 215, 211, 196, 138, 82, 139, 72, 73, 83, 85, 84, 134, 135, 166, 167, 236, 237, 159, 143, 142, 144, 235, 158, 69, 238, 239, 246, 249, 250, 251, 253, 254, 255, 252, 247, 248, 91, 274, 275, 145, 227, 280, 184, 226, 234, 281, 183, 126, 68, 289, 127, 288, 194, 232, 233, 195, 90, 306, 307, 309, 310, 311, 312, 313, 314, 315, 308, 229, 320, 321, 185, 228, 182, 285, 284, 330, 331, 334, 335, 336, 337, 213, 212, 342, 343, 240, 241, 279, 278, 346, 347, 205, 204, 105, 104, 341, 353, 356, 357, 358, 362, 364, 365, 367, 366, 352, 225, 287, 340, 370, 371, 372, 373, 318, 54, 130, 55, 374, 375, 376, 377, 378, 379, 380, 381, 385, 382, 386, 387, 383, 384, 388, 389, 305, 319, 304, 390, 391, 392, 393, 359, 296, 291, 292, 394, 395, 396, 397, 290, 286, 297, 293, 181, 180, 398, 399, 400, 401, 404, 405, 406, 407, 408, 409, 410, 411, 264, 224, 412, 413, 131, 208, 418, 419, 420, 421, 422, 423, 428, 429, 114, 242, 263, 432, 433, 435, 436, 437, 434, 256, 438, 439, 262, 257, 440, 441, 324, 266, 325, 442, 443, 265, 267, 209, 446, 447, 243, 450, 451, 452, 453, 115, 456, 457, 458, 459, 460, 461, 363, 221, 220, 462, 463, 464, 465, 466, 467, 470, 471, 474, 475, 478, 479, 268, 269, 403, 369, 216, 345, 317, 481, 480, 454, 468, 483, 482, 472, 485, 484]
  列生成求解结果: 目标值=9.0000， 下界=9.0000， 上界=10.0000
    非整数变量: COL_1-12-23-27-6-7_1142 = 0.484848
  解不是整数，开始分支...
ImposedVertex(vertex=27)
ForbidVertex(vertex=27)
  创建了 2 个分支
    添加分支节点 1: ID=494
    添加分支节点 2: ID=495

处理节点 339
  开始列生成求解...
Set parameter LogToConsole to value 0
Set parameter Threads to value 1
Set parameter Seed to value 0
  定价策略: Exact, node=339, vertices=11
Set parameter PoolSearchMode to value 2
Set parameter PoolSolutions to value 10
[CG 1] RMP=1010.000000, pricing=ExactPricingSolver, new_columns=10
[CG 2] RMP=12.000000, pricing=ExactPricingSolver, new_columns=0
  搜索路径: [1, 2, 3, 6, 7, 10, 12, 13, 11, 18, 19, 22, 23, 20, 21, 30, 31, 28, 29, 36, 37, 39, 38, 44, 45, 48, 49, 26, 27, 58, 59, 60, 61, 64, 65, 70, 71, 56, 62, 57, 50, 77, 51, 79, 80, 81, 43, 63, 34, 96, 97, 100, 101, 92, 42, 76, 35, 110, 111, 113, 112, 118, 119, 124, 125, 93, 78, 132, 133, 136, 137, 94, 95, 87, 86, 16, 17, 148, 149, 146, 150, 151, 152, 153, 156, 157, 147, 160, 161, 162, 163, 165, 164, 168, 169, 172, 173, 177, 174, 175, 176, 186, 187, 188, 189, 190, 191, 192, 193, 200, 201, 154, 155, 123, 122, 197, 210, 214, 215, 211, 196, 138, 82, 139, 72, 73, 83, 85, 84, 134, 135, 166, 167, 236, 237, 159, 143, 142, 144, 235, 158, 69, 238, 239, 246, 249, 250, 251, 253, 254, 255, 252, 247, 248, 91, 274, 275, 145, 227, 280, 184, 226, 234, 281, 183, 126, 68, 289, 127, 288, 194, 232, 233, 195, 90, 306, 307, 309, 310, 311, 312, 313, 314, 315, 308, 229, 320, 321, 185, 228, 182, 285, 284, 330, 331, 334, 335, 336, 337, 213, 212, 342, 343, 240, 241, 279, 278, 346, 347, 205, 204, 105, 104, 341, 353, 356, 357, 358, 362, 364, 365, 367, 366, 352, 225, 287, 340, 370, 371, 372, 373, 318, 54, 130, 55, 374, 375, 376, 377, 378, 379, 380, 381, 385, 382, 386, 387, 383, 384, 388, 389, 305, 319, 304, 390, 391, 392, 393, 359, 296, 291, 292, 394, 395, 396, 397, 290, 286, 297, 293, 181, 180, 398, 399, 400, 401, 404, 405, 406, 407, 408, 409, 410, 411, 264, 224, 412, 413, 131, 208, 418, 419, 420, 421, 422, 423, 428, 429, 114, 242, 263, 432, 433, 435, 436, 437, 434, 256, 438, 439, 262, 257, 440, 441, 324, 266, 325, 442, 443, 265, 267, 209, 446, 447, 243, 450, 451, 452, 453, 115, 456, 457, 458, 459, 460, 461, 363, 221, 220, 462, 463, 464, 465, 466, 467, 470, 471, 474, 475, 478, 479, 268, 269, 403, 369, 216, 345, 317, 481, 480, 454, 468, 483, 482, 472, 485, 484, 339]
  列生成求解结果: 目标值=12.0000， 下界=9.0000， 上界=10.0000

处理节点 487
  开始列生成求解...
Set parameter LogToConsole to value 0
Set parameter Threads to value 1
Set parameter Seed to value 0
  定价策略: Exact, node=487, vertices=13
Set parameter PoolSearchMode to value 2
Set parameter PoolSolutions to value 10
[CG 1] RMP=12.705882, pricing=ExactPricingSolver, new_columns=10
[CG 2] RMP=12.000000, pricing=ExactPricingSolver, new_columns=0
  搜索路径: [1, 2, 3, 6, 7, 10, 12, 13, 11, 18, 19, 22, 23, 20, 21, 30, 31, 28, 29, 36, 37, 39, 38, 44, 45, 48, 49, 26, 27, 58, 59, 60, 61, 64, 65, 70, 71, 56, 62, 57, 50, 77, 51, 79, 80, 81, 43, 63, 34, 96, 97, 100, 101, 92, 42, 76, 35, 110, 111, 113, 112, 118, 119, 124, 125, 93, 78, 132, 133, 136, 137, 94, 95, 87, 86, 16, 17, 148, 149, 146, 150, 151, 152, 153, 156, 157, 147, 160, 161, 162, 163, 165, 164, 168, 169, 172, 173, 177, 174, 175, 176, 186, 187, 188, 189, 190, 191, 192, 193, 200, 201, 154, 155, 123, 122, 197, 210, 214, 215, 211, 196, 138, 82, 139, 72, 73, 83, 85, 84, 134, 135, 166, 167, 236, 237, 159, 143, 142, 144, 235, 158, 69, 238, 239, 246, 249, 250, 251, 253, 254, 255, 252, 247, 248, 91, 274, 275, 145, 227, 280, 184, 226, 234, 281, 183, 126, 68, 289, 127, 288, 194, 232, 233, 195, 90, 306, 307, 309, 310, 311, 312, 313, 314, 315, 308, 229, 320, 321, 185, 228, 182, 285, 284, 330, 331, 334, 335, 336, 337, 213, 212, 342, 343, 240, 241, 279, 278, 346, 347, 205, 204, 105, 104, 341, 353, 356, 357, 358, 362, 364, 365, 367, 366, 352, 225, 287, 340, 370, 371, 372, 373, 318, 54, 130, 55, 374, 375, 376, 377, 378, 379, 380, 381, 385, 382, 386, 387, 383, 384, 388, 389, 305, 319, 304, 390, 391, 392, 393, 359, 296, 291, 292, 394, 395, 396, 397, 290, 286, 297, 293, 181, 180, 398, 399, 400, 401, 404, 405, 406, 407, 408, 409, 410, 411, 264, 224, 412, 413, 131, 208, 418, 419, 420, 421, 422, 423, 428, 429, 114, 242, 263, 432, 433, 435, 436, 437, 434, 256, 438, 439, 262, 257, 440, 441, 324, 266, 325, 442, 443, 265, 267, 209, 446, 447, 243, 450, 451, 452, 453, 115, 456, 457, 458, 459, 460, 461, 363, 221, 220, 462, 463, 464, 465, 466, 467, 470, 471, 474, 475, 478, 479, 268, 269, 403, 369, 216, 345, 317, 481, 480, 454, 468, 483, 482, 472, 485, 484, 339, 487]
  列生成求解结果: 目标值=12.0000， 下界=9.0000， 上界=10.0000

处理节点 489
  开始列生成求解...
Set parameter LogToConsole to value 0
Set parameter Threads to value 1
Set parameter Seed to value 0
  定价策略: Exact, node=489, vertices=13
Set parameter PoolSearchMode to value 2
Set parameter PoolSolutions to value 10
[CG 1] RMP=12.000000, pricing=ExactPricingSolver, new_columns=0
  搜索路径: [1, 2, 3, 6, 7, 10, 12, 13, 11, 18, 19, 22, 23, 20, 21, 30, 31, 28, 29, 36, 37, 39, 38, 44, 45, 48, 49, 26, 27, 58, 59, 60, 61, 64, 65, 70, 71, 56, 62, 57, 50, 77, 51, 79, 80, 81, 43, 63, 34, 96, 97, 100, 101, 92, 42, 76, 35, 110, 111, 113, 112, 118, 119, 124, 125, 93, 78, 132, 133, 136, 137, 94, 95, 87, 86, 16, 17, 148, 149, 146, 150, 151, 152, 153, 156, 157, 147, 160, 161, 162, 163, 165, 164, 168, 169, 172, 173, 177, 174, 175, 176, 186, 187, 188, 189, 190, 191, 192, 193, 200, 201, 154, 155, 123, 122, 197, 210, 214, 215, 211, 196, 138, 82, 139, 72, 73, 83, 85, 84, 134, 135, 166, 167, 236, 237, 159, 143, 142, 144, 235, 158, 69, 238, 239, 246, 249, 250, 251, 253, 254, 255, 252, 247, 248, 91, 274, 275, 145, 227, 280, 184, 226, 234, 281, 183, 126, 68, 289, 127, 288, 194, 232, 233, 195, 90, 306, 307, 309, 310, 311, 312, 313, 314, 315, 308, 229, 320, 321, 185, 228, 182, 285, 284, 330, 331, 334, 335, 336, 337, 213, 212, 342, 343, 240, 241, 279, 278, 346, 347, 205, 204, 105, 104, 341, 353, 356, 357, 358, 362, 364, 365, 367, 366, 352, 225, 287, 340, 370, 371, 372, 373, 318, 54, 130, 55, 374, 375, 376, 377, 378, 379, 380, 381, 385, 382, 386, 387, 383, 384, 388, 389, 305, 319, 304, 390, 391, 392, 393, 359, 296, 291, 292, 394, 395, 396, 397, 290, 286, 297, 293, 181, 180, 398, 399, 400, 401, 404, 405, 406, 407, 408, 409, 410, 411, 264, 224, 412, 413, 131, 208, 418, 419, 420, 421, 422, 423, 428, 429, 114, 242, 263, 432, 433, 435, 436, 437, 434, 256, 438, 439, 262, 257, 440, 441, 324, 266, 325, 442, 443, 265, 267, 209, 446, 447, 243, 450, 451, 452, 453, 115, 456, 457, 458, 459, 460, 461, 363, 221, 220, 462, 463, 464, 465, 466, 467, 470, 471, 474, 475, 478, 479, 268, 269, 403, 369, 216, 345, 317, 481, 480, 454, 468, 483, 482, 472, 485, 484, 339, 487, 489]
  列生成求解结果: 目标值=12.0000， 下界=9.0000， 上界=10.0000

处理节点 491
  开始列生成求解...
Set parameter LogToConsole to value 0
Set parameter Threads to value 1
Set parameter Seed to value 0
  定价策略: Exact, node=491, vertices=12
Set parameter PoolSearchMode to value 2
Set parameter PoolSolutions to value 10
[CG 1] RMP=2010.000000, pricing=ExactPricingSolver, new_columns=10
[CG 2] RMP=12.000000, pricing=ExactPricingSolver, new_columns=0
  搜索路径: [1, 2, 3, 6, 7, 10, 12, 13, 11, 18, 19, 22, 23, 20, 21, 30, 31, 28, 29, 36, 37, 39, 38, 44, 45, 48, 49, 26, 27, 58, 59, 60, 61, 64, 65, 70, 71, 56, 62, 57, 50, 77, 51, 79, 80, 81, 43, 63, 34, 96, 97, 100, 101, 92, 42, 76, 35, 110, 111, 113, 112, 118, 119, 124, 125, 93, 78, 132, 133, 136, 137, 94, 95, 87, 86, 16, 17, 148, 149, 146, 150, 151, 152, 153, 156, 157, 147, 160, 161, 162, 163, 165, 164, 168, 169, 172, 173, 177, 174, 175, 176, 186, 187, 188, 189, 190, 191, 192, 193, 200, 201, 154, 155, 123, 122, 197, 210, 214, 215, 211, 196, 138, 82, 139, 72, 73, 83, 85, 84, 134, 135, 166, 167, 236, 237, 159, 143, 142, 144, 235, 158, 69, 238, 239, 246, 249, 250, 251, 253, 254, 255, 252, 247, 248, 91, 274, 275, 145, 227, 280, 184, 226, 234, 281, 183, 126, 68, 289, 127, 288, 194, 232, 233, 195, 90, 306, 307, 309, 310, 311, 312, 313, 314, 315, 308, 229, 320, 321, 185, 228, 182, 285, 284, 330, 331, 334, 335, 336, 337, 213, 212, 342, 343, 240, 241, 279, 278, 346, 347, 205, 204, 105, 104, 341, 353, 356, 357, 358, 362, 364, 365, 367, 366, 352, 225, 287, 340, 370, 371, 372, 373, 318, 54, 130, 55, 374, 375, 376, 377, 378, 379, 380, 381, 385, 382, 386, 387, 383, 384, 388, 389, 305, 319, 304, 390, 391, 392, 393, 359, 296, 291, 292, 394, 395, 396, 397, 290, 286, 297, 293, 181, 180, 398, 399, 400, 401, 404, 405, 406, 407, 408, 409, 410, 411, 264, 224, 412, 413, 131, 208, 418, 419, 420, 421, 422, 423, 428, 429, 114, 242, 263, 432, 433, 435, 436, 437, 434, 256, 438, 439, 262, 257, 440, 441, 324, 266, 325, 442, 443, 265, 267, 209, 446, 447, 243, 450, 451, 452, 453, 115, 456, 457, 458, 459, 460, 461, 363, 221, 220, 462, 463, 464, 465, 466, 467, 470, 471, 474, 475, 478, 479, 268, 269, 403, 369, 216, 345, 317, 481, 480, 454, 468, 483, 482, 472, 485, 484, 339, 487, 489, 491]
  列生成求解结果: 目标值=12.0000， 下界=9.0000， 上界=10.0000

处理节点 493
  开始列生成求解...
Set parameter LogToConsole to value 0
Set parameter Threads to value 1
Set parameter Seed to value 0
  定价策略: Exact, node=493, vertices=10
Set parameter PoolSearchMode to value 2
Set parameter PoolSolutions to value 10
[CG 1] RMP=12.000000, pricing=ExactPricingSolver, new_columns=0
  搜索路径: [1, 2, 3, 6, 7, 10, 12, 13, 11, 18, 19, 22, 23, 20, 21, 30, 31, 28, 29, 36, 37, 39, 38, 44, 45, 48, 49, 26, 27, 58, 59, 60, 61, 64, 65, 70, 71, 56, 62, 57, 50, 77, 51, 79, 80, 81, 43, 63, 34, 96, 97, 100, 101, 92, 42, 76, 35, 110, 111, 113, 112, 118, 119, 124, 125, 93, 78, 132, 133, 136, 137, 94, 95, 87, 86, 16, 17, 148, 149, 146, 150, 151, 152, 153, 156, 157, 147, 160, 161, 162, 163, 165, 164, 168, 169, 172, 173, 177, 174, 175, 176, 186, 187, 188, 189, 190, 191, 192, 193, 200, 201, 154, 155, 123, 122, 197, 210, 214, 215, 211, 196, 138, 82, 139, 72, 73, 83, 85, 84, 134, 135, 166, 167, 236, 237, 159, 143, 142, 144, 235, 158, 69, 238, 239, 246, 249, 250, 251, 253, 254, 255, 252, 247, 248, 91, 274, 275, 145, 227, 280, 184, 226, 234, 281, 183, 126, 68, 289, 127, 288, 194, 232, 233, 195, 90, 306, 307, 309, 310, 311, 312, 313, 314, 315, 308, 229, 320, 321, 185, 228, 182, 285, 284, 330, 331, 334, 335, 336, 337, 213, 212, 342, 343, 240, 241, 279, 278, 346, 347, 205, 204, 105, 104, 341, 353, 356, 357, 358, 362, 364, 365, 367, 366, 352, 225, 287, 340, 370, 371, 372, 373, 318, 54, 130, 55, 374, 375, 376, 377, 378, 379, 380, 381, 385, 382, 386, 387, 383, 384, 388, 389, 305, 319, 304, 390, 391, 392, 393, 359, 296, 291, 292, 394, 395, 396, 397, 290, 286, 297, 293, 181, 180, 398, 399, 400, 401, 404, 405, 406, 407, 408, 409, 410, 411, 264, 224, 412, 413, 131, 208, 418, 419, 420, 421, 422, 423, 428, 429, 114, 242, 263, 432, 433, 435, 436, 437, 434, 256, 438, 439, 262, 257, 440, 441, 324, 266, 325, 442, 443, 265, 267, 209, 446, 447, 243, 450, 451, 452, 453, 115, 456, 457, 458, 459, 460, 461, 363, 221, 220, 462, 463, 464, 465, 466, 467, 470, 471, 474, 475, 478, 479, 268, 269, 403, 369, 216, 345, 317, 481, 480, 454, 468, 483, 482, 472, 485, 484, 339, 487, 489, 491, 493]
  列生成求解结果: 目标值=12.0000， 下界=9.0000， 上界=10.0000

处理节点 495
  开始列生成求解...
Set parameter LogToConsole to value 0
Set parameter Threads to value 1
Set parameter Seed to value 0
  定价策略: Exact, node=495, vertices=10
Set parameter PoolSearchMode to value 2
Set parameter PoolSolutions to value 10
[CG 1] RMP=2010.000000, pricing=ExactPricingSolver, new_columns=10
[CG 2] RMP=12.000000, pricing=ExactPricingSolver, new_columns=0
  搜索路径: [1, 2, 3, 6, 7, 10, 12, 13, 11, 18, 19, 22, 23, 20, 21, 30, 31, 28, 29, 36, 37, 39, 38, 44, 45, 48, 49, 26, 27, 58, 59, 60, 61, 64, 65, 70, 71, 56, 62, 57, 50, 77, 51, 79, 80, 81, 43, 63, 34, 96, 97, 100, 101, 92, 42, 76, 35, 110, 111, 113, 112, 118, 119, 124, 125, 93, 78, 132, 133, 136, 137, 94, 95, 87, 86, 16, 17, 148, 149, 146, 150, 151, 152, 153, 156, 157, 147, 160, 161, 162, 163, 165, 164, 168, 169, 172, 173, 177, 174, 175, 176, 186, 187, 188, 189, 190, 191, 192, 193, 200, 201, 154, 155, 123, 122, 197, 210, 214, 215, 211, 196, 138, 82, 139, 72, 73, 83, 85, 84, 134, 135, 166, 167, 236, 237, 159, 143, 142, 144, 235, 158, 69, 238, 239, 246, 249, 250, 251, 253, 254, 255, 252, 247, 248, 91, 274, 275, 145, 227, 280, 184, 226, 234, 281, 183, 126, 68, 289, 127, 288, 194, 232, 233, 195, 90, 306, 307, 309, 310, 311, 312, 313, 314, 315, 308, 229, 320, 321, 185, 228, 182, 285, 284, 330, 331, 334, 335, 336, 337, 213, 212, 342, 343, 240, 241, 279, 278, 346, 347, 205, 204, 105, 104, 341, 353, 356, 357, 358, 362, 364, 365, 367, 366, 352, 225, 287, 340, 370, 371, 372, 373, 318, 54, 130, 55, 374, 375, 376, 377, 378, 379, 380, 381, 385, 382, 386, 387, 383, 384, 388, 389, 305, 319, 304, 390, 391, 392, 393, 359, 296, 291, 292, 394, 395, 396, 397, 290, 286, 297, 293, 181, 180, 398, 399, 400, 401, 404, 405, 406, 407, 408, 409, 410, 411, 264, 224, 412, 413, 131, 208, 418, 419, 420, 421, 422, 423, 428, 429, 114, 242, 263, 432, 433, 435, 436, 437, 434, 256, 438, 439, 262, 257, 440, 441, 324, 266, 325, 442, 443, 265, 267, 209, 446, 447, 243, 450, 451, 452, 453, 115, 456, 457, 458, 459, 460, 461, 363, 221, 220, 462, 463, 464, 465, 466, 467, 470, 471, 474, 475, 478, 479, 268, 269, 403, 369, 216, 345, 317, 481, 480, 454, 468, 483, 482, 472, 485, 484, 339, 487, 489, 491, 493, 495]
  列生成求解结果: 目标值=12.0000， 下界=9.0000， 上界=10.0000

处理节点 494
  开始列生成求解...
Set parameter LogToConsole to value 0
Set parameter Threads to value 1
Set parameter Seed to value 0
  定价策略: Exact, node=494, vertices=10
Set parameter PoolSearchMode to value 2
Set parameter PoolSolutions to value 10
[CG 1] RMP=11.000000, pricing=ExactPricingSolver, new_columns=0
  搜索路径: [1, 2, 3, 6, 7, 10, 12, 13, 11, 18, 19, 22, 23, 20, 21, 30, 31, 28, 29, 36, 37, 39, 38, 44, 45, 48, 49, 26, 27, 58, 59, 60, 61, 64, 65, 70, 71, 56, 62, 57, 50, 77, 51, 79, 80, 81, 43, 63, 34, 96, 97, 100, 101, 92, 42, 76, 35, 110, 111, 113, 112, 118, 119, 124, 125, 93, 78, 132, 133, 136, 137, 94, 95, 87, 86, 16, 17, 148, 149, 146, 150, 151, 152, 153, 156, 157, 147, 160, 161, 162, 163, 165, 164, 168, 169, 172, 173, 177, 174, 175, 176, 186, 187, 188, 189, 190, 191, 192, 193, 200, 201, 154, 155, 123, 122, 197, 210, 214, 215, 211, 196, 138, 82, 139, 72, 73, 83, 85, 84, 134, 135, 166, 167, 236, 237, 159, 143, 142, 144, 235, 158, 69, 238, 239, 246, 249, 250, 251, 253, 254, 255, 252, 247, 248, 91, 274, 275, 145, 227, 280, 184, 226, 234, 281, 183, 126, 68, 289, 127, 288, 194, 232, 233, 195, 90, 306, 307, 309, 310, 311, 312, 313, 314, 315, 308, 229, 320, 321, 185, 228, 182, 285, 284, 330, 331, 334, 335, 336, 337, 213, 212, 342, 343, 240, 241, 279, 278, 346, 347, 205, 204, 105, 104, 341, 353, 356, 357, 358, 362, 364, 365, 367, 366, 352, 225, 287, 340, 370, 371, 372, 373, 318, 54, 130, 55, 374, 375, 376, 377, 378, 379, 380, 381, 385, 382, 386, 387, 383, 384, 388, 389, 305, 319, 304, 390, 391, 392, 393, 359, 296, 291, 292, 394, 395, 396, 397, 290, 286, 297, 293, 181, 180, 398, 399, 400, 401, 404, 405, 406, 407, 408, 409, 410, 411, 264, 224, 412, 413, 131, 208, 418, 419, 420, 421, 422, 423, 428, 429, 114, 242, 263, 432, 433, 435, 436, 437, 434, 256, 438, 439, 262, 257, 440, 441, 324, 266, 325, 442, 443, 265, 267, 209, 446, 447, 243, 450, 451, 452, 453, 115, 456, 457, 458, 459, 460, 461, 363, 221, 220, 462, 463, 464, 465, 466, 467, 470, 471, 474, 475, 478, 479, 268, 269, 403, 369, 216, 345, 317, 481, 480, 454, 468, 483, 482, 472, 485, 484, 339, 487, 489, 491, 493, 495, 494]
  列生成求解结果: 目标值=11.0000， 下界=9.0000， 上界=10.0000

处理节点 492
  开始列生成求解...
Set parameter LogToConsole to value 0
Set parameter Threads to value 1
Set parameter Seed to value 0
  定价策略: Exact, node=492, vertices=10
Set parameter PoolSearchMode to value 2
Set parameter PoolSolutions to value 10
[CG 1] RMP=11.000000, pricing=ExactPricingSolver, new_columns=0
  搜索路径: [1, 2, 3, 6, 7, 10, 12, 13, 11, 18, 19, 22, 23, 20, 21, 30, 31, 28, 29, 36, 37, 39, 38, 44, 45, 48, 49, 26, 27, 58, 59, 60, 61, 64, 65, 70, 71, 56, 62, 57, 50, 77, 51, 79, 80, 81, 43, 63, 34, 96, 97, 100, 101, 92, 42, 76, 35, 110, 111, 113, 112, 118, 119, 124, 125, 93, 78, 132, 133, 136, 137, 94, 95, 87, 86, 16, 17, 148, 149, 146, 150, 151, 152, 153, 156, 157, 147, 160, 161, 162, 163, 165, 164, 168, 169, 172, 173, 177, 174, 175, 176, 186, 187, 188, 189, 190, 191, 192, 193, 200, 201, 154, 155, 123, 122, 197, 210, 214, 215, 211, 196, 138, 82, 139, 72, 73, 83, 85, 84, 134, 135, 166, 167, 236, 237, 159, 143, 142, 144, 235, 158, 69, 238, 239, 246, 249, 250, 251, 253, 254, 255, 252, 247, 248, 91, 274, 275, 145, 227, 280, 184, 226, 234, 281, 183, 126, 68, 289, 127, 288, 194, 232, 233, 195, 90, 306, 307, 309, 310, 311, 312, 313, 314, 315, 308, 229, 320, 321, 185, 228, 182, 285, 284, 330, 331, 334, 335, 336, 337, 213, 212, 342, 343, 240, 241, 279, 278, 346, 347, 205, 204, 105, 104, 341, 353, 356, 357, 358, 362, 364, 365, 367, 366, 352, 225, 287, 340, 370, 371, 372, 373, 318, 54, 130, 55, 374, 375, 376, 377, 378, 379, 380, 381, 385, 382, 386, 387, 383, 384, 388, 389, 305, 319, 304, 390, 391, 392, 393, 359, 296, 291, 292, 394, 395, 396, 397, 290, 286, 297, 293, 181, 180, 398, 399, 400, 401, 404, 405, 406, 407, 408, 409, 410, 411, 264, 224, 412, 413, 131, 208, 418, 419, 420, 421, 422, 423, 428, 429, 114, 242, 263, 432, 433, 435, 436, 437, 434, 256, 438, 439, 262, 257, 440, 441, 324, 266, 325, 442, 443, 265, 267, 209, 446, 447, 243, 450, 451, 452, 453, 115, 456, 457, 458, 459, 460, 461, 363, 221, 220, 462, 463, 464, 465, 466, 467, 470, 471, 474, 475, 478, 479, 268, 269, 403, 369, 216, 345, 317, 481, 480, 454, 468, 483, 482, 472, 485, 484, 339, 487, 489, 491, 493, 495, 494, 492]
  列生成求解结果: 目标值=11.0000， 下界=9.0000， 上界=10.0000

处理节点 490
  开始列生成求解...
Set parameter LogToConsole to value 0
Set parameter Threads to value 1
Set parameter Seed to value 0
  定价策略: Exact, node=490, vertices=12
Set parameter PoolSearchMode to value 2
Set parameter PoolSolutions to value 10
[CG 1] RMP=10.000000, pricing=ExactPricingSolver, new_columns=0
  搜索路径: [1, 2, 3, 6, 7, 10, 12, 13, 11, 18, 19, 22, 23, 20, 21, 30, 31, 28, 29, 36, 37, 39, 38, 44, 45, 48, 49, 26, 27, 58, 59, 60, 61, 64, 65, 70, 71, 56, 62, 57, 50, 77, 51, 79, 80, 81, 43, 63, 34, 96, 97, 100, 101, 92, 42, 76, 35, 110, 111, 113, 112, 118, 119, 124, 125, 93, 78, 132, 133, 136, 137, 94, 95, 87, 86, 16, 17, 148, 149, 146, 150, 151, 152, 153, 156, 157, 147, 160, 161, 162, 163, 165, 164, 168, 169, 172, 173, 177, 174, 175, 176, 186, 187, 188, 189, 190, 191, 192, 193, 200, 201, 154, 155, 123, 122, 197, 210, 214, 215, 211, 196, 138, 82, 139, 72, 73, 83, 85, 84, 134, 135, 166, 167, 236, 237, 159, 143, 142, 144, 235, 158, 69, 238, 239, 246, 249, 250, 251, 253, 254, 255, 252, 247, 248, 91, 274, 275, 145, 227, 280, 184, 226, 234, 281, 183, 126, 68, 289, 127, 288, 194, 232, 233, 195, 90, 306, 307, 309, 310, 311, 312, 313, 314, 315, 308, 229, 320, 321, 185, 228, 182, 285, 284, 330, 331, 334, 335, 336, 337, 213, 212, 342, 343, 240, 241, 279, 278, 346, 347, 205, 204, 105, 104, 341, 353, 356, 357, 358, 362, 364, 365, 367, 366, 352, 225, 287, 340, 370, 371, 372, 373, 318, 54, 130, 55, 374, 375, 376, 377, 378, 379, 380, 381, 385, 382, 386, 387, 383, 384, 388, 389, 305, 319, 304, 390, 391, 392, 393, 359, 296, 291, 292, 394, 395, 396, 397, 290, 286, 297, 293, 181, 180, 398, 399, 400, 401, 404, 405, 406, 407, 408, 409, 410, 411, 264, 224, 412, 413, 131, 208, 418, 419, 420, 421, 422, 423, 428, 429, 114, 242, 263, 432, 433, 435, 436, 437, 434, 256, 438, 439, 262, 257, 440, 441, 324, 266, 325, 442, 443, 265, 267, 209, 446, 447, 243, 450, 451, 452, 453, 115, 456, 457, 458, 459, 460, 461, 363, 221, 220, 462, 463, 464, 465, 466, 467, 470, 471, 474, 475, 478, 479, 268, 269, 403, 369, 216, 345, 317, 481, 480, 454, 468, 483, 482, 472, 485, 484, 339, 487, 489, 491, 493, 495, 494, 492, 490]
  列生成求解结果: 目标值=10.0000， 下界=9.0000， 上界=10.0000

处理节点 488
  开始列生成求解...
Set parameter LogToConsole to value 0
Set parameter Threads to value 1
Set parameter Seed to value 0
  定价策略: Exact, node=488, vertices=13
Set parameter PoolSearchMode to value 2
Set parameter PoolSolutions to value 10
[CG 1] RMP=10.000000, pricing=ExactPricingSolver, new_columns=0
  搜索路径: [1, 2, 3, 6, 7, 10, 12, 13, 11, 18, 19, 22, 23, 20, 21, 30, 31, 28, 29, 36, 37, 39, 38, 44, 45, 48, 49, 26, 27, 58, 59, 60, 61, 64, 65, 70, 71, 56, 62, 57, 50, 77, 51, 79, 80, 81, 43, 63, 34, 96, 97, 100, 101, 92, 42, 76, 35, 110, 111, 113, 112, 118, 119, 124, 125, 93, 78, 132, 133, 136, 137, 94, 95, 87, 86, 16, 17, 148, 149, 146, 150, 151, 152, 153, 156, 157, 147, 160, 161, 162, 163, 165, 164, 168, 169, 172, 173, 177, 174, 175, 176, 186, 187, 188, 189, 190, 191, 192, 193, 200, 201, 154, 155, 123, 122, 197, 210, 214, 215, 211, 196, 138, 82, 139, 72, 73, 83, 85, 84, 134, 135, 166, 167, 236, 237, 159, 143, 142, 144, 235, 158, 69, 238, 239, 246, 249, 250, 251, 253, 254, 255, 252, 247, 248, 91, 274, 275, 145, 227, 280, 184, 226, 234, 281, 183, 126, 68, 289, 127, 288, 194, 232, 233, 195, 90, 306, 307, 309, 310, 311, 312, 313, 314, 315, 308, 229, 320, 321, 185, 228, 182, 285, 284, 330, 331, 334, 335, 336, 337, 213, 212, 342, 343, 240, 241, 279, 278, 346, 347, 205, 204, 105, 104, 341, 353, 356, 357, 358, 362, 364, 365, 367, 366, 352, 225, 287, 340, 370, 371, 372, 373, 318, 54, 130, 55, 374, 375, 376, 377, 378, 379, 380, 381, 385, 382, 386, 387, 383, 384, 388, 389, 305, 319, 304, 390, 391, 392, 393, 359, 296, 291, 292, 394, 395, 396, 397, 290, 286, 297, 293, 181, 180, 398, 399, 400, 401, 404, 405, 406, 407, 408, 409, 410, 411, 264, 224, 412, 413, 131, 208, 418, 419, 420, 421, 422, 423, 428, 429, 114, 242, 263, 432, 433, 435, 436, 437, 434, 256, 438, 439, 262, 257, 440, 441, 324, 266, 325, 442, 443, 265, 267, 209, 446, 447, 243, 450, 451, 452, 453, 115, 456, 457, 458, 459, 460, 461, 363, 221, 220, 462, 463, 464, 465, 466, 467, 470, 471, 474, 475, 478, 479, 268, 269, 403, 369, 216, 345, 317, 481, 480, 454, 468, 483, 482, 472, 485, 484, 339, 487, 489, 491, 493, 495, 494, 492, 490, 488]
  列生成求解结果: 目标值=10.0000， 下界=9.0000， 上界=10.0000

处理节点 486
  开始列生成求解...
Set parameter LogToConsole to value 0
Set parameter Threads to value 1
Set parameter Seed to value 0
  定价策略: Exact, node=486, vertices=13
Set parameter PoolSearchMode to value 2
Set parameter PoolSolutions to value 10
[CG 1] RMP=1014.000000, pricing=ExactPricingSolver, new_columns=10
[CG 2] RMP=10.000000, pricing=ExactPricingSolver, new_columns=0
  搜索路径: [1, 2, 3, 6, 7, 10, 12, 13, 11, 18, 19, 22, 23, 20, 21, 30, 31, 28, 29, 36, 37, 39, 38, 44, 45, 48, 49, 26, 27, 58, 59, 60, 61, 64, 65, 70, 71, 56, 62, 57, 50, 77, 51, 79, 80, 81, 43, 63, 34, 96, 97, 100, 101, 92, 42, 76, 35, 110, 111, 113, 112, 118, 119, 124, 125, 93, 78, 132, 133, 136, 137, 94, 95, 87, 86, 16, 17, 148, 149, 146, 150, 151, 152, 153, 156, 157, 147, 160, 161, 162, 163, 165, 164, 168, 169, 172, 173, 177, 174, 175, 176, 186, 187, 188, 189, 190, 191, 192, 193, 200, 201, 154, 155, 123, 122, 197, 210, 214, 215, 211, 196, 138, 82, 139, 72, 73, 83, 85, 84, 134, 135, 166, 167, 236, 237, 159, 143, 142, 144, 235, 158, 69, 238, 239, 246, 249, 250, 251, 253, 254, 255, 252, 247, 248, 91, 274, 275, 145, 227, 280, 184, 226, 234, 281, 183, 126, 68, 289, 127, 288, 194, 232, 233, 195, 90, 306, 307, 309, 310, 311, 312, 313, 314, 315, 308, 229, 320, 321, 185, 228, 182, 285, 284, 330, 331, 334, 335, 336, 337, 213, 212, 342, 343, 240, 241, 279, 278, 346, 347, 205, 204, 105, 104, 341, 353, 356, 357, 358, 362, 364, 365, 367, 366, 352, 225, 287, 340, 370, 371, 372, 373, 318, 54, 130, 55, 374, 375, 376, 377, 378, 379, 380, 381, 385, 382, 386, 387, 383, 384, 388, 389, 305, 319, 304, 390, 391, 392, 393, 359, 296, 291, 292, 394, 395, 396, 397, 290, 286, 297, 293, 181, 180, 398, 399, 400, 401, 404, 405, 406, 407, 408, 409, 410, 411, 264, 224, 412, 413, 131, 208, 418, 419, 420, 421, 422, 423, 428, 429, 114, 242, 263, 432, 433, 435, 436, 437, 434, 256, 438, 439, 262, 257, 440, 441, 324, 266, 325, 442, 443, 265, 267, 209, 446, 447, 243, 450, 451, 452, 453, 115, 456, 457, 458, 459, 460, 461, 363, 221, 220, 462, 463, 464, 465, 466, 467, 470, 471, 474, 475, 478, 479, 268, 269, 403, 369, 216, 345, 317, 481, 480, 454, 468, 483, 482, 472, 485, 484, 339, 487, 489, 491, 493, 495, 494, 492, 490, 488, 486]
  列生成求解结果: 目标值=10.0000， 下界=9.0000， 上界=10.0000

处理节点 203
  开始列生成求解...
Set parameter LogToConsole to value 0
Set parameter Threads to value 1
Set parameter Seed to value 0
  定价策略: Exact, node=203, vertices=14
Set parameter PoolSearchMode to value 2
Set parameter PoolSolutions to value 10
[CG 1] RMP=24.000000, pricing=ExactPricingSolver, new_columns=10
[CG 2] RMP=11.000000, pricing=ExactPricingSolver, new_columns=10
[CG 3] RMP=9.000000, pricing=ExactPricingSolver, new_columns=0
  搜索路径: [1, 2, 3, 6, 7, 10, 12, 13, 11, 18, 19, 22, 23, 20, 21, 30, 31, 28, 29, 36, 37, 39, 38, 44, 45, 48, 49, 26, 27, 58, 59, 60, 61, 64, 65, 70, 71, 56, 62, 57, 50, 77, 51, 79, 80, 81, 43, 63, 34, 96, 97, 100, 101, 92, 42, 76, 35, 110, 111, 113, 112, 118, 119, 124, 125, 93, 78, 132, 133, 136, 137, 94, 95, 87, 86, 16, 17, 148, 149, 146, 150, 151, 152, 153, 156, 157, 147, 160, 161, 162, 163, 165, 164, 168, 169, 172, 173, 177, 174, 175, 176, 186, 187, 188, 189, 190, 191, 192, 193, 200, 201, 154, 155, 123, 122, 197, 210, 214, 215, 211, 196, 138, 82, 139, 72, 73, 83, 85, 84, 134, 135, 166, 167, 236, 237, 159, 143, 142, 144, 235, 158, 69, 238, 239, 246, 249, 250, 251, 253, 254, 255, 252, 247, 248, 91, 274, 275, 145, 227, 280, 184, 226, 234, 281, 183, 126, 68, 289, 127, 288, 194, 232, 233, 195, 90, 306, 307, 309, 310, 311, 312, 313, 314, 315, 308, 229, 320, 321, 185, 228, 182, 285, 284, 330, 331, 334, 335, 336, 337, 213, 212, 342, 343, 240, 241, 279, 278, 346, 347, 205, 204, 105, 104, 341, 353, 356, 357, 358, 362, 364, 365, 367, 366, 352, 225, 287, 340, 370, 371, 372, 373, 318, 54, 130, 55, 374, 375, 376, 377, 378, 379, 380, 381, 385, 382, 386, 387, 383, 384, 388, 389, 305, 319, 304, 390, 391, 392, 393, 359, 296, 291, 292, 394, 395, 396, 397, 290, 286, 297, 293, 181, 180, 398, 399, 400, 401, 404, 405, 406, 407, 408, 409, 410, 411, 264, 224, 412, 413, 131, 208, 418, 419, 420, 421, 422, 423, 428, 429, 114, 242, 263, 432, 433, 435, 436, 437, 434, 256, 438, 439, 262, 257, 440, 441, 324, 266, 325, 442, 443, 265, 267, 209, 446, 447, 243, 450, 451, 452, 453, 115, 456, 457, 458, 459, 460, 461, 363, 221, 220, 462, 463, 464, 465, 466, 467, 470, 471, 474, 475, 478, 479, 268, 269, 403, 369, 216, 345, 317, 481, 480, 454, 468, 483, 482, 472, 485, 484, 339, 487, 489, 491, 493, 495, 494, 492, 490, 488, 486, 203]
  列生成求解结果: 目标值=9.0000， 下界=9.0000， 上界=10.0000
    非整数变量: COL_13-22-7-9_746 = 0.400000
  解不是整数，开始分支...
ImposedVertex(vertex=9)
ForbidVertex(vertex=9)
  创建了 2 个分支
    添加分支节点 1: ID=496
    添加分支节点 2: ID=497

处理节点 496
  开始列生成求解...
Set parameter LogToConsole to value 0
Set parameter Threads to value 1
Set parameter Seed to value 0
  定价策略: Exact, node=496, vertices=13
Set parameter PoolSearchMode to value 2
Set parameter PoolSolutions to value 10
[CG 1] RMP=2010.000000, pricing=ExactPricingSolver, new_columns=10
[CG 2] RMP=12.000000, pricing=ExactPricingSolver, new_columns=10
[CG 3] RMP=12.000000, pricing=ExactPricingSolver, new_columns=10
[CG 4] RMP=9.000000, pricing=ExactPricingSolver, new_columns=0
  搜索路径: [1, 2, 3, 6, 7, 10, 12, 13, 11, 18, 19, 22, 23, 20, 21, 30, 31, 28, 29, 36, 37, 39, 38, 44, 45, 48, 49, 26, 27, 58, 59, 60, 61, 64, 65, 70, 71, 56, 62, 57, 50, 77, 51, 79, 80, 81, 43, 63, 34, 96, 97, 100, 101, 92, 42, 76, 35, 110, 111, 113, 112, 118, 119, 124, 125, 93, 78, 132, 133, 136, 137, 94, 95, 87, 86, 16, 17, 148, 149, 146, 150, 151, 152, 153, 156, 157, 147, 160, 161, 162, 163, 165, 164, 168, 169, 172, 173, 177, 174, 175, 176, 186, 187, 188, 189, 190, 191, 192, 193, 200, 201, 154, 155, 123, 122, 197, 210, 214, 215, 211, 196, 138, 82, 139, 72, 73, 83, 85, 84, 134, 135, 166, 167, 236, 237, 159, 143, 142, 144, 235, 158, 69, 238, 239, 246, 249, 250, 251, 253, 254, 255, 252, 247, 248, 91, 274, 275, 145, 227, 280, 184, 226, 234, 281, 183, 126, 68, 289, 127, 288, 194, 232, 233, 195, 90, 306, 307, 309, 310, 311, 312, 313, 314, 315, 308, 229, 320, 321, 185, 228, 182, 285, 284, 330, 331, 334, 335, 336, 337, 213, 212, 342, 343, 240, 241, 279, 278, 346, 347, 205, 204, 105, 104, 341, 353, 356, 357, 358, 362, 364, 365, 367, 366, 352, 225, 287, 340, 370, 371, 372, 373, 318, 54, 130, 55, 374, 375, 376, 377, 378, 379, 380, 381, 385, 382, 386, 387, 383, 384, 388, 389, 305, 319, 304, 390, 391, 392, 393, 359, 296, 291, 292, 394, 395, 396, 397, 290, 286, 297, 293, 181, 180, 398, 399, 400, 401, 404, 405, 406, 407, 408, 409, 410, 411, 264, 224, 412, 413, 131, 208, 418, 419, 420, 421, 422, 423, 428, 429, 114, 242, 263, 432, 433, 435, 436, 437, 434, 256, 438, 439, 262, 257, 440, 441, 324, 266, 325, 442, 443, 265, 267, 209, 446, 447, 243, 450, 451, 452, 453, 115, 456, 457, 458, 459, 460, 461, 363, 221, 220, 462, 463, 464, 465, 466, 467, 470, 471, 474, 475, 478, 479, 268, 269, 403, 369, 216, 345, 317, 481, 480, 454, 468, 483, 482, 472, 485, 484, 339, 487, 489, 491, 493, 495, 494, 492, 490, 488, 486, 203, 496]
  列生成求解结果: 目标值=9.0000， 下界=9.0000， 上界=10.0000
    非整数变量: COL_13-22-7-9_746 = 0.500000
  解不是整数，开始分支...
ImposedVertex(vertex=3)
ForbidVertex(vertex=3)
  创建了 2 个分支
    添加分支节点 1: ID=498
    添加分支节点 2: ID=499
  进度: 已处理 380 个节点, 剩余 97 个, 当前最优 10.0000, 当前列数: 2646

处理节点 497
  开始列生成求解...
Set parameter LogToConsole to value 0
Set parameter Threads to value 1
Set parameter Seed to value 0
  定价策略: Exact, node=497, vertices=13
Set parameter PoolSearchMode to value 2
Set parameter PoolSolutions to value 10
[CG 1] RMP=11.000000, pricing=ExactPricingSolver, new_columns=0
  搜索路径: [1, 2, 3, 6, 7, 10, 12, 13, 11, 18, 19, 22, 23, 20, 21, 30, 31, 28, 29, 36, 37, 39, 38, 44, 45, 48, 49, 26, 27, 58, 59, 60, 61, 64, 65, 70, 71, 56, 62, 57, 50, 77, 51, 79, 80, 81, 43, 63, 34, 96, 97, 100, 101, 92, 42, 76, 35, 110, 111, 113, 112, 118, 119, 124, 125, 93, 78, 132, 133, 136, 137, 94, 95, 87, 86, 16, 17, 148, 149, 146, 150, 151, 152, 153, 156, 157, 147, 160, 161, 162, 163, 165, 164, 168, 169, 172, 173, 177, 174, 175, 176, 186, 187, 188, 189, 190, 191, 192, 193, 200, 201, 154, 155, 123, 122, 197, 210, 214, 215, 211, 196, 138, 82, 139, 72, 73, 83, 85, 84, 134, 135, 166, 167, 236, 237, 159, 143, 142, 144, 235, 158, 69, 238, 239, 246, 249, 250, 251, 253, 254, 255, 252, 247, 248, 91, 274, 275, 145, 227, 280, 184, 226, 234, 281, 183, 126, 68, 289, 127, 288, 194, 232, 233, 195, 90, 306, 307, 309, 310, 311, 312, 313, 314, 315, 308, 229, 320, 321, 185, 228, 182, 285, 284, 330, 331, 334, 335, 336, 337, 213, 212, 342, 343, 240, 241, 279, 278, 346, 347, 205, 204, 105, 104, 341, 353, 356, 357, 358, 362, 364, 365, 367, 366, 352, 225, 287, 340, 370, 371, 372, 373, 318, 54, 130, 55, 374, 375, 376, 377, 378, 379, 380, 381, 385, 382, 386, 387, 383, 384, 388, 389, 305, 319, 304, 390, 391, 392, 393, 359, 296, 291, 292, 394, 395, 396, 397, 290, 286, 297, 293, 181, 180, 398, 399, 400, 401, 404, 405, 406, 407, 408, 409, 410, 411, 264, 224, 412, 413, 131, 208, 418, 419, 420, 421, 422, 423, 428, 429, 114, 242, 263, 432, 433, 435, 436, 437, 434, 256, 438, 439, 262, 257, 440, 441, 324, 266, 325, 442, 443, 265, 267, 209, 446, 447, 243, 450, 451, 452, 453, 115, 456, 457, 458, 459, 460, 461, 363, 221, 220, 462, 463, 464, 465, 466, 467, 470, 471, 474, 475, 478, 479, 268, 269, 403, 369, 216, 345, 317, 481, 480, 454, 468, 483, 482, 472, 485, 484, 339, 487, 489, 491, 493, 495, 494, 492, 490, 488, 486, 203, 496, 497]
  列生成求解结果: 目标值=11.0000， 下界=9.0000， 上界=10.0000

处理节点 74
  开始列生成求解...
Set parameter LogToConsole to value 0
Set parameter Threads to value 1
Set parameter Seed to value 0
  定价策略: Exact, node=74, vertices=18
Set parameter PoolSearchMode to value 2
Set parameter PoolSolutions to value 10
[CG 1] RMP=10.000000, pricing=ExactPricingSolver, new_columns=0
  搜索路径: [1, 2, 3, 6, 7, 10, 12, 13, 11, 18, 19, 22, 23, 20, 21, 30, 31, 28, 29, 36, 37, 39, 38, 44, 45, 48, 49, 26, 27, 58, 59, 60, 61, 64, 65, 70, 71, 56, 62, 57, 50, 77, 51, 79, 80, 81, 43, 63, 34, 96, 97, 100, 101, 92, 42, 76, 35, 110, 111, 113, 112, 118, 119, 124, 125, 93, 78, 132, 133, 136, 137, 94, 95, 87, 86, 16, 17, 148, 149, 146, 150, 151, 152, 153, 156, 157, 147, 160, 161, 162, 163, 165, 164, 168, 169, 172, 173, 177, 174, 175, 176, 186, 187, 188, 189, 190, 191, 192, 193, 200, 201, 154, 155, 123, 122, 197, 210, 214, 215, 211, 196, 138, 82, 139, 72, 73, 83, 85, 84, 134, 135, 166, 167, 236, 237, 159, 143, 142, 144, 235, 158, 69, 238, 239, 246, 249, 250, 251, 253, 254, 255, 252, 247, 248, 91, 274, 275, 145, 227, 280, 184, 226, 234, 281, 183, 126, 68, 289, 127, 288, 194, 232, 233, 195, 90, 306, 307, 309, 310, 311, 312, 313, 314, 315, 308, 229, 320, 321, 185, 228, 182, 285, 284, 330, 331, 334, 335, 336, 337, 213, 212, 342, 343, 240, 241, 279, 278, 346, 347, 205, 204, 105, 104, 341, 353, 356, 357, 358, 362, 364, 365, 367, 366, 352, 225, 287, 340, 370, 371, 372, 373, 318, 54, 130, 55, 374, 375, 376, 377, 378, 379, 380, 381, 385, 382, 386, 387, 383, 384, 388, 389, 305, 319, 304, 390, 391, 392, 393, 359, 296, 291, 292, 394, 395, 396, 397, 290, 286, 297, 293, 181, 180, 398, 399, 400, 401, 404, 405, 406, 407, 408, 409, 410, 411, 264, 224, 412, 413, 131, 208, 418, 419, 420, 421, 422, 423, 428, 429, 114, 242, 263, 432, 433, 435, 436, 437, 434, 256, 438, 439, 262, 257, 440, 441, 324, 266, 325, 442, 443, 265, 267, 209, 446, 447, 243, 450, 451, 452, 453, 115, 456, 457, 458, 459, 460, 461, 363, 221, 220, 462, 463, 464, 465, 466, 467, 470, 471, 474, 475, 478, 479, 268, 269, 403, 369, 216, 345, 317, 481, 480, 454, 468, 483, 482, 472, 485, 484, 339, 487, 489, 491, 493, 495, 494, 492, 490, 488, 486, 203, 496, 497, 74]
  列生成求解结果: 目标值=10.0000， 下界=9.0000， 上界=10.0000

处理节点 179
  开始列生成求解...
Set parameter LogToConsole to value 0
Set parameter Threads to value 1
Set parameter Seed to value 0
  定价策略: Exact, node=179, vertices=17
Set parameter PoolSearchMode to value 2
Set parameter PoolSolutions to value 10
[CG 1] RMP=9.000000, pricing=ExactPricingSolver, new_columns=10
[CG 2] RMP=9.000000, pricing=ExactPricingSolver, new_columns=10
[CG 3] RMP=9.000000, pricing=ExactPricingSolver, new_columns=0
  搜索路径: [1, 2, 3, 6, 7, 10, 12, 13, 11, 18, 19, 22, 23, 20, 21, 30, 31, 28, 29, 36, 37, 39, 38, 44, 45, 48, 49, 26, 27, 58, 59, 60, 61, 64, 65, 70, 71, 56, 62, 57, 50, 77, 51, 79, 80, 81, 43, 63, 34, 96, 97, 100, 101, 92, 42, 76, 35, 110, 111, 113, 112, 118, 119, 124, 125, 93, 78, 132, 133, 136, 137, 94, 95, 87, 86, 16, 17, 148, 149, 146, 150, 151, 152, 153, 156, 157, 147, 160, 161, 162, 163, 165, 164, 168, 169, 172, 173, 177, 174, 175, 176, 186, 187, 188, 189, 190, 191, 192, 193, 200, 201, 154, 155, 123, 122, 197, 210, 214, 215, 211, 196, 138, 82, 139, 72, 73, 83, 85, 84, 134, 135, 166, 167, 236, 237, 159, 143, 142, 144, 235, 158, 69, 238, 239, 246, 249, 250, 251, 253, 254, 255, 252, 247, 248, 91, 274, 275, 145, 227, 280, 184, 226, 234, 281, 183, 126, 68, 289, 127, 288, 194, 232, 233, 195, 90, 306, 307, 309, 310, 311, 312, 313, 314, 315, 308, 229, 320, 321, 185, 228, 182, 285, 284, 330, 331, 334, 335, 336, 337, 213, 212, 342, 343, 240, 241, 279, 278, 346, 347, 205, 204, 105, 104, 341, 353, 356, 357, 358, 362, 364, 365, 367, 366, 352, 225, 287, 340, 370, 371, 372, 373, 318, 54, 130, 55, 374, 375, 376, 377, 378, 379, 380, 381, 385, 382, 386, 387, 383, 384, 388, 389, 305, 319, 304, 390, 391, 392, 393, 359, 296, 291, 292, 394, 395, 396, 397, 290, 286, 297, 293, 181, 180, 398, 399, 400, 401, 404, 405, 406, 407, 408, 409, 410, 411, 264, 224, 412, 413, 131, 208, 418, 419, 420, 421, 422, 423, 428, 429, 114, 242, 263, 432, 433, 435, 436, 437, 434, 256, 438, 439, 262, 257, 440, 441, 324, 266, 325, 442, 443, 265, 267, 209, 446, 447, 243, 450, 451, 452, 453, 115, 456, 457, 458, 459, 460, 461, 363, 221, 220, 462, 463, 464, 465, 466, 467, 470, 471, 474, 475, 478, 479, 268, 269, 403, 369, 216, 345, 317, 481, 480, 454, 468, 483, 482, 472, 485, 484, 339, 487, 489, 491, 493, 495, 494, 492, 490, 488, 486, 203, 496, 497, 74, 179]
  列生成求解结果: 目标值=9.0000， 下界=9.0000， 上界=10.0000
    非整数变量: COL_14-16-21-4-7-9_701 = 0.900000
  解不是整数，开始分支...
ImposedVertex(vertex=7)
ForbidVertex(vertex=7)
  创建了 2 个分支
    添加分支节点 1: ID=500
    添加分支节点 2: ID=501

处理节点 322
  开始列生成求解...
Set parameter LogToConsole to value 0
Set parameter Threads to value 1
Set parameter Seed to value 0
  定价策略: Exact, node=322, vertices=16
Set parameter PoolSearchMode to value 2
Set parameter PoolSolutions to value 10
[CG 1] RMP=9.000000, pricing=ExactPricingSolver, new_columns=0
  搜索路径: [1, 2, 3, 6, 7, 10, 12, 13, 11, 18, 19, 22, 23, 20, 21, 30, 31, 28, 29, 36, 37, 39, 38, 44, 45, 48, 49, 26, 27, 58, 59, 60, 61, 64, 65, 70, 71, 56, 62, 57, 50, 77, 51, 79, 80, 81, 43, 63, 34, 96, 97, 100, 101, 92, 42, 76, 35, 110, 111, 113, 112, 118, 119, 124, 125, 93, 78, 132, 133, 136, 137, 94, 95, 87, 86, 16, 17, 148, 149, 146, 150, 151, 152, 153, 156, 157, 147, 160, 161, 162, 163, 165, 164, 168, 169, 172, 173, 177, 174, 175, 176, 186, 187, 188, 189, 190, 191, 192, 193, 200, 201, 154, 155, 123, 122, 197, 210, 214, 215, 211, 196, 138, 82, 139, 72, 73, 83, 85, 84, 134, 135, 166, 167, 236, 237, 159, 143, 142, 144, 235, 158, 69, 238, 239, 246, 249, 250, 251, 253, 254, 255, 252, 247, 248, 91, 274, 275, 145, 227, 280, 184, 226, 234, 281, 183, 126, 68, 289, 127, 288, 194, 232, 233, 195, 90, 306, 307, 309, 310, 311, 312, 313, 314, 315, 308, 229, 320, 321, 185, 228, 182, 285, 284, 330, 331, 334, 335, 336, 337, 213, 212, 342, 343, 240, 241, 279, 278, 346, 347, 205, 204, 105, 104, 341, 353, 356, 357, 358, 362, 364, 365, 367, 366, 352, 225, 287, 340, 370, 371, 372, 373, 318, 54, 130, 55, 374, 375, 376, 377, 378, 379, 380, 381, 385, 382, 386, 387, 383, 384, 388, 389, 305, 319, 304, 390, 391, 392, 393, 359, 296, 291, 292, 394, 395, 396, 397, 290, 286, 297, 293, 181, 180, 398, 399, 400, 401, 404, 405, 406, 407, 408, 409, 410, 411, 264, 224, 412, 413, 131, 208, 418, 419, 420, 421, 422, 423, 428, 429, 114, 242, 263, 432, 433, 435, 436, 437, 434, 256, 438, 439, 262, 257, 440, 441, 324, 266, 325, 442, 443, 265, 267, 209, 446, 447, 243, 450, 451, 452, 453, 115, 456, 457, 458, 459, 460, 461, 363, 221, 220, 462, 463, 464, 465, 466, 467, 470, 471, 474, 475, 478, 479, 268, 269, 403, 369, 216, 345, 317, 481, 480, 454, 468, 483, 482, 472, 485, 484, 339, 487, 489, 491, 493, 495, 494, 492, 490, 488, 486, 203, 496, 497, 74, 179, 322]
  列生成求解结果: 目标值=9.0000， 下界=9.0000， 上界=10.0000
    非整数变量: COL_18-23-9_27 = 0.636364
  解不是整数，开始分支...
ImposedVertex(vertex=9)
ForbidVertex(vertex=9)
  创建了 2 个分支
    添加分支节点 1: ID=502
    添加分支节点 2: ID=503

处理节点 223
  开始列生成求解...
Set parameter LogToConsole to value 0
Set parameter Threads to value 1
Set parameter Seed to value 0
  定价策略: Exact, node=223, vertices=17
Set parameter PoolSearchMode to value 2
Set parameter PoolSolutions to value 10
[CG 1] RMP=10.000000, pricing=ExactPricingSolver, new_columns=10
[CG 2] RMP=10.000000, pricing=ExactPricingSolver, new_columns=10
[CG 3] RMP=9.000000, pricing=ExactPricingSolver, new_columns=0
  搜索路径: [1, 2, 3, 6, 7, 10, 12, 13, 11, 18, 19, 22, 23, 20, 21, 30, 31, 28, 29, 36, 37, 39, 38, 44, 45, 48, 49, 26, 27, 58, 59, 60, 61, 64, 65, 70, 71, 56, 62, 57, 50, 77, 51, 79, 80, 81, 43, 63, 34, 96, 97, 100, 101, 92, 42, 76, 35, 110, 111, 113, 112, 118, 119, 124, 125, 93, 78, 132, 133, 136, 137, 94, 95, 87, 86, 16, 17, 148, 149, 146, 150, 151, 152, 153, 156, 157, 147, 160, 161, 162, 163, 165, 164, 168, 169, 172, 173, 177, 174, 175, 176, 186, 187, 188, 189, 190, 191, 192, 193, 200, 201, 154, 155, 123, 122, 197, 210, 214, 215, 211, 196, 138, 82, 139, 72, 73, 83, 85, 84, 134, 135, 166, 167, 236, 237, 159, 143, 142, 144, 235, 158, 69, 238, 239, 246, 249, 250, 251, 253, 254, 255, 252, 247, 248, 91, 274, 275, 145, 227, 280, 184, 226, 234, 281, 183, 126, 68, 289, 127, 288, 194, 232, 233, 195, 90, 306, 307, 309, 310, 311, 312, 313, 314, 315, 308, 229, 320, 321, 185, 228, 182, 285, 284, 330, 331, 334, 335, 336, 337, 213, 212, 342, 343, 240, 241, 279, 278, 346, 347, 205, 204, 105, 104, 341, 353, 356, 357, 358, 362, 364, 365, 367, 366, 352, 225, 287, 340, 370, 371, 372, 373, 318, 54, 130, 55, 374, 375, 376, 377, 378, 379, 380, 381, 385, 382, 386, 387, 383, 384, 388, 389, 305, 319, 304, 390, 391, 392, 393, 359, 296, 291, 292, 394, 395, 396, 397, 290, 286, 297, 293, 181, 180, 398, 399, 400, 401, 404, 405, 406, 407, 408, 409, 410, 411, 264, 224, 412, 413, 131, 208, 418, 419, 420, 421, 422, 423, 428, 429, 114, 242, 263, 432, 433, 435, 436, 437, 434, 256, 438, 439, 262, 257, 440, 441, 324, 266, 325, 442, 443, 265, 267, 209, 446, 447, 243, 450, 451, 452, 453, 115, 456, 457, 458, 459, 460, 461, 363, 221, 220, 462, 463, 464, 465, 466, 467, 470, 471, 474, 475, 478, 479, 268, 269, 403, 369, 216, 345, 317, 481, 480, 454, 468, 483, 482, 472, 485, 484, 339, 487, 489, 491, 493, 495, 494, 492, 490, 488, 486, 203, 496, 497, 74, 179, 322, 223]
  列生成求解结果: 目标值=9.0000， 下界=9.0000， 上界=10.0000
    非整数变量: COL_11-15-2-22-26-4-7-9_274 = 0.900000
  解不是整数，开始分支...
ImposedVertex(vertex=26)
ForbidVertex(vertex=26)
  创建了 2 个分支
    添加分支节点 1: ID=504
    添加分支节点 2: ID=505

处理节点 499
  开始列生成求解...
Set parameter LogToConsole to value 0
Set parameter Threads to value 1
Set parameter Seed to value 0
  定价策略: Exact, node=499, vertices=12
Set parameter PoolSearchMode to value 2
Set parameter PoolSolutions to value 10
[CG 1] RMP=11.000000, pricing=ExactPricingSolver, new_columns=10
[CG 2] RMP=9.000000, pricing=ExactPricingSolver, new_columns=0
  搜索路径: [1, 2, 3, 6, 7, 10, 12, 13, 11, 18, 19, 22, 23, 20, 21, 30, 31, 28, 29, 36, 37, 39, 38, 44, 45, 48, 49, 26, 27, 58, 59, 60, 61, 64, 65, 70, 71, 56, 62, 57, 50, 77, 51, 79, 80, 81, 43, 63, 34, 96, 97, 100, 101, 92, 42, 76, 35, 110, 111, 113, 112, 118, 119, 124, 125, 93, 78, 132, 133, 136, 137, 94, 95, 87, 86, 16, 17, 148, 149, 146, 150, 151, 152, 153, 156, 157, 147, 160, 161, 162, 163, 165, 164, 168, 169, 172, 173, 177, 174, 175, 176, 186, 187, 188, 189, 190, 191, 192, 193, 200, 201, 154, 155, 123, 122, 197, 210, 214, 215, 211, 196, 138, 82, 139, 72, 73, 83, 85, 84, 134, 135, 166, 167, 236, 237, 159, 143, 142, 144, 235, 158, 69, 238, 239, 246, 249, 250, 251, 253, 254, 255, 252, 247, 248, 91, 274, 275, 145, 227, 280, 184, 226, 234, 281, 183, 126, 68, 289, 127, 288, 194, 232, 233, 195, 90, 306, 307, 309, 310, 311, 312, 313, 314, 315, 308, 229, 320, 321, 185, 228, 182, 285, 284, 330, 331, 334, 335, 336, 337, 213, 212, 342, 343, 240, 241, 279, 278, 346, 347, 205, 204, 105, 104, 341, 353, 356, 357, 358, 362, 364, 365, 367, 366, 352, 225, 287, 340, 370, 371, 372, 373, 318, 54, 130, 55, 374, 375, 376, 377, 378, 379, 380, 381, 385, 382, 386, 387, 383, 384, 388, 389, 305, 319, 304, 390, 391, 392, 393, 359, 296, 291, 292, 394, 395, 396, 397, 290, 286, 297, 293, 181, 180, 398, 399, 400, 401, 404, 405, 406, 407, 408, 409, 410, 411, 264, 224, 412, 413, 131, 208, 418, 419, 420, 421, 422, 423, 428, 429, 114, 242, 263, 432, 433, 435, 436, 437, 434, 256, 438, 439, 262, 257, 440, 441, 324, 266, 325, 442, 443, 265, 267, 209, 446, 447, 243, 450, 451, 452, 453, 115, 456, 457, 458, 459, 460, 461, 363, 221, 220, 462, 463, 464, 465, 466, 467, 470, 471, 474, 475, 478, 479, 268, 269, 403, 369, 216, 345, 317, 481, 480, 454, 468, 483, 482, 472, 485, 484, 339, 487, 489, 491, 493, 495, 494, 492, 490, 488, 486, 203, 496, 497, 74, 179, 322, 223, 499]
  列生成求解结果: 目标值=9.0000， 下界=9.0000， 上界=10.0000
    非整数变量: COL_19-2-21-4_2597 = 0.333333
  解不是整数，开始分支...
ImposedVertex(vertex=27)
ForbidVertex(vertex=27)
  创建了 2 个分支
    添加分支节点 1: ID=506
    添加分支节点 2: ID=507

处理节点 498
  开始列生成求解...
Set parameter LogToConsole to value 0
Set parameter Threads to value 1
Set parameter Seed to value 0
  定价策略: Exact, node=498, vertices=12
Set parameter PoolSearchMode to value 2
Set parameter PoolSolutions to value 10
[CG 1] RMP=12.000000, pricing=ExactPricingSolver, new_columns=0
  搜索路径: [1, 2, 3, 6, 7, 10, 12, 13, 11, 18, 19, 22, 23, 20, 21, 30, 31, 28, 29, 36, 37, 39, 38, 44, 45, 48, 49, 26, 27, 58, 59, 60, 61, 64, 65, 70, 71, 56, 62, 57, 50, 77, 51, 79, 80, 81, 43, 63, 34, 96, 97, 100, 101, 92, 42, 76, 35, 110, 111, 113, 112, 118, 119, 124, 125, 93, 78, 132, 133, 136, 137, 94, 95, 87, 86, 16, 17, 148, 149, 146, 150, 151, 152, 153, 156, 157, 147, 160, 161, 162, 163, 165, 164, 168, 169, 172, 173, 177, 174, 175, 176, 186, 187, 188, 189, 190, 191, 192, 193, 200, 201, 154, 155, 123, 122, 197, 210, 214, 215, 211, 196, 138, 82, 139, 72, 73, 83, 85, 84, 134, 135, 166, 167, 236, 237, 159, 143, 142, 144, 235, 158, 69, 238, 239, 246, 249, 250, 251, 253, 254, 255, 252, 247, 248, 91, 274, 275, 145, 227, 280, 184, 226, 234, 281, 183, 126, 68, 289, 127, 288, 194, 232, 233, 195, 90, 306, 307, 309, 310, 311, 312, 313, 314, 315, 308, 229, 320, 321, 185, 228, 182, 285, 284, 330, 331, 334, 335, 336, 337, 213, 212, 342, 343, 240, 241, 279, 278, 346, 347, 205, 204, 105, 104, 341, 353, 356, 357, 358, 362, 364, 365, 367, 366, 352, 225, 287, 340, 370, 371, 372, 373, 318, 54, 130, 55, 374, 375, 376, 377, 378, 379, 380, 381, 385, 382, 386, 387, 383, 384, 388, 389, 305, 319, 304, 390, 391, 392, 393, 359, 296, 291, 292, 394, 395, 396, 397, 290, 286, 297, 293, 181, 180, 398, 399, 400, 401, 404, 405, 406, 407, 408, 409, 410, 411, 264, 224, 412, 413, 131, 208, 418, 419, 420, 421, 422, 423, 428, 429, 114, 242, 263, 432, 433, 435, 436, 437, 434, 256, 438, 439, 262, 257, 440, 441, 324, 266, 325, 442, 443, 265, 267, 209, 446, 447, 243, 450, 451, 452, 453, 115, 456, 457, 458, 459, 460, 461, 363, 221, 220, 462, 463, 464, 465, 466, 467, 470, 471, 474, 475, 478, 479, 268, 269, 403, 369, 216, 345, 317, 481, 480, 454, 468, 483, 482, 472, 485, 484, 339, 487, 489, 491, 493, 495, 494, 492, 490, 488, 486, 203, 496, 497, 74, 179, 322, 223, 499, 498]
  列生成求解结果: 目标值=12.0000， 下界=9.0000， 上界=10.0000

处理节点 431
  开始列生成求解...
Set parameter LogToConsole to value 0
Set parameter Threads to value 1
Set parameter Seed to value 0
  定价策略: Exact, node=431, vertices=16
Set parameter PoolSearchMode to value 2
Set parameter PoolSolutions to value 10
[CG 1] RMP=12.705882, pricing=ExactPricingSolver, new_columns=10
[CG 2] RMP=11.000000, pricing=ExactPricingSolver, new_columns=0
  搜索路径: [1, 2, 3, 6, 7, 10, 12, 13, 11, 18, 19, 22, 23, 20, 21, 30, 31, 28, 29, 36, 37, 39, 38, 44, 45, 48, 49, 26, 27, 58, 59, 60, 61, 64, 65, 70, 71, 56, 62, 57, 50, 77, 51, 79, 80, 81, 43, 63, 34, 96, 97, 100, 101, 92, 42, 76, 35, 110, 111, 113, 112, 118, 119, 124, 125, 93, 78, 132, 133, 136, 137, 94, 95, 87, 86, 16, 17, 148, 149, 146, 150, 151, 152, 153, 156, 157, 147, 160, 161, 162, 163, 165, 164, 168, 169, 172, 173, 177, 174, 175, 176, 186, 187, 188, 189, 190, 191, 192, 193, 200, 201, 154, 155, 123, 122, 197, 210, 214, 215, 211, 196, 138, 82, 139, 72, 73, 83, 85, 84, 134, 135, 166, 167, 236, 237, 159, 143, 142, 144, 235, 158, 69, 238, 239, 246, 249, 250, 251, 253, 254, 255, 252, 247, 248, 91, 274, 275, 145, 227, 280, 184, 226, 234, 281, 183, 126, 68, 289, 127, 288, 194, 232, 233, 195, 90, 306, 307, 309, 310, 311, 312, 313, 314, 315, 308, 229, 320, 321, 185, 228, 182, 285, 284, 330, 331, 334, 335, 336, 337, 213, 212, 342, 343, 240, 241, 279, 278, 346, 347, 205, 204, 105, 104, 341, 353, 356, 357, 358, 362, 364, 365, 367, 366, 352, 225, 287, 340, 370, 371, 372, 373, 318, 54, 130, 55, 374, 375, 376, 377, 378, 379, 380, 381, 385, 382, 386, 387, 383, 384, 388, 389, 305, 319, 304, 390, 391, 392, 393, 359, 296, 291, 292, 394, 395, 396, 397, 290, 286, 297, 293, 181, 180, 398, 399, 400, 401, 404, 405, 406, 407, 408, 409, 410, 411, 264, 224, 412, 413, 131, 208, 418, 419, 420, 421, 422, 423, 428, 429, 114, 242, 263, 432, 433, 435, 436, 437, 434, 256, 438, 439, 262, 257, 440, 441, 324, 266, 325, 442, 443, 265, 267, 209, 446, 447, 243, 450, 451, 452, 453, 115, 456, 457, 458, 459, 460, 461, 363, 221, 220, 462, 463, 464, 465, 466, 467, 470, 471, 474, 475, 478, 479, 268, 269, 403, 369, 216, 345, 317, 481, 480, 454, 468, 483, 482, 472, 485, 484, 339, 487, 489, 491, 493, 495, 494, 492, 490, 488, 486, 203, 496, 497, 74, 179, 322, 223, 499, 498, 431]
  列生成求解结果: 目标值=11.0000， 下界=9.0000， 上界=10.0000

处理节点 501
  开始列生成求解...
Set parameter LogToConsole to value 0
Set parameter Threads to value 1
Set parameter Seed to value 0
  定价策略: Exact, node=501, vertices=16
Set parameter PoolSearchMode to value 2
Set parameter PoolSolutions to value 10
[CG 1] RMP=2010.000000, pricing=ExactPricingSolver, new_columns=10
[CG 2] RMP=12.000000, pricing=ExactPricingSolver, new_columns=0
  搜索路径: [1, 2, 3, 6, 7, 10, 12, 13, 11, 18, 19, 22, 23, 20, 21, 30, 31, 28, 29, 36, 37, 39, 38, 44, 45, 48, 49, 26, 27, 58, 59, 60, 61, 64, 65, 70, 71, 56, 62, 57, 50, 77, 51, 79, 80, 81, 43, 63, 34, 96, 97, 100, 101, 92, 42, 76, 35, 110, 111, 113, 112, 118, 119, 124, 125, 93, 78, 132, 133, 136, 137, 94, 95, 87, 86, 16, 17, 148, 149, 146, 150, 151, 152, 153, 156, 157, 147, 160, 161, 162, 163, 165, 164, 168, 169, 172, 173, 177, 174, 175, 176, 186, 187, 188, 189, 190, 191, 192, 193, 200, 201, 154, 155, 123, 122, 197, 210, 214, 215, 211, 196, 138, 82, 139, 72, 73, 83, 85, 84, 134, 135, 166, 167, 236, 237, 159, 143, 142, 144, 235, 158, 69, 238, 239, 246, 249, 250, 251, 253, 254, 255, 252, 247, 248, 91, 274, 275, 145, 227, 280, 184, 226, 234, 281, 183, 126, 68, 289, 127, 288, 194, 232, 233, 195, 90, 306, 307, 309, 310, 311, 312, 313, 314, 315, 308, 229, 320, 321, 185, 228, 182, 285, 284, 330, 331, 334, 335, 336, 337, 213, 212, 342, 343, 240, 241, 279, 278, 346, 347, 205, 204, 105, 104, 341, 353, 356, 357, 358, 362, 364, 365, 367, 366, 352, 225, 287, 340, 370, 371, 372, 373, 318, 54, 130, 55, 374, 375, 376, 377, 378, 379, 380, 381, 385, 382, 386, 387, 383, 384, 388, 389, 305, 319, 304, 390, 391, 392, 393, 359, 296, 291, 292, 394, 395, 396, 397, 290, 286, 297, 293, 181, 180, 398, 399, 400, 401, 404, 405, 406, 407, 408, 409, 410, 411, 264, 224, 412, 413, 131, 208, 418, 419, 420, 421, 422, 423, 428, 429, 114, 242, 263, 432, 433, 435, 436, 437, 434, 256, 438, 439, 262, 257, 440, 441, 324, 266, 325, 442, 443, 265, 267, 209, 446, 447, 243, 450, 451, 452, 453, 115, 456, 457, 458, 459, 460, 461, 363, 221, 220, 462, 463, 464, 465, 466, 467, 470, 471, 474, 475, 478, 479, 268, 269, 403, 369, 216, 345, 317, 481, 480, 454, 468, 483, 482, 472, 485, 484, 339, 487, 489, 491, 493, 495, 494, 492, 490, 488, 486, 203, 496, 497, 74, 179, 322, 223, 499, 498, 431, 501]
  列生成求解结果: 目标值=12.0000， 下界=9.0000， 上界=10.0000

处理节点 503
  开始列生成求解...
Set parameter LogToConsole to value 0
Set parameter Threads to value 1
Set parameter Seed to value 0
  定价策略: Exact, node=503, vertices=15
Set parameter PoolSearchMode to value 2
Set parameter PoolSolutions to value 10
[CG 1] RMP=11.000000, pricing=ExactPricingSolver, new_columns=0
  搜索路径: [1, 2, 3, 6, 7, 10, 12, 13, 11, 18, 19, 22, 23, 20, 21, 30, 31, 28, 29, 36, 37, 39, 38, 44, 45, 48, 49, 26, 27, 58, 59, 60, 61, 64, 65, 70, 71, 56, 62, 57, 50, 77, 51, 79, 80, 81, 43, 63, 34, 96, 97, 100, 101, 92, 42, 76, 35, 110, 111, 113, 112, 118, 119, 124, 125, 93, 78, 132, 133, 136, 137, 94, 95, 87, 86, 16, 17, 148, 149, 146, 150, 151, 152, 153, 156, 157, 147, 160, 161, 162, 163, 165, 164, 168, 169, 172, 173, 177, 174, 175, 176, 186, 187, 188, 189, 190, 191, 192, 193, 200, 201, 154, 155, 123, 122, 197, 210, 214, 215, 211, 196, 138, 82, 139, 72, 73, 83, 85, 84, 134, 135, 166, 167, 236, 237, 159, 143, 142, 144, 235, 158, 69, 238, 239, 246, 249, 250, 251, 253, 254, 255, 252, 247, 248, 91, 274, 275, 145, 227, 280, 184, 226, 234, 281, 183, 126, 68, 289, 127, 288, 194, 232, 233, 195, 90, 306, 307, 309, 310, 311, 312, 313, 314, 315, 308, 229, 320, 321, 185, 228, 182, 285, 284, 330, 331, 334, 335, 336, 337, 213, 212, 342, 343, 240, 241, 279, 278, 346, 347, 205, 204, 105, 104, 341, 353, 356, 357, 358, 362, 364, 365, 367, 366, 352, 225, 287, 340, 370, 371, 372, 373, 318, 54, 130, 55, 374, 375, 376, 377, 378, 379, 380, 381, 385, 382, 386, 387, 383, 384, 388, 389, 305, 319, 304, 390, 391, 392, 393, 359, 296, 291, 292, 394, 395, 396, 397, 290, 286, 297, 293, 181, 180, 398, 399, 400, 401, 404, 405, 406, 407, 408, 409, 410, 411, 264, 224, 412, 413, 131, 208, 418, 419, 420, 421, 422, 423, 428, 429, 114, 242, 263, 432, 433, 435, 436, 437, 434, 256, 438, 439, 262, 257, 440, 441, 324, 266, 325, 442, 443, 265, 267, 209, 446, 447, 243, 450, 451, 452, 453, 115, 456, 457, 458, 459, 460, 461, 363, 221, 220, 462, 463, 464, 465, 466, 467, 470, 471, 474, 475, 478, 479, 268, 269, 403, 369, 216, 345, 317, 481, 480, 454, 468, 483, 482, 472, 485, 484, 339, 487, 489, 491, 493, 495, 494, 492, 490, 488, 486, 203, 496, 497, 74, 179, 322, 223, 499, 498, 431, 501, 503]
  列生成求解结果: 目标值=11.0000， 下界=9.0000， 上界=10.0000

处理节点 505
  开始列生成求解...
Set parameter LogToConsole to value 0
Set parameter Threads to value 1
Set parameter Seed to value 0
  定价策略: Exact, node=505, vertices=16
Set parameter PoolSearchMode to value 2
Set parameter PoolSolutions to value 10
[CG 1] RMP=12.000000, pricing=ExactPricingSolver, new_columns=0
  搜索路径: [1, 2, 3, 6, 7, 10, 12, 13, 11, 18, 19, 22, 23, 20, 21, 30, 31, 28, 29, 36, 37, 39, 38, 44, 45, 48, 49, 26, 27, 58, 59, 60, 61, 64, 65, 70, 71, 56, 62, 57, 50, 77, 51, 79, 80, 81, 43, 63, 34, 96, 97, 100, 101, 92, 42, 76, 35, 110, 111, 113, 112, 118, 119, 124, 125, 93, 78, 132, 133, 136, 137, 94, 95, 87, 86, 16, 17, 148, 149, 146, 150, 151, 152, 153, 156, 157, 147, 160, 161, 162, 163, 165, 164, 168, 169, 172, 173, 177, 174, 175, 176, 186, 187, 188, 189, 190, 191, 192, 193, 200, 201, 154, 155, 123, 122, 197, 210, 214, 215, 211, 196, 138, 82, 139, 72, 73, 83, 85, 84, 134, 135, 166, 167, 236, 237, 159, 143, 142, 144, 235, 158, 69, 238, 239, 246, 249, 250, 251, 253, 254, 255, 252, 247, 248, 91, 274, 275, 145, 227, 280, 184, 226, 234, 281, 183, 126, 68, 289, 127, 288, 194, 232, 233, 195, 90, 306, 307, 309, 310, 311, 312, 313, 314, 315, 308, 229, 320, 321, 185, 228, 182, 285, 284, 330, 331, 334, 335, 336, 337, 213, 212, 342, 343, 240, 241, 279, 278, 346, 347, 205, 204, 105, 104, 341, 353, 356, 357, 358, 362, 364, 365, 367, 366, 352, 225, 287, 340, 370, 371, 372, 373, 318, 54, 130, 55, 374, 375, 376, 377, 378, 379, 380, 381, 385, 382, 386, 387, 383, 384, 388, 389, 305, 319, 304, 390, 391, 392, 393, 359, 296, 291, 292, 394, 395, 396, 397, 290, 286, 297, 293, 181, 180, 398, 399, 400, 401, 404, 405, 406, 407, 408, 409, 410, 411, 264, 224, 412, 413, 131, 208, 418, 419, 420, 421, 422, 423, 428, 429, 114, 242, 263, 432, 433, 435, 436, 437, 434, 256, 438, 439, 262, 257, 440, 441, 324, 266, 325, 442, 443, 265, 267, 209, 446, 447, 243, 450, 451, 452, 453, 115, 456, 457, 458, 459, 460, 461, 363, 221, 220, 462, 463, 464, 465, 466, 467, 470, 471, 474, 475, 478, 479, 268, 269, 403, 369, 216, 345, 317, 481, 480, 454, 468, 483, 482, 472, 485, 484, 339, 487, 489, 491, 493, 495, 494, 492, 490, 488, 486, 203, 496, 497, 74, 179, 322, 223, 499, 498, 431, 501, 503, 505]
  列生成求解结果: 目标值=12.0000， 下界=9.0000， 上界=10.0000

处理节点 507
  开始列生成求解...
Set parameter LogToConsole to value 0
Set parameter Threads to value 1
Set parameter Seed to value 0
  定价策略: Exact, node=507, vertices=11
Set parameter PoolSearchMode to value 2
Set parameter PoolSolutions to value 10
[CG 1] RMP=12.000000, pricing=ExactPricingSolver, new_columns=0
  搜索路径: [1, 2, 3, 6, 7, 10, 12, 13, 11, 18, 19, 22, 23, 20, 21, 30, 31, 28, 29, 36, 37, 39, 38, 44, 45, 48, 49, 26, 27, 58, 59, 60, 61, 64, 65, 70, 71, 56, 62, 57, 50, 77, 51, 79, 80, 81, 43, 63, 34, 96, 97, 100, 101, 92, 42, 76, 35, 110, 111, 113, 112, 118, 119, 124, 125, 93, 78, 132, 133, 136, 137, 94, 95, 87, 86, 16, 17, 148, 149, 146, 150, 151, 152, 153, 156, 157, 147, 160, 161, 162, 163, 165, 164, 168, 169, 172, 173, 177, 174, 175, 176, 186, 187, 188, 189, 190, 191, 192, 193, 200, 201, 154, 155, 123, 122, 197, 210, 214, 215, 211, 196, 138, 82, 139, 72, 73, 83, 85, 84, 134, 135, 166, 167, 236, 237, 159, 143, 142, 144, 235, 158, 69, 238, 239, 246, 249, 250, 251, 253, 254, 255, 252, 247, 248, 91, 274, 275, 145, 227, 280, 184, 226, 234, 281, 183, 126, 68, 289, 127, 288, 194, 232, 233, 195, 90, 306, 307, 309, 310, 311, 312, 313, 314, 315, 308, 229, 320, 321, 185, 228, 182, 285, 284, 330, 331, 334, 335, 336, 337, 213, 212, 342, 343, 240, 241, 279, 278, 346, 347, 205, 204, 105, 104, 341, 353, 356, 357, 358, 362, 364, 365, 367, 366, 352, 225, 287, 340, 370, 371, 372, 373, 318, 54, 130, 55, 374, 375, 376, 377, 378, 379, 380, 381, 385, 382, 386, 387, 383, 384, 388, 389, 305, 319, 304, 390, 391, 392, 393, 359, 296, 291, 292, 394, 395, 396, 397, 290, 286, 297, 293, 181, 180, 398, 399, 400, 401, 404, 405, 406, 407, 408, 409, 410, 411, 264, 224, 412, 413, 131, 208, 418, 419, 420, 421, 422, 423, 428, 429, 114, 242, 263, 432, 433, 435, 436, 437, 434, 256, 438, 439, 262, 257, 440, 441, 324, 266, 325, 442, 443, 265, 267, 209, 446, 447, 243, 450, 451, 452, 453, 115, 456, 457, 458, 459, 460, 461, 363, 221, 220, 462, 463, 464, 465, 466, 467, 470, 471, 474, 475, 478, 479, 268, 269, 403, 369, 216, 345, 317, 481, 480, 454, 468, 483, 482, 472, 485, 484, 339, 487, 489, 491, 493, 495, 494, 492, 490, 488, 486, 203, 496, 497, 74, 179, 322, 223, 499, 498, 431, 501, 503, 505, 507]
  列生成求解结果: 目标值=12.0000， 下界=9.0000， 上界=10.0000

处理节点 506
  开始列生成求解...
Set parameter LogToConsole to value 0
Set parameter Threads to value 1
Set parameter Seed to value 0
  定价策略: Exact, node=506, vertices=11
Set parameter PoolSearchMode to value 2
Set parameter PoolSolutions to value 10
[CG 1] RMP=11.000000, pricing=ExactPricingSolver, new_columns=0
  搜索路径: [1, 2, 3, 6, 7, 10, 12, 13, 11, 18, 19, 22, 23, 20, 21, 30, 31, 28, 29, 36, 37, 39, 38, 44, 45, 48, 49, 26, 27, 58, 59, 60, 61, 64, 65, 70, 71, 56, 62, 57, 50, 77, 51, 79, 80, 81, 43, 63, 34, 96, 97, 100, 101, 92, 42, 76, 35, 110, 111, 113, 112, 118, 119, 124, 125, 93, 78, 132, 133, 136, 137, 94, 95, 87, 86, 16, 17, 148, 149, 146, 150, 151, 152, 153, 156, 157, 147, 160, 161, 162, 163, 165, 164, 168, 169, 172, 173, 177, 174, 175, 176, 186, 187, 188, 189, 190, 191, 192, 193, 200, 201, 154, 155, 123, 122, 197, 210, 214, 215, 211, 196, 138, 82, 139, 72, 73, 83, 85, 84, 134, 135, 166, 167, 236, 237, 159, 143, 142, 144, 235, 158, 69, 238, 239, 246, 249, 250, 251, 253, 254, 255, 252, 247, 248, 91, 274, 275, 145, 227, 280, 184, 226, 234, 281, 183, 126, 68, 289, 127, 288, 194, 232, 233, 195, 90, 306, 307, 309, 310, 311, 312, 313, 314, 315, 308, 229, 320, 321, 185, 228, 182, 285, 284, 330, 331, 334, 335, 336, 337, 213, 212, 342, 343, 240, 241, 279, 278, 346, 347, 205, 204, 105, 104, 341, 353, 356, 357, 358, 362, 364, 365, 367, 366, 352, 225, 287, 340, 370, 371, 372, 373, 318, 54, 130, 55, 374, 375, 376, 377, 378, 379, 380, 381, 385, 382, 386, 387, 383, 384, 388, 389, 305, 319, 304, 390, 391, 392, 393, 359, 296, 291, 292, 394, 395, 396, 397, 290, 286, 297, 293, 181, 180, 398, 399, 400, 401, 404, 405, 406, 407, 408, 409, 410, 411, 264, 224, 412, 413, 131, 208, 418, 419, 420, 421, 422, 423, 428, 429, 114, 242, 263, 432, 433, 435, 436, 437, 434, 256, 438, 439, 262, 257, 440, 441, 324, 266, 325, 442, 443, 265, 267, 209, 446, 447, 243, 450, 451, 452, 453, 115, 456, 457, 458, 459, 460, 461, 363, 221, 220, 462, 463, 464, 465, 466, 467, 470, 471, 474, 475, 478, 479, 268, 269, 403, 369, 216, 345, 317, 481, 480, 454, 468, 483, 482, 472, 485, 484, 339, 487, 489, 491, 493, 495, 494, 492, 490, 488, 486, 203, 496, 497, 74, 179, 322, 223, 499, 498, 431, 501, 503, 505, 507, 506]
  列生成求解结果: 目标值=11.0000， 下界=9.0000， 上界=10.0000

处理节点 504
  开始列生成求解...
Set parameter LogToConsole to value 0
Set parameter Threads to value 1
Set parameter Seed to value 0
  定价策略: Exact, node=504, vertices=16
Set parameter PoolSearchMode to value 2
Set parameter PoolSolutions to value 10
[CG 1] RMP=10.000000, pricing=ExactPricingSolver, new_columns=0
  搜索路径: [1, 2, 3, 6, 7, 10, 12, 13, 11, 18, 19, 22, 23, 20, 21, 30, 31, 28, 29, 36, 37, 39, 38, 44, 45, 48, 49, 26, 27, 58, 59, 60, 61, 64, 65, 70, 71, 56, 62, 57, 50, 77, 51, 79, 80, 81, 43, 63, 34, 96, 97, 100, 101, 92, 42, 76, 35, 110, 111, 113, 112, 118, 119, 124, 125, 93, 78, 132, 133, 136, 137, 94, 95, 87, 86, 16, 17, 148, 149, 146, 150, 151, 152, 153, 156, 157, 147, 160, 161, 162, 163, 165, 164, 168, 169, 172, 173, 177, 174, 175, 176, 186, 187, 188, 189, 190, 191, 192, 193, 200, 201, 154, 155, 123, 122, 197, 210, 214, 215, 211, 196, 138, 82, 139, 72, 73, 83, 85, 84, 134, 135, 166, 167, 236, 237, 159, 143, 142, 144, 235, 158, 69, 238, 239, 246, 249, 250, 251, 253, 254, 255, 252, 247, 248, 91, 274, 275, 145, 227, 280, 184, 226, 234, 281, 183, 126, 68, 289, 127, 288, 194, 232, 233, 195, 90, 306, 307, 309, 310, 311, 312, 313, 314, 315, 308, 229, 320, 321, 185, 228, 182, 285, 284, 330, 331, 334, 335, 336, 337, 213, 212, 342, 343, 240, 241, 279, 278, 346, 347, 205, 204, 105, 104, 341, 353, 356, 357, 358, 362, 364, 365, 367, 366, 352, 225, 287, 340, 370, 371, 372, 373, 318, 54, 130, 55, 374, 375, 376, 377, 378, 379, 380, 381, 385, 382, 386, 387, 383, 384, 388, 389, 305, 319, 304, 390, 391, 392, 393, 359, 296, 291, 292, 394, 395, 396, 397, 290, 286, 297, 293, 181, 180, 398, 399, 400, 401, 404, 405, 406, 407, 408, 409, 410, 411, 264, 224, 412, 413, 131, 208, 418, 419, 420, 421, 422, 423, 428, 429, 114, 242, 263, 432, 433, 435, 436, 437, 434, 256, 438, 439, 262, 257, 440, 441, 324, 266, 325, 442, 443, 265, 267, 209, 446, 447, 243, 450, 451, 452, 453, 115, 456, 457, 458, 459, 460, 461, 363, 221, 220, 462, 463, 464, 465, 466, 467, 470, 471, 474, 475, 478, 479, 268, 269, 403, 369, 216, 345, 317, 481, 480, 454, 468, 483, 482, 472, 485, 484, 339, 487, 489, 491, 493, 495, 494, 492, 490, 488, 486, 203, 496, 497, 74, 179, 322, 223, 499, 498, 431, 501, 503, 505, 507, 506, 504]
  列生成求解结果: 目标值=10.0000， 下界=9.0000， 上界=10.0000

处理节点 502
  开始列生成求解...
Set parameter LogToConsole to value 0
Set parameter Threads to value 1
Set parameter Seed to value 0
  定价策略: Exact, node=502, vertices=15
Set parameter PoolSearchMode to value 2
Set parameter PoolSolutions to value 10
[CG 1] RMP=9.000000, pricing=ExactPricingSolver, new_columns=0
  搜索路径: [1, 2, 3, 6, 7, 10, 12, 13, 11, 18, 19, 22, 23, 20, 21, 30, 31, 28, 29, 36, 37, 39, 38, 44, 45, 48, 49, 26, 27, 58, 59, 60, 61, 64, 65, 70, 71, 56, 62, 57, 50, 77, 51, 79, 80, 81, 43, 63, 34, 96, 97, 100, 101, 92, 42, 76, 35, 110, 111, 113, 112, 118, 119, 124, 125, 93, 78, 132, 133, 136, 137, 94, 95, 87, 86, 16, 17, 148, 149, 146, 150, 151, 152, 153, 156, 157, 147, 160, 161, 162, 163, 165, 164, 168, 169, 172, 173, 177, 174, 175, 176, 186, 187, 188, 189, 190, 191, 192, 193, 200, 201, 154, 155, 123, 122, 197, 210, 214, 215, 211, 196, 138, 82, 139, 72, 73, 83, 85, 84, 134, 135, 166, 167, 236, 237, 159, 143, 142, 144, 235, 158, 69, 238, 239, 246, 249, 250, 251, 253, 254, 255, 252, 247, 248, 91, 274, 275, 145, 227, 280, 184, 226, 234, 281, 183, 126, 68, 289, 127, 288, 194, 232, 233, 195, 90, 306, 307, 309, 310, 311, 312, 313, 314, 315, 308, 229, 320, 321, 185, 228, 182, 285, 284, 330, 331, 334, 335, 336, 337, 213, 212, 342, 343, 240, 241, 279, 278, 346, 347, 205, 204, 105, 104, 341, 353, 356, 357, 358, 362, 364, 365, 367, 366, 352, 225, 287, 340, 370, 371, 372, 373, 318, 54, 130, 55, 374, 375, 376, 377, 378, 379, 380, 381, 385, 382, 386, 387, 383, 384, 388, 389, 305, 319, 304, 390, 391, 392, 393, 359, 296, 291, 292, 394, 395, 396, 397, 290, 286, 297, 293, 181, 180, 398, 399, 400, 401, 404, 405, 406, 407, 408, 409, 410, 411, 264, 224, 412, 413, 131, 208, 418, 419, 420, 421, 422, 423, 428, 429, 114, 242, 263, 432, 433, 435, 436, 437, 434, 256, 438, 439, 262, 257, 440, 441, 324, 266, 325, 442, 443, 265, 267, 209, 446, 447, 243, 450, 451, 452, 453, 115, 456, 457, 458, 459, 460, 461, 363, 221, 220, 462, 463, 464, 465, 466, 467, 470, 471, 474, 475, 478, 479, 268, 269, 403, 369, 216, 345, 317, 481, 480, 454, 468, 483, 482, 472, 485, 484, 339, 487, 489, 491, 493, 495, 494, 492, 490, 488, 486, 203, 496, 497, 74, 179, 322, 223, 499, 498, 431, 501, 503, 505, 507, 506, 504, 502]
  列生成求解结果: 目标值=9.0000， 下界=9.0000， 上界=10.0000
    非整数变量: COL_1-11-15-18-23-7-9_35 = 0.500000
  解不是整数，开始分支...
ImposedVertex(vertex=4)
ForbidVertex(vertex=4)
  创建了 2 个分支
    添加分支节点 1: ID=508
    添加分支节点 2: ID=509

处理节点 500
  开始列生成求解...
Set parameter LogToConsole to value 0
Set parameter Threads to value 1
Set parameter Seed to value 0
  定价策略: Exact, node=500, vertices=16
Set parameter PoolSearchMode to value 2
Set parameter PoolSolutions to value 10
[CG 1] RMP=9.000000, pricing=ExactPricingSolver, new_columns=0
  搜索路径: [1, 2, 3, 6, 7, 10, 12, 13, 11, 18, 19, 22, 23, 20, 21, 30, 31, 28, 29, 36, 37, 39, 38, 44, 45, 48, 49, 26, 27, 58, 59, 60, 61, 64, 65, 70, 71, 56, 62, 57, 50, 77, 51, 79, 80, 81, 43, 63, 34, 96, 97, 100, 101, 92, 42, 76, 35, 110, 111, 113, 112, 118, 119, 124, 125, 93, 78, 132, 133, 136, 137, 94, 95, 87, 86, 16, 17, 148, 149, 146, 150, 151, 152, 153, 156, 157, 147, 160, 161, 162, 163, 165, 164, 168, 169, 172, 173, 177, 174, 175, 176, 186, 187, 188, 189, 190, 191, 192, 193, 200, 201, 154, 155, 123, 122, 197, 210, 214, 215, 211, 196, 138, 82, 139, 72, 73, 83, 85, 84, 134, 135, 166, 167, 236, 237, 159, 143, 142, 144, 235, 158, 69, 238, 239, 246, 249, 250, 251, 253, 254, 255, 252, 247, 248, 91, 274, 275, 145, 227, 280, 184, 226, 234, 281, 183, 126, 68, 289, 127, 288, 194, 232, 233, 195, 90, 306, 307, 309, 310, 311, 312, 313, 314, 315, 308, 229, 320, 321, 185, 228, 182, 285, 284, 330, 331, 334, 335, 336, 337, 213, 212, 342, 343, 240, 241, 279, 278, 346, 347, 205, 204, 105, 104, 341, 353, 356, 357, 358, 362, 364, 365, 367, 366, 352, 225, 287, 340, 370, 371, 372, 373, 318, 54, 130, 55, 374, 375, 376, 377, 378, 379, 380, 381, 385, 382, 386, 387, 383, 384, 388, 389, 305, 319, 304, 390, 391, 392, 393, 359, 296, 291, 292, 394, 395, 396, 397, 290, 286, 297, 293, 181, 180, 398, 399, 400, 401, 404, 405, 406, 407, 408, 409, 410, 411, 264, 224, 412, 413, 131, 208, 418, 419, 420, 421, 422, 423, 428, 429, 114, 242, 263, 432, 433, 435, 436, 437, 434, 256, 438, 439, 262, 257, 440, 441, 324, 266, 325, 442, 443, 265, 267, 209, 446, 447, 243, 450, 451, 452, 453, 115, 456, 457, 458, 459, 460, 461, 363, 221, 220, 462, 463, 464, 465, 466, 467, 470, 471, 474, 475, 478, 479, 268, 269, 403, 369, 216, 345, 317, 481, 480, 454, 468, 483, 482, 472, 485, 484, 339, 487, 489, 491, 493, 495, 494, 492, 490, 488, 486, 203, 496, 497, 74, 179, 322, 223, 499, 498, 431, 501, 503, 505, 507, 506, 504, 502, 500]
  列生成求解结果: 目标值=9.0000， 下界=9.0000， 上界=10.0000
    非整数变量: COL_1-16-19-22-27-7_783 = 0.250000
  解不是整数，开始分支...
ImposedVertex(vertex=27)
ForbidVertex(vertex=27)
  创建了 2 个分支
    添加分支节点 1: ID=510
    添加分支节点 2: ID=511

处理节点 170
  开始列生成求解...
Set parameter LogToConsole to value 0
Set parameter Threads to value 1
Set parameter Seed to value 0
  定价策略: Exact, node=170, vertices=18
Set parameter PoolSearchMode to value 2
Set parameter PoolSolutions to value 10
[CG 1] RMP=11.000000, pricing=ExactPricingSolver, new_columns=10
[CG 2] RMP=9.000000, pricing=ExactPricingSolver, new_columns=0
  搜索路径: [1, 2, 3, 6, 7, 10, 12, 13, 11, 18, 19, 22, 23, 20, 21, 30, 31, 28, 29, 36, 37, 39, 38, 44, 45, 48, 49, 26, 27, 58, 59, 60, 61, 64, 65, 70, 71, 56, 62, 57, 50, 77, 51, 79, 80, 81, 43, 63, 34, 96, 97, 100, 101, 92, 42, 76, 35, 110, 111, 113, 112, 118, 119, 124, 125, 93, 78, 132, 133, 136, 137, 94, 95, 87, 86, 16, 17, 148, 149, 146, 150, 151, 152, 153, 156, 157, 147, 160, 161, 162, 163, 165, 164, 168, 169, 172, 173, 177, 174, 175, 176, 186, 187, 188, 189, 190, 191, 192, 193, 200, 201, 154, 155, 123, 122, 197, 210, 214, 215, 211, 196, 138, 82, 139, 72, 73, 83, 85, 84, 134, 135, 166, 167, 236, 237, 159, 143, 142, 144, 235, 158, 69, 238, 239, 246, 249, 250, 251, 253, 254, 255, 252, 247, 248, 91, 274, 275, 145, 227, 280, 184, 226, 234, 281, 183, 126, 68, 289, 127, 288, 194, 232, 233, 195, 90, 306, 307, 309, 310, 311, 312, 313, 314, 315, 308, 229, 320, 321, 185, 228, 182, 285, 284, 330, 331, 334, 335, 336, 337, 213, 212, 342, 343, 240, 241, 279, 278, 346, 347, 205, 204, 105, 104, 341, 353, 356, 357, 358, 362, 364, 365, 367, 366, 352, 225, 287, 340, 370, 371, 372, 373, 318, 54, 130, 55, 374, 375, 376, 377, 378, 379, 380, 381, 385, 382, 386, 387, 383, 384, 388, 389, 305, 319, 304, 390, 391, 392, 393, 359, 296, 291, 292, 394, 395, 396, 397, 290, 286, 297, 293, 181, 180, 398, 399, 400, 401, 404, 405, 406, 407, 408, 409, 410, 411, 264, 224, 412, 413, 131, 208, 418, 419, 420, 421, 422, 423, 428, 429, 114, 242, 263, 432, 433, 435, 436, 437, 434, 256, 438, 439, 262, 257, 440, 441, 324, 266, 325, 442, 443, 265, 267, 209, 446, 447, 243, 450, 451, 452, 453, 115, 456, 457, 458, 459, 460, 461, 363, 221, 220, 462, 463, 464, 465, 466, 467, 470, 471, 474, 475, 478, 479, 268, 269, 403, 369, 216, 345, 317, 481, 480, 454, 468, 483, 482, 472, 485, 484, 339, 487, 489, 491, 493, 495, 494, 492, 490, 488, 486, 203, 496, 497, 74, 179, 322, 223, 499, 498, 431, 501, 503, 505, 507, 506, 504, 502, 500, 170]
  列生成求解结果: 目标值=9.0000， 下界=9.0000， 上界=10.0000
    非整数变量: COL_18-2-22-9_31 = 0.523810
  解不是整数，开始分支...
ImposedVertex(vertex=4)
ForbidVertex(vertex=4)
  创建了 2 个分支
    添加分支节点 1: ID=512
    添加分支节点 2: ID=513

处理节点 9
  开始列生成求解...
Set parameter LogToConsole to value 0
Set parameter Threads to value 1
Set parameter Seed to value 0
  定价策略: Exact, node=9, vertices=25
Set parameter PoolSearchMode to value 2
Set parameter PoolSolutions to value 10
[CG 1] RMP=2010.000000, pricing=ExactPricingSolver, new_columns=10
[CG 2] RMP=11.000000, pricing=ExactPricingSolver, new_columns=0
  搜索路径: [1, 2, 3, 6, 7, 10, 12, 13, 11, 18, 19, 22, 23, 20, 21, 30, 31, 28, 29, 36, 37, 39, 38, 44, 45, 48, 49, 26, 27, 58, 59, 60, 61, 64, 65, 70, 71, 56, 62, 57, 50, 77, 51, 79, 80, 81, 43, 63, 34, 96, 97, 100, 101, 92, 42, 76, 35, 110, 111, 113, 112, 118, 119, 124, 125, 93, 78, 132, 133, 136, 137, 94, 95, 87, 86, 16, 17, 148, 149, 146, 150, 151, 152, 153, 156, 157, 147, 160, 161, 162, 163, 165, 164, 168, 169, 172, 173, 177, 174, 175, 176, 186, 187, 188, 189, 190, 191, 192, 193, 200, 201, 154, 155, 123, 122, 197, 210, 214, 215, 211, 196, 138, 82, 139, 72, 73, 83, 85, 84, 134, 135, 166, 167, 236, 237, 159, 143, 142, 144, 235, 158, 69, 238, 239, 246, 249, 250, 251, 253, 254, 255, 252, 247, 248, 91, 274, 275, 145, 227, 280, 184, 226, 234, 281, 183, 126, 68, 289, 127, 288, 194, 232, 233, 195, 90, 306, 307, 309, 310, 311, 312, 313, 314, 315, 308, 229, 320, 321, 185, 228, 182, 285, 284, 330, 331, 334, 335, 336, 337, 213, 212, 342, 343, 240, 241, 279, 278, 346, 347, 205, 204, 105, 104, 341, 353, 356, 357, 358, 362, 364, 365, 367, 366, 352, 225, 287, 340, 370, 371, 372, 373, 318, 54, 130, 55, 374, 375, 376, 377, 378, 379, 380, 381, 385, 382, 386, 387, 383, 384, 388, 389, 305, 319, 304, 390, 391, 392, 393, 359, 296, 291, 292, 394, 395, 396, 397, 290, 286, 297, 293, 181, 180, 398, 399, 400, 401, 404, 405, 406, 407, 408, 409, 410, 411, 264, 224, 412, 413, 131, 208, 418, 419, 420, 421, 422, 423, 428, 429, 114, 242, 263, 432, 433, 435, 436, 437, 434, 256, 438, 439, 262, 257, 440, 441, 324, 266, 325, 442, 443, 265, 267, 209, 446, 447, 243, 450, 451, 452, 453, 115, 456, 457, 458, 459, 460, 461, 363, 221, 220, 462, 463, 464, 465, 466, 467, 470, 471, 474, 475, 478, 479, 268, 269, 403, 369, 216, 345, 317, 481, 480, 454, 468, 483, 482, 472, 485, 484, 339, 487, 489, 491, 493, 495, 494, 492, 490, 488, 486, 203, 496, 497, 74, 179, 322, 223, 499, 498, 431, 501, 503, 505, 507, 506, 504, 502, 500, 170, 9]
  列生成求解结果: 目标值=11.0000， 下界=9.0000， 上界=10.0000

处理节点 206
  开始列生成求解...
Set parameter LogToConsole to value 0
Set parameter Threads to value 1
Set parameter Seed to value 0
  定价策略: Exact, node=206, vertices=18
Set parameter PoolSearchMode to value 2
Set parameter PoolSolutions to value 10
[CG 1] RMP=9.000000, pricing=ExactPricingSolver, new_columns=10
[CG 2] RMP=9.000000, pricing=ExactPricingSolver, new_columns=0
  搜索路径: [1, 2, 3, 6, 7, 10, 12, 13, 11, 18, 19, 22, 23, 20, 21, 30, 31, 28, 29, 36, 37, 39, 38, 44, 45, 48, 49, 26, 27, 58, 59, 60, 61, 64, 65, 70, 71, 56, 62, 57, 50, 77, 51, 79, 80, 81, 43, 63, 34, 96, 97, 100, 101, 92, 42, 76, 35, 110, 111, 113, 112, 118, 119, 124, 125, 93, 78, 132, 133, 136, 137, 94, 95, 87, 86, 16, 17, 148, 149, 146, 150, 151, 152, 153, 156, 157, 147, 160, 161, 162, 163, 165, 164, 168, 169, 172, 173, 177, 174, 175, 176, 186, 187, 188, 189, 190, 191, 192, 193, 200, 201, 154, 155, 123, 122, 197, 210, 214, 215, 211, 196, 138, 82, 139, 72, 73, 83, 85, 84, 134, 135, 166, 167, 236, 237, 159, 143, 142, 144, 235, 158, 69, 238, 239, 246, 249, 250, 251, 253, 254, 255, 252, 247, 248, 91, 274, 275, 145, 227, 280, 184, 226, 234, 281, 183, 126, 68, 289, 127, 288, 194, 232, 233, 195, 90, 306, 307, 309, 310, 311, 312, 313, 314, 315, 308, 229, 320, 321, 185, 228, 182, 285, 284, 330, 331, 334, 335, 336, 337, 213, 212, 342, 343, 240, 241, 279, 278, 346, 347, 205, 204, 105, 104, 341, 353, 356, 357, 358, 362, 364, 365, 367, 366, 352, 225, 287, 340, 370, 371, 372, 373, 318, 54, 130, 55, 374, 375, 376, 377, 378, 379, 380, 381, 385, 382, 386, 387, 383, 384, 388, 389, 305, 319, 304, 390, 391, 392, 393, 359, 296, 291, 292, 394, 395, 396, 397, 290, 286, 297, 293, 181, 180, 398, 399, 400, 401, 404, 405, 406, 407, 408, 409, 410, 411, 264, 224, 412, 413, 131, 208, 418, 419, 420, 421, 422, 423, 428, 429, 114, 242, 263, 432, 433, 435, 436, 437, 434, 256, 438, 439, 262, 257, 440, 441, 324, 266, 325, 442, 443, 265, 267, 209, 446, 447, 243, 450, 451, 452, 453, 115, 456, 457, 458, 459, 460, 461, 363, 221, 220, 462, 463, 464, 465, 466, 467, 470, 471, 474, 475, 478, 479, 268, 269, 403, 369, 216, 345, 317, 481, 480, 454, 468, 483, 482, 472, 485, 484, 339, 487, 489, 491, 493, 495, 494, 492, 490, 488, 486, 203, 496, 497, 74, 179, 322, 223, 499, 498, 431, 501, 503, 505, 507, 506, 504, 502, 500, 170, 9, 206]
  列生成求解结果: 目标值=9.0000， 下界=9.0000， 上界=10.0000
    非整数变量: COL_0-18-22-9_28 = 0.250000
  解不是整数，开始分支...
ImposedVertex(vertex=22)
ForbidVertex(vertex=22)
  创建了 2 个分支
    添加分支节点 1: ID=514
    添加分支节点 2: ID=515

处理节点 328
  开始列生成求解...
Set parameter LogToConsole to value 0
Set parameter Threads to value 1
Set parameter Seed to value 0
  定价策略: Exact, node=328, vertices=15
Set parameter PoolSearchMode to value 2
Set parameter PoolSolutions to value 10
[CG 1] RMP=12.000000, pricing=ExactPricingSolver, new_columns=0
  搜索路径: [1, 2, 3, 6, 7, 10, 12, 13, 11, 18, 19, 22, 23, 20, 21, 30, 31, 28, 29, 36, 37, 39, 38, 44, 45, 48, 49, 26, 27, 58, 59, 60, 61, 64, 65, 70, 71, 56, 62, 57, 50, 77, 51, 79, 80, 81, 43, 63, 34, 96, 97, 100, 101, 92, 42, 76, 35, 110, 111, 113, 112, 118, 119, 124, 125, 93, 78, 132, 133, 136, 137, 94, 95, 87, 86, 16, 17, 148, 149, 146, 150, 151, 152, 153, 156, 157, 147, 160, 161, 162, 163, 165, 164, 168, 169, 172, 173, 177, 174, 175, 176, 186, 187, 188, 189, 190, 191, 192, 193, 200, 201, 154, 155, 123, 122, 197, 210, 214, 215, 211, 196, 138, 82, 139, 72, 73, 83, 85, 84, 134, 135, 166, 167, 236, 237, 159, 143, 142, 144, 235, 158, 69, 238, 239, 246, 249, 250, 251, 253, 254, 255, 252, 247, 248, 91, 274, 275, 145, 227, 280, 184, 226, 234, 281, 183, 126, 68, 289, 127, 288, 194, 232, 233, 195, 90, 306, 307, 309, 310, 311, 312, 313, 314, 315, 308, 229, 320, 321, 185, 228, 182, 285, 284, 330, 331, 334, 335, 336, 337, 213, 212, 342, 343, 240, 241, 279, 278, 346, 347, 205, 204, 105, 104, 341, 353, 356, 357, 358, 362, 364, 365, 367, 366, 352, 225, 287, 340, 370, 371, 372, 373, 318, 54, 130, 55, 374, 375, 376, 377, 378, 379, 380, 381, 385, 382, 386, 387, 383, 384, 388, 389, 305, 319, 304, 390, 391, 392, 393, 359, 296, 291, 292, 394, 395, 396, 397, 290, 286, 297, 293, 181, 180, 398, 399, 400, 401, 404, 405, 406, 407, 408, 409, 410, 411, 264, 224, 412, 413, 131, 208, 418, 419, 420, 421, 422, 423, 428, 429, 114, 242, 263, 432, 433, 435, 436, 437, 434, 256, 438, 439, 262, 257, 440, 441, 324, 266, 325, 442, 443, 265, 267, 209, 446, 447, 243, 450, 451, 452, 453, 115, 456, 457, 458, 459, 460, 461, 363, 221, 220, 462, 463, 464, 465, 466, 467, 470, 471, 474, 475, 478, 479, 268, 269, 403, 369, 216, 345, 317, 481, 480, 454, 468, 483, 482, 472, 485, 484, 339, 487, 489, 491, 493, 495, 494, 492, 490, 488, 486, 203, 496, 497, 74, 179, 322, 223, 499, 498, 431, 501, 503, 505, 507, 506, 504, 502, 500, 170, 9, 206, 328]
  列生成求解结果: 目标值=12.0000， 下界=9.0000， 上界=10.0000

处理节点 509
  开始列生成求解...
Set parameter LogToConsole to value 0
Set parameter Threads to value 1
Set parameter Seed to value 0
  定价策略: Exact, node=509, vertices=14
Set parameter PoolSearchMode to value 2
Set parameter PoolSolutions to value 10
[CG 1] RMP=10.000000, pricing=ExactPricingSolver, new_columns=10
[CG 2] RMP=9.000000, pricing=ExactPricingSolver, new_columns=0
  搜索路径: [1, 2, 3, 6, 7, 10, 12, 13, 11, 18, 19, 22, 23, 20, 21, 30, 31, 28, 29, 36, 37, 39, 38, 44, 45, 48, 49, 26, 27, 58, 59, 60, 61, 64, 65, 70, 71, 56, 62, 57, 50, 77, 51, 79, 80, 81, 43, 63, 34, 96, 97, 100, 101, 92, 42, 76, 35, 110, 111, 113, 112, 118, 119, 124, 125, 93, 78, 132, 133, 136, 137, 94, 95, 87, 86, 16, 17, 148, 149, 146, 150, 151, 152, 153, 156, 157, 147, 160, 161, 162, 163, 165, 164, 168, 169, 172, 173, 177, 174, 175, 176, 186, 187, 188, 189, 190, 191, 192, 193, 200, 201, 154, 155, 123, 122, 197, 210, 214, 215, 211, 196, 138, 82, 139, 72, 73, 83, 85, 84, 134, 135, 166, 167, 236, 237, 159, 143, 142, 144, 235, 158, 69, 238, 239, 246, 249, 250, 251, 253, 254, 255, 252, 247, 248, 91, 274, 275, 145, 227, 280, 184, 226, 234, 281, 183, 126, 68, 289, 127, 288, 194, 232, 233, 195, 90, 306, 307, 309, 310, 311, 312, 313, 314, 315, 308, 229, 320, 321, 185, 228, 182, 285, 284, 330, 331, 334, 335, 336, 337, 213, 212, 342, 343, 240, 241, 279, 278, 346, 347, 205, 204, 105, 104, 341, 353, 356, 357, 358, 362, 364, 365, 367, 366, 352, 225, 287, 340, 370, 371, 372, 373, 318, 54, 130, 55, 374, 375, 376, 377, 378, 379, 380, 381, 385, 382, 386, 387, 383, 384, 388, 389, 305, 319, 304, 390, 391, 392, 393, 359, 296, 291, 292, 394, 395, 396, 397, 290, 286, 297, 293, 181, 180, 398, 399, 400, 401, 404, 405, 406, 407, 408, 409, 410, 411, 264, 224, 412, 413, 131, 208, 418, 419, 420, 421, 422, 423, 428, 429, 114, 242, 263, 432, 433, 435, 436, 437, 434, 256, 438, 439, 262, 257, 440, 441, 324, 266, 325, 442, 443, 265, 267, 209, 446, 447, 243, 450, 451, 452, 453, 115, 456, 457, 458, 459, 460, 461, 363, 221, 220, 462, 463, 464, 465, 466, 467, 470, 471, 474, 475, 478, 479, 268, 269, 403, 369, 216, 345, 317, 481, 480, 454, 468, 483, 482, 472, 485, 484, 339, 487, 489, 491, 493, 495, 494, 492, 490, 488, 486, 203, 496, 497, 74, 179, 322, 223, 499, 498, 431, 501, 503, 505, 507, 506, 504, 502, 500, 170, 9, 206, 328, 509]
  列生成求解结果: 目标值=9.0000， 下界=9.0000， 上界=10.0000
    非整数变量: COL_1-11-18-23-7-9_34 = 0.750000
  解不是整数，开始分支...
ImposedVertex(vertex=11)
ForbidVertex(vertex=11)
  创建了 2 个分支
    添加分支节点 1: ID=516
    添加分支节点 2: ID=517

处理节点 511
  开始列生成求解...
Set parameter LogToConsole to value 0
Set parameter Threads to value 1
Set parameter Seed to value 0
  定价策略: Exact, node=511, vertices=15
Set parameter PoolSearchMode to value 2
Set parameter PoolSolutions to value 10
[CG 1] RMP=12.000000, pricing=ExactPricingSolver, new_columns=0
  搜索路径: [1, 2, 3, 6, 7, 10, 12, 13, 11, 18, 19, 22, 23, 20, 21, 30, 31, 28, 29, 36, 37, 39, 38, 44, 45, 48, 49, 26, 27, 58, 59, 60, 61, 64, 65, 70, 71, 56, 62, 57, 50, 77, 51, 79, 80, 81, 43, 63, 34, 96, 97, 100, 101, 92, 42, 76, 35, 110, 111, 113, 112, 118, 119, 124, 125, 93, 78, 132, 133, 136, 137, 94, 95, 87, 86, 16, 17, 148, 149, 146, 150, 151, 152, 153, 156, 157, 147, 160, 161, 162, 163, 165, 164, 168, 169, 172, 173, 177, 174, 175, 176, 186, 187, 188, 189, 190, 191, 192, 193, 200, 201, 154, 155, 123, 122, 197, 210, 214, 215, 211, 196, 138, 82, 139, 72, 73, 83, 85, 84, 134, 135, 166, 167, 236, 237, 159, 143, 142, 144, 235, 158, 69, 238, 239, 246, 249, 250, 251, 253, 254, 255, 252, 247, 248, 91, 274, 275, 145, 227, 280, 184, 226, 234, 281, 183, 126, 68, 289, 127, 288, 194, 232, 233, 195, 90, 306, 307, 309, 310, 311, 312, 313, 314, 315, 308, 229, 320, 321, 185, 228, 182, 285, 284, 330, 331, 334, 335, 336, 337, 213, 212, 342, 343, 240, 241, 279, 278, 346, 347, 205, 204, 105, 104, 341, 353, 356, 357, 358, 362, 364, 365, 367, 366, 352, 225, 287, 340, 370, 371, 372, 373, 318, 54, 130, 55, 374, 375, 376, 377, 378, 379, 380, 381, 385, 382, 386, 387, 383, 384, 388, 389, 305, 319, 304, 390, 391, 392, 393, 359, 296, 291, 292, 394, 395, 396, 397, 290, 286, 297, 293, 181, 180, 398, 399, 400, 401, 404, 405, 406, 407, 408, 409, 410, 411, 264, 224, 412, 413, 131, 208, 418, 419, 420, 421, 422, 423, 428, 429, 114, 242, 263, 432, 433, 435, 436, 437, 434, 256, 438, 439, 262, 257, 440, 441, 324, 266, 325, 442, 443, 265, 267, 209, 446, 447, 243, 450, 451, 452, 453, 115, 456, 457, 458, 459, 460, 461, 363, 221, 220, 462, 463, 464, 465, 466, 467, 470, 471, 474, 475, 478, 479, 268, 269, 403, 369, 216, 345, 317, 481, 480, 454, 468, 483, 482, 472, 485, 484, 339, 487, 489, 491, 493, 495, 494, 492, 490, 488, 486, 203, 496, 497, 74, 179, 322, 223, 499, 498, 431, 501, 503, 505, 507, 506, 504, 502, 500, 170, 9, 206, 328, 509, 511]
  列生成求解结果: 目标值=12.0000， 下界=9.0000， 上界=10.0000

处理节点 513
  开始列生成求解...
Set parameter LogToConsole to value 0
Set parameter Threads to value 1
Set parameter Seed to value 0
  定价策略: Exact, node=513, vertices=17
Set parameter PoolSearchMode to value 2
Set parameter PoolSolutions to value 10
[CG 1] RMP=2010.000000, pricing=ExactPricingSolver, new_columns=10
[CG 2] RMP=16.000000, pricing=ExactPricingSolver, new_columns=10
[CG 3] RMP=9.129683, pricing=ExactPricingSolver, new_columns=10
[CG 4] RMP=9.000000, pricing=ExactPricingSolver, new_columns=0
  搜索路径: [1, 2, 3, 6, 7, 10, 12, 13, 11, 18, 19, 22, 23, 20, 21, 30, 31, 28, 29, 36, 37, 39, 38, 44, 45, 48, 49, 26, 27, 58, 59, 60, 61, 64, 65, 70, 71, 56, 62, 57, 50, 77, 51, 79, 80, 81, 43, 63, 34, 96, 97, 100, 101, 92, 42, 76, 35, 110, 111, 113, 112, 118, 119, 124, 125, 93, 78, 132, 133, 136, 137, 94, 95, 87, 86, 16, 17, 148, 149, 146, 150, 151, 152, 153, 156, 157, 147, 160, 161, 162, 163, 165, 164, 168, 169, 172, 173, 177, 174, 175, 176, 186, 187, 188, 189, 190, 191, 192, 193, 200, 201, 154, 155, 123, 122, 197, 210, 214, 215, 211, 196, 138, 82, 139, 72, 73, 83, 85, 84, 134, 135, 166, 167, 236, 237, 159, 143, 142, 144, 235, 158, 69, 238, 239, 246, 249, 250, 251, 253, 254, 255, 252, 247, 248, 91, 274, 275, 145, 227, 280, 184, 226, 234, 281, 183, 126, 68, 289, 127, 288, 194, 232, 233, 195, 90, 306, 307, 309, 310, 311, 312, 313, 314, 315, 308, 229, 320, 321, 185, 228, 182, 285, 284, 330, 331, 334, 335, 336, 337, 213, 212, 342, 343, 240, 241, 279, 278, 346, 347, 205, 204, 105, 104, 341, 353, 356, 357, 358, 362, 364, 365, 367, 366, 352, 225, 287, 340, 370, 371, 372, 373, 318, 54, 130, 55, 374, 375, 376, 377, 378, 379, 380, 381, 385, 382, 386, 387, 383, 384, 388, 389, 305, 319, 304, 390, 391, 392, 393, 359, 296, 291, 292, 394, 395, 396, 397, 290, 286, 297, 293, 181, 180, 398, 399, 400, 401, 404, 405, 406, 407, 408, 409, 410, 411, 264, 224, 412, 413, 131, 208, 418, 419, 420, 421, 422, 423, 428, 429, 114, 242, 263, 432, 433, 435, 436, 437, 434, 256, 438, 439, 262, 257, 440, 441, 324, 266, 325, 442, 443, 265, 267, 209, 446, 447, 243, 450, 451, 452, 453, 115, 456, 457, 458, 459, 460, 461, 363, 221, 220, 462, 463, 464, 465, 466, 467, 470, 471, 474, 475, 478, 479, 268, 269, 403, 369, 216, 345, 317, 481, 480, 454, 468, 483, 482, 472, 485, 484, 339, 487, 489, 491, 493, 495, 494, 492, 490, 488, 486, 203, 496, 497, 74, 179, 322, 223, 499, 498, 431, 501, 503, 505, 507, 506, 504, 502, 500, 170, 9, 206, 328, 509, 511, 513]
  列生成求解结果: 目标值=9.0000， 下界=9.0000， 上界=10.0000
    非整数变量: COL_18-2-22-9_31 = 0.061364
  解不是整数，开始分支...
ImposedVertex(vertex=11)
ForbidVertex(vertex=11)
  创建了 2 个分支
    添加分支节点 1: ID=518
    添加分支节点 2: ID=519

处理节点 512
  开始列生成求解...
Set parameter LogToConsole to value 0
Set parameter Threads to value 1
Set parameter Seed to value 0
  定价策略: Exact, node=512, vertices=16
Set parameter PoolSearchMode to value 2
Set parameter PoolSolutions to value 10
[CG 1] RMP=9.000000, pricing=ExactPricingSolver, new_columns=0
  搜索路径: [1, 2, 3, 6, 7, 10, 12, 13, 11, 18, 19, 22, 23, 20, 21, 30, 31, 28, 29, 36, 37, 39, 38, 44, 45, 48, 49, 26, 27, 58, 59, 60, 61, 64, 65, 70, 71, 56, 62, 57, 50, 77, 51, 79, 80, 81, 43, 63, 34, 96, 97, 100, 101, 92, 42, 76, 35, 110, 111, 113, 112, 118, 119, 124, 125, 93, 78, 132, 133, 136, 137, 94, 95, 87, 86, 16, 17, 148, 149, 146, 150, 151, 152, 153, 156, 157, 147, 160, 161, 162, 163, 165, 164, 168, 169, 172, 173, 177, 174, 175, 176, 186, 187, 188, 189, 190, 191, 192, 193, 200, 201, 154, 155, 123, 122, 197, 210, 214, 215, 211, 196, 138, 82, 139, 72, 73, 83, 85, 84, 134, 135, 166, 167, 236, 237, 159, 143, 142, 144, 235, 158, 69, 238, 239, 246, 249, 250, 251, 253, 254, 255, 252, 247, 248, 91, 274, 275, 145, 227, 280, 184, 226, 234, 281, 183, 126, 68, 289, 127, 288, 194, 232, 233, 195, 90, 306, 307, 309, 310, 311, 312, 313, 314, 315, 308, 229, 320, 321, 185, 228, 182, 285, 284, 330, 331, 334, 335, 336, 337, 213, 212, 342, 343, 240, 241, 279, 278, 346, 347, 205, 204, 105, 104, 341, 353, 356, 357, 358, 362, 364, 365, 367, 366, 352, 225, 287, 340, 370, 371, 372, 373, 318, 54, 130, 55, 374, 375, 376, 377, 378, 379, 380, 381, 385, 382, 386, 387, 383, 384, 388, 389, 305, 319, 304, 390, 391, 392, 393, 359, 296, 291, 292, 394, 395, 396, 397, 290, 286, 297, 293, 181, 180, 398, 399, 400, 401, 404, 405, 406, 407, 408, 409, 410, 411, 264, 224, 412, 413, 131, 208, 418, 419, 420, 421, 422, 423, 428, 429, 114, 242, 263, 432, 433, 435, 436, 437, 434, 256, 438, 439, 262, 257, 440, 441, 324, 266, 325, 442, 443, 265, 267, 209, 446, 447, 243, 450, 451, 452, 453, 115, 456, 457, 458, 459, 460, 461, 363, 221, 220, 462, 463, 464, 465, 466, 467, 470, 471, 474, 475, 478, 479, 268, 269, 403, 369, 216, 345, 317, 481, 480, 454, 468, 483, 482, 472, 485, 484, 339, 487, 489, 491, 493, 495, 494, 492, 490, 488, 486, 203, 496, 497, 74, 179, 322, 223, 499, 498, 431, 501, 503, 505, 507, 506, 504, 502, 500, 170, 9, 206, 328, 509, 511, 513, 512]
  列生成求解结果: 目标值=9.0000， 下界=9.0000， 上界=10.0000
    非整数变量: COL_18-2-22-9_31 = 0.181818
  解不是整数，开始分支...
ImposedVertex(vertex=27)
ForbidVertex(vertex=27)
  创建了 2 个分支
    添加分支节点 1: ID=520
    添加分支节点 2: ID=521

处理节点 515
  开始列生成求解...
Set parameter LogToConsole to value 0
Set parameter Threads to value 1
Set parameter Seed to value 0
  定价策略: Exact, node=515, vertices=17
Set parameter PoolSearchMode to value 2
Set parameter PoolSolutions to value 10
[CG 1] RMP=9.000000, pricing=ExactPricingSolver, new_columns=0
  搜索路径: [1, 2, 3, 6, 7, 10, 12, 13, 11, 18, 19, 22, 23, 20, 21, 30, 31, 28, 29, 36, 37, 39, 38, 44, 45, 48, 49, 26, 27, 58, 59, 60, 61, 64, 65, 70, 71, 56, 62, 57, 50, 77, 51, 79, 80, 81, 43, 63, 34, 96, 97, 100, 101, 92, 42, 76, 35, 110, 111, 113, 112, 118, 119, 124, 125, 93, 78, 132, 133, 136, 137, 94, 95, 87, 86, 16, 17, 148, 149, 146, 150, 151, 152, 153, 156, 157, 147, 160, 161, 162, 163, 165, 164, 168, 169, 172, 173, 177, 174, 175, 176, 186, 187, 188, 189, 190, 191, 192, 193, 200, 201, 154, 155, 123, 122, 197, 210, 214, 215, 211, 196, 138, 82, 139, 72, 73, 83, 85, 84, 134, 135, 166, 167, 236, 237, 159, 143, 142, 144, 235, 158, 69, 238, 239, 246, 249, 250, 251, 253, 254, 255, 252, 247, 248, 91, 274, 275, 145, 227, 280, 184, 226, 234, 281, 183, 126, 68, 289, 127, 288, 194, 232, 233, 195, 90, 306, 307, 309, 310, 311, 312, 313, 314, 315, 308, 229, 320, 321, 185, 228, 182, 285, 284, 330, 331, 334, 335, 336, 337, 213, 212, 342, 343, 240, 241, 279, 278, 346, 347, 205, 204, 105, 104, 341, 353, 356, 357, 358, 362, 364, 365, 367, 366, 352, 225, 287, 340, 370, 371, 372, 373, 318, 54, 130, 55, 374, 375, 376, 377, 378, 379, 380, 381, 385, 382, 386, 387, 383, 384, 388, 389, 305, 319, 304, 390, 391, 392, 393, 359, 296, 291, 292, 394, 395, 396, 397, 290, 286, 297, 293, 181, 180, 398, 399, 400, 401, 404, 405, 406, 407, 408, 409, 410, 411, 264, 224, 412, 413, 131, 208, 418, 419, 420, 421, 422, 423, 428, 429, 114, 242, 263, 432, 433, 435, 436, 437, 434, 256, 438, 439, 262, 257, 440, 441, 324, 266, 325, 442, 443, 265, 267, 209, 446, 447, 243, 450, 451, 452, 453, 115, 456, 457, 458, 459, 460, 461, 363, 221, 220, 462, 463, 464, 465, 466, 467, 470, 471, 474, 475, 478, 479, 268, 269, 403, 369, 216, 345, 317, 481, 480, 454, 468, 483, 482, 472, 485, 484, 339, 487, 489, 491, 493, 495, 494, 492, 490, 488, 486, 203, 496, 497, 74, 179, 322, 223, 499, 498, 431, 501, 503, 505, 507, 506, 504, 502, 500, 170, 9, 206, 328, 509, 511, 513, 512, 515]
  列生成求解结果: 目标值=9.0000， 下界=9.0000， 上界=10.0000
    非整数变量: COL_0-11-18-21-27-4-7-9_1011 = 0.818182
  解不是整数，开始分支...
ImposedVertex(vertex=27)
ForbidVertex(vertex=27)
  创建了 2 个分支
    添加分支节点 1: ID=522
    添加分支节点 2: ID=523

处理节点 514
  开始列生成求解...
Set parameter LogToConsole to value 0
Set parameter Threads to value 1
Set parameter Seed to value 0
  定价策略: Exact, node=514, vertices=16
Set parameter PoolSearchMode to value 2
Set parameter PoolSolutions to value 10
[CG 1] RMP=14.000000, pricing=ExactPricingSolver, new_columns=10
[CG 2] RMP=9.000000, pricing=ExactPricingSolver, new_columns=0
  搜索路径: [1, 2, 3, 6, 7, 10, 12, 13, 11, 18, 19, 22, 23, 20, 21, 30, 31, 28, 29, 36, 37, 39, 38, 44, 45, 48, 49, 26, 27, 58, 59, 60, 61, 64, 65, 70, 71, 56, 62, 57, 50, 77, 51, 79, 80, 81, 43, 63, 34, 96, 97, 100, 101, 92, 42, 76, 35, 110, 111, 113, 112, 118, 119, 124, 125, 93, 78, 132, 133, 136, 137, 94, 95, 87, 86, 16, 17, 148, 149, 146, 150, 151, 152, 153, 156, 157, 147, 160, 161, 162, 163, 165, 164, 168, 169, 172, 173, 177, 174, 175, 176, 186, 187, 188, 189, 190, 191, 192, 193, 200, 201, 154, 155, 123, 122, 197, 210, 214, 215, 211, 196, 138, 82, 139, 72, 73, 83, 85, 84, 134, 135, 166, 167, 236, 237, 159, 143, 142, 144, 235, 158, 69, 238, 239, 246, 249, 250, 251, 253, 254, 255, 252, 247, 248, 91, 274, 275, 145, 227, 280, 184, 226, 234, 281, 183, 126, 68, 289, 127, 288, 194, 232, 233, 195, 90, 306, 307, 309, 310, 311, 312, 313, 314, 315, 308, 229, 320, 321, 185, 228, 182, 285, 284, 330, 331, 334, 335, 336, 337, 213, 212, 342, 343, 240, 241, 279, 278, 346, 347, 205, 204, 105, 104, 341, 353, 356, 357, 358, 362, 364, 365, 367, 366, 352, 225, 287, 340, 370, 371, 372, 373, 318, 54, 130, 55, 374, 375, 376, 377, 378, 379, 380, 381, 385, 382, 386, 387, 383, 384, 388, 389, 305, 319, 304, 390, 391, 392, 393, 359, 296, 291, 292, 394, 395, 396, 397, 290, 286, 297, 293, 181, 180, 398, 399, 400, 401, 404, 405, 406, 407, 408, 409, 410, 411, 264, 224, 412, 413, 131, 208, 418, 419, 420, 421, 422, 423, 428, 429, 114, 242, 263, 432, 433, 435, 436, 437, 434, 256, 438, 439, 262, 257, 440, 441, 324, 266, 325, 442, 443, 265, 267, 209, 446, 447, 243, 450, 451, 452, 453, 115, 456, 457, 458, 459, 460, 461, 363, 221, 220, 462, 463, 464, 465, 466, 467, 470, 471, 474, 475, 478, 479, 268, 269, 403, 369, 216, 345, 317, 481, 480, 454, 468, 483, 482, 472, 485, 484, 339, 487, 489, 491, 493, 495, 494, 492, 490, 488, 486, 203, 496, 497, 74, 179, 322, 223, 499, 498, 431, 501, 503, 505, 507, 506, 504, 502, 500, 170, 9, 206, 328, 509, 511, 513, 512, 515, 514]
  列生成求解结果: 目标值=9.0000， 下界=9.0000， 上界=10.0000
    非整数变量: COL_0-18-22-9_28 = 0.500000
  解不是整数，开始分支...
ImposedVertex(vertex=28)
ForbidVertex(vertex=28)
  创建了 2 个分支
    添加分支节点 1: ID=524
    添加分支节点 2: ID=525

处理节点 517
  开始列生成求解...
Set parameter LogToConsole to value 0
Set parameter Threads to value 1
Set parameter Seed to value 0
  定价策略: Exact, node=517, vertices=13
Set parameter PoolSearchMode to value 2
Set parameter PoolSolutions to value 10
[CG 1] RMP=12.000000, pricing=ExactPricingSolver, new_columns=10
[CG 2] RMP=12.000000, pricing=ExactPricingSolver, new_columns=10
[CG 3] RMP=9.000000, pricing=ExactPricingSolver, new_columns=0
  搜索路径: [1, 2, 3, 6, 7, 10, 12, 13, 11, 18, 19, 22, 23, 20, 21, 30, 31, 28, 29, 36, 37, 39, 38, 44, 45, 48, 49, 26, 27, 58, 59, 60, 61, 64, 65, 70, 71, 56, 62, 57, 50, 77, 51, 79, 80, 81, 43, 63, 34, 96, 97, 100, 101, 92, 42, 76, 35, 110, 111, 113, 112, 118, 119, 124, 125, 93, 78, 132, 133, 136, 137, 94, 95, 87, 86, 16, 17, 148, 149, 146, 150, 151, 152, 153, 156, 157, 147, 160, 161, 162, 163, 165, 164, 168, 169, 172, 173, 177, 174, 175, 176, 186, 187, 188, 189, 190, 191, 192, 193, 200, 201, 154, 155, 123, 122, 197, 210, 214, 215, 211, 196, 138, 82, 139, 72, 73, 83, 85, 84, 134, 135, 166, 167, 236, 237, 159, 143, 142, 144, 235, 158, 69, 238, 239, 246, 249, 250, 251, 253, 254, 255, 252, 247, 248, 91, 274, 275, 145, 227, 280, 184, 226, 234, 281, 183, 126, 68, 289, 127, 288, 194, 232, 233, 195, 90, 306, 307, 309, 310, 311, 312, 313, 314, 315, 308, 229, 320, 321, 185, 228, 182, 285, 284, 330, 331, 334, 335, 336, 337, 213, 212, 342, 343, 240, 241, 279, 278, 346, 347, 205, 204, 105, 104, 341, 353, 356, 357, 358, 362, 364, 365, 367, 366, 352, 225, 287, 340, 370, 371, 372, 373, 318, 54, 130, 55, 374, 375, 376, 377, 378, 379, 380, 381, 385, 382, 386, 387, 383, 384, 388, 389, 305, 319, 304, 390, 391, 392, 393, 359, 296, 291, 292, 394, 395, 396, 397, 290, 286, 297, 293, 181, 180, 398, 399, 400, 401, 404, 405, 406, 407, 408, 409, 410, 411, 264, 224, 412, 413, 131, 208, 418, 419, 420, 421, 422, 423, 428, 429, 114, 242, 263, 432, 433, 435, 436, 437, 434, 256, 438, 439, 262, 257, 440, 441, 324, 266, 325, 442, 443, 265, 267, 209, 446, 447, 243, 450, 451, 452, 453, 115, 456, 457, 458, 459, 460, 461, 363, 221, 220, 462, 463, 464, 465, 466, 467, 470, 471, 474, 475, 478, 479, 268, 269, 403, 369, 216, 345, 317, 481, 480, 454, 468, 483, 482, 472, 485, 484, 339, 487, 489, 491, 493, 495, 494, 492, 490, 488, 486, 203, 496, 497, 74, 179, 322, 223, 499, 498, 431, 501, 503, 505, 507, 506, 504, 502, 500, 170, 9, 206, 328, 509, 511, 513, 512, 515, 514, 517]
  列生成求解结果: 目标值=9.0000， 下界=9.0000， 上界=10.0000
    非整数变量: COL_1-14-15-21-28-6-7_2755 = 0.750000
  解不是整数，开始分支...
ImposedVertex(vertex=14)
ForbidVertex(vertex=14)
  创建了 2 个分支
    添加分支节点 1: ID=526
    添加分支节点 2: ID=527

处理节点 516
  开始列生成求解...
Set parameter LogToConsole to value 0
Set parameter Threads to value 1
Set parameter Seed to value 0
  定价策略: Exact, node=516, vertices=11
Set parameter PoolSearchMode to value 2
Set parameter PoolSolutions to value 10
[CG 1] RMP=9.000000, pricing=ExactPricingSolver, new_columns=0
  搜索路径: [1, 2, 3, 6, 7, 10, 12, 13, 11, 18, 19, 22, 23, 20, 21, 30, 31, 28, 29, 36, 37, 39, 38, 44, 45, 48, 49, 26, 27, 58, 59, 60, 61, 64, 65, 70, 71, 56, 62, 57, 50, 77, 51, 79, 80, 81, 43, 63, 34, 96, 97, 100, 101, 92, 42, 76, 35, 110, 111, 113, 112, 118, 119, 124, 125, 93, 78, 132, 133, 136, 137, 94, 95, 87, 86, 16, 17, 148, 149, 146, 150, 151, 152, 153, 156, 157, 147, 160, 161, 162, 163, 165, 164, 168, 169, 172, 173, 177, 174, 175, 176, 186, 187, 188, 189, 190, 191, 192, 193, 200, 201, 154, 155, 123, 122, 197, 210, 214, 215, 211, 196, 138, 82, 139, 72, 73, 83, 85, 84, 134, 135, 166, 167, 236, 237, 159, 143, 142, 144, 235, 158, 69, 238, 239, 246, 249, 250, 251, 253, 254, 255, 252, 247, 248, 91, 274, 275, 145, 227, 280, 184, 226, 234, 281, 183, 126, 68, 289, 127, 288, 194, 232, 233, 195, 90, 306, 307, 309, 310, 311, 312, 313, 314, 315, 308, 229, 320, 321, 185, 228, 182, 285, 284, 330, 331, 334, 335, 336, 337, 213, 212, 342, 343, 240, 241, 279, 278, 346, 347, 205, 204, 105, 104, 341, 353, 356, 357, 358, 362, 364, 365, 367, 366, 352, 225, 287, 340, 370, 371, 372, 373, 318, 54, 130, 55, 374, 375, 376, 377, 378, 379, 380, 381, 385, 382, 386, 387, 383, 384, 388, 389, 305, 319, 304, 390, 391, 392, 393, 359, 296, 291, 292, 394, 395, 396, 397, 290, 286, 297, 293, 181, 180, 398, 399, 400, 401, 404, 405, 406, 407, 408, 409, 410, 411, 264, 224, 412, 413, 131, 208, 418, 419, 420, 421, 422, 423, 428, 429, 114, 242, 263, 432, 433, 435, 436, 437, 434, 256, 438, 439, 262, 257, 440, 441, 324, 266, 325, 442, 443, 265, 267, 209, 446, 447, 243, 450, 451, 452, 453, 115, 456, 457, 458, 459, 460, 461, 363, 221, 220, 462, 463, 464, 465, 466, 467, 470, 471, 474, 475, 478, 479, 268, 269, 403, 369, 216, 345, 317, 481, 480, 454, 468, 483, 482, 472, 485, 484, 339, 487, 489, 491, 493, 495, 494, 492, 490, 488, 486, 203, 496, 497, 74, 179, 322, 223, 499, 498, 431, 501, 503, 505, 507, 506, 504, 502, 500, 170, 9, 206, 328, 509, 511, 513, 512, 515, 514, 517, 516]
  列生成求解结果: 目标值=9.0000， 下界=9.0000， 上界=10.0000
    非整数变量: COL_1-11-21-26-6_1496 = 0.500000
  解不是整数，开始分支...
ImposedVertex(vertex=26)
ForbidVertex(vertex=26)
  创建了 2 个分支
    添加分支节点 1: ID=528
    添加分支节点 2: ID=529

处理节点 519
  开始列生成求解...
Set parameter LogToConsole to value 0
Set parameter Threads to value 1
Set parameter Seed to value 0
  定价策略: Exact, node=519, vertices=16
Set parameter PoolSearchMode to value 2
Set parameter PoolSolutions to value 10
[CG 1] RMP=2010.000000, pricing=ExactPricingSolver, new_columns=10
[CG 2] RMP=509.000000, pricing=ExactPricingSolver, new_columns=10
[CG 3] RMP=9.000000, pricing=ExactPricingSolver, new_columns=0
  搜索路径: [1, 2, 3, 6, 7, 10, 12, 13, 11, 18, 19, 22, 23, 20, 21, 30, 31, 28, 29, 36, 37, 39, 38, 44, 45, 48, 49, 26, 27, 58, 59, 60, 61, 64, 65, 70, 71, 56, 62, 57, 50, 77, 51, 79, 80, 81, 43, 63, 34, 96, 97, 100, 101, 92, 42, 76, 35, 110, 111, 113, 112, 118, 119, 124, 125, 93, 78, 132, 133, 136, 137, 94, 95, 87, 86, 16, 17, 148, 149, 146, 150, 151, 152, 153, 156, 157, 147, 160, 161, 162, 163, 165, 164, 168, 169, 172, 173, 177, 174, 175, 176, 186, 187, 188, 189, 190, 191, 192, 193, 200, 201, 154, 155, 123, 122, 197, 210, 214, 215, 211, 196, 138, 82, 139, 72, 73, 83, 85, 84, 134, 135, 166, 167, 236, 237, 159, 143, 142, 144, 235, 158, 69, 238, 239, 246, 249, 250, 251, 253, 254, 255, 252, 247, 248, 91, 274, 275, 145, 227, 280, 184, 226, 234, 281, 183, 126, 68, 289, 127, 288, 194, 232, 233, 195, 90, 306, 307, 309, 310, 311, 312, 313, 314, 315, 308, 229, 320, 321, 185, 228, 182, 285, 284, 330, 331, 334, 335, 336, 337, 213, 212, 342, 343, 240, 241, 279, 278, 346, 347, 205, 204, 105, 104, 341, 353, 356, 357, 358, 362, 364, 365, 367, 366, 352, 225, 287, 340, 370, 371, 372, 373, 318, 54, 130, 55, 374, 375, 376, 377, 378, 379, 380, 381, 385, 382, 386, 387, 383, 384, 388, 389, 305, 319, 304, 390, 391, 392, 393, 359, 296, 291, 292, 394, 395, 396, 397, 290, 286, 297, 293, 181, 180, 398, 399, 400, 401, 404, 405, 406, 407, 408, 409, 410, 411, 264, 224, 412, 413, 131, 208, 418, 419, 420, 421, 422, 423, 428, 429, 114, 242, 263, 432, 433, 435, 436, 437, 434, 256, 438, 439, 262, 257, 440, 441, 324, 266, 325, 442, 443, 265, 267, 209, 446, 447, 243, 450, 451, 452, 453, 115, 456, 457, 458, 459, 460, 461, 363, 221, 220, 462, 463, 464, 465, 466, 467, 470, 471, 474, 475, 478, 479, 268, 269, 403, 369, 216, 345, 317, 481, 480, 454, 468, 483, 482, 472, 485, 484, 339, 487, 489, 491, 493, 495, 494, 492, 490, 488, 486, 203, 496, 497, 74, 179, 322, 223, 499, 498, 431, 501, 503, 505, 507, 506, 504, 502, 500, 170, 9, 206, 328, 509, 511, 513, 512, 515, 514, 517, 516, 519]
  列生成求解结果: 目标值=9.0000， 下界=9.0000， 上界=10.0000
    非整数变量: COL_18-2-22-9_31 = 0.154545
  解不是整数，开始分支...
ImposedVertex(vertex=7)
ForbidVertex(vertex=7)
  创建了 2 个分支
    添加分支节点 1: ID=530
    添加分支节点 2: ID=531

处理节点 530
  开始列生成求解...
Set parameter LogToConsole to value 0
Set parameter Threads to value 1
Set parameter Seed to value 0
  定价策略: Exact, node=530, vertices=15
Set parameter PoolSearchMode to value 2
Set parameter PoolSolutions to value 10
[CG 1] RMP=9.000000, pricing=ExactPricingSolver, new_columns=0
  搜索路径: [1, 2, 3, 6, 7, 10, 12, 13, 11, 18, 19, 22, 23, 20, 21, 30, 31, 28, 29, 36, 37, 39, 38, 44, 45, 48, 49, 26, 27, 58, 59, 60, 61, 64, 65, 70, 71, 56, 62, 57, 50, 77, 51, 79, 80, 81, 43, 63, 34, 96, 97, 100, 101, 92, 42, 76, 35, 110, 111, 113, 112, 118, 119, 124, 125, 93, 78, 132, 133, 136, 137, 94, 95, 87, 86, 16, 17, 148, 149, 146, 150, 151, 152, 153, 156, 157, 147, 160, 161, 162, 163, 165, 164, 168, 169, 172, 173, 177, 174, 175, 176, 186, 187, 188, 189, 190, 191, 192, 193, 200, 201, 154, 155, 123, 122, 197, 210, 214, 215, 211, 196, 138, 82, 139, 72, 73, 83, 85, 84, 134, 135, 166, 167, 236, 237, 159, 143, 142, 144, 235, 158, 69, 238, 239, 246, 249, 250, 251, 253, 254, 255, 252, 247, 248, 91, 274, 275, 145, 227, 280, 184, 226, 234, 281, 183, 126, 68, 289, 127, 288, 194, 232, 233, 195, 90, 306, 307, 309, 310, 311, 312, 313, 314, 315, 308, 229, 320, 321, 185, 228, 182, 285, 284, 330, 331, 334, 335, 336, 337, 213, 212, 342, 343, 240, 241, 279, 278, 346, 347, 205, 204, 105, 104, 341, 353, 356, 357, 358, 362, 364, 365, 367, 366, 352, 225, 287, 340, 370, 371, 372, 373, 318, 54, 130, 55, 374, 375, 376, 377, 378, 379, 380, 381, 385, 382, 386, 387, 383, 384, 388, 389, 305, 319, 304, 390, 391, 392, 393, 359, 296, 291, 292, 394, 395, 396, 397, 290, 286, 297, 293, 181, 180, 398, 399, 400, 401, 404, 405, 406, 407, 408, 409, 410, 411, 264, 224, 412, 413, 131, 208, 418, 419, 420, 421, 422, 423, 428, 429, 114, 242, 263, 432, 433, 435, 436, 437, 434, 256, 438, 439, 262, 257, 440, 441, 324, 266, 325, 442, 443, 265, 267, 209, 446, 447, 243, 450, 451, 452, 453, 115, 456, 457, 458, 459, 460, 461, 363, 221, 220, 462, 463, 464, 465, 466, 467, 470, 471, 474, 475, 478, 479, 268, 269, 403, 369, 216, 345, 317, 481, 480, 454, 468, 483, 482, 472, 485, 484, 339, 487, 489, 491, 493, 495, 494, 492, 490, 488, 486, 203, 496, 497, 74, 179, 322, 223, 499, 498, 431, 501, 503, 505, 507, 506, 504, 502, 500, 170, 9, 206, 328, 509, 511, 513, 512, 515, 514, 517, 516, 519, 530]
  列生成求解结果: 目标值=9.0000， 下界=9.0000， 上界=10.0000
    非整数变量: COL_18-2-22-9_31 = 0.142857
  解不是整数，开始分支...
ImposedVertex(vertex=14)
ForbidVertex(vertex=14)
  创建了 2 个分支
    添加分支节点 1: ID=532
    添加分支节点 2: ID=533
  进度: 已处理 410 个节点, 剩余 101 个, 当前最优 10.0000, 当前列数: 2836

处理节点 531
  开始列生成求解...
Set parameter LogToConsole to value 0
Set parameter Threads to value 1
Set parameter Seed to value 0
  定价策略: Exact, node=531, vertices=15
Set parameter PoolSearchMode to value 2
Set parameter PoolSolutions to value 10
[CG 1] RMP=12.000000, pricing=ExactPricingSolver, new_columns=0
  搜索路径: [1, 2, 3, 6, 7, 10, 12, 13, 11, 18, 19, 22, 23, 20, 21, 30, 31, 28, 29, 36, 37, 39, 38, 44, 45, 48, 49, 26, 27, 58, 59, 60, 61, 64, 65, 70, 71, 56, 62, 57, 50, 77, 51, 79, 80, 81, 43, 63, 34, 96, 97, 100, 101, 92, 42, 76, 35, 110, 111, 113, 112, 118, 119, 124, 125, 93, 78, 132, 133, 136, 137, 94, 95, 87, 86, 16, 17, 148, 149, 146, 150, 151, 152, 153, 156, 157, 147, 160, 161, 162, 163, 165, 164, 168, 169, 172, 173, 177, 174, 175, 176, 186, 187, 188, 189, 190, 191, 192, 193, 200, 201, 154, 155, 123, 122, 197, 210, 214, 215, 211, 196, 138, 82, 139, 72, 73, 83, 85, 84, 134, 135, 166, 167, 236, 237, 159, 143, 142, 144, 235, 158, 69, 238, 239, 246, 249, 250, 251, 253, 254, 255, 252, 247, 248, 91, 274, 275, 145, 227, 280, 184, 226, 234, 281, 183, 126, 68, 289, 127, 288, 194, 232, 233, 195, 90, 306, 307, 309, 310, 311, 312, 313, 314, 315, 308, 229, 320, 321, 185, 228, 182, 285, 284, 330, 331, 334, 335, 336, 337, 213, 212, 342, 343, 240, 241, 279, 278, 346, 347, 205, 204, 105, 104, 341, 353, 356, 357, 358, 362, 364, 365, 367, 366, 352, 225, 287, 340, 370, 371, 372, 373, 318, 54, 130, 55, 374, 375, 376, 377, 378, 379, 380, 381, 385, 382, 386, 387, 383, 384, 388, 389, 305, 319, 304, 390, 391, 392, 393, 359, 296, 291, 292, 394, 395, 396, 397, 290, 286, 297, 293, 181, 180, 398, 399, 400, 401, 404, 405, 406, 407, 408, 409, 410, 411, 264, 224, 412, 413, 131, 208, 418, 419, 420, 421, 422, 423, 428, 429, 114, 242, 263, 432, 433, 435, 436, 437, 434, 256, 438, 439, 262, 257, 440, 441, 324, 266, 325, 442, 443, 265, 267, 209, 446, 447, 243, 450, 451, 452, 453, 115, 456, 457, 458, 459, 460, 461, 363, 221, 220, 462, 463, 464, 465, 466, 467, 470, 471, 474, 475, 478, 479, 268, 269, 403, 369, 216, 345, 317, 481, 480, 454, 468, 483, 482, 472, 485, 484, 339, 487, 489, 491, 493, 495, 494, 492, 490, 488, 486, 203, 496, 497, 74, 179, 322, 223, 499, 498, 431, 501, 503, 505, 507, 506, 504, 502, 500, 170, 9, 206, 328, 509, 511, 513, 512, 515, 514, 517, 516, 519, 530, 531]
  列生成求解结果: 目标值=12.0000， 下界=9.0000， 上界=10.0000

处理节点 525
  开始列生成求解...
Set parameter LogToConsole to value 0
Set parameter Threads to value 1
Set parameter Seed to value 0
  定价策略: Exact, node=525, vertices=15
Set parameter PoolSearchMode to value 2
Set parameter PoolSolutions to value 10
[CG 1] RMP=11.000000, pricing=ExactPricingSolver, new_columns=0
  搜索路径: [1, 2, 3, 6, 7, 10, 12, 13, 11, 18, 19, 22, 23, 20, 21, 30, 31, 28, 29, 36, 37, 39, 38, 44, 45, 48, 49, 26, 27, 58, 59, 60, 61, 64, 65, 70, 71, 56, 62, 57, 50, 77, 51, 79, 80, 81, 43, 63, 34, 96, 97, 100, 101, 92, 42, 76, 35, 110, 111, 113, 112, 118, 119, 124, 125, 93, 78, 132, 133, 136, 137, 94, 95, 87, 86, 16, 17, 148, 149, 146, 150, 151, 152, 153, 156, 157, 147, 160, 161, 162, 163, 165, 164, 168, 169, 172, 173, 177, 174, 175, 176, 186, 187, 188, 189, 190, 191, 192, 193, 200, 201, 154, 155, 123, 122, 197, 210, 214, 215, 211, 196, 138, 82, 139, 72, 73, 83, 85, 84, 134, 135, 166, 167, 236, 237, 159, 143, 142, 144, 235, 158, 69, 238, 239, 246, 249, 250, 251, 253, 254, 255, 252, 247, 248, 91, 274, 275, 145, 227, 280, 184, 226, 234, 281, 183, 126, 68, 289, 127, 288, 194, 232, 233, 195, 90, 306, 307, 309, 310, 311, 312, 313, 314, 315, 308, 229, 320, 321, 185, 228, 182, 285, 284, 330, 331, 334, 335, 336, 337, 213, 212, 342, 343, 240, 241, 279, 278, 346, 347, 205, 204, 105, 104, 341, 353, 356, 357, 358, 362, 364, 365, 367, 366, 352, 225, 287, 340, 370, 371, 372, 373, 318, 54, 130, 55, 374, 375, 376, 377, 378, 379, 380, 381, 385, 382, 386, 387, 383, 384, 388, 389, 305, 319, 304, 390, 391, 392, 393, 359, 296, 291, 292, 394, 395, 396, 397, 290, 286, 297, 293, 181, 180, 398, 399, 400, 401, 404, 405, 406, 407, 408, 409, 410, 411, 264, 224, 412, 413, 131, 208, 418, 419, 420, 421, 422, 423, 428, 429, 114, 242, 263, 432, 433, 435, 436, 437, 434, 256, 438, 439, 262, 257, 440, 441, 324, 266, 325, 442, 443, 265, 267, 209, 446, 447, 243, 450, 451, 452, 453, 115, 456, 457, 458, 459, 460, 461, 363, 221, 220, 462, 463, 464, 465, 466, 467, 470, 471, 474, 475, 478, 479, 268, 269, 403, 369, 216, 345, 317, 481, 480, 454, 468, 483, 482, 472, 485, 484, 339, 487, 489, 491, 493, 495, 494, 492, 490, 488, 486, 203, 496, 497, 74, 179, 322, 223, 499, 498, 431, 501, 503, 505, 507, 506, 504, 502, 500, 170, 9, 206, 328, 509, 511, 513, 512, 515, 514, 517, 516, 519, 530, 531, 525]
  列生成求解结果: 目标值=11.0000， 下界=9.0000， 上界=10.0000

处理节点 527
  开始列生成求解...
Set parameter LogToConsole to value 0
Set parameter Threads to value 1
Set parameter Seed to value 0
  定价策略: Exact, node=527, vertices=12
Set parameter PoolSearchMode to value 2
Set parameter PoolSolutions to value 10
[CG 1] RMP=9.000000, pricing=ExactPricingSolver, new_columns=0
  搜索路径: [1, 2, 3, 6, 7, 10, 12, 13, 11, 18, 19, 22, 23, 20, 21, 30, 31, 28, 29, 36, 37, 39, 38, 44, 45, 48, 49, 26, 27, 58, 59, 60, 61, 64, 65, 70, 71, 56, 62, 57, 50, 77, 51, 79, 80, 81, 43, 63, 34, 96, 97, 100, 101, 92, 42, 76, 35, 110, 111, 113, 112, 118, 119, 124, 125, 93, 78, 132, 133, 136, 137, 94, 95, 87, 86, 16, 17, 148, 149, 146, 150, 151, 152, 153, 156, 157, 147, 160, 161, 162, 163, 165, 164, 168, 169, 172, 173, 177, 174, 175, 176, 186, 187, 188, 189, 190, 191, 192, 193, 200, 201, 154, 155, 123, 122, 197, 210, 214, 215, 211, 196, 138, 82, 139, 72, 73, 83, 85, 84, 134, 135, 166, 167, 236, 237, 159, 143, 142, 144, 235, 158, 69, 238, 239, 246, 249, 250, 251, 253, 254, 255, 252, 247, 248, 91, 274, 275, 145, 227, 280, 184, 226, 234, 281, 183, 126, 68, 289, 127, 288, 194, 232, 233, 195, 90, 306, 307, 309, 310, 311, 312, 313, 314, 315, 308, 229, 320, 321, 185, 228, 182, 285, 284, 330, 331, 334, 335, 336, 337, 213, 212, 342, 343, 240, 241, 279, 278, 346, 347, 205, 204, 105, 104, 341, 353, 356, 357, 358, 362, 364, 365, 367, 366, 352, 225, 287, 340, 370, 371, 372, 373, 318, 54, 130, 55, 374, 375, 376, 377, 378, 379, 380, 381, 385, 382, 386, 387, 383, 384, 388, 389, 305, 319, 304, 390, 391, 392, 393, 359, 296, 291, 292, 394, 395, 396, 397, 290, 286, 297, 293, 181, 180, 398, 399, 400, 401, 404, 405, 406, 407, 408, 409, 410, 411, 264, 224, 412, 413, 131, 208, 418, 419, 420, 421, 422, 423, 428, 429, 114, 242, 263, 432, 433, 435, 436, 437, 434, 256, 438, 439, 262, 257, 440, 441, 324, 266, 325, 442, 443, 265, 267, 209, 446, 447, 243, 450, 451, 452, 453, 115, 456, 457, 458, 459, 460, 461, 363, 221, 220, 462, 463, 464, 465, 466, 467, 470, 471, 474, 475, 478, 479, 268, 269, 403, 369, 216, 345, 317, 481, 480, 454, 468, 483, 482, 472, 485, 484, 339, 487, 489, 491, 493, 495, 494, 492, 490, 488, 486, 203, 496, 497, 74, 179, 322, 223, 499, 498, 431, 501, 503, 505, 507, 506, 504, 502, 500, 170, 9, 206, 328, 509, 511, 513, 512, 515, 514, 517, 516, 519, 530, 531, 525, 527]
  列生成求解结果: 目标值=9.0000， 下界=9.0000， 上界=10.0000
    非整数变量: COL_1-18-23-9_29 = 0.100000
  解不是整数，开始分支...
ImposedVertex(vertex=28)
ForbidVertex(vertex=28)
  创建了 2 个分支
    添加分支节点 1: ID=534
    添加分支节点 2: ID=535

处理节点 529
  开始列生成求解...
Set parameter LogToConsole to value 0
Set parameter Threads to value 1
Set parameter Seed to value 0
  定价策略: Exact, node=529, vertices=10
Set parameter PoolSearchMode to value 2
Set parameter PoolSolutions to value 10
[CG 1] RMP=12.000000, pricing=ExactPricingSolver, new_columns=0
  搜索路径: [1, 2, 3, 6, 7, 10, 12, 13, 11, 18, 19, 22, 23, 20, 21, 30, 31, 28, 29, 36, 37, 39, 38, 44, 45, 48, 49, 26, 27, 58, 59, 60, 61, 64, 65, 70, 71, 56, 62, 57, 50, 77, 51, 79, 80, 81, 43, 63, 34, 96, 97, 100, 101, 92, 42, 76, 35, 110, 111, 113, 112, 118, 119, 124, 125, 93, 78, 132, 133, 136, 137, 94, 95, 87, 86, 16, 17, 148, 149, 146, 150, 151, 152, 153, 156, 157, 147, 160, 161, 162, 163, 165, 164, 168, 169, 172, 173, 177, 174, 175, 176, 186, 187, 188, 189, 190, 191, 192, 193, 200, 201, 154, 155, 123, 122, 197, 210, 214, 215, 211, 196, 138, 82, 139, 72, 73, 83, 85, 84, 134, 135, 166, 167, 236, 237, 159, 143, 142, 144, 235, 158, 69, 238, 239, 246, 249, 250, 251, 253, 254, 255, 252, 247, 248, 91, 274, 275, 145, 227, 280, 184, 226, 234, 281, 183, 126, 68, 289, 127, 288, 194, 232, 233, 195, 90, 306, 307, 309, 310, 311, 312, 313, 314, 315, 308, 229, 320, 321, 185, 228, 182, 285, 284, 330, 331, 334, 335, 336, 337, 213, 212, 342, 343, 240, 241, 279, 278, 346, 347, 205, 204, 105, 104, 341, 353, 356, 357, 358, 362, 364, 365, 367, 366, 352, 225, 287, 340, 370, 371, 372, 373, 318, 54, 130, 55, 374, 375, 376, 377, 378, 379, 380, 381, 385, 382, 386, 387, 383, 384, 388, 389, 305, 319, 304, 390, 391, 392, 393, 359, 296, 291, 292, 394, 395, 396, 397, 290, 286, 297, 293, 181, 180, 398, 399, 400, 401, 404, 405, 406, 407, 408, 409, 410, 411, 264, 224, 412, 413, 131, 208, 418, 419, 420, 421, 422, 423, 428, 429, 114, 242, 263, 432, 433, 435, 436, 437, 434, 256, 438, 439, 262, 257, 440, 441, 324, 266, 325, 442, 443, 265, 267, 209, 446, 447, 243, 450, 451, 452, 453, 115, 456, 457, 458, 459, 460, 461, 363, 221, 220, 462, 463, 464, 465, 466, 467, 470, 471, 474, 475, 478, 479, 268, 269, 403, 369, 216, 345, 317, 481, 480, 454, 468, 483, 482, 472, 485, 484, 339, 487, 489, 491, 493, 495, 494, 492, 490, 488, 486, 203, 496, 497, 74, 179, 322, 223, 499, 498, 431, 501, 503, 505, 507, 506, 504, 502, 500, 170, 9, 206, 328, 509, 511, 513, 512, 515, 514, 517, 516, 519, 530, 531, 525, 527, 529]
  列生成求解结果: 目标值=12.0000， 下界=9.0000， 上界=10.0000

处理节点 351
  开始列生成求解...
Set parameter LogToConsole to value 0
Set parameter Threads to value 1
Set parameter Seed to value 0
  定价策略: Exact, node=351, vertices=12
Set parameter PoolSearchMode to value 2
Set parameter PoolSolutions to value 10
[CG 1] RMP=9.000000, pricing=ExactPricingSolver, new_columns=0
  搜索路径: [1, 2, 3, 6, 7, 10, 12, 13, 11, 18, 19, 22, 23, 20, 21, 30, 31, 28, 29, 36, 37, 39, 38, 44, 45, 48, 49, 26, 27, 58, 59, 60, 61, 64, 65, 70, 71, 56, 62, 57, 50, 77, 51, 79, 80, 81, 43, 63, 34, 96, 97, 100, 101, 92, 42, 76, 35, 110, 111, 113, 112, 118, 119, 124, 125, 93, 78, 132, 133, 136, 137, 94, 95, 87, 86, 16, 17, 148, 149, 146, 150, 151, 152, 153, 156, 157, 147, 160, 161, 162, 163, 165, 164, 168, 169, 172, 173, 177, 174, 175, 176, 186, 187, 188, 189, 190, 191, 192, 193, 200, 201, 154, 155, 123, 122, 197, 210, 214, 215, 211, 196, 138, 82, 139, 72, 73, 83, 85, 84, 134, 135, 166, 167, 236, 237, 159, 143, 142, 144, 235, 158, 69, 238, 239, 246, 249, 250, 251, 253, 254, 255, 252, 247, 248, 91, 274, 275, 145, 227, 280, 184, 226, 234, 281, 183, 126, 68, 289, 127, 288, 194, 232, 233, 195, 90, 306, 307, 309, 310, 311, 312, 313, 314, 315, 308, 229, 320, 321, 185, 228, 182, 285, 284, 330, 331, 334, 335, 336, 337, 213, 212, 342, 343, 240, 241, 279, 278, 346, 347, 205, 204, 105, 104, 341, 353, 356, 357, 358, 362, 364, 365, 367, 366, 352, 225, 287, 340, 370, 371, 372, 373, 318, 54, 130, 55, 374, 375, 376, 377, 378, 379, 380, 381, 385, 382, 386, 387, 383, 384, 388, 389, 305, 319, 304, 390, 391, 392, 393, 359, 296, 291, 292, 394, 395, 396, 397, 290, 286, 297, 293, 181, 180, 398, 399, 400, 401, 404, 405, 406, 407, 408, 409, 410, 411, 264, 224, 412, 413, 131, 208, 418, 419, 420, 421, 422, 423, 428, 429, 114, 242, 263, 432, 433, 435, 436, 437, 434, 256, 438, 439, 262, 257, 440, 441, 324, 266, 325, 442, 443, 265, 267, 209, 446, 447, 243, 450, 451, 452, 453, 115, 456, 457, 458, 459, 460, 461, 363, 221, 220, 462, 463, 464, 465, 466, 467, 470, 471, 474, 475, 478, 479, 268, 269, 403, 369, 216, 345, 317, 481, 480, 454, 468, 483, 482, 472, 485, 484, 339, 487, 489, 491, 493, 495, 494, 492, 490, 488, 486, 203, 496, 497, 74, 179, 322, 223, 499, 498, 431, 501, 503, 505, 507, 506, 504, 502, 500, 170, 9, 206, 328, 509, 511, 513, 512, 515, 514, 517, 516, 519, 530, 531, 525, 527, 529, 351]
  列生成求解结果: 目标值=9.0000， 下界=9.0000， 上界=10.0000
    非整数变量: COL_1-18-23-7-9_33 = 0.500000
  解不是整数，开始分支...
ImposedVertex(vertex=27)
ForbidVertex(vertex=27)
  创建了 2 个分支
    添加分支节点 1: ID=536
    添加分支节点 2: ID=537

处理节点 533
  开始列生成求解...
Set parameter LogToConsole to value 0
Set parameter Threads to value 1
Set parameter Seed to value 0
  定价策略: Exact, node=533, vertices=14
Set parameter PoolSearchMode to value 2
Set parameter PoolSolutions to value 10
[CG 1] RMP=14.000000, pricing=ExactPricingSolver, new_columns=10
[CG 2] RMP=9.000000, pricing=ExactPricingSolver, new_columns=0
  搜索路径: [1, 2, 3, 6, 7, 10, 12, 13, 11, 18, 19, 22, 23, 20, 21, 30, 31, 28, 29, 36, 37, 39, 38, 44, 45, 48, 49, 26, 27, 58, 59, 60, 61, 64, 65, 70, 71, 56, 62, 57, 50, 77, 51, 79, 80, 81, 43, 63, 34, 96, 97, 100, 101, 92, 42, 76, 35, 110, 111, 113, 112, 118, 119, 124, 125, 93, 78, 132, 133, 136, 137, 94, 95, 87, 86, 16, 17, 148, 149, 146, 150, 151, 152, 153, 156, 157, 147, 160, 161, 162, 163, 165, 164, 168, 169, 172, 173, 177, 174, 175, 176, 186, 187, 188, 189, 190, 191, 192, 193, 200, 201, 154, 155, 123, 122, 197, 210, 214, 215, 211, 196, 138, 82, 139, 72, 73, 83, 85, 84, 134, 135, 166, 167, 236, 237, 159, 143, 142, 144, 235, 158, 69, 238, 239, 246, 249, 250, 251, 253, 254, 255, 252, 247, 248, 91, 274, 275, 145, 227, 280, 184, 226, 234, 281, 183, 126, 68, 289, 127, 288, 194, 232, 233, 195, 90, 306, 307, 309, 310, 311, 312, 313, 314, 315, 308, 229, 320, 321, 185, 228, 182, 285, 284, 330, 331, 334, 335, 336, 337, 213, 212, 342, 343, 240, 241, 279, 278, 346, 347, 205, 204, 105, 104, 341, 353, 356, 357, 358, 362, 364, 365, 367, 366, 352, 225, 287, 340, 370, 371, 372, 373, 318, 54, 130, 55, 374, 375, 376, 377, 378, 379, 380, 381, 385, 382, 386, 387, 383, 384, 388, 389, 305, 319, 304, 390, 391, 392, 393, 359, 296, 291, 292, 394, 395, 396, 397, 290, 286, 297, 293, 181, 180, 398, 399, 400, 401, 404, 405, 406, 407, 408, 409, 410, 411, 264, 224, 412, 413, 131, 208, 418, 419, 420, 421, 422, 423, 428, 429, 114, 242, 263, 432, 433, 435, 436, 437, 434, 256, 438, 439, 262, 257, 440, 441, 324, 266, 325, 442, 443, 265, 267, 209, 446, 447, 243, 450, 451, 452, 453, 115, 456, 457, 458, 459, 460, 461, 363, 221, 220, 462, 463, 464, 465, 466, 467, 470, 471, 474, 475, 478, 479, 268, 269, 403, 369, 216, 345, 317, 481, 480, 454, 468, 483, 482, 472, 485, 484, 339, 487, 489, 491, 493, 495, 494, 492, 490, 488, 486, 203, 496, 497, 74, 179, 322, 223, 499, 498, 431, 501, 503, 505, 507, 506, 504, 502, 500, 170, 9, 206, 328, 509, 511, 513, 512, 515, 514, 517, 516, 519, 530, 531, 525, 527, 529, 351, 533]
  列生成求解结果: 目标值=9.0000， 下界=9.0000， 上界=10.0000
    非整数变量: COL_2-20-22-5-7_2756 = 0.357143
  解不是整数，开始分支...
ImposedVertex(vertex=27)
ForbidVertex(vertex=27)
  创建了 2 个分支
    添加分支节点 1: ID=538
    添加分支节点 2: ID=539

处理节点 532
  开始列生成求解...
Set parameter LogToConsole to value 0
Set parameter Threads to value 1
Set parameter Seed to value 0
  定价策略: Exact, node=532, vertices=14
Set parameter PoolSearchMode to value 2
Set parameter PoolSolutions to value 10
[CG 1] RMP=10.000000, pricing=ExactPricingSolver, new_columns=0
  搜索路径: [1, 2, 3, 6, 7, 10, 12, 13, 11, 18, 19, 22, 23, 20, 21, 30, 31, 28, 29, 36, 37, 39, 38, 44, 45, 48, 49, 26, 27, 58, 59, 60, 61, 64, 65, 70, 71, 56, 62, 57, 50, 77, 51, 79, 80, 81, 43, 63, 34, 96, 97, 100, 101, 92, 42, 76, 35, 110, 111, 113, 112, 118, 119, 124, 125, 93, 78, 132, 133, 136, 137, 94, 95, 87, 86, 16, 17, 148, 149, 146, 150, 151, 152, 153, 156, 157, 147, 160, 161, 162, 163, 165, 164, 168, 169, 172, 173, 177, 174, 175, 176, 186, 187, 188, 189, 190, 191, 192, 193, 200, 201, 154, 155, 123, 122, 197, 210, 214, 215, 211, 196, 138, 82, 139, 72, 73, 83, 85, 84, 134, 135, 166, 167, 236, 237, 159, 143, 142, 144, 235, 158, 69, 238, 239, 246, 249, 250, 251, 253, 254, 255, 252, 247, 248, 91, 274, 275, 145, 227, 280, 184, 226, 234, 281, 183, 126, 68, 289, 127, 288, 194, 232, 233, 195, 90, 306, 307, 309, 310, 311, 312, 313, 314, 315, 308, 229, 320, 321, 185, 228, 182, 285, 284, 330, 331, 334, 335, 336, 337, 213, 212, 342, 343, 240, 241, 279, 278, 346, 347, 205, 204, 105, 104, 341, 353, 356, 357, 358, 362, 364, 365, 367, 366, 352, 225, 287, 340, 370, 371, 372, 373, 318, 54, 130, 55, 374, 375, 376, 377, 378, 379, 380, 381, 385, 382, 386, 387, 383, 384, 388, 389, 305, 319, 304, 390, 391, 392, 393, 359, 296, 291, 292, 394, 395, 396, 397, 290, 286, 297, 293, 181, 180, 398, 399, 400, 401, 404, 405, 406, 407, 408, 409, 410, 411, 264, 224, 412, 413, 131, 208, 418, 419, 420, 421, 422, 423, 428, 429, 114, 242, 263, 432, 433, 435, 436, 437, 434, 256, 438, 439, 262, 257, 440, 441, 324, 266, 325, 442, 443, 265, 267, 209, 446, 447, 243, 450, 451, 452, 453, 115, 456, 457, 458, 459, 460, 461, 363, 221, 220, 462, 463, 464, 465, 466, 467, 470, 471, 474, 475, 478, 479, 268, 269, 403, 369, 216, 345, 317, 481, 480, 454, 468, 483, 482, 472, 485, 484, 339, 487, 489, 491, 493, 495, 494, 492, 490, 488, 486, 203, 496, 497, 74, 179, 322, 223, 499, 498, 431, 501, 503, 505, 507, 506, 504, 502, 500, 170, 9, 206, 328, 509, 511, 513, 512, 515, 514, 517, 516, 519, 530, 531, 525, 527, 529, 351, 533, 532]
  列生成求解结果: 目标值=10.0000， 下界=9.0000， 上界=10.0000

处理节点 302
  开始列生成求解...
Set parameter LogToConsole to value 0
Set parameter Threads to value 1
Set parameter Seed to value 0
  定价策略: Exact, node=302, vertices=16
Set parameter PoolSearchMode to value 2
Set parameter PoolSolutions to value 10
[CG 1] RMP=9.000000, pricing=ExactPricingSolver, new_columns=0
  搜索路径: [1, 2, 3, 6, 7, 10, 12, 13, 11, 18, 19, 22, 23, 20, 21, 30, 31, 28, 29, 36, 37, 39, 38, 44, 45, 48, 49, 26, 27, 58, 59, 60, 61, 64, 65, 70, 71, 56, 62, 57, 50, 77, 51, 79, 80, 81, 43, 63, 34, 96, 97, 100, 101, 92, 42, 76, 35, 110, 111, 113, 112, 118, 119, 124, 125, 93, 78, 132, 133, 136, 137, 94, 95, 87, 86, 16, 17, 148, 149, 146, 150, 151, 152, 153, 156, 157, 147, 160, 161, 162, 163, 165, 164, 168, 169, 172, 173, 177, 174, 175, 176, 186, 187, 188, 189, 190, 191, 192, 193, 200, 201, 154, 155, 123, 122, 197, 210, 214, 215, 211, 196, 138, 82, 139, 72, 73, 83, 85, 84, 134, 135, 166, 167, 236, 237, 159, 143, 142, 144, 235, 158, 69, 238, 239, 246, 249, 250, 251, 253, 254, 255, 252, 247, 248, 91, 274, 275, 145, 227, 280, 184, 226, 234, 281, 183, 126, 68, 289, 127, 288, 194, 232, 233, 195, 90, 306, 307, 309, 310, 311, 312, 313, 314, 315, 308, 229, 320, 321, 185, 228, 182, 285, 284, 330, 331, 334, 335, 336, 337, 213, 212, 342, 343, 240, 241, 279, 278, 346, 347, 205, 204, 105, 104, 341, 353, 356, 357, 358, 362, 364, 365, 367, 366, 352, 225, 287, 340, 370, 371, 372, 373, 318, 54, 130, 55, 374, 375, 376, 377, 378, 379, 380, 381, 385, 382, 386, 387, 383, 384, 388, 389, 305, 319, 304, 390, 391, 392, 393, 359, 296, 291, 292, 394, 395, 396, 397, 290, 286, 297, 293, 181, 180, 398, 399, 400, 401, 404, 405, 406, 407, 408, 409, 410, 411, 264, 224, 412, 413, 131, 208, 418, 419, 420, 421, 422, 423, 428, 429, 114, 242, 263, 432, 433, 435, 436, 437, 434, 256, 438, 439, 262, 257, 440, 441, 324, 266, 325, 442, 443, 265, 267, 209, 446, 447, 243, 450, 451, 452, 453, 115, 456, 457, 458, 459, 460, 461, 363, 221, 220, 462, 463, 464, 465, 466, 467, 470, 471, 474, 475, 478, 479, 268, 269, 403, 369, 216, 345, 317, 481, 480, 454, 468, 483, 482, 472, 485, 484, 339, 487, 489, 491, 493, 495, 494, 492, 490, 488, 486, 203, 496, 497, 74, 179, 322, 223, 499, 498, 431, 501, 503, 505, 507, 506, 504, 502, 500, 170, 9, 206, 328, 509, 511, 513, 512, 515, 514, 517, 516, 519, 530, 531, 525, 527, 529, 351, 533, 532, 302]
  列生成求解结果: 目标值=9.0000， 下界=9.0000， 上界=10.0000
    非整数变量: COL_23_5 = 0.500000
  解不是整数，开始分支...
ImposedVertex(vertex=11)
ForbidVertex(vertex=11)
  创建了 2 个分支
    添加分支节点 1: ID=540
    添加分支节点 2: ID=541

处理节点 535
  开始列生成求解...
Set parameter LogToConsole to value 0
Set parameter Threads to value 1
Set parameter Seed to value 0
  定价策略: Exact, node=535, vertices=11
Set parameter PoolSearchMode to value 2
Set parameter PoolSolutions to value 10
[CG 1] RMP=10.000000, pricing=ExactPricingSolver, new_columns=0
  搜索路径: [1, 2, 3, 6, 7, 10, 12, 13, 11, 18, 19, 22, 23, 20, 21, 30, 31, 28, 29, 36, 37, 39, 38, 44, 45, 48, 49, 26, 27, 58, 59, 60, 61, 64, 65, 70, 71, 56, 62, 57, 50, 77, 51, 79, 80, 81, 43, 63, 34, 96, 97, 100, 101, 92, 42, 76, 35, 110, 111, 113, 112, 118, 119, 124, 125, 93, 78, 132, 133, 136, 137, 94, 95, 87, 86, 16, 17, 148, 149, 146, 150, 151, 152, 153, 156, 157, 147, 160, 161, 162, 163, 165, 164, 168, 169, 172, 173, 177, 174, 175, 176, 186, 187, 188, 189, 190, 191, 192, 193, 200, 201, 154, 155, 123, 122, 197, 210, 214, 215, 211, 196, 138, 82, 139, 72, 73, 83, 85, 84, 134, 135, 166, 167, 236, 237, 159, 143, 142, 144, 235, 158, 69, 238, 239, 246, 249, 250, 251, 253, 254, 255, 252, 247, 248, 91, 274, 275, 145, 227, 280, 184, 226, 234, 281, 183, 126, 68, 289, 127, 288, 194, 232, 233, 195, 90, 306, 307, 309, 310, 311, 312, 313, 314, 315, 308, 229, 320, 321, 185, 228, 182, 285, 284, 330, 331, 334, 335, 336, 337, 213, 212, 342, 343, 240, 241, 279, 278, 346, 347, 205, 204, 105, 104, 341, 353, 356, 357, 358, 362, 364, 365, 367, 366, 352, 225, 287, 340, 370, 371, 372, 373, 318, 54, 130, 55, 374, 375, 376, 377, 378, 379, 380, 381, 385, 382, 386, 387, 383, 384, 388, 389, 305, 319, 304, 390, 391, 392, 393, 359, 296, 291, 292, 394, 395, 396, 397, 290, 286, 297, 293, 181, 180, 398, 399, 400, 401, 404, 405, 406, 407, 408, 409, 410, 411, 264, 224, 412, 413, 131, 208, 418, 419, 420, 421, 422, 423, 428, 429, 114, 242, 263, 432, 433, 435, 436, 437, 434, 256, 438, 439, 262, 257, 440, 441, 324, 266, 325, 442, 443, 265, 267, 209, 446, 447, 243, 450, 451, 452, 453, 115, 456, 457, 458, 459, 460, 461, 363, 221, 220, 462, 463, 464, 465, 466, 467, 470, 471, 474, 475, 478, 479, 268, 269, 403, 369, 216, 345, 317, 481, 480, 454, 468, 483, 482, 472, 485, 484, 339, 487, 489, 491, 493, 495, 494, 492, 490, 488, 486, 203, 496, 497, 74, 179, 322, 223, 499, 498, 431, 501, 503, 505, 507, 506, 504, 502, 500, 170, 9, 206, 328, 509, 511, 513, 512, 515, 514, 517, 516, 519, 530, 531, 525, 527, 529, 351, 533, 532, 302, 535]
  列生成求解结果: 目标值=10.0000， 下界=9.0000， 上界=10.0000

处理节点 534
  开始列生成求解...
Set parameter LogToConsole to value 0
Set parameter Threads to value 1
Set parameter Seed to value 0
  定价策略: Exact, node=534, vertices=11
Set parameter PoolSearchMode to value 2
Set parameter PoolSolutions to value 10
[CG 1] RMP=12.000000, pricing=ExactPricingSolver, new_columns=0
  搜索路径: [1, 2, 3, 6, 7, 10, 12, 13, 11, 18, 19, 22, 23, 20, 21, 30, 31, 28, 29, 36, 37, 39, 38, 44, 45, 48, 49, 26, 27, 58, 59, 60, 61, 64, 65, 70, 71, 56, 62, 57, 50, 77, 51, 79, 80, 81, 43, 63, 34, 96, 97, 100, 101, 92, 42, 76, 35, 110, 111, 113, 112, 118, 119, 124, 125, 93, 78, 132, 133, 136, 137, 94, 95, 87, 86, 16, 17, 148, 149, 146, 150, 151, 152, 153, 156, 157, 147, 160, 161, 162, 163, 165, 164, 168, 169, 172, 173, 177, 174, 175, 176, 186, 187, 188, 189, 190, 191, 192, 193, 200, 201, 154, 155, 123, 122, 197, 210, 214, 215, 211, 196, 138, 82, 139, 72, 73, 83, 85, 84, 134, 135, 166, 167, 236, 237, 159, 143, 142, 144, 235, 158, 69, 238, 239, 246, 249, 250, 251, 253, 254, 255, 252, 247, 248, 91, 274, 275, 145, 227, 280, 184, 226, 234, 281, 183, 126, 68, 289, 127, 288, 194, 232, 233, 195, 90, 306, 307, 309, 310, 311, 312, 313, 314, 315, 308, 229, 320, 321, 185, 228, 182, 285, 284, 330, 331, 334, 335, 336, 337, 213, 212, 342, 343, 240, 241, 279, 278, 346, 347, 205, 204, 105, 104, 341, 353, 356, 357, 358, 362, 364, 365, 367, 366, 352, 225, 287, 340, 370, 371, 372, 373, 318, 54, 130, 55, 374, 375, 376, 377, 378, 379, 380, 381, 385, 382, 386, 387, 383, 384, 388, 389, 305, 319, 304, 390, 391, 392, 393, 359, 296, 291, 292, 394, 395, 396, 397, 290, 286, 297, 293, 181, 180, 398, 399, 400, 401, 404, 405, 406, 407, 408, 409, 410, 411, 264, 224, 412, 413, 131, 208, 418, 419, 420, 421, 422, 423, 428, 429, 114, 242, 263, 432, 433, 435, 436, 437, 434, 256, 438, 439, 262, 257, 440, 441, 324, 266, 325, 442, 443, 265, 267, 209, 446, 447, 243, 450, 451, 452, 453, 115, 456, 457, 458, 459, 460, 461, 363, 221, 220, 462, 463, 464, 465, 466, 467, 470, 471, 474, 475, 478, 479, 268, 269, 403, 369, 216, 345, 317, 481, 480, 454, 468, 483, 482, 472, 485, 484, 339, 487, 489, 491, 493, 495, 494, 492, 490, 488, 486, 203, 496, 497, 74, 179, 322, 223, 499, 498, 431, 501, 503, 505, 507, 506, 504, 502, 500, 170, 9, 206, 328, 509, 511, 513, 512, 515, 514, 517, 516, 519, 530, 531, 525, 527, 529, 351, 533, 532, 302, 535, 534]
  列生成求解结果: 目标值=12.0000， 下界=9.0000， 上界=10.0000

处理节点 537
  开始列生成求解...
Set parameter LogToConsole to value 0
Set parameter Threads to value 1
Set parameter Seed to value 0
  定价策略: Exact, node=537, vertices=11
Set parameter PoolSearchMode to value 2
Set parameter PoolSolutions to value 10
[CG 1] RMP=12.000000, pricing=ExactPricingSolver, new_columns=0
  搜索路径: [1, 2, 3, 6, 7, 10, 12, 13, 11, 18, 19, 22, 23, 20, 21, 30, 31, 28, 29, 36, 37, 39, 38, 44, 45, 48, 49, 26, 27, 58, 59, 60, 61, 64, 65, 70, 71, 56, 62, 57, 50, 77, 51, 79, 80, 81, 43, 63, 34, 96, 97, 100, 101, 92, 42, 76, 35, 110, 111, 113, 112, 118, 119, 124, 125, 93, 78, 132, 133, 136, 137, 94, 95, 87, 86, 16, 17, 148, 149, 146, 150, 151, 152, 153, 156, 157, 147, 160, 161, 162, 163, 165, 164, 168, 169, 172, 173, 177, 174, 175, 176, 186, 187, 188, 189, 190, 191, 192, 193, 200, 201, 154, 155, 123, 122, 197, 210, 214, 215, 211, 196, 138, 82, 139, 72, 73, 83, 85, 84, 134, 135, 166, 167, 236, 237, 159, 143, 142, 144, 235, 158, 69, 238, 239, 246, 249, 250, 251, 253, 254, 255, 252, 247, 248, 91, 274, 275, 145, 227, 280, 184, 226, 234, 281, 183, 126, 68, 289, 127, 288, 194, 232, 233, 195, 90, 306, 307, 309, 310, 311, 312, 313, 314, 315, 308, 229, 320, 321, 185, 228, 182, 285, 284, 330, 331, 334, 335, 336, 337, 213, 212, 342, 343, 240, 241, 279, 278, 346, 347, 205, 204, 105, 104, 341, 353, 356, 357, 358, 362, 364, 365, 367, 366, 352, 225, 287, 340, 370, 371, 372, 373, 318, 54, 130, 55, 374, 375, 376, 377, 378, 379, 380, 381, 385, 382, 386, 387, 383, 384, 388, 389, 305, 319, 304, 390, 391, 392, 393, 359, 296, 291, 292, 394, 395, 396, 397, 290, 286, 297, 293, 181, 180, 398, 399, 400, 401, 404, 405, 406, 407, 408, 409, 410, 411, 264, 224, 412, 413, 131, 208, 418, 419, 420, 421, 422, 423, 428, 429, 114, 242, 263, 432, 433, 435, 436, 437, 434, 256, 438, 439, 262, 257, 440, 441, 324, 266, 325, 442, 443, 265, 267, 209, 446, 447, 243, 450, 451, 452, 453, 115, 456, 457, 458, 459, 460, 461, 363, 221, 220, 462, 463, 464, 465, 466, 467, 470, 471, 474, 475, 478, 479, 268, 269, 403, 369, 216, 345, 317, 481, 480, 454, 468, 483, 482, 472, 485, 484, 339, 487, 489, 491, 493, 495, 494, 492, 490, 488, 486, 203, 496, 497, 74, 179, 322, 223, 499, 498, 431, 501, 503, 505, 507, 506, 504, 502, 500, 170, 9, 206, 328, 509, 511, 513, 512, 515, 514, 517, 516, 519, 530, 531, 525, 527, 529, 351, 533, 532, 302, 535, 534, 537]
  列生成求解结果: 目标值=12.0000， 下界=9.0000， 上界=10.0000

处理节点 539
  开始列生成求解...
Set parameter LogToConsole to value 0
Set parameter Threads to value 1
Set parameter Seed to value 0
  定价策略: Exact, node=539, vertices=13
Set parameter PoolSearchMode to value 2
Set parameter PoolSolutions to value 10
[CG 1] RMP=12.000000, pricing=ExactPricingSolver, new_columns=0
  搜索路径: [1, 2, 3, 6, 7, 10, 12, 13, 11, 18, 19, 22, 23, 20, 21, 30, 31, 28, 29, 36, 37, 39, 38, 44, 45, 48, 49, 26, 27, 58, 59, 60, 61, 64, 65, 70, 71, 56, 62, 57, 50, 77, 51, 79, 80, 81, 43, 63, 34, 96, 97, 100, 101, 92, 42, 76, 35, 110, 111, 113, 112, 118, 119, 124, 125, 93, 78, 132, 133, 136, 137, 94, 95, 87, 86, 16, 17, 148, 149, 146, 150, 151, 152, 153, 156, 157, 147, 160, 161, 162, 163, 165, 164, 168, 169, 172, 173, 177, 174, 175, 176, 186, 187, 188, 189, 190, 191, 192, 193, 200, 201, 154, 155, 123, 122, 197, 210, 214, 215, 211, 196, 138, 82, 139, 72, 73, 83, 85, 84, 134, 135, 166, 167, 236, 237, 159, 143, 142, 144, 235, 158, 69, 238, 239, 246, 249, 250, 251, 253, 254, 255, 252, 247, 248, 91, 274, 275, 145, 227, 280, 184, 226, 234, 281, 183, 126, 68, 289, 127, 288, 194, 232, 233, 195, 90, 306, 307, 309, 310, 311, 312, 313, 314, 315, 308, 229, 320, 321, 185, 228, 182, 285, 284, 330, 331, 334, 335, 336, 337, 213, 212, 342, 343, 240, 241, 279, 278, 346, 347, 205, 204, 105, 104, 341, 353, 356, 357, 358, 362, 364, 365, 367, 366, 352, 225, 287, 340, 370, 371, 372, 373, 318, 54, 130, 55, 374, 375, 376, 377, 378, 379, 380, 381, 385, 382, 386, 387, 383, 384, 388, 389, 305, 319, 304, 390, 391, 392, 393, 359, 296, 291, 292, 394, 395, 396, 397, 290, 286, 297, 293, 181, 180, 398, 399, 400, 401, 404, 405, 406, 407, 408, 409, 410, 411, 264, 224, 412, 413, 131, 208, 418, 419, 420, 421, 422, 423, 428, 429, 114, 242, 263, 432, 433, 435, 436, 437, 434, 256, 438, 439, 262, 257, 440, 441, 324, 266, 325, 442, 443, 265, 267, 209, 446, 447, 243, 450, 451, 452, 453, 115, 456, 457, 458, 459, 460, 461, 363, 221, 220, 462, 463, 464, 465, 466, 467, 470, 471, 474, 475, 478, 479, 268, 269, 403, 369, 216, 345, 317, 481, 480, 454, 468, 483, 482, 472, 485, 484, 339, 487, 489, 491, 493, 495, 494, 492, 490, 488, 486, 203, 496, 497, 74, 179, 322, 223, 499, 498, 431, 501, 503, 505, 507, 506, 504, 502, 500, 170, 9, 206, 328, 509, 511, 513, 512, 515, 514, 517, 516, 519, 530, 531, 525, 527, 529, 351, 533, 532, 302, 535, 534, 537, 539]
  列生成求解结果: 目标值=12.0000， 下界=9.0000， 上界=10.0000

处理节点 538
  开始列生成求解...
Set parameter LogToConsole to value 0
Set parameter Threads to value 1
Set parameter Seed to value 0
  定价策略: Exact, node=538, vertices=13
Set parameter PoolSearchMode to value 2
Set parameter PoolSolutions to value 10
[CG 1] RMP=11.000000, pricing=ExactPricingSolver, new_columns=0
  搜索路径: [1, 2, 3, 6, 7, 10, 12, 13, 11, 18, 19, 22, 23, 20, 21, 30, 31, 28, 29, 36, 37, 39, 38, 44, 45, 48, 49, 26, 27, 58, 59, 60, 61, 64, 65, 70, 71, 56, 62, 57, 50, 77, 51, 79, 80, 81, 43, 63, 34, 96, 97, 100, 101, 92, 42, 76, 35, 110, 111, 113, 112, 118, 119, 124, 125, 93, 78, 132, 133, 136, 137, 94, 95, 87, 86, 16, 17, 148, 149, 146, 150, 151, 152, 153, 156, 157, 147, 160, 161, 162, 163, 165, 164, 168, 169, 172, 173, 177, 174, 175, 176, 186, 187, 188, 189, 190, 191, 192, 193, 200, 201, 154, 155, 123, 122, 197, 210, 214, 215, 211, 196, 138, 82, 139, 72, 73, 83, 85, 84, 134, 135, 166, 167, 236, 237, 159, 143, 142, 144, 235, 158, 69, 238, 239, 246, 249, 250, 251, 253, 254, 255, 252, 247, 248, 91, 274, 275, 145, 227, 280, 184, 226, 234, 281, 183, 126, 68, 289, 127, 288, 194, 232, 233, 195, 90, 306, 307, 309, 310, 311, 312, 313, 314, 315, 308, 229, 320, 321, 185, 228, 182, 285, 284, 330, 331, 334, 335, 336, 337, 213, 212, 342, 343, 240, 241, 279, 278, 346, 347, 205, 204, 105, 104, 341, 353, 356, 357, 358, 362, 364, 365, 367, 366, 352, 225, 287, 340, 370, 371, 372, 373, 318, 54, 130, 55, 374, 375, 376, 377, 378, 379, 380, 381, 385, 382, 386, 387, 383, 384, 388, 389, 305, 319, 304, 390, 391, 392, 393, 359, 296, 291, 292, 394, 395, 396, 397, 290, 286, 297, 293, 181, 180, 398, 399, 400, 401, 404, 405, 406, 407, 408, 409, 410, 411, 264, 224, 412, 413, 131, 208, 418, 419, 420, 421, 422, 423, 428, 429, 114, 242, 263, 432, 433, 435, 436, 437, 434, 256, 438, 439, 262, 257, 440, 441, 324, 266, 325, 442, 443, 265, 267, 209, 446, 447, 243, 450, 451, 452, 453, 115, 456, 457, 458, 459, 460, 461, 363, 221, 220, 462, 463, 464, 465, 466, 467, 470, 471, 474, 475, 478, 479, 268, 269, 403, 369, 216, 345, 317, 481, 480, 454, 468, 483, 482, 472, 485, 484, 339, 487, 489, 491, 493, 495, 494, 492, 490, 488, 486, 203, 496, 497, 74, 179, 322, 223, 499, 498, 431, 501, 503, 505, 507, 506, 504, 502, 500, 170, 9, 206, 328, 509, 511, 513, 512, 515, 514, 517, 516, 519, 530, 531, 525, 527, 529, 351, 533, 532, 302, 535, 534, 537, 539, 538]
  列生成求解结果: 目标值=11.0000， 下界=9.0000， 上界=10.0000

处理节点 541
  开始列生成求解...
Set parameter LogToConsole to value 0
Set parameter Threads to value 1
Set parameter Seed to value 0
  定价策略: Exact, node=541, vertices=15
Set parameter PoolSearchMode to value 2
Set parameter PoolSolutions to value 10
[CG 1] RMP=9.000000, pricing=ExactPricingSolver, new_columns=0
  搜索路径: [1, 2, 3, 6, 7, 10, 12, 13, 11, 18, 19, 22, 23, 20, 21, 30, 31, 28, 29, 36, 37, 39, 38, 44, 45, 48, 49, 26, 27, 58, 59, 60, 61, 64, 65, 70, 71, 56, 62, 57, 50, 77, 51, 79, 80, 81, 43, 63, 34, 96, 97, 100, 101, 92, 42, 76, 35, 110, 111, 113, 112, 118, 119, 124, 125, 93, 78, 132, 133, 136, 137, 94, 95, 87, 86, 16, 17, 148, 149, 146, 150, 151, 152, 153, 156, 157, 147, 160, 161, 162, 163, 165, 164, 168, 169, 172, 173, 177, 174, 175, 176, 186, 187, 188, 189, 190, 191, 192, 193, 200, 201, 154, 155, 123, 122, 197, 210, 214, 215, 211, 196, 138, 82, 139, 72, 73, 83, 85, 84, 134, 135, 166, 167, 236, 237, 159, 143, 142, 144, 235, 158, 69, 238, 239, 246, 249, 250, 251, 253, 254, 255, 252, 247, 248, 91, 274, 275, 145, 227, 280, 184, 226, 234, 281, 183, 126, 68, 289, 127, 288, 194, 232, 233, 195, 90, 306, 307, 309, 310, 311, 312, 313, 314, 315, 308, 229, 320, 321, 185, 228, 182, 285, 284, 330, 331, 334, 335, 336, 337, 213, 212, 342, 343, 240, 241, 279, 278, 346, 347, 205, 204, 105, 104, 341, 353, 356, 357, 358, 362, 364, 365, 367, 366, 352, 225, 287, 340, 370, 371, 372, 373, 318, 54, 130, 55, 374, 375, 376, 377, 378, 379, 380, 381, 385, 382, 386, 387, 383, 384, 388, 389, 305, 319, 304, 390, 391, 392, 393, 359, 296, 291, 292, 394, 395, 396, 397, 290, 286, 297, 293, 181, 180, 398, 399, 400, 401, 404, 405, 406, 407, 408, 409, 410, 411, 264, 224, 412, 413, 131, 208, 418, 419, 420, 421, 422, 423, 428, 429, 114, 242, 263, 432, 433, 435, 436, 437, 434, 256, 438, 439, 262, 257, 440, 441, 324, 266, 325, 442, 443, 265, 267, 209, 446, 447, 243, 450, 451, 452, 453, 115, 456, 457, 458, 459, 460, 461, 363, 221, 220, 462, 463, 464, 465, 466, 467, 470, 471, 474, 475, 478, 479, 268, 269, 403, 369, 216, 345, 317, 481, 480, 454, 468, 483, 482, 472, 485, 484, 339, 487, 489, 491, 493, 495, 494, 492, 490, 488, 486, 203, 496, 497, 74, 179, 322, 223, 499, 498, 431, 501, 503, 505, 507, 506, 504, 502, 500, 170, 9, 206, 328, 509, 511, 513, 512, 515, 514, 517, 516, 519, 530, 531, 525, 527, 529, 351, 533, 532, 302, 535, 534, 537, 539, 538, 541]
  列生成求解结果: 目标值=9.0000， 下界=9.0000， 上界=10.0000
    非整数变量: COL_18-23-9_27 = 0.250000
  解不是整数，开始分支...
ImposedVertex(vertex=12)
ForbidVertex(vertex=12)
  创建了 2 个分支
    添加分支节点 1: ID=542
    添加分支节点 2: ID=543

处理节点 540
  开始列生成求解...
Set parameter LogToConsole to value 0
Set parameter Threads to value 1
Set parameter Seed to value 0
  定价策略: Exact, node=540, vertices=13
Set parameter PoolSearchMode to value 2
Set parameter PoolSolutions to value 10
[CG 1] RMP=9.000000, pricing=ExactPricingSolver, new_columns=0
  搜索路径: [1, 2, 3, 6, 7, 10, 12, 13, 11, 18, 19, 22, 23, 20, 21, 30, 31, 28, 29, 36, 37, 39, 38, 44, 45, 48, 49, 26, 27, 58, 59, 60, 61, 64, 65, 70, 71, 56, 62, 57, 50, 77, 51, 79, 80, 81, 43, 63, 34, 96, 97, 100, 101, 92, 42, 76, 35, 110, 111, 113, 112, 118, 119, 124, 125, 93, 78, 132, 133, 136, 137, 94, 95, 87, 86, 16, 17, 148, 149, 146, 150, 151, 152, 153, 156, 157, 147, 160, 161, 162, 163, 165, 164, 168, 169, 172, 173, 177, 174, 175, 176, 186, 187, 188, 189, 190, 191, 192, 193, 200, 201, 154, 155, 123, 122, 197, 210, 214, 215, 211, 196, 138, 82, 139, 72, 73, 83, 85, 84, 134, 135, 166, 167, 236, 237, 159, 143, 142, 144, 235, 158, 69, 238, 239, 246, 249, 250, 251, 253, 254, 255, 252, 247, 248, 91, 274, 275, 145, 227, 280, 184, 226, 234, 281, 183, 126, 68, 289, 127, 288, 194, 232, 233, 195, 90, 306, 307, 309, 310, 311, 312, 313, 314, 315, 308, 229, 320, 321, 185, 228, 182, 285, 284, 330, 331, 334, 335, 336, 337, 213, 212, 342, 343, 240, 241, 279, 278, 346, 347, 205, 204, 105, 104, 341, 353, 356, 357, 358, 362, 364, 365, 367, 366, 352, 225, 287, 340, 370, 371, 372, 373, 318, 54, 130, 55, 374, 375, 376, 377, 378, 379, 380, 381, 385, 382, 386, 387, 383, 384, 388, 389, 305, 319, 304, 390, 391, 392, 393, 359, 296, 291, 292, 394, 395, 396, 397, 290, 286, 297, 293, 181, 180, 398, 399, 400, 401, 404, 405, 406, 407, 408, 409, 410, 411, 264, 224, 412, 413, 131, 208, 418, 419, 420, 421, 422, 423, 428, 429, 114, 242, 263, 432, 433, 435, 436, 437, 434, 256, 438, 439, 262, 257, 440, 441, 324, 266, 325, 442, 443, 265, 267, 209, 446, 447, 243, 450, 451, 452, 453, 115, 456, 457, 458, 459, 460, 461, 363, 221, 220, 462, 463, 464, 465, 466, 467, 470, 471, 474, 475, 478, 479, 268, 269, 403, 369, 216, 345, 317, 481, 480, 454, 468, 483, 482, 472, 485, 484, 339, 487, 489, 491, 493, 495, 494, 492, 490, 488, 486, 203, 496, 497, 74, 179, 322, 223, 499, 498, 431, 501, 503, 505, 507, 506, 504, 502, 500, 170, 9, 206, 328, 509, 511, 513, 512, 515, 514, 517, 516, 519, 530, 531, 525, 527, 529, 351, 533, 532, 302, 535, 534, 537, 539, 538, 541, 540]
  列生成求解结果: 目标值=9.0000， 下界=9.0000， 上界=10.0000
    非整数变量: COL_0-21_37 = 0.500000
  解不是整数，开始分支...
ImposedVertex(vertex=26)
ForbidVertex(vertex=26)
  创建了 2 个分支
    添加分支节点 1: ID=544
    添加分支节点 2: ID=545

处理节点 536
  开始列生成求解...
Set parameter LogToConsole to value 0
Set parameter Threads to value 1
Set parameter Seed to value 0
  定价策略: Exact, node=536, vertices=11
Set parameter PoolSearchMode to value 2
Set parameter PoolSolutions to value 10
[CG 1] RMP=2010.000000, pricing=ExactPricingSolver, new_columns=10
[CG 2] RMP=11.000000, pricing=ExactPricingSolver, new_columns=0
  搜索路径: [1, 2, 3, 6, 7, 10, 12, 13, 11, 18, 19, 22, 23, 20, 21, 30, 31, 28, 29, 36, 37, 39, 38, 44, 45, 48, 49, 26, 27, 58, 59, 60, 61, 64, 65, 70, 71, 56, 62, 57, 50, 77, 51, 79, 80, 81, 43, 63, 34, 96, 97, 100, 101, 92, 42, 76, 35, 110, 111, 113, 112, 118, 119, 124, 125, 93, 78, 132, 133, 136, 137, 94, 95, 87, 86, 16, 17, 148, 149, 146, 150, 151, 152, 153, 156, 157, 147, 160, 161, 162, 163, 165, 164, 168, 169, 172, 173, 177, 174, 175, 176, 186, 187, 188, 189, 190, 191, 192, 193, 200, 201, 154, 155, 123, 122, 197, 210, 214, 215, 211, 196, 138, 82, 139, 72, 73, 83, 85, 84, 134, 135, 166, 167, 236, 237, 159, 143, 142, 144, 235, 158, 69, 238, 239, 246, 249, 250, 251, 253, 254, 255, 252, 247, 248, 91, 274, 275, 145, 227, 280, 184, 226, 234, 281, 183, 126, 68, 289, 127, 288, 194, 232, 233, 195, 90, 306, 307, 309, 310, 311, 312, 313, 314, 315, 308, 229, 320, 321, 185, 228, 182, 285, 284, 330, 331, 334, 335, 336, 337, 213, 212, 342, 343, 240, 241, 279, 278, 346, 347, 205, 204, 105, 104, 341, 353, 356, 357, 358, 362, 364, 365, 367, 366, 352, 225, 287, 340, 370, 371, 372, 373, 318, 54, 130, 55, 374, 375, 376, 377, 378, 379, 380, 381, 385, 382, 386, 387, 383, 384, 388, 389, 305, 319, 304, 390, 391, 392, 393, 359, 296, 291, 292, 394, 395, 396, 397, 290, 286, 297, 293, 181, 180, 398, 399, 400, 401, 404, 405, 406, 407, 408, 409, 410, 411, 264, 224, 412, 413, 131, 208, 418, 419, 420, 421, 422, 423, 428, 429, 114, 242, 263, 432, 433, 435, 436, 437, 434, 256, 438, 439, 262, 257, 440, 441, 324, 266, 325, 442, 443, 265, 267, 209, 446, 447, 243, 450, 451, 452, 453, 115, 456, 457, 458, 459, 460, 461, 363, 221, 220, 462, 463, 464, 465, 466, 467, 470, 471, 474, 475, 478, 479, 268, 269, 403, 369, 216, 345, 317, 481, 480, 454, 468, 483, 482, 472, 485, 484, 339, 487, 489, 491, 493, 495, 494, 492, 490, 488, 486, 203, 496, 497, 74, 179, 322, 223, 499, 498, 431, 501, 503, 505, 507, 506, 504, 502, 500, 170, 9, 206, 328, 509, 511, 513, 512, 515, 514, 517, 516, 519, 530, 531, 525, 527, 529, 351, 533, 532, 302, 535, 534, 537, 539, 538, 541, 540, 536]
  列生成求解结果: 目标值=11.0000， 下界=9.0000， 上界=10.0000

处理节点 528
  开始列生成求解...
Set parameter LogToConsole to value 0
Set parameter Threads to value 1
Set parameter Seed to value 0
  定价策略: Exact, node=528, vertices=10
Set parameter PoolSearchMode to value 2
Set parameter PoolSolutions to value 10
[CG 1] RMP=10.000000, pricing=ExactPricingSolver, new_columns=10
[CG 2] RMP=10.000000, pricing=ExactPricingSolver, new_columns=0
  搜索路径: [1, 2, 3, 6, 7, 10, 12, 13, 11, 18, 19, 22, 23, 20, 21, 30, 31, 28, 29, 36, 37, 39, 38, 44, 45, 48, 49, 26, 27, 58, 59, 60, 61, 64, 65, 70, 71, 56, 62, 57, 50, 77, 51, 79, 80, 81, 43, 63, 34, 96, 97, 100, 101, 92, 42, 76, 35, 110, 111, 113, 112, 118, 119, 124, 125, 93, 78, 132, 133, 136, 137, 94, 95, 87, 86, 16, 17, 148, 149, 146, 150, 151, 152, 153, 156, 157, 147, 160, 161, 162, 163, 165, 164, 168, 169, 172, 173, 177, 174, 175, 176, 186, 187, 188, 189, 190, 191, 192, 193, 200, 201, 154, 155, 123, 122, 197, 210, 214, 215, 211, 196, 138, 82, 139, 72, 73, 83, 85, 84, 134, 135, 166, 167, 236, 237, 159, 143, 142, 144, 235, 158, 69, 238, 239, 246, 249, 250, 251, 253, 254, 255, 252, 247, 248, 91, 274, 275, 145, 227, 280, 184, 226, 234, 281, 183, 126, 68, 289, 127, 288, 194, 232, 233, 195, 90, 306, 307, 309, 310, 311, 312, 313, 314, 315, 308, 229, 320, 321, 185, 228, 182, 285, 284, 330, 331, 334, 335, 336, 337, 213, 212, 342, 343, 240, 241, 279, 278, 346, 347, 205, 204, 105, 104, 341, 353, 356, 357, 358, 362, 364, 365, 367, 366, 352, 225, 287, 340, 370, 371, 372, 373, 318, 54, 130, 55, 374, 375, 376, 377, 378, 379, 380, 381, 385, 382, 386, 387, 383, 384, 388, 389, 305, 319, 304, 390, 391, 392, 393, 359, 296, 291, 292, 394, 395, 396, 397, 290, 286, 297, 293, 181, 180, 398, 399, 400, 401, 404, 405, 406, 407, 408, 409, 410, 411, 264, 224, 412, 413, 131, 208, 418, 419, 420, 421, 422, 423, 428, 429, 114, 242, 263, 432, 433, 435, 436, 437, 434, 256, 438, 439, 262, 257, 440, 441, 324, 266, 325, 442, 443, 265, 267, 209, 446, 447, 243, 450, 451, 452, 453, 115, 456, 457, 458, 459, 460, 461, 363, 221, 220, 462, 463, 464, 465, 466, 467, 470, 471, 474, 475, 478, 479, 268, 269, 403, 369, 216, 345, 317, 481, 480, 454, 468, 483, 482, 472, 485, 484, 339, 487, 489, 491, 493, 495, 494, 492, 490, 488, 486, 203, 496, 497, 74, 179, 322, 223, 499, 498, 431, 501, 503, 505, 507, 506, 504, 502, 500, 170, 9, 206, 328, 509, 511, 513, 512, 515, 514, 517, 516, 519, 530, 531, 525, 527, 529, 351, 533, 532, 302, 535, 534, 537, 539, 538, 541, 540, 536, 528]
  列生成求解结果: 目标值=10.0000， 下界=9.0000， 上界=10.0000

处理节点 526
  开始列生成求解...
Set parameter LogToConsole to value 0
Set parameter Threads to value 1
Set parameter Seed to value 0
  定价策略: Exact, node=526, vertices=11
Set parameter PoolSearchMode to value 2
Set parameter PoolSolutions to value 10
[CG 1] RMP=12.000000, pricing=ExactPricingSolver, new_columns=10
[CG 2] RMP=12.000000, pricing=ExactPricingSolver, new_columns=10
[CG 3] RMP=10.000000, pricing=ExactPricingSolver, new_columns=10
[CG 4] RMP=10.000000, pricing=ExactPricingSolver, new_columns=0
  搜索路径: [1, 2, 3, 6, 7, 10, 12, 13, 11, 18, 19, 22, 23, 20, 21, 30, 31, 28, 29, 36, 37, 39, 38, 44, 45, 48, 49, 26, 27, 58, 59, 60, 61, 64, 65, 70, 71, 56, 62, 57, 50, 77, 51, 79, 80, 81, 43, 63, 34, 96, 97, 100, 101, 92, 42, 76, 35, 110, 111, 113, 112, 118, 119, 124, 125, 93, 78, 132, 133, 136, 137, 94, 95, 87, 86, 16, 17, 148, 149, 146, 150, 151, 152, 153, 156, 157, 147, 160, 161, 162, 163, 165, 164, 168, 169, 172, 173, 177, 174, 175, 176, 186, 187, 188, 189, 190, 191, 192, 193, 200, 201, 154, 155, 123, 122, 197, 210, 214, 215, 211, 196, 138, 82, 139, 72, 73, 83, 85, 84, 134, 135, 166, 167, 236, 237, 159, 143, 142, 144, 235, 158, 69, 238, 239, 246, 249, 250, 251, 253, 254, 255, 252, 247, 248, 91, 274, 275, 145, 227, 280, 184, 226, 234, 281, 183, 126, 68, 289, 127, 288, 194, 232, 233, 195, 90, 306, 307, 309, 310, 311, 312, 313, 314, 315, 308, 229, 320, 321, 185, 228, 182, 285, 284, 330, 331, 334, 335, 336, 337, 213, 212, 342, 343, 240, 241, 279, 278, 346, 347, 205, 204, 105, 104, 341, 353, 356, 357, 358, 362, 364, 365, 367, 366, 352, 225, 287, 340, 370, 371, 372, 373, 318, 54, 130, 55, 374, 375, 376, 377, 378, 379, 380, 381, 385, 382, 386, 387, 383, 384, 388, 389, 305, 319, 304, 390, 391, 392, 393, 359, 296, 291, 292, 394, 395, 396, 397, 290, 286, 297, 293, 181, 180, 398, 399, 400, 401, 404, 405, 406, 407, 408, 409, 410, 411, 264, 224, 412, 413, 131, 208, 418, 419, 420, 421, 422, 423, 428, 429, 114, 242, 263, 432, 433, 435, 436, 437, 434, 256, 438, 439, 262, 257, 440, 441, 324, 266, 325, 442, 443, 265, 267, 209, 446, 447, 243, 450, 451, 452, 453, 115, 456, 457, 458, 459, 460, 461, 363, 221, 220, 462, 463, 464, 465, 466, 467, 470, 471, 474, 475, 478, 479, 268, 269, 403, 369, 216, 345, 317, 481, 480, 454, 468, 483, 482, 472, 485, 484, 339, 487, 489, 491, 493, 495, 494, 492, 490, 488, 486, 203, 496, 497, 74, 179, 322, 223, 499, 498, 431, 501, 503, 505, 507, 506, 504, 502, 500, 170, 9, 206, 328, 509, 511, 513, 512, 515, 514, 517, 516, 519, 530, 531, 525, 527, 529, 351, 533, 532, 302, 535, 534, 537, 539, 538, 541, 540, 536, 528, 526]
  列生成求解结果: 目标值=10.0000， 下界=9.0000， 上界=10.0000

处理节点 524
  开始列生成求解...
Set parameter LogToConsole to value 0
Set parameter Threads to value 1
Set parameter Seed to value 0
  定价策略: Exact, node=524, vertices=15
Set parameter PoolSearchMode to value 2
Set parameter PoolSolutions to value 10
[CG 1] RMP=14.000000, pricing=ExactPricingSolver, new_columns=10
[CG 2] RMP=12.000000, pricing=ExactPricingSolver, new_columns=0
  搜索路径: [1, 2, 3, 6, 7, 10, 12, 13, 11, 18, 19, 22, 23, 20, 21, 30, 31, 28, 29, 36, 37, 39, 38, 44, 45, 48, 49, 26, 27, 58, 59, 60, 61, 64, 65, 70, 71, 56, 62, 57, 50, 77, 51, 79, 80, 81, 43, 63, 34, 96, 97, 100, 101, 92, 42, 76, 35, 110, 111, 113, 112, 118, 119, 124, 125, 93, 78, 132, 133, 136, 137, 94, 95, 87, 86, 16, 17, 148, 149, 146, 150, 151, 152, 153, 156, 157, 147, 160, 161, 162, 163, 165, 164, 168, 169, 172, 173, 177, 174, 175, 176, 186, 187, 188, 189, 190, 191, 192, 193, 200, 201, 154, 155, 123, 122, 197, 210, 214, 215, 211, 196, 138, 82, 139, 72, 73, 83, 85, 84, 134, 135, 166, 167, 236, 237, 159, 143, 142, 144, 235, 158, 69, 238, 239, 246, 249, 250, 251, 253, 254, 255, 252, 247, 248, 91, 274, 275, 145, 227, 280, 184, 226, 234, 281, 183, 126, 68, 289, 127, 288, 194, 232, 233, 195, 90, 306, 307, 309, 310, 311, 312, 313, 314, 315, 308, 229, 320, 321, 185, 228, 182, 285, 284, 330, 331, 334, 335, 336, 337, 213, 212, 342, 343, 240, 241, 279, 278, 346, 347, 205, 204, 105, 104, 341, 353, 356, 357, 358, 362, 364, 365, 367, 366, 352, 225, 287, 340, 370, 371, 372, 373, 318, 54, 130, 55, 374, 375, 376, 377, 378, 379, 380, 381, 385, 382, 386, 387, 383, 384, 388, 389, 305, 319, 304, 390, 391, 392, 393, 359, 296, 291, 292, 394, 395, 396, 397, 290, 286, 297, 293, 181, 180, 398, 399, 400, 401, 404, 405, 406, 407, 408, 409, 410, 411, 264, 224, 412, 413, 131, 208, 418, 419, 420, 421, 422, 423, 428, 429, 114, 242, 263, 432, 433, 435, 436, 437, 434, 256, 438, 439, 262, 257, 440, 441, 324, 266, 325, 442, 443, 265, 267, 209, 446, 447, 243, 450, 451, 452, 453, 115, 456, 457, 458, 459, 460, 461, 363, 221, 220, 462, 463, 464, 465, 466, 467, 470, 471, 474, 475, 478, 479, 268, 269, 403, 369, 216, 345, 317, 481, 480, 454, 468, 483, 482, 472, 485, 484, 339, 487, 489, 491, 493, 495, 494, 492, 490, 488, 486, 203, 496, 497, 74, 179, 322, 223, 499, 498, 431, 501, 503, 505, 507, 506, 504, 502, 500, 170, 9, 206, 328, 509, 511, 513, 512, 515, 514, 517, 516, 519, 530, 531, 525, 527, 529, 351, 533, 532, 302, 535, 534, 537, 539, 538, 541, 540, 536, 528, 526, 524]
  列生成求解结果: 目标值=12.0000， 下界=9.0000， 上界=10.0000

处理节点 543
  开始列生成求解...
Set parameter LogToConsole to value 0
Set parameter Threads to value 1
Set parameter Seed to value 0
  定价策略: Exact, node=543, vertices=14
Set parameter PoolSearchMode to value 2
Set parameter PoolSolutions to value 10
[CG 1] RMP=12.000000, pricing=ExactPricingSolver, new_columns=10
[CG 2] RMP=9.000000, pricing=ExactPricingSolver, new_columns=0
  搜索路径: [1, 2, 3, 6, 7, 10, 12, 13, 11, 18, 19, 22, 23, 20, 21, 30, 31, 28, 29, 36, 37, 39, 38, 44, 45, 48, 49, 26, 27, 58, 59, 60, 61, 64, 65, 70, 71, 56, 62, 57, 50, 77, 51, 79, 80, 81, 43, 63, 34, 96, 97, 100, 101, 92, 42, 76, 35, 110, 111, 113, 112, 118, 119, 124, 125, 93, 78, 132, 133, 136, 137, 94, 95, 87, 86, 16, 17, 148, 149, 146, 150, 151, 152, 153, 156, 157, 147, 160, 161, 162, 163, 165, 164, 168, 169, 172, 173, 177, 174, 175, 176, 186, 187, 188, 189, 190, 191, 192, 193, 200, 201, 154, 155, 123, 122, 197, 210, 214, 215, 211, 196, 138, 82, 139, 72, 73, 83, 85, 84, 134, 135, 166, 167, 236, 237, 159, 143, 142, 144, 235, 158, 69, 238, 239, 246, 249, 250, 251, 253, 254, 255, 252, 247, 248, 91, 274, 275, 145, 227, 280, 184, 226, 234, 281, 183, 126, 68, 289, 127, 288, 194, 232, 233, 195, 90, 306, 307, 309, 310, 311, 312, 313, 314, 315, 308, 229, 320, 321, 185, 228, 182, 285, 284, 330, 331, 334, 335, 336, 337, 213, 212, 342, 343, 240, 241, 279, 278, 346, 347, 205, 204, 105, 104, 341, 353, 356, 357, 358, 362, 364, 365, 367, 366, 352, 225, 287, 340, 370, 371, 372, 373, 318, 54, 130, 55, 374, 375, 376, 377, 378, 379, 380, 381, 385, 382, 386, 387, 383, 384, 388, 389, 305, 319, 304, 390, 391, 392, 393, 359, 296, 291, 292, 394, 395, 396, 397, 290, 286, 297, 293, 181, 180, 398, 399, 400, 401, 404, 405, 406, 407, 408, 409, 410, 411, 264, 224, 412, 413, 131, 208, 418, 419, 420, 421, 422, 423, 428, 429, 114, 242, 263, 432, 433, 435, 436, 437, 434, 256, 438, 439, 262, 257, 440, 441, 324, 266, 325, 442, 443, 265, 267, 209, 446, 447, 243, 450, 451, 452, 453, 115, 456, 457, 458, 459, 460, 461, 363, 221, 220, 462, 463, 464, 465, 466, 467, 470, 471, 474, 475, 478, 479, 268, 269, 403, 369, 216, 345, 317, 481, 480, 454, 468, 483, 482, 472, 485, 484, 339, 487, 489, 491, 493, 495, 494, 492, 490, 488, 486, 203, 496, 497, 74, 179, 322, 223, 499, 498, 431, 501, 503, 505, 507, 506, 504, 502, 500, 170, 9, 206, 328, 509, 511, 513, 512, 515, 514, 517, 516, 519, 530, 531, 525, 527, 529, 351, 533, 532, 302, 535, 534, 537, 539, 538, 541, 540, 536, 528, 526, 524, 543]
  列生成求解结果: 目标值=9.0000， 下界=9.0000， 上界=10.0000
    非整数变量: COL_0-26_49 = 0.500000
  解不是整数，开始分支...
ImposedVertex(vertex=26)
ForbidVertex(vertex=26)
  创建了 2 个分支
    添加分支节点 1: ID=546
    添加分支节点 2: ID=547
  进度: 已处理 430 个节点, 剩余 95 个, 当前最优 10.0000, 当前列数: 2916

处理节点 545
  开始列生成求解...
Set parameter LogToConsole to value 0
Set parameter Threads to value 1
Set parameter Seed to value 0
  定价策略: Exact, node=545, vertices=12
Set parameter PoolSearchMode to value 2
Set parameter PoolSolutions to value 10
[CG 1] RMP=12.000000, pricing=ExactPricingSolver, new_columns=0
  搜索路径: [1, 2, 3, 6, 7, 10, 12, 13, 11, 18, 19, 22, 23, 20, 21, 30, 31, 28, 29, 36, 37, 39, 38, 44, 45, 48, 49, 26, 27, 58, 59, 60, 61, 64, 65, 70, 71, 56, 62, 57, 50, 77, 51, 79, 80, 81, 43, 63, 34, 96, 97, 100, 101, 92, 42, 76, 35, 110, 111, 113, 112, 118, 119, 124, 125, 93, 78, 132, 133, 136, 137, 94, 95, 87, 86, 16, 17, 148, 149, 146, 150, 151, 152, 153, 156, 157, 147, 160, 161, 162, 163, 165, 164, 168, 169, 172, 173, 177, 174, 175, 176, 186, 187, 188, 189, 190, 191, 192, 193, 200, 201, 154, 155, 123, 122, 197, 210, 214, 215, 211, 196, 138, 82, 139, 72, 73, 83, 85, 84, 134, 135, 166, 167, 236, 237, 159, 143, 142, 144, 235, 158, 69, 238, 239, 246, 249, 250, 251, 253, 254, 255, 252, 247, 248, 91, 274, 275, 145, 227, 280, 184, 226, 234, 281, 183, 126, 68, 289, 127, 288, 194, 232, 233, 195, 90, 306, 307, 309, 310, 311, 312, 313, 314, 315, 308, 229, 320, 321, 185, 228, 182, 285, 284, 330, 331, 334, 335, 336, 337, 213, 212, 342, 343, 240, 241, 279, 278, 346, 347, 205, 204, 105, 104, 341, 353, 356, 357, 358, 362, 364, 365, 367, 366, 352, 225, 287, 340, 370, 371, 372, 373, 318, 54, 130, 55, 374, 375, 376, 377, 378, 379, 380, 381, 385, 382, 386, 387, 383, 384, 388, 389, 305, 319, 304, 390, 391, 392, 393, 359, 296, 291, 292, 394, 395, 396, 397, 290, 286, 297, 293, 181, 180, 398, 399, 400, 401, 404, 405, 406, 407, 408, 409, 410, 411, 264, 224, 412, 413, 131, 208, 418, 419, 420, 421, 422, 423, 428, 429, 114, 242, 263, 432, 433, 435, 436, 437, 434, 256, 438, 439, 262, 257, 440, 441, 324, 266, 325, 442, 443, 265, 267, 209, 446, 447, 243, 450, 451, 452, 453, 115, 456, 457, 458, 459, 460, 461, 363, 221, 220, 462, 463, 464, 465, 466, 467, 470, 471, 474, 475, 478, 479, 268, 269, 403, 369, 216, 345, 317, 481, 480, 454, 468, 483, 482, 472, 485, 484, 339, 487, 489, 491, 493, 495, 494, 492, 490, 488, 486, 203, 496, 497, 74, 179, 322, 223, 499, 498, 431, 501, 503, 505, 507, 506, 504, 502, 500, 170, 9, 206, 328, 509, 511, 513, 512, 515, 514, 517, 516, 519, 530, 531, 525, 527, 529, 351, 533, 532, 302, 535, 534, 537, 539, 538, 541, 540, 536, 528, 526, 524, 543, 545]
  列生成求解结果: 目标值=12.0000， 下界=9.0000， 上界=10.0000

处理节点 544
  开始列生成求解...
Set parameter LogToConsole to value 0
Set parameter Threads to value 1
Set parameter Seed to value 0
  定价策略: Exact, node=544, vertices=12
Set parameter PoolSearchMode to value 2
Set parameter PoolSolutions to value 10
[CG 1] RMP=10.000000, pricing=ExactPricingSolver, new_columns=0
  搜索路径: [1, 2, 3, 6, 7, 10, 12, 13, 11, 18, 19, 22, 23, 20, 21, 30, 31, 28, 29, 36, 37, 39, 38, 44, 45, 48, 49, 26, 27, 58, 59, 60, 61, 64, 65, 70, 71, 56, 62, 57, 50, 77, 51, 79, 80, 81, 43, 63, 34, 96, 97, 100, 101, 92, 42, 76, 35, 110, 111, 113, 112, 118, 119, 124, 125, 93, 78, 132, 133, 136, 137, 94, 95, 87, 86, 16, 17, 148, 149, 146, 150, 151, 152, 153, 156, 157, 147, 160, 161, 162, 163, 165, 164, 168, 169, 172, 173, 177, 174, 175, 176, 186, 187, 188, 189, 190, 191, 192, 193, 200, 201, 154, 155, 123, 122, 197, 210, 214, 215, 211, 196, 138, 82, 139, 72, 73, 83, 85, 84, 134, 135, 166, 167, 236, 237, 159, 143, 142, 144, 235, 158, 69, 238, 239, 246, 249, 250, 251, 253, 254, 255, 252, 247, 248, 91, 274, 275, 145, 227, 280, 184, 226, 234, 281, 183, 126, 68, 289, 127, 288, 194, 232, 233, 195, 90, 306, 307, 309, 310, 311, 312, 313, 314, 315, 308, 229, 320, 321, 185, 228, 182, 285, 284, 330, 331, 334, 335, 336, 337, 213, 212, 342, 343, 240, 241, 279, 278, 346, 347, 205, 204, 105, 104, 341, 353, 356, 357, 358, 362, 364, 365, 367, 366, 352, 225, 287, 340, 370, 371, 372, 373, 318, 54, 130, 55, 374, 375, 376, 377, 378, 379, 380, 381, 385, 382, 386, 387, 383, 384, 388, 389, 305, 319, 304, 390, 391, 392, 393, 359, 296, 291, 292, 394, 395, 396, 397, 290, 286, 297, 293, 181, 180, 398, 399, 400, 401, 404, 405, 406, 407, 408, 409, 410, 411, 264, 224, 412, 413, 131, 208, 418, 419, 420, 421, 422, 423, 428, 429, 114, 242, 263, 432, 433, 435, 436, 437, 434, 256, 438, 439, 262, 257, 440, 441, 324, 266, 325, 442, 443, 265, 267, 209, 446, 447, 243, 450, 451, 452, 453, 115, 456, 457, 458, 459, 460, 461, 363, 221, 220, 462, 463, 464, 465, 466, 467, 470, 471, 474, 475, 478, 479, 268, 269, 403, 369, 216, 345, 317, 481, 480, 454, 468, 483, 482, 472, 485, 484, 339, 487, 489, 491, 493, 495, 494, 492, 490, 488, 486, 203, 496, 497, 74, 179, 322, 223, 499, 498, 431, 501, 503, 505, 507, 506, 504, 502, 500, 170, 9, 206, 328, 509, 511, 513, 512, 515, 514, 517, 516, 519, 530, 531, 525, 527, 529, 351, 533, 532, 302, 535, 534, 537, 539, 538, 541, 540, 536, 528, 526, 524, 543, 545, 544]
  列生成求解结果: 目标值=10.0000， 下界=9.0000， 上界=10.0000

处理节点 542
  开始列生成求解...
Set parameter LogToConsole to value 0
Set parameter Threads to value 1
Set parameter Seed to value 0
  定价策略: Exact, node=542, vertices=13
Set parameter PoolSearchMode to value 2
Set parameter PoolSolutions to value 10
[CG 1] RMP=2010.000000, pricing=ExactPricingSolver, new_columns=10
[CG 2] RMP=9.000000, pricing=ExactPricingSolver, new_columns=0
  搜索路径: [1, 2, 3, 6, 7, 10, 12, 13, 11, 18, 19, 22, 23, 20, 21, 30, 31, 28, 29, 36, 37, 39, 38, 44, 45, 48, 49, 26, 27, 58, 59, 60, 61, 64, 65, 70, 71, 56, 62, 57, 50, 77, 51, 79, 80, 81, 43, 63, 34, 96, 97, 100, 101, 92, 42, 76, 35, 110, 111, 113, 112, 118, 119, 124, 125, 93, 78, 132, 133, 136, 137, 94, 95, 87, 86, 16, 17, 148, 149, 146, 150, 151, 152, 153, 156, 157, 147, 160, 161, 162, 163, 165, 164, 168, 169, 172, 173, 177, 174, 175, 176, 186, 187, 188, 189, 190, 191, 192, 193, 200, 201, 154, 155, 123, 122, 197, 210, 214, 215, 211, 196, 138, 82, 139, 72, 73, 83, 85, 84, 134, 135, 166, 167, 236, 237, 159, 143, 142, 144, 235, 158, 69, 238, 239, 246, 249, 250, 251, 253, 254, 255, 252, 247, 248, 91, 274, 275, 145, 227, 280, 184, 226, 234, 281, 183, 126, 68, 289, 127, 288, 194, 232, 233, 195, 90, 306, 307, 309, 310, 311, 312, 313, 314, 315, 308, 229, 320, 321, 185, 228, 182, 285, 284, 330, 331, 334, 335, 336, 337, 213, 212, 342, 343, 240, 241, 279, 278, 346, 347, 205, 204, 105, 104, 341, 353, 356, 357, 358, 362, 364, 365, 367, 366, 352, 225, 287, 340, 370, 371, 372, 373, 318, 54, 130, 55, 374, 375, 376, 377, 378, 379, 380, 381, 385, 382, 386, 387, 383, 384, 388, 389, 305, 319, 304, 390, 391, 392, 393, 359, 296, 291, 292, 394, 395, 396, 397, 290, 286, 297, 293, 181, 180, 398, 399, 400, 401, 404, 405, 406, 407, 408, 409, 410, 411, 264, 224, 412, 413, 131, 208, 418, 419, 420, 421, 422, 423, 428, 429, 114, 242, 263, 432, 433, 435, 436, 437, 434, 256, 438, 439, 262, 257, 440, 441, 324, 266, 325, 442, 443, 265, 267, 209, 446, 447, 243, 450, 451, 452, 453, 115, 456, 457, 458, 459, 460, 461, 363, 221, 220, 462, 463, 464, 465, 466, 467, 470, 471, 474, 475, 478, 479, 268, 269, 403, 369, 216, 345, 317, 481, 480, 454, 468, 483, 482, 472, 485, 484, 339, 487, 489, 491, 493, 495, 494, 492, 490, 488, 486, 203, 496, 497, 74, 179, 322, 223, 499, 498, 431, 501, 503, 505, 507, 506, 504, 502, 500, 170, 9, 206, 328, 509, 511, 513, 512, 515, 514, 517, 516, 519, 530, 531, 525, 527, 529, 351, 533, 532, 302, 535, 534, 537, 539, 538, 541, 540, 536, 528, 526, 524, 543, 545, 544, 542]
  列生成求解结果: 目标值=9.0000， 下界=9.0000， 上界=10.0000
    非整数变量: COL_0-21-4_39 = 0.750000
  解不是整数，开始分支...
ImposedVertex(vertex=26)
ForbidVertex(vertex=26)
  创建了 2 个分支
    添加分支节点 1: ID=548
    添加分支节点 2: ID=549

处理节点 522
  开始列生成求解...
Set parameter LogToConsole to value 0
Set parameter Threads to value 1
Set parameter Seed to value 0
  定价策略: Exact, node=522, vertices=16
Set parameter PoolSearchMode to value 2
Set parameter PoolSolutions to value 10
[CG 1] RMP=11.000000, pricing=ExactPricingSolver, new_columns=0
  搜索路径: [1, 2, 3, 6, 7, 10, 12, 13, 11, 18, 19, 22, 23, 20, 21, 30, 31, 28, 29, 36, 37, 39, 38, 44, 45, 48, 49, 26, 27, 58, 59, 60, 61, 64, 65, 70, 71, 56, 62, 57, 50, 77, 51, 79, 80, 81, 43, 63, 34, 96, 97, 100, 101, 92, 42, 76, 35, 110, 111, 113, 112, 118, 119, 124, 125, 93, 78, 132, 133, 136, 137, 94, 95, 87, 86, 16, 17, 148, 149, 146, 150, 151, 152, 153, 156, 157, 147, 160, 161, 162, 163, 165, 164, 168, 169, 172, 173, 177, 174, 175, 176, 186, 187, 188, 189, 190, 191, 192, 193, 200, 201, 154, 155, 123, 122, 197, 210, 214, 215, 211, 196, 138, 82, 139, 72, 73, 83, 85, 84, 134, 135, 166, 167, 236, 237, 159, 143, 142, 144, 235, 158, 69, 238, 239, 246, 249, 250, 251, 253, 254, 255, 252, 247, 248, 91, 274, 275, 145, 227, 280, 184, 226, 234, 281, 183, 126, 68, 289, 127, 288, 194, 232, 233, 195, 90, 306, 307, 309, 310, 311, 312, 313, 314, 315, 308, 229, 320, 321, 185, 228, 182, 285, 284, 330, 331, 334, 335, 336, 337, 213, 212, 342, 343, 240, 241, 279, 278, 346, 347, 205, 204, 105, 104, 341, 353, 356, 357, 358, 362, 364, 365, 367, 366, 352, 225, 287, 340, 370, 371, 372, 373, 318, 54, 130, 55, 374, 375, 376, 377, 378, 379, 380, 381, 385, 382, 386, 387, 383, 384, 388, 389, 305, 319, 304, 390, 391, 392, 393, 359, 296, 291, 292, 394, 395, 396, 397, 290, 286, 297, 293, 181, 180, 398, 399, 400, 401, 404, 405, 406, 407, 408, 409, 410, 411, 264, 224, 412, 413, 131, 208, 418, 419, 420, 421, 422, 423, 428, 429, 114, 242, 263, 432, 433, 435, 436, 437, 434, 256, 438, 439, 262, 257, 440, 441, 324, 266, 325, 442, 443, 265, 267, 209, 446, 447, 243, 450, 451, 452, 453, 115, 456, 457, 458, 459, 460, 461, 363, 221, 220, 462, 463, 464, 465, 466, 467, 470, 471, 474, 475, 478, 479, 268, 269, 403, 369, 216, 345, 317, 481, 480, 454, 468, 483, 482, 472, 485, 484, 339, 487, 489, 491, 493, 495, 494, 492, 490, 488, 486, 203, 496, 497, 74, 179, 322, 223, 499, 498, 431, 501, 503, 505, 507, 506, 504, 502, 500, 170, 9, 206, 328, 509, 511, 513, 512, 515, 514, 517, 516, 519, 530, 531, 525, 527, 529, 351, 533, 532, 302, 535, 534, 537, 539, 538, 541, 540, 536, 528, 526, 524, 543, 545, 544, 542, 522]
  列生成求解结果: 目标值=11.0000， 下界=9.0000， 上界=10.0000

处理节点 520
  开始列生成求解...
Set parameter LogToConsole to value 0
Set parameter Threads to value 1
Set parameter Seed to value 0
  定价策略: Exact, node=520, vertices=15
Set parameter PoolSearchMode to value 2
Set parameter PoolSolutions to value 10
[CG 1] RMP=11.000000, pricing=ExactPricingSolver, new_columns=0
  搜索路径: [1, 2, 3, 6, 7, 10, 12, 13, 11, 18, 19, 22, 23, 20, 21, 30, 31, 28, 29, 36, 37, 39, 38, 44, 45, 48, 49, 26, 27, 58, 59, 60, 61, 64, 65, 70, 71, 56, 62, 57, 50, 77, 51, 79, 80, 81, 43, 63, 34, 96, 97, 100, 101, 92, 42, 76, 35, 110, 111, 113, 112, 118, 119, 124, 125, 93, 78, 132, 133, 136, 137, 94, 95, 87, 86, 16, 17, 148, 149, 146, 150, 151, 152, 153, 156, 157, 147, 160, 161, 162, 163, 165, 164, 168, 169, 172, 173, 177, 174, 175, 176, 186, 187, 188, 189, 190, 191, 192, 193, 200, 201, 154, 155, 123, 122, 197, 210, 214, 215, 211, 196, 138, 82, 139, 72, 73, 83, 85, 84, 134, 135, 166, 167, 236, 237, 159, 143, 142, 144, 235, 158, 69, 238, 239, 246, 249, 250, 251, 253, 254, 255, 252, 247, 248, 91, 274, 275, 145, 227, 280, 184, 226, 234, 281, 183, 126, 68, 289, 127, 288, 194, 232, 233, 195, 90, 306, 307, 309, 310, 311, 312, 313, 314, 315, 308, 229, 320, 321, 185, 228, 182, 285, 284, 330, 331, 334, 335, 336, 337, 213, 212, 342, 343, 240, 241, 279, 278, 346, 347, 205, 204, 105, 104, 341, 353, 356, 357, 358, 362, 364, 365, 367, 366, 352, 225, 287, 340, 370, 371, 372, 373, 318, 54, 130, 55, 374, 375, 376, 377, 378, 379, 380, 381, 385, 382, 386, 387, 383, 384, 388, 389, 305, 319, 304, 390, 391, 392, 393, 359, 296, 291, 292, 394, 395, 396, 397, 290, 286, 297, 293, 181, 180, 398, 399, 400, 401, 404, 405, 406, 407, 408, 409, 410, 411, 264, 224, 412, 413, 131, 208, 418, 419, 420, 421, 422, 423, 428, 429, 114, 242, 263, 432, 433, 435, 436, 437, 434, 256, 438, 439, 262, 257, 440, 441, 324, 266, 325, 442, 443, 265, 267, 209, 446, 447, 243, 450, 451, 452, 453, 115, 456, 457, 458, 459, 460, 461, 363, 221, 220, 462, 463, 464, 465, 466, 467, 470, 471, 474, 475, 478, 479, 268, 269, 403, 369, 216, 345, 317, 481, 480, 454, 468, 483, 482, 472, 485, 484, 339, 487, 489, 491, 493, 495, 494, 492, 490, 488, 486, 203, 496, 497, 74, 179, 322, 223, 499, 498, 431, 501, 503, 505, 507, 506, 504, 502, 500, 170, 9, 206, 328, 509, 511, 513, 512, 515, 514, 517, 516, 519, 530, 531, 525, 527, 529, 351, 533, 532, 302, 535, 534, 537, 539, 538, 541, 540, 536, 528, 526, 524, 543, 545, 544, 542, 522, 520]
  列生成求解结果: 目标值=11.0000， 下界=9.0000， 上界=10.0000

处理节点 326
  开始列生成求解...
Set parameter LogToConsole to value 0
Set parameter Threads to value 1
Set parameter Seed to value 0
  定价策略: Exact, node=326, vertices=17
Set parameter PoolSearchMode to value 2
Set parameter PoolSolutions to value 10
[CG 1] RMP=2010.000000, pricing=ExactPricingSolver, new_columns=10
[CG 2] RMP=12.000000, pricing=ExactPricingSolver, new_columns=10
[CG 3] RMP=12.000000, pricing=ExactPricingSolver, new_columns=0
  搜索路径: [1, 2, 3, 6, 7, 10, 12, 13, 11, 18, 19, 22, 23, 20, 21, 30, 31, 28, 29, 36, 37, 39, 38, 44, 45, 48, 49, 26, 27, 58, 59, 60, 61, 64, 65, 70, 71, 56, 62, 57, 50, 77, 51, 79, 80, 81, 43, 63, 34, 96, 97, 100, 101, 92, 42, 76, 35, 110, 111, 113, 112, 118, 119, 124, 125, 93, 78, 132, 133, 136, 137, 94, 95, 87, 86, 16, 17, 148, 149, 146, 150, 151, 152, 153, 156, 157, 147, 160, 161, 162, 163, 165, 164, 168, 169, 172, 173, 177, 174, 175, 176, 186, 187, 188, 189, 190, 191, 192, 193, 200, 201, 154, 155, 123, 122, 197, 210, 214, 215, 211, 196, 138, 82, 139, 72, 73, 83, 85, 84, 134, 135, 166, 167, 236, 237, 159, 143, 142, 144, 235, 158, 69, 238, 239, 246, 249, 250, 251, 253, 254, 255, 252, 247, 248, 91, 274, 275, 145, 227, 280, 184, 226, 234, 281, 183, 126, 68, 289, 127, 288, 194, 232, 233, 195, 90, 306, 307, 309, 310, 311, 312, 313, 314, 315, 308, 229, 320, 321, 185, 228, 182, 285, 284, 330, 331, 334, 335, 336, 337, 213, 212, 342, 343, 240, 241, 279, 278, 346, 347, 205, 204, 105, 104, 341, 353, 356, 357, 358, 362, 364, 365, 367, 366, 352, 225, 287, 340, 370, 371, 372, 373, 318, 54, 130, 55, 374, 375, 376, 377, 378, 379, 380, 381, 385, 382, 386, 387, 383, 384, 388, 389, 305, 319, 304, 390, 391, 392, 393, 359, 296, 291, 292, 394, 395, 396, 397, 290, 286, 297, 293, 181, 180, 398, 399, 400, 401, 404, 405, 406, 407, 408, 409, 410, 411, 264, 224, 412, 413, 131, 208, 418, 419, 420, 421, 422, 423, 428, 429, 114, 242, 263, 432, 433, 435, 436, 437, 434, 256, 438, 439, 262, 257, 440, 441, 324, 266, 325, 442, 443, 265, 267, 209, 446, 447, 243, 450, 451, 452, 453, 115, 456, 457, 458, 459, 460, 461, 363, 221, 220, 462, 463, 464, 465, 466, 467, 470, 471, 474, 475, 478, 479, 268, 269, 403, 369, 216, 345, 317, 481, 480, 454, 468, 483, 482, 472, 485, 484, 339, 487, 489, 491, 493, 495, 494, 492, 490, 488, 486, 203, 496, 497, 74, 179, 322, 223, 499, 498, 431, 501, 503, 505, 507, 506, 504, 502, 500, 170, 9, 206, 328, 509, 511, 513, 512, 515, 514, 517, 516, 519, 530, 531, 525, 527, 529, 351, 533, 532, 302, 535, 534, 537, 539, 538, 541, 540, 536, 528, 526, 524, 543, 545, 544, 542, 522, 520, 326]
  列生成求解结果: 目标值=12.0000， 下界=9.0000， 上界=10.0000

处理节点 333
  开始列生成求解...
Set parameter LogToConsole to value 0
Set parameter Threads to value 1
Set parameter Seed to value 0
  定价策略: Exact, node=333, vertices=12
Set parameter PoolSearchMode to value 2
Set parameter PoolSolutions to value 10
[CG 1] RMP=11.000000, pricing=ExactPricingSolver, new_columns=0
  搜索路径: [1, 2, 3, 6, 7, 10, 12, 13, 11, 18, 19, 22, 23, 20, 21, 30, 31, 28, 29, 36, 37, 39, 38, 44, 45, 48, 49, 26, 27, 58, 59, 60, 61, 64, 65, 70, 71, 56, 62, 57, 50, 77, 51, 79, 80, 81, 43, 63, 34, 96, 97, 100, 101, 92, 42, 76, 35, 110, 111, 113, 112, 118, 119, 124, 125, 93, 78, 132, 133, 136, 137, 94, 95, 87, 86, 16, 17, 148, 149, 146, 150, 151, 152, 153, 156, 157, 147, 160, 161, 162, 163, 165, 164, 168, 169, 172, 173, 177, 174, 175, 176, 186, 187, 188, 189, 190, 191, 192, 193, 200, 201, 154, 155, 123, 122, 197, 210, 214, 215, 211, 196, 138, 82, 139, 72, 73, 83, 85, 84, 134, 135, 166, 167, 236, 237, 159, 143, 142, 144, 235, 158, 69, 238, 239, 246, 249, 250, 251, 253, 254, 255, 252, 247, 248, 91, 274, 275, 145, 227, 280, 184, 226, 234, 281, 183, 126, 68, 289, 127, 288, 194, 232, 233, 195, 90, 306, 307, 309, 310, 311, 312, 313, 314, 315, 308, 229, 320, 321, 185, 228, 182, 285, 284, 330, 331, 334, 335, 336, 337, 213, 212, 342, 343, 240, 241, 279, 278, 346, 347, 205, 204, 105, 104, 341, 353, 356, 357, 358, 362, 364, 365, 367, 366, 352, 225, 287, 340, 370, 371, 372, 373, 318, 54, 130, 55, 374, 375, 376, 377, 378, 379, 380, 381, 385, 382, 386, 387, 383, 384, 388, 389, 305, 319, 304, 390, 391, 392, 393, 359, 296, 291, 292, 394, 395, 396, 397, 290, 286, 297, 293, 181, 180, 398, 399, 400, 401, 404, 405, 406, 407, 408, 409, 410, 411, 264, 224, 412, 413, 131, 208, 418, 419, 420, 421, 422, 423, 428, 429, 114, 242, 263, 432, 433, 435, 436, 437, 434, 256, 438, 439, 262, 257, 440, 441, 324, 266, 325, 442, 443, 265, 267, 209, 446, 447, 243, 450, 451, 452, 453, 115, 456, 457, 458, 459, 460, 461, 363, 221, 220, 462, 463, 464, 465, 466, 467, 470, 471, 474, 475, 478, 479, 268, 269, 403, 369, 216, 345, 317, 481, 480, 454, 468, 483, 482, 472, 485, 484, 339, 487, 489, 491, 493, 495, 494, 492, 490, 488, 486, 203, 496, 497, 74, 179, 322, 223, 499, 498, 431, 501, 503, 505, 507, 506, 504, 502, 500, 170, 9, 206, 328, 509, 511, 513, 512, 515, 514, 517, 516, 519, 530, 531, 525, 527, 529, 351, 533, 532, 302, 535, 534, 537, 539, 538, 541, 540, 536, 528, 526, 524, 543, 545, 544, 542, 522, 520, 326, 333]
  列生成求解结果: 目标值=11.0000， 下界=9.0000， 上界=10.0000

处理节点 354
  开始列生成求解...
Set parameter LogToConsole to value 0
Set parameter Threads to value 1
Set parameter Seed to value 0
  定价策略: Exact, node=354, vertices=14
Set parameter PoolSearchMode to value 2
Set parameter PoolSolutions to value 10
[CG 1] RMP=11.000000, pricing=ExactPricingSolver, new_columns=10
[CG 2] RMP=11.000000, pricing=ExactPricingSolver, new_columns=0
  搜索路径: [1, 2, 3, 6, 7, 10, 12, 13, 11, 18, 19, 22, 23, 20, 21, 30, 31, 28, 29, 36, 37, 39, 38, 44, 45, 48, 49, 26, 27, 58, 59, 60, 61, 64, 65, 70, 71, 56, 62, 57, 50, 77, 51, 79, 80, 81, 43, 63, 34, 96, 97, 100, 101, 92, 42, 76, 35, 110, 111, 113, 112, 118, 119, 124, 125, 93, 78, 132, 133, 136, 137, 94, 95, 87, 86, 16, 17, 148, 149, 146, 150, 151, 152, 153, 156, 157, 147, 160, 161, 162, 163, 165, 164, 168, 169, 172, 173, 177, 174, 175, 176, 186, 187, 188, 189, 190, 191, 192, 193, 200, 201, 154, 155, 123, 122, 197, 210, 214, 215, 211, 196, 138, 82, 139, 72, 73, 83, 85, 84, 134, 135, 166, 167, 236, 237, 159, 143, 142, 144, 235, 158, 69, 238, 239, 246, 249, 250, 251, 253, 254, 255, 252, 247, 248, 91, 274, 275, 145, 227, 280, 184, 226, 234, 281, 183, 126, 68, 289, 127, 288, 194, 232, 233, 195, 90, 306, 307, 309, 310, 311, 312, 313, 314, 315, 308, 229, 320, 321, 185, 228, 182, 285, 284, 330, 331, 334, 335, 336, 337, 213, 212, 342, 343, 240, 241, 279, 278, 346, 347, 205, 204, 105, 104, 341, 353, 356, 357, 358, 362, 364, 365, 367, 366, 352, 225, 287, 340, 370, 371, 372, 373, 318, 54, 130, 55, 374, 375, 376, 377, 378, 379, 380, 381, 385, 382, 386, 387, 383, 384, 388, 389, 305, 319, 304, 390, 391, 392, 393, 359, 296, 291, 292, 394, 395, 396, 397, 290, 286, 297, 293, 181, 180, 398, 399, 400, 401, 404, 405, 406, 407, 408, 409, 410, 411, 264, 224, 412, 413, 131, 208, 418, 419, 420, 421, 422, 423, 428, 429, 114, 242, 263, 432, 433, 435, 436, 437, 434, 256, 438, 439, 262, 257, 440, 441, 324, 266, 325, 442, 443, 265, 267, 209, 446, 447, 243, 450, 451, 452, 453, 115, 456, 457, 458, 459, 460, 461, 363, 221, 220, 462, 463, 464, 465, 466, 467, 470, 471, 474, 475, 478, 479, 268, 269, 403, 369, 216, 345, 317, 481, 480, 454, 468, 483, 482, 472, 485, 484, 339, 487, 489, 491, 493, 495, 494, 492, 490, 488, 486, 203, 496, 497, 74, 179, 322, 223, 499, 498, 431, 501, 503, 505, 507, 506, 504, 502, 500, 170, 9, 206, 328, 509, 511, 513, 512, 515, 514, 517, 516, 519, 530, 531, 525, 527, 529, 351, 533, 532, 302, 535, 534, 537, 539, 538, 541, 540, 536, 528, 526, 524, 543, 545, 544, 542, 522, 520, 326, 333, 354]
  列生成求解结果: 目标值=11.0000， 下界=9.0000， 上界=10.0000

处理节点 518
  开始列生成求解...
Set parameter LogToConsole to value 0
Set parameter Threads to value 1
Set parameter Seed to value 0
  定价策略: Exact, node=518, vertices=15
Set parameter PoolSearchMode to value 2
Set parameter PoolSolutions to value 10
[CG 1] RMP=9.000000, pricing=ExactPricingSolver, new_columns=0
  搜索路径: [1, 2, 3, 6, 7, 10, 12, 13, 11, 18, 19, 22, 23, 20, 21, 30, 31, 28, 29, 36, 37, 39, 38, 44, 45, 48, 49, 26, 27, 58, 59, 60, 61, 64, 65, 70, 71, 56, 62, 57, 50, 77, 51, 79, 80, 81, 43, 63, 34, 96, 97, 100, 101, 92, 42, 76, 35, 110, 111, 113, 112, 118, 119, 124, 125, 93, 78, 132, 133, 136, 137, 94, 95, 87, 86, 16, 17, 148, 149, 146, 150, 151, 152, 153, 156, 157, 147, 160, 161, 162, 163, 165, 164, 168, 169, 172, 173, 177, 174, 175, 176, 186, 187, 188, 189, 190, 191, 192, 193, 200, 201, 154, 155, 123, 122, 197, 210, 214, 215, 211, 196, 138, 82, 139, 72, 73, 83, 85, 84, 134, 135, 166, 167, 236, 237, 159, 143, 142, 144, 235, 158, 69, 238, 239, 246, 249, 250, 251, 253, 254, 255, 252, 247, 248, 91, 274, 275, 145, 227, 280, 184, 226, 234, 281, 183, 126, 68, 289, 127, 288, 194, 232, 233, 195, 90, 306, 307, 309, 310, 311, 312, 313, 314, 315, 308, 229, 320, 321, 185, 228, 182, 285, 284, 330, 331, 334, 335, 336, 337, 213, 212, 342, 343, 240, 241, 279, 278, 346, 347, 205, 204, 105, 104, 341, 353, 356, 357, 358, 362, 364, 365, 367, 366, 352, 225, 287, 340, 370, 371, 372, 373, 318, 54, 130, 55, 374, 375, 376, 377, 378, 379, 380, 381, 385, 382, 386, 387, 383, 384, 388, 389, 305, 319, 304, 390, 391, 392, 393, 359, 296, 291, 292, 394, 395, 396, 397, 290, 286, 297, 293, 181, 180, 398, 399, 400, 401, 404, 405, 406, 407, 408, 409, 410, 411, 264, 224, 412, 413, 131, 208, 418, 419, 420, 421, 422, 423, 428, 429, 114, 242, 263, 432, 433, 435, 436, 437, 434, 256, 438, 439, 262, 257, 440, 441, 324, 266, 325, 442, 443, 265, 267, 209, 446, 447, 243, 450, 451, 452, 453, 115, 456, 457, 458, 459, 460, 461, 363, 221, 220, 462, 463, 464, 465, 466, 467, 470, 471, 474, 475, 478, 479, 268, 269, 403, 369, 216, 345, 317, 481, 480, 454, 468, 483, 482, 472, 485, 484, 339, 487, 489, 491, 493, 495, 494, 492, 490, 488, 486, 203, 496, 497, 74, 179, 322, 223, 499, 498, 431, 501, 503, 505, 507, 506, 504, 502, 500, 170, 9, 206, 328, 509, 511, 513, 512, 515, 514, 517, 516, 519, 530, 531, 525, 527, 529, 351, 533, 532, 302, 535, 534, 537, 539, 538, 541, 540, 536, 528, 526, 524, 543, 545, 544, 542, 522, 520, 326, 333, 354, 518]
  列生成求解结果: 目标值=9.0000， 下界=9.0000， 上界=10.0000
    非整数变量: COL_18-2-22-9_31 = 0.214286
  解不是整数，开始分支...
ImposedVertex(vertex=20)
ForbidVertex(vertex=20)
  创建了 2 个分支
    添加分支节点 1: ID=550
    添加分支节点 2: ID=551

处理节点 549
  开始列生成求解...
Set parameter LogToConsole to value 0
Set parameter Threads to value 1
Set parameter Seed to value 0
  定价策略: Exact, node=549, vertices=12
Set parameter PoolSearchMode to value 2
Set parameter PoolSolutions to value 10
[CG 1] RMP=12.000000, pricing=ExactPricingSolver, new_columns=0
  搜索路径: [1, 2, 3, 6, 7, 10, 12, 13, 11, 18, 19, 22, 23, 20, 21, 30, 31, 28, 29, 36, 37, 39, 38, 44, 45, 48, 49, 26, 27, 58, 59, 60, 61, 64, 65, 70, 71, 56, 62, 57, 50, 77, 51, 79, 80, 81, 43, 63, 34, 96, 97, 100, 101, 92, 42, 76, 35, 110, 111, 113, 112, 118, 119, 124, 125, 93, 78, 132, 133, 136, 137, 94, 95, 87, 86, 16, 17, 148, 149, 146, 150, 151, 152, 153, 156, 157, 147, 160, 161, 162, 163, 165, 164, 168, 169, 172, 173, 177, 174, 175, 176, 186, 187, 188, 189, 190, 191, 192, 193, 200, 201, 154, 155, 123, 122, 197, 210, 214, 215, 211, 196, 138, 82, 139, 72, 73, 83, 85, 84, 134, 135, 166, 167, 236, 237, 159, 143, 142, 144, 235, 158, 69, 238, 239, 246, 249, 250, 251, 253, 254, 255, 252, 247, 248, 91, 274, 275, 145, 227, 280, 184, 226, 234, 281, 183, 126, 68, 289, 127, 288, 194, 232, 233, 195, 90, 306, 307, 309, 310, 311, 312, 313, 314, 315, 308, 229, 320, 321, 185, 228, 182, 285, 284, 330, 331, 334, 335, 336, 337, 213, 212, 342, 343, 240, 241, 279, 278, 346, 347, 205, 204, 105, 104, 341, 353, 356, 357, 358, 362, 364, 365, 367, 366, 352, 225, 287, 340, 370, 371, 372, 373, 318, 54, 130, 55, 374, 375, 376, 377, 378, 379, 380, 381, 385, 382, 386, 387, 383, 384, 388, 389, 305, 319, 304, 390, 391, 392, 393, 359, 296, 291, 292, 394, 395, 396, 397, 290, 286, 297, 293, 181, 180, 398, 399, 400, 401, 404, 405, 406, 407, 408, 409, 410, 411, 264, 224, 412, 413, 131, 208, 418, 419, 420, 421, 422, 423, 428, 429, 114, 242, 263, 432, 433, 435, 436, 437, 434, 256, 438, 439, 262, 257, 440, 441, 324, 266, 325, 442, 443, 265, 267, 209, 446, 447, 243, 450, 451, 452, 453, 115, 456, 457, 458, 459, 460, 461, 363, 221, 220, 462, 463, 464, 465, 466, 467, 470, 471, 474, 475, 478, 479, 268, 269, 403, 369, 216, 345, 317, 481, 480, 454, 468, 483, 482, 472, 485, 484, 339, 487, 489, 491, 493, 495, 494, 492, 490, 488, 486, 203, 496, 497, 74, 179, 322, 223, 499, 498, 431, 501, 503, 505, 507, 506, 504, 502, 500, 170, 9, 206, 328, 509, 511, 513, 512, 515, 514, 517, 516, 519, 530, 531, 525, 527, 529, 351, 533, 532, 302, 535, 534, 537, 539, 538, 541, 540, 536, 528, 526, 524, 543, 545, 544, 542, 522, 520, 326, 333, 354, 518, 549]
  列生成求解结果: 目标值=12.0000， 下界=9.0000， 上界=10.0000

处理节点 548
  开始列生成求解...
Set parameter LogToConsole to value 0
Set parameter Threads to value 1
Set parameter Seed to value 0
  定价策略: Exact, node=548, vertices=12
Set parameter PoolSearchMode to value 2
Set parameter PoolSolutions to value 10
[CG 1] RMP=14.000000, pricing=ExactPricingSolver, new_columns=10
[CG 2] RMP=10.000000, pricing=ExactPricingSolver, new_columns=0
  搜索路径: [1, 2, 3, 6, 7, 10, 12, 13, 11, 18, 19, 22, 23, 20, 21, 30, 31, 28, 29, 36, 37, 39, 38, 44, 45, 48, 49, 26, 27, 58, 59, 60, 61, 64, 65, 70, 71, 56, 62, 57, 50, 77, 51, 79, 80, 81, 43, 63, 34, 96, 97, 100, 101, 92, 42, 76, 35, 110, 111, 113, 112, 118, 119, 124, 125, 93, 78, 132, 133, 136, 137, 94, 95, 87, 86, 16, 17, 148, 149, 146, 150, 151, 152, 153, 156, 157, 147, 160, 161, 162, 163, 165, 164, 168, 169, 172, 173, 177, 174, 175, 176, 186, 187, 188, 189, 190, 191, 192, 193, 200, 201, 154, 155, 123, 122, 197, 210, 214, 215, 211, 196, 138, 82, 139, 72, 73, 83, 85, 84, 134, 135, 166, 167, 236, 237, 159, 143, 142, 144, 235, 158, 69, 238, 239, 246, 249, 250, 251, 253, 254, 255, 252, 247, 248, 91, 274, 275, 145, 227, 280, 184, 226, 234, 281, 183, 126, 68, 289, 127, 288, 194, 232, 233, 195, 90, 306, 307, 309, 310, 311, 312, 313, 314, 315, 308, 229, 320, 321, 185, 228, 182, 285, 284, 330, 331, 334, 335, 336, 337, 213, 212, 342, 343, 240, 241, 279, 278, 346, 347, 205, 204, 105, 104, 341, 353, 356, 357, 358, 362, 364, 365, 367, 366, 352, 225, 287, 340, 370, 371, 372, 373, 318, 54, 130, 55, 374, 375, 376, 377, 378, 379, 380, 381, 385, 382, 386, 387, 383, 384, 388, 389, 305, 319, 304, 390, 391, 392, 393, 359, 296, 291, 292, 394, 395, 396, 397, 290, 286, 297, 293, 181, 180, 398, 399, 400, 401, 404, 405, 406, 407, 408, 409, 410, 411, 264, 224, 412, 413, 131, 208, 418, 419, 420, 421, 422, 423, 428, 429, 114, 242, 263, 432, 433, 435, 436, 437, 434, 256, 438, 439, 262, 257, 440, 441, 324, 266, 325, 442, 443, 265, 267, 209, 446, 447, 243, 450, 451, 452, 453, 115, 456, 457, 458, 459, 460, 461, 363, 221, 220, 462, 463, 464, 465, 466, 467, 470, 471, 474, 475, 478, 479, 268, 269, 403, 369, 216, 345, 317, 481, 480, 454, 468, 483, 482, 472, 485, 484, 339, 487, 489, 491, 493, 495, 494, 492, 490, 488, 486, 203, 496, 497, 74, 179, 322, 223, 499, 498, 431, 501, 503, 505, 507, 506, 504, 502, 500, 170, 9, 206, 328, 509, 511, 513, 512, 515, 514, 517, 516, 519, 530, 531, 525, 527, 529, 351, 533, 532, 302, 535, 534, 537, 539, 538, 541, 540, 536, 528, 526, 524, 543, 545, 544, 542, 522, 520, 326, 333, 354, 518, 549, 548]
  列生成求解结果: 目标值=10.0000， 下界=9.0000， 上界=10.0000

处理节点 510
  开始列生成求解...
Set parameter LogToConsole to value 0
Set parameter Threads to value 1
Set parameter Seed to value 0
  定价策略: Exact, node=510, vertices=15
Set parameter PoolSearchMode to value 2
Set parameter PoolSolutions to value 10
[CG 1] RMP=11.000000, pricing=ExactPricingSolver, new_columns=0
  搜索路径: [1, 2, 3, 6, 7, 10, 12, 13, 11, 18, 19, 22, 23, 20, 21, 30, 31, 28, 29, 36, 37, 39, 38, 44, 45, 48, 49, 26, 27, 58, 59, 60, 61, 64, 65, 70, 71, 56, 62, 57, 50, 77, 51, 79, 80, 81, 43, 63, 34, 96, 97, 100, 101, 92, 42, 76, 35, 110, 111, 113, 112, 118, 119, 124, 125, 93, 78, 132, 133, 136, 137, 94, 95, 87, 86, 16, 17, 148, 149, 146, 150, 151, 152, 153, 156, 157, 147, 160, 161, 162, 163, 165, 164, 168, 169, 172, 173, 177, 174, 175, 176, 186, 187, 188, 189, 190, 191, 192, 193, 200, 201, 154, 155, 123, 122, 197, 210, 214, 215, 211, 196, 138, 82, 139, 72, 73, 83, 85, 84, 134, 135, 166, 167, 236, 237, 159, 143, 142, 144, 235, 158, 69, 238, 239, 246, 249, 250, 251, 253, 254, 255, 252, 247, 248, 91, 274, 275, 145, 227, 280, 184, 226, 234, 281, 183, 126, 68, 289, 127, 288, 194, 232, 233, 195, 90, 306, 307, 309, 310, 311, 312, 313, 314, 315, 308, 229, 320, 321, 185, 228, 182, 285, 284, 330, 331, 334, 335, 336, 337, 213, 212, 342, 343, 240, 241, 279, 278, 346, 347, 205, 204, 105, 104, 341, 353, 356, 357, 358, 362, 364, 365, 367, 366, 352, 225, 287, 340, 370, 371, 372, 373, 318, 54, 130, 55, 374, 375, 376, 377, 378, 379, 380, 381, 385, 382, 386, 387, 383, 384, 388, 389, 305, 319, 304, 390, 391, 392, 393, 359, 296, 291, 292, 394, 395, 396, 397, 290, 286, 297, 293, 181, 180, 398, 399, 400, 401, 404, 405, 406, 407, 408, 409, 410, 411, 264, 224, 412, 413, 131, 208, 418, 419, 420, 421, 422, 423, 428, 429, 114, 242, 263, 432, 433, 435, 436, 437, 434, 256, 438, 439, 262, 257, 440, 441, 324, 266, 325, 442, 443, 265, 267, 209, 446, 447, 243, 450, 451, 452, 453, 115, 456, 457, 458, 459, 460, 461, 363, 221, 220, 462, 463, 464, 465, 466, 467, 470, 471, 474, 475, 478, 479, 268, 269, 403, 369, 216, 345, 317, 481, 480, 454, 468, 483, 482, 472, 485, 484, 339, 487, 489, 491, 493, 495, 494, 492, 490, 488, 486, 203, 496, 497, 74, 179, 322, 223, 499, 498, 431, 501, 503, 505, 507, 506, 504, 502, 500, 170, 9, 206, 328, 509, 511, 513, 512, 515, 514, 517, 516, 519, 530, 531, 525, 527, 529, 351, 533, 532, 302, 535, 534, 537, 539, 538, 541, 540, 536, 528, 526, 524, 543, 545, 544, 542, 522, 520, 326, 333, 354, 518, 549, 548, 510]
  列生成求解结果: 目标值=11.0000， 下界=9.0000， 上界=10.0000

处理节点 508
  开始列生成求解...
Set parameter LogToConsole to value 0
Set parameter Threads to value 1
Set parameter Seed to value 0
  定价策略: Exact, node=508, vertices=14
Set parameter PoolSearchMode to value 2
Set parameter PoolSolutions to value 10
[CG 1] RMP=12.000000, pricing=ExactPricingSolver, new_columns=10
[CG 2] RMP=9.000000, pricing=ExactPricingSolver, new_columns=0
  搜索路径: [1, 2, 3, 6, 7, 10, 12, 13, 11, 18, 19, 22, 23, 20, 21, 30, 31, 28, 29, 36, 37, 39, 38, 44, 45, 48, 49, 26, 27, 58, 59, 60, 61, 64, 65, 70, 71, 56, 62, 57, 50, 77, 51, 79, 80, 81, 43, 63, 34, 96, 97, 100, 101, 92, 42, 76, 35, 110, 111, 113, 112, 118, 119, 124, 125, 93, 78, 132, 133, 136, 137, 94, 95, 87, 86, 16, 17, 148, 149, 146, 150, 151, 152, 153, 156, 157, 147, 160, 161, 162, 163, 165, 164, 168, 169, 172, 173, 177, 174, 175, 176, 186, 187, 188, 189, 190, 191, 192, 193, 200, 201, 154, 155, 123, 122, 197, 210, 214, 215, 211, 196, 138, 82, 139, 72, 73, 83, 85, 84, 134, 135, 166, 167, 236, 237, 159, 143, 142, 144, 235, 158, 69, 238, 239, 246, 249, 250, 251, 253, 254, 255, 252, 247, 248, 91, 274, 275, 145, 227, 280, 184, 226, 234, 281, 183, 126, 68, 289, 127, 288, 194, 232, 233, 195, 90, 306, 307, 309, 310, 311, 312, 313, 314, 315, 308, 229, 320, 321, 185, 228, 182, 285, 284, 330, 331, 334, 335, 336, 337, 213, 212, 342, 343, 240, 241, 279, 278, 346, 347, 205, 204, 105, 104, 341, 353, 356, 357, 358, 362, 364, 365, 367, 366, 352, 225, 287, 340, 370, 371, 372, 373, 318, 54, 130, 55, 374, 375, 376, 377, 378, 379, 380, 381, 385, 382, 386, 387, 383, 384, 388, 389, 305, 319, 304, 390, 391, 392, 393, 359, 296, 291, 292, 394, 395, 396, 397, 290, 286, 297, 293, 181, 180, 398, 399, 400, 401, 404, 405, 406, 407, 408, 409, 410, 411, 264, 224, 412, 413, 131, 208, 418, 419, 420, 421, 422, 423, 428, 429, 114, 242, 263, 432, 433, 435, 436, 437, 434, 256, 438, 439, 262, 257, 440, 441, 324, 266, 325, 442, 443, 265, 267, 209, 446, 447, 243, 450, 451, 452, 453, 115, 456, 457, 458, 459, 460, 461, 363, 221, 220, 462, 463, 464, 465, 466, 467, 470, 471, 474, 475, 478, 479, 268, 269, 403, 369, 216, 345, 317, 481, 480, 454, 468, 483, 482, 472, 485, 484, 339, 487, 489, 491, 493, 495, 494, 492, 490, 488, 486, 203, 496, 497, 74, 179, 322, 223, 499, 498, 431, 501, 503, 505, 507, 506, 504, 502, 500, 170, 9, 206, 328, 509, 511, 513, 512, 515, 514, 517, 516, 519, 530, 531, 525, 527, 529, 351, 533, 532, 302, 535, 534, 537, 539, 538, 541, 540, 536, 528, 526, 524, 543, 545, 544, 542, 522, 520, 326, 333, 354, 518, 549, 548, 510, 508]
  列生成求解结果: 目标值=9.0000， 下界=9.0000， 上界=10.0000
    非整数变量: COL_1-18-23-9_29 = 0.400000
  解不是整数，开始分支...
ImposedVertex(vertex=28)
ForbidVertex(vertex=28)
  创建了 2 个分支
    添加分支节点 1: ID=552
    添加分支节点 2: ID=553

处理节点 283
  开始列生成求解...
Set parameter LogToConsole to value 0
Set parameter Threads to value 1
Set parameter Seed to value 0
  定价策略: Exact, node=283, vertices=15
Set parameter PoolSearchMode to value 2
Set parameter PoolSolutions to value 10
[CG 1] RMP=10.000000, pricing=ExactPricingSolver, new_columns=0
  搜索路径: [1, 2, 3, 6, 7, 10, 12, 13, 11, 18, 19, 22, 23, 20, 21, 30, 31, 28, 29, 36, 37, 39, 38, 44, 45, 48, 49, 26, 27, 58, 59, 60, 61, 64, 65, 70, 71, 56, 62, 57, 50, 77, 51, 79, 80, 81, 43, 63, 34, 96, 97, 100, 101, 92, 42, 76, 35, 110, 111, 113, 112, 118, 119, 124, 125, 93, 78, 132, 133, 136, 137, 94, 95, 87, 86, 16, 17, 148, 149, 146, 150, 151, 152, 153, 156, 157, 147, 160, 161, 162, 163, 165, 164, 168, 169, 172, 173, 177, 174, 175, 176, 186, 187, 188, 189, 190, 191, 192, 193, 200, 201, 154, 155, 123, 122, 197, 210, 214, 215, 211, 196, 138, 82, 139, 72, 73, 83, 85, 84, 134, 135, 166, 167, 236, 237, 159, 143, 142, 144, 235, 158, 69, 238, 239, 246, 249, 250, 251, 253, 254, 255, 252, 247, 248, 91, 274, 275, 145, 227, 280, 184, 226, 234, 281, 183, 126, 68, 289, 127, 288, 194, 232, 233, 195, 90, 306, 307, 309, 310, 311, 312, 313, 314, 315, 308, 229, 320, 321, 185, 228, 182, 285, 284, 330, 331, 334, 335, 336, 337, 213, 212, 342, 343, 240, 241, 279, 278, 346, 347, 205, 204, 105, 104, 341, 353, 356, 357, 358, 362, 364, 365, 367, 366, 352, 225, 287, 340, 370, 371, 372, 373, 318, 54, 130, 55, 374, 375, 376, 377, 378, 379, 380, 381, 385, 382, 386, 387, 383, 384, 388, 389, 305, 319, 304, 390, 391, 392, 393, 359, 296, 291, 292, 394, 395, 396, 397, 290, 286, 297, 293, 181, 180, 398, 399, 400, 401, 404, 405, 406, 407, 408, 409, 410, 411, 264, 224, 412, 413, 131, 208, 418, 419, 420, 421, 422, 423, 428, 429, 114, 242, 263, 432, 433, 435, 436, 437, 434, 256, 438, 439, 262, 257, 440, 441, 324, 266, 325, 442, 443, 265, 267, 209, 446, 447, 243, 450, 451, 452, 453, 115, 456, 457, 458, 459, 460, 461, 363, 221, 220, 462, 463, 464, 465, 466, 467, 470, 471, 474, 475, 478, 479, 268, 269, 403, 369, 216, 345, 317, 481, 480, 454, 468, 483, 482, 472, 485, 484, 339, 487, 489, 491, 493, 495, 494, 492, 490, 488, 486, 203, 496, 497, 74, 179, 322, 223, 499, 498, 431, 501, 503, 505, 507, 506, 504, 502, 500, 170, 9, 206, 328, 509, 511, 513, 512, 515, 514, 517, 516, 519, 530, 531, 525, 527, 529, 351, 533, 532, 302, 535, 534, 537, 539, 538, 541, 540, 536, 528, 526, 524, 543, 545, 544, 542, 522, 520, 326, 333, 354, 518, 549, 548, 510, 508, 283]
  列生成求解结果: 目标值=10.0000， 下界=9.0000， 上界=10.0000

处理节点 349
  开始列生成求解...
Set parameter LogToConsole to value 0
Set parameter Threads to value 1
Set parameter Seed to value 0
  定价策略: Exact, node=349, vertices=15
Set parameter PoolSearchMode to value 2
Set parameter PoolSolutions to value 10
[CG 1] RMP=11.000000, pricing=ExactPricingSolver, new_columns=0
  搜索路径: [1, 2, 3, 6, 7, 10, 12, 13, 11, 18, 19, 22, 23, 20, 21, 30, 31, 28, 29, 36, 37, 39, 38, 44, 45, 48, 49, 26, 27, 58, 59, 60, 61, 64, 65, 70, 71, 56, 62, 57, 50, 77, 51, 79, 80, 81, 43, 63, 34, 96, 97, 100, 101, 92, 42, 76, 35, 110, 111, 113, 112, 118, 119, 124, 125, 93, 78, 132, 133, 136, 137, 94, 95, 87, 86, 16, 17, 148, 149, 146, 150, 151, 152, 153, 156, 157, 147, 160, 161, 162, 163, 165, 164, 168, 169, 172, 173, 177, 174, 175, 176, 186, 187, 188, 189, 190, 191, 192, 193, 200, 201, 154, 155, 123, 122, 197, 210, 214, 215, 211, 196, 138, 82, 139, 72, 73, 83, 85, 84, 134, 135, 166, 167, 236, 237, 159, 143, 142, 144, 235, 158, 69, 238, 239, 246, 249, 250, 251, 253, 254, 255, 252, 247, 248, 91, 274, 275, 145, 227, 280, 184, 226, 234, 281, 183, 126, 68, 289, 127, 288, 194, 232, 233, 195, 90, 306, 307, 309, 310, 311, 312, 313, 314, 315, 308, 229, 320, 321, 185, 228, 182, 285, 284, 330, 331, 334, 335, 336, 337, 213, 212, 342, 343, 240, 241, 279, 278, 346, 347, 205, 204, 105, 104, 341, 353, 356, 357, 358, 362, 364, 365, 367, 366, 352, 225, 287, 340, 370, 371, 372, 373, 318, 54, 130, 55, 374, 375, 376, 377, 378, 379, 380, 381, 385, 382, 386, 387, 383, 384, 388, 389, 305, 319, 304, 390, 391, 392, 393, 359, 296, 291, 292, 394, 395, 396, 397, 290, 286, 297, 293, 181, 180, 398, 399, 400, 401, 404, 405, 406, 407, 408, 409, 410, 411, 264, 224, 412, 413, 131, 208, 418, 419, 420, 421, 422, 423, 428, 429, 114, 242, 263, 432, 433, 435, 436, 437, 434, 256, 438, 439, 262, 257, 440, 441, 324, 266, 325, 442, 443, 265, 267, 209, 446, 447, 243, 450, 451, 452, 453, 115, 456, 457, 458, 459, 460, 461, 363, 221, 220, 462, 463, 464, 465, 466, 467, 470, 471, 474, 475, 478, 479, 268, 269, 403, 369, 216, 345, 317, 481, 480, 454, 468, 483, 482, 472, 485, 484, 339, 487, 489, 491, 493, 495, 494, 492, 490, 488, 486, 203, 496, 497, 74, 179, 322, 223, 499, 498, 431, 501, 503, 505, 507, 506, 504, 502, 500, 170, 9, 206, 328, 509, 511, 513, 512, 515, 514, 517, 516, 519, 530, 531, 525, 527, 529, 351, 533, 532, 302, 535, 534, 537, 539, 538, 541, 540, 536, 528, 526, 524, 543, 545, 544, 542, 522, 520, 326, 333, 354, 518, 549, 548, 510, 508, 283, 349]
  列生成求解结果: 目标值=11.0000， 下界=9.0000， 上界=10.0000

处理节点 551
  开始列生成求解...
Set parameter LogToConsole to value 0
Set parameter Threads to value 1
Set parameter Seed to value 0
  定价策略: Exact, node=551, vertices=14
Set parameter PoolSearchMode to value 2
Set parameter PoolSolutions to value 10
[CG 1] RMP=14.000000, pricing=ExactPricingSolver, new_columns=10
[CG 2] RMP=11.000000, pricing=ExactPricingSolver, new_columns=10
[CG 3] RMP=9.000000, pricing=ExactPricingSolver, new_columns=0
  搜索路径: [1, 2, 3, 6, 7, 10, 12, 13, 11, 18, 19, 22, 23, 20, 21, 30, 31, 28, 29, 36, 37, 39, 38, 44, 45, 48, 49, 26, 27, 58, 59, 60, 61, 64, 65, 70, 71, 56, 62, 57, 50, 77, 51, 79, 80, 81, 43, 63, 34, 96, 97, 100, 101, 92, 42, 76, 35, 110, 111, 113, 112, 118, 119, 124, 125, 93, 78, 132, 133, 136, 137, 94, 95, 87, 86, 16, 17, 148, 149, 146, 150, 151, 152, 153, 156, 157, 147, 160, 161, 162, 163, 165, 164, 168, 169, 172, 173, 177, 174, 175, 176, 186, 187, 188, 189, 190, 191, 192, 193, 200, 201, 154, 155, 123, 122, 197, 210, 214, 215, 211, 196, 138, 82, 139, 72, 73, 83, 85, 84, 134, 135, 166, 167, 236, 237, 159, 143, 142, 144, 235, 158, 69, 238, 239, 246, 249, 250, 251, 253, 254, 255, 252, 247, 248, 91, 274, 275, 145, 227, 280, 184, 226, 234, 281, 183, 126, 68, 289, 127, 288, 194, 232, 233, 195, 90, 306, 307, 309, 310, 311, 312, 313, 314, 315, 308, 229, 320, 321, 185, 228, 182, 285, 284, 330, 331, 334, 335, 336, 337, 213, 212, 342, 343, 240, 241, 279, 278, 346, 347, 205, 204, 105, 104, 341, 353, 356, 357, 358, 362, 364, 365, 367, 366, 352, 225, 287, 340, 370, 371, 372, 373, 318, 54, 130, 55, 374, 375, 376, 377, 378, 379, 380, 381, 385, 382, 386, 387, 383, 384, 388, 389, 305, 319, 304, 390, 391, 392, 393, 359, 296, 291, 292, 394, 395, 396, 397, 290, 286, 297, 293, 181, 180, 398, 399, 400, 401, 404, 405, 406, 407, 408, 409, 410, 411, 264, 224, 412, 413, 131, 208, 418, 419, 420, 421, 422, 423, 428, 429, 114, 242, 263, 432, 433, 435, 436, 437, 434, 256, 438, 439, 262, 257, 440, 441, 324, 266, 325, 442, 443, 265, 267, 209, 446, 447, 243, 450, 451, 452, 453, 115, 456, 457, 458, 459, 460, 461, 363, 221, 220, 462, 463, 464, 465, 466, 467, 470, 471, 474, 475, 478, 479, 268, 269, 403, 369, 216, 345, 317, 481, 480, 454, 468, 483, 482, 472, 485, 484, 339, 487, 489, 491, 493, 495, 494, 492, 490, 488, 486, 203, 496, 497, 74, 179, 322, 223, 499, 498, 431, 501, 503, 505, 507, 506, 504, 502, 500, 170, 9, 206, 328, 509, 511, 513, 512, 515, 514, 517, 516, 519, 530, 531, 525, 527, 529, 351, 533, 532, 302, 535, 534, 537, 539, 538, 541, 540, 536, 528, 526, 524, 543, 545, 544, 542, 522, 520, 326, 333, 354, 518, 549, 548, 510, 508, 283, 349, 551]
  列生成求解结果: 目标值=9.0000， 下界=9.0000， 上界=10.0000
    非整数变量: COL_18-2-22-9_31 = 0.642857
  解不是整数，开始分支...
ImposedVertex(vertex=7)
ForbidVertex(vertex=7)
  创建了 2 个分支
    添加分支节点 1: ID=554
    添加分支节点 2: ID=555

处理节点 550
  开始列生成求解...
Set parameter LogToConsole to value 0
Set parameter Threads to value 1
Set parameter Seed to value 0
  定价策略: Exact, node=550, vertices=14
Set parameter PoolSearchMode to value 2
Set parameter PoolSolutions to value 10
[CG 1] RMP=9.000000, pricing=ExactPricingSolver, new_columns=0
  搜索路径: [1, 2, 3, 6, 7, 10, 12, 13, 11, 18, 19, 22, 23, 20, 21, 30, 31, 28, 29, 36, 37, 39, 38, 44, 45, 48, 49, 26, 27, 58, 59, 60, 61, 64, 65, 70, 71, 56, 62, 57, 50, 77, 51, 79, 80, 81, 43, 63, 34, 96, 97, 100, 101, 92, 42, 76, 35, 110, 111, 113, 112, 118, 119, 124, 125, 93, 78, 132, 133, 136, 137, 94, 95, 87, 86, 16, 17, 148, 149, 146, 150, 151, 152, 153, 156, 157, 147, 160, 161, 162, 163, 165, 164, 168, 169, 172, 173, 177, 174, 175, 176, 186, 187, 188, 189, 190, 191, 192, 193, 200, 201, 154, 155, 123, 122, 197, 210, 214, 215, 211, 196, 138, 82, 139, 72, 73, 83, 85, 84, 134, 135, 166, 167, 236, 237, 159, 143, 142, 144, 235, 158, 69, 238, 239, 246, 249, 250, 251, 253, 254, 255, 252, 247, 248, 91, 274, 275, 145, 227, 280, 184, 226, 234, 281, 183, 126, 68, 289, 127, 288, 194, 232, 233, 195, 90, 306, 307, 309, 310, 311, 312, 313, 314, 315, 308, 229, 320, 321, 185, 228, 182, 285, 284, 330, 331, 334, 335, 336, 337, 213, 212, 342, 343, 240, 241, 279, 278, 346, 347, 205, 204, 105, 104, 341, 353, 356, 357, 358, 362, 364, 365, 367, 366, 352, 225, 287, 340, 370, 371, 372, 373, 318, 54, 130, 55, 374, 375, 376, 377, 378, 379, 380, 381, 385, 382, 386, 387, 383, 384, 388, 389, 305, 319, 304, 390, 391, 392, 393, 359, 296, 291, 292, 394, 395, 396, 397, 290, 286, 297, 293, 181, 180, 398, 399, 400, 401, 404, 405, 406, 407, 408, 409, 410, 411, 264, 224, 412, 413, 131, 208, 418, 419, 420, 421, 422, 423, 428, 429, 114, 242, 263, 432, 433, 435, 436, 437, 434, 256, 438, 439, 262, 257, 440, 441, 324, 266, 325, 442, 443, 265, 267, 209, 446, 447, 243, 450, 451, 452, 453, 115, 456, 457, 458, 459, 460, 461, 363, 221, 220, 462, 463, 464, 465, 466, 467, 470, 471, 474, 475, 478, 479, 268, 269, 403, 369, 216, 345, 317, 481, 480, 454, 468, 483, 482, 472, 485, 484, 339, 487, 489, 491, 493, 495, 494, 492, 490, 488, 486, 203, 496, 497, 74, 179, 322, 223, 499, 498, 431, 501, 503, 505, 507, 506, 504, 502, 500, 170, 9, 206, 328, 509, 511, 513, 512, 515, 514, 517, 516, 519, 530, 531, 525, 527, 529, 351, 533, 532, 302, 535, 534, 537, 539, 538, 541, 540, 536, 528, 526, 524, 543, 545, 544, 542, 522, 520, 326, 333, 354, 518, 549, 548, 510, 508, 283, 349, 551, 550]
  列生成求解结果: 目标值=9.0000， 下界=9.0000， 上界=10.0000
    非整数变量: COL_18-2-22-9_31 = 0.200000
  解不是整数，开始分支...
ImposedVertex(vertex=28)
ForbidVertex(vertex=28)
  创建了 2 个分支
    添加分支节点 1: ID=556
    添加分支节点 2: ID=557

处理节点 271
  开始列生成求解...
Set parameter LogToConsole to value 0
Set parameter Threads to value 1
Set parameter Seed to value 0
  定价策略: Exact, node=271, vertices=12
Set parameter PoolSearchMode to value 2
Set parameter PoolSolutions to value 10
[CG 1] RMP=2010.000000, pricing=ExactPricingSolver, new_columns=10
[CG 2] RMP=11.000000, pricing=ExactPricingSolver, new_columns=0
  搜索路径: [1, 2, 3, 6, 7, 10, 12, 13, 11, 18, 19, 22, 23, 20, 21, 30, 31, 28, 29, 36, 37, 39, 38, 44, 45, 48, 49, 26, 27, 58, 59, 60, 61, 64, 65, 70, 71, 56, 62, 57, 50, 77, 51, 79, 80, 81, 43, 63, 34, 96, 97, 100, 101, 92, 42, 76, 35, 110, 111, 113, 112, 118, 119, 124, 125, 93, 78, 132, 133, 136, 137, 94, 95, 87, 86, 16, 17, 148, 149, 146, 150, 151, 152, 153, 156, 157, 147, 160, 161, 162, 163, 165, 164, 168, 169, 172, 173, 177, 174, 175, 176, 186, 187, 188, 189, 190, 191, 192, 193, 200, 201, 154, 155, 123, 122, 197, 210, 214, 215, 211, 196, 138, 82, 139, 72, 73, 83, 85, 84, 134, 135, 166, 167, 236, 237, 159, 143, 142, 144, 235, 158, 69, 238, 239, 246, 249, 250, 251, 253, 254, 255, 252, 247, 248, 91, 274, 275, 145, 227, 280, 184, 226, 234, 281, 183, 126, 68, 289, 127, 288, 194, 232, 233, 195, 90, 306, 307, 309, 310, 311, 312, 313, 314, 315, 308, 229, 320, 321, 185, 228, 182, 285, 284, 330, 331, 334, 335, 336, 337, 213, 212, 342, 343, 240, 241, 279, 278, 346, 347, 205, 204, 105, 104, 341, 353, 356, 357, 358, 362, 364, 365, 367, 366, 352, 225, 287, 340, 370, 371, 372, 373, 318, 54, 130, 55, 374, 375, 376, 377, 378, 379, 380, 381, 385, 382, 386, 387, 383, 384, 388, 389, 305, 319, 304, 390, 391, 392, 393, 359, 296, 291, 292, 394, 395, 396, 397, 290, 286, 297, 293, 181, 180, 398, 399, 400, 401, 404, 405, 406, 407, 408, 409, 410, 411, 264, 224, 412, 413, 131, 208, 418, 419, 420, 421, 422, 423, 428, 429, 114, 242, 263, 432, 433, 435, 436, 437, 434, 256, 438, 439, 262, 257, 440, 441, 324, 266, 325, 442, 443, 265, 267, 209, 446, 447, 243, 450, 451, 452, 453, 115, 456, 457, 458, 459, 460, 461, 363, 221, 220, 462, 463, 464, 465, 466, 467, 470, 471, 474, 475, 478, 479, 268, 269, 403, 369, 216, 345, 317, 481, 480, 454, 468, 483, 482, 472, 485, 484, 339, 487, 489, 491, 493, 495, 494, 492, 490, 488, 486, 203, 496, 497, 74, 179, 322, 223, 499, 498, 431, 501, 503, 505, 507, 506, 504, 502, 500, 170, 9, 206, 328, 509, 511, 513, 512, 515, 514, 517, 516, 519, 530, 531, 525, 527, 529, 351, 533, 532, 302, 535, 534, 537, 539, 538, 541, 540, 536, 528, 526, 524, 543, 545, 544, 542, 522, 520, 326, 333, 354, 518, 549, 548, 510, 508, 283, 349, 551, 550, 271]
  列生成求解结果: 目标值=11.0000， 下界=9.0000， 上界=10.0000

处理节点 425
  开始列生成求解...
Set parameter LogToConsole to value 0
Set parameter Threads to value 1
Set parameter Seed to value 0
  定价策略: Exact, node=425, vertices=16
Set parameter PoolSearchMode to value 2
Set parameter PoolSolutions to value 10
[CG 1] RMP=12.000000, pricing=ExactPricingSolver, new_columns=0
  搜索路径: [1, 2, 3, 6, 7, 10, 12, 13, 11, 18, 19, 22, 23, 20, 21, 30, 31, 28, 29, 36, 37, 39, 38, 44, 45, 48, 49, 26, 27, 58, 59, 60, 61, 64, 65, 70, 71, 56, 62, 57, 50, 77, 51, 79, 80, 81, 43, 63, 34, 96, 97, 100, 101, 92, 42, 76, 35, 110, 111, 113, 112, 118, 119, 124, 125, 93, 78, 132, 133, 136, 137, 94, 95, 87, 86, 16, 17, 148, 149, 146, 150, 151, 152, 153, 156, 157, 147, 160, 161, 162, 163, 165, 164, 168, 169, 172, 173, 177, 174, 175, 176, 186, 187, 188, 189, 190, 191, 192, 193, 200, 201, 154, 155, 123, 122, 197, 210, 214, 215, 211, 196, 138, 82, 139, 72, 73, 83, 85, 84, 134, 135, 166, 167, 236, 237, 159, 143, 142, 144, 235, 158, 69, 238, 239, 246, 249, 250, 251, 253, 254, 255, 252, 247, 248, 91, 274, 275, 145, 227, 280, 184, 226, 234, 281, 183, 126, 68, 289, 127, 288, 194, 232, 233, 195, 90, 306, 307, 309, 310, 311, 312, 313, 314, 315, 308, 229, 320, 321, 185, 228, 182, 285, 284, 330, 331, 334, 335, 336, 337, 213, 212, 342, 343, 240, 241, 279, 278, 346, 347, 205, 204, 105, 104, 341, 353, 356, 357, 358, 362, 364, 365, 367, 366, 352, 225, 287, 340, 370, 371, 372, 373, 318, 54, 130, 55, 374, 375, 376, 377, 378, 379, 380, 381, 385, 382, 386, 387, 383, 384, 388, 389, 305, 319, 304, 390, 391, 392, 393, 359, 296, 291, 292, 394, 395, 396, 397, 290, 286, 297, 293, 181, 180, 398, 399, 400, 401, 404, 405, 406, 407, 408, 409, 410, 411, 264, 224, 412, 413, 131, 208, 418, 419, 420, 421, 422, 423, 428, 429, 114, 242, 263, 432, 433, 435, 436, 437, 434, 256, 438, 439, 262, 257, 440, 441, 324, 266, 325, 442, 443, 265, 267, 209, 446, 447, 243, 450, 451, 452, 453, 115, 456, 457, 458, 459, 460, 461, 363, 221, 220, 462, 463, 464, 465, 466, 467, 470, 471, 474, 475, 478, 479, 268, 269, 403, 369, 216, 345, 317, 481, 480, 454, 468, 483, 482, 472, 485, 484, 339, 487, 489, 491, 493, 495, 494, 492, 490, 488, 486, 203, 496, 497, 74, 179, 322, 223, 499, 498, 431, 501, 503, 505, 507, 506, 504, 502, 500, 170, 9, 206, 328, 509, 511, 513, 512, 515, 514, 517, 516, 519, 530, 531, 525, 527, 529, 351, 533, 532, 302, 535, 534, 537, 539, 538, 541, 540, 536, 528, 526, 524, 543, 545, 544, 542, 522, 520, 326, 333, 354, 518, 549, 548, 510, 508, 283, 349, 551, 550, 271, 425]
  列生成求解结果: 目标值=12.0000， 下界=9.0000， 上界=10.0000

处理节点 553
  开始列生成求解...
Set parameter LogToConsole to value 0
Set parameter Threads to value 1
Set parameter Seed to value 0
  定价策略: Exact, node=553, vertices=13
Set parameter PoolSearchMode to value 2
Set parameter PoolSolutions to value 10
[CG 1] RMP=10.000000, pricing=ExactPricingSolver, new_columns=0
  搜索路径: [1, 2, 3, 6, 7, 10, 12, 13, 11, 18, 19, 22, 23, 20, 21, 30, 31, 28, 29, 36, 37, 39, 38, 44, 45, 48, 49, 26, 27, 58, 59, 60, 61, 64, 65, 70, 71, 56, 62, 57, 50, 77, 51, 79, 80, 81, 43, 63, 34, 96, 97, 100, 101, 92, 42, 76, 35, 110, 111, 113, 112, 118, 119, 124, 125, 93, 78, 132, 133, 136, 137, 94, 95, 87, 86, 16, 17, 148, 149, 146, 150, 151, 152, 153, 156, 157, 147, 160, 161, 162, 163, 165, 164, 168, 169, 172, 173, 177, 174, 175, 176, 186, 187, 188, 189, 190, 191, 192, 193, 200, 201, 154, 155, 123, 122, 197, 210, 214, 215, 211, 196, 138, 82, 139, 72, 73, 83, 85, 84, 134, 135, 166, 167, 236, 237, 159, 143, 142, 144, 235, 158, 69, 238, 239, 246, 249, 250, 251, 253, 254, 255, 252, 247, 248, 91, 274, 275, 145, 227, 280, 184, 226, 234, 281, 183, 126, 68, 289, 127, 288, 194, 232, 233, 195, 90, 306, 307, 309, 310, 311, 312, 313, 314, 315, 308, 229, 320, 321, 185, 228, 182, 285, 284, 330, 331, 334, 335, 336, 337, 213, 212, 342, 343, 240, 241, 279, 278, 346, 347, 205, 204, 105, 104, 341, 353, 356, 357, 358, 362, 364, 365, 367, 366, 352, 225, 287, 340, 370, 371, 372, 373, 318, 54, 130, 55, 374, 375, 376, 377, 378, 379, 380, 381, 385, 382, 386, 387, 383, 384, 388, 389, 305, 319, 304, 390, 391, 392, 393, 359, 296, 291, 292, 394, 395, 396, 397, 290, 286, 297, 293, 181, 180, 398, 399, 400, 401, 404, 405, 406, 407, 408, 409, 410, 411, 264, 224, 412, 413, 131, 208, 418, 419, 420, 421, 422, 423, 428, 429, 114, 242, 263, 432, 433, 435, 436, 437, 434, 256, 438, 439, 262, 257, 440, 441, 324, 266, 325, 442, 443, 265, 267, 209, 446, 447, 243, 450, 451, 452, 453, 115, 456, 457, 458, 459, 460, 461, 363, 221, 220, 462, 463, 464, 465, 466, 467, 470, 471, 474, 475, 478, 479, 268, 269, 403, 369, 216, 345, 317, 481, 480, 454, 468, 483, 482, 472, 485, 484, 339, 487, 489, 491, 493, 495, 494, 492, 490, 488, 486, 203, 496, 497, 74, 179, 322, 223, 499, 498, 431, 501, 503, 505, 507, 506, 504, 502, 500, 170, 9, 206, 328, 509, 511, 513, 512, 515, 514, 517, 516, 519, 530, 531, 525, 527, 529, 351, 533, 532, 302, 535, 534, 537, 539, 538, 541, 540, 536, 528, 526, 524, 543, 545, 544, 542, 522, 520, 326, 333, 354, 518, 549, 548, 510, 508, 283, 349, 551, 550, 271, 425, 553]
  列生成求解结果: 目标值=10.0000， 下界=9.0000， 上界=10.0000

处理节点 552
  开始列生成求解...
Set parameter LogToConsole to value 0
Set parameter Threads to value 1
Set parameter Seed to value 0
  定价策略: Exact, node=552, vertices=13
Set parameter PoolSearchMode to value 2
Set parameter PoolSolutions to value 10
[CG 1] RMP=12.000000, pricing=ExactPricingSolver, new_columns=0
  搜索路径: [1, 2, 3, 6, 7, 10, 12, 13, 11, 18, 19, 22, 23, 20, 21, 30, 31, 28, 29, 36, 37, 39, 38, 44, 45, 48, 49, 26, 27, 58, 59, 60, 61, 64, 65, 70, 71, 56, 62, 57, 50, 77, 51, 79, 80, 81, 43, 63, 34, 96, 97, 100, 101, 92, 42, 76, 35, 110, 111, 113, 112, 118, 119, 124, 125, 93, 78, 132, 133, 136, 137, 94, 95, 87, 86, 16, 17, 148, 149, 146, 150, 151, 152, 153, 156, 157, 147, 160, 161, 162, 163, 165, 164, 168, 169, 172, 173, 177, 174, 175, 176, 186, 187, 188, 189, 190, 191, 192, 193, 200, 201, 154, 155, 123, 122, 197, 210, 214, 215, 211, 196, 138, 82, 139, 72, 73, 83, 85, 84, 134, 135, 166, 167, 236, 237, 159, 143, 142, 144, 235, 158, 69, 238, 239, 246, 249, 250, 251, 253, 254, 255, 252, 247, 248, 91, 274, 275, 145, 227, 280, 184, 226, 234, 281, 183, 126, 68, 289, 127, 288, 194, 232, 233, 195, 90, 306, 307, 309, 310, 311, 312, 313, 314, 315, 308, 229, 320, 321, 185, 228, 182, 285, 284, 330, 331, 334, 335, 336, 337, 213, 212, 342, 343, 240, 241, 279, 278, 346, 347, 205, 204, 105, 104, 341, 353, 356, 357, 358, 362, 364, 365, 367, 366, 352, 225, 287, 340, 370, 371, 372, 373, 318, 54, 130, 55, 374, 375, 376, 377, 378, 379, 380, 381, 385, 382, 386, 387, 383, 384, 388, 389, 305, 319, 304, 390, 391, 392, 393, 359, 296, 291, 292, 394, 395, 396, 397, 290, 286, 297, 293, 181, 180, 398, 399, 400, 401, 404, 405, 406, 407, 408, 409, 410, 411, 264, 224, 412, 413, 131, 208, 418, 419, 420, 421, 422, 423, 428, 429, 114, 242, 263, 432, 433, 435, 436, 437, 434, 256, 438, 439, 262, 257, 440, 441, 324, 266, 325, 442, 443, 265, 267, 209, 446, 447, 243, 450, 451, 452, 453, 115, 456, 457, 458, 459, 460, 461, 363, 221, 220, 462, 463, 464, 465, 466, 467, 470, 471, 474, 475, 478, 479, 268, 269, 403, 369, 216, 345, 317, 481, 480, 454, 468, 483, 482, 472, 485, 484, 339, 487, 489, 491, 493, 495, 494, 492, 490, 488, 486, 203, 496, 497, 74, 179, 322, 223, 499, 498, 431, 501, 503, 505, 507, 506, 504, 502, 500, 170, 9, 206, 328, 509, 511, 513, 512, 515, 514, 517, 516, 519, 530, 531, 525, 527, 529, 351, 533, 532, 302, 535, 534, 537, 539, 538, 541, 540, 536, 528, 526, 524, 543, 545, 544, 542, 522, 520, 326, 333, 354, 518, 549, 548, 510, 508, 283, 349, 551, 550, 271, 425, 553, 552]
  列生成求解结果: 目标值=12.0000， 下界=9.0000， 上界=10.0000

处理节点 219
  开始列生成求解...
Set parameter LogToConsole to value 0
Set parameter Threads to value 1
Set parameter Seed to value 0
  定价策略: Exact, node=219, vertices=17
Set parameter PoolSearchMode to value 2
Set parameter PoolSolutions to value 10
[CG 1] RMP=18.000000, pricing=ExactPricingSolver, new_columns=10
[CG 2] RMP=10.000000, pricing=ExactPricingSolver, new_columns=0
  搜索路径: [1, 2, 3, 6, 7, 10, 12, 13, 11, 18, 19, 22, 23, 20, 21, 30, 31, 28, 29, 36, 37, 39, 38, 44, 45, 48, 49, 26, 27, 58, 59, 60, 61, 64, 65, 70, 71, 56, 62, 57, 50, 77, 51, 79, 80, 81, 43, 63, 34, 96, 97, 100, 101, 92, 42, 76, 35, 110, 111, 113, 112, 118, 119, 124, 125, 93, 78, 132, 133, 136, 137, 94, 95, 87, 86, 16, 17, 148, 149, 146, 150, 151, 152, 153, 156, 157, 147, 160, 161, 162, 163, 165, 164, 168, 169, 172, 173, 177, 174, 175, 176, 186, 187, 188, 189, 190, 191, 192, 193, 200, 201, 154, 155, 123, 122, 197, 210, 214, 215, 211, 196, 138, 82, 139, 72, 73, 83, 85, 84, 134, 135, 166, 167, 236, 237, 159, 143, 142, 144, 235, 158, 69, 238, 239, 246, 249, 250, 251, 253, 254, 255, 252, 247, 248, 91, 274, 275, 145, 227, 280, 184, 226, 234, 281, 183, 126, 68, 289, 127, 288, 194, 232, 233, 195, 90, 306, 307, 309, 310, 311, 312, 313, 314, 315, 308, 229, 320, 321, 185, 228, 182, 285, 284, 330, 331, 334, 335, 336, 337, 213, 212, 342, 343, 240, 241, 279, 278, 346, 347, 205, 204, 105, 104, 341, 353, 356, 357, 358, 362, 364, 365, 367, 366, 352, 225, 287, 340, 370, 371, 372, 373, 318, 54, 130, 55, 374, 375, 376, 377, 378, 379, 380, 381, 385, 382, 386, 387, 383, 384, 388, 389, 305, 319, 304, 390, 391, 392, 393, 359, 296, 291, 292, 394, 395, 396, 397, 290, 286, 297, 293, 181, 180, 398, 399, 400, 401, 404, 405, 406, 407, 408, 409, 410, 411, 264, 224, 412, 413, 131, 208, 418, 419, 420, 421, 422, 423, 428, 429, 114, 242, 263, 432, 433, 435, 436, 437, 434, 256, 438, 439, 262, 257, 440, 441, 324, 266, 325, 442, 443, 265, 267, 209, 446, 447, 243, 450, 451, 452, 453, 115, 456, 457, 458, 459, 460, 461, 363, 221, 220, 462, 463, 464, 465, 466, 467, 470, 471, 474, 475, 478, 479, 268, 269, 403, 369, 216, 345, 317, 481, 480, 454, 468, 483, 482, 472, 485, 484, 339, 487, 489, 491, 493, 495, 494, 492, 490, 488, 486, 203, 496, 497, 74, 179, 322, 223, 499, 498, 431, 501, 503, 505, 507, 506, 504, 502, 500, 170, 9, 206, 328, 509, 511, 513, 512, 515, 514, 517, 516, 519, 530, 531, 525, 527, 529, 351, 533, 532, 302, 535, 534, 537, 539, 538, 541, 540, 536, 528, 526, 524, 543, 545, 544, 542, 522, 520, 326, 333, 354, 518, 549, 548, 510, 508, 283, 349, 551, 550, 271, 425, 553, 552, 219]
  列生成求解结果: 目标值=10.0000， 下界=9.0000， 上界=10.0000

处理节点 555
  开始列生成求解...
Set parameter LogToConsole to value 0
Set parameter Threads to value 1
Set parameter Seed to value 0
  定价策略: Exact, node=555, vertices=13
Set parameter PoolSearchMode to value 2
Set parameter PoolSolutions to value 10
[CG 1] RMP=22.000000, pricing=ExactPricingSolver, new_columns=10
[CG 2] RMP=12.000000, pricing=ExactPricingSolver, new_columns=0
  搜索路径: [1, 2, 3, 6, 7, 10, 12, 13, 11, 18, 19, 22, 23, 20, 21, 30, 31, 28, 29, 36, 37, 39, 38, 44, 45, 48, 49, 26, 27, 58, 59, 60, 61, 64, 65, 70, 71, 56, 62, 57, 50, 77, 51, 79, 80, 81, 43, 63, 34, 96, 97, 100, 101, 92, 42, 76, 35, 110, 111, 113, 112, 118, 119, 124, 125, 93, 78, 132, 133, 136, 137, 94, 95, 87, 86, 16, 17, 148, 149, 146, 150, 151, 152, 153, 156, 157, 147, 160, 161, 162, 163, 165, 164, 168, 169, 172, 173, 177, 174, 175, 176, 186, 187, 188, 189, 190, 191, 192, 193, 200, 201, 154, 155, 123, 122, 197, 210, 214, 215, 211, 196, 138, 82, 139, 72, 73, 83, 85, 84, 134, 135, 166, 167, 236, 237, 159, 143, 142, 144, 235, 158, 69, 238, 239, 246, 249, 250, 251, 253, 254, 255, 252, 247, 248, 91, 274, 275, 145, 227, 280, 184, 226, 234, 281, 183, 126, 68, 289, 127, 288, 194, 232, 233, 195, 90, 306, 307, 309, 310, 311, 312, 313, 314, 315, 308, 229, 320, 321, 185, 228, 182, 285, 284, 330, 331, 334, 335, 336, 337, 213, 212, 342, 343, 240, 241, 279, 278, 346, 347, 205, 204, 105, 104, 341, 353, 356, 357, 358, 362, 364, 365, 367, 366, 352, 225, 287, 340, 370, 371, 372, 373, 318, 54, 130, 55, 374, 375, 376, 377, 378, 379, 380, 381, 385, 382, 386, 387, 383, 384, 388, 389, 305, 319, 304, 390, 391, 392, 393, 359, 296, 291, 292, 394, 395, 396, 397, 290, 286, 297, 293, 181, 180, 398, 399, 400, 401, 404, 405, 406, 407, 408, 409, 410, 411, 264, 224, 412, 413, 131, 208, 418, 419, 420, 421, 422, 423, 428, 429, 114, 242, 263, 432, 433, 435, 436, 437, 434, 256, 438, 439, 262, 257, 440, 441, 324, 266, 325, 442, 443, 265, 267, 209, 446, 447, 243, 450, 451, 452, 453, 115, 456, 457, 458, 459, 460, 461, 363, 221, 220, 462, 463, 464, 465, 466, 467, 470, 471, 474, 475, 478, 479, 268, 269, 403, 369, 216, 345, 317, 481, 480, 454, 468, 483, 482, 472, 485, 484, 339, 487, 489, 491, 493, 495, 494, 492, 490, 488, 486, 203, 496, 497, 74, 179, 322, 223, 499, 498, 431, 501, 503, 505, 507, 506, 504, 502, 500, 170, 9, 206, 328, 509, 511, 513, 512, 515, 514, 517, 516, 519, 530, 531, 525, 527, 529, 351, 533, 532, 302, 535, 534, 537, 539, 538, 541, 540, 536, 528, 526, 524, 543, 545, 544, 542, 522, 520, 326, 333, 354, 518, 549, 548, 510, 508, 283, 349, 551, 550, 271, 425, 553, 552, 219, 555]
  列生成求解结果: 目标值=12.0000， 下界=9.0000， 上界=10.0000

处理节点 557
  开始列生成求解...
Set parameter LogToConsole to value 0
Set parameter Threads to value 1
Set parameter Seed to value 0
  定价策略: Exact, node=557, vertices=13
Set parameter PoolSearchMode to value 2
Set parameter PoolSolutions to value 10
[CG 1] RMP=11.000000, pricing=ExactPricingSolver, new_columns=0
  搜索路径: [1, 2, 3, 6, 7, 10, 12, 13, 11, 18, 19, 22, 23, 20, 21, 30, 31, 28, 29, 36, 37, 39, 38, 44, 45, 48, 49, 26, 27, 58, 59, 60, 61, 64, 65, 70, 71, 56, 62, 57, 50, 77, 51, 79, 80, 81, 43, 63, 34, 96, 97, 100, 101, 92, 42, 76, 35, 110, 111, 113, 112, 118, 119, 124, 125, 93, 78, 132, 133, 136, 137, 94, 95, 87, 86, 16, 17, 148, 149, 146, 150, 151, 152, 153, 156, 157, 147, 160, 161, 162, 163, 165, 164, 168, 169, 172, 173, 177, 174, 175, 176, 186, 187, 188, 189, 190, 191, 192, 193, 200, 201, 154, 155, 123, 122, 197, 210, 214, 215, 211, 196, 138, 82, 139, 72, 73, 83, 85, 84, 134, 135, 166, 167, 236, 237, 159, 143, 142, 144, 235, 158, 69, 238, 239, 246, 249, 250, 251, 253, 254, 255, 252, 247, 248, 91, 274, 275, 145, 227, 280, 184, 226, 234, 281, 183, 126, 68, 289, 127, 288, 194, 232, 233, 195, 90, 306, 307, 309, 310, 311, 312, 313, 314, 315, 308, 229, 320, 321, 185, 228, 182, 285, 284, 330, 331, 334, 335, 336, 337, 213, 212, 342, 343, 240, 241, 279, 278, 346, 347, 205, 204, 105, 104, 341, 353, 356, 357, 358, 362, 364, 365, 367, 366, 352, 225, 287, 340, 370, 371, 372, 373, 318, 54, 130, 55, 374, 375, 376, 377, 378, 379, 380, 381, 385, 382, 386, 387, 383, 384, 388, 389, 305, 319, 304, 390, 391, 392, 393, 359, 296, 291, 292, 394, 395, 396, 397, 290, 286, 297, 293, 181, 180, 398, 399, 400, 401, 404, 405, 406, 407, 408, 409, 410, 411, 264, 224, 412, 413, 131, 208, 418, 419, 420, 421, 422, 423, 428, 429, 114, 242, 263, 432, 433, 435, 436, 437, 434, 256, 438, 439, 262, 257, 440, 441, 324, 266, 325, 442, 443, 265, 267, 209, 446, 447, 243, 450, 451, 452, 453, 115, 456, 457, 458, 459, 460, 461, 363, 221, 220, 462, 463, 464, 465, 466, 467, 470, 471, 474, 475, 478, 479, 268, 269, 403, 369, 216, 345, 317, 481, 480, 454, 468, 483, 482, 472, 485, 484, 339, 487, 489, 491, 493, 495, 494, 492, 490, 488, 486, 203, 496, 497, 74, 179, 322, 223, 499, 498, 431, 501, 503, 505, 507, 506, 504, 502, 500, 170, 9, 206, 328, 509, 511, 513, 512, 515, 514, 517, 516, 519, 530, 531, 525, 527, 529, 351, 533, 532, 302, 535, 534, 537, 539, 538, 541, 540, 536, 528, 526, 524, 543, 545, 544, 542, 522, 520, 326, 333, 354, 518, 549, 548, 510, 508, 283, 349, 551, 550, 271, 425, 553, 552, 219, 555, 557]
  列生成求解结果: 目标值=11.0000， 下界=9.0000， 上界=10.0000

处理节点 556
  开始列生成求解...
Set parameter LogToConsole to value 0
Set parameter Threads to value 1
Set parameter Seed to value 0
  定价策略: Exact, node=556, vertices=13
Set parameter PoolSearchMode to value 2
Set parameter PoolSolutions to value 10
[CG 1] RMP=16.000000, pricing=ExactPricingSolver, new_columns=10
[CG 2] RMP=12.000000, pricing=ExactPricingSolver, new_columns=0
  搜索路径: [1, 2, 3, 6, 7, 10, 12, 13, 11, 18, 19, 22, 23, 20, 21, 30, 31, 28, 29, 36, 37, 39, 38, 44, 45, 48, 49, 26, 27, 58, 59, 60, 61, 64, 65, 70, 71, 56, 62, 57, 50, 77, 51, 79, 80, 81, 43, 63, 34, 96, 97, 100, 101, 92, 42, 76, 35, 110, 111, 113, 112, 118, 119, 124, 125, 93, 78, 132, 133, 136, 137, 94, 95, 87, 86, 16, 17, 148, 149, 146, 150, 151, 152, 153, 156, 157, 147, 160, 161, 162, 163, 165, 164, 168, 169, 172, 173, 177, 174, 175, 176, 186, 187, 188, 189, 190, 191, 192, 193, 200, 201, 154, 155, 123, 122, 197, 210, 214, 215, 211, 196, 138, 82, 139, 72, 73, 83, 85, 84, 134, 135, 166, 167, 236, 237, 159, 143, 142, 144, 235, 158, 69, 238, 239, 246, 249, 250, 251, 253, 254, 255, 252, 247, 248, 91, 274, 275, 145, 227, 280, 184, 226, 234, 281, 183, 126, 68, 289, 127, 288, 194, 232, 233, 195, 90, 306, 307, 309, 310, 311, 312, 313, 314, 315, 308, 229, 320, 321, 185, 228, 182, 285, 284, 330, 331, 334, 335, 336, 337, 213, 212, 342, 343, 240, 241, 279, 278, 346, 347, 205, 204, 105, 104, 341, 353, 356, 357, 358, 362, 364, 365, 367, 366, 352, 225, 287, 340, 370, 371, 372, 373, 318, 54, 130, 55, 374, 375, 376, 377, 378, 379, 380, 381, 385, 382, 386, 387, 383, 384, 388, 389, 305, 319, 304, 390, 391, 392, 393, 359, 296, 291, 292, 394, 395, 396, 397, 290, 286, 297, 293, 181, 180, 398, 399, 400, 401, 404, 405, 406, 407, 408, 409, 410, 411, 264, 224, 412, 413, 131, 208, 418, 419, 420, 421, 422, 423, 428, 429, 114, 242, 263, 432, 433, 435, 436, 437, 434, 256, 438, 439, 262, 257, 440, 441, 324, 266, 325, 442, 443, 265, 267, 209, 446, 447, 243, 450, 451, 452, 453, 115, 456, 457, 458, 459, 460, 461, 363, 221, 220, 462, 463, 464, 465, 466, 467, 470, 471, 474, 475, 478, 479, 268, 269, 403, 369, 216, 345, 317, 481, 480, 454, 468, 483, 482, 472, 485, 484, 339, 487, 489, 491, 493, 495, 494, 492, 490, 488, 486, 203, 496, 497, 74, 179, 322, 223, 499, 498, 431, 501, 503, 505, 507, 506, 504, 502, 500, 170, 9, 206, 328, 509, 511, 513, 512, 515, 514, 517, 516, 519, 530, 531, 525, 527, 529, 351, 533, 532, 302, 535, 534, 537, 539, 538, 541, 540, 536, 528, 526, 524, 543, 545, 544, 542, 522, 520, 326, 333, 354, 518, 549, 548, 510, 508, 283, 349, 551, 550, 271, 425, 553, 552, 219, 555, 557, 556]
  列生成求解结果: 目标值=12.0000， 下界=9.0000， 上界=10.0000

处理节点 554
  开始列生成求解...
Set parameter LogToConsole to value 0
Set parameter Threads to value 1
Set parameter Seed to value 0
  定价策略: Exact, node=554, vertices=13
Set parameter PoolSearchMode to value 2
Set parameter PoolSolutions to value 10
[CG 1] RMP=9.000000, pricing=ExactPricingSolver, new_columns=0
  搜索路径: [1, 2, 3, 6, 7, 10, 12, 13, 11, 18, 19, 22, 23, 20, 21, 30, 31, 28, 29, 36, 37, 39, 38, 44, 45, 48, 49, 26, 27, 58, 59, 60, 61, 64, 65, 70, 71, 56, 62, 57, 50, 77, 51, 79, 80, 81, 43, 63, 34, 96, 97, 100, 101, 92, 42, 76, 35, 110, 111, 113, 112, 118, 119, 124, 125, 93, 78, 132, 133, 136, 137, 94, 95, 87, 86, 16, 17, 148, 149, 146, 150, 151, 152, 153, 156, 157, 147, 160, 161, 162, 163, 165, 164, 168, 169, 172, 173, 177, 174, 175, 176, 186, 187, 188, 189, 190, 191, 192, 193, 200, 201, 154, 155, 123, 122, 197, 210, 214, 215, 211, 196, 138, 82, 139, 72, 73, 83, 85, 84, 134, 135, 166, 167, 236, 237, 159, 143, 142, 144, 235, 158, 69, 238, 239, 246, 249, 250, 251, 253, 254, 255, 252, 247, 248, 91, 274, 275, 145, 227, 280, 184, 226, 234, 281, 183, 126, 68, 289, 127, 288, 194, 232, 233, 195, 90, 306, 307, 309, 310, 311, 312, 313, 314, 315, 308, 229, 320, 321, 185, 228, 182, 285, 284, 330, 331, 334, 335, 336, 337, 213, 212, 342, 343, 240, 241, 279, 278, 346, 347, 205, 204, 105, 104, 341, 353, 356, 357, 358, 362, 364, 365, 367, 366, 352, 225, 287, 340, 370, 371, 372, 373, 318, 54, 130, 55, 374, 375, 376, 377, 378, 379, 380, 381, 385, 382, 386, 387, 383, 384, 388, 389, 305, 319, 304, 390, 391, 392, 393, 359, 296, 291, 292, 394, 395, 396, 397, 290, 286, 297, 293, 181, 180, 398, 399, 400, 401, 404, 405, 406, 407, 408, 409, 410, 411, 264, 224, 412, 413, 131, 208, 418, 419, 420, 421, 422, 423, 428, 429, 114, 242, 263, 432, 433, 435, 436, 437, 434, 256, 438, 439, 262, 257, 440, 441, 324, 266, 325, 442, 443, 265, 267, 209, 446, 447, 243, 450, 451, 452, 453, 115, 456, 457, 458, 459, 460, 461, 363, 221, 220, 462, 463, 464, 465, 466, 467, 470, 471, 474, 475, 478, 479, 268, 269, 403, 369, 216, 345, 317, 481, 480, 454, 468, 483, 482, 472, 485, 484, 339, 487, 489, 491, 493, 495, 494, 492, 490, 488, 486, 203, 496, 497, 74, 179, 322, 223, 499, 498, 431, 501, 503, 505, 507, 506, 504, 502, 500, 170, 9, 206, 328, 509, 511, 513, 512, 515, 514, 517, 516, 519, 530, 531, 525, 527, 529, 351, 533, 532, 302, 535, 534, 537, 539, 538, 541, 540, 536, 528, 526, 524, 543, 545, 544, 542, 522, 520, 326, 333, 354, 518, 549, 548, 510, 508, 283, 349, 551, 550, 271, 425, 553, 552, 219, 555, 557, 556, 554]
  列生成求解结果: 目标值=9.0000， 下界=9.0000， 上界=10.0000
    非整数变量: COL_18-2-22-9_31 = 0.535714
  解不是整数，开始分支...
ImposedVertex(vertex=27)
ForbidVertex(vertex=27)
  创建了 2 个分支
    添加分支节点 1: ID=558
    添加分支节点 2: ID=559

处理节点 344
  开始列生成求解...
Set parameter LogToConsole to value 0
Set parameter Threads to value 1
Set parameter Seed to value 0
  定价策略: Exact, node=344, vertices=14
Set parameter PoolSearchMode to value 2
Set parameter PoolSolutions to value 10
[CG 1] RMP=11.000000, pricing=ExactPricingSolver, new_columns=0
  搜索路径: [1, 2, 3, 6, 7, 10, 12, 13, 11, 18, 19, 22, 23, 20, 21, 30, 31, 28, 29, 36, 37, 39, 38, 44, 45, 48, 49, 26, 27, 58, 59, 60, 61, 64, 65, 70, 71, 56, 62, 57, 50, 77, 51, 79, 80, 81, 43, 63, 34, 96, 97, 100, 101, 92, 42, 76, 35, 110, 111, 113, 112, 118, 119, 124, 125, 93, 78, 132, 133, 136, 137, 94, 95, 87, 86, 16, 17, 148, 149, 146, 150, 151, 152, 153, 156, 157, 147, 160, 161, 162, 163, 165, 164, 168, 169, 172, 173, 177, 174, 175, 176, 186, 187, 188, 189, 190, 191, 192, 193, 200, 201, 154, 155, 123, 122, 197, 210, 214, 215, 211, 196, 138, 82, 139, 72, 73, 83, 85, 84, 134, 135, 166, 167, 236, 237, 159, 143, 142, 144, 235, 158, 69, 238, 239, 246, 249, 250, 251, 253, 254, 255, 252, 247, 248, 91, 274, 275, 145, 227, 280, 184, 226, 234, 281, 183, 126, 68, 289, 127, 288, 194, 232, 233, 195, 90, 306, 307, 309, 310, 311, 312, 313, 314, 315, 308, 229, 320, 321, 185, 228, 182, 285, 284, 330, 331, 334, 335, 336, 337, 213, 212, 342, 343, 240, 241, 279, 278, 346, 347, 205, 204, 105, 104, 341, 353, 356, 357, 358, 362, 364, 365, 367, 366, 352, 225, 287, 340, 370, 371, 372, 373, 318, 54, 130, 55, 374, 375, 376, 377, 378, 379, 380, 381, 385, 382, 386, 387, 383, 384, 388, 389, 305, 319, 304, 390, 391, 392, 393, 359, 296, 291, 292, 394, 395, 396, 397, 290, 286, 297, 293, 181, 180, 398, 399, 400, 401, 404, 405, 406, 407, 408, 409, 410, 411, 264, 224, 412, 413, 131, 208, 418, 419, 420, 421, 422, 423, 428, 429, 114, 242, 263, 432, 433, 435, 436, 437, 434, 256, 438, 439, 262, 257, 440, 441, 324, 266, 325, 442, 443, 265, 267, 209, 446, 447, 243, 450, 451, 452, 453, 115, 456, 457, 458, 459, 460, 461, 363, 221, 220, 462, 463, 464, 465, 466, 467, 470, 471, 474, 475, 478, 479, 268, 269, 403, 369, 216, 345, 317, 481, 480, 454, 468, 483, 482, 472, 485, 484, 339, 487, 489, 491, 493, 495, 494, 492, 490, 488, 486, 203, 496, 497, 74, 179, 322, 223, 499, 498, 431, 501, 503, 505, 507, 506, 504, 502, 500, 170, 9, 206, 328, 509, 511, 513, 512, 515, 514, 517, 516, 519, 530, 531, 525, 527, 529, 351, 533, 532, 302, 535, 534, 537, 539, 538, 541, 540, 536, 528, 526, 524, 543, 545, 544, 542, 522, 520, 326, 333, 354, 518, 549, 548, 510, 508, 283, 349, 551, 550, 271, 425, 553, 552, 219, 555, 557, 556, 554, 344]
  列生成求解结果: 目标值=11.0000， 下界=9.0000， 上界=10.0000

处理节点 244
  开始列生成求解...
Set parameter LogToConsole to value 0
Set parameter Threads to value 1
Set parameter Seed to value 0
  定价策略: Exact, node=244, vertices=14
Set parameter PoolSearchMode to value 2
Set parameter PoolSolutions to value 10
[CG 1] RMP=9.000000, pricing=ExactPricingSolver, new_columns=0
  搜索路径: [1, 2, 3, 6, 7, 10, 12, 13, 11, 18, 19, 22, 23, 20, 21, 30, 31, 28, 29, 36, 37, 39, 38, 44, 45, 48, 49, 26, 27, 58, 59, 60, 61, 64, 65, 70, 71, 56, 62, 57, 50, 77, 51, 79, 80, 81, 43, 63, 34, 96, 97, 100, 101, 92, 42, 76, 35, 110, 111, 113, 112, 118, 119, 124, 125, 93, 78, 132, 133, 136, 137, 94, 95, 87, 86, 16, 17, 148, 149, 146, 150, 151, 152, 153, 156, 157, 147, 160, 161, 162, 163, 165, 164, 168, 169, 172, 173, 177, 174, 175, 176, 186, 187, 188, 189, 190, 191, 192, 193, 200, 201, 154, 155, 123, 122, 197, 210, 214, 215, 211, 196, 138, 82, 139, 72, 73, 83, 85, 84, 134, 135, 166, 167, 236, 237, 159, 143, 142, 144, 235, 158, 69, 238, 239, 246, 249, 250, 251, 253, 254, 255, 252, 247, 248, 91, 274, 275, 145, 227, 280, 184, 226, 234, 281, 183, 126, 68, 289, 127, 288, 194, 232, 233, 195, 90, 306, 307, 309, 310, 311, 312, 313, 314, 315, 308, 229, 320, 321, 185, 228, 182, 285, 284, 330, 331, 334, 335, 336, 337, 213, 212, 342, 343, 240, 241, 279, 278, 346, 347, 205, 204, 105, 104, 341, 353, 356, 357, 358, 362, 364, 365, 367, 366, 352, 225, 287, 340, 370, 371, 372, 373, 318, 54, 130, 55, 374, 375, 376, 377, 378, 379, 380, 381, 385, 382, 386, 387, 383, 384, 388, 389, 305, 319, 304, 390, 391, 392, 393, 359, 296, 291, 292, 394, 395, 396, 397, 290, 286, 297, 293, 181, 180, 398, 399, 400, 401, 404, 405, 406, 407, 408, 409, 410, 411, 264, 224, 412, 413, 131, 208, 418, 419, 420, 421, 422, 423, 428, 429, 114, 242, 263, 432, 433, 435, 436, 437, 434, 256, 438, 439, 262, 257, 440, 441, 324, 266, 325, 442, 443, 265, 267, 209, 446, 447, 243, 450, 451, 452, 453, 115, 456, 457, 458, 459, 460, 461, 363, 221, 220, 462, 463, 464, 465, 466, 467, 470, 471, 474, 475, 478, 479, 268, 269, 403, 369, 216, 345, 317, 481, 480, 454, 468, 483, 482, 472, 485, 484, 339, 487, 489, 491, 493, 495, 494, 492, 490, 488, 486, 203, 496, 497, 74, 179, 322, 223, 499, 498, 431, 501, 503, 505, 507, 506, 504, 502, 500, 170, 9, 206, 328, 509, 511, 513, 512, 515, 514, 517, 516, 519, 530, 531, 525, 527, 529, 351, 533, 532, 302, 535, 534, 537, 539, 538, 541, 540, 536, 528, 526, 524, 543, 545, 544, 542, 522, 520, 326, 333, 354, 518, 549, 548, 510, 508, 283, 349, 551, 550, 271, 425, 553, 552, 219, 555, 557, 556, 554, 344, 244]
  列生成求解结果: 目标值=9.0000， 下界=9.0000， 上界=10.0000
    非整数变量: COL_1-18-25_128 = 0.500000
  解不是整数，开始分支...
ImposedVertex(vertex=26)
ForbidVertex(vertex=26)
  创建了 2 个分支
    添加分支节点 1: ID=560
    添加分支节点 2: ID=561

处理节点 424
  开始列生成求解...
Set parameter LogToConsole to value 0
Set parameter Threads to value 1
Set parameter Seed to value 0
  定价策略: Exact, node=424, vertices=16
Set parameter PoolSearchMode to value 2
Set parameter PoolSolutions to value 10
[CG 1] RMP=10.000000, pricing=ExactPricingSolver, new_columns=0
  搜索路径: [1, 2, 3, 6, 7, 10, 12, 13, 11, 18, 19, 22, 23, 20, 21, 30, 31, 28, 29, 36, 37, 39, 38, 44, 45, 48, 49, 26, 27, 58, 59, 60, 61, 64, 65, 70, 71, 56, 62, 57, 50, 77, 51, 79, 80, 81, 43, 63, 34, 96, 97, 100, 101, 92, 42, 76, 35, 110, 111, 113, 112, 118, 119, 124, 125, 93, 78, 132, 133, 136, 137, 94, 95, 87, 86, 16, 17, 148, 149, 146, 150, 151, 152, 153, 156, 157, 147, 160, 161, 162, 163, 165, 164, 168, 169, 172, 173, 177, 174, 175, 176, 186, 187, 188, 189, 190, 191, 192, 193, 200, 201, 154, 155, 123, 122, 197, 210, 214, 215, 211, 196, 138, 82, 139, 72, 73, 83, 85, 84, 134, 135, 166, 167, 236, 237, 159, 143, 142, 144, 235, 158, 69, 238, 239, 246, 249, 250, 251, 253, 254, 255, 252, 247, 248, 91, 274, 275, 145, 227, 280, 184, 226, 234, 281, 183, 126, 68, 289, 127, 288, 194, 232, 233, 195, 90, 306, 307, 309, 310, 311, 312, 313, 314, 315, 308, 229, 320, 321, 185, 228, 182, 285, 284, 330, 331, 334, 335, 336, 337, 213, 212, 342, 343, 240, 241, 279, 278, 346, 347, 205, 204, 105, 104, 341, 353, 356, 357, 358, 362, 364, 365, 367, 366, 352, 225, 287, 340, 370, 371, 372, 373, 318, 54, 130, 55, 374, 375, 376, 377, 378, 379, 380, 381, 385, 382, 386, 387, 383, 384, 388, 389, 305, 319, 304, 390, 391, 392, 393, 359, 296, 291, 292, 394, 395, 396, 397, 290, 286, 297, 293, 181, 180, 398, 399, 400, 401, 404, 405, 406, 407, 408, 409, 410, 411, 264, 224, 412, 413, 131, 208, 418, 419, 420, 421, 422, 423, 428, 429, 114, 242, 263, 432, 433, 435, 436, 437, 434, 256, 438, 439, 262, 257, 440, 441, 324, 266, 325, 442, 443, 265, 267, 209, 446, 447, 243, 450, 451, 452, 453, 115, 456, 457, 458, 459, 460, 461, 363, 221, 220, 462, 463, 464, 465, 466, 467, 470, 471, 474, 475, 478, 479, 268, 269, 403, 369, 216, 345, 317, 481, 480, 454, 468, 483, 482, 472, 485, 484, 339, 487, 489, 491, 493, 495, 494, 492, 490, 488, 486, 203, 496, 497, 74, 179, 322, 223, 499, 498, 431, 501, 503, 505, 507, 506, 504, 502, 500, 170, 9, 206, 328, 509, 511, 513, 512, 515, 514, 517, 516, 519, 530, 531, 525, 527, 529, 351, 533, 532, 302, 535, 534, 537, 539, 538, 541, 540, 536, 528, 526, 524, 543, 545, 544, 542, 522, 520, 326, 333, 354, 518, 549, 548, 510, 508, 283, 349, 551, 550, 271, 425, 553, 552, 219, 555, 557, 556, 554, 344, 244, 424]
  列生成求解结果: 目标值=10.0000， 下界=9.0000， 上界=10.0000

处理节点 103
  开始列生成求解...
Set parameter LogToConsole to value 0
Set parameter Threads to value 1
Set parameter Seed to value 0
  定价策略: Exact, node=103, vertices=17
Set parameter PoolSearchMode to value 2
Set parameter PoolSolutions to value 10
[CG 1] RMP=9.000000, pricing=ExactPricingSolver, new_columns=0
  搜索路径: [1, 2, 3, 6, 7, 10, 12, 13, 11, 18, 19, 22, 23, 20, 21, 30, 31, 28, 29, 36, 37, 39, 38, 44, 45, 48, 49, 26, 27, 58, 59, 60, 61, 64, 65, 70, 71, 56, 62, 57, 50, 77, 51, 79, 80, 81, 43, 63, 34, 96, 97, 100, 101, 92, 42, 76, 35, 110, 111, 113, 112, 118, 119, 124, 125, 93, 78, 132, 133, 136, 137, 94, 95, 87, 86, 16, 17, 148, 149, 146, 150, 151, 152, 153, 156, 157, 147, 160, 161, 162, 163, 165, 164, 168, 169, 172, 173, 177, 174, 175, 176, 186, 187, 188, 189, 190, 191, 192, 193, 200, 201, 154, 155, 123, 122, 197, 210, 214, 215, 211, 196, 138, 82, 139, 72, 73, 83, 85, 84, 134, 135, 166, 167, 236, 237, 159, 143, 142, 144, 235, 158, 69, 238, 239, 246, 249, 250, 251, 253, 254, 255, 252, 247, 248, 91, 274, 275, 145, 227, 280, 184, 226, 234, 281, 183, 126, 68, 289, 127, 288, 194, 232, 233, 195, 90, 306, 307, 309, 310, 311, 312, 313, 314, 315, 308, 229, 320, 321, 185, 228, 182, 285, 284, 330, 331, 334, 335, 336, 337, 213, 212, 342, 343, 240, 241, 279, 278, 346, 347, 205, 204, 105, 104, 341, 353, 356, 357, 358, 362, 364, 365, 367, 366, 352, 225, 287, 340, 370, 371, 372, 373, 318, 54, 130, 55, 374, 375, 376, 377, 378, 379, 380, 381, 385, 382, 386, 387, 383, 384, 388, 389, 305, 319, 304, 390, 391, 392, 393, 359, 296, 291, 292, 394, 395, 396, 397, 290, 286, 297, 293, 181, 180, 398, 399, 400, 401, 404, 405, 406, 407, 408, 409, 410, 411, 264, 224, 412, 413, 131, 208, 418, 419, 420, 421, 422, 423, 428, 429, 114, 242, 263, 432, 433, 435, 436, 437, 434, 256, 438, 439, 262, 257, 440, 441, 324, 266, 325, 442, 443, 265, 267, 209, 446, 447, 243, 450, 451, 452, 453, 115, 456, 457, 458, 459, 460, 461, 363, 221, 220, 462, 463, 464, 465, 466, 467, 470, 471, 474, 475, 478, 479, 268, 269, 403, 369, 216, 345, 317, 481, 480, 454, 468, 483, 482, 472, 485, 484, 339, 487, 489, 491, 493, 495, 494, 492, 490, 488, 486, 203, 496, 497, 74, 179, 322, 223, 499, 498, 431, 501, 503, 505, 507, 506, 504, 502, 500, 170, 9, 206, 328, 509, 511, 513, 512, 515, 514, 517, 516, 519, 530, 531, 525, 527, 529, 351, 533, 532, 302, 535, 534, 537, 539, 538, 541, 540, 536, 528, 526, 524, 543, 545, 544, 542, 522, 520, 326, 333, 354, 518, 549, 548, 510, 508, 283, 349, 551, 550, 271, 425, 553, 552, 219, 555, 557, 556, 554, 344, 244, 424, 103]
  列生成求解结果: 目标值=9.0000， 下界=9.0000， 上界=10.0000
    非整数变量: COL_0-18-25-4-8_131 = 0.285714
  解不是整数，开始分支...
ImposedVertex(vertex=8)
ForbidVertex(vertex=8)
  创建了 2 个分支
    添加分支节点 1: ID=562
    添加分支节点 2: ID=563
  进度: 已处理 460 个节点, 剩余 81 个, 当前最优 10.0000, 当前列数: 3036

处理节点 416
  开始列生成求解...
Set parameter LogToConsole to value 0
Set parameter Threads to value 1
Set parameter Seed to value 0
  定价策略: Exact, node=416, vertices=10
Set parameter PoolSearchMode to value 2
Set parameter PoolSolutions to value 10
[CG 1] RMP=11.000000, pricing=ExactPricingSolver, new_columns=10
[CG 2] RMP=11.000000, pricing=ExactPricingSolver, new_columns=0
  搜索路径: [1, 2, 3, 6, 7, 10, 12, 13, 11, 18, 19, 22, 23, 20, 21, 30, 31, 28, 29, 36, 37, 39, 38, 44, 45, 48, 49, 26, 27, 58, 59, 60, 61, 64, 65, 70, 71, 56, 62, 57, 50, 77, 51, 79, 80, 81, 43, 63, 34, 96, 97, 100, 101, 92, 42, 76, 35, 110, 111, 113, 112, 118, 119, 124, 125, 93, 78, 132, 133, 136, 137, 94, 95, 87, 86, 16, 17, 148, 149, 146, 150, 151, 152, 153, 156, 157, 147, 160, 161, 162, 163, 165, 164, 168, 169, 172, 173, 177, 174, 175, 176, 186, 187, 188, 189, 190, 191, 192, 193, 200, 201, 154, 155, 123, 122, 197, 210, 214, 215, 211, 196, 138, 82, 139, 72, 73, 83, 85, 84, 134, 135, 166, 167, 236, 237, 159, 143, 142, 144, 235, 158, 69, 238, 239, 246, 249, 250, 251, 253, 254, 255, 252, 247, 248, 91, 274, 275, 145, 227, 280, 184, 226, 234, 281, 183, 126, 68, 289, 127, 288, 194, 232, 233, 195, 90, 306, 307, 309, 310, 311, 312, 313, 314, 315, 308, 229, 320, 321, 185, 228, 182, 285, 284, 330, 331, 334, 335, 336, 337, 213, 212, 342, 343, 240, 241, 279, 278, 346, 347, 205, 204, 105, 104, 341, 353, 356, 357, 358, 362, 364, 365, 367, 366, 352, 225, 287, 340, 370, 371, 372, 373, 318, 54, 130, 55, 374, 375, 376, 377, 378, 379, 380, 381, 385, 382, 386, 387, 383, 384, 388, 389, 305, 319, 304, 390, 391, 392, 393, 359, 296, 291, 292, 394, 395, 396, 397, 290, 286, 297, 293, 181, 180, 398, 399, 400, 401, 404, 405, 406, 407, 408, 409, 410, 411, 264, 224, 412, 413, 131, 208, 418, 419, 420, 421, 422, 423, 428, 429, 114, 242, 263, 432, 433, 435, 436, 437, 434, 256, 438, 439, 262, 257, 440, 441, 324, 266, 325, 442, 443, 265, 267, 209, 446, 447, 243, 450, 451, 452, 453, 115, 456, 457, 458, 459, 460, 461, 363, 221, 220, 462, 463, 464, 465, 466, 467, 470, 471, 474, 475, 478, 479, 268, 269, 403, 369, 216, 345, 317, 481, 480, 454, 468, 483, 482, 472, 485, 484, 339, 487, 489, 491, 493, 495, 494, 492, 490, 488, 486, 203, 496, 497, 74, 179, 322, 223, 499, 498, 431, 501, 503, 505, 507, 506, 504, 502, 500, 170, 9, 206, 328, 509, 511, 513, 512, 515, 514, 517, 516, 519, 530, 531, 525, 527, 529, 351, 533, 532, 302, 535, 534, 537, 539, 538, 541, 540, 536, 528, 526, 524, 543, 545, 544, 542, 522, 520, 326, 333, 354, 518, 549, 548, 510, 508, 283, 349, 551, 550, 271, 425, 553, 552, 219, 555, 557, 556, 554, 344, 244, 424, 103, 416]
  列生成求解结果: 目标值=11.0000， 下界=9.0000， 上界=10.0000

处理节点 5
  开始列生成求解...
Set parameter LogToConsole to value 0
Set parameter Threads to value 1
Set parameter Seed to value 0
  定价策略: Exact, node=5, vertices=26
Set parameter PoolSearchMode to value 2
Set parameter PoolSolutions to value 10
[CG 1] RMP=11.000000, pricing=ExactPricingSolver, new_columns=10
[CG 2] RMP=9.000000, pricing=ExactPricingSolver, new_columns=0
  搜索路径: [1, 2, 3, 6, 7, 10, 12, 13, 11, 18, 19, 22, 23, 20, 21, 30, 31, 28, 29, 36, 37, 39, 38, 44, 45, 48, 49, 26, 27, 58, 59, 60, 61, 64, 65, 70, 71, 56, 62, 57, 50, 77, 51, 79, 80, 81, 43, 63, 34, 96, 97, 100, 101, 92, 42, 76, 35, 110, 111, 113, 112, 118, 119, 124, 125, 93, 78, 132, 133, 136, 137, 94, 95, 87, 86, 16, 17, 148, 149, 146, 150, 151, 152, 153, 156, 157, 147, 160, 161, 162, 163, 165, 164, 168, 169, 172, 173, 177, 174, 175, 176, 186, 187, 188, 189, 190, 191, 192, 193, 200, 201, 154, 155, 123, 122, 197, 210, 214, 215, 211, 196, 138, 82, 139, 72, 73, 83, 85, 84, 134, 135, 166, 167, 236, 237, 159, 143, 142, 144, 235, 158, 69, 238, 239, 246, 249, 250, 251, 253, 254, 255, 252, 247, 248, 91, 274, 275, 145, 227, 280, 184, 226, 234, 281, 183, 126, 68, 289, 127, 288, 194, 232, 233, 195, 90, 306, 307, 309, 310, 311, 312, 313, 314, 315, 308, 229, 320, 321, 185, 228, 182, 285, 284, 330, 331, 334, 335, 336, 337, 213, 212, 342, 343, 240, 241, 279, 278, 346, 347, 205, 204, 105, 104, 341, 353, 356, 357, 358, 362, 364, 365, 367, 366, 352, 225, 287, 340, 370, 371, 372, 373, 318, 54, 130, 55, 374, 375, 376, 377, 378, 379, 380, 381, 385, 382, 386, 387, 383, 384, 388, 389, 305, 319, 304, 390, 391, 392, 393, 359, 296, 291, 292, 394, 395, 396, 397, 290, 286, 297, 293, 181, 180, 398, 399, 400, 401, 404, 405, 406, 407, 408, 409, 410, 411, 264, 224, 412, 413, 131, 208, 418, 419, 420, 421, 422, 423, 428, 429, 114, 242, 263, 432, 433, 435, 436, 437, 434, 256, 438, 439, 262, 257, 440, 441, 324, 266, 325, 442, 443, 265, 267, 209, 446, 447, 243, 450, 451, 452, 453, 115, 456, 457, 458, 459, 460, 461, 363, 221, 220, 462, 463, 464, 465, 466, 467, 470, 471, 474, 475, 478, 479, 268, 269, 403, 369, 216, 345, 317, 481, 480, 454, 468, 483, 482, 472, 485, 484, 339, 487, 489, 491, 493, 495, 494, 492, 490, 488, 486, 203, 496, 497, 74, 179, 322, 223, 499, 498, 431, 501, 503, 505, 507, 506, 504, 502, 500, 170, 9, 206, 328, 509, 511, 513, 512, 515, 514, 517, 516, 519, 530, 531, 525, 527, 529, 351, 533, 532, 302, 535, 534, 537, 539, 538, 541, 540, 536, 528, 526, 524, 543, 545, 544, 542, 522, 520, 326, 333, 354, 518, 549, 548, 510, 508, 283, 349, 551, 550, 271, 425, 553, 552, 219, 555, 557, 556, 554, 344, 244, 424, 103, 416, 5]
  列生成求解结果: 目标值=9.0000， 下界=9.0000， 上界=10.0000
    非整数变量: COL_11-15-20-25_17 = 0.500000
  解不是整数，开始分支...
ImposedVertex(vertex=25)
ForbidVertex(vertex=25)
  创建了 2 个分支
    添加分支节点 1: ID=564
    添加分支节点 2: ID=565

处理节点 559
  开始列生成求解...
Set parameter LogToConsole to value 0
Set parameter Threads to value 1
Set parameter Seed to value 0
  定价策略: Exact, node=559, vertices=12
Set parameter PoolSearchMode to value 2
Set parameter PoolSolutions to value 10
[CG 1] RMP=14.000000, pricing=ExactPricingSolver, new_columns=10
[CG 2] RMP=12.000000, pricing=ExactPricingSolver, new_columns=0
  搜索路径: [1, 2, 3, 6, 7, 10, 12, 13, 11, 18, 19, 22, 23, 20, 21, 30, 31, 28, 29, 36, 37, 39, 38, 44, 45, 48, 49, 26, 27, 58, 59, 60, 61, 64, 65, 70, 71, 56, 62, 57, 50, 77, 51, 79, 80, 81, 43, 63, 34, 96, 97, 100, 101, 92, 42, 76, 35, 110, 111, 113, 112, 118, 119, 124, 125, 93, 78, 132, 133, 136, 137, 94, 95, 87, 86, 16, 17, 148, 149, 146, 150, 151, 152, 153, 156, 157, 147, 160, 161, 162, 163, 165, 164, 168, 169, 172, 173, 177, 174, 175, 176, 186, 187, 188, 189, 190, 191, 192, 193, 200, 201, 154, 155, 123, 122, 197, 210, 214, 215, 211, 196, 138, 82, 139, 72, 73, 83, 85, 84, 134, 135, 166, 167, 236, 237, 159, 143, 142, 144, 235, 158, 69, 238, 239, 246, 249, 250, 251, 253, 254, 255, 252, 247, 248, 91, 274, 275, 145, 227, 280, 184, 226, 234, 281, 183, 126, 68, 289, 127, 288, 194, 232, 233, 195, 90, 306, 307, 309, 310, 311, 312, 313, 314, 315, 308, 229, 320, 321, 185, 228, 182, 285, 284, 330, 331, 334, 335, 336, 337, 213, 212, 342, 343, 240, 241, 279, 278, 346, 347, 205, 204, 105, 104, 341, 353, 356, 357, 358, 362, 364, 365, 367, 366, 352, 225, 287, 340, 370, 371, 372, 373, 318, 54, 130, 55, 374, 375, 376, 377, 378, 379, 380, 381, 385, 382, 386, 387, 383, 384, 388, 389, 305, 319, 304, 390, 391, 392, 393, 359, 296, 291, 292, 394, 395, 396, 397, 290, 286, 297, 293, 181, 180, 398, 399, 400, 401, 404, 405, 406, 407, 408, 409, 410, 411, 264, 224, 412, 413, 131, 208, 418, 419, 420, 421, 422, 423, 428, 429, 114, 242, 263, 432, 433, 435, 436, 437, 434, 256, 438, 439, 262, 257, 440, 441, 324, 266, 325, 442, 443, 265, 267, 209, 446, 447, 243, 450, 451, 452, 453, 115, 456, 457, 458, 459, 460, 461, 363, 221, 220, 462, 463, 464, 465, 466, 467, 470, 471, 474, 475, 478, 479, 268, 269, 403, 369, 216, 345, 317, 481, 480, 454, 468, 483, 482, 472, 485, 484, 339, 487, 489, 491, 493, 495, 494, 492, 490, 488, 486, 203, 496, 497, 74, 179, 322, 223, 499, 498, 431, 501, 503, 505, 507, 506, 504, 502, 500, 170, 9, 206, 328, 509, 511, 513, 512, 515, 514, 517, 516, 519, 530, 531, 525, 527, 529, 351, 533, 532, 302, 535, 534, 537, 539, 538, 541, 540, 536, 528, 526, 524, 543, 545, 544, 542, 522, 520, 326, 333, 354, 518, 549, 548, 510, 508, 283, 349, 551, 550, 271, 425, 553, 552, 219, 555, 557, 556, 554, 344, 244, 424, 103, 416, 5, 559]
  列生成求解结果: 目标值=12.0000， 下界=9.0000， 上界=10.0000

处理节点 558
  开始列生成求解...
Set parameter LogToConsole to value 0
Set parameter Threads to value 1
Set parameter Seed to value 0
  定价策略: Exact, node=558, vertices=12
Set parameter PoolSearchMode to value 2
Set parameter PoolSolutions to value 10
[CG 1] RMP=11.000000, pricing=ExactPricingSolver, new_columns=0
  搜索路径: [1, 2, 3, 6, 7, 10, 12, 13, 11, 18, 19, 22, 23, 20, 21, 30, 31, 28, 29, 36, 37, 39, 38, 44, 45, 48, 49, 26, 27, 58, 59, 60, 61, 64, 65, 70, 71, 56, 62, 57, 50, 77, 51, 79, 80, 81, 43, 63, 34, 96, 97, 100, 101, 92, 42, 76, 35, 110, 111, 113, 112, 118, 119, 124, 125, 93, 78, 132, 133, 136, 137, 94, 95, 87, 86, 16, 17, 148, 149, 146, 150, 151, 152, 153, 156, 157, 147, 160, 161, 162, 163, 165, 164, 168, 169, 172, 173, 177, 174, 175, 176, 186, 187, 188, 189, 190, 191, 192, 193, 200, 201, 154, 155, 123, 122, 197, 210, 214, 215, 211, 196, 138, 82, 139, 72, 73, 83, 85, 84, 134, 135, 166, 167, 236, 237, 159, 143, 142, 144, 235, 158, 69, 238, 239, 246, 249, 250, 251, 253, 254, 255, 252, 247, 248, 91, 274, 275, 145, 227, 280, 184, 226, 234, 281, 183, 126, 68, 289, 127, 288, 194, 232, 233, 195, 90, 306, 307, 309, 310, 311, 312, 313, 314, 315, 308, 229, 320, 321, 185, 228, 182, 285, 284, 330, 331, 334, 335, 336, 337, 213, 212, 342, 343, 240, 241, 279, 278, 346, 347, 205, 204, 105, 104, 341, 353, 356, 357, 358, 362, 364, 365, 367, 366, 352, 225, 287, 340, 370, 371, 372, 373, 318, 54, 130, 55, 374, 375, 376, 377, 378, 379, 380, 381, 385, 382, 386, 387, 383, 384, 388, 389, 305, 319, 304, 390, 391, 392, 393, 359, 296, 291, 292, 394, 395, 396, 397, 290, 286, 297, 293, 181, 180, 398, 399, 400, 401, 404, 405, 406, 407, 408, 409, 410, 411, 264, 224, 412, 413, 131, 208, 418, 419, 420, 421, 422, 423, 428, 429, 114, 242, 263, 432, 433, 435, 436, 437, 434, 256, 438, 439, 262, 257, 440, 441, 324, 266, 325, 442, 443, 265, 267, 209, 446, 447, 243, 450, 451, 452, 453, 115, 456, 457, 458, 459, 460, 461, 363, 221, 220, 462, 463, 464, 465, 466, 467, 470, 471, 474, 475, 478, 479, 268, 269, 403, 369, 216, 345, 317, 481, 480, 454, 468, 483, 482, 472, 485, 484, 339, 487, 489, 491, 493, 495, 494, 492, 490, 488, 486, 203, 496, 497, 74, 179, 322, 223, 499, 498, 431, 501, 503, 505, 507, 506, 504, 502, 500, 170, 9, 206, 328, 509, 511, 513, 512, 515, 514, 517, 516, 519, 530, 531, 525, 527, 529, 351, 533, 532, 302, 535, 534, 537, 539, 538, 541, 540, 536, 528, 526, 524, 543, 545, 544, 542, 522, 520, 326, 333, 354, 518, 549, 548, 510, 508, 283, 349, 551, 550, 271, 425, 553, 552, 219, 555, 557, 556, 554, 344, 244, 424, 103, 416, 5, 559, 558]
  列生成求解结果: 目标值=11.0000， 下界=9.0000， 上界=10.0000

处理节点 561
  开始列生成求解...
Set parameter LogToConsole to value 0
Set parameter Threads to value 1
Set parameter Seed to value 0
  定价策略: Exact, node=561, vertices=13
Set parameter PoolSearchMode to value 2
Set parameter PoolSolutions to value 10
[CG 1] RMP=12.000000, pricing=ExactPricingSolver, new_columns=0
  搜索路径: [1, 2, 3, 6, 7, 10, 12, 13, 11, 18, 19, 22, 23, 20, 21, 30, 31, 28, 29, 36, 37, 39, 38, 44, 45, 48, 49, 26, 27, 58, 59, 60, 61, 64, 65, 70, 71, 56, 62, 57, 50, 77, 51, 79, 80, 81, 43, 63, 34, 96, 97, 100, 101, 92, 42, 76, 35, 110, 111, 113, 112, 118, 119, 124, 125, 93, 78, 132, 133, 136, 137, 94, 95, 87, 86, 16, 17, 148, 149, 146, 150, 151, 152, 153, 156, 157, 147, 160, 161, 162, 163, 165, 164, 168, 169, 172, 173, 177, 174, 175, 176, 186, 187, 188, 189, 190, 191, 192, 193, 200, 201, 154, 155, 123, 122, 197, 210, 214, 215, 211, 196, 138, 82, 139, 72, 73, 83, 85, 84, 134, 135, 166, 167, 236, 237, 159, 143, 142, 144, 235, 158, 69, 238, 239, 246, 249, 250, 251, 253, 254, 255, 252, 247, 248, 91, 274, 275, 145, 227, 280, 184, 226, 234, 281, 183, 126, 68, 289, 127, 288, 194, 232, 233, 195, 90, 306, 307, 309, 310, 311, 312, 313, 314, 315, 308, 229, 320, 321, 185, 228, 182, 285, 284, 330, 331, 334, 335, 336, 337, 213, 212, 342, 343, 240, 241, 279, 278, 346, 347, 205, 204, 105, 104, 341, 353, 356, 357, 358, 362, 364, 365, 367, 366, 352, 225, 287, 340, 370, 371, 372, 373, 318, 54, 130, 55, 374, 375, 376, 377, 378, 379, 380, 381, 385, 382, 386, 387, 383, 384, 388, 389, 305, 319, 304, 390, 391, 392, 393, 359, 296, 291, 292, 394, 395, 396, 397, 290, 286, 297, 293, 181, 180, 398, 399, 400, 401, 404, 405, 406, 407, 408, 409, 410, 411, 264, 224, 412, 413, 131, 208, 418, 419, 420, 421, 422, 423, 428, 429, 114, 242, 263, 432, 433, 435, 436, 437, 434, 256, 438, 439, 262, 257, 440, 441, 324, 266, 325, 442, 443, 265, 267, 209, 446, 447, 243, 450, 451, 452, 453, 115, 456, 457, 458, 459, 460, 461, 363, 221, 220, 462, 463, 464, 465, 466, 467, 470, 471, 474, 475, 478, 479, 268, 269, 403, 369, 216, 345, 317, 481, 480, 454, 468, 483, 482, 472, 485, 484, 339, 487, 489, 491, 493, 495, 494, 492, 490, 488, 486, 203, 496, 497, 74, 179, 322, 223, 499, 498, 431, 501, 503, 505, 507, 506, 504, 502, 500, 170, 9, 206, 328, 509, 511, 513, 512, 515, 514, 517, 516, 519, 530, 531, 525, 527, 529, 351, 533, 532, 302, 535, 534, 537, 539, 538, 541, 540, 536, 528, 526, 524, 543, 545, 544, 542, 522, 520, 326, 333, 354, 518, 549, 548, 510, 508, 283, 349, 551, 550, 271, 425, 553, 552, 219, 555, 557, 556, 554, 344, 244, 424, 103, 416, 5, 559, 558, 561]
  列生成求解结果: 目标值=12.0000， 下界=9.0000， 上界=10.0000

处理节点 560
  开始列生成求解...
Set parameter LogToConsole to value 0
Set parameter Threads to value 1
Set parameter Seed to value 0
  定价策略: Exact, node=560, vertices=13
Set parameter PoolSearchMode to value 2
Set parameter PoolSolutions to value 10
[CG 1] RMP=11.000000, pricing=ExactPricingSolver, new_columns=10
[CG 2] RMP=10.000000, pricing=ExactPricingSolver, new_columns=0
  搜索路径: [1, 2, 3, 6, 7, 10, 12, 13, 11, 18, 19, 22, 23, 20, 21, 30, 31, 28, 29, 36, 37, 39, 38, 44, 45, 48, 49, 26, 27, 58, 59, 60, 61, 64, 65, 70, 71, 56, 62, 57, 50, 77, 51, 79, 80, 81, 43, 63, 34, 96, 97, 100, 101, 92, 42, 76, 35, 110, 111, 113, 112, 118, 119, 124, 125, 93, 78, 132, 133, 136, 137, 94, 95, 87, 86, 16, 17, 148, 149, 146, 150, 151, 152, 153, 156, 157, 147, 160, 161, 162, 163, 165, 164, 168, 169, 172, 173, 177, 174, 175, 176, 186, 187, 188, 189, 190, 191, 192, 193, 200, 201, 154, 155, 123, 122, 197, 210, 214, 215, 211, 196, 138, 82, 139, 72, 73, 83, 85, 84, 134, 135, 166, 167, 236, 237, 159, 143, 142, 144, 235, 158, 69, 238, 239, 246, 249, 250, 251, 253, 254, 255, 252, 247, 248, 91, 274, 275, 145, 227, 280, 184, 226, 234, 281, 183, 126, 68, 289, 127, 288, 194, 232, 233, 195, 90, 306, 307, 309, 310, 311, 312, 313, 314, 315, 308, 229, 320, 321, 185, 228, 182, 285, 284, 330, 331, 334, 335, 336, 337, 213, 212, 342, 343, 240, 241, 279, 278, 346, 347, 205, 204, 105, 104, 341, 353, 356, 357, 358, 362, 364, 365, 367, 366, 352, 225, 287, 340, 370, 371, 372, 373, 318, 54, 130, 55, 374, 375, 376, 377, 378, 379, 380, 381, 385, 382, 386, 387, 383, 384, 388, 389, 305, 319, 304, 390, 391, 392, 393, 359, 296, 291, 292, 394, 395, 396, 397, 290, 286, 297, 293, 181, 180, 398, 399, 400, 401, 404, 405, 406, 407, 408, 409, 410, 411, 264, 224, 412, 413, 131, 208, 418, 419, 420, 421, 422, 423, 428, 429, 114, 242, 263, 432, 433, 435, 436, 437, 434, 256, 438, 439, 262, 257, 440, 441, 324, 266, 325, 442, 443, 265, 267, 209, 446, 447, 243, 450, 451, 452, 453, 115, 456, 457, 458, 459, 460, 461, 363, 221, 220, 462, 463, 464, 465, 466, 467, 470, 471, 474, 475, 478, 479, 268, 269, 403, 369, 216, 345, 317, 481, 480, 454, 468, 483, 482, 472, 485, 484, 339, 487, 489, 491, 493, 495, 494, 492, 490, 488, 486, 203, 496, 497, 74, 179, 322, 223, 499, 498, 431, 501, 503, 505, 507, 506, 504, 502, 500, 170, 9, 206, 328, 509, 511, 513, 512, 515, 514, 517, 516, 519, 530, 531, 525, 527, 529, 351, 533, 532, 302, 535, 534, 537, 539, 538, 541, 540, 536, 528, 526, 524, 543, 545, 544, 542, 522, 520, 326, 333, 354, 518, 549, 548, 510, 508, 283, 349, 551, 550, 271, 425, 553, 552, 219, 555, 557, 556, 554, 344, 244, 424, 103, 416, 5, 559, 558, 561, 560]
  列生成求解结果: 目标值=10.0000， 下界=9.0000， 上界=10.0000

处理节点 563
  开始列生成求解...
Set parameter LogToConsole to value 0
Set parameter Threads to value 1
Set parameter Seed to value 0
  定价策略: Exact, node=563, vertices=16
Set parameter PoolSearchMode to value 2
Set parameter PoolSolutions to value 10
[CG 1] RMP=9.000000, pricing=ExactPricingSolver, new_columns=0
  搜索路径: [1, 2, 3, 6, 7, 10, 12, 13, 11, 18, 19, 22, 23, 20, 21, 30, 31, 28, 29, 36, 37, 39, 38, 44, 45, 48, 49, 26, 27, 58, 59, 60, 61, 64, 65, 70, 71, 56, 62, 57, 50, 77, 51, 79, 80, 81, 43, 63, 34, 96, 97, 100, 101, 92, 42, 76, 35, 110, 111, 113, 112, 118, 119, 124, 125, 93, 78, 132, 133, 136, 137, 94, 95, 87, 86, 16, 17, 148, 149, 146, 150, 151, 152, 153, 156, 157, 147, 160, 161, 162, 163, 165, 164, 168, 169, 172, 173, 177, 174, 175, 176, 186, 187, 188, 189, 190, 191, 192, 193, 200, 201, 154, 155, 123, 122, 197, 210, 214, 215, 211, 196, 138, 82, 139, 72, 73, 83, 85, 84, 134, 135, 166, 167, 236, 237, 159, 143, 142, 144, 235, 158, 69, 238, 239, 246, 249, 250, 251, 253, 254, 255, 252, 247, 248, 91, 274, 275, 145, 227, 280, 184, 226, 234, 281, 183, 126, 68, 289, 127, 288, 194, 232, 233, 195, 90, 306, 307, 309, 310, 311, 312, 313, 314, 315, 308, 229, 320, 321, 185, 228, 182, 285, 284, 330, 331, 334, 335, 336, 337, 213, 212, 342, 343, 240, 241, 279, 278, 346, 347, 205, 204, 105, 104, 341, 353, 356, 357, 358, 362, 364, 365, 367, 366, 352, 225, 287, 340, 370, 371, 372, 373, 318, 54, 130, 55, 374, 375, 376, 377, 378, 379, 380, 381, 385, 382, 386, 387, 383, 384, 388, 389, 305, 319, 304, 390, 391, 392, 393, 359, 296, 291, 292, 394, 395, 396, 397, 290, 286, 297, 293, 181, 180, 398, 399, 400, 401, 404, 405, 406, 407, 408, 409, 410, 411, 264, 224, 412, 413, 131, 208, 418, 419, 420, 421, 422, 423, 428, 429, 114, 242, 263, 432, 433, 435, 436, 437, 434, 256, 438, 439, 262, 257, 440, 441, 324, 266, 325, 442, 443, 265, 267, 209, 446, 447, 243, 450, 451, 452, 453, 115, 456, 457, 458, 459, 460, 461, 363, 221, 220, 462, 463, 464, 465, 466, 467, 470, 471, 474, 475, 478, 479, 268, 269, 403, 369, 216, 345, 317, 481, 480, 454, 468, 483, 482, 472, 485, 484, 339, 487, 489, 491, 493, 495, 494, 492, 490, 488, 486, 203, 496, 497, 74, 179, 322, 223, 499, 498, 431, 501, 503, 505, 507, 506, 504, 502, 500, 170, 9, 206, 328, 509, 511, 513, 512, 515, 514, 517, 516, 519, 530, 531, 525, 527, 529, 351, 533, 532, 302, 535, 534, 537, 539, 538, 541, 540, 536, 528, 526, 524, 543, 545, 544, 542, 522, 520, 326, 333, 354, 518, 549, 548, 510, 508, 283, 349, 551, 550, 271, 425, 553, 552, 219, 555, 557, 556, 554, 344, 244, 424, 103, 416, 5, 559, 558, 561, 560, 563]
  列生成求解结果: 目标值=9.0000， 下界=9.0000， 上界=10.0000
    非整数变量: COL_0-18-25-4-7_130 = 0.642857
  解不是整数，开始分支...
ImposedVertex(vertex=10)
ForbidVertex(vertex=10)
  创建了 2 个分支
    添加分支节点 1: ID=566
    添加分支节点 2: ID=567

处理节点 562
  开始列生成求解...
Set parameter LogToConsole to value 0
Set parameter Threads to value 1
Set parameter Seed to value 0
  定价策略: Exact, node=562, vertices=16
Set parameter PoolSearchMode to value 2
Set parameter PoolSolutions to value 10
[CG 1] RMP=14.000000, pricing=ExactPricingSolver, new_columns=10
[CG 2] RMP=12.000000, pricing=ExactPricingSolver, new_columns=0
  搜索路径: [1, 2, 3, 6, 7, 10, 12, 13, 11, 18, 19, 22, 23, 20, 21, 30, 31, 28, 29, 36, 37, 39, 38, 44, 45, 48, 49, 26, 27, 58, 59, 60, 61, 64, 65, 70, 71, 56, 62, 57, 50, 77, 51, 79, 80, 81, 43, 63, 34, 96, 97, 100, 101, 92, 42, 76, 35, 110, 111, 113, 112, 118, 119, 124, 125, 93, 78, 132, 133, 136, 137, 94, 95, 87, 86, 16, 17, 148, 149, 146, 150, 151, 152, 153, 156, 157, 147, 160, 161, 162, 163, 165, 164, 168, 169, 172, 173, 177, 174, 175, 176, 186, 187, 188, 189, 190, 191, 192, 193, 200, 201, 154, 155, 123, 122, 197, 210, 214, 215, 211, 196, 138, 82, 139, 72, 73, 83, 85, 84, 134, 135, 166, 167, 236, 237, 159, 143, 142, 144, 235, 158, 69, 238, 239, 246, 249, 250, 251, 253, 254, 255, 252, 247, 248, 91, 274, 275, 145, 227, 280, 184, 226, 234, 281, 183, 126, 68, 289, 127, 288, 194, 232, 233, 195, 90, 306, 307, 309, 310, 311, 312, 313, 314, 315, 308, 229, 320, 321, 185, 228, 182, 285, 284, 330, 331, 334, 335, 336, 337, 213, 212, 342, 343, 240, 241, 279, 278, 346, 347, 205, 204, 105, 104, 341, 353, 356, 357, 358, 362, 364, 365, 367, 366, 352, 225, 287, 340, 370, 371, 372, 373, 318, 54, 130, 55, 374, 375, 376, 377, 378, 379, 380, 381, 385, 382, 386, 387, 383, 384, 388, 389, 305, 319, 304, 390, 391, 392, 393, 359, 296, 291, 292, 394, 395, 396, 397, 290, 286, 297, 293, 181, 180, 398, 399, 400, 401, 404, 405, 406, 407, 408, 409, 410, 411, 264, 224, 412, 413, 131, 208, 418, 419, 420, 421, 422, 423, 428, 429, 114, 242, 263, 432, 433, 435, 436, 437, 434, 256, 438, 439, 262, 257, 440, 441, 324, 266, 325, 442, 443, 265, 267, 209, 446, 447, 243, 450, 451, 452, 453, 115, 456, 457, 458, 459, 460, 461, 363, 221, 220, 462, 463, 464, 465, 466, 467, 470, 471, 474, 475, 478, 479, 268, 269, 403, 369, 216, 345, 317, 481, 480, 454, 468, 483, 482, 472, 485, 484, 339, 487, 489, 491, 493, 495, 494, 492, 490, 488, 486, 203, 496, 497, 74, 179, 322, 223, 499, 498, 431, 501, 503, 505, 507, 506, 504, 502, 500, 170, 9, 206, 328, 509, 511, 513, 512, 515, 514, 517, 516, 519, 530, 531, 525, 527, 529, 351, 533, 532, 302, 535, 534, 537, 539, 538, 541, 540, 536, 528, 526, 524, 543, 545, 544, 542, 522, 520, 326, 333, 354, 518, 549, 548, 510, 508, 283, 349, 551, 550, 271, 425, 553, 552, 219, 555, 557, 556, 554, 344, 244, 424, 103, 416, 5, 559, 558, 561, 560, 563, 562]
  列生成求解结果: 目标值=12.0000， 下界=9.0000， 上界=10.0000

处理节点 565
  开始列生成求解...
Set parameter LogToConsole to value 0
Set parameter Threads to value 1
Set parameter Seed to value 0
  定价策略: Exact, node=565, vertices=25
Set parameter PoolSearchMode to value 2
Set parameter PoolSolutions to value 10
[CG 1] RMP=9.000000, pricing=ExactPricingSolver, new_columns=0
  搜索路径: [1, 2, 3, 6, 7, 10, 12, 13, 11, 18, 19, 22, 23, 20, 21, 30, 31, 28, 29, 36, 37, 39, 38, 44, 45, 48, 49, 26, 27, 58, 59, 60, 61, 64, 65, 70, 71, 56, 62, 57, 50, 77, 51, 79, 80, 81, 43, 63, 34, 96, 97, 100, 101, 92, 42, 76, 35, 110, 111, 113, 112, 118, 119, 124, 125, 93, 78, 132, 133, 136, 137, 94, 95, 87, 86, 16, 17, 148, 149, 146, 150, 151, 152, 153, 156, 157, 147, 160, 161, 162, 163, 165, 164, 168, 169, 172, 173, 177, 174, 175, 176, 186, 187, 188, 189, 190, 191, 192, 193, 200, 201, 154, 155, 123, 122, 197, 210, 214, 215, 211, 196, 138, 82, 139, 72, 73, 83, 85, 84, 134, 135, 166, 167, 236, 237, 159, 143, 142, 144, 235, 158, 69, 238, 239, 246, 249, 250, 251, 253, 254, 255, 252, 247, 248, 91, 274, 275, 145, 227, 280, 184, 226, 234, 281, 183, 126, 68, 289, 127, 288, 194, 232, 233, 195, 90, 306, 307, 309, 310, 311, 312, 313, 314, 315, 308, 229, 320, 321, 185, 228, 182, 285, 284, 330, 331, 334, 335, 336, 337, 213, 212, 342, 343, 240, 241, 279, 278, 346, 347, 205, 204, 105, 104, 341, 353, 356, 357, 358, 362, 364, 365, 367, 366, 352, 225, 287, 340, 370, 371, 372, 373, 318, 54, 130, 55, 374, 375, 376, 377, 378, 379, 380, 381, 385, 382, 386, 387, 383, 384, 388, 389, 305, 319, 304, 390, 391, 392, 393, 359, 296, 291, 292, 394, 395, 396, 397, 290, 286, 297, 293, 181, 180, 398, 399, 400, 401, 404, 405, 406, 407, 408, 409, 410, 411, 264, 224, 412, 413, 131, 208, 418, 419, 420, 421, 422, 423, 428, 429, 114, 242, 263, 432, 433, 435, 436, 437, 434, 256, 438, 439, 262, 257, 440, 441, 324, 266, 325, 442, 443, 265, 267, 209, 446, 447, 243, 450, 451, 452, 453, 115, 456, 457, 458, 459, 460, 461, 363, 221, 220, 462, 463, 464, 465, 466, 467, 470, 471, 474, 475, 478, 479, 268, 269, 403, 369, 216, 345, 317, 481, 480, 454, 468, 483, 482, 472, 485, 484, 339, 487, 489, 491, 493, 495, 494, 492, 490, 488, 486, 203, 496, 497, 74, 179, 322, 223, 499, 498, 431, 501, 503, 505, 507, 506, 504, 502, 500, 170, 9, 206, 328, 509, 511, 513, 512, 515, 514, 517, 516, 519, 530, 531, 525, 527, 529, 351, 533, 532, 302, 535, 534, 537, 539, 538, 541, 540, 536, 528, 526, 524, 543, 545, 544, 542, 522, 520, 326, 333, 354, 518, 549, 548, 510, 508, 283, 349, 551, 550, 271, 425, 553, 552, 219, 555, 557, 556, 554, 344, 244, 424, 103, 416, 5, 559, 558, 561, 560, 563, 562, 565]
  列生成求解结果: 目标值=9.0000， 下界=9.0000， 上界=10.0000
    非整数变量: COL_1-11-17-20-22-5_22 = 0.181818
  解不是整数，开始分支...
ImposedVertex(vertex=1)
ForbidVertex(vertex=1)
  创建了 2 个分支
    添加分支节点 1: ID=568
    添加分支节点 2: ID=569

处理节点 564
  开始列生成求解...
Set parameter LogToConsole to value 0
Set parameter Threads to value 1
Set parameter Seed to value 0
  定价策略: Exact, node=564, vertices=23
Set parameter PoolSearchMode to value 2
Set parameter PoolSolutions to value 10
[CG 1] RMP=9.000000, pricing=ExactPricingSolver, new_columns=0
  搜索路径: [1, 2, 3, 6, 7, 10, 12, 13, 11, 18, 19, 22, 23, 20, 21, 30, 31, 28, 29, 36, 37, 39, 38, 44, 45, 48, 49, 26, 27, 58, 59, 60, 61, 64, 65, 70, 71, 56, 62, 57, 50, 77, 51, 79, 80, 81, 43, 63, 34, 96, 97, 100, 101, 92, 42, 76, 35, 110, 111, 113, 112, 118, 119, 124, 125, 93, 78, 132, 133, 136, 137, 94, 95, 87, 86, 16, 17, 148, 149, 146, 150, 151, 152, 153, 156, 157, 147, 160, 161, 162, 163, 165, 164, 168, 169, 172, 173, 177, 174, 175, 176, 186, 187, 188, 189, 190, 191, 192, 193, 200, 201, 154, 155, 123, 122, 197, 210, 214, 215, 211, 196, 138, 82, 139, 72, 73, 83, 85, 84, 134, 135, 166, 167, 236, 237, 159, 143, 142, 144, 235, 158, 69, 238, 239, 246, 249, 250, 251, 253, 254, 255, 252, 247, 248, 91, 274, 275, 145, 227, 280, 184, 226, 234, 281, 183, 126, 68, 289, 127, 288, 194, 232, 233, 195, 90, 306, 307, 309, 310, 311, 312, 313, 314, 315, 308, 229, 320, 321, 185, 228, 182, 285, 284, 330, 331, 334, 335, 336, 337, 213, 212, 342, 343, 240, 241, 279, 278, 346, 347, 205, 204, 105, 104, 341, 353, 356, 357, 358, 362, 364, 365, 367, 366, 352, 225, 287, 340, 370, 371, 372, 373, 318, 54, 130, 55, 374, 375, 376, 377, 378, 379, 380, 381, 385, 382, 386, 387, 383, 384, 388, 389, 305, 319, 304, 390, 391, 392, 393, 359, 296, 291, 292, 394, 395, 396, 397, 290, 286, 297, 293, 181, 180, 398, 399, 400, 401, 404, 405, 406, 407, 408, 409, 410, 411, 264, 224, 412, 413, 131, 208, 418, 419, 420, 421, 422, 423, 428, 429, 114, 242, 263, 432, 433, 435, 436, 437, 434, 256, 438, 439, 262, 257, 440, 441, 324, 266, 325, 442, 443, 265, 267, 209, 446, 447, 243, 450, 451, 452, 453, 115, 456, 457, 458, 459, 460, 461, 363, 221, 220, 462, 463, 464, 465, 466, 467, 470, 471, 474, 475, 478, 479, 268, 269, 403, 369, 216, 345, 317, 481, 480, 454, 468, 483, 482, 472, 485, 484, 339, 487, 489, 491, 493, 495, 494, 492, 490, 488, 486, 203, 496, 497, 74, 179, 322, 223, 499, 498, 431, 501, 503, 505, 507, 506, 504, 502, 500, 170, 9, 206, 328, 509, 511, 513, 512, 515, 514, 517, 516, 519, 530, 531, 525, 527, 529, 351, 533, 532, 302, 535, 534, 537, 539, 538, 541, 540, 536, 528, 526, 524, 543, 545, 544, 542, 522, 520, 326, 333, 354, 518, 549, 548, 510, 508, 283, 349, 551, 550, 271, 425, 553, 552, 219, 555, 557, 556, 554, 344, 244, 424, 103, 416, 5, 559, 558, 561, 560, 563, 562, 565, 564]
  列生成求解结果: 目标值=9.0000， 下界=9.0000， 上界=10.0000
  找到整数解，更新最优解
  更新最优解后剪枝了 77 个节点
所有节点已处理完毕，达到最优解

==================================================
分支定价算法完成!
==================================================
最优目标值: 9.000000
最优解列组成如下：
  列 1: vertex_ids=[11, 15, 20, 25], max_endtime=8
  列 2: vertex_ids=[2, 4, 7, 9, 18, 29], max_endtime=9
全局下界: 9.000000
优化间隙: 0.0000%
处理节点数: 470
创建节点数: 569
剪枝节点数: 281
总求解时间: 2.07秒

定价求解统计：
  总定价时间: 0.8237秒
  使用QAIA的节点数: 0
  纯Exact节点数: 470
  QAIA调用次数: 0
  QAIA累计时间: 0.0000秒
  混合节点中的Exact调用次数: 0
  混合节点中的Exact累计时间: 0.0000秒
