开始分支定价算法...
时间限制: 120.0秒
根节点已添加: ID=1

处理节点 1
  开始列生成求解...
Set parameter Username
Academic license - for non-commercial use only - expires 2026-12-02
Set parameter LogToConsole to value 0
Set parameter Threads to value 1
Set parameter Seed to value 0
  定价策略: QAIA+Exact, node=1, vertices=30, mode=always
Set parameter PoolSearchMode to value 2
Set parameter PoolSolutions to value 10
[CG 1] RMP=1010.000000, pricing=QAIAExactPricingSolver, new_columns=12
[CG 2] RMP=12.307692, pricing=QAIAExactPricingSolver, new_columns=12
[CG 3] RMP=10.000000, pricing=QAIAExactPricingSolver, new_columns=11
[CG 4] RMP=6.153846, pricing=QAIAExactPricingSolver, new_columns=0
  搜索路径: [1]
  列生成求解结果: 目标值=6.1538， 下界=-inf， 上界=inf
    非整数变量: COL_0-13-17-2-23-28-6-9_3 = 0.500000
  解不是整数，开始分支...
ImposedVertex(vertex=0)
ForbidVertex(vertex=0)
  创建了 2 个分支
    添加分支节点 1: ID=2
    添加分支节点 2: ID=3

处理节点 2
  开始列生成求解...
Set parameter LogToConsole to value 0
Set parameter Threads to value 1
Set parameter Seed to value 0
  定价策略: Exact, node=2, vertices=29
Set parameter PoolSearchMode to value 2
Set parameter PoolSolutions to value 10
[CG 1] RMP=10.000000, pricing=ExactPricingSolver, new_columns=10
[CG 2] RMP=10.000000, pricing=ExactPricingSolver, new_columns=10
[CG 3] RMP=6.486486, pricing=ExactPricingSolver, new_columns=10
[CG 4] RMP=6.153846, pricing=ExactPricingSolver, new_columns=0
  搜索路径: [1, 2]
  列生成求解结果: 目标值=6.1538， 下界=6.1538， 上界=inf
    非整数变量: COL_0-13-17-2-23-28-6-9_3 = 0.506410
  解不是整数，开始分支...
ImposedVertex(vertex=17)
ForbidVertex(vertex=17)
  创建了 2 个分支
    添加分支节点 1: ID=4
    添加分支节点 2: ID=5

处理节点 3
  开始列生成求解...
Set parameter LogToConsole to value 0
Set parameter Threads to value 1
Set parameter Seed to value 0
  定价策略: Exact, node=3, vertices=29
Set parameter PoolSearchMode to value 2
Set parameter PoolSolutions to value 10
[CG 1] RMP=10.000000, pricing=ExactPricingSolver, new_columns=0
  搜索路径: [1, 2, 3]
  列生成求解结果: 目标值=10.0000， 下界=6.1538， 上界=inf
  找到整数解，更新最优解

处理节点 5
  开始列生成求解...
Set parameter LogToConsole to value 0
Set parameter Threads to value 1
Set parameter Seed to value 0
  定价策略: Exact, node=5, vertices=28
Set parameter PoolSearchMode to value 2
Set parameter PoolSolutions to value 10
[CG 1] RMP=13.000000, pricing=ExactPricingSolver, new_columns=0
  搜索路径: [1, 2, 3, 5]
  列生成求解结果: 目标值=13.0000， 下界=6.1538， 上界=10.0000

处理节点 4
  开始列生成求解...
Set parameter LogToConsole to value 0
Set parameter Threads to value 1
Set parameter Seed to value 0
  定价策略: Exact, node=4, vertices=28
Set parameter PoolSearchMode to value 2
Set parameter PoolSolutions to value 10
[CG 1] RMP=6.153846, pricing=ExactPricingSolver, new_columns=0
  搜索路径: [1, 2, 3, 5, 4]
  列生成求解结果: 目标值=6.1538， 下界=6.1538， 上界=10.0000
    非整数变量: COL_0-13-17-2-23-28-6-9_3 = 0.512821
  解不是整数，开始分支...
ImposedVertex(vertex=13)
ForbidVertex(vertex=13)
  创建了 2 个分支
    添加分支节点 1: ID=6
    添加分支节点 2: ID=7

处理节点 6
  开始列生成求解...
Set parameter LogToConsole to value 0
Set parameter Threads to value 1
Set parameter Seed to value 0
  定价策略: Exact, node=6, vertices=25
Set parameter PoolSearchMode to value 2
Set parameter PoolSolutions to value 10
[CG 1] RMP=6.153846, pricing=ExactPricingSolver, new_columns=0
  搜索路径: [1, 2, 3, 5, 4, 6]
  列生成求解结果: 目标值=6.1538， 下界=6.1538， 上界=10.0000
    非整数变量: COL_0-13-17-2-23-28-6-9_3 = 0.492308
  解不是整数，开始分支...
ImposedVertex(vertex=23)
ForbidVertex(vertex=23)
  创建了 2 个分支
    添加分支节点 1: ID=8
    添加分支节点 2: ID=9

处理节点 7
  开始列生成求解...
Set parameter LogToConsole to value 0
Set parameter Threads to value 1
Set parameter Seed to value 0
  定价策略: Exact, node=7, vertices=27
Set parameter PoolSearchMode to value 2
Set parameter PoolSolutions to value 10
[CG 1] RMP=22.000000, pricing=ExactPricingSolver, new_columns=10
[CG 2] RMP=22.000000, pricing=ExactPricingSolver, new_columns=10
[CG 3] RMP=6.553191, pricing=ExactPricingSolver, new_columns=10
[CG 4] RMP=6.153846, pricing=ExactPricingSolver, new_columns=0
  搜索路径: [1, 2, 3, 5, 4, 6, 7]
  列生成求解结果: 目标值=6.1538， 下界=6.1538， 上界=10.0000
    非整数变量: COL_19-26-29_7 = 0.104895
  解不是整数，开始分支...
ImposedVertex(vertex=14)
ForbidVertex(vertex=14)
  创建了 2 个分支
    添加分支节点 1: ID=10
    添加分支节点 2: ID=11

处理节点 10
  开始列生成求解...
Set parameter LogToConsole to value 0
Set parameter Threads to value 1
Set parameter Seed to value 0
  定价策略: Exact, node=10, vertices=25
Set parameter PoolSearchMode to value 2
Set parameter PoolSolutions to value 10
[CG 1] RMP=22.000000, pricing=ExactPricingSolver, new_columns=0
  搜索路径: [1, 2, 3, 5, 4, 6, 7, 10]
  列生成求解结果: 目标值=22.0000， 下界=6.1538， 上界=10.0000

处理节点 11
  开始列生成求解...
Set parameter LogToConsole to value 0
Set parameter Threads to value 1
Set parameter Seed to value 0
  定价策略: Exact, node=11, vertices=26
Set parameter PoolSearchMode to value 2
Set parameter PoolSolutions to value 10
[CG 1] RMP=10.000000, pricing=ExactPricingSolver, new_columns=10
[CG 2] RMP=6.740741, pricing=ExactPricingSolver, new_columns=0
  搜索路径: [1, 2, 3, 5, 4, 6, 7, 10, 11]
  列生成求解结果: 目标值=6.7407， 下界=6.1538， 上界=10.0000
    非整数变量: COL_19-26-28_6 = 0.052469
  解不是整数，开始分支...
ImposedVertex(vertex=19)
ForbidVertex(vertex=19)
  创建了 2 个分支
    添加分支节点 1: ID=12
    添加分支节点 2: ID=13

处理节点 9
  开始列生成求解...
Set parameter LogToConsole to value 0
Set parameter Threads to value 1
Set parameter Seed to value 0
  定价策略: Exact, node=9, vertices=24
Set parameter PoolSearchMode to value 2
Set parameter PoolSolutions to value 10
[CG 1] RMP=16.000000, pricing=ExactPricingSolver, new_columns=10
[CG 2] RMP=7.172414, pricing=ExactPricingSolver, new_columns=10
[CG 3] RMP=6.964286, pricing=ExactPricingSolver, new_columns=0
  搜索路径: [1, 2, 3, 5, 4, 6, 7, 10, 11, 9]
  列生成求解结果: 目标值=6.9643， 下界=6.1538， 上界=10.0000
    非整数变量: COL_19-26-28_6 = 0.238095
  解不是整数，开始分支...
ImposedVertex(vertex=19)
ForbidVertex(vertex=19)
  创建了 2 个分支
    添加分支节点 1: ID=14
    添加分支节点 2: ID=15
  进度: 已处理 10 个节点, 剩余 5 个, 当前最优 10.0000, 当前列数: 134

处理节点 8
  开始列生成求解...
Set parameter LogToConsole to value 0
Set parameter Threads to value 1
Set parameter Seed to value 0
  定价策略: Exact, node=8, vertices=23
Set parameter PoolSearchMode to value 2
Set parameter PoolSolutions to value 10
[CG 1] RMP=8.000000, pricing=ExactPricingSolver, new_columns=0
  搜索路径: [1, 2, 3, 5, 4, 6, 7, 10, 11, 9, 8]
  列生成求解结果: 目标值=8.0000， 下界=6.1538， 上界=10.0000
    非整数变量: COL_0-13-17-2-23-28-6-9_3 = 0.500000
  解不是整数，开始分支...
ImposedVertex(vertex=28)
ForbidVertex(vertex=28)
  创建了 2 个分支
    添加分支节点 1: ID=16
    添加分支节点 2: ID=17

处理节点 12
  开始列生成求解...
Set parameter LogToConsole to value 0
Set parameter Threads to value 1
Set parameter Seed to value 0
  定价策略: Exact, node=12, vertices=23
Set parameter PoolSearchMode to value 2
Set parameter PoolSolutions to value 10
[CG 1] RMP=7.172414, pricing=ExactPricingSolver, new_columns=10
[CG 2] RMP=7.000000, pricing=ExactPricingSolver, new_columns=0
  搜索路径: [1, 2, 3, 5, 4, 6, 7, 10, 11, 9, 8, 12]
  列生成求解结果: 目标值=7.0000， 下界=6.7407， 上界=10.0000
    非整数变量: COL_17-19-27_19 = 0.222222
  解不是整数，开始分支...
ImposedVertex(vertex=11)
ForbidVertex(vertex=11)
  创建了 2 个分支
    添加分支节点 1: ID=18
    添加分支节点 2: ID=19

处理节点 13
  开始列生成求解...
Set parameter LogToConsole to value 0
Set parameter Threads to value 1
Set parameter Seed to value 0
  定价策略: Exact, node=13, vertices=25
Set parameter PoolSearchMode to value 2
Set parameter PoolSolutions to value 10
[CG 1] RMP=6.740741, pricing=ExactPricingSolver, new_columns=0
  搜索路径: [1, 2, 3, 5, 4, 6, 7, 10, 11, 9, 8, 12, 13]
  列生成求解结果: 目标值=6.7407， 下界=6.7407， 上界=10.0000
    非整数变量: COL_20_4 = 0.239107
  解不是整数，开始分支...
ImposedVertex(vertex=20)
ForbidVertex(vertex=20)
  创建了 2 个分支
    添加分支节点 1: ID=20
    添加分支节点 2: ID=21

处理节点 20
  开始列生成求解...
Set parameter LogToConsole to value 0
Set parameter Threads to value 1
Set parameter Seed to value 0
  定价策略: Exact, node=20, vertices=23
Set parameter PoolSearchMode to value 2
Set parameter PoolSolutions to value 10
[CG 1] RMP=1010.000000, pricing=ExactPricingSolver, new_columns=10
[CG 2] RMP=9.000000, pricing=ExactPricingSolver, new_columns=10
[CG 3] RMP=7.203742, pricing=ExactPricingSolver, new_columns=10
[CG 4] RMP=6.740741, pricing=ExactPricingSolver, new_columns=0
  搜索路径: [1, 2, 3, 5, 4, 6, 7, 10, 11, 9, 8, 12, 13, 20]
  列生成求解结果: 目标值=6.7407， 下界=6.7407， 上界=10.0000
    非整数变量: COL_27_5 = 0.327778
  解不是整数，开始分支...
ImposedVertex(vertex=27)
ForbidVertex(vertex=27)
  创建了 2 个分支
    添加分支节点 1: ID=22
    添加分支节点 2: ID=23

处理节点 21
  开始列生成求解...
Set parameter LogToConsole to value 0
Set parameter Threads to value 1
Set parameter Seed to value 0
  定价策略: Exact, node=21, vertices=24
Set parameter PoolSearchMode to value 2
Set parameter PoolSolutions to value 10
[CG 1] RMP=6.740741, pricing=ExactPricingSolver, new_columns=0
  搜索路径: [1, 2, 3, 5, 4, 6, 7, 10, 11, 9, 8, 12, 13, 20, 21]
  列生成求解结果: 目标值=6.7407， 下界=6.7407， 上界=10.0000
    非整数变量: COL_22-26-29_10 = 0.084259
  解不是整数，开始分支...
ImposedVertex(vertex=22)
ForbidVertex(vertex=22)
  创建了 2 个分支
    添加分支节点 1: ID=24
    添加分支节点 2: ID=25

处理节点 22
  开始列生成求解...
Set parameter LogToConsole to value 0
Set parameter Threads to value 1
Set parameter Seed to value 0
  定价策略: Exact, node=22, vertices=22
Set parameter PoolSearchMode to value 2
Set parameter PoolSolutions to value 10
[CG 1] RMP=1010.000000, pricing=ExactPricingSolver, new_columns=10
[CG 2] RMP=22.000000, pricing=ExactPricingSolver, new_columns=10
[CG 3] RMP=10.181818, pricing=ExactPricingSolver, new_columns=10
[CG 4] RMP=6.740741, pricing=ExactPricingSolver, new_columns=0
  搜索路径: [1, 2, 3, 5, 4, 6, 7, 10, 11, 9, 8, 12, 13, 20, 21, 22]
  列生成求解结果: 目标值=6.7407， 下界=6.7407， 上界=10.0000
    非整数变量: COL_0-17-20-23-9_144 = 0.304938
  解不是整数，开始分支...
ImposedVertex(vertex=9)
ForbidVertex(vertex=9)
  创建了 2 个分支
    添加分支节点 1: ID=26
    添加分支节点 2: ID=27

处理节点 23
  开始列生成求解...
Set parameter LogToConsole to value 0
Set parameter Threads to value 1
Set parameter Seed to value 0
  定价策略: Exact, node=23, vertices=22
Set parameter PoolSearchMode to value 2
Set parameter PoolSolutions to value 10
[CG 1] RMP=9.000000, pricing=ExactPricingSolver, new_columns=0
  搜索路径: [1, 2, 3, 5, 4, 6, 7, 10, 11, 9, 8, 12, 13, 20, 21, 22, 23]
  列生成求解结果: 目标值=9.0000， 下界=6.7407， 上界=10.0000
    非整数变量: COL_23-26-9_54 = 0.215385
  解不是整数，开始分支...
ImposedVertex(vertex=9)
ForbidVertex(vertex=9)
  创建了 2 个分支
    添加分支节点 1: ID=28
    添加分支节点 2: ID=29

处理节点 25
  开始列生成求解...
Set parameter LogToConsole to value 0
Set parameter Threads to value 1
Set parameter Seed to value 0
  定价策略: Exact, node=25, vertices=23
Set parameter PoolSearchMode to value 2
Set parameter PoolSolutions to value 10
[CG 1] RMP=17.000000, pricing=ExactPricingSolver, new_columns=0
  搜索路径: [1, 2, 3, 5, 4, 6, 7, 10, 11, 9, 8, 12, 13, 20, 21, 22, 23, 25]
  列生成求解结果: 目标值=17.0000， 下界=6.7407， 上界=10.0000

处理节点 26
  开始列生成求解...
Set parameter LogToConsole to value 0
Set parameter Threads to value 1
Set parameter Seed to value 0
  定价策略: Exact, node=26, vertices=19
Set parameter PoolSearchMode to value 2
Set parameter PoolSolutions to value 10
[CG 1] RMP=8.888889, pricing=ExactPricingSolver, new_columns=10
[CG 2] RMP=6.740741, pricing=ExactPricingSolver, new_columns=0
  搜索路径: [1, 2, 3, 5, 4, 6, 7, 10, 11, 9, 8, 12, 13, 20, 21, 22, 23, 25, 26]
  列生成求解结果: 目标值=6.7407， 下界=6.7407， 上界=10.0000
    非整数变量: COL_0-17-2-20-23-9_146 = 0.668981
  解不是整数，开始分支...
ImposedVertex(vertex=2)
ForbidVertex(vertex=2)
  创建了 2 个分支
    添加分支节点 1: ID=30
    添加分支节点 2: ID=31

处理节点 27
  开始列生成求解...
Set parameter LogToConsole to value 0
Set parameter Threads to value 1
Set parameter Seed to value 0
  定价策略: Exact, node=27, vertices=21
Set parameter PoolSearchMode to value 2
Set parameter PoolSolutions to value 10
[CG 1] RMP=6.740741, pricing=ExactPricingSolver, new_columns=0
  搜索路径: [1, 2, 3, 5, 4, 6, 7, 10, 11, 9, 8, 12, 13, 20, 21, 22, 23, 25, 26, 27]
  列生成求解结果: 目标值=6.7407， 下界=6.7407， 上界=10.0000
    非整数变量: COL_0-12-17-20-23_145 = 0.518519
  解不是整数，开始分支...
ImposedVertex(vertex=12)
ForbidVertex(vertex=12)
  创建了 2 个分支
    添加分支节点 1: ID=32
    添加分支节点 2: ID=33
  进度: 已处理 20 个节点, 剩余 13 个, 当前最优 10.0000, 当前列数: 214

处理节点 31
  开始列生成求解...
Set parameter LogToConsole to value 0
Set parameter Threads to value 1
Set parameter Seed to value 0
  定价策略: Exact, node=31, vertices=18
Set parameter PoolSearchMode to value 2
Set parameter PoolSolutions to value 10
[CG 1] RMP=7.066818, pricing=ExactPricingSolver, new_columns=10
[CG 2] RMP=6.740741, pricing=ExactPricingSolver, new_columns=0
  搜索路径: [1, 2, 3, 5, 4, 6, 7, 10, 11, 9, 8, 12, 13, 20, 21, 22, 23, 25, 26, 27, 31]
  列生成求解结果: 目标值=6.7407， 下界=6.7407， 上界=10.0000
    非整数变量: COL_20_4 = 0.062037
  解不是整数，开始分支...
ImposedVertex(vertex=23)
ForbidVertex(vertex=23)
  创建了 2 个分支
    添加分支节点 1: ID=34
    添加分支节点 2: ID=35

处理节点 32
  开始列生成求解...
Set parameter LogToConsole to value 0
Set parameter Threads to value 1
Set parameter Seed to value 0
  定价策略: Exact, node=32, vertices=19
Set parameter PoolSearchMode to value 2
Set parameter PoolSolutions to value 10
[CG 1] RMP=13.000000, pricing=ExactPricingSolver, new_columns=10
[CG 2] RMP=13.000000, pricing=ExactPricingSolver, new_columns=10
[CG 3] RMP=7.000000, pricing=ExactPricingSolver, new_columns=0
  搜索路径: [1, 2, 3, 5, 4, 6, 7, 10, 11, 9, 8, 12, 13, 20, 21, 22, 23, 25, 26, 27, 31, 32]
  列生成求解结果: 目标值=7.0000， 下界=6.7407， 上界=10.0000
    非整数变量: COL_27_5 = 0.275962
  解不是整数，开始分支...
ImposedVertex(vertex=23)
ForbidVertex(vertex=23)
  创建了 2 个分支
    添加分支节点 1: ID=36
    添加分支节点 2: ID=37

处理节点 33
  开始列生成求解...
Set parameter LogToConsole to value 0
Set parameter Threads to value 1
Set parameter Seed to value 0
  定价策略: Exact, node=33, vertices=20
Set parameter PoolSearchMode to value 2
Set parameter PoolSolutions to value 10
[CG 1] RMP=10.476190, pricing=ExactPricingSolver, new_columns=0
  搜索路径: [1, 2, 3, 5, 4, 6, 7, 10, 11, 9, 8, 12, 13, 20, 21, 22, 23, 25, 26, 27, 31, 32, 33]
  列生成求解结果: 目标值=10.4762， 下界=6.7407， 上界=10.0000

处理节点 35
  开始列生成求解...
Set parameter LogToConsole to value 0
Set parameter Threads to value 1
Set parameter Seed to value 0
  定价策略: Exact, node=35, vertices=17
Set parameter PoolSearchMode to value 2
Set parameter PoolSolutions to value 10
[CG 1] RMP=16.000000, pricing=ExactPricingSolver, new_columns=10
[CG 2] RMP=8.597297, pricing=ExactPricingSolver, new_columns=10
[CG 3] RMP=6.964286, pricing=ExactPricingSolver, new_columns=0
  搜索路径: [1, 2, 3, 5, 4, 6, 7, 10, 11, 9, 8, 12, 13, 20, 21, 22, 23, 25, 26, 27, 31, 32, 33, 35]
  列生成求解结果: 目标值=6.9643， 下界=6.7407， 上界=10.0000
    非整数变量: COL_0-17-25-27-29-5_176 = 0.307143
  解不是整数，开始分支...
ImposedVertex(vertex=5)
ForbidVertex(vertex=5)
  创建了 2 个分支
    添加分支节点 1: ID=38
    添加分支节点 2: ID=39

处理节点 34
  开始列生成求解...
Set parameter LogToConsole to value 0
Set parameter Threads to value 1
Set parameter Seed to value 0
  定价策略: Exact, node=34, vertices=16
Set parameter PoolSearchMode to value 2
Set parameter PoolSolutions to value 10
[CG 1] RMP=8.000000, pricing=ExactPricingSolver, new_columns=0
  搜索路径: [1, 2, 3, 5, 4, 6, 7, 10, 11, 9, 8, 12, 13, 20, 21, 22, 23, 25, 26, 27, 31, 32, 33, 35, 34]
  列生成求解结果: 目标值=8.0000， 下界=6.7407， 上界=10.0000
    非整数变量: COL_27_5 = 0.185714
  解不是整数，开始分支...
ImposedVertex(vertex=4)
ForbidVertex(vertex=4)
  创建了 2 个分支
    添加分支节点 1: ID=40
    添加分支节点 2: ID=41

处理节点 24
  开始列生成求解...
Set parameter LogToConsole to value 0
Set parameter Threads to value 1
Set parameter Seed to value 0
  定价策略: Exact, node=24, vertices=23
Set parameter PoolSearchMode to value 2
Set parameter PoolSolutions to value 10
[CG 1] RMP=11.250000, pricing=ExactPricingSolver, new_columns=10
[CG 2] RMP=11.000000, pricing=ExactPricingSolver, new_columns=0
  搜索路径: [1, 2, 3, 5, 4, 6, 7, 10, 11, 9, 8, 12, 13, 20, 21, 22, 23, 25, 26, 27, 31, 32, 33, 35, 34, 24]
  列生成求解结果: 目标值=11.0000， 下界=6.7407， 上界=10.0000

处理节点 30
  开始列生成求解...
Set parameter LogToConsole to value 0
Set parameter Threads to value 1
Set parameter Seed to value 0
  定价策略: Exact, node=30, vertices=16
Set parameter PoolSearchMode to value 2
Set parameter PoolSolutions to value 10
[CG 1] RMP=7.172414, pricing=ExactPricingSolver, new_columns=10
[CG 2] RMP=6.740741, pricing=ExactPricingSolver, new_columns=0
  搜索路径: [1, 2, 3, 5, 4, 6, 7, 10, 11, 9, 8, 12, 13, 20, 21, 22, 23, 25, 26, 27, 31, 32, 33, 35, 34, 24, 30]
  列生成求解结果: 目标值=6.7407， 下界=6.7407， 上界=10.0000
    非整数变量: COL_0-17-20-23-9_144 = 0.518519
  解不是整数，开始分支...
ImposedVertex(vertex=23)
ForbidVertex(vertex=23)
  创建了 2 个分支
    添加分支节点 1: ID=42
    添加分支节点 2: ID=43

处理节点 42
  开始列生成求解...
Set parameter LogToConsole to value 0
Set parameter Threads to value 1
Set parameter Seed to value 0
  定价策略: Exact, node=42, vertices=14
Set parameter PoolSearchMode to value 2
Set parameter PoolSolutions to value 10
[CG 1] RMP=8.000000, pricing=ExactPricingSolver, new_columns=0
  搜索路径: [1, 2, 3, 5, 4, 6, 7, 10, 11, 9, 8, 12, 13, 20, 21, 22, 23, 25, 26, 27, 31, 32, 33, 35, 34, 24, 30, 42]
  列生成求解结果: 目标值=8.0000， 下界=6.7407， 上界=10.0000
    非整数变量: COL_20_4 = 0.200000
  解不是整数，开始分支...
ImposedVertex(vertex=16)
ForbidVertex(vertex=16)
  创建了 2 个分支
    添加分支节点 1: ID=44
    添加分支节点 2: ID=45

处理节点 43
  开始列生成求解...
Set parameter LogToConsole to value 0
Set parameter Threads to value 1
Set parameter Seed to value 0
  定价策略: Exact, node=43, vertices=15
Set parameter PoolSearchMode to value 2
Set parameter PoolSolutions to value 10
[CG 1] RMP=9.739130, pricing=ExactPricingSolver, new_columns=10
[CG 2] RMP=7.241379, pricing=ExactPricingSolver, new_columns=10
[CG 3] RMP=6.964286, pricing=ExactPricingSolver, new_columns=0
  搜索路径: [1, 2, 3, 5, 4, 6, 7, 10, 11, 9, 8, 12, 13, 20, 21, 22, 23, 25, 26, 27, 31, 32, 33, 35, 34, 24, 30, 42, 43]
  列生成求解结果: 目标值=6.9643， 下界=6.7407， 上界=10.0000
    非整数变量: COL_0-2-20-28_159 = 0.352360
  解不是整数，开始分支...
ImposedVertex(vertex=28)
ForbidVertex(vertex=28)
  创建了 2 个分支
    添加分支节点 1: ID=46
    添加分支节点 2: ID=47

处理节点 15
  开始列生成求解...
Set parameter LogToConsole to value 0
Set parameter Threads to value 1
Set parameter Seed to value 0
  定价策略: Exact, node=15, vertices=23
Set parameter PoolSearchMode to value 2
Set parameter PoolSolutions to value 10
[CG 1] RMP=10.000000, pricing=ExactPricingSolver, new_columns=10
[CG 2] RMP=6.964286, pricing=ExactPricingSolver, new_columns=0
  搜索路径: [1, 2, 3, 5, 4, 6, 7, 10, 11, 9, 8, 12, 13, 20, 21, 22, 23, 25, 26, 27, 31, 32, 33, 35, 34, 24, 30, 42, 43, 15]
  列生成求解结果: 目标值=6.9643， 下界=6.9643， 上界=10.0000
    非整数变量: COL_0-2-22-27-28_14 = 0.180672
  解不是整数，开始分支...
ImposedVertex(vertex=22)
ForbidVertex(vertex=22)
  创建了 2 个分支
    添加分支节点 1: ID=48
    添加分支节点 2: ID=49
  进度: 已处理 30 个节点, 剩余 19 个, 当前最优 10.0000, 当前列数: 314

处理节点 14
  开始列生成求解...
Set parameter LogToConsole to value 0
Set parameter Threads to value 1
Set parameter Seed to value 0
  定价策略: Exact, node=14, vertices=21
Set parameter PoolSearchMode to value 2
Set parameter PoolSolutions to value 10
[CG 1] RMP=10.000000, pricing=ExactPricingSolver, new_columns=10
[CG 2] RMP=7.000000, pricing=ExactPricingSolver, new_columns=0
  搜索路径: [1, 2, 3, 5, 4, 6, 7, 10, 11, 9, 8, 12, 13, 20, 21, 22, 23, 25, 26, 27, 31, 32, 33, 35, 34, 24, 30, 42, 43, 15, 14]
  列生成求解结果: 目标值=7.0000， 下界=6.9643， 上界=10.0000
    非整数变量: COL_27_5 = 0.333333
  解不是整数，开始分支...
ImposedVertex(vertex=27)
ForbidVertex(vertex=27)
  创建了 2 个分支
    添加分支节点 1: ID=50
    添加分支节点 2: ID=51

处理节点 46
  开始列生成求解...
Set parameter LogToConsole to value 0
Set parameter Threads to value 1
Set parameter Seed to value 0
  定价策略: Exact, node=46, vertices=14
Set parameter PoolSearchMode to value 2
Set parameter PoolSolutions to value 10
[CG 1] RMP=10.000000, pricing=ExactPricingSolver, new_columns=0
  搜索路径: [1, 2, 3, 5, 4, 6, 7, 10, 11, 9, 8, 12, 13, 20, 21, 22, 23, 25, 26, 27, 31, 32, 33, 35, 34, 24, 30, 42, 43, 15, 14, 46]
  列生成求解结果: 目标值=10.0000， 下界=6.9643， 上界=10.0000

处理节点 47
  开始列生成求解...
Set parameter LogToConsole to value 0
Set parameter Threads to value 1
Set parameter Seed to value 0
  定价策略: Exact, node=47, vertices=14
Set parameter PoolSearchMode to value 2
Set parameter PoolSolutions to value 10
[CG 1] RMP=16.000000, pricing=ExactPricingSolver, new_columns=0
  搜索路径: [1, 2, 3, 5, 4, 6, 7, 10, 11, 9, 8, 12, 13, 20, 21, 22, 23, 25, 26, 27, 31, 32, 33, 35, 34, 24, 30, 42, 43, 15, 14, 46, 47]
  列生成求解结果: 目标值=16.0000， 下界=6.9643， 上界=10.0000

处理节点 38
  开始列生成求解...
Set parameter LogToConsole to value 0
Set parameter Threads to value 1
Set parameter Seed to value 0
  定价策略: Exact, node=38, vertices=15
Set parameter PoolSearchMode to value 2
Set parameter PoolSolutions to value 10
[CG 1] RMP=2010.000000, pricing=ExactPricingSolver, new_columns=10
[CG 2] RMP=10.862069, pricing=ExactPricingSolver, new_columns=10
[CG 3] RMP=10.862069, pricing=ExactPricingSolver, new_columns=10
[CG 4] RMP=6.964286, pricing=ExactPricingSolver, new_columns=0
  搜索路径: [1, 2, 3, 5, 4, 6, 7, 10, 11, 9, 8, 12, 13, 20, 21, 22, 23, 25, 26, 27, 31, 32, 33, 35, 34, 24, 30, 42, 43, 15, 14, 46, 47, 38]
  列生成求解结果: 目标值=6.9643， 下界=6.9643， 上界=10.0000
    非整数变量: COL_0-16-27-28-7_194 = 0.333333
  解不是整数，开始分支...
ImposedVertex(vertex=7)
ForbidVertex(vertex=7)
  创建了 2 个分支
    添加分支节点 1: ID=52
    添加分支节点 2: ID=53

处理节点 39
  开始列生成求解...
Set parameter LogToConsole to value 0
Set parameter Threads to value 1
Set parameter Seed to value 0
  定价策略: Exact, node=39, vertices=16
Set parameter PoolSearchMode to value 2
Set parameter PoolSolutions to value 10
[CG 1] RMP=8.478261, pricing=ExactPricingSolver, new_columns=10
[CG 2] RMP=7.500000, pricing=ExactPricingSolver, new_columns=0
  搜索路径: [1, 2, 3, 5, 4, 6, 7, 10, 11, 9, 8, 12, 13, 20, 21, 22, 23, 25, 26, 27, 31, 32, 33, 35, 34, 24, 30, 42, 43, 15, 14, 46, 47, 38, 39]
  列生成求解结果: 目标值=7.5000， 下界=6.9643， 上界=10.0000
    非整数变量: COL_0-16-27-28-7_194 = 0.464286
  解不是整数，开始分支...
ImposedVertex(vertex=16)
ForbidVertex(vertex=16)
  创建了 2 个分支
    添加分支节点 1: ID=54
    添加分支节点 2: ID=55

处理节点 48
  开始列生成求解...
Set parameter LogToConsole to value 0
Set parameter Threads to value 1
Set parameter Seed to value 0
  定价策略: Exact, node=48, vertices=21
Set parameter PoolSearchMode to value 2
Set parameter PoolSolutions to value 10
[CG 1] RMP=11.000000, pricing=ExactPricingSolver, new_columns=0
  搜索路径: [1, 2, 3, 5, 4, 6, 7, 10, 11, 9, 8, 12, 13, 20, 21, 22, 23, 25, 26, 27, 31, 32, 33, 35, 34, 24, 30, 42, 43, 15, 14, 46, 47, 38, 39, 48]
  列生成求解结果: 目标值=11.0000， 下界=6.9643， 上界=10.0000

处理节点 49
  开始列生成求解...
Set parameter LogToConsole to value 0
Set parameter Threads to value 1
Set parameter Seed to value 0
  定价策略: Exact, node=49, vertices=22
Set parameter PoolSearchMode to value 2
Set parameter PoolSolutions to value 10
[CG 1] RMP=11.333333, pricing=ExactPricingSolver, new_columns=10
[CG 2] RMP=7.132257, pricing=ExactPricingSolver, new_columns=10
[CG 3] RMP=6.964286, pricing=ExactPricingSolver, new_columns=0
  搜索路径: [1, 2, 3, 5, 4, 6, 7, 10, 11, 9, 8, 12, 13, 20, 21, 22, 23, 25, 26, 27, 31, 32, 33, 35, 34, 24, 30, 42, 43, 15, 14, 46, 47, 38, 39, 48, 49]
  列生成求解结果: 目标值=6.9643， 下界=6.9643， 上界=10.0000
    非整数变量: COL_20_4 = 0.144990
  解不是整数，开始分支...
ImposedVertex(vertex=20)
ForbidVertex(vertex=20)
  创建了 2 个分支
    添加分支节点 1: ID=56
    添加分支节点 2: ID=57

处理节点 56
  开始列生成求解...
Set parameter LogToConsole to value 0
Set parameter Threads to value 1
Set parameter Seed to value 0
  定价策略: Exact, node=56, vertices=21
Set parameter PoolSearchMode to value 2
Set parameter PoolSolutions to value 10
[CG 1] RMP=6.964286, pricing=ExactPricingSolver, new_columns=0
  搜索路径: [1, 2, 3, 5, 4, 6, 7, 10, 11, 9, 8, 12, 13, 20, 21, 22, 23, 25, 26, 27, 31, 32, 33, 35, 34, 24, 30, 42, 43, 15, 14, 46, 47, 38, 39, 48, 49, 56]
  列生成求解结果: 目标值=6.9643， 下界=6.9643， 上界=10.0000
    非整数变量: COL_20_4 = 0.226190
  解不是整数，开始分支...
ImposedVertex(vertex=6)
ForbidVertex(vertex=6)
  创建了 2 个分支
    添加分支节点 1: ID=58
    添加分支节点 2: ID=59

处理节点 57
  开始列生成求解...
Set parameter LogToConsole to value 0
Set parameter Threads to value 1
Set parameter Seed to value 0
  定价策略: Exact, node=57, vertices=21
Set parameter PoolSearchMode to value 2
Set parameter PoolSolutions to value 10
[CG 1] RMP=17.000000, pricing=ExactPricingSolver, new_columns=0
  搜索路径: [1, 2, 3, 5, 4, 6, 7, 10, 11, 9, 8, 12, 13, 20, 21, 22, 23, 25, 26, 27, 31, 32, 33, 35, 34, 24, 30, 42, 43, 15, 14, 46, 47, 38, 39, 48, 49, 56, 57]
  列生成求解结果: 目标值=17.0000， 下界=6.9643， 上界=10.0000

处理节点 58
  开始列生成求解...
Set parameter LogToConsole to value 0
Set parameter Threads to value 1
Set parameter Seed to value 0
  定价策略: Exact, node=58, vertices=19
Set parameter PoolSearchMode to value 2
Set parameter PoolSolutions to value 10
[CG 1] RMP=9.000000, pricing=ExactPricingSolver, new_columns=10
[CG 2] RMP=9.000000, pricing=ExactPricingSolver, new_columns=0
  搜索路径: [1, 2, 3, 5, 4, 6, 7, 10, 11, 9, 8, 12, 13, 20, 21, 22, 23, 25, 26, 27, 31, 32, 33, 35, 34, 24, 30, 42, 43, 15, 14, 46, 47, 38, 39, 48, 49, 56, 57, 58]
  列生成求解结果: 目标值=9.0000， 下界=6.9643， 上界=10.0000
    非整数变量: COL_24-26-6_114 = 0.050000
  解不是整数，开始分支...
ImposedVertex(vertex=24)
ForbidVertex(vertex=24)
  创建了 2 个分支
    添加分支节点 1: ID=60
    添加分支节点 2: ID=61
  进度: 已处理 40 个节点, 剩余 21 个, 当前最优 10.0000, 当前列数: 394

处理节点 59
  开始列生成求解...
Set parameter LogToConsole to value 0
Set parameter Threads to value 1
Set parameter Seed to value 0
  定价策略: Exact, node=59, vertices=20
Set parameter PoolSearchMode to value 2
Set parameter PoolSolutions to value 10
[CG 1] RMP=15.000000, pricing=ExactPricingSolver, new_columns=10
[CG 2] RMP=7.481108, pricing=ExactPricingSolver, new_columns=10
[CG 3] RMP=6.964286, pricing=ExactPricingSolver, new_columns=0
  搜索路径: [1, 2, 3, 5, 4, 6, 7, 10, 11, 9, 8, 12, 13, 20, 21, 22, 23, 25, 26, 27, 31, 32, 33, 35, 34, 24, 30, 42, 43, 15, 14, 46, 47, 38, 39, 48, 49, 56, 57, 58, 59]
  列生成求解结果: 目标值=6.9643， 下界=6.9643， 上界=10.0000
    非整数变量: COL_20_4 = 0.099702
  解不是整数，开始分支...
ImposedVertex(vertex=9)
ForbidVertex(vertex=9)
  创建了 2 个分支
    添加分支节点 1: ID=62
    添加分支节点 2: ID=63

处理节点 62
  开始列生成求解...
Set parameter LogToConsole to value 0
Set parameter Threads to value 1
Set parameter Seed to value 0
  定价策略: Exact, node=62, vertices=17
Set parameter PoolSearchMode to value 2
Set parameter PoolSolutions to value 10
[CG 1] RMP=10.000000, pricing=ExactPricingSolver, new_columns=10
[CG 2] RMP=6.964286, pricing=ExactPricingSolver, new_columns=0
  搜索路径: [1, 2, 3, 5, 4, 6, 7, 10, 11, 9, 8, 12, 13, 20, 21, 22, 23, 25, 26, 27, 31, 32, 33, 35, 34, 24, 30, 42, 43, 15, 14, 46, 47, 38, 39, 48, 49, 56, 57, 58, 59, 62]
  列生成求解结果: 目标值=6.9643， 下界=6.9643， 上界=10.0000
    非整数变量: COL_24-27-8_115 = 0.267857
  解不是整数，开始分支...
ImposedVertex(vertex=8)
ForbidVertex(vertex=8)
  创建了 2 个分支
    添加分支节点 1: ID=64
    添加分支节点 2: ID=65

处理节点 63
  开始列生成求解...
Set parameter LogToConsole to value 0
Set parameter Threads to value 1
Set parameter Seed to value 0
  定价策略: Exact, node=63, vertices=19
Set parameter PoolSearchMode to value 2
Set parameter PoolSolutions to value 10
[CG 1] RMP=6.964286, pricing=ExactPricingSolver, new_columns=0
  搜索路径: [1, 2, 3, 5, 4, 6, 7, 10, 11, 9, 8, 12, 13, 20, 21, 22, 23, 25, 26, 27, 31, 32, 33, 35, 34, 24, 30, 42, 43, 15, 14, 46, 47, 38, 39, 48, 49, 56, 57, 58, 59, 62, 63]
  列生成求解结果: 目标值=6.9643， 下界=6.9643， 上界=10.0000
    非整数变量: COL_20_4 = 0.350275
  解不是整数，开始分支...
ImposedVertex(vertex=12)
ForbidVertex(vertex=12)
  创建了 2 个分支
    添加分支节点 1: ID=66
    添加分支节点 2: ID=67

处理节点 66
  开始列生成求解...
Set parameter LogToConsole to value 0
Set parameter Threads to value 1
Set parameter Seed to value 0
  定价策略: Exact, node=66, vertices=17
Set parameter PoolSearchMode to value 2
Set parameter PoolSolutions to value 10
[CG 1] RMP=7.200000, pricing=ExactPricingSolver, new_columns=10
[CG 2] RMP=7.000000, pricing=ExactPricingSolver, new_columns=0
  搜索路径: [1, 2, 3, 5, 4, 6, 7, 10, 11, 9, 8, 12, 13, 20, 21, 22, 23, 25, 26, 27, 31, 32, 33, 35, 34, 24, 30, 42, 43, 15, 14, 46, 47, 38, 39, 48, 49, 56, 57, 58, 59, 62, 63, 66]
  列生成求解结果: 目标值=7.0000， 下界=6.9643， 上界=10.0000
    非整数变量: COL_20_4 = 0.092500
  解不是整数，开始分支...
ImposedVertex(vertex=8)
ForbidVertex(vertex=8)
  创建了 2 个分支
    添加分支节点 1: ID=68
    添加分支节点 2: ID=69

处理节点 67
  开始列生成求解...
Set parameter LogToConsole to value 0
Set parameter Threads to value 1
Set parameter Seed to value 0
  定价策略: Exact, node=67, vertices=18
Set parameter PoolSearchMode to value 2
Set parameter PoolSolutions to value 10
[CG 1] RMP=10.476190, pricing=ExactPricingSolver, new_columns=0
  搜索路径: [1, 2, 3, 5, 4, 6, 7, 10, 11, 9, 8, 12, 13, 20, 21, 22, 23, 25, 26, 27, 31, 32, 33, 35, 34, 24, 30, 42, 43, 15, 14, 46, 47, 38, 39, 48, 49, 56, 57, 58, 59, 62, 63, 66, 67]
  列生成求解结果: 目标值=10.4762， 下界=6.9643， 上界=10.0000

处理节点 64
  开始列生成求解...
Set parameter LogToConsole to value 0
Set parameter Threads to value 1
Set parameter Seed to value 0
  定价策略: Exact, node=64, vertices=16
Set parameter PoolSearchMode to value 2
Set parameter PoolSolutions to value 10
[CG 1] RMP=7.172414, pricing=ExactPricingSolver, new_columns=10
[CG 2] RMP=6.964286, pricing=ExactPricingSolver, new_columns=0
  搜索路径: [1, 2, 3, 5, 4, 6, 7, 10, 11, 9, 8, 12, 13, 20, 21, 22, 23, 25, 26, 27, 31, 32, 33, 35, 34, 24, 30, 42, 43, 15, 14, 46, 47, 38, 39, 48, 49, 56, 57, 58, 59, 62, 63, 66, 67, 64]
  列生成求解结果: 目标值=6.9643， 下界=6.9643， 上界=10.0000
    非整数变量: COL_0-24-27-8_116 = 0.042411
  解不是整数，开始分支...
ImposedVertex(vertex=24)
ForbidVertex(vertex=24)
  创建了 2 个分支
    添加分支节点 1: ID=70
    添加分支节点 2: ID=71

处理节点 65
  开始列生成求解...
Set parameter LogToConsole to value 0
Set parameter Threads to value 1
Set parameter Seed to value 0
  定价策略: Exact, node=65, vertices=16
Set parameter PoolSearchMode to value 2
Set parameter PoolSolutions to value 10
[CG 1] RMP=9.000000, pricing=ExactPricingSolver, new_columns=10
[CG 2] RMP=6.964286, pricing=ExactPricingSolver, new_columns=0
  搜索路径: [1, 2, 3, 5, 4, 6, 7, 10, 11, 9, 8, 12, 13, 20, 21, 22, 23, 25, 26, 27, 31, 32, 33, 35, 34, 24, 30, 42, 43, 15, 14, 46, 47, 38, 39, 48, 49, 56, 57, 58, 59, 62, 63, 66, 67, 64, 65]
  列生成求解结果: 目标值=6.9643， 下界=6.9643， 上界=10.0000
    非整数变量: COL_0-9_46 = 0.089286
  解不是整数，开始分支...
ImposedVertex(vertex=24)
ForbidVertex(vertex=24)
  创建了 2 个分支
    添加分支节点 1: ID=72
    添加分支节点 2: ID=73

处理节点 72
  开始列生成求解...
Set parameter LogToConsole to value 0
Set parameter Threads to value 1
Set parameter Seed to value 0
  定价策略: Exact, node=72, vertices=15
Set parameter PoolSearchMode to value 2
Set parameter PoolSolutions to value 10
[CG 1] RMP=13.000000, pricing=ExactPricingSolver, new_columns=0
  搜索路径: [1, 2, 3, 5, 4, 6, 7, 10, 11, 9, 8, 12, 13, 20, 21, 22, 23, 25, 26, 27, 31, 32, 33, 35, 34, 24, 30, 42, 43, 15, 14, 46, 47, 38, 39, 48, 49, 56, 57, 58, 59, 62, 63, 66, 67, 64, 65, 72]
  列生成求解结果: 目标值=13.0000， 下界=6.9643， 上界=10.0000

处理节点 73
  开始列生成求解...
Set parameter LogToConsole to value 0
Set parameter Threads to value 1
Set parameter Seed to value 0
  定价策略: Exact, node=73, vertices=15
Set parameter PoolSearchMode to value 2
Set parameter PoolSolutions to value 10
[CG 1] RMP=15.000000, pricing=ExactPricingSolver, new_columns=10
[CG 2] RMP=15.000000, pricing=ExactPricingSolver, new_columns=0
  搜索路径: [1, 2, 3, 5, 4, 6, 7, 10, 11, 9, 8, 12, 13, 20, 21, 22, 23, 25, 26, 27, 31, 32, 33, 35, 34, 24, 30, 42, 43, 15, 14, 46, 47, 38, 39, 48, 49, 56, 57, 58, 59, 62, 63, 66, 67, 64, 65, 72, 73]
  列生成求解结果: 目标值=15.0000， 下界=6.9643， 上界=10.0000

处理节点 70
  开始列生成求解...
Set parameter LogToConsole to value 0
Set parameter Threads to value 1
Set parameter Seed to value 0
  定价策略: Exact, node=70, vertices=15
Set parameter PoolSearchMode to value 2
Set parameter PoolSolutions to value 10
[CG 1] RMP=13.000000, pricing=ExactPricingSolver, new_columns=0
  搜索路径: [1, 2, 3, 5, 4, 6, 7, 10, 11, 9, 8, 12, 13, 20, 21, 22, 23, 25, 26, 27, 31, 32, 33, 35, 34, 24, 30, 42, 43, 15, 14, 46, 47, 38, 39, 48, 49, 56, 57, 58, 59, 62, 63, 66, 67, 64, 65, 72, 73, 70]
  列生成求解结果: 目标值=13.0000， 下界=6.9643， 上界=10.0000

处理节点 71
  开始列生成求解...
Set parameter LogToConsole to value 0
Set parameter Threads to value 1
Set parameter Seed to value 0
  定价策略: Exact, node=71, vertices=15
Set parameter PoolSearchMode to value 2
Set parameter PoolSolutions to value 10
[CG 1] RMP=15.000000, pricing=ExactPricingSolver, new_columns=0
  搜索路径: [1, 2, 3, 5, 4, 6, 7, 10, 11, 9, 8, 12, 13, 20, 21, 22, 23, 25, 26, 27, 31, 32, 33, 35, 34, 24, 30, 42, 43, 15, 14, 46, 47, 38, 39, 48, 49, 56, 57, 58, 59, 62, 63, 66, 67, 64, 65, 72, 73, 70, 71]
  列生成求解结果: 目标值=15.0000， 下界=6.9643， 上界=10.0000

处理节点 52
  开始列生成求解...
Set parameter LogToConsole to value 0
Set parameter Threads to value 1
Set parameter Seed to value 0
  定价策略: Exact, node=52, vertices=13
Set parameter PoolSearchMode to value 2
Set parameter PoolSolutions to value 10
[CG 1] RMP=14.000000, pricing=ExactPricingSolver, new_columns=10
[CG 2] RMP=6.964286, pricing=ExactPricingSolver, new_columns=0
  搜索路径: [1, 2, 3, 5, 4, 6, 7, 10, 11, 9, 8, 12, 13, 20, 21, 22, 23, 25, 26, 27, 31, 32, 33, 35, 34, 24, 30, 42, 43, 15, 14, 46, 47, 38, 39, 48, 49, 56, 57, 58, 59, 62, 63, 66, 67, 64, 65, 72, 73, 70, 71, 52]
  列生成求解结果: 目标值=6.9643， 下界=6.9643， 上界=10.0000
    非整数变量: COL_0-16-27-28-7_194 = 0.260842
  解不是整数，开始分支...
ImposedVertex(vertex=16)
ForbidVertex(vertex=16)
  创建了 2 个分支
    添加分支节点 1: ID=74
    添加分支节点 2: ID=75

处理节点 74
  开始列生成求解...
Set parameter LogToConsole to value 0
Set parameter Threads to value 1
Set parameter Seed to value 0
  定价策略: Exact, node=74, vertices=12
Set parameter PoolSearchMode to value 2
Set parameter PoolSolutions to value 10
[CG 1] RMP=13.000000, pricing=ExactPricingSolver, new_columns=0
  搜索路径: [1, 2, 3, 5, 4, 6, 7, 10, 11, 9, 8, 12, 13, 20, 21, 22, 23, 25, 26, 27, 31, 32, 33, 35, 34, 24, 30, 42, 43, 15, 14, 46, 47, 38, 39, 48, 49, 56, 57, 58, 59, 62, 63, 66, 67, 64, 65, 72, 73, 70, 71, 52, 74]
  列生成求解结果: 目标值=13.0000， 下界=6.9643， 上界=10.0000

处理节点 75
  开始列生成求解...
Set parameter LogToConsole to value 0
Set parameter Threads to value 1
Set parameter Seed to value 0
  定价策略: Exact, node=75, vertices=12
Set parameter PoolSearchMode to value 2
Set parameter PoolSolutions to value 10
[CG 1] RMP=14.000000, pricing=ExactPricingSolver, new_columns=0
  搜索路径: [1, 2, 3, 5, 4, 6, 7, 10, 11, 9, 8, 12, 13, 20, 21, 22, 23, 25, 26, 27, 31, 32, 33, 35, 34, 24, 30, 42, 43, 15, 14, 46, 47, 38, 39, 48, 49, 56, 57, 58, 59, 62, 63, 66, 67, 64, 65, 72, 73, 70, 71, 52, 74, 75]
  列生成求解结果: 目标值=14.0000， 下界=6.9643， 上界=10.0000

处理节点 53
  开始列生成求解...
Set parameter LogToConsole to value 0
Set parameter Threads to value 1
Set parameter Seed to value 0
  定价策略: Exact, node=53, vertices=14
Set parameter PoolSearchMode to value 2
Set parameter PoolSolutions to value 10
[CG 1] RMP=8.727273, pricing=ExactPricingSolver, new_columns=10
[CG 2] RMP=6.964286, pricing=ExactPricingSolver, new_columns=0
  搜索路径: [1, 2, 3, 5, 4, 6, 7, 10, 11, 9, 8, 12, 13, 20, 21, 22, 23, 25, 26, 27, 31, 32, 33, 35, 34, 24, 30, 42, 43, 15, 14, 46, 47, 38, 39, 48, 49, 56, 57, 58, 59, 62, 63, 66, 67, 64, 65, 72, 73, 70, 71, 52, 74, 75, 53]
  列生成求解结果: 目标值=6.9643， 下界=6.9643， 上界=10.0000
    非整数变量: COL_0-17-25-27-29-5_176 = 0.232143
  解不是整数，开始分支...
ImposedVertex(vertex=25)
ForbidVertex(vertex=25)
  创建了 2 个分支
    添加分支节点 1: ID=76
    添加分支节点 2: ID=77

处理节点 76
  开始列生成求解...
Set parameter LogToConsole to value 0
Set parameter Threads to value 1
Set parameter Seed to value 0
  定价策略: Exact, node=76, vertices=13
Set parameter PoolSearchMode to value 2
Set parameter PoolSolutions to value 10
[CG 1] RMP=15.000000, pricing=ExactPricingSolver, new_columns=0
  搜索路径: [1, 2, 3, 5, 4, 6, 7, 10, 11, 9, 8, 12, 13, 20, 21, 22, 23, 25, 26, 27, 31, 32, 33, 35, 34, 24, 30, 42, 43, 15, 14, 46, 47, 38, 39, 48, 49, 56, 57, 58, 59, 62, 63, 66, 67, 64, 65, 72, 73, 70, 71, 52, 74, 75, 53, 76]
  列生成求解结果: 目标值=15.0000， 下界=6.9643， 上界=10.0000

处理节点 77
  开始列生成求解...
Set parameter LogToConsole to value 0
Set parameter Threads to value 1
Set parameter Seed to value 0
  定价策略: Exact, node=77, vertices=13
Set parameter PoolSearchMode to value 2
Set parameter PoolSolutions to value 10
[CG 1] RMP=13.000000, pricing=ExactPricingSolver, new_columns=0
  搜索路径: [1, 2, 3, 5, 4, 6, 7, 10, 11, 9, 8, 12, 13, 20, 21, 22, 23, 25, 26, 27, 31, 32, 33, 35, 34, 24, 30, 42, 43, 15, 14, 46, 47, 38, 39, 48, 49, 56, 57, 58, 59, 62, 63, 66, 67, 64, 65, 72, 73, 70, 71, 52, 74, 75, 53, 76, 77]
  列生成求解结果: 目标值=13.0000， 下界=6.9643， 上界=10.0000

处理节点 69
  开始列生成求解...
Set parameter LogToConsole to value 0
Set parameter Threads to value 1
Set parameter Seed to value 0
  定价策略: Exact, node=69, vertices=16
Set parameter PoolSearchMode to value 2
Set parameter PoolSolutions to value 10
[CG 1] RMP=7.000000, pricing=ExactPricingSolver, new_columns=0
  搜索路径: [1, 2, 3, 5, 4, 6, 7, 10, 11, 9, 8, 12, 13, 20, 21, 22, 23, 25, 26, 27, 31, 32, 33, 35, 34, 24, 30, 42, 43, 15, 14, 46, 47, 38, 39, 48, 49, 56, 57, 58, 59, 62, 63, 66, 67, 64, 65, 72, 73, 70, 71, 52, 74, 75, 53, 76, 77, 69]
  列生成求解结果: 目标值=7.0000， 下界=6.9643， 上界=10.0000
    非整数变量: COL_20_4 = 0.035417
  解不是整数，开始分支...
ImposedVertex(vertex=2)
ForbidVertex(vertex=2)
  创建了 2 个分支
    添加分支节点 1: ID=78
    添加分支节点 2: ID=79

处理节点 68
  开始列生成求解...
Set parameter LogToConsole to value 0
Set parameter Threads to value 1
Set parameter Seed to value 0
  定价策略: Exact, node=68, vertices=16
Set parameter PoolSearchMode to value 2
Set parameter PoolSolutions to value 10
[CG 1] RMP=2010.000000, pricing=ExactPricingSolver, new_columns=10
[CG 2] RMP=13.000000, pricing=ExactPricingSolver, new_columns=10
[CG 3] RMP=7.000000, pricing=ExactPricingSolver, new_columns=0
  搜索路径: [1, 2, 3, 5, 4, 6, 7, 10, 11, 9, 8, 12, 13, 20, 21, 22, 23, 25, 26, 27, 31, 32, 33, 35, 34, 24, 30, 42, 43, 15, 14, 46, 47, 38, 39, 48, 49, 56, 57, 58, 59, 62, 63, 66, 67, 64, 65, 72, 73, 70, 71, 52, 74, 75, 53, 76, 77, 69, 68]
  列生成求解结果: 目标值=7.0000， 下界=7.0000， 上界=10.0000
    非整数变量: COL_0-13-29_304 = 0.233333
  解不是整数，开始分支...
ImposedVertex(vertex=29)
ForbidVertex(vertex=29)
  创建了 2 个分支
    添加分支节点 1: ID=80
    添加分支节点 2: ID=81

处理节点 19
  开始列生成求解...
Set parameter LogToConsole to value 0
Set parameter Threads to value 1
Set parameter Seed to value 0
  定价策略: Exact, node=19, vertices=22
Set parameter PoolSearchMode to value 2
Set parameter PoolSolutions to value 10
[CG 1] RMP=7.000000, pricing=ExactPricingSolver, new_columns=0
  搜索路径: [1, 2, 3, 5, 4, 6, 7, 10, 11, 9, 8, 12, 13, 20, 21, 22, 23, 25, 26, 27, 31, 32, 33, 35, 34, 24, 30, 42, 43, 15, 14, 46, 47, 38, 39, 48, 49, 56, 57, 58, 59, 62, 63, 66, 67, 64, 65, 72, 73, 70, 71, 52, 74, 75, 53, 76, 77, 69, 68, 19]
  列生成求解结果: 目标值=7.0000， 下界=7.0000， 上界=10.0000
    非整数变量: COL_27_5 = 0.055556
  解不是整数，开始分支...
ImposedVertex(vertex=27)
ForbidVertex(vertex=27)
  创建了 2 个分支
    添加分支节点 1: ID=82
    添加分支节点 2: ID=83
  进度: 已处理 60 个节点, 剩余 23 个, 当前最优 10.0000, 当前列数: 504

处理节点 51
  开始列生成求解...
Set parameter LogToConsole to value 0
Set parameter Threads to value 1
Set parameter Seed to value 0
  定价策略: Exact, node=51, vertices=20
Set parameter PoolSearchMode to value 2
Set parameter PoolSolutions to value 10
[CG 1] RMP=9.000000, pricing=ExactPricingSolver, new_columns=0
  搜索路径: [1, 2, 3, 5, 4, 6, 7, 10, 11, 9, 8, 12, 13, 20, 21, 22, 23, 25, 26, 27, 31, 32, 33, 35, 34, 24, 30, 42, 43, 15, 14, 46, 47, 38, 39, 48, 49, 56, 57, 58, 59, 62, 63, 66, 67, 64, 65, 72, 73, 70, 71, 52, 74, 75, 53, 76, 77, 69, 68, 19, 51]
  列生成求解结果: 目标值=9.0000， 下界=7.0000， 上界=10.0000
    非整数变量: COL_19-26-28_6 = 0.307692
  解不是整数，开始分支...
ImposedVertex(vertex=28)
ForbidVertex(vertex=28)
  创建了 2 个分支
    添加分支节点 1: ID=84
    添加分支节点 2: ID=85

处理节点 36
  开始列生成求解...
Set parameter LogToConsole to value 0
Set parameter Threads to value 1
Set parameter Seed to value 0
  定价策略: Exact, node=36, vertices=17
Set parameter PoolSearchMode to value 2
Set parameter PoolSolutions to value 10
[CG 1] RMP=8.000000, pricing=ExactPricingSolver, new_columns=0
  搜索路径: [1, 2, 3, 5, 4, 6, 7, 10, 11, 9, 8, 12, 13, 20, 21, 22, 23, 25, 26, 27, 31, 32, 33, 35, 34, 24, 30, 42, 43, 15, 14, 46, 47, 38, 39, 48, 49, 56, 57, 58, 59, 62, 63, 66, 67, 64, 65, 72, 73, 70, 71, 52, 74, 75, 53, 76, 77, 69, 68, 19, 51, 36]
  列生成求解结果: 目标值=8.0000， 下界=7.0000， 上界=10.0000
    非整数变量: COL_27_5 = 0.384615
  解不是整数，开始分支...
ImposedVertex(vertex=3)
ForbidVertex(vertex=3)
  创建了 2 个分支
    添加分支节点 1: ID=86
    添加分支节点 2: ID=87

处理节点 50
  开始列生成求解...
Set parameter LogToConsole to value 0
Set parameter Threads to value 1
Set parameter Seed to value 0
  定价策略: Exact, node=50, vertices=20
Set parameter PoolSearchMode to value 2
Set parameter PoolSolutions to value 10
[CG 1] RMP=7.000000, pricing=ExactPricingSolver, new_columns=0
  搜索路径: [1, 2, 3, 5, 4, 6, 7, 10, 11, 9, 8, 12, 13, 20, 21, 22, 23, 25, 26, 27, 31, 32, 33, 35, 34, 24, 30, 42, 43, 15, 14, 46, 47, 38, 39, 48, 49, 56, 57, 58, 59, 62, 63, 66, 67, 64, 65, 72, 73, 70, 71, 52, 74, 75, 53, 76, 77, 69, 68, 19, 51, 36, 50]
  列生成求解结果: 目标值=7.0000， 下界=7.0000， 上界=10.0000
    非整数变量: COL_19-27-28_8 = 0.188889
  解不是整数，开始分支...
ImposedVertex(vertex=28)
ForbidVertex(vertex=28)
  创建了 2 个分支
    添加分支节点 1: ID=88
    添加分支节点 2: ID=89

处理节点 83
  开始列生成求解...
Set parameter LogToConsole to value 0
Set parameter Threads to value 1
Set parameter Seed to value 0
  定价策略: Exact, node=83, vertices=21
Set parameter PoolSearchMode to value 2
Set parameter PoolSolutions to value 10
[CG 1] RMP=9.000000, pricing=ExactPricingSolver, new_columns=0
  搜索路径: [1, 2, 3, 5, 4, 6, 7, 10, 11, 9, 8, 12, 13, 20, 21, 22, 23, 25, 26, 27, 31, 32, 33, 35, 34, 24, 30, 42, 43, 15, 14, 46, 47, 38, 39, 48, 49, 56, 57, 58, 59, 62, 63, 66, 67, 64, 65, 72, 73, 70, 71, 52, 74, 75, 53, 76, 77, 69, 68, 19, 51, 36, 50, 83]
  列生成求解结果: 目标值=9.0000， 下界=7.0000， 上界=10.0000
    非整数变量: COL_19-26-28_6 = 0.103846
  解不是整数，开始分支...
ImposedVertex(vertex=28)
ForbidVertex(vertex=28)
  创建了 2 个分支
    添加分支节点 1: ID=90
    添加分支节点 2: ID=91

处理节点 18
  开始列生成求解...
Set parameter LogToConsole to value 0
Set parameter Threads to value 1
Set parameter Seed to value 0
  定价策略: Exact, node=18, vertices=20
Set parameter PoolSearchMode to value 2
Set parameter PoolSolutions to value 10
[CG 1] RMP=2010.000000, pricing=ExactPricingSolver, new_columns=10
[CG 2] RMP=20.000000, pricing=ExactPricingSolver, new_columns=0
  搜索路径: [1, 2, 3, 5, 4, 6, 7, 10, 11, 9, 8, 12, 13, 20, 21, 22, 23, 25, 26, 27, 31, 32, 33, 35, 34, 24, 30, 42, 43, 15, 14, 46, 47, 38, 39, 48, 49, 56, 57, 58, 59, 62, 63, 66, 67, 64, 65, 72, 73, 70, 71, 52, 74, 75, 53, 76, 77, 69, 68, 19, 51, 36, 50, 83, 18]
  列生成求解结果: 目标值=20.0000， 下界=7.0000， 上界=10.0000

处理节点 37
  开始列生成求解...
Set parameter LogToConsole to value 0
Set parameter Threads to value 1
Set parameter Seed to value 0
  定价策略: Exact, node=37, vertices=18
Set parameter PoolSearchMode to value 2
Set parameter PoolSolutions to value 10
[CG 1] RMP=16.000000, pricing=ExactPricingSolver, new_columns=10
[CG 2] RMP=14.000000, pricing=ExactPricingSolver, new_columns=10
[CG 3] RMP=7.283885, pricing=ExactPricingSolver, new_columns=10
[CG 4] RMP=7.000000, pricing=ExactPricingSolver, new_columns=0
  搜索路径: [1, 2, 3, 5, 4, 6, 7, 10, 11, 9, 8, 12, 13, 20, 21, 22, 23, 25, 26, 27, 31, 32, 33, 35, 34, 24, 30, 42, 43, 15, 14, 46, 47, 38, 39, 48, 49, 56, 57, 58, 59, 62, 63, 66, 67, 64, 65, 72, 73, 70, 71, 52, 74, 75, 53, 76, 77, 69, 68, 19, 51, 36, 50, 83, 18, 37]
  列生成求解结果: 目标值=7.0000， 下界=7.0000， 上界=10.0000
    非整数变量: COL_0-20-28_157 = 0.250000
  解不是整数，开始分支...
ImposedVertex(vertex=28)
ForbidVertex(vertex=28)
  创建了 2 个分支
    添加分支节点 1: ID=92
    添加分支节点 2: ID=93

处理节点 81
  开始列生成求解...
Set parameter LogToConsole to value 0
Set parameter Threads to value 1
Set parameter Seed to value 0
  定价策略: Exact, node=81, vertices=15
Set parameter PoolSearchMode to value 2
Set parameter PoolSolutions to value 10
[CG 1] RMP=10.000000, pricing=ExactPricingSolver, new_columns=0
  搜索路径: [1, 2, 3, 5, 4, 6, 7, 10, 11, 9, 8, 12, 13, 20, 21, 22, 23, 25, 26, 27, 31, 32, 33, 35, 34, 24, 30, 42, 43, 15, 14, 46, 47, 38, 39, 48, 49, 56, 57, 58, 59, 62, 63, 66, 67, 64, 65, 72, 73, 70, 71, 52, 74, 75, 53, 76, 77, 69, 68, 19, 51, 36, 50, 83, 18, 37, 81]
  列生成求解结果: 目标值=10.0000， 下界=7.0000， 上界=10.0000

处理节点 92
  开始列生成求解...
Set parameter LogToConsole to value 0
Set parameter Threads to value 1
Set parameter Seed to value 0
  定价策略: Exact, node=92, vertices=17
Set parameter PoolSearchMode to value 2
Set parameter PoolSolutions to value 10
[CG 1] RMP=10.000000, pricing=ExactPricingSolver, new_columns=0
  搜索路径: [1, 2, 3, 5, 4, 6, 7, 10, 11, 9, 8, 12, 13, 20, 21, 22, 23, 25, 26, 27, 31, 32, 33, 35, 34, 24, 30, 42, 43, 15, 14, 46, 47, 38, 39, 48, 49, 56, 57, 58, 59, 62, 63, 66, 67, 64, 65, 72, 73, 70, 71, 52, 74, 75, 53, 76, 77, 69, 68, 19, 51, 36, 50, 83, 18, 37, 81, 92]
  列生成求解结果: 目标值=10.0000， 下界=7.0000， 上界=10.0000

处理节点 93
  开始列生成求解...
Set parameter LogToConsole to value 0
Set parameter Threads to value 1
Set parameter Seed to value 0
  定价策略: Exact, node=93, vertices=17
Set parameter PoolSearchMode to value 2
Set parameter PoolSolutions to value 10
[CG 1] RMP=16.000000, pricing=ExactPricingSolver, new_columns=0
  搜索路径: [1, 2, 3, 5, 4, 6, 7, 10, 11, 9, 8, 12, 13, 20, 21, 22, 23, 25, 26, 27, 31, 32, 33, 35, 34, 24, 30, 42, 43, 15, 14, 46, 47, 38, 39, 48, 49, 56, 57, 58, 59, 62, 63, 66, 67, 64, 65, 72, 73, 70, 71, 52, 74, 75, 53, 76, 77, 69, 68, 19, 51, 36, 50, 83, 18, 37, 81, 92, 93]
  列生成求解结果: 目标值=16.0000， 下界=7.0000， 上界=10.0000

处理节点 82
  开始列生成求解...
Set parameter LogToConsole to value 0
Set parameter Threads to value 1
Set parameter Seed to value 0
  定价策略: Exact, node=82, vertices=21
Set parameter PoolSearchMode to value 2
Set parameter PoolSolutions to value 10
[CG 1] RMP=1010.000000, pricing=ExactPricingSolver, new_columns=10
[CG 2] RMP=14.000000, pricing=ExactPricingSolver, new_columns=10
[CG 3] RMP=7.000000, pricing=ExactPricingSolver, new_columns=0
  搜索路径: [1, 2, 3, 5, 4, 6, 7, 10, 11, 9, 8, 12, 13, 20, 21, 22, 23, 25, 26, 27, 31, 32, 33, 35, 34, 24, 30, 42, 43, 15, 14, 46, 47, 38, 39, 48, 49, 56, 57, 58, 59, 62, 63, 66, 67, 64, 65, 72, 73, 70, 71, 52, 74, 75, 53, 76, 77, 69, 68, 19, 51, 36, 50, 83, 18, 37, 81, 92, 93, 82]
  列生成求解结果: 目标值=7.0000， 下界=7.0000， 上界=10.0000
    非整数变量: COL_19-27-28_8 = 0.187500
  解不是整数，开始分支...
ImposedVertex(vertex=28)
ForbidVertex(vertex=28)
  创建了 2 个分支
    添加分支节点 1: ID=94
    添加分支节点 2: ID=95
  进度: 已处理 70 个节点, 剩余 25 个, 当前最优 10.0000, 当前列数: 564

处理节点 80
  开始列生成求解...
Set parameter LogToConsole to value 0
Set parameter Threads to value 1
Set parameter Seed to value 0
  定价策略: Exact, node=80, vertices=15
Set parameter PoolSearchMode to value 2
Set parameter PoolSolutions to value 10
[CG 1] RMP=16.000000, pricing=ExactPricingSolver, new_columns=0
  搜索路径: [1, 2, 3, 5, 4, 6, 7, 10, 11, 9, 8, 12, 13, 20, 21, 22, 23, 25, 26, 27, 31, 32, 33, 35, 34, 24, 30, 42, 43, 15, 14, 46, 47, 38, 39, 48, 49, 56, 57, 58, 59, 62, 63, 66, 67, 64, 65, 72, 73, 70, 71, 52, 74, 75, 53, 76, 77, 69, 68, 19, 51, 36, 50, 83, 18, 37, 81, 92, 93, 82, 80]
  列生成求解结果: 目标值=16.0000， 下界=7.0000， 上界=10.0000

处理节点 94
  开始列生成求解...
Set parameter LogToConsole to value 0
Set parameter Threads to value 1
Set parameter Seed to value 0
  定价策略: Exact, node=94, vertices=20
Set parameter PoolSearchMode to value 2
Set parameter PoolSolutions to value 10
[CG 1] RMP=10.000000, pricing=ExactPricingSolver, new_columns=0
  搜索路径: [1, 2, 3, 5, 4, 6, 7, 10, 11, 9, 8, 12, 13, 20, 21, 22, 23, 25, 26, 27, 31, 32, 33, 35, 34, 24, 30, 42, 43, 15, 14, 46, 47, 38, 39, 48, 49, 56, 57, 58, 59, 62, 63, 66, 67, 64, 65, 72, 73, 70, 71, 52, 74, 75, 53, 76, 77, 69, 68, 19, 51, 36, 50, 83, 18, 37, 81, 92, 93, 82, 80, 94]
  列生成求解结果: 目标值=10.0000， 下界=7.0000， 上界=10.0000

处理节点 95
  开始列生成求解...
Set parameter LogToConsole to value 0
Set parameter Threads to value 1
Set parameter Seed to value 0
  定价策略: Exact, node=95, vertices=20
Set parameter PoolSearchMode to value 2
Set parameter PoolSolutions to value 10
[CG 1] RMP=16.000000, pricing=ExactPricingSolver, new_columns=0
  搜索路径: [1, 2, 3, 5, 4, 6, 7, 10, 11, 9, 8, 12, 13, 20, 21, 22, 23, 25, 26, 27, 31, 32, 33, 35, 34, 24, 30, 42, 43, 15, 14, 46, 47, 38, 39, 48, 49, 56, 57, 58, 59, 62, 63, 66, 67, 64, 65, 72, 73, 70, 71, 52, 74, 75, 53, 76, 77, 69, 68, 19, 51, 36, 50, 83, 18, 37, 81, 92, 93, 82, 80, 94, 95]
  列生成求解结果: 目标值=16.0000， 下界=7.0000， 上界=10.0000

处理节点 88
  开始列生成求解...
Set parameter LogToConsole to value 0
Set parameter Threads to value 1
Set parameter Seed to value 0
  定价策略: Exact, node=88, vertices=19
Set parameter PoolSearchMode to value 2
Set parameter PoolSolutions to value 10
[CG 1] RMP=10.000000, pricing=ExactPricingSolver, new_columns=0
  搜索路径: [1, 2, 3, 5, 4, 6, 7, 10, 11, 9, 8, 12, 13, 20, 21, 22, 23, 25, 26, 27, 31, 32, 33, 35, 34, 24, 30, 42, 43, 15, 14, 46, 47, 38, 39, 48, 49, 56, 57, 58, 59, 62, 63, 66, 67, 64, 65, 72, 73, 70, 71, 52, 74, 75, 53, 76, 77, 69, 68, 19, 51, 36, 50, 83, 18, 37, 81, 92, 93, 82, 80, 94, 95, 88]
  列生成求解结果: 目标值=10.0000， 下界=7.0000， 上界=10.0000

处理节点 89
  开始列生成求解...
Set parameter LogToConsole to value 0
Set parameter Threads to value 1
Set parameter Seed to value 0
  定价策略: Exact, node=89, vertices=19
Set parameter PoolSearchMode to value 2
Set parameter PoolSolutions to value 10
[CG 1] RMP=16.000000, pricing=ExactPricingSolver, new_columns=0
  搜索路径: [1, 2, 3, 5, 4, 6, 7, 10, 11, 9, 8, 12, 13, 20, 21, 22, 23, 25, 26, 27, 31, 32, 33, 35, 34, 24, 30, 42, 43, 15, 14, 46, 47, 38, 39, 48, 49, 56, 57, 58, 59, 62, 63, 66, 67, 64, 65, 72, 73, 70, 71, 52, 74, 75, 53, 76, 77, 69, 68, 19, 51, 36, 50, 83, 18, 37, 81, 92, 93, 82, 80, 94, 95, 88, 89]
  列生成求解结果: 目标值=16.0000， 下界=7.0000， 上界=10.0000

处理节点 79
  开始列生成求解...
Set parameter LogToConsole to value 0
Set parameter Threads to value 1
Set parameter Seed to value 0
  定价策略: Exact, node=79, vertices=15
Set parameter PoolSearchMode to value 2
Set parameter PoolSolutions to value 10
[CG 1] RMP=15.000000, pricing=ExactPricingSolver, new_columns=10
[CG 2] RMP=7.000000, pricing=ExactPricingSolver, new_columns=0
  搜索路径: [1, 2, 3, 5, 4, 6, 7, 10, 11, 9, 8, 12, 13, 20, 21, 22, 23, 25, 26, 27, 31, 32, 33, 35, 34, 24, 30, 42, 43, 15, 14, 46, 47, 38, 39, 48, 49, 56, 57, 58, 59, 62, 63, 66, 67, 64, 65, 72, 73, 70, 71, 52, 74, 75, 53, 76, 77, 69, 68, 19, 51, 36, 50, 83, 18, 37, 81, 92, 93, 82, 80, 94, 95, 88, 89, 79]
  列生成求解结果: 目标值=7.0000， 下界=7.0000， 上界=10.0000
    非整数变量: COL_0-13-29-3_307 = 0.155556
  解不是整数，开始分支...
ImposedVertex(vertex=3)
ForbidVertex(vertex=3)
  创建了 2 个分支
    添加分支节点 1: ID=96
    添加分支节点 2: ID=97

处理节点 96
  开始列生成求解...
Set parameter LogToConsole to value 0
Set parameter Threads to value 1
Set parameter Seed to value 0
  定价策略: Exact, node=96, vertices=13
Set parameter PoolSearchMode to value 2
Set parameter PoolSolutions to value 10
[CG 1] RMP=15.000000, pricing=ExactPricingSolver, new_columns=0
  搜索路径: [1, 2, 3, 5, 4, 6, 7, 10, 11, 9, 8, 12, 13, 20, 21, 22, 23, 25, 26, 27, 31, 32, 33, 35, 34, 24, 30, 42, 43, 15, 14, 46, 47, 38, 39, 48, 49, 56, 57, 58, 59, 62, 63, 66, 67, 64, 65, 72, 73, 70, 71, 52, 74, 75, 53, 76, 77, 69, 68, 19, 51, 36, 50, 83, 18, 37, 81, 92, 93, 82, 80, 94, 95, 88, 89, 79, 96]
  列生成求解结果: 目标值=15.0000， 下界=7.0000， 上界=10.0000

处理节点 97
  开始列生成求解...
Set parameter LogToConsole to value 0
Set parameter Threads to value 1
Set parameter Seed to value 0
  定价策略: Exact, node=97, vertices=14
Set parameter PoolSearchMode to value 2
Set parameter PoolSolutions to value 10
[CG 1] RMP=15.000000, pricing=ExactPricingSolver, new_columns=10
[CG 2] RMP=7.000000, pricing=ExactPricingSolver, new_columns=0
  搜索路径: [1, 2, 3, 5, 4, 6, 7, 10, 11, 9, 8, 12, 13, 20, 21, 22, 23, 25, 26, 27, 31, 32, 33, 35, 34, 24, 30, 42, 43, 15, 14, 46, 47, 38, 39, 48, 49, 56, 57, 58, 59, 62, 63, 66, 67, 64, 65, 72, 73, 70, 71, 52, 74, 75, 53, 76, 77, 69, 68, 19, 51, 36, 50, 83, 18, 37, 81, 92, 93, 82, 80, 94, 95, 88, 89, 79, 96, 97]
  列生成求解结果: 目标值=7.0000， 下界=7.0000， 上界=10.0000
    非整数变量: COL_0-13-29_304 = 0.005128
  解不是整数，开始分支...
ImposedVertex(vertex=29)
ForbidVertex(vertex=29)
  创建了 2 个分支
    添加分支节点 1: ID=98
    添加分支节点 2: ID=99

处理节点 98
  开始列生成求解...
Set parameter LogToConsole to value 0
Set parameter Threads to value 1
Set parameter Seed to value 0
  定价策略: Exact, node=98, vertices=13
Set parameter PoolSearchMode to value 2
Set parameter PoolSolutions to value 10
[CG 1] RMP=16.000000, pricing=ExactPricingSolver, new_columns=0
  搜索路径: [1, 2, 3, 5, 4, 6, 7, 10, 11, 9, 8, 12, 13, 20, 21, 22, 23, 25, 26, 27, 31, 32, 33, 35, 34, 24, 30, 42, 43, 15, 14, 46, 47, 38, 39, 48, 49, 56, 57, 58, 59, 62, 63, 66, 67, 64, 65, 72, 73, 70, 71, 52, 74, 75, 53, 76, 77, 69, 68, 19, 51, 36, 50, 83, 18, 37, 81, 92, 93, 82, 80, 94, 95, 88, 89, 79, 96, 97, 98]
  列生成求解结果: 目标值=16.0000， 下界=7.0000， 上界=10.0000

处理节点 99
  开始列生成求解...
Set parameter LogToConsole to value 0
Set parameter Threads to value 1
Set parameter Seed to value 0
  定价策略: Exact, node=99, vertices=13
Set parameter PoolSearchMode to value 2
Set parameter PoolSolutions to value 10
[CG 1] RMP=10.000000, pricing=ExactPricingSolver, new_columns=0
  搜索路径: [1, 2, 3, 5, 4, 6, 7, 10, 11, 9, 8, 12, 13, 20, 21, 22, 23, 25, 26, 27, 31, 32, 33, 35, 34, 24, 30, 42, 43, 15, 14, 46, 47, 38, 39, 48, 49, 56, 57, 58, 59, 62, 63, 66, 67, 64, 65, 72, 73, 70, 71, 52, 74, 75, 53, 76, 77, 69, 68, 19, 51, 36, 50, 83, 18, 37, 81, 92, 93, 82, 80, 94, 95, 88, 89, 79, 96, 97, 98, 99]
  列生成求解结果: 目标值=10.0000， 下界=7.0000， 上界=10.0000

处理节点 78
  开始列生成求解...
Set parameter LogToConsole to value 0
Set parameter Threads to value 1
Set parameter Seed to value 0
  定价策略: Exact, node=78, vertices=13
Set parameter PoolSearchMode to value 2
Set parameter PoolSolutions to value 10
[CG 1] RMP=7.741935, pricing=ExactPricingSolver, new_columns=10
[CG 2] RMP=7.000000, pricing=ExactPricingSolver, new_columns=0
  搜索路径: [1, 2, 3, 5, 4, 6, 7, 10, 11, 9, 8, 12, 13, 20, 21, 22, 23, 25, 26, 27, 31, 32, 33, 35, 34, 24, 30, 42, 43, 15, 14, 46, 47, 38, 39, 48, 49, 56, 57, 58, 59, 62, 63, 66, 67, 64, 65, 72, 73, 70, 71, 52, 74, 75, 53, 76, 77, 69, 68, 19, 51, 36, 50, 83, 18, 37, 81, 92, 93, 82, 80, 94, 95, 88, 89, 79, 96, 97, 98, 99, 78]
  列生成求解结果: 目标值=7.0000， 下界=7.0000， 上界=10.0000
    非整数变量: COL_20_4 = 0.266667
  解不是整数，开始分支...
ImposedVertex(vertex=25)
ForbidVertex(vertex=25)
  创建了 2 个分支
    添加分支节点 1: ID=100
    添加分支节点 2: ID=101

处理节点 100
  开始列生成求解...
Set parameter LogToConsole to value 0
Set parameter Threads to value 1
Set parameter Seed to value 0
  定价策略: Exact, node=100, vertices=12
Set parameter PoolSearchMode to value 2
Set parameter PoolSolutions to value 10
[CG 1] RMP=15.000000, pricing=ExactPricingSolver, new_columns=0
  搜索路径: [1, 2, 3, 5, 4, 6, 7, 10, 11, 9, 8, 12, 13, 20, 21, 22, 23, 25, 26, 27, 31, 32, 33, 35, 34, 24, 30, 42, 43, 15, 14, 46, 47, 38, 39, 48, 49, 56, 57, 58, 59, 62, 63, 66, 67, 64, 65, 72, 73, 70, 71, 52, 74, 75, 53, 76, 77, 69, 68, 19, 51, 36, 50, 83, 18, 37, 81, 92, 93, 82, 80, 94, 95, 88, 89, 79, 96, 97, 98, 99, 78, 100]
  列生成求解结果: 目标值=15.0000， 下界=7.0000， 上界=10.0000

处理节点 101
  开始列生成求解...
Set parameter LogToConsole to value 0
Set parameter Threads to value 1
Set parameter Seed to value 0
  定价策略: Exact, node=101, vertices=12
Set parameter PoolSearchMode to value 2
Set parameter PoolSolutions to value 10
[CG 1] RMP=13.000000, pricing=ExactPricingSolver, new_columns=0
  搜索路径: [1, 2, 3, 5, 4, 6, 7, 10, 11, 9, 8, 12, 13, 20, 21, 22, 23, 25, 26, 27, 31, 32, 33, 35, 34, 24, 30, 42, 43, 15, 14, 46, 47, 38, 39, 48, 49, 56, 57, 58, 59, 62, 63, 66, 67, 64, 65, 72, 73, 70, 71, 52, 74, 75, 53, 76, 77, 69, 68, 19, 51, 36, 50, 83, 18, 37, 81, 92, 93, 82, 80, 94, 95, 88, 89, 79, 96, 97, 98, 99, 78, 100, 101]
  列生成求解结果: 目标值=13.0000， 下界=7.0000， 上界=10.0000

处理节点 55
  开始列生成求解...
Set parameter LogToConsole to value 0
Set parameter Threads to value 1
Set parameter Seed to value 0
  定价策略: Exact, node=55, vertices=15
Set parameter PoolSearchMode to value 2
Set parameter PoolSolutions to value 10
[CG 1] RMP=14.000000, pricing=ExactPricingSolver, new_columns=0
  搜索路径: [1, 2, 3, 5, 4, 6, 7, 10, 11, 9, 8, 12, 13, 20, 21, 22, 23, 25, 26, 27, 31, 32, 33, 35, 34, 24, 30, 42, 43, 15, 14, 46, 47, 38, 39, 48, 49, 56, 57, 58, 59, 62, 63, 66, 67, 64, 65, 72, 73, 70, 71, 52, 74, 75, 53, 76, 77, 69, 68, 19, 51, 36, 50, 83, 18, 37, 81, 92, 93, 82, 80, 94, 95, 88, 89, 79, 96, 97, 98, 99, 78, 100, 101, 55]
  列生成求解结果: 目标值=14.0000， 下界=7.0000， 上界=10.0000

处理节点 54
  开始列生成求解...
Set parameter LogToConsole to value 0
Set parameter Threads to value 1
Set parameter Seed to value 0
  定价策略: Exact, node=54, vertices=15
Set parameter PoolSearchMode to value 2
Set parameter PoolSolutions to value 10
[CG 1] RMP=13.000000, pricing=ExactPricingSolver, new_columns=0
  搜索路径: [1, 2, 3, 5, 4, 6, 7, 10, 11, 9, 8, 12, 13, 20, 21, 22, 23, 25, 26, 27, 31, 32, 33, 35, 34, 24, 30, 42, 43, 15, 14, 46, 47, 38, 39, 48, 49, 56, 57, 58, 59, 62, 63, 66, 67, 64, 65, 72, 73, 70, 71, 52, 74, 75, 53, 76, 77, 69, 68, 19, 51, 36, 50, 83, 18, 37, 81, 92, 93, 82, 80, 94, 95, 88, 89, 79, 96, 97, 98, 99, 78, 100, 101, 55, 54]
  列生成求解结果: 目标值=13.0000， 下界=7.0000， 上界=10.0000

处理节点 44
  开始列生成求解...
Set parameter LogToConsole to value 0
Set parameter Threads to value 1
Set parameter Seed to value 0
  定价策略: Exact, node=44, vertices=13
Set parameter PoolSearchMode to value 2
Set parameter PoolSolutions to value 10
[CG 1] RMP=13.000000, pricing=ExactPricingSolver, new_columns=0
  搜索路径: [1, 2, 3, 5, 4, 6, 7, 10, 11, 9, 8, 12, 13, 20, 21, 22, 23, 25, 26, 27, 31, 32, 33, 35, 34, 24, 30, 42, 43, 15, 14, 46, 47, 38, 39, 48, 49, 56, 57, 58, 59, 62, 63, 66, 67, 64, 65, 72, 73, 70, 71, 52, 74, 75, 53, 76, 77, 69, 68, 19, 51, 36, 50, 83, 18, 37, 81, 92, 93, 82, 80, 94, 95, 88, 89, 79, 96, 97, 98, 99, 78, 100, 101, 55, 54, 44]
  列生成求解结果: 目标值=13.0000， 下界=7.0000， 上界=10.0000

处理节点 45
  开始列生成求解...
Set parameter LogToConsole to value 0
Set parameter Threads to value 1
Set parameter Seed to value 0
  定价策略: Exact, node=45, vertices=13
Set parameter PoolSearchMode to value 2
Set parameter PoolSolutions to value 10
[CG 1] RMP=14.000000, pricing=ExactPricingSolver, new_columns=0
  搜索路径: [1, 2, 3, 5, 4, 6, 7, 10, 11, 9, 8, 12, 13, 20, 21, 22, 23, 25, 26, 27, 31, 32, 33, 35, 34, 24, 30, 42, 43, 15, 14, 46, 47, 38, 39, 48, 49, 56, 57, 58, 59, 62, 63, 66, 67, 64, 65, 72, 73, 70, 71, 52, 74, 75, 53, 76, 77, 69, 68, 19, 51, 36, 50, 83, 18, 37, 81, 92, 93, 82, 80, 94, 95, 88, 89, 79, 96, 97, 98, 99, 78, 100, 101, 55, 54, 44, 45]
  列生成求解结果: 目标值=14.0000， 下界=7.0000， 上界=10.0000

处理节点 17
  开始列生成求解...
Set parameter LogToConsole to value 0
Set parameter Threads to value 1
Set parameter Seed to value 0
  定价策略: Exact, node=17, vertices=22
Set parameter PoolSearchMode to value 2
Set parameter PoolSolutions to value 10
[CG 1] RMP=2010.000000, pricing=ExactPricingSolver, new_columns=10
[CG 2] RMP=16.000000, pricing=ExactPricingSolver, new_columns=0
  搜索路径: [1, 2, 3, 5, 4, 6, 7, 10, 11, 9, 8, 12, 13, 20, 21, 22, 23, 25, 26, 27, 31, 32, 33, 35, 34, 24, 30, 42, 43, 15, 14, 46, 47, 38, 39, 48, 49, 56, 57, 58, 59, 62, 63, 66, 67, 64, 65, 72, 73, 70, 71, 52, 74, 75, 53, 76, 77, 69, 68, 19, 51, 36, 50, 83, 18, 37, 81, 92, 93, 82, 80, 94, 95, 88, 89, 79, 96, 97, 98, 99, 78, 100, 101, 55, 54, 44, 45, 17]
  列生成求解结果: 目标值=16.0000， 下界=7.0000， 上界=10.0000

处理节点 87
  开始列生成求解...
Set parameter LogToConsole to value 0
Set parameter Threads to value 1
Set parameter Seed to value 0
  定价策略: Exact, node=87, vertices=16
Set parameter PoolSearchMode to value 2
Set parameter PoolSolutions to value 10
[CG 1] RMP=8.000000, pricing=ExactPricingSolver, new_columns=0
  搜索路径: [1, 2, 3, 5, 4, 6, 7, 10, 11, 9, 8, 12, 13, 20, 21, 22, 23, 25, 26, 27, 31, 32, 33, 35, 34, 24, 30, 42, 43, 15, 14, 46, 47, 38, 39, 48, 49, 56, 57, 58, 59, 62, 63, 66, 67, 64, 65, 72, 73, 70, 71, 52, 74, 75, 53, 76, 77, 69, 68, 19, 51, 36, 50, 83, 18, 37, 81, 92, 93, 82, 80, 94, 95, 88, 89, 79, 96, 97, 98, 99, 78, 100, 101, 55, 54, 44, 45, 17, 87]
  列生成求解结果: 目标值=8.0000， 下界=7.0000， 上界=10.0000
    非整数变量: COL_27_5 = 0.197802
  解不是整数，开始分支...
ImposedVertex(vertex=15)
ForbidVertex(vertex=15)
  创建了 2 个分支
    添加分支节点 1: ID=102
    添加分支节点 2: ID=103

处理节点 40
  开始列生成求解...
Set parameter LogToConsole to value 0
Set parameter Threads to value 1
Set parameter Seed to value 0
  定价策略: Exact, node=40, vertices=14
Set parameter PoolSearchMode to value 2
Set parameter PoolSolutions to value 10
[CG 1] RMP=15.000000, pricing=ExactPricingSolver, new_columns=0
  搜索路径: [1, 2, 3, 5, 4, 6, 7, 10, 11, 9, 8, 12, 13, 20, 21, 22, 23, 25, 26, 27, 31, 32, 33, 35, 34, 24, 30, 42, 43, 15, 14, 46, 47, 38, 39, 48, 49, 56, 57, 58, 59, 62, 63, 66, 67, 64, 65, 72, 73, 70, 71, 52, 74, 75, 53, 76, 77, 69, 68, 19, 51, 36, 50, 83, 18, 37, 81, 92, 93, 82, 80, 94, 95, 88, 89, 79, 96, 97, 98, 99, 78, 100, 101, 55, 54, 44, 45, 17, 87, 40]
  列生成求解结果: 目标值=15.0000， 下界=8.0000， 上界=10.0000

处理节点 102
  开始列生成求解...
Set parameter LogToConsole to value 0
Set parameter Threads to value 1
Set parameter Seed to value 0
  定价策略: Exact, node=102, vertices=15
Set parameter PoolSearchMode to value 2
Set parameter PoolSolutions to value 10
[CG 1] RMP=16.000000, pricing=ExactPricingSolver, new_columns=10
[CG 2] RMP=14.000000, pricing=ExactPricingSolver, new_columns=0
  搜索路径: [1, 2, 3, 5, 4, 6, 7, 10, 11, 9, 8, 12, 13, 20, 21, 22, 23, 25, 26, 27, 31, 32, 33, 35, 34, 24, 30, 42, 43, 15, 14, 46, 47, 38, 39, 48, 49, 56, 57, 58, 59, 62, 63, 66, 67, 64, 65, 72, 73, 70, 71, 52, 74, 75, 53, 76, 77, 69, 68, 19, 51, 36, 50, 83, 18, 37, 81, 92, 93, 82, 80, 94, 95, 88, 89, 79, 96, 97, 98, 99, 78, 100, 101, 55, 54, 44, 45, 17, 87, 40, 102]
  列生成求解结果: 目标值=14.0000， 下界=8.0000， 上界=10.0000

处理节点 103
  开始列生成求解...
Set parameter LogToConsole to value 0
Set parameter Threads to value 1
Set parameter Seed to value 0
  定价策略: Exact, node=103, vertices=15
Set parameter PoolSearchMode to value 2
Set parameter PoolSolutions to value 10
[CG 1] RMP=13.000000, pricing=ExactPricingSolver, new_columns=0
  搜索路径: [1, 2, 3, 5, 4, 6, 7, 10, 11, 9, 8, 12, 13, 20, 21, 22, 23, 25, 26, 27, 31, 32, 33, 35, 34, 24, 30, 42, 43, 15, 14, 46, 47, 38, 39, 48, 49, 56, 57, 58, 59, 62, 63, 66, 67, 64, 65, 72, 73, 70, 71, 52, 74, 75, 53, 76, 77, 69, 68, 19, 51, 36, 50, 83, 18, 37, 81, 92, 93, 82, 80, 94, 95, 88, 89, 79, 96, 97, 98, 99, 78, 100, 101, 55, 54, 44, 45, 17, 87, 40, 102, 103]
  列生成求解结果: 目标值=13.0000， 下界=8.0000， 上界=10.0000

处理节点 16
  开始列生成求解...
Set parameter LogToConsole to value 0
Set parameter Threads to value 1
Set parameter Seed to value 0
  定价策略: Exact, node=16, vertices=22
Set parameter PoolSearchMode to value 2
Set parameter PoolSolutions to value 10
[CG 1] RMP=10.000000, pricing=ExactPricingSolver, new_columns=0
  搜索路径: [1, 2, 3, 5, 4, 6, 7, 10, 11, 9, 8, 12, 13, 20, 21, 22, 23, 25, 26, 27, 31, 32, 33, 35, 34, 24, 30, 42, 43, 15, 14, 46, 47, 38, 39, 48, 49, 56, 57, 58, 59, 62, 63, 66, 67, 64, 65, 72, 73, 70, 71, 52, 74, 75, 53, 76, 77, 69, 68, 19, 51, 36, 50, 83, 18, 37, 81, 92, 93, 82, 80, 94, 95, 88, 89, 79, 96, 97, 98, 99, 78, 100, 101, 55, 54, 44, 45, 17, 87, 40, 102, 103, 16]
  列生成求解结果: 目标值=10.0000， 下界=8.0000， 上界=10.0000

处理节点 86
  开始列生成求解...
Set parameter LogToConsole to value 0
Set parameter Threads to value 1
Set parameter Seed to value 0
  定价策略: Exact, node=86, vertices=14
Set parameter PoolSearchMode to value 2
Set parameter PoolSolutions to value 10
[CG 1] RMP=15.000000, pricing=ExactPricingSolver, new_columns=0
  搜索路径: [1, 2, 3, 5, 4, 6, 7, 10, 11, 9, 8, 12, 13, 20, 21, 22, 23, 25, 26, 27, 31, 32, 33, 35, 34, 24, 30, 42, 43, 15, 14, 46, 47, 38, 39, 48, 49, 56, 57, 58, 59, 62, 63, 66, 67, 64, 65, 72, 73, 70, 71, 52, 74, 75, 53, 76, 77, 69, 68, 19, 51, 36, 50, 83, 18, 37, 81, 92, 93, 82, 80, 94, 95, 88, 89, 79, 96, 97, 98, 99, 78, 100, 101, 55, 54, 44, 45, 17, 87, 40, 102, 103, 16, 86]
  列生成求解结果: 目标值=15.0000， 下界=8.0000， 上界=10.0000

处理节点 41
  开始列生成求解...
Set parameter LogToConsole to value 0
Set parameter Threads to value 1
Set parameter Seed to value 0
  定价策略: Exact, node=41, vertices=15
Set parameter PoolSearchMode to value 2
Set parameter PoolSolutions to value 10
[CG 1] RMP=10.212766, pricing=ExactPricingSolver, new_columns=10
[CG 2] RMP=8.000000, pricing=ExactPricingSolver, new_columns=0
  搜索路径: [1, 2, 3, 5, 4, 6, 7, 10, 11, 9, 8, 12, 13, 20, 21, 22, 23, 25, 26, 27, 31, 32, 33, 35, 34, 24, 30, 42, 43, 15, 14, 46, 47, 38, 39, 48, 49, 56, 57, 58, 59, 62, 63, 66, 67, 64, 65, 72, 73, 70, 71, 52, 74, 75, 53, 76, 77, 69, 68, 19, 51, 36, 50, 83, 18, 37, 81, 92, 93, 82, 80, 94, 95, 88, 89, 79, 96, 97, 98, 99, 78, 100, 101, 55, 54, 44, 45, 17, 87, 40, 102, 103, 16, 86, 41]
  列生成求解结果: 目标值=8.0000， 下界=8.0000， 上界=10.0000
    非整数变量: COL_0-17-20-23-9_144 = 0.433333
  解不是整数，开始分支...
ImposedVertex(vertex=3)
ForbidVertex(vertex=3)
  创建了 2 个分支
    添加分支节点 1: ID=104
    添加分支节点 2: ID=105

处理节点 104
  开始列生成求解...
Set parameter LogToConsole to value 0
Set parameter Threads to value 1
Set parameter Seed to value 0
  定价策略: Exact, node=104, vertices=14
Set parameter PoolSearchMode to value 2
Set parameter PoolSolutions to value 10
[CG 1] RMP=15.000000, pricing=ExactPricingSolver, new_columns=0
  搜索路径: [1, 2, 3, 5, 4, 6, 7, 10, 11, 9, 8, 12, 13, 20, 21, 22, 23, 25, 26, 27, 31, 32, 33, 35, 34, 24, 30, 42, 43, 15, 14, 46, 47, 38, 39, 48, 49, 56, 57, 58, 59, 62, 63, 66, 67, 64, 65, 72, 73, 70, 71, 52, 74, 75, 53, 76, 77, 69, 68, 19, 51, 36, 50, 83, 18, 37, 81, 92, 93, 82, 80, 94, 95, 88, 89, 79, 96, 97, 98, 99, 78, 100, 101, 55, 54, 44, 45, 17, 87, 40, 102, 103, 16, 86, 41, 104]
  列生成求解结果: 目标值=15.0000， 下界=8.0000， 上界=10.0000

处理节点 105
  开始列生成求解...
Set parameter LogToConsole to value 0
Set parameter Threads to value 1
Set parameter Seed to value 0
  定价策略: Exact, node=105, vertices=14
Set parameter PoolSearchMode to value 2
Set parameter PoolSolutions to value 10
[CG 1] RMP=10.111111, pricing=ExactPricingSolver, new_columns=10
[CG 2] RMP=8.000000, pricing=ExactPricingSolver, new_columns=0
  搜索路径: [1, 2, 3, 5, 4, 6, 7, 10, 11, 9, 8, 12, 13, 20, 21, 22, 23, 25, 26, 27, 31, 32, 33, 35, 34, 24, 30, 42, 43, 15, 14, 46, 47, 38, 39, 48, 49, 56, 57, 58, 59, 62, 63, 66, 67, 64, 65, 72, 73, 70, 71, 52, 74, 75, 53, 76, 77, 69, 68, 19, 51, 36, 50, 83, 18, 37, 81, 92, 93, 82, 80, 94, 95, 88, 89, 79, 96, 97, 98, 99, 78, 100, 101, 55, 54, 44, 45, 17, 87, 40, 102, 103, 16, 86, 41, 104, 105]
  列生成求解结果: 目标值=8.0000， 下界=8.0000， 上界=10.0000
    非整数变量: COL_0-17-20-23-9_144 = 0.384615
  解不是整数，开始分支...
ImposedVertex(vertex=16)
ForbidVertex(vertex=16)
  创建了 2 个分支
    添加分支节点 1: ID=106
    添加分支节点 2: ID=107

处理节点 106
  开始列生成求解...
Set parameter LogToConsole to value 0
Set parameter Threads to value 1
Set parameter Seed to value 0
  定价策略: Exact, node=106, vertices=13
Set parameter PoolSearchMode to value 2
Set parameter PoolSolutions to value 10
[CG 1] RMP=16.000000, pricing=ExactPricingSolver, new_columns=10
[CG 2] RMP=13.000000, pricing=ExactPricingSolver, new_columns=0
  搜索路径: [1, 2, 3, 5, 4, 6, 7, 10, 11, 9, 8, 12, 13, 20, 21, 22, 23, 25, 26, 27, 31, 32, 33, 35, 34, 24, 30, 42, 43, 15, 14, 46, 47, 38, 39, 48, 49, 56, 57, 58, 59, 62, 63, 66, 67, 64, 65, 72, 73, 70, 71, 52, 74, 75, 53, 76, 77, 69, 68, 19, 51, 36, 50, 83, 18, 37, 81, 92, 93, 82, 80, 94, 95, 88, 89, 79, 96, 97, 98, 99, 78, 100, 101, 55, 54, 44, 45, 17, 87, 40, 102, 103, 16, 86, 41, 104, 105, 106]
  列生成求解结果: 目标值=13.0000， 下界=8.0000， 上界=10.0000

处理节点 107
  开始列生成求解...
Set parameter LogToConsole to value 0
Set parameter Threads to value 1
Set parameter Seed to value 0
  定价策略: Exact, node=107, vertices=13
Set parameter PoolSearchMode to value 2
Set parameter PoolSolutions to value 10
[CG 1] RMP=14.000000, pricing=ExactPricingSolver, new_columns=0
  搜索路径: [1, 2, 3, 5, 4, 6, 7, 10, 11, 9, 8, 12, 13, 20, 21, 22, 23, 25, 26, 27, 31, 32, 33, 35, 34, 24, 30, 42, 43, 15, 14, 46, 47, 38, 39, 48, 49, 56, 57, 58, 59, 62, 63, 66, 67, 64, 65, 72, 73, 70, 71, 52, 74, 75, 53, 76, 77, 69, 68, 19, 51, 36, 50, 83, 18, 37, 81, 92, 93, 82, 80, 94, 95, 88, 89, 79, 96, 97, 98, 99, 78, 100, 101, 55, 54, 44, 45, 17, 87, 40, 102, 103, 16, 86, 41, 104, 105, 106, 107]
  列生成求解结果: 目标值=14.0000， 下界=8.0000， 上界=10.0000

处理节点 90
  开始列生成求解...
Set parameter LogToConsole to value 0
Set parameter Threads to value 1
Set parameter Seed to value 0
  定价策略: Exact, node=90, vertices=20
Set parameter PoolSearchMode to value 2
Set parameter PoolSolutions to value 10
[CG 1] RMP=10.000000, pricing=ExactPricingSolver, new_columns=0
  搜索路径: [1, 2, 3, 5, 4, 6, 7, 10, 11, 9, 8, 12, 13, 20, 21, 22, 23, 25, 26, 27, 31, 32, 33, 35, 34, 24, 30, 42, 43, 15, 14, 46, 47, 38, 39, 48, 49, 56, 57, 58, 59, 62, 63, 66, 67, 64, 65, 72, 73, 70, 71, 52, 74, 75, 53, 76, 77, 69, 68, 19, 51, 36, 50, 83, 18, 37, 81, 92, 93, 82, 80, 94, 95, 88, 89, 79, 96, 97, 98, 99, 78, 100, 101, 55, 54, 44, 45, 17, 87, 40, 102, 103, 16, 86, 41, 104, 105, 106, 107, 90]
  列生成求解结果: 目标值=10.0000， 下界=8.0000， 上界=10.0000

处理节点 91
  开始列生成求解...
Set parameter LogToConsole to value 0
Set parameter Threads to value 1
Set parameter Seed to value 0
  定价策略: Exact, node=91, vertices=20
Set parameter PoolSearchMode to value 2
Set parameter PoolSolutions to value 10
[CG 1] RMP=2010.000000, pricing=ExactPricingSolver, new_columns=10
[CG 2] RMP=16.000000, pricing=ExactPricingSolver, new_columns=0
  搜索路径: [1, 2, 3, 5, 4, 6, 7, 10, 11, 9, 8, 12, 13, 20, 21, 22, 23, 25, 26, 27, 31, 32, 33, 35, 34, 24, 30, 42, 43, 15, 14, 46, 47, 38, 39, 48, 49, 56, 57, 58, 59, 62, 63, 66, 67, 64, 65, 72, 73, 70, 71, 52, 74, 75, 53, 76, 77, 69, 68, 19, 51, 36, 50, 83, 18, 37, 81, 92, 93, 82, 80, 94, 95, 88, 89, 79, 96, 97, 98, 99, 78, 100, 101, 55, 54, 44, 45, 17, 87, 40, 102, 103, 16, 86, 41, 104, 105, 106, 107, 90, 91]
  列生成求解结果: 目标值=16.0000， 下界=8.0000， 上界=10.0000

处理节点 61
  开始列生成求解...
Set parameter LogToConsole to value 0
Set parameter Threads to value 1
Set parameter Seed to value 0
  定价策略: Exact, node=61, vertices=18
Set parameter PoolSearchMode to value 2
Set parameter PoolSolutions to value 10
[CG 1] RMP=15.000000, pricing=ExactPricingSolver, new_columns=0
  搜索路径: [1, 2, 3, 5, 4, 6, 7, 10, 11, 9, 8, 12, 13, 20, 21, 22, 23, 25, 26, 27, 31, 32, 33, 35, 34, 24, 30, 42, 43, 15, 14, 46, 47, 38, 39, 48, 49, 56, 57, 58, 59, 62, 63, 66, 67, 64, 65, 72, 73, 70, 71, 52, 74, 75, 53, 76, 77, 69, 68, 19, 51, 36, 50, 83, 18, 37, 81, 92, 93, 82, 80, 94, 95, 88, 89, 79, 96, 97, 98, 99, 78, 100, 101, 55, 54, 44, 45, 17, 87, 40, 102, 103, 16, 86, 41, 104, 105, 106, 107, 90, 91, 61]
  列生成求解结果: 目标值=15.0000， 下界=8.0000， 上界=10.0000

处理节点 85
  开始列生成求解...
Set parameter LogToConsole to value 0
Set parameter Threads to value 1
Set parameter Seed to value 0
  定价策略: Exact, node=85, vertices=19
Set parameter PoolSearchMode to value 2
Set parameter PoolSolutions to value 10
[CG 1] RMP=16.000000, pricing=ExactPricingSolver, new_columns=0
  搜索路径: [1, 2, 3, 5, 4, 6, 7, 10, 11, 9, 8, 12, 13, 20, 21, 22, 23, 25, 26, 27, 31, 32, 33, 35, 34, 24, 30, 42, 43, 15, 14, 46, 47, 38, 39, 48, 49, 56, 57, 58, 59, 62, 63, 66, 67, 64, 65, 72, 73, 70, 71, 52, 74, 75, 53, 76, 77, 69, 68, 19, 51, 36, 50, 83, 18, 37, 81, 92, 93, 82, 80, 94, 95, 88, 89, 79, 96, 97, 98, 99, 78, 100, 101, 55, 54, 44, 45, 17, 87, 40, 102, 103, 16, 86, 41, 104, 105, 106, 107, 90, 91, 61, 85]
  列生成求解结果: 目标值=16.0000， 下界=8.0000， 上界=10.0000

处理节点 84
  开始列生成求解...
Set parameter LogToConsole to value 0
Set parameter Threads to value 1
Set parameter Seed to value 0
  定价策略: Exact, node=84, vertices=19
Set parameter PoolSearchMode to value 2
Set parameter PoolSolutions to value 10
[CG 1] RMP=10.000000, pricing=ExactPricingSolver, new_columns=0
  搜索路径: [1, 2, 3, 5, 4, 6, 7, 10, 11, 9, 8, 12, 13, 20, 21, 22, 23, 25, 26, 27, 31, 32, 33, 35, 34, 24, 30, 42, 43, 15, 14, 46, 47, 38, 39, 48, 49, 56, 57, 58, 59, 62, 63, 66, 67, 64, 65, 72, 73, 70, 71, 52, 74, 75, 53, 76, 77, 69, 68, 19, 51, 36, 50, 83, 18, 37, 81, 92, 93, 82, 80, 94, 95, 88, 89, 79, 96, 97, 98, 99, 78, 100, 101, 55, 54, 44, 45, 17, 87, 40, 102, 103, 16, 86, 41, 104, 105, 106, 107, 90, 91, 61, 85, 84]
  列生成求解结果: 目标值=10.0000， 下界=8.0000， 上界=10.0000
    非整数变量: COL_19-26-28_6 = 0.384615
  解不是整数，开始分支...
ImposedVertex(vertex=24)
ForbidVertex(vertex=24)
  创建了 2 个分支
    添加分支节点 1: ID=108
    添加分支节点 2: ID=109

处理节点 28
  开始列生成求解...
Set parameter LogToConsole to value 0
Set parameter Threads to value 1
Set parameter Seed to value 0
  定价策略: Exact, node=28, vertices=19
Set parameter PoolSearchMode to value 2
Set parameter PoolSolutions to value 10
[CG 1] RMP=9.000000, pricing=ExactPricingSolver, new_columns=0
  搜索路径: [1, 2, 3, 5, 4, 6, 7, 10, 11, 9, 8, 12, 13, 20, 21, 22, 23, 25, 26, 27, 31, 32, 33, 35, 34, 24, 30, 42, 43, 15, 14, 46, 47, 38, 39, 48, 49, 56, 57, 58, 59, 62, 63, 66, 67, 64, 65, 72, 73, 70, 71, 52, 74, 75, 53, 76, 77, 69, 68, 19, 51, 36, 50, 83, 18, 37, 81, 92, 93, 82, 80, 94, 95, 88, 89, 79, 96, 97, 98, 99, 78, 100, 101, 55, 54, 44, 45, 17, 87, 40, 102, 103, 16, 86, 41, 104, 105, 106, 107, 90, 91, 61, 85, 84, 28]
  列生成求解结果: 目标值=9.0000， 下界=9.0000， 上界=10.0000
    非整数变量: COL_2-23-26-9_57 = 0.307692
  解不是整数，开始分支...
ImposedVertex(vertex=6)
ForbidVertex(vertex=6)
  创建了 2 个分支
    添加分支节点 1: ID=110
    添加分支节点 2: ID=111

处理节点 29
  开始列生成求解...
Set parameter LogToConsole to value 0
Set parameter Threads to value 1
Set parameter Seed to value 0
  定价策略: Exact, node=29, vertices=21
Set parameter PoolSearchMode to value 2
Set parameter PoolSolutions to value 10
[CG 1] RMP=9.000000, pricing=ExactPricingSolver, new_columns=0
  搜索路径: [1, 2, 3, 5, 4, 6, 7, 10, 11, 9, 8, 12, 13, 20, 21, 22, 23, 25, 26, 27, 31, 32, 33, 35, 34, 24, 30, 42, 43, 15, 14, 46, 47, 38, 39, 48, 49, 56, 57, 58, 59, 62, 63, 66, 67, 64, 65, 72, 73, 70, 71, 52, 74, 75, 53, 76, 77, 69, 68, 19, 51, 36, 50, 83, 18, 37, 81, 92, 93, 82, 80, 94, 95, 88, 89, 79, 96, 97, 98, 99, 78, 100, 101, 55, 54, 44, 45, 17, 87, 40, 102, 103, 16, 86, 41, 104, 105, 106, 107, 90, 91, 61, 85, 84, 28, 29]
  列生成求解结果: 目标值=9.0000， 下界=9.0000， 上界=10.0000
    非整数变量: COL_11-23-26_55 = 0.307692
  解不是整数，开始分支...
ImposedVertex(vertex=11)
ForbidVertex(vertex=11)
  创建了 2 个分支
    添加分支节点 1: ID=112
    添加分支节点 2: ID=113

处理节点 111
  开始列生成求解...
Set parameter LogToConsole to value 0
Set parameter Threads to value 1
Set parameter Seed to value 0
  定价策略: Exact, node=111, vertices=18
Set parameter PoolSearchMode to value 2
Set parameter PoolSolutions to value 10
[CG 1] RMP=9.000000, pricing=ExactPricingSolver, new_columns=0
  搜索路径: [1, 2, 3, 5, 4, 6, 7, 10, 11, 9, 8, 12, 13, 20, 21, 22, 23, 25, 26, 27, 31, 32, 33, 35, 34, 24, 30, 42, 43, 15, 14, 46, 47, 38, 39, 48, 49, 56, 57, 58, 59, 62, 63, 66, 67, 64, 65, 72, 73, 70, 71, 52, 74, 75, 53, 76, 77, 69, 68, 19, 51, 36, 50, 83, 18, 37, 81, 92, 93, 82, 80, 94, 95, 88, 89, 79, 96, 97, 98, 99, 78, 100, 101, 55, 54, 44, 45, 17, 87, 40, 102, 103, 16, 86, 41, 104, 105, 106, 107, 90, 91, 61, 85, 84, 28, 29, 111]
  列生成求解结果: 目标值=9.0000， 下界=9.0000， 上界=10.0000
    非整数变量: COL_23-26-9_54 = 0.400000
  解不是整数，开始分支...
ImposedVertex(vertex=23)
ForbidVertex(vertex=23)
  创建了 2 个分支
    添加分支节点 1: ID=114
    添加分支节点 2: ID=115

处理节点 112
  开始列生成求解...
Set parameter LogToConsole to value 0
Set parameter Threads to value 1
Set parameter Seed to value 0
  定价策略: Exact, node=112, vertices=19
Set parameter PoolSearchMode to value 2
Set parameter PoolSolutions to value 10
[CG 1] RMP=20.000000, pricing=ExactPricingSolver, new_columns=0
  搜索路径: [1, 2, 3, 5, 4, 6, 7, 10, 11, 9, 8, 12, 13, 20, 21, 22, 23, 25, 26, 27, 31, 32, 33, 35, 34, 24, 30, 42, 43, 15, 14, 46, 47, 38, 39, 48, 49, 56, 57, 58, 59, 62, 63, 66, 67, 64, 65, 72, 73, 70, 71, 52, 74, 75, 53, 76, 77, 69, 68, 19, 51, 36, 50, 83, 18, 37, 81, 92, 93, 82, 80, 94, 95, 88, 89, 79, 96, 97, 98, 99, 78, 100, 101, 55, 54, 44, 45, 17, 87, 40, 102, 103, 16, 86, 41, 104, 105, 106, 107, 90, 91, 61, 85, 84, 28, 29, 111, 112]
  列生成求解结果: 目标值=20.0000， 下界=9.0000， 上界=10.0000

处理节点 113
  开始列生成求解...
Set parameter LogToConsole to value 0
Set parameter Threads to value 1
Set parameter Seed to value 0
  定价策略: Exact, node=113, vertices=20
Set parameter PoolSearchMode to value 2
Set parameter PoolSolutions to value 10
[CG 1] RMP=9.000000, pricing=ExactPricingSolver, new_columns=0
  搜索路径: [1, 2, 3, 5, 4, 6, 7, 10, 11, 9, 8, 12, 13, 20, 21, 22, 23, 25, 26, 27, 31, 32, 33, 35, 34, 24, 30, 42, 43, 15, 14, 46, 47, 38, 39, 48, 49, 56, 57, 58, 59, 62, 63, 66, 67, 64, 65, 72, 73, 70, 71, 52, 74, 75, 53, 76, 77, 69, 68, 19, 51, 36, 50, 83, 18, 37, 81, 92, 93, 82, 80, 94, 95, 88, 89, 79, 96, 97, 98, 99, 78, 100, 101, 55, 54, 44, 45, 17, 87, 40, 102, 103, 16, 86, 41, 104, 105, 106, 107, 90, 91, 61, 85, 84, 28, 29, 111, 112, 113]
  列生成求解结果: 目标值=9.0000， 下界=9.0000， 上界=10.0000
    非整数变量: COL_25_33 = 0.101399
  解不是整数，开始分支...
ImposedVertex(vertex=25)
ForbidVertex(vertex=25)
  创建了 2 个分支
    添加分支节点 1: ID=116
    添加分支节点 2: ID=117

处理节点 114
  开始列生成求解...
Set parameter LogToConsole to value 0
Set parameter Threads to value 1
Set parameter Seed to value 0
  定价策略: Exact, node=114, vertices=16
Set parameter PoolSearchMode to value 2
Set parameter PoolSolutions to value 10
[CG 1] RMP=16.000000, pricing=ExactPricingSolver, new_columns=10
[CG 2] RMP=9.000000, pricing=ExactPricingSolver, new_columns=0
  搜索路径: [1, 2, 3, 5, 4, 6, 7, 10, 11, 9, 8, 12, 13, 20, 21, 22, 23, 25, 26, 27, 31, 32, 33, 35, 34, 24, 30, 42, 43, 15, 14, 46, 47, 38, 39, 48, 49, 56, 57, 58, 59, 62, 63, 66, 67, 64, 65, 72, 73, 70, 71, 52, 74, 75, 53, 76, 77, 69, 68, 19, 51, 36, 50, 83, 18, 37, 81, 92, 93, 82, 80, 94, 95, 88, 89, 79, 96, 97, 98, 99, 78, 100, 101, 55, 54, 44, 45, 17, 87, 40, 102, 103, 16, 86, 41, 104, 105, 106, 107, 90, 91, 61, 85, 84, 28, 29, 111, 112, 113, 114]
  列生成求解结果: 目标值=9.0000， 下界=9.0000， 上界=10.0000
    非整数变量: COL_16-17-23-26-28_94 = 0.500000
  解不是整数，开始分支...
ImposedVertex(vertex=16)
ForbidVertex(vertex=16)
  创建了 2 个分支
    添加分支节点 1: ID=118
    添加分支节点 2: ID=119
  进度: 已处理 110 个节点, 剩余 9 个, 当前最优 10.0000, 当前列数: 664

处理节点 116
  开始列生成求解...
Set parameter LogToConsole to value 0
Set parameter Threads to value 1
Set parameter Seed to value 0
  定价策略: Exact, node=116, vertices=18
Set parameter PoolSearchMode to value 2
Set parameter PoolSolutions to value 10
[CG 1] RMP=15.000000, pricing=ExactPricingSolver, new_columns=0
  搜索路径: [1, 2, 3, 5, 4, 6, 7, 10, 11, 9, 8, 12, 13, 20, 21, 22, 23, 25, 26, 27, 31, 32, 33, 35, 34, 24, 30, 42, 43, 15, 14, 46, 47, 38, 39, 48, 49, 56, 57, 58, 59, 62, 63, 66, 67, 64, 65, 72, 73, 70, 71, 52, 74, 75, 53, 76, 77, 69, 68, 19, 51, 36, 50, 83, 18, 37, 81, 92, 93, 82, 80, 94, 95, 88, 89, 79, 96, 97, 98, 99, 78, 100, 101, 55, 54, 44, 45, 17, 87, 40, 102, 103, 16, 86, 41, 104, 105, 106, 107, 90, 91, 61, 85, 84, 28, 29, 111, 112, 113, 114, 116]
  列生成求解结果: 目标值=15.0000， 下界=9.0000， 上界=10.0000

处理节点 117
  开始列生成求解...
Set parameter LogToConsole to value 0
Set parameter Threads to value 1
Set parameter Seed to value 0
  定价策略: Exact, node=117, vertices=19
Set parameter PoolSearchMode to value 2
Set parameter PoolSolutions to value 10
[CG 1] RMP=11.733333, pricing=ExactPricingSolver, new_columns=10
[CG 2] RMP=9.000000, pricing=ExactPricingSolver, new_columns=0
  搜索路径: [1, 2, 3, 5, 4, 6, 7, 10, 11, 9, 8, 12, 13, 20, 21, 22, 23, 25, 26, 27, 31, 32, 33, 35, 34, 24, 30, 42, 43, 15, 14, 46, 47, 38, 39, 48, 49, 56, 57, 58, 59, 62, 63, 66, 67, 64, 65, 72, 73, 70, 71, 52, 74, 75, 53, 76, 77, 69, 68, 19, 51, 36, 50, 83, 18, 37, 81, 92, 93, 82, 80, 94, 95, 88, 89, 79, 96, 97, 98, 99, 78, 100, 101, 55, 54, 44, 45, 17, 87, 40, 102, 103, 16, 86, 41, 104, 105, 106, 107, 90, 91, 61, 85, 84, 28, 29, 111, 112, 113, 114, 116, 117]
  列生成求解结果: 目标值=9.0000， 下界=9.0000， 上界=10.0000
    非整数变量: COL_0-16-17-23-26-28_95 = 0.357955
  解不是整数，开始分支...
ImposedVertex(vertex=16)
ForbidVertex(vertex=16)
  创建了 2 个分支
    添加分支节点 1: ID=120
    添加分支节点 2: ID=121

处理节点 119
  开始列生成求解...
Set parameter LogToConsole to value 0
Set parameter Threads to value 1
Set parameter Seed to value 0
  定价策略: Exact, node=119, vertices=15
Set parameter PoolSearchMode to value 2
Set parameter PoolSolutions to value 10
[CG 1] RMP=14.000000, pricing=ExactPricingSolver, new_columns=0
  搜索路径: [1, 2, 3, 5, 4, 6, 7, 10, 11, 9, 8, 12, 13, 20, 21, 22, 23, 25, 26, 27, 31, 32, 33, 35, 34, 24, 30, 42, 43, 15, 14, 46, 47, 38, 39, 48, 49, 56, 57, 58, 59, 62, 63, 66, 67, 64, 65, 72, 73, 70, 71, 52, 74, 75, 53, 76, 77, 69, 68, 19, 51, 36, 50, 83, 18, 37, 81, 92, 93, 82, 80, 94, 95, 88, 89, 79, 96, 97, 98, 99, 78, 100, 101, 55, 54, 44, 45, 17, 87, 40, 102, 103, 16, 86, 41, 104, 105, 106, 107, 90, 91, 61, 85, 84, 28, 29, 111, 112, 113, 114, 116, 117, 119]
  列生成求解结果: 目标值=14.0000， 下界=9.0000， 上界=10.0000

处理节点 118
  开始列生成求解...
Set parameter LogToConsole to value 0
Set parameter Threads to value 1
Set parameter Seed to value 0
  定价策略: Exact, node=118, vertices=15
Set parameter PoolSearchMode to value 2
Set parameter PoolSolutions to value 10
[CG 1] RMP=13.000000, pricing=ExactPricingSolver, new_columns=0
  搜索路径: [1, 2, 3, 5, 4, 6, 7, 10, 11, 9, 8, 12, 13, 20, 21, 22, 23, 25, 26, 27, 31, 32, 33, 35, 34, 24, 30, 42, 43, 15, 14, 46, 47, 38, 39, 48, 49, 56, 57, 58, 59, 62, 63, 66, 67, 64, 65, 72, 73, 70, 71, 52, 74, 75, 53, 76, 77, 69, 68, 19, 51, 36, 50, 83, 18, 37, 81, 92, 93, 82, 80, 94, 95, 88, 89, 79, 96, 97, 98, 99, 78, 100, 101, 55, 54, 44, 45, 17, 87, 40, 102, 103, 16, 86, 41, 104, 105, 106, 107, 90, 91, 61, 85, 84, 28, 29, 111, 112, 113, 114, 116, 117, 119, 118]
  列生成求解结果: 目标值=13.0000， 下界=9.0000， 上界=10.0000

处理节点 121
  开始列生成求解...
Set parameter LogToConsole to value 0
Set parameter Threads to value 1
Set parameter Seed to value 0
  定价策略: Exact, node=121, vertices=18
Set parameter PoolSearchMode to value 2
Set parameter PoolSolutions to value 10
[CG 1] RMP=14.000000, pricing=ExactPricingSolver, new_columns=0
  搜索路径: [1, 2, 3, 5, 4, 6, 7, 10, 11, 9, 8, 12, 13, 20, 21, 22, 23, 25, 26, 27, 31, 32, 33, 35, 34, 24, 30, 42, 43, 15, 14, 46, 47, 38, 39, 48, 49, 56, 57, 58, 59, 62, 63, 66, 67, 64, 65, 72, 73, 70, 71, 52, 74, 75, 53, 76, 77, 69, 68, 19, 51, 36, 50, 83, 18, 37, 81, 92, 93, 82, 80, 94, 95, 88, 89, 79, 96, 97, 98, 99, 78, 100, 101, 55, 54, 44, 45, 17, 87, 40, 102, 103, 16, 86, 41, 104, 105, 106, 107, 90, 91, 61, 85, 84, 28, 29, 111, 112, 113, 114, 116, 117, 119, 118, 121]
  列生成求解结果: 目标值=14.0000， 下界=9.0000， 上界=10.0000

处理节点 120
  开始列生成求解...
Set parameter LogToConsole to value 0
Set parameter Threads to value 1
Set parameter Seed to value 0
  定价策略: Exact, node=120, vertices=18
Set parameter PoolSearchMode to value 2
Set parameter PoolSolutions to value 10
[CG 1] RMP=13.000000, pricing=ExactPricingSolver, new_columns=0
  搜索路径: [1, 2, 3, 5, 4, 6, 7, 10, 11, 9, 8, 12, 13, 20, 21, 22, 23, 25, 26, 27, 31, 32, 33, 35, 34, 24, 30, 42, 43, 15, 14, 46, 47, 38, 39, 48, 49, 56, 57, 58, 59, 62, 63, 66, 67, 64, 65, 72, 73, 70, 71, 52, 74, 75, 53, 76, 77, 69, 68, 19, 51, 36, 50, 83, 18, 37, 81, 92, 93, 82, 80, 94, 95, 88, 89, 79, 96, 97, 98, 99, 78, 100, 101, 55, 54, 44, 45, 17, 87, 40, 102, 103, 16, 86, 41, 104, 105, 106, 107, 90, 91, 61, 85, 84, 28, 29, 111, 112, 113, 114, 116, 117, 119, 118, 121, 120]
  列生成求解结果: 目标值=13.0000， 下界=9.0000， 上界=10.0000

处理节点 60
  开始列生成求解...
Set parameter LogToConsole to value 0
Set parameter Threads to value 1
Set parameter Seed to value 0
  定价策略: Exact, node=60, vertices=18
Set parameter PoolSearchMode to value 2
Set parameter PoolSolutions to value 10
[CG 1] RMP=13.000000, pricing=ExactPricingSolver, new_columns=10
[CG 2] RMP=13.000000, pricing=ExactPricingSolver, new_columns=0
  搜索路径: [1, 2, 3, 5, 4, 6, 7, 10, 11, 9, 8, 12, 13, 20, 21, 22, 23, 25, 26, 27, 31, 32, 33, 35, 34, 24, 30, 42, 43, 15, 14, 46, 47, 38, 39, 48, 49, 56, 57, 58, 59, 62, 63, 66, 67, 64, 65, 72, 73, 70, 71, 52, 74, 75, 53, 76, 77, 69, 68, 19, 51, 36, 50, 83, 18, 37, 81, 92, 93, 82, 80, 94, 95, 88, 89, 79, 96, 97, 98, 99, 78, 100, 101, 55, 54, 44, 45, 17, 87, 40, 102, 103, 16, 86, 41, 104, 105, 106, 107, 90, 91, 61, 85, 84, 28, 29, 111, 112, 113, 114, 116, 117, 119, 118, 121, 120, 60]
  列生成求解结果: 目标值=13.0000， 下界=9.0000， 上界=10.0000

处理节点 110
  开始列生成求解...
Set parameter LogToConsole to value 0
Set parameter Threads to value 1
Set parameter Seed to value 0
  定价策略: Exact, node=110, vertices=17
Set parameter PoolSearchMode to value 2
Set parameter PoolSolutions to value 10
[CG 1] RMP=9.000000, pricing=ExactPricingSolver, new_columns=0
  搜索路径: [1, 2, 3, 5, 4, 6, 7, 10, 11, 9, 8, 12, 13, 20, 21, 22, 23, 25, 26, 27, 31, 32, 33, 35, 34, 24, 30, 42, 43, 15, 14, 46, 47, 38, 39, 48, 49, 56, 57, 58, 59, 62, 63, 66, 67, 64, 65, 72, 73, 70, 71, 52, 74, 75, 53, 76, 77, 69, 68, 19, 51, 36, 50, 83, 18, 37, 81, 92, 93, 82, 80, 94, 95, 88, 89, 79, 96, 97, 98, 99, 78, 100, 101, 55, 54, 44, 45, 17, 87, 40, 102, 103, 16, 86, 41, 104, 105, 106, 107, 90, 91, 61, 85, 84, 28, 29, 111, 112, 113, 114, 116, 117, 119, 118, 121, 120, 60, 110]
  列生成求解结果: 目标值=9.0000， 下界=9.0000， 上界=10.0000
    非整数变量: COL_2-6-9_49 = 0.019231
  解不是整数，开始分支...
ImposedVertex(vertex=23)
ForbidVertex(vertex=23)
  创建了 2 个分支
    添加分支节点 1: ID=122
    添加分支节点 2: ID=123

处理节点 115
  开始列生成求解...
Set parameter LogToConsole to value 0
Set parameter Threads to value 1
Set parameter Seed to value 0
  定价策略: Exact, node=115, vertices=17
Set parameter PoolSearchMode to value 2
Set parameter PoolSolutions to value 10
[CG 1] RMP=15.000000, pricing=ExactPricingSolver, new_columns=10
[CG 2] RMP=9.000000, pricing=ExactPricingSolver, new_columns=0
  搜索路径: [1, 2, 3, 5, 4, 6, 7, 10, 11, 9, 8, 12, 13, 20, 21, 22, 23, 25, 26, 27, 31, 32, 33, 35, 34, 24, 30, 42, 43, 15, 14, 46, 47, 38, 39, 48, 49, 56, 57, 58, 59, 62, 63, 66, 67, 64, 65, 72, 73, 70, 71, 52, 74, 75, 53, 76, 77, 69, 68, 19, 51, 36, 50, 83, 18, 37, 81, 92, 93, 82, 80, 94, 95, 88, 89, 79, 96, 97, 98, 99, 78, 100, 101, 55, 54, 44, 45, 17, 87, 40, 102, 103, 16, 86, 41, 104, 105, 106, 107, 90, 91, 61, 85, 84, 28, 29, 111, 112, 113, 114, 116, 117, 119, 118, 121, 120, 60, 110, 115]
  列生成求解结果: 目标值=9.0000， 下界=9.0000， 上界=10.0000
    非整数变量: COL_0-9_46 = 0.437500
  解不是整数，开始分支...
ImposedVertex(vertex=8)
ForbidVertex(vertex=8)
  创建了 2 个分支
    添加分支节点 1: ID=124
    添加分支节点 2: ID=125

处理节点 122
  开始列生成求解...
Set parameter LogToConsole to value 0
Set parameter Threads to value 1
Set parameter Seed to value 0
  定价策略: Exact, node=122, vertices=15
Set parameter PoolSearchMode to value 2
Set parameter PoolSolutions to value 10
[CG 1] RMP=13.333333, pricing=ExactPricingSolver, new_columns=10
[CG 2] RMP=9.000000, pricing=ExactPricingSolver, new_columns=0
  搜索路径: [1, 2, 3, 5, 4, 6, 7, 10, 11, 9, 8, 12, 13, 20, 21, 22, 23, 25, 26, 27, 31, 32, 33, 35, 34, 24, 30, 42, 43, 15, 14, 46, 47, 38, 39, 48, 49, 56, 57, 58, 59, 62, 63, 66, 67, 64, 65, 72, 73, 70, 71, 52, 74, 75, 53, 76, 77, 69, 68, 19, 51, 36, 50, 83, 18, 37, 81, 92, 93, 82, 80, 94, 95, 88, 89, 79, 96, 97, 98, 99, 78, 100, 101, 55, 54, 44, 45, 17, 87, 40, 102, 103, 16, 86, 41, 104, 105, 106, 107, 90, 91, 61, 85, 84, 28, 29, 111, 112, 113, 114, 116, 117, 119, 118, 121, 120, 60, 110, 115, 122]
  列生成求解结果: 目标值=9.0000， 下界=9.0000， 上界=10.0000
    非整数变量: COL_2-23-26-6-9_59 = 0.118881
  解不是整数，开始分支...
ImposedVertex(vertex=2)
ForbidVertex(vertex=2)
  创建了 2 个分支
    添加分支节点 1: ID=126
    添加分支节点 2: ID=127
  进度: 已处理 120 个节点, 剩余 7 个, 当前最优 10.0000, 当前列数: 704

处理节点 125
  开始列生成求解...
Set parameter LogToConsole to value 0
Set parameter Threads to value 1
Set parameter Seed to value 0
  定价策略: Exact, node=125, vertices=16
Set parameter PoolSearchMode to value 2
Set parameter PoolSolutions to value 10
[CG 1] RMP=15.000000, pricing=ExactPricingSolver, new_columns=10
[CG 2] RMP=9.000000, pricing=ExactPricingSolver, new_columns=0
  搜索路径: [1, 2, 3, 5, 4, 6, 7, 10, 11, 9, 8, 12, 13, 20, 21, 22, 23, 25, 26, 27, 31, 32, 33, 35, 34, 24, 30, 42, 43, 15, 14, 46, 47, 38, 39, 48, 49, 56, 57, 58, 59, 62, 63, 66, 67, 64, 65, 72, 73, 70, 71, 52, 74, 75, 53, 76, 77, 69, 68, 19, 51, 36, 50, 83, 18, 37, 81, 92, 93, 82, 80, 94, 95, 88, 89, 79, 96, 97, 98, 99, 78, 100, 101, 55, 54, 44, 45, 17, 87, 40, 102, 103, 16, 86, 41, 104, 105, 106, 107, 90, 91, 61, 85, 84, 28, 29, 111, 112, 113, 114, 116, 117, 119, 118, 121, 120, 60, 110, 115, 122, 125]
  列生成求解结果: 目标值=9.0000， 下界=9.0000， 上界=10.0000
    非整数变量: COL_0-29-3-7_112 = 0.500000
  解不是整数，开始分支...
ImposedVertex(vertex=3)
ForbidVertex(vertex=3)
  创建了 2 个分支
    添加分支节点 1: ID=128
    添加分支节点 2: ID=129

处理节点 126
  开始列生成求解...
Set parameter LogToConsole to value 0
Set parameter Threads to value 1
Set parameter Seed to value 0
  定价策略: Exact, node=126, vertices=12
Set parameter PoolSearchMode to value 2
Set parameter PoolSolutions to value 10
[CG 1] RMP=9.000000, pricing=ExactPricingSolver, new_columns=0
  搜索路径: [1, 2, 3, 5, 4, 6, 7, 10, 11, 9, 8, 12, 13, 20, 21, 22, 23, 25, 26, 27, 31, 32, 33, 35, 34, 24, 30, 42, 43, 15, 14, 46, 47, 38, 39, 48, 49, 56, 57, 58, 59, 62, 63, 66, 67, 64, 65, 72, 73, 70, 71, 52, 74, 75, 53, 76, 77, 69, 68, 19, 51, 36, 50, 83, 18, 37, 81, 92, 93, 82, 80, 94, 95, 88, 89, 79, 96, 97, 98, 99, 78, 100, 101, 55, 54, 44, 45, 17, 87, 40, 102, 103, 16, 86, 41, 104, 105, 106, 107, 90, 91, 61, 85, 84, 28, 29, 111, 112, 113, 114, 116, 117, 119, 118, 121, 120, 60, 110, 115, 122, 125, 126]
  列生成求解结果: 目标值=9.0000， 下界=9.0000， 上界=10.0000
    非整数变量: COL_2-6-9_49 = 0.400000
  解不是整数，开始分支...
ImposedVertex(vertex=16)
ForbidVertex(vertex=16)
  创建了 2 个分支
    添加分支节点 1: ID=130
    添加分支节点 2: ID=131

处理节点 127
  开始列生成求解...
Set parameter LogToConsole to value 0
Set parameter Threads to value 1
Set parameter Seed to value 0
  定价策略: Exact, node=127, vertices=14
Set parameter PoolSearchMode to value 2
Set parameter PoolSolutions to value 10
[CG 1] RMP=509.000000, pricing=ExactPricingSolver, new_columns=10
[CG 2] RMP=9.000000, pricing=ExactPricingSolver, new_columns=0
  搜索路径: [1, 2, 3, 5, 4, 6, 7, 10, 11, 9, 8, 12, 13, 20, 21, 22, 23, 25, 26, 27, 31, 32, 33, 35, 34, 24, 30, 42, 43, 15, 14, 46, 47, 38, 39, 48, 49, 56, 57, 58, 59, 62, 63, 66, 67, 64, 65, 72, 73, 70, 71, 52, 74, 75, 53, 76, 77, 69, 68, 19, 51, 36, 50, 83, 18, 37, 81, 92, 93, 82, 80, 94, 95, 88, 89, 79, 96, 97, 98, 99, 78, 100, 101, 55, 54, 44, 45, 17, 87, 40, 102, 103, 16, 86, 41, 104, 105, 106, 107, 90, 91, 61, 85, 84, 28, 29, 111, 112, 113, 114, 116, 117, 119, 118, 121, 120, 60, 110, 115, 122, 125, 126, 127]
  列生成求解结果: 目标值=9.0000， 下界=9.0000， 上界=10.0000
    非整数变量: COL_20_4 = 0.200000
  解不是整数，开始分支...
ImposedVertex(vertex=29)
ForbidVertex(vertex=29)
  创建了 2 个分支
    添加分支节点 1: ID=132
    添加分支节点 2: ID=133

处理节点 128
  开始列生成求解...
Set parameter LogToConsole to value 0
Set parameter Threads to value 1
Set parameter Seed to value 0
  定价策略: Exact, node=128, vertices=13
Set parameter PoolSearchMode to value 2
Set parameter PoolSolutions to value 10
[CG 1] RMP=16.000000, pricing=ExactPricingSolver, new_columns=10
[CG 2] RMP=15.000000, pricing=ExactPricingSolver, new_columns=0
  搜索路径: [1, 2, 3, 5, 4, 6, 7, 10, 11, 9, 8, 12, 13, 20, 21, 22, 23, 25, 26, 27, 31, 32, 33, 35, 34, 24, 30, 42, 43, 15, 14, 46, 47, 38, 39, 48, 49, 56, 57, 58, 59, 62, 63, 66, 67, 64, 65, 72, 73, 70, 71, 52, 74, 75, 53, 76, 77, 69, 68, 19, 51, 36, 50, 83, 18, 37, 81, 92, 93, 82, 80, 94, 95, 88, 89, 79, 96, 97, 98, 99, 78, 100, 101, 55, 54, 44, 45, 17, 87, 40, 102, 103, 16, 86, 41, 104, 105, 106, 107, 90, 91, 61, 85, 84, 28, 29, 111, 112, 113, 114, 116, 117, 119, 118, 121, 120, 60, 110, 115, 122, 125, 126, 127, 128]
  列生成求解结果: 目标值=15.0000， 下界=9.0000， 上界=10.0000

处理节点 131
  开始列生成求解...
Set parameter LogToConsole to value 0
Set parameter Threads to value 1
Set parameter Seed to value 0
  定价策略: Exact, node=131, vertices=11
Set parameter PoolSearchMode to value 2
Set parameter PoolSolutions to value 10
[CG 1] RMP=14.000000, pricing=ExactPricingSolver, new_columns=0
  搜索路径: [1, 2, 3, 5, 4, 6, 7, 10, 11, 9, 8, 12, 13, 20, 21, 22, 23, 25, 26, 27, 31, 32, 33, 35, 34, 24, 30, 42, 43, 15, 14, 46, 47, 38, 39, 48, 49, 56, 57, 58, 59, 62, 63, 66, 67, 64, 65, 72, 73, 70, 71, 52, 74, 75, 53, 76, 77, 69, 68, 19, 51, 36, 50, 83, 18, 37, 81, 92, 93, 82, 80, 94, 95, 88, 89, 79, 96, 97, 98, 99, 78, 100, 101, 55, 54, 44, 45, 17, 87, 40, 102, 103, 16, 86, 41, 104, 105, 106, 107, 90, 91, 61, 85, 84, 28, 29, 111, 112, 113, 114, 116, 117, 119, 118, 121, 120, 60, 110, 115, 122, 125, 126, 127, 128, 131]
  列生成求解结果: 目标值=14.0000， 下界=9.0000， 上界=10.0000

处理节点 133
  开始列生成求解...
Set parameter LogToConsole to value 0
Set parameter Threads to value 1
Set parameter Seed to value 0
  定价策略: Exact, node=133, vertices=13
Set parameter PoolSearchMode to value 2
Set parameter PoolSolutions to value 10
[CG 1] RMP=10.434783, pricing=ExactPricingSolver, new_columns=10
[CG 2] RMP=10.000000, pricing=ExactPricingSolver, new_columns=0
  搜索路径: [1, 2, 3, 5, 4, 6, 7, 10, 11, 9, 8, 12, 13, 20, 21, 22, 23, 25, 26, 27, 31, 32, 33, 35, 34, 24, 30, 42, 43, 15, 14, 46, 47, 38, 39, 48, 49, 56, 57, 58, 59, 62, 63, 66, 67, 64, 65, 72, 73, 70, 71, 52, 74, 75, 53, 76, 77, 69, 68, 19, 51, 36, 50, 83, 18, 37, 81, 92, 93, 82, 80, 94, 95, 88, 89, 79, 96, 97, 98, 99, 78, 100, 101, 55, 54, 44, 45, 17, 87, 40, 102, 103, 16, 86, 41, 104, 105, 106, 107, 90, 91, 61, 85, 84, 28, 29, 111, 112, 113, 114, 116, 117, 119, 118, 121, 120, 60, 110, 115, 122, 125, 126, 127, 128, 131, 133]
  列生成求解结果: 目标值=10.0000， 下界=9.0000， 上界=10.0000

处理节点 132
  开始列生成求解...
Set parameter LogToConsole to value 0
Set parameter Threads to value 1
Set parameter Seed to value 0
  定价策略: Exact, node=132, vertices=13
Set parameter PoolSearchMode to value 2
Set parameter PoolSolutions to value 10
[CG 1] RMP=2010.000000, pricing=ExactPricingSolver, new_columns=10
[CG 2] RMP=16.000000, pricing=ExactPricingSolver, new_columns=0
  搜索路径: [1, 2, 3, 5, 4, 6, 7, 10, 11, 9, 8, 12, 13, 20, 21, 22, 23, 25, 26, 27, 31, 32, 33, 35, 34, 24, 30, 42, 43, 15, 14, 46, 47, 38, 39, 48, 49, 56, 57, 58, 59, 62, 63, 66, 67, 64, 65, 72, 73, 70, 71, 52, 74, 75, 53, 76, 77, 69, 68, 19, 51, 36, 50, 83, 18, 37, 81, 92, 93, 82, 80, 94, 95, 88, 89, 79, 96, 97, 98, 99, 78, 100, 101, 55, 54, 44, 45, 17, 87, 40, 102, 103, 16, 86, 41, 104, 105, 106, 107, 90, 91, 61, 85, 84, 28, 29, 111, 112, 113, 114, 116, 117, 119, 118, 121, 120, 60, 110, 115, 122, 125, 126, 127, 128, 131, 133, 132]
  列生成求解结果: 目标值=16.0000， 下界=9.0000， 上界=10.0000

处理节点 130
  开始列生成求解...
Set parameter LogToConsole to value 0
Set parameter Threads to value 1
Set parameter Seed to value 0
  定价策略: Exact, node=130, vertices=11
Set parameter PoolSearchMode to value 2
Set parameter PoolSolutions to value 10
[CG 1] RMP=13.000000, pricing=ExactPricingSolver, new_columns=0
  搜索路径: [1, 2, 3, 5, 4, 6, 7, 10, 11, 9, 8, 12, 13, 20, 21, 22, 23, 25, 26, 27, 31, 32, 33, 35, 34, 24, 30, 42, 43, 15, 14, 46, 47, 38, 39, 48, 49, 56, 57, 58, 59, 62, 63, 66, 67, 64, 65, 72, 73, 70, 71, 52, 74, 75, 53, 76, 77, 69, 68, 19, 51, 36, 50, 83, 18, 37, 81, 92, 93, 82, 80, 94, 95, 88, 89, 79, 96, 97, 98, 99, 78, 100, 101, 55, 54, 44, 45, 17, 87, 40, 102, 103, 16, 86, 41, 104, 105, 106, 107, 90, 91, 61, 85, 84, 28, 29, 111, 112, 113, 114, 116, 117, 119, 118, 121, 120, 60, 110, 115, 122, 125, 126, 127, 128, 131, 133, 132, 130]
  列生成求解结果: 目标值=13.0000， 下界=9.0000， 上界=10.0000

处理节点 123
  开始列生成求解...
Set parameter LogToConsole to value 0
Set parameter Threads to value 1
Set parameter Seed to value 0
  定价策略: Exact, node=123, vertices=16
Set parameter PoolSearchMode to value 2
Set parameter PoolSolutions to value 10
[CG 1] RMP=16.000000, pricing=ExactPricingSolver, new_columns=10
[CG 2] RMP=9.000000, pricing=ExactPricingSolver, new_columns=0
  搜索路径: [1, 2, 3, 5, 4, 6, 7, 10, 11, 9, 8, 12, 13, 20, 21, 22, 23, 25, 26, 27, 31, 32, 33, 35, 34, 24, 30, 42, 43, 15, 14, 46, 47, 38, 39, 48, 49, 56, 57, 58, 59, 62, 63, 66, 67, 64, 65, 72, 73, 70, 71, 52, 74, 75, 53, 76, 77, 69, 68, 19, 51, 36, 50, 83, 18, 37, 81, 92, 93, 82, 80, 94, 95, 88, 89, 79, 96, 97, 98, 99, 78, 100, 101, 55, 54, 44, 45, 17, 87, 40, 102, 103, 16, 86, 41, 104, 105, 106, 107, 90, 91, 61, 85, 84, 28, 29, 111, 112, 113, 114, 116, 117, 119, 118, 121, 120, 60, 110, 115, 122, 125, 126, 127, 128, 131, 133, 132, 130, 123]
  列生成求解结果: 目标值=9.0000， 下界=9.0000， 上界=10.0000
    非整数变量: COL_2-6-9_49 = 0.132143
  解不是整数，开始分支...
ImposedVertex(vertex=29)
ForbidVertex(vertex=29)
  创建了 2 个分支
    添加分支节点 1: ID=134
    添加分支节点 2: ID=135

处理节点 124
  开始列生成求解...
Set parameter LogToConsole to value 0
Set parameter Threads to value 1
Set parameter Seed to value 0
  定价策略: Exact, node=124, vertices=16
Set parameter PoolSearchMode to value 2
Set parameter PoolSolutions to value 10
[CG 1] RMP=15.000000, pricing=ExactPricingSolver, new_columns=10
[CG 2] RMP=9.000000, pricing=ExactPricingSolver, new_columns=0
  搜索路径: [1, 2, 3, 5, 4, 6, 7, 10, 11, 9, 8, 12, 13, 20, 21, 22, 23, 25, 26, 27, 31, 32, 33, 35, 34, 24, 30, 42, 43, 15, 14, 46, 47, 38, 39, 48, 49, 56, 57, 58, 59, 62, 63, 66, 67, 64, 65, 72, 73, 70, 71, 52, 74, 75, 53, 76, 77, 69, 68, 19, 51, 36, 50, 83, 18, 37, 81, 92, 93, 82, 80, 94, 95, 88, 89, 79, 96, 97, 98, 99, 78, 100, 101, 55, 54, 44, 45, 17, 87, 40, 102, 103, 16, 86, 41, 104, 105, 106, 107, 90, 91, 61, 85, 84, 28, 29, 111, 112, 113, 114, 116, 117, 119, 118, 121, 120, 60, 110, 115, 122, 125, 126, 127, 128, 131, 133, 132, 130, 123, 124]
  列生成求解结果: 目标值=9.0000， 下界=9.0000， 上界=10.0000
    非整数变量: COL_0-29-8_105 = 0.400000
  解不是整数，开始分支...
ImposedVertex(vertex=29)
ForbidVertex(vertex=29)
  创建了 2 个分支
    添加分支节点 1: ID=136
    添加分支节点 2: ID=137
  进度: 已处理 130 个节点, 剩余 7 个, 当前最优 10.0000, 当前列数: 774

处理节点 135
  开始列生成求解...
Set parameter LogToConsole to value 0
Set parameter Threads to value 1
Set parameter Seed to value 0
  定价策略: Exact, node=135, vertices=15
Set parameter PoolSearchMode to value 2
Set parameter PoolSolutions to value 10
[CG 1] RMP=10.000000, pricing=ExactPricingSolver, new_columns=0
  搜索路径: [1, 2, 3, 5, 4, 6, 7, 10, 11, 9, 8, 12, 13, 20, 21, 22, 23, 25, 26, 27, 31, 32, 33, 35, 34, 24, 30, 42, 43, 15, 14, 46, 47, 38, 39, 48, 49, 56, 57, 58, 59, 62, 63, 66, 67, 64, 65, 72, 73, 70, 71, 52, 74, 75, 53, 76, 77, 69, 68, 19, 51, 36, 50, 83, 18, 37, 81, 92, 93, 82, 80, 94, 95, 88, 89, 79, 96, 97, 98, 99, 78, 100, 101, 55, 54, 44, 45, 17, 87, 40, 102, 103, 16, 86, 41, 104, 105, 106, 107, 90, 91, 61, 85, 84, 28, 29, 111, 112, 113, 114, 116, 117, 119, 118, 121, 120, 60, 110, 115, 122, 125, 126, 127, 128, 131, 133, 132, 130, 123, 124, 135]
  列生成求解结果: 目标值=10.0000， 下界=9.0000， 上界=10.0000

处理节点 136
  开始列生成求解...
Set parameter LogToConsole to value 0
Set parameter Threads to value 1
Set parameter Seed to value 0
  定价策略: Exact, node=136, vertices=15
Set parameter PoolSearchMode to value 2
Set parameter PoolSolutions to value 10
[CG 1] RMP=16.000000, pricing=ExactPricingSolver, new_columns=0
  搜索路径: [1, 2, 3, 5, 4, 6, 7, 10, 11, 9, 8, 12, 13, 20, 21, 22, 23, 25, 26, 27, 31, 32, 33, 35, 34, 24, 30, 42, 43, 15, 14, 46, 47, 38, 39, 48, 49, 56, 57, 58, 59, 62, 63, 66, 67, 64, 65, 72, 73, 70, 71, 52, 74, 75, 53, 76, 77, 69, 68, 19, 51, 36, 50, 83, 18, 37, 81, 92, 93, 82, 80, 94, 95, 88, 89, 79, 96, 97, 98, 99, 78, 100, 101, 55, 54, 44, 45, 17, 87, 40, 102, 103, 16, 86, 41, 104, 105, 106, 107, 90, 91, 61, 85, 84, 28, 29, 111, 112, 113, 114, 116, 117, 119, 118, 121, 120, 60, 110, 115, 122, 125, 126, 127, 128, 131, 133, 132, 130, 123, 124, 135, 136]
  列生成求解结果: 目标值=16.0000， 下界=9.0000， 上界=10.0000

处理节点 137
  开始列生成求解...
Set parameter LogToConsole to value 0
Set parameter Threads to value 1
Set parameter Seed to value 0
  定价策略: Exact, node=137, vertices=15
Set parameter PoolSearchMode to value 2
Set parameter PoolSolutions to value 10
[CG 1] RMP=10.000000, pricing=ExactPricingSolver, new_columns=0
  搜索路径: [1, 2, 3, 5, 4, 6, 7, 10, 11, 9, 8, 12, 13, 20, 21, 22, 23, 25, 26, 27, 31, 32, 33, 35, 34, 24, 30, 42, 43, 15, 14, 46, 47, 38, 39, 48, 49, 56, 57, 58, 59, 62, 63, 66, 67, 64, 65, 72, 73, 70, 71, 52, 74, 75, 53, 76, 77, 69, 68, 19, 51, 36, 50, 83, 18, 37, 81, 92, 93, 82, 80, 94, 95, 88, 89, 79, 96, 97, 98, 99, 78, 100, 101, 55, 54, 44, 45, 17, 87, 40, 102, 103, 16, 86, 41, 104, 105, 106, 107, 90, 91, 61, 85, 84, 28, 29, 111, 112, 113, 114, 116, 117, 119, 118, 121, 120, 60, 110, 115, 122, 125, 126, 127, 128, 131, 133, 132, 130, 123, 124, 135, 136, 137]
  列生成求解结果: 目标值=10.0000， 下界=9.0000， 上界=10.0000

处理节点 129
  开始列生成求解...
Set parameter LogToConsole to value 0
Set parameter Threads to value 1
Set parameter Seed to value 0
  定价策略: Exact, node=129, vertices=15
Set parameter PoolSearchMode to value 2
Set parameter PoolSolutions to value 10
[CG 1] RMP=9.000000, pricing=ExactPricingSolver, new_columns=0
  搜索路径: [1, 2, 3, 5, 4, 6, 7, 10, 11, 9, 8, 12, 13, 20, 21, 22, 23, 25, 26, 27, 31, 32, 33, 35, 34, 24, 30, 42, 43, 15, 14, 46, 47, 38, 39, 48, 49, 56, 57, 58, 59, 62, 63, 66, 67, 64, 65, 72, 73, 70, 71, 52, 74, 75, 53, 76, 77, 69, 68, 19, 51, 36, 50, 83, 18, 37, 81, 92, 93, 82, 80, 94, 95, 88, 89, 79, 96, 97, 98, 99, 78, 100, 101, 55, 54, 44, 45, 17, 87, 40, 102, 103, 16, 86, 41, 104, 105, 106, 107, 90, 91, 61, 85, 84, 28, 29, 111, 112, 113, 114, 116, 117, 119, 118, 121, 120, 60, 110, 115, 122, 125, 126, 127, 128, 131, 133, 132, 130, 123, 124, 135, 136, 137, 129]
  列生成求解结果: 目标值=9.0000， 下界=9.0000， 上界=10.0000
    非整数变量: COL_0-2-29-7_109 = 0.050000
  解不是整数，开始分支...
ImposedVertex(vertex=29)
ForbidVertex(vertex=29)
  创建了 2 个分支
    添加分支节点 1: ID=138
    添加分支节点 2: ID=139

处理节点 134
  开始列生成求解...
Set parameter LogToConsole to value 0
Set parameter Threads to value 1
Set parameter Seed to value 0
  定价策略: Exact, node=134, vertices=15
Set parameter PoolSearchMode to value 2
Set parameter PoolSolutions to value 10
[CG 1] RMP=16.000000, pricing=ExactPricingSolver, new_columns=0
  搜索路径: [1, 2, 3, 5, 4, 6, 7, 10, 11, 9, 8, 12, 13, 20, 21, 22, 23, 25, 26, 27, 31, 32, 33, 35, 34, 24, 30, 42, 43, 15, 14, 46, 47, 38, 39, 48, 49, 56, 57, 58, 59, 62, 63, 66, 67, 64, 65, 72, 73, 70, 71, 52, 74, 75, 53, 76, 77, 69, 68, 19, 51, 36, 50, 83, 18, 37, 81, 92, 93, 82, 80, 94, 95, 88, 89, 79, 96, 97, 98, 99, 78, 100, 101, 55, 54, 44, 45, 17, 87, 40, 102, 103, 16, 86, 41, 104, 105, 106, 107, 90, 91, 61, 85, 84, 28, 29, 111, 112, 113, 114, 116, 117, 119, 118, 121, 120, 60, 110, 115, 122, 125, 126, 127, 128, 131, 133, 132, 130, 123, 124, 135, 136, 137, 129, 134]
  列生成求解结果: 目标值=16.0000， 下界=9.0000， 上界=10.0000

处理节点 138
  开始列生成求解...
Set parameter LogToConsole to value 0
Set parameter Threads to value 1
Set parameter Seed to value 0
  定价策略: Exact, node=138, vertices=14
Set parameter PoolSearchMode to value 2
Set parameter PoolSolutions to value 10
[CG 1] RMP=16.000000, pricing=ExactPricingSolver, new_columns=0
  搜索路径: [1, 2, 3, 5, 4, 6, 7, 10, 11, 9, 8, 12, 13, 20, 21, 22, 23, 25, 26, 27, 31, 32, 33, 35, 34, 24, 30, 42, 43, 15, 14, 46, 47, 38, 39, 48, 49, 56, 57, 58, 59, 62, 63, 66, 67, 64, 65, 72, 73, 70, 71, 52, 74, 75, 53, 76, 77, 69, 68, 19, 51, 36, 50, 83, 18, 37, 81, 92, 93, 82, 80, 94, 95, 88, 89, 79, 96, 97, 98, 99, 78, 100, 101, 55, 54, 44, 45, 17, 87, 40, 102, 103, 16, 86, 41, 104, 105, 106, 107, 90, 91, 61, 85, 84, 28, 29, 111, 112, 113, 114, 116, 117, 119, 118, 121, 120, 60, 110, 115, 122, 125, 126, 127, 128, 131, 133, 132, 130, 123, 124, 135, 136, 137, 129, 134, 138]
  列生成求解结果: 目标值=16.0000， 下界=9.0000， 上界=10.0000

处理节点 139
  开始列生成求解...
Set parameter LogToConsole to value 0
Set parameter Threads to value 1
Set parameter Seed to value 0
  定价策略: Exact, node=139, vertices=14
Set parameter PoolSearchMode to value 2
Set parameter PoolSolutions to value 10
[CG 1] RMP=10.000000, pricing=ExactPricingSolver, new_columns=0
  搜索路径: [1, 2, 3, 5, 4, 6, 7, 10, 11, 9, 8, 12, 13, 20, 21, 22, 23, 25, 26, 27, 31, 32, 33, 35, 34, 24, 30, 42, 43, 15, 14, 46, 47, 38, 39, 48, 49, 56, 57, 58, 59, 62, 63, 66, 67, 64, 65, 72, 73, 70, 71, 52, 74, 75, 53, 76, 77, 69, 68, 19, 51, 36, 50, 83, 18, 37, 81, 92, 93, 82, 80, 94, 95, 88, 89, 79, 96, 97, 98, 99, 78, 100, 101, 55, 54, 44, 45, 17, 87, 40, 102, 103, 16, 86, 41, 104, 105, 106, 107, 90, 91, 61, 85, 84, 28, 29, 111, 112, 113, 114, 116, 117, 119, 118, 121, 120, 60, 110, 115, 122, 125, 126, 127, 128, 131, 133, 132, 130, 123, 124, 135, 136, 137, 129, 134, 138, 139]
  列生成求解结果: 目标值=10.0000， 下界=9.0000， 上界=10.0000

处理节点 109
  开始列生成求解...
Set parameter LogToConsole to value 0
Set parameter Threads to value 1
Set parameter Seed to value 0
  定价策略: Exact, node=109, vertices=18
Set parameter PoolSearchMode to value 2
Set parameter PoolSolutions to value 10
[CG 1] RMP=20.000000, pricing=ExactPricingSolver, new_columns=10
[CG 2] RMP=15.000000, pricing=ExactPricingSolver, new_columns=0
  搜索路径: [1, 2, 3, 5, 4, 6, 7, 10, 11, 9, 8, 12, 13, 20, 21, 22, 23, 25, 26, 27, 31, 32, 33, 35, 34, 24, 30, 42, 43, 15, 14, 46, 47, 38, 39, 48, 49, 56, 57, 58, 59, 62, 63, 66, 67, 64, 65, 72, 73, 70, 71, 52, 74, 75, 53, 76, 77, 69, 68, 19, 51, 36, 50, 83, 18, 37, 81, 92, 93, 82, 80, 94, 95, 88, 89, 79, 96, 97, 98, 99, 78, 100, 101, 55, 54, 44, 45, 17, 87, 40, 102, 103, 16, 86, 41, 104, 105, 106, 107, 90, 91, 61, 85, 84, 28, 29, 111, 112, 113, 114, 116, 117, 119, 118, 121, 120, 60, 110, 115, 122, 125, 126, 127, 128, 131, 133, 132, 130, 123, 124, 135, 136, 137, 129, 134, 138, 139, 109]
  列生成求解结果: 目标值=15.0000， 下界=9.0000， 上界=10.0000

处理节点 108
  开始列生成求解...
Set parameter LogToConsole to value 0
Set parameter Threads to value 1
Set parameter Seed to value 0
  定价策略: Exact, node=108, vertices=18
Set parameter PoolSearchMode to value 2
Set parameter PoolSolutions to value 10
[CG 1] RMP=13.000000, pricing=ExactPricingSolver, new_columns=0
  搜索路径: [1, 2, 3, 5, 4, 6, 7, 10, 11, 9, 8, 12, 13, 20, 21, 22, 23, 25, 26, 27, 31, 32, 33, 35, 34, 24, 30, 42, 43, 15, 14, 46, 47, 38, 39, 48, 49, 56, 57, 58, 59, 62, 63, 66, 67, 64, 65, 72, 73, 70, 71, 52, 74, 75, 53, 76, 77, 69, 68, 19, 51, 36, 50, 83, 18, 37, 81, 92, 93, 82, 80, 94, 95, 88, 89, 79, 96, 97, 98, 99, 78, 100, 101, 55, 54, 44, 45, 17, 87, 40, 102, 103, 16, 86, 41, 104, 105, 106, 107, 90, 91, 61, 85, 84, 28, 29, 111, 112, 113, 114, 116, 117, 119, 118, 121, 120, 60, 110, 115, 122, 125, 126, 127, 128, 131, 133, 132, 130, 123, 124, 135, 136, 137, 129, 134, 138, 139, 109, 108]
  列生成求解结果: 目标值=13.0000， 下界=9.0000， 上界=10.0000
所有节点已处理完毕，达到最优解

==================================================
分支定价算法完成!
==================================================
最优目标值: 10.000000
最优解列组成如下：
  列 1: vertex_ids=[19, 26, 28], max_endtime=10
  列 2: vertex_ids=[1, 2, 6, 9, 13, 17, 23], max_endtime=10
全局下界: 10.000000
优化间隙: 0.0000%
处理节点数: 139
创建节点数: 139
剪枝节点数: 69
总求解时间: 0.60秒

定价求解统计：
  总定价时间: 0.2081秒
  使用QAIA的节点数: 1
  纯Exact节点数: 138
  QAIA调用次数: 4
  QAIA累计时间: 0.0195秒
  混合节点中的Exact调用次数: 4
  混合节点中的Exact累计时间: 0.0046秒
  QAIA平均单次时间: 0.004874秒
