开始分支定价算法...
时间限制: 120.0秒
根节点已添加: ID=1

处理节点 1
  开始列生成求解...
Set parameter Username
Academic license - for non-commercial use only - expires 2026-12-02
Set parameter LogToConsole to value 0
Set parameter Threads to value 1
Set parameter Seed to value 0
  定价策略: QAIA+Exact, node=1, vertices=30, mode=always
Set parameter PoolSearchMode to value 2
Set parameter PoolSolutions to value 10
[CG 1] RMP=1010.000000, pricing=QAIAExactPricingSolver, new_columns=12
[CG 2] RMP=12.307692, pricing=QAIAExactPricingSolver, new_columns=11
[CG 3] RMP=10.000000, pricing=QAIAExactPricingSolver, new_columns=12
[CG 4] RMP=6.153846, pricing=QAIAExactPricingSolver, new_columns=0
  搜索路径: [1]
  列生成求解结果: 目标值=6.1538， 下界=-inf， 上界=inf
    非整数变量: COL_0-13-17-2-23-28-6-9_3 = 0.500000
  解不是整数，开始分支...
ImposedVertex(vertex=0)
ForbidVertex(vertex=0)
  创建了 2 个分支
    添加分支节点 1: ID=2
    添加分支节点 2: ID=3

处理节点 2
  开始列生成求解...
Set parameter LogToConsole to value 0
Set parameter Threads to value 1
Set parameter Seed to value 0
  定价策略: Exact, node=2, vertices=29
Set parameter PoolSearchMode to value 2
Set parameter PoolSolutions to value 10
[CG 1] RMP=10.000000, pricing=ExactPricingSolver, new_columns=10
[CG 2] RMP=10.000000, pricing=ExactPricingSolver, new_columns=10
[CG 3] RMP=6.486486, pricing=ExactPricingSolver, new_columns=10
[CG 4] RMP=6.153846, pricing=ExactPricingSolver, new_columns=0
  搜索路径: [1, 2]
  列生成求解结果: 目标值=6.1538， 下界=6.1538， 上界=inf
    非整数变量: COL_0-13-17-2-23-28-6-9_3 = 0.487179
  解不是整数，开始分支...
ImposedVertex(vertex=20)
ForbidVertex(vertex=20)
  创建了 2 个分支
    添加分支节点 1: ID=4
    添加分支节点 2: ID=5

处理节点 3
  开始列生成求解...
Set parameter LogToConsole to value 0
Set parameter Threads to value 1
Set parameter Seed to value 0
  定价策略: Exact, node=3, vertices=29
Set parameter PoolSearchMode to value 2
Set parameter PoolSolutions to value 10
[CG 1] RMP=10.000000, pricing=ExactPricingSolver, new_columns=0
  搜索路径: [1, 2, 3]
  列生成求解结果: 目标值=10.0000， 下界=6.1538， 上界=inf
  找到整数解，更新最优解

处理节点 5
  开始列生成求解...
Set parameter LogToConsole to value 0
Set parameter Threads to value 1
Set parameter Seed to value 0
  定价策略: Exact, node=5, vertices=28
Set parameter PoolSearchMode to value 2
Set parameter PoolSolutions to value 10
[CG 1] RMP=6.153846, pricing=ExactPricingSolver, new_columns=0
  搜索路径: [1, 2, 3, 5]
  列生成求解结果: 目标值=6.1538， 下界=6.1538， 上界=10.0000
    非整数变量: COL_0-13-17-2-23-28-6-9_3 = 0.336996
  解不是整数，开始分支...
ImposedVertex(vertex=23)
ForbidVertex(vertex=23)
  创建了 2 个分支
    添加分支节点 1: ID=6
    添加分支节点 2: ID=7

处理节点 4
  开始列生成求解...
Set parameter LogToConsole to value 0
Set parameter Threads to value 1
Set parameter Seed to value 0
  定价策略: Exact, node=4, vertices=26
Set parameter PoolSearchMode to value 2
Set parameter PoolSolutions to value 10
[CG 1] RMP=1010.000000, pricing=ExactPricingSolver, new_columns=10
[CG 2] RMP=10.000000, pricing=ExactPricingSolver, new_columns=10
[CG 3] RMP=9.000000, pricing=ExactPricingSolver, new_columns=10
[CG 4] RMP=7.103139, pricing=ExactPricingSolver, new_columns=10
[CG 5] RMP=6.387097, pricing=ExactPricingSolver, new_columns=10
[CG 6] RMP=6.156716, pricing=ExactPricingSolver, new_columns=10
[CG 7] RMP=6.153846, pricing=ExactPricingSolver, new_columns=0
  搜索路径: [1, 2, 3, 5, 4]
  列生成求解结果: 目标值=6.1538， 下界=6.1538， 上界=10.0000
    非整数变量: COL_0-13-17-2-23-28-6-9_3 = 0.226496
  解不是整数，开始分支...
ImposedVertex(vertex=6)
ForbidVertex(vertex=6)
  创建了 2 个分支
    添加分支节点 1: ID=8
    添加分支节点 2: ID=9

处理节点 8
  开始列生成求解...
Set parameter LogToConsole to value 0
Set parameter Threads to value 1
Set parameter Seed to value 0
  定价策略: Exact, node=8, vertices=24
Set parameter PoolSearchMode to value 2
Set parameter PoolSolutions to value 10
[CG 1] RMP=9.000000, pricing=ExactPricingSolver, new_columns=0
  搜索路径: [1, 2, 3, 5, 4, 8]
  列生成求解结果: 目标值=9.0000， 下界=6.1538， 上界=10.0000
    非整数变量: COL_0-13-17-2-23-28-6-9_3 = 0.500000
  解不是整数，开始分支...
ImposedVertex(vertex=28)
ForbidVertex(vertex=28)
  创建了 2 个分支
    添加分支节点 1: ID=10
    添加分支节点 2: ID=11

处理节点 9
  开始列生成求解...
Set parameter LogToConsole to value 0
Set parameter Threads to value 1
Set parameter Seed to value 0
  定价策略: Exact, node=9, vertices=25
Set parameter PoolSearchMode to value 2
Set parameter PoolSolutions to value 10
[CG 1] RMP=6.387097, pricing=ExactPricingSolver, new_columns=10
[CG 2] RMP=6.153846, pricing=ExactPricingSolver, new_columns=0
  搜索路径: [1, 2, 3, 5, 4, 8, 9]
  列生成求解结果: 目标值=6.1538， 下界=6.1538， 上界=10.0000
    非整数变量: COL_25_34 = 0.102564
  解不是整数，开始分支...
ImposedVertex(vertex=25)
ForbidVertex(vertex=25)
  创建了 2 个分支
    添加分支节点 1: ID=12
    添加分支节点 2: ID=13

处理节点 12
  开始列生成求解...
Set parameter LogToConsole to value 0
Set parameter Threads to value 1
Set parameter Seed to value 0
  定价策略: Exact, node=12, vertices=23
Set parameter PoolSearchMode to value 2
Set parameter PoolSolutions to value 10
[CG 1] RMP=22.000000, pricing=ExactPricingSolver, new_columns=10
[CG 2] RMP=15.000000, pricing=ExactPricingSolver, new_columns=0
  搜索路径: [1, 2, 3, 5, 4, 8, 9, 12]
  列生成求解结果: 目标值=15.0000， 下界=6.1538， 上界=10.0000

处理节点 13
  开始列生成求解...
Set parameter LogToConsole to value 0
Set parameter Threads to value 1
Set parameter Seed to value 0
  定价策略: Exact, node=13, vertices=24
Set parameter PoolSearchMode to value 2
Set parameter PoolSolutions to value 10
[CG 1] RMP=7.096774, pricing=ExactPricingSolver, new_columns=10
[CG 2] RMP=6.518519, pricing=ExactPricingSolver, new_columns=10
[CG 3] RMP=6.153846, pricing=ExactPricingSolver, new_columns=0
  搜索路径: [1, 2, 3, 5, 4, 8, 9, 12, 13]
  列生成求解结果: 目标值=6.1538， 下界=6.1538， 上界=10.0000
    非整数变量: COL_20_4 = 0.083916
  解不是整数，开始分支...
ImposedVertex(vertex=9)
ForbidVertex(vertex=9)
  创建了 2 个分支
    添加分支节点 1: ID=14
    添加分支节点 2: ID=15

处理节点 14
  开始列生成求解...
Set parameter LogToConsole to value 0
Set parameter Threads to value 1
Set parameter Seed to value 0
  定价策略: Exact, node=14, vertices=21
Set parameter PoolSearchMode to value 2
Set parameter PoolSolutions to value 10
[CG 1] RMP=2010.000000, pricing=ExactPricingSolver, new_columns=10
[CG 2] RMP=15.000000, pricing=ExactPricingSolver, new_columns=10
[CG 3] RMP=6.153846, pricing=ExactPricingSolver, new_columns=0
  搜索路径: [1, 2, 3, 5, 4, 8, 9, 12, 13, 14]
  列生成求解结果: 目标值=6.1538， 下界=6.1538， 上界=10.0000
    非整数变量: COL_0-17-20-26-7_85 = 0.384615
  解不是整数，开始分支...
ImposedVertex(vertex=7)
ForbidVertex(vertex=7)
  创建了 2 个分支
    添加分支节点 1: ID=16
    添加分支节点 2: ID=17
  进度: 已处理 10 个节点, 剩余 7 个, 当前最优 10.0000, 当前列数: 195

处理节点 15
  开始列生成求解...
Set parameter LogToConsole to value 0
Set parameter Threads to value 1
Set parameter Seed to value 0
  定价策略: Exact, node=15, vertices=23
Set parameter PoolSearchMode to value 2
Set parameter PoolSolutions to value 10
[CG 1] RMP=6.153846, pricing=ExactPricingSolver, new_columns=0
  搜索路径: [1, 2, 3, 5, 4, 8, 9, 12, 13, 14, 15]
  列生成求解结果: 目标值=6.1538， 下界=6.1538， 上界=10.0000
    非整数变量: COL_17-20-26-29_76 = 0.068376
  解不是整数，开始分支...
ImposedVertex(vertex=10)
ForbidVertex(vertex=10)
  创建了 2 个分支
    添加分支节点 1: ID=18
    添加分支节点 2: ID=19

处理节点 16
  开始列生成求解...
Set parameter LogToConsole to value 0
Set parameter Threads to value 1
Set parameter Seed to value 0
  定价策略: Exact, node=16, vertices=20
Set parameter PoolSearchMode to value 2
Set parameter PoolSolutions to value 10
[CG 1] RMP=9.000000, pricing=ExactPricingSolver, new_columns=10
[CG 2] RMP=6.153846, pricing=ExactPricingSolver, new_columns=0
  搜索路径: [1, 2, 3, 5, 4, 8, 9, 12, 13, 14, 15, 16]
  列生成求解结果: 目标值=6.1538， 下界=6.1538， 上界=10.0000
    非整数变量: COL_0-9_47 = 0.114837
  解不是整数，开始分支...
ImposedVertex(vertex=2)
ForbidVertex(vertex=2)
  创建了 2 个分支
    添加分支节点 1: ID=20
    添加分支节点 2: ID=21

处理节点 17
  开始列生成求解...
Set parameter LogToConsole to value 0
Set parameter Threads to value 1
Set parameter Seed to value 0
  定价策略: Exact, node=17, vertices=20
Set parameter PoolSearchMode to value 2
Set parameter PoolSolutions to value 10
[CG 1] RMP=6.153846, pricing=ExactPricingSolver, new_columns=0
  搜索路径: [1, 2, 3, 5, 4, 8, 9, 12, 13, 14, 15, 16, 17]
  列生成求解结果: 目标值=6.1538， 下界=6.1538， 上界=10.0000
    非整数变量: COL_27_5 = 0.065934
  解不是整数，开始分支...
ImposedVertex(vertex=13)
ForbidVertex(vertex=13)
  创建了 2 个分支
    添加分支节点 1: ID=22
    添加分支节点 2: ID=23

处理节点 18
  开始列生成求解...
Set parameter LogToConsole to value 0
Set parameter Threads to value 1
Set parameter Seed to value 0
  定价策略: Exact, node=18, vertices=21
Set parameter PoolSearchMode to value 2
Set parameter PoolSolutions to value 10
[CG 1] RMP=22.000000, pricing=ExactPricingSolver, new_columns=0
  搜索路径: [1, 2, 3, 5, 4, 8, 9, 12, 13, 14, 15, 16, 17, 18]
  列生成求解结果: 目标值=22.0000， 下界=6.1538， 上界=10.0000

处理节点 21
  开始列生成求解...
Set parameter LogToConsole to value 0
Set parameter Threads to value 1
Set parameter Seed to value 0
  定价策略: Exact, node=21, vertices=19
Set parameter PoolSearchMode to value 2
Set parameter PoolSolutions to value 10
[CG 1] RMP=15.000000, pricing=ExactPricingSolver, new_columns=10
[CG 2] RMP=7.500000, pricing=ExactPricingSolver, new_columns=10
[CG 3] RMP=6.871166, pricing=ExactPricingSolver, new_columns=10
[CG 4] RMP=6.153846, pricing=ExactPricingSolver, new_columns=0
  搜索路径: [1, 2, 3, 5, 4, 8, 9, 12, 13, 14, 15, 16, 17, 18, 21]
  列生成求解结果: 目标值=6.1538， 下界=6.1538， 上界=10.0000
    非整数变量: COL_13-17-20-23-26-28-9_185 = 0.299145
  解不是整数，开始分支...
ImposedVertex(vertex=23)
ForbidVertex(vertex=23)
  创建了 2 个分支
    添加分支节点 1: ID=24
    添加分支节点 2: ID=25

处理节点 24
  开始列生成求解...
Set parameter LogToConsole to value 0
Set parameter Threads to value 1
Set parameter Seed to value 0
  定价策略: Exact, node=24, vertices=18
Set parameter PoolSearchMode to value 2
Set parameter PoolSolutions to value 10
[CG 1] RMP=8.000000, pricing=ExactPricingSolver, new_columns=0
  搜索路径: [1, 2, 3, 5, 4, 8, 9, 12, 13, 14, 15, 16, 17, 18, 21, 24]
  列生成求解结果: 目标值=8.0000， 下界=6.1538， 上界=10.0000
    非整数变量: COL_0-9_47 = 0.233333
  解不是整数，开始分支...
ImposedVertex(vertex=3)
ForbidVertex(vertex=3)
  创建了 2 个分支
    添加分支节点 1: ID=26
    添加分支节点 2: ID=27

处理节点 25
  开始列生成求解...
Set parameter LogToConsole to value 0
Set parameter Threads to value 1
Set parameter Seed to value 0
  定价策略: Exact, node=25, vertices=18
Set parameter PoolSearchMode to value 2
Set parameter PoolSolutions to value 10
[CG 1] RMP=13.000000, pricing=ExactPricingSolver, new_columns=0
  搜索路径: [1, 2, 3, 5, 4, 8, 9, 12, 13, 14, 15, 16, 17, 18, 21, 24, 25]
  列生成求解结果: 目标值=13.0000， 下界=6.1538， 上界=10.0000

处理节点 19
  开始列生成求解...
Set parameter LogToConsole to value 0
Set parameter Threads to value 1
Set parameter Seed to value 0
  定价策略: Exact, node=19, vertices=22
Set parameter PoolSearchMode to value 2
Set parameter PoolSolutions to value 10
[CG 1] RMP=6.622074, pricing=ExactPricingSolver, new_columns=10
[CG 2] RMP=6.153846, pricing=ExactPricingSolver, new_columns=0
  搜索路径: [1, 2, 3, 5, 4, 8, 9, 12, 13, 14, 15, 16, 17, 18, 21, 24, 25, 19]
  列生成求解结果: 目标值=6.1538， 下界=6.1538， 上界=10.0000
    非整数变量: COL_24_33 = 0.085470
  解不是整数，开始分支...
ImposedVertex(vertex=13)
ForbidVertex(vertex=13)
  创建了 2 个分支
    添加分支节点 1: ID=28
    添加分支节点 2: ID=29

处理节点 28
  开始列生成求解...
Set parameter LogToConsole to value 0
Set parameter Threads to value 1
Set parameter Seed to value 0
  定价策略: Exact, node=28, vertices=19
Set parameter PoolSearchMode to value 2
Set parameter PoolSolutions to value 10
[CG 1] RMP=6.153846, pricing=ExactPricingSolver, new_columns=0
  搜索路径: [1, 2, 3, 5, 4, 8, 9, 12, 13, 14, 15, 16, 17, 18, 21, 24, 25, 19, 28]
  列生成求解结果: 目标值=6.1538， 下界=6.1538， 上界=10.0000
    非整数变量: COL_27_5 = 0.133333
  解不是整数，开始分支...
ImposedVertex(vertex=27)
ForbidVertex(vertex=27)
  创建了 2 个分支
    添加分支节点 1: ID=30
    添加分支节点 2: ID=31

处理节点 29
  开始列生成求解...
Set parameter LogToConsole to value 0
Set parameter Threads to value 1
Set parameter Seed to value 0
  定价策略: Exact, node=29, vertices=21
Set parameter PoolSearchMode to value 2
Set parameter PoolSolutions to value 10
[CG 1] RMP=6.153846, pricing=ExactPricingSolver, new_columns=0
  搜索路径: [1, 2, 3, 5, 4, 8, 9, 12, 13, 14, 15, 16, 17, 18, 21, 24, 25, 19, 28, 29]
  列生成求解结果: 目标值=6.1538， 下界=6.1538， 上界=10.0000
    非整数变量: COL_27_5 = 0.005698
  解不是整数，开始分支...
ImposedVertex(vertex=14)
ForbidVertex(vertex=14)
  创建了 2 个分支
    添加分支节点 1: ID=32
    添加分支节点 2: ID=33
  进度: 已处理 20 个节点, 剩余 13 个, 当前最优 10.0000, 当前列数: 245

处理节点 31
  开始列生成求解...
Set parameter LogToConsole to value 0
Set parameter Threads to value 1
Set parameter Seed to value 0
  定价策略: Exact, node=31, vertices=18
Set parameter PoolSearchMode to value 2
Set parameter PoolSolutions to value 10
[CG 1] RMP=9.000000, pricing=ExactPricingSolver, new_columns=0
  搜索路径: [1, 2, 3, 5, 4, 8, 9, 12, 13, 14, 15, 16, 17, 18, 21, 24, 25, 19, 28, 29, 31]
  列生成求解结果: 目标值=9.0000， 下界=6.1538， 上界=10.0000
    非整数变量: COL_17-20-26-29_76 = 0.100000
  解不是整数，开始分支...
ImposedVertex(vertex=29)
ForbidVertex(vertex=29)
  创建了 2 个分支
    添加分支节点 1: ID=34
    添加分支节点 2: ID=35

处理节点 22
  开始列生成求解...
Set parameter LogToConsole to value 0
Set parameter Threads to value 1
Set parameter Seed to value 0
  定价策略: Exact, node=22, vertices=17
Set parameter PoolSearchMode to value 2
Set parameter PoolSolutions to value 10
[CG 1] RMP=6.153846, pricing=ExactPricingSolver, new_columns=0
  搜索路径: [1, 2, 3, 5, 4, 8, 9, 12, 13, 14, 15, 16, 17, 18, 21, 24, 25, 19, 28, 29, 31, 22]
  列生成求解结果: 目标值=6.1538， 下界=6.1538， 上界=10.0000
    非整数变量: COL_0-20-8_87 = 0.346154
  解不是整数，开始分支...
ImposedVertex(vertex=2)
ForbidVertex(vertex=2)
  创建了 2 个分支
    添加分支节点 1: ID=36
    添加分支节点 2: ID=37

处理节点 23
  开始列生成求解...
Set parameter LogToConsole to value 0
Set parameter Threads to value 1
Set parameter Seed to value 0
  定价策略: Exact, node=23, vertices=19
Set parameter PoolSearchMode to value 2
Set parameter PoolSolutions to value 10
[CG 1] RMP=8.555556, pricing=ExactPricingSolver, new_columns=10
[CG 2] RMP=6.153846, pricing=ExactPricingSolver, new_columns=0
  搜索路径: [1, 2, 3, 5, 4, 8, 9, 12, 13, 14, 15, 16, 17, 18, 21, 24, 25, 19, 28, 29, 31, 22, 23]
  列生成求解结果: 目标值=6.1538， 下界=6.1538， 上界=10.0000
    非整数变量: COL_0-17-20-26-28_77 = 0.255744
  解不是整数，开始分支...
ImposedVertex(vertex=15)
ForbidVertex(vertex=15)
  创建了 2 个分支
    添加分支节点 1: ID=38
    添加分支节点 2: ID=39

处理节点 36
  开始列生成求解...
Set parameter LogToConsole to value 0
Set parameter Threads to value 1
Set parameter Seed to value 0
  定价策略: Exact, node=36, vertices=14
Set parameter PoolSearchMode to value 2
Set parameter PoolSolutions to value 10
[CG 1] RMP=10.000000, pricing=ExactPricingSolver, new_columns=10
[CG 2] RMP=10.000000, pricing=ExactPricingSolver, new_columns=10
[CG 3] RMP=9.000000, pricing=ExactPricingSolver, new_columns=10
[CG 4] RMP=6.153846, pricing=ExactPricingSolver, new_columns=0
  搜索路径: [1, 2, 3, 5, 4, 8, 9, 12, 13, 14, 15, 16, 17, 18, 21, 24, 25, 19, 28, 29, 31, 22, 23, 36]
  列生成求解结果: 目标值=6.1538， 下界=6.1538， 上界=10.0000
    非整数变量: COL_0-20-8_87 = 0.149573
  解不是整数，开始分支...
ImposedVertex(vertex=23)
ForbidVertex(vertex=23)
  创建了 2 个分支
    添加分支节点 1: ID=40
    添加分支节点 2: ID=41

处理节点 40
  开始列生成求解...
Set parameter LogToConsole to value 0
Set parameter Threads to value 1
Set parameter Seed to value 0
  定价策略: Exact, node=40, vertices=13
Set parameter PoolSearchMode to value 2
Set parameter PoolSolutions to value 10
[CG 1] RMP=8.000000, pricing=ExactPricingSolver, new_columns=0
  搜索路径: [1, 2, 3, 5, 4, 8, 9, 12, 13, 14, 15, 16, 17, 18, 21, 24, 25, 19, 28, 29, 31, 22, 23, 36, 40]
  列生成求解结果: 目标值=8.0000， 下界=6.1538， 上界=10.0000
    非整数变量: COL_17-2-20-26-28-8_83 = 0.111111
  解不是整数，开始分支...
ImposedVertex(vertex=26)
ForbidVertex(vertex=26)
  创建了 2 个分支
    添加分支节点 1: ID=42
    添加分支节点 2: ID=43

处理节点 41
  开始列生成求解...
Set parameter LogToConsole to value 0
Set parameter Threads to value 1
Set parameter Seed to value 0
  定价策略: Exact, node=41, vertices=13
Set parameter PoolSearchMode to value 2
Set parameter PoolSolutions to value 10
[CG 1] RMP=13.000000, pricing=ExactPricingSolver, new_columns=0
  搜索路径: [1, 2, 3, 5, 4, 8, 9, 12, 13, 14, 15, 16, 17, 18, 21, 24, 25, 19, 28, 29, 31, 22, 23, 36, 40, 41]
  列生成求解结果: 目标值=13.0000， 下界=6.1538， 上界=10.0000

处理节点 38
  开始列生成求解...
Set parameter LogToConsole to value 0
Set parameter Threads to value 1
Set parameter Seed to value 0
  定价策略: Exact, node=38, vertices=17
Set parameter PoolSearchMode to value 2
Set parameter PoolSolutions to value 10
[CG 1] RMP=14.000000, pricing=ExactPricingSolver, new_columns=0
  搜索路径: [1, 2, 3, 5, 4, 8, 9, 12, 13, 14, 15, 16, 17, 18, 21, 24, 25, 19, 28, 29, 31, 22, 23, 36, 40, 41, 38]
  列生成求解结果: 目标值=14.0000， 下界=6.1538， 上界=10.0000

处理节点 37
  开始列生成求解...
Set parameter LogToConsole to value 0
Set parameter Threads to value 1
Set parameter Seed to value 0
  定价策略: Exact, node=37, vertices=16
Set parameter PoolSearchMode to value 2
Set parameter PoolSolutions to value 10
[CG 1] RMP=15.000000, pricing=ExactPricingSolver, new_columns=10
[CG 2] RMP=7.500000, pricing=ExactPricingSolver, new_columns=0
  搜索路径: [1, 2, 3, 5, 4, 8, 9, 12, 13, 14, 15, 16, 17, 18, 21, 24, 25, 19, 28, 29, 31, 22, 23, 36, 40, 41, 38, 37]
  列生成求解结果: 目标值=7.5000， 下界=6.1538， 上界=10.0000
    非整数变量: COL_0-20-3-8_89 = 0.031250
  解不是整数，开始分支...
ImposedVertex(vertex=3)
ForbidVertex(vertex=3)
  创建了 2 个分支
    添加分支节点 1: ID=44
    添加分支节点 2: ID=45

处理节点 30
  开始列生成求解...
Set parameter LogToConsole to value 0
Set parameter Threads to value 1
Set parameter Seed to value 0
  定价策略: Exact, node=30, vertices=18
Set parameter PoolSearchMode to value 2
Set parameter PoolSolutions to value 10
[CG 1] RMP=10.000000, pricing=ExactPricingSolver, new_columns=10
[CG 2] RMP=8.000000, pricing=ExactPricingSolver, new_columns=10
[CG 3] RMP=6.153846, pricing=ExactPricingSolver, new_columns=0
  搜索路径: [1, 2, 3, 5, 4, 8, 9, 12, 13, 14, 15, 16, 17, 18, 21, 24, 25, 19, 28, 29, 31, 22, 23, 36, 40, 41, 38, 37, 30]
  列生成求解结果: 目标值=6.1538， 下界=6.1538， 上界=10.0000
    非整数变量: COL_27_5 = 0.044379
  解不是整数，开始分支...
ImposedVertex(vertex=7)
ForbidVertex(vertex=7)
  创建了 2 个分支
    添加分支节点 1: ID=46
    添加分支节点 2: ID=47

处理节点 39
  开始列生成求解...
Set parameter LogToConsole to value 0
Set parameter Threads to value 1
Set parameter Seed to value 0
  定价策略: Exact, node=39, vertices=18
Set parameter PoolSearchMode to value 2
Set parameter PoolSolutions to value 10
[CG 1] RMP=8.171429, pricing=ExactPricingSolver, new_columns=0
  搜索路径: [1, 2, 3, 5, 4, 8, 9, 12, 13, 14, 15, 16, 17, 18, 21, 24, 25, 19, 28, 29, 31, 22, 23, 36, 40, 41, 38, 37, 30, 39]
  列生成求解结果: 目标值=8.1714， 下界=6.1538， 上界=10.0000
    非整数变量: COL_27_5 = 0.108571
  解不是整数，开始分支...
ImposedVertex(vertex=27)
ForbidVertex(vertex=27)
  创建了 2 个分支
    添加分支节点 1: ID=48
    添加分支节点 2: ID=49
  进度: 已处理 30 个节点, 剩余 19 个, 当前最优 10.0000, 当前列数: 315

处理节点 20
  开始列生成求解...
Set parameter LogToConsole to value 0
Set parameter Threads to value 1
Set parameter Seed to value 0
  定价策略: Exact, node=20, vertices=17
Set parameter PoolSearchMode to value 2
Set parameter PoolSolutions to value 10
[CG 1] RMP=6.153846, pricing=ExactPricingSolver, new_columns=0
  搜索路径: [1, 2, 3, 5, 4, 8, 9, 12, 13, 14, 15, 16, 17, 18, 21, 24, 25, 19, 28, 29, 31, 22, 23, 36, 40, 41, 38, 37, 30, 39, 20]
  列生成求解结果: 目标值=6.1538， 下界=6.1538， 上界=10.0000
    非整数变量: COL_13-17-20-23-26-28-9_185 = 0.142012
  解不是整数，开始分支...
ImposedVertex(vertex=13)
ForbidVertex(vertex=13)
  创建了 2 个分支
    添加分支节点 1: ID=50
    添加分支节点 2: ID=51

处理节点 46
  开始列生成求解...
Set parameter LogToConsole to value 0
Set parameter Threads to value 1
Set parameter Seed to value 0
  定价策略: Exact, node=46, vertices=17
Set parameter PoolSearchMode to value 2
Set parameter PoolSolutions to value 10
[CG 1] RMP=6.153846, pricing=ExactPricingSolver, new_columns=0
  搜索路径: [1, 2, 3, 5, 4, 8, 9, 12, 13, 14, 15, 16, 17, 18, 21, 24, 25, 19, 28, 29, 31, 22, 23, 36, 40, 41, 38, 37, 30, 39, 20, 46]
  列生成求解结果: 目标值=6.1538， 下界=6.1538， 上界=10.0000
    非整数变量: COL_27_5 = 0.230769
  解不是整数，开始分支...
ImposedVertex(vertex=3)
ForbidVertex(vertex=3)
  创建了 2 个分支
    添加分支节点 1: ID=52
    添加分支节点 2: ID=53

处理节点 47
  开始列生成求解...
Set parameter LogToConsole to value 0
Set parameter Threads to value 1
Set parameter Seed to value 0
  定价策略: Exact, node=47, vertices=17
Set parameter PoolSearchMode to value 2
Set parameter PoolSolutions to value 10
[CG 1] RMP=8.000000, pricing=ExactPricingSolver, new_columns=10
[CG 2] RMP=6.666667, pricing=ExactPricingSolver, new_columns=10
[CG 3] RMP=6.153846, pricing=ExactPricingSolver, new_columns=0
  搜索路径: [1, 2, 3, 5, 4, 8, 9, 12, 13, 14, 15, 16, 17, 18, 21, 24, 25, 19, 28, 29, 31, 22, 23, 36, 40, 41, 38, 37, 30, 39, 20, 46, 47]
  列生成求解结果: 目标值=6.1538， 下界=6.1538， 上界=10.0000
    非整数变量: COL_0-20-8_87 = 0.406593
  解不是整数，开始分支...
ImposedVertex(vertex=4)
ForbidVertex(vertex=4)
  创建了 2 个分支
    添加分支节点 1: ID=54
    添加分支节点 2: ID=55

处理节点 51
  开始列生成求解...
Set parameter LogToConsole to value 0
Set parameter Threads to value 1
Set parameter Seed to value 0
  定价策略: Exact, node=51, vertices=16
Set parameter PoolSearchMode to value 2
Set parameter PoolSolutions to value 10
[CG 1] RMP=14.000000, pricing=ExactPricingSolver, new_columns=10
[CG 2] RMP=14.000000, pricing=ExactPricingSolver, new_columns=10
[CG 3] RMP=8.000000, pricing=ExactPricingSolver, new_columns=10
[CG 4] RMP=6.153846, pricing=ExactPricingSolver, new_columns=0
  搜索路径: [1, 2, 3, 5, 4, 8, 9, 12, 13, 14, 15, 16, 17, 18, 21, 24, 25, 19, 28, 29, 31, 22, 23, 36, 40, 41, 38, 37, 30, 39, 20, 46, 47, 51]
  列生成求解结果: 目标值=6.1538， 下界=6.1538， 上界=10.0000
    非整数变量: COL_0-2-23-26-9_59 = 0.082584
  解不是整数，开始分支...
ImposedVertex(vertex=15)
ForbidVertex(vertex=15)
  创建了 2 个分支
    添加分支节点 1: ID=56
    添加分支节点 2: ID=57

处理节点 52
  开始列生成求解...
Set parameter LogToConsole to value 0
Set parameter Threads to value 1
Set parameter Seed to value 0
  定价策略: Exact, node=52, vertices=14
Set parameter PoolSearchMode to value 2
Set parameter PoolSolutions to value 10
[CG 1] RMP=15.000000, pricing=ExactPricingSolver, new_columns=0
  搜索路径: [1, 2, 3, 5, 4, 8, 9, 12, 13, 14, 15, 16, 17, 18, 21, 24, 25, 19, 28, 29, 31, 22, 23, 36, 40, 41, 38, 37, 30, 39, 20, 46, 47, 51, 52]
  列生成求解结果: 目标值=15.0000， 下界=6.1538， 上界=10.0000

处理节点 53
  开始列生成求解...
Set parameter LogToConsole to value 0
Set parameter Threads to value 1
Set parameter Seed to value 0
  定价策略: Exact, node=53, vertices=16
Set parameter PoolSearchMode to value 2
Set parameter PoolSolutions to value 10
[CG 1] RMP=7.000000, pricing=ExactPricingSolver, new_columns=10
[CG 2] RMP=6.153846, pricing=ExactPricingSolver, new_columns=0
  搜索路径: [1, 2, 3, 5, 4, 8, 9, 12, 13, 14, 15, 16, 17, 18, 21, 24, 25, 19, 28, 29, 31, 22, 23, 36, 40, 41, 38, 37, 30, 39, 20, 46, 47, 51, 52, 53]
  列生成求解结果: 目标值=6.1538， 下界=6.1538， 上界=10.0000
    非整数变量: COL_0-20-23_97 = 0.236686
  解不是整数，开始分支...
ImposedVertex(vertex=23)
ForbidVertex(vertex=23)
  创建了 2 个分支
    添加分支节点 1: ID=58
    添加分支节点 2: ID=59

处理节点 50
  开始列生成求解...
Set parameter LogToConsole to value 0
Set parameter Threads to value 1
Set parameter Seed to value 0
  定价策略: Exact, node=50, vertices=14
Set parameter PoolSearchMode to value 2
Set parameter PoolSolutions to value 10
[CG 1] RMP=10.000000, pricing=ExactPricingSolver, new_columns=10
[CG 2] RMP=6.153846, pricing=ExactPricingSolver, new_columns=0
  搜索路径: [1, 2, 3, 5, 4, 8, 9, 12, 13, 14, 15, 16, 17, 18, 21, 24, 25, 19, 28, 29, 31, 22, 23, 36, 40, 41, 38, 37, 30, 39, 20, 46, 47, 51, 52, 53, 50]
  列生成求解结果: 目标值=6.1538， 下界=6.1538， 上界=10.0000
    非整数变量: COL_0-2-23-26-9_59 = 0.160969
  解不是整数，开始分支...
ImposedVertex(vertex=23)
ForbidVertex(vertex=23)
  创建了 2 个分支
    添加分支节点 1: ID=60
    添加分支节点 2: ID=61

处理节点 60
  开始列生成求解...
Set parameter LogToConsole to value 0
Set parameter Threads to value 1
Set parameter Seed to value 0
  定价策略: Exact, node=60, vertices=13
Set parameter PoolSearchMode to value 2
Set parameter PoolSolutions to value 10
[CG 1] RMP=8.000000, pricing=ExactPricingSolver, new_columns=0
  搜索路径: [1, 2, 3, 5, 4, 8, 9, 12, 13, 14, 15, 16, 17, 18, 21, 24, 25, 19, 28, 29, 31, 22, 23, 36, 40, 41, 38, 37, 30, 39, 20, 46, 47, 51, 52, 53, 50, 60]
  列生成求解结果: 目标值=8.0000， 下界=6.1538， 上界=10.0000
    非整数变量: COL_0-2-20-9_120 = 0.500000
  解不是整数，开始分支...
ImposedVertex(vertex=26)
ForbidVertex(vertex=26)
  创建了 2 个分支
    添加分支节点 1: ID=62
    添加分支节点 2: ID=63

处理节点 61
  开始列生成求解...
Set parameter LogToConsole to value 0
Set parameter Threads to value 1
Set parameter Seed to value 0
  定价策略: Exact, node=61, vertices=13
Set parameter PoolSearchMode to value 2
Set parameter PoolSolutions to value 10
[CG 1] RMP=13.000000, pricing=ExactPricingSolver, new_columns=0
  搜索路径: [1, 2, 3, 5, 4, 8, 9, 12, 13, 14, 15, 16, 17, 18, 21, 24, 25, 19, 28, 29, 31, 22, 23, 36, 40, 41, 38, 37, 30, 39, 20, 46, 47, 51, 52, 53, 50, 60, 61]
  列生成求解结果: 目标值=13.0000， 下界=6.1538， 上界=10.0000

处理节点 58
  开始列生成求解...
Set parameter LogToConsole to value 0
Set parameter Threads to value 1
Set parameter Seed to value 0
  定价策略: Exact, node=58, vertices=15
Set parameter PoolSearchMode to value 2
Set parameter PoolSolutions to value 10
[CG 1] RMP=8.000000, pricing=ExactPricingSolver, new_columns=0
  搜索路径: [1, 2, 3, 5, 4, 8, 9, 12, 13, 14, 15, 16, 17, 18, 21, 24, 25, 19, 28, 29, 31, 22, 23, 36, 40, 41, 38, 37, 30, 39, 20, 46, 47, 51, 52, 53, 50, 60, 61, 58]
  列生成求解结果: 目标值=8.0000， 下界=6.1538， 上界=10.0000
    非整数变量: COL_27_5 = 0.200000
  解不是整数，开始分支...
ImposedVertex(vertex=29)
ForbidVertex(vertex=29)
  创建了 2 个分支
    添加分支节点 1: ID=64
    添加分支节点 2: ID=65
  进度: 已处理 40 个节点, 剩余 25 个, 当前最优 10.0000, 当前列数: 385

处理节点 59
  开始列生成求解...
Set parameter LogToConsole to value 0
Set parameter Threads to value 1
Set parameter Seed to value 0
  定价策略: Exact, node=59, vertices=15
Set parameter PoolSearchMode to value 2
Set parameter PoolSolutions to value 10
[CG 1] RMP=13.000000, pricing=ExactPricingSolver, new_columns=0
  搜索路径: [1, 2, 3, 5, 4, 8, 9, 12, 13, 14, 15, 16, 17, 18, 21, 24, 25, 19, 28, 29, 31, 22, 23, 36, 40, 41, 38, 37, 30, 39, 20, 46, 47, 51, 52, 53, 50, 60, 61, 58, 59]
  列生成求解结果: 目标值=13.0000， 下界=6.1538， 上界=10.0000

处理节点 6
  开始列生成求解...
Set parameter LogToConsole to value 0
Set parameter Threads to value 1
Set parameter Seed to value 0
  定价策略: Exact, node=6, vertices=26
Set parameter PoolSearchMode to value 2
Set parameter PoolSolutions to value 10
[CG 1] RMP=8.000000, pricing=ExactPricingSolver, new_columns=0
  搜索路径: [1, 2, 3, 5, 4, 8, 9, 12, 13, 14, 15, 16, 17, 18, 21, 24, 25, 19, 28, 29, 31, 22, 23, 36, 40, 41, 38, 37, 30, 39, 20, 46, 47, 51, 52, 53, 50, 60, 61, 58, 59, 6]
  列生成求解结果: 目标值=8.0000， 下界=6.1538， 上界=10.0000
    非整数变量: COL_0-13-17-2-23-28-6-9_3 = 0.666667
  解不是整数，开始分支...
ImposedVertex(vertex=28)
ForbidVertex(vertex=28)
  创建了 2 个分支
    添加分支节点 1: ID=66
    添加分支节点 2: ID=67

处理节点 7
  开始列生成求解...
Set parameter LogToConsole to value 0
Set parameter Threads to value 1
Set parameter Seed to value 0
  定价策略: Exact, node=7, vertices=27
Set parameter PoolSearchMode to value 2
Set parameter PoolSolutions to value 10
[CG 1] RMP=16.000000, pricing=ExactPricingSolver, new_columns=10
[CG 2] RMP=7.741935, pricing=ExactPricingSolver, new_columns=10
[CG 3] RMP=6.964286, pricing=ExactPricingSolver, new_columns=0
  搜索路径: [1, 2, 3, 5, 4, 8, 9, 12, 13, 14, 15, 16, 17, 18, 21, 24, 25, 19, 28, 29, 31, 22, 23, 36, 40, 41, 38, 37, 30, 39, 20, 46, 47, 51, 52, 53, 50, 60, 61, 58, 59, 6, 7]
  列生成求解结果: 目标值=6.9643， 下界=6.1538， 上界=10.0000
    非整数变量: COL_0-2-22-27-28_14 = 0.160714
  解不是整数，开始分支...
ImposedVertex(vertex=22)
ForbidVertex(vertex=22)
  创建了 2 个分支
    添加分支节点 1: ID=68
    添加分支节点 2: ID=69

处理节点 32
  开始列生成求解...
Set parameter LogToConsole to value 0
Set parameter Threads to value 1
Set parameter Seed to value 0
  定价策略: Exact, node=32, vertices=19
Set parameter PoolSearchMode to value 2
Set parameter PoolSolutions to value 10
[CG 1] RMP=22.000000, pricing=ExactPricingSolver, new_columns=0
  搜索路径: [1, 2, 3, 5, 4, 8, 9, 12, 13, 14, 15, 16, 17, 18, 21, 24, 25, 19, 28, 29, 31, 22, 23, 36, 40, 41, 38, 37, 30, 39, 20, 46, 47, 51, 52, 53, 50, 60, 61, 58, 59, 6, 7, 32]
  列生成求解结果: 目标值=22.0000， 下界=6.1538， 上界=10.0000

处理节点 33
  开始列生成求解...
Set parameter LogToConsole to value 0
Set parameter Threads to value 1
Set parameter Seed to value 0
  定价策略: Exact, node=33, vertices=20
Set parameter PoolSearchMode to value 2
Set parameter PoolSolutions to value 10
[CG 1] RMP=6.740741, pricing=ExactPricingSolver, new_columns=0
  搜索路径: [1, 2, 3, 5, 4, 8, 9, 12, 13, 14, 15, 16, 17, 18, 21, 24, 25, 19, 28, 29, 31, 22, 23, 36, 40, 41, 38, 37, 30, 39, 20, 46, 47, 51, 52, 53, 50, 60, 61, 58, 59, 6, 7, 32, 33]
  列生成求解结果: 目标值=6.7407， 下界=6.1538， 上界=10.0000
    非整数变量: COL_0-17-2-20-26-28_79 = 0.408436
  解不是整数，开始分支...
ImposedVertex(vertex=2)
ForbidVertex(vertex=2)
  创建了 2 个分支
    添加分支节点 1: ID=70
    添加分支节点 2: ID=71

处理节点 56
  开始列生成求解...
Set parameter LogToConsole to value 0
Set parameter Threads to value 1
Set parameter Seed to value 0
  定价策略: Exact, node=56, vertices=14
Set parameter PoolSearchMode to value 2
Set parameter PoolSolutions to value 10
[CG 1] RMP=14.000000, pricing=ExactPricingSolver, new_columns=0
  搜索路径: [1, 2, 3, 5, 4, 8, 9, 12, 13, 14, 15, 16, 17, 18, 21, 24, 25, 19, 28, 29, 31, 22, 23, 36, 40, 41, 38, 37, 30, 39, 20, 46, 47, 51, 52, 53, 50, 60, 61, 58, 59, 6, 7, 32, 33, 56]
  列生成求解结果: 目标值=14.0000， 下界=6.1538， 上界=10.0000

处理节点 57
  开始列生成求解...
Set parameter LogToConsole to value 0
Set parameter Threads to value 1
Set parameter Seed to value 0
  定价策略: Exact, node=57, vertices=15
Set parameter PoolSearchMode to value 2
Set parameter PoolSolutions to value 10
[CG 1] RMP=22.000000, pricing=ExactPricingSolver, new_columns=10
[CG 2] RMP=8.171429, pricing=ExactPricingSolver, new_columns=0
  搜索路径: [1, 2, 3, 5, 4, 8, 9, 12, 13, 14, 15, 16, 17, 18, 21, 24, 25, 19, 28, 29, 31, 22, 23, 36, 40, 41, 38, 37, 30, 39, 20, 46, 47, 51, 52, 53, 50, 60, 61, 58, 59, 6, 7, 32, 33, 56, 57]
  列生成求解结果: 目标值=8.1714， 下界=6.1538， 上界=10.0000
    非整数变量: COL_0-2-9_49 = 0.218571
  解不是整数，开始分支...
ImposedVertex(vertex=26)
ForbidVertex(vertex=26)
  创建了 2 个分支
    添加分支节点 1: ID=72
    添加分支节点 2: ID=73

处理节点 55
  开始列生成求解...
Set parameter LogToConsole to value 0
Set parameter Threads to value 1
Set parameter Seed to value 0
  定价策略: Exact, node=55, vertices=16
Set parameter PoolSearchMode to value 2
Set parameter PoolSolutions to value 10
[CG 1] RMP=6.153846, pricing=ExactPricingSolver, new_columns=0
  搜索路径: [1, 2, 3, 5, 4, 8, 9, 12, 13, 14, 15, 16, 17, 18, 21, 24, 25, 19, 28, 29, 31, 22, 23, 36, 40, 41, 38, 37, 30, 39, 20, 46, 47, 51, 52, 53, 50, 60, 61, 58, 59, 6, 7, 32, 33, 56, 57, 55]
  列生成求解结果: 目标值=6.1538， 下界=6.1538， 上界=10.0000
    非整数变量: COL_0-20-8_87 = 0.406593
  解不是整数，开始分支...
ImposedVertex(vertex=3)
ForbidVertex(vertex=3)
  创建了 2 个分支
    添加分支节点 1: ID=74
    添加分支节点 2: ID=75

处理节点 74
  开始列生成求解...
Set parameter LogToConsole to value 0
Set parameter Threads to value 1
Set parameter Seed to value 0
  定价策略: Exact, node=74, vertices=14
Set parameter PoolSearchMode to value 2
Set parameter PoolSolutions to value 10
[CG 1] RMP=15.000000, pricing=ExactPricingSolver, new_columns=0
  搜索路径: [1, 2, 3, 5, 4, 8, 9, 12, 13, 14, 15, 16, 17, 18, 21, 24, 25, 19, 28, 29, 31, 22, 23, 36, 40, 41, 38, 37, 30, 39, 20, 46, 47, 51, 52, 53, 50, 60, 61, 58, 59, 6, 7, 32, 33, 56, 57, 55, 74]
  列生成求解结果: 目标值=15.0000， 下界=6.1538， 上界=10.0000

处理节点 75
  开始列生成求解...
Set parameter LogToConsole to value 0
Set parameter Threads to value 1
Set parameter Seed to value 0
  定价策略: Exact, node=75, vertices=15
Set parameter PoolSearchMode to value 2
Set parameter PoolSolutions to value 10
[CG 1] RMP=6.153846, pricing=ExactPricingSolver, new_columns=0
  搜索路径: [1, 2, 3, 5, 4, 8, 9, 12, 13, 14, 15, 16, 17, 18, 21, 24, 25, 19, 28, 29, 31, 22, 23, 36, 40, 41, 38, 37, 30, 39, 20, 46, 47, 51, 52, 53, 50, 60, 61, 58, 59, 6, 7, 32, 33, 56, 57, 55, 74, 75]
  列生成求解结果: 目标值=6.1538， 下界=6.1538， 上界=10.0000
    非整数变量: COL_0-20-8_87 = 0.406593
  解不是整数，开始分支...
ImposedVertex(vertex=12)
ForbidVertex(vertex=12)
  创建了 2 个分支
    添加分支节点 1: ID=76
    添加分支节点 2: ID=77
  进度: 已处理 50 个节点, 剩余 27 个, 当前最优 10.0000, 当前列数: 415

处理节点 76
  开始列生成求解...
Set parameter LogToConsole to value 0
Set parameter Threads to value 1
Set parameter Seed to value 0
  定价策略: Exact, node=76, vertices=14
Set parameter PoolSearchMode to value 2
Set parameter PoolSolutions to value 10
[CG 1] RMP=8.000000, pricing=ExactPricingSolver, new_columns=10
[CG 2] RMP=7.000000, pricing=ExactPricingSolver, new_columns=0
  搜索路径: [1, 2, 3, 5, 4, 8, 9, 12, 13, 14, 15, 16, 17, 18, 21, 24, 25, 19, 28, 29, 31, 22, 23, 36, 40, 41, 38, 37, 30, 39, 20, 46, 47, 51, 52, 53, 50, 60, 61, 58, 59, 6, 7, 32, 33, 56, 57, 55, 74, 75, 76]
  列生成求解结果: 目标值=7.0000， 下界=6.1538， 上界=10.0000
    非整数变量: COL_0-2-20-8_88 = 0.161538
  解不是整数，开始分支...
ImposedVertex(vertex=23)
ForbidVertex(vertex=23)
  创建了 2 个分支
    添加分支节点 1: ID=78
    添加分支节点 2: ID=79

处理节点 77
  开始列生成求解...
Set parameter LogToConsole to value 0
Set parameter Threads to value 1
Set parameter Seed to value 0
  定价策略: Exact, node=77, vertices=14
Set parameter PoolSearchMode to value 2
Set parameter PoolSolutions to value 10
[CG 1] RMP=20.000000, pricing=ExactPricingSolver, new_columns=0
  搜索路径: [1, 2, 3, 5, 4, 8, 9, 12, 13, 14, 15, 16, 17, 18, 21, 24, 25, 19, 28, 29, 31, 22, 23, 36, 40, 41, 38, 37, 30, 39, 20, 46, 47, 51, 52, 53, 50, 60, 61, 58, 59, 6, 7, 32, 33, 56, 57, 55, 74, 75, 76, 77]
  列生成求解结果: 目标值=20.0000， 下界=6.1538， 上界=10.0000

处理节点 54
  开始列生成求解...
Set parameter LogToConsole to value 0
Set parameter Threads to value 1
Set parameter Seed to value 0
  定价策略: Exact, node=54, vertices=14
Set parameter PoolSearchMode to value 2
Set parameter PoolSolutions to value 10
[CG 1] RMP=16.000000, pricing=ExactPricingSolver, new_columns=10
[CG 2] RMP=15.000000, pricing=ExactPricingSolver, new_columns=0
  搜索路径: [1, 2, 3, 5, 4, 8, 9, 12, 13, 14, 15, 16, 17, 18, 21, 24, 25, 19, 28, 29, 31, 22, 23, 36, 40, 41, 38, 37, 30, 39, 20, 46, 47, 51, 52, 53, 50, 60, 61, 58, 59, 6, 7, 32, 33, 56, 57, 55, 74, 75, 76, 77, 54]
  列生成求解结果: 目标值=15.0000， 下界=6.1538， 上界=10.0000

处理节点 70
  开始列生成求解...
Set parameter LogToConsole to value 0
Set parameter Threads to value 1
Set parameter Seed to value 0
  定价策略: Exact, node=70, vertices=17
Set parameter PoolSearchMode to value 2
Set parameter PoolSolutions to value 10
[CG 1] RMP=6.740741, pricing=ExactPricingSolver, new_columns=0
  搜索路径: [1, 2, 3, 5, 4, 8, 9, 12, 13, 14, 15, 16, 17, 18, 21, 24, 25, 19, 28, 29, 31, 22, 23, 36, 40, 41, 38, 37, 30, 39, 20, 46, 47, 51, 52, 53, 50, 60, 61, 58, 59, 6, 7, 32, 33, 56, 57, 55, 74, 75, 76, 77, 54, 70]
  列生成求解结果: 目标值=6.7407， 下界=6.1538， 上界=10.0000
    非整数变量: COL_0-17-2-20-26-28_79 = 0.194444
  解不是整数，开始分支...
ImposedVertex(vertex=26)
ForbidVertex(vertex=26)
  创建了 2 个分支
    添加分支节点 1: ID=80
    添加分支节点 2: ID=81

处理节点 71
  开始列生成求解...
Set parameter LogToConsole to value 0
Set parameter Threads to value 1
Set parameter Seed to value 0
  定价策略: Exact, node=71, vertices=19
Set parameter PoolSearchMode to value 2
Set parameter PoolSolutions to value 10
[CG 1] RMP=32.000000, pricing=ExactPricingSolver, new_columns=10
[CG 2] RMP=8.529174, pricing=ExactPricingSolver, new_columns=10
[CG 3] RMP=6.740741, pricing=ExactPricingSolver, new_columns=0
  搜索路径: [1, 2, 3, 5, 4, 8, 9, 12, 13, 14, 15, 16, 17, 18, 21, 24, 25, 19, 28, 29, 31, 22, 23, 36, 40, 41, 38, 37, 30, 39, 20, 46, 47, 51, 52, 53, 50, 60, 61, 58, 59, 6, 7, 32, 33, 56, 57, 55, 74, 75, 76, 77, 54, 70, 71]
  列生成求解结果: 目标值=6.7407， 下界=6.7407， 上界=10.0000
    非整数变量: COL_27_5 = 0.022222
  解不是整数，开始分支...
ImposedVertex(vertex=4)
ForbidVertex(vertex=4)
  创建了 2 个分支
    添加分支节点 1: ID=82
    添加分支节点 2: ID=83

处理节点 80
  开始列生成求解...
Set parameter LogToConsole to value 0
Set parameter Threads to value 1
Set parameter Seed to value 0
  定价策略: Exact, node=80, vertices=16
Set parameter PoolSearchMode to value 2
Set parameter PoolSolutions to value 10
[CG 1] RMP=9.000000, pricing=ExactPricingSolver, new_columns=0
  搜索路径: [1, 2, 3, 5, 4, 8, 9, 12, 13, 14, 15, 16, 17, 18, 21, 24, 25, 19, 28, 29, 31, 22, 23, 36, 40, 41, 38, 37, 30, 39, 20, 46, 47, 51, 52, 53, 50, 60, 61, 58, 59, 6, 7, 32, 33, 56, 57, 55, 74, 75, 76, 77, 54, 70, 71, 80]
  列生成求解结果: 目标值=9.0000， 下界=6.7407， 上界=10.0000
    非整数变量: COL_0-17-2-20-26-28_79 = 0.500000
  解不是整数，开始分支...
ImposedVertex(vertex=28)
ForbidVertex(vertex=28)
  创建了 2 个分支
    添加分支节点 1: ID=84
    添加分支节点 2: ID=85

处理节点 81
  开始列生成求解...
Set parameter LogToConsole to value 0
Set parameter Threads to value 1
Set parameter Seed to value 0
  定价策略: Exact, node=81, vertices=16
Set parameter PoolSearchMode to value 2
Set parameter PoolSolutions to value 10
[CG 1] RMP=16.000000, pricing=ExactPricingSolver, new_columns=10
[CG 2] RMP=14.000000, pricing=ExactPricingSolver, new_columns=10
[CG 3] RMP=8.235294, pricing=ExactPricingSolver, new_columns=10
[CG 4] RMP=8.000000, pricing=ExactPricingSolver, new_columns=10
[CG 5] RMP=8.000000, pricing=ExactPricingSolver, new_columns=10
[CG 6] RMP=6.740741, pricing=ExactPricingSolver, new_columns=0
  搜索路径: [1, 2, 3, 5, 4, 8, 9, 12, 13, 14, 15, 16, 17, 18, 21, 24, 25, 19, 28, 29, 31, 22, 23, 36, 40, 41, 38, 37, 30, 39, 20, 46, 47, 51, 52, 53, 50, 60, 61, 58, 59, 6, 7, 32, 33, 56, 57, 55, 74, 75, 76, 77, 54, 70, 71, 80, 81]
  列生成求解结果: 目标值=6.7407， 下界=6.7407， 上界=10.0000
    非整数变量: COL_27_5 = 0.023148
  解不是整数，开始分支...
ImposedVertex(vertex=7)
ForbidVertex(vertex=7)
  创建了 2 个分支
    添加分支节点 1: ID=86
    添加分支节点 2: ID=87

处理节点 83
  开始列生成求解...
Set parameter LogToConsole to value 0
Set parameter Threads to value 1
Set parameter Seed to value 0
  定价策略: Exact, node=83, vertices=18
Set parameter PoolSearchMode to value 2
Set parameter PoolSolutions to value 10
[CG 1] RMP=6.740741, pricing=ExactPricingSolver, new_columns=0
  搜索路径: [1, 2, 3, 5, 4, 8, 9, 12, 13, 14, 15, 16, 17, 18, 21, 24, 25, 19, 28, 29, 31, 22, 23, 36, 40, 41, 38, 37, 30, 39, 20, 46, 47, 51, 52, 53, 50, 60, 61, 58, 59, 6, 7, 32, 33, 56, 57, 55, 74, 75, 76, 77, 54, 70, 71, 80, 81, 83]
  列生成求解结果: 目标值=6.7407， 下界=6.7407， 上界=10.0000
    非整数变量: COL_27_5 = 0.046811
  解不是整数，开始分支...
ImposedVertex(vertex=27)
ForbidVertex(vertex=27)
  创建了 2 个分支
    添加分支节点 1: ID=88
    添加分支节点 2: ID=89

处理节点 82
  开始列生成求解...
Set parameter LogToConsole to value 0
Set parameter Threads to value 1
Set parameter Seed to value 0
  定价策略: Exact, node=82, vertices=17
Set parameter PoolSearchMode to value 2
Set parameter PoolSolutions to value 10
[CG 1] RMP=15.000000, pricing=ExactPricingSolver, new_columns=0
  搜索路径: [1, 2, 3, 5, 4, 8, 9, 12, 13, 14, 15, 16, 17, 18, 21, 24, 25, 19, 28, 29, 31, 22, 23, 36, 40, 41, 38, 37, 30, 39, 20, 46, 47, 51, 52, 53, 50, 60, 61, 58, 59, 6, 7, 32, 33, 56, 57, 55, 74, 75, 76, 77, 54, 70, 71, 80, 81, 83, 82]
  列生成求解结果: 目标值=15.0000， 下界=6.7407， 上界=10.0000

处理节点 86
  开始列生成求解...
Set parameter LogToConsole to value 0
Set parameter Threads to value 1
Set parameter Seed to value 0
  定价策略: Exact, node=86, vertices=15
Set parameter PoolSearchMode to value 2
Set parameter PoolSolutions to value 10
[CG 1] RMP=6.740741, pricing=ExactPricingSolver, new_columns=0
  搜索路径: [1, 2, 3, 5, 4, 8, 9, 12, 13, 14, 15, 16, 17, 18, 21, 24, 25, 19, 28, 29, 31, 22, 23, 36, 40, 41, 38, 37, 30, 39, 20, 46, 47, 51, 52, 53, 50, 60, 61, 58, 59, 6, 7, 32, 33, 56, 57, 55, 74, 75, 76, 77, 54, 70, 71, 80, 81, 83, 82, 86]
  列生成求解结果: 目标值=6.7407， 下界=6.7407， 上界=10.0000
    非整数变量: COL_0-2-20-23_99 = 0.107407
  解不是整数，开始分支...
ImposedVertex(vertex=23)
ForbidVertex(vertex=23)
  创建了 2 个分支
    添加分支节点 1: ID=90
    添加分支节点 2: ID=91
  进度: 已处理 60 个节点, 剩余 31 个, 当前最优 10.0000, 当前列数: 505

处理节点 87
  开始列生成求解...
Set parameter LogToConsole to value 0
Set parameter Threads to value 1
Set parameter Seed to value 0
  定价策略: Exact, node=87, vertices=15
Set parameter PoolSearchMode to value 2
Set parameter PoolSolutions to value 10
[CG 1] RMP=6.740741, pricing=ExactPricingSolver, new_columns=0
  搜索路径: [1, 2, 3, 5, 4, 8, 9, 12, 13, 14, 15, 16, 17, 18, 21, 24, 25, 19, 28, 29, 31, 22, 23, 36, 40, 41, 38, 37, 30, 39, 20, 46, 47, 51, 52, 53, 50, 60, 61, 58, 59, 6, 7, 32, 33, 56, 57, 55, 74, 75, 76, 77, 54, 70, 71, 80, 81, 83, 82, 86, 87]
  列生成求解结果: 目标值=6.7407， 下界=6.7407， 上界=10.0000
    非整数变量: COL_27_5 = 0.009259
  解不是整数，开始分支...
ImposedVertex(vertex=12)
ForbidVertex(vertex=12)
  创建了 2 个分支
    添加分支节点 1: ID=92
    添加分支节点 2: ID=93

处理节点 88
  开始列生成求解...
Set parameter LogToConsole to value 0
Set parameter Threads to value 1
Set parameter Seed to value 0
  定价策略: Exact, node=88, vertices=17
Set parameter PoolSearchMode to value 2
Set parameter PoolSolutions to value 10
[CG 1] RMP=16.000000, pricing=ExactPricingSolver, new_columns=10
[CG 2] RMP=8.000000, pricing=ExactPricingSolver, new_columns=10
[CG 3] RMP=8.000000, pricing=ExactPricingSolver, new_columns=10
[CG 4] RMP=6.740741, pricing=ExactPricingSolver, new_columns=0
  搜索路径: [1, 2, 3, 5, 4, 8, 9, 12, 13, 14, 15, 16, 17, 18, 21, 24, 25, 19, 28, 29, 31, 22, 23, 36, 40, 41, 38, 37, 30, 39, 20, 46, 47, 51, 52, 53, 50, 60, 61, 58, 59, 6, 7, 32, 33, 56, 57, 55, 74, 75, 76, 77, 54, 70, 71, 80, 81, 83, 82, 86, 87, 88]
  列生成求解结果: 目标值=6.7407， 下界=6.7407， 上界=10.0000
    非整数变量: COL_27_5 = 0.190741
  解不是整数，开始分支...
ImposedVertex(vertex=8)
ForbidVertex(vertex=8)
  创建了 2 个分支
    添加分支节点 1: ID=94
    添加分支节点 2: ID=95

处理节点 89
  开始列生成求解...
Set parameter LogToConsole to value 0
Set parameter Threads to value 1
Set parameter Seed to value 0
  定价策略: Exact, node=89, vertices=17
Set parameter PoolSearchMode to value 2
Set parameter PoolSolutions to value 10
[CG 1] RMP=9.000000, pricing=ExactPricingSolver, new_columns=0
  搜索路径: [1, 2, 3, 5, 4, 8, 9, 12, 13, 14, 15, 16, 17, 18, 21, 24, 25, 19, 28, 29, 31, 22, 23, 36, 40, 41, 38, 37, 30, 39, 20, 46, 47, 51, 52, 53, 50, 60, 61, 58, 59, 6, 7, 32, 33, 56, 57, 55, 74, 75, 76, 77, 54, 70, 71, 80, 81, 83, 82, 86, 87, 88, 89]
  列生成求解结果: 目标值=9.0000， 下界=6.7407， 上界=10.0000
    非整数变量: COL_0-17-20-26-28_77 = 0.207692
  解不是整数，开始分支...
ImposedVertex(vertex=28)
ForbidVertex(vertex=28)
  创建了 2 个分支
    添加分支节点 1: ID=96
    添加分支节点 2: ID=97

处理节点 90
  开始列生成求解...
Set parameter LogToConsole to value 0
Set parameter Threads to value 1
Set parameter Seed to value 0
  定价策略: Exact, node=90, vertices=14
Set parameter PoolSearchMode to value 2
Set parameter PoolSolutions to value 10
[CG 1] RMP=8.000000, pricing=ExactPricingSolver, new_columns=0
  搜索路径: [1, 2, 3, 5, 4, 8, 9, 12, 13, 14, 15, 16, 17, 18, 21, 24, 25, 19, 28, 29, 31, 22, 23, 36, 40, 41, 38, 37, 30, 39, 20, 46, 47, 51, 52, 53, 50, 60, 61, 58, 59, 6, 7, 32, 33, 56, 57, 55, 74, 75, 76, 77, 54, 70, 71, 80, 81, 83, 82, 86, 87, 88, 89, 90]
  列生成求解结果: 目标值=8.0000， 下界=6.7407， 上界=10.0000
    非整数变量: COL_27_5 = 0.261905
  解不是整数，开始分支...
ImposedVertex(vertex=29)
ForbidVertex(vertex=29)
  创建了 2 个分支
    添加分支节点 1: ID=98
    添加分支节点 2: ID=99

处理节点 91
  开始列生成求解...
Set parameter LogToConsole to value 0
Set parameter Threads to value 1
Set parameter Seed to value 0
  定价策略: Exact, node=91, vertices=14
Set parameter PoolSearchMode to value 2
Set parameter PoolSolutions to value 10
[CG 1] RMP=13.000000, pricing=ExactPricingSolver, new_columns=0
  搜索路径: [1, 2, 3, 5, 4, 8, 9, 12, 13, 14, 15, 16, 17, 18, 21, 24, 25, 19, 28, 29, 31, 22, 23, 36, 40, 41, 38, 37, 30, 39, 20, 46, 47, 51, 52, 53, 50, 60, 61, 58, 59, 6, 7, 32, 33, 56, 57, 55, 74, 75, 76, 77, 54, 70, 71, 80, 81, 83, 82, 86, 87, 88, 89, 90, 91]
  列生成求解结果: 目标值=13.0000， 下界=6.7407， 上界=10.0000

处理节点 92
  开始列生成求解...
Set parameter LogToConsole to value 0
Set parameter Threads to value 1
Set parameter Seed to value 0
  定价策略: Exact, node=92, vertices=14
Set parameter PoolSearchMode to value 2
Set parameter PoolSolutions to value 10
[CG 1] RMP=7.000000, pricing=ExactPricingSolver, new_columns=0
  搜索路径: [1, 2, 3, 5, 4, 8, 9, 12, 13, 14, 15, 16, 17, 18, 21, 24, 25, 19, 28, 29, 31, 22, 23, 36, 40, 41, 38, 37, 30, 39, 20, 46, 47, 51, 52, 53, 50, 60, 61, 58, 59, 6, 7, 32, 33, 56, 57, 55, 74, 75, 76, 77, 54, 70, 71, 80, 81, 83, 82, 86, 87, 88, 89, 90, 91, 92]
  列生成求解结果: 目标值=7.0000， 下界=6.7407， 上界=10.0000
    非整数变量: COL_0-2-20-8_88 = 0.025000
  解不是整数，开始分支...
ImposedVertex(vertex=23)
ForbidVertex(vertex=23)
  创建了 2 个分支
    添加分支节点 1: ID=100
    添加分支节点 2: ID=101

处理节点 93
  开始列生成求解...
Set parameter LogToConsole to value 0
Set parameter Threads to value 1
Set parameter Seed to value 0
  定价策略: Exact, node=93, vertices=14
Set parameter PoolSearchMode to value 2
Set parameter PoolSolutions to value 10
[CG 1] RMP=2010.000000, pricing=ExactPricingSolver, new_columns=10
[CG 2] RMP=20.000000, pricing=ExactPricingSolver, new_columns=0
  搜索路径: [1, 2, 3, 5, 4, 8, 9, 12, 13, 14, 15, 16, 17, 18, 21, 24, 25, 19, 28, 29, 31, 22, 23, 36, 40, 41, 38, 37, 30, 39, 20, 46, 47, 51, 52, 53, 50, 60, 61, 58, 59, 6, 7, 32, 33, 56, 57, 55, 74, 75, 76, 77, 54, 70, 71, 80, 81, 83, 82, 86, 87, 88, 89, 90, 91, 92, 93]
  列生成求解结果: 目标值=20.0000， 下界=6.7407， 上界=10.0000

处理节点 94
  开始列生成求解...
Set parameter LogToConsole to value 0
Set parameter Threads to value 1
Set parameter Seed to value 0
  定价策略: Exact, node=94, vertices=16
Set parameter PoolSearchMode to value 2
Set parameter PoolSolutions to value 10
[CG 1] RMP=16.000000, pricing=ExactPricingSolver, new_columns=10
[CG 2] RMP=14.000000, pricing=ExactPricingSolver, new_columns=10
[CG 3] RMP=11.224944, pricing=ExactPricingSolver, new_columns=10
[CG 4] RMP=6.740741, pricing=ExactPricingSolver, new_columns=0
  搜索路径: [1, 2, 3, 5, 4, 8, 9, 12, 13, 14, 15, 16, 17, 18, 21, 24, 25, 19, 28, 29, 31, 22, 23, 36, 40, 41, 38, 37, 30, 39, 20, 46, 47, 51, 52, 53, 50, 60, 61, 58, 59, 6, 7, 32, 33, 56, 57, 55, 74, 75, 76, 77, 54, 70, 71, 80, 81, 83, 82, 86, 87, 88, 89, 90, 91, 92, 93, 94]
  列生成求解结果: 目标值=6.7407， 下界=6.7407， 上界=10.0000
    非整数变量: COL_0-20-8_87 = 0.162037
  解不是整数，开始分支...
ImposedVertex(vertex=3)
ForbidVertex(vertex=3)
  创建了 2 个分支
    添加分支节点 1: ID=102
    添加分支节点 2: ID=103

处理节点 95
  开始列生成求解...
Set parameter LogToConsole to value 0
Set parameter Threads to value 1
Set parameter Seed to value 0
  定价策略: Exact, node=95, vertices=16
Set parameter PoolSearchMode to value 2
Set parameter PoolSolutions to value 10
[CG 1] RMP=6.740741, pricing=ExactPricingSolver, new_columns=0
  搜索路径: [1, 2, 3, 5, 4, 8, 9, 12, 13, 14, 15, 16, 17, 18, 21, 24, 25, 19, 28, 29, 31, 22, 23, 36, 40, 41, 38, 37, 30, 39, 20, 46, 47, 51, 52, 53, 50, 60, 61, 58, 59, 6, 7, 32, 33, 56, 57, 55, 74, 75, 76, 77, 54, 70, 71, 80, 81, 83, 82, 86, 87, 88, 89, 90, 91, 92, 93, 94, 95]
  列生成求解结果: 目标值=6.7407， 下界=6.7407， 上界=10.0000
    非整数变量: COL_20_4 = 0.137037
  解不是整数，开始分支...
ImposedVertex(vertex=12)
ForbidVertex(vertex=12)
  创建了 2 个分支
    添加分支节点 1: ID=104
    添加分支节点 2: ID=105

处理节点 104
  开始列生成求解...
Set parameter LogToConsole to value 0
Set parameter Threads to value 1
Set parameter Seed to value 0
  定价策略: Exact, node=104, vertices=15
Set parameter PoolSearchMode to value 2
Set parameter PoolSolutions to value 10
[CG 1] RMP=7.000000, pricing=ExactPricingSolver, new_columns=0
  搜索路径: [1, 2, 3, 5, 4, 8, 9, 12, 13, 14, 15, 16, 17, 18, 21, 24, 25, 19, 28, 29, 31, 22, 23, 36, 40, 41, 38, 37, 30, 39, 20, 46, 47, 51, 52, 53, 50, 60, 61, 58, 59, 6, 7, 32, 33, 56, 57, 55, 74, 75, 76, 77, 54, 70, 71, 80, 81, 83, 82, 86, 87, 88, 89, 90, 91, 92, 93, 94, 95, 104]
  列生成求解结果: 目标值=7.0000， 下界=6.7407， 上界=10.0000
    非整数变量: COL_27_5 = 0.166667
  解不是整数，开始分支...
ImposedVertex(vertex=3)
ForbidVertex(vertex=3)
  创建了 2 个分支
    添加分支节点 1: ID=106
    添加分支节点 2: ID=107
  进度: 已处理 70 个节点, 剩余 37 个, 当前最优 10.0000, 当前列数: 575

处理节点 105
  开始列生成求解...
Set parameter LogToConsole to value 0
Set parameter Threads to value 1
Set parameter Seed to value 0
  定价策略: Exact, node=105, vertices=15
Set parameter PoolSearchMode to value 2
Set parameter PoolSolutions to value 10
[CG 1] RMP=20.000000, pricing=ExactPricingSolver, new_columns=0
  搜索路径: [1, 2, 3, 5, 4, 8, 9, 12, 13, 14, 15, 16, 17, 18, 21, 24, 25, 19, 28, 29, 31, 22, 23, 36, 40, 41, 38, 37, 30, 39, 20, 46, 47, 51, 52, 53, 50, 60, 61, 58, 59, 6, 7, 32, 33, 56, 57, 55, 74, 75, 76, 77, 54, 70, 71, 80, 81, 83, 82, 86, 87, 88, 89, 90, 91, 92, 93, 94, 95, 104, 105]
  列生成求解结果: 目标值=20.0000， 下界=6.7407， 上界=10.0000

处理节点 102
  开始列生成求解...
Set parameter LogToConsole to value 0
Set parameter Threads to value 1
Set parameter Seed to value 0
  定价策略: Exact, node=102, vertices=15
Set parameter PoolSearchMode to value 2
Set parameter PoolSolutions to value 10
[CG 1] RMP=15.000000, pricing=ExactPricingSolver, new_columns=0
  搜索路径: [1, 2, 3, 5, 4, 8, 9, 12, 13, 14, 15, 16, 17, 18, 21, 24, 25, 19, 28, 29, 31, 22, 23, 36, 40, 41, 38, 37, 30, 39, 20, 46, 47, 51, 52, 53, 50, 60, 61, 58, 59, 6, 7, 32, 33, 56, 57, 55, 74, 75, 76, 77, 54, 70, 71, 80, 81, 83, 82, 86, 87, 88, 89, 90, 91, 92, 93, 94, 95, 104, 105, 102]
  列生成求解结果: 目标值=15.0000， 下界=6.7407， 上界=10.0000

处理节点 103
  开始列生成求解...
Set parameter LogToConsole to value 0
Set parameter Threads to value 1
Set parameter Seed to value 0
  定价策略: Exact, node=103, vertices=15
Set parameter PoolSearchMode to value 2
Set parameter PoolSolutions to value 10
[CG 1] RMP=8.888889, pricing=ExactPricingSolver, new_columns=10
[CG 2] RMP=8.115942, pricing=ExactPricingSolver, new_columns=10
[CG 3] RMP=6.740741, pricing=ExactPricingSolver, new_columns=0
  搜索路径: [1, 2, 3, 5, 4, 8, 9, 12, 13, 14, 15, 16, 17, 18, 21, 24, 25, 19, 28, 29, 31, 22, 23, 36, 40, 41, 38, 37, 30, 39, 20, 46, 47, 51, 52, 53, 50, 60, 61, 58, 59, 6, 7, 32, 33, 56, 57, 55, 74, 75, 76, 77, 54, 70, 71, 80, 81, 83, 82, 86, 87, 88, 89, 90, 91, 92, 93, 94, 95, 104, 105, 102, 103]
  列生成求解结果: 目标值=6.7407， 下界=6.7407， 上界=10.0000
    非整数变量: COL_0-20-8_87 = 0.601852
  解不是整数，开始分支...
ImposedVertex(vertex=11)
ForbidVertex(vertex=11)
  创建了 2 个分支
    添加分支节点 1: ID=108
    添加分支节点 2: ID=109

处理节点 108
  开始列生成求解...
Set parameter LogToConsole to value 0
Set parameter Threads to value 1
Set parameter Seed to value 0
  定价策略: Exact, node=108, vertices=14
Set parameter PoolSearchMode to value 2
Set parameter PoolSolutions to value 10
[CG 1] RMP=20.000000, pricing=ExactPricingSolver, new_columns=0
  搜索路径: [1, 2, 3, 5, 4, 8, 9, 12, 13, 14, 15, 16, 17, 18, 21, 24, 25, 19, 28, 29, 31, 22, 23, 36, 40, 41, 38, 37, 30, 39, 20, 46, 47, 51, 52, 53, 50, 60, 61, 58, 59, 6, 7, 32, 33, 56, 57, 55, 74, 75, 76, 77, 54, 70, 71, 80, 81, 83, 82, 86, 87, 88, 89, 90, 91, 92, 93, 94, 95, 104, 105, 102, 103, 108]
  列生成求解结果: 目标值=20.0000， 下界=6.7407， 上界=10.0000

处理节点 109
  开始列生成求解...
Set parameter LogToConsole to value 0
Set parameter Threads to value 1
Set parameter Seed to value 0
  定价策略: Exact, node=109, vertices=14
Set parameter PoolSearchMode to value 2
Set parameter PoolSolutions to value 10
[CG 1] RMP=7.466667, pricing=ExactPricingSolver, new_columns=10
[CG 2] RMP=7.000000, pricing=ExactPricingSolver, new_columns=0
  搜索路径: [1, 2, 3, 5, 4, 8, 9, 12, 13, 14, 15, 16, 17, 18, 21, 24, 25, 19, 28, 29, 31, 22, 23, 36, 40, 41, 38, 37, 30, 39, 20, 46, 47, 51, 52, 53, 50, 60, 61, 58, 59, 6, 7, 32, 33, 56, 57, 55, 74, 75, 76, 77, 54, 70, 71, 80, 81, 83, 82, 86, 87, 88, 89, 90, 91, 92, 93, 94, 95, 104, 105, 102, 103, 108, 109]
  列生成求解结果: 目标值=7.0000， 下界=6.7407， 上界=10.0000
    非整数变量: COL_0-20-8_87 = 0.444444
  解不是整数，开始分支...
ImposedVertex(vertex=23)
ForbidVertex(vertex=23)
  创建了 2 个分支
    添加分支节点 1: ID=110
    添加分支节点 2: ID=111

处理节点 69
  开始列生成求解...
Set parameter LogToConsole to value 0
Set parameter Threads to value 1
Set parameter Seed to value 0
  定价策略: Exact, node=69, vertices=26
Set parameter PoolSearchMode to value 2
Set parameter PoolSolutions to value 10
[CG 1] RMP=6.964286, pricing=ExactPricingSolver, new_columns=0
  搜索路径: [1, 2, 3, 5, 4, 8, 9, 12, 13, 14, 15, 16, 17, 18, 21, 24, 25, 19, 28, 29, 31, 22, 23, 36, 40, 41, 38, 37, 30, 39, 20, 46, 47, 51, 52, 53, 50, 60, 61, 58, 59, 6, 7, 32, 33, 56, 57, 55, 74, 75, 76, 77, 54, 70, 71, 80, 81, 83, 82, 86, 87, 88, 89, 90, 91, 92, 93, 94, 95, 104, 105, 102, 103, 108, 109, 69]
  列生成求解结果: 目标值=6.9643， 下界=6.9643， 上界=10.0000
    非整数变量: COL_19-27-28_7 = 0.255952
  解不是整数，开始分支...
ImposedVertex(vertex=19)
ForbidVertex(vertex=19)
  创建了 2 个分支
    添加分支节点 1: ID=112
    添加分支节点 2: ID=113

处理节点 68
  开始列生成求解...
Set parameter LogToConsole to value 0
Set parameter Threads to value 1
Set parameter Seed to value 0
  定价策略: Exact, node=68, vertices=25
Set parameter PoolSearchMode to value 2
Set parameter PoolSolutions to value 10
[CG 1] RMP=11.000000, pricing=ExactPricingSolver, new_columns=0
  搜索路径: [1, 2, 3, 5, 4, 8, 9, 12, 13, 14, 15, 16, 17, 18, 21, 24, 25, 19, 28, 29, 31, 22, 23, 36, 40, 41, 38, 37, 30, 39, 20, 46, 47, 51, 52, 53, 50, 60, 61, 58, 59, 6, 7, 32, 33, 56, 57, 55, 74, 75, 76, 77, 54, 70, 71, 80, 81, 83, 82, 86, 87, 88, 89, 90, 91, 92, 93, 94, 95, 104, 105, 102, 103, 108, 109, 69, 68]
  列生成求解结果: 目标值=11.0000， 下界=6.9643， 上界=10.0000

处理节点 112
  开始列生成求解...
Set parameter LogToConsole to value 0
Set parameter Threads to value 1
Set parameter Seed to value 0
  定价策略: Exact, node=112, vertices=25
Set parameter PoolSearchMode to value 2
Set parameter PoolSolutions to value 10
[CG 1] RMP=7.000000, pricing=ExactPricingSolver, new_columns=0
  搜索路径: [1, 2, 3, 5, 4, 8, 9, 12, 13, 14, 15, 16, 17, 18, 21, 24, 25, 19, 28, 29, 31, 22, 23, 36, 40, 41, 38, 37, 30, 39, 20, 46, 47, 51, 52, 53, 50, 60, 61, 58, 59, 6, 7, 32, 33, 56, 57, 55, 74, 75, 76, 77, 54, 70, 71, 80, 81, 83, 82, 86, 87, 88, 89, 90, 91, 92, 93, 94, 95, 104, 105, 102, 103, 108, 109, 69, 68, 112]
  列生成求解结果: 目标值=7.0000， 下界=6.9643， 上界=10.0000
    非整数变量: COL_19-27-28_7 = 0.228205
  解不是整数，开始分支...
ImposedVertex(vertex=27)
ForbidVertex(vertex=27)
  创建了 2 个分支
    添加分支节点 1: ID=114
    添加分支节点 2: ID=115

处理节点 113
  开始列生成求解...
Set parameter LogToConsole to value 0
Set parameter Threads to value 1
Set parameter Seed to value 0
  定价策略: Exact, node=113, vertices=25
Set parameter PoolSearchMode to value 2
Set parameter PoolSolutions to value 10
[CG 1] RMP=17.000000, pricing=ExactPricingSolver, new_columns=0
  搜索路径: [1, 2, 3, 5, 4, 8, 9, 12, 13, 14, 15, 16, 17, 18, 21, 24, 25, 19, 28, 29, 31, 22, 23, 36, 40, 41, 38, 37, 30, 39, 20, 46, 47, 51, 52, 53, 50, 60, 61, 58, 59, 6, 7, 32, 33, 56, 57, 55, 74, 75, 76, 77, 54, 70, 71, 80, 81, 83, 82, 86, 87, 88, 89, 90, 91, 92, 93, 94, 95, 104, 105, 102, 103, 108, 109, 69, 68, 112, 113]
  列生成求解结果: 目标值=17.0000， 下界=6.9643， 上界=10.0000

处理节点 79
  开始列生成求解...
Set parameter LogToConsole to value 0
Set parameter Threads to value 1
Set parameter Seed to value 0
  定价策略: Exact, node=79, vertices=13
Set parameter PoolSearchMode to value 2
Set parameter PoolSolutions to value 10
[CG 1] RMP=13.000000, pricing=ExactPricingSolver, new_columns=0
  搜索路径: [1, 2, 3, 5, 4, 8, 9, 12, 13, 14, 15, 16, 17, 18, 21, 24, 25, 19, 28, 29, 31, 22, 23, 36, 40, 41, 38, 37, 30, 39, 20, 46, 47, 51, 52, 53, 50, 60, 61, 58, 59, 6, 7, 32, 33, 56, 57, 55, 74, 75, 76, 77, 54, 70, 71, 80, 81, 83, 82, 86, 87, 88, 89, 90, 91, 92, 93, 94, 95, 104, 105, 102, 103, 108, 109, 69, 68, 112, 113, 79]
  列生成求解结果: 目标值=13.0000， 下界=6.9643， 上界=10.0000

处理节点 101
  开始列生成求解...
Set parameter LogToConsole to value 0
Set parameter Threads to value 1
Set parameter Seed to value 0
  定价策略: Exact, node=101, vertices=13
Set parameter PoolSearchMode to value 2
Set parameter PoolSolutions to value 10
[CG 1] RMP=2010.000000, pricing=ExactPricingSolver, new_columns=10
[CG 2] RMP=13.000000, pricing=ExactPricingSolver, new_columns=0
  搜索路径: [1, 2, 3, 5, 4, 8, 9, 12, 13, 14, 15, 16, 17, 18, 21, 24, 25, 19, 28, 29, 31, 22, 23, 36, 40, 41, 38, 37, 30, 39, 20, 46, 47, 51, 52, 53, 50, 60, 61, 58, 59, 6, 7, 32, 33, 56, 57, 55, 74, 75, 76, 77, 54, 70, 71, 80, 81, 83, 82, 86, 87, 88, 89, 90, 91, 92, 93, 94, 95, 104, 105, 102, 103, 108, 109, 69, 68, 112, 113, 79, 101]
  列生成求解结果: 目标值=13.0000， 下界=6.9643， 上界=10.0000

处理节点 78
  开始列生成求解...
Set parameter LogToConsole to value 0
Set parameter Threads to value 1
Set parameter Seed to value 0
  定价策略: Exact, node=78, vertices=13
Set parameter PoolSearchMode to value 2
Set parameter PoolSolutions to value 10
[CG 1] RMP=8.000000, pricing=ExactPricingSolver, new_columns=0
  搜索路径: [1, 2, 3, 5, 4, 8, 9, 12, 13, 14, 15, 16, 17, 18, 21, 24, 25, 19, 28, 29, 31, 22, 23, 36, 40, 41, 38, 37, 30, 39, 20, 46, 47, 51, 52, 53, 50, 60, 61, 58, 59, 6, 7, 32, 33, 56, 57, 55, 74, 75, 76, 77, 54, 70, 71, 80, 81, 83, 82, 86, 87, 88, 89, 90, 91, 92, 93, 94, 95, 104, 105, 102, 103, 108, 109, 69, 68, 112, 113, 79, 101, 78]
  列生成求解结果: 目标值=8.0000， 下界=6.9643， 上界=10.0000
    非整数变量: COL_0-2-20-8_88 = 0.428571
  解不是整数，开始分支...
ImposedVertex(vertex=29)
ForbidVertex(vertex=29)
  创建了 2 个分支
    添加分支节点 1: ID=116
    添加分支节点 2: ID=117

处理节点 110
  开始列生成求解...
Set parameter LogToConsole to value 0
Set parameter Threads to value 1
Set parameter Seed to value 0
  定价策略: Exact, node=110, vertices=13
Set parameter PoolSearchMode to value 2
Set parameter PoolSolutions to value 10
[CG 1] RMP=8.000000, pricing=ExactPricingSolver, new_columns=0
  搜索路径: [1, 2, 3, 5, 4, 8, 9, 12, 13, 14, 15, 16, 17, 18, 21, 24, 25, 19, 28, 29, 31, 22, 23, 36, 40, 41, 38, 37, 30, 39, 20, 46, 47, 51, 52, 53, 50, 60, 61, 58, 59, 6, 7, 32, 33, 56, 57, 55, 74, 75, 76, 77, 54, 70, 71, 80, 81, 83, 82, 86, 87, 88, 89, 90, 91, 92, 93, 94, 95, 104, 105, 102, 103, 108, 109, 69, 68, 112, 113, 79, 101, 78, 110]
  列生成求解结果: 目标值=8.0000， 下界=7.0000， 上界=10.0000
    非整数变量: COL_0-20-8_87 = 0.800000
  解不是整数，开始分支...
ImposedVertex(vertex=29)
ForbidVertex(vertex=29)
  创建了 2 个分支
    添加分支节点 1: ID=118
    添加分支节点 2: ID=119

处理节点 106
  开始列生成求解...
Set parameter LogToConsole to value 0
Set parameter Threads to value 1
Set parameter Seed to value 0
  定价策略: Exact, node=106, vertices=14
Set parameter PoolSearchMode to value 2
Set parameter PoolSolutions to value 10
[CG 1] RMP=15.000000, pricing=ExactPricingSolver, new_columns=0
  搜索路径: [1, 2, 3, 5, 4, 8, 9, 12, 13, 14, 15, 16, 17, 18, 21, 24, 25, 19, 28, 29, 31, 22, 23, 36, 40, 41, 38, 37, 30, 39, 20, 46, 47, 51, 52, 53, 50, 60, 61, 58, 59, 6, 7, 32, 33, 56, 57, 55, 74, 75, 76, 77, 54, 70, 71, 80, 81, 83, 82, 86, 87, 88, 89, 90, 91, 92, 93, 94, 95, 104, 105, 102, 103, 108, 109, 69, 68, 112, 113, 79, 101, 78, 110, 106]
  列生成求解结果: 目标值=15.0000， 下界=7.0000， 上界=10.0000

处理节点 111
  开始列生成求解...
Set parameter LogToConsole to value 0
Set parameter Threads to value 1
Set parameter Seed to value 0
  定价策略: Exact, node=111, vertices=13
Set parameter PoolSearchMode to value 2
Set parameter PoolSolutions to value 10
[CG 1] RMP=14.000000, pricing=ExactPricingSolver, new_columns=10
[CG 2] RMP=13.000000, pricing=ExactPricingSolver, new_columns=0
  搜索路径: [1, 2, 3, 5, 4, 8, 9, 12, 13, 14, 15, 16, 17, 18, 21, 24, 25, 19, 28, 29, 31, 22, 23, 36, 40, 41, 38, 37, 30, 39, 20, 46, 47, 51, 52, 53, 50, 60, 61, 58, 59, 6, 7, 32, 33, 56, 57, 55, 74, 75, 76, 77, 54, 70, 71, 80, 81, 83, 82, 86, 87, 88, 89, 90, 91, 92, 93, 94, 95, 104, 105, 102, 103, 108, 109, 69, 68, 112, 113, 79, 101, 78, 110, 106, 111]
  列生成求解结果: 目标值=13.0000， 下界=7.0000， 上界=10.0000

处理节点 114
  开始列生成求解...
Set parameter LogToConsole to value 0
Set parameter Threads to value 1
Set parameter Seed to value 0
  定价策略: Exact, node=114, vertices=24
Set parameter PoolSearchMode to value 2
Set parameter PoolSolutions to value 10
[CG 1] RMP=16.000000, pricing=ExactPricingSolver, new_columns=10
[CG 2] RMP=7.000000, pricing=ExactPricingSolver, new_columns=0
  搜索路径: [1, 2, 3, 5, 4, 8, 9, 12, 13, 14, 15, 16, 17, 18, 21, 24, 25, 19, 28, 29, 31, 22, 23, 36, 40, 41, 38, 37, 30, 39, 20, 46, 47, 51, 52, 53, 50, 60, 61, 58, 59, 6, 7, 32, 33, 56, 57, 55, 74, 75, 76, 77, 54, 70, 71, 80, 81, 83, 82, 86, 87, 88, 89, 90, 91, 92, 93, 94, 95, 104, 105, 102, 103, 108, 109, 69, 68, 112, 113, 79, 101, 78, 110, 106, 111, 114]
  列生成求解结果: 目标值=7.0000， 下界=7.0000， 上界=10.0000
    非整数变量: COL_19-27-28_7 = 0.024038
  解不是整数，开始分支...
ImposedVertex(vertex=28)
ForbidVertex(vertex=28)
  创建了 2 个分支
    添加分支节点 1: ID=120
    添加分支节点 2: ID=121

处理节点 115
  开始列生成求解...
Set parameter LogToConsole to value 0
Set parameter Threads to value 1
Set parameter Seed to value 0
  定价策略: Exact, node=115, vertices=24
Set parameter PoolSearchMode to value 2
Set parameter PoolSolutions to value 10
[CG 1] RMP=9.000000, pricing=ExactPricingSolver, new_columns=0
  搜索路径: [1, 2, 3, 5, 4, 8, 9, 12, 13, 14, 15, 16, 17, 18, 21, 24, 25, 19, 28, 29, 31, 22, 23, 36, 40, 41, 38, 37, 30, 39, 20, 46, 47, 51, 52, 53, 50, 60, 61, 58, 59, 6, 7, 32, 33, 56, 57, 55, 74, 75, 76, 77, 54, 70, 71, 80, 81, 83, 82, 86, 87, 88, 89, 90, 91, 92, 93, 94, 95, 104, 105, 102, 103, 108, 109, 69, 68, 112, 113, 79, 101, 78, 110, 106, 111, 114, 115]
  列生成求解结果: 目标值=9.0000， 下界=7.0000， 上界=10.0000
    非整数变量: COL_19-26-29_6 = 0.007692
  解不是整数，开始分支...
ImposedVertex(vertex=29)
ForbidVertex(vertex=29)
  创建了 2 个分支
    添加分支节点 1: ID=122
    添加分支节点 2: ID=123

处理节点 107
  开始列生成求解...
Set parameter LogToConsole to value 0
Set parameter Threads to value 1
Set parameter Seed to value 0
  定价策略: Exact, node=107, vertices=14
Set parameter PoolSearchMode to value 2
Set parameter PoolSolutions to value 10
[CG 1] RMP=7.316583, pricing=ExactPricingSolver, new_columns=10
[CG 2] RMP=7.000000, pricing=ExactPricingSolver, new_columns=0
  搜索路径: [1, 2, 3, 5, 4, 8, 9, 12, 13, 14, 15, 16, 17, 18, 21, 24, 25, 19, 28, 29, 31, 22, 23, 36, 40, 41, 38, 37, 30, 39, 20, 46, 47, 51, 52, 53, 50, 60, 61, 58, 59, 6, 7, 32, 33, 56, 57, 55, 74, 75, 76, 77, 54, 70, 71, 80, 81, 83, 82, 86, 87, 88, 89, 90, 91, 92, 93, 94, 95, 104, 105, 102, 103, 108, 109, 69, 68, 112, 113, 79, 101, 78, 110, 106, 111, 114, 115, 107]
  列生成求解结果: 目标值=7.0000， 下界=7.0000， 上界=10.0000
    非整数变量: COL_27_5 = 0.200000
  解不是整数，开始分支...
ImposedVertex(vertex=23)
ForbidVertex(vertex=23)
  创建了 2 个分支
    添加分支节点 1: ID=124
    添加分支节点 2: ID=125

处理节点 100
  开始列生成求解...
Set parameter LogToConsole to value 0
Set parameter Threads to value 1
Set parameter Seed to value 0
  定价策略: Exact, node=100, vertices=13
Set parameter PoolSearchMode to value 2
Set parameter PoolSolutions to value 10
[CG 1] RMP=8.000000, pricing=ExactPricingSolver, new_columns=0
  搜索路径: [1, 2, 3, 5, 4, 8, 9, 12, 13, 14, 15, 16, 17, 18, 21, 24, 25, 19, 28, 29, 31, 22, 23, 36, 40, 41, 38, 37, 30, 39, 20, 46, 47, 51, 52, 53, 50, 60, 61, 58, 59, 6, 7, 32, 33, 56, 57, 55, 74, 75, 76, 77, 54, 70, 71, 80, 81, 83, 82, 86, 87, 88, 89, 90, 91, 92, 93, 94, 95, 104, 105, 102, 103, 108, 109, 69, 68, 112, 113, 79, 101, 78, 110, 106, 111, 114, 115, 107, 100]
  列生成求解结果: 目标值=8.0000， 下界=7.0000， 上界=10.0000
    非整数变量: COL_20-23_96 = 0.017857
  解不是整数，开始分支...
ImposedVertex(vertex=29)
ForbidVertex(vertex=29)
  创建了 2 个分支
    添加分支节点 1: ID=126
    添加分支节点 2: ID=127

处理节点 120
  开始列生成求解...
Set parameter LogToConsole to value 0
Set parameter Threads to value 1
Set parameter Seed to value 0
  定价策略: Exact, node=120, vertices=23
Set parameter PoolSearchMode to value 2
Set parameter PoolSolutions to value 10
[CG 1] RMP=10.035088, pricing=ExactPricingSolver, new_columns=10
[CG 2] RMP=10.000000, pricing=ExactPricingSolver, new_columns=0
  搜索路径: [1, 2, 3, 5, 4, 8, 9, 12, 13, 14, 15, 16, 17, 18, 21, 24, 25, 19, 28, 29, 31, 22, 23, 36, 40, 41, 38, 37, 30, 39, 20, 46, 47, 51, 52, 53, 50, 60, 61, 58, 59, 6, 7, 32, 33, 56, 57, 55, 74, 75, 76, 77, 54, 70, 71, 80, 81, 83, 82, 86, 87, 88, 89, 90, 91, 92, 93, 94, 95, 104, 105, 102, 103, 108, 109, 69, 68, 112, 113, 79, 101, 78, 110, 106, 111, 114, 115, 107, 100, 120]
  列生成求解结果: 目标值=10.0000， 下界=7.0000， 上界=10.0000

处理节点 121
  开始列生成求解...
Set parameter LogToConsole to value 0
Set parameter Threads to value 1
Set parameter Seed to value 0
  定价策略: Exact, node=121, vertices=23
Set parameter PoolSearchMode to value 2
Set parameter PoolSolutions to value 10
[CG 1] RMP=16.000000, pricing=ExactPricingSolver, new_columns=0
  搜索路径: [1, 2, 3, 5, 4, 8, 9, 12, 13, 14, 15, 16, 17, 18, 21, 24, 25, 19, 28, 29, 31, 22, 23, 36, 40, 41, 38, 37, 30, 39, 20, 46, 47, 51, 52, 53, 50, 60, 61, 58, 59, 6, 7, 32, 33, 56, 57, 55, 74, 75, 76, 77, 54, 70, 71, 80, 81, 83, 82, 86, 87, 88, 89, 90, 91, 92, 93, 94, 95, 104, 105, 102, 103, 108, 109, 69, 68, 112, 113, 79, 101, 78, 110, 106, 111, 114, 115, 107, 100, 120, 121]
  列生成求解结果: 目标值=16.0000， 下界=7.0000， 上界=10.0000

处理节点 124
  开始列生成求解...
Set parameter LogToConsole to value 0
Set parameter Threads to value 1
Set parameter Seed to value 0
  定价策略: Exact, node=124, vertices=13
Set parameter PoolSearchMode to value 2
Set parameter PoolSolutions to value 10
[CG 1] RMP=8.000000, pricing=ExactPricingSolver, new_columns=0
  搜索路径: [1, 2, 3, 5, 4, 8, 9, 12, 13, 14, 15, 16, 17, 18, 21, 24, 25, 19, 28, 29, 31, 22, 23, 36, 40, 41, 38, 37, 30, 39, 20, 46, 47, 51, 52, 53, 50, 60, 61, 58, 59, 6, 7, 32, 33, 56, 57, 55, 74, 75, 76, 77, 54, 70, 71, 80, 81, 83, 82, 86, 87, 88, 89, 90, 91, 92, 93, 94, 95, 104, 105, 102, 103, 108, 109, 69, 68, 112, 113, 79, 101, 78, 110, 106, 111, 114, 115, 107, 100, 120, 121, 124]
  列生成求解结果: 目标值=8.0000， 下界=7.0000， 上界=10.0000
    非整数变量: COL_20-23_96 = 0.428571
  解不是整数，开始分支...
ImposedVertex(vertex=29)
ForbidVertex(vertex=29)
  创建了 2 个分支
    添加分支节点 1: ID=128
    添加分支节点 2: ID=129

处理节点 125
  开始列生成求解...
Set parameter LogToConsole to value 0
Set parameter Threads to value 1
Set parameter Seed to value 0
  定价策略: Exact, node=125, vertices=13
Set parameter PoolSearchMode to value 2
Set parameter PoolSolutions to value 10
[CG 1] RMP=14.000000, pricing=ExactPricingSolver, new_columns=10
[CG 2] RMP=13.000000, pricing=ExactPricingSolver, new_columns=0
  搜索路径: [1, 2, 3, 5, 4, 8, 9, 12, 13, 14, 15, 16, 17, 18, 21, 24, 25, 19, 28, 29, 31, 22, 23, 36, 40, 41, 38, 37, 30, 39, 20, 46, 47, 51, 52, 53, 50, 60, 61, 58, 59, 6, 7, 32, 33, 56, 57, 55, 74, 75, 76, 77, 54, 70, 71, 80, 81, 83, 82, 86, 87, 88, 89, 90, 91, 92, 93, 94, 95, 104, 105, 102, 103, 108, 109, 69, 68, 112, 113, 79, 101, 78, 110, 106, 111, 114, 115, 107, 100, 120, 121, 124, 125]
  列生成求解结果: 目标值=13.0000， 下界=7.0000， 上界=10.0000

处理节点 45
  开始列生成求解...
Set parameter LogToConsole to value 0
Set parameter Threads to value 1
Set parameter Seed to value 0
  定价策略: Exact, node=45, vertices=15
Set parameter PoolSearchMode to value 2
Set parameter PoolSolutions to value 10
[CG 1] RMP=15.000000, pricing=ExactPricingSolver, new_columns=10
[CG 2] RMP=15.000000, pricing=ExactPricingSolver, new_columns=0
  搜索路径: [1, 2, 3, 5, 4, 8, 9, 12, 13, 14, 15, 16, 17, 18, 21, 24, 25, 19, 28, 29, 31, 22, 23, 36, 40, 41, 38, 37, 30, 39, 20, 46, 47, 51, 52, 53, 50, 60, 61, 58, 59, 6, 7, 32, 33, 56, 57, 55, 74, 75, 76, 77, 54, 70, 71, 80, 81, 83, 82, 86, 87, 88, 89, 90, 91, 92, 93, 94, 95, 104, 105, 102, 103, 108, 109, 69, 68, 112, 113, 79, 101, 78, 110, 106, 111, 114, 115, 107, 100, 120, 121, 124, 125, 45]
  列生成求解结果: 目标值=15.0000， 下界=7.0000， 上界=10.0000

处理节点 44
  开始列生成求解...
Set parameter LogToConsole to value 0
Set parameter Threads to value 1
Set parameter Seed to value 0
  定价策略: Exact, node=44, vertices=14
Set parameter PoolSearchMode to value 2
Set parameter PoolSolutions to value 10
[CG 1] RMP=15.000000, pricing=ExactPricingSolver, new_columns=0
  搜索路径: [1, 2, 3, 5, 4, 8, 9, 12, 13, 14, 15, 16, 17, 18, 21, 24, 25, 19, 28, 29, 31, 22, 23, 36, 40, 41, 38, 37, 30, 39, 20, 46, 47, 51, 52, 53, 50, 60, 61, 58, 59, 6, 7, 32, 33, 56, 57, 55, 74, 75, 76, 77, 54, 70, 71, 80, 81, 83, 82, 86, 87, 88, 89, 90, 91, 92, 93, 94, 95, 104, 105, 102, 103, 108, 109, 69, 68, 112, 113, 79, 101, 78, 110, 106, 111, 114, 115, 107, 100, 120, 121, 124, 125, 45, 44]
  列生成求解结果: 目标值=15.0000， 下界=7.0000， 上界=10.0000

处理节点 43
  开始列生成求解...
Set parameter LogToConsole to value 0
Set parameter Threads to value 1
Set parameter Seed to value 0
  定价策略: Exact, node=43, vertices=12
Set parameter PoolSearchMode to value 2
Set parameter PoolSolutions to value 10
[CG 1] RMP=2010.000000, pricing=ExactPricingSolver, new_columns=10
[CG 2] RMP=16.000000, pricing=ExactPricingSolver, new_columns=10
[CG 3] RMP=8.000000, pricing=ExactPricingSolver, new_columns=0
  搜索路径: [1, 2, 3, 5, 4, 8, 9, 12, 13, 14, 15, 16, 17, 18, 21, 24, 25, 19, 28, 29, 31, 22, 23, 36, 40, 41, 38, 37, 30, 39, 20, 46, 47, 51, 52, 53, 50, 60, 61, 58, 59, 6, 7, 32, 33, 56, 57, 55, 74, 75, 76, 77, 54, 70, 71, 80, 81, 83, 82, 86, 87, 88, 89, 90, 91, 92, 93, 94, 95, 104, 105, 102, 103, 108, 109, 69, 68, 112, 113, 79, 101, 78, 110, 106, 111, 114, 115, 107, 100, 120, 121, 124, 125, 45, 44, 43]
  列生成求解结果: 目标值=8.0000， 下界=7.0000， 上界=10.0000
    非整数变量: COL_17-2-20-23-8-9_263 = 0.750000
  解不是整数，开始分支...
ImposedVertex(vertex=17)
ForbidVertex(vertex=17)
  创建了 2 个分支
    添加分支节点 1: ID=130
    添加分支节点 2: ID=131

处理节点 127
  开始列生成求解...
Set parameter LogToConsole to value 0
Set parameter Threads to value 1
Set parameter Seed to value 0
  定价策略: Exact, node=127, vertices=12
Set parameter PoolSearchMode to value 2
Set parameter PoolSolutions to value 10
[CG 1] RMP=14.000000, pricing=ExactPricingSolver, new_columns=10
[CG 2] RMP=10.000000, pricing=ExactPricingSolver, new_columns=0
  搜索路径: [1, 2, 3, 5, 4, 8, 9, 12, 13, 14, 15, 16, 17, 18, 21, 24, 25, 19, 28, 29, 31, 22, 23, 36, 40, 41, 38, 37, 30, 39, 20, 46, 47, 51, 52, 53, 50, 60, 61, 58, 59, 6, 7, 32, 33, 56, 57, 55, 74, 75, 76, 77, 54, 70, 71, 80, 81, 83, 82, 86, 87, 88, 89, 90, 91, 92, 93, 94, 95, 104, 105, 102, 103, 108, 109, 69, 68, 112, 113, 79, 101, 78, 110, 106, 111, 114, 115, 107, 100, 120, 121, 124, 125, 45, 44, 43, 127]
  列生成求解结果: 目标值=10.0000， 下界=8.0000， 上界=10.0000

处理节点 126
  开始列生成求解...
Set parameter LogToConsole to value 0
Set parameter Threads to value 1
Set parameter Seed to value 0
  定价策略: Exact, node=126, vertices=12
Set parameter PoolSearchMode to value 2
Set parameter PoolSolutions to value 10
[CG 1] RMP=16.000000, pricing=ExactPricingSolver, new_columns=0
  搜索路径: [1, 2, 3, 5, 4, 8, 9, 12, 13, 14, 15, 16, 17, 18, 21, 24, 25, 19, 28, 29, 31, 22, 23, 36, 40, 41, 38, 37, 30, 39, 20, 46, 47, 51, 52, 53, 50, 60, 61, 58, 59, 6, 7, 32, 33, 56, 57, 55, 74, 75, 76, 77, 54, 70, 71, 80, 81, 83, 82, 86, 87, 88, 89, 90, 91, 92, 93, 94, 95, 104, 105, 102, 103, 108, 109, 69, 68, 112, 113, 79, 101, 78, 110, 106, 111, 114, 115, 107, 100, 120, 121, 124, 125, 45, 44, 43, 127, 126]
  列生成求解结果: 目标值=16.0000， 下界=8.0000， 上界=10.0000

处理节点 42
  开始列生成求解...
Set parameter LogToConsole to value 0
Set parameter Threads to value 1
Set parameter Seed to value 0
  定价策略: Exact, node=42, vertices=12
Set parameter PoolSearchMode to value 2
Set parameter PoolSolutions to value 10
[CG 1] RMP=9.000000, pricing=ExactPricingSolver, new_columns=0
  搜索路径: [1, 2, 3, 5, 4, 8, 9, 12, 13, 14, 15, 16, 17, 18, 21, 24, 25, 19, 28, 29, 31, 22, 23, 36, 40, 41, 38, 37, 30, 39, 20, 46, 47, 51, 52, 53, 50, 60, 61, 58, 59, 6, 7, 32, 33, 56, 57, 55, 74, 75, 76, 77, 54, 70, 71, 80, 81, 83, 82, 86, 87, 88, 89, 90, 91, 92, 93, 94, 95, 104, 105, 102, 103, 108, 109, 69, 68, 112, 113, 79, 101, 78, 110, 106, 111, 114, 115, 107, 100, 120, 121, 124, 125, 45, 44, 43, 127, 126, 42]
  列生成求解结果: 目标值=9.0000， 下界=8.0000， 上界=10.0000
    非整数变量: COL_0-13-2_159 = 0.500000
  解不是整数，开始分支...
ImposedVertex(vertex=28)
ForbidVertex(vertex=28)
  创建了 2 个分支
    添加分支节点 1: ID=132
    添加分支节点 2: ID=133

处理节点 67
  开始列生成求解...
Set parameter LogToConsole to value 0
Set parameter Threads to value 1
Set parameter Seed to value 0
  定价策略: Exact, node=67, vertices=25
Set parameter PoolSearchMode to value 2
Set parameter PoolSolutions to value 10
[CG 1] RMP=2010.000000, pricing=ExactPricingSolver, new_columns=10
[CG 2] RMP=16.000000, pricing=ExactPricingSolver, new_columns=0
  搜索路径: [1, 2, 3, 5, 4, 8, 9, 12, 13, 14, 15, 16, 17, 18, 21, 24, 25, 19, 28, 29, 31, 22, 23, 36, 40, 41, 38, 37, 30, 39, 20, 46, 47, 51, 52, 53, 50, 60, 61, 58, 59, 6, 7, 32, 33, 56, 57, 55, 74, 75, 76, 77, 54, 70, 71, 80, 81, 83, 82, 86, 87, 88, 89, 90, 91, 92, 93, 94, 95, 104, 105, 102, 103, 108, 109, 69, 68, 112, 113, 79, 101, 78, 110, 106, 111, 114, 115, 107, 100, 120, 121, 124, 125, 45, 44, 43, 127, 126, 42, 67]
  列生成求解结果: 目标值=16.0000， 下界=8.0000， 上界=10.0000

处理节点 128
  开始列生成求解...
Set parameter LogToConsole to value 0
Set parameter Threads to value 1
Set parameter Seed to value 0
  定价策略: Exact, node=128, vertices=12
Set parameter PoolSearchMode to value 2
Set parameter PoolSolutions to value 10
[CG 1] RMP=16.000000, pricing=ExactPricingSolver, new_columns=0
  搜索路径: [1, 2, 3, 5, 4, 8, 9, 12, 13, 14, 15, 16, 17, 18, 21, 24, 25, 19, 28, 29, 31, 22, 23, 36, 40, 41, 38, 37, 30, 39, 20, 46, 47, 51, 52, 53, 50, 60, 61, 58, 59, 6, 7, 32, 33, 56, 57, 55, 74, 75, 76, 77, 54, 70, 71, 80, 81, 83, 82, 86, 87, 88, 89, 90, 91, 92, 93, 94, 95, 104, 105, 102, 103, 108, 109, 69, 68, 112, 113, 79, 101, 78, 110, 106, 111, 114, 115, 107, 100, 120, 121, 124, 125, 45, 44, 43, 127, 126, 42, 67, 128]
  列生成求解结果: 目标值=16.0000， 下界=8.0000， 上界=10.0000

处理节点 66
  开始列生成求解...
Set parameter LogToConsole to value 0
Set parameter Threads to value 1
Set parameter Seed to value 0
  定价策略: Exact, node=66, vertices=25
Set parameter PoolSearchMode to value 2
Set parameter PoolSolutions to value 10
[CG 1] RMP=10.000000, pricing=ExactPricingSolver, new_columns=0
  搜索路径: [1, 2, 3, 5, 4, 8, 9, 12, 13, 14, 15, 16, 17, 18, 21, 24, 25, 19, 28, 29, 31, 22, 23, 36, 40, 41, 38, 37, 30, 39, 20, 46, 47, 51, 52, 53, 50, 60, 61, 58, 59, 6, 7, 32, 33, 56, 57, 55, 74, 75, 76, 77, 54, 70, 71, 80, 81, 83, 82, 86, 87, 88, 89, 90, 91, 92, 93, 94, 95, 104, 105, 102, 103, 108, 109, 69, 68, 112, 113, 79, 101, 78, 110, 106, 111, 114, 115, 107, 100, 120, 121, 124, 125, 45, 44, 43, 127, 126, 42, 67, 128, 66]
  列生成求解结果: 目标值=10.0000， 下界=8.0000， 上界=10.0000

处理节点 129
  开始列生成求解...
Set parameter LogToConsole to value 0
Set parameter Threads to value 1
Set parameter Seed to value 0
  定价策略: Exact, node=129, vertices=12
Set parameter PoolSearchMode to value 2
Set parameter PoolSolutions to value 10
[CG 1] RMP=10.000000, pricing=ExactPricingSolver, new_columns=0
  搜索路径: [1, 2, 3, 5, 4, 8, 9, 12, 13, 14, 15, 16, 17, 18, 21, 24, 25, 19, 28, 29, 31, 22, 23, 36, 40, 41, 38, 37, 30, 39, 20, 46, 47, 51, 52, 53, 50, 60, 61, 58, 59, 6, 7, 32, 33, 56, 57, 55, 74, 75, 76, 77, 54, 70, 71, 80, 81, 83, 82, 86, 87, 88, 89, 90, 91, 92, 93, 94, 95, 104, 105, 102, 103, 108, 109, 69, 68, 112, 113, 79, 101, 78, 110, 106, 111, 114, 115, 107, 100, 120, 121, 124, 125, 45, 44, 43, 127, 126, 42, 67, 128, 66, 129]
  列生成求解结果: 目标值=10.0000， 下界=8.0000， 上界=10.0000

处理节点 63
  开始列生成求解...
Set parameter LogToConsole to value 0
Set parameter Threads to value 1
Set parameter Seed to value 0
  定价策略: Exact, node=63, vertices=12
Set parameter PoolSearchMode to value 2
Set parameter PoolSolutions to value 10
[CG 1] RMP=2010.000000, pricing=ExactPricingSolver, new_columns=10
[CG 2] RMP=8.000000, pricing=ExactPricingSolver, new_columns=0
  搜索路径: [1, 2, 3, 5, 4, 8, 9, 12, 13, 14, 15, 16, 17, 18, 21, 24, 25, 19, 28, 29, 31, 22, 23, 36, 40, 41, 38, 37, 30, 39, 20, 46, 47, 51, 52, 53, 50, 60, 61, 58, 59, 6, 7, 32, 33, 56, 57, 55, 74, 75, 76, 77, 54, 70, 71, 80, 81, 83, 82, 86, 87, 88, 89, 90, 91, 92, 93, 94, 95, 104, 105, 102, 103, 108, 109, 69, 68, 112, 113, 79, 101, 78, 110, 106, 111, 114, 115, 107, 100, 120, 121, 124, 125, 45, 44, 43, 127, 126, 42, 67, 128, 66, 129, 63]
  列生成求解结果: 目标值=8.0000， 下界=8.0000， 上界=10.0000
    非整数变量: COL_2-20-23-7_101 = 0.333333
  解不是整数，开始分支...
ImposedVertex(vertex=18)
ForbidVertex(vertex=18)
  创建了 2 个分支
    添加分支节点 1: ID=134
    添加分支节点 2: ID=135

处理节点 62
  开始列生成求解...
Set parameter LogToConsole to value 0
Set parameter Threads to value 1
Set parameter Seed to value 0
  定价策略: Exact, node=62, vertices=12
Set parameter PoolSearchMode to value 2
Set parameter PoolSolutions to value 10
[CG 1] RMP=9.000000, pricing=ExactPricingSolver, new_columns=0
  搜索路径: [1, 2, 3, 5, 4, 8, 9, 12, 13, 14, 15, 16, 17, 18, 21, 24, 25, 19, 28, 29, 31, 22, 23, 36, 40, 41, 38, 37, 30, 39, 20, 46, 47, 51, 52, 53, 50, 60, 61, 58, 59, 6, 7, 32, 33, 56, 57, 55, 74, 75, 76, 77, 54, 70, 71, 80, 81, 83, 82, 86, 87, 88, 89, 90, 91, 92, 93, 94, 95, 104, 105, 102, 103, 108, 109, 69, 68, 112, 113, 79, 101, 78, 110, 106, 111, 114, 115, 107, 100, 120, 121, 124, 125, 45, 44, 43, 127, 126, 42, 67, 128, 66, 129, 63, 62]
  列生成求解结果: 目标值=9.0000， 下界=8.0000， 上界=10.0000
    非整数变量: COL_0-2-23-26-9_59 = 0.500000
  解不是整数，开始分支...
ImposedVertex(vertex=28)
ForbidVertex(vertex=28)
  创建了 2 个分支
    添加分支节点 1: ID=136
    添加分支节点 2: ID=137

处理节点 134
  开始列生成求解...
Set parameter LogToConsole to value 0
Set parameter Threads to value 1
Set parameter Seed to value 0
  定价策略: Exact, node=134, vertices=11
Set parameter PoolSearchMode to value 2
Set parameter PoolSolutions to value 10
[CG 1] RMP=13.000000, pricing=ExactPricingSolver, new_columns=0
  搜索路径: [1, 2, 3, 5, 4, 8, 9, 12, 13, 14, 15, 16, 17, 18, 21, 24, 25, 19, 28, 29, 31, 22, 23, 36, 40, 41, 38, 37, 30, 39, 20, 46, 47, 51, 52, 53, 50, 60, 61, 58, 59, 6, 7, 32, 33, 56, 57, 55, 74, 75, 76, 77, 54, 70, 71, 80, 81, 83, 82, 86, 87, 88, 89, 90, 91, 92, 93, 94, 95, 104, 105, 102, 103, 108, 109, 69, 68, 112, 113, 79, 101, 78, 110, 106, 111, 114, 115, 107, 100, 120, 121, 124, 125, 45, 44, 43, 127, 126, 42, 67, 128, 66, 129, 63, 62, 134]
  列生成求解结果: 目标值=13.0000， 下界=8.0000， 上界=10.0000

处理节点 135
  开始列生成求解...
Set parameter LogToConsole to value 0
Set parameter Threads to value 1
Set parameter Seed to value 0
  定价策略: Exact, node=135, vertices=11
Set parameter PoolSearchMode to value 2
Set parameter PoolSolutions to value 10
[CG 1] RMP=8.000000, pricing=ExactPricingSolver, new_columns=0
  搜索路径: [1, 2, 3, 5, 4, 8, 9, 12, 13, 14, 15, 16, 17, 18, 21, 24, 25, 19, 28, 29, 31, 22, 23, 36, 40, 41, 38, 37, 30, 39, 20, 46, 47, 51, 52, 53, 50, 60, 61, 58, 59, 6, 7, 32, 33, 56, 57, 55, 74, 75, 76, 77, 54, 70, 71, 80, 81, 83, 82, 86, 87, 88, 89, 90, 91, 92, 93, 94, 95, 104, 105, 102, 103, 108, 109, 69, 68, 112, 113, 79, 101, 78, 110, 106, 111, 114, 115, 107, 100, 120, 121, 124, 125, 45, 44, 43, 127, 126, 42, 67, 128, 66, 129, 63, 62, 134, 135]
  列生成求解结果: 目标值=8.0000， 下界=8.0000， 上界=10.0000
    非整数变量: COL_0-20-9_118 = 0.500000
  解不是整数，开始分支...
ImposedVertex(vertex=29)
ForbidVertex(vertex=29)
  创建了 2 个分支
    添加分支节点 1: ID=138
    添加分支节点 2: ID=139

处理节点 64
  开始列生成求解...
Set parameter LogToConsole to value 0
Set parameter Threads to value 1
Set parameter Seed to value 0
  定价策略: Exact, node=64, vertices=14
Set parameter PoolSearchMode to value 2
Set parameter PoolSolutions to value 10
[CG 1] RMP=20.000000, pricing=ExactPricingSolver, new_columns=10
[CG 2] RMP=16.000000, pricing=ExactPricingSolver, new_columns=0
  搜索路径: [1, 2, 3, 5, 4, 8, 9, 12, 13, 14, 15, 16, 17, 18, 21, 24, 25, 19, 28, 29, 31, 22, 23, 36, 40, 41, 38, 37, 30, 39, 20, 46, 47, 51, 52, 53, 50, 60, 61, 58, 59, 6, 7, 32, 33, 56, 57, 55, 74, 75, 76, 77, 54, 70, 71, 80, 81, 83, 82, 86, 87, 88, 89, 90, 91, 92, 93, 94, 95, 104, 105, 102, 103, 108, 109, 69, 68, 112, 113, 79, 101, 78, 110, 106, 111, 114, 115, 107, 100, 120, 121, 124, 125, 45, 44, 43, 127, 126, 42, 67, 128, 66, 129, 63, 62, 134, 135, 64]
  列生成求解结果: 目标值=16.0000， 下界=8.0000， 上界=10.0000

处理节点 138
  开始列生成求解...
Set parameter LogToConsole to value 0
Set parameter Threads to value 1
Set parameter Seed to value 0
  定价策略: Exact, node=138, vertices=10
Set parameter PoolSearchMode to value 2
Set parameter PoolSolutions to value 10
[CG 1] RMP=16.000000, pricing=ExactPricingSolver, new_columns=0
  搜索路径: [1, 2, 3, 5, 4, 8, 9, 12, 13, 14, 15, 16, 17, 18, 21, 24, 25, 19, 28, 29, 31, 22, 23, 36, 40, 41, 38, 37, 30, 39, 20, 46, 47, 51, 52, 53, 50, 60, 61, 58, 59, 6, 7, 32, 33, 56, 57, 55, 74, 75, 76, 77, 54, 70, 71, 80, 81, 83, 82, 86, 87, 88, 89, 90, 91, 92, 93, 94, 95, 104, 105, 102, 103, 108, 109, 69, 68, 112, 113, 79, 101, 78, 110, 106, 111, 114, 115, 107, 100, 120, 121, 124, 125, 45, 44, 43, 127, 126, 42, 67, 128, 66, 129, 63, 62, 134, 135, 64, 138]
  列生成求解结果: 目标值=16.0000， 下界=8.0000， 上界=10.0000

处理节点 139
  开始列生成求解...
Set parameter LogToConsole to value 0
Set parameter Threads to value 1
Set parameter Seed to value 0
  定价策略: Exact, node=139, vertices=10
Set parameter PoolSearchMode to value 2
Set parameter PoolSolutions to value 10
[CG 1] RMP=10.000000, pricing=ExactPricingSolver, new_columns=0
  搜索路径: [1, 2, 3, 5, 4, 8, 9, 12, 13, 14, 15, 16, 17, 18, 21, 24, 25, 19, 28, 29, 31, 22, 23, 36, 40, 41, 38, 37, 30, 39, 20, 46, 47, 51, 52, 53, 50, 60, 61, 58, 59, 6, 7, 32, 33, 56, 57, 55, 74, 75, 76, 77, 54, 70, 71, 80, 81, 83, 82, 86, 87, 88, 89, 90, 91, 92, 93, 94, 95, 104, 105, 102, 103, 108, 109, 69, 68, 112, 113, 79, 101, 78, 110, 106, 111, 114, 115, 107, 100, 120, 121, 124, 125, 45, 44, 43, 127, 126, 42, 67, 128, 66, 129, 63, 62, 134, 135, 64, 138, 139]
  列生成求解结果: 目标值=10.0000， 下界=8.0000， 上界=10.0000

处理节点 26
  开始列生成求解...
Set parameter LogToConsole to value 0
Set parameter Threads to value 1
Set parameter Seed to value 0
  定价策略: Exact, node=26, vertices=16
Set parameter PoolSearchMode to value 2
Set parameter PoolSolutions to value 10
[CG 1] RMP=15.000000, pricing=ExactPricingSolver, new_columns=0
  搜索路径: [1, 2, 3, 5, 4, 8, 9, 12, 13, 14, 15, 16, 17, 18, 21, 24, 25, 19, 28, 29, 31, 22, 23, 36, 40, 41, 38, 37, 30, 39, 20, 46, 47, 51, 52, 53, 50, 60, 61, 58, 59, 6, 7, 32, 33, 56, 57, 55, 74, 75, 76, 77, 54, 70, 71, 80, 81, 83, 82, 86, 87, 88, 89, 90, 91, 92, 93, 94, 95, 104, 105, 102, 103, 108, 109, 69, 68, 112, 113, 79, 101, 78, 110, 106, 111, 114, 115, 107, 100, 120, 121, 124, 125, 45, 44, 43, 127, 126, 42, 67, 128, 66, 129, 63, 62, 134, 135, 64, 138, 139, 26]
  列生成求解结果: 目标值=15.0000， 下界=8.0000， 上界=10.0000

处理节点 27
  开始列生成求解...
Set parameter LogToConsole to value 0
Set parameter Threads to value 1
Set parameter Seed to value 0
  定价策略: Exact, node=27, vertices=17
Set parameter PoolSearchMode to value 2
Set parameter PoolSolutions to value 10
[CG 1] RMP=8.000000, pricing=ExactPricingSolver, new_columns=0
  搜索路径: [1, 2, 3, 5, 4, 8, 9, 12, 13, 14, 15, 16, 17, 18, 21, 24, 25, 19, 28, 29, 31, 22, 23, 36, 40, 41, 38, 37, 30, 39, 20, 46, 47, 51, 52, 53, 50, 60, 61, 58, 59, 6, 7, 32, 33, 56, 57, 55, 74, 75, 76, 77, 54, 70, 71, 80, 81, 83, 82, 86, 87, 88, 89, 90, 91, 92, 93, 94, 95, 104, 105, 102, 103, 108, 109, 69, 68, 112, 113, 79, 101, 78, 110, 106, 111, 114, 115, 107, 100, 120, 121, 124, 125, 45, 44, 43, 127, 126, 42, 67, 128, 66, 129, 63, 62, 134, 135, 64, 138, 139, 26, 27]
  列生成求解结果: 目标值=8.0000， 下界=8.0000， 上界=10.0000
    非整数变量: COL_0-9_47 = 0.311111
  解不是整数，开始分支...
ImposedVertex(vertex=13)
ForbidVertex(vertex=13)
  创建了 2 个分支
    添加分支节点 1: ID=140
    添加分支节点 2: ID=141

处理节点 140
  开始列生成求解...
Set parameter LogToConsole to value 0
Set parameter Threads to value 1
Set parameter Seed to value 0
  定价策略: Exact, node=140, vertices=14
Set parameter PoolSearchMode to value 2
Set parameter PoolSolutions to value 10
[CG 1] RMP=9.000000, pricing=ExactPricingSolver, new_columns=10
[CG 2] RMP=8.000000, pricing=ExactPricingSolver, new_columns=0
  搜索路径: [1, 2, 3, 5, 4, 8, 9, 12, 13, 14, 15, 16, 17, 18, 21, 24, 25, 19, 28, 29, 31, 22, 23, 36, 40, 41, 38, 37, 30, 39, 20, 46, 47, 51, 52, 53, 50, 60, 61, 58, 59, 6, 7, 32, 33, 56, 57, 55, 74, 75, 76, 77, 54, 70, 71, 80, 81, 83, 82, 86, 87, 88, 89, 90, 91, 92, 93, 94, 95, 104, 105, 102, 103, 108, 109, 69, 68, 112, 113, 79, 101, 78, 110, 106, 111, 114, 115, 107, 100, 120, 121, 124, 125, 45, 44, 43, 127, 126, 42, 67, 128, 66, 129, 63, 62, 134, 135, 64, 138, 139, 26, 27, 140]
  列生成求解结果: 目标值=8.0000， 下界=8.0000， 上界=10.0000
    非整数变量: COL_0-17-20-23-26-7_95 = 0.118519
  解不是整数，开始分支...
ImposedVertex(vertex=26)
ForbidVertex(vertex=26)
  创建了 2 个分支
    添加分支节点 1: ID=142
    添加分支节点 2: ID=143

处理节点 141
  开始列生成求解...
Set parameter LogToConsole to value 0
Set parameter Threads to value 1
Set parameter Seed to value 0
  定价策略: Exact, node=141, vertices=16
Set parameter PoolSearchMode to value 2
Set parameter PoolSolutions to value 10
[CG 1] RMP=9.263158, pricing=ExactPricingSolver, new_columns=10
[CG 2] RMP=8.000000, pricing=ExactPricingSolver, new_columns=0
  搜索路径: [1, 2, 3, 5, 4, 8, 9, 12, 13, 14, 15, 16, 17, 18, 21, 24, 25, 19, 28, 29, 31, 22, 23, 36, 40, 41, 38, 37, 30, 39, 20, 46, 47, 51, 52, 53, 50, 60, 61, 58, 59, 6, 7, 32, 33, 56, 57, 55, 74, 75, 76, 77, 54, 70, 71, 80, 81, 83, 82, 86, 87, 88, 89, 90, 91, 92, 93, 94, 95, 104, 105, 102, 103, 108, 109, 69, 68, 112, 113, 79, 101, 78, 110, 106, 111, 114, 115, 107, 100, 120, 121, 124, 125, 45, 44, 43, 127, 126, 42, 67, 128, 66, 129, 63, 62, 134, 135, 64, 138, 139, 26, 27, 140, 141]
  列生成求解结果: 目标值=8.0000， 下界=8.0000， 上界=10.0000
    非整数变量: COL_0-23-26-9_57 = 0.321429
  解不是整数，开始分支...
ImposedVertex(vertex=15)
ForbidVertex(vertex=15)
  创建了 2 个分支
    添加分支节点 1: ID=144
    添加分支节点 2: ID=145

处理节点 142
  开始列生成求解...
Set parameter LogToConsole to value 0
Set parameter Threads to value 1
Set parameter Seed to value 0
  定价策略: Exact, node=142, vertices=13
Set parameter PoolSearchMode to value 2
Set parameter PoolSolutions to value 10
[CG 1] RMP=9.000000, pricing=ExactPricingSolver, new_columns=0
  搜索路径: [1, 2, 3, 5, 4, 8, 9, 12, 13, 14, 15, 16, 17, 18, 21, 24, 25, 19, 28, 29, 31, 22, 23, 36, 40, 41, 38, 37, 30, 39, 20, 46, 47, 51, 52, 53, 50, 60, 61, 58, 59, 6, 7, 32, 33, 56, 57, 55, 74, 75, 76, 77, 54, 70, 71, 80, 81, 83, 82, 86, 87, 88, 89, 90, 91, 92, 93, 94, 95, 104, 105, 102, 103, 108, 109, 69, 68, 112, 113, 79, 101, 78, 110, 106, 111, 114, 115, 107, 100, 120, 121, 124, 125, 45, 44, 43, 127, 126, 42, 67, 128, 66, 129, 63, 62, 134, 135, 64, 138, 139, 26, 27, 140, 141, 142]
  列生成求解结果: 目标值=9.0000， 下界=8.0000， 上界=10.0000
    非整数变量: COL_0-23-26-9_57 = 0.075000
  解不是整数，开始分支...
ImposedVertex(vertex=28)
ForbidVertex(vertex=28)
  创建了 2 个分支
    添加分支节点 1: ID=146
    添加分支节点 2: ID=147

处理节点 143
  开始列生成求解...
Set parameter LogToConsole to value 0
Set parameter Threads to value 1
Set parameter Seed to value 0
  定价策略: Exact, node=143, vertices=13
Set parameter PoolSearchMode to value 2
Set parameter PoolSolutions to value 10
[CG 1] RMP=2010.000000, pricing=ExactPricingSolver, new_columns=10
[CG 2] RMP=16.000000, pricing=ExactPricingSolver, new_columns=10
[CG 3] RMP=16.000000, pricing=ExactPricingSolver, new_columns=10
[CG 4] RMP=15.000000, pricing=ExactPricingSolver, new_columns=10
[CG 5] RMP=8.000000, pricing=ExactPricingSolver, new_columns=0
  搜索路径: [1, 2, 3, 5, 4, 8, 9, 12, 13, 14, 15, 16, 17, 18, 21, 24, 25, 19, 28, 29, 31, 22, 23, 36, 40, 41, 38, 37, 30, 39, 20, 46, 47, 51, 52, 53, 50, 60, 61, 58, 59, 6, 7, 32, 33, 56, 57, 55, 74, 75, 76, 77, 54, 70, 71, 80, 81, 83, 82, 86, 87, 88, 89, 90, 91, 92, 93, 94, 95, 104, 105, 102, 103, 108, 109, 69, 68, 112, 113, 79, 101, 78, 110, 106, 111, 114, 115, 107, 100, 120, 121, 124, 125, 45, 44, 43, 127, 126, 42, 67, 128, 66, 129, 63, 62, 134, 135, 64, 138, 139, 26, 27, 140, 141, 142, 143]
  列生成求解结果: 目标值=8.0000， 下界=8.0000， 上界=10.0000
    非整数变量: COL_0-20-7_86 = 0.444444
  解不是整数，开始分支...
ImposedVertex(vertex=4)
ForbidVertex(vertex=4)
  创建了 2 个分支
    添加分支节点 1: ID=148
    添加分支节点 2: ID=149

处理节点 119
  开始列生成求解...
Set parameter LogToConsole to value 0
Set parameter Threads to value 1
Set parameter Seed to value 0
  定价策略: Exact, node=119, vertices=12
Set parameter PoolSearchMode to value 2
Set parameter PoolSolutions to value 10
[CG 1] RMP=10.000000, pricing=ExactPricingSolver, new_columns=0
  搜索路径: [1, 2, 3, 5, 4, 8, 9, 12, 13, 14, 15, 16, 17, 18, 21, 24, 25, 19, 28, 29, 31, 22, 23, 36, 40, 41, 38, 37, 30, 39, 20, 46, 47, 51, 52, 53, 50, 60, 61, 58, 59, 6, 7, 32, 33, 56, 57, 55, 74, 75, 76, 77, 54, 70, 71, 80, 81, 83, 82, 86, 87, 88, 89, 90, 91, 92, 93, 94, 95, 104, 105, 102, 103, 108, 109, 69, 68, 112, 113, 79, 101, 78, 110, 106, 111, 114, 115, 107, 100, 120, 121, 124, 125, 45, 44, 43, 127, 126, 42, 67, 128, 66, 129, 63, 62, 134, 135, 64, 138, 139, 26, 27, 140, 141, 142, 143, 119]
  列生成求解结果: 目标值=10.0000， 下界=8.0000， 上界=10.0000

处理节点 144
  开始列生成求解...
Set parameter LogToConsole to value 0
Set parameter Threads to value 1
Set parameter Seed to value 0
  定价策略: Exact, node=144, vertices=14
Set parameter PoolSearchMode to value 2
Set parameter PoolSolutions to value 10
[CG 1] RMP=14.000000, pricing=ExactPricingSolver, new_columns=0
  搜索路径: [1, 2, 3, 5, 4, 8, 9, 12, 13, 14, 15, 16, 17, 18, 21, 24, 25, 19, 28, 29, 31, 22, 23, 36, 40, 41, 38, 37, 30, 39, 20, 46, 47, 51, 52, 53, 50, 60, 61, 58, 59, 6, 7, 32, 33, 56, 57, 55, 74, 75, 76, 77, 54, 70, 71, 80, 81, 83, 82, 86, 87, 88, 89, 90, 91, 92, 93, 94, 95, 104, 105, 102, 103, 108, 109, 69, 68, 112, 113, 79, 101, 78, 110, 106, 111, 114, 115, 107, 100, 120, 121, 124, 125, 45, 44, 43, 127, 126, 42, 67, 128, 66, 129, 63, 62, 134, 135, 64, 138, 139, 26, 27, 140, 141, 142, 143, 119, 144]
  列生成求解结果: 目标值=14.0000， 下界=8.0000， 上界=10.0000

处理节点 145
  开始列生成求解...
Set parameter LogToConsole to value 0
Set parameter Threads to value 1
Set parameter Seed to value 0
  定价策略: Exact, node=145, vertices=15
Set parameter PoolSearchMode to value 2
Set parameter PoolSolutions to value 10
[CG 1] RMP=22.000000, pricing=ExactPricingSolver, new_columns=10
[CG 2] RMP=8.171429, pricing=ExactPricingSolver, new_columns=0
  搜索路径: [1, 2, 3, 5, 4, 8, 9, 12, 13, 14, 15, 16, 17, 18, 21, 24, 25, 19, 28, 29, 31, 22, 23, 36, 40, 41, 38, 37, 30, 39, 20, 46, 47, 51, 52, 53, 50, 60, 61, 58, 59, 6, 7, 32, 33, 56, 57, 55, 74, 75, 76, 77, 54, 70, 71, 80, 81, 83, 82, 86, 87, 88, 89, 90, 91, 92, 93, 94, 95, 104, 105, 102, 103, 108, 109, 69, 68, 112, 113, 79, 101, 78, 110, 106, 111, 114, 115, 107, 100, 120, 121, 124, 125, 45, 44, 43, 127, 126, 42, 67, 128, 66, 129, 63, 62, 134, 135, 64, 138, 139, 26, 27, 140, 141, 142, 143, 119, 144, 145]
  列生成求解结果: 目标值=8.1714， 下界=8.0000， 上界=10.0000
    非整数变量: COL_0-17-20-23-26-7_95 = 0.325000
  解不是整数，开始分支...
ImposedVertex(vertex=26)
ForbidVertex(vertex=26)
  创建了 2 个分支
    添加分支节点 1: ID=150
    添加分支节点 2: ID=151

处理节点 149
  开始列生成求解...
Set parameter LogToConsole to value 0
Set parameter Threads to value 1
Set parameter Seed to value 0
  定价策略: Exact, node=149, vertices=12
Set parameter PoolSearchMode to value 2
Set parameter PoolSolutions to value 10
[CG 1] RMP=13.000000, pricing=ExactPricingSolver, new_columns=10
[CG 2] RMP=8.000000, pricing=ExactPricingSolver, new_columns=0
  搜索路径: [1, 2, 3, 5, 4, 8, 9, 12, 13, 14, 15, 16, 17, 18, 21, 24, 25, 19, 28, 29, 31, 22, 23, 36, 40, 41, 38, 37, 30, 39, 20, 46, 47, 51, 52, 53, 50, 60, 61, 58, 59, 6, 7, 32, 33, 56, 57, 55, 74, 75, 76, 77, 54, 70, 71, 80, 81, 83, 82, 86, 87, 88, 89, 90, 91, 92, 93, 94, 95, 104, 105, 102, 103, 108, 109, 69, 68, 112, 113, 79, 101, 78, 110, 106, 111, 114, 115, 107, 100, 120, 121, 124, 125, 45, 44, 43, 127, 126, 42, 67, 128, 66, 129, 63, 62, 134, 135, 64, 138, 139, 26, 27, 140, 141, 142, 143, 119, 144, 145, 149]
  列生成求解结果: 目标值=8.0000， 下界=8.0000， 上界=10.0000
    非整数变量: COL_0-13-23-27-9_785 = 0.666667
  解不是整数，开始分支...
ImposedVertex(vertex=28)
ForbidVertex(vertex=28)
  创建了 2 个分支
    添加分支节点 1: ID=152
    添加分支节点 2: ID=153
  进度: 已处理 120 个节点, 剩余 33 个, 当前最优 10.0000, 当前列数: 815

处理节点 148
  开始列生成求解...
Set parameter LogToConsole to value 0
Set parameter Threads to value 1
Set parameter Seed to value 0
  定价策略: Exact, node=148, vertices=12
Set parameter PoolSearchMode to value 2
Set parameter PoolSolutions to value 10
[CG 1] RMP=15.000000, pricing=ExactPricingSolver, new_columns=0
  搜索路径: [1, 2, 3, 5, 4, 8, 9, 12, 13, 14, 15, 16, 17, 18, 21, 24, 25, 19, 28, 29, 31, 22, 23, 36, 40, 41, 38, 37, 30, 39, 20, 46, 47, 51, 52, 53, 50, 60, 61, 58, 59, 6, 7, 32, 33, 56, 57, 55, 74, 75, 76, 77, 54, 70, 71, 80, 81, 83, 82, 86, 87, 88, 89, 90, 91, 92, 93, 94, 95, 104, 105, 102, 103, 108, 109, 69, 68, 112, 113, 79, 101, 78, 110, 106, 111, 114, 115, 107, 100, 120, 121, 124, 125, 45, 44, 43, 127, 126, 42, 67, 128, 66, 129, 63, 62, 134, 135, 64, 138, 139, 26, 27, 140, 141, 142, 143, 119, 144, 145, 149, 148]
  列生成求解结果: 目标值=15.0000， 下界=8.0000， 上界=10.0000

处理节点 117
  开始列生成求解...
Set parameter LogToConsole to value 0
Set parameter Threads to value 1
Set parameter Seed to value 0
  定价策略: Exact, node=117, vertices=12
Set parameter PoolSearchMode to value 2
Set parameter PoolSolutions to value 10
[CG 1] RMP=20.000000, pricing=ExactPricingSolver, new_columns=10
[CG 2] RMP=10.000000, pricing=ExactPricingSolver, new_columns=0
  搜索路径: [1, 2, 3, 5, 4, 8, 9, 12, 13, 14, 15, 16, 17, 18, 21, 24, 25, 19, 28, 29, 31, 22, 23, 36, 40, 41, 38, 37, 30, 39, 20, 46, 47, 51, 52, 53, 50, 60, 61, 58, 59, 6, 7, 32, 33, 56, 57, 55, 74, 75, 76, 77, 54, 70, 71, 80, 81, 83, 82, 86, 87, 88, 89, 90, 91, 92, 93, 94, 95, 104, 105, 102, 103, 108, 109, 69, 68, 112, 113, 79, 101, 78, 110, 106, 111, 114, 115, 107, 100, 120, 121, 124, 125, 45, 44, 43, 127, 126, 42, 67, 128, 66, 129, 63, 62, 134, 135, 64, 138, 139, 26, 27, 140, 141, 142, 143, 119, 144, 145, 149, 148, 117]
  列生成求解结果: 目标值=10.0000， 下界=8.0000， 上界=10.0000

处理节点 131
  开始列生成求解...
Set parameter LogToConsole to value 0
Set parameter Threads to value 1
Set parameter Seed to value 0
  定价策略: Exact, node=131, vertices=11
Set parameter PoolSearchMode to value 2
Set parameter PoolSolutions to value 10
[CG 1] RMP=32.000000, pricing=ExactPricingSolver, new_columns=10
[CG 2] RMP=13.000000, pricing=ExactPricingSolver, new_columns=0
  搜索路径: [1, 2, 3, 5, 4, 8, 9, 12, 13, 14, 15, 16, 17, 18, 21, 24, 25, 19, 28, 29, 31, 22, 23, 36, 40, 41, 38, 37, 30, 39, 20, 46, 47, 51, 52, 53, 50, 60, 61, 58, 59, 6, 7, 32, 33, 56, 57, 55, 74, 75, 76, 77, 54, 70, 71, 80, 81, 83, 82, 86, 87, 88, 89, 90, 91, 92, 93, 94, 95, 104, 105, 102, 103, 108, 109, 69, 68, 112, 113, 79, 101, 78, 110, 106, 111, 114, 115, 107, 100, 120, 121, 124, 125, 45, 44, 43, 127, 126, 42, 67, 128, 66, 129, 63, 62, 134, 135, 64, 138, 139, 26, 27, 140, 141, 142, 143, 119, 144, 145, 149, 148, 117, 131]
  列生成求解结果: 目标值=13.0000， 下界=8.0000， 上界=10.0000

处理节点 65
  开始列生成求解...
Set parameter LogToConsole to value 0
Set parameter Threads to value 1
Set parameter Seed to value 0
  定价策略: Exact, node=65, vertices=14
Set parameter PoolSearchMode to value 2
Set parameter PoolSolutions to value 10
[CG 1] RMP=10.000000, pricing=ExactPricingSolver, new_columns=0
  搜索路径: [1, 2, 3, 5, 4, 8, 9, 12, 13, 14, 15, 16, 17, 18, 21, 24, 25, 19, 28, 29, 31, 22, 23, 36, 40, 41, 38, 37, 30, 39, 20, 46, 47, 51, 52, 53, 50, 60, 61, 58, 59, 6, 7, 32, 33, 56, 57, 55, 74, 75, 76, 77, 54, 70, 71, 80, 81, 83, 82, 86, 87, 88, 89, 90, 91, 92, 93, 94, 95, 104, 105, 102, 103, 108, 109, 69, 68, 112, 113, 79, 101, 78, 110, 106, 111, 114, 115, 107, 100, 120, 121, 124, 125, 45, 44, 43, 127, 126, 42, 67, 128, 66, 129, 63, 62, 134, 135, 64, 138, 139, 26, 27, 140, 141, 142, 143, 119, 144, 145, 149, 148, 117, 131, 65]
  列生成求解结果: 目标值=10.0000， 下界=8.0000， 上界=10.0000

处理节点 153
  开始列生成求解...
Set parameter LogToConsole to value 0
Set parameter Threads to value 1
Set parameter Seed to value 0
  定价策略: Exact, node=153, vertices=11
Set parameter PoolSearchMode to value 2
Set parameter PoolSolutions to value 10
[CG 1] RMP=16.000000, pricing=ExactPricingSolver, new_columns=0
  搜索路径: [1, 2, 3, 5, 4, 8, 9, 12, 13, 14, 15, 16, 17, 18, 21, 24, 25, 19, 28, 29, 31, 22, 23, 36, 40, 41, 38, 37, 30, 39, 20, 46, 47, 51, 52, 53, 50, 60, 61, 58, 59, 6, 7, 32, 33, 56, 57, 55, 74, 75, 76, 77, 54, 70, 71, 80, 81, 83, 82, 86, 87, 88, 89, 90, 91, 92, 93, 94, 95, 104, 105, 102, 103, 108, 109, 69, 68, 112, 113, 79, 101, 78, 110, 106, 111, 114, 115, 107, 100, 120, 121, 124, 125, 45, 44, 43, 127, 126, 42, 67, 128, 66, 129, 63, 62, 134, 135, 64, 138, 139, 26, 27, 140, 141, 142, 143, 119, 144, 145, 149, 148, 117, 131, 65, 153]
  列生成求解结果: 目标值=16.0000， 下界=8.0000， 上界=10.0000

处理节点 152
  开始列生成求解...
Set parameter LogToConsole to value 0
Set parameter Threads to value 1
Set parameter Seed to value 0
  定价策略: Exact, node=152, vertices=11
Set parameter PoolSearchMode to value 2
Set parameter PoolSolutions to value 10
[CG 1] RMP=10.000000, pricing=ExactPricingSolver, new_columns=0
  搜索路径: [1, 2, 3, 5, 4, 8, 9, 12, 13, 14, 15, 16, 17, 18, 21, 24, 25, 19, 28, 29, 31, 22, 23, 36, 40, 41, 38, 37, 30, 39, 20, 46, 47, 51, 52, 53, 50, 60, 61, 58, 59, 6, 7, 32, 33, 56, 57, 55, 74, 75, 76, 77, 54, 70, 71, 80, 81, 83, 82, 86, 87, 88, 89, 90, 91, 92, 93, 94, 95, 104, 105, 102, 103, 108, 109, 69, 68, 112, 113, 79, 101, 78, 110, 106, 111, 114, 115, 107, 100, 120, 121, 124, 125, 45, 44, 43, 127, 126, 42, 67, 128, 66, 129, 63, 62, 134, 135, 64, 138, 139, 26, 27, 140, 141, 142, 143, 119, 144, 145, 149, 148, 117, 131, 65, 153, 152]
  列生成求解结果: 目标值=10.0000， 下界=8.0000， 上界=10.0000

处理节点 116
  开始列生成求解...
Set parameter LogToConsole to value 0
Set parameter Threads to value 1
Set parameter Seed to value 0
  定价策略: Exact, node=116, vertices=12
Set parameter PoolSearchMode to value 2
Set parameter PoolSolutions to value 10
[CG 1] RMP=2010.000000, pricing=ExactPricingSolver, new_columns=10
[CG 2] RMP=16.000000, pricing=ExactPricingSolver, new_columns=10
[CG 3] RMP=16.000000, pricing=ExactPricingSolver, new_columns=0
  搜索路径: [1, 2, 3, 5, 4, 8, 9, 12, 13, 14, 15, 16, 17, 18, 21, 24, 25, 19, 28, 29, 31, 22, 23, 36, 40, 41, 38, 37, 30, 39, 20, 46, 47, 51, 52, 53, 50, 60, 61, 58, 59, 6, 7, 32, 33, 56, 57, 55, 74, 75, 76, 77, 54, 70, 71, 80, 81, 83, 82, 86, 87, 88, 89, 90, 91, 92, 93, 94, 95, 104, 105, 102, 103, 108, 109, 69, 68, 112, 113, 79, 101, 78, 110, 106, 111, 114, 115, 107, 100, 120, 121, 124, 125, 45, 44, 43, 127, 126, 42, 67, 128, 66, 129, 63, 62, 134, 135, 64, 138, 139, 26, 27, 140, 141, 142, 143, 119, 144, 145, 149, 148, 117, 131, 65, 153, 152, 116]
  列生成求解结果: 目标值=16.0000， 下界=8.0000， 上界=10.0000

处理节点 130
  开始列生成求解...
Set parameter LogToConsole to value 0
Set parameter Threads to value 1
Set parameter Seed to value 0
  定价策略: Exact, node=130, vertices=11
Set parameter PoolSearchMode to value 2
Set parameter PoolSolutions to value 10
[CG 1] RMP=8.000000, pricing=ExactPricingSolver, new_columns=0
  搜索路径: [1, 2, 3, 5, 4, 8, 9, 12, 13, 14, 15, 16, 17, 18, 21, 24, 25, 19, 28, 29, 31, 22, 23, 36, 40, 41, 38, 37, 30, 39, 20, 46, 47, 51, 52, 53, 50, 60, 61, 58, 59, 6, 7, 32, 33, 56, 57, 55, 74, 75, 76, 77, 54, 70, 71, 80, 81, 83, 82, 86, 87, 88, 89, 90, 91, 92, 93, 94, 95, 104, 105, 102, 103, 108, 109, 69, 68, 112, 113, 79, 101, 78, 110, 106, 111, 114, 115, 107, 100, 120, 121, 124, 125, 45, 44, 43, 127, 126, 42, 67, 128, 66, 129, 63, 62, 134, 135, 64, 138, 139, 26, 27, 140, 141, 142, 143, 119, 144, 145, 149, 148, 117, 131, 65, 153, 152, 116, 130]
  列生成求解结果: 目标值=8.0000， 下界=8.0000， 上界=10.0000
    非整数变量: COL_0-27-8_276 = 0.500000
  解不是整数，开始分支...
ImposedVertex(vertex=29)
ForbidVertex(vertex=29)
  创建了 2 个分支
    添加分支节点 1: ID=154
    添加分支节点 2: ID=155

处理节点 118
  开始列生成求解...
Set parameter LogToConsole to value 0
Set parameter Threads to value 1
Set parameter Seed to value 0
  定价策略: Exact, node=118, vertices=12
Set parameter PoolSearchMode to value 2
Set parameter PoolSolutions to value 10
[CG 1] RMP=16.000000, pricing=ExactPricingSolver, new_columns=0
  搜索路径: [1, 2, 3, 5, 4, 8, 9, 12, 13, 14, 15, 16, 17, 18, 21, 24, 25, 19, 28, 29, 31, 22, 23, 36, 40, 41, 38, 37, 30, 39, 20, 46, 47, 51, 52, 53, 50, 60, 61, 58, 59, 6, 7, 32, 33, 56, 57, 55, 74, 75, 76, 77, 54, 70, 71, 80, 81, 83, 82, 86, 87, 88, 89, 90, 91, 92, 93, 94, 95, 104, 105, 102, 103, 108, 109, 69, 68, 112, 113, 79, 101, 78, 110, 106, 111, 114, 115, 107, 100, 120, 121, 124, 125, 45, 44, 43, 127, 126, 42, 67, 128, 66, 129, 63, 62, 134, 135, 64, 138, 139, 26, 27, 140, 141, 142, 143, 119, 144, 145, 149, 148, 117, 131, 65, 153, 152, 116, 130, 118]
  列生成求解结果: 目标值=16.0000， 下界=8.0000， 上界=10.0000

处理节点 154
  开始列生成求解...
Set parameter LogToConsole to value 0
Set parameter Threads to value 1
Set parameter Seed to value 0
  定价策略: Exact, node=154, vertices=10
Set parameter PoolSearchMode to value 2
Set parameter PoolSolutions to value 10
[CG 1] RMP=16.000000, pricing=ExactPricingSolver, new_columns=0
  搜索路径: [1, 2, 3, 5, 4, 8, 9, 12, 13, 14, 15, 16, 17, 18, 21, 24, 25, 19, 28, 29, 31, 22, 23, 36, 40, 41, 38, 37, 30, 39, 20, 46, 47, 51, 52, 53, 50, 60, 61, 58, 59, 6, 7, 32, 33, 56, 57, 55, 74, 75, 76, 77, 54, 70, 71, 80, 81, 83, 82, 86, 87, 88, 89, 90, 91, 92, 93, 94, 95, 104, 105, 102, 103, 108, 109, 69, 68, 112, 113, 79, 101, 78, 110, 106, 111, 114, 115, 107, 100, 120, 121, 124, 125, 45, 44, 43, 127, 126, 42, 67, 128, 66, 129, 63, 62, 134, 135, 64, 138, 139, 26, 27, 140, 141, 142, 143, 119, 144, 145, 149, 148, 117, 131, 65, 153, 152, 116, 130, 118, 154]
  列生成求解结果: 目标值=16.0000， 下界=8.0000， 上界=10.0000

处理节点 155
  开始列生成求解...
Set parameter LogToConsole to value 0
Set parameter Threads to value 1
Set parameter Seed to value 0
  定价策略: Exact, node=155, vertices=10
Set parameter PoolSearchMode to value 2
Set parameter PoolSolutions to value 10
[CG 1] RMP=1010.000000, pricing=ExactPricingSolver, new_columns=10
[CG 2] RMP=10.000000, pricing=ExactPricingSolver, new_columns=0
  搜索路径: [1, 2, 3, 5, 4, 8, 9, 12, 13, 14, 15, 16, 17, 18, 21, 24, 25, 19, 28, 29, 31, 22, 23, 36, 40, 41, 38, 37, 30, 39, 20, 46, 47, 51, 52, 53, 50, 60, 61, 58, 59, 6, 7, 32, 33, 56, 57, 55, 74, 75, 76, 77, 54, 70, 71, 80, 81, 83, 82, 86, 87, 88, 89, 90, 91, 92, 93, 94, 95, 104, 105, 102, 103, 108, 109, 69, 68, 112, 113, 79, 101, 78, 110, 106, 111, 114, 115, 107, 100, 120, 121, 124, 125, 45, 44, 43, 127, 126, 42, 67, 128, 66, 129, 63, 62, 134, 135, 64, 138, 139, 26, 27, 140, 141, 142, 143, 119, 144, 145, 149, 148, 117, 131, 65, 153, 152, 116, 130, 118, 154, 155]
  列生成求解结果: 目标值=10.0000， 下界=8.0000， 上界=10.0000

处理节点 98
  开始列生成求解...
Set parameter LogToConsole to value 0
Set parameter Threads to value 1
Set parameter Seed to value 0
  定价策略: Exact, node=98, vertices=13
Set parameter PoolSearchMode to value 2
Set parameter PoolSolutions to value 10
[CG 1] RMP=16.000000, pricing=ExactPricingSolver, new_columns=0
  搜索路径: [1, 2, 3, 5, 4, 8, 9, 12, 13, 14, 15, 16, 17, 18, 21, 24, 25, 19, 28, 29, 31, 22, 23, 36, 40, 41, 38, 37, 30, 39, 20, 46, 47, 51, 52, 53, 50, 60, 61, 58, 59, 6, 7, 32, 33, 56, 57, 55, 74, 75, 76, 77, 54, 70, 71, 80, 81, 83, 82, 86, 87, 88, 89, 90, 91, 92, 93, 94, 95, 104, 105, 102, 103, 108, 109, 69, 68, 112, 113, 79, 101, 78, 110, 106, 111, 114, 115, 107, 100, 120, 121, 124, 125, 45, 44, 43, 127, 126, 42, 67, 128, 66, 129, 63, 62, 134, 135, 64, 138, 139, 26, 27, 140, 141, 142, 143, 119, 144, 145, 149, 148, 117, 131, 65, 153, 152, 116, 130, 118, 154, 155, 98]
  列生成求解结果: 目标值=16.0000， 下界=8.0000， 上界=10.0000

处理节点 99
  开始列生成求解...
Set parameter LogToConsole to value 0
Set parameter Threads to value 1
Set parameter Seed to value 0
  定价策略: Exact, node=99, vertices=13
Set parameter PoolSearchMode to value 2
Set parameter PoolSolutions to value 10
[CG 1] RMP=10.000000, pricing=ExactPricingSolver, new_columns=0
  搜索路径: [1, 2, 3, 5, 4, 8, 9, 12, 13, 14, 15, 16, 17, 18, 21, 24, 25, 19, 28, 29, 31, 22, 23, 36, 40, 41, 38, 37, 30, 39, 20, 46, 47, 51, 52, 53, 50, 60, 61, 58, 59, 6, 7, 32, 33, 56, 57, 55, 74, 75, 76, 77, 54, 70, 71, 80, 81, 83, 82, 86, 87, 88, 89, 90, 91, 92, 93, 94, 95, 104, 105, 102, 103, 108, 109, 69, 68, 112, 113, 79, 101, 78, 110, 106, 111, 114, 115, 107, 100, 120, 121, 124, 125, 45, 44, 43, 127, 126, 42, 67, 128, 66, 129, 63, 62, 134, 135, 64, 138, 139, 26, 27, 140, 141, 142, 143, 119, 144, 145, 149, 148, 117, 131, 65, 153, 152, 116, 130, 118, 154, 155, 98, 99]
  列生成求解结果: 目标值=10.0000， 下界=8.0000， 上界=10.0000

处理节点 150
  开始列生成求解...
Set parameter LogToConsole to value 0
Set parameter Threads to value 1
Set parameter Seed to value 0
  定价策略: Exact, node=150, vertices=14
Set parameter PoolSearchMode to value 2
Set parameter PoolSolutions to value 10
[CG 1] RMP=9.000000, pricing=ExactPricingSolver, new_columns=0
  搜索路径: [1, 2, 3, 5, 4, 8, 9, 12, 13, 14, 15, 16, 17, 18, 21, 24, 25, 19, 28, 29, 31, 22, 23, 36, 40, 41, 38, 37, 30, 39, 20, 46, 47, 51, 52, 53, 50, 60, 61, 58, 59, 6, 7, 32, 33, 56, 57, 55, 74, 75, 76, 77, 54, 70, 71, 80, 81, 83, 82, 86, 87, 88, 89, 90, 91, 92, 93, 94, 95, 104, 105, 102, 103, 108, 109, 69, 68, 112, 113, 79, 101, 78, 110, 106, 111, 114, 115, 107, 100, 120, 121, 124, 125, 45, 44, 43, 127, 126, 42, 67, 128, 66, 129, 63, 62, 134, 135, 64, 138, 139, 26, 27, 140, 141, 142, 143, 119, 144, 145, 149, 148, 117, 131, 65, 153, 152, 116, 130, 118, 154, 155, 98, 99, 150]
  列生成求解结果: 目标值=9.0000， 下界=8.0000， 上界=10.0000
    非整数变量: COL_0-9_47 = 0.109091
  解不是整数，开始分支...
ImposedVertex(vertex=5)
ForbidVertex(vertex=5)
  创建了 2 个分支
    添加分支节点 1: ID=156
    添加分支节点 2: ID=157

处理节点 151
  开始列生成求解...
Set parameter LogToConsole to value 0
Set parameter Threads to value 1
Set parameter Seed to value 0
  定价策略: Exact, node=151, vertices=14
Set parameter PoolSearchMode to value 2
Set parameter PoolSolutions to value 10
[CG 1] RMP=15.000000, pricing=ExactPricingSolver, new_columns=10
[CG 2] RMP=8.171429, pricing=ExactPricingSolver, new_columns=0
  搜索路径: [1, 2, 3, 5, 4, 8, 9, 12, 13, 14, 15, 16, 17, 18, 21, 24, 25, 19, 28, 29, 31, 22, 23, 36, 40, 41, 38, 37, 30, 39, 20, 46, 47, 51, 52, 53, 50, 60, 61, 58, 59, 6, 7, 32, 33, 56, 57, 55, 74, 75, 76, 77, 54, 70, 71, 80, 81, 83, 82, 86, 87, 88, 89, 90, 91, 92, 93, 94, 95, 104, 105, 102, 103, 108, 109, 69, 68, 112, 113, 79, 101, 78, 110, 106, 111, 114, 115, 107, 100, 120, 121, 124, 125, 45, 44, 43, 127, 126, 42, 67, 128, 66, 129, 63, 62, 134, 135, 64, 138, 139, 26, 27, 140, 141, 142, 143, 119, 144, 145, 149, 148, 117, 131, 65, 153, 152, 116, 130, 118, 154, 155, 98, 99, 150, 151]
  列生成求解结果: 目标值=8.1714， 下界=8.1714， 上界=10.0000
    非整数变量: COL_0-20-7_86 = 0.314286
  解不是整数，开始分支...
ImposedVertex(vertex=5)
ForbidVertex(vertex=5)
  创建了 2 个分支
    添加分支节点 1: ID=158
    添加分支节点 2: ID=159

处理节点 49
  开始列生成求解...
Set parameter LogToConsole to value 0
Set parameter Threads to value 1
Set parameter Seed to value 0
  定价策略: Exact, node=49, vertices=17
Set parameter PoolSearchMode to value 2
Set parameter PoolSolutions to value 10
[CG 1] RMP=9.000000, pricing=ExactPricingSolver, new_columns=0
  搜索路径: [1, 2, 3, 5, 4, 8, 9, 12, 13, 14, 15, 16, 17, 18, 21, 24, 25, 19, 28, 29, 31, 22, 23, 36, 40, 41, 38, 37, 30, 39, 20, 46, 47, 51, 52, 53, 50, 60, 61, 58, 59, 6, 7, 32, 33, 56, 57, 55, 74, 75, 76, 77, 54, 70, 71, 80, 81, 83, 82, 86, 87, 88, 89, 90, 91, 92, 93, 94, 95, 104, 105, 102, 103, 108, 109, 69, 68, 112, 113, 79, 101, 78, 110, 106, 111, 114, 115, 107, 100, 120, 121, 124, 125, 45, 44, 43, 127, 126, 42, 67, 128, 66, 129, 63, 62, 134, 135, 64, 138, 139, 26, 27, 140, 141, 142, 143, 119, 144, 145, 149, 148, 117, 131, 65, 153, 152, 116, 130, 118, 154, 155, 98, 99, 150, 151, 49]
  列生成求解结果: 目标值=9.0000， 下界=8.1714， 上界=10.0000
    非整数变量: COL_0-23-26-9_57 = 0.200000
  解不是整数，开始分支...
ImposedVertex(vertex=17)
ForbidVertex(vertex=17)
  创建了 2 个分支
    添加分支节点 1: ID=160
    添加分支节点 2: ID=161

处理节点 48
  开始列生成求解...
Set parameter LogToConsole to value 0
Set parameter Threads to value 1
Set parameter Seed to value 0
  定价策略: Exact, node=48, vertices=17
Set parameter PoolSearchMode to value 2
Set parameter PoolSolutions to value 10
[CG 1] RMP=16.000000, pricing=ExactPricingSolver, new_columns=10
[CG 2] RMP=9.263158, pricing=ExactPricingSolver, new_columns=10
[CG 3] RMP=8.171429, pricing=ExactPricingSolver, new_columns=0
  搜索路径: [1, 2, 3, 5, 4, 8, 9, 12, 13, 14, 15, 16, 17, 18, 21, 24, 25, 19, 28, 29, 31, 22, 23, 36, 40, 41, 38, 37, 30, 39, 20, 46, 47, 51, 52, 53, 50, 60, 61, 58, 59, 6, 7, 32, 33, 56, 57, 55, 74, 75, 76, 77, 54, 70, 71, 80, 81, 83, 82, 86, 87, 88, 89, 90, 91, 92, 93, 94, 95, 104, 105, 102, 103, 108, 109, 69, 68, 112, 113, 79, 101, 78, 110, 106, 111, 114, 115, 107, 100, 120, 121, 124, 125, 45, 44, 43, 127, 126, 42, 67, 128, 66, 129, 63, 62, 134, 135, 64, 138, 139, 26, 27, 140, 141, 142, 143, 119, 144, 145, 149, 148, 117, 131, 65, 153, 152, 116, 130, 118, 154, 155, 98, 99, 150, 151, 49, 48]
  列生成求解结果: 目标值=8.1714， 下界=8.1714， 上界=10.0000
    非整数变量: COL_0-20-23_97 = 0.227619
  解不是整数，开始分支...
ImposedVertex(vertex=23)
ForbidVertex(vertex=23)
  创建了 2 个分支
    添加分支节点 1: ID=162
    添加分支节点 2: ID=163

处理节点 159
  开始列生成求解...
Set parameter LogToConsole to value 0
Set parameter Threads to value 1
Set parameter Seed to value 0
  定价策略: Exact, node=159, vertices=13
Set parameter PoolSearchMode to value 2
Set parameter PoolSolutions to value 10
[CG 1] RMP=15.000000, pricing=ExactPricingSolver, new_columns=0
  搜索路径: [1, 2, 3, 5, 4, 8, 9, 12, 13, 14, 15, 16, 17, 18, 21, 24, 25, 19, 28, 29, 31, 22, 23, 36, 40, 41, 38, 37, 30, 39, 20, 46, 47, 51, 52, 53, 50, 60, 61, 58, 59, 6, 7, 32, 33, 56, 57, 55, 74, 75, 76, 77, 54, 70, 71, 80, 81, 83, 82, 86, 87, 88, 89, 90, 91, 92, 93, 94, 95, 104, 105, 102, 103, 108, 109, 69, 68, 112, 113, 79, 101, 78, 110, 106, 111, 114, 115, 107, 100, 120, 121, 124, 125, 45, 44, 43, 127, 126, 42, 67, 128, 66, 129, 63, 62, 134, 135, 64, 138, 139, 26, 27, 140, 141, 142, 143, 119, 144, 145, 149, 148, 117, 131, 65, 153, 152, 116, 130, 118, 154, 155, 98, 99, 150, 151, 49, 48, 159]
  列生成求解结果: 目标值=15.0000， 下界=8.1714， 上界=10.0000

处理节点 162
  开始列生成求解...
Set parameter LogToConsole to value 0
Set parameter Threads to value 1
Set parameter Seed to value 0
  定价策略: Exact, node=162, vertices=16
Set parameter PoolSearchMode to value 2
Set parameter PoolSolutions to value 10
[CG 1] RMP=8.171429, pricing=ExactPricingSolver, new_columns=0
  搜索路径: [1, 2, 3, 5, 4, 8, 9, 12, 13, 14, 15, 16, 17, 18, 21, 24, 25, 19, 28, 29, 31, 22, 23, 36, 40, 41, 38, 37, 30, 39, 20, 46, 47, 51, 52, 53, 50, 60, 61, 58, 59, 6, 7, 32, 33, 56, 57, 55, 74, 75, 76, 77, 54, 70, 71, 80, 81, 83, 82, 86, 87, 88, 89, 90, 91, 92, 93, 94, 95, 104, 105, 102, 103, 108, 109, 69, 68, 112, 113, 79, 101, 78, 110, 106, 111, 114, 115, 107, 100, 120, 121, 124, 125, 45, 44, 43, 127, 126, 42, 67, 128, 66, 129, 63, 62, 134, 135, 64, 138, 139, 26, 27, 140, 141, 142, 143, 119, 144, 145, 149, 148, 117, 131, 65, 153, 152, 116, 130, 118, 154, 155, 98, 99, 150, 151, 49, 48, 159, 162]
  列生成求解结果: 目标值=8.1714， 下界=8.1714， 上界=10.0000
    非整数变量: COL_0-20-23_97 = 0.185714
  解不是整数，开始分支...
ImposedVertex(vertex=3)
ForbidVertex(vertex=3)
  创建了 2 个分支
    添加分支节点 1: ID=164
    添加分支节点 2: ID=165

处理节点 163
  开始列生成求解...
Set parameter LogToConsole to value 0
Set parameter Threads to value 1
Set parameter Seed to value 0
  定价策略: Exact, node=163, vertices=16
Set parameter PoolSearchMode to value 2
Set parameter PoolSolutions to value 10
[CG 1] RMP=22.000000, pricing=ExactPricingSolver, new_columns=10
[CG 2] RMP=13.000000, pricing=ExactPricingSolver, new_columns=0
  搜索路径: [1, 2, 3, 5, 4, 8, 9, 12, 13, 14, 15, 16, 17, 18, 21, 24, 25, 19, 28, 29, 31, 22, 23, 36, 40, 41, 38, 37, 30, 39, 20, 46, 47, 51, 52, 53, 50, 60, 61, 58, 59, 6, 7, 32, 33, 56, 57, 55, 74, 75, 76, 77, 54, 70, 71, 80, 81, 83, 82, 86, 87, 88, 89, 90, 91, 92, 93, 94, 95, 104, 105, 102, 103, 108, 109, 69, 68, 112, 113, 79, 101, 78, 110, 106, 111, 114, 115, 107, 100, 120, 121, 124, 125, 45, 44, 43, 127, 126, 42, 67, 128, 66, 129, 63, 62, 134, 135, 64, 138, 139, 26, 27, 140, 141, 142, 143, 119, 144, 145, 149, 148, 117, 131, 65, 153, 152, 116, 130, 118, 154, 155, 98, 99, 150, 151, 49, 48, 159, 162, 163]
  列生成求解结果: 目标值=13.0000， 下界=8.1714， 上界=10.0000

处理节点 164
  开始列生成求解...
Set parameter LogToConsole to value 0
Set parameter Threads to value 1
Set parameter Seed to value 0
  定价策略: Exact, node=164, vertices=13
Set parameter PoolSearchMode to value 2
Set parameter PoolSolutions to value 10
[CG 1] RMP=2010.000000, pricing=ExactPricingSolver, new_columns=10
[CG 2] RMP=15.000000, pricing=ExactPricingSolver, new_columns=0
  搜索路径: [1, 2, 3, 5, 4, 8, 9, 12, 13, 14, 15, 16, 17, 18, 21, 24, 25, 19, 28, 29, 31, 22, 23, 36, 40, 41, 38, 37, 30, 39, 20, 46, 47, 51, 52, 53, 50, 60, 61, 58, 59, 6, 7, 32, 33, 56, 57, 55, 74, 75, 76, 77, 54, 70, 71, 80, 81, 83, 82, 86, 87, 88, 89, 90, 91, 92, 93, 94, 95, 104, 105, 102, 103, 108, 109, 69, 68, 112, 113, 79, 101, 78, 110, 106, 111, 114, 115, 107, 100, 120, 121, 124, 125, 45, 44, 43, 127, 126, 42, 67, 128, 66, 129, 63, 62, 134, 135, 64, 138, 139, 26, 27, 140, 141, 142, 143, 119, 144, 145, 149, 148, 117, 131, 65, 153, 152, 116, 130, 118, 154, 155, 98, 99, 150, 151, 49, 48, 159, 162, 163, 164]
  列生成求解结果: 目标值=15.0000， 下界=8.1714， 上界=10.0000

处理节点 165
  开始列生成求解...
Set parameter LogToConsole to value 0
Set parameter Threads to value 1
Set parameter Seed to value 0
  定价策略: Exact, node=165, vertices=15
Set parameter PoolSearchMode to value 2
Set parameter PoolSolutions to value 10
[CG 1] RMP=10.000000, pricing=ExactPricingSolver, new_columns=10
[CG 2] RMP=8.389831, pricing=ExactPricingSolver, new_columns=10
[CG 3] RMP=8.171429, pricing=ExactPricingSolver, new_columns=0
  搜索路径: [1, 2, 3, 5, 4, 8, 9, 12, 13, 14, 15, 16, 17, 18, 21, 24, 25, 19, 28, 29, 31, 22, 23, 36, 40, 41, 38, 37, 30, 39, 20, 46, 47, 51, 52, 53, 50, 60, 61, 58, 59, 6, 7, 32, 33, 56, 57, 55, 74, 75, 76, 77, 54, 70, 71, 80, 81, 83, 82, 86, 87, 88, 89, 90, 91, 92, 93, 94, 95, 104, 105, 102, 103, 108, 109, 69, 68, 112, 113, 79, 101, 78, 110, 106, 111, 114, 115, 107, 100, 120, 121, 124, 125, 45, 44, 43, 127, 126, 42, 67, 128, 66, 129, 63, 62, 134, 135, 64, 138, 139, 26, 27, 140, 141, 142, 143, 119, 144, 145, 149, 148, 117, 131, 65, 153, 152, 116, 130, 118, 154, 155, 98, 99, 150, 151, 49, 48, 159, 162, 163, 164, 165]
  列生成求解结果: 目标值=8.1714， 下界=8.1714， 上界=10.0000
    非整数变量: COL_0-2-20-8_88 = 0.171429
  解不是整数，开始分支...
ImposedVertex(vertex=16)
ForbidVertex(vertex=16)
  创建了 2 个分支
    添加分支节点 1: ID=166
    添加分支节点 2: ID=167

处理节点 158
  开始列生成求解...
Set parameter LogToConsole to value 0
Set parameter Threads to value 1
Set parameter Seed to value 0
  定价策略: Exact, node=158, vertices=13
Set parameter PoolSearchMode to value 2
Set parameter PoolSolutions to value 10
[CG 1] RMP=8.171429, pricing=ExactPricingSolver, new_columns=0
  搜索路径: [1, 2, 3, 5, 4, 8, 9, 12, 13, 14, 15, 16, 17, 18, 21, 24, 25, 19, 28, 29, 31, 22, 23, 36, 40, 41, 38, 37, 30, 39, 20, 46, 47, 51, 52, 53, 50, 60, 61, 58, 59, 6, 7, 32, 33, 56, 57, 55, 74, 75, 76, 77, 54, 70, 71, 80, 81, 83, 82, 86, 87, 88, 89, 90, 91, 92, 93, 94, 95, 104, 105, 102, 103, 108, 109, 69, 68, 112, 113, 79, 101, 78, 110, 106, 111, 114, 115, 107, 100, 120, 121, 124, 125, 45, 44, 43, 127, 126, 42, 67, 128, 66, 129, 63, 62, 134, 135, 64, 138, 139, 26, 27, 140, 141, 142, 143, 119, 144, 145, 149, 148, 117, 131, 65, 153, 152, 116, 130, 118, 154, 155, 98, 99, 150, 151, 49, 48, 159, 162, 163, 164, 165, 158]
  列生成求解结果: 目标值=8.1714， 下界=8.1714， 上界=10.0000
    非整数变量: COL_0-20-7_86 = 0.628571
  解不是整数，开始分支...
ImposedVertex(vertex=14)
ForbidVertex(vertex=14)
  创建了 2 个分支
    添加分支节点 1: ID=168
    添加分支节点 2: ID=169

处理节点 166
  开始列生成求解...
Set parameter LogToConsole to value 0
Set parameter Threads to value 1
Set parameter Seed to value 0
  定价策略: Exact, node=166, vertices=14
Set parameter PoolSearchMode to value 2
Set parameter PoolSolutions to value 10
[CG 1] RMP=13.000000, pricing=ExactPricingSolver, new_columns=0
  搜索路径: [1, 2, 3, 5, 4, 8, 9, 12, 13, 14, 15, 16, 17, 18, 21, 24, 25, 19, 28, 29, 31, 22, 23, 36, 40, 41, 38, 37, 30, 39, 20, 46, 47, 51, 52, 53, 50, 60, 61, 58, 59, 6, 7, 32, 33, 56, 57, 55, 74, 75, 76, 77, 54, 70, 71, 80, 81, 83, 82, 86, 87, 88, 89, 90, 91, 92, 93, 94, 95, 104, 105, 102, 103, 108, 109, 69, 68, 112, 113, 79, 101, 78, 110, 106, 111, 114, 115, 107, 100, 120, 121, 124, 125, 45, 44, 43, 127, 126, 42, 67, 128, 66, 129, 63, 62, 134, 135, 64, 138, 139, 26, 27, 140, 141, 142, 143, 119, 144, 145, 149, 148, 117, 131, 65, 153, 152, 116, 130, 118, 154, 155, 98, 99, 150, 151, 49, 48, 159, 162, 163, 164, 165, 158, 166]
  列生成求解结果: 目标值=13.0000， 下界=8.1714， 上界=10.0000

处理节点 167
  开始列生成求解...
Set parameter LogToConsole to value 0
Set parameter Threads to value 1
Set parameter Seed to value 0
  定价策略: Exact, node=167, vertices=14
Set parameter PoolSearchMode to value 2
Set parameter PoolSolutions to value 10
[CG 1] RMP=22.000000, pricing=ExactPricingSolver, new_columns=0
  搜索路径: [1, 2, 3, 5, 4, 8, 9, 12, 13, 14, 15, 16, 17, 18, 21, 24, 25, 19, 28, 29, 31, 22, 23, 36, 40, 41, 38, 37, 30, 39, 20, 46, 47, 51, 52, 53, 50, 60, 61, 58, 59, 6, 7, 32, 33, 56, 57, 55, 74, 75, 76, 77, 54, 70, 71, 80, 81, 83, 82, 86, 87, 88, 89, 90, 91, 92, 93, 94, 95, 104, 105, 102, 103, 108, 109, 69, 68, 112, 113, 79, 101, 78, 110, 106, 111, 114, 115, 107, 100, 120, 121, 124, 125, 45, 44, 43, 127, 126, 42, 67, 128, 66, 129, 63, 62, 134, 135, 64, 138, 139, 26, 27, 140, 141, 142, 143, 119, 144, 145, 149, 148, 117, 131, 65, 153, 152, 116, 130, 118, 154, 155, 98, 99, 150, 151, 49, 48, 159, 162, 163, 164, 165, 158, 166, 167]
  列生成求解结果: 目标值=22.0000， 下界=8.1714， 上界=10.0000

处理节点 72
  开始列生成求解...
Set parameter LogToConsole to value 0
Set parameter Threads to value 1
Set parameter Seed to value 0
  定价策略: Exact, node=72, vertices=14
Set parameter PoolSearchMode to value 2
Set parameter PoolSolutions to value 10
[CG 1] RMP=9.000000, pricing=ExactPricingSolver, new_columns=0
  搜索路径: [1, 2, 3, 5, 4, 8, 9, 12, 13, 14, 15, 16, 17, 18, 21, 24, 25, 19, 28, 29, 31, 22, 23, 36, 40, 41, 38, 37, 30, 39, 20, 46, 47, 51, 52, 53, 50, 60, 61, 58, 59, 6, 7, 32, 33, 56, 57, 55, 74, 75, 76, 77, 54, 70, 71, 80, 81, 83, 82, 86, 87, 88, 89, 90, 91, 92, 93, 94, 95, 104, 105, 102, 103, 108, 109, 69, 68, 112, 113, 79, 101, 78, 110, 106, 111, 114, 115, 107, 100, 120, 121, 124, 125, 45, 44, 43, 127, 126, 42, 67, 128, 66, 129, 63, 62, 134, 135, 64, 138, 139, 26, 27, 140, 141, 142, 143, 119, 144, 145, 149, 148, 117, 131, 65, 153, 152, 116, 130, 118, 154, 155, 98, 99, 150, 151, 49, 48, 159, 162, 163, 164, 165, 158, 166, 167, 72]
  列生成求解结果: 目标值=9.0000， 下界=8.1714， 上界=10.0000
    非整数变量: COL_23-26-9_55 = 0.192308
  解不是整数，开始分支...
ImposedVertex(vertex=23)
ForbidVertex(vertex=23)
  创建了 2 个分支
    添加分支节点 1: ID=170
    添加分支节点 2: ID=171

处理节点 169
  开始列生成求解...
Set parameter LogToConsole to value 0
Set parameter Threads to value 1
Set parameter Seed to value 0
  定价策略: Exact, node=169, vertices=12
Set parameter PoolSearchMode to value 2
Set parameter PoolSolutions to value 10
[CG 1] RMP=13.000000, pricing=ExactPricingSolver, new_columns=0
  搜索路径: [1, 2, 3, 5, 4, 8, 9, 12, 13, 14, 15, 16, 17, 18, 21, 24, 25, 19, 28, 29, 31, 22, 23, 36, 40, 41, 38, 37, 30, 39, 20, 46, 47, 51, 52, 53, 50, 60, 61, 58, 59, 6, 7, 32, 33, 56, 57, 55, 74, 75, 76, 77, 54, 70, 71, 80, 81, 83, 82, 86, 87, 88, 89, 90, 91, 92, 93, 94, 95, 104, 105, 102, 103, 108, 109, 69, 68, 112, 113, 79, 101, 78, 110, 106, 111, 114, 115, 107, 100, 120, 121, 124, 125, 45, 44, 43, 127, 126, 42, 67, 128, 66, 129, 63, 62, 134, 135, 64, 138, 139, 26, 27, 140, 141, 142, 143, 119, 144, 145, 149, 148, 117, 131, 65, 153, 152, 116, 130, 118, 154, 155, 98, 99, 150, 151, 49, 48, 159, 162, 163, 164, 165, 158, 166, 167, 72, 169]
  列生成求解结果: 目标值=13.0000， 下界=8.1714， 上界=10.0000

处理节点 168
  开始列生成求解...
Set parameter LogToConsole to value 0
Set parameter Threads to value 1
Set parameter Seed to value 0
  定价策略: Exact, node=168, vertices=12
Set parameter PoolSearchMode to value 2
Set parameter PoolSolutions to value 10
[CG 1] RMP=22.000000, pricing=ExactPricingSolver, new_columns=0
  搜索路径: [1, 2, 3, 5, 4, 8, 9, 12, 13, 14, 15, 16, 17, 18, 21, 24, 25, 19, 28, 29, 31, 22, 23, 36, 40, 41, 38, 37, 30, 39, 20, 46, 47, 51, 52, 53, 50, 60, 61, 58, 59, 6, 7, 32, 33, 56, 57, 55, 74, 75, 76, 77, 54, 70, 71, 80, 81, 83, 82, 86, 87, 88, 89, 90, 91, 92, 93, 94, 95, 104, 105, 102, 103, 108, 109, 69, 68, 112, 113, 79, 101, 78, 110, 106, 111, 114, 115, 107, 100, 120, 121, 124, 125, 45, 44, 43, 127, 126, 42, 67, 128, 66, 129, 63, 62, 134, 135, 64, 138, 139, 26, 27, 140, 141, 142, 143, 119, 144, 145, 149, 148, 117, 131, 65, 153, 152, 116, 130, 118, 154, 155, 98, 99, 150, 151, 49, 48, 159, 162, 163, 164, 165, 158, 166, 167, 72, 169, 168]
  列生成求解结果: 目标值=22.0000， 下界=8.1714， 上界=10.0000

处理节点 73
  开始列生成求解...
Set parameter LogToConsole to value 0
Set parameter Threads to value 1
Set parameter Seed to value 0
  定价策略: Exact, node=73, vertices=14
Set parameter PoolSearchMode to value 2
Set parameter PoolSolutions to value 10
[CG 1] RMP=8.171429, pricing=ExactPricingSolver, new_columns=10
[CG 2] RMP=8.171429, pricing=ExactPricingSolver, new_columns=0
  搜索路径: [1, 2, 3, 5, 4, 8, 9, 12, 13, 14, 15, 16, 17, 18, 21, 24, 25, 19, 28, 29, 31, 22, 23, 36, 40, 41, 38, 37, 30, 39, 20, 46, 47, 51, 52, 53, 50, 60, 61, 58, 59, 6, 7, 32, 33, 56, 57, 55, 74, 75, 76, 77, 54, 70, 71, 80, 81, 83, 82, 86, 87, 88, 89, 90, 91, 92, 93, 94, 95, 104, 105, 102, 103, 108, 109, 69, 68, 112, 113, 79, 101, 78, 110, 106, 111, 114, 115, 107, 100, 120, 121, 124, 125, 45, 44, 43, 127, 126, 42, 67, 128, 66, 129, 63, 62, 134, 135, 64, 138, 139, 26, 27, 140, 141, 142, 143, 119, 144, 145, 149, 148, 117, 131, 65, 153, 152, 116, 130, 118, 154, 155, 98, 99, 150, 151, 49, 48, 159, 162, 163, 164, 165, 158, 166, 167, 72, 169, 168, 73]
  列生成求解结果: 目标值=8.1714， 下界=8.1714， 上界=10.0000
    非整数变量: COL_0-27-7_196 = 0.628571
  解不是整数，开始分支...
ImposedVertex(vertex=14)
ForbidVertex(vertex=14)
  创建了 2 个分支
    添加分支节点 1: ID=172
    添加分支节点 2: ID=173

处理节点 172
  开始列生成求解...
Set parameter LogToConsole to value 0
Set parameter Threads to value 1
Set parameter Seed to value 0
  定价策略: Exact, node=172, vertices=13
Set parameter PoolSearchMode to value 2
Set parameter PoolSolutions to value 10
[CG 1] RMP=22.000000, pricing=ExactPricingSolver, new_columns=0
  搜索路径: [1, 2, 3, 5, 4, 8, 9, 12, 13, 14, 15, 16, 17, 18, 21, 24, 25, 19, 28, 29, 31, 22, 23, 36, 40, 41, 38, 37, 30, 39, 20, 46, 47, 51, 52, 53, 50, 60, 61, 58, 59, 6, 7, 32, 33, 56, 57, 55, 74, 75, 76, 77, 54, 70, 71, 80, 81, 83, 82, 86, 87, 88, 89, 90, 91, 92, 93, 94, 95, 104, 105, 102, 103, 108, 109, 69, 68, 112, 113, 79, 101, 78, 110, 106, 111, 114, 115, 107, 100, 120, 121, 124, 125, 45, 44, 43, 127, 126, 42, 67, 128, 66, 129, 63, 62, 134, 135, 64, 138, 139, 26, 27, 140, 141, 142, 143, 119, 144, 145, 149, 148, 117, 131, 65, 153, 152, 116, 130, 118, 154, 155, 98, 99, 150, 151, 49, 48, 159, 162, 163, 164, 165, 158, 166, 167, 72, 169, 168, 73, 172]
  列生成求解结果: 目标值=22.0000， 下界=8.1714， 上界=10.0000

处理节点 173
  开始列生成求解...
Set parameter LogToConsole to value 0
Set parameter Threads to value 1
Set parameter Seed to value 0
  定价策略: Exact, node=173, vertices=13
Set parameter PoolSearchMode to value 2
Set parameter PoolSolutions to value 10
[CG 1] RMP=13.000000, pricing=ExactPricingSolver, new_columns=0
  搜索路径: [1, 2, 3, 5, 4, 8, 9, 12, 13, 14, 15, 16, 17, 18, 21, 24, 25, 19, 28, 29, 31, 22, 23, 36, 40, 41, 38, 37, 30, 39, 20, 46, 47, 51, 52, 53, 50, 60, 61, 58, 59, 6, 7, 32, 33, 56, 57, 55, 74, 75, 76, 77, 54, 70, 71, 80, 81, 83, 82, 86, 87, 88, 89, 90, 91, 92, 93, 94, 95, 104, 105, 102, 103, 108, 109, 69, 68, 112, 113, 79, 101, 78, 110, 106, 111, 114, 115, 107, 100, 120, 121, 124, 125, 45, 44, 43, 127, 126, 42, 67, 128, 66, 129, 63, 62, 134, 135, 64, 138, 139, 26, 27, 140, 141, 142, 143, 119, 144, 145, 149, 148, 117, 131, 65, 153, 152, 116, 130, 118, 154, 155, 98, 99, 150, 151, 49, 48, 159, 162, 163, 164, 165, 158, 166, 167, 72, 169, 168, 73, 172, 173]
  列生成求解结果: 目标值=13.0000， 下界=8.1714， 上界=10.0000

处理节点 171
  开始列生成求解...
Set parameter LogToConsole to value 0
Set parameter Threads to value 1
Set parameter Seed to value 0
  定价策略: Exact, node=171, vertices=13
Set parameter PoolSearchMode to value 2
Set parameter PoolSolutions to value 10
[CG 1] RMP=2010.000000, pricing=ExactPricingSolver, new_columns=10
[CG 2] RMP=13.000000, pricing=ExactPricingSolver, new_columns=0
  搜索路径: [1, 2, 3, 5, 4, 8, 9, 12, 13, 14, 15, 16, 17, 18, 21, 24, 25, 19, 28, 29, 31, 22, 23, 36, 40, 41, 38, 37, 30, 39, 20, 46, 47, 51, 52, 53, 50, 60, 61, 58, 59, 6, 7, 32, 33, 56, 57, 55, 74, 75, 76, 77, 54, 70, 71, 80, 81, 83, 82, 86, 87, 88, 89, 90, 91, 92, 93, 94, 95, 104, 105, 102, 103, 108, 109, 69, 68, 112, 113, 79, 101, 78, 110, 106, 111, 114, 115, 107, 100, 120, 121, 124, 125, 45, 44, 43, 127, 126, 42, 67, 128, 66, 129, 63, 62, 134, 135, 64, 138, 139, 26, 27, 140, 141, 142, 143, 119, 144, 145, 149, 148, 117, 131, 65, 153, 152, 116, 130, 118, 154, 155, 98, 99, 150, 151, 49, 48, 159, 162, 163, 164, 165, 158, 166, 167, 72, 169, 168, 73, 172, 173, 171]
  列生成求解结果: 目标值=13.0000， 下界=8.1714， 上界=10.0000

处理节点 170
  开始列生成求解...
Set parameter LogToConsole to value 0
Set parameter Threads to value 1
Set parameter Seed to value 0
  定价策略: Exact, node=170, vertices=13
Set parameter PoolSearchMode to value 2
Set parameter PoolSolutions to value 10
[CG 1] RMP=9.000000, pricing=ExactPricingSolver, new_columns=0
  搜索路径: [1, 2, 3, 5, 4, 8, 9, 12, 13, 14, 15, 16, 17, 18, 21, 24, 25, 19, 28, 29, 31, 22, 23, 36, 40, 41, 38, 37, 30, 39, 20, 46, 47, 51, 52, 53, 50, 60, 61, 58, 59, 6, 7, 32, 33, 56, 57, 55, 74, 75, 76, 77, 54, 70, 71, 80, 81, 83, 82, 86, 87, 88, 89, 90, 91, 92, 93, 94, 95, 104, 105, 102, 103, 108, 109, 69, 68, 112, 113, 79, 101, 78, 110, 106, 111, 114, 115, 107, 100, 120, 121, 124, 125, 45, 44, 43, 127, 126, 42, 67, 128, 66, 129, 63, 62, 134, 135, 64, 138, 139, 26, 27, 140, 141, 142, 143, 119, 144, 145, 149, 148, 117, 131, 65, 153, 152, 116, 130, 118, 154, 155, 98, 99, 150, 151, 49, 48, 159, 162, 163, 164, 165, 158, 166, 167, 72, 169, 168, 73, 172, 173, 171, 170]
  列生成求解结果: 目标值=9.0000， 下界=8.1714， 上界=10.0000
    非整数变量: COL_23-26-9_55 = 0.100000
  解不是整数，开始分支...
ImposedVertex(vertex=28)
ForbidVertex(vertex=28)
  创建了 2 个分支
    添加分支节点 1: ID=174
    添加分支节点 2: ID=175

处理节点 157
  开始列生成求解...
Set parameter LogToConsole to value 0
Set parameter Threads to value 1
Set parameter Seed to value 0
  定价策略: Exact, node=157, vertices=13
Set parameter PoolSearchMode to value 2
Set parameter PoolSolutions to value 10
[CG 1] RMP=15.000000, pricing=ExactPricingSolver, new_columns=0
  搜索路径: [1, 2, 3, 5, 4, 8, 9, 12, 13, 14, 15, 16, 17, 18, 21, 24, 25, 19, 28, 29, 31, 22, 23, 36, 40, 41, 38, 37, 30, 39, 20, 46, 47, 51, 52, 53, 50, 60, 61, 58, 59, 6, 7, 32, 33, 56, 57, 55, 74, 75, 76, 77, 54, 70, 71, 80, 81, 83, 82, 86, 87, 88, 89, 90, 91, 92, 93, 94, 95, 104, 105, 102, 103, 108, 109, 69, 68, 112, 113, 79, 101, 78, 110, 106, 111, 114, 115, 107, 100, 120, 121, 124, 125, 45, 44, 43, 127, 126, 42, 67, 128, 66, 129, 63, 62, 134, 135, 64, 138, 139, 26, 27, 140, 141, 142, 143, 119, 144, 145, 149, 148, 117, 131, 65, 153, 152, 116, 130, 118, 154, 155, 98, 99, 150, 151, 49, 48, 159, 162, 163, 164, 165, 158, 166, 167, 72, 169, 168, 73, 172, 173, 171, 170, 157]
  列生成求解结果: 目标值=15.0000， 下界=9.0000， 上界=10.0000

处理节点 160
  开始列生成求解...
Set parameter LogToConsole to value 0
Set parameter Threads to value 1
Set parameter Seed to value 0
  定价策略: Exact, node=160, vertices=16
Set parameter PoolSearchMode to value 2
Set parameter PoolSolutions to value 10
[CG 1] RMP=9.124424, pricing=ExactPricingSolver, new_columns=10
[CG 2] RMP=9.000000, pricing=ExactPricingSolver, new_columns=0
  搜索路径: [1, 2, 3, 5, 4, 8, 9, 12, 13, 14, 15, 16, 17, 18, 21, 24, 25, 19, 28, 29, 31, 22, 23, 36, 40, 41, 38, 37, 30, 39, 20, 46, 47, 51, 52, 53, 50, 60, 61, 58, 59, 6, 7, 32, 33, 56, 57, 55, 74, 75, 76, 77, 54, 70, 71, 80, 81, 83, 82, 86, 87, 88, 89, 90, 91, 92, 93, 94, 95, 104, 105, 102, 103, 108, 109, 69, 68, 112, 113, 79, 101, 78, 110, 106, 111, 114, 115, 107, 100, 120, 121, 124, 125, 45, 44, 43, 127, 126, 42, 67, 128, 66, 129, 63, 62, 134, 135, 64, 138, 139, 26, 27, 140, 141, 142, 143, 119, 144, 145, 149, 148, 117, 131, 65, 153, 152, 116, 130, 118, 154, 155, 98, 99, 150, 151, 49, 48, 159, 162, 163, 164, 165, 158, 166, 167, 72, 169, 168, 73, 172, 173, 171, 170, 157, 160]
  列生成求解结果: 目标值=9.0000， 下界=9.0000， 上界=10.0000
    非整数变量: COL_0-2-23-26-9_59 = 0.205128
  解不是整数，开始分支...
ImposedVertex(vertex=2)
ForbidVertex(vertex=2)
  创建了 2 个分支
    添加分支节点 1: ID=176
    添加分支节点 2: ID=177

处理节点 156
  开始列生成求解...
Set parameter LogToConsole to value 0
Set parameter Threads to value 1
Set parameter Seed to value 0
  定价策略: Exact, node=156, vertices=13
Set parameter PoolSearchMode to value 2
Set parameter PoolSolutions to value 10
[CG 1] RMP=11.154930, pricing=ExactPricingSolver, new_columns=10
[CG 2] RMP=9.000000, pricing=ExactPricingSolver, new_columns=0
  搜索路径: [1, 2, 3, 5, 4, 8, 9, 12, 13, 14, 15, 16, 17, 18, 21, 24, 25, 19, 28, 29, 31, 22, 23, 36, 40, 41, 38, 37, 30, 39, 20, 46, 47, 51, 52, 53, 50, 60, 61, 58, 59, 6, 7, 32, 33, 56, 57, 55, 74, 75, 76, 77, 54, 70, 71, 80, 81, 83, 82, 86, 87, 88, 89, 90, 91, 92, 93, 94, 95, 104, 105, 102, 103, 108, 109, 69, 68, 112, 113, 79, 101, 78, 110, 106, 111, 114, 115, 107, 100, 120, 121, 124, 125, 45, 44, 43, 127, 126, 42, 67, 128, 66, 129, 63, 62, 134, 135, 64, 138, 139, 26, 27, 140, 141, 142, 143, 119, 144, 145, 149, 148, 117, 131, 65, 153, 152, 116, 130, 118, 154, 155, 98, 99, 150, 151, 49, 48, 159, 162, 163, 164, 165, 158, 166, 167, 72, 169, 168, 73, 172, 173, 171, 170, 157, 160, 156]
  列生成求解结果: 目标值=9.0000， 下界=9.0000， 上界=10.0000
    非整数变量: COL_0-17-20-23-26-7_95 = 0.500000
  解不是整数，开始分支...
ImposedVertex(vertex=14)
ForbidVertex(vertex=14)
  创建了 2 个分支
    添加分支节点 1: ID=178
    添加分支节点 2: ID=179

处理节点 136
  开始列生成求解...
Set parameter LogToConsole to value 0
Set parameter Threads to value 1
Set parameter Seed to value 0
  定价策略: Exact, node=136, vertices=11
Set parameter PoolSearchMode to value 2
Set parameter PoolSolutions to value 10
[CG 1] RMP=10.000000, pricing=ExactPricingSolver, new_columns=0
  搜索路径: [1, 2, 3, 5, 4, 8, 9, 12, 13, 14, 15, 16, 17, 18, 21, 24, 25, 19, 28, 29, 31, 22, 23, 36, 40, 41, 38, 37, 30, 39, 20, 46, 47, 51, 52, 53, 50, 60, 61, 58, 59, 6, 7, 32, 33, 56, 57, 55, 74, 75, 76, 77, 54, 70, 71, 80, 81, 83, 82, 86, 87, 88, 89, 90, 91, 92, 93, 94, 95, 104, 105, 102, 103, 108, 109, 69, 68, 112, 113, 79, 101, 78, 110, 106, 111, 114, 115, 107, 100, 120, 121, 124, 125, 45, 44, 43, 127, 126, 42, 67, 128, 66, 129, 63, 62, 134, 135, 64, 138, 139, 26, 27, 140, 141, 142, 143, 119, 144, 145, 149, 148, 117, 131, 65, 153, 152, 116, 130, 118, 154, 155, 98, 99, 150, 151, 49, 48, 159, 162, 163, 164, 165, 158, 166, 167, 72, 169, 168, 73, 172, 173, 171, 170, 157, 160, 156, 136]
  列生成求解结果: 目标值=10.0000， 下界=9.0000， 上界=10.0000

处理节点 175
  开始列生成求解...
Set parameter LogToConsole to value 0
Set parameter Threads to value 1
Set parameter Seed to value 0
  定价策略: Exact, node=175, vertices=12
Set parameter PoolSearchMode to value 2
Set parameter PoolSolutions to value 10
[CG 1] RMP=16.000000, pricing=ExactPricingSolver, new_columns=0
  搜索路径: [1, 2, 3, 5, 4, 8, 9, 12, 13, 14, 15, 16, 17, 18, 21, 24, 25, 19, 28, 29, 31, 22, 23, 36, 40, 41, 38, 37, 30, 39, 20, 46, 47, 51, 52, 53, 50, 60, 61, 58, 59, 6, 7, 32, 33, 56, 57, 55, 74, 75, 76, 77, 54, 70, 71, 80, 81, 83, 82, 86, 87, 88, 89, 90, 91, 92, 93, 94, 95, 104, 105, 102, 103, 108, 109, 69, 68, 112, 113, 79, 101, 78, 110, 106, 111, 114, 115, 107, 100, 120, 121, 124, 125, 45, 44, 43, 127, 126, 42, 67, 128, 66, 129, 63, 62, 134, 135, 64, 138, 139, 26, 27, 140, 141, 142, 143, 119, 144, 145, 149, 148, 117, 131, 65, 153, 152, 116, 130, 118, 154, 155, 98, 99, 150, 151, 49, 48, 159, 162, 163, 164, 165, 158, 166, 167, 72, 169, 168, 73, 172, 173, 171, 170, 157, 160, 156, 136, 175]
  列生成求解结果: 目标值=16.0000， 下界=9.0000， 上界=10.0000

处理节点 174
  开始列生成求解...
Set parameter LogToConsole to value 0
Set parameter Threads to value 1
Set parameter Seed to value 0
  定价策略: Exact, node=174, vertices=12
Set parameter PoolSearchMode to value 2
Set parameter PoolSolutions to value 10
[CG 1] RMP=10.000000, pricing=ExactPricingSolver, new_columns=0
  搜索路径: [1, 2, 3, 5, 4, 8, 9, 12, 13, 14, 15, 16, 17, 18, 21, 24, 25, 19, 28, 29, 31, 22, 23, 36, 40, 41, 38, 37, 30, 39, 20, 46, 47, 51, 52, 53, 50, 60, 61, 58, 59, 6, 7, 32, 33, 56, 57, 55, 74, 75, 76, 77, 54, 70, 71, 80, 81, 83, 82, 86, 87, 88, 89, 90, 91, 92, 93, 94, 95, 104, 105, 102, 103, 108, 109, 69, 68, 112, 113, 79, 101, 78, 110, 106, 111, 114, 115, 107, 100, 120, 121, 124, 125, 45, 44, 43, 127, 126, 42, 67, 128, 66, 129, 63, 62, 134, 135, 64, 138, 139, 26, 27, 140, 141, 142, 143, 119, 144, 145, 149, 148, 117, 131, 65, 153, 152, 116, 130, 118, 154, 155, 98, 99, 150, 151, 49, 48, 159, 162, 163, 164, 165, 158, 166, 167, 72, 169, 168, 73, 172, 173, 171, 170, 157, 160, 156, 136, 175, 174]
  列生成求解结果: 目标值=10.0000， 下界=9.0000， 上界=10.0000

处理节点 137
  开始列生成求解...
Set parameter LogToConsole to value 0
Set parameter Threads to value 1
Set parameter Seed to value 0
  定价策略: Exact, node=137, vertices=11
Set parameter PoolSearchMode to value 2
Set parameter PoolSolutions to value 10
[CG 1] RMP=16.000000, pricing=ExactPricingSolver, new_columns=0
  搜索路径: [1, 2, 3, 5, 4, 8, 9, 12, 13, 14, 15, 16, 17, 18, 21, 24, 25, 19, 28, 29, 31, 22, 23, 36, 40, 41, 38, 37, 30, 39, 20, 46, 47, 51, 52, 53, 50, 60, 61, 58, 59, 6, 7, 32, 33, 56, 57, 55, 74, 75, 76, 77, 54, 70, 71, 80, 81, 83, 82, 86, 87, 88, 89, 90, 91, 92, 93, 94, 95, 104, 105, 102, 103, 108, 109, 69, 68, 112, 113, 79, 101, 78, 110, 106, 111, 114, 115, 107, 100, 120, 121, 124, 125, 45, 44, 43, 127, 126, 42, 67, 128, 66, 129, 63, 62, 134, 135, 64, 138, 139, 26, 27, 140, 141, 142, 143, 119, 144, 145, 149, 148, 117, 131, 65, 153, 152, 116, 130, 118, 154, 155, 98, 99, 150, 151, 49, 48, 159, 162, 163, 164, 165, 158, 166, 167, 72, 169, 168, 73, 172, 173, 171, 170, 157, 160, 156, 136, 175, 174, 137]
  列生成求解结果: 目标值=16.0000， 下界=9.0000， 上界=10.0000

处理节点 179
  开始列生成求解...
Set parameter LogToConsole to value 0
Set parameter Threads to value 1
Set parameter Seed to value 0
  定价策略: Exact, node=179, vertices=12
Set parameter PoolSearchMode to value 2
Set parameter PoolSolutions to value 10
[CG 1] RMP=13.000000, pricing=ExactPricingSolver, new_columns=0
  搜索路径: [1, 2, 3, 5, 4, 8, 9, 12, 13, 14, 15, 16, 17, 18, 21, 24, 25, 19, 28, 29, 31, 22, 23, 36, 40, 41, 38, 37, 30, 39, 20, 46, 47, 51, 52, 53, 50, 60, 61, 58, 59, 6, 7, 32, 33, 56, 57, 55, 74, 75, 76, 77, 54, 70, 71, 80, 81, 83, 82, 86, 87, 88, 89, 90, 91, 92, 93, 94, 95, 104, 105, 102, 103, 108, 109, 69, 68, 112, 113, 79, 101, 78, 110, 106, 111, 114, 115, 107, 100, 120, 121, 124, 125, 45, 44, 43, 127, 126, 42, 67, 128, 66, 129, 63, 62, 134, 135, 64, 138, 139, 26, 27, 140, 141, 142, 143, 119, 144, 145, 149, 148, 117, 131, 65, 153, 152, 116, 130, 118, 154, 155, 98, 99, 150, 151, 49, 48, 159, 162, 163, 164, 165, 158, 166, 167, 72, 169, 168, 73, 172, 173, 171, 170, 157, 160, 156, 136, 175, 174, 137, 179]
  列生成求解结果: 目标值=13.0000， 下界=9.0000， 上界=10.0000

处理节点 178
  开始列生成求解...
Set parameter LogToConsole to value 0
Set parameter Threads to value 1
Set parameter Seed to value 0
  定价策略: Exact, node=178, vertices=12
Set parameter PoolSearchMode to value 2
Set parameter PoolSolutions to value 10
[CG 1] RMP=22.000000, pricing=ExactPricingSolver, new_columns=0
  搜索路径: [1, 2, 3, 5, 4, 8, 9, 12, 13, 14, 15, 16, 17, 18, 21, 24, 25, 19, 28, 29, 31, 22, 23, 36, 40, 41, 38, 37, 30, 39, 20, 46, 47, 51, 52, 53, 50, 60, 61, 58, 59, 6, 7, 32, 33, 56, 57, 55, 74, 75, 76, 77, 54, 70, 71, 80, 81, 83, 82, 86, 87, 88, 89, 90, 91, 92, 93, 94, 95, 104, 105, 102, 103, 108, 109, 69, 68, 112, 113, 79, 101, 78, 110, 106, 111, 114, 115, 107, 100, 120, 121, 124, 125, 45, 44, 43, 127, 126, 42, 67, 128, 66, 129, 63, 62, 134, 135, 64, 138, 139, 26, 27, 140, 141, 142, 143, 119, 144, 145, 149, 148, 117, 131, 65, 153, 152, 116, 130, 118, 154, 155, 98, 99, 150, 151, 49, 48, 159, 162, 163, 164, 165, 158, 166, 167, 72, 169, 168, 73, 172, 173, 171, 170, 157, 160, 156, 136, 175, 174, 137, 179, 178]
  列生成求解结果: 目标值=22.0000， 下界=9.0000， 上界=10.0000

处理节点 11
  开始列生成求解...
Set parameter LogToConsole to value 0
Set parameter Threads to value 1
Set parameter Seed to value 0
  定价策略: Exact, node=11, vertices=23
Set parameter PoolSearchMode to value 2
Set parameter PoolSolutions to value 10
[CG 1] RMP=2010.000000, pricing=ExactPricingSolver, new_columns=10
[CG 2] RMP=16.000000, pricing=ExactPricingSolver, new_columns=0
  搜索路径: [1, 2, 3, 5, 4, 8, 9, 12, 13, 14, 15, 16, 17, 18, 21, 24, 25, 19, 28, 29, 31, 22, 23, 36, 40, 41, 38, 37, 30, 39, 20, 46, 47, 51, 52, 53, 50, 60, 61, 58, 59, 6, 7, 32, 33, 56, 57, 55, 74, 75, 76, 77, 54, 70, 71, 80, 81, 83, 82, 86, 87, 88, 89, 90, 91, 92, 93, 94, 95, 104, 105, 102, 103, 108, 109, 69, 68, 112, 113, 79, 101, 78, 110, 106, 111, 114, 115, 107, 100, 120, 121, 124, 125, 45, 44, 43, 127, 126, 42, 67, 128, 66, 129, 63, 62, 134, 135, 64, 138, 139, 26, 27, 140, 141, 142, 143, 119, 144, 145, 149, 148, 117, 131, 65, 153, 152, 116, 130, 118, 154, 155, 98, 99, 150, 151, 49, 48, 159, 162, 163, 164, 165, 158, 166, 167, 72, 169, 168, 73, 172, 173, 171, 170, 157, 160, 156, 136, 175, 174, 137, 179, 178, 11]
  列生成求解结果: 目标值=16.0000， 下界=9.0000， 上界=10.0000

处理节点 132
  开始列生成求解...
Set parameter LogToConsole to value 0
Set parameter Threads to value 1
Set parameter Seed to value 0
  定价策略: Exact, node=132, vertices=11
Set parameter PoolSearchMode to value 2
Set parameter PoolSolutions to value 10
[CG 1] RMP=10.000000, pricing=ExactPricingSolver, new_columns=0
  搜索路径: [1, 2, 3, 5, 4, 8, 9, 12, 13, 14, 15, 16, 17, 18, 21, 24, 25, 19, 28, 29, 31, 22, 23, 36, 40, 41, 38, 37, 30, 39, 20, 46, 47, 51, 52, 53, 50, 60, 61, 58, 59, 6, 7, 32, 33, 56, 57, 55, 74, 75, 76, 77, 54, 70, 71, 80, 81, 83, 82, 86, 87, 88, 89, 90, 91, 92, 93, 94, 95, 104, 105, 102, 103, 108, 109, 69, 68, 112, 113, 79, 101, 78, 110, 106, 111, 114, 115, 107, 100, 120, 121, 124, 125, 45, 44, 43, 127, 126, 42, 67, 128, 66, 129, 63, 62, 134, 135, 64, 138, 139, 26, 27, 140, 141, 142, 143, 119, 144, 145, 149, 148, 117, 131, 65, 153, 152, 116, 130, 118, 154, 155, 98, 99, 150, 151, 49, 48, 159, 162, 163, 164, 165, 158, 166, 167, 72, 169, 168, 73, 172, 173, 171, 170, 157, 160, 156, 136, 175, 174, 137, 179, 178, 11, 132]
  列生成求解结果: 目标值=10.0000， 下界=9.0000， 上界=10.0000

处理节点 84
  开始列生成求解...
Set parameter LogToConsole to value 0
Set parameter Threads to value 1
Set parameter Seed to value 0
  定价策略: Exact, node=84, vertices=15
Set parameter PoolSearchMode to value 2
Set parameter PoolSolutions to value 10
[CG 1] RMP=10.000000, pricing=ExactPricingSolver, new_columns=0
  搜索路径: [1, 2, 3, 5, 4, 8, 9, 12, 13, 14, 15, 16, 17, 18, 21, 24, 25, 19, 28, 29, 31, 22, 23, 36, 40, 41, 38, 37, 30, 39, 20, 46, 47, 51, 52, 53, 50, 60, 61, 58, 59, 6, 7, 32, 33, 56, 57, 55, 74, 75, 76, 77, 54, 70, 71, 80, 81, 83, 82, 86, 87, 88, 89, 90, 91, 92, 93, 94, 95, 104, 105, 102, 103, 108, 109, 69, 68, 112, 113, 79, 101, 78, 110, 106, 111, 114, 115, 107, 100, 120, 121, 124, 125, 45, 44, 43, 127, 126, 42, 67, 128, 66, 129, 63, 62, 134, 135, 64, 138, 139, 26, 27, 140, 141, 142, 143, 119, 144, 145, 149, 148, 117, 131, 65, 153, 152, 116, 130, 118, 154, 155, 98, 99, 150, 151, 49, 48, 159, 162, 163, 164, 165, 158, 166, 167, 72, 169, 168, 73, 172, 173, 171, 170, 157, 160, 156, 136, 175, 174, 137, 179, 178, 11, 132, 84]
  列生成求解结果: 目标值=10.0000， 下界=9.0000， 上界=10.0000

处理节点 123
  开始列生成求解...
Set parameter LogToConsole to value 0
Set parameter Threads to value 1
Set parameter Seed to value 0
  定价策略: Exact, node=123, vertices=23
Set parameter PoolSearchMode to value 2
Set parameter PoolSolutions to value 10
[CG 1] RMP=13.000000, pricing=ExactPricingSolver, new_columns=10
[CG 2] RMP=10.000000, pricing=ExactPricingSolver, new_columns=0
  搜索路径: [1, 2, 3, 5, 4, 8, 9, 12, 13, 14, 15, 16, 17, 18, 21, 24, 25, 19, 28, 29, 31, 22, 23, 36, 40, 41, 38, 37, 30, 39, 20, 46, 47, 51, 52, 53, 50, 60, 61, 58, 59, 6, 7, 32, 33, 56, 57, 55, 74, 75, 76, 77, 54, 70, 71, 80, 81, 83, 82, 86, 87, 88, 89, 90, 91, 92, 93, 94, 95, 104, 105, 102, 103, 108, 109, 69, 68, 112, 113, 79, 101, 78, 110, 106, 111, 114, 115, 107, 100, 120, 121, 124, 125, 45, 44, 43, 127, 126, 42, 67, 128, 66, 129, 63, 62, 134, 135, 64, 138, 139, 26, 27, 140, 141, 142, 143, 119, 144, 145, 149, 148, 117, 131, 65, 153, 152, 116, 130, 118, 154, 155, 98, 99, 150, 151, 49, 48, 159, 162, 163, 164, 165, 158, 166, 167, 72, 169, 168, 73, 172, 173, 171, 170, 157, 160, 156, 136, 175, 174, 137, 179, 178, 11, 132, 84, 123]
  列生成求解结果: 目标值=10.0000， 下界=9.0000， 上界=10.0000

处理节点 161
  开始列生成求解...
Set parameter LogToConsole to value 0
Set parameter Threads to value 1
Set parameter Seed to value 0
  定价策略: Exact, node=161, vertices=16
Set parameter PoolSearchMode to value 2
Set parameter PoolSolutions to value 10
[CG 1] RMP=22.000000, pricing=ExactPricingSolver, new_columns=10
[CG 2] RMP=22.000000, pricing=ExactPricingSolver, new_columns=10
[CG 3] RMP=22.000000, pricing=ExactPricingSolver, new_columns=10
[CG 4] RMP=13.000000, pricing=ExactPricingSolver, new_columns=0
  搜索路径: [1, 2, 3, 5, 4, 8, 9, 12, 13, 14, 15, 16, 17, 18, 21, 24, 25, 19, 28, 29, 31, 22, 23, 36, 40, 41, 38, 37, 30, 39, 20, 46, 47, 51, 52, 53, 50, 60, 61, 58, 59, 6, 7, 32, 33, 56, 57, 55, 74, 75, 76, 77, 54, 70, 71, 80, 81, 83, 82, 86, 87, 88, 89, 90, 91, 92, 93, 94, 95, 104, 105, 102, 103, 108, 109, 69, 68, 112, 113, 79, 101, 78, 110, 106, 111, 114, 115, 107, 100, 120, 121, 124, 125, 45, 44, 43, 127, 126, 42, 67, 128, 66, 129, 63, 62, 134, 135, 64, 138, 139, 26, 27, 140, 141, 142, 143, 119, 144, 145, 149, 148, 117, 131, 65, 153, 152, 116, 130, 118, 154, 155, 98, 99, 150, 151, 49, 48, 159, 162, 163, 164, 165, 158, 166, 167, 72, 169, 168, 73, 172, 173, 171, 170, 157, 160, 156, 136, 175, 174, 137, 179, 178, 11, 132, 84, 123, 161]
  列生成求解结果: 目标值=13.0000， 下界=9.0000， 上界=10.0000

处理节点 133
  开始列生成求解...
Set parameter LogToConsole to value 0
Set parameter Threads to value 1
Set parameter Seed to value 0
  定价策略: Exact, node=133, vertices=11
Set parameter PoolSearchMode to value 2
Set parameter PoolSolutions to value 10
[CG 1] RMP=16.000000, pricing=ExactPricingSolver, new_columns=0
  搜索路径: [1, 2, 3, 5, 4, 8, 9, 12, 13, 14, 15, 16, 17, 18, 21, 24, 25, 19, 28, 29, 31, 22, 23, 36, 40, 41, 38, 37, 30, 39, 20, 46, 47, 51, 52, 53, 50, 60, 61, 58, 59, 6, 7, 32, 33, 56, 57, 55, 74, 75, 76, 77, 54, 70, 71, 80, 81, 83, 82, 86, 87, 88, 89, 90, 91, 92, 93, 94, 95, 104, 105, 102, 103, 108, 109, 69, 68, 112, 113, 79, 101, 78, 110, 106, 111, 114, 115, 107, 100, 120, 121, 124, 125, 45, 44, 43, 127, 126, 42, 67, 128, 66, 129, 63, 62, 134, 135, 64, 138, 139, 26, 27, 140, 141, 142, 143, 119, 144, 145, 149, 148, 117, 131, 65, 153, 152, 116, 130, 118, 154, 155, 98, 99, 150, 151, 49, 48, 159, 162, 163, 164, 165, 158, 166, 167, 72, 169, 168, 73, 172, 173, 171, 170, 157, 160, 156, 136, 175, 174, 137, 179, 178, 11, 132, 84, 123, 161, 133]
  列生成求解结果: 目标值=16.0000， 下界=9.0000， 上界=10.0000

处理节点 10
  开始列生成求解...
Set parameter LogToConsole to value 0
Set parameter Threads to value 1
Set parameter Seed to value 0
  定价策略: Exact, node=10, vertices=23
Set parameter PoolSearchMode to value 2
Set parameter PoolSolutions to value 10
[CG 1] RMP=10.000000, pricing=ExactPricingSolver, new_columns=0
  搜索路径: [1, 2, 3, 5, 4, 8, 9, 12, 13, 14, 15, 16, 17, 18, 21, 24, 25, 19, 28, 29, 31, 22, 23, 36, 40, 41, 38, 37, 30, 39, 20, 46, 47, 51, 52, 53, 50, 60, 61, 58, 59, 6, 7, 32, 33, 56, 57, 55, 74, 75, 76, 77, 54, 70, 71, 80, 81, 83, 82, 86, 87, 88, 89, 90, 91, 92, 93, 94, 95, 104, 105, 102, 103, 108, 109, 69, 68, 112, 113, 79, 101, 78, 110, 106, 111, 114, 115, 107, 100, 120, 121, 124, 125, 45, 44, 43, 127, 126, 42, 67, 128, 66, 129, 63, 62, 134, 135, 64, 138, 139, 26, 27, 140, 141, 142, 143, 119, 144, 145, 149, 148, 117, 131, 65, 153, 152, 116, 130, 118, 154, 155, 98, 99, 150, 151, 49, 48, 159, 162, 163, 164, 165, 158, 166, 167, 72, 169, 168, 73, 172, 173, 171, 170, 157, 160, 156, 136, 175, 174, 137, 179, 178, 11, 132, 84, 123, 161, 133, 10]
  列生成求解结果: 目标值=10.0000， 下界=9.0000， 上界=10.0000

处理节点 34
  开始列生成求解...
Set parameter LogToConsole to value 0
Set parameter Threads to value 1
Set parameter Seed to value 0
  定价策略: Exact, node=34, vertices=17
Set parameter PoolSearchMode to value 2
Set parameter PoolSolutions to value 10
[CG 1] RMP=2010.000000, pricing=ExactPricingSolver, new_columns=10
[CG 2] RMP=16.000000, pricing=ExactPricingSolver, new_columns=0
  搜索路径: [1, 2, 3, 5, 4, 8, 9, 12, 13, 14, 15, 16, 17, 18, 21, 24, 25, 19, 28, 29, 31, 22, 23, 36, 40, 41, 38, 37, 30, 39, 20, 46, 47, 51, 52, 53, 50, 60, 61, 58, 59, 6, 7, 32, 33, 56, 57, 55, 74, 75, 76, 77, 54, 70, 71, 80, 81, 83, 82, 86, 87, 88, 89, 90, 91, 92, 93, 94, 95, 104, 105, 102, 103, 108, 109, 69, 68, 112, 113, 79, 101, 78, 110, 106, 111, 114, 115, 107, 100, 120, 121, 124, 125, 45, 44, 43, 127, 126, 42, 67, 128, 66, 129, 63, 62, 134, 135, 64, 138, 139, 26, 27, 140, 141, 142, 143, 119, 144, 145, 149, 148, 117, 131, 65, 153, 152, 116, 130, 118, 154, 155, 98, 99, 150, 151, 49, 48, 159, 162, 163, 164, 165, 158, 166, 167, 72, 169, 168, 73, 172, 173, 171, 170, 157, 160, 156, 136, 175, 174, 137, 179, 178, 11, 132, 84, 123, 161, 133, 10, 34]
  列生成求解结果: 目标值=16.0000， 下界=9.0000， 上界=10.0000

处理节点 96
  开始列生成求解...
Set parameter LogToConsole to value 0
Set parameter Threads to value 1
Set parameter Seed to value 0
  定价策略: Exact, node=96, vertices=16
Set parameter PoolSearchMode to value 2
Set parameter PoolSolutions to value 10
[CG 1] RMP=10.000000, pricing=ExactPricingSolver, new_columns=0
  搜索路径: [1, 2, 3, 5, 4, 8, 9, 12, 13, 14, 15, 16, 17, 18, 21, 24, 25, 19, 28, 29, 31, 22, 23, 36, 40, 41, 38, 37, 30, 39, 20, 46, 47, 51, 52, 53, 50, 60, 61, 58, 59, 6, 7, 32, 33, 56, 57, 55, 74, 75, 76, 77, 54, 70, 71, 80, 81, 83, 82, 86, 87, 88, 89, 90, 91, 92, 93, 94, 95, 104, 105, 102, 103, 108, 109, 69, 68, 112, 113, 79, 101, 78, 110, 106, 111, 114, 115, 107, 100, 120, 121, 124, 125, 45, 44, 43, 127, 126, 42, 67, 128, 66, 129, 63, 62, 134, 135, 64, 138, 139, 26, 27, 140, 141, 142, 143, 119, 144, 145, 149, 148, 117, 131, 65, 153, 152, 116, 130, 118, 154, 155, 98, 99, 150, 151, 49, 48, 159, 162, 163, 164, 165, 158, 166, 167, 72, 169, 168, 73, 172, 173, 171, 170, 157, 160, 156, 136, 175, 174, 137, 179, 178, 11, 132, 84, 123, 161, 133, 10, 34, 96]
  列生成求解结果: 目标值=10.0000， 下界=9.0000， 上界=10.0000

处理节点 35
  开始列生成求解...
Set parameter LogToConsole to value 0
Set parameter Threads to value 1
Set parameter Seed to value 0
  定价策略: Exact, node=35, vertices=17
Set parameter PoolSearchMode to value 2
Set parameter PoolSolutions to value 10
[CG 1] RMP=10.000000, pricing=ExactPricingSolver, new_columns=0
  搜索路径: [1, 2, 3, 5, 4, 8, 9, 12, 13, 14, 15, 16, 17, 18, 21, 24, 25, 19, 28, 29, 31, 22, 23, 36, 40, 41, 38, 37, 30, 39, 20, 46, 47, 51, 52, 53, 50, 60, 61, 58, 59, 6, 7, 32, 33, 56, 57, 55, 74, 75, 76, 77, 54, 70, 71, 80, 81, 83, 82, 86, 87, 88, 89, 90, 91, 92, 93, 94, 95, 104, 105, 102, 103, 108, 109, 69, 68, 112, 113, 79, 101, 78, 110, 106, 111, 114, 115, 107, 100, 120, 121, 124, 125, 45, 44, 43, 127, 126, 42, 67, 128, 66, 129, 63, 62, 134, 135, 64, 138, 139, 26, 27, 140, 141, 142, 143, 119, 144, 145, 149, 148, 117, 131, 65, 153, 152, 116, 130, 118, 154, 155, 98, 99, 150, 151, 49, 48, 159, 162, 163, 164, 165, 158, 166, 167, 72, 169, 168, 73, 172, 173, 171, 170, 157, 160, 156, 136, 175, 174, 137, 179, 178, 11, 132, 84, 123, 161, 133, 10, 34, 96, 35]
  列生成求解结果: 目标值=10.0000， 下界=9.0000， 上界=10.0000

处理节点 122
  开始列生成求解...
Set parameter LogToConsole to value 0
Set parameter Threads to value 1
Set parameter Seed to value 0
  定价策略: Exact, node=122, vertices=23
Set parameter PoolSearchMode to value 2
Set parameter PoolSolutions to value 10
[CG 1] RMP=16.000000, pricing=ExactPricingSolver, new_columns=0
  搜索路径: [1, 2, 3, 5, 4, 8, 9, 12, 13, 14, 15, 16, 17, 18, 21, 24, 25, 19, 28, 29, 31, 22, 23, 36, 40, 41, 38, 37, 30, 39, 20, 46, 47, 51, 52, 53, 50, 60, 61, 58, 59, 6, 7, 32, 33, 56, 57, 55, 74, 75, 76, 77, 54, 70, 71, 80, 81, 83, 82, 86, 87, 88, 89, 90, 91, 92, 93, 94, 95, 104, 105, 102, 103, 108, 109, 69, 68, 112, 113, 79, 101, 78, 110, 106, 111, 114, 115, 107, 100, 120, 121, 124, 125, 45, 44, 43, 127, 126, 42, 67, 128, 66, 129, 63, 62, 134, 135, 64, 138, 139, 26, 27, 140, 141, 142, 143, 119, 144, 145, 149, 148, 117, 131, 65, 153, 152, 116, 130, 118, 154, 155, 98, 99, 150, 151, 49, 48, 159, 162, 163, 164, 165, 158, 166, 167, 72, 169, 168, 73, 172, 173, 171, 170, 157, 160, 156, 136, 175, 174, 137, 179, 178, 11, 132, 84, 123, 161, 133, 10, 34, 96, 35, 122]
  列生成求解结果: 目标值=16.0000， 下界=9.0000， 上界=10.0000

处理节点 97
  开始列生成求解...
Set parameter LogToConsole to value 0
Set parameter Threads to value 1
Set parameter Seed to value 0
  定价策略: Exact, node=97, vertices=16
Set parameter PoolSearchMode to value 2
Set parameter PoolSolutions to value 10
[CG 1] RMP=16.000000, pricing=ExactPricingSolver, new_columns=0
  搜索路径: [1, 2, 3, 5, 4, 8, 9, 12, 13, 14, 15, 16, 17, 18, 21, 24, 25, 19, 28, 29, 31, 22, 23, 36, 40, 41, 38, 37, 30, 39, 20, 46, 47, 51, 52, 53, 50, 60, 61, 58, 59, 6, 7, 32, 33, 56, 57, 55, 74, 75, 76, 77, 54, 70, 71, 80, 81, 83, 82, 86, 87, 88, 89, 90, 91, 92, 93, 94, 95, 104, 105, 102, 103, 108, 109, 69, 68, 112, 113, 79, 101, 78, 110, 106, 111, 114, 115, 107, 100, 120, 121, 124, 125, 45, 44, 43, 127, 126, 42, 67, 128, 66, 129, 63, 62, 134, 135, 64, 138, 139, 26, 27, 140, 141, 142, 143, 119, 144, 145, 149, 148, 117, 131, 65, 153, 152, 116, 130, 118, 154, 155, 98, 99, 150, 151, 49, 48, 159, 162, 163, 164, 165, 158, 166, 167, 72, 169, 168, 73, 172, 173, 171, 170, 157, 160, 156, 136, 175, 174, 137, 179, 178, 11, 132, 84, 123, 161, 133, 10, 34, 96, 35, 122, 97]
  列生成求解结果: 目标值=16.0000， 下界=9.0000， 上界=10.0000

处理节点 85
  开始列生成求解...
Set parameter LogToConsole to value 0
Set parameter Threads to value 1
Set parameter Seed to value 0
  定价策略: Exact, node=85, vertices=15
Set parameter PoolSearchMode to value 2
Set parameter PoolSolutions to value 10
[CG 1] RMP=2010.000000, pricing=ExactPricingSolver, new_columns=10
[CG 2] RMP=16.000000, pricing=ExactPricingSolver, new_columns=0
  搜索路径: [1, 2, 3, 5, 4, 8, 9, 12, 13, 14, 15, 16, 17, 18, 21, 24, 25, 19, 28, 29, 31, 22, 23, 36, 40, 41, 38, 37, 30, 39, 20, 46, 47, 51, 52, 53, 50, 60, 61, 58, 59, 6, 7, 32, 33, 56, 57, 55, 74, 75, 76, 77, 54, 70, 71, 80, 81, 83, 82, 86, 87, 88, 89, 90, 91, 92, 93, 94, 95, 104, 105, 102, 103, 108, 109, 69, 68, 112, 113, 79, 101, 78, 110, 106, 111, 114, 115, 107, 100, 120, 121, 124, 125, 45, 44, 43, 127, 126, 42, 67, 128, 66, 129, 63, 62, 134, 135, 64, 138, 139, 26, 27, 140, 141, 142, 143, 119, 144, 145, 149, 148, 117, 131, 65, 153, 152, 116, 130, 118, 154, 155, 98, 99, 150, 151, 49, 48, 159, 162, 163, 164, 165, 158, 166, 167, 72, 169, 168, 73, 172, 173, 171, 170, 157, 160, 156, 136, 175, 174, 137, 179, 178, 11, 132, 84, 123, 161, 133, 10, 34, 96, 35, 122, 97, 85]
  列生成求解结果: 目标值=16.0000， 下界=9.0000， 上界=10.0000

处理节点 177
  开始列生成求解...
Set parameter LogToConsole to value 0
Set parameter Threads to value 1
Set parameter Seed to value 0
  定价策略: Exact, node=177, vertices=15
Set parameter PoolSearchMode to value 2
Set parameter PoolSolutions to value 10
[CG 1] RMP=16.000000, pricing=ExactPricingSolver, new_columns=10
[CG 2] RMP=9.000000, pricing=ExactPricingSolver, new_columns=0
  搜索路径: [1, 2, 3, 5, 4, 8, 9, 12, 13, 14, 15, 16, 17, 18, 21, 24, 25, 19, 28, 29, 31, 22, 23, 36, 40, 41, 38, 37, 30, 39, 20, 46, 47, 51, 52, 53, 50, 60, 61, 58, 59, 6, 7, 32, 33, 56, 57, 55, 74, 75, 76, 77, 54, 70, 71, 80, 81, 83, 82, 86, 87, 88, 89, 90, 91, 92, 93, 94, 95, 104, 105, 102, 103, 108, 109, 69, 68, 112, 113, 79, 101, 78, 110, 106, 111, 114, 115, 107, 100, 120, 121, 124, 125, 45, 44, 43, 127, 126, 42, 67, 128, 66, 129, 63, 62, 134, 135, 64, 138, 139, 26, 27, 140, 141, 142, 143, 119, 144, 145, 149, 148, 117, 131, 65, 153, 152, 116, 130, 118, 154, 155, 98, 99, 150, 151, 49, 48, 159, 162, 163, 164, 165, 158, 166, 167, 72, 169, 168, 73, 172, 173, 171, 170, 157, 160, 156, 136, 175, 174, 137, 179, 178, 11, 132, 84, 123, 161, 133, 10, 34, 96, 35, 122, 97, 85, 177]
  列生成求解结果: 目标值=9.0000， 下界=9.0000， 上界=10.0000
    非整数变量: COL_23-26-9_55 = 0.102564
  解不是整数，开始分支...
ImposedVertex(vertex=23)
ForbidVertex(vertex=23)
  创建了 2 个分支
    添加分支节点 1: ID=180
    添加分支节点 2: ID=181

处理节点 180
  开始列生成求解...
Set parameter LogToConsole to value 0
Set parameter Threads to value 1
Set parameter Seed to value 0
  定价策略: Exact, node=180, vertices=14
Set parameter PoolSearchMode to value 2
Set parameter PoolSolutions to value 10
[CG 1] RMP=9.000000, pricing=ExactPricingSolver, new_columns=0
  搜索路径: [1, 2, 3, 5, 4, 8, 9, 12, 13, 14, 15, 16, 17, 18, 21, 24, 25, 19, 28, 29, 31, 22, 23, 36, 40, 41, 38, 37, 30, 39, 20, 46, 47, 51, 52, 53, 50, 60, 61, 58, 59, 6, 7, 32, 33, 56, 57, 55, 74, 75, 76, 77, 54, 70, 71, 80, 81, 83, 82, 86, 87, 88, 89, 90, 91, 92, 93, 94, 95, 104, 105, 102, 103, 108, 109, 69, 68, 112, 113, 79, 101, 78, 110, 106, 111, 114, 115, 107, 100, 120, 121, 124, 125, 45, 44, 43, 127, 126, 42, 67, 128, 66, 129, 63, 62, 134, 135, 64, 138, 139, 26, 27, 140, 141, 142, 143, 119, 144, 145, 149, 148, 117, 131, 65, 153, 152, 116, 130, 118, 154, 155, 98, 99, 150, 151, 49, 48, 159, 162, 163, 164, 165, 158, 166, 167, 72, 169, 168, 73, 172, 173, 171, 170, 157, 160, 156, 136, 175, 174, 137, 179, 178, 11, 132, 84, 123, 161, 133, 10, 34, 96, 35, 122, 97, 85, 177, 180]
  列生成求解结果: 目标值=9.0000， 下界=9.0000， 上界=10.0000
    非整数变量: COL_0-23_36 = 0.200000
  解不是整数，开始分支...
ImposedVertex(vertex=28)
ForbidVertex(vertex=28)
  创建了 2 个分支
    添加分支节点 1: ID=182
    添加分支节点 2: ID=183

处理节点 182
  开始列生成求解...
Set parameter LogToConsole to value 0
Set parameter Threads to value 1
Set parameter Seed to value 0
  定价策略: Exact, node=182, vertices=13
Set parameter PoolSearchMode to value 2
Set parameter PoolSolutions to value 10
[CG 1] RMP=15.000000, pricing=ExactPricingSolver, new_columns=10
[CG 2] RMP=12.692308, pricing=ExactPricingSolver, new_columns=10
[CG 3] RMP=10.000000, pricing=ExactPricingSolver, new_columns=0
  搜索路径: [1, 2, 3, 5, 4, 8, 9, 12, 13, 14, 15, 16, 17, 18, 21, 24, 25, 19, 28, 29, 31, 22, 23, 36, 40, 41, 38, 37, 30, 39, 20, 46, 47, 51, 52, 53, 50, 60, 61, 58, 59, 6, 7, 32, 33, 56, 57, 55, 74, 75, 76, 77, 54, 70, 71, 80, 81, 83, 82, 86, 87, 88, 89, 90, 91, 92, 93, 94, 95, 104, 105, 102, 103, 108, 109, 69, 68, 112, 113, 79, 101, 78, 110, 106, 111, 114, 115, 107, 100, 120, 121, 124, 125, 45, 44, 43, 127, 126, 42, 67, 128, 66, 129, 63, 62, 134, 135, 64, 138, 139, 26, 27, 140, 141, 142, 143, 119, 144, 145, 149, 148, 117, 131, 65, 153, 152, 116, 130, 118, 154, 155, 98, 99, 150, 151, 49, 48, 159, 162, 163, 164, 165, 158, 166, 167, 72, 169, 168, 73, 172, 173, 171, 170, 157, 160, 156, 136, 175, 174, 137, 179, 178, 11, 132, 84, 123, 161, 133, 10, 34, 96, 35, 122, 97, 85, 177, 180, 182]
  列生成求解结果: 目标值=10.0000， 下界=9.0000， 上界=10.0000

处理节点 183
  开始列生成求解...
Set parameter LogToConsole to value 0
Set parameter Threads to value 1
Set parameter Seed to value 0
  定价策略: Exact, node=183, vertices=13
Set parameter PoolSearchMode to value 2
Set parameter PoolSolutions to value 10
[CG 1] RMP=16.000000, pricing=ExactPricingSolver, new_columns=0
  搜索路径: [1, 2, 3, 5, 4, 8, 9, 12, 13, 14, 15, 16, 17, 18, 21, 24, 25, 19, 28, 29, 31, 22, 23, 36, 40, 41, 38, 37, 30, 39, 20, 46, 47, 51, 52, 53, 50, 60, 61, 58, 59, 6, 7, 32, 33, 56, 57, 55, 74, 75, 76, 77, 54, 70, 71, 80, 81, 83, 82, 86, 87, 88, 89, 90, 91, 92, 93, 94, 95, 104, 105, 102, 103, 108, 109, 69, 68, 112, 113, 79, 101, 78, 110, 106, 111, 114, 115, 107, 100, 120, 121, 124, 125, 45, 44, 43, 127, 126, 42, 67, 128, 66, 129, 63, 62, 134, 135, 64, 138, 139, 26, 27, 140, 141, 142, 143, 119, 144, 145, 149, 148, 117, 131, 65, 153, 152, 116, 130, 118, 154, 155, 98, 99, 150, 151, 49, 48, 159, 162, 163, 164, 165, 158, 166, 167, 72, 169, 168, 73, 172, 173, 171, 170, 157, 160, 156, 136, 175, 174, 137, 179, 178, 11, 132, 84, 123, 161, 133, 10, 34, 96, 35, 122, 97, 85, 177, 180, 182, 183]
  列生成求解结果: 目标值=16.0000， 下界=9.0000， 上界=10.0000

处理节点 181
  开始列生成求解...
Set parameter LogToConsole to value 0
Set parameter Threads to value 1
Set parameter Seed to value 0
  定价策略: Exact, node=181, vertices=14
Set parameter PoolSearchMode to value 2
Set parameter PoolSolutions to value 10
[CG 1] RMP=2010.000000, pricing=ExactPricingSolver, new_columns=10
[CG 2] RMP=22.000000, pricing=ExactPricingSolver, new_columns=10
[CG 3] RMP=13.000000, pricing=ExactPricingSolver, new_columns=0
  搜索路径: [1, 2, 3, 5, 4, 8, 9, 12, 13, 14, 15, 16, 17, 18, 21, 24, 25, 19, 28, 29, 31, 22, 23, 36, 40, 41, 38, 37, 30, 39, 20, 46, 47, 51, 52, 53, 50, 60, 61, 58, 59, 6, 7, 32, 33, 56, 57, 55, 74, 75, 76, 77, 54, 70, 71, 80, 81, 83, 82, 86, 87, 88, 89, 90, 91, 92, 93, 94, 95, 104, 105, 102, 103, 108, 109, 69, 68, 112, 113, 79, 101, 78, 110, 106, 111, 114, 115, 107, 100, 120, 121, 124, 125, 45, 44, 43, 127, 126, 42, 67, 128, 66, 129, 63, 62, 134, 135, 64, 138, 139, 26, 27, 140, 141, 142, 143, 119, 144, 145, 149, 148, 117, 131, 65, 153, 152, 116, 130, 118, 154, 155, 98, 99, 150, 151, 49, 48, 159, 162, 163, 164, 165, 158, 166, 167, 72, 169, 168, 73, 172, 173, 171, 170, 157, 160, 156, 136, 175, 174, 137, 179, 178, 11, 132, 84, 123, 161, 133, 10, 34, 96, 35, 122, 97, 85, 177, 180, 182, 183, 181]
  列生成求解结果: 目标值=13.0000， 下界=9.0000， 上界=10.0000

处理节点 176
  开始列生成求解...
Set parameter LogToConsole to value 0
Set parameter Threads to value 1
Set parameter Seed to value 0
  定价策略: Exact, node=176, vertices=13
Set parameter PoolSearchMode to value 2
Set parameter PoolSolutions to value 10
[CG 1] RMP=9.000000, pricing=ExactPricingSolver, new_columns=0
  搜索路径: [1, 2, 3, 5, 4, 8, 9, 12, 13, 14, 15, 16, 17, 18, 21, 24, 25, 19, 28, 29, 31, 22, 23, 36, 40, 41, 38, 37, 30, 39, 20, 46, 47, 51, 52, 53, 50, 60, 61, 58, 59, 6, 7, 32, 33, 56, 57, 55, 74, 75, 76, 77, 54, 70, 71, 80, 81, 83, 82, 86, 87, 88, 89, 90, 91, 92, 93, 94, 95, 104, 105, 102, 103, 108, 109, 69, 68, 112, 113, 79, 101, 78, 110, 106, 111, 114, 115, 107, 100, 120, 121, 124, 125, 45, 44, 43, 127, 126, 42, 67, 128, 66, 129, 63, 62, 134, 135, 64, 138, 139, 26, 27, 140, 141, 142, 143, 119, 144, 145, 149, 148, 117, 131, 65, 153, 152, 116, 130, 118, 154, 155, 98, 99, 150, 151, 49, 48, 159, 162, 163, 164, 165, 158, 166, 167, 72, 169, 168, 73, 172, 173, 171, 170, 157, 160, 156, 136, 175, 174, 137, 179, 178, 11, 132, 84, 123, 161, 133, 10, 34, 96, 35, 122, 97, 85, 177, 180, 182, 183, 181, 176]
  列生成求解结果: 目标值=9.0000， 下界=9.0000， 上界=10.0000
    非整数变量: COL_23-26-9_55 = 0.076923
  解不是整数，开始分支...
ImposedVertex(vertex=28)
ForbidVertex(vertex=28)
  创建了 2 个分支
    添加分支节点 1: ID=184
    添加分支节点 2: ID=185

处理节点 184
  开始列生成求解...
Set parameter LogToConsole to value 0
Set parameter Threads to value 1
Set parameter Seed to value 0
  定价策略: Exact, node=184, vertices=12
Set parameter PoolSearchMode to value 2
Set parameter PoolSolutions to value 10
[CG 1] RMP=10.000000, pricing=ExactPricingSolver, new_columns=0
  搜索路径: [1, 2, 3, 5, 4, 8, 9, 12, 13, 14, 15, 16, 17, 18, 21, 24, 25, 19, 28, 29, 31, 22, 23, 36, 40, 41, 38, 37, 30, 39, 20, 46, 47, 51, 52, 53, 50, 60, 61, 58, 59, 6, 7, 32, 33, 56, 57, 55, 74, 75, 76, 77, 54, 70, 71, 80, 81, 83, 82, 86, 87, 88, 89, 90, 91, 92, 93, 94, 95, 104, 105, 102, 103, 108, 109, 69, 68, 112, 113, 79, 101, 78, 110, 106, 111, 114, 115, 107, 100, 120, 121, 124, 125, 45, 44, 43, 127, 126, 42, 67, 128, 66, 129, 63, 62, 134, 135, 64, 138, 139, 26, 27, 140, 141, 142, 143, 119, 144, 145, 149, 148, 117, 131, 65, 153, 152, 116, 130, 118, 154, 155, 98, 99, 150, 151, 49, 48, 159, 162, 163, 164, 165, 158, 166, 167, 72, 169, 168, 73, 172, 173, 171, 170, 157, 160, 156, 136, 175, 174, 137, 179, 178, 11, 132, 84, 123, 161, 133, 10, 34, 96, 35, 122, 97, 85, 177, 180, 182, 183, 181, 176, 184]
  列生成求解结果: 目标值=10.0000， 下界=9.0000， 上界=10.0000

处理节点 185
  开始列生成求解...
Set parameter LogToConsole to value 0
Set parameter Threads to value 1
Set parameter Seed to value 0
  定价策略: Exact, node=185, vertices=12
Set parameter PoolSearchMode to value 2
Set parameter PoolSolutions to value 10
[CG 1] RMP=16.000000, pricing=ExactPricingSolver, new_columns=0
  搜索路径: [1, 2, 3, 5, 4, 8, 9, 12, 13, 14, 15, 16, 17, 18, 21, 24, 25, 19, 28, 29, 31, 22, 23, 36, 40, 41, 38, 37, 30, 39, 20, 46, 47, 51, 52, 53, 50, 60, 61, 58, 59, 6, 7, 32, 33, 56, 57, 55, 74, 75, 76, 77, 54, 70, 71, 80, 81, 83, 82, 86, 87, 88, 89, 90, 91, 92, 93, 94, 95, 104, 105, 102, 103, 108, 109, 69, 68, 112, 113, 79, 101, 78, 110, 106, 111, 114, 115, 107, 100, 120, 121, 124, 125, 45, 44, 43, 127, 126, 42, 67, 128, 66, 129, 63, 62, 134, 135, 64, 138, 139, 26, 27, 140, 141, 142, 143, 119, 144, 145, 149, 148, 117, 131, 65, 153, 152, 116, 130, 118, 154, 155, 98, 99, 150, 151, 49, 48, 159, 162, 163, 164, 165, 158, 166, 167, 72, 169, 168, 73, 172, 173, 171, 170, 157, 160, 156, 136, 175, 174, 137, 179, 178, 11, 132, 84, 123, 161, 133, 10, 34, 96, 35, 122, 97, 85, 177, 180, 182, 183, 181, 176, 184, 185]
  列生成求解结果: 目标值=16.0000， 下界=9.0000， 上界=10.0000

处理节点 147
  开始列生成求解...
Set parameter LogToConsole to value 0
Set parameter Threads to value 1
Set parameter Seed to value 0
  定价策略: Exact, node=147, vertices=12
Set parameter PoolSearchMode to value 2
Set parameter PoolSolutions to value 10
[CG 1] RMP=16.000000, pricing=ExactPricingSolver, new_columns=0
  搜索路径: [1, 2, 3, 5, 4, 8, 9, 12, 13, 14, 15, 16, 17, 18, 21, 24, 25, 19, 28, 29, 31, 22, 23, 36, 40, 41, 38, 37, 30, 39, 20, 46, 47, 51, 52, 53, 50, 60, 61, 58, 59, 6, 7, 32, 33, 56, 57, 55, 74, 75, 76, 77, 54, 70, 71, 80, 81, 83, 82, 86, 87, 88, 89, 90, 91, 92, 93, 94, 95, 104, 105, 102, 103, 108, 109, 69, 68, 112, 113, 79, 101, 78, 110, 106, 111, 114, 115, 107, 100, 120, 121, 124, 125, 45, 44, 43, 127, 126, 42, 67, 128, 66, 129, 63, 62, 134, 135, 64, 138, 139, 26, 27, 140, 141, 142, 143, 119, 144, 145, 149, 148, 117, 131, 65, 153, 152, 116, 130, 118, 154, 155, 98, 99, 150, 151, 49, 48, 159, 162, 163, 164, 165, 158, 166, 167, 72, 169, 168, 73, 172, 173, 171, 170, 157, 160, 156, 136, 175, 174, 137, 179, 178, 11, 132, 84, 123, 161, 133, 10, 34, 96, 35, 122, 97, 85, 177, 180, 182, 183, 181, 176, 184, 185, 147]
  列生成求解结果: 目标值=16.0000， 下界=9.0000， 上界=10.0000

处理节点 146
  开始列生成求解...
Set parameter LogToConsole to value 0
Set parameter Threads to value 1
Set parameter Seed to value 0
  定价策略: Exact, node=146, vertices=12
Set parameter PoolSearchMode to value 2
Set parameter PoolSolutions to value 10
[CG 1] RMP=10.000000, pricing=ExactPricingSolver, new_columns=0
  搜索路径: [1, 2, 3, 5, 4, 8, 9, 12, 13, 14, 15, 16, 17, 18, 21, 24, 25, 19, 28, 29, 31, 22, 23, 36, 40, 41, 38, 37, 30, 39, 20, 46, 47, 51, 52, 53, 50, 60, 61, 58, 59, 6, 7, 32, 33, 56, 57, 55, 74, 75, 76, 77, 54, 70, 71, 80, 81, 83, 82, 86, 87, 88, 89, 90, 91, 92, 93, 94, 95, 104, 105, 102, 103, 108, 109, 69, 68, 112, 113, 79, 101, 78, 110, 106, 111, 114, 115, 107, 100, 120, 121, 124, 125, 45, 44, 43, 127, 126, 42, 67, 128, 66, 129, 63, 62, 134, 135, 64, 138, 139, 26, 27, 140, 141, 142, 143, 119, 144, 145, 149, 148, 117, 131, 65, 153, 152, 116, 130, 118, 154, 155, 98, 99, 150, 151, 49, 48, 159, 162, 163, 164, 165, 158, 166, 167, 72, 169, 168, 73, 172, 173, 171, 170, 157, 160, 156, 136, 175, 174, 137, 179, 178, 11, 132, 84, 123, 161, 133, 10, 34, 96, 35, 122, 97, 85, 177, 180, 182, 183, 181, 176, 184, 185, 147, 146]
  列生成求解结果: 目标值=10.0000， 下界=9.0000， 上界=10.0000
所有节点已处理完毕，达到最优解

==================================================
分支定价算法完成!
==================================================
最优目标值: 10.000000
最优解列组成如下：
  列 1: vertex_ids=[19, 27, 28], max_endtime=10
  列 2: vertex_ids=[1, 2, 6, 9, 13, 17, 23], max_endtime=10
全局下界: 10.000000
优化间隙: 0.0000%
处理节点数: 185
创建节点数: 185
剪枝节点数: 92
总求解时间: 0.80秒

定价求解统计：
  总定价时间: 0.2949秒
  使用QAIA的节点数: 1
  纯Exact节点数: 184
  QAIA调用次数: 4
  QAIA累计时间: 0.0185秒
  混合节点中的Exact调用次数: 4
  混合节点中的Exact累计时间: 0.0056秒
  QAIA平均单次时间: 0.004616秒
