开始分支定价算法...
时间限制: 120.0秒
根节点已添加: ID=1

处理节点 1
  开始列生成求解...
Set parameter Username
Academic license - for non-commercial use only - expires 2026-12-02
Set parameter LogToConsole to value 0
Set parameter Threads to value 1
Set parameter Seed to value 0
  定价策略: QAIA+Exact, node=1, vertices=30, mode=always
Set parameter PoolSearchMode to value 2
Set parameter PoolSolutions to value 10
[CG 1] RMP=2010.000000, pricing=QAIAExactPricingSolver, new_columns=13
[CG 2] RMP=2010.000000, pricing=QAIAExactPricingSolver, new_columns=12
[CG 3] RMP=11.000000, pricing=QAIAExactPricingSolver, new_columns=10
[CG 4] RMP=9.000000, pricing=QAIAExactPricingSolver, new_columns=10
[CG 5] RMP=8.000000, pricing=QAIAExactPricingSolver, new_columns=10
[CG 6] RMP=4.387464, pricing=QAIAExactPricingSolver, new_columns=10
[CG 7] RMP=4.235294, pricing=QAIAExactPricingSolver, new_columns=0
  搜索路径: [1]
  列生成求解结果: 目标值=4.2353， 下界=-inf， 上界=inf
    非整数变量: COL_0-20-29-4-7-9_3 = 0.461676
  解不是整数，开始分支...
ImposedVertex(vertex=22)
ForbidVertex(vertex=22)
  创建了 2 个分支
    添加分支节点 1: ID=2
    添加分支节点 2: ID=3

处理节点 2
  开始列生成求解...
Set parameter LogToConsole to value 0
Set parameter Threads to value 1
Set parameter Seed to value 0
  定价策略: Exact, node=2, vertices=27
Set parameter PoolSearchMode to value 2
Set parameter PoolSolutions to value 10
[CG 1] RMP=9.000000, pricing=ExactPricingSolver, new_columns=0
  搜索路径: [1, 2]
  列生成求解结果: 目标值=9.0000， 下界=4.2353， 上界=inf
    非整数变量: COL_0-20-29-4-7-9_3 = 0.100000
  解不是整数，开始分支...
ImposedVertex(vertex=0)
ForbidVertex(vertex=0)
  创建了 2 个分支
    添加分支节点 1: ID=4
    添加分支节点 2: ID=5

处理节点 3
  开始列生成求解...
Set parameter LogToConsole to value 0
Set parameter Threads to value 1
Set parameter Seed to value 0
  定价策略: Exact, node=3, vertices=29
Set parameter PoolSearchMode to value 2
Set parameter PoolSolutions to value 10
[CG 1] RMP=4.235294, pricing=ExactPricingSolver, new_columns=0
  搜索路径: [1, 2, 3]
  列生成求解结果: 目标值=4.2353， 下界=4.2353， 上界=inf
    非整数变量: COL_0-20-29-4-7-9_3 = 0.089381
  解不是整数，开始分支...
ImposedVertex(vertex=0)
ForbidVertex(vertex=0)
  创建了 2 个分支
    添加分支节点 1: ID=6
    添加分支节点 2: ID=7

处理节点 6
  开始列生成求解...
Set parameter LogToConsole to value 0
Set parameter Threads to value 1
Set parameter Seed to value 0
  定价策略: Exact, node=6, vertices=26
Set parameter PoolSearchMode to value 2
Set parameter PoolSolutions to value 10
[CG 1] RMP=2010.000000, pricing=ExactPricingSolver, new_columns=10
[CG 2] RMP=4.235294, pricing=ExactPricingSolver, new_columns=0
  搜索路径: [1, 2, 3, 6]
  列生成求解结果: 目标值=4.2353， 下界=4.2353， 上界=inf
    非整数变量: COL_0-20-29-4-7-9_3 = 0.355615
  解不是整数，开始分支...
ImposedVertex(vertex=29)
ForbidVertex(vertex=29)
  创建了 2 个分支
    添加分支节点 1: ID=8
    添加分支节点 2: ID=9

处理节点 7
  开始列生成求解...
Set parameter LogToConsole to value 0
Set parameter Threads to value 1
Set parameter Seed to value 0
  定价策略: Exact, node=7, vertices=28
Set parameter PoolSearchMode to value 2
Set parameter PoolSolutions to value 10
[CG 1] RMP=4.235294, pricing=ExactPricingSolver, new_columns=0
  搜索路径: [1, 2, 3, 6, 7]
  列生成求解结果: 目标值=4.2353， 下界=4.2353， 上界=inf
    非整数变量: COL_13-16-19_4 = 0.394958
  解不是整数，开始分支...
ImposedVertex(vertex=13)
ForbidVertex(vertex=13)
  创建了 2 个分支
    添加分支节点 1: ID=10
    添加分支节点 2: ID=11

处理节点 10
  开始列生成求解...
Set parameter LogToConsole to value 0
Set parameter Threads to value 1
Set parameter Seed to value 0
  定价策略: Exact, node=10, vertices=25
Set parameter PoolSearchMode to value 2
Set parameter PoolSolutions to value 10
[CG 1] RMP=5.500000, pricing=ExactPricingSolver, new_columns=10
[CG 2] RMP=4.326743, pricing=ExactPricingSolver, new_columns=10
[CG 3] RMP=4.235294, pricing=ExactPricingSolver, new_columns=0
  搜索路径: [1, 2, 3, 6, 7, 10]
  列生成求解结果: 目标值=4.2353， 下界=4.2353， 上界=inf
    非整数变量: COL_13-16-19_4 = 0.394958
  解不是整数，开始分支...
ImposedVertex(vertex=29)
ForbidVertex(vertex=29)
  创建了 2 个分支
    添加分支节点 1: ID=12
    添加分支节点 2: ID=13

处理节点 11
  开始列生成求解...
Set parameter LogToConsole to value 0
Set parameter Threads to value 1
Set parameter Seed to value 0
  定价策略: Exact, node=11, vertices=27
Set parameter PoolSearchMode to value 2
Set parameter PoolSolutions to value 10
[CG 1] RMP=4.437172, pricing=ExactPricingSolver, new_columns=10
[CG 2] RMP=4.235294, pricing=ExactPricingSolver, new_columns=0
  搜索路径: [1, 2, 3, 6, 7, 10, 11]
  列生成求解结果: 目标值=4.2353， 下界=4.2353， 上界=inf
    非整数变量: COL_15-25-29-7_10 = 0.172549
  解不是整数，开始分支...
ImposedVertex(vertex=15)
ForbidVertex(vertex=15)
  创建了 2 个分支
    添加分支节点 1: ID=14
    添加分支节点 2: ID=15

处理节点 12
  开始列生成求解...
Set parameter LogToConsole to value 0
Set parameter Threads to value 1
Set parameter Seed to value 0
  定价策略: Exact, node=12, vertices=22
Set parameter PoolSearchMode to value 2
Set parameter PoolSolutions to value 10
[CG 1] RMP=9.000000, pricing=ExactPricingSolver, new_columns=0
  搜索路径: [1, 2, 3, 6, 7, 10, 11, 12]
  列生成求解结果: 目标值=9.0000， 下界=4.2353， 上界=inf
    非整数变量: COL_13-16-19_4 = 0.250000
  解不是整数，开始分支...
ImposedVertex(vertex=16)
ForbidVertex(vertex=16)
  创建了 2 个分支
    添加分支节点 1: ID=16
    添加分支节点 2: ID=17

处理节点 13
  开始列生成求解...
Set parameter LogToConsole to value 0
Set parameter Threads to value 1
Set parameter Seed to value 0
  定价策略: Exact, node=13, vertices=24
Set parameter PoolSearchMode to value 2
Set parameter PoolSolutions to value 10
[CG 1] RMP=4.631579, pricing=ExactPricingSolver, new_columns=10
[CG 2] RMP=4.235294, pricing=ExactPricingSolver, new_columns=0
  搜索路径: [1, 2, 3, 6, 7, 10, 11, 12, 13]
  列生成求解结果: 目标值=4.2353， 下界=4.2353， 上界=inf
    非整数变量: COL_13-16-19_4 = 0.394958
  解不是整数，开始分支...
ImposedVertex(vertex=1)
ForbidVertex(vertex=1)
  创建了 2 个分支
    添加分支节点 1: ID=18
    添加分支节点 2: ID=19

处理节点 14
  开始列生成求解...
Set parameter LogToConsole to value 0
Set parameter Threads to value 1
Set parameter Seed to value 0
  定价策略: Exact, node=14, vertices=25
Set parameter PoolSearchMode to value 2
Set parameter PoolSolutions to value 10
[CG 1] RMP=6.000000, pricing=ExactPricingSolver, new_columns=0
  搜索路径: [1, 2, 3, 6, 7, 10, 11, 12, 13, 14]
  列生成求解结果: 目标值=6.0000， 下界=4.2353， 上界=inf
    非整数变量: COL_1-15-23-27-5-8_15 = 0.339286
  解不是整数，开始分支...
ImposedVertex(vertex=8)
ForbidVertex(vertex=8)
  创建了 2 个分支
    添加分支节点 1: ID=20
    添加分支节点 2: ID=21
  进度: 已处理 10 个节点, 剩余 11 个, 当前最优 inf, 当前列数: 128

处理节点 15
  开始列生成求解...
Set parameter LogToConsole to value 0
Set parameter Threads to value 1
Set parameter Seed to value 0
  定价策略: Exact, node=15, vertices=26
Set parameter PoolSearchMode to value 2
Set parameter PoolSolutions to value 10
[CG 1] RMP=4.631579, pricing=ExactPricingSolver, new_columns=10
[CG 2] RMP=4.235294, pricing=ExactPricingSolver, new_columns=0
  搜索路径: [1, 2, 3, 6, 7, 10, 11, 12, 13, 14, 15]
  列生成求解结果: 目标值=4.2353， 下界=4.2353， 上界=inf
    非整数变量: COL_11-17-20-25-29_24 = 0.351872
  解不是整数，开始分支...
ImposedVertex(vertex=29)
ForbidVertex(vertex=29)
  创建了 2 个分支
    添加分支节点 1: ID=22
    添加分支节点 2: ID=23

处理节点 22
  开始列生成求解...
Set parameter LogToConsole to value 0
Set parameter Threads to value 1
Set parameter Seed to value 0
  定价策略: Exact, node=22, vertices=23
Set parameter PoolSearchMode to value 2
Set parameter PoolSolutions to value 10
[CG 1] RMP=508.000000, pricing=ExactPricingSolver, new_columns=10
[CG 2] RMP=9.000000, pricing=ExactPricingSolver, new_columns=0
  搜索路径: [1, 2, 3, 6, 7, 10, 11, 12, 13, 14, 15, 22]
  列生成求解结果: 目标值=9.0000， 下界=4.2353， 上界=inf
    非整数变量: COL_11-17-20-25-29_24 = 0.545455
  解不是整数，开始分支...
ImposedVertex(vertex=17)
ForbidVertex(vertex=17)
  创建了 2 个分支
    添加分支节点 1: ID=24
    添加分支节点 2: ID=25

处理节点 23
  开始列生成求解...
Set parameter LogToConsole to value 0
Set parameter Threads to value 1
Set parameter Seed to value 0
  定价策略: Exact, node=23, vertices=25
Set parameter PoolSearchMode to value 2
Set parameter PoolSolutions to value 10
[CG 1] RMP=5.238095, pricing=ExactPricingSolver, new_columns=10
[CG 2] RMP=4.950000, pricing=ExactPricingSolver, new_columns=10
[CG 3] RMP=4.235294, pricing=ExactPricingSolver, new_columns=0
  搜索路径: [1, 2, 3, 6, 7, 10, 11, 12, 13, 14, 15, 22, 23]
  列生成求解结果: 目标值=4.2353， 下界=4.2353， 上界=inf
    非整数变量: COL_19-20-26_45 = 0.106952
  解不是整数，开始分支...
ImposedVertex(vertex=26)
ForbidVertex(vertex=26)
  创建了 2 个分支
    添加分支节点 1: ID=26
    添加分支节点 2: ID=27

处理节点 26
  开始列生成求解...
Set parameter LogToConsole to value 0
Set parameter Threads to value 1
Set parameter Seed to value 0
  定价策略: Exact, node=26, vertices=23
Set parameter PoolSearchMode to value 2
Set parameter PoolSolutions to value 10
[CG 1] RMP=10.000000, pricing=ExactPricingSolver, new_columns=0
  搜索路径: [1, 2, 3, 6, 7, 10, 11, 12, 13, 14, 15, 22, 23, 26]
  列生成求解结果: 目标值=10.0000， 下界=4.2353， 上界=inf
    非整数变量: COL_1-18-20-26-5_52 = 0.090909
  解不是整数，开始分支...
ImposedVertex(vertex=5)
ForbidVertex(vertex=5)
  创建了 2 个分支
    添加分支节点 1: ID=28
    添加分支节点 2: ID=29

处理节点 27
  开始列生成求解...
Set parameter LogToConsole to value 0
Set parameter Threads to value 1
Set parameter Seed to value 0
  定价策略: Exact, node=27, vertices=24
Set parameter PoolSearchMode to value 2
Set parameter PoolSolutions to value 10
[CG 1] RMP=5.739130, pricing=ExactPricingSolver, new_columns=0
  搜索路径: [1, 2, 3, 6, 7, 10, 11, 12, 13, 14, 15, 22, 23, 26, 27]
  列生成求解结果: 目标值=5.7391， 下界=4.2353， 上界=inf
    非整数变量: COL_1-21-5_61 = 0.115942
  解不是整数，开始分支...
ImposedVertex(vertex=1)
ForbidVertex(vertex=1)
  创建了 2 个分支
    添加分支节点 1: ID=30
    添加分支节点 2: ID=31

处理节点 9
  开始列生成求解...
Set parameter LogToConsole to value 0
Set parameter Threads to value 1
Set parameter Seed to value 0
  定价策略: Exact, node=9, vertices=25
Set parameter PoolSearchMode to value 2
Set parameter PoolSolutions to value 10
[CG 1] RMP=6.150888, pricing=ExactPricingSolver, new_columns=10
[CG 2] RMP=5.238095, pricing=ExactPricingSolver, new_columns=10
[CG 3] RMP=4.235294, pricing=ExactPricingSolver, new_columns=0
  搜索路径: [1, 2, 3, 6, 7, 10, 11, 12, 13, 14, 15, 22, 23, 26, 27, 9]
  列生成求解结果: 目标值=4.2353， 下界=4.2353， 上界=inf
    非整数变量: COL_13-16-19_4 = 0.159091
  解不是整数，开始分支...
ImposedVertex(vertex=23)
ForbidVertex(vertex=23)
  创建了 2 个分支
    添加分支节点 1: ID=32
    添加分支节点 2: ID=33

处理节点 32
  开始列生成求解...
Set parameter LogToConsole to value 0
Set parameter Threads to value 1
Set parameter Seed to value 0
  定价策略: Exact, node=32, vertices=23
Set parameter PoolSearchMode to value 2
Set parameter PoolSolutions to value 10
[CG 1] RMP=7.000000, pricing=ExactPricingSolver, new_columns=10
[CG 2] RMP=6.000000, pricing=ExactPricingSolver, new_columns=10
[CG 3] RMP=6.000000, pricing=ExactPricingSolver, new_columns=0
  搜索路径: [1, 2, 3, 6, 7, 10, 11, 12, 13, 14, 15, 22, 23, 26, 27, 9, 32]
  列生成求解结果: 目标值=6.0000， 下界=4.2353， 上界=inf
    非整数变量: COL_0-18-20-26_49 = 0.500000
  解不是整数，开始分支...
ImposedVertex(vertex=18)
ForbidVertex(vertex=18)
  创建了 2 个分支
    添加分支节点 1: ID=34
    添加分支节点 2: ID=35

处理节点 33
  开始列生成求解...
Set parameter LogToConsole to value 0
Set parameter Threads to value 1
Set parameter Seed to value 0
  定价策略: Exact, node=33, vertices=24
Set parameter PoolSearchMode to value 2
Set parameter PoolSolutions to value 10
[CG 1] RMP=4.235294, pricing=ExactPricingSolver, new_columns=0
  搜索路径: [1, 2, 3, 6, 7, 10, 11, 12, 13, 14, 15, 22, 23, 26, 27, 9, 32, 33]
  列生成求解结果: 目标值=4.2353， 下界=4.2353， 上界=inf
    非整数变量: COL_13-16-19_4 = 0.152941
  解不是整数，开始分支...
ImposedVertex(vertex=27)
ForbidVertex(vertex=27)
  创建了 2 个分支
    添加分支节点 1: ID=36
    添加分支节点 2: ID=37

处理节点 36
  开始列生成求解...
Set parameter LogToConsole to value 0
Set parameter Threads to value 1
Set parameter Seed to value 0
  定价策略: Exact, node=36, vertices=22
Set parameter PoolSearchMode to value 2
Set parameter PoolSolutions to value 10
[CG 1] RMP=11.000000, pricing=ExactPricingSolver, new_columns=0
  搜索路径: [1, 2, 3, 6, 7, 10, 11, 12, 13, 14, 15, 22, 23, 26, 27, 9, 32, 33, 36]
  列生成求解结果: 目标值=11.0000， 下界=4.2353， 上界=inf
    非整数变量: COL_15-25-27-8_11 = 0.500000
  解不是整数，开始分支...
ImposedVertex(vertex=8)
ForbidVertex(vertex=8)
  创建了 2 个分支
    添加分支节点 1: ID=38
    添加分支节点 2: ID=39

处理节点 37
  开始列生成求解...
Set parameter LogToConsole to value 0
Set parameter Threads to value 1
Set parameter Seed to value 0
  定价策略: Exact, node=37, vertices=23
Set parameter PoolSearchMode to value 2
Set parameter PoolSolutions to value 10
[CG 1] RMP=6.489903, pricing=ExactPricingSolver, new_columns=10
[CG 2] RMP=5.454545, pricing=ExactPricingSolver, new_columns=0
  搜索路径: [1, 2, 3, 6, 7, 10, 11, 12, 13, 14, 15, 22, 23, 26, 27, 9, 32, 33, 36, 37]
  列生成求解结果: 目标值=5.4545， 下界=4.2353， 上界=inf
    非整数变量: COL_13-16-19_4 = 0.038567
  解不是整数，开始分支...
ImposedVertex(vertex=13)
ForbidVertex(vertex=13)
  创建了 2 个分支
    添加分支节点 1: ID=40
    添加分支节点 2: ID=41
  进度: 已处理 20 个节点, 剩余 21 个, 当前最优 inf, 当前列数: 218

处理节点 8
  开始列生成求解...
Set parameter LogToConsole to value 0
Set parameter Threads to value 1
Set parameter Seed to value 0
  定价策略: Exact, node=8, vertices=23
Set parameter PoolSearchMode to value 2
Set parameter PoolSolutions to value 10
[CG 1] RMP=9.000000, pricing=ExactPricingSolver, new_columns=0
  搜索路径: [1, 2, 3, 6, 7, 10, 11, 12, 13, 14, 15, 22, 23, 26, 27, 9, 32, 33, 36, 37, 8]
  列生成求解结果: 目标值=9.0000， 下界=4.2353， 上界=inf
    非整数变量: COL_0-20-29-4-7-9_3 = 0.500000
  解不是整数，开始分支...
ImposedVertex(vertex=9)
ForbidVertex(vertex=9)
  创建了 2 个分支
    添加分支节点 1: ID=42
    添加分支节点 2: ID=43

处理节点 19
  开始列生成求解...
Set parameter LogToConsole to value 0
Set parameter Threads to value 1
Set parameter Seed to value 0
  定价策略: Exact, node=19, vertices=23
Set parameter PoolSearchMode to value 2
Set parameter PoolSolutions to value 10
[CG 1] RMP=4.235294, pricing=ExactPricingSolver, new_columns=0
  搜索路径: [1, 2, 3, 6, 7, 10, 11, 12, 13, 14, 15, 22, 23, 26, 27, 9, 32, 33, 36, 37, 8, 19]
  列生成求解结果: 目标值=4.2353， 下界=4.2353， 上界=inf
    非整数变量: COL_13-16-19_4 = 0.301681
  解不是整数，开始分支...
ImposedVertex(vertex=27)
ForbidVertex(vertex=27)
  创建了 2 个分支
    添加分支节点 1: ID=44
    添加分支节点 2: ID=45

处理节点 44
  开始列生成求解...
Set parameter LogToConsole to value 0
Set parameter Threads to value 1
Set parameter Seed to value 0
  定价策略: Exact, node=44, vertices=21
Set parameter PoolSearchMode to value 2
Set parameter PoolSolutions to value 10
[CG 1] RMP=12.000000, pricing=ExactPricingSolver, new_columns=10
[CG 2] RMP=11.000000, pricing=ExactPricingSolver, new_columns=0
  搜索路径: [1, 2, 3, 6, 7, 10, 11, 12, 13, 14, 15, 22, 23, 26, 27, 9, 32, 33, 36, 37, 8, 19, 44]
  列生成求解结果: 目标值=11.0000， 下界=4.2353， 上界=inf
    非整数变量: COL_13-16-19_4 = 0.500000
  解不是整数，开始分支...
ImposedVertex(vertex=19)
ForbidVertex(vertex=19)
  创建了 2 个分支
    添加分支节点 1: ID=46
    添加分支节点 2: ID=47

处理节点 45
  开始列生成求解...
Set parameter LogToConsole to value 0
Set parameter Threads to value 1
Set parameter Seed to value 0
  定价策略: Exact, node=45, vertices=22
Set parameter PoolSearchMode to value 2
Set parameter PoolSolutions to value 10
[CG 1] RMP=5.454545, pricing=ExactPricingSolver, new_columns=0
  搜索路径: [1, 2, 3, 6, 7, 10, 11, 12, 13, 14, 15, 22, 23, 26, 27, 9, 32, 33, 36, 37, 8, 19, 44, 45]
  列生成求解结果: 目标值=5.4545， 下界=4.2353， 上界=inf
    非整数变量: COL_13-16-19_4 = 0.227273
  解不是整数，开始分支...
ImposedVertex(vertex=16)
ForbidVertex(vertex=16)
  创建了 2 个分支
    添加分支节点 1: ID=48
    添加分支节点 2: ID=49

处理节点 18
  开始列生成求解...
Set parameter LogToConsole to value 0
Set parameter Threads to value 1
Set parameter Seed to value 0
  定价策略: Exact, node=18, vertices=22
Set parameter PoolSearchMode to value 2
Set parameter PoolSolutions to value 10
[CG 1] RMP=11.000000, pricing=ExactPricingSolver, new_columns=10
[CG 2] RMP=5.739130, pricing=ExactPricingSolver, new_columns=10
[CG 3] RMP=4.454014, pricing=ExactPricingSolver, new_columns=10
[CG 4] RMP=4.277778, pricing=ExactPricingSolver, new_columns=0
  搜索路径: [1, 2, 3, 6, 7, 10, 11, 12, 13, 14, 15, 22, 23, 26, 27, 9, 32, 33, 36, 37, 8, 19, 44, 45, 18]
  列生成求解结果: 目标值=4.2778， 下界=4.2353， 上界=inf
    非整数变量: COL_13-16-19_4 = 0.388889
  解不是整数，开始分支...
ImposedVertex(vertex=27)
ForbidVertex(vertex=27)
  创建了 2 个分支
    添加分支节点 1: ID=50
    添加分支节点 2: ID=51

处理节点 50
  开始列生成求解...
Set parameter LogToConsole to value 0
Set parameter Threads to value 1
Set parameter Seed to value 0
  定价策略: Exact, node=50, vertices=20
Set parameter PoolSearchMode to value 2
Set parameter PoolSolutions to value 10
[CG 1] RMP=11.000000, pricing=ExactPricingSolver, new_columns=0
  搜索路径: [1, 2, 3, 6, 7, 10, 11, 12, 13, 14, 15, 22, 23, 26, 27, 9, 32, 33, 36, 37, 8, 19, 44, 45, 18, 50]
  列生成求解结果: 目标值=11.0000， 下界=4.2778， 上界=inf
    非整数变量: COL_13-16-19_4 = 0.500000
  解不是整数，开始分支...
ImposedVertex(vertex=16)
ForbidVertex(vertex=16)
  创建了 2 个分支
    添加分支节点 1: ID=52
    添加分支节点 2: ID=53

处理节点 51
  开始列生成求解...
Set parameter LogToConsole to value 0
Set parameter Threads to value 1
Set parameter Seed to value 0
  定价策略: Exact, node=51, vertices=21
Set parameter PoolSearchMode to value 2
Set parameter PoolSolutions to value 10
[CG 1] RMP=5.454545, pricing=ExactPricingSolver, new_columns=0
  搜索路径: [1, 2, 3, 6, 7, 10, 11, 12, 13, 14, 15, 22, 23, 26, 27, 9, 32, 33, 36, 37, 8, 19, 44, 45, 18, 50, 51]
  列生成求解结果: 目标值=5.4545， 下界=4.2778， 上界=inf
    非整数变量: COL_13-16-19_4 = 0.392906
  解不是整数，开始分支...
ImposedVertex(vertex=16)
ForbidVertex(vertex=16)
  创建了 2 个分支
    添加分支节点 1: ID=54
    添加分支节点 2: ID=55

处理节点 40
  开始列生成求解...
Set parameter LogToConsole to value 0
Set parameter Threads to value 1
Set parameter Seed to value 0
  定价策略: Exact, node=40, vertices=20
Set parameter PoolSearchMode to value 2
Set parameter PoolSolutions to value 10
[CG 1] RMP=2010.000000, pricing=ExactPricingSolver, new_columns=10
[CG 2] RMP=9.000000, pricing=ExactPricingSolver, new_columns=10
[CG 3] RMP=5.603774, pricing=ExactPricingSolver, new_columns=10
[CG 4] RMP=5.454545, pricing=ExactPricingSolver, new_columns=0
  搜索路径: [1, 2, 3, 6, 7, 10, 11, 12, 13, 14, 15, 22, 23, 26, 27, 9, 32, 33, 36, 37, 8, 19, 44, 45, 18, 50, 51, 40]
  列生成求解结果: 目标值=5.4545， 下界=5.4545， 上界=inf
    非整数变量: COL_13-16-19_4 = 0.097403
  解不是整数，开始分支...
ImposedVertex(vertex=16)
ForbidVertex(vertex=16)
  创建了 2 个分支
    添加分支节点 1: ID=56
    添加分支节点 2: ID=57

处理节点 41
  开始列生成求解...
Set parameter LogToConsole to value 0
Set parameter Threads to value 1
Set parameter Seed to value 0
  定价策略: Exact, node=41, vertices=22
Set parameter PoolSearchMode to value 2
Set parameter PoolSolutions to value 10
[CG 1] RMP=5.454545, pricing=ExactPricingSolver, new_columns=0
  搜索路径: [1, 2, 3, 6, 7, 10, 11, 12, 13, 14, 15, 22, 23, 26, 27, 9, 32, 33, 36, 37, 8, 19, 44, 45, 18, 50, 51, 40, 41]
  列生成求解结果: 目标值=5.4545， 下界=5.4545， 上界=inf
    非整数变量: COL_11-15-20-25_23 = 0.216691
  解不是整数，开始分支...
ImposedVertex(vertex=15)
ForbidVertex(vertex=15)
  创建了 2 个分支
    添加分支节点 1: ID=58
    添加分支节点 2: ID=59

处理节点 48
  开始列生成求解...
Set parameter LogToConsole to value 0
Set parameter Threads to value 1
Set parameter Seed to value 0
  定价策略: Exact, node=48, vertices=20
Set parameter PoolSearchMode to value 2
Set parameter PoolSolutions to value 10
[CG 1] RMP=1009.000000, pricing=ExactPricingSolver, new_columns=10
[CG 2] RMP=6.131387, pricing=ExactPricingSolver, new_columns=10
[CG 3] RMP=5.454545, pricing=ExactPricingSolver, new_columns=0
  搜索路径: [1, 2, 3, 6, 7, 10, 11, 12, 13, 14, 15, 22, 23, 26, 27, 9, 32, 33, 36, 37, 8, 19, 44, 45, 18, 50, 51, 40, 41, 48]
  列生成求解结果: 目标值=5.4545， 下界=5.4545， 上界=inf
    非整数变量: COL_13-16-19_4 = 0.106061
  解不是整数，开始分支...
ImposedVertex(vertex=19)
ForbidVertex(vertex=19)
  创建了 2 个分支
    添加分支节点 1: ID=60
    添加分支节点 2: ID=61
  进度: 已处理 30 个节点, 剩余 31 个, 当前最优 inf, 当前列数: 308

处理节点 55
  开始列生成求解...
Set parameter LogToConsole to value 0
Set parameter Threads to value 1
Set parameter Seed to value 0
  定价策略: Exact, node=55, vertices=20
Set parameter PoolSearchMode to value 2
Set parameter PoolSolutions to value 10
[CG 1] RMP=7.000000, pricing=ExactPricingSolver, new_columns=10
[CG 2] RMP=5.454545, pricing=ExactPricingSolver, new_columns=0
  搜索路径: [1, 2, 3, 6, 7, 10, 11, 12, 13, 14, 15, 22, 23, 26, 27, 9, 32, 33, 36, 37, 8, 19, 44, 45, 18, 50, 51, 40, 41, 48, 55]
  列生成求解结果: 目标值=5.4545， 下界=5.4545， 上界=inf
    非整数变量: COL_1-18-23-9_38 = 0.118457
  解不是整数，开始分支...
ImposedVertex(vertex=9)
ForbidVertex(vertex=9)
  创建了 2 个分支
    添加分支节点 1: ID=62
    添加分支节点 2: ID=63

处理节点 62
  开始列生成求解...
Set parameter LogToConsole to value 0
Set parameter Threads to value 1
Set parameter Seed to value 0
  定价策略: Exact, node=62, vertices=19
Set parameter PoolSearchMode to value 2
Set parameter PoolSolutions to value 10
[CG 1] RMP=10.000000, pricing=ExactPricingSolver, new_columns=10
[CG 2] RMP=7.000000, pricing=ExactPricingSolver, new_columns=0
  搜索路径: [1, 2, 3, 6, 7, 10, 11, 12, 13, 14, 15, 22, 23, 26, 27, 9, 32, 33, 36, 37, 8, 19, 44, 45, 18, 50, 51, 40, 41, 48, 55, 62]
  列生成求解结果: 目标值=7.0000， 下界=5.4545， 上界=inf
    非整数变量: COL_1-18-23-9_38 = 0.416667
  解不是整数，开始分支...
ImposedVertex(vertex=21)
ForbidVertex(vertex=21)
  创建了 2 个分支
    添加分支节点 1: ID=64
    添加分支节点 2: ID=65

处理节点 63
  开始列生成求解...
Set parameter LogToConsole to value 0
Set parameter Threads to value 1
Set parameter Seed to value 0
  定价策略: Exact, node=63, vertices=19
Set parameter PoolSearchMode to value 2
Set parameter PoolSolutions to value 10
[CG 1] RMP=11.000000, pricing=ExactPricingSolver, new_columns=0
  搜索路径: [1, 2, 3, 6, 7, 10, 11, 12, 13, 14, 15, 22, 23, 26, 27, 9, 32, 33, 36, 37, 8, 19, 44, 45, 18, 50, 51, 40, 41, 48, 55, 62, 63]
  列生成求解结果: 目标值=11.0000， 下界=5.4545， 上界=inf
    非整数变量: COL_13-23-5_88 = 0.333333
  解不是整数，开始分支...
ImposedVertex(vertex=5)
ForbidVertex(vertex=5)
  创建了 2 个分支
    添加分支节点 1: ID=66
    添加分支节点 2: ID=67

处理节点 56
  开始列生成求解...
Set parameter LogToConsole to value 0
Set parameter Threads to value 1
Set parameter Seed to value 0
  定价策略: Exact, node=56, vertices=18
Set parameter PoolSearchMode to value 2
Set parameter PoolSolutions to value 10
[CG 1] RMP=10.000000, pricing=ExactPricingSolver, new_columns=10
[CG 2] RMP=6.387097, pricing=ExactPricingSolver, new_columns=10
[CG 3] RMP=5.454545, pricing=ExactPricingSolver, new_columns=0
  搜索路径: [1, 2, 3, 6, 7, 10, 11, 12, 13, 14, 15, 22, 23, 26, 27, 9, 32, 33, 36, 37, 8, 19, 44, 45, 18, 50, 51, 40, 41, 48, 55, 62, 63, 56]
  列生成求解结果: 目标值=5.4545， 下界=5.4545， 上界=inf
    非整数变量: COL_13-16-19_4 = 0.415289
  解不是整数，开始分支...
ImposedVertex(vertex=19)
ForbidVertex(vertex=19)
  创建了 2 个分支
    添加分支节点 1: ID=68
    添加分支节点 2: ID=69

处理节点 68
  开始列生成求解...
Set parameter LogToConsole to value 0
Set parameter Threads to value 1
Set parameter Seed to value 0
  定价策略: Exact, node=68, vertices=17
Set parameter PoolSearchMode to value 2
Set parameter PoolSolutions to value 10
[CG 1] RMP=1010.000000, pricing=ExactPricingSolver, new_columns=10
[CG 2] RMP=5.454545, pricing=ExactPricingSolver, new_columns=0
  搜索路径: [1, 2, 3, 6, 7, 10, 11, 12, 13, 14, 15, 22, 23, 26, 27, 9, 32, 33, 36, 37, 8, 19, 44, 45, 18, 50, 51, 40, 41, 48, 55, 62, 63, 56, 68]
  列生成求解结果: 目标值=5.4545， 下界=5.4545， 上界=inf
    非整数变量: COL_13-16-19_4 = 0.545455
  解不是整数，开始分支...
ImposedVertex(vertex=9)
ForbidVertex(vertex=9)
  创建了 2 个分支
    添加分支节点 1: ID=70
    添加分支节点 2: ID=71

处理节点 69
  开始列生成求解...
Set parameter LogToConsole to value 0
Set parameter Threads to value 1
Set parameter Seed to value 0
  定价策略: Exact, node=69, vertices=17
Set parameter PoolSearchMode to value 2
Set parameter PoolSolutions to value 10
[CG 1] RMP=7.292818, pricing=ExactPricingSolver, new_columns=10
[CG 2] RMP=7.000000, pricing=ExactPricingSolver, new_columns=0
  搜索路径: [1, 2, 3, 6, 7, 10, 11, 12, 13, 14, 15, 22, 23, 26, 27, 9, 32, 33, 36, 37, 8, 19, 44, 45, 18, 50, 51, 40, 41, 48, 55, 62, 63, 56, 68, 69]
  列生成求解结果: 目标值=7.0000， 下界=5.4545， 上界=inf
    非整数变量: COL_0-21-4_60 = 0.155556
  解不是整数，开始分支...
ImposedVertex(vertex=4)
ForbidVertex(vertex=4)
  创建了 2 个分支
    添加分支节点 1: ID=72
    添加分支节点 2: ID=73

处理节点 70
  开始列生成求解...
Set parameter LogToConsole to value 0
Set parameter Threads to value 1
Set parameter Seed to value 0
  定价策略: Exact, node=70, vertices=16
Set parameter PoolSearchMode to value 2
Set parameter PoolSolutions to value 10
[CG 1] RMP=1010.000000, pricing=ExactPricingSolver, new_columns=10
[CG 2] RMP=1010.000000, pricing=ExactPricingSolver, new_columns=10
[CG 3] RMP=9.000000, pricing=ExactPricingSolver, new_columns=0
  搜索路径: [1, 2, 3, 6, 7, 10, 11, 12, 13, 14, 15, 22, 23, 26, 27, 9, 32, 33, 36, 37, 8, 19, 44, 45, 18, 50, 51, 40, 41, 48, 55, 62, 63, 56, 68, 69, 70]
  列生成求解结果: 目标值=9.0000， 下界=5.4545， 上界=inf
    非整数变量: COL_13-16-19_4 = 0.625000
  解不是整数，开始分支...
ImposedVertex(vertex=7)
ForbidVertex(vertex=7)
  创建了 2 个分支
    添加分支节点 1: ID=74
    添加分支节点 2: ID=75

处理节点 71
  开始列生成求解...
Set parameter LogToConsole to value 0
Set parameter Threads to value 1
Set parameter Seed to value 0
  定价策略: Exact, node=71, vertices=16
Set parameter PoolSearchMode to value 2
Set parameter PoolSolutions to value 10
[CG 1] RMP=11.000000, pricing=ExactPricingSolver, new_columns=0
  搜索路径: [1, 2, 3, 6, 7, 10, 11, 12, 13, 14, 15, 22, 23, 26, 27, 9, 32, 33, 36, 37, 8, 19, 44, 45, 18, 50, 51, 40, 41, 48, 55, 62, 63, 56, 68, 69, 70, 71]
  列生成求解结果: 目标值=11.0000， 下界=5.4545， 上界=inf
    非整数变量: COL_13-16-19_4 = 0.916667
  解不是整数，开始分支...
ImposedVertex(vertex=5)
ForbidVertex(vertex=5)
  创建了 2 个分支
    添加分支节点 1: ID=76
    添加分支节点 2: ID=77

处理节点 60
  开始列生成求解...
Set parameter LogToConsole to value 0
Set parameter Threads to value 1
Set parameter Seed to value 0
  定价策略: Exact, node=60, vertices=19
Set parameter PoolSearchMode to value 2
Set parameter PoolSolutions to value 10
[CG 1] RMP=6.750000, pricing=ExactPricingSolver, new_columns=10
[CG 2] RMP=5.454545, pricing=ExactPricingSolver, new_columns=0
  搜索路径: [1, 2, 3, 6, 7, 10, 11, 12, 13, 14, 15, 22, 23, 26, 27, 9, 32, 33, 36, 37, 8, 19, 44, 45, 18, 50, 51, 40, 41, 48, 55, 62, 63, 56, 68, 69, 70, 71, 60]
  列生成求解结果: 目标值=5.4545， 下界=5.4545， 上界=inf
    非整数变量: COL_13-16-19_4 = 0.316804
  解不是整数，开始分支...
ImposedVertex(vertex=23)
ForbidVertex(vertex=23)
  创建了 2 个分支
    添加分支节点 1: ID=78
    添加分支节点 2: ID=79

处理节点 78
  开始列生成求解...
Set parameter LogToConsole to value 0
Set parameter Threads to value 1
Set parameter Seed to value 0
  定价策略: Exact, node=78, vertices=17
Set parameter PoolSearchMode to value 2
Set parameter PoolSolutions to value 10
[CG 1] RMP=12.000000, pricing=ExactPricingSolver, new_columns=0
  搜索路径: [1, 2, 3, 6, 7, 10, 11, 12, 13, 14, 15, 22, 23, 26, 27, 9, 32, 33, 36, 37, 8, 19, 44, 45, 18, 50, 51, 40, 41, 48, 55, 62, 63, 56, 68, 69, 70, 71, 60, 78]
  列生成求解结果: 目标值=12.0000， 下界=5.4545， 上界=inf
  找到整数解，更新最优解

处理节点 79
  开始列生成求解...
Set parameter LogToConsole to value 0
Set parameter Threads to value 1
Set parameter Seed to value 0
  定价策略: Exact, node=79, vertices=18
Set parameter PoolSearchMode to value 2
Set parameter PoolSolutions to value 10
[CG 1] RMP=5.454545, pricing=ExactPricingSolver, new_columns=0
  搜索路径: [1, 2, 3, 6, 7, 10, 11, 12, 13, 14, 15, 22, 23, 26, 27, 9, 32, 33, 36, 37, 8, 19, 44, 45, 18, 50, 51, 40, 41, 48, 55, 62, 63, 56, 68, 69, 70, 71, 60, 78, 79]
  列生成求解结果: 目标值=5.4545， 下界=5.4545， 上界=12.0000
    非整数变量: COL_13-16-19_4 = 0.454545
  解不是整数，开始分支...
ImposedVertex(vertex=20)
ForbidVertex(vertex=20)
  创建了 2 个分支
    添加分支节点 1: ID=80
    添加分支节点 2: ID=81

处理节点 59
  开始列生成求解...
Set parameter LogToConsole to value 0
Set parameter Threads to value 1
Set parameter Seed to value 0
  定价策略: Exact, node=59, vertices=21
Set parameter PoolSearchMode to value 2
Set parameter PoolSolutions to value 10
[CG 1] RMP=9.391304, pricing=ExactPricingSolver, new_columns=10
[CG 2] RMP=9.000000, pricing=ExactPricingSolver, new_columns=10
[CG 3] RMP=7.000000, pricing=ExactPricingSolver, new_columns=10
[CG 4] RMP=6.382440, pricing=ExactPricingSolver, new_columns=10
[CG 5] RMP=5.454545, pricing=ExactPricingSolver, new_columns=0
  搜索路径: [1, 2, 3, 6, 7, 10, 11, 12, 13, 14, 15, 22, 23, 26, 27, 9, 32, 33, 36, 37, 8, 19, 44, 45, 18, 50, 51, 40, 41, 48, 55, 62, 63, 56, 68, 69, 70, 71, 60, 78, 79, 59]
  列生成求解结果: 目标值=5.4545， 下界=5.4545， 上界=12.0000
    非整数变量: COL_0-18-20-26-4_51 = 0.227784
  解不是整数，开始分支...
ImposedVertex(vertex=18)
ForbidVertex(vertex=18)
  创建了 2 个分支
    添加分支节点 1: ID=82
    添加分支节点 2: ID=83

处理节点 58
  开始列生成求解...
Set parameter LogToConsole to value 0
Set parameter Threads to value 1
Set parameter Seed to value 0
  定价策略: Exact, node=58, vertices=20
Set parameter PoolSearchMode to value 2
Set parameter PoolSolutions to value 10
[CG 1] RMP=6.000000, pricing=ExactPricingSolver, new_columns=0
  搜索路径: [1, 2, 3, 6, 7, 10, 11, 12, 13, 14, 15, 22, 23, 26, 27, 9, 32, 33, 36, 37, 8, 19, 44, 45, 18, 50, 51, 40, 41, 48, 55, 62, 63, 56, 68, 69, 70, 71, 60, 78, 79, 59, 58]
  列生成求解结果: 目标值=6.0000， 下界=5.4545， 上界=12.0000
    非整数变量: COL_11-15-20-24_20 = 0.009524
  解不是整数，开始分支...
ImposedVertex(vertex=20)
ForbidVertex(vertex=20)
  创建了 2 个分支
    添加分支节点 1: ID=84
    添加分支节点 2: ID=85

处理节点 61
  开始列生成求解...
Set parameter LogToConsole to value 0
Set parameter Threads to value 1
Set parameter Seed to value 0
  定价策略: Exact, node=61, vertices=19
Set parameter PoolSearchMode to value 2
Set parameter PoolSolutions to value 10
[CG 1] RMP=7.000000, pricing=ExactPricingSolver, new_columns=0
  搜索路径: [1, 2, 3, 6, 7, 10, 11, 12, 13, 14, 15, 22, 23, 26, 27, 9, 32, 33, 36, 37, 8, 19, 44, 45, 18, 50, 51, 40, 41, 48, 55, 62, 63, 56, 68, 69, 70, 71, 60, 78, 79, 59, 58, 61]
  列生成求解结果: 目标值=7.0000， 下界=5.4545， 上界=12.0000
    非整数变量: COL_18-23-9_33 = 0.416667
  解不是整数，开始分支...
ImposedVertex(vertex=5)
ForbidVertex(vertex=5)
  创建了 2 个分支
    添加分支节点 1: ID=86
    添加分支节点 2: ID=87

处理节点 54
  开始列生成求解...
Set parameter LogToConsole to value 0
Set parameter Threads to value 1
Set parameter Seed to value 0
  定价策略: Exact, node=54, vertices=19
Set parameter PoolSearchMode to value 2
Set parameter PoolSolutions to value 10
[CG 1] RMP=8.000000, pricing=ExactPricingSolver, new_columns=10
[CG 2] RMP=5.454545, pricing=ExactPricingSolver, new_columns=0
  搜索路径: [1, 2, 3, 6, 7, 10, 11, 12, 13, 14, 15, 22, 23, 26, 27, 9, 32, 33, 36, 37, 8, 19, 44, 45, 18, 50, 51, 40, 41, 48, 55, 62, 63, 56, 68, 69, 70, 71, 60, 78, 79, 59, 58, 61, 54]
  列生成求解结果: 目标值=5.4545， 下界=5.4545， 上界=12.0000
    非整数变量: COL_13-16-19_4 = 0.227273
  解不是整数，开始分支...
ImposedVertex(vertex=19)
ForbidVertex(vertex=19)
  创建了 2 个分支
    添加分支节点 1: ID=88
    添加分支节点 2: ID=89

处理节点 88
  开始列生成求解...
Set parameter LogToConsole to value 0
Set parameter Threads to value 1
Set parameter Seed to value 0
  定价策略: Exact, node=88, vertices=18
Set parameter PoolSearchMode to value 2
Set parameter PoolSolutions to value 10
[CG 1] RMP=1009.000000, pricing=ExactPricingSolver, new_columns=10
[CG 2] RMP=11.000000, pricing=ExactPricingSolver, new_columns=0
  搜索路径: [1, 2, 3, 6, 7, 10, 11, 12, 13, 14, 15, 22, 23, 26, 27, 9, 32, 33, 36, 37, 8, 19, 44, 45, 18, 50, 51, 40, 41, 48, 55, 62, 63, 56, 68, 69, 70, 71, 60, 78, 79, 59, 58, 61, 54, 88]
  列生成求解结果: 目标值=11.0000， 下界=5.4545， 上界=12.0000
  找到整数解，更新最优解
  更新最优解后剪枝了 10 个节点

处理节点 89
  开始列生成求解...
Set parameter LogToConsole to value 0
Set parameter Threads to value 1
Set parameter Seed to value 0
  定价策略: Exact, node=89, vertices=18
Set parameter PoolSearchMode to value 2
Set parameter PoolSolutions to value 10
[CG 1] RMP=7.000000, pricing=ExactPricingSolver, new_columns=0
  搜索路径: [1, 2, 3, 6, 7, 10, 11, 12, 13, 14, 15, 22, 23, 26, 27, 9, 32, 33, 36, 37, 8, 19, 44, 45, 18, 50, 51, 40, 41, 48, 55, 62, 63, 56, 68, 69, 70, 71, 60, 78, 79, 59, 58, 61, 54, 88, 89]
  列生成求解结果: 目标值=7.0000， 下界=5.4545， 上界=11.0000
    非整数变量: COL_1-18-23-7-9_42 = 0.380556
  解不是整数，开始分支...
ImposedVertex(vertex=23)
ForbidVertex(vertex=23)
  创建了 2 个分支
    添加分支节点 1: ID=90
    添加分支节点 2: ID=91

处理节点 81
  开始列生成求解...
Set parameter LogToConsole to value 0
Set parameter Threads to value 1
Set parameter Seed to value 0
  定价策略: Exact, node=81, vertices=17
Set parameter PoolSearchMode to value 2
Set parameter PoolSolutions to value 10
[CG 1] RMP=9.277108, pricing=ExactPricingSolver, new_columns=10
[CG 2] RMP=9.000000, pricing=ExactPricingSolver, new_columns=0
  搜索路径: [1, 2, 3, 6, 7, 10, 11, 12, 13, 14, 15, 22, 23, 26, 27, 9, 32, 33, 36, 37, 8, 19, 44, 45, 18, 50, 51, 40, 41, 48, 55, 62, 63, 56, 68, 69, 70, 71, 60, 78, 79, 59, 58, 61, 54, 88, 89, 81]
  列生成求解结果: 目标值=9.0000， 下界=5.4545， 上界=11.0000
    非整数变量: COL_13-2-24-5_89 = 0.125000
  解不是整数，开始分支...
ImposedVertex(vertex=2)
ForbidVertex(vertex=2)
  创建了 2 个分支
    添加分支节点 1: ID=92
    添加分支节点 2: ID=93

处理节点 80
  开始列生成求解...
Set parameter LogToConsole to value 0
Set parameter Threads to value 1
Set parameter Seed to value 0
  定价策略: Exact, node=80, vertices=17
Set parameter PoolSearchMode to value 2
Set parameter PoolSolutions to value 10
[CG 1] RMP=9.000000, pricing=ExactPricingSolver, new_columns=10
[CG 2] RMP=8.000000, pricing=ExactPricingSolver, new_columns=0
  搜索路径: [1, 2, 3, 6, 7, 10, 11, 12, 13, 14, 15, 22, 23, 26, 27, 9, 32, 33, 36, 37, 8, 19, 44, 45, 18, 50, 51, 40, 41, 48, 55, 62, 63, 56, 68, 69, 70, 71, 60, 78, 79, 59, 58, 61, 54, 88, 89, 81, 80]
  列生成求解结果: 目标值=8.0000， 下界=5.4545， 上界=11.0000
    非整数变量: COL_13-16-19_4 = 0.500000
  解不是整数，开始分支...
ImposedVertex(vertex=9)
ForbidVertex(vertex=9)
  创建了 2 个分支
    添加分支节点 1: ID=94
    添加分支节点 2: ID=95

处理节点 57
  开始列生成求解...
Set parameter LogToConsole to value 0
Set parameter Threads to value 1
Set parameter Seed to value 0
  定价策略: Exact, node=57, vertices=19
Set parameter PoolSearchMode to value 2
Set parameter PoolSolutions to value 10
[CG 1] RMP=5.512187, pricing=ExactPricingSolver, new_columns=10
[CG 2] RMP=5.454545, pricing=ExactPricingSolver, new_columns=0
  搜索路径: [1, 2, 3, 6, 7, 10, 11, 12, 13, 14, 15, 22, 23, 26, 27, 9, 32, 33, 36, 37, 8, 19, 44, 45, 18, 50, 51, 40, 41, 48, 55, 62, 63, 56, 68, 69, 70, 71, 60, 78, 79, 59, 58, 61, 54, 88, 89, 81, 80, 57]
  列生成求解结果: 目标值=5.4545， 下界=5.4545， 上界=11.0000
    非整数变量: COL_19-20-26_45 = 0.152302
  解不是整数，开始分支...
ImposedVertex(vertex=19)
ForbidVertex(vertex=19)
  创建了 2 个分支
    添加分支节点 1: ID=96
    添加分支节点 2: ID=97
  进度: 已处理 50 个节点, 剩余 37 个, 当前最优 11.0000, 当前列数: 488

处理节点 49
  开始列生成求解...
Set parameter LogToConsole to value 0
Set parameter Threads to value 1
Set parameter Seed to value 0
  定价策略: Exact, node=49, vertices=21
Set parameter PoolSearchMode to value 2
Set parameter PoolSolutions to value 10
[CG 1] RMP=10.000000, pricing=ExactPricingSolver, new_columns=10
[CG 2] RMP=7.000000, pricing=ExactPricingSolver, new_columns=10
[CG 3] RMP=5.454545, pricing=ExactPricingSolver, new_columns=0
  搜索路径: [1, 2, 3, 6, 7, 10, 11, 12, 13, 14, 15, 22, 23, 26, 27, 9, 32, 33, 36, 37, 8, 19, 44, 45, 18, 50, 51, 40, 41, 48, 55, 62, 63, 56, 68, 69, 70, 71, 60, 78, 79, 59, 58, 61, 54, 88, 89, 81, 80, 57, 49]
  列生成求解结果: 目标值=5.4545， 下界=5.4545， 上界=11.0000
    非整数变量: COL_18-23-9_33 = 0.089532
  解不是整数，开始分支...
ImposedVertex(vertex=9)
ForbidVertex(vertex=9)
  创建了 2 个分支
    添加分支节点 1: ID=98
    添加分支节点 2: ID=99

处理节点 96
  开始列生成求解...
Set parameter LogToConsole to value 0
Set parameter Threads to value 1
Set parameter Seed to value 0
  定价策略: Exact, node=96, vertices=18
Set parameter PoolSearchMode to value 2
Set parameter PoolSolutions to value 10
[CG 1] RMP=10.000000, pricing=ExactPricingSolver, new_columns=10
[CG 2] RMP=5.454545, pricing=ExactPricingSolver, new_columns=0
  搜索路径: [1, 2, 3, 6, 7, 10, 11, 12, 13, 14, 15, 22, 23, 26, 27, 9, 32, 33, 36, 37, 8, 19, 44, 45, 18, 50, 51, 40, 41, 48, 55, 62, 63, 56, 68, 69, 70, 71, 60, 78, 79, 59, 58, 61, 54, 88, 89, 81, 80, 57, 49, 96]
  列生成求解结果: 目标值=5.4545， 下界=5.4545， 上界=11.0000
    非整数变量: COL_28-4_181 = 0.060606
  解不是整数，开始分支...
ImposedVertex(vertex=28)
ForbidVertex(vertex=28)
  创建了 2 个分支
    添加分支节点 1: ID=100
    添加分支节点 2: ID=101

处理节点 97
  开始列生成求解...
Set parameter LogToConsole to value 0
Set parameter Threads to value 1
Set parameter Seed to value 0
  定价策略: Exact, node=97, vertices=18
Set parameter PoolSearchMode to value 2
Set parameter PoolSolutions to value 10
[CG 1] RMP=7.000000, pricing=ExactPricingSolver, new_columns=0
  搜索路径: [1, 2, 3, 6, 7, 10, 11, 12, 13, 14, 15, 22, 23, 26, 27, 9, 32, 33, 36, 37, 8, 19, 44, 45, 18, 50, 51, 40, 41, 48, 55, 62, 63, 56, 68, 69, 70, 71, 60, 78, 79, 59, 58, 61, 54, 88, 89, 81, 80, 57, 49, 96, 97]
  列生成求解结果: 目标值=7.0000， 下界=5.4545， 上界=11.0000
    非整数变量: COL_18-24-9_34 = 0.125000
  解不是整数，开始分支...
ImposedVertex(vertex=9)
ForbidVertex(vertex=9)
  创建了 2 个分支
    添加分支节点 1: ID=102
    添加分支节点 2: ID=103

处理节点 98
  开始列生成求解...
Set parameter LogToConsole to value 0
Set parameter Threads to value 1
Set parameter Seed to value 0
  定价策略: Exact, node=98, vertices=20
Set parameter PoolSearchMode to value 2
Set parameter PoolSolutions to value 10
[CG 1] RMP=7.000000, pricing=ExactPricingSolver, new_columns=10
[CG 2] RMP=7.000000, pricing=ExactPricingSolver, new_columns=10
[CG 3] RMP=5.454545, pricing=ExactPricingSolver, new_columns=0
  搜索路径: [1, 2, 3, 6, 7, 10, 11, 12, 13, 14, 15, 22, 23, 26, 27, 9, 32, 33, 36, 37, 8, 19, 44, 45, 18, 50, 51, 40, 41, 48, 55, 62, 63, 56, 68, 69, 70, 71, 60, 78, 79, 59, 58, 61, 54, 88, 89, 81, 80, 57, 49, 96, 97, 98]
  列生成求解结果: 目标值=5.4545， 下界=5.4545， 上界=11.0000
    非整数变量: COL_18-23-9_33 = 0.233766
  解不是整数，开始分支...
ImposedVertex(vertex=18)
ForbidVertex(vertex=18)
  创建了 2 个分支
    添加分支节点 1: ID=104
    添加分支节点 2: ID=105

处理节点 99
  开始列生成求解...
Set parameter LogToConsole to value 0
Set parameter Threads to value 1
Set parameter Seed to value 0
  定价策略: Exact, node=99, vertices=20
Set parameter PoolSearchMode to value 2
Set parameter PoolSolutions to value 10
[CG 1] RMP=12.000000, pricing=ExactPricingSolver, new_columns=10
[CG 2] RMP=11.000000, pricing=ExactPricingSolver, new_columns=0
  搜索路径: [1, 2, 3, 6, 7, 10, 11, 12, 13, 14, 15, 22, 23, 26, 27, 9, 32, 33, 36, 37, 8, 19, 44, 45, 18, 50, 51, 40, 41, 48, 55, 62, 63, 56, 68, 69, 70, 71, 60, 78, 79, 59, 58, 61, 54, 88, 89, 81, 80, 57, 49, 96, 97, 98, 99]
  列生成求解结果: 目标值=11.0000， 下界=5.4545， 上界=11.0000

处理节点 100
  开始列生成求解...
Set parameter LogToConsole to value 0
Set parameter Threads to value 1
Set parameter Seed to value 0
  定价策略: Exact, node=100, vertices=17
Set parameter PoolSearchMode to value 2
Set parameter PoolSolutions to value 10
[CG 1] RMP=12.000000, pricing=ExactPricingSolver, new_columns=0
  搜索路径: [1, 2, 3, 6, 7, 10, 11, 12, 13, 14, 15, 22, 23, 26, 27, 9, 32, 33, 36, 37, 8, 19, 44, 45, 18, 50, 51, 40, 41, 48, 55, 62, 63, 56, 68, 69, 70, 71, 60, 78, 79, 59, 58, 61, 54, 88, 89, 81, 80, 57, 49, 96, 97, 98, 99, 100]
  列生成求解结果: 目标值=12.0000， 下界=5.4545， 上界=11.0000

处理节点 104
  开始列生成求解...
Set parameter LogToConsole to value 0
Set parameter Threads to value 1
Set parameter Seed to value 0
  定价策略: Exact, node=104, vertices=19
Set parameter PoolSearchMode to value 2
Set parameter PoolSolutions to value 10
[CG 1] RMP=7.000000, pricing=ExactPricingSolver, new_columns=0
  搜索路径: [1, 2, 3, 6, 7, 10, 11, 12, 13, 14, 15, 22, 23, 26, 27, 9, 32, 33, 36, 37, 8, 19, 44, 45, 18, 50, 51, 40, 41, 48, 55, 62, 63, 56, 68, 69, 70, 71, 60, 78, 79, 59, 58, 61, 54, 88, 89, 81, 80, 57, 49, 96, 97, 98, 99, 100, 104]
  列生成求解结果: 目标值=7.0000， 下界=5.4545， 上界=11.0000
    非整数变量: COL_18-24-9_34 = 0.388889
  解不是整数，开始分支...
ImposedVertex(vertex=24)
ForbidVertex(vertex=24)
  创建了 2 个分支
    添加分支节点 1: ID=106
    添加分支节点 2: ID=107

处理节点 105
  开始列生成求解...
Set parameter LogToConsole to value 0
Set parameter Threads to value 1
Set parameter Seed to value 0
  定价策略: Exact, node=105, vertices=19
Set parameter PoolSearchMode to value 2
Set parameter PoolSolutions to value 10
[CG 1] RMP=2010.000000, pricing=ExactPricingSolver, new_columns=10
[CG 2] RMP=6.233766, pricing=ExactPricingSolver, new_columns=10
[CG 3] RMP=5.454545, pricing=ExactPricingSolver, new_columns=0
  搜索路径: [1, 2, 3, 6, 7, 10, 11, 12, 13, 14, 15, 22, 23, 26, 27, 9, 32, 33, 36, 37, 8, 19, 44, 45, 18, 50, 51, 40, 41, 48, 55, 62, 63, 56, 68, 69, 70, 71, 60, 78, 79, 59, 58, 61, 54, 88, 89, 81, 80, 57, 49, 96, 97, 98, 99, 100, 104, 105]
  列生成求解结果: 目标值=5.4545， 下界=5.4545， 上界=11.0000
    非整数变量: COL_17-20-4-7-9_101 = 0.090909
  解不是整数，开始分支...
ImposedVertex(vertex=17)
ForbidVertex(vertex=17)
  创建了 2 个分支
    添加分支节点 1: ID=108
    添加分支节点 2: ID=109

处理节点 108
  开始列生成求解...
Set parameter LogToConsole to value 0
Set parameter Threads to value 1
Set parameter Seed to value 0
  定价策略: Exact, node=108, vertices=18
Set parameter PoolSearchMode to value 2
Set parameter PoolSolutions to value 10
[CG 1] RMP=2010.000000, pricing=ExactPricingSolver, new_columns=10
[CG 2] RMP=5.454545, pricing=ExactPricingSolver, new_columns=0
  搜索路径: [1, 2, 3, 6, 7, 10, 11, 12, 13, 14, 15, 22, 23, 26, 27, 9, 32, 33, 36, 37, 8, 19, 44, 45, 18, 50, 51, 40, 41, 48, 55, 62, 63, 56, 68, 69, 70, 71, 60, 78, 79, 59, 58, 61, 54, 88, 89, 81, 80, 57, 49, 96, 97, 98, 99, 100, 104, 105, 108]
  列生成求解结果: 目标值=5.4545， 下界=5.4545， 上界=11.0000
    非整数变量: COL_17-20-4-7-9_101 = 0.500000
  解不是整数，开始分支...
ImposedVertex(vertex=7)
ForbidVertex(vertex=7)
  创建了 2 个分支
    添加分支节点 1: ID=110
    添加分支节点 2: ID=111

处理节点 109
  开始列生成求解...
Set parameter LogToConsole to value 0
Set parameter Threads to value 1
Set parameter Seed to value 0
  定价策略: Exact, node=109, vertices=18
Set parameter PoolSearchMode to value 2
Set parameter PoolSolutions to value 10
[CG 1] RMP=6.000000, pricing=ExactPricingSolver, new_columns=0
  搜索路径: [1, 2, 3, 6, 7, 10, 11, 12, 13, 14, 15, 22, 23, 26, 27, 9, 32, 33, 36, 37, 8, 19, 44, 45, 18, 50, 51, 40, 41, 48, 55, 62, 63, 56, 68, 69, 70, 71, 60, 78, 79, 59, 58, 61, 54, 88, 89, 81, 80, 57, 49, 96, 97, 98, 99, 100, 104, 105, 108, 109]
  列生成求解结果: 目标值=6.0000， 下界=5.4545， 上界=11.0000
    非整数变量: COL_13-9_518 = 0.333333
  解不是整数，开始分支...
ImposedVertex(vertex=3)
ForbidVertex(vertex=3)
  创建了 2 个分支
    添加分支节点 1: ID=112
    添加分支节点 2: ID=113
  进度: 已处理 60 个节点, 剩余 43 个, 当前最优 11.0000, 当前列数: 578

处理节点 110
  开始列生成求解...
Set parameter LogToConsole to value 0
Set parameter Threads to value 1
Set parameter Seed to value 0
  定价策略: Exact, node=110, vertices=17
Set parameter PoolSearchMode to value 2
Set parameter PoolSolutions to value 10
[CG 1] RMP=5.454545, pricing=ExactPricingSolver, new_columns=0
  搜索路径: [1, 2, 3, 6, 7, 10, 11, 12, 13, 14, 15, 22, 23, 26, 27, 9, 32, 33, 36, 37, 8, 19, 44, 45, 18, 50, 51, 40, 41, 48, 55, 62, 63, 56, 68, 69, 70, 71, 60, 78, 79, 59, 58, 61, 54, 88, 89, 81, 80, 57, 49, 96, 97, 98, 99, 100, 104, 105, 108, 109, 110]
  列生成求解结果: 目标值=5.4545， 下界=5.4545， 上界=11.0000
    非整数变量: COL_17-20-4-7-9_101 = 0.494949
  解不是整数，开始分支...
ImposedVertex(vertex=20)
ForbidVertex(vertex=20)
  创建了 2 个分支
    添加分支节点 1: ID=114
    添加分支节点 2: ID=115

处理节点 111
  开始列生成求解...
Set parameter LogToConsole to value 0
Set parameter Threads to value 1
Set parameter Seed to value 0
  定价策略: Exact, node=111, vertices=17
Set parameter PoolSearchMode to value 2
Set parameter PoolSolutions to value 10
[CG 1] RMP=515.000000, pricing=ExactPricingSolver, new_columns=10
[CG 2] RMP=12.000000, pricing=ExactPricingSolver, new_columns=0
  搜索路径: [1, 2, 3, 6, 7, 10, 11, 12, 13, 14, 15, 22, 23, 26, 27, 9, 32, 33, 36, 37, 8, 19, 44, 45, 18, 50, 51, 40, 41, 48, 55, 62, 63, 56, 68, 69, 70, 71, 60, 78, 79, 59, 58, 61, 54, 88, 89, 81, 80, 57, 49, 96, 97, 98, 99, 100, 104, 105, 108, 109, 110, 111]
  列生成求解结果: 目标值=12.0000， 下界=5.4545， 上界=11.0000

处理节点 114
  开始列生成求解...
Set parameter LogToConsole to value 0
Set parameter Threads to value 1
Set parameter Seed to value 0
  定价策略: Exact, node=114, vertices=16
Set parameter PoolSearchMode to value 2
Set parameter PoolSolutions to value 10
[CG 1] RMP=8.000000, pricing=ExactPricingSolver, new_columns=0
  搜索路径: [1, 2, 3, 6, 7, 10, 11, 12, 13, 14, 15, 22, 23, 26, 27, 9, 32, 33, 36, 37, 8, 19, 44, 45, 18, 50, 51, 40, 41, 48, 55, 62, 63, 56, 68, 69, 70, 71, 60, 78, 79, 59, 58, 61, 54, 88, 89, 81, 80, 57, 49, 96, 97, 98, 99, 100, 104, 105, 108, 109, 110, 111, 114]
  列生成求解结果: 目标值=8.0000， 下界=5.4545， 上界=11.0000
    非整数变量: COL_17-20-4-7-9_101 = 0.339394
  解不是整数，开始分支...
ImposedVertex(vertex=2)
ForbidVertex(vertex=2)
  创建了 2 个分支
    添加分支节点 1: ID=116
    添加分支节点 2: ID=117

处理节点 115
  开始列生成求解...
Set parameter LogToConsole to value 0
Set parameter Threads to value 1
Set parameter Seed to value 0
  定价策略: Exact, node=115, vertices=16
Set parameter PoolSearchMode to value 2
Set parameter PoolSolutions to value 10
[CG 1] RMP=512.000000, pricing=ExactPricingSolver, new_columns=10
[CG 2] RMP=9.000000, pricing=ExactPricingSolver, new_columns=0
  搜索路径: [1, 2, 3, 6, 7, 10, 11, 12, 13, 14, 15, 22, 23, 26, 27, 9, 32, 33, 36, 37, 8, 19, 44, 45, 18, 50, 51, 40, 41, 48, 55, 62, 63, 56, 68, 69, 70, 71, 60, 78, 79, 59, 58, 61, 54, 88, 89, 81, 80, 57, 49, 96, 97, 98, 99, 100, 104, 105, 108, 109, 110, 111, 114, 115]
  列生成求解结果: 目标值=9.0000， 下界=5.4545， 上界=11.0000
    非整数变量: COL_2-28-4-7-9_492 = 0.083333
  解不是整数，开始分支...
ImposedVertex(vertex=2)
ForbidVertex(vertex=2)
  创建了 2 个分支
    添加分支节点 1: ID=118
    添加分支节点 2: ID=119

处理节点 101
  开始列生成求解...
Set parameter LogToConsole to value 0
Set parameter Threads to value 1
Set parameter Seed to value 0
  定价策略: Exact, node=101, vertices=17
Set parameter PoolSearchMode to value 2
Set parameter PoolSolutions to value 10
[CG 1] RMP=10.000000, pricing=ExactPricingSolver, new_columns=0
  搜索路径: [1, 2, 3, 6, 7, 10, 11, 12, 13, 14, 15, 22, 23, 26, 27, 9, 32, 33, 36, 37, 8, 19, 44, 45, 18, 50, 51, 40, 41, 48, 55, 62, 63, 56, 68, 69, 70, 71, 60, 78, 79, 59, 58, 61, 54, 88, 89, 81, 80, 57, 49, 96, 97, 98, 99, 100, 104, 105, 108, 109, 110, 111, 114, 115, 101]
  列生成求解结果: 目标值=10.0000， 下界=5.4545， 上界=11.0000
    非整数变量: COL_0-24-26-4-7_209 = 0.090909
  解不是整数，开始分支...
ImposedVertex(vertex=9)
ForbidVertex(vertex=9)
  创建了 2 个分支
    添加分支节点 1: ID=120
    添加分支节点 2: ID=121

处理节点 82
  开始列生成求解...
Set parameter LogToConsole to value 0
Set parameter Threads to value 1
Set parameter Seed to value 0
  定价策略: Exact, node=82, vertices=20
Set parameter PoolSearchMode to value 2
Set parameter PoolSolutions to value 10
[CG 1] RMP=7.000000, pricing=ExactPricingSolver, new_columns=0
  搜索路径: [1, 2, 3, 6, 7, 10, 11, 12, 13, 14, 15, 22, 23, 26, 27, 9, 32, 33, 36, 37, 8, 19, 44, 45, 18, 50, 51, 40, 41, 48, 55, 62, 63, 56, 68, 69, 70, 71, 60, 78, 79, 59, 58, 61, 54, 88, 89, 81, 80, 57, 49, 96, 97, 98, 99, 100, 104, 105, 108, 109, 110, 111, 114, 115, 101, 82]
  列生成求解结果: 目标值=7.0000， 下界=5.4545， 上界=11.0000
    非整数变量: COL_0-18-20-26-4_51 = 0.038889
  解不是整数，开始分支...
ImposedVertex(vertex=4)
ForbidVertex(vertex=4)
  创建了 2 个分支
    添加分支节点 1: ID=122
    添加分支节点 2: ID=123

处理节点 83
  开始列生成求解...
Set parameter LogToConsole to value 0
Set parameter Threads to value 1
Set parameter Seed to value 0
  定价策略: Exact, node=83, vertices=20
Set parameter PoolSearchMode to value 2
Set parameter PoolSolutions to value 10
[CG 1] RMP=2010.000000, pricing=ExactPricingSolver, new_columns=10
[CG 2] RMP=7.008850, pricing=ExactPricingSolver, new_columns=10
[CG 3] RMP=6.115830, pricing=ExactPricingSolver, new_columns=10
[CG 4] RMP=5.454545, pricing=ExactPricingSolver, new_columns=0
  搜索路径: [1, 2, 3, 6, 7, 10, 11, 12, 13, 14, 15, 22, 23, 26, 27, 9, 32, 33, 36, 37, 8, 19, 44, 45, 18, 50, 51, 40, 41, 48, 55, 62, 63, 56, 68, 69, 70, 71, 60, 78, 79, 59, 58, 61, 54, 88, 89, 81, 80, 57, 49, 96, 97, 98, 99, 100, 104, 105, 108, 109, 110, 111, 114, 115, 101, 82, 83]
  列生成求解结果: 目标值=5.4545， 下界=5.4545， 上界=11.0000
    非整数变量: COL_0-28-9_178 = 0.060606
  解不是整数，开始分支...
ImposedVertex(vertex=9)
ForbidVertex(vertex=9)
  创建了 2 个分支
    添加分支节点 1: ID=124
    添加分支节点 2: ID=125

处理节点 124
  开始列生成求解...
Set parameter LogToConsole to value 0
Set parameter Threads to value 1
Set parameter Seed to value 0
  定价策略: Exact, node=124, vertices=19
Set parameter PoolSearchMode to value 2
Set parameter PoolSolutions to value 10
[CG 1] RMP=10.000000, pricing=ExactPricingSolver, new_columns=10
[CG 2] RMP=9.000000, pricing=ExactPricingSolver, new_columns=0
  搜索路径: [1, 2, 3, 6, 7, 10, 11, 12, 13, 14, 15, 22, 23, 26, 27, 9, 32, 33, 36, 37, 8, 19, 44, 45, 18, 50, 51, 40, 41, 48, 55, 62, 63, 56, 68, 69, 70, 71, 60, 78, 79, 59, 58, 61, 54, 88, 89, 81, 80, 57, 49, 96, 97, 98, 99, 100, 104, 105, 108, 109, 110, 111, 114, 115, 101, 82, 83, 124]
  列生成求解结果: 目标值=9.0000， 下界=5.4545， 上界=11.0000
    非整数变量: COL_0-24-26-4-7-9_211 = 0.250000
  解不是整数，开始分支...
ImposedVertex(vertex=26)
ForbidVertex(vertex=26)
  创建了 2 个分支
    添加分支节点 1: ID=126
    添加分支节点 2: ID=127

处理节点 125
  开始列生成求解...
Set parameter LogToConsole to value 0
Set parameter Threads to value 1
Set parameter Seed to value 0
  定价策略: Exact, node=125, vertices=19
Set parameter PoolSearchMode to value 2
Set parameter PoolSolutions to value 10
[CG 1] RMP=11.000000, pricing=ExactPricingSolver, new_columns=0
  搜索路径: [1, 2, 3, 6, 7, 10, 11, 12, 13, 14, 15, 22, 23, 26, 27, 9, 32, 33, 36, 37, 8, 19, 44, 45, 18, 50, 51, 40, 41, 48, 55, 62, 63, 56, 68, 69, 70, 71, 60, 78, 79, 59, 58, 61, 54, 88, 89, 81, 80, 57, 49, 96, 97, 98, 99, 100, 104, 105, 108, 109, 110, 111, 114, 115, 101, 82, 83, 124, 125]
  列生成求解结果: 目标值=11.0000， 下界=5.4545， 上界=11.0000

处理节点 30
  开始列生成求解...
Set parameter LogToConsole to value 0
Set parameter Threads to value 1
Set parameter Seed to value 0
  定价策略: Exact, node=30, vertices=22
Set parameter PoolSearchMode to value 2
Set parameter PoolSolutions to value 10
[CG 1] RMP=11.000000, pricing=ExactPricingSolver, new_columns=10
[CG 2] RMP=5.739130, pricing=ExactPricingSolver, new_columns=0
  搜索路径: [1, 2, 3, 6, 7, 10, 11, 12, 13, 14, 15, 22, 23, 26, 27, 9, 32, 33, 36, 37, 8, 19, 44, 45, 18, 50, 51, 40, 41, 48, 55, 62, 63, 56, 68, 69, 70, 71, 60, 78, 79, 59, 58, 61, 54, 88, 89, 81, 80, 57, 49, 96, 97, 98, 99, 100, 104, 105, 108, 109, 110, 111, 114, 115, 101, 82, 83, 124, 125, 30]
  列生成求解结果: 目标值=5.7391， 下界=5.4545， 上界=11.0000
    非整数变量: COL_1-11-18-23-7-9_43 = 0.246377
  解不是整数，开始分支...
ImposedVertex(vertex=9)
ForbidVertex(vertex=9)
  创建了 2 个分支
    添加分支节点 1: ID=128
    添加分支节点 2: ID=129
  进度: 已处理 70 个节点, 剩余 49 个, 当前最优 11.0000, 当前列数: 648

处理节点 128
  开始列生成求解...
Set parameter LogToConsole to value 0
Set parameter Threads to value 1
Set parameter Seed to value 0
  定价策略: Exact, node=128, vertices=21
Set parameter PoolSearchMode to value 2
Set parameter PoolSolutions to value 10
[CG 1] RMP=5.739130, pricing=ExactPricingSolver, new_columns=0
  搜索路径: [1, 2, 3, 6, 7, 10, 11, 12, 13, 14, 15, 22, 23, 26, 27, 9, 32, 33, 36, 37, 8, 19, 44, 45, 18, 50, 51, 40, 41, 48, 55, 62, 63, 56, 68, 69, 70, 71, 60, 78, 79, 59, 58, 61, 54, 88, 89, 81, 80, 57, 49, 96, 97, 98, 99, 100, 104, 105, 108, 109, 110, 111, 114, 115, 101, 82, 83, 124, 125, 30, 128]
  列生成求解结果: 目标值=5.7391， 下界=5.7391， 上界=11.0000
    非整数变量: COL_1-18-23-9_38 = 0.246377
  解不是整数，开始分支...
ImposedVertex(vertex=18)
ForbidVertex(vertex=18)
  创建了 2 个分支
    添加分支节点 1: ID=130
    添加分支节点 2: ID=131

处理节点 129
  开始列生成求解...
Set parameter LogToConsole to value 0
Set parameter Threads to value 1
Set parameter Seed to value 0
  定价策略: Exact, node=129, vertices=21
Set parameter PoolSearchMode to value 2
Set parameter PoolSolutions to value 10
[CG 1] RMP=2010.000000, pricing=ExactPricingSolver, new_columns=10
[CG 2] RMP=11.000000, pricing=ExactPricingSolver, new_columns=0
  搜索路径: [1, 2, 3, 6, 7, 10, 11, 12, 13, 14, 15, 22, 23, 26, 27, 9, 32, 33, 36, 37, 8, 19, 44, 45, 18, 50, 51, 40, 41, 48, 55, 62, 63, 56, 68, 69, 70, 71, 60, 78, 79, 59, 58, 61, 54, 88, 89, 81, 80, 57, 49, 96, 97, 98, 99, 100, 104, 105, 108, 109, 110, 111, 114, 115, 101, 82, 83, 124, 125, 30, 128, 129]
  列生成求解结果: 目标值=11.0000， 下界=5.7391， 上界=11.0000

处理节点 130
  开始列生成求解...
Set parameter LogToConsole to value 0
Set parameter Threads to value 1
Set parameter Seed to value 0
  定价策略: Exact, node=130, vertices=20
Set parameter PoolSearchMode to value 2
Set parameter PoolSolutions to value 10
[CG 1] RMP=7.200000, pricing=ExactPricingSolver, new_columns=10
[CG 2] RMP=7.000000, pricing=ExactPricingSolver, new_columns=0
  搜索路径: [1, 2, 3, 6, 7, 10, 11, 12, 13, 14, 15, 22, 23, 26, 27, 9, 32, 33, 36, 37, 8, 19, 44, 45, 18, 50, 51, 40, 41, 48, 55, 62, 63, 56, 68, 69, 70, 71, 60, 78, 79, 59, 58, 61, 54, 88, 89, 81, 80, 57, 49, 96, 97, 98, 99, 100, 104, 105, 108, 109, 110, 111, 114, 115, 101, 82, 83, 124, 125, 30, 128, 129, 130]
  列生成求解结果: 目标值=7.0000， 下界=5.7391， 上界=11.0000
    非整数变量: COL_1-18-23-7-9_42 = 0.200000
  解不是整数，开始分支...
ImposedVertex(vertex=7)
ForbidVertex(vertex=7)
  创建了 2 个分支
    添加分支节点 1: ID=132
    添加分支节点 2: ID=133

处理节点 131
  开始列生成求解...
Set parameter LogToConsole to value 0
Set parameter Threads to value 1
Set parameter Seed to value 0
  定价策略: Exact, node=131, vertices=20
Set parameter PoolSearchMode to value 2
Set parameter PoolSolutions to value 10
[CG 1] RMP=11.000000, pricing=ExactPricingSolver, new_columns=10
[CG 2] RMP=11.000000, pricing=ExactPricingSolver, new_columns=10
[CG 3] RMP=5.739130, pricing=ExactPricingSolver, new_columns=0
  搜索路径: [1, 2, 3, 6, 7, 10, 11, 12, 13, 14, 15, 22, 23, 26, 27, 9, 32, 33, 36, 37, 8, 19, 44, 45, 18, 50, 51, 40, 41, 48, 55, 62, 63, 56, 68, 69, 70, 71, 60, 78, 79, 59, 58, 61, 54, 88, 89, 81, 80, 57, 49, 96, 97, 98, 99, 100, 104, 105, 108, 109, 110, 111, 114, 115, 101, 82, 83, 124, 125, 30, 128, 129, 130, 131]
  列生成求解结果: 目标值=5.7391， 下界=5.7391， 上界=11.0000
    非整数变量: COL_1-14-21-23-27-9_70 = 0.521739
  解不是整数，开始分支...
ImposedVertex(vertex=14)
ForbidVertex(vertex=14)
  创建了 2 个分支
    添加分支节点 1: ID=134
    添加分支节点 2: ID=135

处理节点 134
  开始列生成求解...
Set parameter LogToConsole to value 0
Set parameter Threads to value 1
Set parameter Seed to value 0
  定价策略: Exact, node=134, vertices=18
Set parameter PoolSearchMode to value 2
Set parameter PoolSolutions to value 10
[CG 1] RMP=11.000000, pricing=ExactPricingSolver, new_columns=10
[CG 2] RMP=11.000000, pricing=ExactPricingSolver, new_columns=10
[CG 3] RMP=10.000000, pricing=ExactPricingSolver, new_columns=10
[CG 4] RMP=10.000000, pricing=ExactPricingSolver, new_columns=0
  搜索路径: [1, 2, 3, 6, 7, 10, 11, 12, 13, 14, 15, 22, 23, 26, 27, 9, 32, 33, 36, 37, 8, 19, 44, 45, 18, 50, 51, 40, 41, 48, 55, 62, 63, 56, 68, 69, 70, 71, 60, 78, 79, 59, 58, 61, 54, 88, 89, 81, 80, 57, 49, 96, 97, 98, 99, 100, 104, 105, 108, 109, 110, 111, 114, 115, 101, 82, 83, 124, 125, 30, 128, 129, 130, 131, 134]
  列生成求解结果: 目标值=10.0000， 下界=5.7391， 上界=11.0000
    非整数变量: COL_1-14-21-23-27-9_70 = 0.250000
  解不是整数，开始分支...
ImposedVertex(vertex=21)
ForbidVertex(vertex=21)
  创建了 2 个分支
    添加分支节点 1: ID=136
    添加分支节点 2: ID=137

处理节点 135
  开始列生成求解...
Set parameter LogToConsole to value 0
Set parameter Threads to value 1
Set parameter Seed to value 0
  定价策略: Exact, node=135, vertices=19
Set parameter PoolSearchMode to value 2
Set parameter PoolSolutions to value 10
[CG 1] RMP=12.000000, pricing=ExactPricingSolver, new_columns=10
[CG 2] RMP=9.000000, pricing=ExactPricingSolver, new_columns=10
[CG 3] RMP=5.739130, pricing=ExactPricingSolver, new_columns=0
  搜索路径: [1, 2, 3, 6, 7, 10, 11, 12, 13, 14, 15, 22, 23, 26, 27, 9, 32, 33, 36, 37, 8, 19, 44, 45, 18, 50, 51, 40, 41, 48, 55, 62, 63, 56, 68, 69, 70, 71, 60, 78, 79, 59, 58, 61, 54, 88, 89, 81, 80, 57, 49, 96, 97, 98, 99, 100, 104, 105, 108, 109, 110, 111, 114, 115, 101, 82, 83, 124, 125, 30, 128, 129, 130, 131, 134, 135]
  列生成求解结果: 目标值=5.7391， 下界=5.7391， 上界=11.0000
    非整数变量: COL_16-19-4_109 = 0.134783
  解不是整数，开始分支...
ImposedVertex(vertex=8)
ForbidVertex(vertex=8)
  创建了 2 个分支
    添加分支节点 1: ID=138
    添加分支节点 2: ID=139

处理节点 138
  开始列生成求解...
Set parameter LogToConsole to value 0
Set parameter Threads to value 1
Set parameter Seed to value 0
  定价策略: Exact, node=138, vertices=18
Set parameter PoolSearchMode to value 2
Set parameter PoolSolutions to value 10
[CG 1] RMP=2010.000000, pricing=ExactPricingSolver, new_columns=10
[CG 2] RMP=12.000000, pricing=ExactPricingSolver, new_columns=10
[CG 3] RMP=12.000000, pricing=ExactPricingSolver, new_columns=0
  搜索路径: [1, 2, 3, 6, 7, 10, 11, 12, 13, 14, 15, 22, 23, 26, 27, 9, 32, 33, 36, 37, 8, 19, 44, 45, 18, 50, 51, 40, 41, 48, 55, 62, 63, 56, 68, 69, 70, 71, 60, 78, 79, 59, 58, 61, 54, 88, 89, 81, 80, 57, 49, 96, 97, 98, 99, 100, 104, 105, 108, 109, 110, 111, 114, 115, 101, 82, 83, 124, 125, 30, 128, 129, 130, 131, 134, 135, 138]
  列生成求解结果: 目标值=12.0000， 下界=5.7391， 上界=11.0000

处理节点 139
  开始列生成求解...
Set parameter LogToConsole to value 0
Set parameter Threads to value 1
Set parameter Seed to value 0
  定价策略: Exact, node=139, vertices=18
Set parameter PoolSearchMode to value 2
Set parameter PoolSolutions to value 10
[CG 1] RMP=8.000000, pricing=ExactPricingSolver, new_columns=10
[CG 2] RMP=5.739130, pricing=ExactPricingSolver, new_columns=0
  搜索路径: [1, 2, 3, 6, 7, 10, 11, 12, 13, 14, 15, 22, 23, 26, 27, 9, 32, 33, 36, 37, 8, 19, 44, 45, 18, 50, 51, 40, 41, 48, 55, 62, 63, 56, 68, 69, 70, 71, 60, 78, 79, 59, 58, 61, 54, 88, 89, 81, 80, 57, 49, 96, 97, 98, 99, 100, 104, 105, 108, 109, 110, 111, 114, 115, 101, 82, 83, 124, 125, 30, 128, 129, 130, 131, 134, 135, 138, 139]
  列生成求解结果: 目标值=5.7391， 下界=5.7391， 上界=11.0000
    非整数变量: COL_11-16-24-4-7-9_108 = 0.318841
  解不是整数，开始分支...
ImposedVertex(vertex=16)
ForbidVertex(vertex=16)
  创建了 2 个分支
    添加分支节点 1: ID=140
    添加分支节点 2: ID=141

处理节点 140
  开始列生成求解...
Set parameter LogToConsole to value 0
Set parameter Threads to value 1
Set parameter Seed to value 0
  定价策略: Exact, node=140, vertices=17
Set parameter PoolSearchMode to value 2
Set parameter PoolSolutions to value 10
[CG 1] RMP=5.739130, pricing=ExactPricingSolver, new_columns=0
  搜索路径: [1, 2, 3, 6, 7, 10, 11, 12, 13, 14, 15, 22, 23, 26, 27, 9, 32, 33, 36, 37, 8, 19, 44, 45, 18, 50, 51, 40, 41, 48, 55, 62, 63, 56, 68, 69, 70, 71, 60, 78, 79, 59, 58, 61, 54, 88, 89, 81, 80, 57, 49, 96, 97, 98, 99, 100, 104, 105, 108, 109, 110, 111, 114, 115, 101, 82, 83, 124, 125, 30, 128, 129, 130, 131, 134, 135, 138, 139, 140]
  列生成求解结果: 目标值=5.7391， 下界=5.7391， 上界=11.0000
    非整数变量: COL_11-16-28-4-7-9_684 = 0.478261
  解不是整数，开始分支...
ImposedVertex(vertex=28)
ForbidVertex(vertex=28)
  创建了 2 个分支
    添加分支节点 1: ID=142
    添加分支节点 2: ID=143

处理节点 142
  开始列生成求解...
Set parameter LogToConsole to value 0
Set parameter Threads to value 1
Set parameter Seed to value 0
  定价策略: Exact, node=142, vertices=16
Set parameter PoolSearchMode to value 2
Set parameter PoolSolutions to value 10
[CG 1] RMP=12.000000, pricing=ExactPricingSolver, new_columns=0
  搜索路径: [1, 2, 3, 6, 7, 10, 11, 12, 13, 14, 15, 22, 23, 26, 27, 9, 32, 33, 36, 37, 8, 19, 44, 45, 18, 50, 51, 40, 41, 48, 55, 62, 63, 56, 68, 69, 70, 71, 60, 78, 79, 59, 58, 61, 54, 88, 89, 81, 80, 57, 49, 96, 97, 98, 99, 100, 104, 105, 108, 109, 110, 111, 114, 115, 101, 82, 83, 124, 125, 30, 128, 129, 130, 131, 134, 135, 138, 139, 140, 142]
  列生成求解结果: 目标值=12.0000， 下界=5.7391， 上界=11.0000

处理节点 143
  开始列生成求解...
Set parameter LogToConsole to value 0
Set parameter Threads to value 1
Set parameter Seed to value 0
  定价策略: Exact, node=143, vertices=16
Set parameter PoolSearchMode to value 2
Set parameter PoolSolutions to value 10
[CG 1] RMP=11.000000, pricing=ExactPricingSolver, new_columns=0
  搜索路径: [1, 2, 3, 6, 7, 10, 11, 12, 13, 14, 15, 22, 23, 26, 27, 9, 32, 33, 36, 37, 8, 19, 44, 45, 18, 50, 51, 40, 41, 48, 55, 62, 63, 56, 68, 69, 70, 71, 60, 78, 79, 59, 58, 61, 54, 88, 89, 81, 80, 57, 49, 96, 97, 98, 99, 100, 104, 105, 108, 109, 110, 111, 114, 115, 101, 82, 83, 124, 125, 30, 128, 129, 130, 131, 134, 135, 138, 139, 140, 142, 143]
  列生成求解结果: 目标值=11.0000， 下界=5.7391， 上界=11.0000

处理节点 141
  开始列生成求解...
Set parameter LogToConsole to value 0
Set parameter Threads to value 1
Set parameter Seed to value 0
  定价策略: Exact, node=141, vertices=17
Set parameter PoolSearchMode to value 2
Set parameter PoolSolutions to value 10
[CG 1] RMP=6.352941, pricing=ExactPricingSolver, new_columns=10
[CG 2] RMP=5.739130, pricing=ExactPricingSolver, new_columns=0
  搜索路径: [1, 2, 3, 6, 7, 10, 11, 12, 13, 14, 15, 22, 23, 26, 27, 9, 32, 33, 36, 37, 8, 19, 44, 45, 18, 50, 51, 40, 41, 48, 55, 62, 63, 56, 68, 69, 70, 71, 60, 78, 79, 59, 58, 61, 54, 88, 89, 81, 80, 57, 49, 96, 97, 98, 99, 100, 104, 105, 108, 109, 110, 111, 114, 115, 101, 82, 83, 124, 125, 30, 128, 129, 130, 131, 134, 135, 138, 139, 140, 142, 143, 141]
  列生成求解结果: 目标值=5.7391， 下界=5.7391， 上界=11.0000
    非整数变量: COL_28-4-9_680 = 0.295652
  解不是整数，开始分支...
ImposedVertex(vertex=28)
ForbidVertex(vertex=28)
  创建了 2 个分支
    添加分支节点 1: ID=144
    添加分支节点 2: ID=145

处理节点 144
  开始列生成求解...
Set parameter LogToConsole to value 0
Set parameter Threads to value 1
Set parameter Seed to value 0
  定价策略: Exact, node=144, vertices=16
Set parameter PoolSearchMode to value 2
Set parameter PoolSolutions to value 10
[CG 1] RMP=12.000000, pricing=ExactPricingSolver, new_columns=0
  搜索路径: [1, 2, 3, 6, 7, 10, 11, 12, 13, 14, 15, 22, 23, 26, 27, 9, 32, 33, 36, 37, 8, 19, 44, 45, 18, 50, 51, 40, 41, 48, 55, 62, 63, 56, 68, 69, 70, 71, 60, 78, 79, 59, 58, 61, 54, 88, 89, 81, 80, 57, 49, 96, 97, 98, 99, 100, 104, 105, 108, 109, 110, 111, 114, 115, 101, 82, 83, 124, 125, 30, 128, 129, 130, 131, 134, 135, 138, 139, 140, 142, 143, 141, 144]
  列生成求解结果: 目标值=12.0000， 下界=5.7391， 上界=11.0000

处理节点 145
  开始列生成求解...
Set parameter LogToConsole to value 0
Set parameter Threads to value 1
Set parameter Seed to value 0
  定价策略: Exact, node=145, vertices=16
Set parameter PoolSearchMode to value 2
Set parameter PoolSolutions to value 10
[CG 1] RMP=11.000000, pricing=ExactPricingSolver, new_columns=0
  搜索路径: [1, 2, 3, 6, 7, 10, 11, 12, 13, 14, 15, 22, 23, 26, 27, 9, 32, 33, 36, 37, 8, 19, 44, 45, 18, 50, 51, 40, 41, 48, 55, 62, 63, 56, 68, 69, 70, 71, 60, 78, 79, 59, 58, 61, 54, 88, 89, 81, 80, 57, 49, 96, 97, 98, 99, 100, 104, 105, 108, 109, 110, 111, 114, 115, 101, 82, 83, 124, 125, 30, 128, 129, 130, 131, 134, 135, 138, 139, 140, 142, 143, 141, 144, 145]
  列生成求解结果: 目标值=11.0000， 下界=5.7391， 上界=11.0000

处理节点 31
  开始列生成求解...
Set parameter LogToConsole to value 0
Set parameter Threads to value 1
Set parameter Seed to value 0
  定价策略: Exact, node=31, vertices=23
Set parameter PoolSearchMode to value 2
Set parameter PoolSolutions to value 10
[CG 1] RMP=6.000000, pricing=ExactPricingSolver, new_columns=10
[CG 2] RMP=6.000000, pricing=ExactPricingSolver, new_columns=10
[CG 3] RMP=5.739130, pricing=ExactPricingSolver, new_columns=0
  搜索路径: [1, 2, 3, 6, 7, 10, 11, 12, 13, 14, 15, 22, 23, 26, 27, 9, 32, 33, 36, 37, 8, 19, 44, 45, 18, 50, 51, 40, 41, 48, 55, 62, 63, 56, 68, 69, 70, 71, 60, 78, 79, 59, 58, 61, 54, 88, 89, 81, 80, 57, 49, 96, 97, 98, 99, 100, 104, 105, 108, 109, 110, 111, 114, 115, 101, 82, 83, 124, 125, 30, 128, 129, 130, 131, 134, 135, 138, 139, 140, 142, 143, 141, 144, 145, 31]
  列生成求解结果: 目标值=5.7391， 下界=5.7391， 上界=11.0000
    非整数变量: COL_14-21-23-27-3-4-9_74 = 0.434783
  解不是整数，开始分支...
ImposedVertex(vertex=23)
ForbidVertex(vertex=23)
  创建了 2 个分支
    添加分支节点 1: ID=146
    添加分支节点 2: ID=147

处理节点 146
  开始列生成求解...
Set parameter LogToConsole to value 0
Set parameter Threads to value 1
Set parameter Seed to value 0
  定价策略: Exact, node=146, vertices=21
Set parameter PoolSearchMode to value 2
Set parameter PoolSolutions to value 10
[CG 1] RMP=12.000000, pricing=ExactPricingSolver, new_columns=0
  搜索路径: [1, 2, 3, 6, 7, 10, 11, 12, 13, 14, 15, 22, 23, 26, 27, 9, 32, 33, 36, 37, 8, 19, 44, 45, 18, 50, 51, 40, 41, 48, 55, 62, 63, 56, 68, 69, 70, 71, 60, 78, 79, 59, 58, 61, 54, 88, 89, 81, 80, 57, 49, 96, 97, 98, 99, 100, 104, 105, 108, 109, 110, 111, 114, 115, 101, 82, 83, 124, 125, 30, 128, 129, 130, 131, 134, 135, 138, 139, 140, 142, 143, 141, 144, 145, 31, 146]
  列生成求解结果: 目标值=12.0000， 下界=5.7391， 上界=11.0000

处理节点 147
  开始列生成求解...
Set parameter LogToConsole to value 0
Set parameter Threads to value 1
Set parameter Seed to value 0
  定价策略: Exact, node=147, vertices=22
Set parameter PoolSearchMode to value 2
Set parameter PoolSolutions to value 10
[CG 1] RMP=8.000000, pricing=ExactPricingSolver, new_columns=10
[CG 2] RMP=5.739130, pricing=ExactPricingSolver, new_columns=0
  搜索路径: [1, 2, 3, 6, 7, 10, 11, 12, 13, 14, 15, 22, 23, 26, 27, 9, 32, 33, 36, 37, 8, 19, 44, 45, 18, 50, 51, 40, 41, 48, 55, 62, 63, 56, 68, 69, 70, 71, 60, 78, 79, 59, 58, 61, 54, 88, 89, 81, 80, 57, 49, 96, 97, 98, 99, 100, 104, 105, 108, 109, 110, 111, 114, 115, 101, 82, 83, 124, 125, 30, 128, 129, 130, 131, 134, 135, 138, 139, 140, 142, 143, 141, 144, 145, 31, 146, 147]
  列生成求解结果: 目标值=5.7391， 下界=5.7391， 上界=11.0000
    非整数变量: COL_18-24-9_34 = 0.102484
  解不是整数，开始分支...
ImposedVertex(vertex=18)
ForbidVertex(vertex=18)
  创建了 2 个分支
    添加分支节点 1: ID=148
    添加分支节点 2: ID=149

处理节点 148
  开始列生成求解...
Set parameter LogToConsole to value 0
Set parameter Threads to value 1
Set parameter Seed to value 0
  定价策略: Exact, node=148, vertices=21
Set parameter PoolSearchMode to value 2
Set parameter PoolSolutions to value 10
[CG 1] RMP=7.000000, pricing=ExactPricingSolver, new_columns=0
  搜索路径: [1, 2, 3, 6, 7, 10, 11, 12, 13, 14, 15, 22, 23, 26, 27, 9, 32, 33, 36, 37, 8, 19, 44, 45, 18, 50, 51, 40, 41, 48, 55, 62, 63, 56, 68, 69, 70, 71, 60, 78, 79, 59, 58, 61, 54, 88, 89, 81, 80, 57, 49, 96, 97, 98, 99, 100, 104, 105, 108, 109, 110, 111, 114, 115, 101, 82, 83, 124, 125, 30, 128, 129, 130, 131, 134, 135, 138, 139, 140, 142, 143, 141, 144, 145, 31, 146, 147, 148]
  列生成求解结果: 目标值=7.0000， 下界=5.7391， 上界=11.0000
    非整数变量: COL_18-24-9_34 = 0.500000
  解不是整数，开始分支...
ImposedVertex(vertex=9)
ForbidVertex(vertex=9)
  创建了 2 个分支
    添加分支节点 1: ID=150
    添加分支节点 2: ID=151

处理节点 149
  开始列生成求解...
Set parameter LogToConsole to value 0
Set parameter Threads to value 1
Set parameter Seed to value 0
  定价策略: Exact, node=149, vertices=21
Set parameter PoolSearchMode to value 2
Set parameter PoolSolutions to value 10
[CG 1] RMP=1012.000000, pricing=ExactPricingSolver, new_columns=10
[CG 2] RMP=6.857143, pricing=ExactPricingSolver, new_columns=10
[CG 3] RMP=5.739130, pricing=ExactPricingSolver, new_columns=0
  搜索路径: [1, 2, 3, 6, 7, 10, 11, 12, 13, 14, 15, 22, 23, 26, 27, 9, 32, 33, 36, 37, 8, 19, 44, 45, 18, 50, 51, 40, 41, 48, 55, 62, 63, 56, 68, 69, 70, 71, 60, 78, 79, 59, 58, 61, 54, 88, 89, 81, 80, 57, 49, 96, 97, 98, 99, 100, 104, 105, 108, 109, 110, 111, 114, 115, 101, 82, 83, 124, 125, 30, 128, 129, 130, 131, 134, 135, 138, 139, 140, 142, 143, 141, 144, 145, 31, 146, 147, 148, 149]
  列生成求解结果: 目标值=5.7391， 下界=5.7391， 上界=11.0000
    非整数变量: COL_10-16-19-4_110 = 0.091787
  解不是整数，开始分支...
ImposedVertex(vertex=10)
ForbidVertex(vertex=10)
  创建了 2 个分支
    添加分支节点 1: ID=152
    添加分支节点 2: ID=153

处理节点 152
  开始列生成求解...
Set parameter LogToConsole to value 0
Set parameter Threads to value 1
Set parameter Seed to value 0
  定价策略: Exact, node=152, vertices=20
Set parameter PoolSearchMode to value 2
Set parameter PoolSolutions to value 10
[CG 1] RMP=11.000000, pricing=ExactPricingSolver, new_columns=0
  搜索路径: [1, 2, 3, 6, 7, 10, 11, 12, 13, 14, 15, 22, 23, 26, 27, 9, 32, 33, 36, 37, 8, 19, 44, 45, 18, 50, 51, 40, 41, 48, 55, 62, 63, 56, 68, 69, 70, 71, 60, 78, 79, 59, 58, 61, 54, 88, 89, 81, 80, 57, 49, 96, 97, 98, 99, 100, 104, 105, 108, 109, 110, 111, 114, 115, 101, 82, 83, 124, 125, 30, 128, 129, 130, 131, 134, 135, 138, 139, 140, 142, 143, 141, 144, 145, 31, 146, 147, 148, 149, 152]
  列生成求解结果: 目标值=11.0000， 下界=5.7391， 上界=11.0000

处理节点 153
  开始列生成求解...
Set parameter LogToConsole to value 0
Set parameter Threads to value 1
Set parameter Seed to value 0
  定价策略: Exact, node=153, vertices=20
Set parameter PoolSearchMode to value 2
Set parameter PoolSolutions to value 10
[CG 1] RMP=22.000000, pricing=ExactPricingSolver, new_columns=10
[CG 2] RMP=9.000000, pricing=ExactPricingSolver, new_columns=0
  搜索路径: [1, 2, 3, 6, 7, 10, 11, 12, 13, 14, 15, 22, 23, 26, 27, 9, 32, 33, 36, 37, 8, 19, 44, 45, 18, 50, 51, 40, 41, 48, 55, 62, 63, 56, 68, 69, 70, 71, 60, 78, 79, 59, 58, 61, 54, 88, 89, 81, 80, 57, 49, 96, 97, 98, 99, 100, 104, 105, 108, 109, 110, 111, 114, 115, 101, 82, 83, 124, 125, 30, 128, 129, 130, 131, 134, 135, 138, 139, 140, 142, 143, 141, 144, 145, 31, 146, 147, 148, 149, 152, 153]
  列生成求解结果: 目标值=9.0000， 下界=5.7391， 上界=11.0000
    非整数变量: COL_11-16-24-4-7-9_108 = 0.181818
  解不是整数，开始分支...
ImposedVertex(vertex=11)
ForbidVertex(vertex=11)
  创建了 2 个分支
    添加分支节点 1: ID=154
    添加分支节点 2: ID=155

处理节点 84
  开始列生成求解...
Set parameter LogToConsole to value 0
Set parameter Threads to value 1
Set parameter Seed to value 0
  定价策略: Exact, node=84, vertices=19
Set parameter PoolSearchMode to value 2
Set parameter PoolSolutions to value 10
[CG 1] RMP=8.000000, pricing=ExactPricingSolver, new_columns=0
  搜索路径: [1, 2, 3, 6, 7, 10, 11, 12, 13, 14, 15, 22, 23, 26, 27, 9, 32, 33, 36, 37, 8, 19, 44, 45, 18, 50, 51, 40, 41, 48, 55, 62, 63, 56, 68, 69, 70, 71, 60, 78, 79, 59, 58, 61, 54, 88, 89, 81, 80, 57, 49, 96, 97, 98, 99, 100, 104, 105, 108, 109, 110, 111, 114, 115, 101, 82, 83, 124, 125, 30, 128, 129, 130, 131, 134, 135, 138, 139, 140, 142, 143, 141, 144, 145, 31, 146, 147, 148, 149, 152, 153, 84]
  列生成求解结果: 目标值=8.0000， 下界=6.0000， 上界=11.0000
    非整数变量: COL_11-15-20-24_20 = 0.055556
  解不是整数，开始分支...
ImposedVertex(vertex=24)
ForbidVertex(vertex=24)
  创建了 2 个分支
    添加分支节点 1: ID=156
    添加分支节点 2: ID=157

处理节点 85
  开始列生成求解...
Set parameter LogToConsole to value 0
Set parameter Threads to value 1
Set parameter Seed to value 0
  定价策略: Exact, node=85, vertices=19
Set parameter PoolSearchMode to value 2
Set parameter PoolSolutions to value 10
[CG 1] RMP=9.000000, pricing=ExactPricingSolver, new_columns=0
  搜索路径: [1, 2, 3, 6, 7, 10, 11, 12, 13, 14, 15, 22, 23, 26, 27, 9, 32, 33, 36, 37, 8, 19, 44, 45, 18, 50, 51, 40, 41, 48, 55, 62, 63, 56, 68, 69, 70, 71, 60, 78, 79, 59, 58, 61, 54, 88, 89, 81, 80, 57, 49, 96, 97, 98, 99, 100, 104, 105, 108, 109, 110, 111, 114, 115, 101, 82, 83, 124, 125, 30, 128, 129, 130, 131, 134, 135, 138, 139, 140, 142, 143, 141, 144, 145, 31, 146, 147, 148, 149, 152, 153, 84, 85]
  列生成求解结果: 目标值=9.0000， 下界=6.0000， 上界=11.0000
    非整数变量: COL_0-21-4_60 = 0.181818
  解不是整数，开始分支...
ImposedVertex(vertex=10)
ForbidVertex(vertex=10)
  创建了 2 个分支
    添加分支节点 1: ID=158
    添加分支节点 2: ID=159

处理节点 35
  开始列生成求解...
Set parameter LogToConsole to value 0
Set parameter Threads to value 1
Set parameter Seed to value 0
  定价策略: Exact, node=35, vertices=22
Set parameter PoolSearchMode to value 2
Set parameter PoolSolutions to value 10
[CG 1] RMP=12.000000, pricing=ExactPricingSolver, new_columns=10
[CG 2] RMP=6.000000, pricing=ExactPricingSolver, new_columns=0
  搜索路径: [1, 2, 3, 6, 7, 10, 11, 12, 13, 14, 15, 22, 23, 26, 27, 9, 32, 33, 36, 37, 8, 19, 44, 45, 18, 50, 51, 40, 41, 48, 55, 62, 63, 56, 68, 69, 70, 71, 60, 78, 79, 59, 58, 61, 54, 88, 89, 81, 80, 57, 49, 96, 97, 98, 99, 100, 104, 105, 108, 109, 110, 111, 114, 115, 101, 82, 83, 124, 125, 30, 128, 129, 130, 131, 134, 135, 138, 139, 140, 142, 143, 141, 144, 145, 31, 146, 147, 148, 149, 152, 153, 84, 85, 35]
  列生成求解结果: 目标值=6.0000， 下界=6.0000， 上界=11.0000
    非整数变量: COL_0-21_58 = 0.200000
  解不是整数，开始分支...
ImposedVertex(vertex=21)
ForbidVertex(vertex=21)
  创建了 2 个分支
    添加分支节点 1: ID=160
    添加分支节点 2: ID=161

处理节点 21
  开始列生成求解...
Set parameter LogToConsole to value 0
Set parameter Threads to value 1
Set parameter Seed to value 0
  定价策略: Exact, node=21, vertices=24
Set parameter PoolSearchMode to value 2
Set parameter PoolSolutions to value 10
[CG 1] RMP=6.000000, pricing=ExactPricingSolver, new_columns=0
  搜索路径: [1, 2, 3, 6, 7, 10, 11, 12, 13, 14, 15, 22, 23, 26, 27, 9, 32, 33, 36, 37, 8, 19, 44, 45, 18, 50, 51, 40, 41, 48, 55, 62, 63, 56, 68, 69, 70, 71, 60, 78, 79, 59, 58, 61, 54, 88, 89, 81, 80, 57, 49, 96, 97, 98, 99, 100, 104, 105, 108, 109, 110, 111, 114, 115, 101, 82, 83, 124, 125, 30, 128, 129, 130, 131, 134, 135, 138, 139, 140, 142, 143, 141, 144, 145, 31, 146, 147, 148, 149, 152, 153, 84, 85, 35, 21]
  列生成求解结果: 目标值=6.0000， 下界=6.0000， 上界=11.0000
    非整数变量: COL_1-15-23-27-5-7_16 = 0.250000
  解不是整数，开始分支...
ImposedVertex(vertex=27)
ForbidVertex(vertex=27)
  创建了 2 个分支
    添加分支节点 1: ID=162
    添加分支节点 2: ID=163

处理节点 20
  开始列生成求解...
Set parameter LogToConsole to value 0
Set parameter Threads to value 1
Set parameter Seed to value 0
  定价策略: Exact, node=20, vertices=24
Set parameter PoolSearchMode to value 2
Set parameter PoolSolutions to value 10
[CG 1] RMP=2010.000000, pricing=ExactPricingSolver, new_columns=10
[CG 2] RMP=12.000000, pricing=ExactPricingSolver, new_columns=0
  搜索路径: [1, 2, 3, 6, 7, 10, 11, 12, 13, 14, 15, 22, 23, 26, 27, 9, 32, 33, 36, 37, 8, 19, 44, 45, 18, 50, 51, 40, 41, 48, 55, 62, 63, 56, 68, 69, 70, 71, 60, 78, 79, 59, 58, 61, 54, 88, 89, 81, 80, 57, 49, 96, 97, 98, 99, 100, 104, 105, 108, 109, 110, 111, 114, 115, 101, 82, 83, 124, 125, 30, 128, 129, 130, 131, 134, 135, 138, 139, 140, 142, 143, 141, 144, 145, 31, 146, 147, 148, 149, 152, 153, 84, 85, 35, 21, 20]
  列生成求解结果: 目标值=12.0000， 下界=6.0000， 上界=11.0000

处理节点 34
  开始列生成求解...
Set parameter LogToConsole to value 0
Set parameter Threads to value 1
Set parameter Seed to value 0
  定价策略: Exact, node=34, vertices=22
Set parameter PoolSearchMode to value 2
Set parameter PoolSolutions to value 10
[CG 1] RMP=7.000000, pricing=ExactPricingSolver, new_columns=0
  搜索路径: [1, 2, 3, 6, 7, 10, 11, 12, 13, 14, 15, 22, 23, 26, 27, 9, 32, 33, 36, 37, 8, 19, 44, 45, 18, 50, 51, 40, 41, 48, 55, 62, 63, 56, 68, 69, 70, 71, 60, 78, 79, 59, 58, 61, 54, 88, 89, 81, 80, 57, 49, 96, 97, 98, 99, 100, 104, 105, 108, 109, 110, 111, 114, 115, 101, 82, 83, 124, 125, 30, 128, 129, 130, 131, 134, 135, 138, 139, 140, 142, 143, 141, 144, 145, 31, 146, 147, 148, 149, 152, 153, 84, 85, 35, 21, 20, 34]
  列生成求解结果: 目标值=7.0000， 下界=6.0000， 上界=11.0000
    非整数变量: COL_0-18-20-26-4_51 = 0.500000
  解不是整数，开始分支...
ImposedVertex(vertex=13)
ForbidVertex(vertex=13)
  创建了 2 个分支
    添加分支节点 1: ID=164
    添加分支节点 2: ID=165

处理节点 162
  开始列生成求解...
Set parameter LogToConsole to value 0
Set parameter Threads to value 1
Set parameter Seed to value 0
  定价策略: Exact, node=162, vertices=21
Set parameter PoolSearchMode to value 2
Set parameter PoolSolutions to value 10
[CG 1] RMP=11.000000, pricing=ExactPricingSolver, new_columns=0
  搜索路径: [1, 2, 3, 6, 7, 10, 11, 12, 13, 14, 15, 22, 23, 26, 27, 9, 32, 33, 36, 37, 8, 19, 44, 45, 18, 50, 51, 40, 41, 48, 55, 62, 63, 56, 68, 69, 70, 71, 60, 78, 79, 59, 58, 61, 54, 88, 89, 81, 80, 57, 49, 96, 97, 98, 99, 100, 104, 105, 108, 109, 110, 111, 114, 115, 101, 82, 83, 124, 125, 30, 128, 129, 130, 131, 134, 135, 138, 139, 140, 142, 143, 141, 144, 145, 31, 146, 147, 148, 149, 152, 153, 84, 85, 35, 21, 20, 34, 162]
  列生成求解结果: 目标值=11.0000， 下界=6.0000， 上界=11.0000

处理节点 163
  开始列生成求解...
Set parameter LogToConsole to value 0
Set parameter Threads to value 1
Set parameter Seed to value 0
  定价策略: Exact, node=163, vertices=23
Set parameter PoolSearchMode to value 2
Set parameter PoolSolutions to value 10
[CG 1] RMP=6.000000, pricing=ExactPricingSolver, new_columns=0
  搜索路径: [1, 2, 3, 6, 7, 10, 11, 12, 13, 14, 15, 22, 23, 26, 27, 9, 32, 33, 36, 37, 8, 19, 44, 45, 18, 50, 51, 40, 41, 48, 55, 62, 63, 56, 68, 69, 70, 71, 60, 78, 79, 59, 58, 61, 54, 88, 89, 81, 80, 57, 49, 96, 97, 98, 99, 100, 104, 105, 108, 109, 110, 111, 114, 115, 101, 82, 83, 124, 125, 30, 128, 129, 130, 131, 134, 135, 138, 139, 140, 142, 143, 141, 144, 145, 31, 146, 147, 148, 149, 152, 153, 84, 85, 35, 21, 20, 34, 162, 163]
  列生成求解结果: 目标值=6.0000， 下界=6.0000， 上界=11.0000
    非整数变量: COL_15-25-29-7_10 = 0.328644
  解不是整数，开始分支...
ImposedVertex(vertex=25)
ForbidVertex(vertex=25)
  创建了 2 个分支
    添加分支节点 1: ID=166
    添加分支节点 2: ID=167

处理节点 166
  开始列生成求解...
Set parameter LogToConsole to value 0
Set parameter Threads to value 1
Set parameter Seed to value 0
  定价策略: Exact, node=166, vertices=21
Set parameter PoolSearchMode to value 2
Set parameter PoolSolutions to value 10
[CG 1] RMP=11.000000, pricing=ExactPricingSolver, new_columns=10
[CG 2] RMP=7.841584, pricing=ExactPricingSolver, new_columns=10
[CG 3] RMP=7.000000, pricing=ExactPricingSolver, new_columns=10
[CG 4] RMP=6.000000, pricing=ExactPricingSolver, new_columns=0
  搜索路径: [1, 2, 3, 6, 7, 10, 11, 12, 13, 14, 15, 22, 23, 26, 27, 9, 32, 33, 36, 37, 8, 19, 44, 45, 18, 50, 51, 40, 41, 48, 55, 62, 63, 56, 68, 69, 70, 71, 60, 78, 79, 59, 58, 61, 54, 88, 89, 81, 80, 57, 49, 96, 97, 98, 99, 100, 104, 105, 108, 109, 110, 111, 114, 115, 101, 82, 83, 124, 125, 30, 128, 129, 130, 131, 134, 135, 138, 139, 140, 142, 143, 141, 144, 145, 31, 146, 147, 148, 149, 152, 153, 84, 85, 35, 21, 20, 34, 162, 163, 166]
  列生成求解结果: 目标值=6.0000， 下界=6.0000， 上界=11.0000
    非整数变量: COL_15-25-29-7_10 = 0.454545
  解不是整数，开始分支...
ImposedVertex(vertex=29)
ForbidVertex(vertex=29)
  创建了 2 个分支
    添加分支节点 1: ID=168
    添加分支节点 2: ID=169
  进度: 已处理 100 个节点, 剩余 59 个, 当前最优 11.0000, 当前列数: 888

处理节点 167
  开始列生成求解...
Set parameter LogToConsole to value 0
Set parameter Threads to value 1
Set parameter Seed to value 0
  定价策略: Exact, node=167, vertices=22
Set parameter PoolSearchMode to value 2
Set parameter PoolSolutions to value 10
[CG 1] RMP=6.009756, pricing=ExactPricingSolver, new_columns=10
[CG 2] RMP=6.000000, pricing=ExactPricingSolver, new_columns=0
  搜索路径: [1, 2, 3, 6, 7, 10, 11, 12, 13, 14, 15, 22, 23, 26, 27, 9, 32, 33, 36, 37, 8, 19, 44, 45, 18, 50, 51, 40, 41, 48, 55, 62, 63, 56, 68, 69, 70, 71, 60, 78, 79, 59, 58, 61, 54, 88, 89, 81, 80, 57, 49, 96, 97, 98, 99, 100, 104, 105, 108, 109, 110, 111, 114, 115, 101, 82, 83, 124, 125, 30, 128, 129, 130, 131, 134, 135, 138, 139, 140, 142, 143, 141, 144, 145, 31, 146, 147, 148, 149, 152, 153, 84, 85, 35, 21, 20, 34, 162, 163, 166, 167]
  列生成求解结果: 目标值=6.0000， 下界=6.0000， 上界=11.0000
    非整数变量: COL_1-10-15-23-29-5-7_17 = 0.296970
  解不是整数，开始分支...
ImposedVertex(vertex=29)
ForbidVertex(vertex=29)
  创建了 2 个分支
    添加分支节点 1: ID=170
    添加分支节点 2: ID=171

处理节点 168
  开始列生成求解...
Set parameter LogToConsole to value 0
Set parameter Threads to value 1
Set parameter Seed to value 0
  定价策略: Exact, node=168, vertices=19
Set parameter PoolSearchMode to value 2
Set parameter PoolSolutions to value 10
[CG 1] RMP=12.000000, pricing=ExactPricingSolver, new_columns=10
[CG 2] RMP=9.000000, pricing=ExactPricingSolver, new_columns=0
  搜索路径: [1, 2, 3, 6, 7, 10, 11, 12, 13, 14, 15, 22, 23, 26, 27, 9, 32, 33, 36, 37, 8, 19, 44, 45, 18, 50, 51, 40, 41, 48, 55, 62, 63, 56, 68, 69, 70, 71, 60, 78, 79, 59, 58, 61, 54, 88, 89, 81, 80, 57, 49, 96, 97, 98, 99, 100, 104, 105, 108, 109, 110, 111, 114, 115, 101, 82, 83, 124, 125, 30, 128, 129, 130, 131, 134, 135, 138, 139, 140, 142, 143, 141, 144, 145, 31, 146, 147, 148, 149, 152, 153, 84, 85, 35, 21, 20, 34, 162, 163, 166, 167, 168]
  列生成求解结果: 目标值=9.0000， 下界=6.0000， 上界=11.0000
    非整数变量: COL_15-25-29-7_10 = 0.291667
  解不是整数，开始分支...
ImposedVertex(vertex=11)
ForbidVertex(vertex=11)
  创建了 2 个分支
    添加分支节点 1: ID=172
    添加分支节点 2: ID=173

处理节点 169
  开始列生成求解...
Set parameter LogToConsole to value 0
Set parameter Threads to value 1
Set parameter Seed to value 0
  定价策略: Exact, node=169, vertices=20
Set parameter PoolSearchMode to value 2
Set parameter PoolSolutions to value 10
[CG 1] RMP=7.000000, pricing=ExactPricingSolver, new_columns=10
[CG 2] RMP=6.000000, pricing=ExactPricingSolver, new_columns=0
  搜索路径: [1, 2, 3, 6, 7, 10, 11, 12, 13, 14, 15, 22, 23, 26, 27, 9, 32, 33, 36, 37, 8, 19, 44, 45, 18, 50, 51, 40, 41, 48, 55, 62, 63, 56, 68, 69, 70, 71, 60, 78, 79, 59, 58, 61, 54, 88, 89, 81, 80, 57, 49, 96, 97, 98, 99, 100, 104, 105, 108, 109, 110, 111, 114, 115, 101, 82, 83, 124, 125, 30, 128, 129, 130, 131, 134, 135, 138, 139, 140, 142, 143, 141, 144, 145, 31, 146, 147, 148, 149, 152, 153, 84, 85, 35, 21, 20, 34, 162, 163, 166, 167, 168, 169]
  列生成求解结果: 目标值=6.0000， 下界=6.0000， 上界=11.0000
    非整数变量: COL_19-20-26_45 = 0.333333
  解不是整数，开始分支...
ImposedVertex(vertex=19)
ForbidVertex(vertex=19)
  创建了 2 个分支
    添加分支节点 1: ID=174
    添加分支节点 2: ID=175

处理节点 170
  开始列生成求解...
Set parameter LogToConsole to value 0
Set parameter Threads to value 1
Set parameter Seed to value 0
  定价策略: Exact, node=170, vertices=20
Set parameter PoolSearchMode to value 2
Set parameter PoolSolutions to value 10
[CG 1] RMP=11.000000, pricing=ExactPricingSolver, new_columns=10
[CG 2] RMP=9.000000, pricing=ExactPricingSolver, new_columns=0
  搜索路径: [1, 2, 3, 6, 7, 10, 11, 12, 13, 14, 15, 22, 23, 26, 27, 9, 32, 33, 36, 37, 8, 19, 44, 45, 18, 50, 51, 40, 41, 48, 55, 62, 63, 56, 68, 69, 70, 71, 60, 78, 79, 59, 58, 61, 54, 88, 89, 81, 80, 57, 49, 96, 97, 98, 99, 100, 104, 105, 108, 109, 110, 111, 114, 115, 101, 82, 83, 124, 125, 30, 128, 129, 130, 131, 134, 135, 138, 139, 140, 142, 143, 141, 144, 145, 31, 146, 147, 148, 149, 152, 153, 84, 85, 35, 21, 20, 34, 162, 163, 166, 167, 168, 169, 170]
  列生成求解结果: 目标值=9.0000， 下界=6.0000， 上界=11.0000
    非整数变量: COL_1-10-15-23-29-5-7_17 = 0.357143
  解不是整数，开始分支...
ImposedVertex(vertex=10)
ForbidVertex(vertex=10)
  创建了 2 个分支
    添加分支节点 1: ID=176
    添加分支节点 2: ID=177

处理节点 171
  开始列生成求解...
Set parameter LogToConsole to value 0
Set parameter Threads to value 1
Set parameter Seed to value 0
  定价策略: Exact, node=171, vertices=21
Set parameter PoolSearchMode to value 2
Set parameter PoolSolutions to value 10
[CG 1] RMP=7.000000, pricing=ExactPricingSolver, new_columns=10
[CG 2] RMP=6.000000, pricing=ExactPricingSolver, new_columns=0
  搜索路径: [1, 2, 3, 6, 7, 10, 11, 12, 13, 14, 15, 22, 23, 26, 27, 9, 32, 33, 36, 37, 8, 19, 44, 45, 18, 50, 51, 40, 41, 48, 55, 62, 63, 56, 68, 69, 70, 71, 60, 78, 79, 59, 58, 61, 54, 88, 89, 81, 80, 57, 49, 96, 97, 98, 99, 100, 104, 105, 108, 109, 110, 111, 114, 115, 101, 82, 83, 124, 125, 30, 128, 129, 130, 131, 134, 135, 138, 139, 140, 142, 143, 141, 144, 145, 31, 146, 147, 148, 149, 152, 153, 84, 85, 35, 21, 20, 34, 162, 163, 166, 167, 168, 169, 170, 171]
  列生成求解结果: 目标值=6.0000， 下界=6.0000， 上界=11.0000
    非整数变量: COL_11-15-20-24_20 = 0.214286
  解不是整数，开始分支...
ImposedVertex(vertex=20)
ForbidVertex(vertex=20)
  创建了 2 个分支
    添加分支节点 1: ID=178
    添加分支节点 2: ID=179

处理节点 174
  开始列生成求解...
Set parameter LogToConsole to value 0
Set parameter Threads to value 1
Set parameter Seed to value 0
  定价策略: Exact, node=174, vertices=19
Set parameter PoolSearchMode to value 2
Set parameter PoolSolutions to value 10
[CG 1] RMP=261.000000, pricing=ExactPricingSolver, new_columns=10
[CG 2] RMP=11.000000, pricing=ExactPricingSolver, new_columns=0
  搜索路径: [1, 2, 3, 6, 7, 10, 11, 12, 13, 14, 15, 22, 23, 26, 27, 9, 32, 33, 36, 37, 8, 19, 44, 45, 18, 50, 51, 40, 41, 48, 55, 62, 63, 56, 68, 69, 70, 71, 60, 78, 79, 59, 58, 61, 54, 88, 89, 81, 80, 57, 49, 96, 97, 98, 99, 100, 104, 105, 108, 109, 110, 111, 114, 115, 101, 82, 83, 124, 125, 30, 128, 129, 130, 131, 134, 135, 138, 139, 140, 142, 143, 141, 144, 145, 31, 146, 147, 148, 149, 152, 153, 84, 85, 35, 21, 20, 34, 162, 163, 166, 167, 168, 169, 170, 171, 174]
  列生成求解结果: 目标值=11.0000， 下界=6.0000， 上界=11.0000

处理节点 175
  开始列生成求解...
Set parameter LogToConsole to value 0
Set parameter Threads to value 1
Set parameter Seed to value 0
  定价策略: Exact, node=175, vertices=19
Set parameter PoolSearchMode to value 2
Set parameter PoolSolutions to value 10
[CG 1] RMP=7.000000, pricing=ExactPricingSolver, new_columns=0
  搜索路径: [1, 2, 3, 6, 7, 10, 11, 12, 13, 14, 15, 22, 23, 26, 27, 9, 32, 33, 36, 37, 8, 19, 44, 45, 18, 50, 51, 40, 41, 48, 55, 62, 63, 56, 68, 69, 70, 71, 60, 78, 79, 59, 58, 61, 54, 88, 89, 81, 80, 57, 49, 96, 97, 98, 99, 100, 104, 105, 108, 109, 110, 111, 114, 115, 101, 82, 83, 124, 125, 30, 128, 129, 130, 131, 134, 135, 138, 139, 140, 142, 143, 141, 144, 145, 31, 146, 147, 148, 149, 152, 153, 84, 85, 35, 21, 20, 34, 162, 163, 166, 167, 168, 169, 170, 171, 174, 175]
  列生成求解结果: 目标值=7.0000， 下界=6.0000， 上界=11.0000
    非整数变量: COL_11-15-20-25_23 = 0.425000
  解不是整数，开始分支...
ImposedVertex(vertex=11)
ForbidVertex(vertex=11)
  创建了 2 个分支
    添加分支节点 1: ID=180
    添加分支节点 2: ID=181

处理节点 178
  开始列生成求解...
Set parameter LogToConsole to value 0
Set parameter Threads to value 1
Set parameter Seed to value 0
  定价策略: Exact, node=178, vertices=20
Set parameter PoolSearchMode to value 2
Set parameter PoolSolutions to value 10
[CG 1] RMP=10.000000, pricing=ExactPricingSolver, new_columns=10
[CG 2] RMP=8.000000, pricing=ExactPricingSolver, new_columns=0
  搜索路径: [1, 2, 3, 6, 7, 10, 11, 12, 13, 14, 15, 22, 23, 26, 27, 9, 32, 33, 36, 37, 8, 19, 44, 45, 18, 50, 51, 40, 41, 48, 55, 62, 63, 56, 68, 69, 70, 71, 60, 78, 79, 59, 58, 61, 54, 88, 89, 81, 80, 57, 49, 96, 97, 98, 99, 100, 104, 105, 108, 109, 110, 111, 114, 115, 101, 82, 83, 124, 125, 30, 128, 129, 130, 131, 134, 135, 138, 139, 140, 142, 143, 141, 144, 145, 31, 146, 147, 148, 149, 152, 153, 84, 85, 35, 21, 20, 34, 162, 163, 166, 167, 168, 169, 170, 171, 174, 175, 178]
  列生成求解结果: 目标值=8.0000， 下界=6.0000， 上界=11.0000
    非整数变量: COL_11-15-20-24_20 = 0.363636
  解不是整数，开始分支...
ImposedVertex(vertex=24)
ForbidVertex(vertex=24)
  创建了 2 个分支
    添加分支节点 1: ID=182
    添加分支节点 2: ID=183

处理节点 179
  开始列生成求解...
Set parameter LogToConsole to value 0
Set parameter Threads to value 1
Set parameter Seed to value 0
  定价策略: Exact, node=179, vertices=20
Set parameter PoolSearchMode to value 2
Set parameter PoolSolutions to value 10
[CG 1] RMP=12.000000, pricing=ExactPricingSolver, new_columns=10
[CG 2] RMP=9.000000, pricing=ExactPricingSolver, new_columns=0
  搜索路径: [1, 2, 3, 6, 7, 10, 11, 12, 13, 14, 15, 22, 23, 26, 27, 9, 32, 33, 36, 37, 8, 19, 44, 45, 18, 50, 51, 40, 41, 48, 55, 62, 63, 56, 68, 69, 70, 71, 60, 78, 79, 59, 58, 61, 54, 88, 89, 81, 80, 57, 49, 96, 97, 98, 99, 100, 104, 105, 108, 109, 110, 111, 114, 115, 101, 82, 83, 124, 125, 30, 128, 129, 130, 131, 134, 135, 138, 139, 140, 142, 143, 141, 144, 145, 31, 146, 147, 148, 149, 152, 153, 84, 85, 35, 21, 20, 34, 162, 163, 166, 167, 168, 169, 170, 171, 174, 175, 178, 179]
  列生成求解结果: 目标值=9.0000， 下界=6.0000， 上界=11.0000
    非整数变量: COL_14-21-28-4_890 = 0.750000
  解不是整数，开始分支...
ImposedVertex(vertex=9)
ForbidVertex(vertex=9)
  创建了 2 个分支
    添加分支节点 1: ID=184
    添加分支节点 2: ID=185

处理节点 112
  开始列生成求解...
Set parameter LogToConsole to value 0
Set parameter Threads to value 1
Set parameter Seed to value 0
  定价策略: Exact, node=112, vertices=17
Set parameter PoolSearchMode to value 2
Set parameter PoolSolutions to value 10
[CG 1] RMP=12.000000, pricing=ExactPricingSolver, new_columns=0
  搜索路径: [1, 2, 3, 6, 7, 10, 11, 12, 13, 14, 15, 22, 23, 26, 27, 9, 32, 33, 36, 37, 8, 19, 44, 45, 18, 50, 51, 40, 41, 48, 55, 62, 63, 56, 68, 69, 70, 71, 60, 78, 79, 59, 58, 61, 54, 88, 89, 81, 80, 57, 49, 96, 97, 98, 99, 100, 104, 105, 108, 109, 110, 111, 114, 115, 101, 82, 83, 124, 125, 30, 128, 129, 130, 131, 134, 135, 138, 139, 140, 142, 143, 141, 144, 145, 31, 146, 147, 148, 149, 152, 153, 84, 85, 35, 21, 20, 34, 162, 163, 166, 167, 168, 169, 170, 171, 174, 175, 178, 179, 112]
  列生成求解结果: 目标值=12.0000， 下界=6.0000， 上界=11.0000

处理节点 113
  开始列生成求解...
Set parameter LogToConsole to value 0
Set parameter Threads to value 1
Set parameter Seed to value 0
  定价策略: Exact, node=113, vertices=17
Set parameter PoolSearchMode to value 2
Set parameter PoolSolutions to value 10
[CG 1] RMP=6.000000, pricing=ExactPricingSolver, new_columns=0
  搜索路径: [1, 2, 3, 6, 7, 10, 11, 12, 13, 14, 15, 22, 23, 26, 27, 9, 32, 33, 36, 37, 8, 19, 44, 45, 18, 50, 51, 40, 41, 48, 55, 62, 63, 56, 68, 69, 70, 71, 60, 78, 79, 59, 58, 61, 54, 88, 89, 81, 80, 57, 49, 96, 97, 98, 99, 100, 104, 105, 108, 109, 110, 111, 114, 115, 101, 82, 83, 124, 125, 30, 128, 129, 130, 131, 134, 135, 138, 139, 140, 142, 143, 141, 144, 145, 31, 146, 147, 148, 149, 152, 153, 84, 85, 35, 21, 20, 34, 162, 163, 166, 167, 168, 169, 170, 171, 174, 175, 178, 179, 112, 113]
  列生成求解结果: 目标值=6.0000， 下界=6.0000， 上界=11.0000
    非整数变量: COL_13-2-9_519 = 0.500000
  解不是整数，开始分支...
ImposedVertex(vertex=20)
ForbidVertex(vertex=20)
  创建了 2 个分支
    添加分支节点 1: ID=186
    添加分支节点 2: ID=187

处理节点 186
  开始列生成求解...
Set parameter LogToConsole to value 0
Set parameter Threads to value 1
Set parameter Seed to value 0
  定价策略: Exact, node=186, vertices=16
Set parameter PoolSearchMode to value 2
Set parameter PoolSolutions to value 10
[CG 1] RMP=8.000000, pricing=ExactPricingSolver, new_columns=0
  搜索路径: [1, 2, 3, 6, 7, 10, 11, 12, 13, 14, 15, 22, 23, 26, 27, 9, 32, 33, 36, 37, 8, 19, 44, 45, 18, 50, 51, 40, 41, 48, 55, 62, 63, 56, 68, 69, 70, 71, 60, 78, 79, 59, 58, 61, 54, 88, 89, 81, 80, 57, 49, 96, 97, 98, 99, 100, 104, 105, 108, 109, 110, 111, 114, 115, 101, 82, 83, 124, 125, 30, 128, 129, 130, 131, 134, 135, 138, 139, 140, 142, 143, 141, 144, 145, 31, 146, 147, 148, 149, 152, 153, 84, 85, 35, 21, 20, 34, 162, 163, 166, 167, 168, 169, 170, 171, 174, 175, 178, 179, 112, 113, 186]
  列生成求解结果: 目标值=8.0000， 下界=6.0000， 上界=11.0000
    非整数变量: COL_13-9_518 = 0.148148
  解不是整数，开始分支...
ImposedVertex(vertex=24)
ForbidVertex(vertex=24)
  创建了 2 个分支
    添加分支节点 1: ID=188
    添加分支节点 2: ID=189

处理节点 187
  开始列生成求解...
Set parameter LogToConsole to value 0
Set parameter Threads to value 1
Set parameter Seed to value 0
  定价策略: Exact, node=187, vertices=16
Set parameter PoolSearchMode to value 2
Set parameter PoolSolutions to value 10
[CG 1] RMP=12.000000, pricing=ExactPricingSolver, new_columns=10
[CG 2] RMP=12.000000, pricing=ExactPricingSolver, new_columns=10
[CG 3] RMP=9.000000, pricing=ExactPricingSolver, new_columns=0
  搜索路径: [1, 2, 3, 6, 7, 10, 11, 12, 13, 14, 15, 22, 23, 26, 27, 9, 32, 33, 36, 37, 8, 19, 44, 45, 18, 50, 51, 40, 41, 48, 55, 62, 63, 56, 68, 69, 70, 71, 60, 78, 79, 59, 58, 61, 54, 88, 89, 81, 80, 57, 49, 96, 97, 98, 99, 100, 104, 105, 108, 109, 110, 111, 114, 115, 101, 82, 83, 124, 125, 30, 128, 129, 130, 131, 134, 135, 138, 139, 140, 142, 143, 141, 144, 145, 31, 146, 147, 148, 149, 152, 153, 84, 85, 35, 21, 20, 34, 162, 163, 166, 167, 168, 169, 170, 171, 174, 175, 178, 179, 112, 113, 186, 187]
  列生成求解结果: 目标值=9.0000， 下界=6.0000， 上界=11.0000
    非整数变量: COL_15-2-26-4-7-9_125 = 0.400000
  解不是整数，开始分支...
ImposedVertex(vertex=26)
ForbidVertex(vertex=26)
  创建了 2 个分支
    添加分支节点 1: ID=190
    添加分支节点 2: ID=191

处理节点 161
  开始列生成求解...
Set parameter LogToConsole to value 0
Set parameter Threads to value 1
Set parameter Seed to value 0
  定价策略: Exact, node=161, vertices=21
Set parameter PoolSearchMode to value 2
Set parameter PoolSolutions to value 10
[CG 1] RMP=11.000000, pricing=ExactPricingSolver, new_columns=10
[CG 2] RMP=8.000000, pricing=ExactPricingSolver, new_columns=0
  搜索路径: [1, 2, 3, 6, 7, 10, 11, 12, 13, 14, 15, 22, 23, 26, 27, 9, 32, 33, 36, 37, 8, 19, 44, 45, 18, 50, 51, 40, 41, 48, 55, 62, 63, 56, 68, 69, 70, 71, 60, 78, 79, 59, 58, 61, 54, 88, 89, 81, 80, 57, 49, 96, 97, 98, 99, 100, 104, 105, 108, 109, 110, 111, 114, 115, 101, 82, 83, 124, 125, 30, 128, 129, 130, 131, 134, 135, 138, 139, 140, 142, 143, 141, 144, 145, 31, 146, 147, 148, 149, 152, 153, 84, 85, 35, 21, 20, 34, 162, 163, 166, 167, 168, 169, 170, 171, 174, 175, 178, 179, 112, 113, 186, 187, 161]
  列生成求解结果: 目标值=8.0000， 下界=6.0000， 上界=11.0000
    非整数变量: COL_0-11-4-7-9_173 = 0.166667
  解不是整数，开始分支...
ImposedVertex(vertex=9)
ForbidVertex(vertex=9)
  创建了 2 个分支
    添加分支节点 1: ID=192
    添加分支节点 2: ID=193

处理节点 160
  开始列生成求解...
Set parameter LogToConsole to value 0
Set parameter Threads to value 1
Set parameter Seed to value 0
  定价策略: Exact, node=160, vertices=21
Set parameter PoolSearchMode to value 2
Set parameter PoolSolutions to value 10
[CG 1] RMP=9.000000, pricing=ExactPricingSolver, new_columns=0
  搜索路径: [1, 2, 3, 6, 7, 10, 11, 12, 13, 14, 15, 22, 23, 26, 27, 9, 32, 33, 36, 37, 8, 19, 44, 45, 18, 50, 51, 40, 41, 48, 55, 62, 63, 56, 68, 69, 70, 71, 60, 78, 79, 59, 58, 61, 54, 88, 89, 81, 80, 57, 49, 96, 97, 98, 99, 100, 104, 105, 108, 109, 110, 111, 114, 115, 101, 82, 83, 124, 125, 30, 128, 129, 130, 131, 134, 135, 138, 139, 140, 142, 143, 141, 144, 145, 31, 146, 147, 148, 149, 152, 153, 84, 85, 35, 21, 20, 34, 162, 163, 166, 167, 168, 169, 170, 171, 174, 175, 178, 179, 112, 113, 186, 187, 161, 160]
  列生成求解结果: 目标值=9.0000， 下界=6.0000， 上界=11.0000
    非整数变量: COL_0-21-4_60 = 0.500000
  解不是整数，开始分支...
ImposedVertex(vertex=9)
ForbidVertex(vertex=9)
  创建了 2 个分支
    添加分支节点 1: ID=194
    添加分支节点 2: ID=195

处理节点 180
  开始列生成求解...
Set parameter LogToConsole to value 0
Set parameter Threads to value 1
Set parameter Seed to value 0
  定价策略: Exact, node=180, vertices=17
Set parameter PoolSearchMode to value 2
Set parameter PoolSolutions to value 10
[CG 1] RMP=7.000000, pricing=ExactPricingSolver, new_columns=0
  搜索路径: [1, 2, 3, 6, 7, 10, 11, 12, 13, 14, 15, 22, 23, 26, 27, 9, 32, 33, 36, 37, 8, 19, 44, 45, 18, 50, 51, 40, 41, 48, 55, 62, 63, 56, 68, 69, 70, 71, 60, 78, 79, 59, 58, 61, 54, 88, 89, 81, 80, 57, 49, 96, 97, 98, 99, 100, 104, 105, 108, 109, 110, 111, 114, 115, 101, 82, 83, 124, 125, 30, 128, 129, 130, 131, 134, 135, 138, 139, 140, 142, 143, 141, 144, 145, 31, 146, 147, 148, 149, 152, 153, 84, 85, 35, 21, 20, 34, 162, 163, 166, 167, 168, 169, 170, 171, 174, 175, 178, 179, 112, 113, 186, 187, 161, 160, 180]
  列生成求解结果: 目标值=7.0000， 下界=7.0000， 上界=11.0000
    非整数变量: COL_11-15-20-25_23 = 0.375000
  解不是整数，开始分支...
ImposedVertex(vertex=20)
ForbidVertex(vertex=20)
  创建了 2 个分支
    添加分支节点 1: ID=196
    添加分支节点 2: ID=197

处理节点 181
  开始列生成求解...
Set parameter LogToConsole to value 0
Set parameter Threads to value 1
Set parameter Seed to value 0
  定价策略: Exact, node=181, vertices=18
Set parameter PoolSearchMode to value 2
Set parameter PoolSolutions to value 10
[CG 1] RMP=11.000000, pricing=ExactPricingSolver, new_columns=10
[CG 2] RMP=7.000000, pricing=ExactPricingSolver, new_columns=0
  搜索路径: [1, 2, 3, 6, 7, 10, 11, 12, 13, 14, 15, 22, 23, 26, 27, 9, 32, 33, 36, 37, 8, 19, 44, 45, 18, 50, 51, 40, 41, 48, 55, 62, 63, 56, 68, 69, 70, 71, 60, 78, 79, 59, 58, 61, 54, 88, 89, 81, 80, 57, 49, 96, 97, 98, 99, 100, 104, 105, 108, 109, 110, 111, 114, 115, 101, 82, 83, 124, 125, 30, 128, 129, 130, 131, 134, 135, 138, 139, 140, 142, 143, 141, 144, 145, 31, 146, 147, 148, 149, 152, 153, 84, 85, 35, 21, 20, 34, 162, 163, 166, 167, 168, 169, 170, 171, 174, 175, 178, 179, 112, 113, 186, 187, 161, 160, 180, 181]
  列生成求解结果: 目标值=7.0000， 下界=7.0000， 上界=11.0000
    非整数变量: COL_1-18-20-26-5_52 = 0.363636
  解不是整数，开始分支...
ImposedVertex(vertex=1)
ForbidVertex(vertex=1)
  创建了 2 个分支
    添加分支节点 1: ID=198
    添加分支节点 2: ID=199

处理节点 165
  开始列生成求解...
Set parameter LogToConsole to value 0
Set parameter Threads to value 1
Set parameter Seed to value 0
  定价策略: Exact, node=165, vertices=21
Set parameter PoolSearchMode to value 2
Set parameter PoolSolutions to value 10
[CG 1] RMP=7.000000, pricing=ExactPricingSolver, new_columns=0
  搜索路径: [1, 2, 3, 6, 7, 10, 11, 12, 13, 14, 15, 22, 23, 26, 27, 9, 32, 33, 36, 37, 8, 19, 44, 45, 18, 50, 51, 40, 41, 48, 55, 62, 63, 56, 68, 69, 70, 71, 60, 78, 79, 59, 58, 61, 54, 88, 89, 81, 80, 57, 49, 96, 97, 98, 99, 100, 104, 105, 108, 109, 110, 111, 114, 115, 101, 82, 83, 124, 125, 30, 128, 129, 130, 131, 134, 135, 138, 139, 140, 142, 143, 141, 144, 145, 31, 146, 147, 148, 149, 152, 153, 84, 85, 35, 21, 20, 34, 162, 163, 166, 167, 168, 169, 170, 171, 174, 175, 178, 179, 112, 113, 186, 187, 161, 160, 180, 181, 165]
  列生成求解结果: 目标值=7.0000， 下界=7.0000， 上界=11.0000
    非整数变量: COL_0-18-20-26_49 = 0.500000
  解不是整数，开始分支...
ImposedVertex(vertex=14)
ForbidVertex(vertex=14)
  创建了 2 个分支
    添加分支节点 1: ID=200
    添加分支节点 2: ID=201

处理节点 164
  开始列生成求解...
Set parameter LogToConsole to value 0
Set parameter Threads to value 1
Set parameter Seed to value 0
  定价策略: Exact, node=164, vertices=19
Set parameter PoolSearchMode to value 2
Set parameter PoolSolutions to value 10
[CG 1] RMP=2010.000000, pricing=ExactPricingSolver, new_columns=10
[CG 2] RMP=8.842105, pricing=ExactPricingSolver, new_columns=10
[CG 3] RMP=7.000000, pricing=ExactPricingSolver, new_columns=0
  搜索路径: [1, 2, 3, 6, 7, 10, 11, 12, 13, 14, 15, 22, 23, 26, 27, 9, 32, 33, 36, 37, 8, 19, 44, 45, 18, 50, 51, 40, 41, 48, 55, 62, 63, 56, 68, 69, 70, 71, 60, 78, 79, 59, 58, 61, 54, 88, 89, 81, 80, 57, 49, 96, 97, 98, 99, 100, 104, 105, 108, 109, 110, 111, 114, 115, 101, 82, 83, 124, 125, 30, 128, 129, 130, 131, 134, 135, 138, 139, 140, 142, 143, 141, 144, 145, 31, 146, 147, 148, 149, 152, 153, 84, 85, 35, 21, 20, 34, 162, 163, 166, 167, 168, 169, 170, 171, 174, 175, 178, 179, 112, 113, 186, 187, 161, 160, 180, 181, 165, 164]
  列生成求解结果: 目标值=7.0000， 下界=7.0000， 上界=11.0000
    非整数变量: COL_0-18-20-26_49 = 0.138889
  解不是整数，开始分支...
ImposedVertex(vertex=26)
ForbidVertex(vertex=26)
  创建了 2 个分支
    添加分支节点 1: ID=202
    添加分支节点 2: ID=203

处理节点 150
  开始列生成求解...
Set parameter LogToConsole to value 0
Set parameter Threads to value 1
Set parameter Seed to value 0
  定价策略: Exact, node=150, vertices=20
Set parameter PoolSearchMode to value 2
Set parameter PoolSolutions to value 10
[CG 1] RMP=7.000000, pricing=ExactPricingSolver, new_columns=0
  搜索路径: [1, 2, 3, 6, 7, 10, 11, 12, 13, 14, 15, 22, 23, 26, 27, 9, 32, 33, 36, 37, 8, 19, 44, 45, 18, 50, 51, 40, 41, 48, 55, 62, 63, 56, 68, 69, 70, 71, 60, 78, 79, 59, 58, 61, 54, 88, 89, 81, 80, 57, 49, 96, 97, 98, 99, 100, 104, 105, 108, 109, 110, 111, 114, 115, 101, 82, 83, 124, 125, 30, 128, 129, 130, 131, 134, 135, 138, 139, 140, 142, 143, 141, 144, 145, 31, 146, 147, 148, 149, 152, 153, 84, 85, 35, 21, 20, 34, 162, 163, 166, 167, 168, 169, 170, 171, 174, 175, 178, 179, 112, 113, 186, 187, 161, 160, 180, 181, 165, 164, 150]
  列生成求解结果: 目标值=7.0000， 下界=7.0000， 上界=11.0000
    非整数变量: COL_18-24-9_34 = 0.401515
  解不是整数，开始分支...
ImposedVertex(vertex=24)
ForbidVertex(vertex=24)
  创建了 2 个分支
    添加分支节点 1: ID=204
    添加分支节点 2: ID=205
  进度: 已处理 120 个节点, 剩余 75 个, 当前最优 11.0000, 当前列数: 1028

处理节点 151
  开始列生成求解...
Set parameter LogToConsole to value 0
Set parameter Threads to value 1
Set parameter Seed to value 0
  定价策略: Exact, node=151, vertices=20
Set parameter PoolSearchMode to value 2
Set parameter PoolSolutions to value 10
[CG 1] RMP=12.000000, pricing=ExactPricingSolver, new_columns=10
[CG 2] RMP=11.000000, pricing=ExactPricingSolver, new_columns=0
  搜索路径: [1, 2, 3, 6, 7, 10, 11, 12, 13, 14, 15, 22, 23, 26, 27, 9, 32, 33, 36, 37, 8, 19, 44, 45, 18, 50, 51, 40, 41, 48, 55, 62, 63, 56, 68, 69, 70, 71, 60, 78, 79, 59, 58, 61, 54, 88, 89, 81, 80, 57, 49, 96, 97, 98, 99, 100, 104, 105, 108, 109, 110, 111, 114, 115, 101, 82, 83, 124, 125, 30, 128, 129, 130, 131, 134, 135, 138, 139, 140, 142, 143, 141, 144, 145, 31, 146, 147, 148, 149, 152, 153, 84, 85, 35, 21, 20, 34, 162, 163, 166, 167, 168, 169, 170, 171, 174, 175, 178, 179, 112, 113, 186, 187, 161, 160, 180, 181, 165, 164, 150, 151]
  列生成求解结果: 目标值=11.0000， 下界=7.0000， 上界=11.0000

处理节点 201
  开始列生成求解...
Set parameter LogToConsole to value 0
Set parameter Threads to value 1
Set parameter Seed to value 0
  定价策略: Exact, node=201, vertices=20
Set parameter PoolSearchMode to value 2
Set parameter PoolSolutions to value 10
[CG 1] RMP=8.842105, pricing=ExactPricingSolver, new_columns=10
[CG 2] RMP=7.000000, pricing=ExactPricingSolver, new_columns=0
  搜索路径: [1, 2, 3, 6, 7, 10, 11, 12, 13, 14, 15, 22, 23, 26, 27, 9, 32, 33, 36, 37, 8, 19, 44, 45, 18, 50, 51, 40, 41, 48, 55, 62, 63, 56, 68, 69, 70, 71, 60, 78, 79, 59, 58, 61, 54, 88, 89, 81, 80, 57, 49, 96, 97, 98, 99, 100, 104, 105, 108, 109, 110, 111, 114, 115, 101, 82, 83, 124, 125, 30, 128, 129, 130, 131, 134, 135, 138, 139, 140, 142, 143, 141, 144, 145, 31, 146, 147, 148, 149, 152, 153, 84, 85, 35, 21, 20, 34, 162, 163, 166, 167, 168, 169, 170, 171, 174, 175, 178, 179, 112, 113, 186, 187, 161, 160, 180, 181, 165, 164, 150, 151, 201]
  列生成求解结果: 目标值=7.0000， 下界=7.0000， 上界=11.0000
    非整数变量: COL_0-18-20-26_49 = 0.208333
  解不是整数，开始分支...
ImposedVertex(vertex=26)
ForbidVertex(vertex=26)
  创建了 2 个分支
    添加分支节点 1: ID=206
    添加分支节点 2: ID=207

处理节点 205
  开始列生成求解...
Set parameter LogToConsole to value 0
Set parameter Threads to value 1
Set parameter Seed to value 0
  定价策略: Exact, node=205, vertices=19
Set parameter PoolSearchMode to value 2
Set parameter PoolSolutions to value 10
[CG 1] RMP=7.000000, pricing=ExactPricingSolver, new_columns=0
  搜索路径: [1, 2, 3, 6, 7, 10, 11, 12, 13, 14, 15, 22, 23, 26, 27, 9, 32, 33, 36, 37, 8, 19, 44, 45, 18, 50, 51, 40, 41, 48, 55, 62, 63, 56, 68, 69, 70, 71, 60, 78, 79, 59, 58, 61, 54, 88, 89, 81, 80, 57, 49, 96, 97, 98, 99, 100, 104, 105, 108, 109, 110, 111, 114, 115, 101, 82, 83, 124, 125, 30, 128, 129, 130, 131, 134, 135, 138, 139, 140, 142, 143, 141, 144, 145, 31, 146, 147, 148, 149, 152, 153, 84, 85, 35, 21, 20, 34, 162, 163, 166, 167, 168, 169, 170, 171, 174, 175, 178, 179, 112, 113, 186, 187, 161, 160, 180, 181, 165, 164, 150, 151, 201, 205]
  列生成求解结果: 目标值=7.0000， 下界=7.0000， 上界=11.0000
    非整数变量: COL_16-25-28_158 = 0.583333
  解不是整数，开始分支...
ImposedVertex(vertex=28)
ForbidVertex(vertex=28)
  创建了 2 个分支
    添加分支节点 1: ID=208
    添加分支节点 2: ID=209

处理节点 208
  开始列生成求解...
Set parameter LogToConsole to value 0
Set parameter Threads to value 1
Set parameter Seed to value 0
  定价策略: Exact, node=208, vertices=18
Set parameter PoolSearchMode to value 2
Set parameter PoolSolutions to value 10
[CG 1] RMP=12.000000, pricing=ExactPricingSolver, new_columns=0
  搜索路径: [1, 2, 3, 6, 7, 10, 11, 12, 13, 14, 15, 22, 23, 26, 27, 9, 32, 33, 36, 37, 8, 19, 44, 45, 18, 50, 51, 40, 41, 48, 55, 62, 63, 56, 68, 69, 70, 71, 60, 78, 79, 59, 58, 61, 54, 88, 89, 81, 80, 57, 49, 96, 97, 98, 99, 100, 104, 105, 108, 109, 110, 111, 114, 115, 101, 82, 83, 124, 125, 30, 128, 129, 130, 131, 134, 135, 138, 139, 140, 142, 143, 141, 144, 145, 31, 146, 147, 148, 149, 152, 153, 84, 85, 35, 21, 20, 34, 162, 163, 166, 167, 168, 169, 170, 171, 174, 175, 178, 179, 112, 113, 186, 187, 161, 160, 180, 181, 165, 164, 150, 151, 201, 205, 208]
  列生成求解结果: 目标值=12.0000， 下界=7.0000， 上界=11.0000

处理节点 209
  开始列生成求解...
Set parameter LogToConsole to value 0
Set parameter Threads to value 1
Set parameter Seed to value 0
  定价策略: Exact, node=209, vertices=18
Set parameter PoolSearchMode to value 2
Set parameter PoolSolutions to value 10
[CG 1] RMP=12.000000, pricing=ExactPricingSolver, new_columns=10
[CG 2] RMP=12.000000, pricing=ExactPricingSolver, new_columns=10
[CG 3] RMP=11.000000, pricing=ExactPricingSolver, new_columns=0
  搜索路径: [1, 2, 3, 6, 7, 10, 11, 12, 13, 14, 15, 22, 23, 26, 27, 9, 32, 33, 36, 37, 8, 19, 44, 45, 18, 50, 51, 40, 41, 48, 55, 62, 63, 56, 68, 69, 70, 71, 60, 78, 79, 59, 58, 61, 54, 88, 89, 81, 80, 57, 49, 96, 97, 98, 99, 100, 104, 105, 108, 109, 110, 111, 114, 115, 101, 82, 83, 124, 125, 30, 128, 129, 130, 131, 134, 135, 138, 139, 140, 142, 143, 141, 144, 145, 31, 146, 147, 148, 149, 152, 153, 84, 85, 35, 21, 20, 34, 162, 163, 166, 167, 168, 169, 170, 171, 174, 175, 178, 179, 112, 113, 186, 187, 161, 160, 180, 181, 165, 164, 150, 151, 201, 205, 208, 209]
  列生成求解结果: 目标值=11.0000， 下界=7.0000， 上界=11.0000

处理节点 122
  开始列生成求解...
Set parameter LogToConsole to value 0
Set parameter Threads to value 1
Set parameter Seed to value 0
  定价策略: Exact, node=122, vertices=18
Set parameter PoolSearchMode to value 2
Set parameter PoolSolutions to value 10
[CG 1] RMP=7.000000, pricing=ExactPricingSolver, new_columns=0
  搜索路径: [1, 2, 3, 6, 7, 10, 11, 12, 13, 14, 15, 22, 23, 26, 27, 9, 32, 33, 36, 37, 8, 19, 44, 45, 18, 50, 51, 40, 41, 48, 55, 62, 63, 56, 68, 69, 70, 71, 60, 78, 79, 59, 58, 61, 54, 88, 89, 81, 80, 57, 49, 96, 97, 98, 99, 100, 104, 105, 108, 109, 110, 111, 114, 115, 101, 82, 83, 124, 125, 30, 128, 129, 130, 131, 134, 135, 138, 139, 140, 142, 143, 141, 144, 145, 31, 146, 147, 148, 149, 152, 153, 84, 85, 35, 21, 20, 34, 162, 163, 166, 167, 168, 169, 170, 171, 174, 175, 178, 179, 112, 113, 186, 187, 161, 160, 180, 181, 165, 164, 150, 151, 201, 205, 208, 209, 122]
  列生成求解结果: 目标值=7.0000， 下界=7.0000， 上界=11.0000
    非整数变量: COL_0-18-20-26-4_51 = 0.058333
  解不是整数，开始分支...
ImposedVertex(vertex=20)
ForbidVertex(vertex=20)
  创建了 2 个分支
    添加分支节点 1: ID=210
    添加分支节点 2: ID=211

处理节点 210
  开始列生成求解...
Set parameter LogToConsole to value 0
Set parameter Threads to value 1
Set parameter Seed to value 0
  定价策略: Exact, node=210, vertices=17
Set parameter PoolSearchMode to value 2
Set parameter PoolSolutions to value 10
[CG 1] RMP=8.000000, pricing=ExactPricingSolver, new_columns=0
  搜索路径: [1, 2, 3, 6, 7, 10, 11, 12, 13, 14, 15, 22, 23, 26, 27, 9, 32, 33, 36, 37, 8, 19, 44, 45, 18, 50, 51, 40, 41, 48, 55, 62, 63, 56, 68, 69, 70, 71, 60, 78, 79, 59, 58, 61, 54, 88, 89, 81, 80, 57, 49, 96, 97, 98, 99, 100, 104, 105, 108, 109, 110, 111, 114, 115, 101, 82, 83, 124, 125, 30, 128, 129, 130, 131, 134, 135, 138, 139, 140, 142, 143, 141, 144, 145, 31, 146, 147, 148, 149, 152, 153, 84, 85, 35, 21, 20, 34, 162, 163, 166, 167, 168, 169, 170, 171, 174, 175, 178, 179, 112, 113, 186, 187, 161, 160, 180, 181, 165, 164, 150, 151, 201, 205, 208, 209, 122, 210]
  列生成求解结果: 目标值=8.0000， 下界=7.0000， 上界=11.0000
    非整数变量: COL_0-18-20-26_49 = 0.756364
  解不是整数，开始分支...
ImposedVertex(vertex=26)
ForbidVertex(vertex=26)
  创建了 2 个分支
    添加分支节点 1: ID=212
    添加分支节点 2: ID=213

处理节点 211
  开始列生成求解...
Set parameter LogToConsole to value 0
Set parameter Threads to value 1
Set parameter Seed to value 0
  定价策略: Exact, node=211, vertices=17
Set parameter PoolSearchMode to value 2
Set parameter PoolSolutions to value 10
[CG 1] RMP=9.000000, pricing=ExactPricingSolver, new_columns=0
  搜索路径: [1, 2, 3, 6, 7, 10, 11, 12, 13, 14, 15, 22, 23, 26, 27, 9, 32, 33, 36, 37, 8, 19, 44, 45, 18, 50, 51, 40, 41, 48, 55, 62, 63, 56, 68, 69, 70, 71, 60, 78, 79, 59, 58, 61, 54, 88, 89, 81, 80, 57, 49, 96, 97, 98, 99, 100, 104, 105, 108, 109, 110, 111, 114, 115, 101, 82, 83, 124, 125, 30, 128, 129, 130, 131, 134, 135, 138, 139, 140, 142, 143, 141, 144, 145, 31, 146, 147, 148, 149, 152, 153, 84, 85, 35, 21, 20, 34, 162, 163, 166, 167, 168, 169, 170, 171, 174, 175, 178, 179, 112, 113, 186, 187, 161, 160, 180, 181, 165, 164, 150, 151, 201, 205, 208, 209, 122, 210, 211]
  列生成求解结果: 目标值=9.0000， 下界=7.0000， 上界=11.0000
    非整数变量: COL_0-21_58 = 0.250000
  解不是整数，开始分支...
ImposedVertex(vertex=9)
ForbidVertex(vertex=9)
  创建了 2 个分支
    添加分支节点 1: ID=214
    添加分支节点 2: ID=215

处理节点 103
  开始列生成求解...
Set parameter LogToConsole to value 0
Set parameter Threads to value 1
Set parameter Seed to value 0
  定价策略: Exact, node=103, vertices=17
Set parameter PoolSearchMode to value 2
Set parameter PoolSolutions to value 10
[CG 1] RMP=11.000000, pricing=ExactPricingSolver, new_columns=0
  搜索路径: [1, 2, 3, 6, 7, 10, 11, 12, 13, 14, 15, 22, 23, 26, 27, 9, 32, 33, 36, 37, 8, 19, 44, 45, 18, 50, 51, 40, 41, 48, 55, 62, 63, 56, 68, 69, 70, 71, 60, 78, 79, 59, 58, 61, 54, 88, 89, 81, 80, 57, 49, 96, 97, 98, 99, 100, 104, 105, 108, 109, 110, 111, 114, 115, 101, 82, 83, 124, 125, 30, 128, 129, 130, 131, 134, 135, 138, 139, 140, 142, 143, 141, 144, 145, 31, 146, 147, 148, 149, 152, 153, 84, 85, 35, 21, 20, 34, 162, 163, 166, 167, 168, 169, 170, 171, 174, 175, 178, 179, 112, 113, 186, 187, 161, 160, 180, 181, 165, 164, 150, 151, 201, 205, 208, 209, 122, 210, 211, 103]
  列生成求解结果: 目标值=11.0000， 下界=7.0000， 上界=11.0000

处理节点 203
  开始列生成求解...
Set parameter LogToConsole to value 0
Set parameter Threads to value 1
Set parameter Seed to value 0
  定价策略: Exact, node=203, vertices=18
Set parameter PoolSearchMode to value 2
Set parameter PoolSolutions to value 10
[CG 1] RMP=12.000000, pricing=ExactPricingSolver, new_columns=10
[CG 2] RMP=7.000000, pricing=ExactPricingSolver, new_columns=0
  搜索路径: [1, 2, 3, 6, 7, 10, 11, 12, 13, 14, 15, 22, 23, 26, 27, 9, 32, 33, 36, 37, 8, 19, 44, 45, 18, 50, 51, 40, 41, 48, 55, 62, 63, 56, 68, 69, 70, 71, 60, 78, 79, 59, 58, 61, 54, 88, 89, 81, 80, 57, 49, 96, 97, 98, 99, 100, 104, 105, 108, 109, 110, 111, 114, 115, 101, 82, 83, 124, 125, 30, 128, 129, 130, 131, 134, 135, 138, 139, 140, 142, 143, 141, 144, 145, 31, 146, 147, 148, 149, 152, 153, 84, 85, 35, 21, 20, 34, 162, 163, 166, 167, 168, 169, 170, 171, 174, 175, 178, 179, 112, 113, 186, 187, 161, 160, 180, 181, 165, 164, 150, 151, 201, 205, 208, 209, 122, 210, 211, 103, 203]
  列生成求解结果: 目标值=7.0000， 下界=7.0000， 上界=11.0000
    非整数变量: COL_18-23-9_33 = 0.104167
  解不是整数，开始分支...
ImposedVertex(vertex=21)
ForbidVertex(vertex=21)
  创建了 2 个分支
    添加分支节点 1: ID=216
    添加分支节点 2: ID=217
  进度: 已处理 130 个节点, 剩余 77 个, 当前最优 11.0000, 当前列数: 1078

处理节点 107
  开始列生成求解...
Set parameter LogToConsole to value 0
Set parameter Threads to value 1
Set parameter Seed to value 0
  定价策略: Exact, node=107, vertices=18
Set parameter PoolSearchMode to value 2
Set parameter PoolSolutions to value 10
[CG 1] RMP=7.000000, pricing=ExactPricingSolver, new_columns=0
  搜索路径: [1, 2, 3, 6, 7, 10, 11, 12, 13, 14, 15, 22, 23, 26, 27, 9, 32, 33, 36, 37, 8, 19, 44, 45, 18, 50, 51, 40, 41, 48, 55, 62, 63, 56, 68, 69, 70, 71, 60, 78, 79, 59, 58, 61, 54, 88, 89, 81, 80, 57, 49, 96, 97, 98, 99, 100, 104, 105, 108, 109, 110, 111, 114, 115, 101, 82, 83, 124, 125, 30, 128, 129, 130, 131, 134, 135, 138, 139, 140, 142, 143, 141, 144, 145, 31, 146, 147, 148, 149, 152, 153, 84, 85, 35, 21, 20, 34, 162, 163, 166, 167, 168, 169, 170, 171, 174, 175, 178, 179, 112, 113, 186, 187, 161, 160, 180, 181, 165, 164, 150, 151, 201, 205, 208, 209, 122, 210, 211, 103, 203, 107]
  列生成求解结果: 目标值=7.0000， 下界=7.0000， 上界=11.0000
    非整数变量: COL_18-23-9_33 = 0.050000
  解不是整数，开始分支...
ImposedVertex(vertex=20)
ForbidVertex(vertex=20)
  创建了 2 个分支
    添加分支节点 1: ID=218
    添加分支节点 2: ID=219

处理节点 123
  开始列生成求解...
Set parameter LogToConsole to value 0
Set parameter Threads to value 1
Set parameter Seed to value 0
  定价策略: Exact, node=123, vertices=19
Set parameter PoolSearchMode to value 2
Set parameter PoolSolutions to value 10
[CG 1] RMP=12.000000, pricing=ExactPricingSolver, new_columns=10
[CG 2] RMP=8.128079, pricing=ExactPricingSolver, new_columns=10
[CG 3] RMP=7.000000, pricing=ExactPricingSolver, new_columns=0
  搜索路径: [1, 2, 3, 6, 7, 10, 11, 12, 13, 14, 15, 22, 23, 26, 27, 9, 32, 33, 36, 37, 8, 19, 44, 45, 18, 50, 51, 40, 41, 48, 55, 62, 63, 56, 68, 69, 70, 71, 60, 78, 79, 59, 58, 61, 54, 88, 89, 81, 80, 57, 49, 96, 97, 98, 99, 100, 104, 105, 108, 109, 110, 111, 114, 115, 101, 82, 83, 124, 125, 30, 128, 129, 130, 131, 134, 135, 138, 139, 140, 142, 143, 141, 144, 145, 31, 146, 147, 148, 149, 152, 153, 84, 85, 35, 21, 20, 34, 162, 163, 166, 167, 168, 169, 170, 171, 174, 175, 178, 179, 112, 113, 186, 187, 161, 160, 180, 181, 165, 164, 150, 151, 201, 205, 208, 209, 122, 210, 211, 103, 203, 107, 123]
  列生成求解结果: 目标值=7.0000， 下界=7.0000， 上界=11.0000
    非整数变量: COL_0-18-20-26_49 = 0.107407
  解不是整数，开始分支...
ImposedVertex(vertex=20)
ForbidVertex(vertex=20)
  创建了 2 个分支
    添加分支节点 1: ID=220
    添加分支节点 2: ID=221

处理节点 204
  开始列生成求解...
Set parameter LogToConsole to value 0
Set parameter Threads to value 1
Set parameter Seed to value 0
  定价策略: Exact, node=204, vertices=19
Set parameter PoolSearchMode to value 2
Set parameter PoolSolutions to value 10
[CG 1] RMP=9.000000, pricing=ExactPricingSolver, new_columns=0
  搜索路径: [1, 2, 3, 6, 7, 10, 11, 12, 13, 14, 15, 22, 23, 26, 27, 9, 32, 33, 36, 37, 8, 19, 44, 45, 18, 50, 51, 40, 41, 48, 55, 62, 63, 56, 68, 69, 70, 71, 60, 78, 79, 59, 58, 61, 54, 88, 89, 81, 80, 57, 49, 96, 97, 98, 99, 100, 104, 105, 108, 109, 110, 111, 114, 115, 101, 82, 83, 124, 125, 30, 128, 129, 130, 131, 134, 135, 138, 139, 140, 142, 143, 141, 144, 145, 31, 146, 147, 148, 149, 152, 153, 84, 85, 35, 21, 20, 34, 162, 163, 166, 167, 168, 169, 170, 171, 174, 175, 178, 179, 112, 113, 186, 187, 161, 160, 180, 181, 165, 164, 150, 151, 201, 205, 208, 209, 122, 210, 211, 103, 203, 107, 123, 204]
  列生成求解结果: 目标值=9.0000， 下界=7.0000， 上界=11.0000
    非整数变量: COL_18-24-9_34 = 0.750000
  解不是整数，开始分支...
ImposedVertex(vertex=16)
ForbidVertex(vertex=16)
  创建了 2 个分支
    添加分支节点 1: ID=222
    添加分支节点 2: ID=223

处理节点 91
  开始列生成求解...
Set parameter LogToConsole to value 0
Set parameter Threads to value 1
Set parameter Seed to value 0
  定价策略: Exact, node=91, vertices=17
Set parameter PoolSearchMode to value 2
Set parameter PoolSolutions to value 10
[CG 1] RMP=10.000000, pricing=ExactPricingSolver, new_columns=10
[CG 2] RMP=8.000000, pricing=ExactPricingSolver, new_columns=10
[CG 3] RMP=7.000000, pricing=ExactPricingSolver, new_columns=0
  搜索路径: [1, 2, 3, 6, 7, 10, 11, 12, 13, 14, 15, 22, 23, 26, 27, 9, 32, 33, 36, 37, 8, 19, 44, 45, 18, 50, 51, 40, 41, 48, 55, 62, 63, 56, 68, 69, 70, 71, 60, 78, 79, 59, 58, 61, 54, 88, 89, 81, 80, 57, 49, 96, 97, 98, 99, 100, 104, 105, 108, 109, 110, 111, 114, 115, 101, 82, 83, 124, 125, 30, 128, 129, 130, 131, 134, 135, 138, 139, 140, 142, 143, 141, 144, 145, 31, 146, 147, 148, 149, 152, 153, 84, 85, 35, 21, 20, 34, 162, 163, 166, 167, 168, 169, 170, 171, 174, 175, 178, 179, 112, 113, 186, 187, 161, 160, 180, 181, 165, 164, 150, 151, 201, 205, 208, 209, 122, 210, 211, 103, 203, 107, 123, 204, 91]
  列生成求解结果: 目标值=7.0000， 下界=7.0000， 上界=11.0000
    非整数变量: COL_1-10-18-20-26-5-7_54 = 0.250000
  解不是整数，开始分支...
ImposedVertex(vertex=10)
ForbidVertex(vertex=10)
  创建了 2 个分支
    添加分支节点 1: ID=224
    添加分支节点 2: ID=225

处理节点 216
  开始列生成求解...
Set parameter LogToConsole to value 0
Set parameter Threads to value 1
Set parameter Seed to value 0
  定价策略: Exact, node=216, vertices=17
Set parameter PoolSearchMode to value 2
Set parameter PoolSolutions to value 10
[CG 1] RMP=9.000000, pricing=ExactPricingSolver, new_columns=0
  搜索路径: [1, 2, 3, 6, 7, 10, 11, 12, 13, 14, 15, 22, 23, 26, 27, 9, 32, 33, 36, 37, 8, 19, 44, 45, 18, 50, 51, 40, 41, 48, 55, 62, 63, 56, 68, 69, 70, 71, 60, 78, 79, 59, 58, 61, 54, 88, 89, 81, 80, 57, 49, 96, 97, 98, 99, 100, 104, 105, 108, 109, 110, 111, 114, 115, 101, 82, 83, 124, 125, 30, 128, 129, 130, 131, 134, 135, 138, 139, 140, 142, 143, 141, 144, 145, 31, 146, 147, 148, 149, 152, 153, 84, 85, 35, 21, 20, 34, 162, 163, 166, 167, 168, 169, 170, 171, 174, 175, 178, 179, 112, 113, 186, 187, 161, 160, 180, 181, 165, 164, 150, 151, 201, 205, 208, 209, 122, 210, 211, 103, 203, 107, 123, 204, 91, 216]
  列生成求解结果: 目标值=9.0000， 下界=7.0000， 上界=11.0000
    非整数变量: COL_18-23-9_33 = 0.272727
  解不是整数，开始分支...
ImposedVertex(vertex=9)
ForbidVertex(vertex=9)
  创建了 2 个分支
    添加分支节点 1: ID=226
    添加分支节点 2: ID=227

处理节点 217
  开始列生成求解...
Set parameter LogToConsole to value 0
Set parameter Threads to value 1
Set parameter Seed to value 0
  定价策略: Exact, node=217, vertices=17
Set parameter PoolSearchMode to value 2
Set parameter PoolSolutions to value 10
[CG 1] RMP=8.000000, pricing=ExactPricingSolver, new_columns=0
  搜索路径: [1, 2, 3, 6, 7, 10, 11, 12, 13, 14, 15, 22, 23, 26, 27, 9, 32, 33, 36, 37, 8, 19, 44, 45, 18, 50, 51, 40, 41, 48, 55, 62, 63, 56, 68, 69, 70, 71, 60, 78, 79, 59, 58, 61, 54, 88, 89, 81, 80, 57, 49, 96, 97, 98, 99, 100, 104, 105, 108, 109, 110, 111, 114, 115, 101, 82, 83, 124, 125, 30, 128, 129, 130, 131, 134, 135, 138, 139, 140, 142, 143, 141, 144, 145, 31, 146, 147, 148, 149, 152, 153, 84, 85, 35, 21, 20, 34, 162, 163, 166, 167, 168, 169, 170, 171, 174, 175, 178, 179, 112, 113, 186, 187, 161, 160, 180, 181, 165, 164, 150, 151, 201, 205, 208, 209, 122, 210, 211, 103, 203, 107, 123, 204, 91, 216, 217]
  列生成求解结果: 目标值=8.0000， 下界=7.0000， 上界=11.0000
    非整数变量: COL_0-28-9_178 = 0.272727
  解不是整数，开始分支...
ImposedVertex(vertex=9)
ForbidVertex(vertex=9)
  创建了 2 个分支
    添加分支节点 1: ID=228
    添加分支节点 2: ID=229

处理节点 224
  开始列生成求解...
Set parameter LogToConsole to value 0
Set parameter Threads to value 1
Set parameter Seed to value 0
  定价策略: Exact, node=224, vertices=16
Set parameter PoolSearchMode to value 2
Set parameter PoolSolutions to value 10
[CG 1] RMP=11.000000, pricing=ExactPricingSolver, new_columns=0
  搜索路径: [1, 2, 3, 6, 7, 10, 11, 12, 13, 14, 15, 22, 23, 26, 27, 9, 32, 33, 36, 37, 8, 19, 44, 45, 18, 50, 51, 40, 41, 48, 55, 62, 63, 56, 68, 69, 70, 71, 60, 78, 79, 59, 58, 61, 54, 88, 89, 81, 80, 57, 49, 96, 97, 98, 99, 100, 104, 105, 108, 109, 110, 111, 114, 115, 101, 82, 83, 124, 125, 30, 128, 129, 130, 131, 134, 135, 138, 139, 140, 142, 143, 141, 144, 145, 31, 146, 147, 148, 149, 152, 153, 84, 85, 35, 21, 20, 34, 162, 163, 166, 167, 168, 169, 170, 171, 174, 175, 178, 179, 112, 113, 186, 187, 161, 160, 180, 181, 165, 164, 150, 151, 201, 205, 208, 209, 122, 210, 211, 103, 203, 107, 123, 204, 91, 216, 217, 224]
  列生成求解结果: 目标值=11.0000， 下界=7.0000， 上界=11.0000

处理节点 225
  开始列生成求解...
Set parameter LogToConsole to value 0
Set parameter Threads to value 1
Set parameter Seed to value 0
  定价策略: Exact, node=225, vertices=16
Set parameter PoolSearchMode to value 2
Set parameter PoolSolutions to value 10
[CG 1] RMP=12.000000, pricing=ExactPricingSolver, new_columns=10
[CG 2] RMP=9.000000, pricing=ExactPricingSolver, new_columns=0
  搜索路径: [1, 2, 3, 6, 7, 10, 11, 12, 13, 14, 15, 22, 23, 26, 27, 9, 32, 33, 36, 37, 8, 19, 44, 45, 18, 50, 51, 40, 41, 48, 55, 62, 63, 56, 68, 69, 70, 71, 60, 78, 79, 59, 58, 61, 54, 88, 89, 81, 80, 57, 49, 96, 97, 98, 99, 100, 104, 105, 108, 109, 110, 111, 114, 115, 101, 82, 83, 124, 125, 30, 128, 129, 130, 131, 134, 135, 138, 139, 140, 142, 143, 141, 144, 145, 31, 146, 147, 148, 149, 152, 153, 84, 85, 35, 21, 20, 34, 162, 163, 166, 167, 168, 169, 170, 171, 174, 175, 178, 179, 112, 113, 186, 187, 161, 160, 180, 181, 165, 164, 150, 151, 201, 205, 208, 209, 122, 210, 211, 103, 203, 107, 123, 204, 91, 216, 217, 224, 225]
  列生成求解结果: 目标值=9.0000， 下界=7.0000， 上界=11.0000
    非整数变量: COL_1-26-5_121 = 0.250000
  解不是整数，开始分支...
ImposedVertex(vertex=26)
ForbidVertex(vertex=26)
  创建了 2 个分支
    添加分支节点 1: ID=230
    添加分支节点 2: ID=231

处理节点 220
  开始列生成求解...
Set parameter LogToConsole to value 0
Set parameter Threads to value 1
Set parameter Seed to value 0
  定价策略: Exact, node=220, vertices=18
Set parameter PoolSearchMode to value 2
Set parameter PoolSolutions to value 10
[CG 1] RMP=9.000000, pricing=ExactPricingSolver, new_columns=10
[CG 2] RMP=8.000000, pricing=ExactPricingSolver, new_columns=0
  搜索路径: [1, 2, 3, 6, 7, 10, 11, 12, 13, 14, 15, 22, 23, 26, 27, 9, 32, 33, 36, 37, 8, 19, 44, 45, 18, 50, 51, 40, 41, 48, 55, 62, 63, 56, 68, 69, 70, 71, 60, 78, 79, 59, 58, 61, 54, 88, 89, 81, 80, 57, 49, 96, 97, 98, 99, 100, 104, 105, 108, 109, 110, 111, 114, 115, 101, 82, 83, 124, 125, 30, 128, 129, 130, 131, 134, 135, 138, 139, 140, 142, 143, 141, 144, 145, 31, 146, 147, 148, 149, 152, 153, 84, 85, 35, 21, 20, 34, 162, 163, 166, 167, 168, 169, 170, 171, 174, 175, 178, 179, 112, 113, 186, 187, 161, 160, 180, 181, 165, 164, 150, 151, 201, 205, 208, 209, 122, 210, 211, 103, 203, 107, 123, 204, 91, 216, 217, 224, 225, 220]
  列生成求解结果: 目标值=8.0000， 下界=7.0000， 上界=11.0000
    非整数变量: COL_0-18-20-26_49 = 0.200000
  解不是整数，开始分支...
ImposedVertex(vertex=26)
ForbidVertex(vertex=26)
  创建了 2 个分支
    添加分支节点 1: ID=232
    添加分支节点 2: ID=233

处理节点 221
  开始列生成求解...
Set parameter LogToConsole to value 0
Set parameter Threads to value 1
Set parameter Seed to value 0
  定价策略: Exact, node=221, vertices=18
Set parameter PoolSearchMode to value 2
Set parameter PoolSolutions to value 10
[CG 1] RMP=9.000000, pricing=ExactPricingSolver, new_columns=0
  搜索路径: [1, 2, 3, 6, 7, 10, 11, 12, 13, 14, 15, 22, 23, 26, 27, 9, 32, 33, 36, 37, 8, 19, 44, 45, 18, 50, 51, 40, 41, 48, 55, 62, 63, 56, 68, 69, 70, 71, 60, 78, 79, 59, 58, 61, 54, 88, 89, 81, 80, 57, 49, 96, 97, 98, 99, 100, 104, 105, 108, 109, 110, 111, 114, 115, 101, 82, 83, 124, 125, 30, 128, 129, 130, 131, 134, 135, 138, 139, 140, 142, 143, 141, 144, 145, 31, 146, 147, 148, 149, 152, 153, 84, 85, 35, 21, 20, 34, 162, 163, 166, 167, 168, 169, 170, 171, 174, 175, 178, 179, 112, 113, 186, 187, 161, 160, 180, 181, 165, 164, 150, 151, 201, 205, 208, 209, 122, 210, 211, 103, 203, 107, 123, 204, 91, 216, 217, 224, 225, 220, 221]
  列生成求解结果: 目标值=9.0000， 下界=7.0000， 上界=11.0000
    非整数变量: COL_0-9_168 = 0.181818
  解不是整数，开始分支...
ImposedVertex(vertex=9)
ForbidVertex(vertex=9)
  创建了 2 个分支
    添加分支节点 1: ID=234
    添加分支节点 2: ID=235
  进度: 已处理 140 个节点, 剩余 85 个, 当前最优 11.0000, 当前列数: 1138

处理节点 199
  开始列生成求解...
Set parameter LogToConsole to value 0
Set parameter Threads to value 1
Set parameter Seed to value 0
  定价策略: Exact, node=199, vertices=17
Set parameter PoolSearchMode to value 2
Set parameter PoolSolutions to value 10
[CG 1] RMP=9.000000, pricing=ExactPricingSolver, new_columns=10
[CG 2] RMP=7.000000, pricing=ExactPricingSolver, new_columns=10
[CG 3] RMP=7.000000, pricing=ExactPricingSolver, new_columns=0
  搜索路径: [1, 2, 3, 6, 7, 10, 11, 12, 13, 14, 15, 22, 23, 26, 27, 9, 32, 33, 36, 37, 8, 19, 44, 45, 18, 50, 51, 40, 41, 48, 55, 62, 63, 56, 68, 69, 70, 71, 60, 78, 79, 59, 58, 61, 54, 88, 89, 81, 80, 57, 49, 96, 97, 98, 99, 100, 104, 105, 108, 109, 110, 111, 114, 115, 101, 82, 83, 124, 125, 30, 128, 129, 130, 131, 134, 135, 138, 139, 140, 142, 143, 141, 144, 145, 31, 146, 147, 148, 149, 152, 153, 84, 85, 35, 21, 20, 34, 162, 163, 166, 167, 168, 169, 170, 171, 174, 175, 178, 179, 112, 113, 186, 187, 161, 160, 180, 181, 165, 164, 150, 151, 201, 205, 208, 209, 122, 210, 211, 103, 203, 107, 123, 204, 91, 216, 217, 224, 225, 220, 221, 199]
  列生成求解结果: 目标值=7.0000， 下界=7.0000， 上界=11.0000
    非整数变量: COL_18-20-26_48 = 0.398148
  解不是整数，开始分支...
ImposedVertex(vertex=20)
ForbidVertex(vertex=20)
  创建了 2 个分支
    添加分支节点 1: ID=236
    添加分支节点 2: ID=237

处理节点 200
  开始列生成求解...
Set parameter LogToConsole to value 0
Set parameter Threads to value 1
Set parameter Seed to value 0
  定价策略: Exact, node=200, vertices=19
Set parameter PoolSearchMode to value 2
Set parameter PoolSolutions to value 10
[CG 1] RMP=10.000000, pricing=ExactPricingSolver, new_columns=0
  搜索路径: [1, 2, 3, 6, 7, 10, 11, 12, 13, 14, 15, 22, 23, 26, 27, 9, 32, 33, 36, 37, 8, 19, 44, 45, 18, 50, 51, 40, 41, 48, 55, 62, 63, 56, 68, 69, 70, 71, 60, 78, 79, 59, 58, 61, 54, 88, 89, 81, 80, 57, 49, 96, 97, 98, 99, 100, 104, 105, 108, 109, 110, 111, 114, 115, 101, 82, 83, 124, 125, 30, 128, 129, 130, 131, 134, 135, 138, 139, 140, 142, 143, 141, 144, 145, 31, 146, 147, 148, 149, 152, 153, 84, 85, 35, 21, 20, 34, 162, 163, 166, 167, 168, 169, 170, 171, 174, 175, 178, 179, 112, 113, 186, 187, 161, 160, 180, 181, 165, 164, 150, 151, 201, 205, 208, 209, 122, 210, 211, 103, 203, 107, 123, 204, 91, 216, 217, 224, 225, 220, 221, 199, 200]
  列生成求解结果: 目标值=10.0000， 下界=7.0000， 上界=11.0000
    非整数变量: COL_0-18-20-26-4_51 = 0.714286
  解不是整数，开始分支...
ImposedVertex(vertex=4)
ForbidVertex(vertex=4)
  创建了 2 个分支
    添加分支节点 1: ID=238
    添加分支节点 2: ID=239

处理节点 202
  开始列生成求解...
Set parameter LogToConsole to value 0
Set parameter Threads to value 1
Set parameter Seed to value 0
  定价策略: Exact, node=202, vertices=17
Set parameter PoolSearchMode to value 2
Set parameter PoolSolutions to value 10
[CG 1] RMP=10.000000, pricing=ExactPricingSolver, new_columns=0
  搜索路径: [1, 2, 3, 6, 7, 10, 11, 12, 13, 14, 15, 22, 23, 26, 27, 9, 32, 33, 36, 37, 8, 19, 44, 45, 18, 50, 51, 40, 41, 48, 55, 62, 63, 56, 68, 69, 70, 71, 60, 78, 79, 59, 58, 61, 54, 88, 89, 81, 80, 57, 49, 96, 97, 98, 99, 100, 104, 105, 108, 109, 110, 111, 114, 115, 101, 82, 83, 124, 125, 30, 128, 129, 130, 131, 134, 135, 138, 139, 140, 142, 143, 141, 144, 145, 31, 146, 147, 148, 149, 152, 153, 84, 85, 35, 21, 20, 34, 162, 163, 166, 167, 168, 169, 170, 171, 174, 175, 178, 179, 112, 113, 186, 187, 161, 160, 180, 181, 165, 164, 150, 151, 201, 205, 208, 209, 122, 210, 211, 103, 203, 107, 123, 204, 91, 216, 217, 224, 225, 220, 221, 199, 200, 202]
  列生成求解结果: 目标值=10.0000， 下界=7.0000， 上界=11.0000
    非整数变量: COL_18-23-9_33 = 0.333333
  解不是整数，开始分支...
ImposedVertex(vertex=9)
ForbidVertex(vertex=9)
  创建了 2 个分支
    添加分支节点 1: ID=240
    添加分支节点 2: ID=241

处理节点 236
  开始列生成求解...
Set parameter LogToConsole to value 0
Set parameter Threads to value 1
Set parameter Seed to value 0
  定价策略: Exact, node=236, vertices=16
Set parameter PoolSearchMode to value 2
Set parameter PoolSolutions to value 10
[CG 1] RMP=8.000000, pricing=ExactPricingSolver, new_columns=0
  搜索路径: [1, 2, 3, 6, 7, 10, 11, 12, 13, 14, 15, 22, 23, 26, 27, 9, 32, 33, 36, 37, 8, 19, 44, 45, 18, 50, 51, 40, 41, 48, 55, 62, 63, 56, 68, 69, 70, 71, 60, 78, 79, 59, 58, 61, 54, 88, 89, 81, 80, 57, 49, 96, 97, 98, 99, 100, 104, 105, 108, 109, 110, 111, 114, 115, 101, 82, 83, 124, 125, 30, 128, 129, 130, 131, 134, 135, 138, 139, 140, 142, 143, 141, 144, 145, 31, 146, 147, 148, 149, 152, 153, 84, 85, 35, 21, 20, 34, 162, 163, 166, 167, 168, 169, 170, 171, 174, 175, 178, 179, 112, 113, 186, 187, 161, 160, 180, 181, 165, 164, 150, 151, 201, 205, 208, 209, 122, 210, 211, 103, 203, 107, 123, 204, 91, 216, 217, 224, 225, 220, 221, 199, 200, 202, 236]
  列生成求解结果: 目标值=8.0000， 下界=7.0000， 上界=11.0000
    非整数变量: COL_18-20-26_48 = 0.500000
  解不是整数，开始分支...
ImposedVertex(vertex=26)
ForbidVertex(vertex=26)
  创建了 2 个分支
    添加分支节点 1: ID=242
    添加分支节点 2: ID=243

处理节点 237
  开始列生成求解...
Set parameter LogToConsole to value 0
Set parameter Threads to value 1
Set parameter Seed to value 0
  定价策略: Exact, node=237, vertices=16
Set parameter PoolSearchMode to value 2
Set parameter PoolSolutions to value 10
[CG 1] RMP=12.000000, pricing=ExactPricingSolver, new_columns=10
[CG 2] RMP=9.000000, pricing=ExactPricingSolver, new_columns=0
  搜索路径: [1, 2, 3, 6, 7, 10, 11, 12, 13, 14, 15, 22, 23, 26, 27, 9, 32, 33, 36, 37, 8, 19, 44, 45, 18, 50, 51, 40, 41, 48, 55, 62, 63, 56, 68, 69, 70, 71, 60, 78, 79, 59, 58, 61, 54, 88, 89, 81, 80, 57, 49, 96, 97, 98, 99, 100, 104, 105, 108, 109, 110, 111, 114, 115, 101, 82, 83, 124, 125, 30, 128, 129, 130, 131, 134, 135, 138, 139, 140, 142, 143, 141, 144, 145, 31, 146, 147, 148, 149, 152, 153, 84, 85, 35, 21, 20, 34, 162, 163, 166, 167, 168, 169, 170, 171, 174, 175, 178, 179, 112, 113, 186, 187, 161, 160, 180, 181, 165, 164, 150, 151, 201, 205, 208, 209, 122, 210, 211, 103, 203, 107, 123, 204, 91, 216, 217, 224, 225, 220, 221, 199, 200, 202, 236, 237]
  列生成求解结果: 目标值=9.0000， 下界=7.0000， 上界=11.0000
    非整数变量: COL_18-2-21-25-28-4_874 = 0.642857
  解不是整数，开始分支...
ImposedVertex(vertex=2)
ForbidVertex(vertex=2)
  创建了 2 个分支
    添加分支节点 1: ID=244
    添加分支节点 2: ID=245

处理节点 106
  开始列生成求解...
Set parameter LogToConsole to value 0
Set parameter Threads to value 1
Set parameter Seed to value 0
  定价策略: Exact, node=106, vertices=17
Set parameter PoolSearchMode to value 2
Set parameter PoolSolutions to value 10
[CG 1] RMP=9.000000, pricing=ExactPricingSolver, new_columns=0
  搜索路径: [1, 2, 3, 6, 7, 10, 11, 12, 13, 14, 15, 22, 23, 26, 27, 9, 32, 33, 36, 37, 8, 19, 44, 45, 18, 50, 51, 40, 41, 48, 55, 62, 63, 56, 68, 69, 70, 71, 60, 78, 79, 59, 58, 61, 54, 88, 89, 81, 80, 57, 49, 96, 97, 98, 99, 100, 104, 105, 108, 109, 110, 111, 114, 115, 101, 82, 83, 124, 125, 30, 128, 129, 130, 131, 134, 135, 138, 139, 140, 142, 143, 141, 144, 145, 31, 146, 147, 148, 149, 152, 153, 84, 85, 35, 21, 20, 34, 162, 163, 166, 167, 168, 169, 170, 171, 174, 175, 178, 179, 112, 113, 186, 187, 161, 160, 180, 181, 165, 164, 150, 151, 201, 205, 208, 209, 122, 210, 211, 103, 203, 107, 123, 204, 91, 216, 217, 224, 225, 220, 221, 199, 200, 202, 236, 237, 106]
  列生成求解结果: 目标值=9.0000， 下界=7.0000， 上界=11.0000
    非整数变量: COL_18-24-9_34 = 0.158333
  解不是整数，开始分支...
ImposedVertex(vertex=26)
ForbidVertex(vertex=26)
  创建了 2 个分支
    添加分支节点 1: ID=246
    添加分支节点 2: ID=247

处理节点 196
  开始列生成求解...
Set parameter LogToConsole to value 0
Set parameter Threads to value 1
Set parameter Seed to value 0
  定价策略: Exact, node=196, vertices=16
Set parameter PoolSearchMode to value 2
Set parameter PoolSolutions to value 10
[CG 1] RMP=8.000000, pricing=ExactPricingSolver, new_columns=0
  搜索路径: [1, 2, 3, 6, 7, 10, 11, 12, 13, 14, 15, 22, 23, 26, 27, 9, 32, 33, 36, 37, 8, 19, 44, 45, 18, 50, 51, 40, 41, 48, 55, 62, 63, 56, 68, 69, 70, 71, 60, 78, 79, 59, 58, 61, 54, 88, 89, 81, 80, 57, 49, 96, 97, 98, 99, 100, 104, 105, 108, 109, 110, 111, 114, 115, 101, 82, 83, 124, 125, 30, 128, 129, 130, 131, 134, 135, 138, 139, 140, 142, 143, 141, 144, 145, 31, 146, 147, 148, 149, 152, 153, 84, 85, 35, 21, 20, 34, 162, 163, 166, 167, 168, 169, 170, 171, 174, 175, 178, 179, 112, 113, 186, 187, 161, 160, 180, 181, 165, 164, 150, 151, 201, 205, 208, 209, 122, 210, 211, 103, 203, 107, 123, 204, 91, 216, 217, 224, 225, 220, 221, 199, 200, 202, 236, 237, 106, 196]
  列生成求解结果: 目标值=8.0000， 下界=7.0000， 上界=11.0000
    非整数变量: COL_11-15-20-25_23 = 0.444444
  解不是整数，开始分支...
ImposedVertex(vertex=1)
ForbidVertex(vertex=1)
  创建了 2 个分支
    添加分支节点 1: ID=248
    添加分支节点 2: ID=249

处理节点 197
  开始列生成求解...
Set parameter LogToConsole to value 0
Set parameter Threads to value 1
Set parameter Seed to value 0
  定价策略: Exact, node=197, vertices=16
Set parameter PoolSearchMode to value 2
Set parameter PoolSolutions to value 10
[CG 1] RMP=9.000000, pricing=ExactPricingSolver, new_columns=0
  搜索路径: [1, 2, 3, 6, 7, 10, 11, 12, 13, 14, 15, 22, 23, 26, 27, 9, 32, 33, 36, 37, 8, 19, 44, 45, 18, 50, 51, 40, 41, 48, 55, 62, 63, 56, 68, 69, 70, 71, 60, 78, 79, 59, 58, 61, 54, 88, 89, 81, 80, 57, 49, 96, 97, 98, 99, 100, 104, 105, 108, 109, 110, 111, 114, 115, 101, 82, 83, 124, 125, 30, 128, 129, 130, 131, 134, 135, 138, 139, 140, 142, 143, 141, 144, 145, 31, 146, 147, 148, 149, 152, 153, 84, 85, 35, 21, 20, 34, 162, 163, 166, 167, 168, 169, 170, 171, 174, 175, 178, 179, 112, 113, 186, 187, 161, 160, 180, 181, 165, 164, 150, 151, 201, 205, 208, 209, 122, 210, 211, 103, 203, 107, 123, 204, 91, 216, 217, 224, 225, 220, 221, 199, 200, 202, 236, 237, 106, 196, 197]
  列生成求解结果: 目标值=9.0000， 下界=7.0000， 上界=11.0000
    非整数变量: COL_1-10-11-21-5-7_64 = 0.227273
  解不是整数，开始分支...
ImposedVertex(vertex=1)
ForbidVertex(vertex=1)
  创建了 2 个分支
    添加分支节点 1: ID=250
    添加分支节点 2: ID=251

处理节点 198
  开始列生成求解...
Set parameter LogToConsole to value 0
Set parameter Threads to value 1
Set parameter Seed to value 0
  定价策略: Exact, node=198, vertices=16
Set parameter PoolSearchMode to value 2
Set parameter PoolSolutions to value 10
[CG 1] RMP=1010.000000, pricing=ExactPricingSolver, new_columns=10
[CG 2] RMP=7.000000, pricing=ExactPricingSolver, new_columns=0
  搜索路径: [1, 2, 3, 6, 7, 10, 11, 12, 13, 14, 15, 22, 23, 26, 27, 9, 32, 33, 36, 37, 8, 19, 44, 45, 18, 50, 51, 40, 41, 48, 55, 62, 63, 56, 68, 69, 70, 71, 60, 78, 79, 59, 58, 61, 54, 88, 89, 81, 80, 57, 49, 96, 97, 98, 99, 100, 104, 105, 108, 109, 110, 111, 114, 115, 101, 82, 83, 124, 125, 30, 128, 129, 130, 131, 134, 135, 138, 139, 140, 142, 143, 141, 144, 145, 31, 146, 147, 148, 149, 152, 153, 84, 85, 35, 21, 20, 34, 162, 163, 166, 167, 168, 169, 170, 171, 174, 175, 178, 179, 112, 113, 186, 187, 161, 160, 180, 181, 165, 164, 150, 151, 201, 205, 208, 209, 122, 210, 211, 103, 203, 107, 123, 204, 91, 216, 217, 224, 225, 220, 221, 199, 200, 202, 236, 237, 106, 196, 197, 198]
  列生成求解结果: 目标值=7.0000， 下界=7.0000， 上界=11.0000
    非整数变量: COL_1-10-18-20-26-5-7_54 = 0.250000
  解不是整数，开始分支...
ImposedVertex(vertex=5)
ForbidVertex(vertex=5)
  创建了 2 个分支
    添加分支节点 1: ID=252
    添加分支节点 2: ID=253

处理节点 102
  开始列生成求解...
Set parameter LogToConsole to value 0
Set parameter Threads to value 1
Set parameter Seed to value 0
  定价策略: Exact, node=102, vertices=17
Set parameter PoolSearchMode to value 2
Set parameter PoolSolutions to value 10
[CG 1] RMP=7.000000, pricing=ExactPricingSolver, new_columns=0
  搜索路径: [1, 2, 3, 6, 7, 10, 11, 12, 13, 14, 15, 22, 23, 26, 27, 9, 32, 33, 36, 37, 8, 19, 44, 45, 18, 50, 51, 40, 41, 48, 55, 62, 63, 56, 68, 69, 70, 71, 60, 78, 79, 59, 58, 61, 54, 88, 89, 81, 80, 57, 49, 96, 97, 98, 99, 100, 104, 105, 108, 109, 110, 111, 114, 115, 101, 82, 83, 124, 125, 30, 128, 129, 130, 131, 134, 135, 138, 139, 140, 142, 143, 141, 144, 145, 31, 146, 147, 148, 149, 152, 153, 84, 85, 35, 21, 20, 34, 162, 163, 166, 167, 168, 169, 170, 171, 174, 175, 178, 179, 112, 113, 186, 187, 161, 160, 180, 181, 165, 164, 150, 151, 201, 205, 208, 209, 122, 210, 211, 103, 203, 107, 123, 204, 91, 216, 217, 224, 225, 220, 221, 199, 200, 202, 236, 237, 106, 196, 197, 198, 102]
  列生成求解结果: 目标值=7.0000， 下界=7.0000， 上界=11.0000
    非整数变量: COL_0-28-4_182 = 0.500000
  解不是整数，开始分支...
ImposedVertex(vertex=28)
ForbidVertex(vertex=28)
  创建了 2 个分支
    添加分支节点 1: ID=254
    添加分支节点 2: ID=255
  进度: 已处理 150 个节点, 剩余 95 个, 当前最优 11.0000, 当前列数: 1178

处理节点 87
  开始列生成求解...
Set parameter LogToConsole to value 0
Set parameter Threads to value 1
Set parameter Seed to value 0
  定价策略: Exact, node=87, vertices=18
Set parameter PoolSearchMode to value 2
Set parameter PoolSolutions to value 10
[CG 1] RMP=8.000000, pricing=ExactPricingSolver, new_columns=10
[CG 2] RMP=7.000000, pricing=ExactPricingSolver, new_columns=0
  搜索路径: [1, 2, 3, 6, 7, 10, 11, 12, 13, 14, 15, 22, 23, 26, 27, 9, 32, 33, 36, 37, 8, 19, 44, 45, 18, 50, 51, 40, 41, 48, 55, 62, 63, 56, 68, 69, 70, 71, 60, 78, 79, 59, 58, 61, 54, 88, 89, 81, 80, 57, 49, 96, 97, 98, 99, 100, 104, 105, 108, 109, 110, 111, 114, 115, 101, 82, 83, 124, 125, 30, 128, 129, 130, 131, 134, 135, 138, 139, 140, 142, 143, 141, 144, 145, 31, 146, 147, 148, 149, 152, 153, 84, 85, 35, 21, 20, 34, 162, 163, 166, 167, 168, 169, 170, 171, 174, 175, 178, 179, 112, 113, 186, 187, 161, 160, 180, 181, 165, 164, 150, 151, 201, 205, 208, 209, 122, 210, 211, 103, 203, 107, 123, 204, 91, 216, 217, 224, 225, 220, 221, 199, 200, 202, 236, 237, 106, 196, 197, 198, 102, 87]
  列生成求解结果: 目标值=7.0000， 下界=7.0000， 上界=11.0000
    非整数变量: COL_18-23-9_33 = 0.391667
  解不是整数，开始分支...
ImposedVertex(vertex=9)
ForbidVertex(vertex=9)
  创建了 2 个分支
    添加分支节点 1: ID=256
    添加分支节点 2: ID=257

处理节点 252
  开始列生成求解...
Set parameter LogToConsole to value 0
Set parameter Threads to value 1
Set parameter Seed to value 0
  定价策略: Exact, node=252, vertices=14
Set parameter PoolSearchMode to value 2
Set parameter PoolSolutions to value 10
[CG 1] RMP=11.000000, pricing=ExactPricingSolver, new_columns=10
[CG 2] RMP=11.000000, pricing=ExactPricingSolver, new_columns=0
  搜索路径: [1, 2, 3, 6, 7, 10, 11, 12, 13, 14, 15, 22, 23, 26, 27, 9, 32, 33, 36, 37, 8, 19, 44, 45, 18, 50, 51, 40, 41, 48, 55, 62, 63, 56, 68, 69, 70, 71, 60, 78, 79, 59, 58, 61, 54, 88, 89, 81, 80, 57, 49, 96, 97, 98, 99, 100, 104, 105, 108, 109, 110, 111, 114, 115, 101, 82, 83, 124, 125, 30, 128, 129, 130, 131, 134, 135, 138, 139, 140, 142, 143, 141, 144, 145, 31, 146, 147, 148, 149, 152, 153, 84, 85, 35, 21, 20, 34, 162, 163, 166, 167, 168, 169, 170, 171, 174, 175, 178, 179, 112, 113, 186, 187, 161, 160, 180, 181, 165, 164, 150, 151, 201, 205, 208, 209, 122, 210, 211, 103, 203, 107, 123, 204, 91, 216, 217, 224, 225, 220, 221, 199, 200, 202, 236, 237, 106, 196, 197, 198, 102, 87, 252]
  列生成求解结果: 目标值=11.0000， 下界=7.0000， 上界=11.0000

处理节点 257
  开始列生成求解...
Set parameter LogToConsole to value 0
Set parameter Threads to value 1
Set parameter Seed to value 0
  定价策略: Exact, node=257, vertices=17
Set parameter PoolSearchMode to value 2
Set parameter PoolSolutions to value 10
[CG 1] RMP=12.000000, pricing=ExactPricingSolver, new_columns=10
[CG 2] RMP=11.000000, pricing=ExactPricingSolver, new_columns=0
  搜索路径: [1, 2, 3, 6, 7, 10, 11, 12, 13, 14, 15, 22, 23, 26, 27, 9, 32, 33, 36, 37, 8, 19, 44, 45, 18, 50, 51, 40, 41, 48, 55, 62, 63, 56, 68, 69, 70, 71, 60, 78, 79, 59, 58, 61, 54, 88, 89, 81, 80, 57, 49, 96, 97, 98, 99, 100, 104, 105, 108, 109, 110, 111, 114, 115, 101, 82, 83, 124, 125, 30, 128, 129, 130, 131, 134, 135, 138, 139, 140, 142, 143, 141, 144, 145, 31, 146, 147, 148, 149, 152, 153, 84, 85, 35, 21, 20, 34, 162, 163, 166, 167, 168, 169, 170, 171, 174, 175, 178, 179, 112, 113, 186, 187, 161, 160, 180, 181, 165, 164, 150, 151, 201, 205, 208, 209, 122, 210, 211, 103, 203, 107, 123, 204, 91, 216, 217, 224, 225, 220, 221, 199, 200, 202, 236, 237, 106, 196, 197, 198, 102, 87, 252, 257]
  列生成求解结果: 目标值=11.0000， 下界=7.0000， 上界=11.0000

处理节点 253
  开始列生成求解...
Set parameter LogToConsole to value 0
Set parameter Threads to value 1
Set parameter Seed to value 0
  定价策略: Exact, node=253, vertices=15
Set parameter PoolSearchMode to value 2
Set parameter PoolSolutions to value 10
[CG 1] RMP=9.000000, pricing=ExactPricingSolver, new_columns=10
[CG 2] RMP=7.000000, pricing=ExactPricingSolver, new_columns=0
  搜索路径: [1, 2, 3, 6, 7, 10, 11, 12, 13, 14, 15, 22, 23, 26, 27, 9, 32, 33, 36, 37, 8, 19, 44, 45, 18, 50, 51, 40, 41, 48, 55, 62, 63, 56, 68, 69, 70, 71, 60, 78, 79, 59, 58, 61, 54, 88, 89, 81, 80, 57, 49, 96, 97, 98, 99, 100, 104, 105, 108, 109, 110, 111, 114, 115, 101, 82, 83, 124, 125, 30, 128, 129, 130, 131, 134, 135, 138, 139, 140, 142, 143, 141, 144, 145, 31, 146, 147, 148, 149, 152, 153, 84, 85, 35, 21, 20, 34, 162, 163, 166, 167, 168, 169, 170, 171, 174, 175, 178, 179, 112, 113, 186, 187, 161, 160, 180, 181, 165, 164, 150, 151, 201, 205, 208, 209, 122, 210, 211, 103, 203, 107, 123, 204, 91, 216, 217, 224, 225, 220, 221, 199, 200, 202, 236, 237, 106, 196, 197, 198, 102, 87, 252, 257, 253]
  列生成求解结果: 目标值=7.0000， 下界=7.0000， 上界=11.0000
    非整数变量: COL_1-14-18-21-25-7_877 = 0.700000
  解不是整数，开始分支...
ImposedVertex(vertex=14)
ForbidVertex(vertex=14)
  创建了 2 个分支
    添加分支节点 1: ID=258
    添加分支节点 2: ID=259

处理节点 254
  开始列生成求解...
Set parameter LogToConsole to value 0
Set parameter Threads to value 1
Set parameter Seed to value 0
  定价策略: Exact, node=254, vertices=16
Set parameter PoolSearchMode to value 2
Set parameter PoolSolutions to value 10
[CG 1] RMP=12.000000, pricing=ExactPricingSolver, new_columns=0
  搜索路径: [1, 2, 3, 6, 7, 10, 11, 12, 13, 14, 15, 22, 23, 26, 27, 9, 32, 33, 36, 37, 8, 19, 44, 45, 18, 50, 51, 40, 41, 48, 55, 62, 63, 56, 68, 69, 70, 71, 60, 78, 79, 59, 58, 61, 54, 88, 89, 81, 80, 57, 49, 96, 97, 98, 99, 100, 104, 105, 108, 109, 110, 111, 114, 115, 101, 82, 83, 124, 125, 30, 128, 129, 130, 131, 134, 135, 138, 139, 140, 142, 143, 141, 144, 145, 31, 146, 147, 148, 149, 152, 153, 84, 85, 35, 21, 20, 34, 162, 163, 166, 167, 168, 169, 170, 171, 174, 175, 178, 179, 112, 113, 186, 187, 161, 160, 180, 181, 165, 164, 150, 151, 201, 205, 208, 209, 122, 210, 211, 103, 203, 107, 123, 204, 91, 216, 217, 224, 225, 220, 221, 199, 200, 202, 236, 237, 106, 196, 197, 198, 102, 87, 252, 257, 253, 254]
  列生成求解结果: 目标值=12.0000， 下界=7.0000， 上界=11.0000

处理节点 255
  开始列生成求解...
Set parameter LogToConsole to value 0
Set parameter Threads to value 1
Set parameter Seed to value 0
  定价策略: Exact, node=255, vertices=16
Set parameter PoolSearchMode to value 2
Set parameter PoolSolutions to value 10
[CG 1] RMP=10.000000, pricing=ExactPricingSolver, new_columns=0
  搜索路径: [1, 2, 3, 6, 7, 10, 11, 12, 13, 14, 15, 22, 23, 26, 27, 9, 32, 33, 36, 37, 8, 19, 44, 45, 18, 50, 51, 40, 41, 48, 55, 62, 63, 56, 68, 69, 70, 71, 60, 78, 79, 59, 58, 61, 54, 88, 89, 81, 80, 57, 49, 96, 97, 98, 99, 100, 104, 105, 108, 109, 110, 111, 114, 115, 101, 82, 83, 124, 125, 30, 128, 129, 130, 131, 134, 135, 138, 139, 140, 142, 143, 141, 144, 145, 31, 146, 147, 148, 149, 152, 153, 84, 85, 35, 21, 20, 34, 162, 163, 166, 167, 168, 169, 170, 171, 174, 175, 178, 179, 112, 113, 186, 187, 161, 160, 180, 181, 165, 164, 150, 151, 201, 205, 208, 209, 122, 210, 211, 103, 203, 107, 123, 204, 91, 216, 217, 224, 225, 220, 221, 199, 200, 202, 236, 237, 106, 196, 197, 198, 102, 87, 252, 257, 253, 254, 255]
  列生成求解结果: 目标值=10.0000， 下界=7.0000， 上界=11.0000
    非整数变量: COL_0-24-26-4-7-9_211 = 0.500000
  解不是整数，开始分支...
ImposedVertex(vertex=24)
ForbidVertex(vertex=24)
  创建了 2 个分支
    添加分支节点 1: ID=260
    添加分支节点 2: ID=261

处理节点 256
  开始列生成求解...
Set parameter LogToConsole to value 0
Set parameter Threads to value 1
Set parameter Seed to value 0
  定价策略: Exact, node=256, vertices=17
Set parameter PoolSearchMode to value 2
Set parameter PoolSolutions to value 10
[CG 1] RMP=10.000000, pricing=ExactPricingSolver, new_columns=10
[CG 2] RMP=7.000000, pricing=ExactPricingSolver, new_columns=0
  搜索路径: [1, 2, 3, 6, 7, 10, 11, 12, 13, 14, 15, 22, 23, 26, 27, 9, 32, 33, 36, 37, 8, 19, 44, 45, 18, 50, 51, 40, 41, 48, 55, 62, 63, 56, 68, 69, 70, 71, 60, 78, 79, 59, 58, 61, 54, 88, 89, 81, 80, 57, 49, 96, 97, 98, 99, 100, 104, 105, 108, 109, 110, 111, 114, 115, 101, 82, 83, 124, 125, 30, 128, 129, 130, 131, 134, 135, 138, 139, 140, 142, 143, 141, 144, 145, 31, 146, 147, 148, 149, 152, 153, 84, 85, 35, 21, 20, 34, 162, 163, 166, 167, 168, 169, 170, 171, 174, 175, 178, 179, 112, 113, 186, 187, 161, 160, 180, 181, 165, 164, 150, 151, 201, 205, 208, 209, 122, 210, 211, 103, 203, 107, 123, 204, 91, 216, 217, 224, 225, 220, 221, 199, 200, 202, 236, 237, 106, 196, 197, 198, 102, 87, 252, 257, 253, 254, 255, 256]
  列生成求解结果: 目标值=7.0000， 下界=7.0000， 上界=11.0000
    非整数变量: COL_13-2-24-6_93 = 0.125000
  解不是整数，开始分支...
ImposedVertex(vertex=2)
ForbidVertex(vertex=2)
  创建了 2 个分支
    添加分支节点 1: ID=262
    添加分支节点 2: ID=263

处理节点 258
  开始列生成求解...
Set parameter LogToConsole to value 0
Set parameter Threads to value 1
Set parameter Seed to value 0
  定价策略: Exact, node=258, vertices=14
Set parameter PoolSearchMode to value 2
Set parameter PoolSolutions to value 10
[CG 1] RMP=10.000000, pricing=ExactPricingSolver, new_columns=0
  搜索路径: [1, 2, 3, 6, 7, 10, 11, 12, 13, 14, 15, 22, 23, 26, 27, 9, 32, 33, 36, 37, 8, 19, 44, 45, 18, 50, 51, 40, 41, 48, 55, 62, 63, 56, 68, 69, 70, 71, 60, 78, 79, 59, 58, 61, 54, 88, 89, 81, 80, 57, 49, 96, 97, 98, 99, 100, 104, 105, 108, 109, 110, 111, 114, 115, 101, 82, 83, 124, 125, 30, 128, 129, 130, 131, 134, 135, 138, 139, 140, 142, 143, 141, 144, 145, 31, 146, 147, 148, 149, 152, 153, 84, 85, 35, 21, 20, 34, 162, 163, 166, 167, 168, 169, 170, 171, 174, 175, 178, 179, 112, 113, 186, 187, 161, 160, 180, 181, 165, 164, 150, 151, 201, 205, 208, 209, 122, 210, 211, 103, 203, 107, 123, 204, 91, 216, 217, 224, 225, 220, 221, 199, 200, 202, 236, 237, 106, 196, 197, 198, 102, 87, 252, 257, 253, 254, 255, 256, 258]
  列生成求解结果: 目标值=10.0000， 下界=7.0000， 上界=11.0000
    非整数变量: COL_1-18-21-25-26-7_876 = 0.500000
  解不是整数，开始分支...
ImposedVertex(vertex=21)
ForbidVertex(vertex=21)
  创建了 2 个分支
    添加分支节点 1: ID=264
    添加分支节点 2: ID=265

处理节点 263
  开始列生成求解...
Set parameter LogToConsole to value 0
Set parameter Threads to value 1
Set parameter Seed to value 0
  定价策略: Exact, node=263, vertices=16
Set parameter PoolSearchMode to value 2
Set parameter PoolSolutions to value 10
[CG 1] RMP=12.000000, pricing=ExactPricingSolver, new_columns=0
  搜索路径: [1, 2, 3, 6, 7, 10, 11, 12, 13, 14, 15, 22, 23, 26, 27, 9, 32, 33, 36, 37, 8, 19, 44, 45, 18, 50, 51, 40, 41, 48, 55, 62, 63, 56, 68, 69, 70, 71, 60, 78, 79, 59, 58, 61, 54, 88, 89, 81, 80, 57, 49, 96, 97, 98, 99, 100, 104, 105, 108, 109, 110, 111, 114, 115, 101, 82, 83, 124, 125, 30, 128, 129, 130, 131, 134, 135, 138, 139, 140, 142, 143, 141, 144, 145, 31, 146, 147, 148, 149, 152, 153, 84, 85, 35, 21, 20, 34, 162, 163, 166, 167, 168, 169, 170, 171, 174, 175, 178, 179, 112, 113, 186, 187, 161, 160, 180, 181, 165, 164, 150, 151, 201, 205, 208, 209, 122, 210, 211, 103, 203, 107, 123, 204, 91, 216, 217, 224, 225, 220, 221, 199, 200, 202, 236, 237, 106, 196, 197, 198, 102, 87, 252, 257, 253, 254, 255, 256, 258, 263]
  列生成求解结果: 目标值=12.0000， 下界=7.0000， 上界=11.0000

处理节点 259
  开始列生成求解...
Set parameter LogToConsole to value 0
Set parameter Threads to value 1
Set parameter Seed to value 0
  定价策略: Exact, node=259, vertices=14
Set parameter PoolSearchMode to value 2
Set parameter PoolSolutions to value 10
[CG 1] RMP=9.000000, pricing=ExactPricingSolver, new_columns=0
  搜索路径: [1, 2, 3, 6, 7, 10, 11, 12, 13, 14, 15, 22, 23, 26, 27, 9, 32, 33, 36, 37, 8, 19, 44, 45, 18, 50, 51, 40, 41, 48, 55, 62, 63, 56, 68, 69, 70, 71, 60, 78, 79, 59, 58, 61, 54, 88, 89, 81, 80, 57, 49, 96, 97, 98, 99, 100, 104, 105, 108, 109, 110, 111, 114, 115, 101, 82, 83, 124, 125, 30, 128, 129, 130, 131, 134, 135, 138, 139, 140, 142, 143, 141, 144, 145, 31, 146, 147, 148, 149, 152, 153, 84, 85, 35, 21, 20, 34, 162, 163, 166, 167, 168, 169, 170, 171, 174, 175, 178, 179, 112, 113, 186, 187, 161, 160, 180, 181, 165, 164, 150, 151, 201, 205, 208, 209, 122, 210, 211, 103, 203, 107, 123, 204, 91, 216, 217, 224, 225, 220, 221, 199, 200, 202, 236, 237, 106, 196, 197, 198, 102, 87, 252, 257, 253, 254, 255, 256, 258, 263, 259]
  列生成求解结果: 目标值=9.0000， 下界=7.0000， 上界=11.0000
    非整数变量: COL_1-18-21-25_869 = 0.400000
  解不是整数，开始分支...
ImposedVertex(vertex=21)
ForbidVertex(vertex=21)
  创建了 2 个分支
    添加分支节点 1: ID=266
    添加分支节点 2: ID=267
  进度: 已处理 160 个节点, 剩余 97 个, 当前最优 11.0000, 当前列数: 1228

处理节点 262
  开始列生成求解...
Set parameter LogToConsole to value 0
Set parameter Threads to value 1
Set parameter Seed to value 0
  定价策略: Exact, node=262, vertices=16
Set parameter PoolSearchMode to value 2
Set parameter PoolSolutions to value 10
[CG 1] RMP=9.000000, pricing=ExactPricingSolver, new_columns=10
[CG 2] RMP=7.000000, pricing=ExactPricingSolver, new_columns=0
  搜索路径: [1, 2, 3, 6, 7, 10, 11, 12, 13, 14, 15, 22, 23, 26, 27, 9, 32, 33, 36, 37, 8, 19, 44, 45, 18, 50, 51, 40, 41, 48, 55, 62, 63, 56, 68, 69, 70, 71, 60, 78, 79, 59, 58, 61, 54, 88, 89, 81, 80, 57, 49, 96, 97, 98, 99, 100, 104, 105, 108, 109, 110, 111, 114, 115, 101, 82, 83, 124, 125, 30, 128, 129, 130, 131, 134, 135, 138, 139, 140, 142, 143, 141, 144, 145, 31, 146, 147, 148, 149, 152, 153, 84, 85, 35, 21, 20, 34, 162, 163, 166, 167, 168, 169, 170, 171, 174, 175, 178, 179, 112, 113, 186, 187, 161, 160, 180, 181, 165, 164, 150, 151, 201, 205, 208, 209, 122, 210, 211, 103, 203, 107, 123, 204, 91, 216, 217, 224, 225, 220, 221, 199, 200, 202, 236, 237, 106, 196, 197, 198, 102, 87, 252, 257, 253, 254, 255, 256, 258, 263, 259, 262]
  列生成求解结果: 目标值=7.0000， 下界=7.0000， 上界=11.0000
    非整数变量: COL_13-2-24-6_93 = 0.458333
  解不是整数，开始分支...
ImposedVertex(vertex=6)
ForbidVertex(vertex=6)
  创建了 2 个分支
    添加分支节点 1: ID=268
    添加分支节点 2: ID=269

处理节点 90
  开始列生成求解...
Set parameter LogToConsole to value 0
Set parameter Threads to value 1
Set parameter Seed to value 0
  定价策略: Exact, node=90, vertices=16
Set parameter PoolSearchMode to value 2
Set parameter PoolSolutions to value 10
[CG 1] RMP=7.000000, pricing=ExactPricingSolver, new_columns=0
  搜索路径: [1, 2, 3, 6, 7, 10, 11, 12, 13, 14, 15, 22, 23, 26, 27, 9, 32, 33, 36, 37, 8, 19, 44, 45, 18, 50, 51, 40, 41, 48, 55, 62, 63, 56, 68, 69, 70, 71, 60, 78, 79, 59, 58, 61, 54, 88, 89, 81, 80, 57, 49, 96, 97, 98, 99, 100, 104, 105, 108, 109, 110, 111, 114, 115, 101, 82, 83, 124, 125, 30, 128, 129, 130, 131, 134, 135, 138, 139, 140, 142, 143, 141, 144, 145, 31, 146, 147, 148, 149, 152, 153, 84, 85, 35, 21, 20, 34, 162, 163, 166, 167, 168, 169, 170, 171, 174, 175, 178, 179, 112, 113, 186, 187, 161, 160, 180, 181, 165, 164, 150, 151, 201, 205, 208, 209, 122, 210, 211, 103, 203, 107, 123, 204, 91, 216, 217, 224, 225, 220, 221, 199, 200, 202, 236, 237, 106, 196, 197, 198, 102, 87, 252, 257, 253, 254, 255, 256, 258, 263, 259, 262, 90]
  列生成求解结果: 目标值=7.0000， 下界=7.0000， 上界=11.0000
    非整数变量: COL_1-18-23-9_38 = 0.416667
  解不是整数，开始分支...
ImposedVertex(vertex=7)
ForbidVertex(vertex=7)
  创建了 2 个分支
    添加分支节点 1: ID=270
    添加分支节点 2: ID=271

处理节点 268
  开始列生成求解...
Set parameter LogToConsole to value 0
Set parameter Threads to value 1
Set parameter Seed to value 0
  定价策略: Exact, node=268, vertices=15
Set parameter PoolSearchMode to value 2
Set parameter PoolSolutions to value 10
[CG 1] RMP=12.000000, pricing=ExactPricingSolver, new_columns=10
[CG 2] RMP=9.333333, pricing=ExactPricingSolver, new_columns=10
[CG 3] RMP=9.000000, pricing=ExactPricingSolver, new_columns=0
  搜索路径: [1, 2, 3, 6, 7, 10, 11, 12, 13, 14, 15, 22, 23, 26, 27, 9, 32, 33, 36, 37, 8, 19, 44, 45, 18, 50, 51, 40, 41, 48, 55, 62, 63, 56, 68, 69, 70, 71, 60, 78, 79, 59, 58, 61, 54, 88, 89, 81, 80, 57, 49, 96, 97, 98, 99, 100, 104, 105, 108, 109, 110, 111, 114, 115, 101, 82, 83, 124, 125, 30, 128, 129, 130, 131, 134, 135, 138, 139, 140, 142, 143, 141, 144, 145, 31, 146, 147, 148, 149, 152, 153, 84, 85, 35, 21, 20, 34, 162, 163, 166, 167, 168, 169, 170, 171, 174, 175, 178, 179, 112, 113, 186, 187, 161, 160, 180, 181, 165, 164, 150, 151, 201, 205, 208, 209, 122, 210, 211, 103, 203, 107, 123, 204, 91, 216, 217, 224, 225, 220, 221, 199, 200, 202, 236, 237, 106, 196, 197, 198, 102, 87, 252, 257, 253, 254, 255, 256, 258, 263, 259, 262, 90, 268]
  列生成求解结果: 目标值=9.0000， 下界=7.0000， 上界=11.0000
    非整数变量: COL_13-2-24-6_93 = 0.375000
  解不是整数，开始分支...
ImposedVertex(vertex=26)
ForbidVertex(vertex=26)
  创建了 2 个分支
    添加分支节点 1: ID=272
    添加分支节点 2: ID=273

处理节点 269
  开始列生成求解...
Set parameter LogToConsole to value 0
Set parameter Threads to value 1
Set parameter Seed to value 0
  定价策略: Exact, node=269, vertices=15
Set parameter PoolSearchMode to value 2
Set parameter PoolSolutions to value 10
[CG 1] RMP=7.466667, pricing=ExactPricingSolver, new_columns=10
[CG 2] RMP=7.000000, pricing=ExactPricingSolver, new_columns=0
  搜索路径: [1, 2, 3, 6, 7, 10, 11, 12, 13, 14, 15, 22, 23, 26, 27, 9, 32, 33, 36, 37, 8, 19, 44, 45, 18, 50, 51, 40, 41, 48, 55, 62, 63, 56, 68, 69, 70, 71, 60, 78, 79, 59, 58, 61, 54, 88, 89, 81, 80, 57, 49, 96, 97, 98, 99, 100, 104, 105, 108, 109, 110, 111, 114, 115, 101, 82, 83, 124, 125, 30, 128, 129, 130, 131, 134, 135, 138, 139, 140, 142, 143, 141, 144, 145, 31, 146, 147, 148, 149, 152, 153, 84, 85, 35, 21, 20, 34, 162, 163, 166, 167, 168, 169, 170, 171, 174, 175, 178, 179, 112, 113, 186, 187, 161, 160, 180, 181, 165, 164, 150, 151, 201, 205, 208, 209, 122, 210, 211, 103, 203, 107, 123, 204, 91, 216, 217, 224, 225, 220, 221, 199, 200, 202, 236, 237, 106, 196, 197, 198, 102, 87, 252, 257, 253, 254, 255, 256, 258, 263, 259, 262, 90, 268, 269]
  列生成求解结果: 目标值=7.0000， 下界=7.0000， 上界=11.0000
    非整数变量: COL_2-26-4-7-9_124 = 0.500000
  解不是整数，开始分支...
ImposedVertex(vertex=26)
ForbidVertex(vertex=26)
  创建了 2 个分支
    添加分支节点 1: ID=274
    添加分支节点 2: ID=275

处理节点 270
  开始列生成求解...
Set parameter LogToConsole to value 0
Set parameter Threads to value 1
Set parameter Seed to value 0
  定价策略: Exact, node=270, vertices=15
Set parameter PoolSearchMode to value 2
Set parameter PoolSolutions to value 10
[CG 1] RMP=7.000000, pricing=ExactPricingSolver, new_columns=0
  搜索路径: [1, 2, 3, 6, 7, 10, 11, 12, 13, 14, 15, 22, 23, 26, 27, 9, 32, 33, 36, 37, 8, 19, 44, 45, 18, 50, 51, 40, 41, 48, 55, 62, 63, 56, 68, 69, 70, 71, 60, 78, 79, 59, 58, 61, 54, 88, 89, 81, 80, 57, 49, 96, 97, 98, 99, 100, 104, 105, 108, 109, 110, 111, 114, 115, 101, 82, 83, 124, 125, 30, 128, 129, 130, 131, 134, 135, 138, 139, 140, 142, 143, 141, 144, 145, 31, 146, 147, 148, 149, 152, 153, 84, 85, 35, 21, 20, 34, 162, 163, 166, 167, 168, 169, 170, 171, 174, 175, 178, 179, 112, 113, 186, 187, 161, 160, 180, 181, 165, 164, 150, 151, 201, 205, 208, 209, 122, 210, 211, 103, 203, 107, 123, 204, 91, 216, 217, 224, 225, 220, 221, 199, 200, 202, 236, 237, 106, 196, 197, 198, 102, 87, 252, 257, 253, 254, 255, 256, 258, 263, 259, 262, 90, 268, 269, 270]
  列生成求解结果: 目标值=7.0000， 下界=7.0000， 上界=11.0000
    非整数变量: COL_1-18-23-9_38 = 0.500000
  解不是整数，开始分支...
ImposedVertex(vertex=20)
ForbidVertex(vertex=20)
  创建了 2 个分支
    添加分支节点 1: ID=276
    添加分支节点 2: ID=277

处理节点 271
  开始列生成求解...
Set parameter LogToConsole to value 0
Set parameter Threads to value 1
Set parameter Seed to value 0
  定价策略: Exact, node=271, vertices=15
Set parameter PoolSearchMode to value 2
Set parameter PoolSolutions to value 10
[CG 1] RMP=12.000000, pricing=ExactPricingSolver, new_columns=0
  搜索路径: [1, 2, 3, 6, 7, 10, 11, 12, 13, 14, 15, 22, 23, 26, 27, 9, 32, 33, 36, 37, 8, 19, 44, 45, 18, 50, 51, 40, 41, 48, 55, 62, 63, 56, 68, 69, 70, 71, 60, 78, 79, 59, 58, 61, 54, 88, 89, 81, 80, 57, 49, 96, 97, 98, 99, 100, 104, 105, 108, 109, 110, 111, 114, 115, 101, 82, 83, 124, 125, 30, 128, 129, 130, 131, 134, 135, 138, 139, 140, 142, 143, 141, 144, 145, 31, 146, 147, 148, 149, 152, 153, 84, 85, 35, 21, 20, 34, 162, 163, 166, 167, 168, 169, 170, 171, 174, 175, 178, 179, 112, 113, 186, 187, 161, 160, 180, 181, 165, 164, 150, 151, 201, 205, 208, 209, 122, 210, 211, 103, 203, 107, 123, 204, 91, 216, 217, 224, 225, 220, 221, 199, 200, 202, 236, 237, 106, 196, 197, 198, 102, 87, 252, 257, 253, 254, 255, 256, 258, 263, 259, 262, 90, 268, 269, 270, 271]
  列生成求解结果: 目标值=12.0000， 下界=7.0000， 上界=11.0000

处理节点 274
  开始列生成求解...
Set parameter LogToConsole to value 0
Set parameter Threads to value 1
Set parameter Seed to value 0
  定价策略: Exact, node=274, vertices=14
Set parameter PoolSearchMode to value 2
Set parameter PoolSolutions to value 10
[CG 1] RMP=10.000000, pricing=ExactPricingSolver, new_columns=0
  搜索路径: [1, 2, 3, 6, 7, 10, 11, 12, 13, 14, 15, 22, 23, 26, 27, 9, 32, 33, 36, 37, 8, 19, 44, 45, 18, 50, 51, 40, 41, 48, 55, 62, 63, 56, 68, 69, 70, 71, 60, 78, 79, 59, 58, 61, 54, 88, 89, 81, 80, 57, 49, 96, 97, 98, 99, 100, 104, 105, 108, 109, 110, 111, 114, 115, 101, 82, 83, 124, 125, 30, 128, 129, 130, 131, 134, 135, 138, 139, 140, 142, 143, 141, 144, 145, 31, 146, 147, 148, 149, 152, 153, 84, 85, 35, 21, 20, 34, 162, 163, 166, 167, 168, 169, 170, 171, 174, 175, 178, 179, 112, 113, 186, 187, 161, 160, 180, 181, 165, 164, 150, 151, 201, 205, 208, 209, 122, 210, 211, 103, 203, 107, 123, 204, 91, 216, 217, 224, 225, 220, 221, 199, 200, 202, 236, 237, 106, 196, 197, 198, 102, 87, 252, 257, 253, 254, 255, 256, 258, 263, 259, 262, 90, 268, 269, 270, 271, 274]
  列生成求解结果: 目标值=10.0000， 下界=7.0000， 上界=11.0000
    非整数变量: COL_13-18-2-20-26-9_288 = 0.500000
  解不是整数，开始分支...
ImposedVertex(vertex=20)
ForbidVertex(vertex=20)
  创建了 2 个分支
    添加分支节点 1: ID=278
    添加分支节点 2: ID=279

处理节点 275
  开始列生成求解...
Set parameter LogToConsole to value 0
Set parameter Threads to value 1
Set parameter Seed to value 0
  定价策略: Exact, node=275, vertices=14
Set parameter PoolSearchMode to value 2
Set parameter PoolSolutions to value 10
[CG 1] RMP=12.000000, pricing=ExactPricingSolver, new_columns=0
  搜索路径: [1, 2, 3, 6, 7, 10, 11, 12, 13, 14, 15, 22, 23, 26, 27, 9, 32, 33, 36, 37, 8, 19, 44, 45, 18, 50, 51, 40, 41, 48, 55, 62, 63, 56, 68, 69, 70, 71, 60, 78, 79, 59, 58, 61, 54, 88, 89, 81, 80, 57, 49, 96, 97, 98, 99, 100, 104, 105, 108, 109, 110, 111, 114, 115, 101, 82, 83, 124, 125, 30, 128, 129, 130, 131, 134, 135, 138, 139, 140, 142, 143, 141, 144, 145, 31, 146, 147, 148, 149, 152, 153, 84, 85, 35, 21, 20, 34, 162, 163, 166, 167, 168, 169, 170, 171, 174, 175, 178, 179, 112, 113, 186, 187, 161, 160, 180, 181, 165, 164, 150, 151, 201, 205, 208, 209, 122, 210, 211, 103, 203, 107, 123, 204, 91, 216, 217, 224, 225, 220, 221, 199, 200, 202, 236, 237, 106, 196, 197, 198, 102, 87, 252, 257, 253, 254, 255, 256, 258, 263, 259, 262, 90, 268, 269, 270, 271, 274, 275]
  列生成求解结果: 目标值=12.0000， 下界=7.0000， 上界=11.0000

处理节点 276
  开始列生成求解...
Set parameter LogToConsole to value 0
Set parameter Threads to value 1
Set parameter Seed to value 0
  定价策略: Exact, node=276, vertices=14
Set parameter PoolSearchMode to value 2
Set parameter PoolSolutions to value 10
[CG 1] RMP=1009.000000, pricing=ExactPricingSolver, new_columns=10
[CG 2] RMP=8.000000, pricing=ExactPricingSolver, new_columns=0
  搜索路径: [1, 2, 3, 6, 7, 10, 11, 12, 13, 14, 15, 22, 23, 26, 27, 9, 32, 33, 36, 37, 8, 19, 44, 45, 18, 50, 51, 40, 41, 48, 55, 62, 63, 56, 68, 69, 70, 71, 60, 78, 79, 59, 58, 61, 54, 88, 89, 81, 80, 57, 49, 96, 97, 98, 99, 100, 104, 105, 108, 109, 110, 111, 114, 115, 101, 82, 83, 124, 125, 30, 128, 129, 130, 131, 134, 135, 138, 139, 140, 142, 143, 141, 144, 145, 31, 146, 147, 148, 149, 152, 153, 84, 85, 35, 21, 20, 34, 162, 163, 166, 167, 168, 169, 170, 171, 174, 175, 178, 179, 112, 113, 186, 187, 161, 160, 180, 181, 165, 164, 150, 151, 201, 205, 208, 209, 122, 210, 211, 103, 203, 107, 123, 204, 91, 216, 217, 224, 225, 220, 221, 199, 200, 202, 236, 237, 106, 196, 197, 198, 102, 87, 252, 257, 253, 254, 255, 256, 258, 263, 259, 262, 90, 268, 269, 270, 271, 274, 275, 276]
  列生成求解结果: 目标值=8.0000， 下界=7.0000， 上界=11.0000
    非整数变量: COL_1-18-23-7-9_42 = 0.272727
  解不是整数，开始分支...
ImposedVertex(vertex=9)
ForbidVertex(vertex=9)
  创建了 2 个分支
    添加分支节点 1: ID=280
    添加分支节点 2: ID=281

处理节点 277
  开始列生成求解...
Set parameter LogToConsole to value 0
Set parameter Threads to value 1
Set parameter Seed to value 0
  定价策略: Exact, node=277, vertices=14
Set parameter PoolSearchMode to value 2
Set parameter PoolSolutions to value 10
[CG 1] RMP=14.000000, pricing=ExactPricingSolver, new_columns=10
[CG 2] RMP=14.000000, pricing=ExactPricingSolver, new_columns=10
[CG 3] RMP=10.000000, pricing=ExactPricingSolver, new_columns=10
[CG 4] RMP=9.000000, pricing=ExactPricingSolver, new_columns=0
  搜索路径: [1, 2, 3, 6, 7, 10, 11, 12, 13, 14, 15, 22, 23, 26, 27, 9, 32, 33, 36, 37, 8, 19, 44, 45, 18, 50, 51, 40, 41, 48, 55, 62, 63, 56, 68, 69, 70, 71, 60, 78, 79, 59, 58, 61, 54, 88, 89, 81, 80, 57, 49, 96, 97, 98, 99, 100, 104, 105, 108, 109, 110, 111, 114, 115, 101, 82, 83, 124, 125, 30, 128, 129, 130, 131, 134, 135, 138, 139, 140, 142, 143, 141, 144, 145, 31, 146, 147, 148, 149, 152, 153, 84, 85, 35, 21, 20, 34, 162, 163, 166, 167, 168, 169, 170, 171, 174, 175, 178, 179, 112, 113, 186, 187, 161, 160, 180, 181, 165, 164, 150, 151, 201, 205, 208, 209, 122, 210, 211, 103, 203, 107, 123, 204, 91, 216, 217, 224, 225, 220, 221, 199, 200, 202, 236, 237, 106, 196, 197, 198, 102, 87, 252, 257, 253, 254, 255, 256, 258, 263, 259, 262, 90, 268, 269, 270, 271, 274, 275, 276, 277]
  列生成求解结果: 目标值=9.0000， 下界=7.0000， 上界=11.0000
    非整数变量: COL_1-18-23-7-9_42 = 0.600000
  解不是整数，开始分支...
ImposedVertex(vertex=9)
ForbidVertex(vertex=9)
  创建了 2 个分支
    添加分支节点 1: ID=282
    添加分支节点 2: ID=283
  进度: 已处理 170 个节点, 剩余 103 个, 当前最优 11.0000, 当前列数: 1308

处理节点 86
  开始列生成求解...
Set parameter LogToConsole to value 0
Set parameter Threads to value 1
Set parameter Seed to value 0
  定价策略: Exact, node=86, vertices=17
Set parameter PoolSearchMode to value 2
Set parameter PoolSolutions to value 10
[CG 1] RMP=12.000000, pricing=ExactPricingSolver, new_columns=10
[CG 2] RMP=12.000000, pricing=ExactPricingSolver, new_columns=10
[CG 3] RMP=10.000000, pricing=ExactPricingSolver, new_columns=10
[CG 4] RMP=7.000000, pricing=ExactPricingSolver, new_columns=0
  搜索路径: [1, 2, 3, 6, 7, 10, 11, 12, 13, 14, 15, 22, 23, 26, 27, 9, 32, 33, 36, 37, 8, 19, 44, 45, 18, 50, 51, 40, 41, 48, 55, 62, 63, 56, 68, 69, 70, 71, 60, 78, 79, 59, 58, 61, 54, 88, 89, 81, 80, 57, 49, 96, 97, 98, 99, 100, 104, 105, 108, 109, 110, 111, 114, 115, 101, 82, 83, 124, 125, 30, 128, 129, 130, 131, 134, 135, 138, 139, 140, 142, 143, 141, 144, 145, 31, 146, 147, 148, 149, 152, 153, 84, 85, 35, 21, 20, 34, 162, 163, 166, 167, 168, 169, 170, 171, 174, 175, 178, 179, 112, 113, 186, 187, 161, 160, 180, 181, 165, 164, 150, 151, 201, 205, 208, 209, 122, 210, 211, 103, 203, 107, 123, 204, 91, 216, 217, 224, 225, 220, 221, 199, 200, 202, 236, 237, 106, 196, 197, 198, 102, 87, 252, 257, 253, 254, 255, 256, 258, 263, 259, 262, 90, 268, 269, 270, 271, 274, 275, 276, 277, 86]
  列生成求解结果: 目标值=7.0000， 下界=7.0000， 上界=11.0000
    非整数变量: COL_18-23-9_33 = 0.138889
  解不是整数，开始分支...
ImposedVertex(vertex=9)
ForbidVertex(vertex=9)
  创建了 2 个分支
    添加分支节点 1: ID=284
    添加分支节点 2: ID=285

处理节点 72
  开始列生成求解...
Set parameter LogToConsole to value 0
Set parameter Threads to value 1
Set parameter Seed to value 0
  定价策略: Exact, node=72, vertices=15
Set parameter PoolSearchMode to value 2
Set parameter PoolSolutions to value 10
[CG 1] RMP=7.000000, pricing=ExactPricingSolver, new_columns=0
  搜索路径: [1, 2, 3, 6, 7, 10, 11, 12, 13, 14, 15, 22, 23, 26, 27, 9, 32, 33, 36, 37, 8, 19, 44, 45, 18, 50, 51, 40, 41, 48, 55, 62, 63, 56, 68, 69, 70, 71, 60, 78, 79, 59, 58, 61, 54, 88, 89, 81, 80, 57, 49, 96, 97, 98, 99, 100, 104, 105, 108, 109, 110, 111, 114, 115, 101, 82, 83, 124, 125, 30, 128, 129, 130, 131, 134, 135, 138, 139, 140, 142, 143, 141, 144, 145, 31, 146, 147, 148, 149, 152, 153, 84, 85, 35, 21, 20, 34, 162, 163, 166, 167, 168, 169, 170, 171, 174, 175, 178, 179, 112, 113, 186, 187, 161, 160, 180, 181, 165, 164, 150, 151, 201, 205, 208, 209, 122, 210, 211, 103, 203, 107, 123, 204, 91, 216, 217, 224, 225, 220, 221, 199, 200, 202, 236, 237, 106, 196, 197, 198, 102, 87, 252, 257, 253, 254, 255, 256, 258, 263, 259, 262, 90, 268, 269, 270, 271, 274, 275, 276, 277, 86, 72]
  列生成求解结果: 目标值=7.0000， 下界=7.0000， 上界=11.0000
    非整数变量: COL_0-18-20-26-4_51 = 0.325000
  解不是整数，开始分支...
ImposedVertex(vertex=20)
ForbidVertex(vertex=20)
  创建了 2 个分支
    添加分支节点 1: ID=286
    添加分支节点 2: ID=287

处理节点 286
  开始列生成求解...
Set parameter LogToConsole to value 0
Set parameter Threads to value 1
Set parameter Seed to value 0
  定价策略: Exact, node=286, vertices=14
Set parameter PoolSearchMode to value 2
Set parameter PoolSolutions to value 10
[CG 1] RMP=8.000000, pricing=ExactPricingSolver, new_columns=0
  搜索路径: [1, 2, 3, 6, 7, 10, 11, 12, 13, 14, 15, 22, 23, 26, 27, 9, 32, 33, 36, 37, 8, 19, 44, 45, 18, 50, 51, 40, 41, 48, 55, 62, 63, 56, 68, 69, 70, 71, 60, 78, 79, 59, 58, 61, 54, 88, 89, 81, 80, 57, 49, 96, 97, 98, 99, 100, 104, 105, 108, 109, 110, 111, 114, 115, 101, 82, 83, 124, 125, 30, 128, 129, 130, 131, 134, 135, 138, 139, 140, 142, 143, 141, 144, 145, 31, 146, 147, 148, 149, 152, 153, 84, 85, 35, 21, 20, 34, 162, 163, 166, 167, 168, 169, 170, 171, 174, 175, 178, 179, 112, 113, 186, 187, 161, 160, 180, 181, 165, 164, 150, 151, 201, 205, 208, 209, 122, 210, 211, 103, 203, 107, 123, 204, 91, 216, 217, 224, 225, 220, 221, 199, 200, 202, 236, 237, 106, 196, 197, 198, 102, 87, 252, 257, 253, 254, 255, 256, 258, 263, 259, 262, 90, 268, 269, 270, 271, 274, 275, 276, 277, 86, 72, 286]
  列生成求解结果: 目标值=8.0000， 下界=7.0000， 上界=11.0000
    非整数变量: COL_0-18-20-26-4_51 = 0.388889
  解不是整数，开始分支...
ImposedVertex(vertex=26)
ForbidVertex(vertex=26)
  创建了 2 个分支
    添加分支节点 1: ID=288
    添加分支节点 2: ID=289

处理节点 287
  开始列生成求解...
Set parameter LogToConsole to value 0
Set parameter Threads to value 1
Set parameter Seed to value 0
  定价策略: Exact, node=287, vertices=14
Set parameter PoolSearchMode to value 2
Set parameter PoolSolutions to value 10
[CG 1] RMP=9.000000, pricing=ExactPricingSolver, new_columns=0
  搜索路径: [1, 2, 3, 6, 7, 10, 11, 12, 13, 14, 15, 22, 23, 26, 27, 9, 32, 33, 36, 37, 8, 19, 44, 45, 18, 50, 51, 40, 41, 48, 55, 62, 63, 56, 68, 69, 70, 71, 60, 78, 79, 59, 58, 61, 54, 88, 89, 81, 80, 57, 49, 96, 97, 98, 99, 100, 104, 105, 108, 109, 110, 111, 114, 115, 101, 82, 83, 124, 125, 30, 128, 129, 130, 131, 134, 135, 138, 139, 140, 142, 143, 141, 144, 145, 31, 146, 147, 148, 149, 152, 153, 84, 85, 35, 21, 20, 34, 162, 163, 166, 167, 168, 169, 170, 171, 174, 175, 178, 179, 112, 113, 186, 187, 161, 160, 180, 181, 165, 164, 150, 151, 201, 205, 208, 209, 122, 210, 211, 103, 203, 107, 123, 204, 91, 216, 217, 224, 225, 220, 221, 199, 200, 202, 236, 237, 106, 196, 197, 198, 102, 87, 252, 257, 253, 254, 255, 256, 258, 263, 259, 262, 90, 268, 269, 270, 271, 274, 275, 276, 277, 86, 72, 286, 287]
  列生成求解结果: 目标值=9.0000， 下界=7.0000， 上界=11.0000
    非整数变量: COL_0-4-9_170 = 0.300000
  解不是整数，开始分支...
ImposedVertex(vertex=7)
ForbidVertex(vertex=7)
  创建了 2 个分支
    添加分支节点 1: ID=290
    添加分支节点 2: ID=291

处理节点 133
  开始列生成求解...
Set parameter LogToConsole to value 0
Set parameter Threads to value 1
Set parameter Seed to value 0
  定价策略: Exact, node=133, vertices=19
Set parameter PoolSearchMode to value 2
Set parameter PoolSolutions to value 10
[CG 1] RMP=22.000000, pricing=ExactPricingSolver, new_columns=10
[CG 2] RMP=12.000000, pricing=ExactPricingSolver, new_columns=0
  搜索路径: [1, 2, 3, 6, 7, 10, 11, 12, 13, 14, 15, 22, 23, 26, 27, 9, 32, 33, 36, 37, 8, 19, 44, 45, 18, 50, 51, 40, 41, 48, 55, 62, 63, 56, 68, 69, 70, 71, 60, 78, 79, 59, 58, 61, 54, 88, 89, 81, 80, 57, 49, 96, 97, 98, 99, 100, 104, 105, 108, 109, 110, 111, 114, 115, 101, 82, 83, 124, 125, 30, 128, 129, 130, 131, 134, 135, 138, 139, 140, 142, 143, 141, 144, 145, 31, 146, 147, 148, 149, 152, 153, 84, 85, 35, 21, 20, 34, 162, 163, 166, 167, 168, 169, 170, 171, 174, 175, 178, 179, 112, 113, 186, 187, 161, 160, 180, 181, 165, 164, 150, 151, 201, 205, 208, 209, 122, 210, 211, 103, 203, 107, 123, 204, 91, 216, 217, 224, 225, 220, 221, 199, 200, 202, 236, 237, 106, 196, 197, 198, 102, 87, 252, 257, 253, 254, 255, 256, 258, 263, 259, 262, 90, 268, 269, 270, 271, 274, 275, 276, 277, 86, 72, 286, 287, 133]
  列生成求解结果: 目标值=12.0000， 下界=7.0000， 上界=11.0000

处理节点 132
  开始列生成求解...
Set parameter LogToConsole to value 0
Set parameter Threads to value 1
Set parameter Seed to value 0
  定价策略: Exact, node=132, vertices=19
Set parameter PoolSearchMode to value 2
Set parameter PoolSolutions to value 10
[CG 1] RMP=7.000000, pricing=ExactPricingSolver, new_columns=0
  搜索路径: [1, 2, 3, 6, 7, 10, 11, 12, 13, 14, 15, 22, 23, 26, 27, 9, 32, 33, 36, 37, 8, 19, 44, 45, 18, 50, 51, 40, 41, 48, 55, 62, 63, 56, 68, 69, 70, 71, 60, 78, 79, 59, 58, 61, 54, 88, 89, 81, 80, 57, 49, 96, 97, 98, 99, 100, 104, 105, 108, 109, 110, 111, 114, 115, 101, 82, 83, 124, 125, 30, 128, 129, 130, 131, 134, 135, 138, 139, 140, 142, 143, 141, 144, 145, 31, 146, 147, 148, 149, 152, 153, 84, 85, 35, 21, 20, 34, 162, 163, 166, 167, 168, 169, 170, 171, 174, 175, 178, 179, 112, 113, 186, 187, 161, 160, 180, 181, 165, 164, 150, 151, 201, 205, 208, 209, 122, 210, 211, 103, 203, 107, 123, 204, 91, 216, 217, 224, 225, 220, 221, 199, 200, 202, 236, 237, 106, 196, 197, 198, 102, 87, 252, 257, 253, 254, 255, 256, 258, 263, 259, 262, 90, 268, 269, 270, 271, 274, 275, 276, 277, 86, 72, 286, 287, 133, 132]
  列生成求解结果: 目标值=7.0000， 下界=7.0000， 上界=11.0000
    非整数变量: COL_18-23-9_33 = 0.278075
  解不是整数，开始分支...
ImposedVertex(vertex=23)
ForbidVertex(vertex=23)
  创建了 2 个分支
    添加分支节点 1: ID=292
    添加分支节点 2: ID=293

处理节点 285
  开始列生成求解...
Set parameter LogToConsole to value 0
Set parameter Threads to value 1
Set parameter Seed to value 0
  定价策略: Exact, node=285, vertices=16
Set parameter PoolSearchMode to value 2
Set parameter PoolSolutions to value 10
[CG 1] RMP=11.000000, pricing=ExactPricingSolver, new_columns=0
  搜索路径: [1, 2, 3, 6, 7, 10, 11, 12, 13, 14, 15, 22, 23, 26, 27, 9, 32, 33, 36, 37, 8, 19, 44, 45, 18, 50, 51, 40, 41, 48, 55, 62, 63, 56, 68, 69, 70, 71, 60, 78, 79, 59, 58, 61, 54, 88, 89, 81, 80, 57, 49, 96, 97, 98, 99, 100, 104, 105, 108, 109, 110, 111, 114, 115, 101, 82, 83, 124, 125, 30, 128, 129, 130, 131, 134, 135, 138, 139, 140, 142, 143, 141, 144, 145, 31, 146, 147, 148, 149, 152, 153, 84, 85, 35, 21, 20, 34, 162, 163, 166, 167, 168, 169, 170, 171, 174, 175, 178, 179, 112, 113, 186, 187, 161, 160, 180, 181, 165, 164, 150, 151, 201, 205, 208, 209, 122, 210, 211, 103, 203, 107, 123, 204, 91, 216, 217, 224, 225, 220, 221, 199, 200, 202, 236, 237, 106, 196, 197, 198, 102, 87, 252, 257, 253, 254, 255, 256, 258, 263, 259, 262, 90, 268, 269, 270, 271, 274, 275, 276, 277, 86, 72, 286, 287, 133, 132, 285]
  列生成求解结果: 目标值=11.0000， 下界=7.0000， 上界=11.0000

处理节点 284
  开始列生成求解...
Set parameter LogToConsole to value 0
Set parameter Threads to value 1
Set parameter Seed to value 0
  定价策略: Exact, node=284, vertices=16
Set parameter PoolSearchMode to value 2
Set parameter PoolSolutions to value 10
[CG 1] RMP=8.000000, pricing=ExactPricingSolver, new_columns=10
[CG 2] RMP=7.000000, pricing=ExactPricingSolver, new_columns=0
  搜索路径: [1, 2, 3, 6, 7, 10, 11, 12, 13, 14, 15, 22, 23, 26, 27, 9, 32, 33, 36, 37, 8, 19, 44, 45, 18, 50, 51, 40, 41, 48, 55, 62, 63, 56, 68, 69, 70, 71, 60, 78, 79, 59, 58, 61, 54, 88, 89, 81, 80, 57, 49, 96, 97, 98, 99, 100, 104, 105, 108, 109, 110, 111, 114, 115, 101, 82, 83, 124, 125, 30, 128, 129, 130, 131, 134, 135, 138, 139, 140, 142, 143, 141, 144, 145, 31, 146, 147, 148, 149, 152, 153, 84, 85, 35, 21, 20, 34, 162, 163, 166, 167, 168, 169, 170, 171, 174, 175, 178, 179, 112, 113, 186, 187, 161, 160, 180, 181, 165, 164, 150, 151, 201, 205, 208, 209, 122, 210, 211, 103, 203, 107, 123, 204, 91, 216, 217, 224, 225, 220, 221, 199, 200, 202, 236, 237, 106, 196, 197, 198, 102, 87, 252, 257, 253, 254, 255, 256, 258, 263, 259, 262, 90, 268, 269, 270, 271, 274, 275, 276, 277, 86, 72, 286, 287, 133, 132, 285, 284]
  列生成求解结果: 目标值=7.0000， 下界=7.0000， 上界=11.0000
    非整数变量: COL_13-23-3-5-7_94 = 0.194444
  解不是整数，开始分支...
ImposedVertex(vertex=3)
ForbidVertex(vertex=3)
  创建了 2 个分支
    添加分支节点 1: ID=294
    添加分支节点 2: ID=295

处理节点 294
  开始列生成求解...
Set parameter LogToConsole to value 0
Set parameter Threads to value 1
Set parameter Seed to value 0
  定价策略: Exact, node=294, vertices=15
Set parameter PoolSearchMode to value 2
Set parameter PoolSolutions to value 10
[CG 1] RMP=12.000000, pricing=ExactPricingSolver, new_columns=0
  搜索路径: [1, 2, 3, 6, 7, 10, 11, 12, 13, 14, 15, 22, 23, 26, 27, 9, 32, 33, 36, 37, 8, 19, 44, 45, 18, 50, 51, 40, 41, 48, 55, 62, 63, 56, 68, 69, 70, 71, 60, 78, 79, 59, 58, 61, 54, 88, 89, 81, 80, 57, 49, 96, 97, 98, 99, 100, 104, 105, 108, 109, 110, 111, 114, 115, 101, 82, 83, 124, 125, 30, 128, 129, 130, 131, 134, 135, 138, 139, 140, 142, 143, 141, 144, 145, 31, 146, 147, 148, 149, 152, 153, 84, 85, 35, 21, 20, 34, 162, 163, 166, 167, 168, 169, 170, 171, 174, 175, 178, 179, 112, 113, 186, 187, 161, 160, 180, 181, 165, 164, 150, 151, 201, 205, 208, 209, 122, 210, 211, 103, 203, 107, 123, 204, 91, 216, 217, 224, 225, 220, 221, 199, 200, 202, 236, 237, 106, 196, 197, 198, 102, 87, 252, 257, 253, 254, 255, 256, 258, 263, 259, 262, 90, 268, 269, 270, 271, 274, 275, 276, 277, 86, 72, 286, 287, 133, 132, 285, 284, 294]
  列生成求解结果: 目标值=12.0000， 下界=7.0000， 上界=11.0000

处理节点 295
  开始列生成求解...
Set parameter LogToConsole to value 0
Set parameter Threads to value 1
Set parameter Seed to value 0
  定价策略: Exact, node=295, vertices=15
Set parameter PoolSearchMode to value 2
Set parameter PoolSolutions to value 10
[CG 1] RMP=9.000000, pricing=ExactPricingSolver, new_columns=10
[CG 2] RMP=9.000000, pricing=ExactPricingSolver, new_columns=0
  搜索路径: [1, 2, 3, 6, 7, 10, 11, 12, 13, 14, 15, 22, 23, 26, 27, 9, 32, 33, 36, 37, 8, 19, 44, 45, 18, 50, 51, 40, 41, 48, 55, 62, 63, 56, 68, 69, 70, 71, 60, 78, 79, 59, 58, 61, 54, 88, 89, 81, 80, 57, 49, 96, 97, 98, 99, 100, 104, 105, 108, 109, 110, 111, 114, 115, 101, 82, 83, 124, 125, 30, 128, 129, 130, 131, 134, 135, 138, 139, 140, 142, 143, 141, 144, 145, 31, 146, 147, 148, 149, 152, 153, 84, 85, 35, 21, 20, 34, 162, 163, 166, 167, 168, 169, 170, 171, 174, 175, 178, 179, 112, 113, 186, 187, 161, 160, 180, 181, 165, 164, 150, 151, 201, 205, 208, 209, 122, 210, 211, 103, 203, 107, 123, 204, 91, 216, 217, 224, 225, 220, 221, 199, 200, 202, 236, 237, 106, 196, 197, 198, 102, 87, 252, 257, 253, 254, 255, 256, 258, 263, 259, 262, 90, 268, 269, 270, 271, 274, 275, 276, 277, 86, 72, 286, 287, 133, 132, 285, 284, 294, 295]
  列生成求解结果: 目标值=9.0000， 下界=7.0000， 上界=11.0000
    非整数变量: COL_13-2-24-5_89 = 0.500000
  解不是整数，开始分支...
ImposedVertex(vertex=26)
ForbidVertex(vertex=26)
  创建了 2 个分支
    添加分支节点 1: ID=296
    添加分支节点 2: ID=297
  进度: 已处理 180 个节点, 剩余 107 个, 当前最优 11.0000, 当前列数: 1368

处理节点 292
  开始列生成求解...
Set parameter LogToConsole to value 0
Set parameter Threads to value 1
Set parameter Seed to value 0
  定价策略: Exact, node=292, vertices=17
Set parameter PoolSearchMode to value 2
Set parameter PoolSolutions to value 10
[CG 1] RMP=7.000000, pricing=ExactPricingSolver, new_columns=0
  搜索路径: [1, 2, 3, 6, 7, 10, 11, 12, 13, 14, 15, 22, 23, 26, 27, 9, 32, 33, 36, 37, 8, 19, 44, 45, 18, 50, 51, 40, 41, 48, 55, 62, 63, 56, 68, 69, 70, 71, 60, 78, 79, 59, 58, 61, 54, 88, 89, 81, 80, 57, 49, 96, 97, 98, 99, 100, 104, 105, 108, 109, 110, 111, 114, 115, 101, 82, 83, 124, 125, 30, 128, 129, 130, 131, 134, 135, 138, 139, 140, 142, 143, 141, 144, 145, 31, 146, 147, 148, 149, 152, 153, 84, 85, 35, 21, 20, 34, 162, 163, 166, 167, 168, 169, 170, 171, 174, 175, 178, 179, 112, 113, 186, 187, 161, 160, 180, 181, 165, 164, 150, 151, 201, 205, 208, 209, 122, 210, 211, 103, 203, 107, 123, 204, 91, 216, 217, 224, 225, 220, 221, 199, 200, 202, 236, 237, 106, 196, 197, 198, 102, 87, 252, 257, 253, 254, 255, 256, 258, 263, 259, 262, 90, 268, 269, 270, 271, 274, 275, 276, 277, 86, 72, 286, 287, 133, 132, 285, 284, 294, 295, 292]
  列生成求解结果: 目标值=7.0000， 下界=7.0000， 上界=11.0000
    非整数变量: COL_23_5 = 0.212121
  解不是整数，开始分支...
ImposedVertex(vertex=11)
ForbidVertex(vertex=11)
  创建了 2 个分支
    添加分支节点 1: ID=298
    添加分支节点 2: ID=299

处理节点 298
  开始列生成求解...
Set parameter LogToConsole to value 0
Set parameter Threads to value 1
Set parameter Seed to value 0
  定价策略: Exact, node=298, vertices=15
Set parameter PoolSearchMode to value 2
Set parameter PoolSolutions to value 10
[CG 1] RMP=8.129032, pricing=ExactPricingSolver, new_columns=10
[CG 2] RMP=7.000000, pricing=ExactPricingSolver, new_columns=0
  搜索路径: [1, 2, 3, 6, 7, 10, 11, 12, 13, 14, 15, 22, 23, 26, 27, 9, 32, 33, 36, 37, 8, 19, 44, 45, 18, 50, 51, 40, 41, 48, 55, 62, 63, 56, 68, 69, 70, 71, 60, 78, 79, 59, 58, 61, 54, 88, 89, 81, 80, 57, 49, 96, 97, 98, 99, 100, 104, 105, 108, 109, 110, 111, 114, 115, 101, 82, 83, 124, 125, 30, 128, 129, 130, 131, 134, 135, 138, 139, 140, 142, 143, 141, 144, 145, 31, 146, 147, 148, 149, 152, 153, 84, 85, 35, 21, 20, 34, 162, 163, 166, 167, 168, 169, 170, 171, 174, 175, 178, 179, 112, 113, 186, 187, 161, 160, 180, 181, 165, 164, 150, 151, 201, 205, 208, 209, 122, 210, 211, 103, 203, 107, 123, 204, 91, 216, 217, 224, 225, 220, 221, 199, 200, 202, 236, 237, 106, 196, 197, 198, 102, 87, 252, 257, 253, 254, 255, 256, 258, 263, 259, 262, 90, 268, 269, 270, 271, 274, 275, 276, 277, 86, 72, 286, 287, 133, 132, 285, 284, 294, 295, 292, 298]
  列生成求解结果: 目标值=7.0000， 下界=7.0000， 上界=11.0000
    非整数变量: COL_1-11-18-23-7-9_43 = 0.138889
  解不是整数，开始分支...
ImposedVertex(vertex=4)
ForbidVertex(vertex=4)
  创建了 2 个分支
    添加分支节点 1: ID=300
    添加分支节点 2: ID=301

处理节点 299
  开始列生成求解...
Set parameter LogToConsole to value 0
Set parameter Threads to value 1
Set parameter Seed to value 0
  定价策略: Exact, node=299, vertices=16
Set parameter PoolSearchMode to value 2
Set parameter PoolSolutions to value 10
[CG 1] RMP=7.764706, pricing=ExactPricingSolver, new_columns=10
[CG 2] RMP=7.000000, pricing=ExactPricingSolver, new_columns=0
  搜索路径: [1, 2, 3, 6, 7, 10, 11, 12, 13, 14, 15, 22, 23, 26, 27, 9, 32, 33, 36, 37, 8, 19, 44, 45, 18, 50, 51, 40, 41, 48, 55, 62, 63, 56, 68, 69, 70, 71, 60, 78, 79, 59, 58, 61, 54, 88, 89, 81, 80, 57, 49, 96, 97, 98, 99, 100, 104, 105, 108, 109, 110, 111, 114, 115, 101, 82, 83, 124, 125, 30, 128, 129, 130, 131, 134, 135, 138, 139, 140, 142, 143, 141, 144, 145, 31, 146, 147, 148, 149, 152, 153, 84, 85, 35, 21, 20, 34, 162, 163, 166, 167, 168, 169, 170, 171, 174, 175, 178, 179, 112, 113, 186, 187, 161, 160, 180, 181, 165, 164, 150, 151, 201, 205, 208, 209, 122, 210, 211, 103, 203, 107, 123, 204, 91, 216, 217, 224, 225, 220, 221, 199, 200, 202, 236, 237, 106, 196, 197, 198, 102, 87, 252, 257, 253, 254, 255, 256, 258, 263, 259, 262, 90, 268, 269, 270, 271, 274, 275, 276, 277, 86, 72, 286, 287, 133, 132, 285, 284, 294, 295, 292, 298, 299]
  列生成求解结果: 目标值=7.0000， 下界=7.0000， 上界=11.0000
    非整数变量: COL_1-18-23-9_38 = 0.062500
  解不是整数，开始分支...
ImposedVertex(vertex=14)
ForbidVertex(vertex=14)
  创建了 2 个分支
    添加分支节点 1: ID=302
    添加分支节点 2: ID=303

处理节点 300
  开始列生成求解...
Set parameter LogToConsole to value 0
Set parameter Threads to value 1
Set parameter Seed to value 0
  定价策略: Exact, node=300, vertices=13
Set parameter PoolSearchMode to value 2
Set parameter PoolSolutions to value 10
[CG 1] RMP=11.000000, pricing=ExactPricingSolver, new_columns=10
[CG 2] RMP=7.000000, pricing=ExactPricingSolver, new_columns=0
  搜索路径: [1, 2, 3, 6, 7, 10, 11, 12, 13, 14, 15, 22, 23, 26, 27, 9, 32, 33, 36, 37, 8, 19, 44, 45, 18, 50, 51, 40, 41, 48, 55, 62, 63, 56, 68, 69, 70, 71, 60, 78, 79, 59, 58, 61, 54, 88, 89, 81, 80, 57, 49, 96, 97, 98, 99, 100, 104, 105, 108, 109, 110, 111, 114, 115, 101, 82, 83, 124, 125, 30, 128, 129, 130, 131, 134, 135, 138, 139, 140, 142, 143, 141, 144, 145, 31, 146, 147, 148, 149, 152, 153, 84, 85, 35, 21, 20, 34, 162, 163, 166, 167, 168, 169, 170, 171, 174, 175, 178, 179, 112, 113, 186, 187, 161, 160, 180, 181, 165, 164, 150, 151, 201, 205, 208, 209, 122, 210, 211, 103, 203, 107, 123, 204, 91, 216, 217, 224, 225, 220, 221, 199, 200, 202, 236, 237, 106, 196, 197, 198, 102, 87, 252, 257, 253, 254, 255, 256, 258, 263, 259, 262, 90, 268, 269, 270, 271, 274, 275, 276, 277, 86, 72, 286, 287, 133, 132, 285, 284, 294, 295, 292, 298, 299, 300]
  列生成求解结果: 目标值=7.0000， 下界=7.0000， 上界=11.0000
    非整数变量: COL_1-11-18-23-7-9_43 = 0.250000
  解不是整数，开始分支...
ImposedVertex(vertex=17)
ForbidVertex(vertex=17)
  创建了 2 个分支
    添加分支节点 1: ID=304
    添加分支节点 2: ID=305

处理节点 301
  开始列生成求解...
Set parameter LogToConsole to value 0
Set parameter Threads to value 1
Set parameter Seed to value 0
  定价策略: Exact, node=301, vertices=14
Set parameter PoolSearchMode to value 2
Set parameter PoolSolutions to value 10
[CG 1] RMP=12.833333, pricing=ExactPricingSolver, new_columns=10
[CG 2] RMP=7.491892, pricing=ExactPricingSolver, new_columns=10
[CG 3] RMP=7.000000, pricing=ExactPricingSolver, new_columns=0
  搜索路径: [1, 2, 3, 6, 7, 10, 11, 12, 13, 14, 15, 22, 23, 26, 27, 9, 32, 33, 36, 37, 8, 19, 44, 45, 18, 50, 51, 40, 41, 48, 55, 62, 63, 56, 68, 69, 70, 71, 60, 78, 79, 59, 58, 61, 54, 88, 89, 81, 80, 57, 49, 96, 97, 98, 99, 100, 104, 105, 108, 109, 110, 111, 114, 115, 101, 82, 83, 124, 125, 30, 128, 129, 130, 131, 134, 135, 138, 139, 140, 142, 143, 141, 144, 145, 31, 146, 147, 148, 149, 152, 153, 84, 85, 35, 21, 20, 34, 162, 163, 166, 167, 168, 169, 170, 171, 174, 175, 178, 179, 112, 113, 186, 187, 161, 160, 180, 181, 165, 164, 150, 151, 201, 205, 208, 209, 122, 210, 211, 103, 203, 107, 123, 204, 91, 216, 217, 224, 225, 220, 221, 199, 200, 202, 236, 237, 106, 196, 197, 198, 102, 87, 252, 257, 253, 254, 255, 256, 258, 263, 259, 262, 90, 268, 269, 270, 271, 274, 275, 276, 277, 86, 72, 286, 287, 133, 132, 285, 284, 294, 295, 292, 298, 299, 300, 301]
  列生成求解结果: 目标值=7.0000， 下界=7.0000， 上界=11.0000
    非整数变量: COL_18-23-9_33 = 0.437500
  解不是整数，开始分支...
ImposedVertex(vertex=21)
ForbidVertex(vertex=21)
  创建了 2 个分支
    添加分支节点 1: ID=306
    添加分支节点 2: ID=307

处理节点 302
  开始列生成求解...
Set parameter LogToConsole to value 0
Set parameter Threads to value 1
Set parameter Seed to value 0
  定价策略: Exact, node=302, vertices=15
Set parameter PoolSearchMode to value 2
Set parameter PoolSolutions to value 10
[CG 1] RMP=11.000000, pricing=ExactPricingSolver, new_columns=10
[CG 2] RMP=10.000000, pricing=ExactPricingSolver, new_columns=0
  搜索路径: [1, 2, 3, 6, 7, 10, 11, 12, 13, 14, 15, 22, 23, 26, 27, 9, 32, 33, 36, 37, 8, 19, 44, 45, 18, 50, 51, 40, 41, 48, 55, 62, 63, 56, 68, 69, 70, 71, 60, 78, 79, 59, 58, 61, 54, 88, 89, 81, 80, 57, 49, 96, 97, 98, 99, 100, 104, 105, 108, 109, 110, 111, 114, 115, 101, 82, 83, 124, 125, 30, 128, 129, 130, 131, 134, 135, 138, 139, 140, 142, 143, 141, 144, 145, 31, 146, 147, 148, 149, 152, 153, 84, 85, 35, 21, 20, 34, 162, 163, 166, 167, 168, 169, 170, 171, 174, 175, 178, 179, 112, 113, 186, 187, 161, 160, 180, 181, 165, 164, 150, 151, 201, 205, 208, 209, 122, 210, 211, 103, 203, 107, 123, 204, 91, 216, 217, 224, 225, 220, 221, 199, 200, 202, 236, 237, 106, 196, 197, 198, 102, 87, 252, 257, 253, 254, 255, 256, 258, 263, 259, 262, 90, 268, 269, 270, 271, 274, 275, 276, 277, 86, 72, 286, 287, 133, 132, 285, 284, 294, 295, 292, 298, 299, 300, 301, 302]
  列生成求解结果: 目标值=10.0000， 下界=7.0000， 上界=11.0000
    非整数变量: COL_1-14-21-23-27-9_70 = 0.500000
  解不是整数，开始分支...
ImposedVertex(vertex=21)
ForbidVertex(vertex=21)
  创建了 2 个分支
    添加分支节点 1: ID=308
    添加分支节点 2: ID=309

处理节点 303
  开始列生成求解...
Set parameter LogToConsole to value 0
Set parameter Threads to value 1
Set parameter Seed to value 0
  定价策略: Exact, node=303, vertices=15
Set parameter PoolSearchMode to value 2
Set parameter PoolSolutions to value 10
[CG 1] RMP=9.333333, pricing=ExactPricingSolver, new_columns=10
[CG 2] RMP=9.000000, pricing=ExactPricingSolver, new_columns=0
  搜索路径: [1, 2, 3, 6, 7, 10, 11, 12, 13, 14, 15, 22, 23, 26, 27, 9, 32, 33, 36, 37, 8, 19, 44, 45, 18, 50, 51, 40, 41, 48, 55, 62, 63, 56, 68, 69, 70, 71, 60, 78, 79, 59, 58, 61, 54, 88, 89, 81, 80, 57, 49, 96, 97, 98, 99, 100, 104, 105, 108, 109, 110, 111, 114, 115, 101, 82, 83, 124, 125, 30, 128, 129, 130, 131, 134, 135, 138, 139, 140, 142, 143, 141, 144, 145, 31, 146, 147, 148, 149, 152, 153, 84, 85, 35, 21, 20, 34, 162, 163, 166, 167, 168, 169, 170, 171, 174, 175, 178, 179, 112, 113, 186, 187, 161, 160, 180, 181, 165, 164, 150, 151, 201, 205, 208, 209, 122, 210, 211, 103, 203, 107, 123, 204, 91, 216, 217, 224, 225, 220, 221, 199, 200, 202, 236, 237, 106, 196, 197, 198, 102, 87, 252, 257, 253, 254, 255, 256, 258, 263, 259, 262, 90, 268, 269, 270, 271, 274, 275, 276, 277, 86, 72, 286, 287, 133, 132, 285, 284, 294, 295, 292, 298, 299, 300, 301, 302, 303]
  列生成求解结果: 目标值=9.0000， 下界=7.0000， 上界=11.0000
    非整数变量: COL_1-18-23-7-9_42 = 0.290179
  解不是整数，开始分支...
ImposedVertex(vertex=4)
ForbidVertex(vertex=4)
  创建了 2 个分支
    添加分支节点 1: ID=310
    添加分支节点 2: ID=311

处理节点 307
  开始列生成求解...
Set parameter LogToConsole to value 0
Set parameter Threads to value 1
Set parameter Seed to value 0
  定价策略: Exact, node=307, vertices=13
Set parameter PoolSearchMode to value 2
Set parameter PoolSolutions to value 10
[CG 1] RMP=8.000000, pricing=ExactPricingSolver, new_columns=0
  搜索路径: [1, 2, 3, 6, 7, 10, 11, 12, 13, 14, 15, 22, 23, 26, 27, 9, 32, 33, 36, 37, 8, 19, 44, 45, 18, 50, 51, 40, 41, 48, 55, 62, 63, 56, 68, 69, 70, 71, 60, 78, 79, 59, 58, 61, 54, 88, 89, 81, 80, 57, 49, 96, 97, 98, 99, 100, 104, 105, 108, 109, 110, 111, 114, 115, 101, 82, 83, 124, 125, 30, 128, 129, 130, 131, 134, 135, 138, 139, 140, 142, 143, 141, 144, 145, 31, 146, 147, 148, 149, 152, 153, 84, 85, 35, 21, 20, 34, 162, 163, 166, 167, 168, 169, 170, 171, 174, 175, 178, 179, 112, 113, 186, 187, 161, 160, 180, 181, 165, 164, 150, 151, 201, 205, 208, 209, 122, 210, 211, 103, 203, 107, 123, 204, 91, 216, 217, 224, 225, 220, 221, 199, 200, 202, 236, 237, 106, 196, 197, 198, 102, 87, 252, 257, 253, 254, 255, 256, 258, 263, 259, 262, 90, 268, 269, 270, 271, 274, 275, 276, 277, 86, 72, 286, 287, 133, 132, 285, 284, 294, 295, 292, 298, 299, 300, 301, 302, 303, 307]
  列生成求解结果: 目标值=8.0000， 下界=7.0000， 上界=11.0000
    非整数变量: COL_18-23-9_33 = 0.151515
  解不是整数，开始分支...
ImposedVertex(vertex=27)
ForbidVertex(vertex=27)
  创建了 2 个分支
    添加分支节点 1: ID=312
    添加分支节点 2: ID=313

处理节点 304
  开始列生成求解...
Set parameter LogToConsole to value 0
Set parameter Threads to value 1
Set parameter Seed to value 0
  定价策略: Exact, node=304, vertices=12
Set parameter PoolSearchMode to value 2
Set parameter PoolSolutions to value 10
[CG 1] RMP=7.000000, pricing=ExactPricingSolver, new_columns=0
  搜索路径: [1, 2, 3, 6, 7, 10, 11, 12, 13, 14, 15, 22, 23, 26, 27, 9, 32, 33, 36, 37, 8, 19, 44, 45, 18, 50, 51, 40, 41, 48, 55, 62, 63, 56, 68, 69, 70, 71, 60, 78, 79, 59, 58, 61, 54, 88, 89, 81, 80, 57, 49, 96, 97, 98, 99, 100, 104, 105, 108, 109, 110, 111, 114, 115, 101, 82, 83, 124, 125, 30, 128, 129, 130, 131, 134, 135, 138, 139, 140, 142, 143, 141, 144, 145, 31, 146, 147, 148, 149, 152, 153, 84, 85, 35, 21, 20, 34, 162, 163, 166, 167, 168, 169, 170, 171, 174, 175, 178, 179, 112, 113, 186, 187, 161, 160, 180, 181, 165, 164, 150, 151, 201, 205, 208, 209, 122, 210, 211, 103, 203, 107, 123, 204, 91, 216, 217, 224, 225, 220, 221, 199, 200, 202, 236, 237, 106, 196, 197, 198, 102, 87, 252, 257, 253, 254, 255, 256, 258, 263, 259, 262, 90, 268, 269, 270, 271, 274, 275, 276, 277, 86, 72, 286, 287, 133, 132, 285, 284, 294, 295, 292, 298, 299, 300, 301, 302, 303, 307, 304]
  列生成求解结果: 目标值=7.0000， 下界=7.0000， 上界=11.0000
    非整数变量: COL_1-18-23-7-9_42 = 0.250000
  解不是整数，开始分支...
ImposedVertex(vertex=20)
ForbidVertex(vertex=20)
  创建了 2 个分支
    添加分支节点 1: ID=314
    添加分支节点 2: ID=315

处理节点 305
  开始列生成求解...
Set parameter LogToConsole to value 0
Set parameter Threads to value 1
Set parameter Seed to value 0
  定价策略: Exact, node=305, vertices=12
Set parameter PoolSearchMode to value 2
Set parameter PoolSolutions to value 10
[CG 1] RMP=7.000000, pricing=ExactPricingSolver, new_columns=0
  搜索路径: [1, 2, 3, 6, 7, 10, 11, 12, 13, 14, 15, 22, 23, 26, 27, 9, 32, 33, 36, 37, 8, 19, 44, 45, 18, 50, 51, 40, 41, 48, 55, 62, 63, 56, 68, 69, 70, 71, 60, 78, 79, 59, 58, 61, 54, 88, 89, 81, 80, 57, 49, 96, 97, 98, 99, 100, 104, 105, 108, 109, 110, 111, 114, 115, 101, 82, 83, 124, 125, 30, 128, 129, 130, 131, 134, 135, 138, 139, 140, 142, 143, 141, 144, 145, 31, 146, 147, 148, 149, 152, 153, 84, 85, 35, 21, 20, 34, 162, 163, 166, 167, 168, 169, 170, 171, 174, 175, 178, 179, 112, 113, 186, 187, 161, 160, 180, 181, 165, 164, 150, 151, 201, 205, 208, 209, 122, 210, 211, 103, 203, 107, 123, 204, 91, 216, 217, 224, 225, 220, 221, 199, 200, 202, 236, 237, 106, 196, 197, 198, 102, 87, 252, 257, 253, 254, 255, 256, 258, 263, 259, 262, 90, 268, 269, 270, 271, 274, 275, 276, 277, 86, 72, 286, 287, 133, 132, 285, 284, 294, 295, 292, 298, 299, 300, 301, 302, 303, 307, 304, 305]
  列生成求解结果: 目标值=7.0000， 下界=7.0000， 上界=11.0000
    非整数变量: COL_1-18-23-7-9_42 = 0.225000
  解不是整数，开始分支...
ImposedVertex(vertex=20)
ForbidVertex(vertex=20)
  创建了 2 个分支
    添加分支节点 1: ID=316
    添加分支节点 2: ID=317
  进度: 已处理 190 个节点, 剩余 117 个, 当前最优 11.0000, 当前列数: 1438

处理节点 306
  开始列生成求解...
Set parameter LogToConsole to value 0
Set parameter Threads to value 1
Set parameter Seed to value 0
  定价策略: Exact, node=306, vertices=13
Set parameter PoolSearchMode to value 2
Set parameter PoolSolutions to value 10
[CG 1] RMP=9.000000, pricing=ExactPricingSolver, new_columns=0
  搜索路径: [1, 2, 3, 6, 7, 10, 11, 12, 13, 14, 15, 22, 23, 26, 27, 9, 32, 33, 36, 37, 8, 19, 44, 45, 18, 50, 51, 40, 41, 48, 55, 62, 63, 56, 68, 69, 70, 71, 60, 78, 79, 59, 58, 61, 54, 88, 89, 81, 80, 57, 49, 96, 97, 98, 99, 100, 104, 105, 108, 109, 110, 111, 114, 115, 101, 82, 83, 124, 125, 30, 128, 129, 130, 131, 134, 135, 138, 139, 140, 142, 143, 141, 144, 145, 31, 146, 147, 148, 149, 152, 153, 84, 85, 35, 21, 20, 34, 162, 163, 166, 167, 168, 169, 170, 171, 174, 175, 178, 179, 112, 113, 186, 187, 161, 160, 180, 181, 165, 164, 150, 151, 201, 205, 208, 209, 122, 210, 211, 103, 203, 107, 123, 204, 91, 216, 217, 224, 225, 220, 221, 199, 200, 202, 236, 237, 106, 196, 197, 198, 102, 87, 252, 257, 253, 254, 255, 256, 258, 263, 259, 262, 90, 268, 269, 270, 271, 274, 275, 276, 277, 86, 72, 286, 287, 133, 132, 285, 284, 294, 295, 292, 298, 299, 300, 301, 302, 303, 307, 304, 305, 306]
  列生成求解结果: 目标值=9.0000， 下界=7.0000， 上界=11.0000
    非整数变量: COL_18-23-9_33 = 0.250000
  解不是整数，开始分支...
ImposedVertex(vertex=5)
ForbidVertex(vertex=5)
  创建了 2 个分支
    添加分支节点 1: ID=318
    添加分支节点 2: ID=319

处理节点 314
  开始列生成求解...
Set parameter LogToConsole to value 0
Set parameter Threads to value 1
Set parameter Seed to value 0
  定价策略: Exact, node=314, vertices=11
Set parameter PoolSearchMode to value 2
Set parameter PoolSolutions to value 10
[CG 1] RMP=8.000000, pricing=ExactPricingSolver, new_columns=0
  搜索路径: [1, 2, 3, 6, 7, 10, 11, 12, 13, 14, 15, 22, 23, 26, 27, 9, 32, 33, 36, 37, 8, 19, 44, 45, 18, 50, 51, 40, 41, 48, 55, 62, 63, 56, 68, 69, 70, 71, 60, 78, 79, 59, 58, 61, 54, 88, 89, 81, 80, 57, 49, 96, 97, 98, 99, 100, 104, 105, 108, 109, 110, 111, 114, 115, 101, 82, 83, 124, 125, 30, 128, 129, 130, 131, 134, 135, 138, 139, 140, 142, 143, 141, 144, 145, 31, 146, 147, 148, 149, 152, 153, 84, 85, 35, 21, 20, 34, 162, 163, 166, 167, 168, 169, 170, 171, 174, 175, 178, 179, 112, 113, 186, 187, 161, 160, 180, 181, 165, 164, 150, 151, 201, 205, 208, 209, 122, 210, 211, 103, 203, 107, 123, 204, 91, 216, 217, 224, 225, 220, 221, 199, 200, 202, 236, 237, 106, 196, 197, 198, 102, 87, 252, 257, 253, 254, 255, 256, 258, 263, 259, 262, 90, 268, 269, 270, 271, 274, 275, 276, 277, 86, 72, 286, 287, 133, 132, 285, 284, 294, 295, 292, 298, 299, 300, 301, 302, 303, 307, 304, 305, 306, 314]
  列生成求解结果: 目标值=8.0000， 下界=7.0000， 上界=11.0000
    非整数变量: COL_1-11-18-23-7-9_43 = 0.200000
  解不是整数，开始分支...
ImposedVertex(vertex=28)
ForbidVertex(vertex=28)
  创建了 2 个分支
    添加分支节点 1: ID=320
    添加分支节点 2: ID=321

处理节点 315
  开始列生成求解...
Set parameter LogToConsole to value 0
Set parameter Threads to value 1
Set parameter Seed to value 0
  定价策略: Exact, node=315, vertices=11
Set parameter PoolSearchMode to value 2
Set parameter PoolSolutions to value 10
[CG 1] RMP=11.000000, pricing=ExactPricingSolver, new_columns=10
[CG 2] RMP=9.000000, pricing=ExactPricingSolver, new_columns=0
  搜索路径: [1, 2, 3, 6, 7, 10, 11, 12, 13, 14, 15, 22, 23, 26, 27, 9, 32, 33, 36, 37, 8, 19, 44, 45, 18, 50, 51, 40, 41, 48, 55, 62, 63, 56, 68, 69, 70, 71, 60, 78, 79, 59, 58, 61, 54, 88, 89, 81, 80, 57, 49, 96, 97, 98, 99, 100, 104, 105, 108, 109, 110, 111, 114, 115, 101, 82, 83, 124, 125, 30, 128, 129, 130, 131, 134, 135, 138, 139, 140, 142, 143, 141, 144, 145, 31, 146, 147, 148, 149, 152, 153, 84, 85, 35, 21, 20, 34, 162, 163, 166, 167, 168, 169, 170, 171, 174, 175, 178, 179, 112, 113, 186, 187, 161, 160, 180, 181, 165, 164, 150, 151, 201, 205, 208, 209, 122, 210, 211, 103, 203, 107, 123, 204, 91, 216, 217, 224, 225, 220, 221, 199, 200, 202, 236, 237, 106, 196, 197, 198, 102, 87, 252, 257, 253, 254, 255, 256, 258, 263, 259, 262, 90, 268, 269, 270, 271, 274, 275, 276, 277, 86, 72, 286, 287, 133, 132, 285, 284, 294, 295, 292, 298, 299, 300, 301, 302, 303, 307, 304, 305, 306, 314, 315]
  列生成求解结果: 目标值=9.0000， 下界=7.0000， 上界=11.0000
    非整数变量: COL_1-11-18-23-7-9_43 = 0.257143
  解不是整数，开始分支...
ImposedVertex(vertex=28)
ForbidVertex(vertex=28)
  创建了 2 个分支
    添加分支节点 1: ID=322
    添加分支节点 2: ID=323

处理节点 316
  开始列生成求解...
Set parameter LogToConsole to value 0
Set parameter Threads to value 1
Set parameter Seed to value 0
  定价策略: Exact, node=316, vertices=11
Set parameter PoolSearchMode to value 2
Set parameter PoolSolutions to value 10
[CG 1] RMP=8.000000, pricing=ExactPricingSolver, new_columns=0
  搜索路径: [1, 2, 3, 6, 7, 10, 11, 12, 13, 14, 15, 22, 23, 26, 27, 9, 32, 33, 36, 37, 8, 19, 44, 45, 18, 50, 51, 40, 41, 48, 55, 62, 63, 56, 68, 69, 70, 71, 60, 78, 79, 59, 58, 61, 54, 88, 89, 81, 80, 57, 49, 96, 97, 98, 99, 100, 104, 105, 108, 109, 110, 111, 114, 115, 101, 82, 83, 124, 125, 30, 128, 129, 130, 131, 134, 135, 138, 139, 140, 142, 143, 141, 144, 145, 31, 146, 147, 148, 149, 152, 153, 84, 85, 35, 21, 20, 34, 162, 163, 166, 167, 168, 169, 170, 171, 174, 175, 178, 179, 112, 113, 186, 187, 161, 160, 180, 181, 165, 164, 150, 151, 201, 205, 208, 209, 122, 210, 211, 103, 203, 107, 123, 204, 91, 216, 217, 224, 225, 220, 221, 199, 200, 202, 236, 237, 106, 196, 197, 198, 102, 87, 252, 257, 253, 254, 255, 256, 258, 263, 259, 262, 90, 268, 269, 270, 271, 274, 275, 276, 277, 86, 72, 286, 287, 133, 132, 285, 284, 294, 295, 292, 298, 299, 300, 301, 302, 303, 307, 304, 305, 306, 314, 315, 316]
  列生成求解结果: 目标值=8.0000， 下界=7.0000， 上界=11.0000
    非整数变量: COL_1-11-18-23-7-9_43 = 0.250000
  解不是整数，开始分支...
ImposedVertex(vertex=28)
ForbidVertex(vertex=28)
  创建了 2 个分支
    添加分支节点 1: ID=324
    添加分支节点 2: ID=325

处理节点 317
  开始列生成求解...
Set parameter LogToConsole to value 0
Set parameter Threads to value 1
Set parameter Seed to value 0
  定价策略: Exact, node=317, vertices=11
Set parameter PoolSearchMode to value 2
Set parameter PoolSolutions to value 10
[CG 1] RMP=11.000000, pricing=ExactPricingSolver, new_columns=10
[CG 2] RMP=9.000000, pricing=ExactPricingSolver, new_columns=0
  搜索路径: [1, 2, 3, 6, 7, 10, 11, 12, 13, 14, 15, 22, 23, 26, 27, 9, 32, 33, 36, 37, 8, 19, 44, 45, 18, 50, 51, 40, 41, 48, 55, 62, 63, 56, 68, 69, 70, 71, 60, 78, 79, 59, 58, 61, 54, 88, 89, 81, 80, 57, 49, 96, 97, 98, 99, 100, 104, 105, 108, 109, 110, 111, 114, 115, 101, 82, 83, 124, 125, 30, 128, 129, 130, 131, 134, 135, 138, 139, 140, 142, 143, 141, 144, 145, 31, 146, 147, 148, 149, 152, 153, 84, 85, 35, 21, 20, 34, 162, 163, 166, 167, 168, 169, 170, 171, 174, 175, 178, 179, 112, 113, 186, 187, 161, 160, 180, 181, 165, 164, 150, 151, 201, 205, 208, 209, 122, 210, 211, 103, 203, 107, 123, 204, 91, 216, 217, 224, 225, 220, 221, 199, 200, 202, 236, 237, 106, 196, 197, 198, 102, 87, 252, 257, 253, 254, 255, 256, 258, 263, 259, 262, 90, 268, 269, 270, 271, 274, 275, 276, 277, 86, 72, 286, 287, 133, 132, 285, 284, 294, 295, 292, 298, 299, 300, 301, 302, 303, 307, 304, 305, 306, 314, 315, 316, 317]
  列生成求解结果: 目标值=9.0000， 下界=7.0000， 上界=11.0000
    非整数变量: COL_1-11-18-23-7-9_43 = 0.375000
  解不是整数，开始分支...
ImposedVertex(vertex=28)
ForbidVertex(vertex=28)
  创建了 2 个分支
    添加分支节点 1: ID=326
    添加分支节点 2: ID=327

处理节点 293
  开始列生成求解...
Set parameter LogToConsole to value 0
Set parameter Threads to value 1
Set parameter Seed to value 0
  定价策略: Exact, node=293, vertices=18
Set parameter PoolSearchMode to value 2
Set parameter PoolSolutions to value 10
[CG 1] RMP=9.000000, pricing=ExactPricingSolver, new_columns=10
[CG 2] RMP=7.000000, pricing=ExactPricingSolver, new_columns=0
  搜索路径: [1, 2, 3, 6, 7, 10, 11, 12, 13, 14, 15, 22, 23, 26, 27, 9, 32, 33, 36, 37, 8, 19, 44, 45, 18, 50, 51, 40, 41, 48, 55, 62, 63, 56, 68, 69, 70, 71, 60, 78, 79, 59, 58, 61, 54, 88, 89, 81, 80, 57, 49, 96, 97, 98, 99, 100, 104, 105, 108, 109, 110, 111, 114, 115, 101, 82, 83, 124, 125, 30, 128, 129, 130, 131, 134, 135, 138, 139, 140, 142, 143, 141, 144, 145, 31, 146, 147, 148, 149, 152, 153, 84, 85, 35, 21, 20, 34, 162, 163, 166, 167, 168, 169, 170, 171, 174, 175, 178, 179, 112, 113, 186, 187, 161, 160, 180, 181, 165, 164, 150, 151, 201, 205, 208, 209, 122, 210, 211, 103, 203, 107, 123, 204, 91, 216, 217, 224, 225, 220, 221, 199, 200, 202, 236, 237, 106, 196, 197, 198, 102, 87, 252, 257, 253, 254, 255, 256, 258, 263, 259, 262, 90, 268, 269, 270, 271, 274, 275, 276, 277, 86, 72, 286, 287, 133, 132, 285, 284, 294, 295, 292, 298, 299, 300, 301, 302, 303, 307, 304, 305, 306, 314, 315, 316, 317, 293]
  列生成求解结果: 目标值=7.0000， 下界=7.0000， 上界=11.0000
    非整数变量: COL_18-20-27_47 = 0.027778
  解不是整数，开始分支...
ImposedVertex(vertex=20)
ForbidVertex(vertex=20)
  创建了 2 个分支
    添加分支节点 1: ID=328
    添加分支节点 2: ID=329

处理节点 219
  开始列生成求解...
Set parameter LogToConsole to value 0
Set parameter Threads to value 1
Set parameter Seed to value 0
  定价策略: Exact, node=219, vertices=17
Set parameter PoolSearchMode to value 2
Set parameter PoolSolutions to value 10
[CG 1] RMP=9.000000, pricing=ExactPricingSolver, new_columns=0
  搜索路径: [1, 2, 3, 6, 7, 10, 11, 12, 13, 14, 15, 22, 23, 26, 27, 9, 32, 33, 36, 37, 8, 19, 44, 45, 18, 50, 51, 40, 41, 48, 55, 62, 63, 56, 68, 69, 70, 71, 60, 78, 79, 59, 58, 61, 54, 88, 89, 81, 80, 57, 49, 96, 97, 98, 99, 100, 104, 105, 108, 109, 110, 111, 114, 115, 101, 82, 83, 124, 125, 30, 128, 129, 130, 131, 134, 135, 138, 139, 140, 142, 143, 141, 144, 145, 31, 146, 147, 148, 149, 152, 153, 84, 85, 35, 21, 20, 34, 162, 163, 166, 167, 168, 169, 170, 171, 174, 175, 178, 179, 112, 113, 186, 187, 161, 160, 180, 181, 165, 164, 150, 151, 201, 205, 208, 209, 122, 210, 211, 103, 203, 107, 123, 204, 91, 216, 217, 224, 225, 220, 221, 199, 200, 202, 236, 237, 106, 196, 197, 198, 102, 87, 252, 257, 253, 254, 255, 256, 258, 263, 259, 262, 90, 268, 269, 270, 271, 274, 275, 276, 277, 86, 72, 286, 287, 133, 132, 285, 284, 294, 295, 292, 298, 299, 300, 301, 302, 303, 307, 304, 305, 306, 314, 315, 316, 317, 293, 219]
  列生成求解结果: 目标值=9.0000， 下界=7.0000， 上界=11.0000
    非整数变量: COL_18-23-9_33 = 0.200000
  解不是整数，开始分支...
ImposedVertex(vertex=5)
ForbidVertex(vertex=5)
  创建了 2 个分支
    添加分支节点 1: ID=330
    添加分支节点 2: ID=331

处理节点 328
  开始列生成求解...
Set parameter LogToConsole to value 0
Set parameter Threads to value 1
Set parameter Seed to value 0
  定价策略: Exact, node=328, vertices=17
Set parameter PoolSearchMode to value 2
Set parameter PoolSolutions to value 10
[CG 1] RMP=8.000000, pricing=ExactPricingSolver, new_columns=0
  搜索路径: [1, 2, 3, 6, 7, 10, 11, 12, 13, 14, 15, 22, 23, 26, 27, 9, 32, 33, 36, 37, 8, 19, 44, 45, 18, 50, 51, 40, 41, 48, 55, 62, 63, 56, 68, 69, 70, 71, 60, 78, 79, 59, 58, 61, 54, 88, 89, 81, 80, 57, 49, 96, 97, 98, 99, 100, 104, 105, 108, 109, 110, 111, 114, 115, 101, 82, 83, 124, 125, 30, 128, 129, 130, 131, 134, 135, 138, 139, 140, 142, 143, 141, 144, 145, 31, 146, 147, 148, 149, 152, 153, 84, 85, 35, 21, 20, 34, 162, 163, 166, 167, 168, 169, 170, 171, 174, 175, 178, 179, 112, 113, 186, 187, 161, 160, 180, 181, 165, 164, 150, 151, 201, 205, 208, 209, 122, 210, 211, 103, 203, 107, 123, 204, 91, 216, 217, 224, 225, 220, 221, 199, 200, 202, 236, 237, 106, 196, 197, 198, 102, 87, 252, 257, 253, 254, 255, 256, 258, 263, 259, 262, 90, 268, 269, 270, 271, 274, 275, 276, 277, 86, 72, 286, 287, 133, 132, 285, 284, 294, 295, 292, 298, 299, 300, 301, 302, 303, 307, 304, 305, 306, 314, 315, 316, 317, 293, 219, 328]
  列生成求解结果: 目标值=8.0000， 下界=7.0000， 上界=11.0000
    非整数变量: COL_18-20-27_47 = 0.428571
  解不是整数，开始分支...
ImposedVertex(vertex=27)
ForbidVertex(vertex=27)
  创建了 2 个分支
    添加分支节点 1: ID=332
    添加分支节点 2: ID=333

处理节点 329
  开始列生成求解...
Set parameter LogToConsole to value 0
Set parameter Threads to value 1
Set parameter Seed to value 0
  定价策略: Exact, node=329, vertices=17
Set parameter PoolSearchMode to value 2
Set parameter PoolSolutions to value 10
[CG 1] RMP=11.000000, pricing=ExactPricingSolver, new_columns=10
[CG 2] RMP=9.000000, pricing=ExactPricingSolver, new_columns=0
  搜索路径: [1, 2, 3, 6, 7, 10, 11, 12, 13, 14, 15, 22, 23, 26, 27, 9, 32, 33, 36, 37, 8, 19, 44, 45, 18, 50, 51, 40, 41, 48, 55, 62, 63, 56, 68, 69, 70, 71, 60, 78, 79, 59, 58, 61, 54, 88, 89, 81, 80, 57, 49, 96, 97, 98, 99, 100, 104, 105, 108, 109, 110, 111, 114, 115, 101, 82, 83, 124, 125, 30, 128, 129, 130, 131, 134, 135, 138, 139, 140, 142, 143, 141, 144, 145, 31, 146, 147, 148, 149, 152, 153, 84, 85, 35, 21, 20, 34, 162, 163, 166, 167, 168, 169, 170, 171, 174, 175, 178, 179, 112, 113, 186, 187, 161, 160, 180, 181, 165, 164, 150, 151, 201, 205, 208, 209, 122, 210, 211, 103, 203, 107, 123, 204, 91, 216, 217, 224, 225, 220, 221, 199, 200, 202, 236, 237, 106, 196, 197, 198, 102, 87, 252, 257, 253, 254, 255, 256, 258, 263, 259, 262, 90, 268, 269, 270, 271, 274, 275, 276, 277, 86, 72, 286, 287, 133, 132, 285, 284, 294, 295, 292, 298, 299, 300, 301, 302, 303, 307, 304, 305, 306, 314, 315, 316, 317, 293, 219, 328, 329]
  列生成求解结果: 目标值=9.0000， 下界=7.0000， 上界=11.0000
    非整数变量: COL_18-24-9_34 = 0.467532
  解不是整数，开始分支...
ImposedVertex(vertex=24)
ForbidVertex(vertex=24)
  创建了 2 个分支
    添加分支节点 1: ID=334
    添加分支节点 2: ID=335

处理节点 218
  开始列生成求解...
Set parameter LogToConsole to value 0
Set parameter Threads to value 1
Set parameter Seed to value 0
  定价策略: Exact, node=218, vertices=17
Set parameter PoolSearchMode to value 2
Set parameter PoolSolutions to value 10
[CG 1] RMP=8.000000, pricing=ExactPricingSolver, new_columns=0
  搜索路径: [1, 2, 3, 6, 7, 10, 11, 12, 13, 14, 15, 22, 23, 26, 27, 9, 32, 33, 36, 37, 8, 19, 44, 45, 18, 50, 51, 40, 41, 48, 55, 62, 63, 56, 68, 69, 70, 71, 60, 78, 79, 59, 58, 61, 54, 88, 89, 81, 80, 57, 49, 96, 97, 98, 99, 100, 104, 105, 108, 109, 110, 111, 114, 115, 101, 82, 83, 124, 125, 30, 128, 129, 130, 131, 134, 135, 138, 139, 140, 142, 143, 141, 144, 145, 31, 146, 147, 148, 149, 152, 153, 84, 85, 35, 21, 20, 34, 162, 163, 166, 167, 168, 169, 170, 171, 174, 175, 178, 179, 112, 113, 186, 187, 161, 160, 180, 181, 165, 164, 150, 151, 201, 205, 208, 209, 122, 210, 211, 103, 203, 107, 123, 204, 91, 216, 217, 224, 225, 220, 221, 199, 200, 202, 236, 237, 106, 196, 197, 198, 102, 87, 252, 257, 253, 254, 255, 256, 258, 263, 259, 262, 90, 268, 269, 270, 271, 274, 275, 276, 277, 86, 72, 286, 287, 133, 132, 285, 284, 294, 295, 292, 298, 299, 300, 301, 302, 303, 307, 304, 305, 306, 314, 315, 316, 317, 293, 219, 328, 329, 218]
  列生成求解结果: 目标值=8.0000， 下界=7.0000， 上界=11.0000
    非整数变量: COL_18-23-9_33 = 0.142857
  解不是整数，开始分支...
ImposedVertex(vertex=26)
ForbidVertex(vertex=26)
  创建了 2 个分支
    添加分支节点 1: ID=336
    添加分支节点 2: ID=337
  进度: 已处理 200 个节点, 剩余 127 个, 当前最优 11.0000, 当前列数: 1478

处理节点 73
  开始列生成求解...
Set parameter LogToConsole to value 0
Set parameter Threads to value 1
Set parameter Seed to value 0
  定价策略: Exact, node=73, vertices=16
Set parameter PoolSearchMode to value 2
Set parameter PoolSolutions to value 10
[CG 1] RMP=7.000000, pricing=ExactPricingSolver, new_columns=0
  搜索路径: [1, 2, 3, 6, 7, 10, 11, 12, 13, 14, 15, 22, 23, 26, 27, 9, 32, 33, 36, 37, 8, 19, 44, 45, 18, 50, 51, 40, 41, 48, 55, 62, 63, 56, 68, 69, 70, 71, 60, 78, 79, 59, 58, 61, 54, 88, 89, 81, 80, 57, 49, 96, 97, 98, 99, 100, 104, 105, 108, 109, 110, 111, 114, 115, 101, 82, 83, 124, 125, 30, 128, 129, 130, 131, 134, 135, 138, 139, 140, 142, 143, 141, 144, 145, 31, 146, 147, 148, 149, 152, 153, 84, 85, 35, 21, 20, 34, 162, 163, 166, 167, 168, 169, 170, 171, 174, 175, 178, 179, 112, 113, 186, 187, 161, 160, 180, 181, 165, 164, 150, 151, 201, 205, 208, 209, 122, 210, 211, 103, 203, 107, 123, 204, 91, 216, 217, 224, 225, 220, 221, 199, 200, 202, 236, 237, 106, 196, 197, 198, 102, 87, 252, 257, 253, 254, 255, 256, 258, 263, 259, 262, 90, 268, 269, 270, 271, 274, 275, 276, 277, 86, 72, 286, 287, 133, 132, 285, 284, 294, 295, 292, 298, 299, 300, 301, 302, 303, 307, 304, 305, 306, 314, 315, 316, 317, 293, 219, 328, 329, 218, 73]
  列生成求解结果: 目标值=7.0000， 下界=7.0000， 上界=11.0000
    非整数变量: COL_0-9_168 = 0.500000
  解不是整数，开始分支...
ImposedVertex(vertex=9)
ForbidVertex(vertex=9)
  创建了 2 个分支
    添加分支节点 1: ID=338
    添加分支节点 2: ID=339

处理节点 338
  开始列生成求解...
Set parameter LogToConsole to value 0
Set parameter Threads to value 1
Set parameter Seed to value 0
  定价策略: Exact, node=338, vertices=15
Set parameter PoolSearchMode to value 2
Set parameter PoolSolutions to value 10
[CG 1] RMP=12.000000, pricing=ExactPricingSolver, new_columns=10
[CG 2] RMP=9.000000, pricing=ExactPricingSolver, new_columns=0
  搜索路径: [1, 2, 3, 6, 7, 10, 11, 12, 13, 14, 15, 22, 23, 26, 27, 9, 32, 33, 36, 37, 8, 19, 44, 45, 18, 50, 51, 40, 41, 48, 55, 62, 63, 56, 68, 69, 70, 71, 60, 78, 79, 59, 58, 61, 54, 88, 89, 81, 80, 57, 49, 96, 97, 98, 99, 100, 104, 105, 108, 109, 110, 111, 114, 115, 101, 82, 83, 124, 125, 30, 128, 129, 130, 131, 134, 135, 138, 139, 140, 142, 143, 141, 144, 145, 31, 146, 147, 148, 149, 152, 153, 84, 85, 35, 21, 20, 34, 162, 163, 166, 167, 168, 169, 170, 171, 174, 175, 178, 179, 112, 113, 186, 187, 161, 160, 180, 181, 165, 164, 150, 151, 201, 205, 208, 209, 122, 210, 211, 103, 203, 107, 123, 204, 91, 216, 217, 224, 225, 220, 221, 199, 200, 202, 236, 237, 106, 196, 197, 198, 102, 87, 252, 257, 253, 254, 255, 256, 258, 263, 259, 262, 90, 268, 269, 270, 271, 274, 275, 276, 277, 86, 72, 286, 287, 133, 132, 285, 284, 294, 295, 292, 298, 299, 300, 301, 302, 303, 307, 304, 305, 306, 314, 315, 316, 317, 293, 219, 328, 329, 218, 73, 338]
  列生成求解结果: 目标值=9.0000， 下界=7.0000， 上界=11.0000
    非整数变量: COL_0-9_168 = 0.125000
  解不是整数，开始分支...
ImposedVertex(vertex=28)
ForbidVertex(vertex=28)
  创建了 2 个分支
    添加分支节点 1: ID=340
    添加分支节点 2: ID=341

处理节点 339
  开始列生成求解...
Set parameter LogToConsole to value 0
Set parameter Threads to value 1
Set parameter Seed to value 0
  定价策略: Exact, node=339, vertices=15
Set parameter PoolSearchMode to value 2
Set parameter PoolSolutions to value 10
[CG 1] RMP=11.000000, pricing=ExactPricingSolver, new_columns=0
  搜索路径: [1, 2, 3, 6, 7, 10, 11, 12, 13, 14, 15, 22, 23, 26, 27, 9, 32, 33, 36, 37, 8, 19, 44, 45, 18, 50, 51, 40, 41, 48, 55, 62, 63, 56, 68, 69, 70, 71, 60, 78, 79, 59, 58, 61, 54, 88, 89, 81, 80, 57, 49, 96, 97, 98, 99, 100, 104, 105, 108, 109, 110, 111, 114, 115, 101, 82, 83, 124, 125, 30, 128, 129, 130, 131, 134, 135, 138, 139, 140, 142, 143, 141, 144, 145, 31, 146, 147, 148, 149, 152, 153, 84, 85, 35, 21, 20, 34, 162, 163, 166, 167, 168, 169, 170, 171, 174, 175, 178, 179, 112, 113, 186, 187, 161, 160, 180, 181, 165, 164, 150, 151, 201, 205, 208, 209, 122, 210, 211, 103, 203, 107, 123, 204, 91, 216, 217, 224, 225, 220, 221, 199, 200, 202, 236, 237, 106, 196, 197, 198, 102, 87, 252, 257, 253, 254, 255, 256, 258, 263, 259, 262, 90, 268, 269, 270, 271, 274, 275, 276, 277, 86, 72, 286, 287, 133, 132, 285, 284, 294, 295, 292, 298, 299, 300, 301, 302, 303, 307, 304, 305, 306, 314, 315, 316, 317, 293, 219, 328, 329, 218, 73, 338, 339]
  列生成求解结果: 目标值=11.0000， 下界=7.0000， 上界=11.0000

处理节点 64
  开始列生成求解...
Set parameter LogToConsole to value 0
Set parameter Threads to value 1
Set parameter Seed to value 0
  定价策略: Exact, node=64, vertices=18
Set parameter PoolSearchMode to value 2
Set parameter PoolSolutions to value 10
[CG 1] RMP=10.000000, pricing=ExactPricingSolver, new_columns=10
[CG 2] RMP=10.000000, pricing=ExactPricingSolver, new_columns=10
[CG 3] RMP=9.000000, pricing=ExactPricingSolver, new_columns=0
  搜索路径: [1, 2, 3, 6, 7, 10, 11, 12, 13, 14, 15, 22, 23, 26, 27, 9, 32, 33, 36, 37, 8, 19, 44, 45, 18, 50, 51, 40, 41, 48, 55, 62, 63, 56, 68, 69, 70, 71, 60, 78, 79, 59, 58, 61, 54, 88, 89, 81, 80, 57, 49, 96, 97, 98, 99, 100, 104, 105, 108, 109, 110, 111, 114, 115, 101, 82, 83, 124, 125, 30, 128, 129, 130, 131, 134, 135, 138, 139, 140, 142, 143, 141, 144, 145, 31, 146, 147, 148, 149, 152, 153, 84, 85, 35, 21, 20, 34, 162, 163, 166, 167, 168, 169, 170, 171, 174, 175, 178, 179, 112, 113, 186, 187, 161, 160, 180, 181, 165, 164, 150, 151, 201, 205, 208, 209, 122, 210, 211, 103, 203, 107, 123, 204, 91, 216, 217, 224, 225, 220, 221, 199, 200, 202, 236, 237, 106, 196, 197, 198, 102, 87, 252, 257, 253, 254, 255, 256, 258, 263, 259, 262, 90, 268, 269, 270, 271, 274, 275, 276, 277, 86, 72, 286, 287, 133, 132, 285, 284, 294, 295, 292, 298, 299, 300, 301, 302, 303, 307, 304, 305, 306, 314, 315, 316, 317, 293, 219, 328, 329, 218, 73, 338, 339, 64]
  列生成求解结果: 目标值=9.0000， 下界=7.0000， 上界=11.0000
    非整数变量: COL_1-18-23-7-9_42 = 0.900000
  解不是整数，开始分支...
ImposedVertex(vertex=5)
ForbidVertex(vertex=5)
  创建了 2 个分支
    添加分支节点 1: ID=342
    添加分支节点 2: ID=343

处理节点 65
  开始列生成求解...
Set parameter LogToConsole to value 0
Set parameter Threads to value 1
Set parameter Seed to value 0
  定价策略: Exact, node=65, vertices=18
Set parameter PoolSearchMode to value 2
Set parameter PoolSolutions to value 10
[CG 1] RMP=8.000000, pricing=ExactPricingSolver, new_columns=0
  搜索路径: [1, 2, 3, 6, 7, 10, 11, 12, 13, 14, 15, 22, 23, 26, 27, 9, 32, 33, 36, 37, 8, 19, 44, 45, 18, 50, 51, 40, 41, 48, 55, 62, 63, 56, 68, 69, 70, 71, 60, 78, 79, 59, 58, 61, 54, 88, 89, 81, 80, 57, 49, 96, 97, 98, 99, 100, 104, 105, 108, 109, 110, 111, 114, 115, 101, 82, 83, 124, 125, 30, 128, 129, 130, 131, 134, 135, 138, 139, 140, 142, 143, 141, 144, 145, 31, 146, 147, 148, 149, 152, 153, 84, 85, 35, 21, 20, 34, 162, 163, 166, 167, 168, 169, 170, 171, 174, 175, 178, 179, 112, 113, 186, 187, 161, 160, 180, 181, 165, 164, 150, 151, 201, 205, 208, 209, 122, 210, 211, 103, 203, 107, 123, 204, 91, 216, 217, 224, 225, 220, 221, 199, 200, 202, 236, 237, 106, 196, 197, 198, 102, 87, 252, 257, 253, 254, 255, 256, 258, 263, 259, 262, 90, 268, 269, 270, 271, 274, 275, 276, 277, 86, 72, 286, 287, 133, 132, 285, 284, 294, 295, 292, 298, 299, 300, 301, 302, 303, 307, 304, 305, 306, 314, 315, 316, 317, 293, 219, 328, 329, 218, 73, 338, 339, 64, 65]
  列生成求解结果: 目标值=8.0000， 下界=7.0000， 上界=11.0000
    非整数变量: COL_1-18-23-7-9_42 = 0.333333
  解不是整数，开始分支...
ImposedVertex(vertex=23)
ForbidVertex(vertex=23)
  创建了 2 个分支
    添加分支节点 1: ID=344
    添加分支节点 2: ID=345

处理节点 207
  开始列生成求解...
Set parameter LogToConsole to value 0
Set parameter Threads to value 1
Set parameter Seed to value 0
  定价策略: Exact, node=207, vertices=19
Set parameter PoolSearchMode to value 2
Set parameter PoolSolutions to value 10
[CG 1] RMP=12.000000, pricing=ExactPricingSolver, new_columns=10
[CG 2] RMP=7.000000, pricing=ExactPricingSolver, new_columns=0
  搜索路径: [1, 2, 3, 6, 7, 10, 11, 12, 13, 14, 15, 22, 23, 26, 27, 9, 32, 33, 36, 37, 8, 19, 44, 45, 18, 50, 51, 40, 41, 48, 55, 62, 63, 56, 68, 69, 70, 71, 60, 78, 79, 59, 58, 61, 54, 88, 89, 81, 80, 57, 49, 96, 97, 98, 99, 100, 104, 105, 108, 109, 110, 111, 114, 115, 101, 82, 83, 124, 125, 30, 128, 129, 130, 131, 134, 135, 138, 139, 140, 142, 143, 141, 144, 145, 31, 146, 147, 148, 149, 152, 153, 84, 85, 35, 21, 20, 34, 162, 163, 166, 167, 168, 169, 170, 171, 174, 175, 178, 179, 112, 113, 186, 187, 161, 160, 180, 181, 165, 164, 150, 151, 201, 205, 208, 209, 122, 210, 211, 103, 203, 107, 123, 204, 91, 216, 217, 224, 225, 220, 221, 199, 200, 202, 236, 237, 106, 196, 197, 198, 102, 87, 252, 257, 253, 254, 255, 256, 258, 263, 259, 262, 90, 268, 269, 270, 271, 274, 275, 276, 277, 86, 72, 286, 287, 133, 132, 285, 284, 294, 295, 292, 298, 299, 300, 301, 302, 303, 307, 304, 305, 306, 314, 315, 316, 317, 293, 219, 328, 329, 218, 73, 338, 339, 64, 65, 207]
  列生成求解结果: 目标值=7.0000， 下界=7.0000， 上界=11.0000
    非整数变量: COL_0-21_58 = 0.104167
  解不是整数，开始分支...
ImposedVertex(vertex=21)
ForbidVertex(vertex=21)
  创建了 2 个分支
    添加分支节点 1: ID=346
    添加分支节点 2: ID=347

处理节点 346
  开始列生成求解...
Set parameter LogToConsole to value 0
Set parameter Threads to value 1
Set parameter Seed to value 0
  定价策略: Exact, node=346, vertices=18
Set parameter PoolSearchMode to value 2
Set parameter PoolSolutions to value 10
[CG 1] RMP=9.000000, pricing=ExactPricingSolver, new_columns=0
  搜索路径: [1, 2, 3, 6, 7, 10, 11, 12, 13, 14, 15, 22, 23, 26, 27, 9, 32, 33, 36, 37, 8, 19, 44, 45, 18, 50, 51, 40, 41, 48, 55, 62, 63, 56, 68, 69, 70, 71, 60, 78, 79, 59, 58, 61, 54, 88, 89, 81, 80, 57, 49, 96, 97, 98, 99, 100, 104, 105, 108, 109, 110, 111, 114, 115, 101, 82, 83, 124, 125, 30, 128, 129, 130, 131, 134, 135, 138, 139, 140, 142, 143, 141, 144, 145, 31, 146, 147, 148, 149, 152, 153, 84, 85, 35, 21, 20, 34, 162, 163, 166, 167, 168, 169, 170, 171, 174, 175, 178, 179, 112, 113, 186, 187, 161, 160, 180, 181, 165, 164, 150, 151, 201, 205, 208, 209, 122, 210, 211, 103, 203, 107, 123, 204, 91, 216, 217, 224, 225, 220, 221, 199, 200, 202, 236, 237, 106, 196, 197, 198, 102, 87, 252, 257, 253, 254, 255, 256, 258, 263, 259, 262, 90, 268, 269, 270, 271, 274, 275, 276, 277, 86, 72, 286, 287, 133, 132, 285, 284, 294, 295, 292, 298, 299, 300, 301, 302, 303, 307, 304, 305, 306, 314, 315, 316, 317, 293, 219, 328, 329, 218, 73, 338, 339, 64, 65, 207, 346]
  列生成求解结果: 目标值=9.0000， 下界=7.0000， 上界=11.0000
    非整数变量: COL_0-28-9_178 = 0.714286
  解不是整数，开始分支...
ImposedVertex(vertex=28)
ForbidVertex(vertex=28)
  创建了 2 个分支
    添加分支节点 1: ID=348
    添加分支节点 2: ID=349

处理节点 347
  开始列生成求解...
Set parameter LogToConsole to value 0
Set parameter Threads to value 1
Set parameter Seed to value 0
  定价策略: Exact, node=347, vertices=18
Set parameter PoolSearchMode to value 2
Set parameter PoolSolutions to value 10
[CG 1] RMP=8.000000, pricing=ExactPricingSolver, new_columns=0
  搜索路径: [1, 2, 3, 6, 7, 10, 11, 12, 13, 14, 15, 22, 23, 26, 27, 9, 32, 33, 36, 37, 8, 19, 44, 45, 18, 50, 51, 40, 41, 48, 55, 62, 63, 56, 68, 69, 70, 71, 60, 78, 79, 59, 58, 61, 54, 88, 89, 81, 80, 57, 49, 96, 97, 98, 99, 100, 104, 105, 108, 109, 110, 111, 114, 115, 101, 82, 83, 124, 125, 30, 128, 129, 130, 131, 134, 135, 138, 139, 140, 142, 143, 141, 144, 145, 31, 146, 147, 148, 149, 152, 153, 84, 85, 35, 21, 20, 34, 162, 163, 166, 167, 168, 169, 170, 171, 174, 175, 178, 179, 112, 113, 186, 187, 161, 160, 180, 181, 165, 164, 150, 151, 201, 205, 208, 209, 122, 210, 211, 103, 203, 107, 123, 204, 91, 216, 217, 224, 225, 220, 221, 199, 200, 202, 236, 237, 106, 196, 197, 198, 102, 87, 252, 257, 253, 254, 255, 256, 258, 263, 259, 262, 90, 268, 269, 270, 271, 274, 275, 276, 277, 86, 72, 286, 287, 133, 132, 285, 284, 294, 295, 292, 298, 299, 300, 301, 302, 303, 307, 304, 305, 306, 314, 315, 316, 317, 293, 219, 328, 329, 218, 73, 338, 339, 64, 65, 207, 346, 347]
  列生成求解结果: 目标值=8.0000， 下界=7.0000， 上界=11.0000
    非整数变量: COL_23_5 = 0.031746
  解不是整数，开始分支...
ImposedVertex(vertex=12)
ForbidVertex(vertex=12)
  创建了 2 个分支
    添加分支节点 1: ID=350
    添加分支节点 2: ID=351

处理节点 206
  开始列生成求解...
Set parameter LogToConsole to value 0
Set parameter Threads to value 1
Set parameter Seed to value 0
  定价策略: Exact, node=206, vertices=18
Set parameter PoolSearchMode to value 2
Set parameter PoolSolutions to value 10
[CG 1] RMP=10.000000, pricing=ExactPricingSolver, new_columns=0
  搜索路径: [1, 2, 3, 6, 7, 10, 11, 12, 13, 14, 15, 22, 23, 26, 27, 9, 32, 33, 36, 37, 8, 19, 44, 45, 18, 50, 51, 40, 41, 48, 55, 62, 63, 56, 68, 69, 70, 71, 60, 78, 79, 59, 58, 61, 54, 88, 89, 81, 80, 57, 49, 96, 97, 98, 99, 100, 104, 105, 108, 109, 110, 111, 114, 115, 101, 82, 83, 124, 125, 30, 128, 129, 130, 131, 134, 135, 138, 139, 140, 142, 143, 141, 144, 145, 31, 146, 147, 148, 149, 152, 153, 84, 85, 35, 21, 20, 34, 162, 163, 166, 167, 168, 169, 170, 171, 174, 175, 178, 179, 112, 113, 186, 187, 161, 160, 180, 181, 165, 164, 150, 151, 201, 205, 208, 209, 122, 210, 211, 103, 203, 107, 123, 204, 91, 216, 217, 224, 225, 220, 221, 199, 200, 202, 236, 237, 106, 196, 197, 198, 102, 87, 252, 257, 253, 254, 255, 256, 258, 263, 259, 262, 90, 268, 269, 270, 271, 274, 275, 276, 277, 86, 72, 286, 287, 133, 132, 285, 284, 294, 295, 292, 298, 299, 300, 301, 302, 303, 307, 304, 305, 306, 314, 315, 316, 317, 293, 219, 328, 329, 218, 73, 338, 339, 64, 65, 207, 346, 347, 206]
  列生成求解结果: 目标值=10.0000， 下界=7.0000， 上界=11.0000
    非整数变量: COL_0-18-20-26_49 = 0.500000
  解不是整数，开始分支...
ImposedVertex(vertex=20)
ForbidVertex(vertex=20)
  创建了 2 个分支
    添加分支节点 1: ID=352
    添加分支节点 2: ID=353

处理节点 344
  开始列生成求解...
Set parameter LogToConsole to value 0
Set parameter Threads to value 1
Set parameter Seed to value 0
  定价策略: Exact, node=344, vertices=16
Set parameter PoolSearchMode to value 2
Set parameter PoolSolutions to value 10
[CG 1] RMP=8.000000, pricing=ExactPricingSolver, new_columns=0
  搜索路径: [1, 2, 3, 6, 7, 10, 11, 12, 13, 14, 15, 22, 23, 26, 27, 9, 32, 33, 36, 37, 8, 19, 44, 45, 18, 50, 51, 40, 41, 48, 55, 62, 63, 56, 68, 69, 70, 71, 60, 78, 79, 59, 58, 61, 54, 88, 89, 81, 80, 57, 49, 96, 97, 98, 99, 100, 104, 105, 108, 109, 110, 111, 114, 115, 101, 82, 83, 124, 125, 30, 128, 129, 130, 131, 134, 135, 138, 139, 140, 142, 143, 141, 144, 145, 31, 146, 147, 148, 149, 152, 153, 84, 85, 35, 21, 20, 34, 162, 163, 166, 167, 168, 169, 170, 171, 174, 175, 178, 179, 112, 113, 186, 187, 161, 160, 180, 181, 165, 164, 150, 151, 201, 205, 208, 209, 122, 210, 211, 103, 203, 107, 123, 204, 91, 216, 217, 224, 225, 220, 221, 199, 200, 202, 236, 237, 106, 196, 197, 198, 102, 87, 252, 257, 253, 254, 255, 256, 258, 263, 259, 262, 90, 268, 269, 270, 271, 274, 275, 276, 277, 86, 72, 286, 287, 133, 132, 285, 284, 294, 295, 292, 298, 299, 300, 301, 302, 303, 307, 304, 305, 306, 314, 315, 316, 317, 293, 219, 328, 329, 218, 73, 338, 339, 64, 65, 207, 346, 347, 206, 344]
  列生成求解结果: 目标值=8.0000， 下界=8.0000， 上界=11.0000
    非整数变量: COL_1-18-23-7-9_42 = 0.333333
  解不是整数，开始分支...
ImposedVertex(vertex=26)
ForbidVertex(vertex=26)
  创建了 2 个分支
    添加分支节点 1: ID=354
    添加分支节点 2: ID=355
  进度: 已处理 210 个节点, 剩余 135 个, 当前最优 11.0000, 当前列数: 1518

处理节点 345
  开始列生成求解...
Set parameter LogToConsole to value 0
Set parameter Threads to value 1
Set parameter Seed to value 0
  定价策略: Exact, node=345, vertices=17
Set parameter PoolSearchMode to value 2
Set parameter PoolSolutions to value 10
[CG 1] RMP=12.000000, pricing=ExactPricingSolver, new_columns=10
[CG 2] RMP=9.000000, pricing=ExactPricingSolver, new_columns=0
  搜索路径: [1, 2, 3, 6, 7, 10, 11, 12, 13, 14, 15, 22, 23, 26, 27, 9, 32, 33, 36, 37, 8, 19, 44, 45, 18, 50, 51, 40, 41, 48, 55, 62, 63, 56, 68, 69, 70, 71, 60, 78, 79, 59, 58, 61, 54, 88, 89, 81, 80, 57, 49, 96, 97, 98, 99, 100, 104, 105, 108, 109, 110, 111, 114, 115, 101, 82, 83, 124, 125, 30, 128, 129, 130, 131, 134, 135, 138, 139, 140, 142, 143, 141, 144, 145, 31, 146, 147, 148, 149, 152, 153, 84, 85, 35, 21, 20, 34, 162, 163, 166, 167, 168, 169, 170, 171, 174, 175, 178, 179, 112, 113, 186, 187, 161, 160, 180, 181, 165, 164, 150, 151, 201, 205, 208, 209, 122, 210, 211, 103, 203, 107, 123, 204, 91, 216, 217, 224, 225, 220, 221, 199, 200, 202, 236, 237, 106, 196, 197, 198, 102, 87, 252, 257, 253, 254, 255, 256, 258, 263, 259, 262, 90, 268, 269, 270, 271, 274, 275, 276, 277, 86, 72, 286, 287, 133, 132, 285, 284, 294, 295, 292, 298, 299, 300, 301, 302, 303, 307, 304, 305, 306, 314, 315, 316, 317, 293, 219, 328, 329, 218, 73, 338, 339, 64, 65, 207, 346, 347, 206, 344, 345]
  列生成求解结果: 目标值=9.0000， 下界=8.0000， 上界=11.0000
    非整数变量: COL_1-26-5_121 = 0.900000
  解不是整数，开始分支...
ImposedVertex(vertex=5)
ForbidVertex(vertex=5)
  创建了 2 个分支
    添加分支节点 1: ID=356
    添加分支节点 2: ID=357

处理节点 183
  开始列生成求解...
Set parameter LogToConsole to value 0
Set parameter Threads to value 1
Set parameter Seed to value 0
  定价策略: Exact, node=183, vertices=19
Set parameter PoolSearchMode to value 2
Set parameter PoolSolutions to value 10
[CG 1] RMP=8.000000, pricing=ExactPricingSolver, new_columns=0
  搜索路径: [1, 2, 3, 6, 7, 10, 11, 12, 13, 14, 15, 22, 23, 26, 27, 9, 32, 33, 36, 37, 8, 19, 44, 45, 18, 50, 51, 40, 41, 48, 55, 62, 63, 56, 68, 69, 70, 71, 60, 78, 79, 59, 58, 61, 54, 88, 89, 81, 80, 57, 49, 96, 97, 98, 99, 100, 104, 105, 108, 109, 110, 111, 114, 115, 101, 82, 83, 124, 125, 30, 128, 129, 130, 131, 134, 135, 138, 139, 140, 142, 143, 141, 144, 145, 31, 146, 147, 148, 149, 152, 153, 84, 85, 35, 21, 20, 34, 162, 163, 166, 167, 168, 169, 170, 171, 174, 175, 178, 179, 112, 113, 186, 187, 161, 160, 180, 181, 165, 164, 150, 151, 201, 205, 208, 209, 122, 210, 211, 103, 203, 107, 123, 204, 91, 216, 217, 224, 225, 220, 221, 199, 200, 202, 236, 237, 106, 196, 197, 198, 102, 87, 252, 257, 253, 254, 255, 256, 258, 263, 259, 262, 90, 268, 269, 270, 271, 274, 275, 276, 277, 86, 72, 286, 287, 133, 132, 285, 284, 294, 295, 292, 298, 299, 300, 301, 302, 303, 307, 304, 305, 306, 314, 315, 316, 317, 293, 219, 328, 329, 218, 73, 338, 339, 64, 65, 207, 346, 347, 206, 344, 345, 183]
  列生成求解结果: 目标值=8.0000， 下界=8.0000， 上界=11.0000
    非整数变量: COL_1-11-15-18-23-7-9_44 = 0.500000
  解不是整数，开始分支...
ImposedVertex(vertex=1)
ForbidVertex(vertex=1)
  创建了 2 个分支
    添加分支节点 1: ID=358
    添加分支节点 2: ID=359

处理节点 324
  开始列生成求解...
Set parameter LogToConsole to value 0
Set parameter Threads to value 1
Set parameter Seed to value 0
  定价策略: Exact, node=324, vertices=10
Set parameter PoolSearchMode to value 2
Set parameter PoolSolutions to value 10
[CG 1] RMP=16.000000, pricing=ExactPricingSolver, new_columns=10
[CG 2] RMP=12.000000, pricing=ExactPricingSolver, new_columns=0
  搜索路径: [1, 2, 3, 6, 7, 10, 11, 12, 13, 14, 15, 22, 23, 26, 27, 9, 32, 33, 36, 37, 8, 19, 44, 45, 18, 50, 51, 40, 41, 48, 55, 62, 63, 56, 68, 69, 70, 71, 60, 78, 79, 59, 58, 61, 54, 88, 89, 81, 80, 57, 49, 96, 97, 98, 99, 100, 104, 105, 108, 109, 110, 111, 114, 115, 101, 82, 83, 124, 125, 30, 128, 129, 130, 131, 134, 135, 138, 139, 140, 142, 143, 141, 144, 145, 31, 146, 147, 148, 149, 152, 153, 84, 85, 35, 21, 20, 34, 162, 163, 166, 167, 168, 169, 170, 171, 174, 175, 178, 179, 112, 113, 186, 187, 161, 160, 180, 181, 165, 164, 150, 151, 201, 205, 208, 209, 122, 210, 211, 103, 203, 107, 123, 204, 91, 216, 217, 224, 225, 220, 221, 199, 200, 202, 236, 237, 106, 196, 197, 198, 102, 87, 252, 257, 253, 254, 255, 256, 258, 263, 259, 262, 90, 268, 269, 270, 271, 274, 275, 276, 277, 86, 72, 286, 287, 133, 132, 285, 284, 294, 295, 292, 298, 299, 300, 301, 302, 303, 307, 304, 305, 306, 314, 315, 316, 317, 293, 219, 328, 329, 218, 73, 338, 339, 64, 65, 207, 346, 347, 206, 344, 345, 183, 324]
  列生成求解结果: 目标值=12.0000， 下界=8.0000， 上界=11.0000

处理节点 332
  开始列生成求解...
Set parameter LogToConsole to value 0
Set parameter Threads to value 1
Set parameter Seed to value 0
  定价策略: Exact, node=332, vertices=16
Set parameter PoolSearchMode to value 2
Set parameter PoolSolutions to value 10
[CG 1] RMP=11.000000, pricing=ExactPricingSolver, new_columns=0
  搜索路径: [1, 2, 3, 6, 7, 10, 11, 12, 13, 14, 15, 22, 23, 26, 27, 9, 32, 33, 36, 37, 8, 19, 44, 45, 18, 50, 51, 40, 41, 48, 55, 62, 63, 56, 68, 69, 70, 71, 60, 78, 79, 59, 58, 61, 54, 88, 89, 81, 80, 57, 49, 96, 97, 98, 99, 100, 104, 105, 108, 109, 110, 111, 114, 115, 101, 82, 83, 124, 125, 30, 128, 129, 130, 131, 134, 135, 138, 139, 140, 142, 143, 141, 144, 145, 31, 146, 147, 148, 149, 152, 153, 84, 85, 35, 21, 20, 34, 162, 163, 166, 167, 168, 169, 170, 171, 174, 175, 178, 179, 112, 113, 186, 187, 161, 160, 180, 181, 165, 164, 150, 151, 201, 205, 208, 209, 122, 210, 211, 103, 203, 107, 123, 204, 91, 216, 217, 224, 225, 220, 221, 199, 200, 202, 236, 237, 106, 196, 197, 198, 102, 87, 252, 257, 253, 254, 255, 256, 258, 263, 259, 262, 90, 268, 269, 270, 271, 274, 275, 276, 277, 86, 72, 286, 287, 133, 132, 285, 284, 294, 295, 292, 298, 299, 300, 301, 302, 303, 307, 304, 305, 306, 314, 315, 316, 317, 293, 219, 328, 329, 218, 73, 338, 339, 64, 65, 207, 346, 347, 206, 344, 345, 183, 324, 332]
  列生成求解结果: 目标值=11.0000， 下界=8.0000， 上界=11.0000

处理节点 333
  开始列生成求解...
Set parameter LogToConsole to value 0
Set parameter Threads to value 1
Set parameter Seed to value 0
  定价策略: Exact, node=333, vertices=16
Set parameter PoolSearchMode to value 2
Set parameter PoolSolutions to value 10
[CG 1] RMP=12.000000, pricing=ExactPricingSolver, new_columns=0
  搜索路径: [1, 2, 3, 6, 7, 10, 11, 12, 13, 14, 15, 22, 23, 26, 27, 9, 32, 33, 36, 37, 8, 19, 44, 45, 18, 50, 51, 40, 41, 48, 55, 62, 63, 56, 68, 69, 70, 71, 60, 78, 79, 59, 58, 61, 54, 88, 89, 81, 80, 57, 49, 96, 97, 98, 99, 100, 104, 105, 108, 109, 110, 111, 114, 115, 101, 82, 83, 124, 125, 30, 128, 129, 130, 131, 134, 135, 138, 139, 140, 142, 143, 141, 144, 145, 31, 146, 147, 148, 149, 152, 153, 84, 85, 35, 21, 20, 34, 162, 163, 166, 167, 168, 169, 170, 171, 174, 175, 178, 179, 112, 113, 186, 187, 161, 160, 180, 181, 165, 164, 150, 151, 201, 205, 208, 209, 122, 210, 211, 103, 203, 107, 123, 204, 91, 216, 217, 224, 225, 220, 221, 199, 200, 202, 236, 237, 106, 196, 197, 198, 102, 87, 252, 257, 253, 254, 255, 256, 258, 263, 259, 262, 90, 268, 269, 270, 271, 274, 275, 276, 277, 86, 72, 286, 287, 133, 132, 285, 284, 294, 295, 292, 298, 299, 300, 301, 302, 303, 307, 304, 305, 306, 314, 315, 316, 317, 293, 219, 328, 329, 218, 73, 338, 339, 64, 65, 207, 346, 347, 206, 344, 345, 183, 324, 332, 333]
  列生成求解结果: 目标值=12.0000， 下界=8.0000， 上界=11.0000

处理节点 355
  开始列生成求解...
Set parameter LogToConsole to value 0
Set parameter Threads to value 1
Set parameter Seed to value 0
  定价策略: Exact, node=355, vertices=15
Set parameter PoolSearchMode to value 2
Set parameter PoolSolutions to value 10
[CG 1] RMP=12.000000, pricing=ExactPricingSolver, new_columns=0
  搜索路径: [1, 2, 3, 6, 7, 10, 11, 12, 13, 14, 15, 22, 23, 26, 27, 9, 32, 33, 36, 37, 8, 19, 44, 45, 18, 50, 51, 40, 41, 48, 55, 62, 63, 56, 68, 69, 70, 71, 60, 78, 79, 59, 58, 61, 54, 88, 89, 81, 80, 57, 49, 96, 97, 98, 99, 100, 104, 105, 108, 109, 110, 111, 114, 115, 101, 82, 83, 124, 125, 30, 128, 129, 130, 131, 134, 135, 138, 139, 140, 142, 143, 141, 144, 145, 31, 146, 147, 148, 149, 152, 153, 84, 85, 35, 21, 20, 34, 162, 163, 166, 167, 168, 169, 170, 171, 174, 175, 178, 179, 112, 113, 186, 187, 161, 160, 180, 181, 165, 164, 150, 151, 201, 205, 208, 209, 122, 210, 211, 103, 203, 107, 123, 204, 91, 216, 217, 224, 225, 220, 221, 199, 200, 202, 236, 237, 106, 196, 197, 198, 102, 87, 252, 257, 253, 254, 255, 256, 258, 263, 259, 262, 90, 268, 269, 270, 271, 274, 275, 276, 277, 86, 72, 286, 287, 133, 132, 285, 284, 294, 295, 292, 298, 299, 300, 301, 302, 303, 307, 304, 305, 306, 314, 315, 316, 317, 293, 219, 328, 329, 218, 73, 338, 339, 64, 65, 207, 346, 347, 206, 344, 345, 183, 324, 332, 333, 355]
  列生成求解结果: 目标值=12.0000， 下界=8.0000， 上界=11.0000

处理节点 325
  开始列生成求解...
Set parameter LogToConsole to value 0
Set parameter Threads to value 1
Set parameter Seed to value 0
  定价策略: Exact, node=325, vertices=10
Set parameter PoolSearchMode to value 2
Set parameter PoolSolutions to value 10
[CG 1] RMP=1010.000000, pricing=ExactPricingSolver, new_columns=10
[CG 2] RMP=11.000000, pricing=ExactPricingSolver, new_columns=0
  搜索路径: [1, 2, 3, 6, 7, 10, 11, 12, 13, 14, 15, 22, 23, 26, 27, 9, 32, 33, 36, 37, 8, 19, 44, 45, 18, 50, 51, 40, 41, 48, 55, 62, 63, 56, 68, 69, 70, 71, 60, 78, 79, 59, 58, 61, 54, 88, 89, 81, 80, 57, 49, 96, 97, 98, 99, 100, 104, 105, 108, 109, 110, 111, 114, 115, 101, 82, 83, 124, 125, 30, 128, 129, 130, 131, 134, 135, 138, 139, 140, 142, 143, 141, 144, 145, 31, 146, 147, 148, 149, 152, 153, 84, 85, 35, 21, 20, 34, 162, 163, 166, 167, 168, 169, 170, 171, 174, 175, 178, 179, 112, 113, 186, 187, 161, 160, 180, 181, 165, 164, 150, 151, 201, 205, 208, 209, 122, 210, 211, 103, 203, 107, 123, 204, 91, 216, 217, 224, 225, 220, 221, 199, 200, 202, 236, 237, 106, 196, 197, 198, 102, 87, 252, 257, 253, 254, 255, 256, 258, 263, 259, 262, 90, 268, 269, 270, 271, 274, 275, 276, 277, 86, 72, 286, 287, 133, 132, 285, 284, 294, 295, 292, 298, 299, 300, 301, 302, 303, 307, 304, 305, 306, 314, 315, 316, 317, 293, 219, 328, 329, 218, 73, 338, 339, 64, 65, 207, 346, 347, 206, 344, 345, 183, 324, 332, 333, 355, 325]
  列生成求解结果: 目标值=11.0000， 下界=8.0000， 上界=11.0000

处理节点 320
  开始列生成求解...
Set parameter LogToConsole to value 0
Set parameter Threads to value 1
Set parameter Seed to value 0
  定价策略: Exact, node=320, vertices=10
Set parameter PoolSearchMode to value 2
Set parameter PoolSolutions to value 10
[CG 1] RMP=16.000000, pricing=ExactPricingSolver, new_columns=10
[CG 2] RMP=12.000000, pricing=ExactPricingSolver, new_columns=0
  搜索路径: [1, 2, 3, 6, 7, 10, 11, 12, 13, 14, 15, 22, 23, 26, 27, 9, 32, 33, 36, 37, 8, 19, 44, 45, 18, 50, 51, 40, 41, 48, 55, 62, 63, 56, 68, 69, 70, 71, 60, 78, 79, 59, 58, 61, 54, 88, 89, 81, 80, 57, 49, 96, 97, 98, 99, 100, 104, 105, 108, 109, 110, 111, 114, 115, 101, 82, 83, 124, 125, 30, 128, 129, 130, 131, 134, 135, 138, 139, 140, 142, 143, 141, 144, 145, 31, 146, 147, 148, 149, 152, 153, 84, 85, 35, 21, 20, 34, 162, 163, 166, 167, 168, 169, 170, 171, 174, 175, 178, 179, 112, 113, 186, 187, 161, 160, 180, 181, 165, 164, 150, 151, 201, 205, 208, 209, 122, 210, 211, 103, 203, 107, 123, 204, 91, 216, 217, 224, 225, 220, 221, 199, 200, 202, 236, 237, 106, 196, 197, 198, 102, 87, 252, 257, 253, 254, 255, 256, 258, 263, 259, 262, 90, 268, 269, 270, 271, 274, 275, 276, 277, 86, 72, 286, 287, 133, 132, 285, 284, 294, 295, 292, 298, 299, 300, 301, 302, 303, 307, 304, 305, 306, 314, 315, 316, 317, 293, 219, 328, 329, 218, 73, 338, 339, 64, 65, 207, 346, 347, 206, 344, 345, 183, 324, 332, 333, 355, 325, 320]
  列生成求解结果: 目标值=12.0000， 下界=8.0000， 上界=11.0000

处理节点 321
  开始列生成求解...
Set parameter LogToConsole to value 0
Set parameter Threads to value 1
Set parameter Seed to value 0
  定价策略: Exact, node=321, vertices=10
Set parameter PoolSearchMode to value 2
Set parameter PoolSolutions to value 10
[CG 1] RMP=1010.000000, pricing=ExactPricingSolver, new_columns=10
[CG 2] RMP=11.000000, pricing=ExactPricingSolver, new_columns=0
  搜索路径: [1, 2, 3, 6, 7, 10, 11, 12, 13, 14, 15, 22, 23, 26, 27, 9, 32, 33, 36, 37, 8, 19, 44, 45, 18, 50, 51, 40, 41, 48, 55, 62, 63, 56, 68, 69, 70, 71, 60, 78, 79, 59, 58, 61, 54, 88, 89, 81, 80, 57, 49, 96, 97, 98, 99, 100, 104, 105, 108, 109, 110, 111, 114, 115, 101, 82, 83, 124, 125, 30, 128, 129, 130, 131, 134, 135, 138, 139, 140, 142, 143, 141, 144, 145, 31, 146, 147, 148, 149, 152, 153, 84, 85, 35, 21, 20, 34, 162, 163, 166, 167, 168, 169, 170, 171, 174, 175, 178, 179, 112, 113, 186, 187, 161, 160, 180, 181, 165, 164, 150, 151, 201, 205, 208, 209, 122, 210, 211, 103, 203, 107, 123, 204, 91, 216, 217, 224, 225, 220, 221, 199, 200, 202, 236, 237, 106, 196, 197, 198, 102, 87, 252, 257, 253, 254, 255, 256, 258, 263, 259, 262, 90, 268, 269, 270, 271, 274, 275, 276, 277, 86, 72, 286, 287, 133, 132, 285, 284, 294, 295, 292, 298, 299, 300, 301, 302, 303, 307, 304, 305, 306, 314, 315, 316, 317, 293, 219, 328, 329, 218, 73, 338, 339, 64, 65, 207, 346, 347, 206, 344, 345, 183, 324, 332, 333, 355, 325, 320, 321]
  列生成求解结果: 目标值=11.0000， 下界=8.0000， 上界=11.0000

处理节点 189
  开始列生成求解...
Set parameter LogToConsole to value 0
Set parameter Threads to value 1
Set parameter Seed to value 0
  定价策略: Exact, node=189, vertices=15
Set parameter PoolSearchMode to value 2
Set parameter PoolSolutions to value 10
[CG 1] RMP=12.000000, pricing=ExactPricingSolver, new_columns=10
[CG 2] RMP=8.000000, pricing=ExactPricingSolver, new_columns=10
[CG 3] RMP=8.000000, pricing=ExactPricingSolver, new_columns=0
  搜索路径: [1, 2, 3, 6, 7, 10, 11, 12, 13, 14, 15, 22, 23, 26, 27, 9, 32, 33, 36, 37, 8, 19, 44, 45, 18, 50, 51, 40, 41, 48, 55, 62, 63, 56, 68, 69, 70, 71, 60, 78, 79, 59, 58, 61, 54, 88, 89, 81, 80, 57, 49, 96, 97, 98, 99, 100, 104, 105, 108, 109, 110, 111, 114, 115, 101, 82, 83, 124, 125, 30, 128, 129, 130, 131, 134, 135, 138, 139, 140, 142, 143, 141, 144, 145, 31, 146, 147, 148, 149, 152, 153, 84, 85, 35, 21, 20, 34, 162, 163, 166, 167, 168, 169, 170, 171, 174, 175, 178, 179, 112, 113, 186, 187, 161, 160, 180, 181, 165, 164, 150, 151, 201, 205, 208, 209, 122, 210, 211, 103, 203, 107, 123, 204, 91, 216, 217, 224, 225, 220, 221, 199, 200, 202, 236, 237, 106, 196, 197, 198, 102, 87, 252, 257, 253, 254, 255, 256, 258, 263, 259, 262, 90, 268, 269, 270, 271, 274, 275, 276, 277, 86, 72, 286, 287, 133, 132, 285, 284, 294, 295, 292, 298, 299, 300, 301, 302, 303, 307, 304, 305, 306, 314, 315, 316, 317, 293, 219, 328, 329, 218, 73, 338, 339, 64, 65, 207, 346, 347, 206, 344, 345, 183, 324, 332, 333, 355, 325, 320, 321, 189]
  列生成求解结果: 目标值=8.0000， 下界=8.0000， 上界=11.0000
    非整数变量: COL_15-2-26-4-7-9_125 = 0.300000
  解不是整数，开始分支...
ImposedVertex(vertex=26)
ForbidVertex(vertex=26)
  创建了 2 个分支
    添加分支节点 1: ID=360
    添加分支节点 2: ID=361
  进度: 已处理 220 个节点, 剩余 131 个, 当前最优 11.0000, 当前列数: 1588

处理节点 94
  开始列生成求解...
Set parameter LogToConsole to value 0
Set parameter Threads to value 1
Set parameter Seed to value 0
  定价策略: Exact, node=94, vertices=16
Set parameter PoolSearchMode to value 2
Set parameter PoolSolutions to value 10
[CG 1] RMP=9.000000, pricing=ExactPricingSolver, new_columns=10
[CG 2] RMP=9.000000, pricing=ExactPricingSolver, new_columns=0
  搜索路径: [1, 2, 3, 6, 7, 10, 11, 12, 13, 14, 15, 22, 23, 26, 27, 9, 32, 33, 36, 37, 8, 19, 44, 45, 18, 50, 51, 40, 41, 48, 55, 62, 63, 56, 68, 69, 70, 71, 60, 78, 79, 59, 58, 61, 54, 88, 89, 81, 80, 57, 49, 96, 97, 98, 99, 100, 104, 105, 108, 109, 110, 111, 114, 115, 101, 82, 83, 124, 125, 30, 128, 129, 130, 131, 134, 135, 138, 139, 140, 142, 143, 141, 144, 145, 31, 146, 147, 148, 149, 152, 153, 84, 85, 35, 21, 20, 34, 162, 163, 166, 167, 168, 169, 170, 171, 174, 175, 178, 179, 112, 113, 186, 187, 161, 160, 180, 181, 165, 164, 150, 151, 201, 205, 208, 209, 122, 210, 211, 103, 203, 107, 123, 204, 91, 216, 217, 224, 225, 220, 221, 199, 200, 202, 236, 237, 106, 196, 197, 198, 102, 87, 252, 257, 253, 254, 255, 256, 258, 263, 259, 262, 90, 268, 269, 270, 271, 274, 275, 276, 277, 86, 72, 286, 287, 133, 132, 285, 284, 294, 295, 292, 298, 299, 300, 301, 302, 303, 307, 304, 305, 306, 314, 315, 316, 317, 293, 219, 328, 329, 218, 73, 338, 339, 64, 65, 207, 346, 347, 206, 344, 345, 183, 324, 332, 333, 355, 325, 320, 321, 189, 94]
  列生成求解结果: 目标值=9.0000， 下界=8.0000， 上界=11.0000
    非整数变量: COL_13-16-19_4 = 0.500000
  解不是整数，开始分支...
ImposedVertex(vertex=26)
ForbidVertex(vertex=26)
  创建了 2 个分支
    添加分支节点 1: ID=362
    添加分支节点 2: ID=363

处理节点 312
  开始列生成求解...
Set parameter LogToConsole to value 0
Set parameter Threads to value 1
Set parameter Seed to value 0
  定价策略: Exact, node=312, vertices=12
Set parameter PoolSearchMode to value 2
Set parameter PoolSolutions to value 10
[CG 1] RMP=11.000000, pricing=ExactPricingSolver, new_columns=0
  搜索路径: [1, 2, 3, 6, 7, 10, 11, 12, 13, 14, 15, 22, 23, 26, 27, 9, 32, 33, 36, 37, 8, 19, 44, 45, 18, 50, 51, 40, 41, 48, 55, 62, 63, 56, 68, 69, 70, 71, 60, 78, 79, 59, 58, 61, 54, 88, 89, 81, 80, 57, 49, 96, 97, 98, 99, 100, 104, 105, 108, 109, 110, 111, 114, 115, 101, 82, 83, 124, 125, 30, 128, 129, 130, 131, 134, 135, 138, 139, 140, 142, 143, 141, 144, 145, 31, 146, 147, 148, 149, 152, 153, 84, 85, 35, 21, 20, 34, 162, 163, 166, 167, 168, 169, 170, 171, 174, 175, 178, 179, 112, 113, 186, 187, 161, 160, 180, 181, 165, 164, 150, 151, 201, 205, 208, 209, 122, 210, 211, 103, 203, 107, 123, 204, 91, 216, 217, 224, 225, 220, 221, 199, 200, 202, 236, 237, 106, 196, 197, 198, 102, 87, 252, 257, 253, 254, 255, 256, 258, 263, 259, 262, 90, 268, 269, 270, 271, 274, 275, 276, 277, 86, 72, 286, 287, 133, 132, 285, 284, 294, 295, 292, 298, 299, 300, 301, 302, 303, 307, 304, 305, 306, 314, 315, 316, 317, 293, 219, 328, 329, 218, 73, 338, 339, 64, 65, 207, 346, 347, 206, 344, 345, 183, 324, 332, 333, 355, 325, 320, 321, 189, 94, 312]
  列生成求解结果: 目标值=11.0000， 下界=8.0000， 上界=11.0000

处理节点 193
  开始列生成求解...
Set parameter LogToConsole to value 0
Set parameter Threads to value 1
Set parameter Seed to value 0
  定价策略: Exact, node=193, vertices=20
Set parameter PoolSearchMode to value 2
Set parameter PoolSolutions to value 10
[CG 1] RMP=11.000000, pricing=ExactPricingSolver, new_columns=0
  搜索路径: [1, 2, 3, 6, 7, 10, 11, 12, 13, 14, 15, 22, 23, 26, 27, 9, 32, 33, 36, 37, 8, 19, 44, 45, 18, 50, 51, 40, 41, 48, 55, 62, 63, 56, 68, 69, 70, 71, 60, 78, 79, 59, 58, 61, 54, 88, 89, 81, 80, 57, 49, 96, 97, 98, 99, 100, 104, 105, 108, 109, 110, 111, 114, 115, 101, 82, 83, 124, 125, 30, 128, 129, 130, 131, 134, 135, 138, 139, 140, 142, 143, 141, 144, 145, 31, 146, 147, 148, 149, 152, 153, 84, 85, 35, 21, 20, 34, 162, 163, 166, 167, 168, 169, 170, 171, 174, 175, 178, 179, 112, 113, 186, 187, 161, 160, 180, 181, 165, 164, 150, 151, 201, 205, 208, 209, 122, 210, 211, 103, 203, 107, 123, 204, 91, 216, 217, 224, 225, 220, 221, 199, 200, 202, 236, 237, 106, 196, 197, 198, 102, 87, 252, 257, 253, 254, 255, 256, 258, 263, 259, 262, 90, 268, 269, 270, 271, 274, 275, 276, 277, 86, 72, 286, 287, 133, 132, 285, 284, 294, 295, 292, 298, 299, 300, 301, 302, 303, 307, 304, 305, 306, 314, 315, 316, 317, 293, 219, 328, 329, 218, 73, 338, 339, 64, 65, 207, 346, 347, 206, 344, 345, 183, 324, 332, 333, 355, 325, 320, 321, 189, 94, 312, 193]
  列生成求解结果: 目标值=11.0000， 下界=8.0000， 上界=11.0000

处理节点 361
  开始列生成求解...
Set parameter LogToConsole to value 0
Set parameter Threads to value 1
Set parameter Seed to value 0
  定价策略: Exact, node=361, vertices=14
Set parameter PoolSearchMode to value 2
Set parameter PoolSolutions to value 10
[CG 1] RMP=12.000000, pricing=ExactPricingSolver, new_columns=0
  搜索路径: [1, 2, 3, 6, 7, 10, 11, 12, 13, 14, 15, 22, 23, 26, 27, 9, 32, 33, 36, 37, 8, 19, 44, 45, 18, 50, 51, 40, 41, 48, 55, 62, 63, 56, 68, 69, 70, 71, 60, 78, 79, 59, 58, 61, 54, 88, 89, 81, 80, 57, 49, 96, 97, 98, 99, 100, 104, 105, 108, 109, 110, 111, 114, 115, 101, 82, 83, 124, 125, 30, 128, 129, 130, 131, 134, 135, 138, 139, 140, 142, 143, 141, 144, 145, 31, 146, 147, 148, 149, 152, 153, 84, 85, 35, 21, 20, 34, 162, 163, 166, 167, 168, 169, 170, 171, 174, 175, 178, 179, 112, 113, 186, 187, 161, 160, 180, 181, 165, 164, 150, 151, 201, 205, 208, 209, 122, 210, 211, 103, 203, 107, 123, 204, 91, 216, 217, 224, 225, 220, 221, 199, 200, 202, 236, 237, 106, 196, 197, 198, 102, 87, 252, 257, 253, 254, 255, 256, 258, 263, 259, 262, 90, 268, 269, 270, 271, 274, 275, 276, 277, 86, 72, 286, 287, 133, 132, 285, 284, 294, 295, 292, 298, 299, 300, 301, 302, 303, 307, 304, 305, 306, 314, 315, 316, 317, 293, 219, 328, 329, 218, 73, 338, 339, 64, 65, 207, 346, 347, 206, 344, 345, 183, 324, 332, 333, 355, 325, 320, 321, 189, 94, 312, 193, 361]
  列生成求解结果: 目标值=12.0000， 下界=8.0000， 上界=11.0000

处理节点 313
  开始列生成求解...
Set parameter LogToConsole to value 0
Set parameter Threads to value 1
Set parameter Seed to value 0
  定价策略: Exact, node=313, vertices=12
Set parameter PoolSearchMode to value 2
Set parameter PoolSolutions to value 10
[CG 1] RMP=1010.000000, pricing=ExactPricingSolver, new_columns=10
[CG 2] RMP=12.000000, pricing=ExactPricingSolver, new_columns=0
  搜索路径: [1, 2, 3, 6, 7, 10, 11, 12, 13, 14, 15, 22, 23, 26, 27, 9, 32, 33, 36, 37, 8, 19, 44, 45, 18, 50, 51, 40, 41, 48, 55, 62, 63, 56, 68, 69, 70, 71, 60, 78, 79, 59, 58, 61, 54, 88, 89, 81, 80, 57, 49, 96, 97, 98, 99, 100, 104, 105, 108, 109, 110, 111, 114, 115, 101, 82, 83, 124, 125, 30, 128, 129, 130, 131, 134, 135, 138, 139, 140, 142, 143, 141, 144, 145, 31, 146, 147, 148, 149, 152, 153, 84, 85, 35, 21, 20, 34, 162, 163, 166, 167, 168, 169, 170, 171, 174, 175, 178, 179, 112, 113, 186, 187, 161, 160, 180, 181, 165, 164, 150, 151, 201, 205, 208, 209, 122, 210, 211, 103, 203, 107, 123, 204, 91, 216, 217, 224, 225, 220, 221, 199, 200, 202, 236, 237, 106, 196, 197, 198, 102, 87, 252, 257, 253, 254, 255, 256, 258, 263, 259, 262, 90, 268, 269, 270, 271, 274, 275, 276, 277, 86, 72, 286, 287, 133, 132, 285, 284, 294, 295, 292, 298, 299, 300, 301, 302, 303, 307, 304, 305, 306, 314, 315, 316, 317, 293, 219, 328, 329, 218, 73, 338, 339, 64, 65, 207, 346, 347, 206, 344, 345, 183, 324, 332, 333, 355, 325, 320, 321, 189, 94, 312, 193, 361, 313]
  列生成求解结果: 目标值=12.0000， 下界=8.0000， 上界=11.0000

处理节点 156
  开始列生成求解...
Set parameter LogToConsole to value 0
Set parameter Threads to value 1
Set parameter Seed to value 0
  定价策略: Exact, node=156, vertices=18
Set parameter PoolSearchMode to value 2
Set parameter PoolSolutions to value 10
[CG 1] RMP=9.000000, pricing=ExactPricingSolver, new_columns=0
  搜索路径: [1, 2, 3, 6, 7, 10, 11, 12, 13, 14, 15, 22, 23, 26, 27, 9, 32, 33, 36, 37, 8, 19, 44, 45, 18, 50, 51, 40, 41, 48, 55, 62, 63, 56, 68, 69, 70, 71, 60, 78, 79, 59, 58, 61, 54, 88, 89, 81, 80, 57, 49, 96, 97, 98, 99, 100, 104, 105, 108, 109, 110, 111, 114, 115, 101, 82, 83, 124, 125, 30, 128, 129, 130, 131, 134, 135, 138, 139, 140, 142, 143, 141, 144, 145, 31, 146, 147, 148, 149, 152, 153, 84, 85, 35, 21, 20, 34, 162, 163, 166, 167, 168, 169, 170, 171, 174, 175, 178, 179, 112, 113, 186, 187, 161, 160, 180, 181, 165, 164, 150, 151, 201, 205, 208, 209, 122, 210, 211, 103, 203, 107, 123, 204, 91, 216, 217, 224, 225, 220, 221, 199, 200, 202, 236, 237, 106, 196, 197, 198, 102, 87, 252, 257, 253, 254, 255, 256, 258, 263, 259, 262, 90, 268, 269, 270, 271, 274, 275, 276, 277, 86, 72, 286, 287, 133, 132, 285, 284, 294, 295, 292, 298, 299, 300, 301, 302, 303, 307, 304, 305, 306, 314, 315, 316, 317, 293, 219, 328, 329, 218, 73, 338, 339, 64, 65, 207, 346, 347, 206, 344, 345, 183, 324, 332, 333, 355, 325, 320, 321, 189, 94, 312, 193, 361, 313, 156]
  列生成求解结果: 目标值=9.0000， 下界=8.0000， 上界=11.0000
    非整数变量: COL_11-15-20-24_20 = 0.125000
  解不是整数，开始分支...
ImposedVertex(vertex=26)
ForbidVertex(vertex=26)
  创建了 2 个分支
    添加分支节点 1: ID=364
    添加分支节点 2: ID=365

处理节点 289
  开始列生成求解...
Set parameter LogToConsole to value 0
Set parameter Threads to value 1
Set parameter Seed to value 0
  定价策略: Exact, node=289, vertices=13
Set parameter PoolSearchMode to value 2
Set parameter PoolSolutions to value 10
[CG 1] RMP=12.000000, pricing=ExactPricingSolver, new_columns=0
  搜索路径: [1, 2, 3, 6, 7, 10, 11, 12, 13, 14, 15, 22, 23, 26, 27, 9, 32, 33, 36, 37, 8, 19, 44, 45, 18, 50, 51, 40, 41, 48, 55, 62, 63, 56, 68, 69, 70, 71, 60, 78, 79, 59, 58, 61, 54, 88, 89, 81, 80, 57, 49, 96, 97, 98, 99, 100, 104, 105, 108, 109, 110, 111, 114, 115, 101, 82, 83, 124, 125, 30, 128, 129, 130, 131, 134, 135, 138, 139, 140, 142, 143, 141, 144, 145, 31, 146, 147, 148, 149, 152, 153, 84, 85, 35, 21, 20, 34, 162, 163, 166, 167, 168, 169, 170, 171, 174, 175, 178, 179, 112, 113, 186, 187, 161, 160, 180, 181, 165, 164, 150, 151, 201, 205, 208, 209, 122, 210, 211, 103, 203, 107, 123, 204, 91, 216, 217, 224, 225, 220, 221, 199, 200, 202, 236, 237, 106, 196, 197, 198, 102, 87, 252, 257, 253, 254, 255, 256, 258, 263, 259, 262, 90, 268, 269, 270, 271, 274, 275, 276, 277, 86, 72, 286, 287, 133, 132, 285, 284, 294, 295, 292, 298, 299, 300, 301, 302, 303, 307, 304, 305, 306, 314, 315, 316, 317, 293, 219, 328, 329, 218, 73, 338, 339, 64, 65, 207, 346, 347, 206, 344, 345, 183, 324, 332, 333, 355, 325, 320, 321, 189, 94, 312, 193, 361, 313, 156, 289]
  列生成求解结果: 目标值=12.0000， 下界=8.0000， 上界=11.0000

处理节点 288
  开始列生成求解...
Set parameter LogToConsole to value 0
Set parameter Threads to value 1
Set parameter Seed to value 0
  定价策略: Exact, node=288, vertices=13
Set parameter PoolSearchMode to value 2
Set parameter PoolSolutions to value 10
[CG 1] RMP=1013.333333, pricing=ExactPricingSolver, new_columns=10
[CG 2] RMP=10.000000, pricing=ExactPricingSolver, new_columns=0
  搜索路径: [1, 2, 3, 6, 7, 10, 11, 12, 13, 14, 15, 22, 23, 26, 27, 9, 32, 33, 36, 37, 8, 19, 44, 45, 18, 50, 51, 40, 41, 48, 55, 62, 63, 56, 68, 69, 70, 71, 60, 78, 79, 59, 58, 61, 54, 88, 89, 81, 80, 57, 49, 96, 97, 98, 99, 100, 104, 105, 108, 109, 110, 111, 114, 115, 101, 82, 83, 124, 125, 30, 128, 129, 130, 131, 134, 135, 138, 139, 140, 142, 143, 141, 144, 145, 31, 146, 147, 148, 149, 152, 153, 84, 85, 35, 21, 20, 34, 162, 163, 166, 167, 168, 169, 170, 171, 174, 175, 178, 179, 112, 113, 186, 187, 161, 160, 180, 181, 165, 164, 150, 151, 201, 205, 208, 209, 122, 210, 211, 103, 203, 107, 123, 204, 91, 216, 217, 224, 225, 220, 221, 199, 200, 202, 236, 237, 106, 196, 197, 198, 102, 87, 252, 257, 253, 254, 255, 256, 258, 263, 259, 262, 90, 268, 269, 270, 271, 274, 275, 276, 277, 86, 72, 286, 287, 133, 132, 285, 284, 294, 295, 292, 298, 299, 300, 301, 302, 303, 307, 304, 305, 306, 314, 315, 316, 317, 293, 219, 328, 329, 218, 73, 338, 339, 64, 65, 207, 346, 347, 206, 344, 345, 183, 324, 332, 333, 355, 325, 320, 321, 189, 94, 312, 193, 361, 313, 156, 289, 288]
  列生成求解结果: 目标值=10.0000， 下界=8.0000， 上界=11.0000
  找到整数解，更新最优解
  更新最优解后剪枝了 20 个节点

处理节点 232
  开始列生成求解...
Set parameter LogToConsole to value 0
Set parameter Threads to value 1
Set parameter Seed to value 0
  定价策略: Exact, node=232, vertices=17
Set parameter PoolSearchMode to value 2
Set parameter PoolSolutions to value 10
[CG 1] RMP=10.000000, pricing=ExactPricingSolver, new_columns=0
  搜索路径: [1, 2, 3, 6, 7, 10, 11, 12, 13, 14, 15, 22, 23, 26, 27, 9, 32, 33, 36, 37, 8, 19, 44, 45, 18, 50, 51, 40, 41, 48, 55, 62, 63, 56, 68, 69, 70, 71, 60, 78, 79, 59, 58, 61, 54, 88, 89, 81, 80, 57, 49, 96, 97, 98, 99, 100, 104, 105, 108, 109, 110, 111, 114, 115, 101, 82, 83, 124, 125, 30, 128, 129, 130, 131, 134, 135, 138, 139, 140, 142, 143, 141, 144, 145, 31, 146, 147, 148, 149, 152, 153, 84, 85, 35, 21, 20, 34, 162, 163, 166, 167, 168, 169, 170, 171, 174, 175, 178, 179, 112, 113, 186, 187, 161, 160, 180, 181, 165, 164, 150, 151, 201, 205, 208, 209, 122, 210, 211, 103, 203, 107, 123, 204, 91, 216, 217, 224, 225, 220, 221, 199, 200, 202, 236, 237, 106, 196, 197, 198, 102, 87, 252, 257, 253, 254, 255, 256, 258, 263, 259, 262, 90, 268, 269, 270, 271, 274, 275, 276, 277, 86, 72, 286, 287, 133, 132, 285, 284, 294, 295, 292, 298, 299, 300, 301, 302, 303, 307, 304, 305, 306, 314, 315, 316, 317, 293, 219, 328, 329, 218, 73, 338, 339, 64, 65, 207, 346, 347, 206, 344, 345, 183, 324, 332, 333, 355, 325, 320, 321, 189, 94, 312, 193, 361, 313, 156, 289, 288, 232]
  列生成求解结果: 目标值=10.0000， 下界=8.0000， 上界=10.0000

处理节点 249
  开始列生成求解...
Set parameter LogToConsole to value 0
Set parameter Threads to value 1
Set parameter Seed to value 0
  定价策略: Exact, node=249, vertices=15
Set parameter PoolSearchMode to value 2
Set parameter PoolSolutions to value 10
[CG 1] RMP=10.000000, pricing=ExactPricingSolver, new_columns=10
[CG 2] RMP=8.000000, pricing=ExactPricingSolver, new_columns=10
[CG 3] RMP=8.000000, pricing=ExactPricingSolver, new_columns=0
  搜索路径: [1, 2, 3, 6, 7, 10, 11, 12, 13, 14, 15, 22, 23, 26, 27, 9, 32, 33, 36, 37, 8, 19, 44, 45, 18, 50, 51, 40, 41, 48, 55, 62, 63, 56, 68, 69, 70, 71, 60, 78, 79, 59, 58, 61, 54, 88, 89, 81, 80, 57, 49, 96, 97, 98, 99, 100, 104, 105, 108, 109, 110, 111, 114, 115, 101, 82, 83, 124, 125, 30, 128, 129, 130, 131, 134, 135, 138, 139, 140, 142, 143, 141, 144, 145, 31, 146, 147, 148, 149, 152, 153, 84, 85, 35, 21, 20, 34, 162, 163, 166, 167, 168, 169, 170, 171, 174, 175, 178, 179, 112, 113, 186, 187, 161, 160, 180, 181, 165, 164, 150, 151, 201, 205, 208, 209, 122, 210, 211, 103, 203, 107, 123, 204, 91, 216, 217, 224, 225, 220, 221, 199, 200, 202, 236, 237, 106, 196, 197, 198, 102, 87, 252, 257, 253, 254, 255, 256, 258, 263, 259, 262, 90, 268, 269, 270, 271, 274, 275, 276, 277, 86, 72, 286, 287, 133, 132, 285, 284, 294, 295, 292, 298, 299, 300, 301, 302, 303, 307, 304, 305, 306, 314, 315, 316, 317, 293, 219, 328, 329, 218, 73, 338, 339, 64, 65, 207, 346, 347, 206, 344, 345, 183, 324, 332, 333, 355, 325, 320, 321, 189, 94, 312, 193, 361, 313, 156, 289, 288, 232, 249]
  列生成求解结果: 目标值=8.0000， 下界=8.0000， 上界=10.0000
    非整数变量: COL_11-15-20-25_23 = 0.333333
  解不是整数，开始分支...
ImposedVertex(vertex=10)
ForbidVertex(vertex=10)
  创建了 2 个分支
    添加分支节点 1: ID=366
    添加分支节点 2: ID=367
  进度: 已处理 230 个节点, 剩余 107 个, 当前最优 10.0000, 当前列数: 1638

处理节点 280
  开始列生成求解...
Set parameter LogToConsole to value 0
Set parameter Threads to value 1
Set parameter Seed to value 0
  定价策略: Exact, node=280, vertices=13
Set parameter PoolSearchMode to value 2
Set parameter PoolSolutions to value 10
[CG 1] RMP=1009.000000, pricing=ExactPricingSolver, new_columns=10
[CG 2] RMP=8.000000, pricing=ExactPricingSolver, new_columns=0
  搜索路径: [1, 2, 3, 6, 7, 10, 11, 12, 13, 14, 15, 22, 23, 26, 27, 9, 32, 33, 36, 37, 8, 19, 44, 45, 18, 50, 51, 40, 41, 48, 55, 62, 63, 56, 68, 69, 70, 71, 60, 78, 79, 59, 58, 61, 54, 88, 89, 81, 80, 57, 49, 96, 97, 98, 99, 100, 104, 105, 108, 109, 110, 111, 114, 115, 101, 82, 83, 124, 125, 30, 128, 129, 130, 131, 134, 135, 138, 139, 140, 142, 143, 141, 144, 145, 31, 146, 147, 148, 149, 152, 153, 84, 85, 35, 21, 20, 34, 162, 163, 166, 167, 168, 169, 170, 171, 174, 175, 178, 179, 112, 113, 186, 187, 161, 160, 180, 181, 165, 164, 150, 151, 201, 205, 208, 209, 122, 210, 211, 103, 203, 107, 123, 204, 91, 216, 217, 224, 225, 220, 221, 199, 200, 202, 236, 237, 106, 196, 197, 198, 102, 87, 252, 257, 253, 254, 255, 256, 258, 263, 259, 262, 90, 268, 269, 270, 271, 274, 275, 276, 277, 86, 72, 286, 287, 133, 132, 285, 284, 294, 295, 292, 298, 299, 300, 301, 302, 303, 307, 304, 305, 306, 314, 315, 316, 317, 293, 219, 328, 329, 218, 73, 338, 339, 64, 65, 207, 346, 347, 206, 344, 345, 183, 324, 332, 333, 355, 325, 320, 321, 189, 94, 312, 193, 361, 313, 156, 289, 288, 232, 249, 280]
  列生成求解结果: 目标值=8.0000， 下界=8.0000， 上界=10.0000
    非整数变量: COL_1-18-23-9_38 = 0.571429
  解不是整数，开始分支...
ImposedVertex(vertex=28)
ForbidVertex(vertex=28)
  创建了 2 个分支
    添加分支节点 1: ID=368
    添加分支节点 2: ID=369

处理节点 360
  开始列生成求解...
Set parameter LogToConsole to value 0
Set parameter Threads to value 1
Set parameter Seed to value 0
  定价策略: Exact, node=360, vertices=14
Set parameter PoolSearchMode to value 2
Set parameter PoolSolutions to value 10
[CG 1] RMP=10.000000, pricing=ExactPricingSolver, new_columns=0
  搜索路径: [1, 2, 3, 6, 7, 10, 11, 12, 13, 14, 15, 22, 23, 26, 27, 9, 32, 33, 36, 37, 8, 19, 44, 45, 18, 50, 51, 40, 41, 48, 55, 62, 63, 56, 68, 69, 70, 71, 60, 78, 79, 59, 58, 61, 54, 88, 89, 81, 80, 57, 49, 96, 97, 98, 99, 100, 104, 105, 108, 109, 110, 111, 114, 115, 101, 82, 83, 124, 125, 30, 128, 129, 130, 131, 134, 135, 138, 139, 140, 142, 143, 141, 144, 145, 31, 146, 147, 148, 149, 152, 153, 84, 85, 35, 21, 20, 34, 162, 163, 166, 167, 168, 169, 170, 171, 174, 175, 178, 179, 112, 113, 186, 187, 161, 160, 180, 181, 165, 164, 150, 151, 201, 205, 208, 209, 122, 210, 211, 103, 203, 107, 123, 204, 91, 216, 217, 224, 225, 220, 221, 199, 200, 202, 236, 237, 106, 196, 197, 198, 102, 87, 252, 257, 253, 254, 255, 256, 258, 263, 259, 262, 90, 268, 269, 270, 271, 274, 275, 276, 277, 86, 72, 286, 287, 133, 132, 285, 284, 294, 295, 292, 298, 299, 300, 301, 302, 303, 307, 304, 305, 306, 314, 315, 316, 317, 293, 219, 328, 329, 218, 73, 338, 339, 64, 65, 207, 346, 347, 206, 344, 345, 183, 324, 332, 333, 355, 325, 320, 321, 189, 94, 312, 193, 361, 313, 156, 289, 288, 232, 249, 280, 360]
  列生成求解结果: 目标值=10.0000， 下界=8.0000， 上界=10.0000

处理节点 229
  开始列生成求解...
Set parameter LogToConsole to value 0
Set parameter Threads to value 1
Set parameter Seed to value 0
  定价策略: Exact, node=229, vertices=16
Set parameter PoolSearchMode to value 2
Set parameter PoolSolutions to value 10
[CG 1] RMP=11.000000, pricing=ExactPricingSolver, new_columns=0
  搜索路径: [1, 2, 3, 6, 7, 10, 11, 12, 13, 14, 15, 22, 23, 26, 27, 9, 32, 33, 36, 37, 8, 19, 44, 45, 18, 50, 51, 40, 41, 48, 55, 62, 63, 56, 68, 69, 70, 71, 60, 78, 79, 59, 58, 61, 54, 88, 89, 81, 80, 57, 49, 96, 97, 98, 99, 100, 104, 105, 108, 109, 110, 111, 114, 115, 101, 82, 83, 124, 125, 30, 128, 129, 130, 131, 134, 135, 138, 139, 140, 142, 143, 141, 144, 145, 31, 146, 147, 148, 149, 152, 153, 84, 85, 35, 21, 20, 34, 162, 163, 166, 167, 168, 169, 170, 171, 174, 175, 178, 179, 112, 113, 186, 187, 161, 160, 180, 181, 165, 164, 150, 151, 201, 205, 208, 209, 122, 210, 211, 103, 203, 107, 123, 204, 91, 216, 217, 224, 225, 220, 221, 199, 200, 202, 236, 237, 106, 196, 197, 198, 102, 87, 252, 257, 253, 254, 255, 256, 258, 263, 259, 262, 90, 268, 269, 270, 271, 274, 275, 276, 277, 86, 72, 286, 287, 133, 132, 285, 284, 294, 295, 292, 298, 299, 300, 301, 302, 303, 307, 304, 305, 306, 314, 315, 316, 317, 293, 219, 328, 329, 218, 73, 338, 339, 64, 65, 207, 346, 347, 206, 344, 345, 183, 324, 332, 333, 355, 325, 320, 321, 189, 94, 312, 193, 361, 313, 156, 289, 288, 232, 249, 280, 360, 229]
  列生成求解结果: 目标值=11.0000， 下界=8.0000， 上界=10.0000

处理节点 228
  开始列生成求解...
Set parameter LogToConsole to value 0
Set parameter Threads to value 1
Set parameter Seed to value 0
  定价策略: Exact, node=228, vertices=16
Set parameter PoolSearchMode to value 2
Set parameter PoolSolutions to value 10
[CG 1] RMP=8.000000, pricing=ExactPricingSolver, new_columns=0
  搜索路径: [1, 2, 3, 6, 7, 10, 11, 12, 13, 14, 15, 22, 23, 26, 27, 9, 32, 33, 36, 37, 8, 19, 44, 45, 18, 50, 51, 40, 41, 48, 55, 62, 63, 56, 68, 69, 70, 71, 60, 78, 79, 59, 58, 61, 54, 88, 89, 81, 80, 57, 49, 96, 97, 98, 99, 100, 104, 105, 108, 109, 110, 111, 114, 115, 101, 82, 83, 124, 125, 30, 128, 129, 130, 131, 134, 135, 138, 139, 140, 142, 143, 141, 144, 145, 31, 146, 147, 148, 149, 152, 153, 84, 85, 35, 21, 20, 34, 162, 163, 166, 167, 168, 169, 170, 171, 174, 175, 178, 179, 112, 113, 186, 187, 161, 160, 180, 181, 165, 164, 150, 151, 201, 205, 208, 209, 122, 210, 211, 103, 203, 107, 123, 204, 91, 216, 217, 224, 225, 220, 221, 199, 200, 202, 236, 237, 106, 196, 197, 198, 102, 87, 252, 257, 253, 254, 255, 256, 258, 263, 259, 262, 90, 268, 269, 270, 271, 274, 275, 276, 277, 86, 72, 286, 287, 133, 132, 285, 284, 294, 295, 292, 298, 299, 300, 301, 302, 303, 307, 304, 305, 306, 314, 315, 316, 317, 293, 219, 328, 329, 218, 73, 338, 339, 64, 65, 207, 346, 347, 206, 344, 345, 183, 324, 332, 333, 355, 325, 320, 321, 189, 94, 312, 193, 361, 313, 156, 289, 288, 232, 249, 280, 360, 229, 228]
  列生成求解结果: 目标值=8.0000， 下界=8.0000， 上界=10.0000
    非整数变量: COL_18-23-9_33 = 0.142857
  解不是整数，开始分支...
ImposedVertex(vertex=28)
ForbidVertex(vertex=28)
  创建了 2 个分支
    添加分支节点 1: ID=370
    添加分支节点 2: ID=371

处理节点 117
  开始列生成求解...
Set parameter LogToConsole to value 0
Set parameter Threads to value 1
Set parameter Seed to value 0
  定价策略: Exact, node=117, vertices=15
Set parameter PoolSearchMode to value 2
Set parameter PoolSolutions to value 10
[CG 1] RMP=12.000000, pricing=ExactPricingSolver, new_columns=0
  搜索路径: [1, 2, 3, 6, 7, 10, 11, 12, 13, 14, 15, 22, 23, 26, 27, 9, 32, 33, 36, 37, 8, 19, 44, 45, 18, 50, 51, 40, 41, 48, 55, 62, 63, 56, 68, 69, 70, 71, 60, 78, 79, 59, 58, 61, 54, 88, 89, 81, 80, 57, 49, 96, 97, 98, 99, 100, 104, 105, 108, 109, 110, 111, 114, 115, 101, 82, 83, 124, 125, 30, 128, 129, 130, 131, 134, 135, 138, 139, 140, 142, 143, 141, 144, 145, 31, 146, 147, 148, 149, 152, 153, 84, 85, 35, 21, 20, 34, 162, 163, 166, 167, 168, 169, 170, 171, 174, 175, 178, 179, 112, 113, 186, 187, 161, 160, 180, 181, 165, 164, 150, 151, 201, 205, 208, 209, 122, 210, 211, 103, 203, 107, 123, 204, 91, 216, 217, 224, 225, 220, 221, 199, 200, 202, 236, 237, 106, 196, 197, 198, 102, 87, 252, 257, 253, 254, 255, 256, 258, 263, 259, 262, 90, 268, 269, 270, 271, 274, 275, 276, 277, 86, 72, 286, 287, 133, 132, 285, 284, 294, 295, 292, 298, 299, 300, 301, 302, 303, 307, 304, 305, 306, 314, 315, 316, 317, 293, 219, 328, 329, 218, 73, 338, 339, 64, 65, 207, 346, 347, 206, 344, 345, 183, 324, 332, 333, 355, 325, 320, 321, 189, 94, 312, 193, 361, 313, 156, 289, 288, 232, 249, 280, 360, 229, 228, 117]
  列生成求解结果: 目标值=12.0000， 下界=8.0000， 上界=10.0000

处理节点 369
  开始列生成求解...
Set parameter LogToConsole to value 0
Set parameter Threads to value 1
Set parameter Seed to value 0
  定价策略: Exact, node=369, vertices=12
Set parameter PoolSearchMode to value 2
Set parameter PoolSolutions to value 10
[CG 1] RMP=14.000000, pricing=ExactPricingSolver, new_columns=10
[CG 2] RMP=10.000000, pricing=ExactPricingSolver, new_columns=0
  搜索路径: [1, 2, 3, 6, 7, 10, 11, 12, 13, 14, 15, 22, 23, 26, 27, 9, 32, 33, 36, 37, 8, 19, 44, 45, 18, 50, 51, 40, 41, 48, 55, 62, 63, 56, 68, 69, 70, 71, 60, 78, 79, 59, 58, 61, 54, 88, 89, 81, 80, 57, 49, 96, 97, 98, 99, 100, 104, 105, 108, 109, 110, 111, 114, 115, 101, 82, 83, 124, 125, 30, 128, 129, 130, 131, 134, 135, 138, 139, 140, 142, 143, 141, 144, 145, 31, 146, 147, 148, 149, 152, 153, 84, 85, 35, 21, 20, 34, 162, 163, 166, 167, 168, 169, 170, 171, 174, 175, 178, 179, 112, 113, 186, 187, 161, 160, 180, 181, 165, 164, 150, 151, 201, 205, 208, 209, 122, 210, 211, 103, 203, 107, 123, 204, 91, 216, 217, 224, 225, 220, 221, 199, 200, 202, 236, 237, 106, 196, 197, 198, 102, 87, 252, 257, 253, 254, 255, 256, 258, 263, 259, 262, 90, 268, 269, 270, 271, 274, 275, 276, 277, 86, 72, 286, 287, 133, 132, 285, 284, 294, 295, 292, 298, 299, 300, 301, 302, 303, 307, 304, 305, 306, 314, 315, 316, 317, 293, 219, 328, 329, 218, 73, 338, 339, 64, 65, 207, 346, 347, 206, 344, 345, 183, 324, 332, 333, 355, 325, 320, 321, 189, 94, 312, 193, 361, 313, 156, 289, 288, 232, 249, 280, 360, 229, 228, 117, 369]
  列生成求解结果: 目标值=10.0000， 下界=8.0000， 上界=10.0000

处理节点 366
  开始列生成求解...
Set parameter LogToConsole to value 0
Set parameter Threads to value 1
Set parameter Seed to value 0
  定价策略: Exact, node=366, vertices=14
Set parameter PoolSearchMode to value 2
Set parameter PoolSolutions to value 10
[CG 1] RMP=1012.000000, pricing=ExactPricingSolver, new_columns=10
[CG 2] RMP=11.000000, pricing=ExactPricingSolver, new_columns=0
  搜索路径: [1, 2, 3, 6, 7, 10, 11, 12, 13, 14, 15, 22, 23, 26, 27, 9, 32, 33, 36, 37, 8, 19, 44, 45, 18, 50, 51, 40, 41, 48, 55, 62, 63, 56, 68, 69, 70, 71, 60, 78, 79, 59, 58, 61, 54, 88, 89, 81, 80, 57, 49, 96, 97, 98, 99, 100, 104, 105, 108, 109, 110, 111, 114, 115, 101, 82, 83, 124, 125, 30, 128, 129, 130, 131, 134, 135, 138, 139, 140, 142, 143, 141, 144, 145, 31, 146, 147, 148, 149, 152, 153, 84, 85, 35, 21, 20, 34, 162, 163, 166, 167, 168, 169, 170, 171, 174, 175, 178, 179, 112, 113, 186, 187, 161, 160, 180, 181, 165, 164, 150, 151, 201, 205, 208, 209, 122, 210, 211, 103, 203, 107, 123, 204, 91, 216, 217, 224, 225, 220, 221, 199, 200, 202, 236, 237, 106, 196, 197, 198, 102, 87, 252, 257, 253, 254, 255, 256, 258, 263, 259, 262, 90, 268, 269, 270, 271, 274, 275, 276, 277, 86, 72, 286, 287, 133, 132, 285, 284, 294, 295, 292, 298, 299, 300, 301, 302, 303, 307, 304, 305, 306, 314, 315, 316, 317, 293, 219, 328, 329, 218, 73, 338, 339, 64, 65, 207, 346, 347, 206, 344, 345, 183, 324, 332, 333, 355, 325, 320, 321, 189, 94, 312, 193, 361, 313, 156, 289, 288, 232, 249, 280, 360, 229, 228, 117, 369, 366]
  列生成求解结果: 目标值=11.0000， 下界=8.0000， 上界=10.0000

处理节点 367
  开始列生成求解...
Set parameter LogToConsole to value 0
Set parameter Threads to value 1
Set parameter Seed to value 0
  定价策略: Exact, node=367, vertices=14
Set parameter PoolSearchMode to value 2
Set parameter PoolSolutions to value 10
[CG 1] RMP=8.000000, pricing=ExactPricingSolver, new_columns=0
  搜索路径: [1, 2, 3, 6, 7, 10, 11, 12, 13, 14, 15, 22, 23, 26, 27, 9, 32, 33, 36, 37, 8, 19, 44, 45, 18, 50, 51, 40, 41, 48, 55, 62, 63, 56, 68, 69, 70, 71, 60, 78, 79, 59, 58, 61, 54, 88, 89, 81, 80, 57, 49, 96, 97, 98, 99, 100, 104, 105, 108, 109, 110, 111, 114, 115, 101, 82, 83, 124, 125, 30, 128, 129, 130, 131, 134, 135, 138, 139, 140, 142, 143, 141, 144, 145, 31, 146, 147, 148, 149, 152, 153, 84, 85, 35, 21, 20, 34, 162, 163, 166, 167, 168, 169, 170, 171, 174, 175, 178, 179, 112, 113, 186, 187, 161, 160, 180, 181, 165, 164, 150, 151, 201, 205, 208, 209, 122, 210, 211, 103, 203, 107, 123, 204, 91, 216, 217, 224, 225, 220, 221, 199, 200, 202, 236, 237, 106, 196, 197, 198, 102, 87, 252, 257, 253, 254, 255, 256, 258, 263, 259, 262, 90, 268, 269, 270, 271, 274, 275, 276, 277, 86, 72, 286, 287, 133, 132, 285, 284, 294, 295, 292, 298, 299, 300, 301, 302, 303, 307, 304, 305, 306, 314, 315, 316, 317, 293, 219, 328, 329, 218, 73, 338, 339, 64, 65, 207, 346, 347, 206, 344, 345, 183, 324, 332, 333, 355, 325, 320, 321, 189, 94, 312, 193, 361, 313, 156, 289, 288, 232, 249, 280, 360, 229, 228, 117, 369, 366, 367]
  列生成求解结果: 目标值=8.0000， 下界=8.0000， 上界=10.0000
    非整数变量: COL_11-15-20-25_23 = 0.500000
  解不是整数，开始分支...
ImposedVertex(vertex=2)
ForbidVertex(vertex=2)
  创建了 2 个分支
    添加分支节点 1: ID=372
    添加分支节点 2: ID=373

处理节点 368
  开始列生成求解...
Set parameter LogToConsole to value 0
Set parameter Threads to value 1
Set parameter Seed to value 0
  定价策略: Exact, node=368, vertices=12
Set parameter PoolSearchMode to value 2
Set parameter PoolSolutions to value 10
[CG 1] RMP=12.000000, pricing=ExactPricingSolver, new_columns=0
  搜索路径: [1, 2, 3, 6, 7, 10, 11, 12, 13, 14, 15, 22, 23, 26, 27, 9, 32, 33, 36, 37, 8, 19, 44, 45, 18, 50, 51, 40, 41, 48, 55, 62, 63, 56, 68, 69, 70, 71, 60, 78, 79, 59, 58, 61, 54, 88, 89, 81, 80, 57, 49, 96, 97, 98, 99, 100, 104, 105, 108, 109, 110, 111, 114, 115, 101, 82, 83, 124, 125, 30, 128, 129, 130, 131, 134, 135, 138, 139, 140, 142, 143, 141, 144, 145, 31, 146, 147, 148, 149, 152, 153, 84, 85, 35, 21, 20, 34, 162, 163, 166, 167, 168, 169, 170, 171, 174, 175, 178, 179, 112, 113, 186, 187, 161, 160, 180, 181, 165, 164, 150, 151, 201, 205, 208, 209, 122, 210, 211, 103, 203, 107, 123, 204, 91, 216, 217, 224, 225, 220, 221, 199, 200, 202, 236, 237, 106, 196, 197, 198, 102, 87, 252, 257, 253, 254, 255, 256, 258, 263, 259, 262, 90, 268, 269, 270, 271, 274, 275, 276, 277, 86, 72, 286, 287, 133, 132, 285, 284, 294, 295, 292, 298, 299, 300, 301, 302, 303, 307, 304, 305, 306, 314, 315, 316, 317, 293, 219, 328, 329, 218, 73, 338, 339, 64, 65, 207, 346, 347, 206, 344, 345, 183, 324, 332, 333, 355, 325, 320, 321, 189, 94, 312, 193, 361, 313, 156, 289, 288, 232, 249, 280, 360, 229, 228, 117, 369, 366, 367, 368]
  列生成求解结果: 目标值=12.0000， 下界=8.0000， 上界=10.0000

处理节点 370
  开始列生成求解...
Set parameter LogToConsole to value 0
Set parameter Threads to value 1
Set parameter Seed to value 0
  定价策略: Exact, node=370, vertices=15
Set parameter PoolSearchMode to value 2
Set parameter PoolSolutions to value 10
[CG 1] RMP=12.000000, pricing=ExactPricingSolver, new_columns=0
  搜索路径: [1, 2, 3, 6, 7, 10, 11, 12, 13, 14, 15, 22, 23, 26, 27, 9, 32, 33, 36, 37, 8, 19, 44, 45, 18, 50, 51, 40, 41, 48, 55, 62, 63, 56, 68, 69, 70, 71, 60, 78, 79, 59, 58, 61, 54, 88, 89, 81, 80, 57, 49, 96, 97, 98, 99, 100, 104, 105, 108, 109, 110, 111, 114, 115, 101, 82, 83, 124, 125, 30, 128, 129, 130, 131, 134, 135, 138, 139, 140, 142, 143, 141, 144, 145, 31, 146, 147, 148, 149, 152, 153, 84, 85, 35, 21, 20, 34, 162, 163, 166, 167, 168, 169, 170, 171, 174, 175, 178, 179, 112, 113, 186, 187, 161, 160, 180, 181, 165, 164, 150, 151, 201, 205, 208, 209, 122, 210, 211, 103, 203, 107, 123, 204, 91, 216, 217, 224, 225, 220, 221, 199, 200, 202, 236, 237, 106, 196, 197, 198, 102, 87, 252, 257, 253, 254, 255, 256, 258, 263, 259, 262, 90, 268, 269, 270, 271, 274, 275, 276, 277, 86, 72, 286, 287, 133, 132, 285, 284, 294, 295, 292, 298, 299, 300, 301, 302, 303, 307, 304, 305, 306, 314, 315, 316, 317, 293, 219, 328, 329, 218, 73, 338, 339, 64, 65, 207, 346, 347, 206, 344, 345, 183, 324, 332, 333, 355, 325, 320, 321, 189, 94, 312, 193, 361, 313, 156, 289, 288, 232, 249, 280, 360, 229, 228, 117, 369, 366, 367, 368, 370]
  列生成求解结果: 目标值=12.0000， 下界=8.0000， 上界=10.0000

处理节点 371
  开始列生成求解...
Set parameter LogToConsole to value 0
Set parameter Threads to value 1
Set parameter Seed to value 0
  定价策略: Exact, node=371, vertices=15
Set parameter PoolSearchMode to value 2
Set parameter PoolSolutions to value 10
[CG 1] RMP=11.000000, pricing=ExactPricingSolver, new_columns=0
  搜索路径: [1, 2, 3, 6, 7, 10, 11, 12, 13, 14, 15, 22, 23, 26, 27, 9, 32, 33, 36, 37, 8, 19, 44, 45, 18, 50, 51, 40, 41, 48, 55, 62, 63, 56, 68, 69, 70, 71, 60, 78, 79, 59, 58, 61, 54, 88, 89, 81, 80, 57, 49, 96, 97, 98, 99, 100, 104, 105, 108, 109, 110, 111, 114, 115, 101, 82, 83, 124, 125, 30, 128, 129, 130, 131, 134, 135, 138, 139, 140, 142, 143, 141, 144, 145, 31, 146, 147, 148, 149, 152, 153, 84, 85, 35, 21, 20, 34, 162, 163, 166, 167, 168, 169, 170, 171, 174, 175, 178, 179, 112, 113, 186, 187, 161, 160, 180, 181, 165, 164, 150, 151, 201, 205, 208, 209, 122, 210, 211, 103, 203, 107, 123, 204, 91, 216, 217, 224, 225, 220, 221, 199, 200, 202, 236, 237, 106, 196, 197, 198, 102, 87, 252, 257, 253, 254, 255, 256, 258, 263, 259, 262, 90, 268, 269, 270, 271, 274, 275, 276, 277, 86, 72, 286, 287, 133, 132, 285, 284, 294, 295, 292, 298, 299, 300, 301, 302, 303, 307, 304, 305, 306, 314, 315, 316, 317, 293, 219, 328, 329, 218, 73, 338, 339, 64, 65, 207, 346, 347, 206, 344, 345, 183, 324, 332, 333, 355, 325, 320, 321, 189, 94, 312, 193, 361, 313, 156, 289, 288, 232, 249, 280, 360, 229, 228, 117, 369, 366, 367, 368, 370, 371]
  列生成求解结果: 目标值=11.0000， 下界=8.0000， 上界=10.0000

处理节点 372
  开始列生成求解...
Set parameter LogToConsole to value 0
Set parameter Threads to value 1
Set parameter Seed to value 0
  定价策略: Exact, node=372, vertices=13
Set parameter PoolSearchMode to value 2
Set parameter PoolSolutions to value 10
[CG 1] RMP=12.000000, pricing=ExactPricingSolver, new_columns=10
[CG 2] RMP=8.000000, pricing=ExactPricingSolver, new_columns=0
  搜索路径: [1, 2, 3, 6, 7, 10, 11, 12, 13, 14, 15, 22, 23, 26, 27, 9, 32, 33, 36, 37, 8, 19, 44, 45, 18, 50, 51, 40, 41, 48, 55, 62, 63, 56, 68, 69, 70, 71, 60, 78, 79, 59, 58, 61, 54, 88, 89, 81, 80, 57, 49, 96, 97, 98, 99, 100, 104, 105, 108, 109, 110, 111, 114, 115, 101, 82, 83, 124, 125, 30, 128, 129, 130, 131, 134, 135, 138, 139, 140, 142, 143, 141, 144, 145, 31, 146, 147, 148, 149, 152, 153, 84, 85, 35, 21, 20, 34, 162, 163, 166, 167, 168, 169, 170, 171, 174, 175, 178, 179, 112, 113, 186, 187, 161, 160, 180, 181, 165, 164, 150, 151, 201, 205, 208, 209, 122, 210, 211, 103, 203, 107, 123, 204, 91, 216, 217, 224, 225, 220, 221, 199, 200, 202, 236, 237, 106, 196, 197, 198, 102, 87, 252, 257, 253, 254, 255, 256, 258, 263, 259, 262, 90, 268, 269, 270, 271, 274, 275, 276, 277, 86, 72, 286, 287, 133, 132, 285, 284, 294, 295, 292, 298, 299, 300, 301, 302, 303, 307, 304, 305, 306, 314, 315, 316, 317, 293, 219, 328, 329, 218, 73, 338, 339, 64, 65, 207, 346, 347, 206, 344, 345, 183, 324, 332, 333, 355, 325, 320, 321, 189, 94, 312, 193, 361, 313, 156, 289, 288, 232, 249, 280, 360, 229, 228, 117, 369, 366, 367, 368, 370, 371, 372]
  列生成求解结果: 目标值=8.0000， 下界=8.0000， 上界=10.0000
    非整数变量: COL_11-15-20-25_23 = 0.500000
  解不是整数，开始分支...
ImposedVertex(vertex=28)
ForbidVertex(vertex=28)
  创建了 2 个分支
    添加分支节点 1: ID=374
    添加分支节点 2: ID=375

处理节点 373
  开始列生成求解...
Set parameter LogToConsole to value 0
Set parameter Threads to value 1
Set parameter Seed to value 0
  定价策略: Exact, node=373, vertices=13
Set parameter PoolSearchMode to value 2
Set parameter PoolSolutions to value 10
[CG 1] RMP=1012.000000, pricing=ExactPricingSolver, new_columns=10
[CG 2] RMP=12.000000, pricing=ExactPricingSolver, new_columns=0
  搜索路径: [1, 2, 3, 6, 7, 10, 11, 12, 13, 14, 15, 22, 23, 26, 27, 9, 32, 33, 36, 37, 8, 19, 44, 45, 18, 50, 51, 40, 41, 48, 55, 62, 63, 56, 68, 69, 70, 71, 60, 78, 79, 59, 58, 61, 54, 88, 89, 81, 80, 57, 49, 96, 97, 98, 99, 100, 104, 105, 108, 109, 110, 111, 114, 115, 101, 82, 83, 124, 125, 30, 128, 129, 130, 131, 134, 135, 138, 139, 140, 142, 143, 141, 144, 145, 31, 146, 147, 148, 149, 152, 153, 84, 85, 35, 21, 20, 34, 162, 163, 166, 167, 168, 169, 170, 171, 174, 175, 178, 179, 112, 113, 186, 187, 161, 160, 180, 181, 165, 164, 150, 151, 201, 205, 208, 209, 122, 210, 211, 103, 203, 107, 123, 204, 91, 216, 217, 224, 225, 220, 221, 199, 200, 202, 236, 237, 106, 196, 197, 198, 102, 87, 252, 257, 253, 254, 255, 256, 258, 263, 259, 262, 90, 268, 269, 270, 271, 274, 275, 276, 277, 86, 72, 286, 287, 133, 132, 285, 284, 294, 295, 292, 298, 299, 300, 301, 302, 303, 307, 304, 305, 306, 314, 315, 316, 317, 293, 219, 328, 329, 218, 73, 338, 339, 64, 65, 207, 346, 347, 206, 344, 345, 183, 324, 332, 333, 355, 325, 320, 321, 189, 94, 312, 193, 361, 313, 156, 289, 288, 232, 249, 280, 360, 229, 228, 117, 369, 366, 367, 368, 370, 371, 372, 373]
  列生成求解结果: 目标值=12.0000， 下界=8.0000， 上界=10.0000

处理节点 188
  开始列生成求解...
Set parameter LogToConsole to value 0
Set parameter Threads to value 1
Set parameter Seed to value 0
  定价策略: Exact, node=188, vertices=14
Set parameter PoolSearchMode to value 2
Set parameter PoolSolutions to value 10
[CG 1] RMP=10.285714, pricing=ExactPricingSolver, new_columns=10
[CG 2] RMP=9.000000, pricing=ExactPricingSolver, new_columns=0
  搜索路径: [1, 2, 3, 6, 7, 10, 11, 12, 13, 14, 15, 22, 23, 26, 27, 9, 32, 33, 36, 37, 8, 19, 44, 45, 18, 50, 51, 40, 41, 48, 55, 62, 63, 56, 68, 69, 70, 71, 60, 78, 79, 59, 58, 61, 54, 88, 89, 81, 80, 57, 49, 96, 97, 98, 99, 100, 104, 105, 108, 109, 110, 111, 114, 115, 101, 82, 83, 124, 125, 30, 128, 129, 130, 131, 134, 135, 138, 139, 140, 142, 143, 141, 144, 145, 31, 146, 147, 148, 149, 152, 153, 84, 85, 35, 21, 20, 34, 162, 163, 166, 167, 168, 169, 170, 171, 174, 175, 178, 179, 112, 113, 186, 187, 161, 160, 180, 181, 165, 164, 150, 151, 201, 205, 208, 209, 122, 210, 211, 103, 203, 107, 123, 204, 91, 216, 217, 224, 225, 220, 221, 199, 200, 202, 236, 237, 106, 196, 197, 198, 102, 87, 252, 257, 253, 254, 255, 256, 258, 263, 259, 262, 90, 268, 269, 270, 271, 274, 275, 276, 277, 86, 72, 286, 287, 133, 132, 285, 284, 294, 295, 292, 298, 299, 300, 301, 302, 303, 307, 304, 305, 306, 314, 315, 316, 317, 293, 219, 328, 329, 218, 73, 338, 339, 64, 65, 207, 346, 347, 206, 344, 345, 183, 324, 332, 333, 355, 325, 320, 321, 189, 94, 312, 193, 361, 313, 156, 289, 288, 232, 249, 280, 360, 229, 228, 117, 369, 366, 367, 368, 370, 371, 372, 373, 188]
  列生成求解结果: 目标值=9.0000， 下界=8.0000， 上界=10.0000
    非整数变量: COL_2-26-4-7-9_124 = 0.400000
  解不是整数，开始分支...
ImposedVertex(vertex=26)
ForbidVertex(vertex=26)
  创建了 2 个分支
    添加分支节点 1: ID=376
    添加分支节点 2: ID=377

处理节点 233
  开始列生成求解...
Set parameter LogToConsole to value 0
Set parameter Threads to value 1
Set parameter Seed to value 0
  定价策略: Exact, node=233, vertices=17
Set parameter PoolSearchMode to value 2
Set parameter PoolSolutions to value 10
[CG 1] RMP=12.000000, pricing=ExactPricingSolver, new_columns=0
  搜索路径: [1, 2, 3, 6, 7, 10, 11, 12, 13, 14, 15, 22, 23, 26, 27, 9, 32, 33, 36, 37, 8, 19, 44, 45, 18, 50, 51, 40, 41, 48, 55, 62, 63, 56, 68, 69, 70, 71, 60, 78, 79, 59, 58, 61, 54, 88, 89, 81, 80, 57, 49, 96, 97, 98, 99, 100, 104, 105, 108, 109, 110, 111, 114, 115, 101, 82, 83, 124, 125, 30, 128, 129, 130, 131, 134, 135, 138, 139, 140, 142, 143, 141, 144, 145, 31, 146, 147, 148, 149, 152, 153, 84, 85, 35, 21, 20, 34, 162, 163, 166, 167, 168, 169, 170, 171, 174, 175, 178, 179, 112, 113, 186, 187, 161, 160, 180, 181, 165, 164, 150, 151, 201, 205, 208, 209, 122, 210, 211, 103, 203, 107, 123, 204, 91, 216, 217, 224, 225, 220, 221, 199, 200, 202, 236, 237, 106, 196, 197, 198, 102, 87, 252, 257, 253, 254, 255, 256, 258, 263, 259, 262, 90, 268, 269, 270, 271, 274, 275, 276, 277, 86, 72, 286, 287, 133, 132, 285, 284, 294, 295, 292, 298, 299, 300, 301, 302, 303, 307, 304, 305, 306, 314, 315, 316, 317, 293, 219, 328, 329, 218, 73, 338, 339, 64, 65, 207, 346, 347, 206, 344, 345, 183, 324, 332, 333, 355, 325, 320, 321, 189, 94, 312, 193, 361, 313, 156, 289, 288, 232, 249, 280, 360, 229, 228, 117, 369, 366, 367, 368, 370, 371, 372, 373, 188, 233]
  列生成求解结果: 目标值=12.0000， 下界=8.0000， 上界=10.0000

处理节点 213
  开始列生成求解...
Set parameter LogToConsole to value 0
Set parameter Threads to value 1
Set parameter Seed to value 0
  定价策略: Exact, node=213, vertices=16
Set parameter PoolSearchMode to value 2
Set parameter PoolSolutions to value 10
[CG 1] RMP=12.000000, pricing=ExactPricingSolver, new_columns=0
  搜索路径: [1, 2, 3, 6, 7, 10, 11, 12, 13, 14, 15, 22, 23, 26, 27, 9, 32, 33, 36, 37, 8, 19, 44, 45, 18, 50, 51, 40, 41, 48, 55, 62, 63, 56, 68, 69, 70, 71, 60, 78, 79, 59, 58, 61, 54, 88, 89, 81, 80, 57, 49, 96, 97, 98, 99, 100, 104, 105, 108, 109, 110, 111, 114, 115, 101, 82, 83, 124, 125, 30, 128, 129, 130, 131, 134, 135, 138, 139, 140, 142, 143, 141, 144, 145, 31, 146, 147, 148, 149, 152, 153, 84, 85, 35, 21, 20, 34, 162, 163, 166, 167, 168, 169, 170, 171, 174, 175, 178, 179, 112, 113, 186, 187, 161, 160, 180, 181, 165, 164, 150, 151, 201, 205, 208, 209, 122, 210, 211, 103, 203, 107, 123, 204, 91, 216, 217, 224, 225, 220, 221, 199, 200, 202, 236, 237, 106, 196, 197, 198, 102, 87, 252, 257, 253, 254, 255, 256, 258, 263, 259, 262, 90, 268, 269, 270, 271, 274, 275, 276, 277, 86, 72, 286, 287, 133, 132, 285, 284, 294, 295, 292, 298, 299, 300, 301, 302, 303, 307, 304, 305, 306, 314, 315, 316, 317, 293, 219, 328, 329, 218, 73, 338, 339, 64, 65, 207, 346, 347, 206, 344, 345, 183, 324, 332, 333, 355, 325, 320, 321, 189, 94, 312, 193, 361, 313, 156, 289, 288, 232, 249, 280, 360, 229, 228, 117, 369, 366, 367, 368, 370, 371, 372, 373, 188, 233, 213]
  列生成求解结果: 目标值=12.0000， 下界=8.0000， 上界=10.0000

处理节点 374
  开始列生成求解...
Set parameter LogToConsole to value 0
Set parameter Threads to value 1
Set parameter Seed to value 0
  定价策略: Exact, node=374, vertices=12
Set parameter PoolSearchMode to value 2
Set parameter PoolSolutions to value 10
[CG 1] RMP=12.000000, pricing=ExactPricingSolver, new_columns=0
  搜索路径: [1, 2, 3, 6, 7, 10, 11, 12, 13, 14, 15, 22, 23, 26, 27, 9, 32, 33, 36, 37, 8, 19, 44, 45, 18, 50, 51, 40, 41, 48, 55, 62, 63, 56, 68, 69, 70, 71, 60, 78, 79, 59, 58, 61, 54, 88, 89, 81, 80, 57, 49, 96, 97, 98, 99, 100, 104, 105, 108, 109, 110, 111, 114, 115, 101, 82, 83, 124, 125, 30, 128, 129, 130, 131, 134, 135, 138, 139, 140, 142, 143, 141, 144, 145, 31, 146, 147, 148, 149, 152, 153, 84, 85, 35, 21, 20, 34, 162, 163, 166, 167, 168, 169, 170, 171, 174, 175, 178, 179, 112, 113, 186, 187, 161, 160, 180, 181, 165, 164, 150, 151, 201, 205, 208, 209, 122, 210, 211, 103, 203, 107, 123, 204, 91, 216, 217, 224, 225, 220, 221, 199, 200, 202, 236, 237, 106, 196, 197, 198, 102, 87, 252, 257, 253, 254, 255, 256, 258, 263, 259, 262, 90, 268, 269, 270, 271, 274, 275, 276, 277, 86, 72, 286, 287, 133, 132, 285, 284, 294, 295, 292, 298, 299, 300, 301, 302, 303, 307, 304, 305, 306, 314, 315, 316, 317, 293, 219, 328, 329, 218, 73, 338, 339, 64, 65, 207, 346, 347, 206, 344, 345, 183, 324, 332, 333, 355, 325, 320, 321, 189, 94, 312, 193, 361, 313, 156, 289, 288, 232, 249, 280, 360, 229, 228, 117, 369, 366, 367, 368, 370, 371, 372, 373, 188, 233, 213, 374]
  列生成求解结果: 目标值=12.0000， 下界=8.0000， 上界=10.0000

处理节点 375
  开始列生成求解...
Set parameter LogToConsole to value 0
Set parameter Threads to value 1
Set parameter Seed to value 0
  定价策略: Exact, node=375, vertices=12
Set parameter PoolSearchMode to value 2
Set parameter PoolSolutions to value 10
[CG 1] RMP=2010.000000, pricing=ExactPricingSolver, new_columns=10
[CG 2] RMP=10.000000, pricing=ExactPricingSolver, new_columns=0
  搜索路径: [1, 2, 3, 6, 7, 10, 11, 12, 13, 14, 15, 22, 23, 26, 27, 9, 32, 33, 36, 37, 8, 19, 44, 45, 18, 50, 51, 40, 41, 48, 55, 62, 63, 56, 68, 69, 70, 71, 60, 78, 79, 59, 58, 61, 54, 88, 89, 81, 80, 57, 49, 96, 97, 98, 99, 100, 104, 105, 108, 109, 110, 111, 114, 115, 101, 82, 83, 124, 125, 30, 128, 129, 130, 131, 134, 135, 138, 139, 140, 142, 143, 141, 144, 145, 31, 146, 147, 148, 149, 152, 153, 84, 85, 35, 21, 20, 34, 162, 163, 166, 167, 168, 169, 170, 171, 174, 175, 178, 179, 112, 113, 186, 187, 161, 160, 180, 181, 165, 164, 150, 151, 201, 205, 208, 209, 122, 210, 211, 103, 203, 107, 123, 204, 91, 216, 217, 224, 225, 220, 221, 199, 200, 202, 236, 237, 106, 196, 197, 198, 102, 87, 252, 257, 253, 254, 255, 256, 258, 263, 259, 262, 90, 268, 269, 270, 271, 274, 275, 276, 277, 86, 72, 286, 287, 133, 132, 285, 284, 294, 295, 292, 298, 299, 300, 301, 302, 303, 307, 304, 305, 306, 314, 315, 316, 317, 293, 219, 328, 329, 218, 73, 338, 339, 64, 65, 207, 346, 347, 206, 344, 345, 183, 324, 332, 333, 355, 325, 320, 321, 189, 94, 312, 193, 361, 313, 156, 289, 288, 232, 249, 280, 360, 229, 228, 117, 369, 366, 367, 368, 370, 371, 372, 373, 188, 233, 213, 374, 375]
  列生成求解结果: 目标值=10.0000， 下界=8.0000， 上界=10.0000

处理节点 95
  开始列生成求解...
Set parameter LogToConsole to value 0
Set parameter Threads to value 1
Set parameter Seed to value 0
  定价策略: Exact, node=95, vertices=16
Set parameter PoolSearchMode to value 2
Set parameter PoolSolutions to value 10
[CG 1] RMP=11.000000, pricing=ExactPricingSolver, new_columns=0
  搜索路径: [1, 2, 3, 6, 7, 10, 11, 12, 13, 14, 15, 22, 23, 26, 27, 9, 32, 33, 36, 37, 8, 19, 44, 45, 18, 50, 51, 40, 41, 48, 55, 62, 63, 56, 68, 69, 70, 71, 60, 78, 79, 59, 58, 61, 54, 88, 89, 81, 80, 57, 49, 96, 97, 98, 99, 100, 104, 105, 108, 109, 110, 111, 114, 115, 101, 82, 83, 124, 125, 30, 128, 129, 130, 131, 134, 135, 138, 139, 140, 142, 143, 141, 144, 145, 31, 146, 147, 148, 149, 152, 153, 84, 85, 35, 21, 20, 34, 162, 163, 166, 167, 168, 169, 170, 171, 174, 175, 178, 179, 112, 113, 186, 187, 161, 160, 180, 181, 165, 164, 150, 151, 201, 205, 208, 209, 122, 210, 211, 103, 203, 107, 123, 204, 91, 216, 217, 224, 225, 220, 221, 199, 200, 202, 236, 237, 106, 196, 197, 198, 102, 87, 252, 257, 253, 254, 255, 256, 258, 263, 259, 262, 90, 268, 269, 270, 271, 274, 275, 276, 277, 86, 72, 286, 287, 133, 132, 285, 284, 294, 295, 292, 298, 299, 300, 301, 302, 303, 307, 304, 305, 306, 314, 315, 316, 317, 293, 219, 328, 329, 218, 73, 338, 339, 64, 65, 207, 346, 347, 206, 344, 345, 183, 324, 332, 333, 355, 325, 320, 321, 189, 94, 312, 193, 361, 313, 156, 289, 288, 232, 249, 280, 360, 229, 228, 117, 369, 366, 367, 368, 370, 371, 372, 373, 188, 233, 213, 374, 375, 95]
  列生成求解结果: 目标值=11.0000， 下界=8.0000， 上界=10.0000

处理节点 116
  开始列生成求解...
Set parameter LogToConsole to value 0
Set parameter Threads to value 1
Set parameter Seed to value 0
  定价策略: Exact, node=116, vertices=15
Set parameter PoolSearchMode to value 2
Set parameter PoolSolutions to value 10
[CG 1] RMP=9.000000, pricing=ExactPricingSolver, new_columns=10
[CG 2] RMP=9.000000, pricing=ExactPricingSolver, new_columns=10
[CG 3] RMP=9.000000, pricing=ExactPricingSolver, new_columns=0
  搜索路径: [1, 2, 3, 6, 7, 10, 11, 12, 13, 14, 15, 22, 23, 26, 27, 9, 32, 33, 36, 37, 8, 19, 44, 45, 18, 50, 51, 40, 41, 48, 55, 62, 63, 56, 68, 69, 70, 71, 60, 78, 79, 59, 58, 61, 54, 88, 89, 81, 80, 57, 49, 96, 97, 98, 99, 100, 104, 105, 108, 109, 110, 111, 114, 115, 101, 82, 83, 124, 125, 30, 128, 129, 130, 131, 134, 135, 138, 139, 140, 142, 143, 141, 144, 145, 31, 146, 147, 148, 149, 152, 153, 84, 85, 35, 21, 20, 34, 162, 163, 166, 167, 168, 169, 170, 171, 174, 175, 178, 179, 112, 113, 186, 187, 161, 160, 180, 181, 165, 164, 150, 151, 201, 205, 208, 209, 122, 210, 211, 103, 203, 107, 123, 204, 91, 216, 217, 224, 225, 220, 221, 199, 200, 202, 236, 237, 106, 196, 197, 198, 102, 87, 252, 257, 253, 254, 255, 256, 258, 263, 259, 262, 90, 268, 269, 270, 271, 274, 275, 276, 277, 86, 72, 286, 287, 133, 132, 285, 284, 294, 295, 292, 298, 299, 300, 301, 302, 303, 307, 304, 305, 306, 314, 315, 316, 317, 293, 219, 328, 329, 218, 73, 338, 339, 64, 65, 207, 346, 347, 206, 344, 345, 183, 324, 332, 333, 355, 325, 320, 321, 189, 94, 312, 193, 361, 313, 156, 289, 288, 232, 249, 280, 360, 229, 228, 117, 369, 366, 367, 368, 370, 371, 372, 373, 188, 233, 213, 374, 375, 95, 116]
  列生成求解结果: 目标值=9.0000， 下界=8.0000， 上界=10.0000
    非整数变量: COL_17-20-4-7-9_101 = 0.333333
  解不是整数，开始分支...
ImposedVertex(vertex=26)
ForbidVertex(vertex=26)
  创建了 2 个分支
    添加分支节点 1: ID=378
    添加分支节点 2: ID=379
  进度: 已处理 250 个节点, 剩余 99 个, 当前最优 10.0000, 当前列数: 1728

处理节点 157
  开始列生成求解...
Set parameter LogToConsole to value 0
Set parameter Threads to value 1
Set parameter Seed to value 0
  定价策略: Exact, node=157, vertices=18
Set parameter PoolSearchMode to value 2
Set parameter PoolSolutions to value 10
[CG 1] RMP=2010.000000, pricing=ExactPricingSolver, new_columns=10
[CG 2] RMP=9.600000, pricing=ExactPricingSolver, new_columns=10
[CG 3] RMP=8.000000, pricing=ExactPricingSolver, new_columns=0
  搜索路径: [1, 2, 3, 6, 7, 10, 11, 12, 13, 14, 15, 22, 23, 26, 27, 9, 32, 33, 36, 37, 8, 19, 44, 45, 18, 50, 51, 40, 41, 48, 55, 62, 63, 56, 68, 69, 70, 71, 60, 78, 79, 59, 58, 61, 54, 88, 89, 81, 80, 57, 49, 96, 97, 98, 99, 100, 104, 105, 108, 109, 110, 111, 114, 115, 101, 82, 83, 124, 125, 30, 128, 129, 130, 131, 134, 135, 138, 139, 140, 142, 143, 141, 144, 145, 31, 146, 147, 148, 149, 152, 153, 84, 85, 35, 21, 20, 34, 162, 163, 166, 167, 168, 169, 170, 171, 174, 175, 178, 179, 112, 113, 186, 187, 161, 160, 180, 181, 165, 164, 150, 151, 201, 205, 208, 209, 122, 210, 211, 103, 203, 107, 123, 204, 91, 216, 217, 224, 225, 220, 221, 199, 200, 202, 236, 237, 106, 196, 197, 198, 102, 87, 252, 257, 253, 254, 255, 256, 258, 263, 259, 262, 90, 268, 269, 270, 271, 274, 275, 276, 277, 86, 72, 286, 287, 133, 132, 285, 284, 294, 295, 292, 298, 299, 300, 301, 302, 303, 307, 304, 305, 306, 314, 315, 316, 317, 293, 219, 328, 329, 218, 73, 338, 339, 64, 65, 207, 346, 347, 206, 344, 345, 183, 324, 332, 333, 355, 325, 320, 321, 189, 94, 312, 193, 361, 313, 156, 289, 288, 232, 249, 280, 360, 229, 228, 117, 369, 366, 367, 368, 370, 371, 372, 373, 188, 233, 213, 374, 375, 95, 116, 157]
  列生成求解结果: 目标值=8.0000， 下界=8.0000， 上界=10.0000
    非整数变量: COL_19-20-26_45 = 0.400000
  解不是整数，开始分支...
ImposedVertex(vertex=19)
ForbidVertex(vertex=19)
  创建了 2 个分支
    添加分支节点 1: ID=380
    添加分支节点 2: ID=381

处理节点 182
  开始列生成求解...
Set parameter LogToConsole to value 0
Set parameter Threads to value 1
Set parameter Seed to value 0
  定价策略: Exact, node=182, vertices=19
Set parameter PoolSearchMode to value 2
Set parameter PoolSolutions to value 10
[CG 1] RMP=9.000000, pricing=ExactPricingSolver, new_columns=0
  搜索路径: [1, 2, 3, 6, 7, 10, 11, 12, 13, 14, 15, 22, 23, 26, 27, 9, 32, 33, 36, 37, 8, 19, 44, 45, 18, 50, 51, 40, 41, 48, 55, 62, 63, 56, 68, 69, 70, 71, 60, 78, 79, 59, 58, 61, 54, 88, 89, 81, 80, 57, 49, 96, 97, 98, 99, 100, 104, 105, 108, 109, 110, 111, 114, 115, 101, 82, 83, 124, 125, 30, 128, 129, 130, 131, 134, 135, 138, 139, 140, 142, 143, 141, 144, 145, 31, 146, 147, 148, 149, 152, 153, 84, 85, 35, 21, 20, 34, 162, 163, 166, 167, 168, 169, 170, 171, 174, 175, 178, 179, 112, 113, 186, 187, 161, 160, 180, 181, 165, 164, 150, 151, 201, 205, 208, 209, 122, 210, 211, 103, 203, 107, 123, 204, 91, 216, 217, 224, 225, 220, 221, 199, 200, 202, 236, 237, 106, 196, 197, 198, 102, 87, 252, 257, 253, 254, 255, 256, 258, 263, 259, 262, 90, 268, 269, 270, 271, 274, 275, 276, 277, 86, 72, 286, 287, 133, 132, 285, 284, 294, 295, 292, 298, 299, 300, 301, 302, 303, 307, 304, 305, 306, 314, 315, 316, 317, 293, 219, 328, 329, 218, 73, 338, 339, 64, 65, 207, 346, 347, 206, 344, 345, 183, 324, 332, 333, 355, 325, 320, 321, 189, 94, 312, 193, 361, 313, 156, 289, 288, 232, 249, 280, 360, 229, 228, 117, 369, 366, 367, 368, 370, 371, 372, 373, 188, 233, 213, 374, 375, 95, 116, 157, 182]
  列生成求解结果: 目标值=9.0000， 下界=8.0000， 上界=10.0000
    非整数变量: COL_11-15-20-24_20 = 0.812500
  解不是整数，开始分支...
ImposedVertex(vertex=9)
ForbidVertex(vertex=9)
  创建了 2 个分支
    添加分支节点 1: ID=382
    添加分支节点 2: ID=383

处理节点 380
  开始列生成求解...
Set parameter LogToConsole to value 0
Set parameter Threads to value 1
Set parameter Seed to value 0
  定价策略: Exact, node=380, vertices=17
Set parameter PoolSearchMode to value 2
Set parameter PoolSolutions to value 10
[CG 1] RMP=16.000000, pricing=ExactPricingSolver, new_columns=10
[CG 2] RMP=11.000000, pricing=ExactPricingSolver, new_columns=0
  搜索路径: [1, 2, 3, 6, 7, 10, 11, 12, 13, 14, 15, 22, 23, 26, 27, 9, 32, 33, 36, 37, 8, 19, 44, 45, 18, 50, 51, 40, 41, 48, 55, 62, 63, 56, 68, 69, 70, 71, 60, 78, 79, 59, 58, 61, 54, 88, 89, 81, 80, 57, 49, 96, 97, 98, 99, 100, 104, 105, 108, 109, 110, 111, 114, 115, 101, 82, 83, 124, 125, 30, 128, 129, 130, 131, 134, 135, 138, 139, 140, 142, 143, 141, 144, 145, 31, 146, 147, 148, 149, 152, 153, 84, 85, 35, 21, 20, 34, 162, 163, 166, 167, 168, 169, 170, 171, 174, 175, 178, 179, 112, 113, 186, 187, 161, 160, 180, 181, 165, 164, 150, 151, 201, 205, 208, 209, 122, 210, 211, 103, 203, 107, 123, 204, 91, 216, 217, 224, 225, 220, 221, 199, 200, 202, 236, 237, 106, 196, 197, 198, 102, 87, 252, 257, 253, 254, 255, 256, 258, 263, 259, 262, 90, 268, 269, 270, 271, 274, 275, 276, 277, 86, 72, 286, 287, 133, 132, 285, 284, 294, 295, 292, 298, 299, 300, 301, 302, 303, 307, 304, 305, 306, 314, 315, 316, 317, 293, 219, 328, 329, 218, 73, 338, 339, 64, 65, 207, 346, 347, 206, 344, 345, 183, 324, 332, 333, 355, 325, 320, 321, 189, 94, 312, 193, 361, 313, 156, 289, 288, 232, 249, 280, 360, 229, 228, 117, 369, 366, 367, 368, 370, 371, 372, 373, 188, 233, 213, 374, 375, 95, 116, 157, 182, 380]
  列生成求解结果: 目标值=11.0000， 下界=8.0000， 上界=10.0000

处理节点 381
  开始列生成求解...
Set parameter LogToConsole to value 0
Set parameter Threads to value 1
Set parameter Seed to value 0
  定价策略: Exact, node=381, vertices=17
Set parameter PoolSearchMode to value 2
Set parameter PoolSolutions to value 10
[CG 1] RMP=8.000000, pricing=ExactPricingSolver, new_columns=0
  搜索路径: [1, 2, 3, 6, 7, 10, 11, 12, 13, 14, 15, 22, 23, 26, 27, 9, 32, 33, 36, 37, 8, 19, 44, 45, 18, 50, 51, 40, 41, 48, 55, 62, 63, 56, 68, 69, 70, 71, 60, 78, 79, 59, 58, 61, 54, 88, 89, 81, 80, 57, 49, 96, 97, 98, 99, 100, 104, 105, 108, 109, 110, 111, 114, 115, 101, 82, 83, 124, 125, 30, 128, 129, 130, 131, 134, 135, 138, 139, 140, 142, 143, 141, 144, 145, 31, 146, 147, 148, 149, 152, 153, 84, 85, 35, 21, 20, 34, 162, 163, 166, 167, 168, 169, 170, 171, 174, 175, 178, 179, 112, 113, 186, 187, 161, 160, 180, 181, 165, 164, 150, 151, 201, 205, 208, 209, 122, 210, 211, 103, 203, 107, 123, 204, 91, 216, 217, 224, 225, 220, 221, 199, 200, 202, 236, 237, 106, 196, 197, 198, 102, 87, 252, 257, 253, 254, 255, 256, 258, 263, 259, 262, 90, 268, 269, 270, 271, 274, 275, 276, 277, 86, 72, 286, 287, 133, 132, 285, 284, 294, 295, 292, 298, 299, 300, 301, 302, 303, 307, 304, 305, 306, 314, 315, 316, 317, 293, 219, 328, 329, 218, 73, 338, 339, 64, 65, 207, 346, 347, 206, 344, 345, 183, 324, 332, 333, 355, 325, 320, 321, 189, 94, 312, 193, 361, 313, 156, 289, 288, 232, 249, 280, 360, 229, 228, 117, 369, 366, 367, 368, 370, 371, 372, 373, 188, 233, 213, 374, 375, 95, 116, 157, 182, 380, 381]
  列生成求解结果: 目标值=8.0000， 下界=8.0000， 上界=10.0000
    非整数变量: COL_11-15-20-25_23 = 0.300000
  解不是整数，开始分支...
ImposedVertex(vertex=26)
ForbidVertex(vertex=26)
  创建了 2 个分支
    添加分支节点 1: ID=384
    添加分支节点 2: ID=385

处理节点 354
  开始列生成求解...
Set parameter LogToConsole to value 0
Set parameter Threads to value 1
Set parameter Seed to value 0
  定价策略: Exact, node=354, vertices=15
Set parameter PoolSearchMode to value 2
Set parameter PoolSolutions to value 10
[CG 1] RMP=2010.000000, pricing=ExactPricingSolver, new_columns=10
[CG 2] RMP=10.000000, pricing=ExactPricingSolver, new_columns=0
  搜索路径: [1, 2, 3, 6, 7, 10, 11, 12, 13, 14, 15, 22, 23, 26, 27, 9, 32, 33, 36, 37, 8, 19, 44, 45, 18, 50, 51, 40, 41, 48, 55, 62, 63, 56, 68, 69, 70, 71, 60, 78, 79, 59, 58, 61, 54, 88, 89, 81, 80, 57, 49, 96, 97, 98, 99, 100, 104, 105, 108, 109, 110, 111, 114, 115, 101, 82, 83, 124, 125, 30, 128, 129, 130, 131, 134, 135, 138, 139, 140, 142, 143, 141, 144, 145, 31, 146, 147, 148, 149, 152, 153, 84, 85, 35, 21, 20, 34, 162, 163, 166, 167, 168, 169, 170, 171, 174, 175, 178, 179, 112, 113, 186, 187, 161, 160, 180, 181, 165, 164, 150, 151, 201, 205, 208, 209, 122, 210, 211, 103, 203, 107, 123, 204, 91, 216, 217, 224, 225, 220, 221, 199, 200, 202, 236, 237, 106, 196, 197, 198, 102, 87, 252, 257, 253, 254, 255, 256, 258, 263, 259, 262, 90, 268, 269, 270, 271, 274, 275, 276, 277, 86, 72, 286, 287, 133, 132, 285, 284, 294, 295, 292, 298, 299, 300, 301, 302, 303, 307, 304, 305, 306, 314, 315, 316, 317, 293, 219, 328, 329, 218, 73, 338, 339, 64, 65, 207, 346, 347, 206, 344, 345, 183, 324, 332, 333, 355, 325, 320, 321, 189, 94, 312, 193, 361, 313, 156, 289, 288, 232, 249, 280, 360, 229, 228, 117, 369, 366, 367, 368, 370, 371, 372, 373, 188, 233, 213, 374, 375, 95, 116, 157, 182, 380, 381, 354]
  列生成求解结果: 目标值=10.0000， 下界=8.0000， 上界=10.0000

处理节点 384
  开始列生成求解...
Set parameter LogToConsole to value 0
Set parameter Threads to value 1
Set parameter Seed to value 0
  定价策略: Exact, node=384, vertices=16
Set parameter PoolSearchMode to value 2
Set parameter PoolSolutions to value 10
[CG 1] RMP=20.000000, pricing=ExactPricingSolver, new_columns=10
[CG 2] RMP=10.000000, pricing=ExactPricingSolver, new_columns=0
  搜索路径: [1, 2, 3, 6, 7, 10, 11, 12, 13, 14, 15, 22, 23, 26, 27, 9, 32, 33, 36, 37, 8, 19, 44, 45, 18, 50, 51, 40, 41, 48, 55, 62, 63, 56, 68, 69, 70, 71, 60, 78, 79, 59, 58, 61, 54, 88, 89, 81, 80, 57, 49, 96, 97, 98, 99, 100, 104, 105, 108, 109, 110, 111, 114, 115, 101, 82, 83, 124, 125, 30, 128, 129, 130, 131, 134, 135, 138, 139, 140, 142, 143, 141, 144, 145, 31, 146, 147, 148, 149, 152, 153, 84, 85, 35, 21, 20, 34, 162, 163, 166, 167, 168, 169, 170, 171, 174, 175, 178, 179, 112, 113, 186, 187, 161, 160, 180, 181, 165, 164, 150, 151, 201, 205, 208, 209, 122, 210, 211, 103, 203, 107, 123, 204, 91, 216, 217, 224, 225, 220, 221, 199, 200, 202, 236, 237, 106, 196, 197, 198, 102, 87, 252, 257, 253, 254, 255, 256, 258, 263, 259, 262, 90, 268, 269, 270, 271, 274, 275, 276, 277, 86, 72, 286, 287, 133, 132, 285, 284, 294, 295, 292, 298, 299, 300, 301, 302, 303, 307, 304, 305, 306, 314, 315, 316, 317, 293, 219, 328, 329, 218, 73, 338, 339, 64, 65, 207, 346, 347, 206, 344, 345, 183, 324, 332, 333, 355, 325, 320, 321, 189, 94, 312, 193, 361, 313, 156, 289, 288, 232, 249, 280, 360, 229, 228, 117, 369, 366, 367, 368, 370, 371, 372, 373, 188, 233, 213, 374, 375, 95, 116, 157, 182, 380, 381, 354, 384]
  列生成求解结果: 目标值=10.0000， 下界=8.0000， 上界=10.0000

处理节点 385
  开始列生成求解...
Set parameter LogToConsole to value 0
Set parameter Threads to value 1
Set parameter Seed to value 0
  定价策略: Exact, node=385, vertices=16
Set parameter PoolSearchMode to value 2
Set parameter PoolSolutions to value 10
[CG 1] RMP=12.000000, pricing=ExactPricingSolver, new_columns=10
[CG 2] RMP=12.000000, pricing=ExactPricingSolver, new_columns=0
  搜索路径: [1, 2, 3, 6, 7, 10, 11, 12, 13, 14, 15, 22, 23, 26, 27, 9, 32, 33, 36, 37, 8, 19, 44, 45, 18, 50, 51, 40, 41, 48, 55, 62, 63, 56, 68, 69, 70, 71, 60, 78, 79, 59, 58, 61, 54, 88, 89, 81, 80, 57, 49, 96, 97, 98, 99, 100, 104, 105, 108, 109, 110, 111, 114, 115, 101, 82, 83, 124, 125, 30, 128, 129, 130, 131, 134, 135, 138, 139, 140, 142, 143, 141, 144, 145, 31, 146, 147, 148, 149, 152, 153, 84, 85, 35, 21, 20, 34, 162, 163, 166, 167, 168, 169, 170, 171, 174, 175, 178, 179, 112, 113, 186, 187, 161, 160, 180, 181, 165, 164, 150, 151, 201, 205, 208, 209, 122, 210, 211, 103, 203, 107, 123, 204, 91, 216, 217, 224, 225, 220, 221, 199, 200, 202, 236, 237, 106, 196, 197, 198, 102, 87, 252, 257, 253, 254, 255, 256, 258, 263, 259, 262, 90, 268, 269, 270, 271, 274, 275, 276, 277, 86, 72, 286, 287, 133, 132, 285, 284, 294, 295, 292, 298, 299, 300, 301, 302, 303, 307, 304, 305, 306, 314, 315, 316, 317, 293, 219, 328, 329, 218, 73, 338, 339, 64, 65, 207, 346, 347, 206, 344, 345, 183, 324, 332, 333, 355, 325, 320, 321, 189, 94, 312, 193, 361, 313, 156, 289, 288, 232, 249, 280, 360, 229, 228, 117, 369, 366, 367, 368, 370, 371, 372, 373, 188, 233, 213, 374, 375, 95, 116, 157, 182, 380, 381, 354, 384, 385]
  列生成求解结果: 目标值=12.0000， 下界=8.0000， 上界=10.0000

处理节点 351
  开始列生成求解...
Set parameter LogToConsole to value 0
Set parameter Threads to value 1
Set parameter Seed to value 0
  定价策略: Exact, node=351, vertices=17
Set parameter PoolSearchMode to value 2
Set parameter PoolSolutions to value 10
[CG 1] RMP=8.000000, pricing=ExactPricingSolver, new_columns=0
  搜索路径: [1, 2, 3, 6, 7, 10, 11, 12, 13, 14, 15, 22, 23, 26, 27, 9, 32, 33, 36, 37, 8, 19, 44, 45, 18, 50, 51, 40, 41, 48, 55, 62, 63, 56, 68, 69, 70, 71, 60, 78, 79, 59, 58, 61, 54, 88, 89, 81, 80, 57, 49, 96, 97, 98, 99, 100, 104, 105, 108, 109, 110, 111, 114, 115, 101, 82, 83, 124, 125, 30, 128, 129, 130, 131, 134, 135, 138, 139, 140, 142, 143, 141, 144, 145, 31, 146, 147, 148, 149, 152, 153, 84, 85, 35, 21, 20, 34, 162, 163, 166, 167, 168, 169, 170, 171, 174, 175, 178, 179, 112, 113, 186, 187, 161, 160, 180, 181, 165, 164, 150, 151, 201, 205, 208, 209, 122, 210, 211, 103, 203, 107, 123, 204, 91, 216, 217, 224, 225, 220, 221, 199, 200, 202, 236, 237, 106, 196, 197, 198, 102, 87, 252, 257, 253, 254, 255, 256, 258, 263, 259, 262, 90, 268, 269, 270, 271, 274, 275, 276, 277, 86, 72, 286, 287, 133, 132, 285, 284, 294, 295, 292, 298, 299, 300, 301, 302, 303, 307, 304, 305, 306, 314, 315, 316, 317, 293, 219, 328, 329, 218, 73, 338, 339, 64, 65, 207, 346, 347, 206, 344, 345, 183, 324, 332, 333, 355, 325, 320, 321, 189, 94, 312, 193, 361, 313, 156, 289, 288, 232, 249, 280, 360, 229, 228, 117, 369, 366, 367, 368, 370, 371, 372, 373, 188, 233, 213, 374, 375, 95, 116, 157, 182, 380, 381, 354, 384, 385, 351]
  列生成求解结果: 目标值=8.0000， 下界=8.0000， 上界=10.0000
    非整数变量: COL_23_5 = 0.584416
  解不是整数，开始分支...
ImposedVertex(vertex=28)
ForbidVertex(vertex=28)
  创建了 2 个分支
    添加分支节点 1: ID=386
    添加分支节点 2: ID=387

处理节点 243
  开始列生成求解...
Set parameter LogToConsole to value 0
Set parameter Threads to value 1
Set parameter Seed to value 0
  定价策略: Exact, node=243, vertices=15
Set parameter PoolSearchMode to value 2
Set parameter PoolSolutions to value 10
[CG 1] RMP=12.000000, pricing=ExactPricingSolver, new_columns=10
[CG 2] RMP=12.000000, pricing=ExactPricingSolver, new_columns=0
  搜索路径: [1, 2, 3, 6, 7, 10, 11, 12, 13, 14, 15, 22, 23, 26, 27, 9, 32, 33, 36, 37, 8, 19, 44, 45, 18, 50, 51, 40, 41, 48, 55, 62, 63, 56, 68, 69, 70, 71, 60, 78, 79, 59, 58, 61, 54, 88, 89, 81, 80, 57, 49, 96, 97, 98, 99, 100, 104, 105, 108, 109, 110, 111, 114, 115, 101, 82, 83, 124, 125, 30, 128, 129, 130, 131, 134, 135, 138, 139, 140, 142, 143, 141, 144, 145, 31, 146, 147, 148, 149, 152, 153, 84, 85, 35, 21, 20, 34, 162, 163, 166, 167, 168, 169, 170, 171, 174, 175, 178, 179, 112, 113, 186, 187, 161, 160, 180, 181, 165, 164, 150, 151, 201, 205, 208, 209, 122, 210, 211, 103, 203, 107, 123, 204, 91, 216, 217, 224, 225, 220, 221, 199, 200, 202, 236, 237, 106, 196, 197, 198, 102, 87, 252, 257, 253, 254, 255, 256, 258, 263, 259, 262, 90, 268, 269, 270, 271, 274, 275, 276, 277, 86, 72, 286, 287, 133, 132, 285, 284, 294, 295, 292, 298, 299, 300, 301, 302, 303, 307, 304, 305, 306, 314, 315, 316, 317, 293, 219, 328, 329, 218, 73, 338, 339, 64, 65, 207, 346, 347, 206, 344, 345, 183, 324, 332, 333, 355, 325, 320, 321, 189, 94, 312, 193, 361, 313, 156, 289, 288, 232, 249, 280, 360, 229, 228, 117, 369, 366, 367, 368, 370, 371, 372, 373, 188, 233, 213, 374, 375, 95, 116, 157, 182, 380, 381, 354, 384, 385, 351, 243]
  列生成求解结果: 目标值=12.0000， 下界=8.0000， 上界=10.0000

处理节点 386
  开始列生成求解...
Set parameter LogToConsole to value 0
Set parameter Threads to value 1
Set parameter Seed to value 0
  定价策略: Exact, node=386, vertices=16
Set parameter PoolSearchMode to value 2
Set parameter PoolSolutions to value 10
[CG 1] RMP=12.000000, pricing=ExactPricingSolver, new_columns=0
  搜索路径: [1, 2, 3, 6, 7, 10, 11, 12, 13, 14, 15, 22, 23, 26, 27, 9, 32, 33, 36, 37, 8, 19, 44, 45, 18, 50, 51, 40, 41, 48, 55, 62, 63, 56, 68, 69, 70, 71, 60, 78, 79, 59, 58, 61, 54, 88, 89, 81, 80, 57, 49, 96, 97, 98, 99, 100, 104, 105, 108, 109, 110, 111, 114, 115, 101, 82, 83, 124, 125, 30, 128, 129, 130, 131, 134, 135, 138, 139, 140, 142, 143, 141, 144, 145, 31, 146, 147, 148, 149, 152, 153, 84, 85, 35, 21, 20, 34, 162, 163, 166, 167, 168, 169, 170, 171, 174, 175, 178, 179, 112, 113, 186, 187, 161, 160, 180, 181, 165, 164, 150, 151, 201, 205, 208, 209, 122, 210, 211, 103, 203, 107, 123, 204, 91, 216, 217, 224, 225, 220, 221, 199, 200, 202, 236, 237, 106, 196, 197, 198, 102, 87, 252, 257, 253, 254, 255, 256, 258, 263, 259, 262, 90, 268, 269, 270, 271, 274, 275, 276, 277, 86, 72, 286, 287, 133, 132, 285, 284, 294, 295, 292, 298, 299, 300, 301, 302, 303, 307, 304, 305, 306, 314, 315, 316, 317, 293, 219, 328, 329, 218, 73, 338, 339, 64, 65, 207, 346, 347, 206, 344, 345, 183, 324, 332, 333, 355, 325, 320, 321, 189, 94, 312, 193, 361, 313, 156, 289, 288, 232, 249, 280, 360, 229, 228, 117, 369, 366, 367, 368, 370, 371, 372, 373, 188, 233, 213, 374, 375, 95, 116, 157, 182, 380, 381, 354, 384, 385, 351, 243, 386]
  列生成求解结果: 目标值=12.0000， 下界=8.0000， 上界=10.0000

处理节点 387
  开始列生成求解...
Set parameter LogToConsole to value 0
Set parameter Threads to value 1
Set parameter Seed to value 0
  定价策略: Exact, node=387, vertices=16
Set parameter PoolSearchMode to value 2
Set parameter PoolSolutions to value 10
[CG 1] RMP=11.000000, pricing=ExactPricingSolver, new_columns=0
  搜索路径: [1, 2, 3, 6, 7, 10, 11, 12, 13, 14, 15, 22, 23, 26, 27, 9, 32, 33, 36, 37, 8, 19, 44, 45, 18, 50, 51, 40, 41, 48, 55, 62, 63, 56, 68, 69, 70, 71, 60, 78, 79, 59, 58, 61, 54, 88, 89, 81, 80, 57, 49, 96, 97, 98, 99, 100, 104, 105, 108, 109, 110, 111, 114, 115, 101, 82, 83, 124, 125, 30, 128, 129, 130, 131, 134, 135, 138, 139, 140, 142, 143, 141, 144, 145, 31, 146, 147, 148, 149, 152, 153, 84, 85, 35, 21, 20, 34, 162, 163, 166, 167, 168, 169, 170, 171, 174, 175, 178, 179, 112, 113, 186, 187, 161, 160, 180, 181, 165, 164, 150, 151, 201, 205, 208, 209, 122, 210, 211, 103, 203, 107, 123, 204, 91, 216, 217, 224, 225, 220, 221, 199, 200, 202, 236, 237, 106, 196, 197, 198, 102, 87, 252, 257, 253, 254, 255, 256, 258, 263, 259, 262, 90, 268, 269, 270, 271, 274, 275, 276, 277, 86, 72, 286, 287, 133, 132, 285, 284, 294, 295, 292, 298, 299, 300, 301, 302, 303, 307, 304, 305, 306, 314, 315, 316, 317, 293, 219, 328, 329, 218, 73, 338, 339, 64, 65, 207, 346, 347, 206, 344, 345, 183, 324, 332, 333, 355, 325, 320, 321, 189, 94, 312, 193, 361, 313, 156, 289, 288, 232, 249, 280, 360, 229, 228, 117, 369, 366, 367, 368, 370, 371, 372, 373, 188, 233, 213, 374, 375, 95, 116, 157, 182, 380, 381, 354, 384, 385, 351, 243, 386, 387]
  列生成求解结果: 目标值=11.0000， 下界=8.0000， 上界=10.0000

处理节点 350
  开始列生成求解...
Set parameter LogToConsole to value 0
Set parameter Threads to value 1
Set parameter Seed to value 0
  定价策略: Exact, node=350, vertices=17
Set parameter PoolSearchMode to value 2
Set parameter PoolSolutions to value 10
[CG 1] RMP=9.000000, pricing=ExactPricingSolver, new_columns=0
  搜索路径: [1, 2, 3, 6, 7, 10, 11, 12, 13, 14, 15, 22, 23, 26, 27, 9, 32, 33, 36, 37, 8, 19, 44, 45, 18, 50, 51, 40, 41, 48, 55, 62, 63, 56, 68, 69, 70, 71, 60, 78, 79, 59, 58, 61, 54, 88, 89, 81, 80, 57, 49, 96, 97, 98, 99, 100, 104, 105, 108, 109, 110, 111, 114, 115, 101, 82, 83, 124, 125, 30, 128, 129, 130, 131, 134, 135, 138, 139, 140, 142, 143, 141, 144, 145, 31, 146, 147, 148, 149, 152, 153, 84, 85, 35, 21, 20, 34, 162, 163, 166, 167, 168, 169, 170, 171, 174, 175, 178, 179, 112, 113, 186, 187, 161, 160, 180, 181, 165, 164, 150, 151, 201, 205, 208, 209, 122, 210, 211, 103, 203, 107, 123, 204, 91, 216, 217, 224, 225, 220, 221, 199, 200, 202, 236, 237, 106, 196, 197, 198, 102, 87, 252, 257, 253, 254, 255, 256, 258, 263, 259, 262, 90, 268, 269, 270, 271, 274, 275, 276, 277, 86, 72, 286, 287, 133, 132, 285, 284, 294, 295, 292, 298, 299, 300, 301, 302, 303, 307, 304, 305, 306, 314, 315, 316, 317, 293, 219, 328, 329, 218, 73, 338, 339, 64, 65, 207, 346, 347, 206, 344, 345, 183, 324, 332, 333, 355, 325, 320, 321, 189, 94, 312, 193, 361, 313, 156, 289, 288, 232, 249, 280, 360, 229, 228, 117, 369, 366, 367, 368, 370, 371, 372, 373, 188, 233, 213, 374, 375, 95, 116, 157, 182, 380, 381, 354, 384, 385, 351, 243, 386, 387, 350]
  列生成求解结果: 目标值=9.0000， 下界=8.0000， 上界=10.0000
    非整数变量: COL_0-28_180 = 0.750000
  解不是整数，开始分支...
ImposedVertex(vertex=28)
ForbidVertex(vertex=28)
  创建了 2 个分支
    添加分支节点 1: ID=388
    添加分支节点 2: ID=389

处理节点 359
  开始列生成求解...
Set parameter LogToConsole to value 0
Set parameter Threads to value 1
Set parameter Seed to value 0
  定价策略: Exact, node=359, vertices=18
Set parameter PoolSearchMode to value 2
Set parameter PoolSolutions to value 10
[CG 1] RMP=8.000000, pricing=ExactPricingSolver, new_columns=0
  搜索路径: [1, 2, 3, 6, 7, 10, 11, 12, 13, 14, 15, 22, 23, 26, 27, 9, 32, 33, 36, 37, 8, 19, 44, 45, 18, 50, 51, 40, 41, 48, 55, 62, 63, 56, 68, 69, 70, 71, 60, 78, 79, 59, 58, 61, 54, 88, 89, 81, 80, 57, 49, 96, 97, 98, 99, 100, 104, 105, 108, 109, 110, 111, 114, 115, 101, 82, 83, 124, 125, 30, 128, 129, 130, 131, 134, 135, 138, 139, 140, 142, 143, 141, 144, 145, 31, 146, 147, 148, 149, 152, 153, 84, 85, 35, 21, 20, 34, 162, 163, 166, 167, 168, 169, 170, 171, 174, 175, 178, 179, 112, 113, 186, 187, 161, 160, 180, 181, 165, 164, 150, 151, 201, 205, 208, 209, 122, 210, 211, 103, 203, 107, 123, 204, 91, 216, 217, 224, 225, 220, 221, 199, 200, 202, 236, 237, 106, 196, 197, 198, 102, 87, 252, 257, 253, 254, 255, 256, 258, 263, 259, 262, 90, 268, 269, 270, 271, 274, 275, 276, 277, 86, 72, 286, 287, 133, 132, 285, 284, 294, 295, 292, 298, 299, 300, 301, 302, 303, 307, 304, 305, 306, 314, 315, 316, 317, 293, 219, 328, 329, 218, 73, 338, 339, 64, 65, 207, 346, 347, 206, 344, 345, 183, 324, 332, 333, 355, 325, 320, 321, 189, 94, 312, 193, 361, 313, 156, 289, 288, 232, 249, 280, 360, 229, 228, 117, 369, 366, 367, 368, 370, 371, 372, 373, 188, 233, 213, 374, 375, 95, 116, 157, 182, 380, 381, 354, 384, 385, 351, 243, 386, 387, 350, 359]
  列生成求解结果: 目标值=8.0000， 下界=8.0000， 上界=10.0000
    非整数变量: COL_23_5 = 0.333333
  解不是整数，开始分支...
ImposedVertex(vertex=18)
ForbidVertex(vertex=18)
  创建了 2 个分支
    添加分支节点 1: ID=390
    添加分支节点 2: ID=391

处理节点 248
  开始列生成求解...
Set parameter LogToConsole to value 0
Set parameter Threads to value 1
Set parameter Seed to value 0
  定价策略: Exact, node=248, vertices=14
Set parameter PoolSearchMode to value 2
Set parameter PoolSolutions to value 10
[CG 1] RMP=11.733333, pricing=ExactPricingSolver, new_columns=10
[CG 2] RMP=11.733333, pricing=ExactPricingSolver, new_columns=10
[CG 3] RMP=8.000000, pricing=ExactPricingSolver, new_columns=0
  搜索路径: [1, 2, 3, 6, 7, 10, 11, 12, 13, 14, 15, 22, 23, 26, 27, 9, 32, 33, 36, 37, 8, 19, 44, 45, 18, 50, 51, 40, 41, 48, 55, 62, 63, 56, 68, 69, 70, 71, 60, 78, 79, 59, 58, 61, 54, 88, 89, 81, 80, 57, 49, 96, 97, 98, 99, 100, 104, 105, 108, 109, 110, 111, 114, 115, 101, 82, 83, 124, 125, 30, 128, 129, 130, 131, 134, 135, 138, 139, 140, 142, 143, 141, 144, 145, 31, 146, 147, 148, 149, 152, 153, 84, 85, 35, 21, 20, 34, 162, 163, 166, 167, 168, 169, 170, 171, 174, 175, 178, 179, 112, 113, 186, 187, 161, 160, 180, 181, 165, 164, 150, 151, 201, 205, 208, 209, 122, 210, 211, 103, 203, 107, 123, 204, 91, 216, 217, 224, 225, 220, 221, 199, 200, 202, 236, 237, 106, 196, 197, 198, 102, 87, 252, 257, 253, 254, 255, 256, 258, 263, 259, 262, 90, 268, 269, 270, 271, 274, 275, 276, 277, 86, 72, 286, 287, 133, 132, 285, 284, 294, 295, 292, 298, 299, 300, 301, 302, 303, 307, 304, 305, 306, 314, 315, 316, 317, 293, 219, 328, 329, 218, 73, 338, 339, 64, 65, 207, 346, 347, 206, 344, 345, 183, 324, 332, 333, 355, 325, 320, 321, 189, 94, 312, 193, 361, 313, 156, 289, 288, 232, 249, 280, 360, 229, 228, 117, 369, 366, 367, 368, 370, 371, 372, 373, 188, 233, 213, 374, 375, 95, 116, 157, 182, 380, 381, 354, 384, 385, 351, 243, 386, 387, 350, 359, 248]
  列生成求解结果: 目标值=8.0000， 下界=8.0000， 上界=10.0000
    非整数变量: COL_11-15-20-25_23 = 0.424242
  解不是整数，开始分支...
ImposedVertex(vertex=5)
ForbidVertex(vertex=5)
  创建了 2 个分支
    添加分支节点 1: ID=392
    添加分支节点 2: ID=393

处理节点 390
  开始列生成求解...
Set parameter LogToConsole to value 0
Set parameter Threads to value 1
Set parameter Seed to value 0
  定价策略: Exact, node=390, vertices=17
Set parameter PoolSearchMode to value 2
Set parameter PoolSolutions to value 10
[CG 1] RMP=2010.000000, pricing=ExactPricingSolver, new_columns=10
[CG 2] RMP=8.000000, pricing=ExactPricingSolver, new_columns=0
  搜索路径: [1, 2, 3, 6, 7, 10, 11, 12, 13, 14, 15, 22, 23, 26, 27, 9, 32, 33, 36, 37, 8, 19, 44, 45, 18, 50, 51, 40, 41, 48, 55, 62, 63, 56, 68, 69, 70, 71, 60, 78, 79, 59, 58, 61, 54, 88, 89, 81, 80, 57, 49, 96, 97, 98, 99, 100, 104, 105, 108, 109, 110, 111, 114, 115, 101, 82, 83, 124, 125, 30, 128, 129, 130, 131, 134, 135, 138, 139, 140, 142, 143, 141, 144, 145, 31, 146, 147, 148, 149, 152, 153, 84, 85, 35, 21, 20, 34, 162, 163, 166, 167, 168, 169, 170, 171, 174, 175, 178, 179, 112, 113, 186, 187, 161, 160, 180, 181, 165, 164, 150, 151, 201, 205, 208, 209, 122, 210, 211, 103, 203, 107, 123, 204, 91, 216, 217, 224, 225, 220, 221, 199, 200, 202, 236, 237, 106, 196, 197, 198, 102, 87, 252, 257, 253, 254, 255, 256, 258, 263, 259, 262, 90, 268, 269, 270, 271, 274, 275, 276, 277, 86, 72, 286, 287, 133, 132, 285, 284, 294, 295, 292, 298, 299, 300, 301, 302, 303, 307, 304, 305, 306, 314, 315, 316, 317, 293, 219, 328, 329, 218, 73, 338, 339, 64, 65, 207, 346, 347, 206, 344, 345, 183, 324, 332, 333, 355, 325, 320, 321, 189, 94, 312, 193, 361, 313, 156, 289, 288, 232, 249, 280, 360, 229, 228, 117, 369, 366, 367, 368, 370, 371, 372, 373, 188, 233, 213, 374, 375, 95, 116, 157, 182, 380, 381, 354, 384, 385, 351, 243, 386, 387, 350, 359, 248, 390]
  列生成求解结果: 目标值=8.0000， 下界=8.0000， 上界=10.0000
    非整数变量: COL_18-23-9_33 = 0.333333
  解不是整数，开始分支...
ImposedVertex(vertex=9)
ForbidVertex(vertex=9)
  创建了 2 个分支
    添加分支节点 1: ID=394
    添加分支节点 2: ID=395

处理节点 391
  开始列生成求解...
Set parameter LogToConsole to value 0
Set parameter Threads to value 1
Set parameter Seed to value 0
  定价策略: Exact, node=391, vertices=17
Set parameter PoolSearchMode to value 2
Set parameter PoolSolutions to value 10
[CG 1] RMP=8.000000, pricing=ExactPricingSolver, new_columns=0
  搜索路径: [1, 2, 3, 6, 7, 10, 11, 12, 13, 14, 15, 22, 23, 26, 27, 9, 32, 33, 36, 37, 8, 19, 44, 45, 18, 50, 51, 40, 41, 48, 55, 62, 63, 56, 68, 69, 70, 71, 60, 78, 79, 59, 58, 61, 54, 88, 89, 81, 80, 57, 49, 96, 97, 98, 99, 100, 104, 105, 108, 109, 110, 111, 114, 115, 101, 82, 83, 124, 125, 30, 128, 129, 130, 131, 134, 135, 138, 139, 140, 142, 143, 141, 144, 145, 31, 146, 147, 148, 149, 152, 153, 84, 85, 35, 21, 20, 34, 162, 163, 166, 167, 168, 169, 170, 171, 174, 175, 178, 179, 112, 113, 186, 187, 161, 160, 180, 181, 165, 164, 150, 151, 201, 205, 208, 209, 122, 210, 211, 103, 203, 107, 123, 204, 91, 216, 217, 224, 225, 220, 221, 199, 200, 202, 236, 237, 106, 196, 197, 198, 102, 87, 252, 257, 253, 254, 255, 256, 258, 263, 259, 262, 90, 268, 269, 270, 271, 274, 275, 276, 277, 86, 72, 286, 287, 133, 132, 285, 284, 294, 295, 292, 298, 299, 300, 301, 302, 303, 307, 304, 305, 306, 314, 315, 316, 317, 293, 219, 328, 329, 218, 73, 338, 339, 64, 65, 207, 346, 347, 206, 344, 345, 183, 324, 332, 333, 355, 325, 320, 321, 189, 94, 312, 193, 361, 313, 156, 289, 288, 232, 249, 280, 360, 229, 228, 117, 369, 366, 367, 368, 370, 371, 372, 373, 188, 233, 213, 374, 375, 95, 116, 157, 182, 380, 381, 354, 384, 385, 351, 243, 386, 387, 350, 359, 248, 390, 391]
  列生成求解结果: 目标值=8.0000， 下界=8.0000， 上界=10.0000
    非整数变量: COL_23_5 = 0.500000
  解不是整数，开始分支...
ImposedVertex(vertex=26)
ForbidVertex(vertex=26)
  创建了 2 个分支
    添加分支节点 1: ID=396
    添加分支节点 2: ID=397

处理节点 392
  开始列生成求解...
Set parameter LogToConsole to value 0
Set parameter Threads to value 1
Set parameter Seed to value 0
  定价策略: Exact, node=392, vertices=12
Set parameter PoolSearchMode to value 2
Set parameter PoolSolutions to value 10
[CG 1] RMP=11.000000, pricing=ExactPricingSolver, new_columns=0
  搜索路径: [1, 2, 3, 6, 7, 10, 11, 12, 13, 14, 15, 22, 23, 26, 27, 9, 32, 33, 36, 37, 8, 19, 44, 45, 18, 50, 51, 40, 41, 48, 55, 62, 63, 56, 68, 69, 70, 71, 60, 78, 79, 59, 58, 61, 54, 88, 89, 81, 80, 57, 49, 96, 97, 98, 99, 100, 104, 105, 108, 109, 110, 111, 114, 115, 101, 82, 83, 124, 125, 30, 128, 129, 130, 131, 134, 135, 138, 139, 140, 142, 143, 141, 144, 145, 31, 146, 147, 148, 149, 152, 153, 84, 85, 35, 21, 20, 34, 162, 163, 166, 167, 168, 169, 170, 171, 174, 175, 178, 179, 112, 113, 186, 187, 161, 160, 180, 181, 165, 164, 150, 151, 201, 205, 208, 209, 122, 210, 211, 103, 203, 107, 123, 204, 91, 216, 217, 224, 225, 220, 221, 199, 200, 202, 236, 237, 106, 196, 197, 198, 102, 87, 252, 257, 253, 254, 255, 256, 258, 263, 259, 262, 90, 268, 269, 270, 271, 274, 275, 276, 277, 86, 72, 286, 287, 133, 132, 285, 284, 294, 295, 292, 298, 299, 300, 301, 302, 303, 307, 304, 305, 306, 314, 315, 316, 317, 293, 219, 328, 329, 218, 73, 338, 339, 64, 65, 207, 346, 347, 206, 344, 345, 183, 324, 332, 333, 355, 325, 320, 321, 189, 94, 312, 193, 361, 313, 156, 289, 288, 232, 249, 280, 360, 229, 228, 117, 369, 366, 367, 368, 370, 371, 372, 373, 188, 233, 213, 374, 375, 95, 116, 157, 182, 380, 381, 354, 384, 385, 351, 243, 386, 387, 350, 359, 248, 390, 391, 392]
  列生成求解结果: 目标值=11.0000， 下界=8.0000， 上界=10.0000

处理节点 393
  开始列生成求解...
Set parameter LogToConsole to value 0
Set parameter Threads to value 1
Set parameter Seed to value 0
  定价策略: Exact, node=393, vertices=13
Set parameter PoolSearchMode to value 2
Set parameter PoolSolutions to value 10
[CG 1] RMP=1010.000000, pricing=ExactPricingSolver, new_columns=10
[CG 2] RMP=8.000000, pricing=ExactPricingSolver, new_columns=0
  搜索路径: [1, 2, 3, 6, 7, 10, 11, 12, 13, 14, 15, 22, 23, 26, 27, 9, 32, 33, 36, 37, 8, 19, 44, 45, 18, 50, 51, 40, 41, 48, 55, 62, 63, 56, 68, 69, 70, 71, 60, 78, 79, 59, 58, 61, 54, 88, 89, 81, 80, 57, 49, 96, 97, 98, 99, 100, 104, 105, 108, 109, 110, 111, 114, 115, 101, 82, 83, 124, 125, 30, 128, 129, 130, 131, 134, 135, 138, 139, 140, 142, 143, 141, 144, 145, 31, 146, 147, 148, 149, 152, 153, 84, 85, 35, 21, 20, 34, 162, 163, 166, 167, 168, 169, 170, 171, 174, 175, 178, 179, 112, 113, 186, 187, 161, 160, 180, 181, 165, 164, 150, 151, 201, 205, 208, 209, 122, 210, 211, 103, 203, 107, 123, 204, 91, 216, 217, 224, 225, 220, 221, 199, 200, 202, 236, 237, 106, 196, 197, 198, 102, 87, 252, 257, 253, 254, 255, 256, 258, 263, 259, 262, 90, 268, 269, 270, 271, 274, 275, 276, 277, 86, 72, 286, 287, 133, 132, 285, 284, 294, 295, 292, 298, 299, 300, 301, 302, 303, 307, 304, 305, 306, 314, 315, 316, 317, 293, 219, 328, 329, 218, 73, 338, 339, 64, 65, 207, 346, 347, 206, 344, 345, 183, 324, 332, 333, 355, 325, 320, 321, 189, 94, 312, 193, 361, 313, 156, 289, 288, 232, 249, 280, 360, 229, 228, 117, 369, 366, 367, 368, 370, 371, 372, 373, 188, 233, 213, 374, 375, 95, 116, 157, 182, 380, 381, 354, 384, 385, 351, 243, 386, 387, 350, 359, 248, 390, 391, 392, 393]
  列生成求解结果: 目标值=8.0000， 下界=8.0000， 上界=10.0000
    非整数变量: COL_11-15-20-25_23 = 0.272727
  解不是整数，开始分支...
ImposedVertex(vertex=26)
ForbidVertex(vertex=26)
  创建了 2 个分支
    添加分支节点 1: ID=398
    添加分支节点 2: ID=399

处理节点 394
  开始列生成求解...
Set parameter LogToConsole to value 0
Set parameter Threads to value 1
Set parameter Seed to value 0
  定价策略: Exact, node=394, vertices=16
Set parameter PoolSearchMode to value 2
Set parameter PoolSolutions to value 10
[CG 1] RMP=8.000000, pricing=ExactPricingSolver, new_columns=0
  搜索路径: [1, 2, 3, 6, 7, 10, 11, 12, 13, 14, 15, 22, 23, 26, 27, 9, 32, 33, 36, 37, 8, 19, 44, 45, 18, 50, 51, 40, 41, 48, 55, 62, 63, 56, 68, 69, 70, 71, 60, 78, 79, 59, 58, 61, 54, 88, 89, 81, 80, 57, 49, 96, 97, 98, 99, 100, 104, 105, 108, 109, 110, 111, 114, 115, 101, 82, 83, 124, 125, 30, 128, 129, 130, 131, 134, 135, 138, 139, 140, 142, 143, 141, 144, 145, 31, 146, 147, 148, 149, 152, 153, 84, 85, 35, 21, 20, 34, 162, 163, 166, 167, 168, 169, 170, 171, 174, 175, 178, 179, 112, 113, 186, 187, 161, 160, 180, 181, 165, 164, 150, 151, 201, 205, 208, 209, 122, 210, 211, 103, 203, 107, 123, 204, 91, 216, 217, 224, 225, 220, 221, 199, 200, 202, 236, 237, 106, 196, 197, 198, 102, 87, 252, 257, 253, 254, 255, 256, 258, 263, 259, 262, 90, 268, 269, 270, 271, 274, 275, 276, 277, 86, 72, 286, 287, 133, 132, 285, 284, 294, 295, 292, 298, 299, 300, 301, 302, 303, 307, 304, 305, 306, 314, 315, 316, 317, 293, 219, 328, 329, 218, 73, 338, 339, 64, 65, 207, 346, 347, 206, 344, 345, 183, 324, 332, 333, 355, 325, 320, 321, 189, 94, 312, 193, 361, 313, 156, 289, 288, 232, 249, 280, 360, 229, 228, 117, 369, 366, 367, 368, 370, 371, 372, 373, 188, 233, 213, 374, 375, 95, 116, 157, 182, 380, 381, 354, 384, 385, 351, 243, 386, 387, 350, 359, 248, 390, 391, 392, 393, 394]
  列生成求解结果: 目标值=8.0000， 下界=8.0000， 上界=10.0000
    非整数变量: COL_18-23-9_33 = 0.333333
  解不是整数，开始分支...
ImposedVertex(vertex=26)
ForbidVertex(vertex=26)
  创建了 2 个分支
    添加分支节点 1: ID=400
    添加分支节点 2: ID=401

处理节点 395
  开始列生成求解...
Set parameter LogToConsole to value 0
Set parameter Threads to value 1
Set parameter Seed to value 0
  定价策略: Exact, node=395, vertices=16
Set parameter PoolSearchMode to value 2
Set parameter PoolSolutions to value 10
[CG 1] RMP=2010.000000, pricing=ExactPricingSolver, new_columns=10
[CG 2] RMP=12.000000, pricing=ExactPricingSolver, new_columns=10
[CG 3] RMP=11.000000, pricing=ExactPricingSolver, new_columns=0
  搜索路径: [1, 2, 3, 6, 7, 10, 11, 12, 13, 14, 15, 22, 23, 26, 27, 9, 32, 33, 36, 37, 8, 19, 44, 45, 18, 50, 51, 40, 41, 48, 55, 62, 63, 56, 68, 69, 70, 71, 60, 78, 79, 59, 58, 61, 54, 88, 89, 81, 80, 57, 49, 96, 97, 98, 99, 100, 104, 105, 108, 109, 110, 111, 114, 115, 101, 82, 83, 124, 125, 30, 128, 129, 130, 131, 134, 135, 138, 139, 140, 142, 143, 141, 144, 145, 31, 146, 147, 148, 149, 152, 153, 84, 85, 35, 21, 20, 34, 162, 163, 166, 167, 168, 169, 170, 171, 174, 175, 178, 179, 112, 113, 186, 187, 161, 160, 180, 181, 165, 164, 150, 151, 201, 205, 208, 209, 122, 210, 211, 103, 203, 107, 123, 204, 91, 216, 217, 224, 225, 220, 221, 199, 200, 202, 236, 237, 106, 196, 197, 198, 102, 87, 252, 257, 253, 254, 255, 256, 258, 263, 259, 262, 90, 268, 269, 270, 271, 274, 275, 276, 277, 86, 72, 286, 287, 133, 132, 285, 284, 294, 295, 292, 298, 299, 300, 301, 302, 303, 307, 304, 305, 306, 314, 315, 316, 317, 293, 219, 328, 329, 218, 73, 338, 339, 64, 65, 207, 346, 347, 206, 344, 345, 183, 324, 332, 333, 355, 325, 320, 321, 189, 94, 312, 193, 361, 313, 156, 289, 288, 232, 249, 280, 360, 229, 228, 117, 369, 366, 367, 368, 370, 371, 372, 373, 188, 233, 213, 374, 375, 95, 116, 157, 182, 380, 381, 354, 384, 385, 351, 243, 386, 387, 350, 359, 248, 390, 391, 392, 393, 394, 395]
  列生成求解结果: 目标值=11.0000， 下界=8.0000， 上界=10.0000

处理节点 396
  开始列生成求解...
Set parameter LogToConsole to value 0
Set parameter Threads to value 1
Set parameter Seed to value 0
  定价策略: Exact, node=396, vertices=16
Set parameter PoolSearchMode to value 2
Set parameter PoolSolutions to value 10
[CG 1] RMP=12.000000, pricing=ExactPricingSolver, new_columns=10
[CG 2] RMP=12.000000, pricing=ExactPricingSolver, new_columns=10
[CG 3] RMP=10.000000, pricing=ExactPricingSolver, new_columns=0
  搜索路径: [1, 2, 3, 6, 7, 10, 11, 12, 13, 14, 15, 22, 23, 26, 27, 9, 32, 33, 36, 37, 8, 19, 44, 45, 18, 50, 51, 40, 41, 48, 55, 62, 63, 56, 68, 69, 70, 71, 60, 78, 79, 59, 58, 61, 54, 88, 89, 81, 80, 57, 49, 96, 97, 98, 99, 100, 104, 105, 108, 109, 110, 111, 114, 115, 101, 82, 83, 124, 125, 30, 128, 129, 130, 131, 134, 135, 138, 139, 140, 142, 143, 141, 144, 145, 31, 146, 147, 148, 149, 152, 153, 84, 85, 35, 21, 20, 34, 162, 163, 166, 167, 168, 169, 170, 171, 174, 175, 178, 179, 112, 113, 186, 187, 161, 160, 180, 181, 165, 164, 150, 151, 201, 205, 208, 209, 122, 210, 211, 103, 203, 107, 123, 204, 91, 216, 217, 224, 225, 220, 221, 199, 200, 202, 236, 237, 106, 196, 197, 198, 102, 87, 252, 257, 253, 254, 255, 256, 258, 263, 259, 262, 90, 268, 269, 270, 271, 274, 275, 276, 277, 86, 72, 286, 287, 133, 132, 285, 284, 294, 295, 292, 298, 299, 300, 301, 302, 303, 307, 304, 305, 306, 314, 315, 316, 317, 293, 219, 328, 329, 218, 73, 338, 339, 64, 65, 207, 346, 347, 206, 344, 345, 183, 324, 332, 333, 355, 325, 320, 321, 189, 94, 312, 193, 361, 313, 156, 289, 288, 232, 249, 280, 360, 229, 228, 117, 369, 366, 367, 368, 370, 371, 372, 373, 188, 233, 213, 374, 375, 95, 116, 157, 182, 380, 381, 354, 384, 385, 351, 243, 386, 387, 350, 359, 248, 390, 391, 392, 393, 394, 395, 396]
  列生成求解结果: 目标值=10.0000， 下界=8.0000， 上界=10.0000

处理节点 397
  开始列生成求解...
Set parameter LogToConsole to value 0
Set parameter Threads to value 1
Set parameter Seed to value 0
  定价策略: Exact, node=397, vertices=16
Set parameter PoolSearchMode to value 2
Set parameter PoolSolutions to value 10
[CG 1] RMP=12.000000, pricing=ExactPricingSolver, new_columns=10
[CG 2] RMP=12.000000, pricing=ExactPricingSolver, new_columns=0
  搜索路径: [1, 2, 3, 6, 7, 10, 11, 12, 13, 14, 15, 22, 23, 26, 27, 9, 32, 33, 36, 37, 8, 19, 44, 45, 18, 50, 51, 40, 41, 48, 55, 62, 63, 56, 68, 69, 70, 71, 60, 78, 79, 59, 58, 61, 54, 88, 89, 81, 80, 57, 49, 96, 97, 98, 99, 100, 104, 105, 108, 109, 110, 111, 114, 115, 101, 82, 83, 124, 125, 30, 128, 129, 130, 131, 134, 135, 138, 139, 140, 142, 143, 141, 144, 145, 31, 146, 147, 148, 149, 152, 153, 84, 85, 35, 21, 20, 34, 162, 163, 166, 167, 168, 169, 170, 171, 174, 175, 178, 179, 112, 113, 186, 187, 161, 160, 180, 181, 165, 164, 150, 151, 201, 205, 208, 209, 122, 210, 211, 103, 203, 107, 123, 204, 91, 216, 217, 224, 225, 220, 221, 199, 200, 202, 236, 237, 106, 196, 197, 198, 102, 87, 252, 257, 253, 254, 255, 256, 258, 263, 259, 262, 90, 268, 269, 270, 271, 274, 275, 276, 277, 86, 72, 286, 287, 133, 132, 285, 284, 294, 295, 292, 298, 299, 300, 301, 302, 303, 307, 304, 305, 306, 314, 315, 316, 317, 293, 219, 328, 329, 218, 73, 338, 339, 64, 65, 207, 346, 347, 206, 344, 345, 183, 324, 332, 333, 355, 325, 320, 321, 189, 94, 312, 193, 361, 313, 156, 289, 288, 232, 249, 280, 360, 229, 228, 117, 369, 366, 367, 368, 370, 371, 372, 373, 188, 233, 213, 374, 375, 95, 116, 157, 182, 380, 381, 354, 384, 385, 351, 243, 386, 387, 350, 359, 248, 390, 391, 392, 393, 394, 395, 396, 397]
  列生成求解结果: 目标值=12.0000， 下界=8.0000， 上界=10.0000

处理节点 398
  开始列生成求解...
Set parameter LogToConsole to value 0
Set parameter Threads to value 1
Set parameter Seed to value 0
  定价策略: Exact, node=398, vertices=12
Set parameter PoolSearchMode to value 2
Set parameter PoolSolutions to value 10
[CG 1] RMP=10.000000, pricing=ExactPricingSolver, new_columns=0
  搜索路径: [1, 2, 3, 6, 7, 10, 11, 12, 13, 14, 15, 22, 23, 26, 27, 9, 32, 33, 36, 37, 8, 19, 44, 45, 18, 50, 51, 40, 41, 48, 55, 62, 63, 56, 68, 69, 70, 71, 60, 78, 79, 59, 58, 61, 54, 88, 89, 81, 80, 57, 49, 96, 97, 98, 99, 100, 104, 105, 108, 109, 110, 111, 114, 115, 101, 82, 83, 124, 125, 30, 128, 129, 130, 131, 134, 135, 138, 139, 140, 142, 143, 141, 144, 145, 31, 146, 147, 148, 149, 152, 153, 84, 85, 35, 21, 20, 34, 162, 163, 166, 167, 168, 169, 170, 171, 174, 175, 178, 179, 112, 113, 186, 187, 161, 160, 180, 181, 165, 164, 150, 151, 201, 205, 208, 209, 122, 210, 211, 103, 203, 107, 123, 204, 91, 216, 217, 224, 225, 220, 221, 199, 200, 202, 236, 237, 106, 196, 197, 198, 102, 87, 252, 257, 253, 254, 255, 256, 258, 263, 259, 262, 90, 268, 269, 270, 271, 274, 275, 276, 277, 86, 72, 286, 287, 133, 132, 285, 284, 294, 295, 292, 298, 299, 300, 301, 302, 303, 307, 304, 305, 306, 314, 315, 316, 317, 293, 219, 328, 329, 218, 73, 338, 339, 64, 65, 207, 346, 347, 206, 344, 345, 183, 324, 332, 333, 355, 325, 320, 321, 189, 94, 312, 193, 361, 313, 156, 289, 288, 232, 249, 280, 360, 229, 228, 117, 369, 366, 367, 368, 370, 371, 372, 373, 188, 233, 213, 374, 375, 95, 116, 157, 182, 380, 381, 354, 384, 385, 351, 243, 386, 387, 350, 359, 248, 390, 391, 392, 393, 394, 395, 396, 397, 398]
  列生成求解结果: 目标值=10.0000， 下界=8.0000， 上界=10.0000

处理节点 399
  开始列生成求解...
Set parameter LogToConsole to value 0
Set parameter Threads to value 1
Set parameter Seed to value 0
  定价策略: Exact, node=399, vertices=12
Set parameter PoolSearchMode to value 2
Set parameter PoolSolutions to value 10
[CG 1] RMP=12.000000, pricing=ExactPricingSolver, new_columns=0
  搜索路径: [1, 2, 3, 6, 7, 10, 11, 12, 13, 14, 15, 22, 23, 26, 27, 9, 32, 33, 36, 37, 8, 19, 44, 45, 18, 50, 51, 40, 41, 48, 55, 62, 63, 56, 68, 69, 70, 71, 60, 78, 79, 59, 58, 61, 54, 88, 89, 81, 80, 57, 49, 96, 97, 98, 99, 100, 104, 105, 108, 109, 110, 111, 114, 115, 101, 82, 83, 124, 125, 30, 128, 129, 130, 131, 134, 135, 138, 139, 140, 142, 143, 141, 144, 145, 31, 146, 147, 148, 149, 152, 153, 84, 85, 35, 21, 20, 34, 162, 163, 166, 167, 168, 169, 170, 171, 174, 175, 178, 179, 112, 113, 186, 187, 161, 160, 180, 181, 165, 164, 150, 151, 201, 205, 208, 209, 122, 210, 211, 103, 203, 107, 123, 204, 91, 216, 217, 224, 225, 220, 221, 199, 200, 202, 236, 237, 106, 196, 197, 198, 102, 87, 252, 257, 253, 254, 255, 256, 258, 263, 259, 262, 90, 268, 269, 270, 271, 274, 275, 276, 277, 86, 72, 286, 287, 133, 132, 285, 284, 294, 295, 292, 298, 299, 300, 301, 302, 303, 307, 304, 305, 306, 314, 315, 316, 317, 293, 219, 328, 329, 218, 73, 338, 339, 64, 65, 207, 346, 347, 206, 344, 345, 183, 324, 332, 333, 355, 325, 320, 321, 189, 94, 312, 193, 361, 313, 156, 289, 288, 232, 249, 280, 360, 229, 228, 117, 369, 366, 367, 368, 370, 371, 372, 373, 188, 233, 213, 374, 375, 95, 116, 157, 182, 380, 381, 354, 384, 385, 351, 243, 386, 387, 350, 359, 248, 390, 391, 392, 393, 394, 395, 396, 397, 398, 399]
  列生成求解结果: 目标值=12.0000， 下界=8.0000， 上界=10.0000

处理节点 401
  开始列生成求解...
Set parameter LogToConsole to value 0
Set parameter Threads to value 1
Set parameter Seed to value 0
  定价策略: Exact, node=401, vertices=15
Set parameter PoolSearchMode to value 2
Set parameter PoolSolutions to value 10
[CG 1] RMP=12.000000, pricing=ExactPricingSolver, new_columns=0
  搜索路径: [1, 2, 3, 6, 7, 10, 11, 12, 13, 14, 15, 22, 23, 26, 27, 9, 32, 33, 36, 37, 8, 19, 44, 45, 18, 50, 51, 40, 41, 48, 55, 62, 63, 56, 68, 69, 70, 71, 60, 78, 79, 59, 58, 61, 54, 88, 89, 81, 80, 57, 49, 96, 97, 98, 99, 100, 104, 105, 108, 109, 110, 111, 114, 115, 101, 82, 83, 124, 125, 30, 128, 129, 130, 131, 134, 135, 138, 139, 140, 142, 143, 141, 144, 145, 31, 146, 147, 148, 149, 152, 153, 84, 85, 35, 21, 20, 34, 162, 163, 166, 167, 168, 169, 170, 171, 174, 175, 178, 179, 112, 113, 186, 187, 161, 160, 180, 181, 165, 164, 150, 151, 201, 205, 208, 209, 122, 210, 211, 103, 203, 107, 123, 204, 91, 216, 217, 224, 225, 220, 221, 199, 200, 202, 236, 237, 106, 196, 197, 198, 102, 87, 252, 257, 253, 254, 255, 256, 258, 263, 259, 262, 90, 268, 269, 270, 271, 274, 275, 276, 277, 86, 72, 286, 287, 133, 132, 285, 284, 294, 295, 292, 298, 299, 300, 301, 302, 303, 307, 304, 305, 306, 314, 315, 316, 317, 293, 219, 328, 329, 218, 73, 338, 339, 64, 65, 207, 346, 347, 206, 344, 345, 183, 324, 332, 333, 355, 325, 320, 321, 189, 94, 312, 193, 361, 313, 156, 289, 288, 232, 249, 280, 360, 229, 228, 117, 369, 366, 367, 368, 370, 371, 372, 373, 188, 233, 213, 374, 375, 95, 116, 157, 182, 380, 381, 354, 384, 385, 351, 243, 386, 387, 350, 359, 248, 390, 391, 392, 393, 394, 395, 396, 397, 398, 399, 401]
  列生成求解结果: 目标值=12.0000， 下界=8.0000， 上界=10.0000

处理节点 400
  开始列生成求解...
Set parameter LogToConsole to value 0
Set parameter Threads to value 1
Set parameter Seed to value 0
  定价策略: Exact, node=400, vertices=15
Set parameter PoolSearchMode to value 2
Set parameter PoolSolutions to value 10
[CG 1] RMP=12.000000, pricing=ExactPricingSolver, new_columns=10
[CG 2] RMP=12.000000, pricing=ExactPricingSolver, new_columns=10
[CG 3] RMP=10.000000, pricing=ExactPricingSolver, new_columns=0
  搜索路径: [1, 2, 3, 6, 7, 10, 11, 12, 13, 14, 15, 22, 23, 26, 27, 9, 32, 33, 36, 37, 8, 19, 44, 45, 18, 50, 51, 40, 41, 48, 55, 62, 63, 56, 68, 69, 70, 71, 60, 78, 79, 59, 58, 61, 54, 88, 89, 81, 80, 57, 49, 96, 97, 98, 99, 100, 104, 105, 108, 109, 110, 111, 114, 115, 101, 82, 83, 124, 125, 30, 128, 129, 130, 131, 134, 135, 138, 139, 140, 142, 143, 141, 144, 145, 31, 146, 147, 148, 149, 152, 153, 84, 85, 35, 21, 20, 34, 162, 163, 166, 167, 168, 169, 170, 171, 174, 175, 178, 179, 112, 113, 186, 187, 161, 160, 180, 181, 165, 164, 150, 151, 201, 205, 208, 209, 122, 210, 211, 103, 203, 107, 123, 204, 91, 216, 217, 224, 225, 220, 221, 199, 200, 202, 236, 237, 106, 196, 197, 198, 102, 87, 252, 257, 253, 254, 255, 256, 258, 263, 259, 262, 90, 268, 269, 270, 271, 274, 275, 276, 277, 86, 72, 286, 287, 133, 132, 285, 284, 294, 295, 292, 298, 299, 300, 301, 302, 303, 307, 304, 305, 306, 314, 315, 316, 317, 293, 219, 328, 329, 218, 73, 338, 339, 64, 65, 207, 346, 347, 206, 344, 345, 183, 324, 332, 333, 355, 325, 320, 321, 189, 94, 312, 193, 361, 313, 156, 289, 288, 232, 249, 280, 360, 229, 228, 117, 369, 366, 367, 368, 370, 371, 372, 373, 188, 233, 213, 374, 375, 95, 116, 157, 182, 380, 381, 354, 384, 385, 351, 243, 386, 387, 350, 359, 248, 390, 391, 392, 393, 394, 395, 396, 397, 398, 399, 401, 400]
  列生成求解结果: 目标值=10.0000， 下界=8.0000， 上界=10.0000

处理节点 281
  开始列生成求解...
Set parameter LogToConsole to value 0
Set parameter Threads to value 1
Set parameter Seed to value 0
  定价策略: Exact, node=281, vertices=13
Set parameter PoolSearchMode to value 2
Set parameter PoolSolutions to value 10
[CG 1] RMP=11.000000, pricing=ExactPricingSolver, new_columns=0
  搜索路径: [1, 2, 3, 6, 7, 10, 11, 12, 13, 14, 15, 22, 23, 26, 27, 9, 32, 33, 36, 37, 8, 19, 44, 45, 18, 50, 51, 40, 41, 48, 55, 62, 63, 56, 68, 69, 70, 71, 60, 78, 79, 59, 58, 61, 54, 88, 89, 81, 80, 57, 49, 96, 97, 98, 99, 100, 104, 105, 108, 109, 110, 111, 114, 115, 101, 82, 83, 124, 125, 30, 128, 129, 130, 131, 134, 135, 138, 139, 140, 142, 143, 141, 144, 145, 31, 146, 147, 148, 149, 152, 153, 84, 85, 35, 21, 20, 34, 162, 163, 166, 167, 168, 169, 170, 171, 174, 175, 178, 179, 112, 113, 186, 187, 161, 160, 180, 181, 165, 164, 150, 151, 201, 205, 208, 209, 122, 210, 211, 103, 203, 107, 123, 204, 91, 216, 217, 224, 225, 220, 221, 199, 200, 202, 236, 237, 106, 196, 197, 198, 102, 87, 252, 257, 253, 254, 255, 256, 258, 263, 259, 262, 90, 268, 269, 270, 271, 274, 275, 276, 277, 86, 72, 286, 287, 133, 132, 285, 284, 294, 295, 292, 298, 299, 300, 301, 302, 303, 307, 304, 305, 306, 314, 315, 316, 317, 293, 219, 328, 329, 218, 73, 338, 339, 64, 65, 207, 346, 347, 206, 344, 345, 183, 324, 332, 333, 355, 325, 320, 321, 189, 94, 312, 193, 361, 313, 156, 289, 288, 232, 249, 280, 360, 229, 228, 117, 369, 366, 367, 368, 370, 371, 372, 373, 188, 233, 213, 374, 375, 95, 116, 157, 182, 380, 381, 354, 384, 385, 351, 243, 386, 387, 350, 359, 248, 390, 391, 392, 393, 394, 395, 396, 397, 398, 399, 401, 400, 281]
  列生成求解结果: 目标值=11.0000， 下界=8.0000， 上界=10.0000

处理节点 358
  开始列生成求解...
Set parameter LogToConsole to value 0
Set parameter Threads to value 1
Set parameter Seed to value 0
  定价策略: Exact, node=358, vertices=17
Set parameter PoolSearchMode to value 2
Set parameter PoolSolutions to value 10
[CG 1] RMP=14.000000, pricing=ExactPricingSolver, new_columns=10
[CG 2] RMP=8.000000, pricing=ExactPricingSolver, new_columns=0
  搜索路径: [1, 2, 3, 6, 7, 10, 11, 12, 13, 14, 15, 22, 23, 26, 27, 9, 32, 33, 36, 37, 8, 19, 44, 45, 18, 50, 51, 40, 41, 48, 55, 62, 63, 56, 68, 69, 70, 71, 60, 78, 79, 59, 58, 61, 54, 88, 89, 81, 80, 57, 49, 96, 97, 98, 99, 100, 104, 105, 108, 109, 110, 111, 114, 115, 101, 82, 83, 124, 125, 30, 128, 129, 130, 131, 134, 135, 138, 139, 140, 142, 143, 141, 144, 145, 31, 146, 147, 148, 149, 152, 153, 84, 85, 35, 21, 20, 34, 162, 163, 166, 167, 168, 169, 170, 171, 174, 175, 178, 179, 112, 113, 186, 187, 161, 160, 180, 181, 165, 164, 150, 151, 201, 205, 208, 209, 122, 210, 211, 103, 203, 107, 123, 204, 91, 216, 217, 224, 225, 220, 221, 199, 200, 202, 236, 237, 106, 196, 197, 198, 102, 87, 252, 257, 253, 254, 255, 256, 258, 263, 259, 262, 90, 268, 269, 270, 271, 274, 275, 276, 277, 86, 72, 286, 287, 133, 132, 285, 284, 294, 295, 292, 298, 299, 300, 301, 302, 303, 307, 304, 305, 306, 314, 315, 316, 317, 293, 219, 328, 329, 218, 73, 338, 339, 64, 65, 207, 346, 347, 206, 344, 345, 183, 324, 332, 333, 355, 325, 320, 321, 189, 94, 312, 193, 361, 313, 156, 289, 288, 232, 249, 280, 360, 229, 228, 117, 369, 366, 367, 368, 370, 371, 372, 373, 188, 233, 213, 374, 375, 95, 116, 157, 182, 380, 381, 354, 384, 385, 351, 243, 386, 387, 350, 359, 248, 390, 391, 392, 393, 394, 395, 396, 397, 398, 399, 401, 400, 281, 358]
  列生成求解结果: 目标值=8.0000， 下界=8.0000， 上界=10.0000
    非整数变量: COL_1-11-15-18-23-7-9_44 = 0.600000
  解不是整数，开始分支...
ImposedVertex(vertex=18)
ForbidVertex(vertex=18)
  创建了 2 个分支
    添加分支节点 1: ID=402
    添加分支节点 2: ID=403

处理节点 212
  开始列生成求解...
Set parameter LogToConsole to value 0
Set parameter Threads to value 1
Set parameter Seed to value 0
  定价策略: Exact, node=212, vertices=16
Set parameter PoolSearchMode to value 2
Set parameter PoolSolutions to value 10
[CG 1] RMP=10.000000, pricing=ExactPricingSolver, new_columns=0
  搜索路径: [1, 2, 3, 6, 7, 10, 11, 12, 13, 14, 15, 22, 23, 26, 27, 9, 32, 33, 36, 37, 8, 19, 44, 45, 18, 50, 51, 40, 41, 48, 55, 62, 63, 56, 68, 69, 70, 71, 60, 78, 79, 59, 58, 61, 54, 88, 89, 81, 80, 57, 49, 96, 97, 98, 99, 100, 104, 105, 108, 109, 110, 111, 114, 115, 101, 82, 83, 124, 125, 30, 128, 129, 130, 131, 134, 135, 138, 139, 140, 142, 143, 141, 144, 145, 31, 146, 147, 148, 149, 152, 153, 84, 85, 35, 21, 20, 34, 162, 163, 166, 167, 168, 169, 170, 171, 174, 175, 178, 179, 112, 113, 186, 187, 161, 160, 180, 181, 165, 164, 150, 151, 201, 205, 208, 209, 122, 210, 211, 103, 203, 107, 123, 204, 91, 216, 217, 224, 225, 220, 221, 199, 200, 202, 236, 237, 106, 196, 197, 198, 102, 87, 252, 257, 253, 254, 255, 256, 258, 263, 259, 262, 90, 268, 269, 270, 271, 274, 275, 276, 277, 86, 72, 286, 287, 133, 132, 285, 284, 294, 295, 292, 298, 299, 300, 301, 302, 303, 307, 304, 305, 306, 314, 315, 316, 317, 293, 219, 328, 329, 218, 73, 338, 339, 64, 65, 207, 346, 347, 206, 344, 345, 183, 324, 332, 333, 355, 325, 320, 321, 189, 94, 312, 193, 361, 313, 156, 289, 288, 232, 249, 280, 360, 229, 228, 117, 369, 366, 367, 368, 370, 371, 372, 373, 188, 233, 213, 374, 375, 95, 116, 157, 182, 380, 381, 354, 384, 385, 351, 243, 386, 387, 350, 359, 248, 390, 391, 392, 393, 394, 395, 396, 397, 398, 399, 401, 400, 281, 358, 212]
  列生成求解结果: 目标值=10.0000， 下界=8.0000， 上界=10.0000

处理节点 242
  开始列生成求解...
Set parameter LogToConsole to value 0
Set parameter Threads to value 1
Set parameter Seed to value 0
  定价策略: Exact, node=242, vertices=15
Set parameter PoolSearchMode to value 2
Set parameter PoolSolutions to value 10
[CG 1] RMP=10.000000, pricing=ExactPricingSolver, new_columns=0
  搜索路径: [1, 2, 3, 6, 7, 10, 11, 12, 13, 14, 15, 22, 23, 26, 27, 9, 32, 33, 36, 37, 8, 19, 44, 45, 18, 50, 51, 40, 41, 48, 55, 62, 63, 56, 68, 69, 70, 71, 60, 78, 79, 59, 58, 61, 54, 88, 89, 81, 80, 57, 49, 96, 97, 98, 99, 100, 104, 105, 108, 109, 110, 111, 114, 115, 101, 82, 83, 124, 125, 30, 128, 129, 130, 131, 134, 135, 138, 139, 140, 142, 143, 141, 144, 145, 31, 146, 147, 148, 149, 152, 153, 84, 85, 35, 21, 20, 34, 162, 163, 166, 167, 168, 169, 170, 171, 174, 175, 178, 179, 112, 113, 186, 187, 161, 160, 180, 181, 165, 164, 150, 151, 201, 205, 208, 209, 122, 210, 211, 103, 203, 107, 123, 204, 91, 216, 217, 224, 225, 220, 221, 199, 200, 202, 236, 237, 106, 196, 197, 198, 102, 87, 252, 257, 253, 254, 255, 256, 258, 263, 259, 262, 90, 268, 269, 270, 271, 274, 275, 276, 277, 86, 72, 286, 287, 133, 132, 285, 284, 294, 295, 292, 298, 299, 300, 301, 302, 303, 307, 304, 305, 306, 314, 315, 316, 317, 293, 219, 328, 329, 218, 73, 338, 339, 64, 65, 207, 346, 347, 206, 344, 345, 183, 324, 332, 333, 355, 325, 320, 321, 189, 94, 312, 193, 361, 313, 156, 289, 288, 232, 249, 280, 360, 229, 228, 117, 369, 366, 367, 368, 370, 371, 372, 373, 188, 233, 213, 374, 375, 95, 116, 157, 182, 380, 381, 354, 384, 385, 351, 243, 386, 387, 350, 359, 248, 390, 391, 392, 393, 394, 395, 396, 397, 398, 399, 401, 400, 281, 358, 212, 242]
  列生成求解结果: 目标值=10.0000， 下界=8.0000， 上界=10.0000

处理节点 402
  开始列生成求解...
Set parameter LogToConsole to value 0
Set parameter Threads to value 1
Set parameter Seed to value 0
  定价策略: Exact, node=402, vertices=16
Set parameter PoolSearchMode to value 2
Set parameter PoolSolutions to value 10
[CG 1] RMP=8.000000, pricing=ExactPricingSolver, new_columns=0
  搜索路径: [1, 2, 3, 6, 7, 10, 11, 12, 13, 14, 15, 22, 23, 26, 27, 9, 32, 33, 36, 37, 8, 19, 44, 45, 18, 50, 51, 40, 41, 48, 55, 62, 63, 56, 68, 69, 70, 71, 60, 78, 79, 59, 58, 61, 54, 88, 89, 81, 80, 57, 49, 96, 97, 98, 99, 100, 104, 105, 108, 109, 110, 111, 114, 115, 101, 82, 83, 124, 125, 30, 128, 129, 130, 131, 134, 135, 138, 139, 140, 142, 143, 141, 144, 145, 31, 146, 147, 148, 149, 152, 153, 84, 85, 35, 21, 20, 34, 162, 163, 166, 167, 168, 169, 170, 171, 174, 175, 178, 179, 112, 113, 186, 187, 161, 160, 180, 181, 165, 164, 150, 151, 201, 205, 208, 209, 122, 210, 211, 103, 203, 107, 123, 204, 91, 216, 217, 224, 225, 220, 221, 199, 200, 202, 236, 237, 106, 196, 197, 198, 102, 87, 252, 257, 253, 254, 255, 256, 258, 263, 259, 262, 90, 268, 269, 270, 271, 274, 275, 276, 277, 86, 72, 286, 287, 133, 132, 285, 284, 294, 295, 292, 298, 299, 300, 301, 302, 303, 307, 304, 305, 306, 314, 315, 316, 317, 293, 219, 328, 329, 218, 73, 338, 339, 64, 65, 207, 346, 347, 206, 344, 345, 183, 324, 332, 333, 355, 325, 320, 321, 189, 94, 312, 193, 361, 313, 156, 289, 288, 232, 249, 280, 360, 229, 228, 117, 369, 366, 367, 368, 370, 371, 372, 373, 188, 233, 213, 374, 375, 95, 116, 157, 182, 380, 381, 354, 384, 385, 351, 243, 386, 387, 350, 359, 248, 390, 391, 392, 393, 394, 395, 396, 397, 398, 399, 401, 400, 281, 358, 212, 242, 402]
  列生成求解结果: 目标值=8.0000， 下界=8.0000， 上界=10.0000
    非整数变量: COL_23_5 = 0.064286
  解不是整数，开始分支...
ImposedVertex(vertex=9)
ForbidVertex(vertex=9)
  创建了 2 个分支
    添加分支节点 1: ID=404
    添加分支节点 2: ID=405

处理节点 404
  开始列生成求解...
Set parameter LogToConsole to value 0
Set parameter Threads to value 1
Set parameter Seed to value 0
  定价策略: Exact, node=404, vertices=15
Set parameter PoolSearchMode to value 2
Set parameter PoolSolutions to value 10
[CG 1] RMP=8.000000, pricing=ExactPricingSolver, new_columns=0
  搜索路径: [1, 2, 3, 6, 7, 10, 11, 12, 13, 14, 15, 22, 23, 26, 27, 9, 32, 33, 36, 37, 8, 19, 44, 45, 18, 50, 51, 40, 41, 48, 55, 62, 63, 56, 68, 69, 70, 71, 60, 78, 79, 59, 58, 61, 54, 88, 89, 81, 80, 57, 49, 96, 97, 98, 99, 100, 104, 105, 108, 109, 110, 111, 114, 115, 101, 82, 83, 124, 125, 30, 128, 129, 130, 131, 134, 135, 138, 139, 140, 142, 143, 141, 144, 145, 31, 146, 147, 148, 149, 152, 153, 84, 85, 35, 21, 20, 34, 162, 163, 166, 167, 168, 169, 170, 171, 174, 175, 178, 179, 112, 113, 186, 187, 161, 160, 180, 181, 165, 164, 150, 151, 201, 205, 208, 209, 122, 210, 211, 103, 203, 107, 123, 204, 91, 216, 217, 224, 225, 220, 221, 199, 200, 202, 236, 237, 106, 196, 197, 198, 102, 87, 252, 257, 253, 254, 255, 256, 258, 263, 259, 262, 90, 268, 269, 270, 271, 274, 275, 276, 277, 86, 72, 286, 287, 133, 132, 285, 284, 294, 295, 292, 298, 299, 300, 301, 302, 303, 307, 304, 305, 306, 314, 315, 316, 317, 293, 219, 328, 329, 218, 73, 338, 339, 64, 65, 207, 346, 347, 206, 344, 345, 183, 324, 332, 333, 355, 325, 320, 321, 189, 94, 312, 193, 361, 313, 156, 289, 288, 232, 249, 280, 360, 229, 228, 117, 369, 366, 367, 368, 370, 371, 372, 373, 188, 233, 213, 374, 375, 95, 116, 157, 182, 380, 381, 354, 384, 385, 351, 243, 386, 387, 350, 359, 248, 390, 391, 392, 393, 394, 395, 396, 397, 398, 399, 401, 400, 281, 358, 212, 242, 402, 404]
  列生成求解结果: 目标值=8.0000， 下界=8.0000， 上界=10.0000
    非整数变量: COL_1-11-18-23-7-9_43 = 0.600000
  解不是整数，开始分支...
ImposedVertex(vertex=26)
ForbidVertex(vertex=26)
  创建了 2 个分支
    添加分支节点 1: ID=406
    添加分支节点 2: ID=407

处理节点 405
  开始列生成求解...
Set parameter LogToConsole to value 0
Set parameter Threads to value 1
Set parameter Seed to value 0
  定价策略: Exact, node=405, vertices=15
Set parameter PoolSearchMode to value 2
Set parameter PoolSolutions to value 10
[CG 1] RMP=2010.000000, pricing=ExactPricingSolver, new_columns=10
[CG 2] RMP=11.000000, pricing=ExactPricingSolver, new_columns=0
  搜索路径: [1, 2, 3, 6, 7, 10, 11, 12, 13, 14, 15, 22, 23, 26, 27, 9, 32, 33, 36, 37, 8, 19, 44, 45, 18, 50, 51, 40, 41, 48, 55, 62, 63, 56, 68, 69, 70, 71, 60, 78, 79, 59, 58, 61, 54, 88, 89, 81, 80, 57, 49, 96, 97, 98, 99, 100, 104, 105, 108, 109, 110, 111, 114, 115, 101, 82, 83, 124, 125, 30, 128, 129, 130, 131, 134, 135, 138, 139, 140, 142, 143, 141, 144, 145, 31, 146, 147, 148, 149, 152, 153, 84, 85, 35, 21, 20, 34, 162, 163, 166, 167, 168, 169, 170, 171, 174, 175, 178, 179, 112, 113, 186, 187, 161, 160, 180, 181, 165, 164, 150, 151, 201, 205, 208, 209, 122, 210, 211, 103, 203, 107, 123, 204, 91, 216, 217, 224, 225, 220, 221, 199, 200, 202, 236, 237, 106, 196, 197, 198, 102, 87, 252, 257, 253, 254, 255, 256, 258, 263, 259, 262, 90, 268, 269, 270, 271, 274, 275, 276, 277, 86, 72, 286, 287, 133, 132, 285, 284, 294, 295, 292, 298, 299, 300, 301, 302, 303, 307, 304, 305, 306, 314, 315, 316, 317, 293, 219, 328, 329, 218, 73, 338, 339, 64, 65, 207, 346, 347, 206, 344, 345, 183, 324, 332, 333, 355, 325, 320, 321, 189, 94, 312, 193, 361, 313, 156, 289, 288, 232, 249, 280, 360, 229, 228, 117, 369, 366, 367, 368, 370, 371, 372, 373, 188, 233, 213, 374, 375, 95, 116, 157, 182, 380, 381, 354, 384, 385, 351, 243, 386, 387, 350, 359, 248, 390, 391, 392, 393, 394, 395, 396, 397, 398, 399, 401, 400, 281, 358, 212, 242, 402, 404, 405]
  列生成求解结果: 目标值=11.0000， 下界=8.0000， 上界=10.0000

处理节点 403
  开始列生成求解...
Set parameter LogToConsole to value 0
Set parameter Threads to value 1
Set parameter Seed to value 0
  定价策略: Exact, node=403, vertices=16
Set parameter PoolSearchMode to value 2
Set parameter PoolSolutions to value 10
[CG 1] RMP=1010.000000, pricing=ExactPricingSolver, new_columns=10
[CG 2] RMP=8.000000, pricing=ExactPricingSolver, new_columns=0
  搜索路径: [1, 2, 3, 6, 7, 10, 11, 12, 13, 14, 15, 22, 23, 26, 27, 9, 32, 33, 36, 37, 8, 19, 44, 45, 18, 50, 51, 40, 41, 48, 55, 62, 63, 56, 68, 69, 70, 71, 60, 78, 79, 59, 58, 61, 54, 88, 89, 81, 80, 57, 49, 96, 97, 98, 99, 100, 104, 105, 108, 109, 110, 111, 114, 115, 101, 82, 83, 124, 125, 30, 128, 129, 130, 131, 134, 135, 138, 139, 140, 142, 143, 141, 144, 145, 31, 146, 147, 148, 149, 152, 153, 84, 85, 35, 21, 20, 34, 162, 163, 166, 167, 168, 169, 170, 171, 174, 175, 178, 179, 112, 113, 186, 187, 161, 160, 180, 181, 165, 164, 150, 151, 201, 205, 208, 209, 122, 210, 211, 103, 203, 107, 123, 204, 91, 216, 217, 224, 225, 220, 221, 199, 200, 202, 236, 237, 106, 196, 197, 198, 102, 87, 252, 257, 253, 254, 255, 256, 258, 263, 259, 262, 90, 268, 269, 270, 271, 274, 275, 276, 277, 86, 72, 286, 287, 133, 132, 285, 284, 294, 295, 292, 298, 299, 300, 301, 302, 303, 307, 304, 305, 306, 314, 315, 316, 317, 293, 219, 328, 329, 218, 73, 338, 339, 64, 65, 207, 346, 347, 206, 344, 345, 183, 324, 332, 333, 355, 325, 320, 321, 189, 94, 312, 193, 361, 313, 156, 289, 288, 232, 249, 280, 360, 229, 228, 117, 369, 366, 367, 368, 370, 371, 372, 373, 188, 233, 213, 374, 375, 95, 116, 157, 182, 380, 381, 354, 384, 385, 351, 243, 386, 387, 350, 359, 248, 390, 391, 392, 393, 394, 395, 396, 397, 398, 399, 401, 400, 281, 358, 212, 242, 402, 404, 405, 403]
  列生成求解结果: 目标值=8.0000， 下界=8.0000， 上界=10.0000
    非整数变量: COL_19-20-26_45 = 0.060606
  解不是整数，开始分支...
ImposedVertex(vertex=11)
ForbidVertex(vertex=11)
  创建了 2 个分支
    添加分支节点 1: ID=408
    添加分支节点 2: ID=409

处理节点 192
  开始列生成求解...
Set parameter LogToConsole to value 0
Set parameter Threads to value 1
Set parameter Seed to value 0
  定价策略: Exact, node=192, vertices=20
Set parameter PoolSearchMode to value 2
Set parameter PoolSolutions to value 10
[CG 1] RMP=10.000000, pricing=ExactPricingSolver, new_columns=10
[CG 2] RMP=8.000000, pricing=ExactPricingSolver, new_columns=0
  搜索路径: [1, 2, 3, 6, 7, 10, 11, 12, 13, 14, 15, 22, 23, 26, 27, 9, 32, 33, 36, 37, 8, 19, 44, 45, 18, 50, 51, 40, 41, 48, 55, 62, 63, 56, 68, 69, 70, 71, 60, 78, 79, 59, 58, 61, 54, 88, 89, 81, 80, 57, 49, 96, 97, 98, 99, 100, 104, 105, 108, 109, 110, 111, 114, 115, 101, 82, 83, 124, 125, 30, 128, 129, 130, 131, 134, 135, 138, 139, 140, 142, 143, 141, 144, 145, 31, 146, 147, 148, 149, 152, 153, 84, 85, 35, 21, 20, 34, 162, 163, 166, 167, 168, 169, 170, 171, 174, 175, 178, 179, 112, 113, 186, 187, 161, 160, 180, 181, 165, 164, 150, 151, 201, 205, 208, 209, 122, 210, 211, 103, 203, 107, 123, 204, 91, 216, 217, 224, 225, 220, 221, 199, 200, 202, 236, 237, 106, 196, 197, 198, 102, 87, 252, 257, 253, 254, 255, 256, 258, 263, 259, 262, 90, 268, 269, 270, 271, 274, 275, 276, 277, 86, 72, 286, 287, 133, 132, 285, 284, 294, 295, 292, 298, 299, 300, 301, 302, 303, 307, 304, 305, 306, 314, 315, 316, 317, 293, 219, 328, 329, 218, 73, 338, 339, 64, 65, 207, 346, 347, 206, 344, 345, 183, 324, 332, 333, 355, 325, 320, 321, 189, 94, 312, 193, 361, 313, 156, 289, 288, 232, 249, 280, 360, 229, 228, 117, 369, 366, 367, 368, 370, 371, 372, 373, 188, 233, 213, 374, 375, 95, 116, 157, 182, 380, 381, 354, 384, 385, 351, 243, 386, 387, 350, 359, 248, 390, 391, 392, 393, 394, 395, 396, 397, 398, 399, 401, 400, 281, 358, 212, 242, 402, 404, 405, 403, 192]
  列生成求解结果: 目标值=8.0000， 下界=8.0000， 上界=10.0000
    非整数变量: COL_0-19-27-7_843 = 0.333333
  解不是整数，开始分支...
ImposedVertex(vertex=7)
ForbidVertex(vertex=7)
  创建了 2 个分支
    添加分支节点 1: ID=410
    添加分支节点 2: ID=411

处理节点 406
  开始列生成求解...
Set parameter LogToConsole to value 0
Set parameter Threads to value 1
Set parameter Seed to value 0
  定价策略: Exact, node=406, vertices=14
Set parameter PoolSearchMode to value 2
Set parameter PoolSolutions to value 10
[CG 1] RMP=10.000000, pricing=ExactPricingSolver, new_columns=0
  搜索路径: [1, 2, 3, 6, 7, 10, 11, 12, 13, 14, 15, 22, 23, 26, 27, 9, 32, 33, 36, 37, 8, 19, 44, 45, 18, 50, 51, 40, 41, 48, 55, 62, 63, 56, 68, 69, 70, 71, 60, 78, 79, 59, 58, 61, 54, 88, 89, 81, 80, 57, 49, 96, 97, 98, 99, 100, 104, 105, 108, 109, 110, 111, 114, 115, 101, 82, 83, 124, 125, 30, 128, 129, 130, 131, 134, 135, 138, 139, 140, 142, 143, 141, 144, 145, 31, 146, 147, 148, 149, 152, 153, 84, 85, 35, 21, 20, 34, 162, 163, 166, 167, 168, 169, 170, 171, 174, 175, 178, 179, 112, 113, 186, 187, 161, 160, 180, 181, 165, 164, 150, 151, 201, 205, 208, 209, 122, 210, 211, 103, 203, 107, 123, 204, 91, 216, 217, 224, 225, 220, 221, 199, 200, 202, 236, 237, 106, 196, 197, 198, 102, 87, 252, 257, 253, 254, 255, 256, 258, 263, 259, 262, 90, 268, 269, 270, 271, 274, 275, 276, 277, 86, 72, 286, 287, 133, 132, 285, 284, 294, 295, 292, 298, 299, 300, 301, 302, 303, 307, 304, 305, 306, 314, 315, 316, 317, 293, 219, 328, 329, 218, 73, 338, 339, 64, 65, 207, 346, 347, 206, 344, 345, 183, 324, 332, 333, 355, 325, 320, 321, 189, 94, 312, 193, 361, 313, 156, 289, 288, 232, 249, 280, 360, 229, 228, 117, 369, 366, 367, 368, 370, 371, 372, 373, 188, 233, 213, 374, 375, 95, 116, 157, 182, 380, 381, 354, 384, 385, 351, 243, 386, 387, 350, 359, 248, 390, 391, 392, 393, 394, 395, 396, 397, 398, 399, 401, 400, 281, 358, 212, 242, 402, 404, 405, 403, 192, 406]
  列生成求解结果: 目标值=10.0000， 下界=8.0000， 上界=10.0000

处理节点 411
  开始列生成求解...
Set parameter LogToConsole to value 0
Set parameter Threads to value 1
Set parameter Seed to value 0
  定价策略: Exact, node=411, vertices=19
Set parameter PoolSearchMode to value 2
Set parameter PoolSolutions to value 10
[CG 1] RMP=2010.000000, pricing=ExactPricingSolver, new_columns=10
[CG 2] RMP=12.000000, pricing=ExactPricingSolver, new_columns=0
  搜索路径: [1, 2, 3, 6, 7, 10, 11, 12, 13, 14, 15, 22, 23, 26, 27, 9, 32, 33, 36, 37, 8, 19, 44, 45, 18, 50, 51, 40, 41, 48, 55, 62, 63, 56, 68, 69, 70, 71, 60, 78, 79, 59, 58, 61, 54, 88, 89, 81, 80, 57, 49, 96, 97, 98, 99, 100, 104, 105, 108, 109, 110, 111, 114, 115, 101, 82, 83, 124, 125, 30, 128, 129, 130, 131, 134, 135, 138, 139, 140, 142, 143, 141, 144, 145, 31, 146, 147, 148, 149, 152, 153, 84, 85, 35, 21, 20, 34, 162, 163, 166, 167, 168, 169, 170, 171, 174, 175, 178, 179, 112, 113, 186, 187, 161, 160, 180, 181, 165, 164, 150, 151, 201, 205, 208, 209, 122, 210, 211, 103, 203, 107, 123, 204, 91, 216, 217, 224, 225, 220, 221, 199, 200, 202, 236, 237, 106, 196, 197, 198, 102, 87, 252, 257, 253, 254, 255, 256, 258, 263, 259, 262, 90, 268, 269, 270, 271, 274, 275, 276, 277, 86, 72, 286, 287, 133, 132, 285, 284, 294, 295, 292, 298, 299, 300, 301, 302, 303, 307, 304, 305, 306, 314, 315, 316, 317, 293, 219, 328, 329, 218, 73, 338, 339, 64, 65, 207, 346, 347, 206, 344, 345, 183, 324, 332, 333, 355, 325, 320, 321, 189, 94, 312, 193, 361, 313, 156, 289, 288, 232, 249, 280, 360, 229, 228, 117, 369, 366, 367, 368, 370, 371, 372, 373, 188, 233, 213, 374, 375, 95, 116, 157, 182, 380, 381, 354, 384, 385, 351, 243, 386, 387, 350, 359, 248, 390, 391, 392, 393, 394, 395, 396, 397, 398, 399, 401, 400, 281, 358, 212, 242, 402, 404, 405, 403, 192, 406, 411]
  列生成求解结果: 目标值=12.0000， 下界=8.0000， 上界=10.0000

处理节点 407
  开始列生成求解...
Set parameter LogToConsole to value 0
Set parameter Threads to value 1
Set parameter Seed to value 0
  定价策略: Exact, node=407, vertices=14
Set parameter PoolSearchMode to value 2
Set parameter PoolSolutions to value 10
[CG 1] RMP=12.000000, pricing=ExactPricingSolver, new_columns=0
  搜索路径: [1, 2, 3, 6, 7, 10, 11, 12, 13, 14, 15, 22, 23, 26, 27, 9, 32, 33, 36, 37, 8, 19, 44, 45, 18, 50, 51, 40, 41, 48, 55, 62, 63, 56, 68, 69, 70, 71, 60, 78, 79, 59, 58, 61, 54, 88, 89, 81, 80, 57, 49, 96, 97, 98, 99, 100, 104, 105, 108, 109, 110, 111, 114, 115, 101, 82, 83, 124, 125, 30, 128, 129, 130, 131, 134, 135, 138, 139, 140, 142, 143, 141, 144, 145, 31, 146, 147, 148, 149, 152, 153, 84, 85, 35, 21, 20, 34, 162, 163, 166, 167, 168, 169, 170, 171, 174, 175, 178, 179, 112, 113, 186, 187, 161, 160, 180, 181, 165, 164, 150, 151, 201, 205, 208, 209, 122, 210, 211, 103, 203, 107, 123, 204, 91, 216, 217, 224, 225, 220, 221, 199, 200, 202, 236, 237, 106, 196, 197, 198, 102, 87, 252, 257, 253, 254, 255, 256, 258, 263, 259, 262, 90, 268, 269, 270, 271, 274, 275, 276, 277, 86, 72, 286, 287, 133, 132, 285, 284, 294, 295, 292, 298, 299, 300, 301, 302, 303, 307, 304, 305, 306, 314, 315, 316, 317, 293, 219, 328, 329, 218, 73, 338, 339, 64, 65, 207, 346, 347, 206, 344, 345, 183, 324, 332, 333, 355, 325, 320, 321, 189, 94, 312, 193, 361, 313, 156, 289, 288, 232, 249, 280, 360, 229, 228, 117, 369, 366, 367, 368, 370, 371, 372, 373, 188, 233, 213, 374, 375, 95, 116, 157, 182, 380, 381, 354, 384, 385, 351, 243, 386, 387, 350, 359, 248, 390, 391, 392, 393, 394, 395, 396, 397, 398, 399, 401, 400, 281, 358, 212, 242, 402, 404, 405, 403, 192, 406, 411, 407]
  列生成求解结果: 目标值=12.0000， 下界=8.0000， 上界=10.0000

处理节点 408
  开始列生成求解...
Set parameter LogToConsole to value 0
Set parameter Threads to value 1
Set parameter Seed to value 0
  定价策略: Exact, node=408, vertices=14
Set parameter PoolSearchMode to value 2
Set parameter PoolSolutions to value 10
[CG 1] RMP=12.000000, pricing=ExactPricingSolver, new_columns=10
[CG 2] RMP=8.000000, pricing=ExactPricingSolver, new_columns=0
  搜索路径: [1, 2, 3, 6, 7, 10, 11, 12, 13, 14, 15, 22, 23, 26, 27, 9, 32, 33, 36, 37, 8, 19, 44, 45, 18, 50, 51, 40, 41, 48, 55, 62, 63, 56, 68, 69, 70, 71, 60, 78, 79, 59, 58, 61, 54, 88, 89, 81, 80, 57, 49, 96, 97, 98, 99, 100, 104, 105, 108, 109, 110, 111, 114, 115, 101, 82, 83, 124, 125, 30, 128, 129, 130, 131, 134, 135, 138, 139, 140, 142, 143, 141, 144, 145, 31, 146, 147, 148, 149, 152, 153, 84, 85, 35, 21, 20, 34, 162, 163, 166, 167, 168, 169, 170, 171, 174, 175, 178, 179, 112, 113, 186, 187, 161, 160, 180, 181, 165, 164, 150, 151, 201, 205, 208, 209, 122, 210, 211, 103, 203, 107, 123, 204, 91, 216, 217, 224, 225, 220, 221, 199, 200, 202, 236, 237, 106, 196, 197, 198, 102, 87, 252, 257, 253, 254, 255, 256, 258, 263, 259, 262, 90, 268, 269, 270, 271, 274, 275, 276, 277, 86, 72, 286, 287, 133, 132, 285, 284, 294, 295, 292, 298, 299, 300, 301, 302, 303, 307, 304, 305, 306, 314, 315, 316, 317, 293, 219, 328, 329, 218, 73, 338, 339, 64, 65, 207, 346, 347, 206, 344, 345, 183, 324, 332, 333, 355, 325, 320, 321, 189, 94, 312, 193, 361, 313, 156, 289, 288, 232, 249, 280, 360, 229, 228, 117, 369, 366, 367, 368, 370, 371, 372, 373, 188, 233, 213, 374, 375, 95, 116, 157, 182, 380, 381, 354, 384, 385, 351, 243, 386, 387, 350, 359, 248, 390, 391, 392, 393, 394, 395, 396, 397, 398, 399, 401, 400, 281, 358, 212, 242, 402, 404, 405, 403, 192, 406, 411, 407, 408]
  列生成求解结果: 目标值=8.0000， 下界=8.0000， 上界=10.0000
    非整数变量: COL_11-26-4_888 = 0.300000
  解不是整数，开始分支...
ImposedVertex(vertex=4)
ForbidVertex(vertex=4)
  创建了 2 个分支
    添加分支节点 1: ID=412
    添加分支节点 2: ID=413

处理节点 409
  开始列生成求解...
Set parameter LogToConsole to value 0
Set parameter Threads to value 1
Set parameter Seed to value 0
  定价策略: Exact, node=409, vertices=15
Set parameter PoolSearchMode to value 2
Set parameter PoolSolutions to value 10
[CG 1] RMP=16.000000, pricing=ExactPricingSolver, new_columns=10
[CG 2] RMP=8.000000, pricing=ExactPricingSolver, new_columns=0
  搜索路径: [1, 2, 3, 6, 7, 10, 11, 12, 13, 14, 15, 22, 23, 26, 27, 9, 32, 33, 36, 37, 8, 19, 44, 45, 18, 50, 51, 40, 41, 48, 55, 62, 63, 56, 68, 69, 70, 71, 60, 78, 79, 59, 58, 61, 54, 88, 89, 81, 80, 57, 49, 96, 97, 98, 99, 100, 104, 105, 108, 109, 110, 111, 114, 115, 101, 82, 83, 124, 125, 30, 128, 129, 130, 131, 134, 135, 138, 139, 140, 142, 143, 141, 144, 145, 31, 146, 147, 148, 149, 152, 153, 84, 85, 35, 21, 20, 34, 162, 163, 166, 167, 168, 169, 170, 171, 174, 175, 178, 179, 112, 113, 186, 187, 161, 160, 180, 181, 165, 164, 150, 151, 201, 205, 208, 209, 122, 210, 211, 103, 203, 107, 123, 204, 91, 216, 217, 224, 225, 220, 221, 199, 200, 202, 236, 237, 106, 196, 197, 198, 102, 87, 252, 257, 253, 254, 255, 256, 258, 263, 259, 262, 90, 268, 269, 270, 271, 274, 275, 276, 277, 86, 72, 286, 287, 133, 132, 285, 284, 294, 295, 292, 298, 299, 300, 301, 302, 303, 307, 304, 305, 306, 314, 315, 316, 317, 293, 219, 328, 329, 218, 73, 338, 339, 64, 65, 207, 346, 347, 206, 344, 345, 183, 324, 332, 333, 355, 325, 320, 321, 189, 94, 312, 193, 361, 313, 156, 289, 288, 232, 249, 280, 360, 229, 228, 117, 369, 366, 367, 368, 370, 371, 372, 373, 188, 233, 213, 374, 375, 95, 116, 157, 182, 380, 381, 354, 384, 385, 351, 243, 386, 387, 350, 359, 248, 390, 391, 392, 393, 394, 395, 396, 397, 398, 399, 401, 400, 281, 358, 212, 242, 402, 404, 405, 403, 192, 406, 411, 407, 408, 409]
  列生成求解结果: 目标值=8.0000， 下界=8.0000， 上界=10.0000
    非整数变量: COL_19-23-4_928 = 0.272727
  解不是整数，开始分支...
ImposedVertex(vertex=4)
ForbidVertex(vertex=4)
  创建了 2 个分支
    添加分支节点 1: ID=414
    添加分支节点 2: ID=415
  进度: 已处理 290 个节点, 剩余 95 个, 当前最优 10.0000, 当前列数: 1978

处理节点 410
  开始列生成求解...
Set parameter LogToConsole to value 0
Set parameter Threads to value 1
Set parameter Seed to value 0
  定价策略: Exact, node=410, vertices=19
Set parameter PoolSearchMode to value 2
Set parameter PoolSolutions to value 10
[CG 1] RMP=8.000000, pricing=ExactPricingSolver, new_columns=0
  搜索路径: [1, 2, 3, 6, 7, 10, 11, 12, 13, 14, 15, 22, 23, 26, 27, 9, 32, 33, 36, 37, 8, 19, 44, 45, 18, 50, 51, 40, 41, 48, 55, 62, 63, 56, 68, 69, 70, 71, 60, 78, 79, 59, 58, 61, 54, 88, 89, 81, 80, 57, 49, 96, 97, 98, 99, 100, 104, 105, 108, 109, 110, 111, 114, 115, 101, 82, 83, 124, 125, 30, 128, 129, 130, 131, 134, 135, 138, 139, 140, 142, 143, 141, 144, 145, 31, 146, 147, 148, 149, 152, 153, 84, 85, 35, 21, 20, 34, 162, 163, 166, 167, 168, 169, 170, 171, 174, 175, 178, 179, 112, 113, 186, 187, 161, 160, 180, 181, 165, 164, 150, 151, 201, 205, 208, 209, 122, 210, 211, 103, 203, 107, 123, 204, 91, 216, 217, 224, 225, 220, 221, 199, 200, 202, 236, 237, 106, 196, 197, 198, 102, 87, 252, 257, 253, 254, 255, 256, 258, 263, 259, 262, 90, 268, 269, 270, 271, 274, 275, 276, 277, 86, 72, 286, 287, 133, 132, 285, 284, 294, 295, 292, 298, 299, 300, 301, 302, 303, 307, 304, 305, 306, 314, 315, 316, 317, 293, 219, 328, 329, 218, 73, 338, 339, 64, 65, 207, 346, 347, 206, 344, 345, 183, 324, 332, 333, 355, 325, 320, 321, 189, 94, 312, 193, 361, 313, 156, 289, 288, 232, 249, 280, 360, 229, 228, 117, 369, 366, 367, 368, 370, 371, 372, 373, 188, 233, 213, 374, 375, 95, 116, 157, 182, 380, 381, 354, 384, 385, 351, 243, 386, 387, 350, 359, 248, 390, 391, 392, 393, 394, 395, 396, 397, 398, 399, 401, 400, 281, 358, 212, 242, 402, 404, 405, 403, 192, 406, 411, 407, 408, 409, 410]
  列生成求解结果: 目标值=8.0000， 下界=8.0000， 上界=10.0000
    非整数变量: COL_0-19-4_191 = 0.800000
  解不是整数，开始分支...
ImposedVertex(vertex=27)
ForbidVertex(vertex=27)
  创建了 2 个分支
    添加分支节点 1: ID=416
    添加分支节点 2: ID=417

处理节点 412
  开始列生成求解...
Set parameter LogToConsole to value 0
Set parameter Threads to value 1
Set parameter Seed to value 0
  定价策略: Exact, node=412, vertices=12
Set parameter PoolSearchMode to value 2
Set parameter PoolSolutions to value 10
[CG 1] RMP=8.000000, pricing=ExactPricingSolver, new_columns=0
  搜索路径: [1, 2, 3, 6, 7, 10, 11, 12, 13, 14, 15, 22, 23, 26, 27, 9, 32, 33, 36, 37, 8, 19, 44, 45, 18, 50, 51, 40, 41, 48, 55, 62, 63, 56, 68, 69, 70, 71, 60, 78, 79, 59, 58, 61, 54, 88, 89, 81, 80, 57, 49, 96, 97, 98, 99, 100, 104, 105, 108, 109, 110, 111, 114, 115, 101, 82, 83, 124, 125, 30, 128, 129, 130, 131, 134, 135, 138, 139, 140, 142, 143, 141, 144, 145, 31, 146, 147, 148, 149, 152, 153, 84, 85, 35, 21, 20, 34, 162, 163, 166, 167, 168, 169, 170, 171, 174, 175, 178, 179, 112, 113, 186, 187, 161, 160, 180, 181, 165, 164, 150, 151, 201, 205, 208, 209, 122, 210, 211, 103, 203, 107, 123, 204, 91, 216, 217, 224, 225, 220, 221, 199, 200, 202, 236, 237, 106, 196, 197, 198, 102, 87, 252, 257, 253, 254, 255, 256, 258, 263, 259, 262, 90, 268, 269, 270, 271, 274, 275, 276, 277, 86, 72, 286, 287, 133, 132, 285, 284, 294, 295, 292, 298, 299, 300, 301, 302, 303, 307, 304, 305, 306, 314, 315, 316, 317, 293, 219, 328, 329, 218, 73, 338, 339, 64, 65, 207, 346, 347, 206, 344, 345, 183, 324, 332, 333, 355, 325, 320, 321, 189, 94, 312, 193, 361, 313, 156, 289, 288, 232, 249, 280, 360, 229, 228, 117, 369, 366, 367, 368, 370, 371, 372, 373, 188, 233, 213, 374, 375, 95, 116, 157, 182, 380, 381, 354, 384, 385, 351, 243, 386, 387, 350, 359, 248, 390, 391, 392, 393, 394, 395, 396, 397, 398, 399, 401, 400, 281, 358, 212, 242, 402, 404, 405, 403, 192, 406, 411, 407, 408, 409, 410, 412]
  列生成求解结果: 目标值=8.0000， 下界=8.0000， 上界=10.0000
    非整数变量: COL_11-26-4_888 = 0.200000
  解不是整数，开始分支...
ImposedVertex(vertex=26)
ForbidVertex(vertex=26)
  创建了 2 个分支
    添加分支节点 1: ID=418
    添加分支节点 2: ID=419

处理节点 418
  开始列生成求解...
Set parameter LogToConsole to value 0
Set parameter Threads to value 1
Set parameter Seed to value 0
  定价策略: Exact, node=418, vertices=11
Set parameter PoolSearchMode to value 2
Set parameter PoolSolutions to value 10
[CG 1] RMP=10.000000, pricing=ExactPricingSolver, new_columns=0
  搜索路径: [1, 2, 3, 6, 7, 10, 11, 12, 13, 14, 15, 22, 23, 26, 27, 9, 32, 33, 36, 37, 8, 19, 44, 45, 18, 50, 51, 40, 41, 48, 55, 62, 63, 56, 68, 69, 70, 71, 60, 78, 79, 59, 58, 61, 54, 88, 89, 81, 80, 57, 49, 96, 97, 98, 99, 100, 104, 105, 108, 109, 110, 111, 114, 115, 101, 82, 83, 124, 125, 30, 128, 129, 130, 131, 134, 135, 138, 139, 140, 142, 143, 141, 144, 145, 31, 146, 147, 148, 149, 152, 153, 84, 85, 35, 21, 20, 34, 162, 163, 166, 167, 168, 169, 170, 171, 174, 175, 178, 179, 112, 113, 186, 187, 161, 160, 180, 181, 165, 164, 150, 151, 201, 205, 208, 209, 122, 210, 211, 103, 203, 107, 123, 204, 91, 216, 217, 224, 225, 220, 221, 199, 200, 202, 236, 237, 106, 196, 197, 198, 102, 87, 252, 257, 253, 254, 255, 256, 258, 263, 259, 262, 90, 268, 269, 270, 271, 274, 275, 276, 277, 86, 72, 286, 287, 133, 132, 285, 284, 294, 295, 292, 298, 299, 300, 301, 302, 303, 307, 304, 305, 306, 314, 315, 316, 317, 293, 219, 328, 329, 218, 73, 338, 339, 64, 65, 207, 346, 347, 206, 344, 345, 183, 324, 332, 333, 355, 325, 320, 321, 189, 94, 312, 193, 361, 313, 156, 289, 288, 232, 249, 280, 360, 229, 228, 117, 369, 366, 367, 368, 370, 371, 372, 373, 188, 233, 213, 374, 375, 95, 116, 157, 182, 380, 381, 354, 384, 385, 351, 243, 386, 387, 350, 359, 248, 390, 391, 392, 393, 394, 395, 396, 397, 398, 399, 401, 400, 281, 358, 212, 242, 402, 404, 405, 403, 192, 406, 411, 407, 408, 409, 410, 412, 418]
  列生成求解结果: 目标值=10.0000， 下界=8.0000， 上界=10.0000

处理节点 419
  开始列生成求解...
Set parameter LogToConsole to value 0
Set parameter Threads to value 1
Set parameter Seed to value 0
  定价策略: Exact, node=419, vertices=11
Set parameter PoolSearchMode to value 2
Set parameter PoolSolutions to value 10
[CG 1] RMP=12.000000, pricing=ExactPricingSolver, new_columns=0
  搜索路径: [1, 2, 3, 6, 7, 10, 11, 12, 13, 14, 15, 22, 23, 26, 27, 9, 32, 33, 36, 37, 8, 19, 44, 45, 18, 50, 51, 40, 41, 48, 55, 62, 63, 56, 68, 69, 70, 71, 60, 78, 79, 59, 58, 61, 54, 88, 89, 81, 80, 57, 49, 96, 97, 98, 99, 100, 104, 105, 108, 109, 110, 111, 114, 115, 101, 82, 83, 124, 125, 30, 128, 129, 130, 131, 134, 135, 138, 139, 140, 142, 143, 141, 144, 145, 31, 146, 147, 148, 149, 152, 153, 84, 85, 35, 21, 20, 34, 162, 163, 166, 167, 168, 169, 170, 171, 174, 175, 178, 179, 112, 113, 186, 187, 161, 160, 180, 181, 165, 164, 150, 151, 201, 205, 208, 209, 122, 210, 211, 103, 203, 107, 123, 204, 91, 216, 217, 224, 225, 220, 221, 199, 200, 202, 236, 237, 106, 196, 197, 198, 102, 87, 252, 257, 253, 254, 255, 256, 258, 263, 259, 262, 90, 268, 269, 270, 271, 274, 275, 276, 277, 86, 72, 286, 287, 133, 132, 285, 284, 294, 295, 292, 298, 299, 300, 301, 302, 303, 307, 304, 305, 306, 314, 315, 316, 317, 293, 219, 328, 329, 218, 73, 338, 339, 64, 65, 207, 346, 347, 206, 344, 345, 183, 324, 332, 333, 355, 325, 320, 321, 189, 94, 312, 193, 361, 313, 156, 289, 288, 232, 249, 280, 360, 229, 228, 117, 369, 366, 367, 368, 370, 371, 372, 373, 188, 233, 213, 374, 375, 95, 116, 157, 182, 380, 381, 354, 384, 385, 351, 243, 386, 387, 350, 359, 248, 390, 391, 392, 393, 394, 395, 396, 397, 398, 399, 401, 400, 281, 358, 212, 242, 402, 404, 405, 403, 192, 406, 411, 407, 408, 409, 410, 412, 418, 419]
  列生成求解结果: 目标值=12.0000， 下界=8.0000， 上界=10.0000

处理节点 417
  开始列生成求解...
Set parameter LogToConsole to value 0
Set parameter Threads to value 1
Set parameter Seed to value 0
  定价策略: Exact, node=417, vertices=18
Set parameter PoolSearchMode to value 2
Set parameter PoolSolutions to value 10
[CG 1] RMP=10.000000, pricing=ExactPricingSolver, new_columns=10
[CG 2] RMP=8.000000, pricing=ExactPricingSolver, new_columns=0
  搜索路径: [1, 2, 3, 6, 7, 10, 11, 12, 13, 14, 15, 22, 23, 26, 27, 9, 32, 33, 36, 37, 8, 19, 44, 45, 18, 50, 51, 40, 41, 48, 55, 62, 63, 56, 68, 69, 70, 71, 60, 78, 79, 59, 58, 61, 54, 88, 89, 81, 80, 57, 49, 96, 97, 98, 99, 100, 104, 105, 108, 109, 110, 111, 114, 115, 101, 82, 83, 124, 125, 30, 128, 129, 130, 131, 134, 135, 138, 139, 140, 142, 143, 141, 144, 145, 31, 146, 147, 148, 149, 152, 153, 84, 85, 35, 21, 20, 34, 162, 163, 166, 167, 168, 169, 170, 171, 174, 175, 178, 179, 112, 113, 186, 187, 161, 160, 180, 181, 165, 164, 150, 151, 201, 205, 208, 209, 122, 210, 211, 103, 203, 107, 123, 204, 91, 216, 217, 224, 225, 220, 221, 199, 200, 202, 236, 237, 106, 196, 197, 198, 102, 87, 252, 257, 253, 254, 255, 256, 258, 263, 259, 262, 90, 268, 269, 270, 271, 274, 275, 276, 277, 86, 72, 286, 287, 133, 132, 285, 284, 294, 295, 292, 298, 299, 300, 301, 302, 303, 307, 304, 305, 306, 314, 315, 316, 317, 293, 219, 328, 329, 218, 73, 338, 339, 64, 65, 207, 346, 347, 206, 344, 345, 183, 324, 332, 333, 355, 325, 320, 321, 189, 94, 312, 193, 361, 313, 156, 289, 288, 232, 249, 280, 360, 229, 228, 117, 369, 366, 367, 368, 370, 371, 372, 373, 188, 233, 213, 374, 375, 95, 116, 157, 182, 380, 381, 354, 384, 385, 351, 243, 386, 387, 350, 359, 248, 390, 391, 392, 393, 394, 395, 396, 397, 398, 399, 401, 400, 281, 358, 212, 242, 402, 404, 405, 403, 192, 406, 411, 407, 408, 409, 410, 412, 418, 419, 417]
  列生成求解结果: 目标值=8.0000， 下界=8.0000， 上界=10.0000
    非整数变量: COL_0-11-15-4-7-9_175 = 0.500000
  解不是整数，开始分支...
ImposedVertex(vertex=26)
ForbidVertex(vertex=26)
  创建了 2 个分支
    添加分支节点 1: ID=420
    添加分支节点 2: ID=421

处理节点 413
  开始列生成求解...
Set parameter LogToConsole to value 0
Set parameter Threads to value 1
Set parameter Seed to value 0
  定价策略: Exact, node=413, vertices=13
Set parameter PoolSearchMode to value 2
Set parameter PoolSolutions to value 10
[CG 1] RMP=16.000000, pricing=ExactPricingSolver, new_columns=10
[CG 2] RMP=11.000000, pricing=ExactPricingSolver, new_columns=10
[CG 3] RMP=11.000000, pricing=ExactPricingSolver, new_columns=0
  搜索路径: [1, 2, 3, 6, 7, 10, 11, 12, 13, 14, 15, 22, 23, 26, 27, 9, 32, 33, 36, 37, 8, 19, 44, 45, 18, 50, 51, 40, 41, 48, 55, 62, 63, 56, 68, 69, 70, 71, 60, 78, 79, 59, 58, 61, 54, 88, 89, 81, 80, 57, 49, 96, 97, 98, 99, 100, 104, 105, 108, 109, 110, 111, 114, 115, 101, 82, 83, 124, 125, 30, 128, 129, 130, 131, 134, 135, 138, 139, 140, 142, 143, 141, 144, 145, 31, 146, 147, 148, 149, 152, 153, 84, 85, 35, 21, 20, 34, 162, 163, 166, 167, 168, 169, 170, 171, 174, 175, 178, 179, 112, 113, 186, 187, 161, 160, 180, 181, 165, 164, 150, 151, 201, 205, 208, 209, 122, 210, 211, 103, 203, 107, 123, 204, 91, 216, 217, 224, 225, 220, 221, 199, 200, 202, 236, 237, 106, 196, 197, 198, 102, 87, 252, 257, 253, 254, 255, 256, 258, 263, 259, 262, 90, 268, 269, 270, 271, 274, 275, 276, 277, 86, 72, 286, 287, 133, 132, 285, 284, 294, 295, 292, 298, 299, 300, 301, 302, 303, 307, 304, 305, 306, 314, 315, 316, 317, 293, 219, 328, 329, 218, 73, 338, 339, 64, 65, 207, 346, 347, 206, 344, 345, 183, 324, 332, 333, 355, 325, 320, 321, 189, 94, 312, 193, 361, 313, 156, 289, 288, 232, 249, 280, 360, 229, 228, 117, 369, 366, 367, 368, 370, 371, 372, 373, 188, 233, 213, 374, 375, 95, 116, 157, 182, 380, 381, 354, 384, 385, 351, 243, 386, 387, 350, 359, 248, 390, 391, 392, 393, 394, 395, 396, 397, 398, 399, 401, 400, 281, 358, 212, 242, 402, 404, 405, 403, 192, 406, 411, 407, 408, 409, 410, 412, 418, 419, 417, 413]
  列生成求解结果: 目标值=11.0000， 下界=8.0000， 上界=10.0000

处理节点 421
  开始列生成求解...
Set parameter LogToConsole to value 0
Set parameter Threads to value 1
Set parameter Seed to value 0
  定价策略: Exact, node=421, vertices=17
Set parameter PoolSearchMode to value 2
Set parameter PoolSolutions to value 10
[CG 1] RMP=12.000000, pricing=ExactPricingSolver, new_columns=0
  搜索路径: [1, 2, 3, 6, 7, 10, 11, 12, 13, 14, 15, 22, 23, 26, 27, 9, 32, 33, 36, 37, 8, 19, 44, 45, 18, 50, 51, 40, 41, 48, 55, 62, 63, 56, 68, 69, 70, 71, 60, 78, 79, 59, 58, 61, 54, 88, 89, 81, 80, 57, 49, 96, 97, 98, 99, 100, 104, 105, 108, 109, 110, 111, 114, 115, 101, 82, 83, 124, 125, 30, 128, 129, 130, 131, 134, 135, 138, 139, 140, 142, 143, 141, 144, 145, 31, 146, 147, 148, 149, 152, 153, 84, 85, 35, 21, 20, 34, 162, 163, 166, 167, 168, 169, 170, 171, 174, 175, 178, 179, 112, 113, 186, 187, 161, 160, 180, 181, 165, 164, 150, 151, 201, 205, 208, 209, 122, 210, 211, 103, 203, 107, 123, 204, 91, 216, 217, 224, 225, 220, 221, 199, 200, 202, 236, 237, 106, 196, 197, 198, 102, 87, 252, 257, 253, 254, 255, 256, 258, 263, 259, 262, 90, 268, 269, 270, 271, 274, 275, 276, 277, 86, 72, 286, 287, 133, 132, 285, 284, 294, 295, 292, 298, 299, 300, 301, 302, 303, 307, 304, 305, 306, 314, 315, 316, 317, 293, 219, 328, 329, 218, 73, 338, 339, 64, 65, 207, 346, 347, 206, 344, 345, 183, 324, 332, 333, 355, 325, 320, 321, 189, 94, 312, 193, 361, 313, 156, 289, 288, 232, 249, 280, 360, 229, 228, 117, 369, 366, 367, 368, 370, 371, 372, 373, 188, 233, 213, 374, 375, 95, 116, 157, 182, 380, 381, 354, 384, 385, 351, 243, 386, 387, 350, 359, 248, 390, 391, 392, 393, 394, 395, 396, 397, 398, 399, 401, 400, 281, 358, 212, 242, 402, 404, 405, 403, 192, 406, 411, 407, 408, 409, 410, 412, 418, 419, 417, 413, 421]
  列生成求解结果: 目标值=12.0000， 下界=8.0000， 上界=10.0000

处理节点 414
  开始列生成求解...
Set parameter LogToConsole to value 0
Set parameter Threads to value 1
Set parameter Seed to value 0
  定价策略: Exact, node=414, vertices=13
Set parameter PoolSearchMode to value 2
Set parameter PoolSolutions to value 10
[CG 1] RMP=8.800000, pricing=ExactPricingSolver, new_columns=10
[CG 2] RMP=8.000000, pricing=ExactPricingSolver, new_columns=0
  搜索路径: [1, 2, 3, 6, 7, 10, 11, 12, 13, 14, 15, 22, 23, 26, 27, 9, 32, 33, 36, 37, 8, 19, 44, 45, 18, 50, 51, 40, 41, 48, 55, 62, 63, 56, 68, 69, 70, 71, 60, 78, 79, 59, 58, 61, 54, 88, 89, 81, 80, 57, 49, 96, 97, 98, 99, 100, 104, 105, 108, 109, 110, 111, 114, 115, 101, 82, 83, 124, 125, 30, 128, 129, 130, 131, 134, 135, 138, 139, 140, 142, 143, 141, 144, 145, 31, 146, 147, 148, 149, 152, 153, 84, 85, 35, 21, 20, 34, 162, 163, 166, 167, 168, 169, 170, 171, 174, 175, 178, 179, 112, 113, 186, 187, 161, 160, 180, 181, 165, 164, 150, 151, 201, 205, 208, 209, 122, 210, 211, 103, 203, 107, 123, 204, 91, 216, 217, 224, 225, 220, 221, 199, 200, 202, 236, 237, 106, 196, 197, 198, 102, 87, 252, 257, 253, 254, 255, 256, 258, 263, 259, 262, 90, 268, 269, 270, 271, 274, 275, 276, 277, 86, 72, 286, 287, 133, 132, 285, 284, 294, 295, 292, 298, 299, 300, 301, 302, 303, 307, 304, 305, 306, 314, 315, 316, 317, 293, 219, 328, 329, 218, 73, 338, 339, 64, 65, 207, 346, 347, 206, 344, 345, 183, 324, 332, 333, 355, 325, 320, 321, 189, 94, 312, 193, 361, 313, 156, 289, 288, 232, 249, 280, 360, 229, 228, 117, 369, 366, 367, 368, 370, 371, 372, 373, 188, 233, 213, 374, 375, 95, 116, 157, 182, 380, 381, 354, 384, 385, 351, 243, 386, 387, 350, 359, 248, 390, 391, 392, 393, 394, 395, 396, 397, 398, 399, 401, 400, 281, 358, 212, 242, 402, 404, 405, 403, 192, 406, 411, 407, 408, 409, 410, 412, 418, 419, 417, 413, 421, 414]
  列生成求解结果: 目标值=8.0000， 下界=8.0000， 上界=10.0000
    非整数变量: COL_19-23-4_928 = 0.333333
  解不是整数，开始分支...
ImposedVertex(vertex=28)
ForbidVertex(vertex=28)
  创建了 2 个分支
    添加分支节点 1: ID=422
    添加分支节点 2: ID=423

处理节点 415
  开始列生成求解...
Set parameter LogToConsole to value 0
Set parameter Threads to value 1
Set parameter Seed to value 0
  定价策略: Exact, node=415, vertices=14
Set parameter PoolSearchMode to value 2
Set parameter PoolSolutions to value 10
[CG 1] RMP=11.000000, pricing=ExactPricingSolver, new_columns=10
[CG 2] RMP=11.000000, pricing=ExactPricingSolver, new_columns=0
  搜索路径: [1, 2, 3, 6, 7, 10, 11, 12, 13, 14, 15, 22, 23, 26, 27, 9, 32, 33, 36, 37, 8, 19, 44, 45, 18, 50, 51, 40, 41, 48, 55, 62, 63, 56, 68, 69, 70, 71, 60, 78, 79, 59, 58, 61, 54, 88, 89, 81, 80, 57, 49, 96, 97, 98, 99, 100, 104, 105, 108, 109, 110, 111, 114, 115, 101, 82, 83, 124, 125, 30, 128, 129, 130, 131, 134, 135, 138, 139, 140, 142, 143, 141, 144, 145, 31, 146, 147, 148, 149, 152, 153, 84, 85, 35, 21, 20, 34, 162, 163, 166, 167, 168, 169, 170, 171, 174, 175, 178, 179, 112, 113, 186, 187, 161, 160, 180, 181, 165, 164, 150, 151, 201, 205, 208, 209, 122, 210, 211, 103, 203, 107, 123, 204, 91, 216, 217, 224, 225, 220, 221, 199, 200, 202, 236, 237, 106, 196, 197, 198, 102, 87, 252, 257, 253, 254, 255, 256, 258, 263, 259, 262, 90, 268, 269, 270, 271, 274, 275, 276, 277, 86, 72, 286, 287, 133, 132, 285, 284, 294, 295, 292, 298, 299, 300, 301, 302, 303, 307, 304, 305, 306, 314, 315, 316, 317, 293, 219, 328, 329, 218, 73, 338, 339, 64, 65, 207, 346, 347, 206, 344, 345, 183, 324, 332, 333, 355, 325, 320, 321, 189, 94, 312, 193, 361, 313, 156, 289, 288, 232, 249, 280, 360, 229, 228, 117, 369, 366, 367, 368, 370, 371, 372, 373, 188, 233, 213, 374, 375, 95, 116, 157, 182, 380, 381, 354, 384, 385, 351, 243, 386, 387, 350, 359, 248, 390, 391, 392, 393, 394, 395, 396, 397, 398, 399, 401, 400, 281, 358, 212, 242, 402, 404, 405, 403, 192, 406, 411, 407, 408, 409, 410, 412, 418, 419, 417, 413, 421, 414, 415]
  列生成求解结果: 目标值=11.0000， 下界=8.0000， 上界=10.0000

处理节点 416
  开始列生成求解...
Set parameter LogToConsole to value 0
Set parameter Threads to value 1
Set parameter Seed to value 0
  定价策略: Exact, node=416, vertices=17
Set parameter PoolSearchMode to value 2
Set parameter PoolSolutions to value 10
[CG 1] RMP=11.000000, pricing=ExactPricingSolver, new_columns=10
[CG 2] RMP=11.000000, pricing=ExactPricingSolver, new_columns=0
  搜索路径: [1, 2, 3, 6, 7, 10, 11, 12, 13, 14, 15, 22, 23, 26, 27, 9, 32, 33, 36, 37, 8, 19, 44, 45, 18, 50, 51, 40, 41, 48, 55, 62, 63, 56, 68, 69, 70, 71, 60, 78, 79, 59, 58, 61, 54, 88, 89, 81, 80, 57, 49, 96, 97, 98, 99, 100, 104, 105, 108, 109, 110, 111, 114, 115, 101, 82, 83, 124, 125, 30, 128, 129, 130, 131, 134, 135, 138, 139, 140, 142, 143, 141, 144, 145, 31, 146, 147, 148, 149, 152, 153, 84, 85, 35, 21, 20, 34, 162, 163, 166, 167, 168, 169, 170, 171, 174, 175, 178, 179, 112, 113, 186, 187, 161, 160, 180, 181, 165, 164, 150, 151, 201, 205, 208, 209, 122, 210, 211, 103, 203, 107, 123, 204, 91, 216, 217, 224, 225, 220, 221, 199, 200, 202, 236, 237, 106, 196, 197, 198, 102, 87, 252, 257, 253, 254, 255, 256, 258, 263, 259, 262, 90, 268, 269, 270, 271, 274, 275, 276, 277, 86, 72, 286, 287, 133, 132, 285, 284, 294, 295, 292, 298, 299, 300, 301, 302, 303, 307, 304, 305, 306, 314, 315, 316, 317, 293, 219, 328, 329, 218, 73, 338, 339, 64, 65, 207, 346, 347, 206, 344, 345, 183, 324, 332, 333, 355, 325, 320, 321, 189, 94, 312, 193, 361, 313, 156, 289, 288, 232, 249, 280, 360, 229, 228, 117, 369, 366, 367, 368, 370, 371, 372, 373, 188, 233, 213, 374, 375, 95, 116, 157, 182, 380, 381, 354, 384, 385, 351, 243, 386, 387, 350, 359, 248, 390, 391, 392, 393, 394, 395, 396, 397, 398, 399, 401, 400, 281, 358, 212, 242, 402, 404, 405, 403, 192, 406, 411, 407, 408, 409, 410, 412, 418, 419, 417, 413, 421, 414, 415, 416]
  列生成求解结果: 目标值=11.0000， 下界=8.0000， 上界=10.0000

处理节点 420
  开始列生成求解...
Set parameter LogToConsole to value 0
Set parameter Threads to value 1
Set parameter Seed to value 0
  定价策略: Exact, node=420, vertices=17
Set parameter PoolSearchMode to value 2
Set parameter PoolSolutions to value 10
[CG 1] RMP=10.000000, pricing=ExactPricingSolver, new_columns=0
  搜索路径: [1, 2, 3, 6, 7, 10, 11, 12, 13, 14, 15, 22, 23, 26, 27, 9, 32, 33, 36, 37, 8, 19, 44, 45, 18, 50, 51, 40, 41, 48, 55, 62, 63, 56, 68, 69, 70, 71, 60, 78, 79, 59, 58, 61, 54, 88, 89, 81, 80, 57, 49, 96, 97, 98, 99, 100, 104, 105, 108, 109, 110, 111, 114, 115, 101, 82, 83, 124, 125, 30, 128, 129, 130, 131, 134, 135, 138, 139, 140, 142, 143, 141, 144, 145, 31, 146, 147, 148, 149, 152, 153, 84, 85, 35, 21, 20, 34, 162, 163, 166, 167, 168, 169, 170, 171, 174, 175, 178, 179, 112, 113, 186, 187, 161, 160, 180, 181, 165, 164, 150, 151, 201, 205, 208, 209, 122, 210, 211, 103, 203, 107, 123, 204, 91, 216, 217, 224, 225, 220, 221, 199, 200, 202, 236, 237, 106, 196, 197, 198, 102, 87, 252, 257, 253, 254, 255, 256, 258, 263, 259, 262, 90, 268, 269, 270, 271, 274, 275, 276, 277, 86, 72, 286, 287, 133, 132, 285, 284, 294, 295, 292, 298, 299, 300, 301, 302, 303, 307, 304, 305, 306, 314, 315, 316, 317, 293, 219, 328, 329, 218, 73, 338, 339, 64, 65, 207, 346, 347, 206, 344, 345, 183, 324, 332, 333, 355, 325, 320, 321, 189, 94, 312, 193, 361, 313, 156, 289, 288, 232, 249, 280, 360, 229, 228, 117, 369, 366, 367, 368, 370, 371, 372, 373, 188, 233, 213, 374, 375, 95, 116, 157, 182, 380, 381, 354, 384, 385, 351, 243, 386, 387, 350, 359, 248, 390, 391, 392, 393, 394, 395, 396, 397, 398, 399, 401, 400, 281, 358, 212, 242, 402, 404, 405, 403, 192, 406, 411, 407, 408, 409, 410, 412, 418, 419, 417, 413, 421, 414, 415, 416, 420]
  列生成求解结果: 目标值=10.0000， 下界=8.0000， 上界=10.0000

处理节点 422
  开始列生成求解...
Set parameter LogToConsole to value 0
Set parameter Threads to value 1
Set parameter Seed to value 0
  定价策略: Exact, node=422, vertices=12
Set parameter PoolSearchMode to value 2
Set parameter PoolSolutions to value 10
[CG 1] RMP=12.000000, pricing=ExactPricingSolver, new_columns=0
  搜索路径: [1, 2, 3, 6, 7, 10, 11, 12, 13, 14, 15, 22, 23, 26, 27, 9, 32, 33, 36, 37, 8, 19, 44, 45, 18, 50, 51, 40, 41, 48, 55, 62, 63, 56, 68, 69, 70, 71, 60, 78, 79, 59, 58, 61, 54, 88, 89, 81, 80, 57, 49, 96, 97, 98, 99, 100, 104, 105, 108, 109, 110, 111, 114, 115, 101, 82, 83, 124, 125, 30, 128, 129, 130, 131, 134, 135, 138, 139, 140, 142, 143, 141, 144, 145, 31, 146, 147, 148, 149, 152, 153, 84, 85, 35, 21, 20, 34, 162, 163, 166, 167, 168, 169, 170, 171, 174, 175, 178, 179, 112, 113, 186, 187, 161, 160, 180, 181, 165, 164, 150, 151, 201, 205, 208, 209, 122, 210, 211, 103, 203, 107, 123, 204, 91, 216, 217, 224, 225, 220, 221, 199, 200, 202, 236, 237, 106, 196, 197, 198, 102, 87, 252, 257, 253, 254, 255, 256, 258, 263, 259, 262, 90, 268, 269, 270, 271, 274, 275, 276, 277, 86, 72, 286, 287, 133, 132, 285, 284, 294, 295, 292, 298, 299, 300, 301, 302, 303, 307, 304, 305, 306, 314, 315, 316, 317, 293, 219, 328, 329, 218, 73, 338, 339, 64, 65, 207, 346, 347, 206, 344, 345, 183, 324, 332, 333, 355, 325, 320, 321, 189, 94, 312, 193, 361, 313, 156, 289, 288, 232, 249, 280, 360, 229, 228, 117, 369, 366, 367, 368, 370, 371, 372, 373, 188, 233, 213, 374, 375, 95, 116, 157, 182, 380, 381, 354, 384, 385, 351, 243, 386, 387, 350, 359, 248, 390, 391, 392, 393, 394, 395, 396, 397, 398, 399, 401, 400, 281, 358, 212, 242, 402, 404, 405, 403, 192, 406, 411, 407, 408, 409, 410, 412, 418, 419, 417, 413, 421, 414, 415, 416, 420, 422]
  列生成求解结果: 目标值=12.0000， 下界=8.0000， 上界=10.0000

处理节点 423
  开始列生成求解...
Set parameter LogToConsole to value 0
Set parameter Threads to value 1
Set parameter Seed to value 0
  定价策略: Exact, node=423, vertices=12
Set parameter PoolSearchMode to value 2
Set parameter PoolSolutions to value 10
[CG 1] RMP=10.000000, pricing=ExactPricingSolver, new_columns=0
  搜索路径: [1, 2, 3, 6, 7, 10, 11, 12, 13, 14, 15, 22, 23, 26, 27, 9, 32, 33, 36, 37, 8, 19, 44, 45, 18, 50, 51, 40, 41, 48, 55, 62, 63, 56, 68, 69, 70, 71, 60, 78, 79, 59, 58, 61, 54, 88, 89, 81, 80, 57, 49, 96, 97, 98, 99, 100, 104, 105, 108, 109, 110, 111, 114, 115, 101, 82, 83, 124, 125, 30, 128, 129, 130, 131, 134, 135, 138, 139, 140, 142, 143, 141, 144, 145, 31, 146, 147, 148, 149, 152, 153, 84, 85, 35, 21, 20, 34, 162, 163, 166, 167, 168, 169, 170, 171, 174, 175, 178, 179, 112, 113, 186, 187, 161, 160, 180, 181, 165, 164, 150, 151, 201, 205, 208, 209, 122, 210, 211, 103, 203, 107, 123, 204, 91, 216, 217, 224, 225, 220, 221, 199, 200, 202, 236, 237, 106, 196, 197, 198, 102, 87, 252, 257, 253, 254, 255, 256, 258, 263, 259, 262, 90, 268, 269, 270, 271, 274, 275, 276, 277, 86, 72, 286, 287, 133, 132, 285, 284, 294, 295, 292, 298, 299, 300, 301, 302, 303, 307, 304, 305, 306, 314, 315, 316, 317, 293, 219, 328, 329, 218, 73, 338, 339, 64, 65, 207, 346, 347, 206, 344, 345, 183, 324, 332, 333, 355, 325, 320, 321, 189, 94, 312, 193, 361, 313, 156, 289, 288, 232, 249, 280, 360, 229, 228, 117, 369, 366, 367, 368, 370, 371, 372, 373, 188, 233, 213, 374, 375, 95, 116, 157, 182, 380, 381, 354, 384, 385, 351, 243, 386, 387, 350, 359, 248, 390, 391, 392, 393, 394, 395, 396, 397, 398, 399, 401, 400, 281, 358, 212, 242, 402, 404, 405, 403, 192, 406, 411, 407, 408, 409, 410, 412, 418, 419, 417, 413, 421, 414, 415, 416, 420, 422, 423]
  列生成求解结果: 目标值=10.0000， 下界=8.0000， 上界=10.0000

处理节点 336
  开始列生成求解...
Set parameter LogToConsole to value 0
Set parameter Threads to value 1
Set parameter Seed to value 0
  定价策略: Exact, node=336, vertices=16
Set parameter PoolSearchMode to value 2
Set parameter PoolSolutions to value 10
[CG 1] RMP=10.000000, pricing=ExactPricingSolver, new_columns=0
  搜索路径: [1, 2, 3, 6, 7, 10, 11, 12, 13, 14, 15, 22, 23, 26, 27, 9, 32, 33, 36, 37, 8, 19, 44, 45, 18, 50, 51, 40, 41, 48, 55, 62, 63, 56, 68, 69, 70, 71, 60, 78, 79, 59, 58, 61, 54, 88, 89, 81, 80, 57, 49, 96, 97, 98, 99, 100, 104, 105, 108, 109, 110, 111, 114, 115, 101, 82, 83, 124, 125, 30, 128, 129, 130, 131, 134, 135, 138, 139, 140, 142, 143, 141, 144, 145, 31, 146, 147, 148, 149, 152, 153, 84, 85, 35, 21, 20, 34, 162, 163, 166, 167, 168, 169, 170, 171, 174, 175, 178, 179, 112, 113, 186, 187, 161, 160, 180, 181, 165, 164, 150, 151, 201, 205, 208, 209, 122, 210, 211, 103, 203, 107, 123, 204, 91, 216, 217, 224, 225, 220, 221, 199, 200, 202, 236, 237, 106, 196, 197, 198, 102, 87, 252, 257, 253, 254, 255, 256, 258, 263, 259, 262, 90, 268, 269, 270, 271, 274, 275, 276, 277, 86, 72, 286, 287, 133, 132, 285, 284, 294, 295, 292, 298, 299, 300, 301, 302, 303, 307, 304, 305, 306, 314, 315, 316, 317, 293, 219, 328, 329, 218, 73, 338, 339, 64, 65, 207, 346, 347, 206, 344, 345, 183, 324, 332, 333, 355, 325, 320, 321, 189, 94, 312, 193, 361, 313, 156, 289, 288, 232, 249, 280, 360, 229, 228, 117, 369, 366, 367, 368, 370, 371, 372, 373, 188, 233, 213, 374, 375, 95, 116, 157, 182, 380, 381, 354, 384, 385, 351, 243, 386, 387, 350, 359, 248, 390, 391, 392, 393, 394, 395, 396, 397, 398, 399, 401, 400, 281, 358, 212, 242, 402, 404, 405, 403, 192, 406, 411, 407, 408, 409, 410, 412, 418, 419, 417, 413, 421, 414, 415, 416, 420, 422, 423, 336]
  列生成求解结果: 目标值=10.0000， 下界=8.0000， 上界=10.0000

处理节点 337
  开始列生成求解...
Set parameter LogToConsole to value 0
Set parameter Threads to value 1
Set parameter Seed to value 0
  定价策略: Exact, node=337, vertices=16
Set parameter PoolSearchMode to value 2
Set parameter PoolSolutions to value 10
[CG 1] RMP=12.000000, pricing=ExactPricingSolver, new_columns=0
  搜索路径: [1, 2, 3, 6, 7, 10, 11, 12, 13, 14, 15, 22, 23, 26, 27, 9, 32, 33, 36, 37, 8, 19, 44, 45, 18, 50, 51, 40, 41, 48, 55, 62, 63, 56, 68, 69, 70, 71, 60, 78, 79, 59, 58, 61, 54, 88, 89, 81, 80, 57, 49, 96, 97, 98, 99, 100, 104, 105, 108, 109, 110, 111, 114, 115, 101, 82, 83, 124, 125, 30, 128, 129, 130, 131, 134, 135, 138, 139, 140, 142, 143, 141, 144, 145, 31, 146, 147, 148, 149, 152, 153, 84, 85, 35, 21, 20, 34, 162, 163, 166, 167, 168, 169, 170, 171, 174, 175, 178, 179, 112, 113, 186, 187, 161, 160, 180, 181, 165, 164, 150, 151, 201, 205, 208, 209, 122, 210, 211, 103, 203, 107, 123, 204, 91, 216, 217, 224, 225, 220, 221, 199, 200, 202, 236, 237, 106, 196, 197, 198, 102, 87, 252, 257, 253, 254, 255, 256, 258, 263, 259, 262, 90, 268, 269, 270, 271, 274, 275, 276, 277, 86, 72, 286, 287, 133, 132, 285, 284, 294, 295, 292, 298, 299, 300, 301, 302, 303, 307, 304, 305, 306, 314, 315, 316, 317, 293, 219, 328, 329, 218, 73, 338, 339, 64, 65, 207, 346, 347, 206, 344, 345, 183, 324, 332, 333, 355, 325, 320, 321, 189, 94, 312, 193, 361, 313, 156, 289, 288, 232, 249, 280, 360, 229, 228, 117, 369, 366, 367, 368, 370, 371, 372, 373, 188, 233, 213, 374, 375, 95, 116, 157, 182, 380, 381, 354, 384, 385, 351, 243, 386, 387, 350, 359, 248, 390, 391, 392, 393, 394, 395, 396, 397, 398, 399, 401, 400, 281, 358, 212, 242, 402, 404, 405, 403, 192, 406, 411, 407, 408, 409, 410, 412, 418, 419, 417, 413, 421, 414, 415, 416, 420, 422, 423, 336, 337]
  列生成求解结果: 目标值=12.0000， 下界=8.0000， 上界=10.0000

处理节点 25
  开始列生成求解...
Set parameter LogToConsole to value 0
Set parameter Threads to value 1
Set parameter Seed to value 0
  定价策略: Exact, node=25, vertices=22
Set parameter PoolSearchMode to value 2
Set parameter PoolSolutions to value 10
[CG 1] RMP=1010.000000, pricing=ExactPricingSolver, new_columns=10
[CG 2] RMP=11.000000, pricing=ExactPricingSolver, new_columns=10
[CG 3] RMP=9.000000, pricing=ExactPricingSolver, new_columns=0
  搜索路径: [1, 2, 3, 6, 7, 10, 11, 12, 13, 14, 15, 22, 23, 26, 27, 9, 32, 33, 36, 37, 8, 19, 44, 45, 18, 50, 51, 40, 41, 48, 55, 62, 63, 56, 68, 69, 70, 71, 60, 78, 79, 59, 58, 61, 54, 88, 89, 81, 80, 57, 49, 96, 97, 98, 99, 100, 104, 105, 108, 109, 110, 111, 114, 115, 101, 82, 83, 124, 125, 30, 128, 129, 130, 131, 134, 135, 138, 139, 140, 142, 143, 141, 144, 145, 31, 146, 147, 148, 149, 152, 153, 84, 85, 35, 21, 20, 34, 162, 163, 166, 167, 168, 169, 170, 171, 174, 175, 178, 179, 112, 113, 186, 187, 161, 160, 180, 181, 165, 164, 150, 151, 201, 205, 208, 209, 122, 210, 211, 103, 203, 107, 123, 204, 91, 216, 217, 224, 225, 220, 221, 199, 200, 202, 236, 237, 106, 196, 197, 198, 102, 87, 252, 257, 253, 254, 255, 256, 258, 263, 259, 262, 90, 268, 269, 270, 271, 274, 275, 276, 277, 86, 72, 286, 287, 133, 132, 285, 284, 294, 295, 292, 298, 299, 300, 301, 302, 303, 307, 304, 305, 306, 314, 315, 316, 317, 293, 219, 328, 329, 218, 73, 338, 339, 64, 65, 207, 346, 347, 206, 344, 345, 183, 324, 332, 333, 355, 325, 320, 321, 189, 94, 312, 193, 361, 313, 156, 289, 288, 232, 249, 280, 360, 229, 228, 117, 369, 366, 367, 368, 370, 371, 372, 373, 188, 233, 213, 374, 375, 95, 116, 157, 182, 380, 381, 354, 384, 385, 351, 243, 386, 387, 350, 359, 248, 390, 391, 392, 393, 394, 395, 396, 397, 398, 399, 401, 400, 281, 358, 212, 242, 402, 404, 405, 403, 192, 406, 411, 407, 408, 409, 410, 412, 418, 419, 417, 413, 421, 414, 415, 416, 420, 422, 423, 336, 337, 25]
  列生成求解结果: 目标值=9.0000， 下界=8.0000， 上界=10.0000
    非整数变量: COL_11-16-24-4-7-9_108 = 0.333333
  解不是整数，开始分支...
ImposedVertex(vertex=9)
ForbidVertex(vertex=9)
  创建了 2 个分支
    添加分支节点 1: ID=424
    添加分支节点 2: ID=425

处理节点 24
  开始列生成求解...
Set parameter LogToConsole to value 0
Set parameter Threads to value 1
Set parameter Seed to value 0
  定价策略: Exact, node=24, vertices=22
Set parameter PoolSearchMode to value 2
Set parameter PoolSolutions to value 10
[CG 1] RMP=18.000000, pricing=ExactPricingSolver, new_columns=10
[CG 2] RMP=9.000000, pricing=ExactPricingSolver, new_columns=0
  搜索路径: [1, 2, 3, 6, 7, 10, 11, 12, 13, 14, 15, 22, 23, 26, 27, 9, 32, 33, 36, 37, 8, 19, 44, 45, 18, 50, 51, 40, 41, 48, 55, 62, 63, 56, 68, 69, 70, 71, 60, 78, 79, 59, 58, 61, 54, 88, 89, 81, 80, 57, 49, 96, 97, 98, 99, 100, 104, 105, 108, 109, 110, 111, 114, 115, 101, 82, 83, 124, 125, 30, 128, 129, 130, 131, 134, 135, 138, 139, 140, 142, 143, 141, 144, 145, 31, 146, 147, 148, 149, 152, 153, 84, 85, 35, 21, 20, 34, 162, 163, 166, 167, 168, 169, 170, 171, 174, 175, 178, 179, 112, 113, 186, 187, 161, 160, 180, 181, 165, 164, 150, 151, 201, 205, 208, 209, 122, 210, 211, 103, 203, 107, 123, 204, 91, 216, 217, 224, 225, 220, 221, 199, 200, 202, 236, 237, 106, 196, 197, 198, 102, 87, 252, 257, 253, 254, 255, 256, 258, 263, 259, 262, 90, 268, 269, 270, 271, 274, 275, 276, 277, 86, 72, 286, 287, 133, 132, 285, 284, 294, 295, 292, 298, 299, 300, 301, 302, 303, 307, 304, 305, 306, 314, 315, 316, 317, 293, 219, 328, 329, 218, 73, 338, 339, 64, 65, 207, 346, 347, 206, 344, 345, 183, 324, 332, 333, 355, 325, 320, 321, 189, 94, 312, 193, 361, 313, 156, 289, 288, 232, 249, 280, 360, 229, 228, 117, 369, 366, 367, 368, 370, 371, 372, 373, 188, 233, 213, 374, 375, 95, 116, 157, 182, 380, 381, 354, 384, 385, 351, 243, 386, 387, 350, 359, 248, 390, 391, 392, 393, 394, 395, 396, 397, 398, 399, 401, 400, 281, 358, 212, 242, 402, 404, 405, 403, 192, 406, 411, 407, 408, 409, 410, 412, 418, 419, 417, 413, 421, 414, 415, 416, 420, 422, 423, 336, 337, 25, 24]
  列生成求解结果: 目标值=9.0000， 下界=9.0000， 上界=10.0000
    非整数变量: COL_11-17-20-25-29_24 = 0.666667
  解不是整数，开始分支...
ImposedVertex(vertex=20)
ForbidVertex(vertex=20)
  创建了 2 个分支
    添加分支节点 1: ID=426
    添加分支节点 2: ID=427

处理节点 296
  开始列生成求解...
Set parameter LogToConsole to value 0
Set parameter Threads to value 1
Set parameter Seed to value 0
  定价策略: Exact, node=296, vertices=14
Set parameter PoolSearchMode to value 2
Set parameter PoolSolutions to value 10
[CG 1] RMP=10.000000, pricing=ExactPricingSolver, new_columns=0
  搜索路径: [1, 2, 3, 6, 7, 10, 11, 12, 13, 14, 15, 22, 23, 26, 27, 9, 32, 33, 36, 37, 8, 19, 44, 45, 18, 50, 51, 40, 41, 48, 55, 62, 63, 56, 68, 69, 70, 71, 60, 78, 79, 59, 58, 61, 54, 88, 89, 81, 80, 57, 49, 96, 97, 98, 99, 100, 104, 105, 108, 109, 110, 111, 114, 115, 101, 82, 83, 124, 125, 30, 128, 129, 130, 131, 134, 135, 138, 139, 140, 142, 143, 141, 144, 145, 31, 146, 147, 148, 149, 152, 153, 84, 85, 35, 21, 20, 34, 162, 163, 166, 167, 168, 169, 170, 171, 174, 175, 178, 179, 112, 113, 186, 187, 161, 160, 180, 181, 165, 164, 150, 151, 201, 205, 208, 209, 122, 210, 211, 103, 203, 107, 123, 204, 91, 216, 217, 224, 225, 220, 221, 199, 200, 202, 236, 237, 106, 196, 197, 198, 102, 87, 252, 257, 253, 254, 255, 256, 258, 263, 259, 262, 90, 268, 269, 270, 271, 274, 275, 276, 277, 86, 72, 286, 287, 133, 132, 285, 284, 294, 295, 292, 298, 299, 300, 301, 302, 303, 307, 304, 305, 306, 314, 315, 316, 317, 293, 219, 328, 329, 218, 73, 338, 339, 64, 65, 207, 346, 347, 206, 344, 345, 183, 324, 332, 333, 355, 325, 320, 321, 189, 94, 312, 193, 361, 313, 156, 289, 288, 232, 249, 280, 360, 229, 228, 117, 369, 366, 367, 368, 370, 371, 372, 373, 188, 233, 213, 374, 375, 95, 116, 157, 182, 380, 381, 354, 384, 385, 351, 243, 386, 387, 350, 359, 248, 390, 391, 392, 393, 394, 395, 396, 397, 398, 399, 401, 400, 281, 358, 212, 242, 402, 404, 405, 403, 192, 406, 411, 407, 408, 409, 410, 412, 418, 419, 417, 413, 421, 414, 415, 416, 420, 422, 423, 336, 337, 25, 24, 296]
  列生成求解结果: 目标值=10.0000， 下界=9.0000， 上界=10.0000

处理节点 357
  开始列生成求解...
Set parameter LogToConsole to value 0
Set parameter Threads to value 1
Set parameter Seed to value 0
  定价策略: Exact, node=357, vertices=16
Set parameter PoolSearchMode to value 2
Set parameter PoolSolutions to value 10
[CG 1] RMP=9.000000, pricing=ExactPricingSolver, new_columns=10
[CG 2] RMP=9.000000, pricing=ExactPricingSolver, new_columns=0
  搜索路径: [1, 2, 3, 6, 7, 10, 11, 12, 13, 14, 15, 22, 23, 26, 27, 9, 32, 33, 36, 37, 8, 19, 44, 45, 18, 50, 51, 40, 41, 48, 55, 62, 63, 56, 68, 69, 70, 71, 60, 78, 79, 59, 58, 61, 54, 88, 89, 81, 80, 57, 49, 96, 97, 98, 99, 100, 104, 105, 108, 109, 110, 111, 114, 115, 101, 82, 83, 124, 125, 30, 128, 129, 130, 131, 134, 135, 138, 139, 140, 142, 143, 141, 144, 145, 31, 146, 147, 148, 149, 152, 153, 84, 85, 35, 21, 20, 34, 162, 163, 166, 167, 168, 169, 170, 171, 174, 175, 178, 179, 112, 113, 186, 187, 161, 160, 180, 181, 165, 164, 150, 151, 201, 205, 208, 209, 122, 210, 211, 103, 203, 107, 123, 204, 91, 216, 217, 224, 225, 220, 221, 199, 200, 202, 236, 237, 106, 196, 197, 198, 102, 87, 252, 257, 253, 254, 255, 256, 258, 263, 259, 262, 90, 268, 269, 270, 271, 274, 275, 276, 277, 86, 72, 286, 287, 133, 132, 285, 284, 294, 295, 292, 298, 299, 300, 301, 302, 303, 307, 304, 305, 306, 314, 315, 316, 317, 293, 219, 328, 329, 218, 73, 338, 339, 64, 65, 207, 346, 347, 206, 344, 345, 183, 324, 332, 333, 355, 325, 320, 321, 189, 94, 312, 193, 361, 313, 156, 289, 288, 232, 249, 280, 360, 229, 228, 117, 369, 366, 367, 368, 370, 371, 372, 373, 188, 233, 213, 374, 375, 95, 116, 157, 182, 380, 381, 354, 384, 385, 351, 243, 386, 387, 350, 359, 248, 390, 391, 392, 393, 394, 395, 396, 397, 398, 399, 401, 400, 281, 358, 212, 242, 402, 404, 405, 403, 192, 406, 411, 407, 408, 409, 410, 412, 418, 419, 417, 413, 421, 414, 415, 416, 420, 422, 423, 336, 337, 25, 24, 296, 357]
  列生成求解结果: 目标值=9.0000， 下界=9.0000， 上界=10.0000
    非整数变量: COL_13-17-20-24-28-7-9_257 = 0.750000
  解不是整数，开始分支...
ImposedVertex(vertex=17)
ForbidVertex(vertex=17)
  创建了 2 个分支
    添加分支节点 1: ID=428
    添加分支节点 2: ID=429

处理节点 177
  开始列生成求解...
Set parameter LogToConsole to value 0
Set parameter Threads to value 1
Set parameter Seed to value 0
  定价策略: Exact, node=177, vertices=19
Set parameter PoolSearchMode to value 2
Set parameter PoolSolutions to value 10
[CG 1] RMP=9.000000, pricing=ExactPricingSolver, new_columns=0
  搜索路径: [1, 2, 3, 6, 7, 10, 11, 12, 13, 14, 15, 22, 23, 26, 27, 9, 32, 33, 36, 37, 8, 19, 44, 45, 18, 50, 51, 40, 41, 48, 55, 62, 63, 56, 68, 69, 70, 71, 60, 78, 79, 59, 58, 61, 54, 88, 89, 81, 80, 57, 49, 96, 97, 98, 99, 100, 104, 105, 108, 109, 110, 111, 114, 115, 101, 82, 83, 124, 125, 30, 128, 129, 130, 131, 134, 135, 138, 139, 140, 142, 143, 141, 144, 145, 31, 146, 147, 148, 149, 152, 153, 84, 85, 35, 21, 20, 34, 162, 163, 166, 167, 168, 169, 170, 171, 174, 175, 178, 179, 112, 113, 186, 187, 161, 160, 180, 181, 165, 164, 150, 151, 201, 205, 208, 209, 122, 210, 211, 103, 203, 107, 123, 204, 91, 216, 217, 224, 225, 220, 221, 199, 200, 202, 236, 237, 106, 196, 197, 198, 102, 87, 252, 257, 253, 254, 255, 256, 258, 263, 259, 262, 90, 268, 269, 270, 271, 274, 275, 276, 277, 86, 72, 286, 287, 133, 132, 285, 284, 294, 295, 292, 298, 299, 300, 301, 302, 303, 307, 304, 305, 306, 314, 315, 316, 317, 293, 219, 328, 329, 218, 73, 338, 339, 64, 65, 207, 346, 347, 206, 344, 345, 183, 324, 332, 333, 355, 325, 320, 321, 189, 94, 312, 193, 361, 313, 156, 289, 288, 232, 249, 280, 360, 229, 228, 117, 369, 366, 367, 368, 370, 371, 372, 373, 188, 233, 213, 374, 375, 95, 116, 157, 182, 380, 381, 354, 384, 385, 351, 243, 386, 387, 350, 359, 248, 390, 391, 392, 393, 394, 395, 396, 397, 398, 399, 401, 400, 281, 358, 212, 242, 402, 404, 405, 403, 192, 406, 411, 407, 408, 409, 410, 412, 418, 419, 417, 413, 421, 414, 415, 416, 420, 422, 423, 336, 337, 25, 24, 296, 357, 177]
  列生成求解结果: 目标值=9.0000， 下界=9.0000， 上界=10.0000
    非整数变量: COL_11-15-20-24_20 = 0.562500
  解不是整数，开始分支...
ImposedVertex(vertex=24)
ForbidVertex(vertex=24)
  创建了 2 个分支
    添加分支节点 1: ID=430
    添加分支节点 2: ID=431
  进度: 已处理 310 个节点, 剩余 91 个, 当前最优 10.0000, 当前列数: 2078

处理节点 322
  开始列生成求解...
Set parameter LogToConsole to value 0
Set parameter Threads to value 1
Set parameter Seed to value 0
  定价策略: Exact, node=322, vertices=10
Set parameter PoolSearchMode to value 2
Set parameter PoolSolutions to value 10
[CG 1] RMP=12.000000, pricing=ExactPricingSolver, new_columns=0
  搜索路径: [1, 2, 3, 6, 7, 10, 11, 12, 13, 14, 15, 22, 23, 26, 27, 9, 32, 33, 36, 37, 8, 19, 44, 45, 18, 50, 51, 40, 41, 48, 55, 62, 63, 56, 68, 69, 70, 71, 60, 78, 79, 59, 58, 61, 54, 88, 89, 81, 80, 57, 49, 96, 97, 98, 99, 100, 104, 105, 108, 109, 110, 111, 114, 115, 101, 82, 83, 124, 125, 30, 128, 129, 130, 131, 134, 135, 138, 139, 140, 142, 143, 141, 144, 145, 31, 146, 147, 148, 149, 152, 153, 84, 85, 35, 21, 20, 34, 162, 163, 166, 167, 168, 169, 170, 171, 174, 175, 178, 179, 112, 113, 186, 187, 161, 160, 180, 181, 165, 164, 150, 151, 201, 205, 208, 209, 122, 210, 211, 103, 203, 107, 123, 204, 91, 216, 217, 224, 225, 220, 221, 199, 200, 202, 236, 237, 106, 196, 197, 198, 102, 87, 252, 257, 253, 254, 255, 256, 258, 263, 259, 262, 90, 268, 269, 270, 271, 274, 275, 276, 277, 86, 72, 286, 287, 133, 132, 285, 284, 294, 295, 292, 298, 299, 300, 301, 302, 303, 307, 304, 305, 306, 314, 315, 316, 317, 293, 219, 328, 329, 218, 73, 338, 339, 64, 65, 207, 346, 347, 206, 344, 345, 183, 324, 332, 333, 355, 325, 320, 321, 189, 94, 312, 193, 361, 313, 156, 289, 288, 232, 249, 280, 360, 229, 228, 117, 369, 366, 367, 368, 370, 371, 372, 373, 188, 233, 213, 374, 375, 95, 116, 157, 182, 380, 381, 354, 384, 385, 351, 243, 386, 387, 350, 359, 248, 390, 391, 392, 393, 394, 395, 396, 397, 398, 399, 401, 400, 281, 358, 212, 242, 402, 404, 405, 403, 192, 406, 411, 407, 408, 409, 410, 412, 418, 419, 417, 413, 421, 414, 415, 416, 420, 422, 423, 336, 337, 25, 24, 296, 357, 177, 322]
  列生成求解结果: 目标值=12.0000， 下界=9.0000， 上界=10.0000

处理节点 234
  开始列生成求解...
Set parameter LogToConsole to value 0
Set parameter Threads to value 1
Set parameter Seed to value 0
  定价策略: Exact, node=234, vertices=17
Set parameter PoolSearchMode to value 2
Set parameter PoolSolutions to value 10
[CG 1] RMP=1012.000000, pricing=ExactPricingSolver, new_columns=10
[CG 2] RMP=507.000000, pricing=ExactPricingSolver, new_columns=10
[CG 3] RMP=10.000000, pricing=ExactPricingSolver, new_columns=10
[CG 4] RMP=9.000000, pricing=ExactPricingSolver, new_columns=0
  搜索路径: [1, 2, 3, 6, 7, 10, 11, 12, 13, 14, 15, 22, 23, 26, 27, 9, 32, 33, 36, 37, 8, 19, 44, 45, 18, 50, 51, 40, 41, 48, 55, 62, 63, 56, 68, 69, 70, 71, 60, 78, 79, 59, 58, 61, 54, 88, 89, 81, 80, 57, 49, 96, 97, 98, 99, 100, 104, 105, 108, 109, 110, 111, 114, 115, 101, 82, 83, 124, 125, 30, 128, 129, 130, 131, 134, 135, 138, 139, 140, 142, 143, 141, 144, 145, 31, 146, 147, 148, 149, 152, 153, 84, 85, 35, 21, 20, 34, 162, 163, 166, 167, 168, 169, 170, 171, 174, 175, 178, 179, 112, 113, 186, 187, 161, 160, 180, 181, 165, 164, 150, 151, 201, 205, 208, 209, 122, 210, 211, 103, 203, 107, 123, 204, 91, 216, 217, 224, 225, 220, 221, 199, 200, 202, 236, 237, 106, 196, 197, 198, 102, 87, 252, 257, 253, 254, 255, 256, 258, 263, 259, 262, 90, 268, 269, 270, 271, 274, 275, 276, 277, 86, 72, 286, 287, 133, 132, 285, 284, 294, 295, 292, 298, 299, 300, 301, 302, 303, 307, 304, 305, 306, 314, 315, 316, 317, 293, 219, 328, 329, 218, 73, 338, 339, 64, 65, 207, 346, 347, 206, 344, 345, 183, 324, 332, 333, 355, 325, 320, 321, 189, 94, 312, 193, 361, 313, 156, 289, 288, 232, 249, 280, 360, 229, 228, 117, 369, 366, 367, 368, 370, 371, 372, 373, 188, 233, 213, 374, 375, 95, 116, 157, 182, 380, 381, 354, 384, 385, 351, 243, 386, 387, 350, 359, 248, 390, 391, 392, 393, 394, 395, 396, 397, 398, 399, 401, 400, 281, 358, 212, 242, 402, 404, 405, 403, 192, 406, 411, 407, 408, 409, 410, 412, 418, 419, 417, 413, 421, 414, 415, 416, 420, 422, 423, 336, 337, 25, 24, 296, 357, 177, 322, 234]
  列生成求解结果: 目标值=9.0000， 下界=9.0000， 上界=10.0000
    非整数变量: COL_0-11-24-26-5-7_216 = 0.500000
  解不是整数，开始分支...
ImposedVertex(vertex=26)
ForbidVertex(vertex=26)
  创建了 2 个分支
    添加分支节点 1: ID=432
    添加分支节点 2: ID=433

处理节点 425
  开始列生成求解...
Set parameter LogToConsole to value 0
Set parameter Threads to value 1
Set parameter Seed to value 0
  定价策略: Exact, node=425, vertices=21
Set parameter PoolSearchMode to value 2
Set parameter PoolSolutions to value 10
[CG 1] RMP=11.000000, pricing=ExactPricingSolver, new_columns=0
  搜索路径: [1, 2, 3, 6, 7, 10, 11, 12, 13, 14, 15, 22, 23, 26, 27, 9, 32, 33, 36, 37, 8, 19, 44, 45, 18, 50, 51, 40, 41, 48, 55, 62, 63, 56, 68, 69, 70, 71, 60, 78, 79, 59, 58, 61, 54, 88, 89, 81, 80, 57, 49, 96, 97, 98, 99, 100, 104, 105, 108, 109, 110, 111, 114, 115, 101, 82, 83, 124, 125, 30, 128, 129, 130, 131, 134, 135, 138, 139, 140, 142, 143, 141, 144, 145, 31, 146, 147, 148, 149, 152, 153, 84, 85, 35, 21, 20, 34, 162, 163, 166, 167, 168, 169, 170, 171, 174, 175, 178, 179, 112, 113, 186, 187, 161, 160, 180, 181, 165, 164, 150, 151, 201, 205, 208, 209, 122, 210, 211, 103, 203, 107, 123, 204, 91, 216, 217, 224, 225, 220, 221, 199, 200, 202, 236, 237, 106, 196, 197, 198, 102, 87, 252, 257, 253, 254, 255, 256, 258, 263, 259, 262, 90, 268, 269, 270, 271, 274, 275, 276, 277, 86, 72, 286, 287, 133, 132, 285, 284, 294, 295, 292, 298, 299, 300, 301, 302, 303, 307, 304, 305, 306, 314, 315, 316, 317, 293, 219, 328, 329, 218, 73, 338, 339, 64, 65, 207, 346, 347, 206, 344, 345, 183, 324, 332, 333, 355, 325, 320, 321, 189, 94, 312, 193, 361, 313, 156, 289, 288, 232, 249, 280, 360, 229, 228, 117, 369, 366, 367, 368, 370, 371, 372, 373, 188, 233, 213, 374, 375, 95, 116, 157, 182, 380, 381, 354, 384, 385, 351, 243, 386, 387, 350, 359, 248, 390, 391, 392, 393, 394, 395, 396, 397, 398, 399, 401, 400, 281, 358, 212, 242, 402, 404, 405, 403, 192, 406, 411, 407, 408, 409, 410, 412, 418, 419, 417, 413, 421, 414, 415, 416, 420, 422, 423, 336, 337, 25, 24, 296, 357, 177, 322, 234, 425]
  列生成求解结果: 目标值=11.0000， 下界=9.0000， 上界=10.0000

处理节点 184
  开始列生成求解...
Set parameter LogToConsole to value 0
Set parameter Threads to value 1
Set parameter Seed to value 0
  定价策略: Exact, node=184, vertices=19
Set parameter PoolSearchMode to value 2
Set parameter PoolSolutions to value 10
[CG 1] RMP=9.000000, pricing=ExactPricingSolver, new_columns=0
  搜索路径: [1, 2, 3, 6, 7, 10, 11, 12, 13, 14, 15, 22, 23, 26, 27, 9, 32, 33, 36, 37, 8, 19, 44, 45, 18, 50, 51, 40, 41, 48, 55, 62, 63, 56, 68, 69, 70, 71, 60, 78, 79, 59, 58, 61, 54, 88, 89, 81, 80, 57, 49, 96, 97, 98, 99, 100, 104, 105, 108, 109, 110, 111, 114, 115, 101, 82, 83, 124, 125, 30, 128, 129, 130, 131, 134, 135, 138, 139, 140, 142, 143, 141, 144, 145, 31, 146, 147, 148, 149, 152, 153, 84, 85, 35, 21, 20, 34, 162, 163, 166, 167, 168, 169, 170, 171, 174, 175, 178, 179, 112, 113, 186, 187, 161, 160, 180, 181, 165, 164, 150, 151, 201, 205, 208, 209, 122, 210, 211, 103, 203, 107, 123, 204, 91, 216, 217, 224, 225, 220, 221, 199, 200, 202, 236, 237, 106, 196, 197, 198, 102, 87, 252, 257, 253, 254, 255, 256, 258, 263, 259, 262, 90, 268, 269, 270, 271, 274, 275, 276, 277, 86, 72, 286, 287, 133, 132, 285, 284, 294, 295, 292, 298, 299, 300, 301, 302, 303, 307, 304, 305, 306, 314, 315, 316, 317, 293, 219, 328, 329, 218, 73, 338, 339, 64, 65, 207, 346, 347, 206, 344, 345, 183, 324, 332, 333, 355, 325, 320, 321, 189, 94, 312, 193, 361, 313, 156, 289, 288, 232, 249, 280, 360, 229, 228, 117, 369, 366, 367, 368, 370, 371, 372, 373, 188, 233, 213, 374, 375, 95, 116, 157, 182, 380, 381, 354, 384, 385, 351, 243, 386, 387, 350, 359, 248, 390, 391, 392, 393, 394, 395, 396, 397, 398, 399, 401, 400, 281, 358, 212, 242, 402, 404, 405, 403, 192, 406, 411, 407, 408, 409, 410, 412, 418, 419, 417, 413, 421, 414, 415, 416, 420, 422, 423, 336, 337, 25, 24, 296, 357, 177, 322, 234, 425, 184]
  列生成求解结果: 目标值=9.0000， 下界=9.0000， 上界=10.0000
    非整数变量: COL_1-11-15-18-23-7-9_44 = 0.500000
  解不是整数，开始分支...
ImposedVertex(vertex=1)
ForbidVertex(vertex=1)
  创建了 2 个分支
    添加分支节点 1: ID=434
    添加分支节点 2: ID=435

处理节点 341
  开始列生成求解...
Set parameter LogToConsole to value 0
Set parameter Threads to value 1
Set parameter Seed to value 0
  定价策略: Exact, node=341, vertices=14
Set parameter PoolSearchMode to value 2
Set parameter PoolSolutions to value 10
[CG 1] RMP=10.000000, pricing=ExactPricingSolver, new_columns=0
  搜索路径: [1, 2, 3, 6, 7, 10, 11, 12, 13, 14, 15, 22, 23, 26, 27, 9, 32, 33, 36, 37, 8, 19, 44, 45, 18, 50, 51, 40, 41, 48, 55, 62, 63, 56, 68, 69, 70, 71, 60, 78, 79, 59, 58, 61, 54, 88, 89, 81, 80, 57, 49, 96, 97, 98, 99, 100, 104, 105, 108, 109, 110, 111, 114, 115, 101, 82, 83, 124, 125, 30, 128, 129, 130, 131, 134, 135, 138, 139, 140, 142, 143, 141, 144, 145, 31, 146, 147, 148, 149, 152, 153, 84, 85, 35, 21, 20, 34, 162, 163, 166, 167, 168, 169, 170, 171, 174, 175, 178, 179, 112, 113, 186, 187, 161, 160, 180, 181, 165, 164, 150, 151, 201, 205, 208, 209, 122, 210, 211, 103, 203, 107, 123, 204, 91, 216, 217, 224, 225, 220, 221, 199, 200, 202, 236, 237, 106, 196, 197, 198, 102, 87, 252, 257, 253, 254, 255, 256, 258, 263, 259, 262, 90, 268, 269, 270, 271, 274, 275, 276, 277, 86, 72, 286, 287, 133, 132, 285, 284, 294, 295, 292, 298, 299, 300, 301, 302, 303, 307, 304, 305, 306, 314, 315, 316, 317, 293, 219, 328, 329, 218, 73, 338, 339, 64, 65, 207, 346, 347, 206, 344, 345, 183, 324, 332, 333, 355, 325, 320, 321, 189, 94, 312, 193, 361, 313, 156, 289, 288, 232, 249, 280, 360, 229, 228, 117, 369, 366, 367, 368, 370, 371, 372, 373, 188, 233, 213, 374, 375, 95, 116, 157, 182, 380, 381, 354, 384, 385, 351, 243, 386, 387, 350, 359, 248, 390, 391, 392, 393, 394, 395, 396, 397, 398, 399, 401, 400, 281, 358, 212, 242, 402, 404, 405, 403, 192, 406, 411, 407, 408, 409, 410, 412, 418, 419, 417, 413, 421, 414, 415, 416, 420, 422, 423, 336, 337, 25, 24, 296, 357, 177, 322, 234, 425, 184, 341]
  列生成求解结果: 目标值=10.0000， 下界=9.0000， 上界=10.0000

处理节点 429
  开始列生成求解...
Set parameter LogToConsole to value 0
Set parameter Threads to value 1
Set parameter Seed to value 0
  定价策略: Exact, node=429, vertices=15
Set parameter PoolSearchMode to value 2
Set parameter PoolSolutions to value 10
[CG 1] RMP=9.000000, pricing=ExactPricingSolver, new_columns=10
[CG 2] RMP=9.000000, pricing=ExactPricingSolver, new_columns=0
  搜索路径: [1, 2, 3, 6, 7, 10, 11, 12, 13, 14, 15, 22, 23, 26, 27, 9, 32, 33, 36, 37, 8, 19, 44, 45, 18, 50, 51, 40, 41, 48, 55, 62, 63, 56, 68, 69, 70, 71, 60, 78, 79, 59, 58, 61, 54, 88, 89, 81, 80, 57, 49, 96, 97, 98, 99, 100, 104, 105, 108, 109, 110, 111, 114, 115, 101, 82, 83, 124, 125, 30, 128, 129, 130, 131, 134, 135, 138, 139, 140, 142, 143, 141, 144, 145, 31, 146, 147, 148, 149, 152, 153, 84, 85, 35, 21, 20, 34, 162, 163, 166, 167, 168, 169, 170, 171, 174, 175, 178, 179, 112, 113, 186, 187, 161, 160, 180, 181, 165, 164, 150, 151, 201, 205, 208, 209, 122, 210, 211, 103, 203, 107, 123, 204, 91, 216, 217, 224, 225, 220, 221, 199, 200, 202, 236, 237, 106, 196, 197, 198, 102, 87, 252, 257, 253, 254, 255, 256, 258, 263, 259, 262, 90, 268, 269, 270, 271, 274, 275, 276, 277, 86, 72, 286, 287, 133, 132, 285, 284, 294, 295, 292, 298, 299, 300, 301, 302, 303, 307, 304, 305, 306, 314, 315, 316, 317, 293, 219, 328, 329, 218, 73, 338, 339, 64, 65, 207, 346, 347, 206, 344, 345, 183, 324, 332, 333, 355, 325, 320, 321, 189, 94, 312, 193, 361, 313, 156, 289, 288, 232, 249, 280, 360, 229, 228, 117, 369, 366, 367, 368, 370, 371, 372, 373, 188, 233, 213, 374, 375, 95, 116, 157, 182, 380, 381, 354, 384, 385, 351, 243, 386, 387, 350, 359, 248, 390, 391, 392, 393, 394, 395, 396, 397, 398, 399, 401, 400, 281, 358, 212, 242, 402, 404, 405, 403, 192, 406, 411, 407, 408, 409, 410, 412, 418, 419, 417, 413, 421, 414, 415, 416, 420, 422, 423, 336, 337, 25, 24, 296, 357, 177, 322, 234, 425, 184, 341, 429]
  列生成求解结果: 目标值=9.0000， 下界=9.0000， 上界=10.0000
    非整数变量: COL_13-20-24-28-7-9_256 = 0.750000
  解不是整数，开始分支...
ImposedVertex(vertex=28)
ForbidVertex(vertex=28)
  创建了 2 个分支
    添加分支节点 1: ID=436
    添加分支节点 2: ID=437

处理节点 431
  开始列生成求解...
Set parameter LogToConsole to value 0
Set parameter Threads to value 1
Set parameter Seed to value 0
  定价策略: Exact, node=431, vertices=18
Set parameter PoolSearchMode to value 2
Set parameter PoolSolutions to value 10
[CG 1] RMP=9.000000, pricing=ExactPricingSolver, new_columns=0
  搜索路径: [1, 2, 3, 6, 7, 10, 11, 12, 13, 14, 15, 22, 23, 26, 27, 9, 32, 33, 36, 37, 8, 19, 44, 45, 18, 50, 51, 40, 41, 48, 55, 62, 63, 56, 68, 69, 70, 71, 60, 78, 79, 59, 58, 61, 54, 88, 89, 81, 80, 57, 49, 96, 97, 98, 99, 100, 104, 105, 108, 109, 110, 111, 114, 115, 101, 82, 83, 124, 125, 30, 128, 129, 130, 131, 134, 135, 138, 139, 140, 142, 143, 141, 144, 145, 31, 146, 147, 148, 149, 152, 153, 84, 85, 35, 21, 20, 34, 162, 163, 166, 167, 168, 169, 170, 171, 174, 175, 178, 179, 112, 113, 186, 187, 161, 160, 180, 181, 165, 164, 150, 151, 201, 205, 208, 209, 122, 210, 211, 103, 203, 107, 123, 204, 91, 216, 217, 224, 225, 220, 221, 199, 200, 202, 236, 237, 106, 196, 197, 198, 102, 87, 252, 257, 253, 254, 255, 256, 258, 263, 259, 262, 90, 268, 269, 270, 271, 274, 275, 276, 277, 86, 72, 286, 287, 133, 132, 285, 284, 294, 295, 292, 298, 299, 300, 301, 302, 303, 307, 304, 305, 306, 314, 315, 316, 317, 293, 219, 328, 329, 218, 73, 338, 339, 64, 65, 207, 346, 347, 206, 344, 345, 183, 324, 332, 333, 355, 325, 320, 321, 189, 94, 312, 193, 361, 313, 156, 289, 288, 232, 249, 280, 360, 229, 228, 117, 369, 366, 367, 368, 370, 371, 372, 373, 188, 233, 213, 374, 375, 95, 116, 157, 182, 380, 381, 354, 384, 385, 351, 243, 386, 387, 350, 359, 248, 390, 391, 392, 393, 394, 395, 396, 397, 398, 399, 401, 400, 281, 358, 212, 242, 402, 404, 405, 403, 192, 406, 411, 407, 408, 409, 410, 412, 418, 419, 417, 413, 421, 414, 415, 416, 420, 422, 423, 336, 337, 25, 24, 296, 357, 177, 322, 234, 425, 184, 341, 429, 431]
  列生成求解结果: 目标值=9.0000， 下界=9.0000， 上界=10.0000
  找到整数解，更新最优解
  更新最优解后剪枝了 90 个节点
所有节点已处理完毕，达到最优解

==================================================
分支定价算法完成!
==================================================
最优目标值: 9.000000
最优解列组成如下：
  列 1: vertex_ids=[23], max_endtime=1
  列 2: vertex_ids=[2, 4, 7, 9, 11, 15, 18, 20, 29], max_endtime=9
全局下界: 9.000000
优化间隙: 0.0000%
处理节点数: 317
创建节点数: 437
剪枝节点数: 215
总求解时间: 1.41秒

定价求解统计：
  总定价时间: 0.6104秒
  使用QAIA的节点数: 1
  纯Exact节点数: 316
  QAIA调用次数: 7
  QAIA累计时间: 0.0336秒
  混合节点中的Exact调用次数: 7
  混合节点中的Exact累计时间: 0.0106秒
  QAIA平均单次时间: 0.004800秒
