开始分支定价算法...
时间限制: 120.0秒
根节点已添加: ID=1

处理节点 1
  开始列生成求解...
Set parameter Username
Academic license - for non-commercial use only - expires 2026-12-02
Set parameter LogToConsole to value 0
Set parameter Threads to value 1
Set parameter Seed to value 0
  定价策略: QAIA+Exact, node=1, vertices=33, mode=always
Set parameter PoolSearchMode to value 2
Set parameter PoolSolutions to value 10
[CG 1] RMP=2012.000000, pricing=QAIAExactPricingSolver, new_columns=10
[CG 2] RMP=2012.000000, pricing=QAIAExactPricingSolver, new_columns=12
[CG 3] RMP=12.000000, pricing=QAIAExactPricingSolver, new_columns=11
[CG 4] RMP=12.000000, pricing=QAIAExactPricingSolver, new_columns=10
[CG 5] RMP=8.000000, pricing=QAIAExactPricingSolver, new_columns=12
[CG 6] RMP=5.739130, pricing=QAIAExactPricingSolver, new_columns=0
  搜索路径: [1]
  列生成求解结果: 目标值=5.7391， 下界=-inf， 上界=inf
    非整数变量: COL_21-23_6 = 0.043478
  解不是整数，开始分支...
ImposedVertex(vertex=3)
ForbidVertex(vertex=3)
  创建了 2 个分支
    添加分支节点 1: ID=2
    添加分支节点 2: ID=3

处理节点 2
  开始列生成求解...
Set parameter LogToConsole to value 0
Set parameter Threads to value 1
Set parameter Seed to value 0
  定价策略: Exact, node=2, vertices=30
Set parameter PoolSearchMode to value 2
Set parameter PoolSolutions to value 10
[CG 1] RMP=12.000000, pricing=ExactPricingSolver, new_columns=0
  搜索路径: [1, 2]
  列生成求解结果: 目标值=12.0000， 下界=5.7391， 上界=inf
  找到整数解，更新最优解

处理节点 3
  开始列生成求解...
Set parameter LogToConsole to value 0
Set parameter Threads to value 1
Set parameter Seed to value 0
  定价策略: Exact, node=3, vertices=32
Set parameter PoolSearchMode to value 2
Set parameter PoolSolutions to value 10
[CG 1] RMP=5.739130, pricing=ExactPricingSolver, new_columns=0
  搜索路径: [1, 2, 3]
  列生成求解结果: 目标值=5.7391， 下界=5.7391， 上界=12.0000
    非整数变量: COL_0-20-4_3 = 0.144928
  解不是整数，开始分支...
ImposedVertex(vertex=0)
ForbidVertex(vertex=0)
  创建了 2 个分支
    添加分支节点 1: ID=4
    添加分支节点 2: ID=5

处理节点 4
  开始列生成求解...
Set parameter LogToConsole to value 0
Set parameter Threads to value 1
Set parameter Seed to value 0
  定价策略: Exact, node=4, vertices=30
Set parameter PoolSearchMode to value 2
Set parameter PoolSolutions to value 10
[CG 1] RMP=8.000000, pricing=ExactPricingSolver, new_columns=10
[CG 2] RMP=6.000000, pricing=ExactPricingSolver, new_columns=10
[CG 3] RMP=6.000000, pricing=ExactPricingSolver, new_columns=10
[CG 4] RMP=5.739130, pricing=ExactPricingSolver, new_columns=0
  搜索路径: [1, 2, 3, 4]
  列生成求解结果: 目标值=5.7391， 下界=5.7391， 上界=12.0000
    非整数变量: COL_0-20-4_3 = 0.021739
  解不是整数，开始分支...
ImposedVertex(vertex=4)
ForbidVertex(vertex=4)
  创建了 2 个分支
    添加分支节点 1: ID=6
    添加分支节点 2: ID=7

处理节点 5
  开始列生成求解...
Set parameter LogToConsole to value 0
Set parameter Threads to value 1
Set parameter Seed to value 0
  定价策略: Exact, node=5, vertices=31
Set parameter PoolSearchMode to value 2
Set parameter PoolSolutions to value 10
[CG 1] RMP=5.739130, pricing=ExactPricingSolver, new_columns=0
  搜索路径: [1, 2, 3, 4, 5]
  列生成求解结果: 目标值=5.7391， 下界=5.7391， 上界=12.0000
    非整数变量: COL_13_5 = 0.021739
  解不是整数，开始分支...
ImposedVertex(vertex=13)
ForbidVertex(vertex=13)
  创建了 2 个分支
    添加分支节点 1: ID=8
    添加分支节点 2: ID=9

处理节点 6
  开始列生成求解...
Set parameter LogToConsole to value 0
Set parameter Threads to value 1
Set parameter Seed to value 0
  定价策略: Exact, node=6, vertices=27
Set parameter PoolSearchMode to value 2
Set parameter PoolSolutions to value 10
[CG 1] RMP=8.000000, pricing=ExactPricingSolver, new_columns=10
[CG 2] RMP=6.857143, pricing=ExactPricingSolver, new_columns=10
[CG 3] RMP=6.233766, pricing=ExactPricingSolver, new_columns=10
[CG 4] RMP=5.739130, pricing=ExactPricingSolver, new_columns=0
  搜索路径: [1, 2, 3, 4, 5, 6]
  列生成求解结果: 目标值=5.7391， 下界=5.7391， 上界=12.0000
    非整数变量: COL_12-16-19-21-23-27_8 = 0.213043
  解不是整数，开始分支...
ImposedVertex(vertex=16)
ForbidVertex(vertex=16)
  创建了 2 个分支
    添加分支节点 1: ID=10
    添加分支节点 2: ID=11

处理节点 7
  开始列生成求解...
Set parameter LogToConsole to value 0
Set parameter Threads to value 1
Set parameter Seed to value 0
  定价策略: Exact, node=7, vertices=29
Set parameter PoolSearchMode to value 2
Set parameter PoolSolutions to value 10
[CG 1] RMP=7.200000, pricing=ExactPricingSolver, new_columns=10
[CG 2] RMP=5.739130, pricing=ExactPricingSolver, new_columns=0
  搜索路径: [1, 2, 3, 4, 5, 6, 7]
  列生成求解结果: 目标值=5.7391， 下界=5.7391， 上界=12.0000
    非整数变量: COL_12-16-19-21-23-27_8 = 0.094203
  解不是整数，开始分支...
ImposedVertex(vertex=16)
ForbidVertex(vertex=16)
  创建了 2 个分支
    添加分支节点 1: ID=12
    添加分支节点 2: ID=13

处理节点 8
  开始列生成求解...
Set parameter LogToConsole to value 0
Set parameter Threads to value 1
Set parameter Seed to value 0
  定价策略: Exact, node=8, vertices=28
Set parameter PoolSearchMode to value 2
Set parameter PoolSolutions to value 10
[CG 1] RMP=2012.000000, pricing=ExactPricingSolver, new_columns=10
[CG 2] RMP=2012.000000, pricing=ExactPricingSolver, new_columns=10
[CG 3] RMP=2012.000000, pricing=ExactPricingSolver, new_columns=10
[CG 4] RMP=2012.000000, pricing=ExactPricingSolver, new_columns=10
[CG 5] RMP=2012.000000, pricing=ExactPricingSolver, new_columns=10
[CG 6] RMP=9.000000, pricing=ExactPricingSolver, new_columns=10
[CG 7] RMP=9.000000, pricing=ExactPricingSolver, new_columns=0
  搜索路径: [1, 2, 3, 4, 5, 6, 7, 8]
  列生成求解结果: 目标值=9.0000， 下界=5.7391， 上界=12.0000
    非整数变量: COL_11-13-18-2-20_147 = 0.250000
  解不是整数，开始分支...
ImposedVertex(vertex=11)
ForbidVertex(vertex=11)
  创建了 2 个分支
    添加分支节点 1: ID=14
    添加分支节点 2: ID=15

处理节点 11
  开始列生成求解...
Set parameter LogToConsole to value 0
Set parameter Threads to value 1
Set parameter Seed to value 0
  定价策略: Exact, node=11, vertices=26
Set parameter PoolSearchMode to value 2
Set parameter PoolSolutions to value 10
[CG 1] RMP=11.000000, pricing=ExactPricingSolver, new_columns=10
[CG 2] RMP=11.000000, pricing=ExactPricingSolver, new_columns=10
[CG 3] RMP=5.923077, pricing=ExactPricingSolver, new_columns=10
[CG 4] RMP=5.739130, pricing=ExactPricingSolver, new_columns=0
  搜索路径: [1, 2, 3, 4, 5, 6, 7, 8, 11]
  列生成求解结果: 目标值=5.7391， 下界=5.7391， 上界=12.0000
    非整数变量: COL_0-18-20-26_38 = 0.166304
  解不是整数，开始分支...
ImposedVertex(vertex=26)
ForbidVertex(vertex=26)
  创建了 2 个分支
    添加分支节点 1: ID=16
    添加分支节点 2: ID=17

处理节点 13
  开始列生成求解...
Set parameter LogToConsole to value 0
Set parameter Threads to value 1
Set parameter Seed to value 0
  定价策略: Exact, node=13, vertices=28
Set parameter PoolSearchMode to value 2
Set parameter PoolSolutions to value 10
[CG 1] RMP=2012.000000, pricing=ExactPricingSolver, new_columns=10
[CG 2] RMP=512.000000, pricing=ExactPricingSolver, new_columns=10
[CG 3] RMP=6.000000, pricing=ExactPricingSolver, new_columns=10
[CG 4] RMP=5.739130, pricing=ExactPricingSolver, new_columns=10
[CG 5] RMP=5.739130, pricing=ExactPricingSolver, new_columns=0
  搜索路径: [1, 2, 3, 4, 5, 6, 7, 8, 11, 13]
  列生成求解结果: 目标值=5.7391， 下界=5.7391， 上界=12.0000
    非整数变量: COL_0-18-20-26_38 = 0.282609
  解不是整数，开始分支...
ImposedVertex(vertex=7)
ForbidVertex(vertex=7)
  创建了 2 个分支
    添加分支节点 1: ID=18
    添加分支节点 2: ID=19
  进度: 已处理 10 个节点, 剩余 9 个, 当前最优 12.0000, 当前列数: 270

处理节点 16
  开始列生成求解...
Set parameter LogToConsole to value 0
Set parameter Threads to value 1
Set parameter Seed to value 0
  定价策略: Exact, node=16, vertices=23
Set parameter PoolSearchMode to value 2
Set parameter PoolSolutions to value 10
[CG 1] RMP=2012.000000, pricing=ExactPricingSolver, new_columns=10
[CG 2] RMP=2012.000000, pricing=ExactPricingSolver, new_columns=10
[CG 3] RMP=11.000000, pricing=ExactPricingSolver, new_columns=0
  搜索路径: [1, 2, 3, 4, 5, 6, 7, 8, 11, 13, 16]
  列生成求解结果: 目标值=11.0000， 下界=5.7391， 上界=12.0000
  找到整数解，更新最优解

处理节点 10
  开始列生成求解...
Set parameter LogToConsole to value 0
Set parameter Threads to value 1
Set parameter Seed to value 0
  定价策略: Exact, node=10, vertices=25
Set parameter PoolSearchMode to value 2
Set parameter PoolSolutions to value 10
[CG 1] RMP=10.000000, pricing=ExactPricingSolver, new_columns=0
  搜索路径: [1, 2, 3, 4, 5, 6, 7, 8, 11, 13, 16, 10]
  列生成求解结果: 目标值=10.0000， 下界=5.7391， 上界=11.0000
    非整数变量: COL_0-12-16-19-23-27_15 = 0.200000
  解不是整数，开始分支...
ImposedVertex(vertex=23)
ForbidVertex(vertex=23)
  创建了 2 个分支
    添加分支节点 1: ID=20
    添加分支节点 2: ID=21

处理节点 18
  开始列生成求解...
Set parameter LogToConsole to value 0
Set parameter Threads to value 1
Set parameter Seed to value 0
  定价策略: Exact, node=18, vertices=26
Set parameter PoolSearchMode to value 2
Set parameter PoolSolutions to value 10
[CG 1] RMP=8.000000, pricing=ExactPricingSolver, new_columns=0
  搜索路径: [1, 2, 3, 4, 5, 6, 7, 8, 11, 13, 16, 10, 18]
  列生成求解结果: 目标值=8.0000， 下界=5.7391， 上界=11.0000
    非整数变量: COL_0-18-20-26_38 = 0.333333
  解不是整数，开始分支...
ImposedVertex(vertex=18)
ForbidVertex(vertex=18)
  创建了 2 个分支
    添加分支节点 1: ID=22
    添加分支节点 2: ID=23

处理节点 17
  开始列生成求解...
Set parameter LogToConsole to value 0
Set parameter Threads to value 1
Set parameter Seed to value 0
  定价策略: Exact, node=17, vertices=25
Set parameter PoolSearchMode to value 2
Set parameter PoolSolutions to value 10
[CG 1] RMP=6.330935, pricing=ExactPricingSolver, new_columns=0
  搜索路径: [1, 2, 3, 4, 5, 6, 7, 8, 11, 13, 16, 10, 18, 17]
  列生成求解结果: 目标值=6.3309， 下界=5.7391， 上界=11.0000
    非整数变量: COL_0-15-24-30-4-8_54 = 0.329017
  解不是整数，开始分支...
ImposedVertex(vertex=24)
ForbidVertex(vertex=24)
  创建了 2 个分支
    添加分支节点 1: ID=24
    添加分支节点 2: ID=25

处理节点 12
  开始列生成求解...
Set parameter LogToConsole to value 0
Set parameter Threads to value 1
Set parameter Seed to value 0
  定价策略: Exact, node=12, vertices=27
Set parameter PoolSearchMode to value 2
Set parameter PoolSolutions to value 10
[CG 1] RMP=12.000000, pricing=ExactPricingSolver, new_columns=10
[CG 2] RMP=10.000000, pricing=ExactPricingSolver, new_columns=0
  搜索路径: [1, 2, 3, 4, 5, 6, 7, 8, 11, 13, 16, 10, 18, 17, 12]
  列生成求解结果: 目标值=10.0000， 下界=5.7391， 上界=11.0000
    非整数变量: COL_12-16-19-22-23-27_10 = 0.500000
  解不是整数，开始分支...
ImposedVertex(vertex=6)
ForbidVertex(vertex=6)
  创建了 2 个分支
    添加分支节点 1: ID=26
    添加分支节点 2: ID=27

处理节点 19
  开始列生成求解...
Set parameter LogToConsole to value 0
Set parameter Threads to value 1
Set parameter Seed to value 0
  定价策略: Exact, node=19, vertices=27
Set parameter PoolSearchMode to value 2
Set parameter PoolSolutions to value 10
[CG 1] RMP=5.739130, pricing=ExactPricingSolver, new_columns=0
  搜索路径: [1, 2, 3, 4, 5, 6, 7, 8, 11, 13, 16, 10, 18, 17, 12, 19]
  列生成求解结果: 目标值=5.7391， 下界=5.7391， 上界=11.0000
    非整数变量: COL_15-21-31-6-8_21 = 0.043478
  解不是整数，开始分支...
ImposedVertex(vertex=8)
ForbidVertex(vertex=8)
  创建了 2 个分支
    添加分支节点 1: ID=28
    添加分支节点 2: ID=29

处理节点 9
  开始列生成求解...
Set parameter LogToConsole to value 0
Set parameter Threads to value 1
Set parameter Seed to value 0
  定价策略: Exact, node=9, vertices=30
Set parameter PoolSearchMode to value 2
Set parameter PoolSolutions to value 10
[CG 1] RMP=6.000000, pricing=ExactPricingSolver, new_columns=10
[CG 2] RMP=5.739130, pricing=ExactPricingSolver, new_columns=0
  搜索路径: [1, 2, 3, 4, 5, 6, 7, 8, 11, 13, 16, 10, 18, 17, 12, 19, 9]
  列生成求解结果: 目标值=5.7391， 下界=5.7391， 上界=11.0000
    非整数变量: COL_12-16-19-21-23-27_8 = 0.478261
  解不是整数，开始分支...
ImposedVertex(vertex=12)
ForbidVertex(vertex=12)
  创建了 2 个分支
    添加分支节点 1: ID=30
    添加分支节点 2: ID=31

处理节点 28
  开始列生成求解...
Set parameter LogToConsole to value 0
Set parameter Threads to value 1
Set parameter Seed to value 0
  定价策略: Exact, node=28, vertices=24
Set parameter PoolSearchMode to value 2
Set parameter PoolSolutions to value 10
[CG 1] RMP=12.000000, pricing=ExactPricingSolver, new_columns=10
[CG 2] RMP=7.096774, pricing=ExactPricingSolver, new_columns=10
[CG 3] RMP=6.000000, pricing=ExactPricingSolver, new_columns=0
  搜索路径: [1, 2, 3, 4, 5, 6, 7, 8, 11, 13, 16, 10, 18, 17, 12, 19, 9, 28]
  列生成求解结果: 目标值=6.0000， 下界=5.7391， 上界=11.0000
    非整数变量: COL_15-21-31-6-8_21 = 0.200000
  解不是整数，开始分支...
ImposedVertex(vertex=15)
ForbidVertex(vertex=15)
  创建了 2 个分支
    添加分支节点 1: ID=32
    添加分支节点 2: ID=33

处理节点 29
  开始列生成求解...
Set parameter LogToConsole to value 0
Set parameter Threads to value 1
Set parameter Seed to value 0
  定价策略: Exact, node=29, vertices=26
Set parameter PoolSearchMode to value 2
Set parameter PoolSolutions to value 10
[CG 1] RMP=8.000000, pricing=ExactPricingSolver, new_columns=10
[CG 2] RMP=7.200000, pricing=ExactPricingSolver, new_columns=10
[CG 3] RMP=6.000000, pricing=ExactPricingSolver, new_columns=0
  搜索路径: [1, 2, 3, 4, 5, 6, 7, 8, 11, 13, 16, 10, 18, 17, 12, 19, 9, 28, 29]
  列生成求解结果: 目标值=6.0000， 下界=5.7391， 上界=11.0000
    非整数变量: COL_20-21-23-30-5_132 = 0.333333
  解不是整数，开始分支...
ImposedVertex(vertex=23)
ForbidVertex(vertex=23)
  创建了 2 个分支
    添加分支节点 1: ID=34
    添加分支节点 2: ID=35

处理节点 31
  开始列生成求解...
Set parameter LogToConsole to value 0
Set parameter Threads to value 1
Set parameter Seed to value 0
  定价策略: Exact, node=31, vertices=29
Set parameter PoolSearchMode to value 2
Set parameter PoolSolutions to value 10
[CG 1] RMP=6.000000, pricing=ExactPricingSolver, new_columns=10
[CG 2] RMP=5.739130, pricing=ExactPricingSolver, new_columns=0
  搜索路径: [1, 2, 3, 4, 5, 6, 7, 8, 11, 13, 16, 10, 18, 17, 12, 19, 9, 28, 29, 31]
  列生成求解结果: 目标值=5.7391， 下界=5.7391， 上界=11.0000
    非整数变量: COL_14-16-19-23-28_19 = 0.195652
  解不是整数，开始分支...
ImposedVertex(vertex=16)
ForbidVertex(vertex=16)
  创建了 2 个分支
    添加分支节点 1: ID=36
    添加分支节点 2: ID=37
  进度: 已处理 20 个节点, 剩余 17 个, 当前最优 11.0000, 当前列数: 360

处理节点 36
  开始列生成求解...
Set parameter LogToConsole to value 0
Set parameter Threads to value 1
Set parameter Seed to value 0
  定价策略: Exact, node=36, vertices=27
Set parameter PoolSearchMode to value 2
Set parameter PoolSolutions to value 10
[CG 1] RMP=10.000000, pricing=ExactPricingSolver, new_columns=0
  搜索路径: [1, 2, 3, 4, 5, 6, 7, 8, 11, 13, 16, 10, 18, 17, 12, 19, 9, 28, 29, 31, 36]
  列生成求解结果: 目标值=10.0000， 下界=5.7391， 上界=11.0000
    非整数变量: COL_15-21-31-6-8_21 = 0.250000
  解不是整数，开始分支...
ImposedVertex(vertex=6)
ForbidVertex(vertex=6)
  创建了 2 个分支
    添加分支节点 1: ID=38
    添加分支节点 2: ID=39

处理节点 37
  开始列生成求解...
Set parameter LogToConsole to value 0
Set parameter Threads to value 1
Set parameter Seed to value 0
  定价策略: Exact, node=37, vertices=28
Set parameter PoolSearchMode to value 2
Set parameter PoolSolutions to value 10
[CG 1] RMP=8.000000, pricing=ExactPricingSolver, new_columns=10
[CG 2] RMP=5.739130, pricing=ExactPricingSolver, new_columns=0
  搜索路径: [1, 2, 3, 4, 5, 6, 7, 8, 11, 13, 16, 10, 18, 17, 12, 19, 9, 28, 29, 31, 36, 37]
  列生成求解结果: 目标值=5.7391， 下界=5.7391， 上界=11.0000
    非整数变量: COL_15-2-22-32-8_29 = 0.158385
  解不是整数，开始分支...
ImposedVertex(vertex=5)
ForbidVertex(vertex=5)
  创建了 2 个分支
    添加分支节点 1: ID=40
    添加分支节点 2: ID=41

处理节点 30
  开始列生成求解...
Set parameter LogToConsole to value 0
Set parameter Threads to value 1
Set parameter Seed to value 0
  定价策略: Exact, node=30, vertices=28
Set parameter PoolSearchMode to value 2
Set parameter PoolSolutions to value 10
[CG 1] RMP=2012.000000, pricing=ExactPricingSolver, new_columns=10
[CG 2] RMP=8.000000, pricing=ExactPricingSolver, new_columns=10
[CG 3] RMP=8.000000, pricing=ExactPricingSolver, new_columns=0
  搜索路径: [1, 2, 3, 4, 5, 6, 7, 8, 11, 13, 16, 10, 18, 17, 12, 19, 9, 28, 29, 31, 36, 37, 30]
  列生成求解结果: 目标值=8.0000， 下界=5.7391， 上界=11.0000
    非整数变量: COL_12-16-19-21-23-27_8 = 0.333333
  解不是整数，开始分支...
ImposedVertex(vertex=16)
ForbidVertex(vertex=16)
  创建了 2 个分支
    添加分支节点 1: ID=42
    添加分支节点 2: ID=43

处理节点 40
  开始列生成求解...
Set parameter LogToConsole to value 0
Set parameter Threads to value 1
Set parameter Seed to value 0
  定价策略: Exact, node=40, vertices=25
Set parameter PoolSearchMode to value 2
Set parameter PoolSolutions to value 10
[CG 1] RMP=12.000000, pricing=ExactPricingSolver, new_columns=10
[CG 2] RMP=6.000000, pricing=ExactPricingSolver, new_columns=0
  搜索路径: [1, 2, 3, 4, 5, 6, 7, 8, 11, 13, 16, 10, 18, 17, 12, 19, 9, 28, 29, 31, 36, 37, 30, 40]
  列生成求解结果: 目标值=6.0000， 下界=5.7391， 上界=11.0000
    非整数变量: COL_15-2-22-32-8_29 = 0.200000
  解不是整数，开始分支...
ImposedVertex(vertex=8)
ForbidVertex(vertex=8)
  创建了 2 个分支
    添加分支节点 1: ID=44
    添加分支节点 2: ID=45

处理节点 41
  开始列生成求解...
Set parameter LogToConsole to value 0
Set parameter Threads to value 1
Set parameter Seed to value 0
  定价策略: Exact, node=41, vertices=27
Set parameter PoolSearchMode to value 2
Set parameter PoolSolutions to value 10
[CG 1] RMP=5.739130, pricing=ExactPricingSolver, new_columns=0
  搜索路径: [1, 2, 3, 4, 5, 6, 7, 8, 11, 13, 16, 10, 18, 17, 12, 19, 9, 28, 29, 31, 36, 37, 30, 40, 41]
  列生成求解结果: 目标值=5.7391， 下界=5.7391， 上界=11.0000
    非整数变量: COL_1-15-31-4-8_28 = 0.044203
  解不是整数，开始分支...
ImposedVertex(vertex=8)
ForbidVertex(vertex=8)
  创建了 2 个分支
    添加分支节点 1: ID=46
    添加分支节点 2: ID=47

处理节点 46
  开始列生成求解...
Set parameter LogToConsole to value 0
Set parameter Threads to value 1
Set parameter Seed to value 0
  定价策略: Exact, node=46, vertices=24
Set parameter PoolSearchMode to value 2
Set parameter PoolSolutions to value 10
[CG 1] RMP=7.200000, pricing=ExactPricingSolver, new_columns=10
[CG 2] RMP=6.000000, pricing=ExactPricingSolver, new_columns=0
  搜索路径: [1, 2, 3, 4, 5, 6, 7, 8, 11, 13, 16, 10, 18, 17, 12, 19, 9, 28, 29, 31, 36, 37, 30, 40, 41, 46]
  列生成求解结果: 目标值=6.0000， 下界=5.7391， 上界=11.0000
    非整数变量: COL_1-18-20-26_39 = 0.020000
  解不是整数，开始分支...
ImposedVertex(vertex=30)
ForbidVertex(vertex=30)
  创建了 2 个分支
    添加分支节点 1: ID=48
    添加分支节点 2: ID=49

处理节点 47
  开始列生成求解...
Set parameter LogToConsole to value 0
Set parameter Threads to value 1
Set parameter Seed to value 0
  定价策略: Exact, node=47, vertices=26
Set parameter PoolSearchMode to value 2
Set parameter PoolSolutions to value 10
[CG 1] RMP=9.000000, pricing=ExactPricingSolver, new_columns=10
[CG 2] RMP=5.739130, pricing=ExactPricingSolver, new_columns=0
  搜索路径: [1, 2, 3, 4, 5, 6, 7, 8, 11, 13, 16, 10, 18, 17, 12, 19, 9, 28, 29, 31, 36, 37, 30, 40, 41, 46, 47]
  列生成求解结果: 目标值=5.7391， 下界=5.7391， 上界=11.0000
    非整数变量: COL_20-23-31_35 = 0.159420
  解不是整数，开始分支...
ImposedVertex(vertex=10)
ForbidVertex(vertex=10)
  创建了 2 个分支
    添加分支节点 1: ID=50
    添加分支节点 2: ID=51

处理节点 50
  开始列生成求解...
Set parameter LogToConsole to value 0
Set parameter Threads to value 1
Set parameter Seed to value 0
  定价策略: Exact, node=50, vertices=24
Set parameter PoolSearchMode to value 2
Set parameter PoolSolutions to value 10
[CG 1] RMP=24.000000, pricing=ExactPricingSolver, new_columns=10
[CG 2] RMP=24.000000, pricing=ExactPricingSolver, new_columns=10
[CG 3] RMP=24.000000, pricing=ExactPricingSolver, new_columns=10
[CG 4] RMP=9.000000, pricing=ExactPricingSolver, new_columns=0
  搜索路径: [1, 2, 3, 4, 5, 6, 7, 8, 11, 13, 16, 10, 18, 17, 12, 19, 9, 28, 29, 31, 36, 37, 30, 40, 41, 46, 47, 50]
  列生成求解结果: 目标值=9.0000， 下界=5.7391， 上界=11.0000
    非整数变量: COL_19-22-23-27-31-6_358 = 0.583333
  解不是整数，开始分支...
ImposedVertex(vertex=6)
ForbidVertex(vertex=6)
  创建了 2 个分支
    添加分支节点 1: ID=52
    添加分支节点 2: ID=53

处理节点 51
  开始列生成求解...
Set parameter LogToConsole to value 0
Set parameter Threads to value 1
Set parameter Seed to value 0
  定价策略: Exact, node=51, vertices=25
Set parameter PoolSearchMode to value 2
Set parameter PoolSolutions to value 10
[CG 1] RMP=6.000000, pricing=ExactPricingSolver, new_columns=10
[CG 2] RMP=6.000000, pricing=ExactPricingSolver, new_columns=10
[CG 3] RMP=6.000000, pricing=ExactPricingSolver, new_columns=0
  搜索路径: [1, 2, 3, 4, 5, 6, 7, 8, 11, 13, 16, 10, 18, 17, 12, 19, 9, 28, 29, 31, 36, 37, 30, 40, 41, 46, 47, 50, 51]
  列生成求解结果: 目标值=6.0000， 下界=5.7391， 上界=11.0000
    非整数变量: COL_1-18-20-26_39 = 0.100000
  解不是整数，开始分支...
ImposedVertex(vertex=26)
ForbidVertex(vertex=26)
  创建了 2 个分支
    添加分支节点 1: ID=54
    添加分支节点 2: ID=55

处理节点 33
  开始列生成求解...
Set parameter LogToConsole to value 0
Set parameter Threads to value 1
Set parameter Seed to value 0
  定价策略: Exact, node=33, vertices=23
Set parameter PoolSearchMode to value 2
Set parameter PoolSolutions to value 10
[CG 1] RMP=6.000000, pricing=ExactPricingSolver, new_columns=0
  搜索路径: [1, 2, 3, 4, 5, 6, 7, 8, 11, 13, 16, 10, 18, 17, 12, 19, 9, 28, 29, 31, 36, 37, 30, 40, 41, 46, 47, 50, 51, 33]
  列生成求解结果: 目标值=6.0000， 下界=6.0000， 上界=11.0000
    非整数变量: COL_0-18-24-31_42 = 0.022727
  解不是整数，开始分支...
ImposedVertex(vertex=24)
ForbidVertex(vertex=24)
  创建了 2 个分支
    添加分支节点 1: ID=56
    添加分支节点 2: ID=57
  进度: 已处理 30 个节点, 剩余 27 个, 当前最优 11.0000, 当前列数: 470

处理节点 49
  开始列生成求解...
Set parameter LogToConsole to value 0
Set parameter Threads to value 1
Set parameter Seed to value 0
  定价策略: Exact, node=49, vertices=23
Set parameter PoolSearchMode to value 2
Set parameter PoolSolutions to value 10
[CG 1] RMP=6.000000, pricing=ExactPricingSolver, new_columns=0
  搜索路径: [1, 2, 3, 4, 5, 6, 7, 8, 11, 13, 16, 10, 18, 17, 12, 19, 9, 28, 29, 31, 36, 37, 30, 40, 41, 46, 47, 50, 51, 33, 49]
  列生成求解结果: 目标值=6.0000， 下界=6.0000， 上界=11.0000
    非整数变量: COL_15-2-22-32-8_29 = 0.250000
  解不是整数，开始分支...
ImposedVertex(vertex=26)
ForbidVertex(vertex=26)
  创建了 2 个分支
    添加分支节点 1: ID=58
    添加分支节点 2: ID=59

处理节点 56
  开始列生成求解...
Set parameter LogToConsole to value 0
Set parameter Threads to value 1
Set parameter Seed to value 0
  定价策略: Exact, node=56, vertices=20
Set parameter PoolSearchMode to value 2
Set parameter PoolSolutions to value 10
[CG 1] RMP=12.000000, pricing=ExactPricingSolver, new_columns=10
[CG 2] RMP=12.000000, pricing=ExactPricingSolver, new_columns=10
[CG 3] RMP=12.000000, pricing=ExactPricingSolver, new_columns=0
  搜索路径: [1, 2, 3, 4, 5, 6, 7, 8, 11, 13, 16, 10, 18, 17, 12, 19, 9, 28, 29, 31, 36, 37, 30, 40, 41, 46, 47, 50, 51, 33, 49, 56]
  列生成求解结果: 目标值=12.0000， 下界=6.0000， 上界=11.0000

处理节点 57
  开始列生成求解...
Set parameter LogToConsole to value 0
Set parameter Threads to value 1
Set parameter Seed to value 0
  定价策略: Exact, node=57, vertices=22
Set parameter PoolSearchMode to value 2
Set parameter PoolSolutions to value 10
[CG 1] RMP=7.542857, pricing=ExactPricingSolver, new_columns=10
[CG 2] RMP=7.096774, pricing=ExactPricingSolver, new_columns=0
  搜索路径: [1, 2, 3, 4, 5, 6, 7, 8, 11, 13, 16, 10, 18, 17, 12, 19, 9, 28, 29, 31, 36, 37, 30, 40, 41, 46, 47, 50, 51, 33, 49, 56, 57]
  列生成求解结果: 目标值=7.0968， 下界=6.0000， 上界=11.0000
    非整数变量: COL_18-20-22-30_67 = 0.118280
  解不是整数，开始分支...
ImposedVertex(vertex=30)
ForbidVertex(vertex=30)
  创建了 2 个分支
    添加分支节点 1: ID=60
    添加分支节点 2: ID=61

处理节点 59
  开始列生成求解...
Set parameter LogToConsole to value 0
Set parameter Threads to value 1
Set parameter Seed to value 0
  定价策略: Exact, node=59, vertices=22
Set parameter PoolSearchMode to value 2
Set parameter PoolSolutions to value 10
[CG 1] RMP=9.000000, pricing=ExactPricingSolver, new_columns=10
[CG 2] RMP=6.000000, pricing=ExactPricingSolver, new_columns=0
  搜索路径: [1, 2, 3, 4, 5, 6, 7, 8, 11, 13, 16, 10, 18, 17, 12, 19, 9, 28, 29, 31, 36, 37, 30, 40, 41, 46, 47, 50, 51, 33, 49, 56, 57, 59]
  列生成求解结果: 目标值=6.0000， 下界=6.0000， 上界=11.0000
    非整数变量: COL_15-21-31-6-8_21 = 0.181818
  解不是整数，开始分支...
ImposedVertex(vertex=6)
ForbidVertex(vertex=6)
  创建了 2 个分支
    添加分支节点 1: ID=62
    添加分支节点 2: ID=63

处理节点 58
  开始列生成求解...
Set parameter LogToConsole to value 0
Set parameter Threads to value 1
Set parameter Seed to value 0
  定价策略: Exact, node=58, vertices=20
Set parameter PoolSearchMode to value 2
Set parameter PoolSolutions to value 10
[CG 1] RMP=2012.000000, pricing=ExactPricingSolver, new_columns=10
[CG 2] RMP=260.000000, pricing=ExactPricingSolver, new_columns=10
[CG 3] RMP=8.000000, pricing=ExactPricingSolver, new_columns=0
  搜索路径: [1, 2, 3, 4, 5, 6, 7, 8, 11, 13, 16, 10, 18, 17, 12, 19, 9, 28, 29, 31, 36, 37, 30, 40, 41, 46, 47, 50, 51, 33, 49, 56, 57, 59, 58]
  列生成求解结果: 目标值=8.0000， 下界=6.0000， 上界=11.0000
    非整数变量: COL_15-2-22-32-8_29 = 0.250000
  解不是整数，开始分支...
ImposedVertex(vertex=2)
ForbidVertex(vertex=2)
  创建了 2 个分支
    添加分支节点 1: ID=64
    添加分支节点 2: ID=65

处理节点 62
  开始列生成求解...
Set parameter LogToConsole to value 0
Set parameter Threads to value 1
Set parameter Seed to value 0
  定价策略: Exact, node=62, vertices=20
Set parameter PoolSearchMode to value 2
Set parameter PoolSolutions to value 10
[CG 1] RMP=512.000000, pricing=ExactPricingSolver, new_columns=10
[CG 2] RMP=10.000000, pricing=ExactPricingSolver, new_columns=0
  搜索路径: [1, 2, 3, 4, 5, 6, 7, 8, 11, 13, 16, 10, 18, 17, 12, 19, 9, 28, 29, 31, 36, 37, 30, 40, 41, 46, 47, 50, 51, 33, 49, 56, 57, 59, 58, 62]
  列生成求解结果: 目标值=10.0000， 下界=6.0000， 上界=11.0000
    非整数变量: COL_19-22-23-27-31-6_358 = 0.333333
  解不是整数，开始分支...
ImposedVertex(vertex=27)
ForbidVertex(vertex=27)
  创建了 2 个分支
    添加分支节点 1: ID=66
    添加分支节点 2: ID=67

处理节点 63
  开始列生成求解...
Set parameter LogToConsole to value 0
Set parameter Threads to value 1
Set parameter Seed to value 0
  定价策略: Exact, node=63, vertices=21
Set parameter PoolSearchMode to value 2
Set parameter PoolSolutions to value 10
[CG 1] RMP=258.250000, pricing=ExactPricingSolver, new_columns=10
[CG 2] RMP=6.000000, pricing=ExactPricingSolver, new_columns=0
  搜索路径: [1, 2, 3, 4, 5, 6, 7, 8, 11, 13, 16, 10, 18, 17, 12, 19, 9, 28, 29, 31, 36, 37, 30, 40, 41, 46, 47, 50, 51, 33, 49, 56, 57, 59, 58, 62, 63]
  列生成求解结果: 目标值=6.0000， 下界=6.0000， 上界=11.0000
    非整数变量: COL_1-15-31-4-8_28 = 0.250000
  解不是整数，开始分支...
ImposedVertex(vertex=29)
ForbidVertex(vertex=29)
  创建了 2 个分支
    添加分支节点 1: ID=68
    添加分支节点 2: ID=69

处理节点 34
  开始列生成求解...
Set parameter LogToConsole to value 0
Set parameter Threads to value 1
Set parameter Seed to value 0
  定价策略: Exact, node=34, vertices=23
Set parameter PoolSearchMode to value 2
Set parameter PoolSolutions to value 10
[CG 1] RMP=2012.000000, pricing=ExactPricingSolver, new_columns=10
[CG 2] RMP=12.000000, pricing=ExactPricingSolver, new_columns=10
[CG 3] RMP=12.000000, pricing=ExactPricingSolver, new_columns=10
[CG 4] RMP=10.000000, pricing=ExactPricingSolver, new_columns=0
  搜索路径: [1, 2, 3, 4, 5, 6, 7, 8, 11, 13, 16, 10, 18, 17, 12, 19, 9, 28, 29, 31, 36, 37, 30, 40, 41, 46, 47, 50, 51, 33, 49, 56, 57, 59, 58, 62, 63, 34]
  列生成求解结果: 目标值=10.0000， 下界=6.0000， 上界=11.0000
    非整数变量: COL_0-12-20-9_250 = 0.166667
  解不是整数，开始分支...
ImposedVertex(vertex=9)
ForbidVertex(vertex=9)
  创建了 2 个分支
    添加分支节点 1: ID=70
    添加分支节点 2: ID=71

处理节点 68
  开始列生成求解...
Set parameter LogToConsole to value 0
Set parameter Threads to value 1
Set parameter Seed to value 0
  定价策略: Exact, node=68, vertices=19
Set parameter PoolSearchMode to value 2
Set parameter PoolSolutions to value 10
[CG 1] RMP=2012.000000, pricing=ExactPricingSolver, new_columns=10
[CG 2] RMP=12.000000, pricing=ExactPricingSolver, new_columns=10
[CG 3] RMP=10.000000, pricing=ExactPricingSolver, new_columns=10
[CG 4] RMP=10.000000, pricing=ExactPricingSolver, new_columns=0
  搜索路径: [1, 2, 3, 4, 5, 6, 7, 8, 11, 13, 16, 10, 18, 17, 12, 19, 9, 28, 29, 31, 36, 37, 30, 40, 41, 46, 47, 50, 51, 33, 49, 56, 57, 59, 58, 62, 63, 34, 68]
  列生成求解结果: 目标值=10.0000， 下界=6.0000， 上界=11.0000
    非整数变量: COL_17-21-29-7-8_59 = 0.500000
  解不是整数，开始分支...
ImposedVertex(vertex=7)
ForbidVertex(vertex=7)
  创建了 2 个分支
    添加分支节点 1: ID=72
    添加分支节点 2: ID=73

处理节点 32
  开始列生成求解...
Set parameter LogToConsole to value 0
Set parameter Threads to value 1
Set parameter Seed to value 0
  定价策略: Exact, node=32, vertices=21
Set parameter PoolSearchMode to value 2
Set parameter PoolSolutions to value 10
[CG 1] RMP=2012.000000, pricing=ExactPricingSolver, new_columns=10
[CG 2] RMP=2012.000000, pricing=ExactPricingSolver, new_columns=10
[CG 3] RMP=12.000000, pricing=ExactPricingSolver, new_columns=0
  搜索路径: [1, 2, 3, 4, 5, 6, 7, 8, 11, 13, 16, 10, 18, 17, 12, 19, 9, 28, 29, 31, 36, 37, 30, 40, 41, 46, 47, 50, 51, 33, 49, 56, 57, 59, 58, 62, 63, 34, 68, 32]
  列生成求解结果: 目标值=12.0000， 下界=6.0000， 上界=11.0000

处理节点 35
  开始列生成求解...
Set parameter LogToConsole to value 0
Set parameter Threads to value 1
Set parameter Seed to value 0
  定价策略: Exact, node=35, vertices=25
Set parameter PoolSearchMode to value 2
Set parameter PoolSolutions to value 10
[CG 1] RMP=6.000000, pricing=ExactPricingSolver, new_columns=10
[CG 2] RMP=6.000000, pricing=ExactPricingSolver, new_columns=0
  搜索路径: [1, 2, 3, 4, 5, 6, 7, 8, 11, 13, 16, 10, 18, 17, 12, 19, 9, 28, 29, 31, 36, 37, 30, 40, 41, 46, 47, 50, 51, 33, 49, 56, 57, 59, 58, 62, 63, 34, 68, 32, 35]
  列生成求解结果: 目标值=6.0000， 下界=6.0000， 上界=11.0000
    非整数变量: COL_0-20-26-29-5_134 = 0.200000
  解不是整数，开始分支...
ImposedVertex(vertex=5)
ForbidVertex(vertex=5)
  创建了 2 个分支
    添加分支节点 1: ID=74
    添加分支节点 2: ID=75

处理节点 74
  开始列生成求解...
Set parameter LogToConsole to value 0
Set parameter Threads to value 1
Set parameter Seed to value 0
  定价策略: Exact, node=74, vertices=24
Set parameter PoolSearchMode to value 2
Set parameter PoolSolutions to value 10
[CG 1] RMP=12.000000, pricing=ExactPricingSolver, new_columns=10
[CG 2] RMP=10.000000, pricing=ExactPricingSolver, new_columns=0
  搜索路径: [1, 2, 3, 4, 5, 6, 7, 8, 11, 13, 16, 10, 18, 17, 12, 19, 9, 28, 29, 31, 36, 37, 30, 40, 41, 46, 47, 50, 51, 33, 49, 56, 57, 59, 58, 62, 63, 34, 68, 32, 35, 74]
  列生成求解结果: 目标值=10.0000， 下界=6.0000， 上界=11.0000
    非整数变量: COL_0-15-24-30-32-5_243 = 0.500000
  解不是整数，开始分支...
ImposedVertex(vertex=15)
ForbidVertex(vertex=15)
  创建了 2 个分支
    添加分支节点 1: ID=76
    添加分支节点 2: ID=77

处理节点 75
  开始列生成求解...
Set parameter LogToConsole to value 0
Set parameter Threads to value 1
Set parameter Seed to value 0
  定价策略: Exact, node=75, vertices=24
Set parameter PoolSearchMode to value 2
Set parameter PoolSolutions to value 10
[CG 1] RMP=10.000000, pricing=ExactPricingSolver, new_columns=0
  搜索路径: [1, 2, 3, 4, 5, 6, 7, 8, 11, 13, 16, 10, 18, 17, 12, 19, 9, 28, 29, 31, 36, 37, 30, 40, 41, 46, 47, 50, 51, 33, 49, 56, 57, 59, 58, 62, 63, 34, 68, 32, 35, 74, 75]
  列生成求解结果: 目标值=10.0000， 下界=6.0000， 上界=11.0000
    非整数变量: COL_18-20-22-30_67 = 0.250000
  解不是整数，开始分支...
ImposedVertex(vertex=18)
ForbidVertex(vertex=18)
  创建了 2 个分支
    添加分支节点 1: ID=78
    添加分支节点 2: ID=79

处理节点 45
  开始列生成求解...
Set parameter LogToConsole to value 0
Set parameter Threads to value 1
Set parameter Seed to value 0
  定价策略: Exact, node=45, vertices=24
Set parameter PoolSearchMode to value 2
Set parameter PoolSolutions to value 10
[CG 1] RMP=7.118644, pricing=ExactPricingSolver, new_columns=10
[CG 2] RMP=6.000000, pricing=ExactPricingSolver, new_columns=0
  搜索路径: [1, 2, 3, 4, 5, 6, 7, 8, 11, 13, 16, 10, 18, 17, 12, 19, 9, 28, 29, 31, 36, 37, 30, 40, 41, 46, 47, 50, 51, 33, 49, 56, 57, 59, 58, 62, 63, 34, 68, 32, 35, 74, 75, 45]
  列生成求解结果: 目标值=6.0000， 下界=6.0000， 上界=11.0000
    非整数变量: COL_1-18-20-26_39 = 0.065530
  解不是整数，开始分支...
ImposedVertex(vertex=26)
ForbidVertex(vertex=26)
  创建了 2 个分支
    添加分支节点 1: ID=80
    添加分支节点 2: ID=81

处理节点 48
  开始列生成求解...
Set parameter LogToConsole to value 0
Set parameter Threads to value 1
Set parameter Seed to value 0
  定价策略: Exact, node=48, vertices=21
Set parameter PoolSearchMode to value 2
Set parameter PoolSolutions to value 10
[CG 1] RMP=341.333333, pricing=ExactPricingSolver, new_columns=10
[CG 2] RMP=8.000000, pricing=ExactPricingSolver, new_columns=0
  搜索路径: [1, 2, 3, 4, 5, 6, 7, 8, 11, 13, 16, 10, 18, 17, 12, 19, 9, 28, 29, 31, 36, 37, 30, 40, 41, 46, 47, 50, 51, 33, 49, 56, 57, 59, 58, 62, 63, 34, 68, 32, 35, 74, 75, 45, 48]
  列生成求解结果: 目标值=8.0000， 下界=6.0000， 上界=11.0000
    非整数变量: COL_18-20-26_37 = 0.333333
  解不是整数，开始分支...
ImposedVertex(vertex=18)
ForbidVertex(vertex=18)
  创建了 2 个分支
    添加分支节点 1: ID=82
    添加分支节点 2: ID=83

处理节点 44
  开始列生成求解...
Set parameter LogToConsole to value 0
Set parameter Threads to value 1
Set parameter Seed to value 0
  定价策略: Exact, node=44, vertices=22
Set parameter PoolSearchMode to value 2
Set parameter PoolSolutions to value 10
[CG 1] RMP=2012.000000, pricing=ExactPricingSolver, new_columns=10
[CG 2] RMP=1012.000000, pricing=ExactPricingSolver, new_columns=9
[CG 3] RMP=1012.000000, pricing=ExactPricingSolver, new_columns=0
  搜索路径: [1, 2, 3, 4, 5, 6, 7, 8, 11, 13, 16, 10, 18, 17, 12, 19, 9, 28, 29, 31, 36, 37, 30, 40, 41, 46, 47, 50, 51, 33, 49, 56, 57, 59, 58, 62, 63, 34, 68, 32, 35, 74, 75, 45, 48, 44]
  列生成求解结果: 目标值=1012.0000， 下界=6.0000， 上界=11.0000

处理节点 69
  开始列生成求解...
Set parameter LogToConsole to value 0
Set parameter Threads to value 1
Set parameter Seed to value 0
  定价策略: Exact, node=69, vertices=20
Set parameter PoolSearchMode to value 2
Set parameter PoolSolutions to value 10
[CG 1] RMP=207.200000, pricing=ExactPricingSolver, new_columns=10
[CG 2] RMP=6.000000, pricing=ExactPricingSolver, new_columns=0
  搜索路径: [1, 2, 3, 4, 5, 6, 7, 8, 11, 13, 16, 10, 18, 17, 12, 19, 9, 28, 29, 31, 36, 37, 30, 40, 41, 46, 47, 50, 51, 33, 49, 56, 57, 59, 58, 62, 63, 34, 68, 32, 35, 74, 75, 45, 48, 44, 69]
  列生成求解结果: 目标值=6.0000， 下界=6.0000， 上界=11.0000
    非整数变量: COL_1-15-31-4-8_28 = 0.254735
  解不是整数，开始分支...
ImposedVertex(vertex=23)
ForbidVertex(vertex=23)
  创建了 2 个分支
    添加分支节点 1: ID=84
    添加分支节点 2: ID=85

处理节点 80
  开始列生成求解...
Set parameter LogToConsole to value 0
Set parameter Threads to value 1
Set parameter Seed to value 0
  定价策略: Exact, node=80, vertices=21
Set parameter PoolSearchMode to value 2
Set parameter PoolSolutions to value 10
[CG 1] RMP=12.000000, pricing=ExactPricingSolver, new_columns=10
[CG 2] RMP=12.000000, pricing=ExactPricingSolver, new_columns=10
[CG 3] RMP=12.000000, pricing=ExactPricingSolver, new_columns=10
[CG 4] RMP=12.000000, pricing=ExactPricingSolver, new_columns=10
[CG 5] RMP=9.000000, pricing=ExactPricingSolver, new_columns=0
  搜索路径: [1, 2, 3, 4, 5, 6, 7, 8, 11, 13, 16, 10, 18, 17, 12, 19, 9, 28, 29, 31, 36, 37, 30, 40, 41, 46, 47, 50, 51, 33, 49, 56, 57, 59, 58, 62, 63, 34, 68, 32, 35, 74, 75, 45, 48, 44, 69, 80]
  列生成求解结果: 目标值=9.0000， 下界=6.0000， 上界=11.0000
    非整数变量: COL_11-18-2-20-28_65 = 0.500000
  解不是整数，开始分支...
ImposedVertex(vertex=11)
ForbidVertex(vertex=11)
  创建了 2 个分支
    添加分支节点 1: ID=86
    添加分支节点 2: ID=87

处理节点 81
  开始列生成求解...
Set parameter LogToConsole to value 0
Set parameter Threads to value 1
Set parameter Seed to value 0
  定价策略: Exact, node=81, vertices=23
Set parameter PoolSearchMode to value 2
Set parameter PoolSolutions to value 10
[CG 1] RMP=6.000000, pricing=ExactPricingSolver, new_columns=0
  搜索路径: [1, 2, 3, 4, 5, 6, 7, 8, 11, 13, 16, 10, 18, 17, 12, 19, 9, 28, 29, 31, 36, 37, 30, 40, 41, 46, 47, 50, 51, 33, 49, 56, 57, 59, 58, 62, 63, 34, 68, 32, 35, 74, 75, 45, 48, 44, 69, 80, 81]
  列生成求解结果: 目标值=6.0000， 下界=6.0000， 上界=11.0000
    非整数变量: COL_20-23-31_35 = 0.066667
  解不是整数，开始分支...
ImposedVertex(vertex=10)
ForbidVertex(vertex=10)
  创建了 2 个分支
    添加分支节点 1: ID=88
    添加分支节点 2: ID=89

处理节点 84
  开始列生成求解...
Set parameter LogToConsole to value 0
Set parameter Threads to value 1
Set parameter Seed to value 0
  定价策略: Exact, node=84, vertices=18
Set parameter PoolSearchMode to value 2
Set parameter PoolSolutions to value 10
[CG 1] RMP=11.000000, pricing=ExactPricingSolver, new_columns=10
[CG 2] RMP=11.000000, pricing=ExactPricingSolver, new_columns=10
[CG 3] RMP=11.000000, pricing=ExactPricingSolver, new_columns=10
[CG 4] RMP=6.921348, pricing=ExactPricingSolver, new_columns=10
[CG 5] RMP=6.000000, pricing=ExactPricingSolver, new_columns=0
  搜索路径: [1, 2, 3, 4, 5, 6, 7, 8, 11, 13, 16, 10, 18, 17, 12, 19, 9, 28, 29, 31, 36, 37, 30, 40, 41, 46, 47, 50, 51, 33, 49, 56, 57, 59, 58, 62, 63, 34, 68, 32, 35, 74, 75, 45, 48, 44, 69, 80, 81, 84]
  列生成求解结果: 目标值=6.0000， 下界=6.0000， 上界=11.0000
    非整数变量: COL_15-22-31-4-8_30 = 0.125000
  解不是整数，开始分支...
ImposedVertex(vertex=4)
ForbidVertex(vertex=4)
  创建了 2 个分支
    添加分支节点 1: ID=90
    添加分支节点 2: ID=91
  进度: 已处理 50 个节点, 剩余 41 个, 当前最优 11.0000, 当前列数: 779

处理节点 90
  开始列生成求解...
Set parameter LogToConsole to value 0
Set parameter Threads to value 1
Set parameter Seed to value 0
  定价策略: Exact, node=90, vertices=17
Set parameter PoolSearchMode to value 2
Set parameter PoolSolutions to value 10
[CG 1] RMP=175.833333, pricing=ExactPricingSolver, new_columns=10
[CG 2] RMP=11.000000, pricing=ExactPricingSolver, new_columns=0
  搜索路径: [1, 2, 3, 4, 5, 6, 7, 8, 11, 13, 16, 10, 18, 17, 12, 19, 9, 28, 29, 31, 36, 37, 30, 40, 41, 46, 47, 50, 51, 33, 49, 56, 57, 59, 58, 62, 63, 34, 68, 32, 35, 74, 75, 45, 48, 44, 69, 80, 81, 84, 90]
  列生成求解结果: 目标值=11.0000， 下界=6.0000， 上界=11.0000

处理节点 91
  开始列生成求解...
Set parameter LogToConsole to value 0
Set parameter Threads to value 1
Set parameter Seed to value 0
  定价策略: Exact, node=91, vertices=17
Set parameter PoolSearchMode to value 2
Set parameter PoolSolutions to value 10
[CG 1] RMP=8.000000, pricing=ExactPricingSolver, new_columns=0
  搜索路径: [1, 2, 3, 4, 5, 6, 7, 8, 11, 13, 16, 10, 18, 17, 12, 19, 9, 28, 29, 31, 36, 37, 30, 40, 41, 46, 47, 50, 51, 33, 49, 56, 57, 59, 58, 62, 63, 34, 68, 32, 35, 74, 75, 45, 48, 44, 69, 80, 81, 84, 90, 91]
  列生成求解结果: 目标值=8.0000， 下界=6.0000， 上界=11.0000
    非整数变量: COL_14-17-2-21-32_403 = 0.204545
  解不是整数，开始分支...
ImposedVertex(vertex=2)
ForbidVertex(vertex=2)
  创建了 2 个分支
    添加分支节点 1: ID=92
    添加分支节点 2: ID=93

处理节点 85
  开始列生成求解...
Set parameter LogToConsole to value 0
Set parameter Threads to value 1
Set parameter Seed to value 0
  定价策略: Exact, node=85, vertices=19
Set parameter PoolSearchMode to value 2
Set parameter PoolSolutions to value 10
[CG 1] RMP=6.000000, pricing=ExactPricingSolver, new_columns=0
  搜索路径: [1, 2, 3, 4, 5, 6, 7, 8, 11, 13, 16, 10, 18, 17, 12, 19, 9, 28, 29, 31, 36, 37, 30, 40, 41, 46, 47, 50, 51, 33, 49, 56, 57, 59, 58, 62, 63, 34, 68, 32, 35, 74, 75, 45, 48, 44, 69, 80, 81, 84, 90, 91, 85]
  列生成求解结果: 目标值=6.0000， 下界=6.0000， 上界=11.0000
    非整数变量: COL_1-15-31-4-8_28 = 0.187121
  解不是整数，开始分支...
ImposedVertex(vertex=1)
ForbidVertex(vertex=1)
  创建了 2 个分支
    添加分支节点 1: ID=94
    添加分支节点 2: ID=95

处理节点 89
  开始列生成求解...
Set parameter LogToConsole to value 0
Set parameter Threads to value 1
Set parameter Seed to value 0
  定价策略: Exact, node=89, vertices=22
Set parameter PoolSearchMode to value 2
Set parameter PoolSolutions to value 10
[CG 1] RMP=7.096774, pricing=ExactPricingSolver, new_columns=10
[CG 2] RMP=6.000000, pricing=ExactPricingSolver, new_columns=0
  搜索路径: [1, 2, 3, 4, 5, 6, 7, 8, 11, 13, 16, 10, 18, 17, 12, 19, 9, 28, 29, 31, 36, 37, 30, 40, 41, 46, 47, 50, 51, 33, 49, 56, 57, 59, 58, 62, 63, 34, 68, 32, 35, 74, 75, 45, 48, 44, 69, 80, 81, 84, 90, 91, 85, 89]
  列生成求解结果: 目标值=6.0000， 下界=6.0000， 上界=11.0000
    非整数变量: COL_1-17-23-31-5_40 = 0.100000
  解不是整数，开始分支...
ImposedVertex(vertex=28)
ForbidVertex(vertex=28)
  创建了 2 个分支
    添加分支节点 1: ID=96
    添加分支节点 2: ID=97

处理节点 88
  开始列生成求解...
Set parameter LogToConsole to value 0
Set parameter Threads to value 1
Set parameter Seed to value 0
  定价策略: Exact, node=88, vertices=21
Set parameter PoolSearchMode to value 2
Set parameter PoolSolutions to value 10
[CG 1] RMP=12.000000, pricing=ExactPricingSolver, new_columns=10
[CG 2] RMP=12.000000, pricing=ExactPricingSolver, new_columns=10
[CG 3] RMP=9.000000, pricing=ExactPricingSolver, new_columns=0
  搜索路径: [1, 2, 3, 4, 5, 6, 7, 8, 11, 13, 16, 10, 18, 17, 12, 19, 9, 28, 29, 31, 36, 37, 30, 40, 41, 46, 47, 50, 51, 33, 49, 56, 57, 59, 58, 62, 63, 34, 68, 32, 35, 74, 75, 45, 48, 44, 69, 80, 81, 84, 90, 91, 85, 89, 88]
  列生成求解结果: 目标值=9.0000， 下界=6.0000， 上界=11.0000
    非整数变量: COL_10-18-20-30_64 = 0.125000
  解不是整数，开始分支...
ImposedVertex(vertex=30)
ForbidVertex(vertex=30)
  创建了 2 个分支
    添加分支节点 1: ID=98
    添加分支节点 2: ID=99

处理节点 94
  开始列生成求解...
Set parameter LogToConsole to value 0
Set parameter Threads to value 1
Set parameter Seed to value 0
  定价策略: Exact, node=94, vertices=18
Set parameter PoolSearchMode to value 2
Set parameter PoolSolutions to value 10
[CG 1] RMP=260.000000, pricing=ExactPricingSolver, new_columns=10
[CG 2] RMP=257.800000, pricing=ExactPricingSolver, new_columns=10
[CG 3] RMP=256.000000, pricing=ExactPricingSolver, new_columns=0
  搜索路径: [1, 2, 3, 4, 5, 6, 7, 8, 11, 13, 16, 10, 18, 17, 12, 19, 9, 28, 29, 31, 36, 37, 30, 40, 41, 46, 47, 50, 51, 33, 49, 56, 57, 59, 58, 62, 63, 34, 68, 32, 35, 74, 75, 45, 48, 44, 69, 80, 81, 84, 90, 91, 85, 89, 88, 94]
  列生成求解结果: 目标值=256.0000， 下界=6.0000， 上界=11.0000

处理节点 95
  开始列生成求解...
Set parameter LogToConsole to value 0
Set parameter Threads to value 1
Set parameter Seed to value 0
  定价策略: Exact, node=95, vertices=18
Set parameter PoolSearchMode to value 2
Set parameter PoolSolutions to value 10
[CG 1] RMP=9.000000, pricing=ExactPricingSolver, new_columns=0
  搜索路径: [1, 2, 3, 4, 5, 6, 7, 8, 11, 13, 16, 10, 18, 17, 12, 19, 9, 28, 29, 31, 36, 37, 30, 40, 41, 46, 47, 50, 51, 33, 49, 56, 57, 59, 58, 62, 63, 34, 68, 32, 35, 74, 75, 45, 48, 44, 69, 80, 81, 84, 90, 91, 85, 89, 88, 94, 95]
  列生成求解结果: 目标值=9.0000， 下界=6.0000， 上界=11.0000
    非整数变量: COL_15-2-22-32-8_29 = 0.090909
  解不是整数，开始分支...
ImposedVertex(vertex=15)
ForbidVertex(vertex=15)
  创建了 2 个分支
    添加分支节点 1: ID=100
    添加分支节点 2: ID=101

处理节点 96
  开始列生成求解...
Set parameter LogToConsole to value 0
Set parameter Threads to value 1
Set parameter Seed to value 0
  定价策略: Exact, node=96, vertices=19
Set parameter PoolSearchMode to value 2
Set parameter PoolSolutions to value 10
[CG 1] RMP=12.000000, pricing=ExactPricingSolver, new_columns=10
[CG 2] RMP=12.000000, pricing=ExactPricingSolver, new_columns=10
[CG 3] RMP=12.000000, pricing=ExactPricingSolver, new_columns=10
[CG 4] RMP=9.000000, pricing=ExactPricingSolver, new_columns=0
  搜索路径: [1, 2, 3, 4, 5, 6, 7, 8, 11, 13, 16, 10, 18, 17, 12, 19, 9, 28, 29, 31, 36, 37, 30, 40, 41, 46, 47, 50, 51, 33, 49, 56, 57, 59, 58, 62, 63, 34, 68, 32, 35, 74, 75, 45, 48, 44, 69, 80, 81, 84, 90, 91, 85, 89, 88, 94, 95, 96]
  列生成求解结果: 目标值=9.0000， 下界=6.0000， 上界=11.0000
    非整数变量: COL_11-18-2-20-28_65 = 0.181818
  解不是整数，开始分支...
ImposedVertex(vertex=11)
ForbidVertex(vertex=11)
  创建了 2 个分支
    添加分支节点 1: ID=102
    添加分支节点 2: ID=103

处理节点 97
  开始列生成求解...
Set parameter LogToConsole to value 0
Set parameter Threads to value 1
Set parameter Seed to value 0
  定价策略: Exact, node=97, vertices=21
Set parameter PoolSearchMode to value 2
Set parameter PoolSolutions to value 10
[CG 1] RMP=12.000000, pricing=ExactPricingSolver, new_columns=10
[CG 2] RMP=10.000000, pricing=ExactPricingSolver, new_columns=10
[CG 3] RMP=10.000000, pricing=ExactPricingSolver, new_columns=0
  搜索路径: [1, 2, 3, 4, 5, 6, 7, 8, 11, 13, 16, 10, 18, 17, 12, 19, 9, 28, 29, 31, 36, 37, 30, 40, 41, 46, 47, 50, 51, 33, 49, 56, 57, 59, 58, 62, 63, 34, 68, 32, 35, 74, 75, 45, 48, 44, 69, 80, 81, 84, 90, 91, 85, 89, 88, 94, 95, 96, 97]
  列生成求解结果: 目标值=10.0000， 下界=6.0000， 上界=11.0000
    非整数变量: COL_14-17-2-21-9_308 = 0.833333
  解不是整数，开始分支...
ImposedVertex(vertex=9)
ForbidVertex(vertex=9)
  创建了 2 个分支
    添加分支节点 1: ID=104
    添加分支节点 2: ID=105

处理节点 54
  开始列生成求解...
Set parameter LogToConsole to value 0
Set parameter Threads to value 1
Set parameter Seed to value 0
  定价策略: Exact, node=54, vertices=22
Set parameter PoolSearchMode to value 2
Set parameter PoolSolutions to value 10
[CG 1] RMP=2012.000000, pricing=ExactPricingSolver, new_columns=10
[CG 2] RMP=10.000000, pricing=ExactPricingSolver, new_columns=0
  搜索路径: [1, 2, 3, 4, 5, 6, 7, 8, 11, 13, 16, 10, 18, 17, 12, 19, 9, 28, 29, 31, 36, 37, 30, 40, 41, 46, 47, 50, 51, 33, 49, 56, 57, 59, 58, 62, 63, 34, 68, 32, 35, 74, 75, 45, 48, 44, 69, 80, 81, 84, 90, 91, 85, 89, 88, 94, 95, 96, 97, 54]
  列生成求解结果: 目标值=10.0000， 下界=6.0000， 上界=11.0000
    非整数变量: COL_11-18-2-20-28_65 = 0.166667
  解不是整数，开始分支...
ImposedVertex(vertex=2)
ForbidVertex(vertex=2)
  创建了 2 个分支
    添加分支节点 1: ID=106
    添加分支节点 2: ID=107
  进度: 已处理 60 个节点, 剩余 47 个, 当前最优 11.0000, 当前列数: 899

处理节点 55
  开始列生成求解...
Set parameter LogToConsole to value 0
Set parameter Threads to value 1
Set parameter Seed to value 0
  定价策略: Exact, node=55, vertices=24
Set parameter PoolSearchMode to value 2
Set parameter PoolSolutions to value 10
[CG 1] RMP=6.000000, pricing=ExactPricingSolver, new_columns=0
  搜索路径: [1, 2, 3, 4, 5, 6, 7, 8, 11, 13, 16, 10, 18, 17, 12, 19, 9, 28, 29, 31, 36, 37, 30, 40, 41, 46, 47, 50, 51, 33, 49, 56, 57, 59, 58, 62, 63, 34, 68, 32, 35, 74, 75, 45, 48, 44, 69, 80, 81, 84, 90, 91, 85, 89, 88, 94, 95, 96, 97, 54, 55]
  列生成求解结果: 目标值=6.0000， 下界=6.0000， 上界=11.0000
    非整数变量: COL_1-18-24-31_43 = 0.175000
  解不是整数，开始分支...
ImposedVertex(vertex=6)
ForbidVertex(vertex=6)
  创建了 2 个分支
    添加分支节点 1: ID=108
    添加分支节点 2: ID=109

处理节点 108
  开始列生成求解...
Set parameter LogToConsole to value 0
Set parameter Threads to value 1
Set parameter Seed to value 0
  定价策略: Exact, node=108, vertices=22
Set parameter PoolSearchMode to value 2
Set parameter PoolSolutions to value 10
[CG 1] RMP=10.000000, pricing=ExactPricingSolver, new_columns=0
  搜索路径: [1, 2, 3, 4, 5, 6, 7, 8, 11, 13, 16, 10, 18, 17, 12, 19, 9, 28, 29, 31, 36, 37, 30, 40, 41, 46, 47, 50, 51, 33, 49, 56, 57, 59, 58, 62, 63, 34, 68, 32, 35, 74, 75, 45, 48, 44, 69, 80, 81, 84, 90, 91, 85, 89, 88, 94, 95, 96, 97, 54, 55, 108]
  列生成求解结果: 目标值=10.0000， 下界=6.0000， 上界=11.0000
    非整数变量: COL_1-18-24-31_43 = 0.200000
  解不是整数，开始分支...
ImposedVertex(vertex=28)
ForbidVertex(vertex=28)
  创建了 2 个分支
    添加分支节点 1: ID=110
    添加分支节点 2: ID=111

处理节点 109
  开始列生成求解...
Set parameter LogToConsole to value 0
Set parameter Threads to value 1
Set parameter Seed to value 0
  定价策略: Exact, node=109, vertices=23
Set parameter PoolSearchMode to value 2
Set parameter PoolSolutions to value 10
[CG 1] RMP=2012.000000, pricing=ExactPricingSolver, new_columns=10
[CG 2] RMP=10.000000, pricing=ExactPricingSolver, new_columns=0
  搜索路径: [1, 2, 3, 4, 5, 6, 7, 8, 11, 13, 16, 10, 18, 17, 12, 19, 9, 28, 29, 31, 36, 37, 30, 40, 41, 46, 47, 50, 51, 33, 49, 56, 57, 59, 58, 62, 63, 34, 68, 32, 35, 74, 75, 45, 48, 44, 69, 80, 81, 84, 90, 91, 85, 89, 88, 94, 95, 96, 97, 54, 55, 108, 109]
  列生成求解结果: 目标值=10.0000， 下界=6.0000， 上界=11.0000
    非整数变量: COL_11-18-20-28_63 = 0.333333
  解不是整数，开始分支...
ImposedVertex(vertex=11)
ForbidVertex(vertex=11)
  创建了 2 个分支
    添加分支节点 1: ID=112
    添加分支节点 2: ID=113

处理节点 25
  开始列生成求解...
Set parameter LogToConsole to value 0
Set parameter Threads to value 1
Set parameter Seed to value 0
  定价策略: Exact, node=25, vertices=24
Set parameter PoolSearchMode to value 2
Set parameter PoolSolutions to value 10
[CG 1] RMP=2012.000000, pricing=ExactPricingSolver, new_columns=10
[CG 2] RMP=11.000000, pricing=ExactPricingSolver, new_columns=0
  搜索路径: [1, 2, 3, 4, 5, 6, 7, 8, 11, 13, 16, 10, 18, 17, 12, 19, 9, 28, 29, 31, 36, 37, 30, 40, 41, 46, 47, 50, 51, 33, 49, 56, 57, 59, 58, 62, 63, 34, 68, 32, 35, 74, 75, 45, 48, 44, 69, 80, 81, 84, 90, 91, 85, 89, 88, 94, 95, 96, 97, 54, 55, 108, 109, 25]
  列生成求解结果: 目标值=11.0000， 下界=6.3309， 上界=11.0000

处理节点 24
  开始列生成求解...
Set parameter LogToConsole to value 0
Set parameter Threads to value 1
Set parameter Seed to value 0
  定价策略: Exact, node=24, vertices=23
Set parameter PoolSearchMode to value 2
Set parameter PoolSolutions to value 10
[CG 1] RMP=10.000000, pricing=ExactPricingSolver, new_columns=0
  搜索路径: [1, 2, 3, 4, 5, 6, 7, 8, 11, 13, 16, 10, 18, 17, 12, 19, 9, 28, 29, 31, 36, 37, 30, 40, 41, 46, 47, 50, 51, 33, 49, 56, 57, 59, 58, 62, 63, 34, 68, 32, 35, 74, 75, 45, 48, 44, 69, 80, 81, 84, 90, 91, 85, 89, 88, 94, 95, 96, 97, 54, 55, 108, 109, 25, 24]
  列生成求解结果: 目标值=10.0000， 下界=6.3309， 上界=11.0000
    非整数变量: COL_15-22-31-4-8_30 = 0.666667
  解不是整数，开始分支...
ImposedVertex(vertex=15)
ForbidVertex(vertex=15)
  创建了 2 个分支
    添加分支节点 1: ID=114
    添加分支节点 2: ID=115

处理节点 61
  开始列生成求解...
Set parameter LogToConsole to value 0
Set parameter Threads to value 1
Set parameter Seed to value 0
  定价策略: Exact, node=61, vertices=21
Set parameter PoolSearchMode to value 2
Set parameter PoolSolutions to value 10
[CG 1] RMP=7.096774, pricing=ExactPricingSolver, new_columns=0
  搜索路径: [1, 2, 3, 4, 5, 6, 7, 8, 11, 13, 16, 10, 18, 17, 12, 19, 9, 28, 29, 31, 36, 37, 30, 40, 41, 46, 47, 50, 51, 33, 49, 56, 57, 59, 58, 62, 63, 34, 68, 32, 35, 74, 75, 45, 48, 44, 69, 80, 81, 84, 90, 91, 85, 89, 88, 94, 95, 96, 97, 54, 55, 108, 109, 25, 24, 61]
  列生成求解结果: 目标值=7.0968， 下界=7.0968， 上界=11.0000
    非整数变量: COL_0-18-20-26_38 = 0.053763
  解不是整数，开始分支...
ImposedVertex(vertex=18)
ForbidVertex(vertex=18)
  创建了 2 个分支
    添加分支节点 1: ID=116
    添加分支节点 2: ID=117

处理节点 60
  开始列生成求解...
Set parameter LogToConsole to value 0
Set parameter Threads to value 1
Set parameter Seed to value 0
  定价策略: Exact, node=60, vertices=19
Set parameter PoolSearchMode to value 2
Set parameter PoolSolutions to value 10
[CG 1] RMP=11.000000, pricing=ExactPricingSolver, new_columns=10
[CG 2] RMP=11.000000, pricing=ExactPricingSolver, new_columns=10
[CG 3] RMP=11.000000, pricing=ExactPricingSolver, new_columns=10
[CG 4] RMP=11.000000, pricing=ExactPricingSolver, new_columns=10
[CG 5] RMP=11.000000, pricing=ExactPricingSolver, new_columns=0
  搜索路径: [1, 2, 3, 4, 5, 6, 7, 8, 11, 13, 16, 10, 18, 17, 12, 19, 9, 28, 29, 31, 36, 37, 30, 40, 41, 46, 47, 50, 51, 33, 49, 56, 57, 59, 58, 62, 63, 34, 68, 32, 35, 74, 75, 45, 48, 44, 69, 80, 81, 84, 90, 91, 85, 89, 88, 94, 95, 96, 97, 54, 55, 108, 109, 25, 24, 61, 60]
  列生成求解结果: 目标值=11.0000， 下界=7.0968， 上界=11.0000

处理节点 116
  开始列生成求解...
Set parameter LogToConsole to value 0
Set parameter Threads to value 1
Set parameter Seed to value 0
  定价策略: Exact, node=116, vertices=20
Set parameter PoolSearchMode to value 2
Set parameter PoolSolutions to value 10
[CG 1] RMP=2012.000000, pricing=ExactPricingSolver, new_columns=10
[CG 2] RMP=510.000000, pricing=ExactPricingSolver, new_columns=0
  搜索路径: [1, 2, 3, 4, 5, 6, 7, 8, 11, 13, 16, 10, 18, 17, 12, 19, 9, 28, 29, 31, 36, 37, 30, 40, 41, 46, 47, 50, 51, 33, 49, 56, 57, 59, 58, 62, 63, 34, 68, 32, 35, 74, 75, 45, 48, 44, 69, 80, 81, 84, 90, 91, 85, 89, 88, 94, 95, 96, 97, 54, 55, 108, 109, 25, 24, 61, 60, 116]
  列生成求解结果: 目标值=510.0000， 下界=7.0968， 上界=11.0000

处理节点 117
  开始列生成求解...
Set parameter LogToConsole to value 0
Set parameter Threads to value 1
Set parameter Seed to value 0
  定价策略: Exact, node=117, vertices=20
Set parameter PoolSearchMode to value 2
Set parameter PoolSolutions to value 10
[CG 1] RMP=11.000000, pricing=ExactPricingSolver, new_columns=0
  搜索路径: [1, 2, 3, 4, 5, 6, 7, 8, 11, 13, 16, 10, 18, 17, 12, 19, 9, 28, 29, 31, 36, 37, 30, 40, 41, 46, 47, 50, 51, 33, 49, 56, 57, 59, 58, 62, 63, 34, 68, 32, 35, 74, 75, 45, 48, 44, 69, 80, 81, 84, 90, 91, 85, 89, 88, 94, 95, 96, 97, 54, 55, 108, 109, 25, 24, 61, 60, 116, 117]
  列生成求解结果: 目标值=11.0000， 下界=7.0968， 上界=11.0000

处理节点 92
  开始列生成求解...
Set parameter LogToConsole to value 0
Set parameter Threads to value 1
Set parameter Seed to value 0
  定价策略: Exact, node=92, vertices=16
Set parameter PoolSearchMode to value 2
Set parameter PoolSolutions to value 10
[CG 1] RMP=11.000000, pricing=ExactPricingSolver, new_columns=0
  搜索路径: [1, 2, 3, 4, 5, 6, 7, 8, 11, 13, 16, 10, 18, 17, 12, 19, 9, 28, 29, 31, 36, 37, 30, 40, 41, 46, 47, 50, 51, 33, 49, 56, 57, 59, 58, 62, 63, 34, 68, 32, 35, 74, 75, 45, 48, 44, 69, 80, 81, 84, 90, 91, 85, 89, 88, 94, 95, 96, 97, 54, 55, 108, 109, 25, 24, 61, 60, 116, 117, 92]
  列生成求解结果: 目标值=11.0000， 下界=7.0968， 上界=11.0000

处理节点 93
  开始列生成求解...
Set parameter LogToConsole to value 0
Set parameter Threads to value 1
Set parameter Seed to value 0
  定价策略: Exact, node=93, vertices=16
Set parameter PoolSearchMode to value 2
Set parameter PoolSolutions to value 10
[CG 1] RMP=2012.000000, pricing=ExactPricingSolver, new_columns=10
[CG 2] RMP=2012.000000, pricing=ExactPricingSolver, new_columns=10
[CG 3] RMP=2012.000000, pricing=ExactPricingSolver, new_columns=0
  搜索路径: [1, 2, 3, 4, 5, 6, 7, 8, 11, 13, 16, 10, 18, 17, 12, 19, 9, 28, 29, 31, 36, 37, 30, 40, 41, 46, 47, 50, 51, 33, 49, 56, 57, 59, 58, 62, 63, 34, 68, 32, 35, 74, 75, 45, 48, 44, 69, 80, 81, 84, 90, 91, 85, 89, 88, 94, 95, 96, 97, 54, 55, 108, 109, 25, 24, 61, 60, 116, 117, 92, 93]
  列生成求解结果: 目标值=2012.0000， 下界=7.0968， 上界=11.0000

处理节点 43
  开始列生成求解...
Set parameter LogToConsole to value 0
Set parameter Threads to value 1
Set parameter Seed to value 0
  定价策略: Exact, node=43, vertices=27
Set parameter PoolSearchMode to value 2
Set parameter PoolSolutions to value 10
[CG 1] RMP=12.000000, pricing=ExactPricingSolver, new_columns=10
[CG 2] RMP=8.000000, pricing=ExactPricingSolver, new_columns=0
  搜索路径: [1, 2, 3, 4, 5, 6, 7, 8, 11, 13, 16, 10, 18, 17, 12, 19, 9, 28, 29, 31, 36, 37, 30, 40, 41, 46, 47, 50, 51, 33, 49, 56, 57, 59, 58, 62, 63, 34, 68, 32, 35, 74, 75, 45, 48, 44, 69, 80, 81, 84, 90, 91, 85, 89, 88, 94, 95, 96, 97, 54, 55, 108, 109, 25, 24, 61, 60, 116, 117, 92, 93, 43]
  列生成求解结果: 目标值=8.0000， 下界=7.0968， 上界=11.0000
    非整数变量: COL_12-18-19-24-28_20 = 0.333333
  解不是整数，开始分支...
ImposedVertex(vertex=28)
ForbidVertex(vertex=28)
  创建了 2 个分支
    添加分支节点 1: ID=118
    添加分支节点 2: ID=119

处理节点 42
  开始列生成求解...
Set parameter LogToConsole to value 0
Set parameter Threads to value 1
Set parameter Seed to value 0
  定价策略: Exact, node=42, vertices=26
Set parameter PoolSearchMode to value 2
Set parameter PoolSolutions to value 10
[CG 1] RMP=10.000000, pricing=ExactPricingSolver, new_columns=0
  搜索路径: [1, 2, 3, 4, 5, 6, 7, 8, 11, 13, 16, 10, 18, 17, 12, 19, 9, 28, 29, 31, 36, 37, 30, 40, 41, 46, 47, 50, 51, 33, 49, 56, 57, 59, 58, 62, 63, 34, 68, 32, 35, 74, 75, 45, 48, 44, 69, 80, 81, 84, 90, 91, 85, 89, 88, 94, 95, 96, 97, 54, 55, 108, 109, 25, 24, 61, 60, 116, 117, 92, 93, 43, 42]
  列生成求解结果: 目标值=10.0000， 下界=8.0000， 上界=11.0000
    非整数变量: COL_12-16-19-22-23-27_10 = 0.358333
  解不是整数，开始分支...
ImposedVertex(vertex=5)
ForbidVertex(vertex=5)
  创建了 2 个分支
    添加分支节点 1: ID=120
    添加分支节点 2: ID=121

处理节点 118
  开始列生成求解...
Set parameter LogToConsole to value 0
Set parameter Threads to value 1
Set parameter Seed to value 0
  定价策略: Exact, node=118, vertices=24
Set parameter PoolSearchMode to value 2
Set parameter PoolSolutions to value 10
[CG 1] RMP=508.000000, pricing=ExactPricingSolver, new_columns=10
[CG 2] RMP=9.000000, pricing=ExactPricingSolver, new_columns=0
  搜索路径: [1, 2, 3, 4, 5, 6, 7, 8, 11, 13, 16, 10, 18, 17, 12, 19, 9, 28, 29, 31, 36, 37, 30, 40, 41, 46, 47, 50, 51, 33, 49, 56, 57, 59, 58, 62, 63, 34, 68, 32, 35, 74, 75, 45, 48, 44, 69, 80, 81, 84, 90, 91, 85, 89, 88, 94, 95, 96, 97, 54, 55, 108, 109, 25, 24, 61, 60, 116, 117, 92, 93, 43, 42, 118]
  列生成求解结果: 目标值=9.0000， 下界=8.0000， 上界=11.0000
    非整数变量: COL_12-18-19-24-28_20 = 0.181818
  解不是整数，开始分支...
ImposedVertex(vertex=18)
ForbidVertex(vertex=18)
  创建了 2 个分支
    添加分支节点 1: ID=122
    添加分支节点 2: ID=123

处理节点 119
  开始列生成求解...
Set parameter LogToConsole to value 0
Set parameter Threads to value 1
Set parameter Seed to value 0
  定价策略: Exact, node=119, vertices=26
Set parameter PoolSearchMode to value 2
Set parameter PoolSolutions to value 10
[CG 1] RMP=8.000000, pricing=ExactPricingSolver, new_columns=0
  搜索路径: [1, 2, 3, 4, 5, 6, 7, 8, 11, 13, 16, 10, 18, 17, 12, 19, 9, 28, 29, 31, 36, 37, 30, 40, 41, 46, 47, 50, 51, 33, 49, 56, 57, 59, 58, 62, 63, 34, 68, 32, 35, 74, 75, 45, 48, 44, 69, 80, 81, 84, 90, 91, 85, 89, 88, 94, 95, 96, 97, 54, 55, 108, 109, 25, 24, 61, 60, 116, 117, 92, 93, 43, 42, 118, 119]
  列生成求解结果: 目标值=8.0000， 下界=8.0000， 上界=11.0000
    非整数变量: COL_1-18-20-26_39 = 0.500000
  解不是整数，开始分支...
ImposedVertex(vertex=18)
ForbidVertex(vertex=18)
  创建了 2 个分支
    添加分支节点 1: ID=124
    添加分支节点 2: ID=125

处理节点 65
  开始列生成求解...
Set parameter LogToConsole to value 0
Set parameter Threads to value 1
Set parameter Seed to value 0
  定价策略: Exact, node=65, vertices=19
Set parameter PoolSearchMode to value 2
Set parameter PoolSolutions to value 10
[CG 1] RMP=2012.000000, pricing=ExactPricingSolver, new_columns=10
[CG 2] RMP=8.000000, pricing=ExactPricingSolver, new_columns=0
  搜索路径: [1, 2, 3, 4, 5, 6, 7, 8, 11, 13, 16, 10, 18, 17, 12, 19, 9, 28, 29, 31, 36, 37, 30, 40, 41, 46, 47, 50, 51, 33, 49, 56, 57, 59, 58, 62, 63, 34, 68, 32, 35, 74, 75, 45, 48, 44, 69, 80, 81, 84, 90, 91, 85, 89, 88, 94, 95, 96, 97, 54, 55, 108, 109, 25, 24, 61, 60, 116, 117, 92, 93, 43, 42, 118, 119, 65]
  列生成求解结果: 目标值=8.0000， 下界=8.0000， 上界=11.0000
    非整数变量: COL_1-15-31-4-8_28 = 0.066667
  解不是整数，开始分支...
ImposedVertex(vertex=4)
ForbidVertex(vertex=4)
  创建了 2 个分支
    添加分支节点 1: ID=126
    添加分支节点 2: ID=127

处理节点 64
  开始列生成求解...
Set parameter LogToConsole to value 0
Set parameter Threads to value 1
Set parameter Seed to value 0
  定价策略: Exact, node=64, vertices=19
Set parameter PoolSearchMode to value 2
Set parameter PoolSolutions to value 10
[CG 1] RMP=9.000000, pricing=ExactPricingSolver, new_columns=0
  搜索路径: [1, 2, 3, 4, 5, 6, 7, 8, 11, 13, 16, 10, 18, 17, 12, 19, 9, 28, 29, 31, 36, 37, 30, 40, 41, 46, 47, 50, 51, 33, 49, 56, 57, 59, 58, 62, 63, 34, 68, 32, 35, 74, 75, 45, 48, 44, 69, 80, 81, 84, 90, 91, 85, 89, 88, 94, 95, 96, 97, 54, 55, 108, 109, 25, 24, 61, 60, 116, 117, 92, 93, 43, 42, 118, 119, 65, 64]
  列生成求解结果: 目标值=9.0000， 下界=8.0000， 上界=11.0000
    非整数变量: COL_15-2-22-32-8_29 = 0.333333
  解不是整数，开始分支...
ImposedVertex(vertex=15)
ForbidVertex(vertex=15)
  创建了 2 个分支
    添加分支节点 1: ID=128
    添加分支节点 2: ID=129

处理节点 124
  开始列生成求解...
Set parameter LogToConsole to value 0
Set parameter Threads to value 1
Set parameter Seed to value 0
  定价策略: Exact, node=124, vertices=25
Set parameter PoolSearchMode to value 2
Set parameter PoolSolutions to value 10
[CG 1] RMP=2012.000000, pricing=ExactPricingSolver, new_columns=10
[CG 2] RMP=2012.000000, pricing=ExactPricingSolver, new_columns=10
[CG 3] RMP=176.666667, pricing=ExactPricingSolver, new_columns=10
[CG 4] RMP=8.333333, pricing=ExactPricingSolver, new_columns=10
[CG 5] RMP=8.000000, pricing=ExactPricingSolver, new_columns=10
[CG 6] RMP=8.000000, pricing=ExactPricingSolver, new_columns=0
  搜索路径: [1, 2, 3, 4, 5, 6, 7, 8, 11, 13, 16, 10, 18, 17, 12, 19, 9, 28, 29, 31, 36, 37, 30, 40, 41, 46, 47, 50, 51, 33, 49, 56, 57, 59, 58, 62, 63, 34, 68, 32, 35, 74, 75, 45, 48, 44, 69, 80, 81, 84, 90, 91, 85, 89, 88, 94, 95, 96, 97, 54, 55, 108, 109, 25, 24, 61, 60, 116, 117, 92, 93, 43, 42, 118, 119, 65, 64, 124]
  列生成求解结果: 目标值=8.0000， 下界=8.0000， 上界=11.0000
    非整数变量: COL_10-12-18-19-24_1028 = 0.125000
  解不是整数，开始分支...
ImposedVertex(vertex=27)
ForbidVertex(vertex=27)
  创建了 2 个分支
    添加分支节点 1: ID=130
    添加分支节点 2: ID=131

处理节点 125
  开始列生成求解...
Set parameter LogToConsole to value 0
Set parameter Threads to value 1
Set parameter Seed to value 0
  定价策略: Exact, node=125, vertices=25
Set parameter PoolSearchMode to value 2
Set parameter PoolSolutions to value 10
[CG 1] RMP=2012.000000, pricing=ExactPricingSolver, new_columns=10
[CG 2] RMP=11.000000, pricing=ExactPricingSolver, new_columns=0
  搜索路径: [1, 2, 3, 4, 5, 6, 7, 8, 11, 13, 16, 10, 18, 17, 12, 19, 9, 28, 29, 31, 36, 37, 30, 40, 41, 46, 47, 50, 51, 33, 49, 56, 57, 59, 58, 62, 63, 34, 68, 32, 35, 74, 75, 45, 48, 44, 69, 80, 81, 84, 90, 91, 85, 89, 88, 94, 95, 96, 97, 54, 55, 108, 109, 25, 24, 61, 60, 116, 117, 92, 93, 43, 42, 118, 119, 65, 64, 124, 125]
  列生成求解结果: 目标值=11.0000， 下界=8.0000， 上界=11.0000

处理节点 126
  开始列生成求解...
Set parameter LogToConsole to value 0
Set parameter Threads to value 1
Set parameter Seed to value 0
  定价策略: Exact, node=126, vertices=17
Set parameter PoolSearchMode to value 2
Set parameter PoolSolutions to value 10
[CG 1] RMP=2012.000000, pricing=ExactPricingSolver, new_columns=10
[CG 2] RMP=2012.000000, pricing=ExactPricingSolver, new_columns=10
[CG 3] RMP=2012.000000, pricing=ExactPricingSolver, new_columns=0
  搜索路径: [1, 2, 3, 4, 5, 6, 7, 8, 11, 13, 16, 10, 18, 17, 12, 19, 9, 28, 29, 31, 36, 37, 30, 40, 41, 46, 47, 50, 51, 33, 49, 56, 57, 59, 58, 62, 63, 34, 68, 32, 35, 74, 75, 45, 48, 44, 69, 80, 81, 84, 90, 91, 85, 89, 88, 94, 95, 96, 97, 54, 55, 108, 109, 25, 24, 61, 60, 116, 117, 92, 93, 43, 42, 118, 119, 65, 64, 124, 125, 126]
  列生成求解结果: 目标值=2012.0000， 下界=8.0000， 上界=11.0000

处理节点 127
  开始列生成求解...
Set parameter LogToConsole to value 0
Set parameter Threads to value 1
Set parameter Seed to value 0
  定价策略: Exact, node=127, vertices=18
Set parameter PoolSearchMode to value 2
Set parameter PoolSolutions to value 10
[CG 1] RMP=8.000000, pricing=ExactPricingSolver, new_columns=0
  搜索路径: [1, 2, 3, 4, 5, 6, 7, 8, 11, 13, 16, 10, 18, 17, 12, 19, 9, 28, 29, 31, 36, 37, 30, 40, 41, 46, 47, 50, 51, 33, 49, 56, 57, 59, 58, 62, 63, 34, 68, 32, 35, 74, 75, 45, 48, 44, 69, 80, 81, 84, 90, 91, 85, 89, 88, 94, 95, 96, 97, 54, 55, 108, 109, 25, 24, 61, 60, 116, 117, 92, 93, 43, 42, 118, 119, 65, 64, 124, 125, 126, 127]
  列生成求解结果: 目标值=8.0000， 下界=8.0000， 上界=11.0000
    非整数变量: COL_15-21-31-6-8_21 = 0.250000
  解不是整数，开始分支...
ImposedVertex(vertex=6)
ForbidVertex(vertex=6)
  创建了 2 个分支
    添加分支节点 1: ID=132
    添加分支节点 2: ID=133

处理节点 130
  开始列生成求解...
Set parameter LogToConsole to value 0
Set parameter Threads to value 1
Set parameter Seed to value 0
  定价策略: Exact, node=130, vertices=23
Set parameter PoolSearchMode to value 2
Set parameter PoolSolutions to value 10
[CG 1] RMP=8.000000, pricing=ExactPricingSolver, new_columns=0
  搜索路径: [1, 2, 3, 4, 5, 6, 7, 8, 11, 13, 16, 10, 18, 17, 12, 19, 9, 28, 29, 31, 36, 37, 30, 40, 41, 46, 47, 50, 51, 33, 49, 56, 57, 59, 58, 62, 63, 34, 68, 32, 35, 74, 75, 45, 48, 44, 69, 80, 81, 84, 90, 91, 85, 89, 88, 94, 95, 96, 97, 54, 55, 108, 109, 25, 24, 61, 60, 116, 117, 92, 93, 43, 42, 118, 119, 65, 64, 124, 125, 126, 127, 130]
  列生成求解结果: 目标值=8.0000， 下界=8.0000， 上界=11.0000
    非整数变量: COL_10-12-18-19-24_1028 = 0.200000
  解不是整数，开始分支...
ImposedVertex(vertex=10)
ForbidVertex(vertex=10)
  创建了 2 个分支
    添加分支节点 1: ID=134
    添加分支节点 2: ID=135

处理节点 131
  开始列生成求解...
Set parameter LogToConsole to value 0
Set parameter Threads to value 1
Set parameter Seed to value 0
  定价策略: Exact, node=131, vertices=24
Set parameter PoolSearchMode to value 2
Set parameter PoolSolutions to value 10
[CG 1] RMP=12.000000, pricing=ExactPricingSolver, new_columns=0
  搜索路径: [1, 2, 3, 4, 5, 6, 7, 8, 11, 13, 16, 10, 18, 17, 12, 19, 9, 28, 29, 31, 36, 37, 30, 40, 41, 46, 47, 50, 51, 33, 49, 56, 57, 59, 58, 62, 63, 34, 68, 32, 35, 74, 75, 45, 48, 44, 69, 80, 81, 84, 90, 91, 85, 89, 88, 94, 95, 96, 97, 54, 55, 108, 109, 25, 24, 61, 60, 116, 117, 92, 93, 43, 42, 118, 119, 65, 64, 124, 125, 126, 127, 130, 131]
  列生成求解结果: 目标值=12.0000， 下界=8.0000， 上界=11.0000

处理节点 134
  开始列生成求解...
Set parameter LogToConsole to value 0
Set parameter Threads to value 1
Set parameter Seed to value 0
  定价策略: Exact, node=134, vertices=20
Set parameter PoolSearchMode to value 2
Set parameter PoolSolutions to value 10
[CG 1] RMP=508.000000, pricing=ExactPricingSolver, new_columns=10
[CG 2] RMP=342.424242, pricing=ExactPricingSolver, new_columns=10
[CG 3] RMP=341.333333, pricing=ExactPricingSolver, new_columns=0
  搜索路径: [1, 2, 3, 4, 5, 6, 7, 8, 11, 13, 16, 10, 18, 17, 12, 19, 9, 28, 29, 31, 36, 37, 30, 40, 41, 46, 47, 50, 51, 33, 49, 56, 57, 59, 58, 62, 63, 34, 68, 32, 35, 74, 75, 45, 48, 44, 69, 80, 81, 84, 90, 91, 85, 89, 88, 94, 95, 96, 97, 54, 55, 108, 109, 25, 24, 61, 60, 116, 117, 92, 93, 43, 42, 118, 119, 65, 64, 124, 125, 126, 127, 130, 131, 134]
  列生成求解结果: 目标值=341.3333， 下界=8.0000， 上界=11.0000

处理节点 135
  开始列生成求解...
Set parameter LogToConsole to value 0
Set parameter Threads to value 1
Set parameter Seed to value 0
  定价策略: Exact, node=135, vertices=22
Set parameter PoolSearchMode to value 2
Set parameter PoolSolutions to value 10
[CG 1] RMP=12.000000, pricing=ExactPricingSolver, new_columns=0
  搜索路径: [1, 2, 3, 4, 5, 6, 7, 8, 11, 13, 16, 10, 18, 17, 12, 19, 9, 28, 29, 31, 36, 37, 30, 40, 41, 46, 47, 50, 51, 33, 49, 56, 57, 59, 58, 62, 63, 34, 68, 32, 35, 74, 75, 45, 48, 44, 69, 80, 81, 84, 90, 91, 85, 89, 88, 94, 95, 96, 97, 54, 55, 108, 109, 25, 24, 61, 60, 116, 117, 92, 93, 43, 42, 118, 119, 65, 64, 124, 125, 126, 127, 130, 131, 134, 135]
  列生成求解结果: 目标值=12.0000， 下界=8.0000， 上界=11.0000

处理节点 23
  开始列生成求解...
Set parameter LogToConsole to value 0
Set parameter Threads to value 1
Set parameter Seed to value 0
  定价策略: Exact, node=23, vertices=25
Set parameter PoolSearchMode to value 2
Set parameter PoolSolutions to value 10
[CG 1] RMP=11.000000, pricing=ExactPricingSolver, new_columns=0
  搜索路径: [1, 2, 3, 4, 5, 6, 7, 8, 11, 13, 16, 10, 18, 17, 12, 19, 9, 28, 29, 31, 36, 37, 30, 40, 41, 46, 47, 50, 51, 33, 49, 56, 57, 59, 58, 62, 63, 34, 68, 32, 35, 74, 75, 45, 48, 44, 69, 80, 81, 84, 90, 91, 85, 89, 88, 94, 95, 96, 97, 54, 55, 108, 109, 25, 24, 61, 60, 116, 117, 92, 93, 43, 42, 118, 119, 65, 64, 124, 125, 126, 127, 130, 131, 134, 135, 23]
  列生成求解结果: 目标值=11.0000， 下界=8.0000， 上界=11.0000

处理节点 83
  开始列生成求解...
Set parameter LogToConsole to value 0
Set parameter Threads to value 1
Set parameter Seed to value 0
  定价策略: Exact, node=83, vertices=20
Set parameter PoolSearchMode to value 2
Set parameter PoolSolutions to value 10
[CG 1] RMP=12.000000, pricing=ExactPricingSolver, new_columns=0
  搜索路径: [1, 2, 3, 4, 5, 6, 7, 8, 11, 13, 16, 10, 18, 17, 12, 19, 9, 28, 29, 31, 36, 37, 30, 40, 41, 46, 47, 50, 51, 33, 49, 56, 57, 59, 58, 62, 63, 34, 68, 32, 35, 74, 75, 45, 48, 44, 69, 80, 81, 84, 90, 91, 85, 89, 88, 94, 95, 96, 97, 54, 55, 108, 109, 25, 24, 61, 60, 116, 117, 92, 93, 43, 42, 118, 119, 65, 64, 124, 125, 126, 127, 130, 131, 134, 135, 23, 83]
  列生成求解结果: 目标值=12.0000， 下界=8.0000， 上界=11.0000

处理节点 82
  开始列生成求解...
Set parameter LogToConsole to value 0
Set parameter Threads to value 1
Set parameter Seed to value 0
  定价策略: Exact, node=82, vertices=20
Set parameter PoolSearchMode to value 2
Set parameter PoolSolutions to value 10
[CG 1] RMP=8.000000, pricing=ExactPricingSolver, new_columns=0
  搜索路径: [1, 2, 3, 4, 5, 6, 7, 8, 11, 13, 16, 10, 18, 17, 12, 19, 9, 28, 29, 31, 36, 37, 30, 40, 41, 46, 47, 50, 51, 33, 49, 56, 57, 59, 58, 62, 63, 34, 68, 32, 35, 74, 75, 45, 48, 44, 69, 80, 81, 84, 90, 91, 85, 89, 88, 94, 95, 96, 97, 54, 55, 108, 109, 25, 24, 61, 60, 116, 117, 92, 93, 43, 42, 118, 119, 65, 64, 124, 125, 126, 127, 130, 131, 134, 135, 23, 83, 82]
  列生成求解结果: 目标值=8.0000， 下界=8.0000， 上界=11.0000
    非整数变量: COL_15-2-22-32-8_29 = 0.066667
  解不是整数，开始分支...
ImposedVertex(vertex=2)
ForbidVertex(vertex=2)
  创建了 2 个分支
    添加分支节点 1: ID=136
    添加分支节点 2: ID=137

处理节点 22
  开始列生成求解...
Set parameter LogToConsole to value 0
Set parameter Threads to value 1
Set parameter Seed to value 0
  定价策略: Exact, node=22, vertices=25
Set parameter PoolSearchMode to value 2
Set parameter PoolSolutions to value 10
[CG 1] RMP=12.000000, pricing=ExactPricingSolver, new_columns=10
[CG 2] RMP=12.000000, pricing=ExactPricingSolver, new_columns=0
  搜索路径: [1, 2, 3, 4, 5, 6, 7, 8, 11, 13, 16, 10, 18, 17, 12, 19, 9, 28, 29, 31, 36, 37, 30, 40, 41, 46, 47, 50, 51, 33, 49, 56, 57, 59, 58, 62, 63, 34, 68, 32, 35, 74, 75, 45, 48, 44, 69, 80, 81, 84, 90, 91, 85, 89, 88, 94, 95, 96, 97, 54, 55, 108, 109, 25, 24, 61, 60, 116, 117, 92, 93, 43, 42, 118, 119, 65, 64, 124, 125, 126, 127, 130, 131, 134, 135, 23, 83, 82, 22]
  列生成求解结果: 目标值=12.0000， 下界=8.0000， 上界=11.0000

处理节点 136
  开始列生成求解...
Set parameter LogToConsole to value 0
Set parameter Threads to value 1
Set parameter Seed to value 0
  定价策略: Exact, node=136, vertices=19
Set parameter PoolSearchMode to value 2
Set parameter PoolSolutions to value 10
[CG 1] RMP=2012.000000, pricing=ExactPricingSolver, new_columns=10
[CG 2] RMP=2012.000000, pricing=ExactPricingSolver, new_columns=10
[CG 3] RMP=2012.000000, pricing=ExactPricingSolver, new_columns=0
  搜索路径: [1, 2, 3, 4, 5, 6, 7, 8, 11, 13, 16, 10, 18, 17, 12, 19, 9, 28, 29, 31, 36, 37, 30, 40, 41, 46, 47, 50, 51, 33, 49, 56, 57, 59, 58, 62, 63, 34, 68, 32, 35, 74, 75, 45, 48, 44, 69, 80, 81, 84, 90, 91, 85, 89, 88, 94, 95, 96, 97, 54, 55, 108, 109, 25, 24, 61, 60, 116, 117, 92, 93, 43, 42, 118, 119, 65, 64, 124, 125, 126, 127, 130, 131, 134, 135, 23, 83, 82, 22, 136]
  列生成求解结果: 目标值=2012.0000， 下界=8.0000， 上界=11.0000

处理节点 137
  开始列生成求解...
Set parameter LogToConsole to value 0
Set parameter Threads to value 1
Set parameter Seed to value 0
  定价策略: Exact, node=137, vertices=19
Set parameter PoolSearchMode to value 2
Set parameter PoolSolutions to value 10
[CG 1] RMP=10.000000, pricing=ExactPricingSolver, new_columns=10
[CG 2] RMP=8.000000, pricing=ExactPricingSolver, new_columns=0
  搜索路径: [1, 2, 3, 4, 5, 6, 7, 8, 11, 13, 16, 10, 18, 17, 12, 19, 9, 28, 29, 31, 36, 37, 30, 40, 41, 46, 47, 50, 51, 33, 49, 56, 57, 59, 58, 62, 63, 34, 68, 32, 35, 74, 75, 45, 48, 44, 69, 80, 81, 84, 90, 91, 85, 89, 88, 94, 95, 96, 97, 54, 55, 108, 109, 25, 24, 61, 60, 116, 117, 92, 93, 43, 42, 118, 119, 65, 64, 124, 125, 126, 127, 130, 131, 134, 135, 23, 83, 82, 22, 136, 137]
  列生成求解结果: 目标值=8.0000， 下界=8.0000， 上界=11.0000
    非整数变量: COL_15-21-31-6-8_21 = 0.133333
  解不是整数，开始分支...
ImposedVertex(vertex=6)
ForbidVertex(vertex=6)
  创建了 2 个分支
    添加分支节点 1: ID=138
    添加分支节点 2: ID=139

处理节点 138
  开始列生成求解...
Set parameter LogToConsole to value 0
Set parameter Threads to value 1
Set parameter Seed to value 0
  定价策略: Exact, node=138, vertices=17
Set parameter PoolSearchMode to value 2
Set parameter PoolSolutions to value 10
[CG 1] RMP=10.000000, pricing=ExactPricingSolver, new_columns=0
  搜索路径: [1, 2, 3, 4, 5, 6, 7, 8, 11, 13, 16, 10, 18, 17, 12, 19, 9, 28, 29, 31, 36, 37, 30, 40, 41, 46, 47, 50, 51, 33, 49, 56, 57, 59, 58, 62, 63, 34, 68, 32, 35, 74, 75, 45, 48, 44, 69, 80, 81, 84, 90, 91, 85, 89, 88, 94, 95, 96, 97, 54, 55, 108, 109, 25, 24, 61, 60, 116, 117, 92, 93, 43, 42, 118, 119, 65, 64, 124, 125, 126, 127, 130, 131, 134, 135, 23, 83, 82, 22, 136, 137, 138]
  列生成求解结果: 目标值=10.0000， 下界=8.0000， 上界=11.0000
    非整数变量: COL_15-21-31-6-8_21 = 0.333333
  解不是整数，开始分支...
ImposedVertex(vertex=15)
ForbidVertex(vertex=15)
  创建了 2 个分支
    添加分支节点 1: ID=140
    添加分支节点 2: ID=141

处理节点 139
  开始列生成求解...
Set parameter LogToConsole to value 0
Set parameter Threads to value 1
Set parameter Seed to value 0
  定价策略: Exact, node=139, vertices=18
Set parameter PoolSearchMode to value 2
Set parameter PoolSolutions to value 10
[CG 1] RMP=2012.000000, pricing=ExactPricingSolver, new_columns=10
[CG 2] RMP=12.000000, pricing=ExactPricingSolver, new_columns=0
  搜索路径: [1, 2, 3, 4, 5, 6, 7, 8, 11, 13, 16, 10, 18, 17, 12, 19, 9, 28, 29, 31, 36, 37, 30, 40, 41, 46, 47, 50, 51, 33, 49, 56, 57, 59, 58, 62, 63, 34, 68, 32, 35, 74, 75, 45, 48, 44, 69, 80, 81, 84, 90, 91, 85, 89, 88, 94, 95, 96, 97, 54, 55, 108, 109, 25, 24, 61, 60, 116, 117, 92, 93, 43, 42, 118, 119, 65, 64, 124, 125, 126, 127, 130, 131, 134, 135, 23, 83, 82, 22, 136, 137, 138, 139]
  列生成求解结果: 目标值=12.0000， 下界=8.0000， 上界=11.0000

处理节点 133
  开始列生成求解...
Set parameter LogToConsole to value 0
Set parameter Threads to value 1
Set parameter Seed to value 0
  定价策略: Exact, node=133, vertices=17
Set parameter PoolSearchMode to value 2
Set parameter PoolSolutions to value 10
[CG 1] RMP=2012.000000, pricing=ExactPricingSolver, new_columns=10
[CG 2] RMP=2012.000000, pricing=ExactPricingSolver, new_columns=10
[CG 3] RMP=2012.000000, pricing=ExactPricingSolver, new_columns=0
  搜索路径: [1, 2, 3, 4, 5, 6, 7, 8, 11, 13, 16, 10, 18, 17, 12, 19, 9, 28, 29, 31, 36, 37, 30, 40, 41, 46, 47, 50, 51, 33, 49, 56, 57, 59, 58, 62, 63, 34, 68, 32, 35, 74, 75, 45, 48, 44, 69, 80, 81, 84, 90, 91, 85, 89, 88, 94, 95, 96, 97, 54, 55, 108, 109, 25, 24, 61, 60, 116, 117, 92, 93, 43, 42, 118, 119, 65, 64, 124, 125, 126, 127, 130, 131, 134, 135, 23, 83, 82, 22, 136, 137, 138, 139, 133]
  列生成求解结果: 目标值=2012.0000， 下界=8.0000， 上界=11.0000

处理节点 132
  开始列生成求解...
Set parameter LogToConsole to value 0
Set parameter Threads to value 1
Set parameter Seed to value 0
  定价策略: Exact, node=132, vertices=17
Set parameter PoolSearchMode to value 2
Set parameter PoolSolutions to value 10
[CG 1] RMP=10.000000, pricing=ExactPricingSolver, new_columns=0
  搜索路径: [1, 2, 3, 4, 5, 6, 7, 8, 11, 13, 16, 10, 18, 17, 12, 19, 9, 28, 29, 31, 36, 37, 30, 40, 41, 46, 47, 50, 51, 33, 49, 56, 57, 59, 58, 62, 63, 34, 68, 32, 35, 74, 75, 45, 48, 44, 69, 80, 81, 84, 90, 91, 85, 89, 88, 94, 95, 96, 97, 54, 55, 108, 109, 25, 24, 61, 60, 116, 117, 92, 93, 43, 42, 118, 119, 65, 64, 124, 125, 126, 127, 130, 131, 134, 135, 23, 83, 82, 22, 136, 137, 138, 139, 133, 132]
  列生成求解结果: 目标值=10.0000， 下界=8.0000， 上界=11.0000
    非整数变量: COL_15-21-31-6-8_21 = 0.500000
  解不是整数，开始分支...
ImposedVertex(vertex=15)
ForbidVertex(vertex=15)
  创建了 2 个分支
    添加分支节点 1: ID=142
    添加分支节点 2: ID=143

处理节点 52
  开始列生成求解...
Set parameter LogToConsole to value 0
Set parameter Threads to value 1
Set parameter Seed to value 0
  定价策略: Exact, node=52, vertices=22
Set parameter PoolSearchMode to value 2
Set parameter PoolSolutions to value 10
[CG 1] RMP=12.000000, pricing=ExactPricingSolver, new_columns=10
[CG 2] RMP=10.000000, pricing=ExactPricingSolver, new_columns=0
  搜索路径: [1, 2, 3, 4, 5, 6, 7, 8, 11, 13, 16, 10, 18, 17, 12, 19, 9, 28, 29, 31, 36, 37, 30, 40, 41, 46, 47, 50, 51, 33, 49, 56, 57, 59, 58, 62, 63, 34, 68, 32, 35, 74, 75, 45, 48, 44, 69, 80, 81, 84, 90, 91, 85, 89, 88, 94, 95, 96, 97, 54, 55, 108, 109, 25, 24, 61, 60, 116, 117, 92, 93, 43, 42, 118, 119, 65, 64, 124, 125, 126, 127, 130, 131, 134, 135, 23, 83, 82, 22, 136, 137, 138, 139, 133, 132, 52]
  列生成求解结果: 目标值=10.0000， 下界=9.0000， 上界=11.0000
    非整数变量: COL_19-21-23-27-31-6_359 = 0.500000
  解不是整数，开始分支...
ImposedVertex(vertex=19)
ForbidVertex(vertex=19)
  创建了 2 个分支
    添加分支节点 1: ID=144
    添加分支节点 2: ID=145

处理节点 53
  开始列生成求解...
Set parameter LogToConsole to value 0
Set parameter Threads to value 1
Set parameter Seed to value 0
  定价策略: Exact, node=53, vertices=23
Set parameter PoolSearchMode to value 2
Set parameter PoolSolutions to value 10
[CG 1] RMP=2012.000000, pricing=ExactPricingSolver, new_columns=10
[CG 2] RMP=10.000000, pricing=ExactPricingSolver, new_columns=0
  搜索路径: [1, 2, 3, 4, 5, 6, 7, 8, 11, 13, 16, 10, 18, 17, 12, 19, 9, 28, 29, 31, 36, 37, 30, 40, 41, 46, 47, 50, 51, 33, 49, 56, 57, 59, 58, 62, 63, 34, 68, 32, 35, 74, 75, 45, 48, 44, 69, 80, 81, 84, 90, 91, 85, 89, 88, 94, 95, 96, 97, 54, 55, 108, 109, 25, 24, 61, 60, 116, 117, 92, 93, 43, 42, 118, 119, 65, 64, 124, 125, 126, 127, 130, 131, 134, 135, 23, 83, 82, 22, 136, 137, 138, 139, 133, 132, 52, 53]
  列生成求解结果: 目标值=10.0000， 下界=9.0000， 上界=11.0000
    非整数变量: COL_10-15-18-24-31_367 = 0.500000
  解不是整数，开始分支...
ImposedVertex(vertex=15)
ForbidVertex(vertex=15)
  创建了 2 个分支
    添加分支节点 1: ID=146
    添加分支节点 2: ID=147

处理节点 123
  开始列生成求解...
Set parameter LogToConsole to value 0
Set parameter Threads to value 1
Set parameter Seed to value 0
  定价策略: Exact, node=123, vertices=23
Set parameter PoolSearchMode to value 2
Set parameter PoolSolutions to value 10
[CG 1] RMP=11.000000, pricing=ExactPricingSolver, new_columns=0
  搜索路径: [1, 2, 3, 4, 5, 6, 7, 8, 11, 13, 16, 10, 18, 17, 12, 19, 9, 28, 29, 31, 36, 37, 30, 40, 41, 46, 47, 50, 51, 33, 49, 56, 57, 59, 58, 62, 63, 34, 68, 32, 35, 74, 75, 45, 48, 44, 69, 80, 81, 84, 90, 91, 85, 89, 88, 94, 95, 96, 97, 54, 55, 108, 109, 25, 24, 61, 60, 116, 117, 92, 93, 43, 42, 118, 119, 65, 64, 124, 125, 126, 127, 130, 131, 134, 135, 23, 83, 82, 22, 136, 137, 138, 139, 133, 132, 52, 53, 123]
  列生成求解结果: 目标值=11.0000， 下界=9.0000， 上界=11.0000

处理节点 15
  开始列生成求解...
Set parameter LogToConsole to value 0
Set parameter Threads to value 1
Set parameter Seed to value 0
  定价策略: Exact, node=15, vertices=27
Set parameter PoolSearchMode to value 2
Set parameter PoolSolutions to value 10
[CG 1] RMP=12.000000, pricing=ExactPricingSolver, new_columns=0
  搜索路径: [1, 2, 3, 4, 5, 6, 7, 8, 11, 13, 16, 10, 18, 17, 12, 19, 9, 28, 29, 31, 36, 37, 30, 40, 41, 46, 47, 50, 51, 33, 49, 56, 57, 59, 58, 62, 63, 34, 68, 32, 35, 74, 75, 45, 48, 44, 69, 80, 81, 84, 90, 91, 85, 89, 88, 94, 95, 96, 97, 54, 55, 108, 109, 25, 24, 61, 60, 116, 117, 92, 93, 43, 42, 118, 119, 65, 64, 124, 125, 126, 127, 130, 131, 134, 135, 23, 83, 82, 22, 136, 137, 138, 139, 133, 132, 52, 53, 123, 15]
  列生成求解结果: 目标值=12.0000， 下界=9.0000， 上界=11.0000

处理节点 129
  开始列生成求解...
Set parameter LogToConsole to value 0
Set parameter Threads to value 1
Set parameter Seed to value 0
  定价策略: Exact, node=129, vertices=18
Set parameter PoolSearchMode to value 2
Set parameter PoolSolutions to value 10
[CG 1] RMP=12.000000, pricing=ExactPricingSolver, new_columns=10
[CG 2] RMP=12.000000, pricing=ExactPricingSolver, new_columns=10
[CG 3] RMP=9.000000, pricing=ExactPricingSolver, new_columns=0
  搜索路径: [1, 2, 3, 4, 5, 6, 7, 8, 11, 13, 16, 10, 18, 17, 12, 19, 9, 28, 29, 31, 36, 37, 30, 40, 41, 46, 47, 50, 51, 33, 49, 56, 57, 59, 58, 62, 63, 34, 68, 32, 35, 74, 75, 45, 48, 44, 69, 80, 81, 84, 90, 91, 85, 89, 88, 94, 95, 96, 97, 54, 55, 108, 109, 25, 24, 61, 60, 116, 117, 92, 93, 43, 42, 118, 119, 65, 64, 124, 125, 126, 127, 130, 131, 134, 135, 23, 83, 82, 22, 136, 137, 138, 139, 133, 132, 52, 53, 123, 15, 129]
  列生成求解结果: 目标值=9.0000， 下界=9.0000， 上界=11.0000
    非整数变量: COL_14-17-2-4_305 = 0.300000
  解不是整数，开始分支...
ImposedVertex(vertex=4)
ForbidVertex(vertex=4)
  创建了 2 个分支
    添加分支节点 1: ID=148
    添加分支节点 2: ID=149
  进度: 已处理 100 个节点, 剩余 49 个, 当前最优 11.0000, 当前列数: 1229

处理节点 122
  开始列生成求解...
Set parameter LogToConsole to value 0
Set parameter Threads to value 1
Set parameter Seed to value 0
  定价策略: Exact, node=122, vertices=23
Set parameter PoolSearchMode to value 2
Set parameter PoolSolutions to value 10
[CG 1] RMP=345.333333, pricing=ExactPricingSolver, new_columns=10
[CG 2] RMP=345.333333, pricing=ExactPricingSolver, new_columns=10
[CG 3] RMP=11.000000, pricing=ExactPricingSolver, new_columns=6
[CG 4] RMP=10.000000, pricing=ExactPricingSolver, new_columns=0
  搜索路径: [1, 2, 3, 4, 5, 6, 7, 8, 11, 13, 16, 10, 18, 17, 12, 19, 9, 28, 29, 31, 36, 37, 30, 40, 41, 46, 47, 50, 51, 33, 49, 56, 57, 59, 58, 62, 63, 34, 68, 32, 35, 74, 75, 45, 48, 44, 69, 80, 81, 84, 90, 91, 85, 89, 88, 94, 95, 96, 97, 54, 55, 108, 109, 25, 24, 61, 60, 116, 117, 92, 93, 43, 42, 118, 119, 65, 64, 124, 125, 126, 127, 130, 131, 134, 135, 23, 83, 82, 22, 136, 137, 138, 139, 133, 132, 52, 53, 123, 15, 129, 122]
  列生成求解结果: 目标值=10.0000， 下界=9.0000， 上界=11.0000
    非整数变量: COL_11-18-2-20-28_65 = 0.909091
  解不是整数，开始分支...
ImposedVertex(vertex=20)
ForbidVertex(vertex=20)
  创建了 2 个分支
    添加分支节点 1: ID=150
    添加分支节点 2: ID=151

处理节点 148
  开始列生成求解...
Set parameter LogToConsole to value 0
Set parameter Threads to value 1
Set parameter Seed to value 0
  定价策略: Exact, node=148, vertices=16
Set parameter PoolSearchMode to value 2
Set parameter PoolSolutions to value 10
[CG 1] RMP=2012.000000, pricing=ExactPricingSolver, new_columns=10
[CG 2] RMP=11.000000, pricing=ExactPricingSolver, new_columns=10
[CG 3] RMP=11.000000, pricing=ExactPricingSolver, new_columns=0
  搜索路径: [1, 2, 3, 4, 5, 6, 7, 8, 11, 13, 16, 10, 18, 17, 12, 19, 9, 28, 29, 31, 36, 37, 30, 40, 41, 46, 47, 50, 51, 33, 49, 56, 57, 59, 58, 62, 63, 34, 68, 32, 35, 74, 75, 45, 48, 44, 69, 80, 81, 84, 90, 91, 85, 89, 88, 94, 95, 96, 97, 54, 55, 108, 109, 25, 24, 61, 60, 116, 117, 92, 93, 43, 42, 118, 119, 65, 64, 124, 125, 126, 127, 130, 131, 134, 135, 23, 83, 82, 22, 136, 137, 138, 139, 133, 132, 52, 53, 123, 15, 129, 122, 148]
  列生成求解结果: 目标值=11.0000， 下界=9.0000， 上界=11.0000

处理节点 149
  开始列生成求解...
Set parameter LogToConsole to value 0
Set parameter Threads to value 1
Set parameter Seed to value 0
  定价策略: Exact, node=149, vertices=17
Set parameter PoolSearchMode to value 2
Set parameter PoolSolutions to value 10
[CG 1] RMP=10.000000, pricing=ExactPricingSolver, new_columns=0
  搜索路径: [1, 2, 3, 4, 5, 6, 7, 8, 11, 13, 16, 10, 18, 17, 12, 19, 9, 28, 29, 31, 36, 37, 30, 40, 41, 46, 47, 50, 51, 33, 49, 56, 57, 59, 58, 62, 63, 34, 68, 32, 35, 74, 75, 45, 48, 44, 69, 80, 81, 84, 90, 91, 85, 89, 88, 94, 95, 96, 97, 54, 55, 108, 109, 25, 24, 61, 60, 116, 117, 92, 93, 43, 42, 118, 119, 65, 64, 124, 125, 126, 127, 130, 131, 134, 135, 23, 83, 82, 22, 136, 137, 138, 139, 133, 132, 52, 53, 123, 15, 129, 122, 148, 149]
  列生成求解结果: 目标值=10.0000， 下界=9.0000， 上界=11.0000
    非整数变量: COL_14-17-2-22-32_404 = 0.500000
  解不是整数，开始分支...
ImposedVertex(vertex=17)
ForbidVertex(vertex=17)
  创建了 2 个分支
    添加分支节点 1: ID=152
    添加分支节点 2: ID=153

处理节点 99
  开始列生成求解...
Set parameter LogToConsole to value 0
Set parameter Threads to value 1
Set parameter Seed to value 0
  定价策略: Exact, node=99, vertices=20
Set parameter PoolSearchMode to value 2
Set parameter PoolSolutions to value 10
[CG 1] RMP=10.000000, pricing=ExactPricingSolver, new_columns=10
[CG 2] RMP=9.000000, pricing=ExactPricingSolver, new_columns=0
  搜索路径: [1, 2, 3, 4, 5, 6, 7, 8, 11, 13, 16, 10, 18, 17, 12, 19, 9, 28, 29, 31, 36, 37, 30, 40, 41, 46, 47, 50, 51, 33, 49, 56, 57, 59, 58, 62, 63, 34, 68, 32, 35, 74, 75, 45, 48, 44, 69, 80, 81, 84, 90, 91, 85, 89, 88, 94, 95, 96, 97, 54, 55, 108, 109, 25, 24, 61, 60, 116, 117, 92, 93, 43, 42, 118, 119, 65, 64, 124, 125, 126, 127, 130, 131, 134, 135, 23, 83, 82, 22, 136, 137, 138, 139, 133, 132, 52, 53, 123, 15, 129, 122, 148, 149, 99]
  列生成求解结果: 目标值=9.0000， 下界=9.0000， 上界=11.0000
    非整数变量: COL_19-21-24-29-31-5_353 = 0.400000
  解不是整数，开始分支...
ImposedVertex(vertex=19)
ForbidVertex(vertex=19)
  创建了 2 个分支
    添加分支节点 1: ID=154
    添加分支节点 2: ID=155

处理节点 101
  开始列生成求解...
Set parameter LogToConsole to value 0
Set parameter Threads to value 1
Set parameter Seed to value 0
  定价策略: Exact, node=101, vertices=17
Set parameter PoolSearchMode to value 2
Set parameter PoolSolutions to value 10
[CG 1] RMP=11.000000, pricing=ExactPricingSolver, new_columns=10
[CG 2] RMP=11.000000, pricing=ExactPricingSolver, new_columns=10
[CG 3] RMP=9.000000, pricing=ExactPricingSolver, new_columns=0
  搜索路径: [1, 2, 3, 4, 5, 6, 7, 8, 11, 13, 16, 10, 18, 17, 12, 19, 9, 28, 29, 31, 36, 37, 30, 40, 41, 46, 47, 50, 51, 33, 49, 56, 57, 59, 58, 62, 63, 34, 68, 32, 35, 74, 75, 45, 48, 44, 69, 80, 81, 84, 90, 91, 85, 89, 88, 94, 95, 96, 97, 54, 55, 108, 109, 25, 24, 61, 60, 116, 117, 92, 93, 43, 42, 118, 119, 65, 64, 124, 125, 126, 127, 130, 131, 134, 135, 23, 83, 82, 22, 136, 137, 138, 139, 133, 132, 52, 53, 123, 15, 129, 122, 148, 149, 99, 101]
  列生成求解结果: 目标值=9.0000， 下界=9.0000， 上界=11.0000
    非整数变量: COL_14-2-20-21-25_401 = 0.636364
  解不是整数，开始分支...
ImposedVertex(vertex=20)
ForbidVertex(vertex=20)
  创建了 2 个分支
    添加分支节点 1: ID=156
    添加分支节点 2: ID=157

处理节点 154
  开始列生成求解...
Set parameter LogToConsole to value 0
Set parameter Threads to value 1
Set parameter Seed to value 0
  定价策略: Exact, node=154, vertices=19
Set parameter PoolSearchMode to value 2
Set parameter PoolSolutions to value 10
[CG 1] RMP=12.000000, pricing=ExactPricingSolver, new_columns=0
  搜索路径: [1, 2, 3, 4, 5, 6, 7, 8, 11, 13, 16, 10, 18, 17, 12, 19, 9, 28, 29, 31, 36, 37, 30, 40, 41, 46, 47, 50, 51, 33, 49, 56, 57, 59, 58, 62, 63, 34, 68, 32, 35, 74, 75, 45, 48, 44, 69, 80, 81, 84, 90, 91, 85, 89, 88, 94, 95, 96, 97, 54, 55, 108, 109, 25, 24, 61, 60, 116, 117, 92, 93, 43, 42, 118, 119, 65, 64, 124, 125, 126, 127, 130, 131, 134, 135, 23, 83, 82, 22, 136, 137, 138, 139, 133, 132, 52, 53, 123, 15, 129, 122, 148, 149, 99, 101, 154]
  列生成求解结果: 目标值=12.0000， 下界=9.0000， 上界=11.0000

处理节点 155
  开始列生成求解...
Set parameter LogToConsole to value 0
Set parameter Threads to value 1
Set parameter Seed to value 0
  定价策略: Exact, node=155, vertices=19
Set parameter PoolSearchMode to value 2
Set parameter PoolSolutions to value 10
[CG 1] RMP=2012.000000, pricing=ExactPricingSolver, new_columns=10
[CG 2] RMP=511.000000, pricing=ExactPricingSolver, new_columns=10
[CG 3] RMP=11.000000, pricing=ExactPricingSolver, new_columns=0
  搜索路径: [1, 2, 3, 4, 5, 6, 7, 8, 11, 13, 16, 10, 18, 17, 12, 19, 9, 28, 29, 31, 36, 37, 30, 40, 41, 46, 47, 50, 51, 33, 49, 56, 57, 59, 58, 62, 63, 34, 68, 32, 35, 74, 75, 45, 48, 44, 69, 80, 81, 84, 90, 91, 85, 89, 88, 94, 95, 96, 97, 54, 55, 108, 109, 25, 24, 61, 60, 116, 117, 92, 93, 43, 42, 118, 119, 65, 64, 124, 125, 126, 127, 130, 131, 134, 135, 23, 83, 82, 22, 136, 137, 138, 139, 133, 132, 52, 53, 123, 15, 129, 122, 148, 149, 99, 101, 154, 155]
  列生成求解结果: 目标值=11.0000， 下界=9.0000， 上界=11.0000
    非整数变量: COL_10-15-18-24-31_367 = 0.083333
  解不是整数，开始分支...
ImposedVertex(vertex=15)
ForbidVertex(vertex=15)
  创建了 2 个分支
    添加分支节点 1: ID=158
    添加分支节点 2: ID=159

处理节点 156
  开始列生成求解...
Set parameter LogToConsole to value 0
Set parameter Threads to value 1
Set parameter Seed to value 0
  定价策略: Exact, node=156, vertices=16
Set parameter PoolSearchMode to value 2
Set parameter PoolSolutions to value 10
[CG 1] RMP=11.000000, pricing=ExactPricingSolver, new_columns=10
[CG 2] RMP=11.000000, pricing=ExactPricingSolver, new_columns=0
  搜索路径: [1, 2, 3, 4, 5, 6, 7, 8, 11, 13, 16, 10, 18, 17, 12, 19, 9, 28, 29, 31, 36, 37, 30, 40, 41, 46, 47, 50, 51, 33, 49, 56, 57, 59, 58, 62, 63, 34, 68, 32, 35, 74, 75, 45, 48, 44, 69, 80, 81, 84, 90, 91, 85, 89, 88, 94, 95, 96, 97, 54, 55, 108, 109, 25, 24, 61, 60, 116, 117, 92, 93, 43, 42, 118, 119, 65, 64, 124, 125, 126, 127, 130, 131, 134, 135, 23, 83, 82, 22, 136, 137, 138, 139, 133, 132, 52, 53, 123, 15, 129, 122, 148, 149, 99, 101, 154, 155, 156]
  列生成求解结果: 目标值=11.0000， 下界=9.0000， 上界=11.0000

处理节点 157
  开始列生成求解...
Set parameter LogToConsole to value 0
Set parameter Threads to value 1
Set parameter Seed to value 0
  定价策略: Exact, node=157, vertices=16
Set parameter PoolSearchMode to value 2
Set parameter PoolSolutions to value 10
[CG 1] RMP=12.000000, pricing=ExactPricingSolver, new_columns=0
  搜索路径: [1, 2, 3, 4, 5, 6, 7, 8, 11, 13, 16, 10, 18, 17, 12, 19, 9, 28, 29, 31, 36, 37, 30, 40, 41, 46, 47, 50, 51, 33, 49, 56, 57, 59, 58, 62, 63, 34, 68, 32, 35, 74, 75, 45, 48, 44, 69, 80, 81, 84, 90, 91, 85, 89, 88, 94, 95, 96, 97, 54, 55, 108, 109, 25, 24, 61, 60, 116, 117, 92, 93, 43, 42, 118, 119, 65, 64, 124, 125, 126, 127, 130, 131, 134, 135, 23, 83, 82, 22, 136, 137, 138, 139, 133, 132, 52, 53, 123, 15, 129, 122, 148, 149, 99, 101, 154, 155, 156, 157]
  列生成求解结果: 目标值=12.0000， 下界=9.0000， 上界=11.0000

处理节点 98
  开始列生成求解...
Set parameter LogToConsole to value 0
Set parameter Threads to value 1
Set parameter Seed to value 0
  定价策略: Exact, node=98, vertices=18
Set parameter PoolSearchMode to value 2
Set parameter PoolSolutions to value 10
[CG 1] RMP=12.000000, pricing=ExactPricingSolver, new_columns=10
[CG 2] RMP=12.000000, pricing=ExactPricingSolver, new_columns=10
[CG 3] RMP=12.000000, pricing=ExactPricingSolver, new_columns=5
[CG 4] RMP=10.000000, pricing=ExactPricingSolver, new_columns=0
  搜索路径: [1, 2, 3, 4, 5, 6, 7, 8, 11, 13, 16, 10, 18, 17, 12, 19, 9, 28, 29, 31, 36, 37, 30, 40, 41, 46, 47, 50, 51, 33, 49, 56, 57, 59, 58, 62, 63, 34, 68, 32, 35, 74, 75, 45, 48, 44, 69, 80, 81, 84, 90, 91, 85, 89, 88, 94, 95, 96, 97, 54, 55, 108, 109, 25, 24, 61, 60, 116, 117, 92, 93, 43, 42, 118, 119, 65, 64, 124, 125, 126, 127, 130, 131, 134, 135, 23, 83, 82, 22, 136, 137, 138, 139, 133, 132, 52, 53, 123, 15, 129, 122, 148, 149, 99, 101, 154, 155, 156, 157, 98]
  列生成求解结果: 目标值=10.0000， 下界=9.0000， 上界=11.0000
    非整数变量: COL_10-14-18-19-2_363 = 0.166667
  解不是整数，开始分支...
ImposedVertex(vertex=14)
ForbidVertex(vertex=14)
  创建了 2 个分支
    添加分支节点 1: ID=160
    添加分支节点 2: ID=161
  进度: 已处理 110 个节点, 剩余 51 个, 当前最优 11.0000, 当前列数: 1360

处理节点 100
  开始列生成求解...
Set parameter LogToConsole to value 0
Set parameter Threads to value 1
Set parameter Seed to value 0
  定价策略: Exact, node=100, vertices=17
Set parameter PoolSearchMode to value 2
Set parameter PoolSolutions to value 10
[CG 1] RMP=2012.000000, pricing=ExactPricingSolver, new_columns=10
[CG 2] RMP=2012.000000, pricing=ExactPricingSolver, new_columns=10
[CG 3] RMP=12.000000, pricing=ExactPricingSolver, new_columns=0
  搜索路径: [1, 2, 3, 4, 5, 6, 7, 8, 11, 13, 16, 10, 18, 17, 12, 19, 9, 28, 29, 31, 36, 37, 30, 40, 41, 46, 47, 50, 51, 33, 49, 56, 57, 59, 58, 62, 63, 34, 68, 32, 35, 74, 75, 45, 48, 44, 69, 80, 81, 84, 90, 91, 85, 89, 88, 94, 95, 96, 97, 54, 55, 108, 109, 25, 24, 61, 60, 116, 117, 92, 93, 43, 42, 118, 119, 65, 64, 124, 125, 126, 127, 130, 131, 134, 135, 23, 83, 82, 22, 136, 137, 138, 139, 133, 132, 52, 53, 123, 15, 129, 122, 148, 149, 99, 101, 154, 155, 156, 157, 98, 100]
  列生成求解结果: 目标值=12.0000， 下界=9.0000， 上界=11.0000

处理节点 86
  开始列生成求解...
Set parameter LogToConsole to value 0
Set parameter Threads to value 1
Set parameter Seed to value 0
  定价策略: Exact, node=86, vertices=19
Set parameter PoolSearchMode to value 2
Set parameter PoolSolutions to value 10
[CG 1] RMP=12.000000, pricing=ExactPricingSolver, new_columns=10
[CG 2] RMP=12.000000, pricing=ExactPricingSolver, new_columns=0
  搜索路径: [1, 2, 3, 4, 5, 6, 7, 8, 11, 13, 16, 10, 18, 17, 12, 19, 9, 28, 29, 31, 36, 37, 30, 40, 41, 46, 47, 50, 51, 33, 49, 56, 57, 59, 58, 62, 63, 34, 68, 32, 35, 74, 75, 45, 48, 44, 69, 80, 81, 84, 90, 91, 85, 89, 88, 94, 95, 96, 97, 54, 55, 108, 109, 25, 24, 61, 60, 116, 117, 92, 93, 43, 42, 118, 119, 65, 64, 124, 125, 126, 127, 130, 131, 134, 135, 23, 83, 82, 22, 136, 137, 138, 139, 133, 132, 52, 53, 123, 15, 129, 122, 148, 149, 99, 101, 154, 155, 156, 157, 98, 100, 86]
  列生成求解结果: 目标值=12.0000， 下界=9.0000， 上界=11.0000

处理节点 14
  开始列生成求解...
Set parameter LogToConsole to value 0
Set parameter Threads to value 1
Set parameter Seed to value 0
  定价策略: Exact, node=14, vertices=25
Set parameter PoolSearchMode to value 2
Set parameter PoolSolutions to value 10
[CG 1] RMP=2012.000000, pricing=ExactPricingSolver, new_columns=10
[CG 2] RMP=2012.000000, pricing=ExactPricingSolver, new_columns=10
[CG 3] RMP=12.000000, pricing=ExactPricingSolver, new_columns=10
[CG 4] RMP=9.000000, pricing=ExactPricingSolver, new_columns=10
[CG 5] RMP=9.000000, pricing=ExactPricingSolver, new_columns=0
  搜索路径: [1, 2, 3, 4, 5, 6, 7, 8, 11, 13, 16, 10, 18, 17, 12, 19, 9, 28, 29, 31, 36, 37, 30, 40, 41, 46, 47, 50, 51, 33, 49, 56, 57, 59, 58, 62, 63, 34, 68, 32, 35, 74, 75, 45, 48, 44, 69, 80, 81, 84, 90, 91, 85, 89, 88, 94, 95, 96, 97, 54, 55, 108, 109, 25, 24, 61, 60, 116, 117, 92, 93, 43, 42, 118, 119, 65, 64, 124, 125, 126, 127, 130, 131, 134, 135, 23, 83, 82, 22, 136, 137, 138, 139, 133, 132, 52, 53, 123, 15, 129, 122, 148, 149, 99, 101, 154, 155, 156, 157, 98, 100, 86, 14]
  列生成求解结果: 目标值=9.0000， 下界=9.0000， 上界=11.0000
    非整数变量: COL_11-13-18-2-20_147 = 0.500000
  解不是整数，开始分支...
ImposedVertex(vertex=18)
ForbidVertex(vertex=18)
  创建了 2 个分支
    添加分支节点 1: ID=162
    添加分支节点 2: ID=163

处理节点 87
  开始列生成求解...
Set parameter LogToConsole to value 0
Set parameter Threads to value 1
Set parameter Seed to value 0
  定价策略: Exact, node=87, vertices=20
Set parameter PoolSearchMode to value 2
Set parameter PoolSolutions to value 10
[CG 1] RMP=512.000000, pricing=ExactPricingSolver, new_columns=10
[CG 2] RMP=11.000000, pricing=ExactPricingSolver, new_columns=0
  搜索路径: [1, 2, 3, 4, 5, 6, 7, 8, 11, 13, 16, 10, 18, 17, 12, 19, 9, 28, 29, 31, 36, 37, 30, 40, 41, 46, 47, 50, 51, 33, 49, 56, 57, 59, 58, 62, 63, 34, 68, 32, 35, 74, 75, 45, 48, 44, 69, 80, 81, 84, 90, 91, 85, 89, 88, 94, 95, 96, 97, 54, 55, 108, 109, 25, 24, 61, 60, 116, 117, 92, 93, 43, 42, 118, 119, 65, 64, 124, 125, 126, 127, 130, 131, 134, 135, 23, 83, 82, 22, 136, 137, 138, 139, 133, 132, 52, 53, 123, 15, 129, 122, 148, 149, 99, 101, 154, 155, 156, 157, 98, 100, 86, 14, 87]
  列生成求解结果: 目标值=11.0000， 下界=9.0000， 上界=11.0000

处理节点 128
  开始列生成求解...
Set parameter LogToConsole to value 0
Set parameter Threads to value 1
Set parameter Seed to value 0
  定价策略: Exact, node=128, vertices=18
Set parameter PoolSearchMode to value 2
Set parameter PoolSolutions to value 10
[CG 1] RMP=2012.000000, pricing=ExactPricingSolver, new_columns=10
[CG 2] RMP=2012.000000, pricing=ExactPricingSolver, new_columns=10
[CG 3] RMP=12.000000, pricing=ExactPricingSolver, new_columns=0
  搜索路径: [1, 2, 3, 4, 5, 6, 7, 8, 11, 13, 16, 10, 18, 17, 12, 19, 9, 28, 29, 31, 36, 37, 30, 40, 41, 46, 47, 50, 51, 33, 49, 56, 57, 59, 58, 62, 63, 34, 68, 32, 35, 74, 75, 45, 48, 44, 69, 80, 81, 84, 90, 91, 85, 89, 88, 94, 95, 96, 97, 54, 55, 108, 109, 25, 24, 61, 60, 116, 117, 92, 93, 43, 42, 118, 119, 65, 64, 124, 125, 126, 127, 130, 131, 134, 135, 23, 83, 82, 22, 136, 137, 138, 139, 133, 132, 52, 53, 123, 15, 129, 122, 148, 149, 99, 101, 154, 155, 156, 157, 98, 100, 86, 14, 87, 128]
  列生成求解结果: 目标值=12.0000， 下界=9.0000， 上界=11.0000

处理节点 102
  开始列生成求解...
Set parameter LogToConsole to value 0
Set parameter Threads to value 1
Set parameter Seed to value 0
  定价策略: Exact, node=102, vertices=18
Set parameter PoolSearchMode to value 2
Set parameter PoolSolutions to value 10
[CG 1] RMP=12.000000, pricing=ExactPricingSolver, new_columns=0
  搜索路径: [1, 2, 3, 4, 5, 6, 7, 8, 11, 13, 16, 10, 18, 17, 12, 19, 9, 28, 29, 31, 36, 37, 30, 40, 41, 46, 47, 50, 51, 33, 49, 56, 57, 59, 58, 62, 63, 34, 68, 32, 35, 74, 75, 45, 48, 44, 69, 80, 81, 84, 90, 91, 85, 89, 88, 94, 95, 96, 97, 54, 55, 108, 109, 25, 24, 61, 60, 116, 117, 92, 93, 43, 42, 118, 119, 65, 64, 124, 125, 126, 127, 130, 131, 134, 135, 23, 83, 82, 22, 136, 137, 138, 139, 133, 132, 52, 53, 123, 15, 129, 122, 148, 149, 99, 101, 154, 155, 156, 157, 98, 100, 86, 14, 87, 128, 102]
  列生成求解结果: 目标值=12.0000， 下界=9.0000， 上界=11.0000

处理节点 103
  开始列生成求解...
Set parameter LogToConsole to value 0
Set parameter Threads to value 1
Set parameter Seed to value 0
  定价策略: Exact, node=103, vertices=18
Set parameter PoolSearchMode to value 2
Set parameter PoolSolutions to value 10
[CG 1] RMP=11.000000, pricing=ExactPricingSolver, new_columns=0
  搜索路径: [1, 2, 3, 4, 5, 6, 7, 8, 11, 13, 16, 10, 18, 17, 12, 19, 9, 28, 29, 31, 36, 37, 30, 40, 41, 46, 47, 50, 51, 33, 49, 56, 57, 59, 58, 62, 63, 34, 68, 32, 35, 74, 75, 45, 48, 44, 69, 80, 81, 84, 90, 91, 85, 89, 88, 94, 95, 96, 97, 54, 55, 108, 109, 25, 24, 61, 60, 116, 117, 92, 93, 43, 42, 118, 119, 65, 64, 124, 125, 126, 127, 130, 131, 134, 135, 23, 83, 82, 22, 136, 137, 138, 139, 133, 132, 52, 53, 123, 15, 129, 122, 148, 149, 99, 101, 154, 155, 156, 157, 98, 100, 86, 14, 87, 128, 102, 103]
  列生成求解结果: 目标值=11.0000， 下界=9.0000， 上界=11.0000

处理节点 162
  开始列生成求解...
Set parameter LogToConsole to value 0
Set parameter Threads to value 1
Set parameter Seed to value 0
  定价策略: Exact, node=162, vertices=23
Set parameter PoolSearchMode to value 2
Set parameter PoolSolutions to value 10
[CG 1] RMP=11.000000, pricing=ExactPricingSolver, new_columns=10
[CG 2] RMP=11.000000, pricing=ExactPricingSolver, new_columns=10
[CG 3] RMP=9.000000, pricing=ExactPricingSolver, new_columns=0
  搜索路径: [1, 2, 3, 4, 5, 6, 7, 8, 11, 13, 16, 10, 18, 17, 12, 19, 9, 28, 29, 31, 36, 37, 30, 40, 41, 46, 47, 50, 51, 33, 49, 56, 57, 59, 58, 62, 63, 34, 68, 32, 35, 74, 75, 45, 48, 44, 69, 80, 81, 84, 90, 91, 85, 89, 88, 94, 95, 96, 97, 54, 55, 108, 109, 25, 24, 61, 60, 116, 117, 92, 93, 43, 42, 118, 119, 65, 64, 124, 125, 126, 127, 130, 131, 134, 135, 23, 83, 82, 22, 136, 137, 138, 139, 133, 132, 52, 53, 123, 15, 129, 122, 148, 149, 99, 101, 154, 155, 156, 157, 98, 100, 86, 14, 87, 128, 102, 103, 162]
  列生成求解结果: 目标值=9.0000， 下界=9.0000， 上界=11.0000
    非整数变量: COL_11-13-18-2-20_147 = 0.250000
  解不是整数，开始分支...
ImposedVertex(vertex=20)
ForbidVertex(vertex=20)
  创建了 2 个分支
    添加分支节点 1: ID=164
    添加分支节点 2: ID=165

处理节点 164
  开始列生成求解...
Set parameter LogToConsole to value 0
Set parameter Threads to value 1
Set parameter Seed to value 0
  定价策略: Exact, node=164, vertices=22
Set parameter PoolSearchMode to value 2
Set parameter PoolSolutions to value 10
[CG 1] RMP=11.000000, pricing=ExactPricingSolver, new_columns=0
  搜索路径: [1, 2, 3, 4, 5, 6, 7, 8, 11, 13, 16, 10, 18, 17, 12, 19, 9, 28, 29, 31, 36, 37, 30, 40, 41, 46, 47, 50, 51, 33, 49, 56, 57, 59, 58, 62, 63, 34, 68, 32, 35, 74, 75, 45, 48, 44, 69, 80, 81, 84, 90, 91, 85, 89, 88, 94, 95, 96, 97, 54, 55, 108, 109, 25, 24, 61, 60, 116, 117, 92, 93, 43, 42, 118, 119, 65, 64, 124, 125, 126, 127, 130, 131, 134, 135, 23, 83, 82, 22, 136, 137, 138, 139, 133, 132, 52, 53, 123, 15, 129, 122, 148, 149, 99, 101, 154, 155, 156, 157, 98, 100, 86, 14, 87, 128, 102, 103, 162, 164]
  列生成求解结果: 目标值=11.0000， 下界=9.0000， 上界=11.0000

处理节点 165
  开始列生成求解...
Set parameter LogToConsole to value 0
Set parameter Threads to value 1
Set parameter Seed to value 0
  定价策略: Exact, node=165, vertices=22
Set parameter PoolSearchMode to value 2
Set parameter PoolSolutions to value 10
[CG 1] RMP=12.000000, pricing=ExactPricingSolver, new_columns=0
  搜索路径: [1, 2, 3, 4, 5, 6, 7, 8, 11, 13, 16, 10, 18, 17, 12, 19, 9, 28, 29, 31, 36, 37, 30, 40, 41, 46, 47, 50, 51, 33, 49, 56, 57, 59, 58, 62, 63, 34, 68, 32, 35, 74, 75, 45, 48, 44, 69, 80, 81, 84, 90, 91, 85, 89, 88, 94, 95, 96, 97, 54, 55, 108, 109, 25, 24, 61, 60, 116, 117, 92, 93, 43, 42, 118, 119, 65, 64, 124, 125, 126, 127, 130, 131, 134, 135, 23, 83, 82, 22, 136, 137, 138, 139, 133, 132, 52, 53, 123, 15, 129, 122, 148, 149, 99, 101, 154, 155, 156, 157, 98, 100, 86, 14, 87, 128, 102, 103, 162, 164, 165]
  列生成求解结果: 目标值=12.0000， 下界=9.0000， 上界=11.0000

处理节点 163
  开始列生成求解...
Set parameter LogToConsole to value 0
Set parameter Threads to value 1
Set parameter Seed to value 0
  定价策略: Exact, node=163, vertices=24
Set parameter PoolSearchMode to value 2
Set parameter PoolSolutions to value 10
[CG 1] RMP=2012.000000, pricing=ExactPricingSolver, new_columns=10
[CG 2] RMP=2012.000000, pricing=ExactPricingSolver, new_columns=10
[CG 3] RMP=12.000000, pricing=ExactPricingSolver, new_columns=0
  搜索路径: [1, 2, 3, 4, 5, 6, 7, 8, 11, 13, 16, 10, 18, 17, 12, 19, 9, 28, 29, 31, 36, 37, 30, 40, 41, 46, 47, 50, 51, 33, 49, 56, 57, 59, 58, 62, 63, 34, 68, 32, 35, 74, 75, 45, 48, 44, 69, 80, 81, 84, 90, 91, 85, 89, 88, 94, 95, 96, 97, 54, 55, 108, 109, 25, 24, 61, 60, 116, 117, 92, 93, 43, 42, 118, 119, 65, 64, 124, 125, 126, 127, 130, 131, 134, 135, 23, 83, 82, 22, 136, 137, 138, 139, 133, 132, 52, 53, 123, 15, 129, 122, 148, 149, 99, 101, 154, 155, 156, 157, 98, 100, 86, 14, 87, 128, 102, 103, 162, 164, 165, 163]
  列生成求解结果: 目标值=12.0000， 下界=9.0000， 上界=11.0000

处理节点 115
  开始列生成求解...
Set parameter LogToConsole to value 0
Set parameter Threads to value 1
Set parameter Seed to value 0
  定价策略: Exact, node=115, vertices=22
Set parameter PoolSearchMode to value 2
Set parameter PoolSolutions to value 10
[CG 1] RMP=10.000000, pricing=ExactPricingSolver, new_columns=0
  搜索路径: [1, 2, 3, 4, 5, 6, 7, 8, 11, 13, 16, 10, 18, 17, 12, 19, 9, 28, 29, 31, 36, 37, 30, 40, 41, 46, 47, 50, 51, 33, 49, 56, 57, 59, 58, 62, 63, 34, 68, 32, 35, 74, 75, 45, 48, 44, 69, 80, 81, 84, 90, 91, 85, 89, 88, 94, 95, 96, 97, 54, 55, 108, 109, 25, 24, 61, 60, 116, 117, 92, 93, 43, 42, 118, 119, 65, 64, 124, 125, 126, 127, 130, 131, 134, 135, 23, 83, 82, 22, 136, 137, 138, 139, 133, 132, 52, 53, 123, 15, 129, 122, 148, 149, 99, 101, 154, 155, 156, 157, 98, 100, 86, 14, 87, 128, 102, 103, 162, 164, 165, 163, 115]
  列生成求解结果: 目标值=10.0000， 下界=9.0000， 上界=11.0000
    非整数变量: COL_0-18-24-31_42 = 0.200000
  解不是整数，开始分支...
ImposedVertex(vertex=18)
ForbidVertex(vertex=18)
  创建了 2 个分支
    添加分支节点 1: ID=166
    添加分支节点 2: ID=167

处理节点 114
  开始列生成求解...
Set parameter LogToConsole to value 0
Set parameter Threads to value 1
Set parameter Seed to value 0
  定价策略: Exact, node=114, vertices=20
Set parameter PoolSearchMode to value 2
Set parameter PoolSolutions to value 10
[CG 1] RMP=12.000000, pricing=ExactPricingSolver, new_columns=0
  搜索路径: [1, 2, 3, 4, 5, 6, 7, 8, 11, 13, 16, 10, 18, 17, 12, 19, 9, 28, 29, 31, 36, 37, 30, 40, 41, 46, 47, 50, 51, 33, 49, 56, 57, 59, 58, 62, 63, 34, 68, 32, 35, 74, 75, 45, 48, 44, 69, 80, 81, 84, 90, 91, 85, 89, 88, 94, 95, 96, 97, 54, 55, 108, 109, 25, 24, 61, 60, 116, 117, 92, 93, 43, 42, 118, 119, 65, 64, 124, 125, 126, 127, 130, 131, 134, 135, 23, 83, 82, 22, 136, 137, 138, 139, 133, 132, 52, 53, 123, 15, 129, 122, 148, 149, 99, 101, 154, 155, 156, 157, 98, 100, 86, 14, 87, 128, 102, 103, 162, 164, 165, 163, 115, 114]
  列生成求解结果: 目标值=12.0000， 下界=10.0000， 上界=11.0000

处理节点 39
  开始列生成求解...
Set parameter LogToConsole to value 0
Set parameter Threads to value 1
Set parameter Seed to value 0
  定价策略: Exact, node=39, vertices=26
Set parameter PoolSearchMode to value 2
Set parameter PoolSolutions to value 10
[CG 1] RMP=10.000000, pricing=ExactPricingSolver, new_columns=0
  搜索路径: [1, 2, 3, 4, 5, 6, 7, 8, 11, 13, 16, 10, 18, 17, 12, 19, 9, 28, 29, 31, 36, 37, 30, 40, 41, 46, 47, 50, 51, 33, 49, 56, 57, 59, 58, 62, 63, 34, 68, 32, 35, 74, 75, 45, 48, 44, 69, 80, 81, 84, 90, 91, 85, 89, 88, 94, 95, 96, 97, 54, 55, 108, 109, 25, 24, 61, 60, 116, 117, 92, 93, 43, 42, 118, 119, 65, 64, 124, 125, 126, 127, 130, 131, 134, 135, 23, 83, 82, 22, 136, 137, 138, 139, 133, 132, 52, 53, 123, 15, 129, 122, 148, 149, 99, 101, 154, 155, 156, 157, 98, 100, 86, 14, 87, 128, 102, 103, 162, 164, 165, 163, 115, 114, 39]
  列生成求解结果: 目标值=10.0000， 下界=10.0000， 上界=11.0000
    非整数变量: COL_15-2-22-32-8_29 = 0.166667
  解不是整数，开始分支...
ImposedVertex(vertex=2)
ForbidVertex(vertex=2)
  创建了 2 个分支
    添加分支节点 1: ID=168
    添加分支节点 2: ID=169

处理节点 143
  开始列生成求解...
Set parameter LogToConsole to value 0
Set parameter Threads to value 1
Set parameter Seed to value 0
  定价策略: Exact, node=143, vertices=16
Set parameter PoolSearchMode to value 2
Set parameter PoolSolutions to value 10
[CG 1] RMP=2012.000000, pricing=ExactPricingSolver, new_columns=10
[CG 2] RMP=12.000000, pricing=ExactPricingSolver, new_columns=0
  搜索路径: [1, 2, 3, 4, 5, 6, 7, 8, 11, 13, 16, 10, 18, 17, 12, 19, 9, 28, 29, 31, 36, 37, 30, 40, 41, 46, 47, 50, 51, 33, 49, 56, 57, 59, 58, 62, 63, 34, 68, 32, 35, 74, 75, 45, 48, 44, 69, 80, 81, 84, 90, 91, 85, 89, 88, 94, 95, 96, 97, 54, 55, 108, 109, 25, 24, 61, 60, 116, 117, 92, 93, 43, 42, 118, 119, 65, 64, 124, 125, 126, 127, 130, 131, 134, 135, 23, 83, 82, 22, 136, 137, 138, 139, 133, 132, 52, 53, 123, 15, 129, 122, 148, 149, 99, 101, 154, 155, 156, 157, 98, 100, 86, 14, 87, 128, 102, 103, 162, 164, 165, 163, 115, 114, 39, 143]
  列生成求解结果: 目标值=12.0000， 下界=10.0000， 上界=11.0000

处理节点 144
  开始列生成求解...
Set parameter LogToConsole to value 0
Set parameter Threads to value 1
Set parameter Seed to value 0
  定价策略: Exact, node=144, vertices=21
Set parameter PoolSearchMode to value 2
Set parameter PoolSolutions to value 10
[CG 1] RMP=12.000000, pricing=ExactPricingSolver, new_columns=0
  搜索路径: [1, 2, 3, 4, 5, 6, 7, 8, 11, 13, 16, 10, 18, 17, 12, 19, 9, 28, 29, 31, 36, 37, 30, 40, 41, 46, 47, 50, 51, 33, 49, 56, 57, 59, 58, 62, 63, 34, 68, 32, 35, 74, 75, 45, 48, 44, 69, 80, 81, 84, 90, 91, 85, 89, 88, 94, 95, 96, 97, 54, 55, 108, 109, 25, 24, 61, 60, 116, 117, 92, 93, 43, 42, 118, 119, 65, 64, 124, 125, 126, 127, 130, 131, 134, 135, 23, 83, 82, 22, 136, 137, 138, 139, 133, 132, 52, 53, 123, 15, 129, 122, 148, 149, 99, 101, 154, 155, 156, 157, 98, 100, 86, 14, 87, 128, 102, 103, 162, 164, 165, 163, 115, 114, 39, 143, 144]
  列生成求解结果: 目标值=12.0000， 下界=10.0000， 上界=11.0000

处理节点 66
  开始列生成求解...
Set parameter LogToConsole to value 0
Set parameter Threads to value 1
Set parameter Seed to value 0
  定价策略: Exact, node=66, vertices=18
Set parameter PoolSearchMode to value 2
Set parameter PoolSolutions to value 10
[CG 1] RMP=512.000000, pricing=ExactPricingSolver, new_columns=10
[CG 2] RMP=512.000000, pricing=ExactPricingSolver, new_columns=10
[CG 3] RMP=510.000000, pricing=ExactPricingSolver, new_columns=0
  搜索路径: [1, 2, 3, 4, 5, 6, 7, 8, 11, 13, 16, 10, 18, 17, 12, 19, 9, 28, 29, 31, 36, 37, 30, 40, 41, 46, 47, 50, 51, 33, 49, 56, 57, 59, 58, 62, 63, 34, 68, 32, 35, 74, 75, 45, 48, 44, 69, 80, 81, 84, 90, 91, 85, 89, 88, 94, 95, 96, 97, 54, 55, 108, 109, 25, 24, 61, 60, 116, 117, 92, 93, 43, 42, 118, 119, 65, 64, 124, 125, 126, 127, 130, 131, 134, 135, 23, 83, 82, 22, 136, 137, 138, 139, 133, 132, 52, 53, 123, 15, 129, 122, 148, 149, 99, 101, 154, 155, 156, 157, 98, 100, 86, 14, 87, 128, 102, 103, 162, 164, 165, 163, 115, 114, 39, 143, 144, 66]
  列生成求解结果: 目标值=510.0000， 下界=10.0000， 上界=11.0000

处理节点 105
  开始列生成求解...
Set parameter LogToConsole to value 0
Set parameter Threads to value 1
Set parameter Seed to value 0
  定价策略: Exact, node=105, vertices=20
Set parameter PoolSearchMode to value 2
Set parameter PoolSolutions to value 10
[CG 1] RMP=12.000000, pricing=ExactPricingSolver, new_columns=0
  搜索路径: [1, 2, 3, 4, 5, 6, 7, 8, 11, 13, 16, 10, 18, 17, 12, 19, 9, 28, 29, 31, 36, 37, 30, 40, 41, 46, 47, 50, 51, 33, 49, 56, 57, 59, 58, 62, 63, 34, 68, 32, 35, 74, 75, 45, 48, 44, 69, 80, 81, 84, 90, 91, 85, 89, 88, 94, 95, 96, 97, 54, 55, 108, 109, 25, 24, 61, 60, 116, 117, 92, 93, 43, 42, 118, 119, 65, 64, 124, 125, 126, 127, 130, 131, 134, 135, 23, 83, 82, 22, 136, 137, 138, 139, 133, 132, 52, 53, 123, 15, 129, 122, 148, 149, 99, 101, 154, 155, 156, 157, 98, 100, 86, 14, 87, 128, 102, 103, 162, 164, 165, 163, 115, 114, 39, 143, 144, 66, 105]
  列生成求解结果: 目标值=12.0000， 下界=10.0000， 上界=11.0000

处理节点 111
  开始列生成求解...
Set parameter LogToConsole to value 0
Set parameter Threads to value 1
Set parameter Seed to value 0
  定价策略: Exact, node=111, vertices=21
Set parameter PoolSearchMode to value 2
Set parameter PoolSolutions to value 10
[CG 1] RMP=12.000000, pricing=ExactPricingSolver, new_columns=10
[CG 2] RMP=10.000000, pricing=ExactPricingSolver, new_columns=0
  搜索路径: [1, 2, 3, 4, 5, 6, 7, 8, 11, 13, 16, 10, 18, 17, 12, 19, 9, 28, 29, 31, 36, 37, 30, 40, 41, 46, 47, 50, 51, 33, 49, 56, 57, 59, 58, 62, 63, 34, 68, 32, 35, 74, 75, 45, 48, 44, 69, 80, 81, 84, 90, 91, 85, 89, 88, 94, 95, 96, 97, 54, 55, 108, 109, 25, 24, 61, 60, 116, 117, 92, 93, 43, 42, 118, 119, 65, 64, 124, 125, 126, 127, 130, 131, 134, 135, 23, 83, 82, 22, 136, 137, 138, 139, 133, 132, 52, 53, 123, 15, 129, 122, 148, 149, 99, 101, 154, 155, 156, 157, 98, 100, 86, 14, 87, 128, 102, 103, 162, 164, 165, 163, 115, 114, 39, 143, 144, 66, 105, 111]
  列生成求解结果: 目标值=10.0000， 下界=10.0000， 上界=11.0000
    非整数变量: COL_18-20-22-30_67 = 0.166667
  解不是整数，开始分支...
ImposedVertex(vertex=18)
ForbidVertex(vertex=18)
  创建了 2 个分支
    添加分支节点 1: ID=170
    添加分支节点 2: ID=171

处理节点 169
  开始列生成求解...
Set parameter LogToConsole to value 0
Set parameter Threads to value 1
Set parameter Seed to value 0
  定价策略: Exact, node=169, vertices=25
Set parameter PoolSearchMode to value 2
Set parameter PoolSolutions to value 10
[CG 1] RMP=12.000000, pricing=ExactPricingSolver, new_columns=10
[CG 2] RMP=10.000000, pricing=ExactPricingSolver, new_columns=10
[CG 3] RMP=10.000000, pricing=ExactPricingSolver, new_columns=0
  搜索路径: [1, 2, 3, 4, 5, 6, 7, 8, 11, 13, 16, 10, 18, 17, 12, 19, 9, 28, 29, 31, 36, 37, 30, 40, 41, 46, 47, 50, 51, 33, 49, 56, 57, 59, 58, 62, 63, 34, 68, 32, 35, 74, 75, 45, 48, 44, 69, 80, 81, 84, 90, 91, 85, 89, 88, 94, 95, 96, 97, 54, 55, 108, 109, 25, 24, 61, 60, 116, 117, 92, 93, 43, 42, 118, 119, 65, 64, 124, 125, 126, 127, 130, 131, 134, 135, 23, 83, 82, 22, 136, 137, 138, 139, 133, 132, 52, 53, 123, 15, 129, 122, 148, 149, 99, 101, 154, 155, 156, 157, 98, 100, 86, 14, 87, 128, 102, 103, 162, 164, 165, 163, 115, 114, 39, 143, 144, 66, 105, 111, 169]
  列生成求解结果: 目标值=10.0000， 下界=10.0000， 上界=11.0000
    非整数变量: COL_1-15-16-23-31-5_45 = 0.166667
  解不是整数，开始分支...
ImposedVertex(vertex=5)
ForbidVertex(vertex=5)
  创建了 2 个分支
    添加分支节点 1: ID=172
    添加分支节点 2: ID=173
  进度: 已处理 130 个节点, 剩余 43 个, 当前最优 11.0000, 当前列数: 1560

处理节点 168
  开始列生成求解...
Set parameter LogToConsole to value 0
Set parameter Threads to value 1
Set parameter Seed to value 0
  定价策略: Exact, node=168, vertices=25
Set parameter PoolSearchMode to value 2
Set parameter PoolSolutions to value 10
[CG 1] RMP=2012.000000, pricing=ExactPricingSolver, new_columns=10
[CG 2] RMP=2012.000000, pricing=ExactPricingSolver, new_columns=10
[CG 3] RMP=10.000000, pricing=ExactPricingSolver, new_columns=0
  搜索路径: [1, 2, 3, 4, 5, 6, 7, 8, 11, 13, 16, 10, 18, 17, 12, 19, 9, 28, 29, 31, 36, 37, 30, 40, 41, 46, 47, 50, 51, 33, 49, 56, 57, 59, 58, 62, 63, 34, 68, 32, 35, 74, 75, 45, 48, 44, 69, 80, 81, 84, 90, 91, 85, 89, 88, 94, 95, 96, 97, 54, 55, 108, 109, 25, 24, 61, 60, 116, 117, 92, 93, 43, 42, 118, 119, 65, 64, 124, 125, 126, 127, 130, 131, 134, 135, 23, 83, 82, 22, 136, 137, 138, 139, 133, 132, 52, 53, 123, 15, 129, 122, 148, 149, 99, 101, 154, 155, 156, 157, 98, 100, 86, 14, 87, 128, 102, 103, 162, 164, 165, 163, 115, 114, 39, 143, 144, 66, 105, 111, 169, 168]
  列生成求解结果: 目标值=10.0000， 下界=10.0000， 上界=11.0000
    非整数变量: COL_15-2-22-32-8_29 = 0.500000
  解不是整数，开始分支...
ImposedVertex(vertex=25)
ForbidVertex(vertex=25)
  创建了 2 个分支
    添加分支节点 1: ID=174
    添加分支节点 2: ID=175

处理节点 153
  开始列生成求解...
Set parameter LogToConsole to value 0
Set parameter Threads to value 1
Set parameter Seed to value 0
  定价策略: Exact, node=153, vertices=16
Set parameter PoolSearchMode to value 2
Set parameter PoolSolutions to value 10
[CG 1] RMP=12.000000, pricing=ExactPricingSolver, new_columns=10
[CG 2] RMP=12.000000, pricing=ExactPricingSolver, new_columns=9
[CG 3] RMP=10.000000, pricing=ExactPricingSolver, new_columns=0
  搜索路径: [1, 2, 3, 4, 5, 6, 7, 8, 11, 13, 16, 10, 18, 17, 12, 19, 9, 28, 29, 31, 36, 37, 30, 40, 41, 46, 47, 50, 51, 33, 49, 56, 57, 59, 58, 62, 63, 34, 68, 32, 35, 74, 75, 45, 48, 44, 69, 80, 81, 84, 90, 91, 85, 89, 88, 94, 95, 96, 97, 54, 55, 108, 109, 25, 24, 61, 60, 116, 117, 92, 93, 43, 42, 118, 119, 65, 64, 124, 125, 126, 127, 130, 131, 134, 135, 23, 83, 82, 22, 136, 137, 138, 139, 133, 132, 52, 53, 123, 15, 129, 122, 148, 149, 99, 101, 154, 155, 156, 157, 98, 100, 86, 14, 87, 128, 102, 103, 162, 164, 165, 163, 115, 114, 39, 143, 144, 66, 105, 111, 169, 168, 153]
  列生成求解结果: 目标值=10.0000， 下界=10.0000， 上界=11.0000
    非整数变量: COL_14-18-2-20-21_409 = 0.500000
  解不是整数，开始分支...
ImposedVertex(vertex=20)
ForbidVertex(vertex=20)
  创建了 2 个分支
    添加分支节点 1: ID=176
    添加分支节点 2: ID=177

处理节点 38
  开始列生成求解...
Set parameter LogToConsole to value 0
Set parameter Threads to value 1
Set parameter Seed to value 0
  定价策略: Exact, node=38, vertices=24
Set parameter PoolSearchMode to value 2
Set parameter PoolSolutions to value 10
[CG 1] RMP=2012.000000, pricing=ExactPricingSolver, new_columns=10
[CG 2] RMP=12.000000, pricing=ExactPricingSolver, new_columns=0
  搜索路径: [1, 2, 3, 4, 5, 6, 7, 8, 11, 13, 16, 10, 18, 17, 12, 19, 9, 28, 29, 31, 36, 37, 30, 40, 41, 46, 47, 50, 51, 33, 49, 56, 57, 59, 58, 62, 63, 34, 68, 32, 35, 74, 75, 45, 48, 44, 69, 80, 81, 84, 90, 91, 85, 89, 88, 94, 95, 96, 97, 54, 55, 108, 109, 25, 24, 61, 60, 116, 117, 92, 93, 43, 42, 118, 119, 65, 64, 124, 125, 126, 127, 130, 131, 134, 135, 23, 83, 82, 22, 136, 137, 138, 139, 133, 132, 52, 53, 123, 15, 129, 122, 148, 149, 99, 101, 154, 155, 156, 157, 98, 100, 86, 14, 87, 128, 102, 103, 162, 164, 165, 163, 115, 114, 39, 143, 144, 66, 105, 111, 169, 168, 153, 38]
  列生成求解结果: 目标值=12.0000， 下界=10.0000， 上界=11.0000

处理节点 113
  开始列生成求解...
Set parameter LogToConsole to value 0
Set parameter Threads to value 1
Set parameter Seed to value 0
  定价策略: Exact, node=113, vertices=22
Set parameter PoolSearchMode to value 2
Set parameter PoolSolutions to value 10
[CG 1] RMP=12.000000, pricing=ExactPricingSolver, new_columns=10
[CG 2] RMP=10.000000, pricing=ExactPricingSolver, new_columns=0
  搜索路径: [1, 2, 3, 4, 5, 6, 7, 8, 11, 13, 16, 10, 18, 17, 12, 19, 9, 28, 29, 31, 36, 37, 30, 40, 41, 46, 47, 50, 51, 33, 49, 56, 57, 59, 58, 62, 63, 34, 68, 32, 35, 74, 75, 45, 48, 44, 69, 80, 81, 84, 90, 91, 85, 89, 88, 94, 95, 96, 97, 54, 55, 108, 109, 25, 24, 61, 60, 116, 117, 92, 93, 43, 42, 118, 119, 65, 64, 124, 125, 126, 127, 130, 131, 134, 135, 23, 83, 82, 22, 136, 137, 138, 139, 133, 132, 52, 53, 123, 15, 129, 122, 148, 149, 99, 101, 154, 155, 156, 157, 98, 100, 86, 14, 87, 128, 102, 103, 162, 164, 165, 163, 115, 114, 39, 143, 144, 66, 105, 111, 169, 168, 153, 38, 113]
  列生成求解结果: 目标值=10.0000， 下界=10.0000， 上界=11.0000
    非整数变量: COL_18-20-28-31_61 = 0.166667
  解不是整数，开始分支...
ImposedVertex(vertex=18)
ForbidVertex(vertex=18)
  创建了 2 个分支
    添加分支节点 1: ID=178
    添加分支节点 2: ID=179

处理节点 171
  开始列生成求解...
Set parameter LogToConsole to value 0
Set parameter Threads to value 1
Set parameter Seed to value 0
  定价策略: Exact, node=171, vertices=20
Set parameter PoolSearchMode to value 2
Set parameter PoolSolutions to value 10
[CG 1] RMP=12.000000, pricing=ExactPricingSolver, new_columns=0
  搜索路径: [1, 2, 3, 4, 5, 6, 7, 8, 11, 13, 16, 10, 18, 17, 12, 19, 9, 28, 29, 31, 36, 37, 30, 40, 41, 46, 47, 50, 51, 33, 49, 56, 57, 59, 58, 62, 63, 34, 68, 32, 35, 74, 75, 45, 48, 44, 69, 80, 81, 84, 90, 91, 85, 89, 88, 94, 95, 96, 97, 54, 55, 108, 109, 25, 24, 61, 60, 116, 117, 92, 93, 43, 42, 118, 119, 65, 64, 124, 125, 126, 127, 130, 131, 134, 135, 23, 83, 82, 22, 136, 137, 138, 139, 133, 132, 52, 53, 123, 15, 129, 122, 148, 149, 99, 101, 154, 155, 156, 157, 98, 100, 86, 14, 87, 128, 102, 103, 162, 164, 165, 163, 115, 114, 39, 143, 144, 66, 105, 111, 169, 168, 153, 38, 113, 171]
  列生成求解结果: 目标值=12.0000， 下界=10.0000， 上界=11.0000

处理节点 173
  开始列生成求解...
Set parameter LogToConsole to value 0
Set parameter Threads to value 1
Set parameter Seed to value 0
  定价策略: Exact, node=173, vertices=24
Set parameter PoolSearchMode to value 2
Set parameter PoolSolutions to value 10
[CG 1] RMP=10.000000, pricing=ExactPricingSolver, new_columns=0
  搜索路径: [1, 2, 3, 4, 5, 6, 7, 8, 11, 13, 16, 10, 18, 17, 12, 19, 9, 28, 29, 31, 36, 37, 30, 40, 41, 46, 47, 50, 51, 33, 49, 56, 57, 59, 58, 62, 63, 34, 68, 32, 35, 74, 75, 45, 48, 44, 69, 80, 81, 84, 90, 91, 85, 89, 88, 94, 95, 96, 97, 54, 55, 108, 109, 25, 24, 61, 60, 116, 117, 92, 93, 43, 42, 118, 119, 65, 64, 124, 125, 126, 127, 130, 131, 134, 135, 23, 83, 82, 22, 136, 137, 138, 139, 133, 132, 52, 53, 123, 15, 129, 122, 148, 149, 99, 101, 154, 155, 156, 157, 98, 100, 86, 14, 87, 128, 102, 103, 162, 164, 165, 163, 115, 114, 39, 143, 144, 66, 105, 111, 169, 168, 153, 38, 113, 171, 173]
  列生成求解结果: 目标值=10.0000， 下界=10.0000， 上界=11.0000
    非整数变量: COL_21-23_6 = 0.166667
  解不是整数，开始分支...
ImposedVertex(vertex=23)
ForbidVertex(vertex=23)
  创建了 2 个分支
    添加分支节点 1: ID=180
    添加分支节点 2: ID=181

处理节点 175
  开始列生成求解...
Set parameter LogToConsole to value 0
Set parameter Threads to value 1
Set parameter Seed to value 0
  定价策略: Exact, node=175, vertices=24
Set parameter PoolSearchMode to value 2
Set parameter PoolSolutions to value 10
[CG 1] RMP=10.000000, pricing=ExactPricingSolver, new_columns=0
  搜索路径: [1, 2, 3, 4, 5, 6, 7, 8, 11, 13, 16, 10, 18, 17, 12, 19, 9, 28, 29, 31, 36, 37, 30, 40, 41, 46, 47, 50, 51, 33, 49, 56, 57, 59, 58, 62, 63, 34, 68, 32, 35, 74, 75, 45, 48, 44, 69, 80, 81, 84, 90, 91, 85, 89, 88, 94, 95, 96, 97, 54, 55, 108, 109, 25, 24, 61, 60, 116, 117, 92, 93, 43, 42, 118, 119, 65, 64, 124, 125, 126, 127, 130, 131, 134, 135, 23, 83, 82, 22, 136, 137, 138, 139, 133, 132, 52, 53, 123, 15, 129, 122, 148, 149, 99, 101, 154, 155, 156, 157, 98, 100, 86, 14, 87, 128, 102, 103, 162, 164, 165, 163, 115, 114, 39, 143, 144, 66, 105, 111, 169, 168, 153, 38, 113, 171, 173, 175]
  列生成求解结果: 目标值=10.0000， 下界=10.0000， 上界=11.0000
    非整数变量: COL_15-2-22-32-8_29 = 0.333333
  解不是整数，开始分支...
ImposedVertex(vertex=8)
ForbidVertex(vertex=8)
  创建了 2 个分支
    添加分支节点 1: ID=182
    添加分支节点 2: ID=183

处理节点 177
  开始列生成求解...
Set parameter LogToConsole to value 0
Set parameter Threads to value 1
Set parameter Seed to value 0
  定价策略: Exact, node=177, vertices=15
Set parameter PoolSearchMode to value 2
Set parameter PoolSolutions to value 10
[CG 1] RMP=2012.000000, pricing=ExactPricingSolver, new_columns=10
[CG 2] RMP=12.000000, pricing=ExactPricingSolver, new_columns=0
  搜索路径: [1, 2, 3, 4, 5, 6, 7, 8, 11, 13, 16, 10, 18, 17, 12, 19, 9, 28, 29, 31, 36, 37, 30, 40, 41, 46, 47, 50, 51, 33, 49, 56, 57, 59, 58, 62, 63, 34, 68, 32, 35, 74, 75, 45, 48, 44, 69, 80, 81, 84, 90, 91, 85, 89, 88, 94, 95, 96, 97, 54, 55, 108, 109, 25, 24, 61, 60, 116, 117, 92, 93, 43, 42, 118, 119, 65, 64, 124, 125, 126, 127, 130, 131, 134, 135, 23, 83, 82, 22, 136, 137, 138, 139, 133, 132, 52, 53, 123, 15, 129, 122, 148, 149, 99, 101, 154, 155, 156, 157, 98, 100, 86, 14, 87, 128, 102, 103, 162, 164, 165, 163, 115, 114, 39, 143, 144, 66, 105, 111, 169, 168, 153, 38, 113, 171, 173, 175, 177]
  列生成求解结果: 目标值=12.0000， 下界=10.0000， 上界=11.0000

处理节点 176
  开始列生成求解...
Set parameter LogToConsole to value 0
Set parameter Threads to value 1
Set parameter Seed to value 0
  定价策略: Exact, node=176, vertices=15
Set parameter PoolSearchMode to value 2
Set parameter PoolSolutions to value 10
[CG 1] RMP=11.000000, pricing=ExactPricingSolver, new_columns=0
  搜索路径: [1, 2, 3, 4, 5, 6, 7, 8, 11, 13, 16, 10, 18, 17, 12, 19, 9, 28, 29, 31, 36, 37, 30, 40, 41, 46, 47, 50, 51, 33, 49, 56, 57, 59, 58, 62, 63, 34, 68, 32, 35, 74, 75, 45, 48, 44, 69, 80, 81, 84, 90, 91, 85, 89, 88, 94, 95, 96, 97, 54, 55, 108, 109, 25, 24, 61, 60, 116, 117, 92, 93, 43, 42, 118, 119, 65, 64, 124, 125, 126, 127, 130, 131, 134, 135, 23, 83, 82, 22, 136, 137, 138, 139, 133, 132, 52, 53, 123, 15, 129, 122, 148, 149, 99, 101, 154, 155, 156, 157, 98, 100, 86, 14, 87, 128, 102, 103, 162, 164, 165, 163, 115, 114, 39, 143, 144, 66, 105, 111, 169, 168, 153, 38, 113, 171, 173, 175, 177, 176]
  列生成求解结果: 目标值=11.0000， 下界=10.0000， 上界=11.0000

处理节点 179
  开始列生成求解...
Set parameter LogToConsole to value 0
Set parameter Threads to value 1
Set parameter Seed to value 0
  定价策略: Exact, node=179, vertices=21
Set parameter PoolSearchMode to value 2
Set parameter PoolSolutions to value 10
[CG 1] RMP=12.000000, pricing=ExactPricingSolver, new_columns=10
[CG 2] RMP=12.000000, pricing=ExactPricingSolver, new_columns=10
[CG 3] RMP=12.000000, pricing=ExactPricingSolver, new_columns=0
  搜索路径: [1, 2, 3, 4, 5, 6, 7, 8, 11, 13, 16, 10, 18, 17, 12, 19, 9, 28, 29, 31, 36, 37, 30, 40, 41, 46, 47, 50, 51, 33, 49, 56, 57, 59, 58, 62, 63, 34, 68, 32, 35, 74, 75, 45, 48, 44, 69, 80, 81, 84, 90, 91, 85, 89, 88, 94, 95, 96, 97, 54, 55, 108, 109, 25, 24, 61, 60, 116, 117, 92, 93, 43, 42, 118, 119, 65, 64, 124, 125, 126, 127, 130, 131, 134, 135, 23, 83, 82, 22, 136, 137, 138, 139, 133, 132, 52, 53, 123, 15, 129, 122, 148, 149, 99, 101, 154, 155, 156, 157, 98, 100, 86, 14, 87, 128, 102, 103, 162, 164, 165, 163, 115, 114, 39, 143, 144, 66, 105, 111, 169, 168, 153, 38, 113, 171, 173, 175, 177, 176, 179]
  列生成求解结果: 目标值=12.0000， 下界=10.0000， 上界=11.0000

处理节点 178
  开始列生成求解...
Set parameter LogToConsole to value 0
Set parameter Threads to value 1
Set parameter Seed to value 0
  定价策略: Exact, node=178, vertices=21
Set parameter PoolSearchMode to value 2
Set parameter PoolSolutions to value 10
[CG 1] RMP=2012.000000, pricing=ExactPricingSolver, new_columns=10
[CG 2] RMP=2012.000000, pricing=ExactPricingSolver, new_columns=10
[CG 3] RMP=2012.000000, pricing=ExactPricingSolver, new_columns=10
[CG 4] RMP=2012.000000, pricing=ExactPricingSolver, new_columns=0
  搜索路径: [1, 2, 3, 4, 5, 6, 7, 8, 11, 13, 16, 10, 18, 17, 12, 19, 9, 28, 29, 31, 36, 37, 30, 40, 41, 46, 47, 50, 51, 33, 49, 56, 57, 59, 58, 62, 63, 34, 68, 32, 35, 74, 75, 45, 48, 44, 69, 80, 81, 84, 90, 91, 85, 89, 88, 94, 95, 96, 97, 54, 55, 108, 109, 25, 24, 61, 60, 116, 117, 92, 93, 43, 42, 118, 119, 65, 64, 124, 125, 126, 127, 130, 131, 134, 135, 23, 83, 82, 22, 136, 137, 138, 139, 133, 132, 52, 53, 123, 15, 129, 122, 148, 149, 99, 101, 154, 155, 156, 157, 98, 100, 86, 14, 87, 128, 102, 103, 162, 164, 165, 163, 115, 114, 39, 143, 144, 66, 105, 111, 169, 168, 153, 38, 113, 171, 173, 175, 177, 176, 179, 178]
  列生成求解结果: 目标值=2012.0000， 下界=10.0000， 上界=11.0000

处理节点 181
  开始列生成求解...
Set parameter LogToConsole to value 0
Set parameter Threads to value 1
Set parameter Seed to value 0
  定价策略: Exact, node=181, vertices=23
Set parameter PoolSearchMode to value 2
Set parameter PoolSolutions to value 10
[CG 1] RMP=10.000000, pricing=ExactPricingSolver, new_columns=0
  搜索路径: [1, 2, 3, 4, 5, 6, 7, 8, 11, 13, 16, 10, 18, 17, 12, 19, 9, 28, 29, 31, 36, 37, 30, 40, 41, 46, 47, 50, 51, 33, 49, 56, 57, 59, 58, 62, 63, 34, 68, 32, 35, 74, 75, 45, 48, 44, 69, 80, 81, 84, 90, 91, 85, 89, 88, 94, 95, 96, 97, 54, 55, 108, 109, 25, 24, 61, 60, 116, 117, 92, 93, 43, 42, 118, 119, 65, 64, 124, 125, 126, 127, 130, 131, 134, 135, 23, 83, 82, 22, 136, 137, 138, 139, 133, 132, 52, 53, 123, 15, 129, 122, 148, 149, 99, 101, 154, 155, 156, 157, 98, 100, 86, 14, 87, 128, 102, 103, 162, 164, 165, 163, 115, 114, 39, 143, 144, 66, 105, 111, 169, 168, 153, 38, 113, 171, 173, 175, 177, 176, 179, 178, 181]
  列生成求解结果: 目标值=10.0000， 下界=10.0000， 上界=11.0000
    非整数变量: COL_1-15-31-4-8_28 = 0.333333
  解不是整数，开始分支...
ImposedVertex(vertex=4)
ForbidVertex(vertex=4)
  创建了 2 个分支
    添加分支节点 1: ID=184
    添加分支节点 2: ID=185

处理节点 183
  开始列生成求解...
Set parameter LogToConsole to value 0
Set parameter Threads to value 1
Set parameter Seed to value 0
  定价策略: Exact, node=183, vertices=23
Set parameter PoolSearchMode to value 2
Set parameter PoolSolutions to value 10
[CG 1] RMP=2012.000000, pricing=ExactPricingSolver, new_columns=10
[CG 2] RMP=10.000000, pricing=ExactPricingSolver, new_columns=0
  搜索路径: [1, 2, 3, 4, 5, 6, 7, 8, 11, 13, 16, 10, 18, 17, 12, 19, 9, 28, 29, 31, 36, 37, 30, 40, 41, 46, 47, 50, 51, 33, 49, 56, 57, 59, 58, 62, 63, 34, 68, 32, 35, 74, 75, 45, 48, 44, 69, 80, 81, 84, 90, 91, 85, 89, 88, 94, 95, 96, 97, 54, 55, 108, 109, 25, 24, 61, 60, 116, 117, 92, 93, 43, 42, 118, 119, 65, 64, 124, 125, 126, 127, 130, 131, 134, 135, 23, 83, 82, 22, 136, 137, 138, 139, 133, 132, 52, 53, 123, 15, 129, 122, 148, 149, 99, 101, 154, 155, 156, 157, 98, 100, 86, 14, 87, 128, 102, 103, 162, 164, 165, 163, 115, 114, 39, 143, 144, 66, 105, 111, 169, 168, 153, 38, 113, 171, 173, 175, 177, 176, 179, 178, 181, 183]
  列生成求解结果: 目标值=10.0000， 下界=10.0000， 上界=11.0000
    非整数变量: COL_14-16-19-23-28_19 = 0.333333
  解不是整数，开始分支...
ImposedVertex(vertex=14)
ForbidVertex(vertex=14)
  创建了 2 个分支
    添加分支节点 1: ID=186
    添加分支节点 2: ID=187

处理节点 182
  开始列生成求解...
Set parameter LogToConsole to value 0
Set parameter Threads to value 1
Set parameter Seed to value 0
  定价策略: Exact, node=182, vertices=21
Set parameter PoolSearchMode to value 2
Set parameter PoolSolutions to value 10
[CG 1] RMP=10.000000, pricing=ExactPricingSolver, new_columns=0
  搜索路径: [1, 2, 3, 4, 5, 6, 7, 8, 11, 13, 16, 10, 18, 17, 12, 19, 9, 28, 29, 31, 36, 37, 30, 40, 41, 46, 47, 50, 51, 33, 49, 56, 57, 59, 58, 62, 63, 34, 68, 32, 35, 74, 75, 45, 48, 44, 69, 80, 81, 84, 90, 91, 85, 89, 88, 94, 95, 96, 97, 54, 55, 108, 109, 25, 24, 61, 60, 116, 117, 92, 93, 43, 42, 118, 119, 65, 64, 124, 125, 126, 127, 130, 131, 134, 135, 23, 83, 82, 22, 136, 137, 138, 139, 133, 132, 52, 53, 123, 15, 129, 122, 148, 149, 99, 101, 154, 155, 156, 157, 98, 100, 86, 14, 87, 128, 102, 103, 162, 164, 165, 163, 115, 114, 39, 143, 144, 66, 105, 111, 169, 168, 153, 38, 113, 171, 173, 175, 177, 176, 179, 178, 181, 183, 182]
  列生成求解结果: 目标值=10.0000， 下界=10.0000， 上界=11.0000
    非整数变量: COL_14-16-19-23-28_19 = 0.222222
  解不是整数，开始分支...
ImposedVertex(vertex=28)
ForbidVertex(vertex=28)
  创建了 2 个分支
    添加分支节点 1: ID=188
    添加分支节点 2: ID=189

处理节点 180
  开始列生成求解...
Set parameter LogToConsole to value 0
Set parameter Threads to value 1
Set parameter Seed to value 0
  定价策略: Exact, node=180, vertices=21
Set parameter PoolSearchMode to value 2
Set parameter PoolSolutions to value 10
[CG 1] RMP=16.000000, pricing=ExactPricingSolver, new_columns=10
[CG 2] RMP=10.000000, pricing=ExactPricingSolver, new_columns=0
  搜索路径: [1, 2, 3, 4, 5, 6, 7, 8, 11, 13, 16, 10, 18, 17, 12, 19, 9, 28, 29, 31, 36, 37, 30, 40, 41, 46, 47, 50, 51, 33, 49, 56, 57, 59, 58, 62, 63, 34, 68, 32, 35, 74, 75, 45, 48, 44, 69, 80, 81, 84, 90, 91, 85, 89, 88, 94, 95, 96, 97, 54, 55, 108, 109, 25, 24, 61, 60, 116, 117, 92, 93, 43, 42, 118, 119, 65, 64, 124, 125, 126, 127, 130, 131, 134, 135, 23, 83, 82, 22, 136, 137, 138, 139, 133, 132, 52, 53, 123, 15, 129, 122, 148, 149, 99, 101, 154, 155, 156, 157, 98, 100, 86, 14, 87, 128, 102, 103, 162, 164, 165, 163, 115, 114, 39, 143, 144, 66, 105, 111, 169, 168, 153, 38, 113, 171, 173, 175, 177, 176, 179, 178, 181, 183, 182, 180]
  列生成求解结果: 目标值=10.0000， 下界=10.0000， 上界=11.0000
    非整数变量: COL_1-15-31-4-8_28 = 0.583333
  解不是整数，开始分支...
ImposedVertex(vertex=4)
ForbidVertex(vertex=4)
  创建了 2 个分支
    添加分支节点 1: ID=190
    添加分支节点 2: ID=191

处理节点 174
  开始列生成求解...
Set parameter LogToConsole to value 0
Set parameter Threads to value 1
Set parameter Seed to value 0
  定价策略: Exact, node=174, vertices=22
Set parameter PoolSearchMode to value 2
Set parameter PoolSolutions to value 10
[CG 1] RMP=10.000000, pricing=ExactPricingSolver, new_columns=0
  搜索路径: [1, 2, 3, 4, 5, 6, 7, 8, 11, 13, 16, 10, 18, 17, 12, 19, 9, 28, 29, 31, 36, 37, 30, 40, 41, 46, 47, 50, 51, 33, 49, 56, 57, 59, 58, 62, 63, 34, 68, 32, 35, 74, 75, 45, 48, 44, 69, 80, 81, 84, 90, 91, 85, 89, 88, 94, 95, 96, 97, 54, 55, 108, 109, 25, 24, 61, 60, 116, 117, 92, 93, 43, 42, 118, 119, 65, 64, 124, 125, 126, 127, 130, 131, 134, 135, 23, 83, 82, 22, 136, 137, 138, 139, 133, 132, 52, 53, 123, 15, 129, 122, 148, 149, 99, 101, 154, 155, 156, 157, 98, 100, 86, 14, 87, 128, 102, 103, 162, 164, 165, 163, 115, 114, 39, 143, 144, 66, 105, 111, 169, 168, 153, 38, 113, 171, 173, 175, 177, 176, 179, 178, 181, 183, 182, 180, 174]
  列生成求解结果: 目标值=10.0000， 下界=10.0000， 上界=11.0000
    非整数变量: COL_15-2-22-32-8_29 = 0.458333
  解不是整数，开始分支...
ImposedVertex(vertex=4)
ForbidVertex(vertex=4)
  创建了 2 个分支
    添加分支节点 1: ID=192
    添加分支节点 2: ID=193

处理节点 172
  开始列生成求解...
Set parameter LogToConsole to value 0
Set parameter Threads to value 1
Set parameter Seed to value 0
  定价策略: Exact, node=172, vertices=23
Set parameter PoolSearchMode to value 2
Set parameter PoolSolutions to value 10
[CG 1] RMP=12.000000, pricing=ExactPricingSolver, new_columns=10
[CG 2] RMP=10.000000, pricing=ExactPricingSolver, new_columns=0
  搜索路径: [1, 2, 3, 4, 5, 6, 7, 8, 11, 13, 16, 10, 18, 17, 12, 19, 9, 28, 29, 31, 36, 37, 30, 40, 41, 46, 47, 50, 51, 33, 49, 56, 57, 59, 58, 62, 63, 34, 68, 32, 35, 74, 75, 45, 48, 44, 69, 80, 81, 84, 90, 91, 85, 89, 88, 94, 95, 96, 97, 54, 55, 108, 109, 25, 24, 61, 60, 116, 117, 92, 93, 43, 42, 118, 119, 65, 64, 124, 125, 126, 127, 130, 131, 134, 135, 23, 83, 82, 22, 136, 137, 138, 139, 133, 132, 52, 53, 123, 15, 129, 122, 148, 149, 99, 101, 154, 155, 156, 157, 98, 100, 86, 14, 87, 128, 102, 103, 162, 164, 165, 163, 115, 114, 39, 143, 144, 66, 105, 111, 169, 168, 153, 38, 113, 171, 173, 175, 177, 176, 179, 178, 181, 183, 182, 180, 174, 172]
  列生成求解结果: 目标值=10.0000， 下界=10.0000， 上界=11.0000
    非整数变量: COL_1-20-23-31-5_44 = 0.166667
  解不是整数，开始分支...
ImposedVertex(vertex=20)
ForbidVertex(vertex=20)
  创建了 2 个分支
    添加分支节点 1: ID=194
    添加分支节点 2: ID=195

处理节点 194
  开始列生成求解...
Set parameter LogToConsole to value 0
Set parameter Threads to value 1
Set parameter Seed to value 0
  定价策略: Exact, node=194, vertices=22
Set parameter PoolSearchMode to value 2
Set parameter PoolSolutions to value 10
[CG 1] RMP=2012.000000, pricing=ExactPricingSolver, new_columns=10
[CG 2] RMP=2012.000000, pricing=ExactPricingSolver, new_columns=10
[CG 3] RMP=344.333333, pricing=ExactPricingSolver, new_columns=10
[CG 4] RMP=261.000000, pricing=ExactPricingSolver, new_columns=10
[CG 5] RMP=11.000000, pricing=ExactPricingSolver, new_columns=0
  搜索路径: [1, 2, 3, 4, 5, 6, 7, 8, 11, 13, 16, 10, 18, 17, 12, 19, 9, 28, 29, 31, 36, 37, 30, 40, 41, 46, 47, 50, 51, 33, 49, 56, 57, 59, 58, 62, 63, 34, 68, 32, 35, 74, 75, 45, 48, 44, 69, 80, 81, 84, 90, 91, 85, 89, 88, 94, 95, 96, 97, 54, 55, 108, 109, 25, 24, 61, 60, 116, 117, 92, 93, 43, 42, 118, 119, 65, 64, 124, 125, 126, 127, 130, 131, 134, 135, 23, 83, 82, 22, 136, 137, 138, 139, 133, 132, 52, 53, 123, 15, 129, 122, 148, 149, 99, 101, 154, 155, 156, 157, 98, 100, 86, 14, 87, 128, 102, 103, 162, 164, 165, 163, 115, 114, 39, 143, 144, 66, 105, 111, 169, 168, 153, 38, 113, 171, 173, 175, 177, 176, 179, 178, 181, 183, 182, 180, 174, 172, 194]
  列生成求解结果: 目标值=11.0000， 下界=10.0000， 上界=11.0000

处理节点 195
  开始列生成求解...
Set parameter LogToConsole to value 0
Set parameter Threads to value 1
Set parameter Seed to value 0
  定价策略: Exact, node=195, vertices=22
Set parameter PoolSearchMode to value 2
Set parameter PoolSolutions to value 10
[CG 1] RMP=12.000000, pricing=ExactPricingSolver, new_columns=0
  搜索路径: [1, 2, 3, 4, 5, 6, 7, 8, 11, 13, 16, 10, 18, 17, 12, 19, 9, 28, 29, 31, 36, 37, 30, 40, 41, 46, 47, 50, 51, 33, 49, 56, 57, 59, 58, 62, 63, 34, 68, 32, 35, 74, 75, 45, 48, 44, 69, 80, 81, 84, 90, 91, 85, 89, 88, 94, 95, 96, 97, 54, 55, 108, 109, 25, 24, 61, 60, 116, 117, 92, 93, 43, 42, 118, 119, 65, 64, 124, 125, 126, 127, 130, 131, 134, 135, 23, 83, 82, 22, 136, 137, 138, 139, 133, 132, 52, 53, 123, 15, 129, 122, 148, 149, 99, 101, 154, 155, 156, 157, 98, 100, 86, 14, 87, 128, 102, 103, 162, 164, 165, 163, 115, 114, 39, 143, 144, 66, 105, 111, 169, 168, 153, 38, 113, 171, 173, 175, 177, 176, 179, 178, 181, 183, 182, 180, 174, 172, 194, 195]
  列生成求解结果: 目标值=12.0000， 下界=10.0000， 上界=11.0000

处理节点 189
  开始列生成求解...
Set parameter LogToConsole to value 0
Set parameter Threads to value 1
Set parameter Seed to value 0
  定价策略: Exact, node=189, vertices=20
Set parameter PoolSearchMode to value 2
Set parameter PoolSolutions to value 10
[CG 1] RMP=2012.000000, pricing=ExactPricingSolver, new_columns=10
[CG 2] RMP=210.000000, pricing=ExactPricingSolver, new_columns=10
[CG 3] RMP=12.000000, pricing=ExactPricingSolver, new_columns=0
  搜索路径: [1, 2, 3, 4, 5, 6, 7, 8, 11, 13, 16, 10, 18, 17, 12, 19, 9, 28, 29, 31, 36, 37, 30, 40, 41, 46, 47, 50, 51, 33, 49, 56, 57, 59, 58, 62, 63, 34, 68, 32, 35, 74, 75, 45, 48, 44, 69, 80, 81, 84, 90, 91, 85, 89, 88, 94, 95, 96, 97, 54, 55, 108, 109, 25, 24, 61, 60, 116, 117, 92, 93, 43, 42, 118, 119, 65, 64, 124, 125, 126, 127, 130, 131, 134, 135, 23, 83, 82, 22, 136, 137, 138, 139, 133, 132, 52, 53, 123, 15, 129, 122, 148, 149, 99, 101, 154, 155, 156, 157, 98, 100, 86, 14, 87, 128, 102, 103, 162, 164, 165, 163, 115, 114, 39, 143, 144, 66, 105, 111, 169, 168, 153, 38, 113, 171, 173, 175, 177, 176, 179, 178, 181, 183, 182, 180, 174, 172, 194, 195, 189]
  列生成求解结果: 目标值=12.0000， 下界=10.0000， 上界=11.0000

处理节点 191
  开始列生成求解...
Set parameter LogToConsole to value 0
Set parameter Threads to value 1
Set parameter Seed to value 0
  定价策略: Exact, node=191, vertices=20
Set parameter PoolSearchMode to value 2
Set parameter PoolSolutions to value 10
[CG 1] RMP=12.000000, pricing=ExactPricingSolver, new_columns=10
[CG 2] RMP=12.000000, pricing=ExactPricingSolver, new_columns=10
[CG 3] RMP=10.000000, pricing=ExactPricingSolver, new_columns=0
  搜索路径: [1, 2, 3, 4, 5, 6, 7, 8, 11, 13, 16, 10, 18, 17, 12, 19, 9, 28, 29, 31, 36, 37, 30, 40, 41, 46, 47, 50, 51, 33, 49, 56, 57, 59, 58, 62, 63, 34, 68, 32, 35, 74, 75, 45, 48, 44, 69, 80, 81, 84, 90, 91, 85, 89, 88, 94, 95, 96, 97, 54, 55, 108, 109, 25, 24, 61, 60, 116, 117, 92, 93, 43, 42, 118, 119, 65, 64, 124, 125, 126, 127, 130, 131, 134, 135, 23, 83, 82, 22, 136, 137, 138, 139, 133, 132, 52, 53, 123, 15, 129, 122, 148, 149, 99, 101, 154, 155, 156, 157, 98, 100, 86, 14, 87, 128, 102, 103, 162, 164, 165, 163, 115, 114, 39, 143, 144, 66, 105, 111, 169, 168, 153, 38, 113, 171, 173, 175, 177, 176, 179, 178, 181, 183, 182, 180, 174, 172, 194, 195, 189, 191]
  列生成求解结果: 目标值=10.0000， 下界=10.0000， 上界=11.0000
    非整数变量: COL_16-19-21-23-27-31_351 = 0.666667
  解不是整数，开始分支...
ImposedVertex(vertex=19)
ForbidVertex(vertex=19)
  创建了 2 个分支
    添加分支节点 1: ID=196
    添加分支节点 2: ID=197

处理节点 196
  开始列生成求解...
Set parameter LogToConsole to value 0
Set parameter Threads to value 1
Set parameter Seed to value 0
  定价策略: Exact, node=196, vertices=19
Set parameter PoolSearchMode to value 2
Set parameter PoolSolutions to value 10
[CG 1] RMP=12.000000, pricing=ExactPricingSolver, new_columns=0
  搜索路径: [1, 2, 3, 4, 5, 6, 7, 8, 11, 13, 16, 10, 18, 17, 12, 19, 9, 28, 29, 31, 36, 37, 30, 40, 41, 46, 47, 50, 51, 33, 49, 56, 57, 59, 58, 62, 63, 34, 68, 32, 35, 74, 75, 45, 48, 44, 69, 80, 81, 84, 90, 91, 85, 89, 88, 94, 95, 96, 97, 54, 55, 108, 109, 25, 24, 61, 60, 116, 117, 92, 93, 43, 42, 118, 119, 65, 64, 124, 125, 126, 127, 130, 131, 134, 135, 23, 83, 82, 22, 136, 137, 138, 139, 133, 132, 52, 53, 123, 15, 129, 122, 148, 149, 99, 101, 154, 155, 156, 157, 98, 100, 86, 14, 87, 128, 102, 103, 162, 164, 165, 163, 115, 114, 39, 143, 144, 66, 105, 111, 169, 168, 153, 38, 113, 171, 173, 175, 177, 176, 179, 178, 181, 183, 182, 180, 174, 172, 194, 195, 189, 191, 196]
  列生成求解结果: 目标值=12.0000， 下界=10.0000， 上界=11.0000

处理节点 197
  开始列生成求解...
Set parameter LogToConsole to value 0
Set parameter Threads to value 1
Set parameter Seed to value 0
  定价策略: Exact, node=197, vertices=19
Set parameter PoolSearchMode to value 2
Set parameter PoolSolutions to value 10
[CG 1] RMP=12.000000, pricing=ExactPricingSolver, new_columns=10
[CG 2] RMP=12.000000, pricing=ExactPricingSolver, new_columns=10
[CG 3] RMP=11.000000, pricing=ExactPricingSolver, new_columns=0
  搜索路径: [1, 2, 3, 4, 5, 6, 7, 8, 11, 13, 16, 10, 18, 17, 12, 19, 9, 28, 29, 31, 36, 37, 30, 40, 41, 46, 47, 50, 51, 33, 49, 56, 57, 59, 58, 62, 63, 34, 68, 32, 35, 74, 75, 45, 48, 44, 69, 80, 81, 84, 90, 91, 85, 89, 88, 94, 95, 96, 97, 54, 55, 108, 109, 25, 24, 61, 60, 116, 117, 92, 93, 43, 42, 118, 119, 65, 64, 124, 125, 126, 127, 130, 131, 134, 135, 23, 83, 82, 22, 136, 137, 138, 139, 133, 132, 52, 53, 123, 15, 129, 122, 148, 149, 99, 101, 154, 155, 156, 157, 98, 100, 86, 14, 87, 128, 102, 103, 162, 164, 165, 163, 115, 114, 39, 143, 144, 66, 105, 111, 169, 168, 153, 38, 113, 171, 173, 175, 177, 176, 179, 178, 181, 183, 182, 180, 174, 172, 194, 195, 189, 191, 196, 197]
  列生成求解结果: 目标值=11.0000， 下界=10.0000， 上界=11.0000

处理节点 145
  开始列生成求解...
Set parameter LogToConsole to value 0
Set parameter Threads to value 1
Set parameter Seed to value 0
  定价策略: Exact, node=145, vertices=21
Set parameter PoolSearchMode to value 2
Set parameter PoolSolutions to value 10
[CG 1] RMP=2012.000000, pricing=ExactPricingSolver, new_columns=10
[CG 2] RMP=11.000000, pricing=ExactPricingSolver, new_columns=0
  搜索路径: [1, 2, 3, 4, 5, 6, 7, 8, 11, 13, 16, 10, 18, 17, 12, 19, 9, 28, 29, 31, 36, 37, 30, 40, 41, 46, 47, 50, 51, 33, 49, 56, 57, 59, 58, 62, 63, 34, 68, 32, 35, 74, 75, 45, 48, 44, 69, 80, 81, 84, 90, 91, 85, 89, 88, 94, 95, 96, 97, 54, 55, 108, 109, 25, 24, 61, 60, 116, 117, 92, 93, 43, 42, 118, 119, 65, 64, 124, 125, 126, 127, 130, 131, 134, 135, 23, 83, 82, 22, 136, 137, 138, 139, 133, 132, 52, 53, 123, 15, 129, 122, 148, 149, 99, 101, 154, 155, 156, 157, 98, 100, 86, 14, 87, 128, 102, 103, 162, 164, 165, 163, 115, 114, 39, 143, 144, 66, 105, 111, 169, 168, 153, 38, 113, 171, 173, 175, 177, 176, 179, 178, 181, 183, 182, 180, 174, 172, 194, 195, 189, 191, 196, 197, 145]
  列生成求解结果: 目标值=11.0000， 下界=10.0000， 上界=11.0000

处理节点 106
  开始列生成求解...
Set parameter LogToConsole to value 0
Set parameter Threads to value 1
Set parameter Seed to value 0
  定价策略: Exact, node=106, vertices=21
Set parameter PoolSearchMode to value 2
Set parameter PoolSolutions to value 10
[CG 1] RMP=12.000000, pricing=ExactPricingSolver, new_columns=10
[CG 2] RMP=10.000000, pricing=ExactPricingSolver, new_columns=0
  搜索路径: [1, 2, 3, 4, 5, 6, 7, 8, 11, 13, 16, 10, 18, 17, 12, 19, 9, 28, 29, 31, 36, 37, 30, 40, 41, 46, 47, 50, 51, 33, 49, 56, 57, 59, 58, 62, 63, 34, 68, 32, 35, 74, 75, 45, 48, 44, 69, 80, 81, 84, 90, 91, 85, 89, 88, 94, 95, 96, 97, 54, 55, 108, 109, 25, 24, 61, 60, 116, 117, 92, 93, 43, 42, 118, 119, 65, 64, 124, 125, 126, 127, 130, 131, 134, 135, 23, 83, 82, 22, 136, 137, 138, 139, 133, 132, 52, 53, 123, 15, 129, 122, 148, 149, 99, 101, 154, 155, 156, 157, 98, 100, 86, 14, 87, 128, 102, 103, 162, 164, 165, 163, 115, 114, 39, 143, 144, 66, 105, 111, 169, 168, 153, 38, 113, 171, 173, 175, 177, 176, 179, 178, 181, 183, 182, 180, 174, 172, 194, 195, 189, 191, 196, 197, 145, 106]
  列生成求解结果: 目标值=10.0000， 下界=10.0000， 上界=11.0000
    非整数变量: COL_11-18-2-20-28_65 = 0.500000
  解不是整数，开始分支...
ImposedVertex(vertex=11)
ForbidVertex(vertex=11)
  创建了 2 个分支
    添加分支节点 1: ID=198
    添加分支节点 2: ID=199

处理节点 192
  开始列生成求解...
Set parameter LogToConsole to value 0
Set parameter Threads to value 1
Set parameter Seed to value 0
  定价策略: Exact, node=192, vertices=20
Set parameter PoolSearchMode to value 2
Set parameter PoolSolutions to value 10
[CG 1] RMP=2012.000000, pricing=ExactPricingSolver, new_columns=10
[CG 2] RMP=12.000000, pricing=ExactPricingSolver, new_columns=10
[CG 3] RMP=10.000000, pricing=ExactPricingSolver, new_columns=0
  搜索路径: [1, 2, 3, 4, 5, 6, 7, 8, 11, 13, 16, 10, 18, 17, 12, 19, 9, 28, 29, 31, 36, 37, 30, 40, 41, 46, 47, 50, 51, 33, 49, 56, 57, 59, 58, 62, 63, 34, 68, 32, 35, 74, 75, 45, 48, 44, 69, 80, 81, 84, 90, 91, 85, 89, 88, 94, 95, 96, 97, 54, 55, 108, 109, 25, 24, 61, 60, 116, 117, 92, 93, 43, 42, 118, 119, 65, 64, 124, 125, 126, 127, 130, 131, 134, 135, 23, 83, 82, 22, 136, 137, 138, 139, 133, 132, 52, 53, 123, 15, 129, 122, 148, 149, 99, 101, 154, 155, 156, 157, 98, 100, 86, 14, 87, 128, 102, 103, 162, 164, 165, 163, 115, 114, 39, 143, 144, 66, 105, 111, 169, 168, 153, 38, 113, 171, 173, 175, 177, 176, 179, 178, 181, 183, 182, 180, 174, 172, 194, 195, 189, 191, 196, 197, 145, 106, 192]
  列生成求解结果: 目标值=10.0000， 下界=10.0000， 上界=11.0000
    非整数变量: COL_14-2-4_304 = 0.166667
  解不是整数，开始分支...
ImposedVertex(vertex=14)
ForbidVertex(vertex=14)
  创建了 2 个分支
    添加分支节点 1: ID=200
    添加分支节点 2: ID=201

处理节点 190
  开始列生成求解...
Set parameter LogToConsole to value 0
Set parameter Threads to value 1
Set parameter Seed to value 0
  定价策略: Exact, node=190, vertices=20
Set parameter PoolSearchMode to value 2
Set parameter PoolSolutions to value 10
[CG 1] RMP=10.000000, pricing=ExactPricingSolver, new_columns=0
  搜索路径: [1, 2, 3, 4, 5, 6, 7, 8, 11, 13, 16, 10, 18, 17, 12, 19, 9, 28, 29, 31, 36, 37, 30, 40, 41, 46, 47, 50, 51, 33, 49, 56, 57, 59, 58, 62, 63, 34, 68, 32, 35, 74, 75, 45, 48, 44, 69, 80, 81, 84, 90, 91, 85, 89, 88, 94, 95, 96, 97, 54, 55, 108, 109, 25, 24, 61, 60, 116, 117, 92, 93, 43, 42, 118, 119, 65, 64, 124, 125, 126, 127, 130, 131, 134, 135, 23, 83, 82, 22, 136, 137, 138, 139, 133, 132, 52, 53, 123, 15, 129, 122, 148, 149, 99, 101, 154, 155, 156, 157, 98, 100, 86, 14, 87, 128, 102, 103, 162, 164, 165, 163, 115, 114, 39, 143, 144, 66, 105, 111, 169, 168, 153, 38, 113, 171, 173, 175, 177, 176, 179, 178, 181, 183, 182, 180, 174, 172, 194, 195, 189, 191, 196, 197, 145, 106, 192, 190]
  列生成求解结果: 目标值=10.0000， 下界=10.0000， 上界=11.0000
    非整数变量: COL_21-23_6 = 0.200000
  解不是整数，开始分支...
ImposedVertex(vertex=21)
ForbidVertex(vertex=21)
  创建了 2 个分支
    添加分支节点 1: ID=202
    添加分支节点 2: ID=203

处理节点 104
  开始列生成求解...
Set parameter LogToConsole to value 0
Set parameter Threads to value 1
Set parameter Seed to value 0
  定价策略: Exact, node=104, vertices=20
Set parameter PoolSearchMode to value 2
Set parameter PoolSolutions to value 10
[CG 1] RMP=12.000000, pricing=ExactPricingSolver, new_columns=0
  搜索路径: [1, 2, 3, 4, 5, 6, 7, 8, 11, 13, 16, 10, 18, 17, 12, 19, 9, 28, 29, 31, 36, 37, 30, 40, 41, 46, 47, 50, 51, 33, 49, 56, 57, 59, 58, 62, 63, 34, 68, 32, 35, 74, 75, 45, 48, 44, 69, 80, 81, 84, 90, 91, 85, 89, 88, 94, 95, 96, 97, 54, 55, 108, 109, 25, 24, 61, 60, 116, 117, 92, 93, 43, 42, 118, 119, 65, 64, 124, 125, 126, 127, 130, 131, 134, 135, 23, 83, 82, 22, 136, 137, 138, 139, 133, 132, 52, 53, 123, 15, 129, 122, 148, 149, 99, 101, 154, 155, 156, 157, 98, 100, 86, 14, 87, 128, 102, 103, 162, 164, 165, 163, 115, 114, 39, 143, 144, 66, 105, 111, 169, 168, 153, 38, 113, 171, 173, 175, 177, 176, 179, 178, 181, 183, 182, 180, 174, 172, 194, 195, 189, 191, 196, 197, 145, 106, 192, 190, 104]
  列生成求解结果: 目标值=12.0000， 下界=10.0000， 上界=11.0000

处理节点 188
  开始列生成求解...
Set parameter LogToConsole to value 0
Set parameter Threads to value 1
Set parameter Seed to value 0
  定价策略: Exact, node=188, vertices=18
Set parameter PoolSearchMode to value 2
Set parameter PoolSolutions to value 10
[CG 1] RMP=2012.000000, pricing=ExactPricingSolver, new_columns=10
[CG 2] RMP=10.000000, pricing=ExactPricingSolver, new_columns=0
  搜索路径: [1, 2, 3, 4, 5, 6, 7, 8, 11, 13, 16, 10, 18, 17, 12, 19, 9, 28, 29, 31, 36, 37, 30, 40, 41, 46, 47, 50, 51, 33, 49, 56, 57, 59, 58, 62, 63, 34, 68, 32, 35, 74, 75, 45, 48, 44, 69, 80, 81, 84, 90, 91, 85, 89, 88, 94, 95, 96, 97, 54, 55, 108, 109, 25, 24, 61, 60, 116, 117, 92, 93, 43, 42, 118, 119, 65, 64, 124, 125, 126, 127, 130, 131, 134, 135, 23, 83, 82, 22, 136, 137, 138, 139, 133, 132, 52, 53, 123, 15, 129, 122, 148, 149, 99, 101, 154, 155, 156, 157, 98, 100, 86, 14, 87, 128, 102, 103, 162, 164, 165, 163, 115, 114, 39, 143, 144, 66, 105, 111, 169, 168, 153, 38, 113, 171, 173, 175, 177, 176, 179, 178, 181, 183, 182, 180, 174, 172, 194, 195, 189, 191, 196, 197, 145, 106, 192, 190, 104, 188]
  列生成求解结果: 目标值=10.0000， 下界=10.0000， 上界=11.0000
    非整数变量: COL_14-16-19-23-28_19 = 0.166667
  解不是整数，开始分支...
ImposedVertex(vertex=14)
ForbidVertex(vertex=14)
  创建了 2 个分支
    添加分支节点 1: ID=204
    添加分支节点 2: ID=205

处理节点 199
  开始列生成求解...
Set parameter LogToConsole to value 0
Set parameter Threads to value 1
Set parameter Seed to value 0
  定价策略: Exact, node=199, vertices=20
Set parameter PoolSearchMode to value 2
Set parameter PoolSolutions to value 10
[CG 1] RMP=12.000000, pricing=ExactPricingSolver, new_columns=0
  搜索路径: [1, 2, 3, 4, 5, 6, 7, 8, 11, 13, 16, 10, 18, 17, 12, 19, 9, 28, 29, 31, 36, 37, 30, 40, 41, 46, 47, 50, 51, 33, 49, 56, 57, 59, 58, 62, 63, 34, 68, 32, 35, 74, 75, 45, 48, 44, 69, 80, 81, 84, 90, 91, 85, 89, 88, 94, 95, 96, 97, 54, 55, 108, 109, 25, 24, 61, 60, 116, 117, 92, 93, 43, 42, 118, 119, 65, 64, 124, 125, 126, 127, 130, 131, 134, 135, 23, 83, 82, 22, 136, 137, 138, 139, 133, 132, 52, 53, 123, 15, 129, 122, 148, 149, 99, 101, 154, 155, 156, 157, 98, 100, 86, 14, 87, 128, 102, 103, 162, 164, 165, 163, 115, 114, 39, 143, 144, 66, 105, 111, 169, 168, 153, 38, 113, 171, 173, 175, 177, 176, 179, 178, 181, 183, 182, 180, 174, 172, 194, 195, 189, 191, 196, 197, 145, 106, 192, 190, 104, 188, 199]
  列生成求解结果: 目标值=12.0000， 下界=10.0000， 上界=11.0000

处理节点 201
  开始列生成求解...
Set parameter LogToConsole to value 0
Set parameter Threads to value 1
Set parameter Seed to value 0
  定价策略: Exact, node=201, vertices=19
Set parameter PoolSearchMode to value 2
Set parameter PoolSolutions to value 10
[CG 1] RMP=12.000000, pricing=ExactPricingSolver, new_columns=0
  搜索路径: [1, 2, 3, 4, 5, 6, 7, 8, 11, 13, 16, 10, 18, 17, 12, 19, 9, 28, 29, 31, 36, 37, 30, 40, 41, 46, 47, 50, 51, 33, 49, 56, 57, 59, 58, 62, 63, 34, 68, 32, 35, 74, 75, 45, 48, 44, 69, 80, 81, 84, 90, 91, 85, 89, 88, 94, 95, 96, 97, 54, 55, 108, 109, 25, 24, 61, 60, 116, 117, 92, 93, 43, 42, 118, 119, 65, 64, 124, 125, 126, 127, 130, 131, 134, 135, 23, 83, 82, 22, 136, 137, 138, 139, 133, 132, 52, 53, 123, 15, 129, 122, 148, 149, 99, 101, 154, 155, 156, 157, 98, 100, 86, 14, 87, 128, 102, 103, 162, 164, 165, 163, 115, 114, 39, 143, 144, 66, 105, 111, 169, 168, 153, 38, 113, 171, 173, 175, 177, 176, 179, 178, 181, 183, 182, 180, 174, 172, 194, 195, 189, 191, 196, 197, 145, 106, 192, 190, 104, 188, 199, 201]
  列生成求解结果: 目标值=12.0000， 下界=10.0000， 上界=11.0000

处理节点 203
  开始列生成求解...
Set parameter LogToConsole to value 0
Set parameter Threads to value 1
Set parameter Seed to value 0
  定价策略: Exact, node=203, vertices=19
Set parameter PoolSearchMode to value 2
Set parameter PoolSolutions to value 10
[CG 1] RMP=10.000000, pricing=ExactPricingSolver, new_columns=0
  搜索路径: [1, 2, 3, 4, 5, 6, 7, 8, 11, 13, 16, 10, 18, 17, 12, 19, 9, 28, 29, 31, 36, 37, 30, 40, 41, 46, 47, 50, 51, 33, 49, 56, 57, 59, 58, 62, 63, 34, 68, 32, 35, 74, 75, 45, 48, 44, 69, 80, 81, 84, 90, 91, 85, 89, 88, 94, 95, 96, 97, 54, 55, 108, 109, 25, 24, 61, 60, 116, 117, 92, 93, 43, 42, 118, 119, 65, 64, 124, 125, 126, 127, 130, 131, 134, 135, 23, 83, 82, 22, 136, 137, 138, 139, 133, 132, 52, 53, 123, 15, 129, 122, 148, 149, 99, 101, 154, 155, 156, 157, 98, 100, 86, 14, 87, 128, 102, 103, 162, 164, 165, 163, 115, 114, 39, 143, 144, 66, 105, 111, 169, 168, 153, 38, 113, 171, 173, 175, 177, 176, 179, 178, 181, 183, 182, 180, 174, 172, 194, 195, 189, 191, 196, 197, 145, 106, 192, 190, 104, 188, 199, 201, 203]
  列生成求解结果: 目标值=10.0000， 下界=10.0000， 上界=11.0000
    非整数变量: COL_1-15-31-4-8_28 = 0.250000
  解不是整数，开始分支...
ImposedVertex(vertex=15)
ForbidVertex(vertex=15)
  创建了 2 个分支
    添加分支节点 1: ID=206
    添加分支节点 2: ID=207

处理节点 202
  开始列生成求解...
Set parameter LogToConsole to value 0
Set parameter Threads to value 1
Set parameter Seed to value 0
  定价策略: Exact, node=202, vertices=19
Set parameter PoolSearchMode to value 2
Set parameter PoolSolutions to value 10
[CG 1] RMP=10.000000, pricing=ExactPricingSolver, new_columns=0
  搜索路径: [1, 2, 3, 4, 5, 6, 7, 8, 11, 13, 16, 10, 18, 17, 12, 19, 9, 28, 29, 31, 36, 37, 30, 40, 41, 46, 47, 50, 51, 33, 49, 56, 57, 59, 58, 62, 63, 34, 68, 32, 35, 74, 75, 45, 48, 44, 69, 80, 81, 84, 90, 91, 85, 89, 88, 94, 95, 96, 97, 54, 55, 108, 109, 25, 24, 61, 60, 116, 117, 92, 93, 43, 42, 118, 119, 65, 64, 124, 125, 126, 127, 130, 131, 134, 135, 23, 83, 82, 22, 136, 137, 138, 139, 133, 132, 52, 53, 123, 15, 129, 122, 148, 149, 99, 101, 154, 155, 156, 157, 98, 100, 86, 14, 87, 128, 102, 103, 162, 164, 165, 163, 115, 114, 39, 143, 144, 66, 105, 111, 169, 168, 153, 38, 113, 171, 173, 175, 177, 176, 179, 178, 181, 183, 182, 180, 174, 172, 194, 195, 189, 191, 196, 197, 145, 106, 192, 190, 104, 188, 199, 201, 203, 202]
  列生成求解结果: 目标值=10.0000， 下界=10.0000， 上界=11.0000
    非整数变量: COL_1-15-31-4-8_28 = 0.166667
  解不是整数，开始分支...
ImposedVertex(vertex=15)
ForbidVertex(vertex=15)
  创建了 2 个分支
    添加分支节点 1: ID=208
    添加分支节点 2: ID=209

处理节点 205
  开始列生成求解...
Set parameter LogToConsole to value 0
Set parameter Threads to value 1
Set parameter Seed to value 0
  定价策略: Exact, node=205, vertices=17
Set parameter PoolSearchMode to value 2
Set parameter PoolSolutions to value 10
[CG 1] RMP=12.000000, pricing=ExactPricingSolver, new_columns=0
  搜索路径: [1, 2, 3, 4, 5, 6, 7, 8, 11, 13, 16, 10, 18, 17, 12, 19, 9, 28, 29, 31, 36, 37, 30, 40, 41, 46, 47, 50, 51, 33, 49, 56, 57, 59, 58, 62, 63, 34, 68, 32, 35, 74, 75, 45, 48, 44, 69, 80, 81, 84, 90, 91, 85, 89, 88, 94, 95, 96, 97, 54, 55, 108, 109, 25, 24, 61, 60, 116, 117, 92, 93, 43, 42, 118, 119, 65, 64, 124, 125, 126, 127, 130, 131, 134, 135, 23, 83, 82, 22, 136, 137, 138, 139, 133, 132, 52, 53, 123, 15, 129, 122, 148, 149, 99, 101, 154, 155, 156, 157, 98, 100, 86, 14, 87, 128, 102, 103, 162, 164, 165, 163, 115, 114, 39, 143, 144, 66, 105, 111, 169, 168, 153, 38, 113, 171, 173, 175, 177, 176, 179, 178, 181, 183, 182, 180, 174, 172, 194, 195, 189, 191, 196, 197, 145, 106, 192, 190, 104, 188, 199, 201, 203, 202, 205]
  列生成求解结果: 目标值=12.0000， 下界=10.0000， 上界=11.0000

处理节点 204
  开始列生成求解...
Set parameter LogToConsole to value 0
Set parameter Threads to value 1
Set parameter Seed to value 0
  定价策略: Exact, node=204, vertices=17
Set parameter PoolSearchMode to value 2
Set parameter PoolSolutions to value 10
[CG 1] RMP=2012.000000, pricing=ExactPricingSolver, new_columns=10
[CG 2] RMP=2012.000000, pricing=ExactPricingSolver, new_columns=10
[CG 3] RMP=2012.000000, pricing=ExactPricingSolver, new_columns=10
[CG 4] RMP=2012.000000, pricing=ExactPricingSolver, new_columns=10
[CG 5] RMP=10.000000, pricing=ExactPricingSolver, new_columns=10
[CG 6] RMP=10.000000, pricing=ExactPricingSolver, new_columns=10
[CG 7] RMP=10.000000, pricing=ExactPricingSolver, new_columns=0
  搜索路径: [1, 2, 3, 4, 5, 6, 7, 8, 11, 13, 16, 10, 18, 17, 12, 19, 9, 28, 29, 31, 36, 37, 30, 40, 41, 46, 47, 50, 51, 33, 49, 56, 57, 59, 58, 62, 63, 34, 68, 32, 35, 74, 75, 45, 48, 44, 69, 80, 81, 84, 90, 91, 85, 89, 88, 94, 95, 96, 97, 54, 55, 108, 109, 25, 24, 61, 60, 116, 117, 92, 93, 43, 42, 118, 119, 65, 64, 124, 125, 126, 127, 130, 131, 134, 135, 23, 83, 82, 22, 136, 137, 138, 139, 133, 132, 52, 53, 123, 15, 129, 122, 148, 149, 99, 101, 154, 155, 156, 157, 98, 100, 86, 14, 87, 128, 102, 103, 162, 164, 165, 163, 115, 114, 39, 143, 144, 66, 105, 111, 169, 168, 153, 38, 113, 171, 173, 175, 177, 176, 179, 178, 181, 183, 182, 180, 174, 172, 194, 195, 189, 191, 196, 197, 145, 106, 192, 190, 104, 188, 199, 201, 203, 202, 205, 204]
  列生成求解结果: 目标值=10.0000， 下界=10.0000， 上界=11.0000
    非整数变量: COL_16-19-28-32-7-8_1854 = 0.416667
  解不是整数，开始分支...
ImposedVertex(vertex=7)
ForbidVertex(vertex=7)
  创建了 2 个分支
    添加分支节点 1: ID=210
    添加分支节点 2: ID=211

处理节点 210
  开始列生成求解...
Set parameter LogToConsole to value 0
Set parameter Threads to value 1
Set parameter Seed to value 0
  定价策略: Exact, node=210, vertices=15
Set parameter PoolSearchMode to value 2
Set parameter PoolSolutions to value 10
[CG 1] RMP=12.000000, pricing=ExactPricingSolver, new_columns=10
[CG 2] RMP=10.000000, pricing=ExactPricingSolver, new_columns=0
  搜索路径: [1, 2, 3, 4, 5, 6, 7, 8, 11, 13, 16, 10, 18, 17, 12, 19, 9, 28, 29, 31, 36, 37, 30, 40, 41, 46, 47, 50, 51, 33, 49, 56, 57, 59, 58, 62, 63, 34, 68, 32, 35, 74, 75, 45, 48, 44, 69, 80, 81, 84, 90, 91, 85, 89, 88, 94, 95, 96, 97, 54, 55, 108, 109, 25, 24, 61, 60, 116, 117, 92, 93, 43, 42, 118, 119, 65, 64, 124, 125, 126, 127, 130, 131, 134, 135, 23, 83, 82, 22, 136, 137, 138, 139, 133, 132, 52, 53, 123, 15, 129, 122, 148, 149, 99, 101, 154, 155, 156, 157, 98, 100, 86, 14, 87, 128, 102, 103, 162, 164, 165, 163, 115, 114, 39, 143, 144, 66, 105, 111, 169, 168, 153, 38, 113, 171, 173, 175, 177, 176, 179, 178, 181, 183, 182, 180, 174, 172, 194, 195, 189, 191, 196, 197, 145, 106, 192, 190, 104, 188, 199, 201, 203, 202, 205, 204, 210]
  列生成求解结果: 目标值=10.0000， 下界=10.0000， 上界=11.0000
    非整数变量: COL_16-19-28-32-7-8_1854 = 0.090909
  解不是整数，开始分支...
ImposedVertex(vertex=19)
ForbidVertex(vertex=19)
  创建了 2 个分支
    添加分支节点 1: ID=212
    添加分支节点 2: ID=213

处理节点 211
  开始列生成求解...
Set parameter LogToConsole to value 0
Set parameter Threads to value 1
Set parameter Seed to value 0
  定价策略: Exact, node=211, vertices=16
Set parameter PoolSearchMode to value 2
Set parameter PoolSolutions to value 10
[CG 1] RMP=10.000000, pricing=ExactPricingSolver, new_columns=0
  搜索路径: [1, 2, 3, 4, 5, 6, 7, 8, 11, 13, 16, 10, 18, 17, 12, 19, 9, 28, 29, 31, 36, 37, 30, 40, 41, 46, 47, 50, 51, 33, 49, 56, 57, 59, 58, 62, 63, 34, 68, 32, 35, 74, 75, 45, 48, 44, 69, 80, 81, 84, 90, 91, 85, 89, 88, 94, 95, 96, 97, 54, 55, 108, 109, 25, 24, 61, 60, 116, 117, 92, 93, 43, 42, 118, 119, 65, 64, 124, 125, 126, 127, 130, 131, 134, 135, 23, 83, 82, 22, 136, 137, 138, 139, 133, 132, 52, 53, 123, 15, 129, 122, 148, 149, 99, 101, 154, 155, 156, 157, 98, 100, 86, 14, 87, 128, 102, 103, 162, 164, 165, 163, 115, 114, 39, 143, 144, 66, 105, 111, 169, 168, 153, 38, 113, 171, 173, 175, 177, 176, 179, 178, 181, 183, 182, 180, 174, 172, 194, 195, 189, 191, 196, 197, 145, 106, 192, 190, 104, 188, 199, 201, 203, 202, 205, 204, 210, 211]
  列生成求解结果: 目标值=10.0000， 下界=10.0000， 上界=11.0000
    非整数变量: COL_16-19-22-31-4-8_1851 = 0.666667
  解不是整数，开始分支...
ImposedVertex(vertex=19)
ForbidVertex(vertex=19)
  创建了 2 个分支
    添加分支节点 1: ID=214
    添加分支节点 2: ID=215

处理节点 207
  开始列生成求解...
Set parameter LogToConsole to value 0
Set parameter Threads to value 1
Set parameter Seed to value 0
  定价策略: Exact, node=207, vertices=18
Set parameter PoolSearchMode to value 2
Set parameter PoolSolutions to value 10
[CG 1] RMP=2012.000000, pricing=ExactPricingSolver, new_columns=10
[CG 2] RMP=2012.000000, pricing=ExactPricingSolver, new_columns=10
[CG 3] RMP=2012.000000, pricing=ExactPricingSolver, new_columns=10
[CG 4] RMP=2012.000000, pricing=ExactPricingSolver, new_columns=0
  搜索路径: [1, 2, 3, 4, 5, 6, 7, 8, 11, 13, 16, 10, 18, 17, 12, 19, 9, 28, 29, 31, 36, 37, 30, 40, 41, 46, 47, 50, 51, 33, 49, 56, 57, 59, 58, 62, 63, 34, 68, 32, 35, 74, 75, 45, 48, 44, 69, 80, 81, 84, 90, 91, 85, 89, 88, 94, 95, 96, 97, 54, 55, 108, 109, 25, 24, 61, 60, 116, 117, 92, 93, 43, 42, 118, 119, 65, 64, 124, 125, 126, 127, 130, 131, 134, 135, 23, 83, 82, 22, 136, 137, 138, 139, 133, 132, 52, 53, 123, 15, 129, 122, 148, 149, 99, 101, 154, 155, 156, 157, 98, 100, 86, 14, 87, 128, 102, 103, 162, 164, 165, 163, 115, 114, 39, 143, 144, 66, 105, 111, 169, 168, 153, 38, 113, 171, 173, 175, 177, 176, 179, 178, 181, 183, 182, 180, 174, 172, 194, 195, 189, 191, 196, 197, 145, 106, 192, 190, 104, 188, 199, 201, 203, 202, 205, 204, 210, 211, 207]
  列生成求解结果: 目标值=2012.0000， 下界=10.0000， 上界=11.0000

处理节点 209
  开始列生成求解...
Set parameter LogToConsole to value 0
Set parameter Threads to value 1
Set parameter Seed to value 0
  定价策略: Exact, node=209, vertices=18
Set parameter PoolSearchMode to value 2
Set parameter PoolSolutions to value 10
[CG 1] RMP=2012.000000, pricing=ExactPricingSolver, new_columns=10
[CG 2] RMP=2012.000000, pricing=ExactPricingSolver, new_columns=10
[CG 3] RMP=2012.000000, pricing=ExactPricingSolver, new_columns=6
[CG 4] RMP=2012.000000, pricing=ExactPricingSolver, new_columns=0
  搜索路径: [1, 2, 3, 4, 5, 6, 7, 8, 11, 13, 16, 10, 18, 17, 12, 19, 9, 28, 29, 31, 36, 37, 30, 40, 41, 46, 47, 50, 51, 33, 49, 56, 57, 59, 58, 62, 63, 34, 68, 32, 35, 74, 75, 45, 48, 44, 69, 80, 81, 84, 90, 91, 85, 89, 88, 94, 95, 96, 97, 54, 55, 108, 109, 25, 24, 61, 60, 116, 117, 92, 93, 43, 42, 118, 119, 65, 64, 124, 125, 126, 127, 130, 131, 134, 135, 23, 83, 82, 22, 136, 137, 138, 139, 133, 132, 52, 53, 123, 15, 129, 122, 148, 149, 99, 101, 154, 155, 156, 157, 98, 100, 86, 14, 87, 128, 102, 103, 162, 164, 165, 163, 115, 114, 39, 143, 144, 66, 105, 111, 169, 168, 153, 38, 113, 171, 173, 175, 177, 176, 179, 178, 181, 183, 182, 180, 174, 172, 194, 195, 189, 191, 196, 197, 145, 106, 192, 190, 104, 188, 199, 201, 203, 202, 205, 204, 210, 211, 207, 209]
  列生成求解结果: 目标值=2012.0000， 下界=10.0000， 上界=11.0000

处理节点 208
  开始列生成求解...
Set parameter LogToConsole to value 0
Set parameter Threads to value 1
Set parameter Seed to value 0
  定价策略: Exact, node=208, vertices=18
Set parameter PoolSearchMode to value 2
Set parameter PoolSolutions to value 10
[CG 1] RMP=12.000000, pricing=ExactPricingSolver, new_columns=0
  搜索路径: [1, 2, 3, 4, 5, 6, 7, 8, 11, 13, 16, 10, 18, 17, 12, 19, 9, 28, 29, 31, 36, 37, 30, 40, 41, 46, 47, 50, 51, 33, 49, 56, 57, 59, 58, 62, 63, 34, 68, 32, 35, 74, 75, 45, 48, 44, 69, 80, 81, 84, 90, 91, 85, 89, 88, 94, 95, 96, 97, 54, 55, 108, 109, 25, 24, 61, 60, 116, 117, 92, 93, 43, 42, 118, 119, 65, 64, 124, 125, 126, 127, 130, 131, 134, 135, 23, 83, 82, 22, 136, 137, 138, 139, 133, 132, 52, 53, 123, 15, 129, 122, 148, 149, 99, 101, 154, 155, 156, 157, 98, 100, 86, 14, 87, 128, 102, 103, 162, 164, 165, 163, 115, 114, 39, 143, 144, 66, 105, 111, 169, 168, 153, 38, 113, 171, 173, 175, 177, 176, 179, 178, 181, 183, 182, 180, 174, 172, 194, 195, 189, 191, 196, 197, 145, 106, 192, 190, 104, 188, 199, 201, 203, 202, 205, 204, 210, 211, 207, 209, 208]
  列生成求解结果: 目标值=12.0000， 下界=10.0000， 上界=11.0000

处理节点 213
  开始列生成求解...
Set parameter LogToConsole to value 0
Set parameter Threads to value 1
Set parameter Seed to value 0
  定价策略: Exact, node=213, vertices=14
Set parameter PoolSearchMode to value 2
Set parameter PoolSolutions to value 10
[CG 1] RMP=11.000000, pricing=ExactPricingSolver, new_columns=0
  搜索路径: [1, 2, 3, 4, 5, 6, 7, 8, 11, 13, 16, 10, 18, 17, 12, 19, 9, 28, 29, 31, 36, 37, 30, 40, 41, 46, 47, 50, 51, 33, 49, 56, 57, 59, 58, 62, 63, 34, 68, 32, 35, 74, 75, 45, 48, 44, 69, 80, 81, 84, 90, 91, 85, 89, 88, 94, 95, 96, 97, 54, 55, 108, 109, 25, 24, 61, 60, 116, 117, 92, 93, 43, 42, 118, 119, 65, 64, 124, 125, 126, 127, 130, 131, 134, 135, 23, 83, 82, 22, 136, 137, 138, 139, 133, 132, 52, 53, 123, 15, 129, 122, 148, 149, 99, 101, 154, 155, 156, 157, 98, 100, 86, 14, 87, 128, 102, 103, 162, 164, 165, 163, 115, 114, 39, 143, 144, 66, 105, 111, 169, 168, 153, 38, 113, 171, 173, 175, 177, 176, 179, 178, 181, 183, 182, 180, 174, 172, 194, 195, 189, 191, 196, 197, 145, 106, 192, 190, 104, 188, 199, 201, 203, 202, 205, 204, 210, 211, 207, 209, 208, 213]
  列生成求解结果: 目标值=11.0000， 下界=10.0000， 上界=11.0000

处理节点 215
  开始列生成求解...
Set parameter LogToConsole to value 0
Set parameter Threads to value 1
Set parameter Seed to value 0
  定价策略: Exact, node=215, vertices=15
Set parameter PoolSearchMode to value 2
Set parameter PoolSolutions to value 10
[CG 1] RMP=11.000000, pricing=ExactPricingSolver, new_columns=0
  搜索路径: [1, 2, 3, 4, 5, 6, 7, 8, 11, 13, 16, 10, 18, 17, 12, 19, 9, 28, 29, 31, 36, 37, 30, 40, 41, 46, 47, 50, 51, 33, 49, 56, 57, 59, 58, 62, 63, 34, 68, 32, 35, 74, 75, 45, 48, 44, 69, 80, 81, 84, 90, 91, 85, 89, 88, 94, 95, 96, 97, 54, 55, 108, 109, 25, 24, 61, 60, 116, 117, 92, 93, 43, 42, 118, 119, 65, 64, 124, 125, 126, 127, 130, 131, 134, 135, 23, 83, 82, 22, 136, 137, 138, 139, 133, 132, 52, 53, 123, 15, 129, 122, 148, 149, 99, 101, 154, 155, 156, 157, 98, 100, 86, 14, 87, 128, 102, 103, 162, 164, 165, 163, 115, 114, 39, 143, 144, 66, 105, 111, 169, 168, 153, 38, 113, 171, 173, 175, 177, 176, 179, 178, 181, 183, 182, 180, 174, 172, 194, 195, 189, 191, 196, 197, 145, 106, 192, 190, 104, 188, 199, 201, 203, 202, 205, 204, 210, 211, 207, 209, 208, 213, 215]
  列生成求解结果: 目标值=11.0000， 下界=10.0000， 上界=11.0000

处理节点 214
  开始列生成求解...
Set parameter LogToConsole to value 0
Set parameter Threads to value 1
Set parameter Seed to value 0
  定价策略: Exact, node=214, vertices=15
Set parameter PoolSearchMode to value 2
Set parameter PoolSolutions to value 10
[CG 1] RMP=12.000000, pricing=ExactPricingSolver, new_columns=0
  搜索路径: [1, 2, 3, 4, 5, 6, 7, 8, 11, 13, 16, 10, 18, 17, 12, 19, 9, 28, 29, 31, 36, 37, 30, 40, 41, 46, 47, 50, 51, 33, 49, 56, 57, 59, 58, 62, 63, 34, 68, 32, 35, 74, 75, 45, 48, 44, 69, 80, 81, 84, 90, 91, 85, 89, 88, 94, 95, 96, 97, 54, 55, 108, 109, 25, 24, 61, 60, 116, 117, 92, 93, 43, 42, 118, 119, 65, 64, 124, 125, 126, 127, 130, 131, 134, 135, 23, 83, 82, 22, 136, 137, 138, 139, 133, 132, 52, 53, 123, 15, 129, 122, 148, 149, 99, 101, 154, 155, 156, 157, 98, 100, 86, 14, 87, 128, 102, 103, 162, 164, 165, 163, 115, 114, 39, 143, 144, 66, 105, 111, 169, 168, 153, 38, 113, 171, 173, 175, 177, 176, 179, 178, 181, 183, 182, 180, 174, 172, 194, 195, 189, 191, 196, 197, 145, 106, 192, 190, 104, 188, 199, 201, 203, 202, 205, 204, 210, 211, 207, 209, 208, 213, 215, 214]
  列生成求解结果: 目标值=12.0000， 下界=10.0000， 上界=11.0000

处理节点 212
  开始列生成求解...
Set parameter LogToConsole to value 0
Set parameter Threads to value 1
Set parameter Seed to value 0
  定价策略: Exact, node=212, vertices=14
Set parameter PoolSearchMode to value 2
Set parameter PoolSolutions to value 10
[CG 1] RMP=12.000000, pricing=ExactPricingSolver, new_columns=0
  搜索路径: [1, 2, 3, 4, 5, 6, 7, 8, 11, 13, 16, 10, 18, 17, 12, 19, 9, 28, 29, 31, 36, 37, 30, 40, 41, 46, 47, 50, 51, 33, 49, 56, 57, 59, 58, 62, 63, 34, 68, 32, 35, 74, 75, 45, 48, 44, 69, 80, 81, 84, 90, 91, 85, 89, 88, 94, 95, 96, 97, 54, 55, 108, 109, 25, 24, 61, 60, 116, 117, 92, 93, 43, 42, 118, 119, 65, 64, 124, 125, 126, 127, 130, 131, 134, 135, 23, 83, 82, 22, 136, 137, 138, 139, 133, 132, 52, 53, 123, 15, 129, 122, 148, 149, 99, 101, 154, 155, 156, 157, 98, 100, 86, 14, 87, 128, 102, 103, 162, 164, 165, 163, 115, 114, 39, 143, 144, 66, 105, 111, 169, 168, 153, 38, 113, 171, 173, 175, 177, 176, 179, 178, 181, 183, 182, 180, 174, 172, 194, 195, 189, 191, 196, 197, 145, 106, 192, 190, 104, 188, 199, 201, 203, 202, 205, 204, 210, 211, 207, 209, 208, 213, 215, 214, 212]
  列生成求解结果: 目标值=12.0000， 下界=10.0000， 上界=11.0000

处理节点 147
  开始列生成求解...
Set parameter LogToConsole to value 0
Set parameter Threads to value 1
Set parameter Seed to value 0
  定价策略: Exact, node=147, vertices=22
Set parameter PoolSearchMode to value 2
Set parameter PoolSolutions to value 10
[CG 1] RMP=24.000000, pricing=ExactPricingSolver, new_columns=10
[CG 2] RMP=12.000000, pricing=ExactPricingSolver, new_columns=10
[CG 3] RMP=12.000000, pricing=ExactPricingSolver, new_columns=10
[CG 4] RMP=10.000000, pricing=ExactPricingSolver, new_columns=0
  搜索路径: [1, 2, 3, 4, 5, 6, 7, 8, 11, 13, 16, 10, 18, 17, 12, 19, 9, 28, 29, 31, 36, 37, 30, 40, 41, 46, 47, 50, 51, 33, 49, 56, 57, 59, 58, 62, 63, 34, 68, 32, 35, 74, 75, 45, 48, 44, 69, 80, 81, 84, 90, 91, 85, 89, 88, 94, 95, 96, 97, 54, 55, 108, 109, 25, 24, 61, 60, 116, 117, 92, 93, 43, 42, 118, 119, 65, 64, 124, 125, 126, 127, 130, 131, 134, 135, 23, 83, 82, 22, 136, 137, 138, 139, 133, 132, 52, 53, 123, 15, 129, 122, 148, 149, 99, 101, 154, 155, 156, 157, 98, 100, 86, 14, 87, 128, 102, 103, 162, 164, 165, 163, 115, 114, 39, 143, 144, 66, 105, 111, 169, 168, 153, 38, 113, 171, 173, 175, 177, 176, 179, 178, 181, 183, 182, 180, 174, 172, 194, 195, 189, 191, 196, 197, 145, 106, 192, 190, 104, 188, 199, 201, 203, 202, 205, 204, 210, 211, 207, 209, 208, 213, 215, 214, 212, 147]
  列生成求解结果: 目标值=10.0000， 下界=10.0000， 上界=11.0000
    非整数变量: COL_10-14-18-19-2_363 = 0.333333
  解不是整数，开始分支...
ImposedVertex(vertex=18)
ForbidVertex(vertex=18)
  创建了 2 个分支
    添加分支节点 1: ID=216
    添加分支节点 2: ID=217

处理节点 206
  开始列生成求解...
Set parameter LogToConsole to value 0
Set parameter Threads to value 1
Set parameter Seed to value 0
  定价策略: Exact, node=206, vertices=18
Set parameter PoolSearchMode to value 2
Set parameter PoolSolutions to value 10
[CG 1] RMP=12.000000, pricing=ExactPricingSolver, new_columns=0
  搜索路径: [1, 2, 3, 4, 5, 6, 7, 8, 11, 13, 16, 10, 18, 17, 12, 19, 9, 28, 29, 31, 36, 37, 30, 40, 41, 46, 47, 50, 51, 33, 49, 56, 57, 59, 58, 62, 63, 34, 68, 32, 35, 74, 75, 45, 48, 44, 69, 80, 81, 84, 90, 91, 85, 89, 88, 94, 95, 96, 97, 54, 55, 108, 109, 25, 24, 61, 60, 116, 117, 92, 93, 43, 42, 118, 119, 65, 64, 124, 125, 126, 127, 130, 131, 134, 135, 23, 83, 82, 22, 136, 137, 138, 139, 133, 132, 52, 53, 123, 15, 129, 122, 148, 149, 99, 101, 154, 155, 156, 157, 98, 100, 86, 14, 87, 128, 102, 103, 162, 164, 165, 163, 115, 114, 39, 143, 144, 66, 105, 111, 169, 168, 153, 38, 113, 171, 173, 175, 177, 176, 179, 178, 181, 183, 182, 180, 174, 172, 194, 195, 189, 191, 196, 197, 145, 106, 192, 190, 104, 188, 199, 201, 203, 202, 205, 204, 210, 211, 207, 209, 208, 213, 215, 214, 212, 147, 206]
  列生成求解结果: 目标值=12.0000， 下界=10.0000， 上界=11.0000

处理节点 198
  开始列生成求解...
Set parameter LogToConsole to value 0
Set parameter Threads to value 1
Set parameter Seed to value 0
  定价策略: Exact, node=198, vertices=20
Set parameter PoolSearchMode to value 2
Set parameter PoolSolutions to value 10
[CG 1] RMP=12.000000, pricing=ExactPricingSolver, new_columns=0
  搜索路径: [1, 2, 3, 4, 5, 6, 7, 8, 11, 13, 16, 10, 18, 17, 12, 19, 9, 28, 29, 31, 36, 37, 30, 40, 41, 46, 47, 50, 51, 33, 49, 56, 57, 59, 58, 62, 63, 34, 68, 32, 35, 74, 75, 45, 48, 44, 69, 80, 81, 84, 90, 91, 85, 89, 88, 94, 95, 96, 97, 54, 55, 108, 109, 25, 24, 61, 60, 116, 117, 92, 93, 43, 42, 118, 119, 65, 64, 124, 125, 126, 127, 130, 131, 134, 135, 23, 83, 82, 22, 136, 137, 138, 139, 133, 132, 52, 53, 123, 15, 129, 122, 148, 149, 99, 101, 154, 155, 156, 157, 98, 100, 86, 14, 87, 128, 102, 103, 162, 164, 165, 163, 115, 114, 39, 143, 144, 66, 105, 111, 169, 168, 153, 38, 113, 171, 173, 175, 177, 176, 179, 178, 181, 183, 182, 180, 174, 172, 194, 195, 189, 191, 196, 197, 145, 106, 192, 190, 104, 188, 199, 201, 203, 202, 205, 204, 210, 211, 207, 209, 208, 213, 215, 214, 212, 147, 206, 198]
  列生成求解结果: 目标值=12.0000， 下界=10.0000， 上界=11.0000

处理节点 184
  开始列生成求解...
Set parameter LogToConsole to value 0
Set parameter Threads to value 1
Set parameter Seed to value 0
  定价策略: Exact, node=184, vertices=22
Set parameter PoolSearchMode to value 2
Set parameter PoolSolutions to value 10
[CG 1] RMP=10.000000, pricing=ExactPricingSolver, new_columns=0
  搜索路径: [1, 2, 3, 4, 5, 6, 7, 8, 11, 13, 16, 10, 18, 17, 12, 19, 9, 28, 29, 31, 36, 37, 30, 40, 41, 46, 47, 50, 51, 33, 49, 56, 57, 59, 58, 62, 63, 34, 68, 32, 35, 74, 75, 45, 48, 44, 69, 80, 81, 84, 90, 91, 85, 89, 88, 94, 95, 96, 97, 54, 55, 108, 109, 25, 24, 61, 60, 116, 117, 92, 93, 43, 42, 118, 119, 65, 64, 124, 125, 126, 127, 130, 131, 134, 135, 23, 83, 82, 22, 136, 137, 138, 139, 133, 132, 52, 53, 123, 15, 129, 122, 148, 149, 99, 101, 154, 155, 156, 157, 98, 100, 86, 14, 87, 128, 102, 103, 162, 164, 165, 163, 115, 114, 39, 143, 144, 66, 105, 111, 169, 168, 153, 38, 113, 171, 173, 175, 177, 176, 179, 178, 181, 183, 182, 180, 174, 172, 194, 195, 189, 191, 196, 197, 145, 106, 192, 190, 104, 188, 199, 201, 203, 202, 205, 204, 210, 211, 207, 209, 208, 213, 215, 214, 212, 147, 206, 198, 184]
  列生成求解结果: 目标值=10.0000， 下界=10.0000， 上界=11.0000
    非整数变量: COL_1-15-31-4-8_28 = 0.333333
  解不是整数，开始分支...
ImposedVertex(vertex=15)
ForbidVertex(vertex=15)
  创建了 2 个分支
    添加分支节点 1: ID=218
    添加分支节点 2: ID=219

处理节点 170
  开始列生成求解...
Set parameter LogToConsole to value 0
Set parameter Threads to value 1
Set parameter Seed to value 0
  定价策略: Exact, node=170, vertices=20
Set parameter PoolSearchMode to value 2
Set parameter PoolSolutions to value 10
[CG 1] RMP=12.000000, pricing=ExactPricingSolver, new_columns=0
  搜索路径: [1, 2, 3, 4, 5, 6, 7, 8, 11, 13, 16, 10, 18, 17, 12, 19, 9, 28, 29, 31, 36, 37, 30, 40, 41, 46, 47, 50, 51, 33, 49, 56, 57, 59, 58, 62, 63, 34, 68, 32, 35, 74, 75, 45, 48, 44, 69, 80, 81, 84, 90, 91, 85, 89, 88, 94, 95, 96, 97, 54, 55, 108, 109, 25, 24, 61, 60, 116, 117, 92, 93, 43, 42, 118, 119, 65, 64, 124, 125, 126, 127, 130, 131, 134, 135, 23, 83, 82, 22, 136, 137, 138, 139, 133, 132, 52, 53, 123, 15, 129, 122, 148, 149, 99, 101, 154, 155, 156, 157, 98, 100, 86, 14, 87, 128, 102, 103, 162, 164, 165, 163, 115, 114, 39, 143, 144, 66, 105, 111, 169, 168, 153, 38, 113, 171, 173, 175, 177, 176, 179, 178, 181, 183, 182, 180, 174, 172, 194, 195, 189, 191, 196, 197, 145, 106, 192, 190, 104, 188, 199, 201, 203, 202, 205, 204, 210, 211, 207, 209, 208, 213, 215, 214, 212, 147, 206, 198, 184, 170]
  列生成求解结果: 目标值=12.0000， 下界=10.0000， 上界=11.0000

处理节点 217
  开始列生成求解...
Set parameter LogToConsole to value 0
Set parameter Threads to value 1
Set parameter Seed to value 0
  定价策略: Exact, node=217, vertices=21
Set parameter PoolSearchMode to value 2
Set parameter PoolSolutions to value 10
[CG 1] RMP=2012.000000, pricing=ExactPricingSolver, new_columns=10
[CG 2] RMP=2012.000000, pricing=ExactPricingSolver, new_columns=7
[CG 3] RMP=12.000000, pricing=ExactPricingSolver, new_columns=0
  搜索路径: [1, 2, 3, 4, 5, 6, 7, 8, 11, 13, 16, 10, 18, 17, 12, 19, 9, 28, 29, 31, 36, 37, 30, 40, 41, 46, 47, 50, 51, 33, 49, 56, 57, 59, 58, 62, 63, 34, 68, 32, 35, 74, 75, 45, 48, 44, 69, 80, 81, 84, 90, 91, 85, 89, 88, 94, 95, 96, 97, 54, 55, 108, 109, 25, 24, 61, 60, 116, 117, 92, 93, 43, 42, 118, 119, 65, 64, 124, 125, 126, 127, 130, 131, 134, 135, 23, 83, 82, 22, 136, 137, 138, 139, 133, 132, 52, 53, 123, 15, 129, 122, 148, 149, 99, 101, 154, 155, 156, 157, 98, 100, 86, 14, 87, 128, 102, 103, 162, 164, 165, 163, 115, 114, 39, 143, 144, 66, 105, 111, 169, 168, 153, 38, 113, 171, 173, 175, 177, 176, 179, 178, 181, 183, 182, 180, 174, 172, 194, 195, 189, 191, 196, 197, 145, 106, 192, 190, 104, 188, 199, 201, 203, 202, 205, 204, 210, 211, 207, 209, 208, 213, 215, 214, 212, 147, 206, 198, 184, 170, 217]
  列生成求解结果: 目标值=12.0000， 下界=10.0000， 上界=11.0000

处理节点 216
  开始列生成求解...
Set parameter LogToConsole to value 0
Set parameter Threads to value 1
Set parameter Seed to value 0
  定价策略: Exact, node=216, vertices=21
Set parameter PoolSearchMode to value 2
Set parameter PoolSolutions to value 10
[CG 1] RMP=12.000000, pricing=ExactPricingSolver, new_columns=10
[CG 2] RMP=10.000000, pricing=ExactPricingSolver, new_columns=10
[CG 3] RMP=10.000000, pricing=ExactPricingSolver, new_columns=0
  搜索路径: [1, 2, 3, 4, 5, 6, 7, 8, 11, 13, 16, 10, 18, 17, 12, 19, 9, 28, 29, 31, 36, 37, 30, 40, 41, 46, 47, 50, 51, 33, 49, 56, 57, 59, 58, 62, 63, 34, 68, 32, 35, 74, 75, 45, 48, 44, 69, 80, 81, 84, 90, 91, 85, 89, 88, 94, 95, 96, 97, 54, 55, 108, 109, 25, 24, 61, 60, 116, 117, 92, 93, 43, 42, 118, 119, 65, 64, 124, 125, 126, 127, 130, 131, 134, 135, 23, 83, 82, 22, 136, 137, 138, 139, 133, 132, 52, 53, 123, 15, 129, 122, 148, 149, 99, 101, 154, 155, 156, 157, 98, 100, 86, 14, 87, 128, 102, 103, 162, 164, 165, 163, 115, 114, 39, 143, 144, 66, 105, 111, 169, 168, 153, 38, 113, 171, 173, 175, 177, 176, 179, 178, 181, 183, 182, 180, 174, 172, 194, 195, 189, 191, 196, 197, 145, 106, 192, 190, 104, 188, 199, 201, 203, 202, 205, 204, 210, 211, 207, 209, 208, 213, 215, 214, 212, 147, 206, 198, 184, 170, 217, 216]
  列生成求解结果: 目标值=10.0000， 下界=10.0000， 上界=11.0000
    非整数变量: COL_10-14-18-19-2_363 = 0.833333
  解不是整数，开始分支...
ImposedVertex(vertex=19)
ForbidVertex(vertex=19)
  创建了 2 个分支
    添加分支节点 1: ID=220
    添加分支节点 2: ID=221

处理节点 73
  开始列生成求解...
Set parameter LogToConsole to value 0
Set parameter Threads to value 1
Set parameter Seed to value 0
  定价策略: Exact, node=73, vertices=18
Set parameter PoolSearchMode to value 2
Set parameter PoolSolutions to value 10
[CG 1] RMP=12.000000, pricing=ExactPricingSolver, new_columns=0
  搜索路径: [1, 2, 3, 4, 5, 6, 7, 8, 11, 13, 16, 10, 18, 17, 12, 19, 9, 28, 29, 31, 36, 37, 30, 40, 41, 46, 47, 50, 51, 33, 49, 56, 57, 59, 58, 62, 63, 34, 68, 32, 35, 74, 75, 45, 48, 44, 69, 80, 81, 84, 90, 91, 85, 89, 88, 94, 95, 96, 97, 54, 55, 108, 109, 25, 24, 61, 60, 116, 117, 92, 93, 43, 42, 118, 119, 65, 64, 124, 125, 126, 127, 130, 131, 134, 135, 23, 83, 82, 22, 136, 137, 138, 139, 133, 132, 52, 53, 123, 15, 129, 122, 148, 149, 99, 101, 154, 155, 156, 157, 98, 100, 86, 14, 87, 128, 102, 103, 162, 164, 165, 163, 115, 114, 39, 143, 144, 66, 105, 111, 169, 168, 153, 38, 113, 171, 173, 175, 177, 176, 179, 178, 181, 183, 182, 180, 174, 172, 194, 195, 189, 191, 196, 197, 145, 106, 192, 190, 104, 188, 199, 201, 203, 202, 205, 204, 210, 211, 207, 209, 208, 213, 215, 214, 212, 147, 206, 198, 184, 170, 217, 216, 73]
  列生成求解结果: 目标值=12.0000， 下界=10.0000， 上界=11.0000

处理节点 219
  开始列生成求解...
Set parameter LogToConsole to value 0
Set parameter Threads to value 1
Set parameter Seed to value 0
  定价策略: Exact, node=219, vertices=21
Set parameter PoolSearchMode to value 2
Set parameter PoolSolutions to value 10
[CG 1] RMP=12.000000, pricing=ExactPricingSolver, new_columns=10
[CG 2] RMP=12.000000, pricing=ExactPricingSolver, new_columns=10
[CG 3] RMP=12.000000, pricing=ExactPricingSolver, new_columns=0
  搜索路径: [1, 2, 3, 4, 5, 6, 7, 8, 11, 13, 16, 10, 18, 17, 12, 19, 9, 28, 29, 31, 36, 37, 30, 40, 41, 46, 47, 50, 51, 33, 49, 56, 57, 59, 58, 62, 63, 34, 68, 32, 35, 74, 75, 45, 48, 44, 69, 80, 81, 84, 90, 91, 85, 89, 88, 94, 95, 96, 97, 54, 55, 108, 109, 25, 24, 61, 60, 116, 117, 92, 93, 43, 42, 118, 119, 65, 64, 124, 125, 126, 127, 130, 131, 134, 135, 23, 83, 82, 22, 136, 137, 138, 139, 133, 132, 52, 53, 123, 15, 129, 122, 148, 149, 99, 101, 154, 155, 156, 157, 98, 100, 86, 14, 87, 128, 102, 103, 162, 164, 165, 163, 115, 114, 39, 143, 144, 66, 105, 111, 169, 168, 153, 38, 113, 171, 173, 175, 177, 176, 179, 178, 181, 183, 182, 180, 174, 172, 194, 195, 189, 191, 196, 197, 145, 106, 192, 190, 104, 188, 199, 201, 203, 202, 205, 204, 210, 211, 207, 209, 208, 213, 215, 214, 212, 147, 206, 198, 184, 170, 217, 216, 73, 219]
  列生成求解结果: 目标值=12.0000， 下界=10.0000， 上界=11.0000

处理节点 218
  开始列生成求解...
Set parameter LogToConsole to value 0
Set parameter Threads to value 1
Set parameter Seed to value 0
  定价策略: Exact, node=218, vertices=21
Set parameter PoolSearchMode to value 2
Set parameter PoolSolutions to value 10
[CG 1] RMP=12.000000, pricing=ExactPricingSolver, new_columns=0
  搜索路径: [1, 2, 3, 4, 5, 6, 7, 8, 11, 13, 16, 10, 18, 17, 12, 19, 9, 28, 29, 31, 36, 37, 30, 40, 41, 46, 47, 50, 51, 33, 49, 56, 57, 59, 58, 62, 63, 34, 68, 32, 35, 74, 75, 45, 48, 44, 69, 80, 81, 84, 90, 91, 85, 89, 88, 94, 95, 96, 97, 54, 55, 108, 109, 25, 24, 61, 60, 116, 117, 92, 93, 43, 42, 118, 119, 65, 64, 124, 125, 126, 127, 130, 131, 134, 135, 23, 83, 82, 22, 136, 137, 138, 139, 133, 132, 52, 53, 123, 15, 129, 122, 148, 149, 99, 101, 154, 155, 156, 157, 98, 100, 86, 14, 87, 128, 102, 103, 162, 164, 165, 163, 115, 114, 39, 143, 144, 66, 105, 111, 169, 168, 153, 38, 113, 171, 173, 175, 177, 176, 179, 178, 181, 183, 182, 180, 174, 172, 194, 195, 189, 191, 196, 197, 145, 106, 192, 190, 104, 188, 199, 201, 203, 202, 205, 204, 210, 211, 207, 209, 208, 213, 215, 214, 212, 147, 206, 198, 184, 170, 217, 216, 73, 219, 218]
  列生成求解结果: 目标值=12.0000， 下界=10.0000， 上界=11.0000

处理节点 221
  开始列生成求解...
Set parameter LogToConsole to value 0
Set parameter Threads to value 1
Set parameter Seed to value 0
  定价策略: Exact, node=221, vertices=20
Set parameter PoolSearchMode to value 2
Set parameter PoolSolutions to value 10
[CG 1] RMP=11.000000, pricing=ExactPricingSolver, new_columns=0
  搜索路径: [1, 2, 3, 4, 5, 6, 7, 8, 11, 13, 16, 10, 18, 17, 12, 19, 9, 28, 29, 31, 36, 37, 30, 40, 41, 46, 47, 50, 51, 33, 49, 56, 57, 59, 58, 62, 63, 34, 68, 32, 35, 74, 75, 45, 48, 44, 69, 80, 81, 84, 90, 91, 85, 89, 88, 94, 95, 96, 97, 54, 55, 108, 109, 25, 24, 61, 60, 116, 117, 92, 93, 43, 42, 118, 119, 65, 64, 124, 125, 126, 127, 130, 131, 134, 135, 23, 83, 82, 22, 136, 137, 138, 139, 133, 132, 52, 53, 123, 15, 129, 122, 148, 149, 99, 101, 154, 155, 156, 157, 98, 100, 86, 14, 87, 128, 102, 103, 162, 164, 165, 163, 115, 114, 39, 143, 144, 66, 105, 111, 169, 168, 153, 38, 113, 171, 173, 175, 177, 176, 179, 178, 181, 183, 182, 180, 174, 172, 194, 195, 189, 191, 196, 197, 145, 106, 192, 190, 104, 188, 199, 201, 203, 202, 205, 204, 210, 211, 207, 209, 208, 213, 215, 214, 212, 147, 206, 198, 184, 170, 217, 216, 73, 219, 218, 221]
  列生成求解结果: 目标值=11.0000， 下界=10.0000， 上界=11.0000

处理节点 220
  开始列生成求解...
Set parameter LogToConsole to value 0
Set parameter Threads to value 1
Set parameter Seed to value 0
  定价策略: Exact, node=220, vertices=20
Set parameter PoolSearchMode to value 2
Set parameter PoolSolutions to value 10
[CG 1] RMP=12.000000, pricing=ExactPricingSolver, new_columns=0
  搜索路径: [1, 2, 3, 4, 5, 6, 7, 8, 11, 13, 16, 10, 18, 17, 12, 19, 9, 28, 29, 31, 36, 37, 30, 40, 41, 46, 47, 50, 51, 33, 49, 56, 57, 59, 58, 62, 63, 34, 68, 32, 35, 74, 75, 45, 48, 44, 69, 80, 81, 84, 90, 91, 85, 89, 88, 94, 95, 96, 97, 54, 55, 108, 109, 25, 24, 61, 60, 116, 117, 92, 93, 43, 42, 118, 119, 65, 64, 124, 125, 126, 127, 130, 131, 134, 135, 23, 83, 82, 22, 136, 137, 138, 139, 133, 132, 52, 53, 123, 15, 129, 122, 148, 149, 99, 101, 154, 155, 156, 157, 98, 100, 86, 14, 87, 128, 102, 103, 162, 164, 165, 163, 115, 114, 39, 143, 144, 66, 105, 111, 169, 168, 153, 38, 113, 171, 173, 175, 177, 176, 179, 178, 181, 183, 182, 180, 174, 172, 194, 195, 189, 191, 196, 197, 145, 106, 192, 190, 104, 188, 199, 201, 203, 202, 205, 204, 210, 211, 207, 209, 208, 213, 215, 214, 212, 147, 206, 198, 184, 170, 217, 216, 73, 219, 218, 221, 220]
  列生成求解结果: 目标值=12.0000， 下界=10.0000， 上界=11.0000

处理节点 21
  开始列生成求解...
Set parameter LogToConsole to value 0
Set parameter Threads to value 1
Set parameter Seed to value 0
  定价策略: Exact, node=21, vertices=24
Set parameter PoolSearchMode to value 2
Set parameter PoolSolutions to value 10
[CG 1] RMP=10.000000, pricing=ExactPricingSolver, new_columns=0
  搜索路径: [1, 2, 3, 4, 5, 6, 7, 8, 11, 13, 16, 10, 18, 17, 12, 19, 9, 28, 29, 31, 36, 37, 30, 40, 41, 46, 47, 50, 51, 33, 49, 56, 57, 59, 58, 62, 63, 34, 68, 32, 35, 74, 75, 45, 48, 44, 69, 80, 81, 84, 90, 91, 85, 89, 88, 94, 95, 96, 97, 54, 55, 108, 109, 25, 24, 61, 60, 116, 117, 92, 93, 43, 42, 118, 119, 65, 64, 124, 125, 126, 127, 130, 131, 134, 135, 23, 83, 82, 22, 136, 137, 138, 139, 133, 132, 52, 53, 123, 15, 129, 122, 148, 149, 99, 101, 154, 155, 156, 157, 98, 100, 86, 14, 87, 128, 102, 103, 162, 164, 165, 163, 115, 114, 39, 143, 144, 66, 105, 111, 169, 168, 153, 38, 113, 171, 173, 175, 177, 176, 179, 178, 181, 183, 182, 180, 174, 172, 194, 195, 189, 191, 196, 197, 145, 106, 192, 190, 104, 188, 199, 201, 203, 202, 205, 204, 210, 211, 207, 209, 208, 213, 215, 214, 212, 147, 206, 198, 184, 170, 217, 216, 73, 219, 218, 221, 220, 21]
  列生成求解结果: 目标值=10.0000， 下界=10.0000， 上界=11.0000
    非整数变量: COL_0-20-4_3 = 0.200000
  解不是整数，开始分支...
ImposedVertex(vertex=20)
ForbidVertex(vertex=20)
  创建了 2 个分支
    添加分支节点 1: ID=222
    添加分支节点 2: ID=223

处理节点 20
  开始列生成求解...
Set parameter LogToConsole to value 0
Set parameter Threads to value 1
Set parameter Seed to value 0
  定价策略: Exact, node=20, vertices=22
Set parameter PoolSearchMode to value 2
Set parameter PoolSolutions to value 10
[CG 1] RMP=12.000000, pricing=ExactPricingSolver, new_columns=10
[CG 2] RMP=10.000000, pricing=ExactPricingSolver, new_columns=0
  搜索路径: [1, 2, 3, 4, 5, 6, 7, 8, 11, 13, 16, 10, 18, 17, 12, 19, 9, 28, 29, 31, 36, 37, 30, 40, 41, 46, 47, 50, 51, 33, 49, 56, 57, 59, 58, 62, 63, 34, 68, 32, 35, 74, 75, 45, 48, 44, 69, 80, 81, 84, 90, 91, 85, 89, 88, 94, 95, 96, 97, 54, 55, 108, 109, 25, 24, 61, 60, 116, 117, 92, 93, 43, 42, 118, 119, 65, 64, 124, 125, 126, 127, 130, 131, 134, 135, 23, 83, 82, 22, 136, 137, 138, 139, 133, 132, 52, 53, 123, 15, 129, 122, 148, 149, 99, 101, 154, 155, 156, 157, 98, 100, 86, 14, 87, 128, 102, 103, 162, 164, 165, 163, 115, 114, 39, 143, 144, 66, 105, 111, 169, 168, 153, 38, 113, 171, 173, 175, 177, 176, 179, 178, 181, 183, 182, 180, 174, 172, 194, 195, 189, 191, 196, 197, 145, 106, 192, 190, 104, 188, 199, 201, 203, 202, 205, 204, 210, 211, 207, 209, 208, 213, 215, 214, 212, 147, 206, 198, 184, 170, 217, 216, 73, 219, 218, 221, 220, 21, 20]
  列生成求解结果: 目标值=10.0000， 下界=10.0000， 上界=11.0000
    非整数变量: COL_0-20-4_3 = 0.166667
  解不是整数，开始分支...
ImposedVertex(vertex=20)
ForbidVertex(vertex=20)
  创建了 2 个分支
    添加分支节点 1: ID=224
    添加分支节点 2: ID=225

处理节点 146
  开始列生成求解...
Set parameter LogToConsole to value 0
Set parameter Threads to value 1
Set parameter Seed to value 0
  定价策略: Exact, node=146, vertices=22
Set parameter PoolSearchMode to value 2
Set parameter PoolSolutions to value 10
[CG 1] RMP=2012.000000, pricing=ExactPricingSolver, new_columns=10
[CG 2] RMP=12.000000, pricing=ExactPricingSolver, new_columns=0
  搜索路径: [1, 2, 3, 4, 5, 6, 7, 8, 11, 13, 16, 10, 18, 17, 12, 19, 9, 28, 29, 31, 36, 37, 30, 40, 41, 46, 47, 50, 51, 33, 49, 56, 57, 59, 58, 62, 63, 34, 68, 32, 35, 74, 75, 45, 48, 44, 69, 80, 81, 84, 90, 91, 85, 89, 88, 94, 95, 96, 97, 54, 55, 108, 109, 25, 24, 61, 60, 116, 117, 92, 93, 43, 42, 118, 119, 65, 64, 124, 125, 126, 127, 130, 131, 134, 135, 23, 83, 82, 22, 136, 137, 138, 139, 133, 132, 52, 53, 123, 15, 129, 122, 148, 149, 99, 101, 154, 155, 156, 157, 98, 100, 86, 14, 87, 128, 102, 103, 162, 164, 165, 163, 115, 114, 39, 143, 144, 66, 105, 111, 169, 168, 153, 38, 113, 171, 173, 175, 177, 176, 179, 178, 181, 183, 182, 180, 174, 172, 194, 195, 189, 191, 196, 197, 145, 106, 192, 190, 104, 188, 199, 201, 203, 202, 205, 204, 210, 211, 207, 209, 208, 213, 215, 214, 212, 147, 206, 198, 184, 170, 217, 216, 73, 219, 218, 221, 220, 21, 20, 146]
  列生成求解结果: 目标值=12.0000， 下界=10.0000， 上界=11.0000

处理节点 71
  开始列生成求解...
Set parameter LogToConsole to value 0
Set parameter Threads to value 1
Set parameter Seed to value 0
  定价策略: Exact, node=71, vertices=22
Set parameter PoolSearchMode to value 2
Set parameter PoolSolutions to value 10
[CG 1] RMP=10.000000, pricing=ExactPricingSolver, new_columns=0
  搜索路径: [1, 2, 3, 4, 5, 6, 7, 8, 11, 13, 16, 10, 18, 17, 12, 19, 9, 28, 29, 31, 36, 37, 30, 40, 41, 46, 47, 50, 51, 33, 49, 56, 57, 59, 58, 62, 63, 34, 68, 32, 35, 74, 75, 45, 48, 44, 69, 80, 81, 84, 90, 91, 85, 89, 88, 94, 95, 96, 97, 54, 55, 108, 109, 25, 24, 61, 60, 116, 117, 92, 93, 43, 42, 118, 119, 65, 64, 124, 125, 126, 127, 130, 131, 134, 135, 23, 83, 82, 22, 136, 137, 138, 139, 133, 132, 52, 53, 123, 15, 129, 122, 148, 149, 99, 101, 154, 155, 156, 157, 98, 100, 86, 14, 87, 128, 102, 103, 162, 164, 165, 163, 115, 114, 39, 143, 144, 66, 105, 111, 169, 168, 153, 38, 113, 171, 173, 175, 177, 176, 179, 178, 181, 183, 182, 180, 174, 172, 194, 195, 189, 191, 196, 197, 145, 106, 192, 190, 104, 188, 199, 201, 203, 202, 205, 204, 210, 211, 207, 209, 208, 213, 215, 214, 212, 147, 206, 198, 184, 170, 217, 216, 73, 219, 218, 221, 220, 21, 20, 146, 71]
  列生成求解结果: 目标值=10.0000， 下界=10.0000， 上界=11.0000
    非整数变量: COL_12-19-21-27-32-6_248 = 0.166667
  解不是整数，开始分支...
ImposedVertex(vertex=12)
ForbidVertex(vertex=12)
  创建了 2 个分支
    添加分支节点 1: ID=226
    添加分支节点 2: ID=227
  进度: 已处理 190 个节点, 剩余 37 个, 当前最优 11.0000, 当前列数: 2092

处理节点 112
  开始列生成求解...
Set parameter LogToConsole to value 0
Set parameter Threads to value 1
Set parameter Seed to value 0
  定价策略: Exact, node=112, vertices=22
Set parameter PoolSearchMode to value 2
Set parameter PoolSolutions to value 10
[CG 1] RMP=12.000000, pricing=ExactPricingSolver, new_columns=10
[CG 2] RMP=10.000000, pricing=ExactPricingSolver, new_columns=10
[CG 3] RMP=10.000000, pricing=ExactPricingSolver, new_columns=0
  搜索路径: [1, 2, 3, 4, 5, 6, 7, 8, 11, 13, 16, 10, 18, 17, 12, 19, 9, 28, 29, 31, 36, 37, 30, 40, 41, 46, 47, 50, 51, 33, 49, 56, 57, 59, 58, 62, 63, 34, 68, 32, 35, 74, 75, 45, 48, 44, 69, 80, 81, 84, 90, 91, 85, 89, 88, 94, 95, 96, 97, 54, 55, 108, 109, 25, 24, 61, 60, 116, 117, 92, 93, 43, 42, 118, 119, 65, 64, 124, 125, 126, 127, 130, 131, 134, 135, 23, 83, 82, 22, 136, 137, 138, 139, 133, 132, 52, 53, 123, 15, 129, 122, 148, 149, 99, 101, 154, 155, 156, 157, 98, 100, 86, 14, 87, 128, 102, 103, 162, 164, 165, 163, 115, 114, 39, 143, 144, 66, 105, 111, 169, 168, 153, 38, 113, 171, 173, 175, 177, 176, 179, 178, 181, 183, 182, 180, 174, 172, 194, 195, 189, 191, 196, 197, 145, 106, 192, 190, 104, 188, 199, 201, 203, 202, 205, 204, 210, 211, 207, 209, 208, 213, 215, 214, 212, 147, 206, 198, 184, 170, 217, 216, 73, 219, 218, 221, 220, 21, 20, 146, 71, 112]
  列生成求解结果: 目标值=10.0000， 下界=10.0000， 上界=11.0000
    非整数变量: COL_11-18-20-28_63 = 0.166667
  解不是整数，开始分支...
ImposedVertex(vertex=18)
ForbidVertex(vertex=18)
  创建了 2 个分支
    添加分支节点 1: ID=228
    添加分支节点 2: ID=229

处理节点 67
  开始列生成求解...
Set parameter LogToConsole to value 0
Set parameter Threads to value 1
Set parameter Seed to value 0
  定价策略: Exact, node=67, vertices=19
Set parameter PoolSearchMode to value 2
Set parameter PoolSolutions to value 10
[CG 1] RMP=10.000000, pricing=ExactPricingSolver, new_columns=0
  搜索路径: [1, 2, 3, 4, 5, 6, 7, 8, 11, 13, 16, 10, 18, 17, 12, 19, 9, 28, 29, 31, 36, 37, 30, 40, 41, 46, 47, 50, 51, 33, 49, 56, 57, 59, 58, 62, 63, 34, 68, 32, 35, 74, 75, 45, 48, 44, 69, 80, 81, 84, 90, 91, 85, 89, 88, 94, 95, 96, 97, 54, 55, 108, 109, 25, 24, 61, 60, 116, 117, 92, 93, 43, 42, 118, 119, 65, 64, 124, 125, 126, 127, 130, 131, 134, 135, 23, 83, 82, 22, 136, 137, 138, 139, 133, 132, 52, 53, 123, 15, 129, 122, 148, 149, 99, 101, 154, 155, 156, 157, 98, 100, 86, 14, 87, 128, 102, 103, 162, 164, 165, 163, 115, 114, 39, 143, 144, 66, 105, 111, 169, 168, 153, 38, 113, 171, 173, 175, 177, 176, 179, 178, 181, 183, 182, 180, 174, 172, 194, 195, 189, 191, 196, 197, 145, 106, 192, 190, 104, 188, 199, 201, 203, 202, 205, 204, 210, 211, 207, 209, 208, 213, 215, 214, 212, 147, 206, 198, 184, 170, 217, 216, 73, 219, 218, 221, 220, 21, 20, 146, 71, 112, 67]
  列生成求解结果: 目标值=10.0000， 下界=10.0000， 上界=11.0000
    非整数变量: COL_14-2-20-22-23_407 = 0.166667
  解不是整数，开始分支...
ImposedVertex(vertex=2)
ForbidVertex(vertex=2)
  创建了 2 个分支
    添加分支节点 1: ID=230
    添加分支节点 2: ID=231

处理节点 223
  开始列生成求解...
Set parameter LogToConsole to value 0
Set parameter Threads to value 1
Set parameter Seed to value 0
  定价策略: Exact, node=223, vertices=23
Set parameter PoolSearchMode to value 2
Set parameter PoolSolutions to value 10
[CG 1] RMP=12.000000, pricing=ExactPricingSolver, new_columns=0
  搜索路径: [1, 2, 3, 4, 5, 6, 7, 8, 11, 13, 16, 10, 18, 17, 12, 19, 9, 28, 29, 31, 36, 37, 30, 40, 41, 46, 47, 50, 51, 33, 49, 56, 57, 59, 58, 62, 63, 34, 68, 32, 35, 74, 75, 45, 48, 44, 69, 80, 81, 84, 90, 91, 85, 89, 88, 94, 95, 96, 97, 54, 55, 108, 109, 25, 24, 61, 60, 116, 117, 92, 93, 43, 42, 118, 119, 65, 64, 124, 125, 126, 127, 130, 131, 134, 135, 23, 83, 82, 22, 136, 137, 138, 139, 133, 132, 52, 53, 123, 15, 129, 122, 148, 149, 99, 101, 154, 155, 156, 157, 98, 100, 86, 14, 87, 128, 102, 103, 162, 164, 165, 163, 115, 114, 39, 143, 144, 66, 105, 111, 169, 168, 153, 38, 113, 171, 173, 175, 177, 176, 179, 178, 181, 183, 182, 180, 174, 172, 194, 195, 189, 191, 196, 197, 145, 106, 192, 190, 104, 188, 199, 201, 203, 202, 205, 204, 210, 211, 207, 209, 208, 213, 215, 214, 212, 147, 206, 198, 184, 170, 217, 216, 73, 219, 218, 221, 220, 21, 20, 146, 71, 112, 67, 223]
  列生成求解结果: 目标值=12.0000， 下界=10.0000， 上界=11.0000

处理节点 225
  开始列生成求解...
Set parameter LogToConsole to value 0
Set parameter Threads to value 1
Set parameter Seed to value 0
  定价策略: Exact, node=225, vertices=21
Set parameter PoolSearchMode to value 2
Set parameter PoolSolutions to value 10
[CG 1] RMP=12.000000, pricing=ExactPricingSolver, new_columns=0
  搜索路径: [1, 2, 3, 4, 5, 6, 7, 8, 11, 13, 16, 10, 18, 17, 12, 19, 9, 28, 29, 31, 36, 37, 30, 40, 41, 46, 47, 50, 51, 33, 49, 56, 57, 59, 58, 62, 63, 34, 68, 32, 35, 74, 75, 45, 48, 44, 69, 80, 81, 84, 90, 91, 85, 89, 88, 94, 95, 96, 97, 54, 55, 108, 109, 25, 24, 61, 60, 116, 117, 92, 93, 43, 42, 118, 119, 65, 64, 124, 125, 126, 127, 130, 131, 134, 135, 23, 83, 82, 22, 136, 137, 138, 139, 133, 132, 52, 53, 123, 15, 129, 122, 148, 149, 99, 101, 154, 155, 156, 157, 98, 100, 86, 14, 87, 128, 102, 103, 162, 164, 165, 163, 115, 114, 39, 143, 144, 66, 105, 111, 169, 168, 153, 38, 113, 171, 173, 175, 177, 176, 179, 178, 181, 183, 182, 180, 174, 172, 194, 195, 189, 191, 196, 197, 145, 106, 192, 190, 104, 188, 199, 201, 203, 202, 205, 204, 210, 211, 207, 209, 208, 213, 215, 214, 212, 147, 206, 198, 184, 170, 217, 216, 73, 219, 218, 221, 220, 21, 20, 146, 71, 112, 67, 223, 225]
  列生成求解结果: 目标值=12.0000， 下界=10.0000， 上界=11.0000

处理节点 224
  开始列生成求解...
Set parameter LogToConsole to value 0
Set parameter Threads to value 1
Set parameter Seed to value 0
  定价策略: Exact, node=224, vertices=21
Set parameter PoolSearchMode to value 2
Set parameter PoolSolutions to value 10
[CG 1] RMP=11.000000, pricing=ExactPricingSolver, new_columns=0
  搜索路径: [1, 2, 3, 4, 5, 6, 7, 8, 11, 13, 16, 10, 18, 17, 12, 19, 9, 28, 29, 31, 36, 37, 30, 40, 41, 46, 47, 50, 51, 33, 49, 56, 57, 59, 58, 62, 63, 34, 68, 32, 35, 74, 75, 45, 48, 44, 69, 80, 81, 84, 90, 91, 85, 89, 88, 94, 95, 96, 97, 54, 55, 108, 109, 25, 24, 61, 60, 116, 117, 92, 93, 43, 42, 118, 119, 65, 64, 124, 125, 126, 127, 130, 131, 134, 135, 23, 83, 82, 22, 136, 137, 138, 139, 133, 132, 52, 53, 123, 15, 129, 122, 148, 149, 99, 101, 154, 155, 156, 157, 98, 100, 86, 14, 87, 128, 102, 103, 162, 164, 165, 163, 115, 114, 39, 143, 144, 66, 105, 111, 169, 168, 153, 38, 113, 171, 173, 175, 177, 176, 179, 178, 181, 183, 182, 180, 174, 172, 194, 195, 189, 191, 196, 197, 145, 106, 192, 190, 104, 188, 199, 201, 203, 202, 205, 204, 210, 211, 207, 209, 208, 213, 215, 214, 212, 147, 206, 198, 184, 170, 217, 216, 73, 219, 218, 221, 220, 21, 20, 146, 71, 112, 67, 223, 225, 224]
  列生成求解结果: 目标值=11.0000， 下界=10.0000， 上界=11.0000

处理节点 227
  开始列生成求解...
Set parameter LogToConsole to value 0
Set parameter Threads to value 1
Set parameter Seed to value 0
  定价策略: Exact, node=227, vertices=21
Set parameter PoolSearchMode to value 2
Set parameter PoolSolutions to value 10
[CG 1] RMP=12.000000, pricing=ExactPricingSolver, new_columns=10
[CG 2] RMP=12.000000, pricing=ExactPricingSolver, new_columns=10
[CG 3] RMP=12.000000, pricing=ExactPricingSolver, new_columns=0
  搜索路径: [1, 2, 3, 4, 5, 6, 7, 8, 11, 13, 16, 10, 18, 17, 12, 19, 9, 28, 29, 31, 36, 37, 30, 40, 41, 46, 47, 50, 51, 33, 49, 56, 57, 59, 58, 62, 63, 34, 68, 32, 35, 74, 75, 45, 48, 44, 69, 80, 81, 84, 90, 91, 85, 89, 88, 94, 95, 96, 97, 54, 55, 108, 109, 25, 24, 61, 60, 116, 117, 92, 93, 43, 42, 118, 119, 65, 64, 124, 125, 126, 127, 130, 131, 134, 135, 23, 83, 82, 22, 136, 137, 138, 139, 133, 132, 52, 53, 123, 15, 129, 122, 148, 149, 99, 101, 154, 155, 156, 157, 98, 100, 86, 14, 87, 128, 102, 103, 162, 164, 165, 163, 115, 114, 39, 143, 144, 66, 105, 111, 169, 168, 153, 38, 113, 171, 173, 175, 177, 176, 179, 178, 181, 183, 182, 180, 174, 172, 194, 195, 189, 191, 196, 197, 145, 106, 192, 190, 104, 188, 199, 201, 203, 202, 205, 204, 210, 211, 207, 209, 208, 213, 215, 214, 212, 147, 206, 198, 184, 170, 217, 216, 73, 219, 218, 221, 220, 21, 20, 146, 71, 112, 67, 223, 225, 224, 227]
  列生成求解结果: 目标值=12.0000， 下界=10.0000， 上界=11.0000

处理节点 229
  开始列生成求解...
Set parameter LogToConsole to value 0
Set parameter Threads to value 1
Set parameter Seed to value 0
  定价策略: Exact, node=229, vertices=21
Set parameter PoolSearchMode to value 2
Set parameter PoolSolutions to value 10
[CG 1] RMP=2012.000000, pricing=ExactPricingSolver, new_columns=10
[CG 2] RMP=2012.000000, pricing=ExactPricingSolver, new_columns=10
[CG 3] RMP=12.000000, pricing=ExactPricingSolver, new_columns=0
  搜索路径: [1, 2, 3, 4, 5, 6, 7, 8, 11, 13, 16, 10, 18, 17, 12, 19, 9, 28, 29, 31, 36, 37, 30, 40, 41, 46, 47, 50, 51, 33, 49, 56, 57, 59, 58, 62, 63, 34, 68, 32, 35, 74, 75, 45, 48, 44, 69, 80, 81, 84, 90, 91, 85, 89, 88, 94, 95, 96, 97, 54, 55, 108, 109, 25, 24, 61, 60, 116, 117, 92, 93, 43, 42, 118, 119, 65, 64, 124, 125, 126, 127, 130, 131, 134, 135, 23, 83, 82, 22, 136, 137, 138, 139, 133, 132, 52, 53, 123, 15, 129, 122, 148, 149, 99, 101, 154, 155, 156, 157, 98, 100, 86, 14, 87, 128, 102, 103, 162, 164, 165, 163, 115, 114, 39, 143, 144, 66, 105, 111, 169, 168, 153, 38, 113, 171, 173, 175, 177, 176, 179, 178, 181, 183, 182, 180, 174, 172, 194, 195, 189, 191, 196, 197, 145, 106, 192, 190, 104, 188, 199, 201, 203, 202, 205, 204, 210, 211, 207, 209, 208, 213, 215, 214, 212, 147, 206, 198, 184, 170, 217, 216, 73, 219, 218, 221, 220, 21, 20, 146, 71, 112, 67, 223, 225, 224, 227, 229]
  列生成求解结果: 目标值=12.0000， 下界=10.0000， 上界=11.0000

处理节点 231
  开始列生成求解...
Set parameter LogToConsole to value 0
Set parameter Threads to value 1
Set parameter Seed to value 0
  定价策略: Exact, node=231, vertices=18
Set parameter PoolSearchMode to value 2
Set parameter PoolSolutions to value 10
[CG 1] RMP=2012.000000, pricing=ExactPricingSolver, new_columns=10
[CG 2] RMP=260.000000, pricing=ExactPricingSolver, new_columns=10
[CG 3] RMP=12.000000, pricing=ExactPricingSolver, new_columns=10
[CG 4] RMP=12.000000, pricing=ExactPricingSolver, new_columns=0
  搜索路径: [1, 2, 3, 4, 5, 6, 7, 8, 11, 13, 16, 10, 18, 17, 12, 19, 9, 28, 29, 31, 36, 37, 30, 40, 41, 46, 47, 50, 51, 33, 49, 56, 57, 59, 58, 62, 63, 34, 68, 32, 35, 74, 75, 45, 48, 44, 69, 80, 81, 84, 90, 91, 85, 89, 88, 94, 95, 96, 97, 54, 55, 108, 109, 25, 24, 61, 60, 116, 117, 92, 93, 43, 42, 118, 119, 65, 64, 124, 125, 126, 127, 130, 131, 134, 135, 23, 83, 82, 22, 136, 137, 138, 139, 133, 132, 52, 53, 123, 15, 129, 122, 148, 149, 99, 101, 154, 155, 156, 157, 98, 100, 86, 14, 87, 128, 102, 103, 162, 164, 165, 163, 115, 114, 39, 143, 144, 66, 105, 111, 169, 168, 153, 38, 113, 171, 173, 175, 177, 176, 179, 178, 181, 183, 182, 180, 174, 172, 194, 195, 189, 191, 196, 197, 145, 106, 192, 190, 104, 188, 199, 201, 203, 202, 205, 204, 210, 211, 207, 209, 208, 213, 215, 214, 212, 147, 206, 198, 184, 170, 217, 216, 73, 219, 218, 221, 220, 21, 20, 146, 71, 112, 67, 223, 225, 224, 227, 229, 231]
  列生成求解结果: 目标值=12.0000， 下界=10.0000， 上界=11.0000

处理节点 230
  开始列生成求解...
Set parameter LogToConsole to value 0
Set parameter Threads to value 1
Set parameter Seed to value 0
  定价策略: Exact, node=230, vertices=18
Set parameter PoolSearchMode to value 2
Set parameter PoolSolutions to value 10
[CG 1] RMP=12.000000, pricing=ExactPricingSolver, new_columns=10
[CG 2] RMP=12.000000, pricing=ExactPricingSolver, new_columns=10
[CG 3] RMP=10.000000, pricing=ExactPricingSolver, new_columns=0
  搜索路径: [1, 2, 3, 4, 5, 6, 7, 8, 11, 13, 16, 10, 18, 17, 12, 19, 9, 28, 29, 31, 36, 37, 30, 40, 41, 46, 47, 50, 51, 33, 49, 56, 57, 59, 58, 62, 63, 34, 68, 32, 35, 74, 75, 45, 48, 44, 69, 80, 81, 84, 90, 91, 85, 89, 88, 94, 95, 96, 97, 54, 55, 108, 109, 25, 24, 61, 60, 116, 117, 92, 93, 43, 42, 118, 119, 65, 64, 124, 125, 126, 127, 130, 131, 134, 135, 23, 83, 82, 22, 136, 137, 138, 139, 133, 132, 52, 53, 123, 15, 129, 122, 148, 149, 99, 101, 154, 155, 156, 157, 98, 100, 86, 14, 87, 128, 102, 103, 162, 164, 165, 163, 115, 114, 39, 143, 144, 66, 105, 111, 169, 168, 153, 38, 113, 171, 173, 175, 177, 176, 179, 178, 181, 183, 182, 180, 174, 172, 194, 195, 189, 191, 196, 197, 145, 106, 192, 190, 104, 188, 199, 201, 203, 202, 205, 204, 210, 211, 207, 209, 208, 213, 215, 214, 212, 147, 206, 198, 184, 170, 217, 216, 73, 219, 218, 221, 220, 21, 20, 146, 71, 112, 67, 223, 225, 224, 227, 229, 231, 230]
  列生成求解结果: 目标值=10.0000， 下界=10.0000， 上界=11.0000
    非整数变量: COL_14-2-20-21-23_400 = 0.166667
  解不是整数，开始分支...
ImposedVertex(vertex=14)
ForbidVertex(vertex=14)
  创建了 2 个分支
    添加分支节点 1: ID=232
    添加分支节点 2: ID=233

处理节点 228
  开始列生成求解...
Set parameter LogToConsole to value 0
Set parameter Threads to value 1
Set parameter Seed to value 0
  定价策略: Exact, node=228, vertices=21
Set parameter PoolSearchMode to value 2
Set parameter PoolSolutions to value 10
[CG 1] RMP=12.000000, pricing=ExactPricingSolver, new_columns=0
  搜索路径: [1, 2, 3, 4, 5, 6, 7, 8, 11, 13, 16, 10, 18, 17, 12, 19, 9, 28, 29, 31, 36, 37, 30, 40, 41, 46, 47, 50, 51, 33, 49, 56, 57, 59, 58, 62, 63, 34, 68, 32, 35, 74, 75, 45, 48, 44, 69, 80, 81, 84, 90, 91, 85, 89, 88, 94, 95, 96, 97, 54, 55, 108, 109, 25, 24, 61, 60, 116, 117, 92, 93, 43, 42, 118, 119, 65, 64, 124, 125, 126, 127, 130, 131, 134, 135, 23, 83, 82, 22, 136, 137, 138, 139, 133, 132, 52, 53, 123, 15, 129, 122, 148, 149, 99, 101, 154, 155, 156, 157, 98, 100, 86, 14, 87, 128, 102, 103, 162, 164, 165, 163, 115, 114, 39, 143, 144, 66, 105, 111, 169, 168, 153, 38, 113, 171, 173, 175, 177, 176, 179, 178, 181, 183, 182, 180, 174, 172, 194, 195, 189, 191, 196, 197, 145, 106, 192, 190, 104, 188, 199, 201, 203, 202, 205, 204, 210, 211, 207, 209, 208, 213, 215, 214, 212, 147, 206, 198, 184, 170, 217, 216, 73, 219, 218, 221, 220, 21, 20, 146, 71, 112, 67, 223, 225, 224, 227, 229, 231, 230, 228]
  列生成求解结果: 目标值=12.0000， 下界=10.0000， 上界=11.0000

处理节点 226
  开始列生成求解...
Set parameter LogToConsole to value 0
Set parameter Threads to value 1
Set parameter Seed to value 0
  定价策略: Exact, node=226, vertices=19
Set parameter PoolSearchMode to value 2
Set parameter PoolSolutions to value 10
[CG 1] RMP=12.000000, pricing=ExactPricingSolver, new_columns=10
[CG 2] RMP=12.000000, pricing=ExactPricingSolver, new_columns=0
  搜索路径: [1, 2, 3, 4, 5, 6, 7, 8, 11, 13, 16, 10, 18, 17, 12, 19, 9, 28, 29, 31, 36, 37, 30, 40, 41, 46, 47, 50, 51, 33, 49, 56, 57, 59, 58, 62, 63, 34, 68, 32, 35, 74, 75, 45, 48, 44, 69, 80, 81, 84, 90, 91, 85, 89, 88, 94, 95, 96, 97, 54, 55, 108, 109, 25, 24, 61, 60, 116, 117, 92, 93, 43, 42, 118, 119, 65, 64, 124, 125, 126, 127, 130, 131, 134, 135, 23, 83, 82, 22, 136, 137, 138, 139, 133, 132, 52, 53, 123, 15, 129, 122, 148, 149, 99, 101, 154, 155, 156, 157, 98, 100, 86, 14, 87, 128, 102, 103, 162, 164, 165, 163, 115, 114, 39, 143, 144, 66, 105, 111, 169, 168, 153, 38, 113, 171, 173, 175, 177, 176, 179, 178, 181, 183, 182, 180, 174, 172, 194, 195, 189, 191, 196, 197, 145, 106, 192, 190, 104, 188, 199, 201, 203, 202, 205, 204, 210, 211, 207, 209, 208, 213, 215, 214, 212, 147, 206, 198, 184, 170, 217, 216, 73, 219, 218, 221, 220, 21, 20, 146, 71, 112, 67, 223, 225, 224, 227, 229, 231, 230, 228, 226]
  列生成求解结果: 目标值=12.0000， 下界=10.0000， 上界=11.0000

处理节点 222
  开始列生成求解...
Set parameter LogToConsole to value 0
Set parameter Threads to value 1
Set parameter Seed to value 0
  定价策略: Exact, node=222, vertices=23
Set parameter PoolSearchMode to value 2
Set parameter PoolSolutions to value 10
[CG 1] RMP=12.000000, pricing=ExactPricingSolver, new_columns=10
[CG 2] RMP=11.000000, pricing=ExactPricingSolver, new_columns=0
  搜索路径: [1, 2, 3, 4, 5, 6, 7, 8, 11, 13, 16, 10, 18, 17, 12, 19, 9, 28, 29, 31, 36, 37, 30, 40, 41, 46, 47, 50, 51, 33, 49, 56, 57, 59, 58, 62, 63, 34, 68, 32, 35, 74, 75, 45, 48, 44, 69, 80, 81, 84, 90, 91, 85, 89, 88, 94, 95, 96, 97, 54, 55, 108, 109, 25, 24, 61, 60, 116, 117, 92, 93, 43, 42, 118, 119, 65, 64, 124, 125, 126, 127, 130, 131, 134, 135, 23, 83, 82, 22, 136, 137, 138, 139, 133, 132, 52, 53, 123, 15, 129, 122, 148, 149, 99, 101, 154, 155, 156, 157, 98, 100, 86, 14, 87, 128, 102, 103, 162, 164, 165, 163, 115, 114, 39, 143, 144, 66, 105, 111, 169, 168, 153, 38, 113, 171, 173, 175, 177, 176, 179, 178, 181, 183, 182, 180, 174, 172, 194, 195, 189, 191, 196, 197, 145, 106, 192, 190, 104, 188, 199, 201, 203, 202, 205, 204, 210, 211, 207, 209, 208, 213, 215, 214, 212, 147, 206, 198, 184, 170, 217, 216, 73, 219, 218, 221, 220, 21, 20, 146, 71, 112, 67, 223, 225, 224, 227, 229, 231, 230, 228, 226, 222]
  列生成求解结果: 目标值=11.0000， 下界=10.0000， 上界=11.0000

处理节点 77
  开始列生成求解...
Set parameter LogToConsole to value 0
Set parameter Threads to value 1
Set parameter Seed to value 0
  定价策略: Exact, node=77, vertices=23
Set parameter PoolSearchMode to value 2
Set parameter PoolSolutions to value 10
[CG 1] RMP=2012.000000, pricing=ExactPricingSolver, new_columns=10
[CG 2] RMP=12.000000, pricing=ExactPricingSolver, new_columns=0
  搜索路径: [1, 2, 3, 4, 5, 6, 7, 8, 11, 13, 16, 10, 18, 17, 12, 19, 9, 28, 29, 31, 36, 37, 30, 40, 41, 46, 47, 50, 51, 33, 49, 56, 57, 59, 58, 62, 63, 34, 68, 32, 35, 74, 75, 45, 48, 44, 69, 80, 81, 84, 90, 91, 85, 89, 88, 94, 95, 96, 97, 54, 55, 108, 109, 25, 24, 61, 60, 116, 117, 92, 93, 43, 42, 118, 119, 65, 64, 124, 125, 126, 127, 130, 131, 134, 135, 23, 83, 82, 22, 136, 137, 138, 139, 133, 132, 52, 53, 123, 15, 129, 122, 148, 149, 99, 101, 154, 155, 156, 157, 98, 100, 86, 14, 87, 128, 102, 103, 162, 164, 165, 163, 115, 114, 39, 143, 144, 66, 105, 111, 169, 168, 153, 38, 113, 171, 173, 175, 177, 176, 179, 178, 181, 183, 182, 180, 174, 172, 194, 195, 189, 191, 196, 197, 145, 106, 192, 190, 104, 188, 199, 201, 203, 202, 205, 204, 210, 211, 207, 209, 208, 213, 215, 214, 212, 147, 206, 198, 184, 170, 217, 216, 73, 219, 218, 221, 220, 21, 20, 146, 71, 112, 67, 223, 225, 224, 227, 229, 231, 230, 228, 226, 222, 77]
  列生成求解结果: 目标值=12.0000， 下界=10.0000， 上界=11.0000

处理节点 27
  开始列生成求解...
Set parameter LogToConsole to value 0
Set parameter Threads to value 1
Set parameter Seed to value 0
  定价策略: Exact, node=27, vertices=26
Set parameter PoolSearchMode to value 2
Set parameter PoolSolutions to value 10
[CG 1] RMP=12.000000, pricing=ExactPricingSolver, new_columns=10
[CG 2] RMP=10.000000, pricing=ExactPricingSolver, new_columns=0
  搜索路径: [1, 2, 3, 4, 5, 6, 7, 8, 11, 13, 16, 10, 18, 17, 12, 19, 9, 28, 29, 31, 36, 37, 30, 40, 41, 46, 47, 50, 51, 33, 49, 56, 57, 59, 58, 62, 63, 34, 68, 32, 35, 74, 75, 45, 48, 44, 69, 80, 81, 84, 90, 91, 85, 89, 88, 94, 95, 96, 97, 54, 55, 108, 109, 25, 24, 61, 60, 116, 117, 92, 93, 43, 42, 118, 119, 65, 64, 124, 125, 126, 127, 130, 131, 134, 135, 23, 83, 82, 22, 136, 137, 138, 139, 133, 132, 52, 53, 123, 15, 129, 122, 148, 149, 99, 101, 154, 155, 156, 157, 98, 100, 86, 14, 87, 128, 102, 103, 162, 164, 165, 163, 115, 114, 39, 143, 144, 66, 105, 111, 169, 168, 153, 38, 113, 171, 173, 175, 177, 176, 179, 178, 181, 183, 182, 180, 174, 172, 194, 195, 189, 191, 196, 197, 145, 106, 192, 190, 104, 188, 199, 201, 203, 202, 205, 204, 210, 211, 207, 209, 208, 213, 215, 214, 212, 147, 206, 198, 184, 170, 217, 216, 73, 219, 218, 221, 220, 21, 20, 146, 71, 112, 67, 223, 225, 224, 227, 229, 231, 230, 228, 226, 222, 77, 27]
  列生成求解结果: 目标值=10.0000， 下界=10.0000， 上界=11.0000
    非整数变量: COL_0-24-30-32-8_49 = 0.500000
  解不是整数，开始分支...
ImposedVertex(vertex=24)
ForbidVertex(vertex=24)
  创建了 2 个分支
    添加分支节点 1: ID=234
    添加分支节点 2: ID=235

处理节点 233
  开始列生成求解...
Set parameter LogToConsole to value 0
Set parameter Threads to value 1
Set parameter Seed to value 0
  定价策略: Exact, node=233, vertices=17
Set parameter PoolSearchMode to value 2
Set parameter PoolSolutions to value 10
[CG 1] RMP=1012.000000, pricing=ExactPricingSolver, new_columns=10
[CG 2] RMP=12.000000, pricing=ExactPricingSolver, new_columns=0
  搜索路径: [1, 2, 3, 4, 5, 6, 7, 8, 11, 13, 16, 10, 18, 17, 12, 19, 9, 28, 29, 31, 36, 37, 30, 40, 41, 46, 47, 50, 51, 33, 49, 56, 57, 59, 58, 62, 63, 34, 68, 32, 35, 74, 75, 45, 48, 44, 69, 80, 81, 84, 90, 91, 85, 89, 88, 94, 95, 96, 97, 54, 55, 108, 109, 25, 24, 61, 60, 116, 117, 92, 93, 43, 42, 118, 119, 65, 64, 124, 125, 126, 127, 130, 131, 134, 135, 23, 83, 82, 22, 136, 137, 138, 139, 133, 132, 52, 53, 123, 15, 129, 122, 148, 149, 99, 101, 154, 155, 156, 157, 98, 100, 86, 14, 87, 128, 102, 103, 162, 164, 165, 163, 115, 114, 39, 143, 144, 66, 105, 111, 169, 168, 153, 38, 113, 171, 173, 175, 177, 176, 179, 178, 181, 183, 182, 180, 174, 172, 194, 195, 189, 191, 196, 197, 145, 106, 192, 190, 104, 188, 199, 201, 203, 202, 205, 204, 210, 211, 207, 209, 208, 213, 215, 214, 212, 147, 206, 198, 184, 170, 217, 216, 73, 219, 218, 221, 220, 21, 20, 146, 71, 112, 67, 223, 225, 224, 227, 229, 231, 230, 228, 226, 222, 77, 27, 233]
  列生成求解结果: 目标值=12.0000， 下界=10.0000， 上界=11.0000

处理节点 232
  开始列生成求解...
Set parameter LogToConsole to value 0
Set parameter Threads to value 1
Set parameter Seed to value 0
  定价策略: Exact, node=232, vertices=17
Set parameter PoolSearchMode to value 2
Set parameter PoolSolutions to value 10
[CG 1] RMP=10.000000, pricing=ExactPricingSolver, new_columns=0
  搜索路径: [1, 2, 3, 4, 5, 6, 7, 8, 11, 13, 16, 10, 18, 17, 12, 19, 9, 28, 29, 31, 36, 37, 30, 40, 41, 46, 47, 50, 51, 33, 49, 56, 57, 59, 58, 62, 63, 34, 68, 32, 35, 74, 75, 45, 48, 44, 69, 80, 81, 84, 90, 91, 85, 89, 88, 94, 95, 96, 97, 54, 55, 108, 109, 25, 24, 61, 60, 116, 117, 92, 93, 43, 42, 118, 119, 65, 64, 124, 125, 126, 127, 130, 131, 134, 135, 23, 83, 82, 22, 136, 137, 138, 139, 133, 132, 52, 53, 123, 15, 129, 122, 148, 149, 99, 101, 154, 155, 156, 157, 98, 100, 86, 14, 87, 128, 102, 103, 162, 164, 165, 163, 115, 114, 39, 143, 144, 66, 105, 111, 169, 168, 153, 38, 113, 171, 173, 175, 177, 176, 179, 178, 181, 183, 182, 180, 174, 172, 194, 195, 189, 191, 196, 197, 145, 106, 192, 190, 104, 188, 199, 201, 203, 202, 205, 204, 210, 211, 207, 209, 208, 213, 215, 214, 212, 147, 206, 198, 184, 170, 217, 216, 73, 219, 218, 221, 220, 21, 20, 146, 71, 112, 67, 223, 225, 224, 227, 229, 231, 230, 228, 226, 222, 77, 27, 233, 232]
  列生成求解结果: 目标值=10.0000， 下界=10.0000， 上界=11.0000
    非整数变量: COL_14-2-20-21-32_402 = 0.500000
  解不是整数，开始分支...
ImposedVertex(vertex=20)
ForbidVertex(vertex=20)
  创建了 2 个分支
    添加分支节点 1: ID=236
    添加分支节点 2: ID=237

处理节点 234
  开始列生成求解...
Set parameter LogToConsole to value 0
Set parameter Threads to value 1
Set parameter Seed to value 0
  定价策略: Exact, node=234, vertices=23
Set parameter PoolSearchMode to value 2
Set parameter PoolSolutions to value 10
[CG 1] RMP=12.000000, pricing=ExactPricingSolver, new_columns=0
  搜索路径: [1, 2, 3, 4, 5, 6, 7, 8, 11, 13, 16, 10, 18, 17, 12, 19, 9, 28, 29, 31, 36, 37, 30, 40, 41, 46, 47, 50, 51, 33, 49, 56, 57, 59, 58, 62, 63, 34, 68, 32, 35, 74, 75, 45, 48, 44, 69, 80, 81, 84, 90, 91, 85, 89, 88, 94, 95, 96, 97, 54, 55, 108, 109, 25, 24, 61, 60, 116, 117, 92, 93, 43, 42, 118, 119, 65, 64, 124, 125, 126, 127, 130, 131, 134, 135, 23, 83, 82, 22, 136, 137, 138, 139, 133, 132, 52, 53, 123, 15, 129, 122, 148, 149, 99, 101, 154, 155, 156, 157, 98, 100, 86, 14, 87, 128, 102, 103, 162, 164, 165, 163, 115, 114, 39, 143, 144, 66, 105, 111, 169, 168, 153, 38, 113, 171, 173, 175, 177, 176, 179, 178, 181, 183, 182, 180, 174, 172, 194, 195, 189, 191, 196, 197, 145, 106, 192, 190, 104, 188, 199, 201, 203, 202, 205, 204, 210, 211, 207, 209, 208, 213, 215, 214, 212, 147, 206, 198, 184, 170, 217, 216, 73, 219, 218, 221, 220, 21, 20, 146, 71, 112, 67, 223, 225, 224, 227, 229, 231, 230, 228, 226, 222, 77, 27, 233, 232, 234]
  列生成求解结果: 目标值=12.0000， 下界=10.0000， 上界=11.0000

处理节点 235
  开始列生成求解...
Set parameter LogToConsole to value 0
Set parameter Threads to value 1
Set parameter Seed to value 0
  定价策略: Exact, node=235, vertices=25
Set parameter PoolSearchMode to value 2
Set parameter PoolSolutions to value 10
[CG 1] RMP=20.000000, pricing=ExactPricingSolver, new_columns=10
[CG 2] RMP=10.000000, pricing=ExactPricingSolver, new_columns=0
  搜索路径: [1, 2, 3, 4, 5, 6, 7, 8, 11, 13, 16, 10, 18, 17, 12, 19, 9, 28, 29, 31, 36, 37, 30, 40, 41, 46, 47, 50, 51, 33, 49, 56, 57, 59, 58, 62, 63, 34, 68, 32, 35, 74, 75, 45, 48, 44, 69, 80, 81, 84, 90, 91, 85, 89, 88, 94, 95, 96, 97, 54, 55, 108, 109, 25, 24, 61, 60, 116, 117, 92, 93, 43, 42, 118, 119, 65, 64, 124, 125, 126, 127, 130, 131, 134, 135, 23, 83, 82, 22, 136, 137, 138, 139, 133, 132, 52, 53, 123, 15, 129, 122, 148, 149, 99, 101, 154, 155, 156, 157, 98, 100, 86, 14, 87, 128, 102, 103, 162, 164, 165, 163, 115, 114, 39, 143, 144, 66, 105, 111, 169, 168, 153, 38, 113, 171, 173, 175, 177, 176, 179, 178, 181, 183, 182, 180, 174, 172, 194, 195, 189, 191, 196, 197, 145, 106, 192, 190, 104, 188, 199, 201, 203, 202, 205, 204, 210, 211, 207, 209, 208, 213, 215, 214, 212, 147, 206, 198, 184, 170, 217, 216, 73, 219, 218, 221, 220, 21, 20, 146, 71, 112, 67, 223, 225, 224, 227, 229, 231, 230, 228, 226, 222, 77, 27, 233, 232, 234, 235]
  列生成求解结果: 目标值=10.0000， 下界=10.0000， 上界=11.0000
    非整数变量: COL_12-16-19-22-25-27_14 = 0.055556
  解不是整数，开始分支...
ImposedVertex(vertex=27)
ForbidVertex(vertex=27)
  创建了 2 个分支
    添加分支节点 1: ID=238
    添加分支节点 2: ID=239

处理节点 236
  开始列生成求解...
Set parameter LogToConsole to value 0
Set parameter Threads to value 1
Set parameter Seed to value 0
  定价策略: Exact, node=236, vertices=16
Set parameter PoolSearchMode to value 2
Set parameter PoolSolutions to value 10
[CG 1] RMP=1012.000000, pricing=ExactPricingSolver, new_columns=10
[CG 2] RMP=1012.000000, pricing=ExactPricingSolver, new_columns=10
[CG 3] RMP=11.000000, pricing=ExactPricingSolver, new_columns=0
  搜索路径: [1, 2, 3, 4, 5, 6, 7, 8, 11, 13, 16, 10, 18, 17, 12, 19, 9, 28, 29, 31, 36, 37, 30, 40, 41, 46, 47, 50, 51, 33, 49, 56, 57, 59, 58, 62, 63, 34, 68, 32, 35, 74, 75, 45, 48, 44, 69, 80, 81, 84, 90, 91, 85, 89, 88, 94, 95, 96, 97, 54, 55, 108, 109, 25, 24, 61, 60, 116, 117, 92, 93, 43, 42, 118, 119, 65, 64, 124, 125, 126, 127, 130, 131, 134, 135, 23, 83, 82, 22, 136, 137, 138, 139, 133, 132, 52, 53, 123, 15, 129, 122, 148, 149, 99, 101, 154, 155, 156, 157, 98, 100, 86, 14, 87, 128, 102, 103, 162, 164, 165, 163, 115, 114, 39, 143, 144, 66, 105, 111, 169, 168, 153, 38, 113, 171, 173, 175, 177, 176, 179, 178, 181, 183, 182, 180, 174, 172, 194, 195, 189, 191, 196, 197, 145, 106, 192, 190, 104, 188, 199, 201, 203, 202, 205, 204, 210, 211, 207, 209, 208, 213, 215, 214, 212, 147, 206, 198, 184, 170, 217, 216, 73, 219, 218, 221, 220, 21, 20, 146, 71, 112, 67, 223, 225, 224, 227, 229, 231, 230, 228, 226, 222, 77, 27, 233, 232, 234, 235, 236]
  列生成求解结果: 目标值=11.0000， 下界=10.0000， 上界=11.0000

处理节点 237
  开始列生成求解...
Set parameter LogToConsole to value 0
Set parameter Threads to value 1
Set parameter Seed to value 0
  定价策略: Exact, node=237, vertices=16
Set parameter PoolSearchMode to value 2
Set parameter PoolSolutions to value 10
[CG 1] RMP=12.000000, pricing=ExactPricingSolver, new_columns=0
  搜索路径: [1, 2, 3, 4, 5, 6, 7, 8, 11, 13, 16, 10, 18, 17, 12, 19, 9, 28, 29, 31, 36, 37, 30, 40, 41, 46, 47, 50, 51, 33, 49, 56, 57, 59, 58, 62, 63, 34, 68, 32, 35, 74, 75, 45, 48, 44, 69, 80, 81, 84, 90, 91, 85, 89, 88, 94, 95, 96, 97, 54, 55, 108, 109, 25, 24, 61, 60, 116, 117, 92, 93, 43, 42, 118, 119, 65, 64, 124, 125, 126, 127, 130, 131, 134, 135, 23, 83, 82, 22, 136, 137, 138, 139, 133, 132, 52, 53, 123, 15, 129, 122, 148, 149, 99, 101, 154, 155, 156, 157, 98, 100, 86, 14, 87, 128, 102, 103, 162, 164, 165, 163, 115, 114, 39, 143, 144, 66, 105, 111, 169, 168, 153, 38, 113, 171, 173, 175, 177, 176, 179, 178, 181, 183, 182, 180, 174, 172, 194, 195, 189, 191, 196, 197, 145, 106, 192, 190, 104, 188, 199, 201, 203, 202, 205, 204, 210, 211, 207, 209, 208, 213, 215, 214, 212, 147, 206, 198, 184, 170, 217, 216, 73, 219, 218, 221, 220, 21, 20, 146, 71, 112, 67, 223, 225, 224, 227, 229, 231, 230, 228, 226, 222, 77, 27, 233, 232, 234, 235, 236, 237]
  列生成求解结果: 目标值=12.0000， 下界=10.0000， 上界=11.0000

处理节点 238
  开始列生成求解...
Set parameter LogToConsole to value 0
Set parameter Threads to value 1
Set parameter Seed to value 0
  定价策略: Exact, node=238, vertices=22
Set parameter PoolSearchMode to value 2
Set parameter PoolSolutions to value 10
[CG 1] RMP=12.000000, pricing=ExactPricingSolver, new_columns=10
[CG 2] RMP=10.000000, pricing=ExactPricingSolver, new_columns=0
  搜索路径: [1, 2, 3, 4, 5, 6, 7, 8, 11, 13, 16, 10, 18, 17, 12, 19, 9, 28, 29, 31, 36, 37, 30, 40, 41, 46, 47, 50, 51, 33, 49, 56, 57, 59, 58, 62, 63, 34, 68, 32, 35, 74, 75, 45, 48, 44, 69, 80, 81, 84, 90, 91, 85, 89, 88, 94, 95, 96, 97, 54, 55, 108, 109, 25, 24, 61, 60, 116, 117, 92, 93, 43, 42, 118, 119, 65, 64, 124, 125, 126, 127, 130, 131, 134, 135, 23, 83, 82, 22, 136, 137, 138, 139, 133, 132, 52, 53, 123, 15, 129, 122, 148, 149, 99, 101, 154, 155, 156, 157, 98, 100, 86, 14, 87, 128, 102, 103, 162, 164, 165, 163, 115, 114, 39, 143, 144, 66, 105, 111, 169, 168, 153, 38, 113, 171, 173, 175, 177, 176, 179, 178, 181, 183, 182, 180, 174, 172, 194, 195, 189, 191, 196, 197, 145, 106, 192, 190, 104, 188, 199, 201, 203, 202, 205, 204, 210, 211, 207, 209, 208, 213, 215, 214, 212, 147, 206, 198, 184, 170, 217, 216, 73, 219, 218, 221, 220, 21, 20, 146, 71, 112, 67, 223, 225, 224, 227, 229, 231, 230, 228, 226, 222, 77, 27, 233, 232, 234, 235, 236, 237, 238]
  列生成求解结果: 目标值=10.0000， 下界=10.0000， 上界=11.0000
    非整数变量: COL_12-16-19-21-23-27_8 = 0.500000
  解不是整数，开始分支...
ImposedVertex(vertex=12)
ForbidVertex(vertex=12)
  创建了 2 个分支
    添加分支节点 1: ID=240
    添加分支节点 2: ID=241

处理节点 239
  开始列生成求解...
Set parameter LogToConsole to value 0
Set parameter Threads to value 1
Set parameter Seed to value 0
  定价策略: Exact, node=239, vertices=24
Set parameter PoolSearchMode to value 2
Set parameter PoolSolutions to value 10
[CG 1] RMP=10.000000, pricing=ExactPricingSolver, new_columns=0
  搜索路径: [1, 2, 3, 4, 5, 6, 7, 8, 11, 13, 16, 10, 18, 17, 12, 19, 9, 28, 29, 31, 36, 37, 30, 40, 41, 46, 47, 50, 51, 33, 49, 56, 57, 59, 58, 62, 63, 34, 68, 32, 35, 74, 75, 45, 48, 44, 69, 80, 81, 84, 90, 91, 85, 89, 88, 94, 95, 96, 97, 54, 55, 108, 109, 25, 24, 61, 60, 116, 117, 92, 93, 43, 42, 118, 119, 65, 64, 124, 125, 126, 127, 130, 131, 134, 135, 23, 83, 82, 22, 136, 137, 138, 139, 133, 132, 52, 53, 123, 15, 129, 122, 148, 149, 99, 101, 154, 155, 156, 157, 98, 100, 86, 14, 87, 128, 102, 103, 162, 164, 165, 163, 115, 114, 39, 143, 144, 66, 105, 111, 169, 168, 153, 38, 113, 171, 173, 175, 177, 176, 179, 178, 181, 183, 182, 180, 174, 172, 194, 195, 189, 191, 196, 197, 145, 106, 192, 190, 104, 188, 199, 201, 203, 202, 205, 204, 210, 211, 207, 209, 208, 213, 215, 214, 212, 147, 206, 198, 184, 170, 217, 216, 73, 219, 218, 221, 220, 21, 20, 146, 71, 112, 67, 223, 225, 224, 227, 229, 231, 230, 228, 226, 222, 77, 27, 233, 232, 234, 235, 236, 237, 238, 239]
  列生成求解结果: 目标值=10.0000， 下界=10.0000， 上界=11.0000
    非整数变量: COL_12-16-19-22-32-5_74 = 0.166667
  解不是整数，开始分支...
ImposedVertex(vertex=5)
ForbidVertex(vertex=5)
  创建了 2 个分支
    添加分支节点 1: ID=242
    添加分支节点 2: ID=243

处理节点 70
  开始列生成求解...
Set parameter LogToConsole to value 0
Set parameter Threads to value 1
Set parameter Seed to value 0
  定价策略: Exact, node=70, vertices=21
Set parameter PoolSearchMode to value 2
Set parameter PoolSolutions to value 10
[CG 1] RMP=508.000000, pricing=ExactPricingSolver, new_columns=10
[CG 2] RMP=508.000000, pricing=ExactPricingSolver, new_columns=10
[CG 3] RMP=12.000000, pricing=ExactPricingSolver, new_columns=0
  搜索路径: [1, 2, 3, 4, 5, 6, 7, 8, 11, 13, 16, 10, 18, 17, 12, 19, 9, 28, 29, 31, 36, 37, 30, 40, 41, 46, 47, 50, 51, 33, 49, 56, 57, 59, 58, 62, 63, 34, 68, 32, 35, 74, 75, 45, 48, 44, 69, 80, 81, 84, 90, 91, 85, 89, 88, 94, 95, 96, 97, 54, 55, 108, 109, 25, 24, 61, 60, 116, 117, 92, 93, 43, 42, 118, 119, 65, 64, 124, 125, 126, 127, 130, 131, 134, 135, 23, 83, 82, 22, 136, 137, 138, 139, 133, 132, 52, 53, 123, 15, 129, 122, 148, 149, 99, 101, 154, 155, 156, 157, 98, 100, 86, 14, 87, 128, 102, 103, 162, 164, 165, 163, 115, 114, 39, 143, 144, 66, 105, 111, 169, 168, 153, 38, 113, 171, 173, 175, 177, 176, 179, 178, 181, 183, 182, 180, 174, 172, 194, 195, 189, 191, 196, 197, 145, 106, 192, 190, 104, 188, 199, 201, 203, 202, 205, 204, 210, 211, 207, 209, 208, 213, 215, 214, 212, 147, 206, 198, 184, 170, 217, 216, 73, 219, 218, 221, 220, 21, 20, 146, 71, 112, 67, 223, 225, 224, 227, 229, 231, 230, 228, 226, 222, 77, 27, 233, 232, 234, 235, 236, 237, 238, 239, 70]
  列生成求解结果: 目标值=12.0000， 下界=10.0000， 上界=11.0000

处理节点 240
  开始列生成求解...
Set parameter LogToConsole to value 0
Set parameter Threads to value 1
Set parameter Seed to value 0
  定价策略: Exact, node=240, vertices=19
Set parameter PoolSearchMode to value 2
Set parameter PoolSolutions to value 10
[CG 1] RMP=2012.000000, pricing=ExactPricingSolver, new_columns=10
[CG 2] RMP=2012.000000, pricing=ExactPricingSolver, new_columns=10
[CG 3] RMP=10.000000, pricing=ExactPricingSolver, new_columns=0
  搜索路径: [1, 2, 3, 4, 5, 6, 7, 8, 11, 13, 16, 10, 18, 17, 12, 19, 9, 28, 29, 31, 36, 37, 30, 40, 41, 46, 47, 50, 51, 33, 49, 56, 57, 59, 58, 62, 63, 34, 68, 32, 35, 74, 75, 45, 48, 44, 69, 80, 81, 84, 90, 91, 85, 89, 88, 94, 95, 96, 97, 54, 55, 108, 109, 25, 24, 61, 60, 116, 117, 92, 93, 43, 42, 118, 119, 65, 64, 124, 125, 126, 127, 130, 131, 134, 135, 23, 83, 82, 22, 136, 137, 138, 139, 133, 132, 52, 53, 123, 15, 129, 122, 148, 149, 99, 101, 154, 155, 156, 157, 98, 100, 86, 14, 87, 128, 102, 103, 162, 164, 165, 163, 115, 114, 39, 143, 144, 66, 105, 111, 169, 168, 153, 38, 113, 171, 173, 175, 177, 176, 179, 178, 181, 183, 182, 180, 174, 172, 194, 195, 189, 191, 196, 197, 145, 106, 192, 190, 104, 188, 199, 201, 203, 202, 205, 204, 210, 211, 207, 209, 208, 213, 215, 214, 212, 147, 206, 198, 184, 170, 217, 216, 73, 219, 218, 221, 220, 21, 20, 146, 71, 112, 67, 223, 225, 224, 227, 229, 231, 230, 228, 226, 222, 77, 27, 233, 232, 234, 235, 236, 237, 238, 239, 70, 240]
  列生成求解结果: 目标值=10.0000， 下界=10.0000， 上界=11.0000
    非整数变量: COL_12-16-19-21-25-27_9 = 0.500000
  解不是整数，开始分支...
ImposedVertex(vertex=19)
ForbidVertex(vertex=19)
  创建了 2 个分支
    添加分支节点 1: ID=244
    添加分支节点 2: ID=245

处理节点 241
  开始列生成求解...
Set parameter LogToConsole to value 0
Set parameter Threads to value 1
Set parameter Seed to value 0
  定价策略: Exact, node=241, vertices=21
Set parameter PoolSearchMode to value 2
Set parameter PoolSolutions to value 10
[CG 1] RMP=343.333333, pricing=ExactPricingSolver, new_columns=10
[CG 2] RMP=135.000000, pricing=ExactPricingSolver, new_columns=10
[CG 3] RMP=10.000000, pricing=ExactPricingSolver, new_columns=0
  搜索路径: [1, 2, 3, 4, 5, 6, 7, 8, 11, 13, 16, 10, 18, 17, 12, 19, 9, 28, 29, 31, 36, 37, 30, 40, 41, 46, 47, 50, 51, 33, 49, 56, 57, 59, 58, 62, 63, 34, 68, 32, 35, 74, 75, 45, 48, 44, 69, 80, 81, 84, 90, 91, 85, 89, 88, 94, 95, 96, 97, 54, 55, 108, 109, 25, 24, 61, 60, 116, 117, 92, 93, 43, 42, 118, 119, 65, 64, 124, 125, 126, 127, 130, 131, 134, 135, 23, 83, 82, 22, 136, 137, 138, 139, 133, 132, 52, 53, 123, 15, 129, 122, 148, 149, 99, 101, 154, 155, 156, 157, 98, 100, 86, 14, 87, 128, 102, 103, 162, 164, 165, 163, 115, 114, 39, 143, 144, 66, 105, 111, 169, 168, 153, 38, 113, 171, 173, 175, 177, 176, 179, 178, 181, 183, 182, 180, 174, 172, 194, 195, 189, 191, 196, 197, 145, 106, 192, 190, 104, 188, 199, 201, 203, 202, 205, 204, 210, 211, 207, 209, 208, 213, 215, 214, 212, 147, 206, 198, 184, 170, 217, 216, 73, 219, 218, 221, 220, 21, 20, 146, 71, 112, 67, 223, 225, 224, 227, 229, 231, 230, 228, 226, 222, 77, 27, 233, 232, 234, 235, 236, 237, 238, 239, 70, 240, 241]
  列生成求解结果: 目标值=10.0000， 下界=10.0000， 上界=11.0000
    非整数变量: COL_20-21-23-27-7_135 = 0.500000
  解不是整数，开始分支...
ImposedVertex(vertex=20)
ForbidVertex(vertex=20)
  创建了 2 个分支
    添加分支节点 1: ID=246
    添加分支节点 2: ID=247

处理节点 242
  开始列生成求解...
Set parameter LogToConsole to value 0
Set parameter Threads to value 1
Set parameter Seed to value 0
  定价策略: Exact, node=242, vertices=23
Set parameter PoolSearchMode to value 2
Set parameter PoolSolutions to value 10
[CG 1] RMP=10.000000, pricing=ExactPricingSolver, new_columns=0
  搜索路径: [1, 2, 3, 4, 5, 6, 7, 8, 11, 13, 16, 10, 18, 17, 12, 19, 9, 28, 29, 31, 36, 37, 30, 40, 41, 46, 47, 50, 51, 33, 49, 56, 57, 59, 58, 62, 63, 34, 68, 32, 35, 74, 75, 45, 48, 44, 69, 80, 81, 84, 90, 91, 85, 89, 88, 94, 95, 96, 97, 54, 55, 108, 109, 25, 24, 61, 60, 116, 117, 92, 93, 43, 42, 118, 119, 65, 64, 124, 125, 126, 127, 130, 131, 134, 135, 23, 83, 82, 22, 136, 137, 138, 139, 133, 132, 52, 53, 123, 15, 129, 122, 148, 149, 99, 101, 154, 155, 156, 157, 98, 100, 86, 14, 87, 128, 102, 103, 162, 164, 165, 163, 115, 114, 39, 143, 144, 66, 105, 111, 169, 168, 153, 38, 113, 171, 173, 175, 177, 176, 179, 178, 181, 183, 182, 180, 174, 172, 194, 195, 189, 191, 196, 197, 145, 106, 192, 190, 104, 188, 199, 201, 203, 202, 205, 204, 210, 211, 207, 209, 208, 213, 215, 214, 212, 147, 206, 198, 184, 170, 217, 216, 73, 219, 218, 221, 220, 21, 20, 146, 71, 112, 67, 223, 225, 224, 227, 229, 231, 230, 228, 226, 222, 77, 27, 233, 232, 234, 235, 236, 237, 238, 239, 70, 240, 241, 242]
  列生成求解结果: 目标值=10.0000， 下界=10.0000， 上界=11.0000
    非整数变量: COL_12-16-19-22-32-5_74 = 0.500000
  解不是整数，开始分支...
ImposedVertex(vertex=12)
ForbidVertex(vertex=12)
  创建了 2 个分支
    添加分支节点 1: ID=248
    添加分支节点 2: ID=249

处理节点 243
  开始列生成求解...
Set parameter LogToConsole to value 0
Set parameter Threads to value 1
Set parameter Seed to value 0
  定价策略: Exact, node=243, vertices=23
Set parameter PoolSearchMode to value 2
Set parameter PoolSolutions to value 10
[CG 1] RMP=2012.000000, pricing=ExactPricingSolver, new_columns=10
[CG 2] RMP=2012.000000, pricing=ExactPricingSolver, new_columns=10
[CG 3] RMP=12.000000, pricing=ExactPricingSolver, new_columns=0
  搜索路径: [1, 2, 3, 4, 5, 6, 7, 8, 11, 13, 16, 10, 18, 17, 12, 19, 9, 28, 29, 31, 36, 37, 30, 40, 41, 46, 47, 50, 51, 33, 49, 56, 57, 59, 58, 62, 63, 34, 68, 32, 35, 74, 75, 45, 48, 44, 69, 80, 81, 84, 90, 91, 85, 89, 88, 94, 95, 96, 97, 54, 55, 108, 109, 25, 24, 61, 60, 116, 117, 92, 93, 43, 42, 118, 119, 65, 64, 124, 125, 126, 127, 130, 131, 134, 135, 23, 83, 82, 22, 136, 137, 138, 139, 133, 132, 52, 53, 123, 15, 129, 122, 148, 149, 99, 101, 154, 155, 156, 157, 98, 100, 86, 14, 87, 128, 102, 103, 162, 164, 165, 163, 115, 114, 39, 143, 144, 66, 105, 111, 169, 168, 153, 38, 113, 171, 173, 175, 177, 176, 179, 178, 181, 183, 182, 180, 174, 172, 194, 195, 189, 191, 196, 197, 145, 106, 192, 190, 104, 188, 199, 201, 203, 202, 205, 204, 210, 211, 207, 209, 208, 213, 215, 214, 212, 147, 206, 198, 184, 170, 217, 216, 73, 219, 218, 221, 220, 21, 20, 146, 71, 112, 67, 223, 225, 224, 227, 229, 231, 230, 228, 226, 222, 77, 27, 233, 232, 234, 235, 236, 237, 238, 239, 70, 240, 241, 242, 243]
  列生成求解结果: 目标值=12.0000， 下界=10.0000， 上界=11.0000

处理节点 244
  开始列生成求解...
Set parameter LogToConsole to value 0
Set parameter Threads to value 1
Set parameter Seed to value 0
  定价策略: Exact, node=244, vertices=18
Set parameter PoolSearchMode to value 2
Set parameter PoolSolutions to value 10
[CG 1] RMP=15.000000, pricing=ExactPricingSolver, new_columns=10
[CG 2] RMP=12.000000, pricing=ExactPricingSolver, new_columns=0
  搜索路径: [1, 2, 3, 4, 5, 6, 7, 8, 11, 13, 16, 10, 18, 17, 12, 19, 9, 28, 29, 31, 36, 37, 30, 40, 41, 46, 47, 50, 51, 33, 49, 56, 57, 59, 58, 62, 63, 34, 68, 32, 35, 74, 75, 45, 48, 44, 69, 80, 81, 84, 90, 91, 85, 89, 88, 94, 95, 96, 97, 54, 55, 108, 109, 25, 24, 61, 60, 116, 117, 92, 93, 43, 42, 118, 119, 65, 64, 124, 125, 126, 127, 130, 131, 134, 135, 23, 83, 82, 22, 136, 137, 138, 139, 133, 132, 52, 53, 123, 15, 129, 122, 148, 149, 99, 101, 154, 155, 156, 157, 98, 100, 86, 14, 87, 128, 102, 103, 162, 164, 165, 163, 115, 114, 39, 143, 144, 66, 105, 111, 169, 168, 153, 38, 113, 171, 173, 175, 177, 176, 179, 178, 181, 183, 182, 180, 174, 172, 194, 195, 189, 191, 196, 197, 145, 106, 192, 190, 104, 188, 199, 201, 203, 202, 205, 204, 210, 211, 207, 209, 208, 213, 215, 214, 212, 147, 206, 198, 184, 170, 217, 216, 73, 219, 218, 221, 220, 21, 20, 146, 71, 112, 67, 223, 225, 224, 227, 229, 231, 230, 228, 226, 222, 77, 27, 233, 232, 234, 235, 236, 237, 238, 239, 70, 240, 241, 242, 243, 244]
  列生成求解结果: 目标值=12.0000， 下界=10.0000， 上界=11.0000

处理节点 245
  开始列生成求解...
Set parameter LogToConsole to value 0
Set parameter Threads to value 1
Set parameter Seed to value 0
  定价策略: Exact, node=245, vertices=18
Set parameter PoolSearchMode to value 2
Set parameter PoolSolutions to value 10
[CG 1] RMP=2012.000000, pricing=ExactPricingSolver, new_columns=10
[CG 2] RMP=2012.000000, pricing=ExactPricingSolver, new_columns=10
[CG 3] RMP=11.000000, pricing=ExactPricingSolver, new_columns=0
  搜索路径: [1, 2, 3, 4, 5, 6, 7, 8, 11, 13, 16, 10, 18, 17, 12, 19, 9, 28, 29, 31, 36, 37, 30, 40, 41, 46, 47, 50, 51, 33, 49, 56, 57, 59, 58, 62, 63, 34, 68, 32, 35, 74, 75, 45, 48, 44, 69, 80, 81, 84, 90, 91, 85, 89, 88, 94, 95, 96, 97, 54, 55, 108, 109, 25, 24, 61, 60, 116, 117, 92, 93, 43, 42, 118, 119, 65, 64, 124, 125, 126, 127, 130, 131, 134, 135, 23, 83, 82, 22, 136, 137, 138, 139, 133, 132, 52, 53, 123, 15, 129, 122, 148, 149, 99, 101, 154, 155, 156, 157, 98, 100, 86, 14, 87, 128, 102, 103, 162, 164, 165, 163, 115, 114, 39, 143, 144, 66, 105, 111, 169, 168, 153, 38, 113, 171, 173, 175, 177, 176, 179, 178, 181, 183, 182, 180, 174, 172, 194, 195, 189, 191, 196, 197, 145, 106, 192, 190, 104, 188, 199, 201, 203, 202, 205, 204, 210, 211, 207, 209, 208, 213, 215, 214, 212, 147, 206, 198, 184, 170, 217, 216, 73, 219, 218, 221, 220, 21, 20, 146, 71, 112, 67, 223, 225, 224, 227, 229, 231, 230, 228, 226, 222, 77, 27, 233, 232, 234, 235, 236, 237, 238, 239, 70, 240, 241, 242, 243, 244, 245]
  列生成求解结果: 目标值=11.0000， 下界=10.0000， 上界=11.0000

处理节点 246
  开始列生成求解...
Set parameter LogToConsole to value 0
Set parameter Threads to value 1
Set parameter Seed to value 0
  定价策略: Exact, node=246, vertices=20
Set parameter PoolSearchMode to value 2
Set parameter PoolSolutions to value 10
[CG 1] RMP=2012.000000, pricing=ExactPricingSolver, new_columns=10
[CG 2] RMP=12.000000, pricing=ExactPricingSolver, new_columns=10
[CG 3] RMP=12.000000, pricing=ExactPricingSolver, new_columns=10
[CG 4] RMP=11.000000, pricing=ExactPricingSolver, new_columns=0
  搜索路径: [1, 2, 3, 4, 5, 6, 7, 8, 11, 13, 16, 10, 18, 17, 12, 19, 9, 28, 29, 31, 36, 37, 30, 40, 41, 46, 47, 50, 51, 33, 49, 56, 57, 59, 58, 62, 63, 34, 68, 32, 35, 74, 75, 45, 48, 44, 69, 80, 81, 84, 90, 91, 85, 89, 88, 94, 95, 96, 97, 54, 55, 108, 109, 25, 24, 61, 60, 116, 117, 92, 93, 43, 42, 118, 119, 65, 64, 124, 125, 126, 127, 130, 131, 134, 135, 23, 83, 82, 22, 136, 137, 138, 139, 133, 132, 52, 53, 123, 15, 129, 122, 148, 149, 99, 101, 154, 155, 156, 157, 98, 100, 86, 14, 87, 128, 102, 103, 162, 164, 165, 163, 115, 114, 39, 143, 144, 66, 105, 111, 169, 168, 153, 38, 113, 171, 173, 175, 177, 176, 179, 178, 181, 183, 182, 180, 174, 172, 194, 195, 189, 191, 196, 197, 145, 106, 192, 190, 104, 188, 199, 201, 203, 202, 205, 204, 210, 211, 207, 209, 208, 213, 215, 214, 212, 147, 206, 198, 184, 170, 217, 216, 73, 219, 218, 221, 220, 21, 20, 146, 71, 112, 67, 223, 225, 224, 227, 229, 231, 230, 228, 226, 222, 77, 27, 233, 232, 234, 235, 236, 237, 238, 239, 70, 240, 241, 242, 243, 244, 245, 246]
  列生成求解结果: 目标值=11.0000， 下界=10.0000， 上界=11.0000

处理节点 247
  开始列生成求解...
Set parameter LogToConsole to value 0
Set parameter Threads to value 1
Set parameter Seed to value 0
  定价策略: Exact, node=247, vertices=20
Set parameter PoolSearchMode to value 2
Set parameter PoolSolutions to value 10
[CG 1] RMP=12.000000, pricing=ExactPricingSolver, new_columns=0
  搜索路径: [1, 2, 3, 4, 5, 6, 7, 8, 11, 13, 16, 10, 18, 17, 12, 19, 9, 28, 29, 31, 36, 37, 30, 40, 41, 46, 47, 50, 51, 33, 49, 56, 57, 59, 58, 62, 63, 34, 68, 32, 35, 74, 75, 45, 48, 44, 69, 80, 81, 84, 90, 91, 85, 89, 88, 94, 95, 96, 97, 54, 55, 108, 109, 25, 24, 61, 60, 116, 117, 92, 93, 43, 42, 118, 119, 65, 64, 124, 125, 126, 127, 130, 131, 134, 135, 23, 83, 82, 22, 136, 137, 138, 139, 133, 132, 52, 53, 123, 15, 129, 122, 148, 149, 99, 101, 154, 155, 156, 157, 98, 100, 86, 14, 87, 128, 102, 103, 162, 164, 165, 163, 115, 114, 39, 143, 144, 66, 105, 111, 169, 168, 153, 38, 113, 171, 173, 175, 177, 176, 179, 178, 181, 183, 182, 180, 174, 172, 194, 195, 189, 191, 196, 197, 145, 106, 192, 190, 104, 188, 199, 201, 203, 202, 205, 204, 210, 211, 207, 209, 208, 213, 215, 214, 212, 147, 206, 198, 184, 170, 217, 216, 73, 219, 218, 221, 220, 21, 20, 146, 71, 112, 67, 223, 225, 224, 227, 229, 231, 230, 228, 226, 222, 77, 27, 233, 232, 234, 235, 236, 237, 238, 239, 70, 240, 241, 242, 243, 244, 245, 246, 247]
  列生成求解结果: 目标值=12.0000， 下界=10.0000， 上界=11.0000

处理节点 249
  开始列生成求解...
Set parameter LogToConsole to value 0
Set parameter Threads to value 1
Set parameter Seed to value 0
  定价策略: Exact, node=249, vertices=22
Set parameter PoolSearchMode to value 2
Set parameter PoolSolutions to value 10
[CG 1] RMP=12.000000, pricing=ExactPricingSolver, new_columns=10
[CG 2] RMP=10.000000, pricing=ExactPricingSolver, new_columns=0
  搜索路径: [1, 2, 3, 4, 5, 6, 7, 8, 11, 13, 16, 10, 18, 17, 12, 19, 9, 28, 29, 31, 36, 37, 30, 40, 41, 46, 47, 50, 51, 33, 49, 56, 57, 59, 58, 62, 63, 34, 68, 32, 35, 74, 75, 45, 48, 44, 69, 80, 81, 84, 90, 91, 85, 89, 88, 94, 95, 96, 97, 54, 55, 108, 109, 25, 24, 61, 60, 116, 117, 92, 93, 43, 42, 118, 119, 65, 64, 124, 125, 126, 127, 130, 131, 134, 135, 23, 83, 82, 22, 136, 137, 138, 139, 133, 132, 52, 53, 123, 15, 129, 122, 148, 149, 99, 101, 154, 155, 156, 157, 98, 100, 86, 14, 87, 128, 102, 103, 162, 164, 165, 163, 115, 114, 39, 143, 144, 66, 105, 111, 169, 168, 153, 38, 113, 171, 173, 175, 177, 176, 179, 178, 181, 183, 182, 180, 174, 172, 194, 195, 189, 191, 196, 197, 145, 106, 192, 190, 104, 188, 199, 201, 203, 202, 205, 204, 210, 211, 207, 209, 208, 213, 215, 214, 212, 147, 206, 198, 184, 170, 217, 216, 73, 219, 218, 221, 220, 21, 20, 146, 71, 112, 67, 223, 225, 224, 227, 229, 231, 230, 228, 226, 222, 77, 27, 233, 232, 234, 235, 236, 237, 238, 239, 70, 240, 241, 242, 243, 244, 245, 246, 247, 249]
  列生成求解结果: 目标值=10.0000， 下界=10.0000， 上界=11.0000
    非整数变量: COL_16-19-21-32-5_72 = 0.333333
  解不是整数，开始分支...
ImposedVertex(vertex=19)
ForbidVertex(vertex=19)
  创建了 2 个分支
    添加分支节点 1: ID=250
    添加分支节点 2: ID=251

处理节点 248
  开始列生成求解...
Set parameter LogToConsole to value 0
Set parameter Threads to value 1
Set parameter Seed to value 0
  定价策略: Exact, node=248, vertices=20
Set parameter PoolSearchMode to value 2
Set parameter PoolSolutions to value 10
[CG 1] RMP=343.333333, pricing=ExactPricingSolver, new_columns=10
[CG 2] RMP=10.000000, pricing=ExactPricingSolver, new_columns=0
  搜索路径: [1, 2, 3, 4, 5, 6, 7, 8, 11, 13, 16, 10, 18, 17, 12, 19, 9, 28, 29, 31, 36, 37, 30, 40, 41, 46, 47, 50, 51, 33, 49, 56, 57, 59, 58, 62, 63, 34, 68, 32, 35, 74, 75, 45, 48, 44, 69, 80, 81, 84, 90, 91, 85, 89, 88, 94, 95, 96, 97, 54, 55, 108, 109, 25, 24, 61, 60, 116, 117, 92, 93, 43, 42, 118, 119, 65, 64, 124, 125, 126, 127, 130, 131, 134, 135, 23, 83, 82, 22, 136, 137, 138, 139, 133, 132, 52, 53, 123, 15, 129, 122, 148, 149, 99, 101, 154, 155, 156, 157, 98, 100, 86, 14, 87, 128, 102, 103, 162, 164, 165, 163, 115, 114, 39, 143, 144, 66, 105, 111, 169, 168, 153, 38, 113, 171, 173, 175, 177, 176, 179, 178, 181, 183, 182, 180, 174, 172, 194, 195, 189, 191, 196, 197, 145, 106, 192, 190, 104, 188, 199, 201, 203, 202, 205, 204, 210, 211, 207, 209, 208, 213, 215, 214, 212, 147, 206, 198, 184, 170, 217, 216, 73, 219, 218, 221, 220, 21, 20, 146, 71, 112, 67, 223, 225, 224, 227, 229, 231, 230, 228, 226, 222, 77, 27, 233, 232, 234, 235, 236, 237, 238, 239, 70, 240, 241, 242, 243, 244, 245, 246, 247, 249, 248]
  列生成求解结果: 目标值=10.0000， 下界=10.0000， 上界=11.0000
    非整数变量: COL_12-16-19-21-32-5_73 = 0.333333
  解不是整数，开始分支...
ImposedVertex(vertex=19)
ForbidVertex(vertex=19)
  创建了 2 个分支
    添加分支节点 1: ID=252
    添加分支节点 2: ID=253

处理节点 140
  开始列生成求解...
Set parameter LogToConsole to value 0
Set parameter Threads to value 1
Set parameter Seed to value 0
  定价策略: Exact, node=140, vertices=16
Set parameter PoolSearchMode to value 2
Set parameter PoolSolutions to value 10
[CG 1] RMP=12.000000, pricing=ExactPricingSolver, new_columns=0
  搜索路径: [1, 2, 3, 4, 5, 6, 7, 8, 11, 13, 16, 10, 18, 17, 12, 19, 9, 28, 29, 31, 36, 37, 30, 40, 41, 46, 47, 50, 51, 33, 49, 56, 57, 59, 58, 62, 63, 34, 68, 32, 35, 74, 75, 45, 48, 44, 69, 80, 81, 84, 90, 91, 85, 89, 88, 94, 95, 96, 97, 54, 55, 108, 109, 25, 24, 61, 60, 116, 117, 92, 93, 43, 42, 118, 119, 65, 64, 124, 125, 126, 127, 130, 131, 134, 135, 23, 83, 82, 22, 136, 137, 138, 139, 133, 132, 52, 53, 123, 15, 129, 122, 148, 149, 99, 101, 154, 155, 156, 157, 98, 100, 86, 14, 87, 128, 102, 103, 162, 164, 165, 163, 115, 114, 39, 143, 144, 66, 105, 111, 169, 168, 153, 38, 113, 171, 173, 175, 177, 176, 179, 178, 181, 183, 182, 180, 174, 172, 194, 195, 189, 191, 196, 197, 145, 106, 192, 190, 104, 188, 199, 201, 203, 202, 205, 204, 210, 211, 207, 209, 208, 213, 215, 214, 212, 147, 206, 198, 184, 170, 217, 216, 73, 219, 218, 221, 220, 21, 20, 146, 71, 112, 67, 223, 225, 224, 227, 229, 231, 230, 228, 226, 222, 77, 27, 233, 232, 234, 235, 236, 237, 238, 239, 70, 240, 241, 242, 243, 244, 245, 246, 247, 249, 248, 140]
  列生成求解结果: 目标值=12.0000， 下界=10.0000， 上界=11.0000

处理节点 250
  开始列生成求解...
Set parameter LogToConsole to value 0
Set parameter Threads to value 1
Set parameter Seed to value 0
  定价策略: Exact, node=250, vertices=21
Set parameter PoolSearchMode to value 2
Set parameter PoolSolutions to value 10
[CG 1] RMP=12.000000, pricing=ExactPricingSolver, new_columns=0
  搜索路径: [1, 2, 3, 4, 5, 6, 7, 8, 11, 13, 16, 10, 18, 17, 12, 19, 9, 28, 29, 31, 36, 37, 30, 40, 41, 46, 47, 50, 51, 33, 49, 56, 57, 59, 58, 62, 63, 34, 68, 32, 35, 74, 75, 45, 48, 44, 69, 80, 81, 84, 90, 91, 85, 89, 88, 94, 95, 96, 97, 54, 55, 108, 109, 25, 24, 61, 60, 116, 117, 92, 93, 43, 42, 118, 119, 65, 64, 124, 125, 126, 127, 130, 131, 134, 135, 23, 83, 82, 22, 136, 137, 138, 139, 133, 132, 52, 53, 123, 15, 129, 122, 148, 149, 99, 101, 154, 155, 156, 157, 98, 100, 86, 14, 87, 128, 102, 103, 162, 164, 165, 163, 115, 114, 39, 143, 144, 66, 105, 111, 169, 168, 153, 38, 113, 171, 173, 175, 177, 176, 179, 178, 181, 183, 182, 180, 174, 172, 194, 195, 189, 191, 196, 197, 145, 106, 192, 190, 104, 188, 199, 201, 203, 202, 205, 204, 210, 211, 207, 209, 208, 213, 215, 214, 212, 147, 206, 198, 184, 170, 217, 216, 73, 219, 218, 221, 220, 21, 20, 146, 71, 112, 67, 223, 225, 224, 227, 229, 231, 230, 228, 226, 222, 77, 27, 233, 232, 234, 235, 236, 237, 238, 239, 70, 240, 241, 242, 243, 244, 245, 246, 247, 249, 248, 140, 250]
  列生成求解结果: 目标值=12.0000， 下界=10.0000， 上界=11.0000

处理节点 251
  开始列生成求解...
Set parameter LogToConsole to value 0
Set parameter Threads to value 1
Set parameter Seed to value 0
  定价策略: Exact, node=251, vertices=21
Set parameter PoolSearchMode to value 2
Set parameter PoolSolutions to value 10
[CG 1] RMP=2012.000000, pricing=ExactPricingSolver, new_columns=10
[CG 2] RMP=2012.000000, pricing=ExactPricingSolver, new_columns=10
[CG 3] RMP=11.000000, pricing=ExactPricingSolver, new_columns=0
  搜索路径: [1, 2, 3, 4, 5, 6, 7, 8, 11, 13, 16, 10, 18, 17, 12, 19, 9, 28, 29, 31, 36, 37, 30, 40, 41, 46, 47, 50, 51, 33, 49, 56, 57, 59, 58, 62, 63, 34, 68, 32, 35, 74, 75, 45, 48, 44, 69, 80, 81, 84, 90, 91, 85, 89, 88, 94, 95, 96, 97, 54, 55, 108, 109, 25, 24, 61, 60, 116, 117, 92, 93, 43, 42, 118, 119, 65, 64, 124, 125, 126, 127, 130, 131, 134, 135, 23, 83, 82, 22, 136, 137, 138, 139, 133, 132, 52, 53, 123, 15, 129, 122, 148, 149, 99, 101, 154, 155, 156, 157, 98, 100, 86, 14, 87, 128, 102, 103, 162, 164, 165, 163, 115, 114, 39, 143, 144, 66, 105, 111, 169, 168, 153, 38, 113, 171, 173, 175, 177, 176, 179, 178, 181, 183, 182, 180, 174, 172, 194, 195, 189, 191, 196, 197, 145, 106, 192, 190, 104, 188, 199, 201, 203, 202, 205, 204, 210, 211, 207, 209, 208, 213, 215, 214, 212, 147, 206, 198, 184, 170, 217, 216, 73, 219, 218, 221, 220, 21, 20, 146, 71, 112, 67, 223, 225, 224, 227, 229, 231, 230, 228, 226, 222, 77, 27, 233, 232, 234, 235, 236, 237, 238, 239, 70, 240, 241, 242, 243, 244, 245, 246, 247, 249, 248, 140, 250, 251]
  列生成求解结果: 目标值=11.0000， 下界=10.0000， 上界=11.0000

处理节点 121
  开始列生成求解...
Set parameter LogToConsole to value 0
Set parameter Threads to value 1
Set parameter Seed to value 0
  定价策略: Exact, node=121, vertices=25
Set parameter PoolSearchMode to value 2
Set parameter PoolSolutions to value 10
[CG 1] RMP=12.000000, pricing=ExactPricingSolver, new_columns=10
[CG 2] RMP=10.000000, pricing=ExactPricingSolver, new_columns=0
  搜索路径: [1, 2, 3, 4, 5, 6, 7, 8, 11, 13, 16, 10, 18, 17, 12, 19, 9, 28, 29, 31, 36, 37, 30, 40, 41, 46, 47, 50, 51, 33, 49, 56, 57, 59, 58, 62, 63, 34, 68, 32, 35, 74, 75, 45, 48, 44, 69, 80, 81, 84, 90, 91, 85, 89, 88, 94, 95, 96, 97, 54, 55, 108, 109, 25, 24, 61, 60, 116, 117, 92, 93, 43, 42, 118, 119, 65, 64, 124, 125, 126, 127, 130, 131, 134, 135, 23, 83, 82, 22, 136, 137, 138, 139, 133, 132, 52, 53, 123, 15, 129, 122, 148, 149, 99, 101, 154, 155, 156, 157, 98, 100, 86, 14, 87, 128, 102, 103, 162, 164, 165, 163, 115, 114, 39, 143, 144, 66, 105, 111, 169, 168, 153, 38, 113, 171, 173, 175, 177, 176, 179, 178, 181, 183, 182, 180, 174, 172, 194, 195, 189, 191, 196, 197, 145, 106, 192, 190, 104, 188, 199, 201, 203, 202, 205, 204, 210, 211, 207, 209, 208, 213, 215, 214, 212, 147, 206, 198, 184, 170, 217, 216, 73, 219, 218, 221, 220, 21, 20, 146, 71, 112, 67, 223, 225, 224, 227, 229, 231, 230, 228, 226, 222, 77, 27, 233, 232, 234, 235, 236, 237, 238, 239, 70, 240, 241, 242, 243, 244, 245, 246, 247, 249, 248, 140, 250, 251, 121]
  列生成求解结果: 目标值=10.0000， 下界=10.0000， 上界=11.0000
    非整数变量: COL_12-16-19-21-23-27_8 = 0.250000
  解不是整数，开始分支...
ImposedVertex(vertex=23)
ForbidVertex(vertex=23)
  创建了 2 个分支
    添加分支节点 1: ID=254
    添加分支节点 2: ID=255

处理节点 151
  开始列生成求解...
Set parameter LogToConsole to value 0
Set parameter Threads to value 1
Set parameter Seed to value 0
  定价策略: Exact, node=151, vertices=22
Set parameter PoolSearchMode to value 2
Set parameter PoolSolutions to value 10
[CG 1] RMP=12.000000, pricing=ExactPricingSolver, new_columns=0
  搜索路径: [1, 2, 3, 4, 5, 6, 7, 8, 11, 13, 16, 10, 18, 17, 12, 19, 9, 28, 29, 31, 36, 37, 30, 40, 41, 46, 47, 50, 51, 33, 49, 56, 57, 59, 58, 62, 63, 34, 68, 32, 35, 74, 75, 45, 48, 44, 69, 80, 81, 84, 90, 91, 85, 89, 88, 94, 95, 96, 97, 54, 55, 108, 109, 25, 24, 61, 60, 116, 117, 92, 93, 43, 42, 118, 119, 65, 64, 124, 125, 126, 127, 130, 131, 134, 135, 23, 83, 82, 22, 136, 137, 138, 139, 133, 132, 52, 53, 123, 15, 129, 122, 148, 149, 99, 101, 154, 155, 156, 157, 98, 100, 86, 14, 87, 128, 102, 103, 162, 164, 165, 163, 115, 114, 39, 143, 144, 66, 105, 111, 169, 168, 153, 38, 113, 171, 173, 175, 177, 176, 179, 178, 181, 183, 182, 180, 174, 172, 194, 195, 189, 191, 196, 197, 145, 106, 192, 190, 104, 188, 199, 201, 203, 202, 205, 204, 210, 211, 207, 209, 208, 213, 215, 214, 212, 147, 206, 198, 184, 170, 217, 216, 73, 219, 218, 221, 220, 21, 20, 146, 71, 112, 67, 223, 225, 224, 227, 229, 231, 230, 228, 226, 222, 77, 27, 233, 232, 234, 235, 236, 237, 238, 239, 70, 240, 241, 242, 243, 244, 245, 246, 247, 249, 248, 140, 250, 251, 121, 151]
  列生成求解结果: 目标值=12.0000， 下界=10.0000， 上界=11.0000

处理节点 254
  开始列生成求解...
Set parameter LogToConsole to value 0
Set parameter Threads to value 1
Set parameter Seed to value 0
  定价策略: Exact, node=254, vertices=22
Set parameter PoolSearchMode to value 2
Set parameter PoolSolutions to value 10
[CG 1] RMP=16.000000, pricing=ExactPricingSolver, new_columns=10
[CG 2] RMP=10.000000, pricing=ExactPricingSolver, new_columns=0
  搜索路径: [1, 2, 3, 4, 5, 6, 7, 8, 11, 13, 16, 10, 18, 17, 12, 19, 9, 28, 29, 31, 36, 37, 30, 40, 41, 46, 47, 50, 51, 33, 49, 56, 57, 59, 58, 62, 63, 34, 68, 32, 35, 74, 75, 45, 48, 44, 69, 80, 81, 84, 90, 91, 85, 89, 88, 94, 95, 96, 97, 54, 55, 108, 109, 25, 24, 61, 60, 116, 117, 92, 93, 43, 42, 118, 119, 65, 64, 124, 125, 126, 127, 130, 131, 134, 135, 23, 83, 82, 22, 136, 137, 138, 139, 133, 132, 52, 53, 123, 15, 129, 122, 148, 149, 99, 101, 154, 155, 156, 157, 98, 100, 86, 14, 87, 128, 102, 103, 162, 164, 165, 163, 115, 114, 39, 143, 144, 66, 105, 111, 169, 168, 153, 38, 113, 171, 173, 175, 177, 176, 179, 178, 181, 183, 182, 180, 174, 172, 194, 195, 189, 191, 196, 197, 145, 106, 192, 190, 104, 188, 199, 201, 203, 202, 205, 204, 210, 211, 207, 209, 208, 213, 215, 214, 212, 147, 206, 198, 184, 170, 217, 216, 73, 219, 218, 221, 220, 21, 20, 146, 71, 112, 67, 223, 225, 224, 227, 229, 231, 230, 228, 226, 222, 77, 27, 233, 232, 234, 235, 236, 237, 238, 239, 70, 240, 241, 242, 243, 244, 245, 246, 247, 249, 248, 140, 250, 251, 121, 151, 254]
  列生成求解结果: 目标值=10.0000， 下界=10.0000， 上界=11.0000
    非整数变量: COL_12-16-19-21-23-27_8 = 0.416667
  解不是整数，开始分支...
ImposedVertex(vertex=27)
ForbidVertex(vertex=27)
  创建了 2 个分支
    添加分支节点 1: ID=256
    添加分支节点 2: ID=257

处理节点 255
  开始列生成求解...
Set parameter LogToConsole to value 0
Set parameter Threads to value 1
Set parameter Seed to value 0
  定价策略: Exact, node=255, vertices=24
Set parameter PoolSearchMode to value 2
Set parameter PoolSolutions to value 10
[CG 1] RMP=10.000000, pricing=ExactPricingSolver, new_columns=0
  搜索路径: [1, 2, 3, 4, 5, 6, 7, 8, 11, 13, 16, 10, 18, 17, 12, 19, 9, 28, 29, 31, 36, 37, 30, 40, 41, 46, 47, 50, 51, 33, 49, 56, 57, 59, 58, 62, 63, 34, 68, 32, 35, 74, 75, 45, 48, 44, 69, 80, 81, 84, 90, 91, 85, 89, 88, 94, 95, 96, 97, 54, 55, 108, 109, 25, 24, 61, 60, 116, 117, 92, 93, 43, 42, 118, 119, 65, 64, 124, 125, 126, 127, 130, 131, 134, 135, 23, 83, 82, 22, 136, 137, 138, 139, 133, 132, 52, 53, 123, 15, 129, 122, 148, 149, 99, 101, 154, 155, 156, 157, 98, 100, 86, 14, 87, 128, 102, 103, 162, 164, 165, 163, 115, 114, 39, 143, 144, 66, 105, 111, 169, 168, 153, 38, 113, 171, 173, 175, 177, 176, 179, 178, 181, 183, 182, 180, 174, 172, 194, 195, 189, 191, 196, 197, 145, 106, 192, 190, 104, 188, 199, 201, 203, 202, 205, 204, 210, 211, 207, 209, 208, 213, 215, 214, 212, 147, 206, 198, 184, 170, 217, 216, 73, 219, 218, 221, 220, 21, 20, 146, 71, 112, 67, 223, 225, 224, 227, 229, 231, 230, 228, 226, 222, 77, 27, 233, 232, 234, 235, 236, 237, 238, 239, 70, 240, 241, 242, 243, 244, 245, 246, 247, 249, 248, 140, 250, 251, 121, 151, 254, 255]
  列生成求解结果: 目标值=10.0000， 下界=10.0000， 上界=11.0000
    非整数变量: COL_12-16-19-22-25-27_14 = 0.416667
  解不是整数，开始分支...
ImposedVertex(vertex=25)
ForbidVertex(vertex=25)
  创建了 2 个分支
    添加分支节点 1: ID=258
    添加分支节点 2: ID=259
  进度: 已处理 230 个节点, 剩余 29 个, 当前最优 11.0000, 当前列数: 2492

处理节点 256
  开始列生成求解...
Set parameter LogToConsole to value 0
Set parameter Threads to value 1
Set parameter Seed to value 0
  定价策略: Exact, node=256, vertices=19
Set parameter PoolSearchMode to value 2
Set parameter PoolSolutions to value 10
[CG 1] RMP=12.000000, pricing=ExactPricingSolver, new_columns=10
[CG 2] RMP=10.000000, pricing=ExactPricingSolver, new_columns=0
  搜索路径: [1, 2, 3, 4, 5, 6, 7, 8, 11, 13, 16, 10, 18, 17, 12, 19, 9, 28, 29, 31, 36, 37, 30, 40, 41, 46, 47, 50, 51, 33, 49, 56, 57, 59, 58, 62, 63, 34, 68, 32, 35, 74, 75, 45, 48, 44, 69, 80, 81, 84, 90, 91, 85, 89, 88, 94, 95, 96, 97, 54, 55, 108, 109, 25, 24, 61, 60, 116, 117, 92, 93, 43, 42, 118, 119, 65, 64, 124, 125, 126, 127, 130, 131, 134, 135, 23, 83, 82, 22, 136, 137, 138, 139, 133, 132, 52, 53, 123, 15, 129, 122, 148, 149, 99, 101, 154, 155, 156, 157, 98, 100, 86, 14, 87, 128, 102, 103, 162, 164, 165, 163, 115, 114, 39, 143, 144, 66, 105, 111, 169, 168, 153, 38, 113, 171, 173, 175, 177, 176, 179, 178, 181, 183, 182, 180, 174, 172, 194, 195, 189, 191, 196, 197, 145, 106, 192, 190, 104, 188, 199, 201, 203, 202, 205, 204, 210, 211, 207, 209, 208, 213, 215, 214, 212, 147, 206, 198, 184, 170, 217, 216, 73, 219, 218, 221, 220, 21, 20, 146, 71, 112, 67, 223, 225, 224, 227, 229, 231, 230, 228, 226, 222, 77, 27, 233, 232, 234, 235, 236, 237, 238, 239, 70, 240, 241, 242, 243, 244, 245, 246, 247, 249, 248, 140, 250, 251, 121, 151, 254, 255, 256]
  列生成求解结果: 目标值=10.0000， 下界=10.0000， 上界=11.0000
    非整数变量: COL_12-16-19-21-23-27_8 = 0.611111
  解不是整数，开始分支...
ImposedVertex(vertex=19)
ForbidVertex(vertex=19)
  创建了 2 个分支
    添加分支节点 1: ID=260
    添加分支节点 2: ID=261

处理节点 257
  开始列生成求解...
Set parameter LogToConsole to value 0
Set parameter Threads to value 1
Set parameter Seed to value 0
  定价策略: Exact, node=257, vertices=21
Set parameter PoolSearchMode to value 2
Set parameter PoolSolutions to value 10
[CG 1] RMP=2012.000000, pricing=ExactPricingSolver, new_columns=10
[CG 2] RMP=512.000000, pricing=ExactPricingSolver, new_columns=10
[CG 3] RMP=12.000000, pricing=ExactPricingSolver, new_columns=0
  搜索路径: [1, 2, 3, 4, 5, 6, 7, 8, 11, 13, 16, 10, 18, 17, 12, 19, 9, 28, 29, 31, 36, 37, 30, 40, 41, 46, 47, 50, 51, 33, 49, 56, 57, 59, 58, 62, 63, 34, 68, 32, 35, 74, 75, 45, 48, 44, 69, 80, 81, 84, 90, 91, 85, 89, 88, 94, 95, 96, 97, 54, 55, 108, 109, 25, 24, 61, 60, 116, 117, 92, 93, 43, 42, 118, 119, 65, 64, 124, 125, 126, 127, 130, 131, 134, 135, 23, 83, 82, 22, 136, 137, 138, 139, 133, 132, 52, 53, 123, 15, 129, 122, 148, 149, 99, 101, 154, 155, 156, 157, 98, 100, 86, 14, 87, 128, 102, 103, 162, 164, 165, 163, 115, 114, 39, 143, 144, 66, 105, 111, 169, 168, 153, 38, 113, 171, 173, 175, 177, 176, 179, 178, 181, 183, 182, 180, 174, 172, 194, 195, 189, 191, 196, 197, 145, 106, 192, 190, 104, 188, 199, 201, 203, 202, 205, 204, 210, 211, 207, 209, 208, 213, 215, 214, 212, 147, 206, 198, 184, 170, 217, 216, 73, 219, 218, 221, 220, 21, 20, 146, 71, 112, 67, 223, 225, 224, 227, 229, 231, 230, 228, 226, 222, 77, 27, 233, 232, 234, 235, 236, 237, 238, 239, 70, 240, 241, 242, 243, 244, 245, 246, 247, 249, 248, 140, 250, 251, 121, 151, 254, 255, 256, 257]
  列生成求解结果: 目标值=12.0000， 下界=10.0000， 上界=11.0000

处理节点 258
  开始列生成求解...
Set parameter LogToConsole to value 0
Set parameter Threads to value 1
Set parameter Seed to value 0
  定价策略: Exact, node=258, vertices=22
Set parameter PoolSearchMode to value 2
Set parameter PoolSolutions to value 10
[CG 1] RMP=16.000000, pricing=ExactPricingSolver, new_columns=10
[CG 2] RMP=10.000000, pricing=ExactPricingSolver, new_columns=0
  搜索路径: [1, 2, 3, 4, 5, 6, 7, 8, 11, 13, 16, 10, 18, 17, 12, 19, 9, 28, 29, 31, 36, 37, 30, 40, 41, 46, 47, 50, 51, 33, 49, 56, 57, 59, 58, 62, 63, 34, 68, 32, 35, 74, 75, 45, 48, 44, 69, 80, 81, 84, 90, 91, 85, 89, 88, 94, 95, 96, 97, 54, 55, 108, 109, 25, 24, 61, 60, 116, 117, 92, 93, 43, 42, 118, 119, 65, 64, 124, 125, 126, 127, 130, 131, 134, 135, 23, 83, 82, 22, 136, 137, 138, 139, 133, 132, 52, 53, 123, 15, 129, 122, 148, 149, 99, 101, 154, 155, 156, 157, 98, 100, 86, 14, 87, 128, 102, 103, 162, 164, 165, 163, 115, 114, 39, 143, 144, 66, 105, 111, 169, 168, 153, 38, 113, 171, 173, 175, 177, 176, 179, 178, 181, 183, 182, 180, 174, 172, 194, 195, 189, 191, 196, 197, 145, 106, 192, 190, 104, 188, 199, 201, 203, 202, 205, 204, 210, 211, 207, 209, 208, 213, 215, 214, 212, 147, 206, 198, 184, 170, 217, 216, 73, 219, 218, 221, 220, 21, 20, 146, 71, 112, 67, 223, 225, 224, 227, 229, 231, 230, 228, 226, 222, 77, 27, 233, 232, 234, 235, 236, 237, 238, 239, 70, 240, 241, 242, 243, 244, 245, 246, 247, 249, 248, 140, 250, 251, 121, 151, 254, 255, 256, 257, 258]
  列生成求解结果: 目标值=10.0000， 下界=10.0000， 上界=11.0000
    非整数变量: COL_12-16-19-22-25-27_14 = 0.500000
  解不是整数，开始分支...
ImposedVertex(vertex=19)
ForbidVertex(vertex=19)
  创建了 2 个分支
    添加分支节点 1: ID=262
    添加分支节点 2: ID=263

处理节点 259
  开始列生成求解...
Set parameter LogToConsole to value 0
Set parameter Threads to value 1
Set parameter Seed to value 0
  定价策略: Exact, node=259, vertices=23
Set parameter PoolSearchMode to value 2
Set parameter PoolSolutions to value 10
[CG 1] RMP=12.000000, pricing=ExactPricingSolver, new_columns=10
[CG 2] RMP=10.000000, pricing=ExactPricingSolver, new_columns=0
  搜索路径: [1, 2, 3, 4, 5, 6, 7, 8, 11, 13, 16, 10, 18, 17, 12, 19, 9, 28, 29, 31, 36, 37, 30, 40, 41, 46, 47, 50, 51, 33, 49, 56, 57, 59, 58, 62, 63, 34, 68, 32, 35, 74, 75, 45, 48, 44, 69, 80, 81, 84, 90, 91, 85, 89, 88, 94, 95, 96, 97, 54, 55, 108, 109, 25, 24, 61, 60, 116, 117, 92, 93, 43, 42, 118, 119, 65, 64, 124, 125, 126, 127, 130, 131, 134, 135, 23, 83, 82, 22, 136, 137, 138, 139, 133, 132, 52, 53, 123, 15, 129, 122, 148, 149, 99, 101, 154, 155, 156, 157, 98, 100, 86, 14, 87, 128, 102, 103, 162, 164, 165, 163, 115, 114, 39, 143, 144, 66, 105, 111, 169, 168, 153, 38, 113, 171, 173, 175, 177, 176, 179, 178, 181, 183, 182, 180, 174, 172, 194, 195, 189, 191, 196, 197, 145, 106, 192, 190, 104, 188, 199, 201, 203, 202, 205, 204, 210, 211, 207, 209, 208, 213, 215, 214, 212, 147, 206, 198, 184, 170, 217, 216, 73, 219, 218, 221, 220, 21, 20, 146, 71, 112, 67, 223, 225, 224, 227, 229, 231, 230, 228, 226, 222, 77, 27, 233, 232, 234, 235, 236, 237, 238, 239, 70, 240, 241, 242, 243, 244, 245, 246, 247, 249, 248, 140, 250, 251, 121, 151, 254, 255, 256, 257, 258, 259]
  列生成求解结果: 目标值=10.0000， 下界=10.0000， 上界=11.0000
    非整数变量: COL_1-24-30-32-8_50 = 0.333333
  解不是整数，开始分支...
ImposedVertex(vertex=30)
ForbidVertex(vertex=30)
  创建了 2 个分支
    添加分支节点 1: ID=264
    添加分支节点 2: ID=265

处理节点 261
  开始列生成求解...
Set parameter LogToConsole to value 0
Set parameter Threads to value 1
Set parameter Seed to value 0
  定价策略: Exact, node=261, vertices=18
Set parameter PoolSearchMode to value 2
Set parameter PoolSolutions to value 10
[CG 1] RMP=2012.000000, pricing=ExactPricingSolver, new_columns=10
[CG 2] RMP=2012.000000, pricing=ExactPricingSolver, new_columns=10
[CG 3] RMP=11.000000, pricing=ExactPricingSolver, new_columns=10
[CG 4] RMP=11.000000, pricing=ExactPricingSolver, new_columns=0
  搜索路径: [1, 2, 3, 4, 5, 6, 7, 8, 11, 13, 16, 10, 18, 17, 12, 19, 9, 28, 29, 31, 36, 37, 30, 40, 41, 46, 47, 50, 51, 33, 49, 56, 57, 59, 58, 62, 63, 34, 68, 32, 35, 74, 75, 45, 48, 44, 69, 80, 81, 84, 90, 91, 85, 89, 88, 94, 95, 96, 97, 54, 55, 108, 109, 25, 24, 61, 60, 116, 117, 92, 93, 43, 42, 118, 119, 65, 64, 124, 125, 126, 127, 130, 131, 134, 135, 23, 83, 82, 22, 136, 137, 138, 139, 133, 132, 52, 53, 123, 15, 129, 122, 148, 149, 99, 101, 154, 155, 156, 157, 98, 100, 86, 14, 87, 128, 102, 103, 162, 164, 165, 163, 115, 114, 39, 143, 144, 66, 105, 111, 169, 168, 153, 38, 113, 171, 173, 175, 177, 176, 179, 178, 181, 183, 182, 180, 174, 172, 194, 195, 189, 191, 196, 197, 145, 106, 192, 190, 104, 188, 199, 201, 203, 202, 205, 204, 210, 211, 207, 209, 208, 213, 215, 214, 212, 147, 206, 198, 184, 170, 217, 216, 73, 219, 218, 221, 220, 21, 20, 146, 71, 112, 67, 223, 225, 224, 227, 229, 231, 230, 228, 226, 222, 77, 27, 233, 232, 234, 235, 236, 237, 238, 239, 70, 240, 241, 242, 243, 244, 245, 246, 247, 249, 248, 140, 250, 251, 121, 151, 254, 255, 256, 257, 258, 259, 261]
  列生成求解结果: 目标值=11.0000， 下界=10.0000， 上界=11.0000

处理节点 260
  开始列生成求解...
Set parameter LogToConsole to value 0
Set parameter Threads to value 1
Set parameter Seed to value 0
  定价策略: Exact, node=260, vertices=18
Set parameter PoolSearchMode to value 2
Set parameter PoolSolutions to value 10
[CG 1] RMP=12.000000, pricing=ExactPricingSolver, new_columns=0
  搜索路径: [1, 2, 3, 4, 5, 6, 7, 8, 11, 13, 16, 10, 18, 17, 12, 19, 9, 28, 29, 31, 36, 37, 30, 40, 41, 46, 47, 50, 51, 33, 49, 56, 57, 59, 58, 62, 63, 34, 68, 32, 35, 74, 75, 45, 48, 44, 69, 80, 81, 84, 90, 91, 85, 89, 88, 94, 95, 96, 97, 54, 55, 108, 109, 25, 24, 61, 60, 116, 117, 92, 93, 43, 42, 118, 119, 65, 64, 124, 125, 126, 127, 130, 131, 134, 135, 23, 83, 82, 22, 136, 137, 138, 139, 133, 132, 52, 53, 123, 15, 129, 122, 148, 149, 99, 101, 154, 155, 156, 157, 98, 100, 86, 14, 87, 128, 102, 103, 162, 164, 165, 163, 115, 114, 39, 143, 144, 66, 105, 111, 169, 168, 153, 38, 113, 171, 173, 175, 177, 176, 179, 178, 181, 183, 182, 180, 174, 172, 194, 195, 189, 191, 196, 197, 145, 106, 192, 190, 104, 188, 199, 201, 203, 202, 205, 204, 210, 211, 207, 209, 208, 213, 215, 214, 212, 147, 206, 198, 184, 170, 217, 216, 73, 219, 218, 221, 220, 21, 20, 146, 71, 112, 67, 223, 225, 224, 227, 229, 231, 230, 228, 226, 222, 77, 27, 233, 232, 234, 235, 236, 237, 238, 239, 70, 240, 241, 242, 243, 244, 245, 246, 247, 249, 248, 140, 250, 251, 121, 151, 254, 255, 256, 257, 258, 259, 261, 260]
  列生成求解结果: 目标值=12.0000， 下界=10.0000， 上界=11.0000

处理节点 263
  开始列生成求解...
Set parameter LogToConsole to value 0
Set parameter Threads to value 1
Set parameter Seed to value 0
  定价策略: Exact, node=263, vertices=21
Set parameter PoolSearchMode to value 2
Set parameter PoolSolutions to value 10
[CG 1] RMP=2012.000000, pricing=ExactPricingSolver, new_columns=10
[CG 2] RMP=2012.000000, pricing=ExactPricingSolver, new_columns=10
[CG 3] RMP=2012.000000, pricing=ExactPricingSolver, new_columns=10
[CG 4] RMP=210.000000, pricing=ExactPricingSolver, new_columns=10
[CG 5] RMP=11.000000, pricing=ExactPricingSolver, new_columns=0
  搜索路径: [1, 2, 3, 4, 5, 6, 7, 8, 11, 13, 16, 10, 18, 17, 12, 19, 9, 28, 29, 31, 36, 37, 30, 40, 41, 46, 47, 50, 51, 33, 49, 56, 57, 59, 58, 62, 63, 34, 68, 32, 35, 74, 75, 45, 48, 44, 69, 80, 81, 84, 90, 91, 85, 89, 88, 94, 95, 96, 97, 54, 55, 108, 109, 25, 24, 61, 60, 116, 117, 92, 93, 43, 42, 118, 119, 65, 64, 124, 125, 126, 127, 130, 131, 134, 135, 23, 83, 82, 22, 136, 137, 138, 139, 133, 132, 52, 53, 123, 15, 129, 122, 148, 149, 99, 101, 154, 155, 156, 157, 98, 100, 86, 14, 87, 128, 102, 103, 162, 164, 165, 163, 115, 114, 39, 143, 144, 66, 105, 111, 169, 168, 153, 38, 113, 171, 173, 175, 177, 176, 179, 178, 181, 183, 182, 180, 174, 172, 194, 195, 189, 191, 196, 197, 145, 106, 192, 190, 104, 188, 199, 201, 203, 202, 205, 204, 210, 211, 207, 209, 208, 213, 215, 214, 212, 147, 206, 198, 184, 170, 217, 216, 73, 219, 218, 221, 220, 21, 20, 146, 71, 112, 67, 223, 225, 224, 227, 229, 231, 230, 228, 226, 222, 77, 27, 233, 232, 234, 235, 236, 237, 238, 239, 70, 240, 241, 242, 243, 244, 245, 246, 247, 249, 248, 140, 250, 251, 121, 151, 254, 255, 256, 257, 258, 259, 261, 260, 263]
  列生成求解结果: 目标值=11.0000， 下界=10.0000， 上界=11.0000

处理节点 264
  开始列生成求解...
Set parameter LogToConsole to value 0
Set parameter Threads to value 1
Set parameter Seed to value 0
  定价策略: Exact, node=264, vertices=20
Set parameter PoolSearchMode to value 2
Set parameter PoolSolutions to value 10
[CG 1] RMP=12.000000, pricing=ExactPricingSolver, new_columns=10
[CG 2] RMP=12.000000, pricing=ExactPricingSolver, new_columns=10
[CG 3] RMP=12.000000, pricing=ExactPricingSolver, new_columns=0
  搜索路径: [1, 2, 3, 4, 5, 6, 7, 8, 11, 13, 16, 10, 18, 17, 12, 19, 9, 28, 29, 31, 36, 37, 30, 40, 41, 46, 47, 50, 51, 33, 49, 56, 57, 59, 58, 62, 63, 34, 68, 32, 35, 74, 75, 45, 48, 44, 69, 80, 81, 84, 90, 91, 85, 89, 88, 94, 95, 96, 97, 54, 55, 108, 109, 25, 24, 61, 60, 116, 117, 92, 93, 43, 42, 118, 119, 65, 64, 124, 125, 126, 127, 130, 131, 134, 135, 23, 83, 82, 22, 136, 137, 138, 139, 133, 132, 52, 53, 123, 15, 129, 122, 148, 149, 99, 101, 154, 155, 156, 157, 98, 100, 86, 14, 87, 128, 102, 103, 162, 164, 165, 163, 115, 114, 39, 143, 144, 66, 105, 111, 169, 168, 153, 38, 113, 171, 173, 175, 177, 176, 179, 178, 181, 183, 182, 180, 174, 172, 194, 195, 189, 191, 196, 197, 145, 106, 192, 190, 104, 188, 199, 201, 203, 202, 205, 204, 210, 211, 207, 209, 208, 213, 215, 214, 212, 147, 206, 198, 184, 170, 217, 216, 73, 219, 218, 221, 220, 21, 20, 146, 71, 112, 67, 223, 225, 224, 227, 229, 231, 230, 228, 226, 222, 77, 27, 233, 232, 234, 235, 236, 237, 238, 239, 70, 240, 241, 242, 243, 244, 245, 246, 247, 249, 248, 140, 250, 251, 121, 151, 254, 255, 256, 257, 258, 259, 261, 260, 263, 264]
  列生成求解结果: 目标值=12.0000， 下界=10.0000， 上界=11.0000

处理节点 265
  开始列生成求解...
Set parameter LogToConsole to value 0
Set parameter Threads to value 1
Set parameter Seed to value 0
  定价策略: Exact, node=265, vertices=22
Set parameter PoolSearchMode to value 2
Set parameter PoolSolutions to value 10
[CG 1] RMP=12.000000, pricing=ExactPricingSolver, new_columns=10
[CG 2] RMP=10.000000, pricing=ExactPricingSolver, new_columns=0
  搜索路径: [1, 2, 3, 4, 5, 6, 7, 8, 11, 13, 16, 10, 18, 17, 12, 19, 9, 28, 29, 31, 36, 37, 30, 40, 41, 46, 47, 50, 51, 33, 49, 56, 57, 59, 58, 62, 63, 34, 68, 32, 35, 74, 75, 45, 48, 44, 69, 80, 81, 84, 90, 91, 85, 89, 88, 94, 95, 96, 97, 54, 55, 108, 109, 25, 24, 61, 60, 116, 117, 92, 93, 43, 42, 118, 119, 65, 64, 124, 125, 126, 127, 130, 131, 134, 135, 23, 83, 82, 22, 136, 137, 138, 139, 133, 132, 52, 53, 123, 15, 129, 122, 148, 149, 99, 101, 154, 155, 156, 157, 98, 100, 86, 14, 87, 128, 102, 103, 162, 164, 165, 163, 115, 114, 39, 143, 144, 66, 105, 111, 169, 168, 153, 38, 113, 171, 173, 175, 177, 176, 179, 178, 181, 183, 182, 180, 174, 172, 194, 195, 189, 191, 196, 197, 145, 106, 192, 190, 104, 188, 199, 201, 203, 202, 205, 204, 210, 211, 207, 209, 208, 213, 215, 214, 212, 147, 206, 198, 184, 170, 217, 216, 73, 219, 218, 221, 220, 21, 20, 146, 71, 112, 67, 223, 225, 224, 227, 229, 231, 230, 228, 226, 222, 77, 27, 233, 232, 234, 235, 236, 237, 238, 239, 70, 240, 241, 242, 243, 244, 245, 246, 247, 249, 248, 140, 250, 251, 121, 151, 254, 255, 256, 257, 258, 259, 261, 260, 263, 264, 265]
  列生成求解结果: 目标值=10.0000， 下界=10.0000， 上界=11.0000
    非整数变量: COL_1-26-29-6-8_55 = 0.250000
  解不是整数，开始分支...
ImposedVertex(vertex=29)
ForbidVertex(vertex=29)
  创建了 2 个分支
    添加分支节点 1: ID=266
    添加分支节点 2: ID=267

处理节点 262
  开始列生成求解...
Set parameter LogToConsole to value 0
Set parameter Threads to value 1
Set parameter Seed to value 0
  定价策略: Exact, node=262, vertices=21
Set parameter PoolSearchMode to value 2
Set parameter PoolSolutions to value 10
[CG 1] RMP=12.000000, pricing=ExactPricingSolver, new_columns=0
  搜索路径: [1, 2, 3, 4, 5, 6, 7, 8, 11, 13, 16, 10, 18, 17, 12, 19, 9, 28, 29, 31, 36, 37, 30, 40, 41, 46, 47, 50, 51, 33, 49, 56, 57, 59, 58, 62, 63, 34, 68, 32, 35, 74, 75, 45, 48, 44, 69, 80, 81, 84, 90, 91, 85, 89, 88, 94, 95, 96, 97, 54, 55, 108, 109, 25, 24, 61, 60, 116, 117, 92, 93, 43, 42, 118, 119, 65, 64, 124, 125, 126, 127, 130, 131, 134, 135, 23, 83, 82, 22, 136, 137, 138, 139, 133, 132, 52, 53, 123, 15, 129, 122, 148, 149, 99, 101, 154, 155, 156, 157, 98, 100, 86, 14, 87, 128, 102, 103, 162, 164, 165, 163, 115, 114, 39, 143, 144, 66, 105, 111, 169, 168, 153, 38, 113, 171, 173, 175, 177, 176, 179, 178, 181, 183, 182, 180, 174, 172, 194, 195, 189, 191, 196, 197, 145, 106, 192, 190, 104, 188, 199, 201, 203, 202, 205, 204, 210, 211, 207, 209, 208, 213, 215, 214, 212, 147, 206, 198, 184, 170, 217, 216, 73, 219, 218, 221, 220, 21, 20, 146, 71, 112, 67, 223, 225, 224, 227, 229, 231, 230, 228, 226, 222, 77, 27, 233, 232, 234, 235, 236, 237, 238, 239, 70, 240, 241, 242, 243, 244, 245, 246, 247, 249, 248, 140, 250, 251, 121, 151, 254, 255, 256, 257, 258, 259, 261, 260, 263, 264, 265, 262]
  列生成求解结果: 目标值=12.0000， 下界=10.0000， 上界=11.0000

处理节点 266
  开始列生成求解...
Set parameter LogToConsole to value 0
Set parameter Threads to value 1
Set parameter Seed to value 0
  定价策略: Exact, node=266, vertices=20
Set parameter PoolSearchMode to value 2
Set parameter PoolSolutions to value 10
[CG 1] RMP=12.000000, pricing=ExactPricingSolver, new_columns=10
[CG 2] RMP=12.000000, pricing=ExactPricingSolver, new_columns=10
[CG 3] RMP=12.000000, pricing=ExactPricingSolver, new_columns=10
[CG 4] RMP=12.000000, pricing=ExactPricingSolver, new_columns=0
  搜索路径: [1, 2, 3, 4, 5, 6, 7, 8, 11, 13, 16, 10, 18, 17, 12, 19, 9, 28, 29, 31, 36, 37, 30, 40, 41, 46, 47, 50, 51, 33, 49, 56, 57, 59, 58, 62, 63, 34, 68, 32, 35, 74, 75, 45, 48, 44, 69, 80, 81, 84, 90, 91, 85, 89, 88, 94, 95, 96, 97, 54, 55, 108, 109, 25, 24, 61, 60, 116, 117, 92, 93, 43, 42, 118, 119, 65, 64, 124, 125, 126, 127, 130, 131, 134, 135, 23, 83, 82, 22, 136, 137, 138, 139, 133, 132, 52, 53, 123, 15, 129, 122, 148, 149, 99, 101, 154, 155, 156, 157, 98, 100, 86, 14, 87, 128, 102, 103, 162, 164, 165, 163, 115, 114, 39, 143, 144, 66, 105, 111, 169, 168, 153, 38, 113, 171, 173, 175, 177, 176, 179, 178, 181, 183, 182, 180, 174, 172, 194, 195, 189, 191, 196, 197, 145, 106, 192, 190, 104, 188, 199, 201, 203, 202, 205, 204, 210, 211, 207, 209, 208, 213, 215, 214, 212, 147, 206, 198, 184, 170, 217, 216, 73, 219, 218, 221, 220, 21, 20, 146, 71, 112, 67, 223, 225, 224, 227, 229, 231, 230, 228, 226, 222, 77, 27, 233, 232, 234, 235, 236, 237, 238, 239, 70, 240, 241, 242, 243, 244, 245, 246, 247, 249, 248, 140, 250, 251, 121, 151, 254, 255, 256, 257, 258, 259, 261, 260, 263, 264, 265, 262, 266]
  列生成求解结果: 目标值=12.0000， 下界=10.0000， 上界=11.0000

处理节点 267
  开始列生成求解...
Set parameter LogToConsole to value 0
Set parameter Threads to value 1
Set parameter Seed to value 0
  定价策略: Exact, node=267, vertices=21
Set parameter PoolSearchMode to value 2
Set parameter PoolSolutions to value 10
[CG 1] RMP=10.000000, pricing=ExactPricingSolver, new_columns=0
  搜索路径: [1, 2, 3, 4, 5, 6, 7, 8, 11, 13, 16, 10, 18, 17, 12, 19, 9, 28, 29, 31, 36, 37, 30, 40, 41, 46, 47, 50, 51, 33, 49, 56, 57, 59, 58, 62, 63, 34, 68, 32, 35, 74, 75, 45, 48, 44, 69, 80, 81, 84, 90, 91, 85, 89, 88, 94, 95, 96, 97, 54, 55, 108, 109, 25, 24, 61, 60, 116, 117, 92, 93, 43, 42, 118, 119, 65, 64, 124, 125, 126, 127, 130, 131, 134, 135, 23, 83, 82, 22, 136, 137, 138, 139, 133, 132, 52, 53, 123, 15, 129, 122, 148, 149, 99, 101, 154, 155, 156, 157, 98, 100, 86, 14, 87, 128, 102, 103, 162, 164, 165, 163, 115, 114, 39, 143, 144, 66, 105, 111, 169, 168, 153, 38, 113, 171, 173, 175, 177, 176, 179, 178, 181, 183, 182, 180, 174, 172, 194, 195, 189, 191, 196, 197, 145, 106, 192, 190, 104, 188, 199, 201, 203, 202, 205, 204, 210, 211, 207, 209, 208, 213, 215, 214, 212, 147, 206, 198, 184, 170, 217, 216, 73, 219, 218, 221, 220, 21, 20, 146, 71, 112, 67, 223, 225, 224, 227, 229, 231, 230, 228, 226, 222, 77, 27, 233, 232, 234, 235, 236, 237, 238, 239, 70, 240, 241, 242, 243, 244, 245, 246, 247, 249, 248, 140, 250, 251, 121, 151, 254, 255, 256, 257, 258, 259, 261, 260, 263, 264, 265, 262, 266, 267]
  列生成求解结果: 目标值=10.0000， 下界=10.0000， 上界=11.0000
    非整数变量: COL_12-16-19-21-32-8_376 = 0.500000
  解不是整数，开始分支...
ImposedVertex(vertex=19)
ForbidVertex(vertex=19)
  创建了 2 个分支
    添加分支节点 1: ID=268
    添加分支节点 2: ID=269

处理节点 200
  开始列生成求解...
Set parameter LogToConsole to value 0
Set parameter Threads to value 1
Set parameter Seed to value 0
  定价策略: Exact, node=200, vertices=19
Set parameter PoolSearchMode to value 2
Set parameter PoolSolutions to value 10
[CG 1] RMP=2012.000000, pricing=ExactPricingSolver, new_columns=10
[CG 2] RMP=2012.000000, pricing=ExactPricingSolver, new_columns=10
[CG 3] RMP=11.000000, pricing=ExactPricingSolver, new_columns=10
[CG 4] RMP=11.000000, pricing=ExactPricingSolver, new_columns=10
[CG 5] RMP=10.000000, pricing=ExactPricingSolver, new_columns=10
[CG 6] RMP=10.000000, pricing=ExactPricingSolver, new_columns=0
  搜索路径: [1, 2, 3, 4, 5, 6, 7, 8, 11, 13, 16, 10, 18, 17, 12, 19, 9, 28, 29, 31, 36, 37, 30, 40, 41, 46, 47, 50, 51, 33, 49, 56, 57, 59, 58, 62, 63, 34, 68, 32, 35, 74, 75, 45, 48, 44, 69, 80, 81, 84, 90, 91, 85, 89, 88, 94, 95, 96, 97, 54, 55, 108, 109, 25, 24, 61, 60, 116, 117, 92, 93, 43, 42, 118, 119, 65, 64, 124, 125, 126, 127, 130, 131, 134, 135, 23, 83, 82, 22, 136, 137, 138, 139, 133, 132, 52, 53, 123, 15, 129, 122, 148, 149, 99, 101, 154, 155, 156, 157, 98, 100, 86, 14, 87, 128, 102, 103, 162, 164, 165, 163, 115, 114, 39, 143, 144, 66, 105, 111, 169, 168, 153, 38, 113, 171, 173, 175, 177, 176, 179, 178, 181, 183, 182, 180, 174, 172, 194, 195, 189, 191, 196, 197, 145, 106, 192, 190, 104, 188, 199, 201, 203, 202, 205, 204, 210, 211, 207, 209, 208, 213, 215, 214, 212, 147, 206, 198, 184, 170, 217, 216, 73, 219, 218, 221, 220, 21, 20, 146, 71, 112, 67, 223, 225, 224, 227, 229, 231, 230, 228, 226, 222, 77, 27, 233, 232, 234, 235, 236, 237, 238, 239, 70, 240, 241, 242, 243, 244, 245, 246, 247, 249, 248, 140, 250, 251, 121, 151, 254, 255, 256, 257, 258, 259, 261, 260, 263, 264, 265, 262, 266, 267, 200]
  列生成求解结果: 目标值=10.0000， 下界=10.0000， 上界=11.0000
    非整数变量: COL_16-28-31-4-8_2680 = 0.583333
  解不是整数，开始分支...
ImposedVertex(vertex=20)
ForbidVertex(vertex=20)
  创建了 2 个分支
    添加分支节点 1: ID=270
    添加分支节点 2: ID=271

处理节点 268
  开始列生成求解...
Set parameter LogToConsole to value 0
Set parameter Threads to value 1
Set parameter Seed to value 0
  定价策略: Exact, node=268, vertices=20
Set parameter PoolSearchMode to value 2
Set parameter PoolSolutions to value 10
[CG 1] RMP=12.000000, pricing=ExactPricingSolver, new_columns=0
  搜索路径: [1, 2, 3, 4, 5, 6, 7, 8, 11, 13, 16, 10, 18, 17, 12, 19, 9, 28, 29, 31, 36, 37, 30, 40, 41, 46, 47, 50, 51, 33, 49, 56, 57, 59, 58, 62, 63, 34, 68, 32, 35, 74, 75, 45, 48, 44, 69, 80, 81, 84, 90, 91, 85, 89, 88, 94, 95, 96, 97, 54, 55, 108, 109, 25, 24, 61, 60, 116, 117, 92, 93, 43, 42, 118, 119, 65, 64, 124, 125, 126, 127, 130, 131, 134, 135, 23, 83, 82, 22, 136, 137, 138, 139, 133, 132, 52, 53, 123, 15, 129, 122, 148, 149, 99, 101, 154, 155, 156, 157, 98, 100, 86, 14, 87, 128, 102, 103, 162, 164, 165, 163, 115, 114, 39, 143, 144, 66, 105, 111, 169, 168, 153, 38, 113, 171, 173, 175, 177, 176, 179, 178, 181, 183, 182, 180, 174, 172, 194, 195, 189, 191, 196, 197, 145, 106, 192, 190, 104, 188, 199, 201, 203, 202, 205, 204, 210, 211, 207, 209, 208, 213, 215, 214, 212, 147, 206, 198, 184, 170, 217, 216, 73, 219, 218, 221, 220, 21, 20, 146, 71, 112, 67, 223, 225, 224, 227, 229, 231, 230, 228, 226, 222, 77, 27, 233, 232, 234, 235, 236, 237, 238, 239, 70, 240, 241, 242, 243, 244, 245, 246, 247, 249, 248, 140, 250, 251, 121, 151, 254, 255, 256, 257, 258, 259, 261, 260, 263, 264, 265, 262, 266, 267, 200, 268]
  列生成求解结果: 目标值=12.0000， 下界=10.0000， 上界=11.0000

处理节点 269
  开始列生成求解...
Set parameter LogToConsole to value 0
Set parameter Threads to value 1
Set parameter Seed to value 0
  定价策略: Exact, node=269, vertices=20
Set parameter PoolSearchMode to value 2
Set parameter PoolSolutions to value 10
[CG 1] RMP=2012.000000, pricing=ExactPricingSolver, new_columns=10
[CG 2] RMP=11.000000, pricing=ExactPricingSolver, new_columns=0
  搜索路径: [1, 2, 3, 4, 5, 6, 7, 8, 11, 13, 16, 10, 18, 17, 12, 19, 9, 28, 29, 31, 36, 37, 30, 40, 41, 46, 47, 50, 51, 33, 49, 56, 57, 59, 58, 62, 63, 34, 68, 32, 35, 74, 75, 45, 48, 44, 69, 80, 81, 84, 90, 91, 85, 89, 88, 94, 95, 96, 97, 54, 55, 108, 109, 25, 24, 61, 60, 116, 117, 92, 93, 43, 42, 118, 119, 65, 64, 124, 125, 126, 127, 130, 131, 134, 135, 23, 83, 82, 22, 136, 137, 138, 139, 133, 132, 52, 53, 123, 15, 129, 122, 148, 149, 99, 101, 154, 155, 156, 157, 98, 100, 86, 14, 87, 128, 102, 103, 162, 164, 165, 163, 115, 114, 39, 143, 144, 66, 105, 111, 169, 168, 153, 38, 113, 171, 173, 175, 177, 176, 179, 178, 181, 183, 182, 180, 174, 172, 194, 195, 189, 191, 196, 197, 145, 106, 192, 190, 104, 188, 199, 201, 203, 202, 205, 204, 210, 211, 207, 209, 208, 213, 215, 214, 212, 147, 206, 198, 184, 170, 217, 216, 73, 219, 218, 221, 220, 21, 20, 146, 71, 112, 67, 223, 225, 224, 227, 229, 231, 230, 228, 226, 222, 77, 27, 233, 232, 234, 235, 236, 237, 238, 239, 70, 240, 241, 242, 243, 244, 245, 246, 247, 249, 248, 140, 250, 251, 121, 151, 254, 255, 256, 257, 258, 259, 261, 260, 263, 264, 265, 262, 266, 267, 200, 268, 269]
  列生成求解结果: 目标值=11.0000， 下界=10.0000， 上界=11.0000

处理节点 271
  开始列生成求解...
Set parameter LogToConsole to value 0
Set parameter Threads to value 1
Set parameter Seed to value 0
  定价策略: Exact, node=271, vertices=18
Set parameter PoolSearchMode to value 2
Set parameter PoolSolutions to value 10
[CG 1] RMP=12.000000, pricing=ExactPricingSolver, new_columns=0
  搜索路径: [1, 2, 3, 4, 5, 6, 7, 8, 11, 13, 16, 10, 18, 17, 12, 19, 9, 28, 29, 31, 36, 37, 30, 40, 41, 46, 47, 50, 51, 33, 49, 56, 57, 59, 58, 62, 63, 34, 68, 32, 35, 74, 75, 45, 48, 44, 69, 80, 81, 84, 90, 91, 85, 89, 88, 94, 95, 96, 97, 54, 55, 108, 109, 25, 24, 61, 60, 116, 117, 92, 93, 43, 42, 118, 119, 65, 64, 124, 125, 126, 127, 130, 131, 134, 135, 23, 83, 82, 22, 136, 137, 138, 139, 133, 132, 52, 53, 123, 15, 129, 122, 148, 149, 99, 101, 154, 155, 156, 157, 98, 100, 86, 14, 87, 128, 102, 103, 162, 164, 165, 163, 115, 114, 39, 143, 144, 66, 105, 111, 169, 168, 153, 38, 113, 171, 173, 175, 177, 176, 179, 178, 181, 183, 182, 180, 174, 172, 194, 195, 189, 191, 196, 197, 145, 106, 192, 190, 104, 188, 199, 201, 203, 202, 205, 204, 210, 211, 207, 209, 208, 213, 215, 214, 212, 147, 206, 198, 184, 170, 217, 216, 73, 219, 218, 221, 220, 21, 20, 146, 71, 112, 67, 223, 225, 224, 227, 229, 231, 230, 228, 226, 222, 77, 27, 233, 232, 234, 235, 236, 237, 238, 239, 70, 240, 241, 242, 243, 244, 245, 246, 247, 249, 248, 140, 250, 251, 121, 151, 254, 255, 256, 257, 258, 259, 261, 260, 263, 264, 265, 262, 266, 267, 200, 268, 269, 271]
  列生成求解结果: 目标值=12.0000， 下界=10.0000， 上界=11.0000

处理节点 270
  开始列生成求解...
Set parameter LogToConsole to value 0
Set parameter Threads to value 1
Set parameter Seed to value 0
  定价策略: Exact, node=270, vertices=18
Set parameter PoolSearchMode to value 2
Set parameter PoolSolutions to value 10
[CG 1] RMP=11.000000, pricing=ExactPricingSolver, new_columns=0
  搜索路径: [1, 2, 3, 4, 5, 6, 7, 8, 11, 13, 16, 10, 18, 17, 12, 19, 9, 28, 29, 31, 36, 37, 30, 40, 41, 46, 47, 50, 51, 33, 49, 56, 57, 59, 58, 62, 63, 34, 68, 32, 35, 74, 75, 45, 48, 44, 69, 80, 81, 84, 90, 91, 85, 89, 88, 94, 95, 96, 97, 54, 55, 108, 109, 25, 24, 61, 60, 116, 117, 92, 93, 43, 42, 118, 119, 65, 64, 124, 125, 126, 127, 130, 131, 134, 135, 23, 83, 82, 22, 136, 137, 138, 139, 133, 132, 52, 53, 123, 15, 129, 122, 148, 149, 99, 101, 154, 155, 156, 157, 98, 100, 86, 14, 87, 128, 102, 103, 162, 164, 165, 163, 115, 114, 39, 143, 144, 66, 105, 111, 169, 168, 153, 38, 113, 171, 173, 175, 177, 176, 179, 178, 181, 183, 182, 180, 174, 172, 194, 195, 189, 191, 196, 197, 145, 106, 192, 190, 104, 188, 199, 201, 203, 202, 205, 204, 210, 211, 207, 209, 208, 213, 215, 214, 212, 147, 206, 198, 184, 170, 217, 216, 73, 219, 218, 221, 220, 21, 20, 146, 71, 112, 67, 223, 225, 224, 227, 229, 231, 230, 228, 226, 222, 77, 27, 233, 232, 234, 235, 236, 237, 238, 239, 70, 240, 241, 242, 243, 244, 245, 246, 247, 249, 248, 140, 250, 251, 121, 151, 254, 255, 256, 257, 258, 259, 261, 260, 263, 264, 265, 262, 266, 267, 200, 268, 269, 271, 270]
  列生成求解结果: 目标值=11.0000， 下界=10.0000， 上界=11.0000

处理节点 193
  开始列生成求解...
Set parameter LogToConsole to value 0
Set parameter Threads to value 1
Set parameter Seed to value 0
  定价策略: Exact, node=193, vertices=21
Set parameter PoolSearchMode to value 2
Set parameter PoolSolutions to value 10
[CG 1] RMP=10.000000, pricing=ExactPricingSolver, new_columns=0
  搜索路径: [1, 2, 3, 4, 5, 6, 7, 8, 11, 13, 16, 10, 18, 17, 12, 19, 9, 28, 29, 31, 36, 37, 30, 40, 41, 46, 47, 50, 51, 33, 49, 56, 57, 59, 58, 62, 63, 34, 68, 32, 35, 74, 75, 45, 48, 44, 69, 80, 81, 84, 90, 91, 85, 89, 88, 94, 95, 96, 97, 54, 55, 108, 109, 25, 24, 61, 60, 116, 117, 92, 93, 43, 42, 118, 119, 65, 64, 124, 125, 126, 127, 130, 131, 134, 135, 23, 83, 82, 22, 136, 137, 138, 139, 133, 132, 52, 53, 123, 15, 129, 122, 148, 149, 99, 101, 154, 155, 156, 157, 98, 100, 86, 14, 87, 128, 102, 103, 162, 164, 165, 163, 115, 114, 39, 143, 144, 66, 105, 111, 169, 168, 153, 38, 113, 171, 173, 175, 177, 176, 179, 178, 181, 183, 182, 180, 174, 172, 194, 195, 189, 191, 196, 197, 145, 106, 192, 190, 104, 188, 199, 201, 203, 202, 205, 204, 210, 211, 207, 209, 208, 213, 215, 214, 212, 147, 206, 198, 184, 170, 217, 216, 73, 219, 218, 221, 220, 21, 20, 146, 71, 112, 67, 223, 225, 224, 227, 229, 231, 230, 228, 226, 222, 77, 27, 233, 232, 234, 235, 236, 237, 238, 239, 70, 240, 241, 242, 243, 244, 245, 246, 247, 249, 248, 140, 250, 251, 121, 151, 254, 255, 256, 257, 258, 259, 261, 260, 263, 264, 265, 262, 266, 267, 200, 268, 269, 271, 270, 193]
  列生成求解结果: 目标值=10.0000， 下界=10.0000， 上界=11.0000
    非整数变量: COL_15-2-22-32-8_29 = 0.416667
  解不是整数，开始分支...
ImposedVertex(vertex=29)
ForbidVertex(vertex=29)
  创建了 2 个分支
    添加分支节点 1: ID=272
    添加分支节点 2: ID=273

处理节点 185
  开始列生成求解...
Set parameter LogToConsole to value 0
Set parameter Threads to value 1
Set parameter Seed to value 0
  定价策略: Exact, node=185, vertices=22
Set parameter PoolSearchMode to value 2
Set parameter PoolSolutions to value 10
[CG 1] RMP=2012.000000, pricing=ExactPricingSolver, new_columns=10
[CG 2] RMP=10.000000, pricing=ExactPricingSolver, new_columns=0
  搜索路径: [1, 2, 3, 4, 5, 6, 7, 8, 11, 13, 16, 10, 18, 17, 12, 19, 9, 28, 29, 31, 36, 37, 30, 40, 41, 46, 47, 50, 51, 33, 49, 56, 57, 59, 58, 62, 63, 34, 68, 32, 35, 74, 75, 45, 48, 44, 69, 80, 81, 84, 90, 91, 85, 89, 88, 94, 95, 96, 97, 54, 55, 108, 109, 25, 24, 61, 60, 116, 117, 92, 93, 43, 42, 118, 119, 65, 64, 124, 125, 126, 127, 130, 131, 134, 135, 23, 83, 82, 22, 136, 137, 138, 139, 133, 132, 52, 53, 123, 15, 129, 122, 148, 149, 99, 101, 154, 155, 156, 157, 98, 100, 86, 14, 87, 128, 102, 103, 162, 164, 165, 163, 115, 114, 39, 143, 144, 66, 105, 111, 169, 168, 153, 38, 113, 171, 173, 175, 177, 176, 179, 178, 181, 183, 182, 180, 174, 172, 194, 195, 189, 191, 196, 197, 145, 106, 192, 190, 104, 188, 199, 201, 203, 202, 205, 204, 210, 211, 207, 209, 208, 213, 215, 214, 212, 147, 206, 198, 184, 170, 217, 216, 73, 219, 218, 221, 220, 21, 20, 146, 71, 112, 67, 223, 225, 224, 227, 229, 231, 230, 228, 226, 222, 77, 27, 233, 232, 234, 235, 236, 237, 238, 239, 70, 240, 241, 242, 243, 244, 245, 246, 247, 249, 248, 140, 250, 251, 121, 151, 254, 255, 256, 257, 258, 259, 261, 260, 263, 264, 265, 262, 266, 267, 200, 268, 269, 271, 270, 193, 185]
  列生成求解结果: 目标值=10.0000， 下界=10.0000， 上界=11.0000
    非整数变量: COL_1-24-29-7-8_56 = 0.166667
  解不是整数，开始分支...
ImposedVertex(vertex=24)
ForbidVertex(vertex=24)
  创建了 2 个分支
    添加分支节点 1: ID=274
    添加分支节点 2: ID=275

处理节点 272
  开始列生成求解...
Set parameter LogToConsole to value 0
Set parameter Threads to value 1
Set parameter Seed to value 0
  定价策略: Exact, node=272, vertices=18
Set parameter PoolSearchMode to value 2
Set parameter PoolSolutions to value 10
[CG 1] RMP=2012.000000, pricing=ExactPricingSolver, new_columns=10
[CG 2] RMP=2012.000000, pricing=ExactPricingSolver, new_columns=10
[CG 3] RMP=12.000000, pricing=ExactPricingSolver, new_columns=10
[CG 4] RMP=12.000000, pricing=ExactPricingSolver, new_columns=0
  搜索路径: [1, 2, 3, 4, 5, 6, 7, 8, 11, 13, 16, 10, 18, 17, 12, 19, 9, 28, 29, 31, 36, 37, 30, 40, 41, 46, 47, 50, 51, 33, 49, 56, 57, 59, 58, 62, 63, 34, 68, 32, 35, 74, 75, 45, 48, 44, 69, 80, 81, 84, 90, 91, 85, 89, 88, 94, 95, 96, 97, 54, 55, 108, 109, 25, 24, 61, 60, 116, 117, 92, 93, 43, 42, 118, 119, 65, 64, 124, 125, 126, 127, 130, 131, 134, 135, 23, 83, 82, 22, 136, 137, 138, 139, 133, 132, 52, 53, 123, 15, 129, 122, 148, 149, 99, 101, 154, 155, 156, 157, 98, 100, 86, 14, 87, 128, 102, 103, 162, 164, 165, 163, 115, 114, 39, 143, 144, 66, 105, 111, 169, 168, 153, 38, 113, 171, 173, 175, 177, 176, 179, 178, 181, 183, 182, 180, 174, 172, 194, 195, 189, 191, 196, 197, 145, 106, 192, 190, 104, 188, 199, 201, 203, 202, 205, 204, 210, 211, 207, 209, 208, 213, 215, 214, 212, 147, 206, 198, 184, 170, 217, 216, 73, 219, 218, 221, 220, 21, 20, 146, 71, 112, 67, 223, 225, 224, 227, 229, 231, 230, 228, 226, 222, 77, 27, 233, 232, 234, 235, 236, 237, 238, 239, 70, 240, 241, 242, 243, 244, 245, 246, 247, 249, 248, 140, 250, 251, 121, 151, 254, 255, 256, 257, 258, 259, 261, 260, 263, 264, 265, 262, 266, 267, 200, 268, 269, 271, 270, 193, 185, 272]
  列生成求解结果: 目标值=12.0000， 下界=10.0000， 上界=11.0000

处理节点 273
  开始列生成求解...
Set parameter LogToConsole to value 0
Set parameter Threads to value 1
Set parameter Seed to value 0
  定价策略: Exact, node=273, vertices=20
Set parameter PoolSearchMode to value 2
Set parameter PoolSolutions to value 10
[CG 1] RMP=12.000000, pricing=ExactPricingSolver, new_columns=10
[CG 2] RMP=10.000000, pricing=ExactPricingSolver, new_columns=0
  搜索路径: [1, 2, 3, 4, 5, 6, 7, 8, 11, 13, 16, 10, 18, 17, 12, 19, 9, 28, 29, 31, 36, 37, 30, 40, 41, 46, 47, 50, 51, 33, 49, 56, 57, 59, 58, 62, 63, 34, 68, 32, 35, 74, 75, 45, 48, 44, 69, 80, 81, 84, 90, 91, 85, 89, 88, 94, 95, 96, 97, 54, 55, 108, 109, 25, 24, 61, 60, 116, 117, 92, 93, 43, 42, 118, 119, 65, 64, 124, 125, 126, 127, 130, 131, 134, 135, 23, 83, 82, 22, 136, 137, 138, 139, 133, 132, 52, 53, 123, 15, 129, 122, 148, 149, 99, 101, 154, 155, 156, 157, 98, 100, 86, 14, 87, 128, 102, 103, 162, 164, 165, 163, 115, 114, 39, 143, 144, 66, 105, 111, 169, 168, 153, 38, 113, 171, 173, 175, 177, 176, 179, 178, 181, 183, 182, 180, 174, 172, 194, 195, 189, 191, 196, 197, 145, 106, 192, 190, 104, 188, 199, 201, 203, 202, 205, 204, 210, 211, 207, 209, 208, 213, 215, 214, 212, 147, 206, 198, 184, 170, 217, 216, 73, 219, 218, 221, 220, 21, 20, 146, 71, 112, 67, 223, 225, 224, 227, 229, 231, 230, 228, 226, 222, 77, 27, 233, 232, 234, 235, 236, 237, 238, 239, 70, 240, 241, 242, 243, 244, 245, 246, 247, 249, 248, 140, 250, 251, 121, 151, 254, 255, 256, 257, 258, 259, 261, 260, 263, 264, 265, 262, 266, 267, 200, 268, 269, 271, 270, 193, 185, 272, 273]
  列生成求解结果: 目标值=10.0000， 下界=10.0000， 上界=11.0000
    非整数变量: COL_15-2-22-32-8_29 = 0.333333
  解不是整数，开始分支...
ImposedVertex(vertex=8)
ForbidVertex(vertex=8)
  创建了 2 个分支
    添加分支节点 1: ID=276
    添加分支节点 2: ID=277

处理节点 274
  开始列生成求解...
Set parameter LogToConsole to value 0
Set parameter Threads to value 1
Set parameter Seed to value 0
  定价策略: Exact, node=274, vertices=20
Set parameter PoolSearchMode to value 2
Set parameter PoolSolutions to value 10
[CG 1] RMP=2012.000000, pricing=ExactPricingSolver, new_columns=10
[CG 2] RMP=12.000000, pricing=ExactPricingSolver, new_columns=0
  搜索路径: [1, 2, 3, 4, 5, 6, 7, 8, 11, 13, 16, 10, 18, 17, 12, 19, 9, 28, 29, 31, 36, 37, 30, 40, 41, 46, 47, 50, 51, 33, 49, 56, 57, 59, 58, 62, 63, 34, 68, 32, 35, 74, 75, 45, 48, 44, 69, 80, 81, 84, 90, 91, 85, 89, 88, 94, 95, 96, 97, 54, 55, 108, 109, 25, 24, 61, 60, 116, 117, 92, 93, 43, 42, 118, 119, 65, 64, 124, 125, 126, 127, 130, 131, 134, 135, 23, 83, 82, 22, 136, 137, 138, 139, 133, 132, 52, 53, 123, 15, 129, 122, 148, 149, 99, 101, 154, 155, 156, 157, 98, 100, 86, 14, 87, 128, 102, 103, 162, 164, 165, 163, 115, 114, 39, 143, 144, 66, 105, 111, 169, 168, 153, 38, 113, 171, 173, 175, 177, 176, 179, 178, 181, 183, 182, 180, 174, 172, 194, 195, 189, 191, 196, 197, 145, 106, 192, 190, 104, 188, 199, 201, 203, 202, 205, 204, 210, 211, 207, 209, 208, 213, 215, 214, 212, 147, 206, 198, 184, 170, 217, 216, 73, 219, 218, 221, 220, 21, 20, 146, 71, 112, 67, 223, 225, 224, 227, 229, 231, 230, 228, 226, 222, 77, 27, 233, 232, 234, 235, 236, 237, 238, 239, 70, 240, 241, 242, 243, 244, 245, 246, 247, 249, 248, 140, 250, 251, 121, 151, 254, 255, 256, 257, 258, 259, 261, 260, 263, 264, 265, 262, 266, 267, 200, 268, 269, 271, 270, 193, 185, 272, 273, 274]
  列生成求解结果: 目标值=12.0000， 下界=10.0000， 上界=11.0000

处理节点 275
  开始列生成求解...
Set parameter LogToConsole to value 0
Set parameter Threads to value 1
Set parameter Seed to value 0
  定价策略: Exact, node=275, vertices=21
Set parameter PoolSearchMode to value 2
Set parameter PoolSolutions to value 10
[CG 1] RMP=12.000000, pricing=ExactPricingSolver, new_columns=10
[CG 2] RMP=10.909091, pricing=ExactPricingSolver, new_columns=10
[CG 3] RMP=10.000000, pricing=ExactPricingSolver, new_columns=0
  搜索路径: [1, 2, 3, 4, 5, 6, 7, 8, 11, 13, 16, 10, 18, 17, 12, 19, 9, 28, 29, 31, 36, 37, 30, 40, 41, 46, 47, 50, 51, 33, 49, 56, 57, 59, 58, 62, 63, 34, 68, 32, 35, 74, 75, 45, 48, 44, 69, 80, 81, 84, 90, 91, 85, 89, 88, 94, 95, 96, 97, 54, 55, 108, 109, 25, 24, 61, 60, 116, 117, 92, 93, 43, 42, 118, 119, 65, 64, 124, 125, 126, 127, 130, 131, 134, 135, 23, 83, 82, 22, 136, 137, 138, 139, 133, 132, 52, 53, 123, 15, 129, 122, 148, 149, 99, 101, 154, 155, 156, 157, 98, 100, 86, 14, 87, 128, 102, 103, 162, 164, 165, 163, 115, 114, 39, 143, 144, 66, 105, 111, 169, 168, 153, 38, 113, 171, 173, 175, 177, 176, 179, 178, 181, 183, 182, 180, 174, 172, 194, 195, 189, 191, 196, 197, 145, 106, 192, 190, 104, 188, 199, 201, 203, 202, 205, 204, 210, 211, 207, 209, 208, 213, 215, 214, 212, 147, 206, 198, 184, 170, 217, 216, 73, 219, 218, 221, 220, 21, 20, 146, 71, 112, 67, 223, 225, 224, 227, 229, 231, 230, 228, 226, 222, 77, 27, 233, 232, 234, 235, 236, 237, 238, 239, 70, 240, 241, 242, 243, 244, 245, 246, 247, 249, 248, 140, 250, 251, 121, 151, 254, 255, 256, 257, 258, 259, 261, 260, 263, 264, 265, 262, 266, 267, 200, 268, 269, 271, 270, 193, 185, 272, 273, 274, 275]
  列生成求解结果: 目标值=10.0000， 下界=10.0000， 上界=11.0000
    非整数变量: COL_16-19-21-25-27-31_355 = 0.166667
  解不是整数，开始分支...
ImposedVertex(vertex=19)
ForbidVertex(vertex=19)
  创建了 2 个分支
    添加分支节点 1: ID=278
    添加分支节点 2: ID=279

处理节点 276
  开始列生成求解...
Set parameter LogToConsole to value 0
Set parameter Threads to value 1
Set parameter Seed to value 0
  定价策略: Exact, node=276, vertices=17
Set parameter PoolSearchMode to value 2
Set parameter PoolSolutions to value 10
[CG 1] RMP=12.000000, pricing=ExactPricingSolver, new_columns=10
[CG 2] RMP=12.000000, pricing=ExactPricingSolver, new_columns=10
[CG 3] RMP=10.909091, pricing=ExactPricingSolver, new_columns=10
[CG 4] RMP=10.000000, pricing=ExactPricingSolver, new_columns=0
  搜索路径: [1, 2, 3, 4, 5, 6, 7, 8, 11, 13, 16, 10, 18, 17, 12, 19, 9, 28, 29, 31, 36, 37, 30, 40, 41, 46, 47, 50, 51, 33, 49, 56, 57, 59, 58, 62, 63, 34, 68, 32, 35, 74, 75, 45, 48, 44, 69, 80, 81, 84, 90, 91, 85, 89, 88, 94, 95, 96, 97, 54, 55, 108, 109, 25, 24, 61, 60, 116, 117, 92, 93, 43, 42, 118, 119, 65, 64, 124, 125, 126, 127, 130, 131, 134, 135, 23, 83, 82, 22, 136, 137, 138, 139, 133, 132, 52, 53, 123, 15, 129, 122, 148, 149, 99, 101, 154, 155, 156, 157, 98, 100, 86, 14, 87, 128, 102, 103, 162, 164, 165, 163, 115, 114, 39, 143, 144, 66, 105, 111, 169, 168, 153, 38, 113, 171, 173, 175, 177, 176, 179, 178, 181, 183, 182, 180, 174, 172, 194, 195, 189, 191, 196, 197, 145, 106, 192, 190, 104, 188, 199, 201, 203, 202, 205, 204, 210, 211, 207, 209, 208, 213, 215, 214, 212, 147, 206, 198, 184, 170, 217, 216, 73, 219, 218, 221, 220, 21, 20, 146, 71, 112, 67, 223, 225, 224, 227, 229, 231, 230, 228, 226, 222, 77, 27, 233, 232, 234, 235, 236, 237, 238, 239, 70, 240, 241, 242, 243, 244, 245, 246, 247, 249, 248, 140, 250, 251, 121, 151, 254, 255, 256, 257, 258, 259, 261, 260, 263, 264, 265, 262, 266, 267, 200, 268, 269, 271, 270, 193, 185, 272, 273, 274, 275, 276]
  列生成求解结果: 目标值=10.0000， 下界=10.0000， 上界=11.0000
    非整数变量: COL_15-2-22-32-8_29 = 0.416667
  解不是整数，开始分支...
ImposedVertex(vertex=15)
ForbidVertex(vertex=15)
  创建了 2 个分支
    添加分支节点 1: ID=280
    添加分支节点 2: ID=281

处理节点 277
  开始列生成求解...
Set parameter LogToConsole to value 0
Set parameter Threads to value 1
Set parameter Seed to value 0
  定价策略: Exact, node=277, vertices=19
Set parameter PoolSearchMode to value 2
Set parameter PoolSolutions to value 10
[CG 1] RMP=2012.000000, pricing=ExactPricingSolver, new_columns=10
[CG 2] RMP=12.000000, pricing=ExactPricingSolver, new_columns=10
[CG 3] RMP=10.000000, pricing=ExactPricingSolver, new_columns=0
  搜索路径: [1, 2, 3, 4, 5, 6, 7, 8, 11, 13, 16, 10, 18, 17, 12, 19, 9, 28, 29, 31, 36, 37, 30, 40, 41, 46, 47, 50, 51, 33, 49, 56, 57, 59, 58, 62, 63, 34, 68, 32, 35, 74, 75, 45, 48, 44, 69, 80, 81, 84, 90, 91, 85, 89, 88, 94, 95, 96, 97, 54, 55, 108, 109, 25, 24, 61, 60, 116, 117, 92, 93, 43, 42, 118, 119, 65, 64, 124, 125, 126, 127, 130, 131, 134, 135, 23, 83, 82, 22, 136, 137, 138, 139, 133, 132, 52, 53, 123, 15, 129, 122, 148, 149, 99, 101, 154, 155, 156, 157, 98, 100, 86, 14, 87, 128, 102, 103, 162, 164, 165, 163, 115, 114, 39, 143, 144, 66, 105, 111, 169, 168, 153, 38, 113, 171, 173, 175, 177, 176, 179, 178, 181, 183, 182, 180, 174, 172, 194, 195, 189, 191, 196, 197, 145, 106, 192, 190, 104, 188, 199, 201, 203, 202, 205, 204, 210, 211, 207, 209, 208, 213, 215, 214, 212, 147, 206, 198, 184, 170, 217, 216, 73, 219, 218, 221, 220, 21, 20, 146, 71, 112, 67, 223, 225, 224, 227, 229, 231, 230, 228, 226, 222, 77, 27, 233, 232, 234, 235, 236, 237, 238, 239, 70, 240, 241, 242, 243, 244, 245, 246, 247, 249, 248, 140, 250, 251, 121, 151, 254, 255, 256, 257, 258, 259, 261, 260, 263, 264, 265, 262, 266, 267, 200, 268, 269, 271, 270, 193, 185, 272, 273, 274, 275, 276, 277]
  列生成求解结果: 目标值=10.0000， 下界=10.0000， 上界=11.0000
    非整数变量: COL_14-2-20-9_309 = 0.166667
  解不是整数，开始分支...
ImposedVertex(vertex=9)
ForbidVertex(vertex=9)
  创建了 2 个分支
    添加分支节点 1: ID=282
    添加分支节点 2: ID=283

处理节点 278
  开始列生成求解...
Set parameter LogToConsole to value 0
Set parameter Threads to value 1
Set parameter Seed to value 0
  定价策略: Exact, node=278, vertices=20
Set parameter PoolSearchMode to value 2
Set parameter PoolSolutions to value 10
[CG 1] RMP=12.000000, pricing=ExactPricingSolver, new_columns=0
  搜索路径: [1, 2, 3, 4, 5, 6, 7, 8, 11, 13, 16, 10, 18, 17, 12, 19, 9, 28, 29, 31, 36, 37, 30, 40, 41, 46, 47, 50, 51, 33, 49, 56, 57, 59, 58, 62, 63, 34, 68, 32, 35, 74, 75, 45, 48, 44, 69, 80, 81, 84, 90, 91, 85, 89, 88, 94, 95, 96, 97, 54, 55, 108, 109, 25, 24, 61, 60, 116, 117, 92, 93, 43, 42, 118, 119, 65, 64, 124, 125, 126, 127, 130, 131, 134, 135, 23, 83, 82, 22, 136, 137, 138, 139, 133, 132, 52, 53, 123, 15, 129, 122, 148, 149, 99, 101, 154, 155, 156, 157, 98, 100, 86, 14, 87, 128, 102, 103, 162, 164, 165, 163, 115, 114, 39, 143, 144, 66, 105, 111, 169, 168, 153, 38, 113, 171, 173, 175, 177, 176, 179, 178, 181, 183, 182, 180, 174, 172, 194, 195, 189, 191, 196, 197, 145, 106, 192, 190, 104, 188, 199, 201, 203, 202, 205, 204, 210, 211, 207, 209, 208, 213, 215, 214, 212, 147, 206, 198, 184, 170, 217, 216, 73, 219, 218, 221, 220, 21, 20, 146, 71, 112, 67, 223, 225, 224, 227, 229, 231, 230, 228, 226, 222, 77, 27, 233, 232, 234, 235, 236, 237, 238, 239, 70, 240, 241, 242, 243, 244, 245, 246, 247, 249, 248, 140, 250, 251, 121, 151, 254, 255, 256, 257, 258, 259, 261, 260, 263, 264, 265, 262, 266, 267, 200, 268, 269, 271, 270, 193, 185, 272, 273, 274, 275, 276, 277, 278]
  列生成求解结果: 目标值=12.0000， 下界=10.0000， 上界=11.0000

处理节点 279
  开始列生成求解...
Set parameter LogToConsole to value 0
Set parameter Threads to value 1
Set parameter Seed to value 0
  定价策略: Exact, node=279, vertices=20
Set parameter PoolSearchMode to value 2
Set parameter PoolSolutions to value 10
[CG 1] RMP=16.000000, pricing=ExactPricingSolver, new_columns=10
[CG 2] RMP=16.000000, pricing=ExactPricingSolver, new_columns=10
[CG 3] RMP=12.000000, pricing=ExactPricingSolver, new_columns=10
[CG 4] RMP=11.000000, pricing=ExactPricingSolver, new_columns=0
  搜索路径: [1, 2, 3, 4, 5, 6, 7, 8, 11, 13, 16, 10, 18, 17, 12, 19, 9, 28, 29, 31, 36, 37, 30, 40, 41, 46, 47, 50, 51, 33, 49, 56, 57, 59, 58, 62, 63, 34, 68, 32, 35, 74, 75, 45, 48, 44, 69, 80, 81, 84, 90, 91, 85, 89, 88, 94, 95, 96, 97, 54, 55, 108, 109, 25, 24, 61, 60, 116, 117, 92, 93, 43, 42, 118, 119, 65, 64, 124, 125, 126, 127, 130, 131, 134, 135, 23, 83, 82, 22, 136, 137, 138, 139, 133, 132, 52, 53, 123, 15, 129, 122, 148, 149, 99, 101, 154, 155, 156, 157, 98, 100, 86, 14, 87, 128, 102, 103, 162, 164, 165, 163, 115, 114, 39, 143, 144, 66, 105, 111, 169, 168, 153, 38, 113, 171, 173, 175, 177, 176, 179, 178, 181, 183, 182, 180, 174, 172, 194, 195, 189, 191, 196, 197, 145, 106, 192, 190, 104, 188, 199, 201, 203, 202, 205, 204, 210, 211, 207, 209, 208, 213, 215, 214, 212, 147, 206, 198, 184, 170, 217, 216, 73, 219, 218, 221, 220, 21, 20, 146, 71, 112, 67, 223, 225, 224, 227, 229, 231, 230, 228, 226, 222, 77, 27, 233, 232, 234, 235, 236, 237, 238, 239, 70, 240, 241, 242, 243, 244, 245, 246, 247, 249, 248, 140, 250, 251, 121, 151, 254, 255, 256, 257, 258, 259, 261, 260, 263, 264, 265, 262, 266, 267, 200, 268, 269, 271, 270, 193, 185, 272, 273, 274, 275, 276, 277, 278, 279]
  列生成求解结果: 目标值=11.0000， 下界=10.0000， 上界=11.0000

处理节点 283
  开始列生成求解...
Set parameter LogToConsole to value 0
Set parameter Threads to value 1
Set parameter Seed to value 0
  定价策略: Exact, node=283, vertices=18
Set parameter PoolSearchMode to value 2
Set parameter PoolSolutions to value 10
[CG 1] RMP=12.000000, pricing=ExactPricingSolver, new_columns=10
[CG 2] RMP=10.000000, pricing=ExactPricingSolver, new_columns=0
  搜索路径: [1, 2, 3, 4, 5, 6, 7, 8, 11, 13, 16, 10, 18, 17, 12, 19, 9, 28, 29, 31, 36, 37, 30, 40, 41, 46, 47, 50, 51, 33, 49, 56, 57, 59, 58, 62, 63, 34, 68, 32, 35, 74, 75, 45, 48, 44, 69, 80, 81, 84, 90, 91, 85, 89, 88, 94, 95, 96, 97, 54, 55, 108, 109, 25, 24, 61, 60, 116, 117, 92, 93, 43, 42, 118, 119, 65, 64, 124, 125, 126, 127, 130, 131, 134, 135, 23, 83, 82, 22, 136, 137, 138, 139, 133, 132, 52, 53, 123, 15, 129, 122, 148, 149, 99, 101, 154, 155, 156, 157, 98, 100, 86, 14, 87, 128, 102, 103, 162, 164, 165, 163, 115, 114, 39, 143, 144, 66, 105, 111, 169, 168, 153, 38, 113, 171, 173, 175, 177, 176, 179, 178, 181, 183, 182, 180, 174, 172, 194, 195, 189, 191, 196, 197, 145, 106, 192, 190, 104, 188, 199, 201, 203, 202, 205, 204, 210, 211, 207, 209, 208, 213, 215, 214, 212, 147, 206, 198, 184, 170, 217, 216, 73, 219, 218, 221, 220, 21, 20, 146, 71, 112, 67, 223, 225, 224, 227, 229, 231, 230, 228, 226, 222, 77, 27, 233, 232, 234, 235, 236, 237, 238, 239, 70, 240, 241, 242, 243, 244, 245, 246, 247, 249, 248, 140, 250, 251, 121, 151, 254, 255, 256, 257, 258, 259, 261, 260, 263, 264, 265, 262, 266, 267, 200, 268, 269, 271, 270, 193, 185, 272, 273, 274, 275, 276, 277, 278, 279, 283]
  列生成求解结果: 目标值=10.0000， 下界=10.0000， 上界=11.0000
    非整数变量: COL_16-19-21-25-27-31_355 = 0.333333
  解不是整数，开始分支...
ImposedVertex(vertex=27)
ForbidVertex(vertex=27)
  创建了 2 个分支
    添加分支节点 1: ID=284
    添加分支节点 2: ID=285

处理节点 280
  开始列生成求解...
Set parameter LogToConsole to value 0
Set parameter Threads to value 1
Set parameter Seed to value 0
  定价策略: Exact, node=280, vertices=16
Set parameter PoolSearchMode to value 2
Set parameter PoolSolutions to value 10
[CG 1] RMP=12.000000, pricing=ExactPricingSolver, new_columns=0
  搜索路径: [1, 2, 3, 4, 5, 6, 7, 8, 11, 13, 16, 10, 18, 17, 12, 19, 9, 28, 29, 31, 36, 37, 30, 40, 41, 46, 47, 50, 51, 33, 49, 56, 57, 59, 58, 62, 63, 34, 68, 32, 35, 74, 75, 45, 48, 44, 69, 80, 81, 84, 90, 91, 85, 89, 88, 94, 95, 96, 97, 54, 55, 108, 109, 25, 24, 61, 60, 116, 117, 92, 93, 43, 42, 118, 119, 65, 64, 124, 125, 126, 127, 130, 131, 134, 135, 23, 83, 82, 22, 136, 137, 138, 139, 133, 132, 52, 53, 123, 15, 129, 122, 148, 149, 99, 101, 154, 155, 156, 157, 98, 100, 86, 14, 87, 128, 102, 103, 162, 164, 165, 163, 115, 114, 39, 143, 144, 66, 105, 111, 169, 168, 153, 38, 113, 171, 173, 175, 177, 176, 179, 178, 181, 183, 182, 180, 174, 172, 194, 195, 189, 191, 196, 197, 145, 106, 192, 190, 104, 188, 199, 201, 203, 202, 205, 204, 210, 211, 207, 209, 208, 213, 215, 214, 212, 147, 206, 198, 184, 170, 217, 216, 73, 219, 218, 221, 220, 21, 20, 146, 71, 112, 67, 223, 225, 224, 227, 229, 231, 230, 228, 226, 222, 77, 27, 233, 232, 234, 235, 236, 237, 238, 239, 70, 240, 241, 242, 243, 244, 245, 246, 247, 249, 248, 140, 250, 251, 121, 151, 254, 255, 256, 257, 258, 259, 261, 260, 263, 264, 265, 262, 266, 267, 200, 268, 269, 271, 270, 193, 185, 272, 273, 274, 275, 276, 277, 278, 279, 283, 280]
  列生成求解结果: 目标值=12.0000， 下界=10.0000， 上界=11.0000

处理节点 281
  开始列生成求解...
Set parameter LogToConsole to value 0
Set parameter Threads to value 1
Set parameter Seed to value 0
  定价策略: Exact, node=281, vertices=16
Set parameter PoolSearchMode to value 2
Set parameter PoolSolutions to value 10
[CG 1] RMP=2012.000000, pricing=ExactPricingSolver, new_columns=10
[CG 2] RMP=10.000000, pricing=ExactPricingSolver, new_columns=0
  搜索路径: [1, 2, 3, 4, 5, 6, 7, 8, 11, 13, 16, 10, 18, 17, 12, 19, 9, 28, 29, 31, 36, 37, 30, 40, 41, 46, 47, 50, 51, 33, 49, 56, 57, 59, 58, 62, 63, 34, 68, 32, 35, 74, 75, 45, 48, 44, 69, 80, 81, 84, 90, 91, 85, 89, 88, 94, 95, 96, 97, 54, 55, 108, 109, 25, 24, 61, 60, 116, 117, 92, 93, 43, 42, 118, 119, 65, 64, 124, 125, 126, 127, 130, 131, 134, 135, 23, 83, 82, 22, 136, 137, 138, 139, 133, 132, 52, 53, 123, 15, 129, 122, 148, 149, 99, 101, 154, 155, 156, 157, 98, 100, 86, 14, 87, 128, 102, 103, 162, 164, 165, 163, 115, 114, 39, 143, 144, 66, 105, 111, 169, 168, 153, 38, 113, 171, 173, 175, 177, 176, 179, 178, 181, 183, 182, 180, 174, 172, 194, 195, 189, 191, 196, 197, 145, 106, 192, 190, 104, 188, 199, 201, 203, 202, 205, 204, 210, 211, 207, 209, 208, 213, 215, 214, 212, 147, 206, 198, 184, 170, 217, 216, 73, 219, 218, 221, 220, 21, 20, 146, 71, 112, 67, 223, 225, 224, 227, 229, 231, 230, 228, 226, 222, 77, 27, 233, 232, 234, 235, 236, 237, 238, 239, 70, 240, 241, 242, 243, 244, 245, 246, 247, 249, 248, 140, 250, 251, 121, 151, 254, 255, 256, 257, 258, 259, 261, 260, 263, 264, 265, 262, 266, 267, 200, 268, 269, 271, 270, 193, 185, 272, 273, 274, 275, 276, 277, 278, 279, 283, 280, 281]
  列生成求解结果: 目标值=10.0000， 下界=10.0000， 上界=11.0000
    非整数变量: COL_14-2-20-28-32_2833 = 0.166667
  解不是整数，开始分支...
ImposedVertex(vertex=20)
ForbidVertex(vertex=20)
  创建了 2 个分支
    添加分支节点 1: ID=286
    添加分支节点 2: ID=287
  进度: 已处理 260 个节点, 剩余 27 个, 当前最优 11.0000, 当前列数: 2912

处理节点 282
  开始列生成求解...
Set parameter LogToConsole to value 0
Set parameter Threads to value 1
Set parameter Seed to value 0
  定价策略: Exact, node=282, vertices=17
Set parameter PoolSearchMode to value 2
Set parameter PoolSolutions to value 10
[CG 1] RMP=2012.000000, pricing=ExactPricingSolver, new_columns=10
[CG 2] RMP=12.000000, pricing=ExactPricingSolver, new_columns=10
[CG 3] RMP=10.000000, pricing=ExactPricingSolver, new_columns=0
  搜索路径: [1, 2, 3, 4, 5, 6, 7, 8, 11, 13, 16, 10, 18, 17, 12, 19, 9, 28, 29, 31, 36, 37, 30, 40, 41, 46, 47, 50, 51, 33, 49, 56, 57, 59, 58, 62, 63, 34, 68, 32, 35, 74, 75, 45, 48, 44, 69, 80, 81, 84, 90, 91, 85, 89, 88, 94, 95, 96, 97, 54, 55, 108, 109, 25, 24, 61, 60, 116, 117, 92, 93, 43, 42, 118, 119, 65, 64, 124, 125, 126, 127, 130, 131, 134, 135, 23, 83, 82, 22, 136, 137, 138, 139, 133, 132, 52, 53, 123, 15, 129, 122, 148, 149, 99, 101, 154, 155, 156, 157, 98, 100, 86, 14, 87, 128, 102, 103, 162, 164, 165, 163, 115, 114, 39, 143, 144, 66, 105, 111, 169, 168, 153, 38, 113, 171, 173, 175, 177, 176, 179, 178, 181, 183, 182, 180, 174, 172, 194, 195, 189, 191, 196, 197, 145, 106, 192, 190, 104, 188, 199, 201, 203, 202, 205, 204, 210, 211, 207, 209, 208, 213, 215, 214, 212, 147, 206, 198, 184, 170, 217, 216, 73, 219, 218, 221, 220, 21, 20, 146, 71, 112, 67, 223, 225, 224, 227, 229, 231, 230, 228, 226, 222, 77, 27, 233, 232, 234, 235, 236, 237, 238, 239, 70, 240, 241, 242, 243, 244, 245, 246, 247, 249, 248, 140, 250, 251, 121, 151, 254, 255, 256, 257, 258, 259, 261, 260, 263, 264, 265, 262, 266, 267, 200, 268, 269, 271, 270, 193, 185, 272, 273, 274, 275, 276, 277, 278, 279, 283, 280, 281, 282]
  列生成求解结果: 目标值=10.0000， 下界=10.0000， 上界=11.0000
    非整数变量: COL_2-20-25-28-5_1575 = 0.500000
  解不是整数，开始分支...
ImposedVertex(vertex=20)
ForbidVertex(vertex=20)
  创建了 2 个分支
    添加分支节点 1: ID=288
    添加分支节点 2: ID=289

处理节点 284
  开始列生成求解...
Set parameter LogToConsole to value 0
Set parameter Threads to value 1
Set parameter Seed to value 0
  定价策略: Exact, node=284, vertices=16
Set parameter PoolSearchMode to value 2
Set parameter PoolSolutions to value 10
[CG 1] RMP=2012.000000, pricing=ExactPricingSolver, new_columns=10
[CG 2] RMP=12.000000, pricing=ExactPricingSolver, new_columns=0
  搜索路径: [1, 2, 3, 4, 5, 6, 7, 8, 11, 13, 16, 10, 18, 17, 12, 19, 9, 28, 29, 31, 36, 37, 30, 40, 41, 46, 47, 50, 51, 33, 49, 56, 57, 59, 58, 62, 63, 34, 68, 32, 35, 74, 75, 45, 48, 44, 69, 80, 81, 84, 90, 91, 85, 89, 88, 94, 95, 96, 97, 54, 55, 108, 109, 25, 24, 61, 60, 116, 117, 92, 93, 43, 42, 118, 119, 65, 64, 124, 125, 126, 127, 130, 131, 134, 135, 23, 83, 82, 22, 136, 137, 138, 139, 133, 132, 52, 53, 123, 15, 129, 122, 148, 149, 99, 101, 154, 155, 156, 157, 98, 100, 86, 14, 87, 128, 102, 103, 162, 164, 165, 163, 115, 114, 39, 143, 144, 66, 105, 111, 169, 168, 153, 38, 113, 171, 173, 175, 177, 176, 179, 178, 181, 183, 182, 180, 174, 172, 194, 195, 189, 191, 196, 197, 145, 106, 192, 190, 104, 188, 199, 201, 203, 202, 205, 204, 210, 211, 207, 209, 208, 213, 215, 214, 212, 147, 206, 198, 184, 170, 217, 216, 73, 219, 218, 221, 220, 21, 20, 146, 71, 112, 67, 223, 225, 224, 227, 229, 231, 230, 228, 226, 222, 77, 27, 233, 232, 234, 235, 236, 237, 238, 239, 70, 240, 241, 242, 243, 244, 245, 246, 247, 249, 248, 140, 250, 251, 121, 151, 254, 255, 256, 257, 258, 259, 261, 260, 263, 264, 265, 262, 266, 267, 200, 268, 269, 271, 270, 193, 185, 272, 273, 274, 275, 276, 277, 278, 279, 283, 280, 281, 282, 284]
  列生成求解结果: 目标值=12.0000， 下界=10.0000， 上界=11.0000

处理节点 285
  开始列生成求解...
Set parameter LogToConsole to value 0
Set parameter Threads to value 1
Set parameter Seed to value 0
  定价策略: Exact, node=285, vertices=17
Set parameter PoolSearchMode to value 2
Set parameter PoolSolutions to value 10
[CG 1] RMP=12.000000, pricing=ExactPricingSolver, new_columns=10
[CG 2] RMP=10.000000, pricing=ExactPricingSolver, new_columns=0
  搜索路径: [1, 2, 3, 4, 5, 6, 7, 8, 11, 13, 16, 10, 18, 17, 12, 19, 9, 28, 29, 31, 36, 37, 30, 40, 41, 46, 47, 50, 51, 33, 49, 56, 57, 59, 58, 62, 63, 34, 68, 32, 35, 74, 75, 45, 48, 44, 69, 80, 81, 84, 90, 91, 85, 89, 88, 94, 95, 96, 97, 54, 55, 108, 109, 25, 24, 61, 60, 116, 117, 92, 93, 43, 42, 118, 119, 65, 64, 124, 125, 126, 127, 130, 131, 134, 135, 23, 83, 82, 22, 136, 137, 138, 139, 133, 132, 52, 53, 123, 15, 129, 122, 148, 149, 99, 101, 154, 155, 156, 157, 98, 100, 86, 14, 87, 128, 102, 103, 162, 164, 165, 163, 115, 114, 39, 143, 144, 66, 105, 111, 169, 168, 153, 38, 113, 171, 173, 175, 177, 176, 179, 178, 181, 183, 182, 180, 174, 172, 194, 195, 189, 191, 196, 197, 145, 106, 192, 190, 104, 188, 199, 201, 203, 202, 205, 204, 210, 211, 207, 209, 208, 213, 215, 214, 212, 147, 206, 198, 184, 170, 217, 216, 73, 219, 218, 221, 220, 21, 20, 146, 71, 112, 67, 223, 225, 224, 227, 229, 231, 230, 228, 226, 222, 77, 27, 233, 232, 234, 235, 236, 237, 238, 239, 70, 240, 241, 242, 243, 244, 245, 246, 247, 249, 248, 140, 250, 251, 121, 151, 254, 255, 256, 257, 258, 259, 261, 260, 263, 264, 265, 262, 266, 267, 200, 268, 269, 271, 270, 193, 185, 272, 273, 274, 275, 276, 277, 278, 279, 283, 280, 281, 282, 284, 285]
  列生成求解结果: 目标值=10.0000， 下界=10.0000， 上界=11.0000
    非整数变量: COL_2-20-21-25-5_1576 = 0.333333
  解不是整数，开始分支...
ImposedVertex(vertex=20)
ForbidVertex(vertex=20)
  创建了 2 个分支
    添加分支节点 1: ID=290
    添加分支节点 2: ID=291

处理节点 286
  开始列生成求解...
Set parameter LogToConsole to value 0
Set parameter Threads to value 1
Set parameter Seed to value 0
  定价策略: Exact, node=286, vertices=15
Set parameter PoolSearchMode to value 2
Set parameter PoolSolutions to value 10
[CG 1] RMP=11.000000, pricing=ExactPricingSolver, new_columns=0
  搜索路径: [1, 2, 3, 4, 5, 6, 7, 8, 11, 13, 16, 10, 18, 17, 12, 19, 9, 28, 29, 31, 36, 37, 30, 40, 41, 46, 47, 50, 51, 33, 49, 56, 57, 59, 58, 62, 63, 34, 68, 32, 35, 74, 75, 45, 48, 44, 69, 80, 81, 84, 90, 91, 85, 89, 88, 94, 95, 96, 97, 54, 55, 108, 109, 25, 24, 61, 60, 116, 117, 92, 93, 43, 42, 118, 119, 65, 64, 124, 125, 126, 127, 130, 131, 134, 135, 23, 83, 82, 22, 136, 137, 138, 139, 133, 132, 52, 53, 123, 15, 129, 122, 148, 149, 99, 101, 154, 155, 156, 157, 98, 100, 86, 14, 87, 128, 102, 103, 162, 164, 165, 163, 115, 114, 39, 143, 144, 66, 105, 111, 169, 168, 153, 38, 113, 171, 173, 175, 177, 176, 179, 178, 181, 183, 182, 180, 174, 172, 194, 195, 189, 191, 196, 197, 145, 106, 192, 190, 104, 188, 199, 201, 203, 202, 205, 204, 210, 211, 207, 209, 208, 213, 215, 214, 212, 147, 206, 198, 184, 170, 217, 216, 73, 219, 218, 221, 220, 21, 20, 146, 71, 112, 67, 223, 225, 224, 227, 229, 231, 230, 228, 226, 222, 77, 27, 233, 232, 234, 235, 236, 237, 238, 239, 70, 240, 241, 242, 243, 244, 245, 246, 247, 249, 248, 140, 250, 251, 121, 151, 254, 255, 256, 257, 258, 259, 261, 260, 263, 264, 265, 262, 266, 267, 200, 268, 269, 271, 270, 193, 185, 272, 273, 274, 275, 276, 277, 278, 279, 283, 280, 281, 282, 284, 285, 286]
  列生成求解结果: 目标值=11.0000， 下界=10.0000， 上界=11.0000

处理节点 287
  开始列生成求解...
Set parameter LogToConsole to value 0
Set parameter Threads to value 1
Set parameter Seed to value 0
  定价策略: Exact, node=287, vertices=15
Set parameter PoolSearchMode to value 2
Set parameter PoolSolutions to value 10
[CG 1] RMP=12.000000, pricing=ExactPricingSolver, new_columns=0
  搜索路径: [1, 2, 3, 4, 5, 6, 7, 8, 11, 13, 16, 10, 18, 17, 12, 19, 9, 28, 29, 31, 36, 37, 30, 40, 41, 46, 47, 50, 51, 33, 49, 56, 57, 59, 58, 62, 63, 34, 68, 32, 35, 74, 75, 45, 48, 44, 69, 80, 81, 84, 90, 91, 85, 89, 88, 94, 95, 96, 97, 54, 55, 108, 109, 25, 24, 61, 60, 116, 117, 92, 93, 43, 42, 118, 119, 65, 64, 124, 125, 126, 127, 130, 131, 134, 135, 23, 83, 82, 22, 136, 137, 138, 139, 133, 132, 52, 53, 123, 15, 129, 122, 148, 149, 99, 101, 154, 155, 156, 157, 98, 100, 86, 14, 87, 128, 102, 103, 162, 164, 165, 163, 115, 114, 39, 143, 144, 66, 105, 111, 169, 168, 153, 38, 113, 171, 173, 175, 177, 176, 179, 178, 181, 183, 182, 180, 174, 172, 194, 195, 189, 191, 196, 197, 145, 106, 192, 190, 104, 188, 199, 201, 203, 202, 205, 204, 210, 211, 207, 209, 208, 213, 215, 214, 212, 147, 206, 198, 184, 170, 217, 216, 73, 219, 218, 221, 220, 21, 20, 146, 71, 112, 67, 223, 225, 224, 227, 229, 231, 230, 228, 226, 222, 77, 27, 233, 232, 234, 235, 236, 237, 238, 239, 70, 240, 241, 242, 243, 244, 245, 246, 247, 249, 248, 140, 250, 251, 121, 151, 254, 255, 256, 257, 258, 259, 261, 260, 263, 264, 265, 262, 266, 267, 200, 268, 269, 271, 270, 193, 185, 272, 273, 274, 275, 276, 277, 278, 279, 283, 280, 281, 282, 284, 285, 286, 287]
  列生成求解结果: 目标值=12.0000， 下界=10.0000， 上界=11.0000

处理节点 291
  开始列生成求解...
Set parameter LogToConsole to value 0
Set parameter Threads to value 1
Set parameter Seed to value 0
  定价策略: Exact, node=291, vertices=16
Set parameter PoolSearchMode to value 2
Set parameter PoolSolutions to value 10
[CG 1] RMP=12.000000, pricing=ExactPricingSolver, new_columns=0
  搜索路径: [1, 2, 3, 4, 5, 6, 7, 8, 11, 13, 16, 10, 18, 17, 12, 19, 9, 28, 29, 31, 36, 37, 30, 40, 41, 46, 47, 50, 51, 33, 49, 56, 57, 59, 58, 62, 63, 34, 68, 32, 35, 74, 75, 45, 48, 44, 69, 80, 81, 84, 90, 91, 85, 89, 88, 94, 95, 96, 97, 54, 55, 108, 109, 25, 24, 61, 60, 116, 117, 92, 93, 43, 42, 118, 119, 65, 64, 124, 125, 126, 127, 130, 131, 134, 135, 23, 83, 82, 22, 136, 137, 138, 139, 133, 132, 52, 53, 123, 15, 129, 122, 148, 149, 99, 101, 154, 155, 156, 157, 98, 100, 86, 14, 87, 128, 102, 103, 162, 164, 165, 163, 115, 114, 39, 143, 144, 66, 105, 111, 169, 168, 153, 38, 113, 171, 173, 175, 177, 176, 179, 178, 181, 183, 182, 180, 174, 172, 194, 195, 189, 191, 196, 197, 145, 106, 192, 190, 104, 188, 199, 201, 203, 202, 205, 204, 210, 211, 207, 209, 208, 213, 215, 214, 212, 147, 206, 198, 184, 170, 217, 216, 73, 219, 218, 221, 220, 21, 20, 146, 71, 112, 67, 223, 225, 224, 227, 229, 231, 230, 228, 226, 222, 77, 27, 233, 232, 234, 235, 236, 237, 238, 239, 70, 240, 241, 242, 243, 244, 245, 246, 247, 249, 248, 140, 250, 251, 121, 151, 254, 255, 256, 257, 258, 259, 261, 260, 263, 264, 265, 262, 266, 267, 200, 268, 269, 271, 270, 193, 185, 272, 273, 274, 275, 276, 277, 278, 279, 283, 280, 281, 282, 284, 285, 286, 287, 291]
  列生成求解结果: 目标值=12.0000， 下界=10.0000， 上界=11.0000

处理节点 290
  开始列生成求解...
Set parameter LogToConsole to value 0
Set parameter Threads to value 1
Set parameter Seed to value 0
  定价策略: Exact, node=290, vertices=16
Set parameter PoolSearchMode to value 2
Set parameter PoolSolutions to value 10
[CG 1] RMP=2012.000000, pricing=ExactPricingSolver, new_columns=10
[CG 2] RMP=11.000000, pricing=ExactPricingSolver, new_columns=0
  搜索路径: [1, 2, 3, 4, 5, 6, 7, 8, 11, 13, 16, 10, 18, 17, 12, 19, 9, 28, 29, 31, 36, 37, 30, 40, 41, 46, 47, 50, 51, 33, 49, 56, 57, 59, 58, 62, 63, 34, 68, 32, 35, 74, 75, 45, 48, 44, 69, 80, 81, 84, 90, 91, 85, 89, 88, 94, 95, 96, 97, 54, 55, 108, 109, 25, 24, 61, 60, 116, 117, 92, 93, 43, 42, 118, 119, 65, 64, 124, 125, 126, 127, 130, 131, 134, 135, 23, 83, 82, 22, 136, 137, 138, 139, 133, 132, 52, 53, 123, 15, 129, 122, 148, 149, 99, 101, 154, 155, 156, 157, 98, 100, 86, 14, 87, 128, 102, 103, 162, 164, 165, 163, 115, 114, 39, 143, 144, 66, 105, 111, 169, 168, 153, 38, 113, 171, 173, 175, 177, 176, 179, 178, 181, 183, 182, 180, 174, 172, 194, 195, 189, 191, 196, 197, 145, 106, 192, 190, 104, 188, 199, 201, 203, 202, 205, 204, 210, 211, 207, 209, 208, 213, 215, 214, 212, 147, 206, 198, 184, 170, 217, 216, 73, 219, 218, 221, 220, 21, 20, 146, 71, 112, 67, 223, 225, 224, 227, 229, 231, 230, 228, 226, 222, 77, 27, 233, 232, 234, 235, 236, 237, 238, 239, 70, 240, 241, 242, 243, 244, 245, 246, 247, 249, 248, 140, 250, 251, 121, 151, 254, 255, 256, 257, 258, 259, 261, 260, 263, 264, 265, 262, 266, 267, 200, 268, 269, 271, 270, 193, 185, 272, 273, 274, 275, 276, 277, 278, 279, 283, 280, 281, 282, 284, 285, 286, 287, 291, 290]
  列生成求解结果: 目标值=11.0000， 下界=10.0000， 上界=11.0000

处理节点 142
  开始列生成求解...
Set parameter LogToConsole to value 0
Set parameter Threads to value 1
Set parameter Seed to value 0
  定价策略: Exact, node=142, vertices=16
Set parameter PoolSearchMode to value 2
Set parameter PoolSolutions to value 10
[CG 1] RMP=2012.000000, pricing=ExactPricingSolver, new_columns=10
[CG 2] RMP=2012.000000, pricing=ExactPricingSolver, new_columns=10
[CG 3] RMP=20.000000, pricing=ExactPricingSolver, new_columns=10
[CG 4] RMP=12.000000, pricing=ExactPricingSolver, new_columns=0
  搜索路径: [1, 2, 3, 4, 5, 6, 7, 8, 11, 13, 16, 10, 18, 17, 12, 19, 9, 28, 29, 31, 36, 37, 30, 40, 41, 46, 47, 50, 51, 33, 49, 56, 57, 59, 58, 62, 63, 34, 68, 32, 35, 74, 75, 45, 48, 44, 69, 80, 81, 84, 90, 91, 85, 89, 88, 94, 95, 96, 97, 54, 55, 108, 109, 25, 24, 61, 60, 116, 117, 92, 93, 43, 42, 118, 119, 65, 64, 124, 125, 126, 127, 130, 131, 134, 135, 23, 83, 82, 22, 136, 137, 138, 139, 133, 132, 52, 53, 123, 15, 129, 122, 148, 149, 99, 101, 154, 155, 156, 157, 98, 100, 86, 14, 87, 128, 102, 103, 162, 164, 165, 163, 115, 114, 39, 143, 144, 66, 105, 111, 169, 168, 153, 38, 113, 171, 173, 175, 177, 176, 179, 178, 181, 183, 182, 180, 174, 172, 194, 195, 189, 191, 196, 197, 145, 106, 192, 190, 104, 188, 199, 201, 203, 202, 205, 204, 210, 211, 207, 209, 208, 213, 215, 214, 212, 147, 206, 198, 184, 170, 217, 216, 73, 219, 218, 221, 220, 21, 20, 146, 71, 112, 67, 223, 225, 224, 227, 229, 231, 230, 228, 226, 222, 77, 27, 233, 232, 234, 235, 236, 237, 238, 239, 70, 240, 241, 242, 243, 244, 245, 246, 247, 249, 248, 140, 250, 251, 121, 151, 254, 255, 256, 257, 258, 259, 261, 260, 263, 264, 265, 262, 266, 267, 200, 268, 269, 271, 270, 193, 185, 272, 273, 274, 275, 276, 277, 278, 279, 283, 280, 281, 282, 284, 285, 286, 287, 291, 290, 142]
  列生成求解结果: 目标值=12.0000， 下界=10.0000， 上界=11.0000

处理节点 120
  开始列生成求解...
Set parameter LogToConsole to value 0
Set parameter Threads to value 1
Set parameter Seed to value 0
  定价策略: Exact, node=120, vertices=23
Set parameter PoolSearchMode to value 2
Set parameter PoolSolutions to value 10
[CG 1] RMP=12.000000, pricing=ExactPricingSolver, new_columns=10
[CG 2] RMP=10.000000, pricing=ExactPricingSolver, new_columns=0
  搜索路径: [1, 2, 3, 4, 5, 6, 7, 8, 11, 13, 16, 10, 18, 17, 12, 19, 9, 28, 29, 31, 36, 37, 30, 40, 41, 46, 47, 50, 51, 33, 49, 56, 57, 59, 58, 62, 63, 34, 68, 32, 35, 74, 75, 45, 48, 44, 69, 80, 81, 84, 90, 91, 85, 89, 88, 94, 95, 96, 97, 54, 55, 108, 109, 25, 24, 61, 60, 116, 117, 92, 93, 43, 42, 118, 119, 65, 64, 124, 125, 126, 127, 130, 131, 134, 135, 23, 83, 82, 22, 136, 137, 138, 139, 133, 132, 52, 53, 123, 15, 129, 122, 148, 149, 99, 101, 154, 155, 156, 157, 98, 100, 86, 14, 87, 128, 102, 103, 162, 164, 165, 163, 115, 114, 39, 143, 144, 66, 105, 111, 169, 168, 153, 38, 113, 171, 173, 175, 177, 176, 179, 178, 181, 183, 182, 180, 174, 172, 194, 195, 189, 191, 196, 197, 145, 106, 192, 190, 104, 188, 199, 201, 203, 202, 205, 204, 210, 211, 207, 209, 208, 213, 215, 214, 212, 147, 206, 198, 184, 170, 217, 216, 73, 219, 218, 221, 220, 21, 20, 146, 71, 112, 67, 223, 225, 224, 227, 229, 231, 230, 228, 226, 222, 77, 27, 233, 232, 234, 235, 236, 237, 238, 239, 70, 240, 241, 242, 243, 244, 245, 246, 247, 249, 248, 140, 250, 251, 121, 151, 254, 255, 256, 257, 258, 259, 261, 260, 263, 264, 265, 262, 266, 267, 200, 268, 269, 271, 270, 193, 185, 272, 273, 274, 275, 276, 277, 278, 279, 283, 280, 281, 282, 284, 285, 286, 287, 291, 290, 142, 120]
  列生成求解结果: 目标值=10.0000， 下界=10.0000， 上界=11.0000
    非整数变量: COL_12-16-19-23-28-5_17 = 0.416667
  解不是整数，开始分支...
ImposedVertex(vertex=28)
ForbidVertex(vertex=28)
  创建了 2 个分支
    添加分支节点 1: ID=292
    添加分支节点 2: ID=293

处理节点 110
  开始列生成求解...
Set parameter LogToConsole to value 0
Set parameter Threads to value 1
Set parameter Seed to value 0
  定价策略: Exact, node=110, vertices=19
Set parameter PoolSearchMode to value 2
Set parameter PoolSolutions to value 10
[CG 1] RMP=2012.000000, pricing=ExactPricingSolver, new_columns=10
[CG 2] RMP=2012.000000, pricing=ExactPricingSolver, new_columns=10
[CG 3] RMP=10.000000, pricing=ExactPricingSolver, new_columns=0
  搜索路径: [1, 2, 3, 4, 5, 6, 7, 8, 11, 13, 16, 10, 18, 17, 12, 19, 9, 28, 29, 31, 36, 37, 30, 40, 41, 46, 47, 50, 51, 33, 49, 56, 57, 59, 58, 62, 63, 34, 68, 32, 35, 74, 75, 45, 48, 44, 69, 80, 81, 84, 90, 91, 85, 89, 88, 94, 95, 96, 97, 54, 55, 108, 109, 25, 24, 61, 60, 116, 117, 92, 93, 43, 42, 118, 119, 65, 64, 124, 125, 126, 127, 130, 131, 134, 135, 23, 83, 82, 22, 136, 137, 138, 139, 133, 132, 52, 53, 123, 15, 129, 122, 148, 149, 99, 101, 154, 155, 156, 157, 98, 100, 86, 14, 87, 128, 102, 103, 162, 164, 165, 163, 115, 114, 39, 143, 144, 66, 105, 111, 169, 168, 153, 38, 113, 171, 173, 175, 177, 176, 179, 178, 181, 183, 182, 180, 174, 172, 194, 195, 189, 191, 196, 197, 145, 106, 192, 190, 104, 188, 199, 201, 203, 202, 205, 204, 210, 211, 207, 209, 208, 213, 215, 214, 212, 147, 206, 198, 184, 170, 217, 216, 73, 219, 218, 221, 220, 21, 20, 146, 71, 112, 67, 223, 225, 224, 227, 229, 231, 230, 228, 226, 222, 77, 27, 233, 232, 234, 235, 236, 237, 238, 239, 70, 240, 241, 242, 243, 244, 245, 246, 247, 249, 248, 140, 250, 251, 121, 151, 254, 255, 256, 257, 258, 259, 261, 260, 263, 264, 265, 262, 266, 267, 200, 268, 269, 271, 270, 193, 185, 272, 273, 274, 275, 276, 277, 278, 279, 283, 280, 281, 282, 284, 285, 286, 287, 291, 290, 142, 120, 110]
  列生成求解结果: 目标值=10.0000， 下界=10.0000， 上界=11.0000
    非整数变量: COL_11-18-2-20-28_65 = 0.333333
  解不是整数，开始分支...
ImposedVertex(vertex=11)
ForbidVertex(vertex=11)
  创建了 2 个分支
    添加分支节点 1: ID=294
    添加分支节点 2: ID=295
  进度: 已处理 270 个节点, 剩余 25 个, 当前最优 11.0000, 当前列数: 3022

处理节点 293
  开始列生成求解...
Set parameter LogToConsole to value 0
Set parameter Threads to value 1
Set parameter Seed to value 0
  定价策略: Exact, node=293, vertices=22
Set parameter PoolSearchMode to value 2
Set parameter PoolSolutions to value 10
[CG 1] RMP=10.000000, pricing=ExactPricingSolver, new_columns=0
  搜索路径: [1, 2, 3, 4, 5, 6, 7, 8, 11, 13, 16, 10, 18, 17, 12, 19, 9, 28, 29, 31, 36, 37, 30, 40, 41, 46, 47, 50, 51, 33, 49, 56, 57, 59, 58, 62, 63, 34, 68, 32, 35, 74, 75, 45, 48, 44, 69, 80, 81, 84, 90, 91, 85, 89, 88, 94, 95, 96, 97, 54, 55, 108, 109, 25, 24, 61, 60, 116, 117, 92, 93, 43, 42, 118, 119, 65, 64, 124, 125, 126, 127, 130, 131, 134, 135, 23, 83, 82, 22, 136, 137, 138, 139, 133, 132, 52, 53, 123, 15, 129, 122, 148, 149, 99, 101, 154, 155, 156, 157, 98, 100, 86, 14, 87, 128, 102, 103, 162, 164, 165, 163, 115, 114, 39, 143, 144, 66, 105, 111, 169, 168, 153, 38, 113, 171, 173, 175, 177, 176, 179, 178, 181, 183, 182, 180, 174, 172, 194, 195, 189, 191, 196, 197, 145, 106, 192, 190, 104, 188, 199, 201, 203, 202, 205, 204, 210, 211, 207, 209, 208, 213, 215, 214, 212, 147, 206, 198, 184, 170, 217, 216, 73, 219, 218, 221, 220, 21, 20, 146, 71, 112, 67, 223, 225, 224, 227, 229, 231, 230, 228, 226, 222, 77, 27, 233, 232, 234, 235, 236, 237, 238, 239, 70, 240, 241, 242, 243, 244, 245, 246, 247, 249, 248, 140, 250, 251, 121, 151, 254, 255, 256, 257, 258, 259, 261, 260, 263, 264, 265, 262, 266, 267, 200, 268, 269, 271, 270, 193, 185, 272, 273, 274, 275, 276, 277, 278, 279, 283, 280, 281, 282, 284, 285, 286, 287, 291, 290, 142, 120, 110, 293]
  列生成求解结果: 目标值=10.0000， 下界=10.0000， 上界=11.0000
    非整数变量: COL_1-20-23-31-5_44 = 0.909091
  解不是整数，开始分支...
ImposedVertex(vertex=20)
ForbidVertex(vertex=20)
  创建了 2 个分支
    添加分支节点 1: ID=296
    添加分支节点 2: ID=297

处理节点 294
  开始列生成求解...
Set parameter LogToConsole to value 0
Set parameter Threads to value 1
Set parameter Seed to value 0
  定价策略: Exact, node=294, vertices=18
Set parameter PoolSearchMode to value 2
Set parameter PoolSolutions to value 10
[CG 1] RMP=512.000000, pricing=ExactPricingSolver, new_columns=10
[CG 2] RMP=10.000000, pricing=ExactPricingSolver, new_columns=0
  搜索路径: [1, 2, 3, 4, 5, 6, 7, 8, 11, 13, 16, 10, 18, 17, 12, 19, 9, 28, 29, 31, 36, 37, 30, 40, 41, 46, 47, 50, 51, 33, 49, 56, 57, 59, 58, 62, 63, 34, 68, 32, 35, 74, 75, 45, 48, 44, 69, 80, 81, 84, 90, 91, 85, 89, 88, 94, 95, 96, 97, 54, 55, 108, 109, 25, 24, 61, 60, 116, 117, 92, 93, 43, 42, 118, 119, 65, 64, 124, 125, 126, 127, 130, 131, 134, 135, 23, 83, 82, 22, 136, 137, 138, 139, 133, 132, 52, 53, 123, 15, 129, 122, 148, 149, 99, 101, 154, 155, 156, 157, 98, 100, 86, 14, 87, 128, 102, 103, 162, 164, 165, 163, 115, 114, 39, 143, 144, 66, 105, 111, 169, 168, 153, 38, 113, 171, 173, 175, 177, 176, 179, 178, 181, 183, 182, 180, 174, 172, 194, 195, 189, 191, 196, 197, 145, 106, 192, 190, 104, 188, 199, 201, 203, 202, 205, 204, 210, 211, 207, 209, 208, 213, 215, 214, 212, 147, 206, 198, 184, 170, 217, 216, 73, 219, 218, 221, 220, 21, 20, 146, 71, 112, 67, 223, 225, 224, 227, 229, 231, 230, 228, 226, 222, 77, 27, 233, 232, 234, 235, 236, 237, 238, 239, 70, 240, 241, 242, 243, 244, 245, 246, 247, 249, 248, 140, 250, 251, 121, 151, 254, 255, 256, 257, 258, 259, 261, 260, 263, 264, 265, 262, 266, 267, 200, 268, 269, 271, 270, 193, 185, 272, 273, 274, 275, 276, 277, 278, 279, 283, 280, 281, 282, 284, 285, 286, 287, 291, 290, 142, 120, 110, 293, 294]
  列生成求解结果: 目标值=10.0000， 下界=10.0000， 上界=11.0000
    非整数变量: COL_11-18-2-20-28_65 = 0.250000
  解不是整数，开始分支...
ImposedVertex(vertex=18)
ForbidVertex(vertex=18)
  创建了 2 个分支
    添加分支节点 1: ID=298
    添加分支节点 2: ID=299

处理节点 295
  开始列生成求解...
Set parameter LogToConsole to value 0
Set parameter Threads to value 1
Set parameter Seed to value 0
  定价策略: Exact, node=295, vertices=18
Set parameter PoolSearchMode to value 2
Set parameter PoolSolutions to value 10
[CG 1] RMP=512.000000, pricing=ExactPricingSolver, new_columns=10
[CG 2] RMP=262.000000, pricing=ExactPricingSolver, new_columns=10
[CG 3] RMP=12.000000, pricing=ExactPricingSolver, new_columns=0
  搜索路径: [1, 2, 3, 4, 5, 6, 7, 8, 11, 13, 16, 10, 18, 17, 12, 19, 9, 28, 29, 31, 36, 37, 30, 40, 41, 46, 47, 50, 51, 33, 49, 56, 57, 59, 58, 62, 63, 34, 68, 32, 35, 74, 75, 45, 48, 44, 69, 80, 81, 84, 90, 91, 85, 89, 88, 94, 95, 96, 97, 54, 55, 108, 109, 25, 24, 61, 60, 116, 117, 92, 93, 43, 42, 118, 119, 65, 64, 124, 125, 126, 127, 130, 131, 134, 135, 23, 83, 82, 22, 136, 137, 138, 139, 133, 132, 52, 53, 123, 15, 129, 122, 148, 149, 99, 101, 154, 155, 156, 157, 98, 100, 86, 14, 87, 128, 102, 103, 162, 164, 165, 163, 115, 114, 39, 143, 144, 66, 105, 111, 169, 168, 153, 38, 113, 171, 173, 175, 177, 176, 179, 178, 181, 183, 182, 180, 174, 172, 194, 195, 189, 191, 196, 197, 145, 106, 192, 190, 104, 188, 199, 201, 203, 202, 205, 204, 210, 211, 207, 209, 208, 213, 215, 214, 212, 147, 206, 198, 184, 170, 217, 216, 73, 219, 218, 221, 220, 21, 20, 146, 71, 112, 67, 223, 225, 224, 227, 229, 231, 230, 228, 226, 222, 77, 27, 233, 232, 234, 235, 236, 237, 238, 239, 70, 240, 241, 242, 243, 244, 245, 246, 247, 249, 248, 140, 250, 251, 121, 151, 254, 255, 256, 257, 258, 259, 261, 260, 263, 264, 265, 262, 266, 267, 200, 268, 269, 271, 270, 193, 185, 272, 273, 274, 275, 276, 277, 278, 279, 283, 280, 281, 282, 284, 285, 286, 287, 291, 290, 142, 120, 110, 293, 294, 295]
  列生成求解结果: 目标值=12.0000， 下界=10.0000， 上界=11.0000

处理节点 296
  开始列生成求解...
Set parameter LogToConsole to value 0
Set parameter Threads to value 1
Set parameter Seed to value 0
  定价策略: Exact, node=296, vertices=21
Set parameter PoolSearchMode to value 2
Set parameter PoolSolutions to value 10
[CG 1] RMP=11.000000, pricing=ExactPricingSolver, new_columns=0
  搜索路径: [1, 2, 3, 4, 5, 6, 7, 8, 11, 13, 16, 10, 18, 17, 12, 19, 9, 28, 29, 31, 36, 37, 30, 40, 41, 46, 47, 50, 51, 33, 49, 56, 57, 59, 58, 62, 63, 34, 68, 32, 35, 74, 75, 45, 48, 44, 69, 80, 81, 84, 90, 91, 85, 89, 88, 94, 95, 96, 97, 54, 55, 108, 109, 25, 24, 61, 60, 116, 117, 92, 93, 43, 42, 118, 119, 65, 64, 124, 125, 126, 127, 130, 131, 134, 135, 23, 83, 82, 22, 136, 137, 138, 139, 133, 132, 52, 53, 123, 15, 129, 122, 148, 149, 99, 101, 154, 155, 156, 157, 98, 100, 86, 14, 87, 128, 102, 103, 162, 164, 165, 163, 115, 114, 39, 143, 144, 66, 105, 111, 169, 168, 153, 38, 113, 171, 173, 175, 177, 176, 179, 178, 181, 183, 182, 180, 174, 172, 194, 195, 189, 191, 196, 197, 145, 106, 192, 190, 104, 188, 199, 201, 203, 202, 205, 204, 210, 211, 207, 209, 208, 213, 215, 214, 212, 147, 206, 198, 184, 170, 217, 216, 73, 219, 218, 221, 220, 21, 20, 146, 71, 112, 67, 223, 225, 224, 227, 229, 231, 230, 228, 226, 222, 77, 27, 233, 232, 234, 235, 236, 237, 238, 239, 70, 240, 241, 242, 243, 244, 245, 246, 247, 249, 248, 140, 250, 251, 121, 151, 254, 255, 256, 257, 258, 259, 261, 260, 263, 264, 265, 262, 266, 267, 200, 268, 269, 271, 270, 193, 185, 272, 273, 274, 275, 276, 277, 278, 279, 283, 280, 281, 282, 284, 285, 286, 287, 291, 290, 142, 120, 110, 293, 294, 295, 296]
  列生成求解结果: 目标值=11.0000， 下界=10.0000， 上界=11.0000

处理节点 297
  开始列生成求解...
Set parameter LogToConsole to value 0
Set parameter Threads to value 1
Set parameter Seed to value 0
  定价策略: Exact, node=297, vertices=21
Set parameter PoolSearchMode to value 2
Set parameter PoolSolutions to value 10
[CG 1] RMP=2012.000000, pricing=ExactPricingSolver, new_columns=10
[CG 2] RMP=12.000000, pricing=ExactPricingSolver, new_columns=10
[CG 3] RMP=12.000000, pricing=ExactPricingSolver, new_columns=0
  搜索路径: [1, 2, 3, 4, 5, 6, 7, 8, 11, 13, 16, 10, 18, 17, 12, 19, 9, 28, 29, 31, 36, 37, 30, 40, 41, 46, 47, 50, 51, 33, 49, 56, 57, 59, 58, 62, 63, 34, 68, 32, 35, 74, 75, 45, 48, 44, 69, 80, 81, 84, 90, 91, 85, 89, 88, 94, 95, 96, 97, 54, 55, 108, 109, 25, 24, 61, 60, 116, 117, 92, 93, 43, 42, 118, 119, 65, 64, 124, 125, 126, 127, 130, 131, 134, 135, 23, 83, 82, 22, 136, 137, 138, 139, 133, 132, 52, 53, 123, 15, 129, 122, 148, 149, 99, 101, 154, 155, 156, 157, 98, 100, 86, 14, 87, 128, 102, 103, 162, 164, 165, 163, 115, 114, 39, 143, 144, 66, 105, 111, 169, 168, 153, 38, 113, 171, 173, 175, 177, 176, 179, 178, 181, 183, 182, 180, 174, 172, 194, 195, 189, 191, 196, 197, 145, 106, 192, 190, 104, 188, 199, 201, 203, 202, 205, 204, 210, 211, 207, 209, 208, 213, 215, 214, 212, 147, 206, 198, 184, 170, 217, 216, 73, 219, 218, 221, 220, 21, 20, 146, 71, 112, 67, 223, 225, 224, 227, 229, 231, 230, 228, 226, 222, 77, 27, 233, 232, 234, 235, 236, 237, 238, 239, 70, 240, 241, 242, 243, 244, 245, 246, 247, 249, 248, 140, 250, 251, 121, 151, 254, 255, 256, 257, 258, 259, 261, 260, 263, 264, 265, 262, 266, 267, 200, 268, 269, 271, 270, 193, 185, 272, 273, 274, 275, 276, 277, 278, 279, 283, 280, 281, 282, 284, 285, 286, 287, 291, 290, 142, 120, 110, 293, 294, 295, 296, 297]
  列生成求解结果: 目标值=12.0000， 下界=10.0000， 上界=11.0000

处理节点 298
  开始列生成求解...
Set parameter LogToConsole to value 0
Set parameter Threads to value 1
Set parameter Seed to value 0
  定价策略: Exact, node=298, vertices=17
Set parameter PoolSearchMode to value 2
Set parameter PoolSolutions to value 10
[CG 1] RMP=153.142857, pricing=ExactPricingSolver, new_columns=10
[CG 2] RMP=94.333333, pricing=ExactPricingSolver, new_columns=10
[CG 3] RMP=12.000000, pricing=ExactPricingSolver, new_columns=0
  搜索路径: [1, 2, 3, 4, 5, 6, 7, 8, 11, 13, 16, 10, 18, 17, 12, 19, 9, 28, 29, 31, 36, 37, 30, 40, 41, 46, 47, 50, 51, 33, 49, 56, 57, 59, 58, 62, 63, 34, 68, 32, 35, 74, 75, 45, 48, 44, 69, 80, 81, 84, 90, 91, 85, 89, 88, 94, 95, 96, 97, 54, 55, 108, 109, 25, 24, 61, 60, 116, 117, 92, 93, 43, 42, 118, 119, 65, 64, 124, 125, 126, 127, 130, 131, 134, 135, 23, 83, 82, 22, 136, 137, 138, 139, 133, 132, 52, 53, 123, 15, 129, 122, 148, 149, 99, 101, 154, 155, 156, 157, 98, 100, 86, 14, 87, 128, 102, 103, 162, 164, 165, 163, 115, 114, 39, 143, 144, 66, 105, 111, 169, 168, 153, 38, 113, 171, 173, 175, 177, 176, 179, 178, 181, 183, 182, 180, 174, 172, 194, 195, 189, 191, 196, 197, 145, 106, 192, 190, 104, 188, 199, 201, 203, 202, 205, 204, 210, 211, 207, 209, 208, 213, 215, 214, 212, 147, 206, 198, 184, 170, 217, 216, 73, 219, 218, 221, 220, 21, 20, 146, 71, 112, 67, 223, 225, 224, 227, 229, 231, 230, 228, 226, 222, 77, 27, 233, 232, 234, 235, 236, 237, 238, 239, 70, 240, 241, 242, 243, 244, 245, 246, 247, 249, 248, 140, 250, 251, 121, 151, 254, 255, 256, 257, 258, 259, 261, 260, 263, 264, 265, 262, 266, 267, 200, 268, 269, 271, 270, 193, 185, 272, 273, 274, 275, 276, 277, 278, 279, 283, 280, 281, 282, 284, 285, 286, 287, 291, 290, 142, 120, 110, 293, 294, 295, 296, 297, 298]
  列生成求解结果: 目标值=12.0000， 下界=10.0000， 上界=11.0000

处理节点 299
  开始列生成求解...
Set parameter LogToConsole to value 0
Set parameter Threads to value 1
Set parameter Seed to value 0
  定价策略: Exact, node=299, vertices=17
Set parameter PoolSearchMode to value 2
Set parameter PoolSolutions to value 10
[CG 1] RMP=2012.000000, pricing=ExactPricingSolver, new_columns=10
[CG 2] RMP=12.000000, pricing=ExactPricingSolver, new_columns=10
[CG 3] RMP=12.000000, pricing=ExactPricingSolver, new_columns=0
  搜索路径: [1, 2, 3, 4, 5, 6, 7, 8, 11, 13, 16, 10, 18, 17, 12, 19, 9, 28, 29, 31, 36, 37, 30, 40, 41, 46, 47, 50, 51, 33, 49, 56, 57, 59, 58, 62, 63, 34, 68, 32, 35, 74, 75, 45, 48, 44, 69, 80, 81, 84, 90, 91, 85, 89, 88, 94, 95, 96, 97, 54, 55, 108, 109, 25, 24, 61, 60, 116, 117, 92, 93, 43, 42, 118, 119, 65, 64, 124, 125, 126, 127, 130, 131, 134, 135, 23, 83, 82, 22, 136, 137, 138, 139, 133, 132, 52, 53, 123, 15, 129, 122, 148, 149, 99, 101, 154, 155, 156, 157, 98, 100, 86, 14, 87, 128, 102, 103, 162, 164, 165, 163, 115, 114, 39, 143, 144, 66, 105, 111, 169, 168, 153, 38, 113, 171, 173, 175, 177, 176, 179, 178, 181, 183, 182, 180, 174, 172, 194, 195, 189, 191, 196, 197, 145, 106, 192, 190, 104, 188, 199, 201, 203, 202, 205, 204, 210, 211, 207, 209, 208, 213, 215, 214, 212, 147, 206, 198, 184, 170, 217, 216, 73, 219, 218, 221, 220, 21, 20, 146, 71, 112, 67, 223, 225, 224, 227, 229, 231, 230, 228, 226, 222, 77, 27, 233, 232, 234, 235, 236, 237, 238, 239, 70, 240, 241, 242, 243, 244, 245, 246, 247, 249, 248, 140, 250, 251, 121, 151, 254, 255, 256, 257, 258, 259, 261, 260, 263, 264, 265, 262, 266, 267, 200, 268, 269, 271, 270, 193, 185, 272, 273, 274, 275, 276, 277, 278, 279, 283, 280, 281, 282, 284, 285, 286, 287, 291, 290, 142, 120, 110, 293, 294, 295, 296, 297, 298, 299]
  列生成求解结果: 目标值=12.0000， 下界=10.0000， 上界=11.0000

处理节点 150
  开始列生成求解...
Set parameter LogToConsole to value 0
Set parameter Threads to value 1
Set parameter Seed to value 0
  定价策略: Exact, node=150, vertices=22
Set parameter PoolSearchMode to value 2
Set parameter PoolSolutions to value 10
[CG 1] RMP=11.000000, pricing=ExactPricingSolver, new_columns=0
  搜索路径: [1, 2, 3, 4, 5, 6, 7, 8, 11, 13, 16, 10, 18, 17, 12, 19, 9, 28, 29, 31, 36, 37, 30, 40, 41, 46, 47, 50, 51, 33, 49, 56, 57, 59, 58, 62, 63, 34, 68, 32, 35, 74, 75, 45, 48, 44, 69, 80, 81, 84, 90, 91, 85, 89, 88, 94, 95, 96, 97, 54, 55, 108, 109, 25, 24, 61, 60, 116, 117, 92, 93, 43, 42, 118, 119, 65, 64, 124, 125, 126, 127, 130, 131, 134, 135, 23, 83, 82, 22, 136, 137, 138, 139, 133, 132, 52, 53, 123, 15, 129, 122, 148, 149, 99, 101, 154, 155, 156, 157, 98, 100, 86, 14, 87, 128, 102, 103, 162, 164, 165, 163, 115, 114, 39, 143, 144, 66, 105, 111, 169, 168, 153, 38, 113, 171, 173, 175, 177, 176, 179, 178, 181, 183, 182, 180, 174, 172, 194, 195, 189, 191, 196, 197, 145, 106, 192, 190, 104, 188, 199, 201, 203, 202, 205, 204, 210, 211, 207, 209, 208, 213, 215, 214, 212, 147, 206, 198, 184, 170, 217, 216, 73, 219, 218, 221, 220, 21, 20, 146, 71, 112, 67, 223, 225, 224, 227, 229, 231, 230, 228, 226, 222, 77, 27, 233, 232, 234, 235, 236, 237, 238, 239, 70, 240, 241, 242, 243, 244, 245, 246, 247, 249, 248, 140, 250, 251, 121, 151, 254, 255, 256, 257, 258, 259, 261, 260, 263, 264, 265, 262, 266, 267, 200, 268, 269, 271, 270, 193, 185, 272, 273, 274, 275, 276, 277, 278, 279, 283, 280, 281, 282, 284, 285, 286, 287, 291, 290, 142, 120, 110, 293, 294, 295, 296, 297, 298, 299, 150]
  列生成求解结果: 目标值=11.0000， 下界=10.0000， 上界=11.0000

处理节点 26
  开始列生成求解...
Set parameter LogToConsole to value 0
Set parameter Threads to value 1
Set parameter Seed to value 0
  定价策略: Exact, node=26, vertices=25
Set parameter PoolSearchMode to value 2
Set parameter PoolSolutions to value 10
[CG 1] RMP=12.000000, pricing=ExactPricingSolver, new_columns=10
[CG 2] RMP=12.000000, pricing=ExactPricingSolver, new_columns=10
[CG 3] RMP=12.000000, pricing=ExactPricingSolver, new_columns=10
[CG 4] RMP=12.000000, pricing=ExactPricingSolver, new_columns=0
  搜索路径: [1, 2, 3, 4, 5, 6, 7, 8, 11, 13, 16, 10, 18, 17, 12, 19, 9, 28, 29, 31, 36, 37, 30, 40, 41, 46, 47, 50, 51, 33, 49, 56, 57, 59, 58, 62, 63, 34, 68, 32, 35, 74, 75, 45, 48, 44, 69, 80, 81, 84, 90, 91, 85, 89, 88, 94, 95, 96, 97, 54, 55, 108, 109, 25, 24, 61, 60, 116, 117, 92, 93, 43, 42, 118, 119, 65, 64, 124, 125, 126, 127, 130, 131, 134, 135, 23, 83, 82, 22, 136, 137, 138, 139, 133, 132, 52, 53, 123, 15, 129, 122, 148, 149, 99, 101, 154, 155, 156, 157, 98, 100, 86, 14, 87, 128, 102, 103, 162, 164, 165, 163, 115, 114, 39, 143, 144, 66, 105, 111, 169, 168, 153, 38, 113, 171, 173, 175, 177, 176, 179, 178, 181, 183, 182, 180, 174, 172, 194, 195, 189, 191, 196, 197, 145, 106, 192, 190, 104, 188, 199, 201, 203, 202, 205, 204, 210, 211, 207, 209, 208, 213, 215, 214, 212, 147, 206, 198, 184, 170, 217, 216, 73, 219, 218, 221, 220, 21, 20, 146, 71, 112, 67, 223, 225, 224, 227, 229, 231, 230, 228, 226, 222, 77, 27, 233, 232, 234, 235, 236, 237, 238, 239, 70, 240, 241, 242, 243, 244, 245, 246, 247, 249, 248, 140, 250, 251, 121, 151, 254, 255, 256, 257, 258, 259, 261, 260, 263, 264, 265, 262, 266, 267, 200, 268, 269, 271, 270, 193, 185, 272, 273, 274, 275, 276, 277, 278, 279, 283, 280, 281, 282, 284, 285, 286, 287, 291, 290, 142, 120, 110, 293, 294, 295, 296, 297, 298, 299, 150, 26]
  列生成求解结果: 目标值=12.0000， 下界=10.0000， 上界=11.0000

处理节点 292
  开始列生成求解...
Set parameter LogToConsole to value 0
Set parameter Threads to value 1
Set parameter Seed to value 0
  定价策略: Exact, node=292, vertices=20
Set parameter PoolSearchMode to value 2
Set parameter PoolSolutions to value 10
[CG 1] RMP=24.000000, pricing=ExactPricingSolver, new_columns=10
[CG 2] RMP=24.000000, pricing=ExactPricingSolver, new_columns=10
[CG 3] RMP=24.000000, pricing=ExactPricingSolver, new_columns=10
[CG 4] RMP=10.000000, pricing=ExactPricingSolver, new_columns=0
  搜索路径: [1, 2, 3, 4, 5, 6, 7, 8, 11, 13, 16, 10, 18, 17, 12, 19, 9, 28, 29, 31, 36, 37, 30, 40, 41, 46, 47, 50, 51, 33, 49, 56, 57, 59, 58, 62, 63, 34, 68, 32, 35, 74, 75, 45, 48, 44, 69, 80, 81, 84, 90, 91, 85, 89, 88, 94, 95, 96, 97, 54, 55, 108, 109, 25, 24, 61, 60, 116, 117, 92, 93, 43, 42, 118, 119, 65, 64, 124, 125, 126, 127, 130, 131, 134, 135, 23, 83, 82, 22, 136, 137, 138, 139, 133, 132, 52, 53, 123, 15, 129, 122, 148, 149, 99, 101, 154, 155, 156, 157, 98, 100, 86, 14, 87, 128, 102, 103, 162, 164, 165, 163, 115, 114, 39, 143, 144, 66, 105, 111, 169, 168, 153, 38, 113, 171, 173, 175, 177, 176, 179, 178, 181, 183, 182, 180, 174, 172, 194, 195, 189, 191, 196, 197, 145, 106, 192, 190, 104, 188, 199, 201, 203, 202, 205, 204, 210, 211, 207, 209, 208, 213, 215, 214, 212, 147, 206, 198, 184, 170, 217, 216, 73, 219, 218, 221, 220, 21, 20, 146, 71, 112, 67, 223, 225, 224, 227, 229, 231, 230, 228, 226, 222, 77, 27, 233, 232, 234, 235, 236, 237, 238, 239, 70, 240, 241, 242, 243, 244, 245, 246, 247, 249, 248, 140, 250, 251, 121, 151, 254, 255, 256, 257, 258, 259, 261, 260, 263, 264, 265, 262, 266, 267, 200, 268, 269, 271, 270, 193, 185, 272, 273, 274, 275, 276, 277, 278, 279, 283, 280, 281, 282, 284, 285, 286, 287, 291, 290, 142, 120, 110, 293, 294, 295, 296, 297, 298, 299, 150, 26, 292]
  列生成求解结果: 目标值=10.0000， 下界=10.0000， 上界=11.0000
    非整数变量: COL_12-16-19-23-28-5_17 = 0.277778
  解不是整数，开始分支...
ImposedVertex(vertex=19)
ForbidVertex(vertex=19)
  创建了 2 个分支
    添加分支节点 1: ID=300
    添加分支节点 2: ID=301
  进度: 已处理 280 个节点, 剩余 21 个, 当前最优 11.0000, 当前列数: 3172

处理节点 72
  开始列生成求解...
Set parameter LogToConsole to value 0
Set parameter Threads to value 1
Set parameter Seed to value 0
  定价策略: Exact, node=72, vertices=18
Set parameter PoolSearchMode to value 2
Set parameter PoolSolutions to value 10
[CG 1] RMP=10.000000, pricing=ExactPricingSolver, new_columns=0
  搜索路径: [1, 2, 3, 4, 5, 6, 7, 8, 11, 13, 16, 10, 18, 17, 12, 19, 9, 28, 29, 31, 36, 37, 30, 40, 41, 46, 47, 50, 51, 33, 49, 56, 57, 59, 58, 62, 63, 34, 68, 32, 35, 74, 75, 45, 48, 44, 69, 80, 81, 84, 90, 91, 85, 89, 88, 94, 95, 96, 97, 54, 55, 108, 109, 25, 24, 61, 60, 116, 117, 92, 93, 43, 42, 118, 119, 65, 64, 124, 125, 126, 127, 130, 131, 134, 135, 23, 83, 82, 22, 136, 137, 138, 139, 133, 132, 52, 53, 123, 15, 129, 122, 148, 149, 99, 101, 154, 155, 156, 157, 98, 100, 86, 14, 87, 128, 102, 103, 162, 164, 165, 163, 115, 114, 39, 143, 144, 66, 105, 111, 169, 168, 153, 38, 113, 171, 173, 175, 177, 176, 179, 178, 181, 183, 182, 180, 174, 172, 194, 195, 189, 191, 196, 197, 145, 106, 192, 190, 104, 188, 199, 201, 203, 202, 205, 204, 210, 211, 207, 209, 208, 213, 215, 214, 212, 147, 206, 198, 184, 170, 217, 216, 73, 219, 218, 221, 220, 21, 20, 146, 71, 112, 67, 223, 225, 224, 227, 229, 231, 230, 228, 226, 222, 77, 27, 233, 232, 234, 235, 236, 237, 238, 239, 70, 240, 241, 242, 243, 244, 245, 246, 247, 249, 248, 140, 250, 251, 121, 151, 254, 255, 256, 257, 258, 259, 261, 260, 263, 264, 265, 262, 266, 267, 200, 268, 269, 271, 270, 193, 185, 272, 273, 274, 275, 276, 277, 278, 279, 283, 280, 281, 282, 284, 285, 286, 287, 291, 290, 142, 120, 110, 293, 294, 295, 296, 297, 298, 299, 150, 26, 292, 72]
  列生成求解结果: 目标值=10.0000， 下界=10.0000， 上界=11.0000
    非整数变量: COL_17-21-29-7-8_59 = 0.666667
  解不是整数，开始分支...
ImposedVertex(vertex=17)
ForbidVertex(vertex=17)
  创建了 2 个分支
    添加分支节点 1: ID=302
    添加分支节点 2: ID=303

处理节点 107
  开始列生成求解...
Set parameter LogToConsole to value 0
Set parameter Threads to value 1
Set parameter Seed to value 0
  定价策略: Exact, node=107, vertices=21
Set parameter PoolSearchMode to value 2
Set parameter PoolSolutions to value 10
[CG 1] RMP=2012.000000, pricing=ExactPricingSolver, new_columns=10
[CG 2] RMP=12.000000, pricing=ExactPricingSolver, new_columns=10
[CG 3] RMP=10.000000, pricing=ExactPricingSolver, new_columns=0
  搜索路径: [1, 2, 3, 4, 5, 6, 7, 8, 11, 13, 16, 10, 18, 17, 12, 19, 9, 28, 29, 31, 36, 37, 30, 40, 41, 46, 47, 50, 51, 33, 49, 56, 57, 59, 58, 62, 63, 34, 68, 32, 35, 74, 75, 45, 48, 44, 69, 80, 81, 84, 90, 91, 85, 89, 88, 94, 95, 96, 97, 54, 55, 108, 109, 25, 24, 61, 60, 116, 117, 92, 93, 43, 42, 118, 119, 65, 64, 124, 125, 126, 127, 130, 131, 134, 135, 23, 83, 82, 22, 136, 137, 138, 139, 133, 132, 52, 53, 123, 15, 129, 122, 148, 149, 99, 101, 154, 155, 156, 157, 98, 100, 86, 14, 87, 128, 102, 103, 162, 164, 165, 163, 115, 114, 39, 143, 144, 66, 105, 111, 169, 168, 153, 38, 113, 171, 173, 175, 177, 176, 179, 178, 181, 183, 182, 180, 174, 172, 194, 195, 189, 191, 196, 197, 145, 106, 192, 190, 104, 188, 199, 201, 203, 202, 205, 204, 210, 211, 207, 209, 208, 213, 215, 214, 212, 147, 206, 198, 184, 170, 217, 216, 73, 219, 218, 221, 220, 21, 20, 146, 71, 112, 67, 223, 225, 224, 227, 229, 231, 230, 228, 226, 222, 77, 27, 233, 232, 234, 235, 236, 237, 238, 239, 70, 240, 241, 242, 243, 244, 245, 246, 247, 249, 248, 140, 250, 251, 121, 151, 254, 255, 256, 257, 258, 259, 261, 260, 263, 264, 265, 262, 266, 267, 200, 268, 269, 271, 270, 193, 185, 272, 273, 274, 275, 276, 277, 278, 279, 283, 280, 281, 282, 284, 285, 286, 287, 291, 290, 142, 120, 110, 293, 294, 295, 296, 297, 298, 299, 150, 26, 292, 72, 107]
  列生成求解结果: 目标值=10.0000， 下界=10.0000， 上界=11.0000
    非整数变量: COL_1-15-26-27-32-6_414 = 0.500000
  解不是整数，开始分支...
ImposedVertex(vertex=15)
ForbidVertex(vertex=15)
  创建了 2 个分支
    添加分支节点 1: ID=304
    添加分支节点 2: ID=305

处理节点 300
  开始列生成求解...
Set parameter LogToConsole to value 0
Set parameter Threads to value 1
Set parameter Seed to value 0
  定价策略: Exact, node=300, vertices=19
Set parameter PoolSearchMode to value 2
Set parameter PoolSolutions to value 10
[CG 1] RMP=12.000000, pricing=ExactPricingSolver, new_columns=0
  搜索路径: [1, 2, 3, 4, 5, 6, 7, 8, 11, 13, 16, 10, 18, 17, 12, 19, 9, 28, 29, 31, 36, 37, 30, 40, 41, 46, 47, 50, 51, 33, 49, 56, 57, 59, 58, 62, 63, 34, 68, 32, 35, 74, 75, 45, 48, 44, 69, 80, 81, 84, 90, 91, 85, 89, 88, 94, 95, 96, 97, 54, 55, 108, 109, 25, 24, 61, 60, 116, 117, 92, 93, 43, 42, 118, 119, 65, 64, 124, 125, 126, 127, 130, 131, 134, 135, 23, 83, 82, 22, 136, 137, 138, 139, 133, 132, 52, 53, 123, 15, 129, 122, 148, 149, 99, 101, 154, 155, 156, 157, 98, 100, 86, 14, 87, 128, 102, 103, 162, 164, 165, 163, 115, 114, 39, 143, 144, 66, 105, 111, 169, 168, 153, 38, 113, 171, 173, 175, 177, 176, 179, 178, 181, 183, 182, 180, 174, 172, 194, 195, 189, 191, 196, 197, 145, 106, 192, 190, 104, 188, 199, 201, 203, 202, 205, 204, 210, 211, 207, 209, 208, 213, 215, 214, 212, 147, 206, 198, 184, 170, 217, 216, 73, 219, 218, 221, 220, 21, 20, 146, 71, 112, 67, 223, 225, 224, 227, 229, 231, 230, 228, 226, 222, 77, 27, 233, 232, 234, 235, 236, 237, 238, 239, 70, 240, 241, 242, 243, 244, 245, 246, 247, 249, 248, 140, 250, 251, 121, 151, 254, 255, 256, 257, 258, 259, 261, 260, 263, 264, 265, 262, 266, 267, 200, 268, 269, 271, 270, 193, 185, 272, 273, 274, 275, 276, 277, 278, 279, 283, 280, 281, 282, 284, 285, 286, 287, 291, 290, 142, 120, 110, 293, 294, 295, 296, 297, 298, 299, 150, 26, 292, 72, 107, 300]
  列生成求解结果: 目标值=12.0000， 下界=10.0000， 上界=11.0000

处理节点 301
  开始列生成求解...
Set parameter LogToConsole to value 0
Set parameter Threads to value 1
Set parameter Seed to value 0
  定价策略: Exact, node=301, vertices=19
Set parameter PoolSearchMode to value 2
Set parameter PoolSolutions to value 10
[CG 1] RMP=11.000000, pricing=ExactPricingSolver, new_columns=0
  搜索路径: [1, 2, 3, 4, 5, 6, 7, 8, 11, 13, 16, 10, 18, 17, 12, 19, 9, 28, 29, 31, 36, 37, 30, 40, 41, 46, 47, 50, 51, 33, 49, 56, 57, 59, 58, 62, 63, 34, 68, 32, 35, 74, 75, 45, 48, 44, 69, 80, 81, 84, 90, 91, 85, 89, 88, 94, 95, 96, 97, 54, 55, 108, 109, 25, 24, 61, 60, 116, 117, 92, 93, 43, 42, 118, 119, 65, 64, 124, 125, 126, 127, 130, 131, 134, 135, 23, 83, 82, 22, 136, 137, 138, 139, 133, 132, 52, 53, 123, 15, 129, 122, 148, 149, 99, 101, 154, 155, 156, 157, 98, 100, 86, 14, 87, 128, 102, 103, 162, 164, 165, 163, 115, 114, 39, 143, 144, 66, 105, 111, 169, 168, 153, 38, 113, 171, 173, 175, 177, 176, 179, 178, 181, 183, 182, 180, 174, 172, 194, 195, 189, 191, 196, 197, 145, 106, 192, 190, 104, 188, 199, 201, 203, 202, 205, 204, 210, 211, 207, 209, 208, 213, 215, 214, 212, 147, 206, 198, 184, 170, 217, 216, 73, 219, 218, 221, 220, 21, 20, 146, 71, 112, 67, 223, 225, 224, 227, 229, 231, 230, 228, 226, 222, 77, 27, 233, 232, 234, 235, 236, 237, 238, 239, 70, 240, 241, 242, 243, 244, 245, 246, 247, 249, 248, 140, 250, 251, 121, 151, 254, 255, 256, 257, 258, 259, 261, 260, 263, 264, 265, 262, 266, 267, 200, 268, 269, 271, 270, 193, 185, 272, 273, 274, 275, 276, 277, 278, 279, 283, 280, 281, 282, 284, 285, 286, 287, 291, 290, 142, 120, 110, 293, 294, 295, 296, 297, 298, 299, 150, 26, 292, 72, 107, 300, 301]
  列生成求解结果: 目标值=11.0000， 下界=10.0000， 上界=11.0000

处理节点 303
  开始列生成求解...
Set parameter LogToConsole to value 0
Set parameter Threads to value 1
Set parameter Seed to value 0
  定价策略: Exact, node=303, vertices=17
Set parameter PoolSearchMode to value 2
Set parameter PoolSolutions to value 10
[CG 1] RMP=2012.000000, pricing=ExactPricingSolver, new_columns=10
[CG 2] RMP=12.000000, pricing=ExactPricingSolver, new_columns=10
[CG 3] RMP=12.000000, pricing=ExactPricingSolver, new_columns=0
  搜索路径: [1, 2, 3, 4, 5, 6, 7, 8, 11, 13, 16, 10, 18, 17, 12, 19, 9, 28, 29, 31, 36, 37, 30, 40, 41, 46, 47, 50, 51, 33, 49, 56, 57, 59, 58, 62, 63, 34, 68, 32, 35, 74, 75, 45, 48, 44, 69, 80, 81, 84, 90, 91, 85, 89, 88, 94, 95, 96, 97, 54, 55, 108, 109, 25, 24, 61, 60, 116, 117, 92, 93, 43, 42, 118, 119, 65, 64, 124, 125, 126, 127, 130, 131, 134, 135, 23, 83, 82, 22, 136, 137, 138, 139, 133, 132, 52, 53, 123, 15, 129, 122, 148, 149, 99, 101, 154, 155, 156, 157, 98, 100, 86, 14, 87, 128, 102, 103, 162, 164, 165, 163, 115, 114, 39, 143, 144, 66, 105, 111, 169, 168, 153, 38, 113, 171, 173, 175, 177, 176, 179, 178, 181, 183, 182, 180, 174, 172, 194, 195, 189, 191, 196, 197, 145, 106, 192, 190, 104, 188, 199, 201, 203, 202, 205, 204, 210, 211, 207, 209, 208, 213, 215, 214, 212, 147, 206, 198, 184, 170, 217, 216, 73, 219, 218, 221, 220, 21, 20, 146, 71, 112, 67, 223, 225, 224, 227, 229, 231, 230, 228, 226, 222, 77, 27, 233, 232, 234, 235, 236, 237, 238, 239, 70, 240, 241, 242, 243, 244, 245, 246, 247, 249, 248, 140, 250, 251, 121, 151, 254, 255, 256, 257, 258, 259, 261, 260, 263, 264, 265, 262, 266, 267, 200, 268, 269, 271, 270, 193, 185, 272, 273, 274, 275, 276, 277, 278, 279, 283, 280, 281, 282, 284, 285, 286, 287, 291, 290, 142, 120, 110, 293, 294, 295, 296, 297, 298, 299, 150, 26, 292, 72, 107, 300, 301, 303]
  列生成求解结果: 目标值=12.0000， 下界=10.0000， 上界=11.0000

处理节点 304
  开始列生成求解...
Set parameter LogToConsole to value 0
Set parameter Threads to value 1
Set parameter Seed to value 0
  定价策略: Exact, node=304, vertices=20
Set parameter PoolSearchMode to value 2
Set parameter PoolSolutions to value 10
[CG 1] RMP=12.000000, pricing=ExactPricingSolver, new_columns=0
  搜索路径: [1, 2, 3, 4, 5, 6, 7, 8, 11, 13, 16, 10, 18, 17, 12, 19, 9, 28, 29, 31, 36, 37, 30, 40, 41, 46, 47, 50, 51, 33, 49, 56, 57, 59, 58, 62, 63, 34, 68, 32, 35, 74, 75, 45, 48, 44, 69, 80, 81, 84, 90, 91, 85, 89, 88, 94, 95, 96, 97, 54, 55, 108, 109, 25, 24, 61, 60, 116, 117, 92, 93, 43, 42, 118, 119, 65, 64, 124, 125, 126, 127, 130, 131, 134, 135, 23, 83, 82, 22, 136, 137, 138, 139, 133, 132, 52, 53, 123, 15, 129, 122, 148, 149, 99, 101, 154, 155, 156, 157, 98, 100, 86, 14, 87, 128, 102, 103, 162, 164, 165, 163, 115, 114, 39, 143, 144, 66, 105, 111, 169, 168, 153, 38, 113, 171, 173, 175, 177, 176, 179, 178, 181, 183, 182, 180, 174, 172, 194, 195, 189, 191, 196, 197, 145, 106, 192, 190, 104, 188, 199, 201, 203, 202, 205, 204, 210, 211, 207, 209, 208, 213, 215, 214, 212, 147, 206, 198, 184, 170, 217, 216, 73, 219, 218, 221, 220, 21, 20, 146, 71, 112, 67, 223, 225, 224, 227, 229, 231, 230, 228, 226, 222, 77, 27, 233, 232, 234, 235, 236, 237, 238, 239, 70, 240, 241, 242, 243, 244, 245, 246, 247, 249, 248, 140, 250, 251, 121, 151, 254, 255, 256, 257, 258, 259, 261, 260, 263, 264, 265, 262, 266, 267, 200, 268, 269, 271, 270, 193, 185, 272, 273, 274, 275, 276, 277, 278, 279, 283, 280, 281, 282, 284, 285, 286, 287, 291, 290, 142, 120, 110, 293, 294, 295, 296, 297, 298, 299, 150, 26, 292, 72, 107, 300, 301, 303, 304]
  列生成求解结果: 目标值=12.0000， 下界=10.0000， 上界=11.0000

处理节点 305
  开始列生成求解...
Set parameter LogToConsole to value 0
Set parameter Threads to value 1
Set parameter Seed to value 0
  定价策略: Exact, node=305, vertices=20
Set parameter PoolSearchMode to value 2
Set parameter PoolSolutions to value 10
[CG 1] RMP=12.000000, pricing=ExactPricingSolver, new_columns=10
[CG 2] RMP=12.000000, pricing=ExactPricingSolver, new_columns=0
  搜索路径: [1, 2, 3, 4, 5, 6, 7, 8, 11, 13, 16, 10, 18, 17, 12, 19, 9, 28, 29, 31, 36, 37, 30, 40, 41, 46, 47, 50, 51, 33, 49, 56, 57, 59, 58, 62, 63, 34, 68, 32, 35, 74, 75, 45, 48, 44, 69, 80, 81, 84, 90, 91, 85, 89, 88, 94, 95, 96, 97, 54, 55, 108, 109, 25, 24, 61, 60, 116, 117, 92, 93, 43, 42, 118, 119, 65, 64, 124, 125, 126, 127, 130, 131, 134, 135, 23, 83, 82, 22, 136, 137, 138, 139, 133, 132, 52, 53, 123, 15, 129, 122, 148, 149, 99, 101, 154, 155, 156, 157, 98, 100, 86, 14, 87, 128, 102, 103, 162, 164, 165, 163, 115, 114, 39, 143, 144, 66, 105, 111, 169, 168, 153, 38, 113, 171, 173, 175, 177, 176, 179, 178, 181, 183, 182, 180, 174, 172, 194, 195, 189, 191, 196, 197, 145, 106, 192, 190, 104, 188, 199, 201, 203, 202, 205, 204, 210, 211, 207, 209, 208, 213, 215, 214, 212, 147, 206, 198, 184, 170, 217, 216, 73, 219, 218, 221, 220, 21, 20, 146, 71, 112, 67, 223, 225, 224, 227, 229, 231, 230, 228, 226, 222, 77, 27, 233, 232, 234, 235, 236, 237, 238, 239, 70, 240, 241, 242, 243, 244, 245, 246, 247, 249, 248, 140, 250, 251, 121, 151, 254, 255, 256, 257, 258, 259, 261, 260, 263, 264, 265, 262, 266, 267, 200, 268, 269, 271, 270, 193, 185, 272, 273, 274, 275, 276, 277, 278, 279, 283, 280, 281, 282, 284, 285, 286, 287, 291, 290, 142, 120, 110, 293, 294, 295, 296, 297, 298, 299, 150, 26, 292, 72, 107, 300, 301, 303, 304, 305]
  列生成求解结果: 目标值=12.0000， 下界=10.0000， 上界=11.0000

处理节点 302
  开始列生成求解...
Set parameter LogToConsole to value 0
Set parameter Threads to value 1
Set parameter Seed to value 0
  定价策略: Exact, node=302, vertices=17
Set parameter PoolSearchMode to value 2
Set parameter PoolSolutions to value 10
[CG 1] RMP=344.333333, pricing=ExactPricingSolver, new_columns=10
[CG 2] RMP=12.000000, pricing=ExactPricingSolver, new_columns=10
[CG 3] RMP=12.000000, pricing=ExactPricingSolver, new_columns=0
  搜索路径: [1, 2, 3, 4, 5, 6, 7, 8, 11, 13, 16, 10, 18, 17, 12, 19, 9, 28, 29, 31, 36, 37, 30, 40, 41, 46, 47, 50, 51, 33, 49, 56, 57, 59, 58, 62, 63, 34, 68, 32, 35, 74, 75, 45, 48, 44, 69, 80, 81, 84, 90, 91, 85, 89, 88, 94, 95, 96, 97, 54, 55, 108, 109, 25, 24, 61, 60, 116, 117, 92, 93, 43, 42, 118, 119, 65, 64, 124, 125, 126, 127, 130, 131, 134, 135, 23, 83, 82, 22, 136, 137, 138, 139, 133, 132, 52, 53, 123, 15, 129, 122, 148, 149, 99, 101, 154, 155, 156, 157, 98, 100, 86, 14, 87, 128, 102, 103, 162, 164, 165, 163, 115, 114, 39, 143, 144, 66, 105, 111, 169, 168, 153, 38, 113, 171, 173, 175, 177, 176, 179, 178, 181, 183, 182, 180, 174, 172, 194, 195, 189, 191, 196, 197, 145, 106, 192, 190, 104, 188, 199, 201, 203, 202, 205, 204, 210, 211, 207, 209, 208, 213, 215, 214, 212, 147, 206, 198, 184, 170, 217, 216, 73, 219, 218, 221, 220, 21, 20, 146, 71, 112, 67, 223, 225, 224, 227, 229, 231, 230, 228, 226, 222, 77, 27, 233, 232, 234, 235, 236, 237, 238, 239, 70, 240, 241, 242, 243, 244, 245, 246, 247, 249, 248, 140, 250, 251, 121, 151, 254, 255, 256, 257, 258, 259, 261, 260, 263, 264, 265, 262, 266, 267, 200, 268, 269, 271, 270, 193, 185, 272, 273, 274, 275, 276, 277, 278, 279, 283, 280, 281, 282, 284, 285, 286, 287, 291, 290, 142, 120, 110, 293, 294, 295, 296, 297, 298, 299, 150, 26, 292, 72, 107, 300, 301, 303, 304, 305, 302]
  列生成求解结果: 目标值=12.0000， 下界=10.0000， 上界=11.0000

处理节点 152
  开始列生成求解...
Set parameter LogToConsole to value 0
Set parameter Threads to value 1
Set parameter Seed to value 0
  定价策略: Exact, node=152, vertices=16
Set parameter PoolSearchMode to value 2
Set parameter PoolSolutions to value 10
[CG 1] RMP=12.000000, pricing=ExactPricingSolver, new_columns=10
[CG 2] RMP=12.000000, pricing=ExactPricingSolver, new_columns=0
  搜索路径: [1, 2, 3, 4, 5, 6, 7, 8, 11, 13, 16, 10, 18, 17, 12, 19, 9, 28, 29, 31, 36, 37, 30, 40, 41, 46, 47, 50, 51, 33, 49, 56, 57, 59, 58, 62, 63, 34, 68, 32, 35, 74, 75, 45, 48, 44, 69, 80, 81, 84, 90, 91, 85, 89, 88, 94, 95, 96, 97, 54, 55, 108, 109, 25, 24, 61, 60, 116, 117, 92, 93, 43, 42, 118, 119, 65, 64, 124, 125, 126, 127, 130, 131, 134, 135, 23, 83, 82, 22, 136, 137, 138, 139, 133, 132, 52, 53, 123, 15, 129, 122, 148, 149, 99, 101, 154, 155, 156, 157, 98, 100, 86, 14, 87, 128, 102, 103, 162, 164, 165, 163, 115, 114, 39, 143, 144, 66, 105, 111, 169, 168, 153, 38, 113, 171, 173, 175, 177, 176, 179, 178, 181, 183, 182, 180, 174, 172, 194, 195, 189, 191, 196, 197, 145, 106, 192, 190, 104, 188, 199, 201, 203, 202, 205, 204, 210, 211, 207, 209, 208, 213, 215, 214, 212, 147, 206, 198, 184, 170, 217, 216, 73, 219, 218, 221, 220, 21, 20, 146, 71, 112, 67, 223, 225, 224, 227, 229, 231, 230, 228, 226, 222, 77, 27, 233, 232, 234, 235, 236, 237, 238, 239, 70, 240, 241, 242, 243, 244, 245, 246, 247, 249, 248, 140, 250, 251, 121, 151, 254, 255, 256, 257, 258, 259, 261, 260, 263, 264, 265, 262, 266, 267, 200, 268, 269, 271, 270, 193, 185, 272, 273, 274, 275, 276, 277, 278, 279, 283, 280, 281, 282, 284, 285, 286, 287, 291, 290, 142, 120, 110, 293, 294, 295, 296, 297, 298, 299, 150, 26, 292, 72, 107, 300, 301, 303, 304, 305, 302, 152]
  列生成求解结果: 目标值=12.0000， 下界=10.0000， 上界=11.0000

处理节点 141
  开始列生成求解...
Set parameter LogToConsole to value 0
Set parameter Threads to value 1
Set parameter Seed to value 0
  定价策略: Exact, node=141, vertices=16
Set parameter PoolSearchMode to value 2
Set parameter PoolSolutions to value 10
[CG 1] RMP=24.000000, pricing=ExactPricingSolver, new_columns=10
[CG 2] RMP=12.000000, pricing=ExactPricingSolver, new_columns=10
[CG 3] RMP=12.000000, pricing=ExactPricingSolver, new_columns=10
[CG 4] RMP=12.000000, pricing=ExactPricingSolver, new_columns=10
[CG 5] RMP=12.000000, pricing=ExactPricingSolver, new_columns=0
  搜索路径: [1, 2, 3, 4, 5, 6, 7, 8, 11, 13, 16, 10, 18, 17, 12, 19, 9, 28, 29, 31, 36, 37, 30, 40, 41, 46, 47, 50, 51, 33, 49, 56, 57, 59, 58, 62, 63, 34, 68, 32, 35, 74, 75, 45, 48, 44, 69, 80, 81, 84, 90, 91, 85, 89, 88, 94, 95, 96, 97, 54, 55, 108, 109, 25, 24, 61, 60, 116, 117, 92, 93, 43, 42, 118, 119, 65, 64, 124, 125, 126, 127, 130, 131, 134, 135, 23, 83, 82, 22, 136, 137, 138, 139, 133, 132, 52, 53, 123, 15, 129, 122, 148, 149, 99, 101, 154, 155, 156, 157, 98, 100, 86, 14, 87, 128, 102, 103, 162, 164, 165, 163, 115, 114, 39, 143, 144, 66, 105, 111, 169, 168, 153, 38, 113, 171, 173, 175, 177, 176, 179, 178, 181, 183, 182, 180, 174, 172, 194, 195, 189, 191, 196, 197, 145, 106, 192, 190, 104, 188, 199, 201, 203, 202, 205, 204, 210, 211, 207, 209, 208, 213, 215, 214, 212, 147, 206, 198, 184, 170, 217, 216, 73, 219, 218, 221, 220, 21, 20, 146, 71, 112, 67, 223, 225, 224, 227, 229, 231, 230, 228, 226, 222, 77, 27, 233, 232, 234, 235, 236, 237, 238, 239, 70, 240, 241, 242, 243, 244, 245, 246, 247, 249, 248, 140, 250, 251, 121, 151, 254, 255, 256, 257, 258, 259, 261, 260, 263, 264, 265, 262, 266, 267, 200, 268, 269, 271, 270, 193, 185, 272, 273, 274, 275, 276, 277, 278, 279, 283, 280, 281, 282, 284, 285, 286, 287, 291, 290, 142, 120, 110, 293, 294, 295, 296, 297, 298, 299, 150, 26, 292, 72, 107, 300, 301, 303, 304, 305, 302, 152, 141]
  列生成求解结果: 目标值=12.0000， 下界=10.0000， 上界=11.0000

处理节点 76
  开始列生成求解...
Set parameter LogToConsole to value 0
Set parameter Threads to value 1
Set parameter Seed to value 0
  定价策略: Exact, node=76, vertices=21
Set parameter PoolSearchMode to value 2
Set parameter PoolSolutions to value 10
[CG 1] RMP=12.000000, pricing=ExactPricingSolver, new_columns=0
  搜索路径: [1, 2, 3, 4, 5, 6, 7, 8, 11, 13, 16, 10, 18, 17, 12, 19, 9, 28, 29, 31, 36, 37, 30, 40, 41, 46, 47, 50, 51, 33, 49, 56, 57, 59, 58, 62, 63, 34, 68, 32, 35, 74, 75, 45, 48, 44, 69, 80, 81, 84, 90, 91, 85, 89, 88, 94, 95, 96, 97, 54, 55, 108, 109, 25, 24, 61, 60, 116, 117, 92, 93, 43, 42, 118, 119, 65, 64, 124, 125, 126, 127, 130, 131, 134, 135, 23, 83, 82, 22, 136, 137, 138, 139, 133, 132, 52, 53, 123, 15, 129, 122, 148, 149, 99, 101, 154, 155, 156, 157, 98, 100, 86, 14, 87, 128, 102, 103, 162, 164, 165, 163, 115, 114, 39, 143, 144, 66, 105, 111, 169, 168, 153, 38, 113, 171, 173, 175, 177, 176, 179, 178, 181, 183, 182, 180, 174, 172, 194, 195, 189, 191, 196, 197, 145, 106, 192, 190, 104, 188, 199, 201, 203, 202, 205, 204, 210, 211, 207, 209, 208, 213, 215, 214, 212, 147, 206, 198, 184, 170, 217, 216, 73, 219, 218, 221, 220, 21, 20, 146, 71, 112, 67, 223, 225, 224, 227, 229, 231, 230, 228, 226, 222, 77, 27, 233, 232, 234, 235, 236, 237, 238, 239, 70, 240, 241, 242, 243, 244, 245, 246, 247, 249, 248, 140, 250, 251, 121, 151, 254, 255, 256, 257, 258, 259, 261, 260, 263, 264, 265, 262, 266, 267, 200, 268, 269, 271, 270, 193, 185, 272, 273, 274, 275, 276, 277, 278, 279, 283, 280, 281, 282, 284, 285, 286, 287, 291, 290, 142, 120, 110, 293, 294, 295, 296, 297, 298, 299, 150, 26, 292, 72, 107, 300, 301, 303, 304, 305, 302, 152, 141, 76]
  列生成求解结果: 目标值=12.0000， 下界=10.0000， 上界=11.0000

处理节点 78
  开始列生成求解...
Set parameter LogToConsole to value 0
Set parameter Threads to value 1
Set parameter Seed to value 0
  定价策略: Exact, node=78, vertices=23
Set parameter PoolSearchMode to value 2
Set parameter PoolSolutions to value 10
[CG 1] RMP=10.000000, pricing=ExactPricingSolver, new_columns=0
  搜索路径: [1, 2, 3, 4, 5, 6, 7, 8, 11, 13, 16, 10, 18, 17, 12, 19, 9, 28, 29, 31, 36, 37, 30, 40, 41, 46, 47, 50, 51, 33, 49, 56, 57, 59, 58, 62, 63, 34, 68, 32, 35, 74, 75, 45, 48, 44, 69, 80, 81, 84, 90, 91, 85, 89, 88, 94, 95, 96, 97, 54, 55, 108, 109, 25, 24, 61, 60, 116, 117, 92, 93, 43, 42, 118, 119, 65, 64, 124, 125, 126, 127, 130, 131, 134, 135, 23, 83, 82, 22, 136, 137, 138, 139, 133, 132, 52, 53, 123, 15, 129, 122, 148, 149, 99, 101, 154, 155, 156, 157, 98, 100, 86, 14, 87, 128, 102, 103, 162, 164, 165, 163, 115, 114, 39, 143, 144, 66, 105, 111, 169, 168, 153, 38, 113, 171, 173, 175, 177, 176, 179, 178, 181, 183, 182, 180, 174, 172, 194, 195, 189, 191, 196, 197, 145, 106, 192, 190, 104, 188, 199, 201, 203, 202, 205, 204, 210, 211, 207, 209, 208, 213, 215, 214, 212, 147, 206, 198, 184, 170, 217, 216, 73, 219, 218, 221, 220, 21, 20, 146, 71, 112, 67, 223, 225, 224, 227, 229, 231, 230, 228, 226, 222, 77, 27, 233, 232, 234, 235, 236, 237, 238, 239, 70, 240, 241, 242, 243, 244, 245, 246, 247, 249, 248, 140, 250, 251, 121, 151, 254, 255, 256, 257, 258, 259, 261, 260, 263, 264, 265, 262, 266, 267, 200, 268, 269, 271, 270, 193, 185, 272, 273, 274, 275, 276, 277, 278, 279, 283, 280, 281, 282, 284, 285, 286, 287, 291, 290, 142, 120, 110, 293, 294, 295, 296, 297, 298, 299, 150, 26, 292, 72, 107, 300, 301, 303, 304, 305, 302, 152, 141, 76, 78]
  列生成求解结果: 目标值=10.0000， 下界=10.0000， 上界=11.0000
    非整数变量: COL_18-20-22-30_67 = 0.333333
  解不是整数，开始分支...
ImposedVertex(vertex=20)
ForbidVertex(vertex=20)
  创建了 2 个分支
    添加分支节点 1: ID=306
    添加分支节点 2: ID=307

处理节点 79
  开始列生成求解...
Set parameter LogToConsole to value 0
Set parameter Threads to value 1
Set parameter Seed to value 0
  定价策略: Exact, node=79, vertices=23
Set parameter PoolSearchMode to value 2
Set parameter PoolSolutions to value 10
[CG 1] RMP=2012.000000, pricing=ExactPricingSolver, new_columns=10
[CG 2] RMP=12.000000, pricing=ExactPricingSolver, new_columns=0
  搜索路径: [1, 2, 3, 4, 5, 6, 7, 8, 11, 13, 16, 10, 18, 17, 12, 19, 9, 28, 29, 31, 36, 37, 30, 40, 41, 46, 47, 50, 51, 33, 49, 56, 57, 59, 58, 62, 63, 34, 68, 32, 35, 74, 75, 45, 48, 44, 69, 80, 81, 84, 90, 91, 85, 89, 88, 94, 95, 96, 97, 54, 55, 108, 109, 25, 24, 61, 60, 116, 117, 92, 93, 43, 42, 118, 119, 65, 64, 124, 125, 126, 127, 130, 131, 134, 135, 23, 83, 82, 22, 136, 137, 138, 139, 133, 132, 52, 53, 123, 15, 129, 122, 148, 149, 99, 101, 154, 155, 156, 157, 98, 100, 86, 14, 87, 128, 102, 103, 162, 164, 165, 163, 115, 114, 39, 143, 144, 66, 105, 111, 169, 168, 153, 38, 113, 171, 173, 175, 177, 176, 179, 178, 181, 183, 182, 180, 174, 172, 194, 195, 189, 191, 196, 197, 145, 106, 192, 190, 104, 188, 199, 201, 203, 202, 205, 204, 210, 211, 207, 209, 208, 213, 215, 214, 212, 147, 206, 198, 184, 170, 217, 216, 73, 219, 218, 221, 220, 21, 20, 146, 71, 112, 67, 223, 225, 224, 227, 229, 231, 230, 228, 226, 222, 77, 27, 233, 232, 234, 235, 236, 237, 238, 239, 70, 240, 241, 242, 243, 244, 245, 246, 247, 249, 248, 140, 250, 251, 121, 151, 254, 255, 256, 257, 258, 259, 261, 260, 263, 264, 265, 262, 266, 267, 200, 268, 269, 271, 270, 193, 185, 272, 273, 274, 275, 276, 277, 278, 279, 283, 280, 281, 282, 284, 285, 286, 287, 291, 290, 142, 120, 110, 293, 294, 295, 296, 297, 298, 299, 150, 26, 292, 72, 107, 300, 301, 303, 304, 305, 302, 152, 141, 76, 78, 79]
  列生成求解结果: 目标值=12.0000， 下界=10.0000， 上界=11.0000

处理节点 306
  开始列生成求解...
Set parameter LogToConsole to value 0
Set parameter Threads to value 1
Set parameter Seed to value 0
  定价策略: Exact, node=306, vertices=22
Set parameter PoolSearchMode to value 2
Set parameter PoolSolutions to value 10
[CG 1] RMP=12.000000, pricing=ExactPricingSolver, new_columns=10
[CG 2] RMP=12.000000, pricing=ExactPricingSolver, new_columns=0
  搜索路径: [1, 2, 3, 4, 5, 6, 7, 8, 11, 13, 16, 10, 18, 17, 12, 19, 9, 28, 29, 31, 36, 37, 30, 40, 41, 46, 47, 50, 51, 33, 49, 56, 57, 59, 58, 62, 63, 34, 68, 32, 35, 74, 75, 45, 48, 44, 69, 80, 81, 84, 90, 91, 85, 89, 88, 94, 95, 96, 97, 54, 55, 108, 109, 25, 24, 61, 60, 116, 117, 92, 93, 43, 42, 118, 119, 65, 64, 124, 125, 126, 127, 130, 131, 134, 135, 23, 83, 82, 22, 136, 137, 138, 139, 133, 132, 52, 53, 123, 15, 129, 122, 148, 149, 99, 101, 154, 155, 156, 157, 98, 100, 86, 14, 87, 128, 102, 103, 162, 164, 165, 163, 115, 114, 39, 143, 144, 66, 105, 111, 169, 168, 153, 38, 113, 171, 173, 175, 177, 176, 179, 178, 181, 183, 182, 180, 174, 172, 194, 195, 189, 191, 196, 197, 145, 106, 192, 190, 104, 188, 199, 201, 203, 202, 205, 204, 210, 211, 207, 209, 208, 213, 215, 214, 212, 147, 206, 198, 184, 170, 217, 216, 73, 219, 218, 221, 220, 21, 20, 146, 71, 112, 67, 223, 225, 224, 227, 229, 231, 230, 228, 226, 222, 77, 27, 233, 232, 234, 235, 236, 237, 238, 239, 70, 240, 241, 242, 243, 244, 245, 246, 247, 249, 248, 140, 250, 251, 121, 151, 254, 255, 256, 257, 258, 259, 261, 260, 263, 264, 265, 262, 266, 267, 200, 268, 269, 271, 270, 193, 185, 272, 273, 274, 275, 276, 277, 278, 279, 283, 280, 281, 282, 284, 285, 286, 287, 291, 290, 142, 120, 110, 293, 294, 295, 296, 297, 298, 299, 150, 26, 292, 72, 107, 300, 301, 303, 304, 305, 302, 152, 141, 76, 78, 79, 306]
  列生成求解结果: 目标值=12.0000， 下界=10.0000， 上界=11.0000

处理节点 307
  开始列生成求解...
Set parameter LogToConsole to value 0
Set parameter Threads to value 1
Set parameter Seed to value 0
  定价策略: Exact, node=307, vertices=22
Set parameter PoolSearchMode to value 2
Set parameter PoolSolutions to value 10
[CG 1] RMP=12.000000, pricing=ExactPricingSolver, new_columns=0
  搜索路径: [1, 2, 3, 4, 5, 6, 7, 8, 11, 13, 16, 10, 18, 17, 12, 19, 9, 28, 29, 31, 36, 37, 30, 40, 41, 46, 47, 50, 51, 33, 49, 56, 57, 59, 58, 62, 63, 34, 68, 32, 35, 74, 75, 45, 48, 44, 69, 80, 81, 84, 90, 91, 85, 89, 88, 94, 95, 96, 97, 54, 55, 108, 109, 25, 24, 61, 60, 116, 117, 92, 93, 43, 42, 118, 119, 65, 64, 124, 125, 126, 127, 130, 131, 134, 135, 23, 83, 82, 22, 136, 137, 138, 139, 133, 132, 52, 53, 123, 15, 129, 122, 148, 149, 99, 101, 154, 155, 156, 157, 98, 100, 86, 14, 87, 128, 102, 103, 162, 164, 165, 163, 115, 114, 39, 143, 144, 66, 105, 111, 169, 168, 153, 38, 113, 171, 173, 175, 177, 176, 179, 178, 181, 183, 182, 180, 174, 172, 194, 195, 189, 191, 196, 197, 145, 106, 192, 190, 104, 188, 199, 201, 203, 202, 205, 204, 210, 211, 207, 209, 208, 213, 215, 214, 212, 147, 206, 198, 184, 170, 217, 216, 73, 219, 218, 221, 220, 21, 20, 146, 71, 112, 67, 223, 225, 224, 227, 229, 231, 230, 228, 226, 222, 77, 27, 233, 232, 234, 235, 236, 237, 238, 239, 70, 240, 241, 242, 243, 244, 245, 246, 247, 249, 248, 140, 250, 251, 121, 151, 254, 255, 256, 257, 258, 259, 261, 260, 263, 264, 265, 262, 266, 267, 200, 268, 269, 271, 270, 193, 185, 272, 273, 274, 275, 276, 277, 278, 279, 283, 280, 281, 282, 284, 285, 286, 287, 291, 290, 142, 120, 110, 293, 294, 295, 296, 297, 298, 299, 150, 26, 292, 72, 107, 300, 301, 303, 304, 305, 302, 152, 141, 76, 78, 79, 306, 307]
  列生成求解结果: 目标值=12.0000， 下界=10.0000， 上界=11.0000

处理节点 161
  开始列生成求解...
Set parameter LogToConsole to value 0
Set parameter Threads to value 1
Set parameter Seed to value 0
  定价策略: Exact, node=161, vertices=17
Set parameter PoolSearchMode to value 2
Set parameter PoolSolutions to value 10
[CG 1] RMP=12.000000, pricing=ExactPricingSolver, new_columns=0
  搜索路径: [1, 2, 3, 4, 5, 6, 7, 8, 11, 13, 16, 10, 18, 17, 12, 19, 9, 28, 29, 31, 36, 37, 30, 40, 41, 46, 47, 50, 51, 33, 49, 56, 57, 59, 58, 62, 63, 34, 68, 32, 35, 74, 75, 45, 48, 44, 69, 80, 81, 84, 90, 91, 85, 89, 88, 94, 95, 96, 97, 54, 55, 108, 109, 25, 24, 61, 60, 116, 117, 92, 93, 43, 42, 118, 119, 65, 64, 124, 125, 126, 127, 130, 131, 134, 135, 23, 83, 82, 22, 136, 137, 138, 139, 133, 132, 52, 53, 123, 15, 129, 122, 148, 149, 99, 101, 154, 155, 156, 157, 98, 100, 86, 14, 87, 128, 102, 103, 162, 164, 165, 163, 115, 114, 39, 143, 144, 66, 105, 111, 169, 168, 153, 38, 113, 171, 173, 175, 177, 176, 179, 178, 181, 183, 182, 180, 174, 172, 194, 195, 189, 191, 196, 197, 145, 106, 192, 190, 104, 188, 199, 201, 203, 202, 205, 204, 210, 211, 207, 209, 208, 213, 215, 214, 212, 147, 206, 198, 184, 170, 217, 216, 73, 219, 218, 221, 220, 21, 20, 146, 71, 112, 67, 223, 225, 224, 227, 229, 231, 230, 228, 226, 222, 77, 27, 233, 232, 234, 235, 236, 237, 238, 239, 70, 240, 241, 242, 243, 244, 245, 246, 247, 249, 248, 140, 250, 251, 121, 151, 254, 255, 256, 257, 258, 259, 261, 260, 263, 264, 265, 262, 266, 267, 200, 268, 269, 271, 270, 193, 185, 272, 273, 274, 275, 276, 277, 278, 279, 283, 280, 281, 282, 284, 285, 286, 287, 291, 290, 142, 120, 110, 293, 294, 295, 296, 297, 298, 299, 150, 26, 292, 72, 107, 300, 301, 303, 304, 305, 302, 152, 141, 76, 78, 79, 306, 307, 161]
  列生成求解结果: 目标值=12.0000， 下界=10.0000， 上界=11.0000

处理节点 167
  开始列生成求解...
Set parameter LogToConsole to value 0
Set parameter Threads to value 1
Set parameter Seed to value 0
  定价策略: Exact, node=167, vertices=21
Set parameter PoolSearchMode to value 2
Set parameter PoolSolutions to value 10
[CG 1] RMP=12.000000, pricing=ExactPricingSolver, new_columns=0
  搜索路径: [1, 2, 3, 4, 5, 6, 7, 8, 11, 13, 16, 10, 18, 17, 12, 19, 9, 28, 29, 31, 36, 37, 30, 40, 41, 46, 47, 50, 51, 33, 49, 56, 57, 59, 58, 62, 63, 34, 68, 32, 35, 74, 75, 45, 48, 44, 69, 80, 81, 84, 90, 91, 85, 89, 88, 94, 95, 96, 97, 54, 55, 108, 109, 25, 24, 61, 60, 116, 117, 92, 93, 43, 42, 118, 119, 65, 64, 124, 125, 126, 127, 130, 131, 134, 135, 23, 83, 82, 22, 136, 137, 138, 139, 133, 132, 52, 53, 123, 15, 129, 122, 148, 149, 99, 101, 154, 155, 156, 157, 98, 100, 86, 14, 87, 128, 102, 103, 162, 164, 165, 163, 115, 114, 39, 143, 144, 66, 105, 111, 169, 168, 153, 38, 113, 171, 173, 175, 177, 176, 179, 178, 181, 183, 182, 180, 174, 172, 194, 195, 189, 191, 196, 197, 145, 106, 192, 190, 104, 188, 199, 201, 203, 202, 205, 204, 210, 211, 207, 209, 208, 213, 215, 214, 212, 147, 206, 198, 184, 170, 217, 216, 73, 219, 218, 221, 220, 21, 20, 146, 71, 112, 67, 223, 225, 224, 227, 229, 231, 230, 228, 226, 222, 77, 27, 233, 232, 234, 235, 236, 237, 238, 239, 70, 240, 241, 242, 243, 244, 245, 246, 247, 249, 248, 140, 250, 251, 121, 151, 254, 255, 256, 257, 258, 259, 261, 260, 263, 264, 265, 262, 266, 267, 200, 268, 269, 271, 270, 193, 185, 272, 273, 274, 275, 276, 277, 278, 279, 283, 280, 281, 282, 284, 285, 286, 287, 291, 290, 142, 120, 110, 293, 294, 295, 296, 297, 298, 299, 150, 26, 292, 72, 107, 300, 301, 303, 304, 305, 302, 152, 141, 76, 78, 79, 306, 307, 161, 167]
  列生成求解结果: 目标值=12.0000， 下界=10.0000， 上界=11.0000

处理节点 253
  开始列生成求解...
Set parameter LogToConsole to value 0
Set parameter Threads to value 1
Set parameter Seed to value 0
  定价策略: Exact, node=253, vertices=19
Set parameter PoolSearchMode to value 2
Set parameter PoolSolutions to value 10
[CG 1] RMP=2012.000000, pricing=ExactPricingSolver, new_columns=10
[CG 2] RMP=11.000000, pricing=ExactPricingSolver, new_columns=10
[CG 3] RMP=11.000000, pricing=ExactPricingSolver, new_columns=0
  搜索路径: [1, 2, 3, 4, 5, 6, 7, 8, 11, 13, 16, 10, 18, 17, 12, 19, 9, 28, 29, 31, 36, 37, 30, 40, 41, 46, 47, 50, 51, 33, 49, 56, 57, 59, 58, 62, 63, 34, 68, 32, 35, 74, 75, 45, 48, 44, 69, 80, 81, 84, 90, 91, 85, 89, 88, 94, 95, 96, 97, 54, 55, 108, 109, 25, 24, 61, 60, 116, 117, 92, 93, 43, 42, 118, 119, 65, 64, 124, 125, 126, 127, 130, 131, 134, 135, 23, 83, 82, 22, 136, 137, 138, 139, 133, 132, 52, 53, 123, 15, 129, 122, 148, 149, 99, 101, 154, 155, 156, 157, 98, 100, 86, 14, 87, 128, 102, 103, 162, 164, 165, 163, 115, 114, 39, 143, 144, 66, 105, 111, 169, 168, 153, 38, 113, 171, 173, 175, 177, 176, 179, 178, 181, 183, 182, 180, 174, 172, 194, 195, 189, 191, 196, 197, 145, 106, 192, 190, 104, 188, 199, 201, 203, 202, 205, 204, 210, 211, 207, 209, 208, 213, 215, 214, 212, 147, 206, 198, 184, 170, 217, 216, 73, 219, 218, 221, 220, 21, 20, 146, 71, 112, 67, 223, 225, 224, 227, 229, 231, 230, 228, 226, 222, 77, 27, 233, 232, 234, 235, 236, 237, 238, 239, 70, 240, 241, 242, 243, 244, 245, 246, 247, 249, 248, 140, 250, 251, 121, 151, 254, 255, 256, 257, 258, 259, 261, 260, 263, 264, 265, 262, 266, 267, 200, 268, 269, 271, 270, 193, 185, 272, 273, 274, 275, 276, 277, 278, 279, 283, 280, 281, 282, 284, 285, 286, 287, 291, 290, 142, 120, 110, 293, 294, 295, 296, 297, 298, 299, 150, 26, 292, 72, 107, 300, 301, 303, 304, 305, 302, 152, 141, 76, 78, 79, 306, 307, 161, 167, 253]
  列生成求解结果: 目标值=11.0000， 下界=10.0000， 上界=11.0000

处理节点 289
  开始列生成求解...
Set parameter LogToConsole to value 0
Set parameter Threads to value 1
Set parameter Seed to value 0
  定价策略: Exact, node=289, vertices=16
Set parameter PoolSearchMode to value 2
Set parameter PoolSolutions to value 10
[CG 1] RMP=12.000000, pricing=ExactPricingSolver, new_columns=0
  搜索路径: [1, 2, 3, 4, 5, 6, 7, 8, 11, 13, 16, 10, 18, 17, 12, 19, 9, 28, 29, 31, 36, 37, 30, 40, 41, 46, 47, 50, 51, 33, 49, 56, 57, 59, 58, 62, 63, 34, 68, 32, 35, 74, 75, 45, 48, 44, 69, 80, 81, 84, 90, 91, 85, 89, 88, 94, 95, 96, 97, 54, 55, 108, 109, 25, 24, 61, 60, 116, 117, 92, 93, 43, 42, 118, 119, 65, 64, 124, 125, 126, 127, 130, 131, 134, 135, 23, 83, 82, 22, 136, 137, 138, 139, 133, 132, 52, 53, 123, 15, 129, 122, 148, 149, 99, 101, 154, 155, 156, 157, 98, 100, 86, 14, 87, 128, 102, 103, 162, 164, 165, 163, 115, 114, 39, 143, 144, 66, 105, 111, 169, 168, 153, 38, 113, 171, 173, 175, 177, 176, 179, 178, 181, 183, 182, 180, 174, 172, 194, 195, 189, 191, 196, 197, 145, 106, 192, 190, 104, 188, 199, 201, 203, 202, 205, 204, 210, 211, 207, 209, 208, 213, 215, 214, 212, 147, 206, 198, 184, 170, 217, 216, 73, 219, 218, 221, 220, 21, 20, 146, 71, 112, 67, 223, 225, 224, 227, 229, 231, 230, 228, 226, 222, 77, 27, 233, 232, 234, 235, 236, 237, 238, 239, 70, 240, 241, 242, 243, 244, 245, 246, 247, 249, 248, 140, 250, 251, 121, 151, 254, 255, 256, 257, 258, 259, 261, 260, 263, 264, 265, 262, 266, 267, 200, 268, 269, 271, 270, 193, 185, 272, 273, 274, 275, 276, 277, 278, 279, 283, 280, 281, 282, 284, 285, 286, 287, 291, 290, 142, 120, 110, 293, 294, 295, 296, 297, 298, 299, 150, 26, 292, 72, 107, 300, 301, 303, 304, 305, 302, 152, 141, 76, 78, 79, 306, 307, 161, 167, 253, 289]
  列生成求解结果: 目标值=12.0000， 下界=10.0000， 上界=11.0000

处理节点 288
  开始列生成求解...
Set parameter LogToConsole to value 0
Set parameter Threads to value 1
Set parameter Seed to value 0
  定价策略: Exact, node=288, vertices=16
Set parameter PoolSearchMode to value 2
Set parameter PoolSolutions to value 10
[CG 1] RMP=11.000000, pricing=ExactPricingSolver, new_columns=0
  搜索路径: [1, 2, 3, 4, 5, 6, 7, 8, 11, 13, 16, 10, 18, 17, 12, 19, 9, 28, 29, 31, 36, 37, 30, 40, 41, 46, 47, 50, 51, 33, 49, 56, 57, 59, 58, 62, 63, 34, 68, 32, 35, 74, 75, 45, 48, 44, 69, 80, 81, 84, 90, 91, 85, 89, 88, 94, 95, 96, 97, 54, 55, 108, 109, 25, 24, 61, 60, 116, 117, 92, 93, 43, 42, 118, 119, 65, 64, 124, 125, 126, 127, 130, 131, 134, 135, 23, 83, 82, 22, 136, 137, 138, 139, 133, 132, 52, 53, 123, 15, 129, 122, 148, 149, 99, 101, 154, 155, 156, 157, 98, 100, 86, 14, 87, 128, 102, 103, 162, 164, 165, 163, 115, 114, 39, 143, 144, 66, 105, 111, 169, 168, 153, 38, 113, 171, 173, 175, 177, 176, 179, 178, 181, 183, 182, 180, 174, 172, 194, 195, 189, 191, 196, 197, 145, 106, 192, 190, 104, 188, 199, 201, 203, 202, 205, 204, 210, 211, 207, 209, 208, 213, 215, 214, 212, 147, 206, 198, 184, 170, 217, 216, 73, 219, 218, 221, 220, 21, 20, 146, 71, 112, 67, 223, 225, 224, 227, 229, 231, 230, 228, 226, 222, 77, 27, 233, 232, 234, 235, 236, 237, 238, 239, 70, 240, 241, 242, 243, 244, 245, 246, 247, 249, 248, 140, 250, 251, 121, 151, 254, 255, 256, 257, 258, 259, 261, 260, 263, 264, 265, 262, 266, 267, 200, 268, 269, 271, 270, 193, 185, 272, 273, 274, 275, 276, 277, 278, 279, 283, 280, 281, 282, 284, 285, 286, 287, 291, 290, 142, 120, 110, 293, 294, 295, 296, 297, 298, 299, 150, 26, 292, 72, 107, 300, 301, 303, 304, 305, 302, 152, 141, 76, 78, 79, 306, 307, 161, 167, 253, 289, 288]
  列生成求解结果: 目标值=11.0000， 下界=10.0000， 上界=11.0000

处理节点 186
  开始列生成求解...
Set parameter LogToConsole to value 0
Set parameter Threads to value 1
Set parameter Seed to value 0
  定价策略: Exact, node=186, vertices=22
Set parameter PoolSearchMode to value 2
Set parameter PoolSolutions to value 10
[CG 1] RMP=2012.000000, pricing=ExactPricingSolver, new_columns=10
[CG 2] RMP=2012.000000, pricing=ExactPricingSolver, new_columns=10
[CG 3] RMP=2012.000000, pricing=ExactPricingSolver, new_columns=10
[CG 4] RMP=11.000000, pricing=ExactPricingSolver, new_columns=10
[CG 5] RMP=11.000000, pricing=ExactPricingSolver, new_columns=9
[CG 6] RMP=10.000000, pricing=ExactPricingSolver, new_columns=0
  搜索路径: [1, 2, 3, 4, 5, 6, 7, 8, 11, 13, 16, 10, 18, 17, 12, 19, 9, 28, 29, 31, 36, 37, 30, 40, 41, 46, 47, 50, 51, 33, 49, 56, 57, 59, 58, 62, 63, 34, 68, 32, 35, 74, 75, 45, 48, 44, 69, 80, 81, 84, 90, 91, 85, 89, 88, 94, 95, 96, 97, 54, 55, 108, 109, 25, 24, 61, 60, 116, 117, 92, 93, 43, 42, 118, 119, 65, 64, 124, 125, 126, 127, 130, 131, 134, 135, 23, 83, 82, 22, 136, 137, 138, 139, 133, 132, 52, 53, 123, 15, 129, 122, 148, 149, 99, 101, 154, 155, 156, 157, 98, 100, 86, 14, 87, 128, 102, 103, 162, 164, 165, 163, 115, 114, 39, 143, 144, 66, 105, 111, 169, 168, 153, 38, 113, 171, 173, 175, 177, 176, 179, 178, 181, 183, 182, 180, 174, 172, 194, 195, 189, 191, 196, 197, 145, 106, 192, 190, 104, 188, 199, 201, 203, 202, 205, 204, 210, 211, 207, 209, 208, 213, 215, 214, 212, 147, 206, 198, 184, 170, 217, 216, 73, 219, 218, 221, 220, 21, 20, 146, 71, 112, 67, 223, 225, 224, 227, 229, 231, 230, 228, 226, 222, 77, 27, 233, 232, 234, 235, 236, 237, 238, 239, 70, 240, 241, 242, 243, 244, 245, 246, 247, 249, 248, 140, 250, 251, 121, 151, 254, 255, 256, 257, 258, 259, 261, 260, 263, 264, 265, 262, 266, 267, 200, 268, 269, 271, 270, 193, 185, 272, 273, 274, 275, 276, 277, 278, 279, 283, 280, 281, 282, 284, 285, 286, 287, 291, 290, 142, 120, 110, 293, 294, 295, 296, 297, 298, 299, 150, 26, 292, 72, 107, 300, 301, 303, 304, 305, 302, 152, 141, 76, 78, 79, 306, 307, 161, 167, 253, 289, 288, 186]
  列生成求解结果: 目标值=10.0000， 下界=10.0000， 上界=11.0000
    非整数变量: COL_16-23-28-31-5_3346 = 0.166667
  解不是整数，开始分支...
ImposedVertex(vertex=23)
ForbidVertex(vertex=23)
  创建了 2 个分支
    添加分支节点 1: ID=308
    添加分支节点 2: ID=309

处理节点 308
  开始列生成求解...
Set parameter LogToConsole to value 0
Set parameter Threads to value 1
Set parameter Seed to value 0
  定价策略: Exact, node=308, vertices=20
Set parameter PoolSearchMode to value 2
Set parameter PoolSolutions to value 10
[CG 1] RMP=10.000000, pricing=ExactPricingSolver, new_columns=0
  搜索路径: [1, 2, 3, 4, 5, 6, 7, 8, 11, 13, 16, 10, 18, 17, 12, 19, 9, 28, 29, 31, 36, 37, 30, 40, 41, 46, 47, 50, 51, 33, 49, 56, 57, 59, 58, 62, 63, 34, 68, 32, 35, 74, 75, 45, 48, 44, 69, 80, 81, 84, 90, 91, 85, 89, 88, 94, 95, 96, 97, 54, 55, 108, 109, 25, 24, 61, 60, 116, 117, 92, 93, 43, 42, 118, 119, 65, 64, 124, 125, 126, 127, 130, 131, 134, 135, 23, 83, 82, 22, 136, 137, 138, 139, 133, 132, 52, 53, 123, 15, 129, 122, 148, 149, 99, 101, 154, 155, 156, 157, 98, 100, 86, 14, 87, 128, 102, 103, 162, 164, 165, 163, 115, 114, 39, 143, 144, 66, 105, 111, 169, 168, 153, 38, 113, 171, 173, 175, 177, 176, 179, 178, 181, 183, 182, 180, 174, 172, 194, 195, 189, 191, 196, 197, 145, 106, 192, 190, 104, 188, 199, 201, 203, 202, 205, 204, 210, 211, 207, 209, 208, 213, 215, 214, 212, 147, 206, 198, 184, 170, 217, 216, 73, 219, 218, 221, 220, 21, 20, 146, 71, 112, 67, 223, 225, 224, 227, 229, 231, 230, 228, 226, 222, 77, 27, 233, 232, 234, 235, 236, 237, 238, 239, 70, 240, 241, 242, 243, 244, 245, 246, 247, 249, 248, 140, 250, 251, 121, 151, 254, 255, 256, 257, 258, 259, 261, 260, 263, 264, 265, 262, 266, 267, 200, 268, 269, 271, 270, 193, 185, 272, 273, 274, 275, 276, 277, 278, 279, 283, 280, 281, 282, 284, 285, 286, 287, 291, 290, 142, 120, 110, 293, 294, 295, 296, 297, 298, 299, 150, 26, 292, 72, 107, 300, 301, 303, 304, 305, 302, 152, 141, 76, 78, 79, 306, 307, 161, 167, 253, 289, 288, 186, 308]
  列生成求解结果: 目标值=10.0000， 下界=10.0000， 上界=11.0000
    非整数变量: COL_16-21-23-31-5_3343 = 0.500000
  解不是整数，开始分支...
ImposedVertex(vertex=20)
ForbidVertex(vertex=20)
  创建了 2 个分支
    添加分支节点 1: ID=310
    添加分支节点 2: ID=311

处理节点 309
  开始列生成求解...
Set parameter LogToConsole to value 0
Set parameter Threads to value 1
Set parameter Seed to value 0
  定价策略: Exact, node=309, vertices=21
Set parameter PoolSearchMode to value 2
Set parameter PoolSolutions to value 10
[CG 1] RMP=10.000000, pricing=ExactPricingSolver, new_columns=0
  搜索路径: [1, 2, 3, 4, 5, 6, 7, 8, 11, 13, 16, 10, 18, 17, 12, 19, 9, 28, 29, 31, 36, 37, 30, 40, 41, 46, 47, 50, 51, 33, 49, 56, 57, 59, 58, 62, 63, 34, 68, 32, 35, 74, 75, 45, 48, 44, 69, 80, 81, 84, 90, 91, 85, 89, 88, 94, 95, 96, 97, 54, 55, 108, 109, 25, 24, 61, 60, 116, 117, 92, 93, 43, 42, 118, 119, 65, 64, 124, 125, 126, 127, 130, 131, 134, 135, 23, 83, 82, 22, 136, 137, 138, 139, 133, 132, 52, 53, 123, 15, 129, 122, 148, 149, 99, 101, 154, 155, 156, 157, 98, 100, 86, 14, 87, 128, 102, 103, 162, 164, 165, 163, 115, 114, 39, 143, 144, 66, 105, 111, 169, 168, 153, 38, 113, 171, 173, 175, 177, 176, 179, 178, 181, 183, 182, 180, 174, 172, 194, 195, 189, 191, 196, 197, 145, 106, 192, 190, 104, 188, 199, 201, 203, 202, 205, 204, 210, 211, 207, 209, 208, 213, 215, 214, 212, 147, 206, 198, 184, 170, 217, 216, 73, 219, 218, 221, 220, 21, 20, 146, 71, 112, 67, 223, 225, 224, 227, 229, 231, 230, 228, 226, 222, 77, 27, 233, 232, 234, 235, 236, 237, 238, 239, 70, 240, 241, 242, 243, 244, 245, 246, 247, 249, 248, 140, 250, 251, 121, 151, 254, 255, 256, 257, 258, 259, 261, 260, 263, 264, 265, 262, 266, 267, 200, 268, 269, 271, 270, 193, 185, 272, 273, 274, 275, 276, 277, 278, 279, 283, 280, 281, 282, 284, 285, 286, 287, 291, 290, 142, 120, 110, 293, 294, 295, 296, 297, 298, 299, 150, 26, 292, 72, 107, 300, 301, 303, 304, 305, 302, 152, 141, 76, 78, 79, 306, 307, 161, 167, 253, 289, 288, 186, 308, 309]
  列生成求解结果: 目标值=10.0000， 下界=10.0000， 上界=11.0000
    非整数变量: COL_16-22-26-32-5_3345 = 0.833333
  解不是整数，开始分支...
ImposedVertex(vertex=22)
ForbidVertex(vertex=22)
  创建了 2 个分支
    添加分支节点 1: ID=312
    添加分支节点 2: ID=313

处理节点 310
  开始列生成求解...
Set parameter LogToConsole to value 0
Set parameter Threads to value 1
Set parameter Seed to value 0
  定价策略: Exact, node=310, vertices=19
Set parameter PoolSearchMode to value 2
Set parameter PoolSolutions to value 10
[CG 1] RMP=11.000000, pricing=ExactPricingSolver, new_columns=0
  搜索路径: [1, 2, 3, 4, 5, 6, 7, 8, 11, 13, 16, 10, 18, 17, 12, 19, 9, 28, 29, 31, 36, 37, 30, 40, 41, 46, 47, 50, 51, 33, 49, 56, 57, 59, 58, 62, 63, 34, 68, 32, 35, 74, 75, 45, 48, 44, 69, 80, 81, 84, 90, 91, 85, 89, 88, 94, 95, 96, 97, 54, 55, 108, 109, 25, 24, 61, 60, 116, 117, 92, 93, 43, 42, 118, 119, 65, 64, 124, 125, 126, 127, 130, 131, 134, 135, 23, 83, 82, 22, 136, 137, 138, 139, 133, 132, 52, 53, 123, 15, 129, 122, 148, 149, 99, 101, 154, 155, 156, 157, 98, 100, 86, 14, 87, 128, 102, 103, 162, 164, 165, 163, 115, 114, 39, 143, 144, 66, 105, 111, 169, 168, 153, 38, 113, 171, 173, 175, 177, 176, 179, 178, 181, 183, 182, 180, 174, 172, 194, 195, 189, 191, 196, 197, 145, 106, 192, 190, 104, 188, 199, 201, 203, 202, 205, 204, 210, 211, 207, 209, 208, 213, 215, 214, 212, 147, 206, 198, 184, 170, 217, 216, 73, 219, 218, 221, 220, 21, 20, 146, 71, 112, 67, 223, 225, 224, 227, 229, 231, 230, 228, 226, 222, 77, 27, 233, 232, 234, 235, 236, 237, 238, 239, 70, 240, 241, 242, 243, 244, 245, 246, 247, 249, 248, 140, 250, 251, 121, 151, 254, 255, 256, 257, 258, 259, 261, 260, 263, 264, 265, 262, 266, 267, 200, 268, 269, 271, 270, 193, 185, 272, 273, 274, 275, 276, 277, 278, 279, 283, 280, 281, 282, 284, 285, 286, 287, 291, 290, 142, 120, 110, 293, 294, 295, 296, 297, 298, 299, 150, 26, 292, 72, 107, 300, 301, 303, 304, 305, 302, 152, 141, 76, 78, 79, 306, 307, 161, 167, 253, 289, 288, 186, 308, 309, 310]
  列生成求解结果: 目标值=11.0000， 下界=10.0000， 上界=11.0000

处理节点 311
  开始列生成求解...
Set parameter LogToConsole to value 0
Set parameter Threads to value 1
Set parameter Seed to value 0
  定价策略: Exact, node=311, vertices=19
Set parameter PoolSearchMode to value 2
Set parameter PoolSolutions to value 10
[CG 1] RMP=12.000000, pricing=ExactPricingSolver, new_columns=0
  搜索路径: [1, 2, 3, 4, 5, 6, 7, 8, 11, 13, 16, 10, 18, 17, 12, 19, 9, 28, 29, 31, 36, 37, 30, 40, 41, 46, 47, 50, 51, 33, 49, 56, 57, 59, 58, 62, 63, 34, 68, 32, 35, 74, 75, 45, 48, 44, 69, 80, 81, 84, 90, 91, 85, 89, 88, 94, 95, 96, 97, 54, 55, 108, 109, 25, 24, 61, 60, 116, 117, 92, 93, 43, 42, 118, 119, 65, 64, 124, 125, 126, 127, 130, 131, 134, 135, 23, 83, 82, 22, 136, 137, 138, 139, 133, 132, 52, 53, 123, 15, 129, 122, 148, 149, 99, 101, 154, 155, 156, 157, 98, 100, 86, 14, 87, 128, 102, 103, 162, 164, 165, 163, 115, 114, 39, 143, 144, 66, 105, 111, 169, 168, 153, 38, 113, 171, 173, 175, 177, 176, 179, 178, 181, 183, 182, 180, 174, 172, 194, 195, 189, 191, 196, 197, 145, 106, 192, 190, 104, 188, 199, 201, 203, 202, 205, 204, 210, 211, 207, 209, 208, 213, 215, 214, 212, 147, 206, 198, 184, 170, 217, 216, 73, 219, 218, 221, 220, 21, 20, 146, 71, 112, 67, 223, 225, 224, 227, 229, 231, 230, 228, 226, 222, 77, 27, 233, 232, 234, 235, 236, 237, 238, 239, 70, 240, 241, 242, 243, 244, 245, 246, 247, 249, 248, 140, 250, 251, 121, 151, 254, 255, 256, 257, 258, 259, 261, 260, 263, 264, 265, 262, 266, 267, 200, 268, 269, 271, 270, 193, 185, 272, 273, 274, 275, 276, 277, 278, 279, 283, 280, 281, 282, 284, 285, 286, 287, 291, 290, 142, 120, 110, 293, 294, 295, 296, 297, 298, 299, 150, 26, 292, 72, 107, 300, 301, 303, 304, 305, 302, 152, 141, 76, 78, 79, 306, 307, 161, 167, 253, 289, 288, 186, 308, 309, 310, 311]
  列生成求解结果: 目标值=12.0000， 下界=10.0000， 上界=11.0000

处理节点 313
  开始列生成求解...
Set parameter LogToConsole to value 0
Set parameter Threads to value 1
Set parameter Seed to value 0
  定价策略: Exact, node=313, vertices=20
Set parameter PoolSearchMode to value 2
Set parameter PoolSolutions to value 10
[CG 1] RMP=10.000000, pricing=ExactPricingSolver, new_columns=0
  搜索路径: [1, 2, 3, 4, 5, 6, 7, 8, 11, 13, 16, 10, 18, 17, 12, 19, 9, 28, 29, 31, 36, 37, 30, 40, 41, 46, 47, 50, 51, 33, 49, 56, 57, 59, 58, 62, 63, 34, 68, 32, 35, 74, 75, 45, 48, 44, 69, 80, 81, 84, 90, 91, 85, 89, 88, 94, 95, 96, 97, 54, 55, 108, 109, 25, 24, 61, 60, 116, 117, 92, 93, 43, 42, 118, 119, 65, 64, 124, 125, 126, 127, 130, 131, 134, 135, 23, 83, 82, 22, 136, 137, 138, 139, 133, 132, 52, 53, 123, 15, 129, 122, 148, 149, 99, 101, 154, 155, 156, 157, 98, 100, 86, 14, 87, 128, 102, 103, 162, 164, 165, 163, 115, 114, 39, 143, 144, 66, 105, 111, 169, 168, 153, 38, 113, 171, 173, 175, 177, 176, 179, 178, 181, 183, 182, 180, 174, 172, 194, 195, 189, 191, 196, 197, 145, 106, 192, 190, 104, 188, 199, 201, 203, 202, 205, 204, 210, 211, 207, 209, 208, 213, 215, 214, 212, 147, 206, 198, 184, 170, 217, 216, 73, 219, 218, 221, 220, 21, 20, 146, 71, 112, 67, 223, 225, 224, 227, 229, 231, 230, 228, 226, 222, 77, 27, 233, 232, 234, 235, 236, 237, 238, 239, 70, 240, 241, 242, 243, 244, 245, 246, 247, 249, 248, 140, 250, 251, 121, 151, 254, 255, 256, 257, 258, 259, 261, 260, 263, 264, 265, 262, 266, 267, 200, 268, 269, 271, 270, 193, 185, 272, 273, 274, 275, 276, 277, 278, 279, 283, 280, 281, 282, 284, 285, 286, 287, 291, 290, 142, 120, 110, 293, 294, 295, 296, 297, 298, 299, 150, 26, 292, 72, 107, 300, 301, 303, 304, 305, 302, 152, 141, 76, 78, 79, 306, 307, 161, 167, 253, 289, 288, 186, 308, 309, 310, 311, 313]
  列生成求解结果: 目标值=10.0000， 下界=10.0000， 上界=11.0000
    非整数变量: COL_16-26-28-32-5_3348 = 0.166667
  解不是整数，开始分支...
ImposedVertex(vertex=20)
ForbidVertex(vertex=20)
  创建了 2 个分支
    添加分支节点 1: ID=314
    添加分支节点 2: ID=315

处理节点 312
  开始列生成求解...
Set parameter LogToConsole to value 0
Set parameter Threads to value 1
Set parameter Seed to value 0
  定价策略: Exact, node=312, vertices=20
Set parameter PoolSearchMode to value 2
Set parameter PoolSolutions to value 10
[CG 1] RMP=10.000000, pricing=ExactPricingSolver, new_columns=0
  搜索路径: [1, 2, 3, 4, 5, 6, 7, 8, 11, 13, 16, 10, 18, 17, 12, 19, 9, 28, 29, 31, 36, 37, 30, 40, 41, 46, 47, 50, 51, 33, 49, 56, 57, 59, 58, 62, 63, 34, 68, 32, 35, 74, 75, 45, 48, 44, 69, 80, 81, 84, 90, 91, 85, 89, 88, 94, 95, 96, 97, 54, 55, 108, 109, 25, 24, 61, 60, 116, 117, 92, 93, 43, 42, 118, 119, 65, 64, 124, 125, 126, 127, 130, 131, 134, 135, 23, 83, 82, 22, 136, 137, 138, 139, 133, 132, 52, 53, 123, 15, 129, 122, 148, 149, 99, 101, 154, 155, 156, 157, 98, 100, 86, 14, 87, 128, 102, 103, 162, 164, 165, 163, 115, 114, 39, 143, 144, 66, 105, 111, 169, 168, 153, 38, 113, 171, 173, 175, 177, 176, 179, 178, 181, 183, 182, 180, 174, 172, 194, 195, 189, 191, 196, 197, 145, 106, 192, 190, 104, 188, 199, 201, 203, 202, 205, 204, 210, 211, 207, 209, 208, 213, 215, 214, 212, 147, 206, 198, 184, 170, 217, 216, 73, 219, 218, 221, 220, 21, 20, 146, 71, 112, 67, 223, 225, 224, 227, 229, 231, 230, 228, 226, 222, 77, 27, 233, 232, 234, 235, 236, 237, 238, 239, 70, 240, 241, 242, 243, 244, 245, 246, 247, 249, 248, 140, 250, 251, 121, 151, 254, 255, 256, 257, 258, 259, 261, 260, 263, 264, 265, 262, 266, 267, 200, 268, 269, 271, 270, 193, 185, 272, 273, 274, 275, 276, 277, 278, 279, 283, 280, 281, 282, 284, 285, 286, 287, 291, 290, 142, 120, 110, 293, 294, 295, 296, 297, 298, 299, 150, 26, 292, 72, 107, 300, 301, 303, 304, 305, 302, 152, 141, 76, 78, 79, 306, 307, 161, 167, 253, 289, 288, 186, 308, 309, 310, 311, 313, 312]
  列生成求解结果: 目标值=10.0000， 下界=10.0000， 上界=11.0000
    非整数变量: COL_14-2-20-22-9_3361 = 0.166667
  解不是整数，开始分支...
ImposedVertex(vertex=20)
ForbidVertex(vertex=20)
  创建了 2 个分支
    添加分支节点 1: ID=316
    添加分支节点 2: ID=317

处理节点 314
  开始列生成求解...
Set parameter LogToConsole to value 0
Set parameter Threads to value 1
Set parameter Seed to value 0
  定价策略: Exact, node=314, vertices=19
Set parameter PoolSearchMode to value 2
Set parameter PoolSolutions to value 10
[CG 1] RMP=11.000000, pricing=ExactPricingSolver, new_columns=0
  搜索路径: [1, 2, 3, 4, 5, 6, 7, 8, 11, 13, 16, 10, 18, 17, 12, 19, 9, 28, 29, 31, 36, 37, 30, 40, 41, 46, 47, 50, 51, 33, 49, 56, 57, 59, 58, 62, 63, 34, 68, 32, 35, 74, 75, 45, 48, 44, 69, 80, 81, 84, 90, 91, 85, 89, 88, 94, 95, 96, 97, 54, 55, 108, 109, 25, 24, 61, 60, 116, 117, 92, 93, 43, 42, 118, 119, 65, 64, 124, 125, 126, 127, 130, 131, 134, 135, 23, 83, 82, 22, 136, 137, 138, 139, 133, 132, 52, 53, 123, 15, 129, 122, 148, 149, 99, 101, 154, 155, 156, 157, 98, 100, 86, 14, 87, 128, 102, 103, 162, 164, 165, 163, 115, 114, 39, 143, 144, 66, 105, 111, 169, 168, 153, 38, 113, 171, 173, 175, 177, 176, 179, 178, 181, 183, 182, 180, 174, 172, 194, 195, 189, 191, 196, 197, 145, 106, 192, 190, 104, 188, 199, 201, 203, 202, 205, 204, 210, 211, 207, 209, 208, 213, 215, 214, 212, 147, 206, 198, 184, 170, 217, 216, 73, 219, 218, 221, 220, 21, 20, 146, 71, 112, 67, 223, 225, 224, 227, 229, 231, 230, 228, 226, 222, 77, 27, 233, 232, 234, 235, 236, 237, 238, 239, 70, 240, 241, 242, 243, 244, 245, 246, 247, 249, 248, 140, 250, 251, 121, 151, 254, 255, 256, 257, 258, 259, 261, 260, 263, 264, 265, 262, 266, 267, 200, 268, 269, 271, 270, 193, 185, 272, 273, 274, 275, 276, 277, 278, 279, 283, 280, 281, 282, 284, 285, 286, 287, 291, 290, 142, 120, 110, 293, 294, 295, 296, 297, 298, 299, 150, 26, 292, 72, 107, 300, 301, 303, 304, 305, 302, 152, 141, 76, 78, 79, 306, 307, 161, 167, 253, 289, 288, 186, 308, 309, 310, 311, 313, 312, 314]
  列生成求解结果: 目标值=11.0000， 下界=10.0000， 上界=11.0000

处理节点 315
  开始列生成求解...
Set parameter LogToConsole to value 0
Set parameter Threads to value 1
Set parameter Seed to value 0
  定价策略: Exact, node=315, vertices=19
Set parameter PoolSearchMode to value 2
Set parameter PoolSolutions to value 10
[CG 1] RMP=12.000000, pricing=ExactPricingSolver, new_columns=0
  搜索路径: [1, 2, 3, 4, 5, 6, 7, 8, 11, 13, 16, 10, 18, 17, 12, 19, 9, 28, 29, 31, 36, 37, 30, 40, 41, 46, 47, 50, 51, 33, 49, 56, 57, 59, 58, 62, 63, 34, 68, 32, 35, 74, 75, 45, 48, 44, 69, 80, 81, 84, 90, 91, 85, 89, 88, 94, 95, 96, 97, 54, 55, 108, 109, 25, 24, 61, 60, 116, 117, 92, 93, 43, 42, 118, 119, 65, 64, 124, 125, 126, 127, 130, 131, 134, 135, 23, 83, 82, 22, 136, 137, 138, 139, 133, 132, 52, 53, 123, 15, 129, 122, 148, 149, 99, 101, 154, 155, 156, 157, 98, 100, 86, 14, 87, 128, 102, 103, 162, 164, 165, 163, 115, 114, 39, 143, 144, 66, 105, 111, 169, 168, 153, 38, 113, 171, 173, 175, 177, 176, 179, 178, 181, 183, 182, 180, 174, 172, 194, 195, 189, 191, 196, 197, 145, 106, 192, 190, 104, 188, 199, 201, 203, 202, 205, 204, 210, 211, 207, 209, 208, 213, 215, 214, 212, 147, 206, 198, 184, 170, 217, 216, 73, 219, 218, 221, 220, 21, 20, 146, 71, 112, 67, 223, 225, 224, 227, 229, 231, 230, 228, 226, 222, 77, 27, 233, 232, 234, 235, 236, 237, 238, 239, 70, 240, 241, 242, 243, 244, 245, 246, 247, 249, 248, 140, 250, 251, 121, 151, 254, 255, 256, 257, 258, 259, 261, 260, 263, 264, 265, 262, 266, 267, 200, 268, 269, 271, 270, 193, 185, 272, 273, 274, 275, 276, 277, 278, 279, 283, 280, 281, 282, 284, 285, 286, 287, 291, 290, 142, 120, 110, 293, 294, 295, 296, 297, 298, 299, 150, 26, 292, 72, 107, 300, 301, 303, 304, 305, 302, 152, 141, 76, 78, 79, 306, 307, 161, 167, 253, 289, 288, 186, 308, 309, 310, 311, 313, 312, 314, 315]
  列生成求解结果: 目标值=12.0000， 下界=10.0000， 上界=11.0000

处理节点 317
  开始列生成求解...
Set parameter LogToConsole to value 0
Set parameter Threads to value 1
Set parameter Seed to value 0
  定价策略: Exact, node=317, vertices=19
Set parameter PoolSearchMode to value 2
Set parameter PoolSolutions to value 10
[CG 1] RMP=12.000000, pricing=ExactPricingSolver, new_columns=0
  搜索路径: [1, 2, 3, 4, 5, 6, 7, 8, 11, 13, 16, 10, 18, 17, 12, 19, 9, 28, 29, 31, 36, 37, 30, 40, 41, 46, 47, 50, 51, 33, 49, 56, 57, 59, 58, 62, 63, 34, 68, 32, 35, 74, 75, 45, 48, 44, 69, 80, 81, 84, 90, 91, 85, 89, 88, 94, 95, 96, 97, 54, 55, 108, 109, 25, 24, 61, 60, 116, 117, 92, 93, 43, 42, 118, 119, 65, 64, 124, 125, 126, 127, 130, 131, 134, 135, 23, 83, 82, 22, 136, 137, 138, 139, 133, 132, 52, 53, 123, 15, 129, 122, 148, 149, 99, 101, 154, 155, 156, 157, 98, 100, 86, 14, 87, 128, 102, 103, 162, 164, 165, 163, 115, 114, 39, 143, 144, 66, 105, 111, 169, 168, 153, 38, 113, 171, 173, 175, 177, 176, 179, 178, 181, 183, 182, 180, 174, 172, 194, 195, 189, 191, 196, 197, 145, 106, 192, 190, 104, 188, 199, 201, 203, 202, 205, 204, 210, 211, 207, 209, 208, 213, 215, 214, 212, 147, 206, 198, 184, 170, 217, 216, 73, 219, 218, 221, 220, 21, 20, 146, 71, 112, 67, 223, 225, 224, 227, 229, 231, 230, 228, 226, 222, 77, 27, 233, 232, 234, 235, 236, 237, 238, 239, 70, 240, 241, 242, 243, 244, 245, 246, 247, 249, 248, 140, 250, 251, 121, 151, 254, 255, 256, 257, 258, 259, 261, 260, 263, 264, 265, 262, 266, 267, 200, 268, 269, 271, 270, 193, 185, 272, 273, 274, 275, 276, 277, 278, 279, 283, 280, 281, 282, 284, 285, 286, 287, 291, 290, 142, 120, 110, 293, 294, 295, 296, 297, 298, 299, 150, 26, 292, 72, 107, 300, 301, 303, 304, 305, 302, 152, 141, 76, 78, 79, 306, 307, 161, 167, 253, 289, 288, 186, 308, 309, 310, 311, 313, 312, 314, 315, 317]
  列生成求解结果: 目标值=12.0000， 下界=10.0000， 上界=11.0000

处理节点 316
  开始列生成求解...
Set parameter LogToConsole to value 0
Set parameter Threads to value 1
Set parameter Seed to value 0
  定价策略: Exact, node=316, vertices=19
Set parameter PoolSearchMode to value 2
Set parameter PoolSolutions to value 10
[CG 1] RMP=11.000000, pricing=ExactPricingSolver, new_columns=0
  搜索路径: [1, 2, 3, 4, 5, 6, 7, 8, 11, 13, 16, 10, 18, 17, 12, 19, 9, 28, 29, 31, 36, 37, 30, 40, 41, 46, 47, 50, 51, 33, 49, 56, 57, 59, 58, 62, 63, 34, 68, 32, 35, 74, 75, 45, 48, 44, 69, 80, 81, 84, 90, 91, 85, 89, 88, 94, 95, 96, 97, 54, 55, 108, 109, 25, 24, 61, 60, 116, 117, 92, 93, 43, 42, 118, 119, 65, 64, 124, 125, 126, 127, 130, 131, 134, 135, 23, 83, 82, 22, 136, 137, 138, 139, 133, 132, 52, 53, 123, 15, 129, 122, 148, 149, 99, 101, 154, 155, 156, 157, 98, 100, 86, 14, 87, 128, 102, 103, 162, 164, 165, 163, 115, 114, 39, 143, 144, 66, 105, 111, 169, 168, 153, 38, 113, 171, 173, 175, 177, 176, 179, 178, 181, 183, 182, 180, 174, 172, 194, 195, 189, 191, 196, 197, 145, 106, 192, 190, 104, 188, 199, 201, 203, 202, 205, 204, 210, 211, 207, 209, 208, 213, 215, 214, 212, 147, 206, 198, 184, 170, 217, 216, 73, 219, 218, 221, 220, 21, 20, 146, 71, 112, 67, 223, 225, 224, 227, 229, 231, 230, 228, 226, 222, 77, 27, 233, 232, 234, 235, 236, 237, 238, 239, 70, 240, 241, 242, 243, 244, 245, 246, 247, 249, 248, 140, 250, 251, 121, 151, 254, 255, 256, 257, 258, 259, 261, 260, 263, 264, 265, 262, 266, 267, 200, 268, 269, 271, 270, 193, 185, 272, 273, 274, 275, 276, 277, 278, 279, 283, 280, 281, 282, 284, 285, 286, 287, 291, 290, 142, 120, 110, 293, 294, 295, 296, 297, 298, 299, 150, 26, 292, 72, 107, 300, 301, 303, 304, 305, 302, 152, 141, 76, 78, 79, 306, 307, 161, 167, 253, 289, 288, 186, 308, 309, 310, 311, 313, 312, 314, 315, 317, 316]
  列生成求解结果: 目标值=11.0000， 下界=10.0000， 上界=11.0000

处理节点 187
  开始列生成求解...
Set parameter LogToConsole to value 0
Set parameter Threads to value 1
Set parameter Seed to value 0
  定价策略: Exact, node=187, vertices=22
Set parameter PoolSearchMode to value 2
Set parameter PoolSolutions to value 10
[CG 1] RMP=12.000000, pricing=ExactPricingSolver, new_columns=0
  搜索路径: [1, 2, 3, 4, 5, 6, 7, 8, 11, 13, 16, 10, 18, 17, 12, 19, 9, 28, 29, 31, 36, 37, 30, 40, 41, 46, 47, 50, 51, 33, 49, 56, 57, 59, 58, 62, 63, 34, 68, 32, 35, 74, 75, 45, 48, 44, 69, 80, 81, 84, 90, 91, 85, 89, 88, 94, 95, 96, 97, 54, 55, 108, 109, 25, 24, 61, 60, 116, 117, 92, 93, 43, 42, 118, 119, 65, 64, 124, 125, 126, 127, 130, 131, 134, 135, 23, 83, 82, 22, 136, 137, 138, 139, 133, 132, 52, 53, 123, 15, 129, 122, 148, 149, 99, 101, 154, 155, 156, 157, 98, 100, 86, 14, 87, 128, 102, 103, 162, 164, 165, 163, 115, 114, 39, 143, 144, 66, 105, 111, 169, 168, 153, 38, 113, 171, 173, 175, 177, 176, 179, 178, 181, 183, 182, 180, 174, 172, 194, 195, 189, 191, 196, 197, 145, 106, 192, 190, 104, 188, 199, 201, 203, 202, 205, 204, 210, 211, 207, 209, 208, 213, 215, 214, 212, 147, 206, 198, 184, 170, 217, 216, 73, 219, 218, 221, 220, 21, 20, 146, 71, 112, 67, 223, 225, 224, 227, 229, 231, 230, 228, 226, 222, 77, 27, 233, 232, 234, 235, 236, 237, 238, 239, 70, 240, 241, 242, 243, 244, 245, 246, 247, 249, 248, 140, 250, 251, 121, 151, 254, 255, 256, 257, 258, 259, 261, 260, 263, 264, 265, 262, 266, 267, 200, 268, 269, 271, 270, 193, 185, 272, 273, 274, 275, 276, 277, 278, 279, 283, 280, 281, 282, 284, 285, 286, 287, 291, 290, 142, 120, 110, 293, 294, 295, 296, 297, 298, 299, 150, 26, 292, 72, 107, 300, 301, 303, 304, 305, 302, 152, 141, 76, 78, 79, 306, 307, 161, 167, 253, 289, 288, 186, 308, 309, 310, 311, 313, 312, 314, 315, 317, 316, 187]
  列生成求解结果: 目标值=12.0000， 下界=10.0000， 上界=11.0000

处理节点 252
  开始列生成求解...
Set parameter LogToConsole to value 0
Set parameter Threads to value 1
Set parameter Seed to value 0
  定价策略: Exact, node=252, vertices=19
Set parameter PoolSearchMode to value 2
Set parameter PoolSolutions to value 10
[CG 1] RMP=15.000000, pricing=ExactPricingSolver, new_columns=10
[CG 2] RMP=12.000000, pricing=ExactPricingSolver, new_columns=0
  搜索路径: [1, 2, 3, 4, 5, 6, 7, 8, 11, 13, 16, 10, 18, 17, 12, 19, 9, 28, 29, 31, 36, 37, 30, 40, 41, 46, 47, 50, 51, 33, 49, 56, 57, 59, 58, 62, 63, 34, 68, 32, 35, 74, 75, 45, 48, 44, 69, 80, 81, 84, 90, 91, 85, 89, 88, 94, 95, 96, 97, 54, 55, 108, 109, 25, 24, 61, 60, 116, 117, 92, 93, 43, 42, 118, 119, 65, 64, 124, 125, 126, 127, 130, 131, 134, 135, 23, 83, 82, 22, 136, 137, 138, 139, 133, 132, 52, 53, 123, 15, 129, 122, 148, 149, 99, 101, 154, 155, 156, 157, 98, 100, 86, 14, 87, 128, 102, 103, 162, 164, 165, 163, 115, 114, 39, 143, 144, 66, 105, 111, 169, 168, 153, 38, 113, 171, 173, 175, 177, 176, 179, 178, 181, 183, 182, 180, 174, 172, 194, 195, 189, 191, 196, 197, 145, 106, 192, 190, 104, 188, 199, 201, 203, 202, 205, 204, 210, 211, 207, 209, 208, 213, 215, 214, 212, 147, 206, 198, 184, 170, 217, 216, 73, 219, 218, 221, 220, 21, 20, 146, 71, 112, 67, 223, 225, 224, 227, 229, 231, 230, 228, 226, 222, 77, 27, 233, 232, 234, 235, 236, 237, 238, 239, 70, 240, 241, 242, 243, 244, 245, 246, 247, 249, 248, 140, 250, 251, 121, 151, 254, 255, 256, 257, 258, 259, 261, 260, 263, 264, 265, 262, 266, 267, 200, 268, 269, 271, 270, 193, 185, 272, 273, 274, 275, 276, 277, 278, 279, 283, 280, 281, 282, 284, 285, 286, 287, 291, 290, 142, 120, 110, 293, 294, 295, 296, 297, 298, 299, 150, 26, 292, 72, 107, 300, 301, 303, 304, 305, 302, 152, 141, 76, 78, 79, 306, 307, 161, 167, 253, 289, 288, 186, 308, 309, 310, 311, 313, 312, 314, 315, 317, 316, 187, 252]
  列生成求解结果: 目标值=12.0000， 下界=10.0000， 上界=11.0000

处理节点 166
  开始列生成求解...
Set parameter LogToConsole to value 0
Set parameter Threads to value 1
Set parameter Seed to value 0
  定价策略: Exact, node=166, vertices=21
Set parameter PoolSearchMode to value 2
Set parameter PoolSolutions to value 10
[CG 1] RMP=2012.000000, pricing=ExactPricingSolver, new_columns=10
[CG 2] RMP=510.000000, pricing=ExactPricingSolver, new_columns=0
  搜索路径: [1, 2, 3, 4, 5, 6, 7, 8, 11, 13, 16, 10, 18, 17, 12, 19, 9, 28, 29, 31, 36, 37, 30, 40, 41, 46, 47, 50, 51, 33, 49, 56, 57, 59, 58, 62, 63, 34, 68, 32, 35, 74, 75, 45, 48, 44, 69, 80, 81, 84, 90, 91, 85, 89, 88, 94, 95, 96, 97, 54, 55, 108, 109, 25, 24, 61, 60, 116, 117, 92, 93, 43, 42, 118, 119, 65, 64, 124, 125, 126, 127, 130, 131, 134, 135, 23, 83, 82, 22, 136, 137, 138, 139, 133, 132, 52, 53, 123, 15, 129, 122, 148, 149, 99, 101, 154, 155, 156, 157, 98, 100, 86, 14, 87, 128, 102, 103, 162, 164, 165, 163, 115, 114, 39, 143, 144, 66, 105, 111, 169, 168, 153, 38, 113, 171, 173, 175, 177, 176, 179, 178, 181, 183, 182, 180, 174, 172, 194, 195, 189, 191, 196, 197, 145, 106, 192, 190, 104, 188, 199, 201, 203, 202, 205, 204, 210, 211, 207, 209, 208, 213, 215, 214, 212, 147, 206, 198, 184, 170, 217, 216, 73, 219, 218, 221, 220, 21, 20, 146, 71, 112, 67, 223, 225, 224, 227, 229, 231, 230, 228, 226, 222, 77, 27, 233, 232, 234, 235, 236, 237, 238, 239, 70, 240, 241, 242, 243, 244, 245, 246, 247, 249, 248, 140, 250, 251, 121, 151, 254, 255, 256, 257, 258, 259, 261, 260, 263, 264, 265, 262, 266, 267, 200, 268, 269, 271, 270, 193, 185, 272, 273, 274, 275, 276, 277, 278, 279, 283, 280, 281, 282, 284, 285, 286, 287, 291, 290, 142, 120, 110, 293, 294, 295, 296, 297, 298, 299, 150, 26, 292, 72, 107, 300, 301, 303, 304, 305, 302, 152, 141, 76, 78, 79, 306, 307, 161, 167, 253, 289, 288, 186, 308, 309, 310, 311, 313, 312, 314, 315, 317, 316, 187, 252, 166]
  列生成求解结果: 目标值=510.0000， 下界=10.0000， 上界=11.0000

处理节点 160
  开始列生成求解...
Set parameter LogToConsole to value 0
Set parameter Threads to value 1
Set parameter Seed to value 0
  定价策略: Exact, node=160, vertices=17
Set parameter PoolSearchMode to value 2
Set parameter PoolSolutions to value 10
[CG 1] RMP=10.000000, pricing=ExactPricingSolver, new_columns=0
  搜索路径: [1, 2, 3, 4, 5, 6, 7, 8, 11, 13, 16, 10, 18, 17, 12, 19, 9, 28, 29, 31, 36, 37, 30, 40, 41, 46, 47, 50, 51, 33, 49, 56, 57, 59, 58, 62, 63, 34, 68, 32, 35, 74, 75, 45, 48, 44, 69, 80, 81, 84, 90, 91, 85, 89, 88, 94, 95, 96, 97, 54, 55, 108, 109, 25, 24, 61, 60, 116, 117, 92, 93, 43, 42, 118, 119, 65, 64, 124, 125, 126, 127, 130, 131, 134, 135, 23, 83, 82, 22, 136, 137, 138, 139, 133, 132, 52, 53, 123, 15, 129, 122, 148, 149, 99, 101, 154, 155, 156, 157, 98, 100, 86, 14, 87, 128, 102, 103, 162, 164, 165, 163, 115, 114, 39, 143, 144, 66, 105, 111, 169, 168, 153, 38, 113, 171, 173, 175, 177, 176, 179, 178, 181, 183, 182, 180, 174, 172, 194, 195, 189, 191, 196, 197, 145, 106, 192, 190, 104, 188, 199, 201, 203, 202, 205, 204, 210, 211, 207, 209, 208, 213, 215, 214, 212, 147, 206, 198, 184, 170, 217, 216, 73, 219, 218, 221, 220, 21, 20, 146, 71, 112, 67, 223, 225, 224, 227, 229, 231, 230, 228, 226, 222, 77, 27, 233, 232, 234, 235, 236, 237, 238, 239, 70, 240, 241, 242, 243, 244, 245, 246, 247, 249, 248, 140, 250, 251, 121, 151, 254, 255, 256, 257, 258, 259, 261, 260, 263, 264, 265, 262, 266, 267, 200, 268, 269, 271, 270, 193, 185, 272, 273, 274, 275, 276, 277, 278, 279, 283, 280, 281, 282, 284, 285, 286, 287, 291, 290, 142, 120, 110, 293, 294, 295, 296, 297, 298, 299, 150, 26, 292, 72, 107, 300, 301, 303, 304, 305, 302, 152, 141, 76, 78, 79, 306, 307, 161, 167, 253, 289, 288, 186, 308, 309, 310, 311, 313, 312, 314, 315, 317, 316, 187, 252, 166, 160]
  列生成求解结果: 目标值=10.0000， 下界=10.0000， 上界=11.0000
    非整数变量: COL_10-14-18-19-2_363 = 0.090909
  解不是整数，开始分支...
ImposedVertex(vertex=19)
ForbidVertex(vertex=19)
  创建了 2 个分支
    添加分支节点 1: ID=318
    添加分支节点 2: ID=319

处理节点 318
  开始列生成求解...
Set parameter LogToConsole to value 0
Set parameter Threads to value 1
Set parameter Seed to value 0
  定价策略: Exact, node=318, vertices=16
Set parameter PoolSearchMode to value 2
Set parameter PoolSolutions to value 10
[CG 1] RMP=12.000000, pricing=ExactPricingSolver, new_columns=0
  搜索路径: [1, 2, 3, 4, 5, 6, 7, 8, 11, 13, 16, 10, 18, 17, 12, 19, 9, 28, 29, 31, 36, 37, 30, 40, 41, 46, 47, 50, 51, 33, 49, 56, 57, 59, 58, 62, 63, 34, 68, 32, 35, 74, 75, 45, 48, 44, 69, 80, 81, 84, 90, 91, 85, 89, 88, 94, 95, 96, 97, 54, 55, 108, 109, 25, 24, 61, 60, 116, 117, 92, 93, 43, 42, 118, 119, 65, 64, 124, 125, 126, 127, 130, 131, 134, 135, 23, 83, 82, 22, 136, 137, 138, 139, 133, 132, 52, 53, 123, 15, 129, 122, 148, 149, 99, 101, 154, 155, 156, 157, 98, 100, 86, 14, 87, 128, 102, 103, 162, 164, 165, 163, 115, 114, 39, 143, 144, 66, 105, 111, 169, 168, 153, 38, 113, 171, 173, 175, 177, 176, 179, 178, 181, 183, 182, 180, 174, 172, 194, 195, 189, 191, 196, 197, 145, 106, 192, 190, 104, 188, 199, 201, 203, 202, 205, 204, 210, 211, 207, 209, 208, 213, 215, 214, 212, 147, 206, 198, 184, 170, 217, 216, 73, 219, 218, 221, 220, 21, 20, 146, 71, 112, 67, 223, 225, 224, 227, 229, 231, 230, 228, 226, 222, 77, 27, 233, 232, 234, 235, 236, 237, 238, 239, 70, 240, 241, 242, 243, 244, 245, 246, 247, 249, 248, 140, 250, 251, 121, 151, 254, 255, 256, 257, 258, 259, 261, 260, 263, 264, 265, 262, 266, 267, 200, 268, 269, 271, 270, 193, 185, 272, 273, 274, 275, 276, 277, 278, 279, 283, 280, 281, 282, 284, 285, 286, 287, 291, 290, 142, 120, 110, 293, 294, 295, 296, 297, 298, 299, 150, 26, 292, 72, 107, 300, 301, 303, 304, 305, 302, 152, 141, 76, 78, 79, 306, 307, 161, 167, 253, 289, 288, 186, 308, 309, 310, 311, 313, 312, 314, 315, 317, 316, 187, 252, 166, 160, 318]
  列生成求解结果: 目标值=12.0000， 下界=10.0000， 上界=11.0000

处理节点 319
  开始列生成求解...
Set parameter LogToConsole to value 0
Set parameter Threads to value 1
Set parameter Seed to value 0
  定价策略: Exact, node=319, vertices=16
Set parameter PoolSearchMode to value 2
Set parameter PoolSolutions to value 10
[CG 1] RMP=11.000000, pricing=ExactPricingSolver, new_columns=0
  搜索路径: [1, 2, 3, 4, 5, 6, 7, 8, 11, 13, 16, 10, 18, 17, 12, 19, 9, 28, 29, 31, 36, 37, 30, 40, 41, 46, 47, 50, 51, 33, 49, 56, 57, 59, 58, 62, 63, 34, 68, 32, 35, 74, 75, 45, 48, 44, 69, 80, 81, 84, 90, 91, 85, 89, 88, 94, 95, 96, 97, 54, 55, 108, 109, 25, 24, 61, 60, 116, 117, 92, 93, 43, 42, 118, 119, 65, 64, 124, 125, 126, 127, 130, 131, 134, 135, 23, 83, 82, 22, 136, 137, 138, 139, 133, 132, 52, 53, 123, 15, 129, 122, 148, 149, 99, 101, 154, 155, 156, 157, 98, 100, 86, 14, 87, 128, 102, 103, 162, 164, 165, 163, 115, 114, 39, 143, 144, 66, 105, 111, 169, 168, 153, 38, 113, 171, 173, 175, 177, 176, 179, 178, 181, 183, 182, 180, 174, 172, 194, 195, 189, 191, 196, 197, 145, 106, 192, 190, 104, 188, 199, 201, 203, 202, 205, 204, 210, 211, 207, 209, 208, 213, 215, 214, 212, 147, 206, 198, 184, 170, 217, 216, 73, 219, 218, 221, 220, 21, 20, 146, 71, 112, 67, 223, 225, 224, 227, 229, 231, 230, 228, 226, 222, 77, 27, 233, 232, 234, 235, 236, 237, 238, 239, 70, 240, 241, 242, 243, 244, 245, 246, 247, 249, 248, 140, 250, 251, 121, 151, 254, 255, 256, 257, 258, 259, 261, 260, 263, 264, 265, 262, 266, 267, 200, 268, 269, 271, 270, 193, 185, 272, 273, 274, 275, 276, 277, 278, 279, 283, 280, 281, 282, 284, 285, 286, 287, 291, 290, 142, 120, 110, 293, 294, 295, 296, 297, 298, 299, 150, 26, 292, 72, 107, 300, 301, 303, 304, 305, 302, 152, 141, 76, 78, 79, 306, 307, 161, 167, 253, 289, 288, 186, 308, 309, 310, 311, 313, 312, 314, 315, 317, 316, 187, 252, 166, 160, 318, 319]
  列生成求解结果: 目标值=11.0000， 下界=10.0000， 上界=11.0000

处理节点 159
  开始列生成求解...
Set parameter LogToConsole to value 0
Set parameter Threads to value 1
Set parameter Seed to value 0
  定价策略: Exact, node=159, vertices=18
Set parameter PoolSearchMode to value 2
Set parameter PoolSolutions to value 10
[CG 1] RMP=2012.000000, pricing=ExactPricingSolver, new_columns=10
[CG 2] RMP=2012.000000, pricing=ExactPricingSolver, new_columns=10
[CG 3] RMP=11.000000, pricing=ExactPricingSolver, new_columns=0
  搜索路径: [1, 2, 3, 4, 5, 6, 7, 8, 11, 13, 16, 10, 18, 17, 12, 19, 9, 28, 29, 31, 36, 37, 30, 40, 41, 46, 47, 50, 51, 33, 49, 56, 57, 59, 58, 62, 63, 34, 68, 32, 35, 74, 75, 45, 48, 44, 69, 80, 81, 84, 90, 91, 85, 89, 88, 94, 95, 96, 97, 54, 55, 108, 109, 25, 24, 61, 60, 116, 117, 92, 93, 43, 42, 118, 119, 65, 64, 124, 125, 126, 127, 130, 131, 134, 135, 23, 83, 82, 22, 136, 137, 138, 139, 133, 132, 52, 53, 123, 15, 129, 122, 148, 149, 99, 101, 154, 155, 156, 157, 98, 100, 86, 14, 87, 128, 102, 103, 162, 164, 165, 163, 115, 114, 39, 143, 144, 66, 105, 111, 169, 168, 153, 38, 113, 171, 173, 175, 177, 176, 179, 178, 181, 183, 182, 180, 174, 172, 194, 195, 189, 191, 196, 197, 145, 106, 192, 190, 104, 188, 199, 201, 203, 202, 205, 204, 210, 211, 207, 209, 208, 213, 215, 214, 212, 147, 206, 198, 184, 170, 217, 216, 73, 219, 218, 221, 220, 21, 20, 146, 71, 112, 67, 223, 225, 224, 227, 229, 231, 230, 228, 226, 222, 77, 27, 233, 232, 234, 235, 236, 237, 238, 239, 70, 240, 241, 242, 243, 244, 245, 246, 247, 249, 248, 140, 250, 251, 121, 151, 254, 255, 256, 257, 258, 259, 261, 260, 263, 264, 265, 262, 266, 267, 200, 268, 269, 271, 270, 193, 185, 272, 273, 274, 275, 276, 277, 278, 279, 283, 280, 281, 282, 284, 285, 286, 287, 291, 290, 142, 120, 110, 293, 294, 295, 296, 297, 298, 299, 150, 26, 292, 72, 107, 300, 301, 303, 304, 305, 302, 152, 141, 76, 78, 79, 306, 307, 161, 167, 253, 289, 288, 186, 308, 309, 310, 311, 313, 312, 314, 315, 317, 316, 187, 252, 166, 160, 318, 319, 159]
  列生成求解结果: 目标值=11.0000， 下界=10.0000， 上界=11.0000

处理节点 158
  开始列生成求解...
Set parameter LogToConsole to value 0
Set parameter Threads to value 1
Set parameter Seed to value 0
  定价策略: Exact, node=158, vertices=18
Set parameter PoolSearchMode to value 2
Set parameter PoolSolutions to value 10
[CG 1] RMP=2012.000000, pricing=ExactPricingSolver, new_columns=10
[CG 2] RMP=12.000000, pricing=ExactPricingSolver, new_columns=0
  搜索路径: [1, 2, 3, 4, 5, 6, 7, 8, 11, 13, 16, 10, 18, 17, 12, 19, 9, 28, 29, 31, 36, 37, 30, 40, 41, 46, 47, 50, 51, 33, 49, 56, 57, 59, 58, 62, 63, 34, 68, 32, 35, 74, 75, 45, 48, 44, 69, 80, 81, 84, 90, 91, 85, 89, 88, 94, 95, 96, 97, 54, 55, 108, 109, 25, 24, 61, 60, 116, 117, 92, 93, 43, 42, 118, 119, 65, 64, 124, 125, 126, 127, 130, 131, 134, 135, 23, 83, 82, 22, 136, 137, 138, 139, 133, 132, 52, 53, 123, 15, 129, 122, 148, 149, 99, 101, 154, 155, 156, 157, 98, 100, 86, 14, 87, 128, 102, 103, 162, 164, 165, 163, 115, 114, 39, 143, 144, 66, 105, 111, 169, 168, 153, 38, 113, 171, 173, 175, 177, 176, 179, 178, 181, 183, 182, 180, 174, 172, 194, 195, 189, 191, 196, 197, 145, 106, 192, 190, 104, 188, 199, 201, 203, 202, 205, 204, 210, 211, 207, 209, 208, 213, 215, 214, 212, 147, 206, 198, 184, 170, 217, 216, 73, 219, 218, 221, 220, 21, 20, 146, 71, 112, 67, 223, 225, 224, 227, 229, 231, 230, 228, 226, 222, 77, 27, 233, 232, 234, 235, 236, 237, 238, 239, 70, 240, 241, 242, 243, 244, 245, 246, 247, 249, 248, 140, 250, 251, 121, 151, 254, 255, 256, 257, 258, 259, 261, 260, 263, 264, 265, 262, 266, 267, 200, 268, 269, 271, 270, 193, 185, 272, 273, 274, 275, 276, 277, 278, 279, 283, 280, 281, 282, 284, 285, 286, 287, 291, 290, 142, 120, 110, 293, 294, 295, 296, 297, 298, 299, 150, 26, 292, 72, 107, 300, 301, 303, 304, 305, 302, 152, 141, 76, 78, 79, 306, 307, 161, 167, 253, 289, 288, 186, 308, 309, 310, 311, 313, 312, 314, 315, 317, 316, 187, 252, 166, 160, 318, 319, 159, 158]
  列生成求解结果: 目标值=12.0000， 下界=10.0000， 上界=11.0000
所有节点已处理完毕，达到最优解

==================================================
分支定价算法完成!
==================================================
最优目标值: 11.000000
最优解列组成如下：
  列 1: vertex_ids=[8, 12, 20, 21, 32], max_endtime=11
  列 2: vertex_ids=[0, 4, 17, 26, 27], max_endtime=11
全局下界: 11.000000
优化间隙: 0.0000%
处理节点数: 319
创建节点数: 319
剪枝节点数: 158
总求解时间: 2.16秒

定价求解统计：
  总定价时间: 1.0240秒
  使用QAIA的节点数: 1
  纯Exact节点数: 318
  QAIA调用次数: 6
  QAIA累计时间: 0.0306秒
  混合节点中的Exact调用次数: 6
  混合节点中的Exact累计时间: 0.0136秒
  QAIA平均单次时间: 0.005093秒
