开始分支定价算法...
时间限制: 120.0秒
根节点已添加: ID=1

处理节点 1
  开始列生成求解...
Set parameter Username
Academic license - for non-commercial use only - expires 2026-12-02
Set parameter LogToConsole to value 0
Set parameter Threads to value 1
Set parameter Seed to value 0
  定价策略: QAIA+Exact, node=1, vertices=30, mode=always
Set parameter PoolSearchMode to value 2
Set parameter PoolSolutions to value 10
[CG 1] RMP=2010.000000, pricing=QAIAExactPricingSolver, new_columns=13
[CG 2] RMP=2010.000000, pricing=QAIAExactPricingSolver, new_columns=12
[CG 3] RMP=11.000000, pricing=QAIAExactPricingSolver, new_columns=10
[CG 4] RMP=9.000000, pricing=QAIAExactPricingSolver, new_columns=11
[CG 5] RMP=8.000000, pricing=QAIAExactPricingSolver, new_columns=10
[CG 6] RMP=4.387464, pricing=QAIAExactPricingSolver, new_columns=10
[CG 7] RMP=4.235294, pricing=QAIAExactPricingSolver, new_columns=0
  搜索路径: [1]
  列生成求解结果: 目标值=4.2353， 下界=-inf， 上界=inf
    非整数变量: COL_0-20-29-4-7-9_3 = 0.347899
  解不是整数，开始分支...
ImposedVertex(vertex=0)
ForbidVertex(vertex=0)
  创建了 2 个分支
    添加分支节点 1: ID=2
    添加分支节点 2: ID=3

处理节点 2
  开始列生成求解...
Set parameter LogToConsole to value 0
Set parameter Threads to value 1
Set parameter Seed to value 0
  定价策略: Exact, node=2, vertices=27
Set parameter PoolSearchMode to value 2
Set parameter PoolSolutions to value 10
[CG 1] RMP=11.000000, pricing=ExactPricingSolver, new_columns=10
[CG 2] RMP=4.306825, pricing=ExactPricingSolver, new_columns=10
[CG 3] RMP=4.235294, pricing=ExactPricingSolver, new_columns=0
  搜索路径: [1, 2]
  列生成求解结果: 目标值=4.2353， 下界=4.2353， 上界=inf
    非整数变量: COL_0-20-29-4-7-9_3 = 0.408824
  解不是整数，开始分支...
ImposedVertex(vertex=29)
ForbidVertex(vertex=29)
  创建了 2 个分支
    添加分支节点 1: ID=4
    添加分支节点 2: ID=5

处理节点 4
  开始列生成求解...
Set parameter LogToConsole to value 0
Set parameter Threads to value 1
Set parameter Seed to value 0
  定价策略: Exact, node=4, vertices=24
Set parameter PoolSearchMode to value 2
Set parameter PoolSolutions to value 10
[CG 1] RMP=9.000000, pricing=ExactPricingSolver, new_columns=0
  搜索路径: [1, 2, 4]
  列生成求解结果: 目标值=9.0000， 下界=4.2353， 上界=inf
    非整数变量: COL_0-20-29-4-7-9_3 = 0.600000
  解不是整数，开始分支...
ImposedVertex(vertex=13)
ForbidVertex(vertex=13)
  创建了 2 个分支
    添加分支节点 1: ID=6
    添加分支节点 2: ID=7

处理节点 5
  开始列生成求解...
Set parameter LogToConsole to value 0
Set parameter Threads to value 1
Set parameter Seed to value 0
  定价策略: Exact, node=5, vertices=26
Set parameter PoolSearchMode to value 2
Set parameter PoolSolutions to value 10
[CG 1] RMP=4.235294, pricing=ExactPricingSolver, new_columns=0
  搜索路径: [1, 2, 4, 5]
  列生成求解结果: 目标值=4.2353， 下界=4.2353， 上界=inf
    非整数变量: COL_13-16-19_4 = 0.119175
  解不是整数，开始分支...
ImposedVertex(vertex=25)
ForbidVertex(vertex=25)
  创建了 2 个分支
    添加分支节点 1: ID=8
    添加分支节点 2: ID=9

处理节点 3
  开始列生成求解...
Set parameter LogToConsole to value 0
Set parameter Threads to value 1
Set parameter Seed to value 0
  定价策略: Exact, node=3, vertices=29
Set parameter PoolSearchMode to value 2
Set parameter PoolSolutions to value 10
[CG 1] RMP=4.235294, pricing=ExactPricingSolver, new_columns=0
  搜索路径: [1, 2, 4, 5, 3]
  列生成求解结果: 目标值=4.2353， 下界=4.2353， 上界=inf
    非整数变量: COL_13-16-19_4 = 0.394958
  解不是整数，开始分支...
ImposedVertex(vertex=13)
ForbidVertex(vertex=13)
  创建了 2 个分支
    添加分支节点 1: ID=10
    添加分支节点 2: ID=11

处理节点 8
  开始列生成求解...
Set parameter LogToConsole to value 0
Set parameter Threads to value 1
Set parameter Seed to value 0
  定价策略: Exact, node=8, vertices=23
Set parameter PoolSearchMode to value 2
Set parameter PoolSolutions to value 10
[CG 1] RMP=12.000000, pricing=ExactPricingSolver, new_columns=10
[CG 2] RMP=11.000000, pricing=ExactPricingSolver, new_columns=10
[CG 3] RMP=6.019544, pricing=ExactPricingSolver, new_columns=10
[CG 4] RMP=4.281632, pricing=ExactPricingSolver, new_columns=10
[CG 5] RMP=4.277778, pricing=ExactPricingSolver, new_columns=0
  搜索路径: [1, 2, 4, 5, 3, 8]
  列生成求解结果: 目标值=4.2778， 下界=4.2353， 上界=inf
    非整数变量: COL_13-16-19_4 = 0.052469
  解不是整数，开始分支...
ImposedVertex(vertex=13)
ForbidVertex(vertex=13)
  创建了 2 个分支
    添加分支节点 1: ID=12
    添加分支节点 2: ID=13

处理节点 11
  开始列生成求解...
Set parameter LogToConsole to value 0
Set parameter Threads to value 1
Set parameter Seed to value 0
  定价策略: Exact, node=11, vertices=28
Set parameter PoolSearchMode to value 2
Set parameter PoolSolutions to value 10
[CG 1] RMP=4.235294, pricing=ExactPricingSolver, new_columns=0
  搜索路径: [1, 2, 4, 5, 3, 8, 11]
  列生成求解结果: 目标值=4.2353， 下界=4.2353， 上界=inf
    非整数变量: COL_16-22-26-7_6 = 0.094118
  解不是整数，开始分支...
ImposedVertex(vertex=16)
ForbidVertex(vertex=16)
  创建了 2 个分支
    添加分支节点 1: ID=14
    添加分支节点 2: ID=15

处理节点 14
  开始列生成求解...
Set parameter LogToConsole to value 0
Set parameter Threads to value 1
Set parameter Seed to value 0
  定价策略: Exact, node=14, vertices=26
Set parameter PoolSearchMode to value 2
Set parameter PoolSolutions to value 10
[CG 1] RMP=13.333333, pricing=ExactPricingSolver, new_columns=10
[CG 2] RMP=5.238095, pricing=ExactPricingSolver, new_columns=10
[CG 3] RMP=4.235294, pricing=ExactPricingSolver, new_columns=0
  搜索路径: [1, 2, 4, 5, 3, 8, 11, 14]
  列生成求解结果: 目标值=4.2353， 下界=4.2353， 上界=inf
    非整数变量: COL_23_5 = 0.029030
  解不是整数，开始分支...
ImposedVertex(vertex=23)
ForbidVertex(vertex=23)
  创建了 2 个分支
    添加分支节点 1: ID=16
    添加分支节点 2: ID=17

处理节点 15
  开始列生成求解...
Set parameter LogToConsole to value 0
Set parameter Threads to value 1
Set parameter Seed to value 0
  定价策略: Exact, node=15, vertices=27
Set parameter PoolSearchMode to value 2
Set parameter PoolSolutions to value 10
[CG 1] RMP=4.235294, pricing=ExactPricingSolver, new_columns=0
  搜索路径: [1, 2, 4, 5, 3, 8, 11, 14, 15]
  列生成求解结果: 目标值=4.2353， 下界=4.2353， 上界=inf
    非整数变量: COL_15-22-26-8_8 = 0.068602
  解不是整数，开始分支...
ImposedVertex(vertex=22)
ForbidVertex(vertex=22)
  创建了 2 个分支
    添加分支节点 1: ID=18
    添加分支节点 2: ID=19

处理节点 16
  开始列生成求解...
Set parameter LogToConsole to value 0
Set parameter Threads to value 1
Set parameter Seed to value 0
  定价策略: Exact, node=16, vertices=23
Set parameter PoolSearchMode to value 2
Set parameter PoolSolutions to value 10
[CG 1] RMP=9.000000, pricing=ExactPricingSolver, new_columns=10
[CG 2] RMP=5.739130, pricing=ExactPricingSolver, new_columns=10
[CG 3] RMP=4.421053, pricing=ExactPricingSolver, new_columns=10
[CG 4] RMP=4.235294, pricing=ExactPricingSolver, new_columns=0
  搜索路径: [1, 2, 4, 5, 3, 8, 11, 14, 15, 16]
  列生成求解结果: 目标值=4.2353， 下界=4.2353， 上界=inf
    非整数变量: COL_1-11-18-23-7-9_42 = 0.289534
  解不是整数，开始分支...
ImposedVertex(vertex=27)
ForbidVertex(vertex=27)
  创建了 2 个分支
    添加分支节点 1: ID=20
    添加分支节点 2: ID=21
  进度: 已处理 10 个节点, 剩余 11 个, 当前最优 inf, 当前列数: 188

处理节点 17
  开始列生成求解...
Set parameter LogToConsole to value 0
Set parameter Threads to value 1
Set parameter Seed to value 0
  定价策略: Exact, node=17, vertices=25
Set parameter PoolSearchMode to value 2
Set parameter PoolSolutions to value 10
[CG 1] RMP=7.000000, pricing=ExactPricingSolver, new_columns=10
[CG 2] RMP=5.381004, pricing=ExactPricingSolver, new_columns=10
[CG 3] RMP=4.531880, pricing=ExactPricingSolver, new_columns=10
[CG 4] RMP=4.235294, pricing=ExactPricingSolver, new_columns=0
  搜索路径: [1, 2, 4, 5, 3, 8, 11, 14, 15, 16, 17]
  列生成求解结果: 目标值=4.2353， 下界=4.2353， 上界=inf
    非整数变量: COL_16-22-26-7_6 = 0.000611
  解不是整数，开始分支...
ImposedVertex(vertex=22)
ForbidVertex(vertex=22)
  创建了 2 个分支
    添加分支节点 1: ID=22
    添加分支节点 2: ID=23

处理节点 19
  开始列生成求解...
Set parameter LogToConsole to value 0
Set parameter Threads to value 1
Set parameter Seed to value 0
  定价策略: Exact, node=19, vertices=26
Set parameter PoolSearchMode to value 2
Set parameter PoolSolutions to value 10
[CG 1] RMP=4.437172, pricing=ExactPricingSolver, new_columns=10
[CG 2] RMP=4.235294, pricing=ExactPricingSolver, new_columns=0
  搜索路径: [1, 2, 4, 5, 3, 8, 11, 14, 15, 16, 17, 19]
  列生成求解结果: 目标值=4.2353， 下界=4.2353， 上界=inf
    非整数变量: COL_15-25-29-7_10 = 0.117647
  解不是整数，开始分支...
ImposedVertex(vertex=29)
ForbidVertex(vertex=29)
  创建了 2 个分支
    添加分支节点 1: ID=24
    添加分支节点 2: ID=25

处理节点 23
  开始列生成求解...
Set parameter LogToConsole to value 0
Set parameter Threads to value 1
Set parameter Seed to value 0
  定价策略: Exact, node=23, vertices=24
Set parameter PoolSearchMode to value 2
Set parameter PoolSolutions to value 10
[CG 1] RMP=5.478261, pricing=ExactPricingSolver, new_columns=10
[CG 2] RMP=4.297674, pricing=ExactPricingSolver, new_columns=10
[CG 3] RMP=4.235294, pricing=ExactPricingSolver, new_columns=0
  搜索路径: [1, 2, 4, 5, 3, 8, 11, 14, 15, 16, 17, 19, 23]
  列生成求解结果: 目标值=4.2353， 下界=4.2353， 上界=inf
    非整数变量: COL_16-24-26-7_7 = 0.082353
  解不是整数，开始分支...
ImposedVertex(vertex=26)
ForbidVertex(vertex=26)
  创建了 2 个分支
    添加分支节点 1: ID=26
    添加分支节点 2: ID=27

处理节点 24
  开始列生成求解...
Set parameter LogToConsole to value 0
Set parameter Threads to value 1
Set parameter Seed to value 0
  定价策略: Exact, node=24, vertices=23
Set parameter PoolSearchMode to value 2
Set parameter PoolSolutions to value 10
[CG 1] RMP=9.000000, pricing=ExactPricingSolver, new_columns=0
  搜索路径: [1, 2, 4, 5, 3, 8, 11, 14, 15, 16, 17, 19, 23, 24]
  列生成求解结果: 目标值=9.0000， 下界=4.2353， 上界=inf
    非整数变量: COL_1-10-15-23-29-5-7_17 = 0.333333
  解不是整数，开始分支...
ImposedVertex(vertex=23)
ForbidVertex(vertex=23)
  创建了 2 个分支
    添加分支节点 1: ID=28
    添加分支节点 2: ID=29

处理节点 25
  开始列生成求解...
Set parameter LogToConsole to value 0
Set parameter Threads to value 1
Set parameter Seed to value 0
  定价策略: Exact, node=25, vertices=25
Set parameter PoolSearchMode to value 2
Set parameter PoolSolutions to value 10
[CG 1] RMP=5.238095, pricing=ExactPricingSolver, new_columns=10
[CG 2] RMP=4.235294, pricing=ExactPricingSolver, new_columns=0
  搜索路径: [1, 2, 4, 5, 3, 8, 11, 14, 15, 16, 17, 19, 23, 24, 25]
  列生成求解结果: 目标值=4.2353， 下界=4.2353， 上界=inf
    非整数变量: COL_11-15-20-24_19 = 0.176471
  解不是整数，开始分支...
ImposedVertex(vertex=1)
ForbidVertex(vertex=1)
  创建了 2 个分支
    添加分支节点 1: ID=30
    添加分支节点 2: ID=31

处理节点 27
  开始列生成求解...
Set parameter LogToConsole to value 0
Set parameter Threads to value 1
Set parameter Seed to value 0
  定价策略: Exact, node=27, vertices=23
Set parameter PoolSearchMode to value 2
Set parameter PoolSolutions to value 10
[CG 1] RMP=4.711882, pricing=ExactPricingSolver, new_columns=10
[CG 2] RMP=4.235294, pricing=ExactPricingSolver, new_columns=0
  搜索路径: [1, 2, 4, 5, 3, 8, 11, 14, 15, 16, 17, 19, 23, 24, 25, 27]
  列生成求解结果: 目标值=4.2353， 下界=4.2353， 上界=inf
    非整数变量: COL_16-18-4-9_138 = 0.156863
  解不是整数，开始分支...
ImposedVertex(vertex=28)
ForbidVertex(vertex=28)
  创建了 2 个分支
    添加分支节点 1: ID=32
    添加分支节点 2: ID=33

处理节点 26
  开始列生成求解...
Set parameter LogToConsole to value 0
Set parameter Threads to value 1
Set parameter Seed to value 0
  定价策略: Exact, node=26, vertices=21
Set parameter PoolSearchMode to value 2
Set parameter PoolSolutions to value 10
[CG 1] RMP=10.000000, pricing=ExactPricingSolver, new_columns=0
  搜索路径: [1, 2, 4, 5, 3, 8, 11, 14, 15, 16, 17, 19, 23, 24, 25, 27, 26]
  列生成求解结果: 目标值=10.0000， 下界=4.2353， 上界=inf
    非整数变量: COL_18-24-9_33 = 0.090909
  解不是整数，开始分支...
ImposedVertex(vertex=9)
ForbidVertex(vertex=9)
  创建了 2 个分支
    添加分支节点 1: ID=34
    添加分支节点 2: ID=35

处理节点 30
  开始列生成求解...
Set parameter LogToConsole to value 0
Set parameter Threads to value 1
Set parameter Seed to value 0
  定价策略: Exact, node=30, vertices=23
Set parameter PoolSearchMode to value 2
Set parameter PoolSolutions to value 10
[CG 1] RMP=4.447653, pricing=ExactPricingSolver, new_columns=10
[CG 2] RMP=4.235294, pricing=ExactPricingSolver, new_columns=0
  搜索路径: [1, 2, 4, 5, 3, 8, 11, 14, 15, 16, 17, 19, 23, 24, 25, 27, 26, 30]
  列生成求解结果: 目标值=4.2353， 下界=4.2353， 上界=inf
    非整数变量: COL_1-15-23-27-5-8_15 = 0.213369
  解不是整数，开始分支...
ImposedVertex(vertex=27)
ForbidVertex(vertex=27)
  创建了 2 个分支
    添加分支节点 1: ID=36
    添加分支节点 2: ID=37

处理节点 36
  开始列生成求解...
Set parameter LogToConsole to value 0
Set parameter Threads to value 1
Set parameter Seed to value 0
  定价策略: Exact, node=36, vertices=21
Set parameter PoolSearchMode to value 2
Set parameter PoolSolutions to value 10
[CG 1] RMP=11.000000, pricing=ExactPricingSolver, new_columns=0
  搜索路径: [1, 2, 4, 5, 3, 8, 11, 14, 15, 16, 17, 19, 23, 24, 25, 27, 26, 30, 36]
  列生成求解结果: 目标值=11.0000， 下界=4.2353， 上界=inf
    非整数变量: COL_1-15-23-27-5-8_15 = 0.500000
  解不是整数，开始分支...
ImposedVertex(vertex=5)
ForbidVertex(vertex=5)
  创建了 2 个分支
    添加分支节点 1: ID=38
    添加分支节点 2: ID=39

处理节点 37
  开始列生成求解...
Set parameter LogToConsole to value 0
Set parameter Threads to value 1
Set parameter Seed to value 0
  定价策略: Exact, node=37, vertices=22
Set parameter PoolSearchMode to value 2
Set parameter PoolSolutions to value 10
[CG 1] RMP=5.454545, pricing=ExactPricingSolver, new_columns=0
  搜索路径: [1, 2, 4, 5, 3, 8, 11, 14, 15, 16, 17, 19, 23, 24, 25, 27, 26, 30, 36, 37]
  列生成求解结果: 目标值=5.4545， 下界=4.2353， 上界=inf
    非整数变量: COL_11-15-20-24_19 = 0.136364
  解不是整数，开始分支...
ImposedVertex(vertex=11)
ForbidVertex(vertex=11)
  创建了 2 个分支
    添加分支节点 1: ID=40
    添加分支节点 2: ID=41
  进度: 已处理 20 个节点, 剩余 21 个, 当前最优 inf, 当前列数: 278

处理节点 21
  开始列生成求解...
Set parameter LogToConsole to value 0
Set parameter Threads to value 1
Set parameter Seed to value 0
  定价策略: Exact, node=21, vertices=22
Set parameter PoolSearchMode to value 2
Set parameter PoolSolutions to value 10
[CG 1] RMP=6.518519, pricing=ExactPricingSolver, new_columns=10
[CG 2] RMP=4.277778, pricing=ExactPricingSolver, new_columns=10
[CG 3] RMP=4.235294, pricing=ExactPricingSolver, new_columns=0
  搜索路径: [1, 2, 4, 5, 3, 8, 11, 14, 15, 16, 17, 19, 23, 24, 25, 27, 26, 30, 36, 37, 21]
  列生成求解结果: 目标值=4.2353， 下界=4.2353， 上界=inf
    非整数变量: COL_1-18-23-7-9_41 = 0.126203
  解不是整数，开始分支...
ImposedVertex(vertex=29)
ForbidVertex(vertex=29)
  创建了 2 个分支
    添加分支节点 1: ID=42
    添加分支节点 2: ID=43

处理节点 22
  开始列生成求解...
Set parameter LogToConsole to value 0
Set parameter Threads to value 1
Set parameter Seed to value 0
  定价策略: Exact, node=22, vertices=23
Set parameter PoolSearchMode to value 2
Set parameter PoolSolutions to value 10
[CG 1] RMP=9.000000, pricing=ExactPricingSolver, new_columns=0
  搜索路径: [1, 2, 4, 5, 3, 8, 11, 14, 15, 16, 17, 19, 23, 24, 25, 27, 26, 30, 36, 37, 21, 22]
  列生成求解结果: 目标值=9.0000， 下界=4.2353， 上界=inf
    非整数变量: COL_16-22-26-7_6 = 0.250000
  解不是整数，开始分支...
ImposedVertex(vertex=26)
ForbidVertex(vertex=26)
  创建了 2 个分支
    添加分支节点 1: ID=44
    添加分支节点 2: ID=45

处理节点 18
  开始列生成求解...
Set parameter LogToConsole to value 0
Set parameter Threads to value 1
Set parameter Seed to value 0
  定价策略: Exact, node=18, vertices=24
Set parameter PoolSearchMode to value 2
Set parameter PoolSolutions to value 10
[CG 1] RMP=9.000000, pricing=ExactPricingSolver, new_columns=0
  搜索路径: [1, 2, 4, 5, 3, 8, 11, 14, 15, 16, 17, 19, 23, 24, 25, 27, 26, 30, 36, 37, 21, 22, 18]
  列生成求解结果: 目标值=9.0000， 下界=4.2353， 上界=inf
    非整数变量: COL_15-22-26-8_8 = 0.291667
  解不是整数，开始分支...
ImposedVertex(vertex=8)
ForbidVertex(vertex=8)
  创建了 2 个分支
    添加分支节点 1: ID=46
    添加分支节点 2: ID=47

处理节点 33
  开始列生成求解...
Set parameter LogToConsole to value 0
Set parameter Threads to value 1
Set parameter Seed to value 0
  定价策略: Exact, node=33, vertices=22
Set parameter PoolSearchMode to value 2
Set parameter PoolSolutions to value 10
[CG 1] RMP=4.950000, pricing=ExactPricingSolver, new_columns=0
  搜索路径: [1, 2, 4, 5, 3, 8, 11, 14, 15, 16, 17, 19, 23, 24, 25, 27, 26, 30, 36, 37, 21, 22, 18, 33]
  列生成求解结果: 目标值=4.9500， 下界=4.2353， 上界=inf
    非整数变量: COL_18-24-9_33 = 0.240000
  解不是整数，开始分支...
ImposedVertex(vertex=1)
ForbidVertex(vertex=1)
  创建了 2 个分支
    添加分支节点 1: ID=48
    添加分支节点 2: ID=49

处理节点 20
  开始列生成求解...
Set parameter LogToConsole to value 0
Set parameter Threads to value 1
Set parameter Seed to value 0
  定价策略: Exact, node=20, vertices=20
Set parameter PoolSearchMode to value 2
Set parameter PoolSolutions to value 10
[CG 1] RMP=11.000000, pricing=ExactPricingSolver, new_columns=0
  搜索路径: [1, 2, 4, 5, 3, 8, 11, 14, 15, 16, 17, 19, 23, 24, 25, 27, 26, 30, 36, 37, 21, 22, 18, 33, 20]
  列生成求解结果: 目标值=11.0000， 下界=4.2353， 上界=inf
    非整数变量: COL_1-14-21-23-27-8-9_72 = 0.916667
  解不是整数，开始分支...
ImposedVertex(vertex=4)
ForbidVertex(vertex=4)
  创建了 2 个分支
    添加分支节点 1: ID=50
    添加分支节点 2: ID=51

处理节点 31
  开始列生成求解...
Set parameter LogToConsole to value 0
Set parameter Threads to value 1
Set parameter Seed to value 0
  定价策略: Exact, node=31, vertices=24
Set parameter PoolSearchMode to value 2
Set parameter PoolSolutions to value 10
[CG 1] RMP=6.000000, pricing=ExactPricingSolver, new_columns=10
[CG 2] RMP=4.714286, pricing=ExactPricingSolver, new_columns=10
[CG 3] RMP=4.235294, pricing=ExactPricingSolver, new_columns=0
  搜索路径: [1, 2, 4, 5, 3, 8, 11, 14, 15, 16, 17, 19, 23, 24, 25, 27, 26, 30, 36, 37, 21, 22, 18, 33, 20, 31]
  列生成求解结果: 目标值=4.2353， 下界=4.2353， 上界=inf
    非整数变量: COL_23_5 = 0.039572
  解不是整数，开始分支...
ImposedVertex(vertex=23)
ForbidVertex(vertex=23)
  创建了 2 个分支
    添加分支节点 1: ID=52
    添加分支节点 2: ID=53

处理节点 32
  开始列生成求解...
Set parameter LogToConsole to value 0
Set parameter Threads to value 1
Set parameter Seed to value 0
  定价策略: Exact, node=32, vertices=21
Set parameter PoolSearchMode to value 2
Set parameter PoolSolutions to value 10
[CG 1] RMP=12.000000, pricing=ExactPricingSolver, new_columns=0
  搜索路径: [1, 2, 4, 5, 3, 8, 11, 14, 15, 16, 17, 19, 23, 24, 25, 27, 26, 30, 36, 37, 21, 22, 18, 33, 20, 31, 32]
  列生成求解结果: 目标值=12.0000， 下界=4.2353， 上界=inf
  找到整数解，更新最优解

处理节点 53
  开始列生成求解...
Set parameter LogToConsole to value 0
Set parameter Threads to value 1
Set parameter Seed to value 0
  定价策略: Exact, node=53, vertices=23
Set parameter PoolSearchMode to value 2
Set parameter PoolSolutions to value 10
[CG 1] RMP=5.478261, pricing=ExactPricingSolver, new_columns=10
[CG 2] RMP=4.235294, pricing=ExactPricingSolver, new_columns=0
  搜索路径: [1, 2, 4, 5, 3, 8, 11, 14, 15, 16, 17, 19, 23, 24, 25, 27, 26, 30, 36, 37, 21, 22, 18, 33, 20, 31, 32, 53]
  列生成求解结果: 目标值=4.2353， 下界=4.2353， 上界=12.0000
    非整数变量: COL_15-25-27-8_11 = 0.119519
  解不是整数，开始分支...
ImposedVertex(vertex=27)
ForbidVertex(vertex=27)
  创建了 2 个分支
    添加分支节点 1: ID=54
    添加分支节点 2: ID=55

处理节点 52
  开始列生成求解...
Set parameter LogToConsole to value 0
Set parameter Threads to value 1
Set parameter Seed to value 0
  定价策略: Exact, node=52, vertices=22
Set parameter PoolSearchMode to value 2
Set parameter PoolSolutions to value 10
[CG 1] RMP=5.866667, pricing=ExactPricingSolver, new_columns=10
[CG 2] RMP=4.714286, pricing=ExactPricingSolver, new_columns=10
[CG 3] RMP=4.292683, pricing=ExactPricingSolver, new_columns=10
[CG 4] RMP=4.235294, pricing=ExactPricingSolver, new_columns=0
  搜索路径: [1, 2, 4, 5, 3, 8, 11, 14, 15, 16, 17, 19, 23, 24, 25, 27, 26, 30, 36, 37, 21, 22, 18, 33, 20, 31, 32, 53, 52]
  列生成求解结果: 目标值=4.2353， 下界=4.2353， 上界=12.0000
    非整数变量: COL_18-23-9_35 = 0.092946
  解不是整数，开始分支...
ImposedVertex(vertex=27)
ForbidVertex(vertex=27)
  创建了 2 个分支
    添加分支节点 1: ID=56
    添加分支节点 2: ID=57

处理节点 54
  开始列生成求解...
Set parameter LogToConsole to value 0
Set parameter Threads to value 1
Set parameter Seed to value 0
  定价策略: Exact, node=54, vertices=21
Set parameter PoolSearchMode to value 2
Set parameter PoolSolutions to value 10
[CG 1] RMP=11.000000, pricing=ExactPricingSolver, new_columns=0
  搜索路径: [1, 2, 4, 5, 3, 8, 11, 14, 15, 16, 17, 19, 23, 24, 25, 27, 26, 30, 36, 37, 21, 22, 18, 33, 20, 31, 32, 53, 52, 54]
  列生成求解结果: 目标值=11.0000， 下界=4.2353， 上界=12.0000
    非整数变量: COL_10-11-19-2-21-4-7_322 = 0.166667
  解不是整数，开始分支...
规则2分支: vertices=2-15, fractionality=0.166667
SameColor(vertex_pair=2-15)
DifferentColor(vertex_pair=2-15)
  创建了 2 个分支
    添加分支节点 1: ID=58
    添加分支节点 2: ID=59
  进度: 已处理 30 个节点, 剩余 29 个, 当前最优 12.0000, 当前列数: 358

处理节点 55
  开始列生成求解...
Set parameter LogToConsole to value 0
Set parameter Threads to value 1
Set parameter Seed to value 0
  定价策略: Exact, node=55, vertices=22
Set parameter PoolSearchMode to value 2
Set parameter PoolSolutions to value 10
[CG 1] RMP=5.454545, pricing=ExactPricingSolver, new_columns=0
  搜索路径: [1, 2, 4, 5, 3, 8, 11, 14, 15, 16, 17, 19, 23, 24, 25, 27, 26, 30, 36, 37, 21, 22, 18, 33, 20, 31, 32, 53, 52, 54, 55]
  列生成求解结果: 目标值=5.4545， 下界=4.2353， 上界=12.0000
    非整数变量: COL_11-15-20-24_19 = 0.060606
  解不是整数，开始分支...
ImposedVertex(vertex=15)
ForbidVertex(vertex=15)
  创建了 2 个分支
    添加分支节点 1: ID=60
    添加分支节点 2: ID=61

处理节点 57
  开始列生成求解...
Set parameter LogToConsole to value 0
Set parameter Threads to value 1
Set parameter Seed to value 0
  定价策略: Exact, node=57, vertices=21
Set parameter PoolSearchMode to value 2
Set parameter PoolSolutions to value 10
[CG 1] RMP=5.454545, pricing=ExactPricingSolver, new_columns=0
  搜索路径: [1, 2, 4, 5, 3, 8, 11, 14, 15, 16, 17, 19, 23, 24, 25, 27, 26, 30, 36, 37, 21, 22, 18, 33, 20, 31, 32, 53, 52, 54, 55, 57]
  列生成求解结果: 目标值=5.4545， 下界=4.2353， 上界=12.0000
    非整数变量: COL_18-23-9_35 = 0.121212
  解不是整数，开始分支...
ImposedVertex(vertex=18)
ForbidVertex(vertex=18)
  创建了 2 个分支
    添加分支节点 1: ID=62
    添加分支节点 2: ID=63

处理节点 56
  开始列生成求解...
Set parameter LogToConsole to value 0
Set parameter Threads to value 1
Set parameter Seed to value 0
  定价策略: Exact, node=56, vertices=20
Set parameter PoolSearchMode to value 2
Set parameter PoolSolutions to value 10
[CG 1] RMP=11.000000, pricing=ExactPricingSolver, new_columns=0
  搜索路径: [1, 2, 4, 5, 3, 8, 11, 14, 15, 16, 17, 19, 23, 24, 25, 27, 26, 30, 36, 37, 21, 22, 18, 33, 20, 31, 32, 53, 52, 54, 55, 57, 56]
  列生成求解结果: 目标值=11.0000， 下界=4.2353， 上界=12.0000
    非整数变量: COL_18-20-27_47 = 0.916667
  解不是整数，开始分支...
ImposedVertex(vertex=20)
ForbidVertex(vertex=20)
  创建了 2 个分支
    添加分支节点 1: ID=64
    添加分支节点 2: ID=65

处理节点 10
  开始列生成求解...
Set parameter LogToConsole to value 0
Set parameter Threads to value 1
Set parameter Seed to value 0
  定价策略: Exact, node=10, vertices=26
Set parameter PoolSearchMode to value 2
Set parameter PoolSolutions to value 10
[CG 1] RMP=5.500000, pricing=ExactPricingSolver, new_columns=10
[CG 2] RMP=4.235294, pricing=ExactPricingSolver, new_columns=0
  搜索路径: [1, 2, 4, 5, 3, 8, 11, 14, 15, 16, 17, 19, 23, 24, 25, 27, 26, 30, 36, 37, 21, 22, 18, 33, 20, 31, 32, 53, 52, 54, 55, 57, 56, 10]
  列生成求解结果: 目标值=4.2353， 下界=4.2353， 上界=12.0000
    非整数变量: COL_13-16-19_4 = 0.705882
  解不是整数，开始分支...
ImposedVertex(vertex=29)
ForbidVertex(vertex=29)
  创建了 2 个分支
    添加分支节点 1: ID=66
    添加分支节点 2: ID=67

处理节点 66
  开始列生成求解...
Set parameter LogToConsole to value 0
Set parameter Threads to value 1
Set parameter Seed to value 0
  定价策略: Exact, node=66, vertices=23
Set parameter PoolSearchMode to value 2
Set parameter PoolSolutions to value 10
[CG 1] RMP=2010.000000, pricing=ExactPricingSolver, new_columns=10
[CG 2] RMP=9.000000, pricing=ExactPricingSolver, new_columns=0
  搜索路径: [1, 2, 4, 5, 3, 8, 11, 14, 15, 16, 17, 19, 23, 24, 25, 27, 26, 30, 36, 37, 21, 22, 18, 33, 20, 31, 32, 53, 52, 54, 55, 57, 56, 10, 66]
  列生成求解结果: 目标值=9.0000， 下界=4.2353， 上界=12.0000
    非整数变量: COL_13-16-19_4 = 0.291667
  解不是整数，开始分支...
ImposedVertex(vertex=4)
ForbidVertex(vertex=4)
  创建了 2 个分支
    添加分支节点 1: ID=68
    添加分支节点 2: ID=69

处理节点 67
  开始列生成求解...
Set parameter LogToConsole to value 0
Set parameter Threads to value 1
Set parameter Seed to value 0
  定价策略: Exact, node=67, vertices=25
Set parameter PoolSearchMode to value 2
Set parameter PoolSolutions to value 10
[CG 1] RMP=5.238095, pricing=ExactPricingSolver, new_columns=10
[CG 2] RMP=4.631579, pricing=ExactPricingSolver, new_columns=10
[CG 3] RMP=4.235294, pricing=ExactPricingSolver, new_columns=0
  搜索路径: [1, 2, 4, 5, 3, 8, 11, 14, 15, 16, 17, 19, 23, 24, 25, 27, 26, 30, 36, 37, 21, 22, 18, 33, 20, 31, 32, 53, 52, 54, 55, 57, 56, 10, 66, 67]
  列生成求解结果: 目标值=4.2353， 下界=4.2353， 上界=12.0000
    非整数变量: COL_13-16-19_4 = 0.252101
  解不是整数，开始分支...
ImposedVertex(vertex=24)
ForbidVertex(vertex=24)
  创建了 2 个分支
    添加分支节点 1: ID=70
    添加分支节点 2: ID=71

处理节点 70
  开始列生成求解...
Set parameter LogToConsole to value 0
Set parameter Threads to value 1
Set parameter Seed to value 0
  定价策略: Exact, node=70, vertices=22
Set parameter PoolSearchMode to value 2
Set parameter PoolSolutions to value 10
[CG 1] RMP=1014.000000, pricing=ExactPricingSolver, new_columns=10
[CG 2] RMP=9.000000, pricing=ExactPricingSolver, new_columns=0
  搜索路径: [1, 2, 4, 5, 3, 8, 11, 14, 15, 16, 17, 19, 23, 24, 25, 27, 26, 30, 36, 37, 21, 22, 18, 33, 20, 31, 32, 53, 52, 54, 55, 57, 56, 10, 66, 67, 70]
  列生成求解结果: 目标值=9.0000， 下界=4.2353， 上界=12.0000
    非整数变量: COL_13-16-19_4 = 0.328125
  解不是整数，开始分支...
ImposedVertex(vertex=27)
ForbidVertex(vertex=27)
  创建了 2 个分支
    添加分支节点 1: ID=72
    添加分支节点 2: ID=73

处理节点 71
  开始列生成求解...
Set parameter LogToConsole to value 0
Set parameter Threads to value 1
Set parameter Seed to value 0
  定价策略: Exact, node=71, vertices=24
Set parameter PoolSearchMode to value 2
Set parameter PoolSolutions to value 10
[CG 1] RMP=4.235294, pricing=ExactPricingSolver, new_columns=0
  搜索路径: [1, 2, 4, 5, 3, 8, 11, 14, 15, 16, 17, 19, 23, 24, 25, 27, 26, 30, 36, 37, 21, 22, 18, 33, 20, 31, 32, 53, 52, 54, 55, 57, 56, 10, 66, 67, 70, 71]
  列生成求解结果: 目标值=4.2353， 下界=4.2353， 上界=12.0000
    非整数变量: COL_13-16-19_4 = 0.269719
  解不是整数，开始分支...
ImposedVertex(vertex=26)
ForbidVertex(vertex=26)
  创建了 2 个分支
    添加分支节点 1: ID=74
    添加分支节点 2: ID=75

处理节点 74
  开始列生成求解...
Set parameter LogToConsole to value 0
Set parameter Threads to value 1
Set parameter Seed to value 0
  定价策略: Exact, node=74, vertices=22
Set parameter PoolSearchMode to value 2
Set parameter PoolSolutions to value 10
[CG 1] RMP=10.000000, pricing=ExactPricingSolver, new_columns=0
  搜索路径: [1, 2, 4, 5, 3, 8, 11, 14, 15, 16, 17, 19, 23, 24, 25, 27, 26, 30, 36, 37, 21, 22, 18, 33, 20, 31, 32, 53, 52, 54, 55, 57, 56, 10, 66, 67, 70, 71, 74]
  列生成求解结果: 目标值=10.0000， 下界=4.2353， 上界=12.0000
    非整数变量: COL_13-16-19_4 = 0.500000
  解不是整数，开始分支...
ImposedVertex(vertex=1)
ForbidVertex(vertex=1)
  创建了 2 个分支
    添加分支节点 1: ID=76
    添加分支节点 2: ID=77

处理节点 75
  开始列生成求解...
Set parameter LogToConsole to value 0
Set parameter Threads to value 1
Set parameter Seed to value 0
  定价策略: Exact, node=75, vertices=23
Set parameter PoolSearchMode to value 2
Set parameter PoolSolutions to value 10
[CG 1] RMP=5.739130, pricing=ExactPricingSolver, new_columns=0
  搜索路径: [1, 2, 4, 5, 3, 8, 11, 14, 15, 16, 17, 19, 23, 24, 25, 27, 26, 30, 36, 37, 21, 22, 18, 33, 20, 31, 32, 53, 52, 54, 55, 57, 56, 10, 66, 67, 70, 71, 74, 75]
  列生成求解结果: 目标值=5.7391， 下界=4.2353， 上界=12.0000
    非整数变量: COL_13-16-19_4 = 0.478261
  解不是整数，开始分支...
ImposedVertex(vertex=25)
ForbidVertex(vertex=25)
  创建了 2 个分支
    添加分支节点 1: ID=78
    添加分支节点 2: ID=79
  进度: 已处理 40 个节点, 剩余 39 个, 当前最优 12.0000, 当前列数: 408

处理节点 9
  开始列生成求解...
Set parameter LogToConsole to value 0
Set parameter Threads to value 1
Set parameter Seed to value 0
  定价策略: Exact, node=9, vertices=25
Set parameter PoolSearchMode to value 2
Set parameter PoolSolutions to value 10
[CG 1] RMP=4.671910, pricing=ExactPricingSolver, new_columns=10
[CG 2] RMP=4.235294, pricing=ExactPricingSolver, new_columns=0
  搜索路径: [1, 2, 4, 5, 3, 8, 11, 14, 15, 16, 17, 19, 23, 24, 25, 27, 26, 30, 36, 37, 21, 22, 18, 33, 20, 31, 32, 53, 52, 54, 55, 57, 56, 10, 66, 67, 70, 71, 74, 75, 9]
  列生成求解结果: 目标值=4.2353， 下界=4.2353， 上界=12.0000
    非整数变量: COL_13-16-19_4 = 0.205882
  解不是整数，开始分支...
ImposedVertex(vertex=22)
ForbidVertex(vertex=22)
  创建了 2 个分支
    添加分支节点 1: ID=80
    添加分支节点 2: ID=81

处理节点 80
  开始列生成求解...
Set parameter LogToConsole to value 0
Set parameter Threads to value 1
Set parameter Seed to value 0
  定价策略: Exact, node=80, vertices=23
Set parameter PoolSearchMode to value 2
Set parameter PoolSolutions to value 10
[CG 1] RMP=9.000000, pricing=ExactPricingSolver, new_columns=0
  搜索路径: [1, 2, 4, 5, 3, 8, 11, 14, 15, 16, 17, 19, 23, 24, 25, 27, 26, 30, 36, 37, 21, 22, 18, 33, 20, 31, 32, 53, 52, 54, 55, 57, 56, 10, 66, 67, 70, 71, 74, 75, 9, 80]
  列生成求解结果: 目标值=9.0000， 下界=4.2353， 上界=12.0000
    非整数变量: COL_13-16-19_4 = 0.100000
  解不是整数，开始分支...
ImposedVertex(vertex=13)
ForbidVertex(vertex=13)
  创建了 2 个分支
    添加分支节点 1: ID=82
    添加分支节点 2: ID=83

处理节点 81
  开始列生成求解...
Set parameter LogToConsole to value 0
Set parameter Threads to value 1
Set parameter Seed to value 0
  定价策略: Exact, node=81, vertices=24
Set parameter PoolSearchMode to value 2
Set parameter PoolSolutions to value 10
[CG 1] RMP=4.390244, pricing=ExactPricingSolver, new_columns=10
[CG 2] RMP=4.235294, pricing=ExactPricingSolver, new_columns=0
  搜索路径: [1, 2, 4, 5, 3, 8, 11, 14, 15, 16, 17, 19, 23, 24, 25, 27, 26, 30, 36, 37, 21, 22, 18, 33, 20, 31, 32, 53, 52, 54, 55, 57, 56, 10, 66, 67, 70, 71, 74, 75, 9, 80, 81]
  列生成求解结果: 目标值=4.2353， 下界=4.2353， 上界=12.0000
    非整数变量: COL_13-16-19_4 = 0.058824
  解不是整数，开始分支...
ImposedVertex(vertex=13)
ForbidVertex(vertex=13)
  创建了 2 个分支
    添加分支节点 1: ID=84
    添加分支节点 2: ID=85

处理节点 84
  开始列生成求解...
Set parameter LogToConsole to value 0
Set parameter Threads to value 1
Set parameter Seed to value 0
  定价策略: Exact, node=84, vertices=21
Set parameter PoolSearchMode to value 2
Set parameter PoolSolutions to value 10
[CG 1] RMP=11.000000, pricing=ExactPricingSolver, new_columns=10
[CG 2] RMP=4.802911, pricing=ExactPricingSolver, new_columns=10
[CG 3] RMP=4.235294, pricing=ExactPricingSolver, new_columns=0
  搜索路径: [1, 2, 4, 5, 3, 8, 11, 14, 15, 16, 17, 19, 23, 24, 25, 27, 26, 30, 36, 37, 21, 22, 18, 33, 20, 31, 32, 53, 52, 54, 55, 57, 56, 10, 66, 67, 70, 71, 74, 75, 9, 80, 81, 84]
  列生成求解结果: 目标值=4.2353， 下界=4.2353， 上界=12.0000
    非整数变量: COL_13-16-19_4 = 0.294118
  解不是整数，开始分支...
ImposedVertex(vertex=26)
ForbidVertex(vertex=26)
  创建了 2 个分支
    添加分支节点 1: ID=86
    添加分支节点 2: ID=87

处理节点 86
  开始列生成求解...
Set parameter LogToConsole to value 0
Set parameter Threads to value 1
Set parameter Seed to value 0
  定价策略: Exact, node=86, vertices=19
Set parameter PoolSearchMode to value 2
Set parameter PoolSolutions to value 10
[CG 1] RMP=10.000000, pricing=ExactPricingSolver, new_columns=0
  搜索路径: [1, 2, 4, 5, 3, 8, 11, 14, 15, 16, 17, 19, 23, 24, 25, 27, 26, 30, 36, 37, 21, 22, 18, 33, 20, 31, 32, 53, 52, 54, 55, 57, 56, 10, 66, 67, 70, 71, 74, 75, 9, 80, 81, 84, 86]
  列生成求解结果: 目标值=10.0000， 下界=4.2353， 上界=12.0000
    非整数变量: COL_16-24-26-7_7 = 0.166667
  解不是整数，开始分支...
ImposedVertex(vertex=7)
ForbidVertex(vertex=7)
  创建了 2 个分支
    添加分支节点 1: ID=88
    添加分支节点 2: ID=89

处理节点 87
  开始列生成求解...
Set parameter LogToConsole to value 0
Set parameter Threads to value 1
Set parameter Seed to value 0
  定价策略: Exact, node=87, vertices=20
Set parameter PoolSearchMode to value 2
Set parameter PoolSolutions to value 10
[CG 1] RMP=5.739130, pricing=ExactPricingSolver, new_columns=0
  搜索路径: [1, 2, 4, 5, 3, 8, 11, 14, 15, 16, 17, 19, 23, 24, 25, 27, 26, 30, 36, 37, 21, 22, 18, 33, 20, 31, 32, 53, 52, 54, 55, 57, 56, 10, 66, 67, 70, 71, 74, 75, 9, 80, 81, 84, 86, 87]
  列生成求解结果: 目标值=5.7391， 下界=4.2353， 上界=12.0000
    非整数变量: COL_13-16-19_4 = 0.239130
  解不是整数，开始分支...
ImposedVertex(vertex=16)
ForbidVertex(vertex=16)
  创建了 2 个分支
    添加分支节点 1: ID=90
    添加分支节点 2: ID=91

处理节点 85
  开始列生成求解...
Set parameter LogToConsole to value 0
Set parameter Threads to value 1
Set parameter Seed to value 0
  定价策略: Exact, node=85, vertices=23
Set parameter PoolSearchMode to value 2
Set parameter PoolSolutions to value 10
[CG 1] RMP=4.235294, pricing=ExactPricingSolver, new_columns=0
  搜索路径: [1, 2, 4, 5, 3, 8, 11, 14, 15, 16, 17, 19, 23, 24, 25, 27, 26, 30, 36, 37, 21, 22, 18, 33, 20, 31, 32, 53, 52, 54, 55, 57, 56, 10, 66, 67, 70, 71, 74, 75, 9, 80, 81, 84, 86, 87, 85]
  列生成求解结果: 目标值=4.2353， 下界=4.2353， 上界=12.0000
    非整数变量: COL_16-24-26-7_7 = 0.294118
  解不是整数，开始分支...
ImposedVertex(vertex=26)
ForbidVertex(vertex=26)
  创建了 2 个分支
    添加分支节点 1: ID=92
    添加分支节点 2: ID=93

处理节点 92
  开始列生成求解...
Set parameter LogToConsole to value 0
Set parameter Threads to value 1
Set parameter Seed to value 0
  定价策略: Exact, node=92, vertices=21
Set parameter PoolSearchMode to value 2
Set parameter PoolSolutions to value 10
[CG 1] RMP=10.000000, pricing=ExactPricingSolver, new_columns=0
  搜索路径: [1, 2, 4, 5, 3, 8, 11, 14, 15, 16, 17, 19, 23, 24, 25, 27, 26, 30, 36, 37, 21, 22, 18, 33, 20, 31, 32, 53, 52, 54, 55, 57, 56, 10, 66, 67, 70, 71, 74, 75, 9, 80, 81, 84, 86, 87, 85, 92]
  列生成求解结果: 目标值=10.0000， 下界=4.2353， 上界=12.0000
    非整数变量: COL_16-24-26-7_7 = 0.500000
  解不是整数，开始分支...
ImposedVertex(vertex=16)
ForbidVertex(vertex=16)
  创建了 2 个分支
    添加分支节点 1: ID=94
    添加分支节点 2: ID=95

处理节点 93
  开始列生成求解...
Set parameter LogToConsole to value 0
Set parameter Threads to value 1
Set parameter Seed to value 0
  定价策略: Exact, node=93, vertices=22
Set parameter PoolSearchMode to value 2
Set parameter PoolSolutions to value 10
[CG 1] RMP=6.000000, pricing=ExactPricingSolver, new_columns=10
[CG 2] RMP=5.739130, pricing=ExactPricingSolver, new_columns=0
  搜索路径: [1, 2, 4, 5, 3, 8, 11, 14, 15, 16, 17, 19, 23, 24, 25, 27, 26, 30, 36, 37, 21, 22, 18, 33, 20, 31, 32, 53, 52, 54, 55, 57, 56, 10, 66, 67, 70, 71, 74, 75, 9, 80, 81, 84, 86, 87, 85, 92, 93]
  列生成求解结果: 目标值=5.7391， 下界=4.2353， 上界=12.0000
    非整数变量: COL_23_5 = 0.077536
  解不是整数，开始分支...
ImposedVertex(vertex=11)
ForbidVertex(vertex=11)
  创建了 2 个分支
    添加分支节点 1: ID=96
    添加分支节点 2: ID=97

处理节点 43
  开始列生成求解...
Set parameter LogToConsole to value 0
Set parameter Threads to value 1
Set parameter Seed to value 0
  定价策略: Exact, node=43, vertices=21
Set parameter PoolSearchMode to value 2
Set parameter PoolSolutions to value 10
[CG 1] RMP=5.454545, pricing=ExactPricingSolver, new_columns=0
  搜索路径: [1, 2, 4, 5, 3, 8, 11, 14, 15, 16, 17, 19, 23, 24, 25, 27, 26, 30, 36, 37, 21, 22, 18, 33, 20, 31, 32, 53, 52, 54, 55, 57, 56, 10, 66, 67, 70, 71, 74, 75, 9, 80, 81, 84, 86, 87, 85, 92, 93, 43]
  列生成求解结果: 目标值=5.4545， 下界=4.2353， 上界=12.0000
    非整数变量: COL_1-18-23-7-9_41 = 0.389610
  解不是整数，开始分支...
ImposedVertex(vertex=7)
ForbidVertex(vertex=7)
  创建了 2 个分支
    添加分支节点 1: ID=98
    添加分支节点 2: ID=99
  进度: 已处理 50 个节点, 剩余 49 个, 当前最优 12.0000, 当前列数: 458

处理节点 42
  开始列生成求解...
Set parameter LogToConsole to value 0
Set parameter Threads to value 1
Set parameter Seed to value 0
  定价策略: Exact, node=42, vertices=20
Set parameter PoolSearchMode to value 2
Set parameter PoolSolutions to value 10
[CG 1] RMP=11.000000, pricing=ExactPricingSolver, new_columns=10
[CG 2] RMP=11.000000, pricing=ExactPricingSolver, new_columns=10
[CG 3] RMP=9.000000, pricing=ExactPricingSolver, new_columns=0
  搜索路径: [1, 2, 4, 5, 3, 8, 11, 14, 15, 16, 17, 19, 23, 24, 25, 27, 26, 30, 36, 37, 21, 22, 18, 33, 20, 31, 32, 53, 52, 54, 55, 57, 56, 10, 66, 67, 70, 71, 74, 75, 9, 80, 81, 84, 86, 87, 85, 92, 93, 43, 42]
  列生成求解结果: 目标值=9.0000， 下界=4.2353， 上界=12.0000
    非整数变量: COL_1-11-18-23-7-9_42 = 0.060606
  解不是整数，开始分支...
ImposedVertex(vertex=1)
ForbidVertex(vertex=1)
  创建了 2 个分支
    添加分支节点 1: ID=100
    添加分支节点 2: ID=101

处理节点 12
  开始列生成求解...
Set parameter LogToConsole to value 0
Set parameter Threads to value 1
Set parameter Seed to value 0
  定价策略: Exact, node=12, vertices=20
Set parameter PoolSearchMode to value 2
Set parameter PoolSolutions to value 10
[CG 1] RMP=11.000000, pricing=ExactPricingSolver, new_columns=10
[CG 2] RMP=7.764706, pricing=ExactPricingSolver, new_columns=10
[CG 3] RMP=5.500000, pricing=ExactPricingSolver, new_columns=10
[CG 4] RMP=4.277778, pricing=ExactPricingSolver, new_columns=0
  搜索路径: [1, 2, 4, 5, 3, 8, 11, 14, 15, 16, 17, 19, 23, 24, 25, 27, 26, 30, 36, 37, 21, 22, 18, 33, 20, 31, 32, 53, 52, 54, 55, 57, 56, 10, 66, 67, 70, 71, 74, 75, 9, 80, 81, 84, 86, 87, 85, 92, 93, 43, 42, 12]
  列生成求解结果: 目标值=4.2778， 下界=4.2778， 上界=12.0000
    非整数变量: COL_13-16-19_4 = 0.352904
  解不是整数，开始分支...
ImposedVertex(vertex=27)
ForbidVertex(vertex=27)
  创建了 2 个分支
    添加分支节点 1: ID=102
    添加分支节点 2: ID=103

处理节点 102
  开始列生成求解...
Set parameter LogToConsole to value 0
Set parameter Threads to value 1
Set parameter Seed to value 0
  定价策略: Exact, node=102, vertices=18
Set parameter PoolSearchMode to value 2
Set parameter PoolSolutions to value 10
[CG 1] RMP=12.000000, pricing=ExactPricingSolver, new_columns=10
[CG 2] RMP=11.000000, pricing=ExactPricingSolver, new_columns=0
  搜索路径: [1, 2, 4, 5, 3, 8, 11, 14, 15, 16, 17, 19, 23, 24, 25, 27, 26, 30, 36, 37, 21, 22, 18, 33, 20, 31, 32, 53, 52, 54, 55, 57, 56, 10, 66, 67, 70, 71, 74, 75, 9, 80, 81, 84, 86, 87, 85, 92, 93, 43, 42, 12, 102]
  列生成求解结果: 目标值=11.0000， 下界=4.2778， 上界=12.0000
    非整数变量: COL_15-25-27-8_11 = 0.166667
  解不是整数，开始分支...
ImposedVertex(vertex=8)
ForbidVertex(vertex=8)
  创建了 2 个分支
    添加分支节点 1: ID=104
    添加分支节点 2: ID=105

处理节点 103
  开始列生成求解...
Set parameter LogToConsole to value 0
Set parameter Threads to value 1
Set parameter Seed to value 0
  定价策略: Exact, node=103, vertices=19
Set parameter PoolSearchMode to value 2
Set parameter PoolSolutions to value 10
[CG 1] RMP=5.454545, pricing=ExactPricingSolver, new_columns=0
  搜索路径: [1, 2, 4, 5, 3, 8, 11, 14, 15, 16, 17, 19, 23, 24, 25, 27, 26, 30, 36, 37, 21, 22, 18, 33, 20, 31, 32, 53, 52, 54, 55, 57, 56, 10, 66, 67, 70, 71, 74, 75, 9, 80, 81, 84, 86, 87, 85, 92, 93, 43, 42, 12, 102, 103]
  列生成求解结果: 目标值=5.4545， 下界=4.2778， 上界=12.0000
    非整数变量: COL_13-16-19_4 = 0.259740
  解不是整数，开始分支...
ImposedVertex(vertex=16)
ForbidVertex(vertex=16)
  创建了 2 个分支
    添加分支节点 1: ID=106
    添加分支节点 2: ID=107

处理节点 13
  开始列生成求解...
Set parameter LogToConsole to value 0
Set parameter Threads to value 1
Set parameter Seed to value 0
  定价策略: Exact, node=13, vertices=22
Set parameter PoolSearchMode to value 2
Set parameter PoolSolutions to value 10
[CG 1] RMP=4.277778, pricing=ExactPricingSolver, new_columns=0
  搜索路径: [1, 2, 4, 5, 3, 8, 11, 14, 15, 16, 17, 19, 23, 24, 25, 27, 26, 30, 36, 37, 21, 22, 18, 33, 20, 31, 32, 53, 52, 54, 55, 57, 56, 10, 66, 67, 70, 71, 74, 75, 9, 80, 81, 84, 86, 87, 85, 92, 93, 43, 42, 12, 102, 103, 13]
  列生成求解结果: 目标值=4.2778， 下界=4.2778， 上界=12.0000
    非整数变量: COL_0-15-25-27-4-8_14 = 0.244946
  解不是整数，开始分支...
ImposedVertex(vertex=27)
ForbidVertex(vertex=27)
  创建了 2 个分支
    添加分支节点 1: ID=108
    添加分支节点 2: ID=109

处理节点 108
  开始列生成求解...
Set parameter LogToConsole to value 0
Set parameter Threads to value 1
Set parameter Seed to value 0
  定价策略: Exact, node=108, vertices=20
Set parameter PoolSearchMode to value 2
Set parameter PoolSolutions to value 10
[CG 1] RMP=11.000000, pricing=ExactPricingSolver, new_columns=0
  搜索路径: [1, 2, 4, 5, 3, 8, 11, 14, 15, 16, 17, 19, 23, 24, 25, 27, 26, 30, 36, 37, 21, 22, 18, 33, 20, 31, 32, 53, 52, 54, 55, 57, 56, 10, 66, 67, 70, 71, 74, 75, 9, 80, 81, 84, 86, 87, 85, 92, 93, 43, 42, 12, 102, 103, 13, 108]
  列生成求解结果: 目标值=11.0000， 下界=4.2778， 上界=12.0000
    非整数变量: COL_0-15-25-27-8_12 = 0.916667
  解不是整数，开始分支...
ImposedVertex(vertex=8)
ForbidVertex(vertex=8)
  创建了 2 个分支
    添加分支节点 1: ID=110
    添加分支节点 2: ID=111

处理节点 109
  开始列生成求解...
Set parameter LogToConsole to value 0
Set parameter Threads to value 1
Set parameter Seed to value 0
  定价策略: Exact, node=109, vertices=21
Set parameter PoolSearchMode to value 2
Set parameter PoolSolutions to value 10
[CG 1] RMP=5.454545, pricing=ExactPricingSolver, new_columns=0
  搜索路径: [1, 2, 4, 5, 3, 8, 11, 14, 15, 16, 17, 19, 23, 24, 25, 27, 26, 30, 36, 37, 21, 22, 18, 33, 20, 31, 32, 53, 52, 54, 55, 57, 56, 10, 66, 67, 70, 71, 74, 75, 9, 80, 81, 84, 86, 87, 85, 92, 93, 43, 42, 12, 102, 103, 13, 108, 109]
  列生成求解结果: 目标值=5.4545， 下界=4.2778， 上界=12.0000
    非整数变量: COL_11-15-20-25_23 = 0.367309
  解不是整数，开始分支...
ImposedVertex(vertex=11)
ForbidVertex(vertex=11)
  创建了 2 个分支
    添加分支节点 1: ID=112
    添加分支节点 2: ID=113

处理节点 49
  开始列生成求解...
Set parameter LogToConsole to value 0
Set parameter Threads to value 1
Set parameter Seed to value 0
  定价策略: Exact, node=49, vertices=21
Set parameter PoolSearchMode to value 2
Set parameter PoolSolutions to value 10
[CG 1] RMP=4.950000, pricing=ExactPricingSolver, new_columns=0
  搜索路径: [1, 2, 4, 5, 3, 8, 11, 14, 15, 16, 17, 19, 23, 24, 25, 27, 26, 30, 36, 37, 21, 22, 18, 33, 20, 31, 32, 53, 52, 54, 55, 57, 56, 10, 66, 67, 70, 71, 74, 75, 9, 80, 81, 84, 86, 87, 85, 92, 93, 43, 42, 12, 102, 103, 13, 108, 109, 49]
  列生成求解结果: 目标值=4.9500， 下界=4.9500， 上界=12.0000
    非整数变量: COL_16-18-4-9_138 = 0.261607
  解不是整数，开始分支...
ImposedVertex(vertex=9)
ForbidVertex(vertex=9)
  创建了 2 个分支
    添加分支节点 1: ID=114
    添加分支节点 2: ID=115

处理节点 48
  开始列生成求解...
Set parameter LogToConsole to value 0
Set parameter Threads to value 1
Set parameter Seed to value 0
  定价策略: Exact, node=48, vertices=20
Set parameter PoolSearchMode to value 2
Set parameter PoolSolutions to value 10
[CG 1] RMP=11.000000, pricing=ExactPricingSolver, new_columns=10
[CG 2] RMP=11.000000, pricing=ExactPricingSolver, new_columns=10
[CG 3] RMP=4.950000, pricing=ExactPricingSolver, new_columns=0
  搜索路径: [1, 2, 4, 5, 3, 8, 11, 14, 15, 16, 17, 19, 23, 24, 25, 27, 26, 30, 36, 37, 21, 22, 18, 33, 20, 31, 32, 53, 52, 54, 55, 57, 56, 10, 66, 67, 70, 71, 74, 75, 9, 80, 81, 84, 86, 87, 85, 92, 93, 43, 42, 12, 102, 103, 13, 108, 109, 49, 48]
  列生成求解结果: 目标值=4.9500， 下界=4.9500， 上界=12.0000
    非整数变量: COL_1-16-20-24-9_208 = 0.100000
  解不是整数，开始分支...
ImposedVertex(vertex=9)
ForbidVertex(vertex=9)
  创建了 2 个分支
    添加分支节点 1: ID=116
    添加分支节点 2: ID=117

处理节点 114
  开始列生成求解...
Set parameter LogToConsole to value 0
Set parameter Threads to value 1
Set parameter Seed to value 0
  定价策略: Exact, node=114, vertices=20
Set parameter PoolSearchMode to value 2
Set parameter PoolSolutions to value 10
[CG 1] RMP=5.929412, pricing=ExactPricingSolver, new_columns=10
[CG 2] RMP=5.799163, pricing=ExactPricingSolver, new_columns=10
[CG 3] RMP=5.739130, pricing=ExactPricingSolver, new_columns=10
[CG 4] RMP=4.950000, pricing=ExactPricingSolver, new_columns=0
  搜索路径: [1, 2, 4, 5, 3, 8, 11, 14, 15, 16, 17, 19, 23, 24, 25, 27, 26, 30, 36, 37, 21, 22, 18, 33, 20, 31, 32, 53, 52, 54, 55, 57, 56, 10, 66, 67, 70, 71, 74, 75, 9, 80, 81, 84, 86, 87, 85, 92, 93, 43, 42, 12, 102, 103, 13, 108, 109, 49, 48, 114]
  列生成求解结果: 目标值=4.9500， 下界=4.9500， 上界=12.0000
    非整数变量: COL_18-24-9_33 = 0.082143
  解不是整数，开始分支...
ImposedVertex(vertex=18)
ForbidVertex(vertex=18)
  创建了 2 个分支
    添加分支节点 1: ID=118
    添加分支节点 2: ID=119
  进度: 已处理 60 个节点, 剩余 59 个, 当前最优 12.0000, 当前列数: 568

处理节点 115
  开始列生成求解...
Set parameter LogToConsole to value 0
Set parameter Threads to value 1
Set parameter Seed to value 0
  定价策略: Exact, node=115, vertices=20
Set parameter PoolSearchMode to value 2
Set parameter PoolSolutions to value 10
[CG 1] RMP=11.000000, pricing=ExactPricingSolver, new_columns=0
  搜索路径: [1, 2, 4, 5, 3, 8, 11, 14, 15, 16, 17, 19, 23, 24, 25, 27, 26, 30, 36, 37, 21, 22, 18, 33, 20, 31, 32, 53, 52, 54, 55, 57, 56, 10, 66, 67, 70, 71, 74, 75, 9, 80, 81, 84, 86, 87, 85, 92, 93, 43, 42, 12, 102, 103, 13, 108, 109, 49, 48, 114, 115]
  列生成求解结果: 目标值=11.0000， 下界=4.9500， 上界=12.0000
    非整数变量: COL_18-20-27_47 = 0.916667
  解不是整数，开始分支...
ImposedVertex(vertex=18)
ForbidVertex(vertex=18)
  创建了 2 个分支
    添加分支节点 1: ID=120
    添加分支节点 2: ID=121

处理节点 116
  开始列生成求解...
Set parameter LogToConsole to value 0
Set parameter Threads to value 1
Set parameter Seed to value 0
  定价策略: Exact, node=116, vertices=19
Set parameter PoolSearchMode to value 2
Set parameter PoolSolutions to value 10
[CG 1] RMP=9.000000, pricing=ExactPricingSolver, new_columns=10
[CG 2] RMP=4.950000, pricing=ExactPricingSolver, new_columns=0
  搜索路径: [1, 2, 4, 5, 3, 8, 11, 14, 15, 16, 17, 19, 23, 24, 25, 27, 26, 30, 36, 37, 21, 22, 18, 33, 20, 31, 32, 53, 52, 54, 55, 57, 56, 10, 66, 67, 70, 71, 74, 75, 9, 80, 81, 84, 86, 87, 85, 92, 93, 43, 42, 12, 102, 103, 13, 108, 109, 49, 48, 114, 115, 116]
  列生成求解结果: 目标值=4.9500， 下界=4.9500， 上界=12.0000
    非整数变量: COL_1-16-20-24-9_208 = 0.146429
  解不是整数，开始分支...
ImposedVertex(vertex=20)
ForbidVertex(vertex=20)
  创建了 2 个分支
    添加分支节点 1: ID=122
    添加分支节点 2: ID=123

处理节点 122
  开始列生成求解...
Set parameter LogToConsole to value 0
Set parameter Threads to value 1
Set parameter Seed to value 0
  定价策略: Exact, node=122, vertices=18
Set parameter PoolSearchMode to value 2
Set parameter PoolSolutions to value 10
[CG 1] RMP=8.000000, pricing=ExactPricingSolver, new_columns=0
  搜索路径: [1, 2, 4, 5, 3, 8, 11, 14, 15, 16, 17, 19, 23, 24, 25, 27, 26, 30, 36, 37, 21, 22, 18, 33, 20, 31, 32, 53, 52, 54, 55, 57, 56, 10, 66, 67, 70, 71, 74, 75, 9, 80, 81, 84, 86, 87, 85, 92, 93, 43, 42, 12, 102, 103, 13, 108, 109, 49, 48, 114, 115, 116, 122]
  列生成求解结果: 目标值=8.0000， 下界=4.9500， 上界=12.0000
    非整数变量: COL_16-18-4-9_138 = 0.200000
  解不是整数，开始分支...
ImposedVertex(vertex=4)
ForbidVertex(vertex=4)
  创建了 2 个分支
    添加分支节点 1: ID=124
    添加分支节点 2: ID=125

处理节点 123
  开始列生成求解...
Set parameter LogToConsole to value 0
Set parameter Threads to value 1
Set parameter Seed to value 0
  定价策略: Exact, node=123, vertices=18
Set parameter PoolSearchMode to value 2
Set parameter PoolSolutions to value 10
[CG 1] RMP=9.000000, pricing=ExactPricingSolver, new_columns=0
  搜索路径: [1, 2, 4, 5, 3, 8, 11, 14, 15, 16, 17, 19, 23, 24, 25, 27, 26, 30, 36, 37, 21, 22, 18, 33, 20, 31, 32, 53, 52, 54, 55, 57, 56, 10, 66, 67, 70, 71, 74, 75, 9, 80, 81, 84, 86, 87, 85, 92, 93, 43, 42, 12, 102, 103, 13, 108, 109, 49, 48, 114, 115, 116, 122, 123]
  列生成求解结果: 目标值=9.0000， 下界=4.9500， 上界=12.0000
    非整数变量: COL_18-24-9_33 = 0.333333
  解不是整数，开始分支...
ImposedVertex(vertex=24)
ForbidVertex(vertex=24)
  创建了 2 个分支
    添加分支节点 1: ID=126
    添加分支节点 2: ID=127

处理节点 117
  开始列生成求解...
Set parameter LogToConsole to value 0
Set parameter Threads to value 1
Set parameter Seed to value 0
  定价策略: Exact, node=117, vertices=19
Set parameter PoolSearchMode to value 2
Set parameter PoolSolutions to value 10
[CG 1] RMP=11.000000, pricing=ExactPricingSolver, new_columns=0
  搜索路径: [1, 2, 4, 5, 3, 8, 11, 14, 15, 16, 17, 19, 23, 24, 25, 27, 26, 30, 36, 37, 21, 22, 18, 33, 20, 31, 32, 53, 52, 54, 55, 57, 56, 10, 66, 67, 70, 71, 74, 75, 9, 80, 81, 84, 86, 87, 85, 92, 93, 43, 42, 12, 102, 103, 13, 108, 109, 49, 48, 114, 115, 116, 122, 123, 117]
  列生成求解结果: 目标值=11.0000， 下界=4.9500， 上界=12.0000
    非整数变量: COL_18-20-27_47 = 0.500000
  解不是整数，开始分支...
ImposedVertex(vertex=20)
ForbidVertex(vertex=20)
  创建了 2 个分支
    添加分支节点 1: ID=128
    添加分支节点 2: ID=129

处理节点 118
  开始列生成求解...
Set parameter LogToConsole to value 0
Set parameter Threads to value 1
Set parameter Seed to value 0
  定价策略: Exact, node=118, vertices=19
Set parameter PoolSearchMode to value 2
Set parameter PoolSolutions to value 10
[CG 1] RMP=7.000000, pricing=ExactPricingSolver, new_columns=0
  搜索路径: [1, 2, 4, 5, 3, 8, 11, 14, 15, 16, 17, 19, 23, 24, 25, 27, 26, 30, 36, 37, 21, 22, 18, 33, 20, 31, 32, 53, 52, 54, 55, 57, 56, 10, 66, 67, 70, 71, 74, 75, 9, 80, 81, 84, 86, 87, 85, 92, 93, 43, 42, 12, 102, 103, 13, 108, 109, 49, 48, 114, 115, 116, 122, 123, 117, 118]
  列生成求解结果: 目标值=7.0000， 下界=4.9500， 上界=12.0000
    非整数变量: COL_18-24-9_33 = 0.250000
  解不是整数，开始分支...
ImposedVertex(vertex=24)
ForbidVertex(vertex=24)
  创建了 2 个分支
    添加分支节点 1: ID=130
    添加分支节点 2: ID=131

处理节点 119
  开始列生成求解...
Set parameter LogToConsole to value 0
Set parameter Threads to value 1
Set parameter Seed to value 0
  定价策略: Exact, node=119, vertices=19
Set parameter PoolSearchMode to value 2
Set parameter PoolSolutions to value 10
[CG 1] RMP=9.000000, pricing=ExactPricingSolver, new_columns=0
  搜索路径: [1, 2, 4, 5, 3, 8, 11, 14, 15, 16, 17, 19, 23, 24, 25, 27, 26, 30, 36, 37, 21, 22, 18, 33, 20, 31, 32, 53, 52, 54, 55, 57, 56, 10, 66, 67, 70, 71, 74, 75, 9, 80, 81, 84, 86, 87, 85, 92, 93, 43, 42, 12, 102, 103, 13, 108, 109, 49, 48, 114, 115, 116, 122, 123, 117, 118, 119]
  列生成求解结果: 目标值=9.0000， 下界=4.9500， 上界=12.0000
    非整数变量: COL_16-20-24-3-4-9_210 = 0.500000
  解不是整数，开始分支...
ImposedVertex(vertex=3)
ForbidVertex(vertex=3)
  创建了 2 个分支
    添加分支节点 1: ID=132
    添加分支节点 2: ID=133

处理节点 62
  开始列生成求解...
Set parameter LogToConsole to value 0
Set parameter Threads to value 1
Set parameter Seed to value 0
  定价策略: Exact, node=62, vertices=20
Set parameter PoolSearchMode to value 2
Set parameter PoolSolutions to value 10
[CG 1] RMP=7.000000, pricing=ExactPricingSolver, new_columns=0
  搜索路径: [1, 2, 4, 5, 3, 8, 11, 14, 15, 16, 17, 19, 23, 24, 25, 27, 26, 30, 36, 37, 21, 22, 18, 33, 20, 31, 32, 53, 52, 54, 55, 57, 56, 10, 66, 67, 70, 71, 74, 75, 9, 80, 81, 84, 86, 87, 85, 92, 93, 43, 42, 12, 102, 103, 13, 108, 109, 49, 48, 114, 115, 116, 122, 123, 117, 118, 119, 62]
  列生成求解结果: 目标值=7.0000， 下界=5.4545， 上界=12.0000
    非整数变量: COL_18-23-9_35 = 0.339286
  解不是整数，开始分支...
ImposedVertex(vertex=20)
ForbidVertex(vertex=20)
  创建了 2 个分支
    添加分支节点 1: ID=134
    添加分支节点 2: ID=135

处理节点 63
  开始列生成求解...
Set parameter LogToConsole to value 0
Set parameter Threads to value 1
Set parameter Seed to value 0
  定价策略: Exact, node=63, vertices=20
Set parameter PoolSearchMode to value 2
Set parameter PoolSolutions to value 10
[CG 1] RMP=12.000000, pricing=ExactPricingSolver, new_columns=10
[CG 2] RMP=5.739130, pricing=ExactPricingSolver, new_columns=10
[CG 3] RMP=5.454545, pricing=ExactPricingSolver, new_columns=0
  搜索路径: [1, 2, 4, 5, 3, 8, 11, 14, 15, 16, 17, 19, 23, 24, 25, 27, 26, 30, 36, 37, 21, 22, 18, 33, 20, 31, 32, 53, 52, 54, 55, 57, 56, 10, 66, 67, 70, 71, 74, 75, 9, 80, 81, 84, 86, 87, 85, 92, 93, 43, 42, 12, 102, 103, 13, 108, 109, 49, 48, 114, 115, 116, 122, 123, 117, 118, 119, 62, 63]
  列生成求解结果: 目标值=5.4545， 下界=5.4545， 上界=12.0000
    非整数变量: COL_17-4-9_218 = 0.227273
  解不是整数，开始分支...
ImposedVertex(vertex=9)
ForbidVertex(vertex=9)
  创建了 2 个分支
    添加分支节点 1: ID=136
    添加分支节点 2: ID=137

处理节点 106
  开始列生成求解...
Set parameter LogToConsole to value 0
Set parameter Threads to value 1
Set parameter Seed to value 0
  定价策略: Exact, node=106, vertices=17
Set parameter PoolSearchMode to value 2
Set parameter PoolSolutions to value 10
[CG 1] RMP=8.000000, pricing=ExactPricingSolver, new_columns=10
[CG 2] RMP=5.675676, pricing=ExactPricingSolver, new_columns=10
[CG 3] RMP=5.454545, pricing=ExactPricingSolver, new_columns=0
  搜索路径: [1, 2, 4, 5, 3, 8, 11, 14, 15, 16, 17, 19, 23, 24, 25, 27, 26, 30, 36, 37, 21, 22, 18, 33, 20, 31, 32, 53, 52, 54, 55, 57, 56, 10, 66, 67, 70, 71, 74, 75, 9, 80, 81, 84, 86, 87, 85, 92, 93, 43, 42, 12, 102, 103, 13, 108, 109, 49, 48, 114, 115, 116, 122, 123, 117, 118, 119, 62, 63, 106]
  列生成求解结果: 目标值=5.4545， 下界=5.4545， 上界=12.0000
    非整数变量: COL_13-16-19_4 = 0.049062
  解不是整数，开始分支...
ImposedVertex(vertex=19)
ForbidVertex(vertex=19)
  创建了 2 个分支
    添加分支节点 1: ID=138
    添加分支节点 2: ID=139
  进度: 已处理 70 个节点, 剩余 69 个, 当前最优 12.0000, 当前列数: 618

处理节点 107
  开始列生成求解...
Set parameter LogToConsole to value 0
Set parameter Threads to value 1
Set parameter Seed to value 0
  定价策略: Exact, node=107, vertices=18
Set parameter PoolSearchMode to value 2
Set parameter PoolSolutions to value 10
[CG 1] RMP=5.454545, pricing=ExactPricingSolver, new_columns=0
  搜索路径: [1, 2, 4, 5, 3, 8, 11, 14, 15, 16, 17, 19, 23, 24, 25, 27, 26, 30, 36, 37, 21, 22, 18, 33, 20, 31, 32, 53, 52, 54, 55, 57, 56, 10, 66, 67, 70, 71, 74, 75, 9, 80, 81, 84, 86, 87, 85, 92, 93, 43, 42, 12, 102, 103, 13, 108, 109, 49, 48, 114, 115, 116, 122, 123, 117, 118, 119, 62, 63, 106, 107]
  列生成求解结果: 目标值=5.4545， 下界=5.4545， 上界=12.0000
    非整数变量: COL_0-18-20-26-4_50 = 0.018825
  解不是整数，开始分支...
ImposedVertex(vertex=18)
ForbidVertex(vertex=18)
  创建了 2 个分支
    添加分支节点 1: ID=140
    添加分支节点 2: ID=141

处理节点 99
  开始列生成求解...
Set parameter LogToConsole to value 0
Set parameter Threads to value 1
Set parameter Seed to value 0
  定价策略: Exact, node=99, vertices=20
Set parameter PoolSearchMode to value 2
Set parameter PoolSolutions to value 10
[CG 1] RMP=12.000000, pricing=ExactPricingSolver, new_columns=0
  搜索路径: [1, 2, 4, 5, 3, 8, 11, 14, 15, 16, 17, 19, 23, 24, 25, 27, 26, 30, 36, 37, 21, 22, 18, 33, 20, 31, 32, 53, 52, 54, 55, 57, 56, 10, 66, 67, 70, 71, 74, 75, 9, 80, 81, 84, 86, 87, 85, 92, 93, 43, 42, 12, 102, 103, 13, 108, 109, 49, 48, 114, 115, 116, 122, 123, 117, 118, 119, 62, 63, 106, 107, 99]
  列生成求解结果: 目标值=12.0000， 下界=5.4545， 上界=12.0000

处理节点 61
  开始列生成求解...
Set parameter LogToConsole to value 0
Set parameter Threads to value 1
Set parameter Seed to value 0
  定价策略: Exact, node=61, vertices=21
Set parameter PoolSearchMode to value 2
Set parameter PoolSolutions to value 10
[CG 1] RMP=9.000000, pricing=ExactPricingSolver, new_columns=10
[CG 2] RMP=7.292818, pricing=ExactPricingSolver, new_columns=10
[CG 3] RMP=5.454545, pricing=ExactPricingSolver, new_columns=0
  搜索路径: [1, 2, 4, 5, 3, 8, 11, 14, 15, 16, 17, 19, 23, 24, 25, 27, 26, 30, 36, 37, 21, 22, 18, 33, 20, 31, 32, 53, 52, 54, 55, 57, 56, 10, 66, 67, 70, 71, 74, 75, 9, 80, 81, 84, 86, 87, 85, 92, 93, 43, 42, 12, 102, 103, 13, 108, 109, 49, 48, 114, 115, 116, 122, 123, 117, 118, 119, 62, 63, 106, 107, 99, 61]
  列生成求解结果: 目标值=5.4545， 下界=5.4545， 上界=12.0000
    非整数变量: COL_21_56 = 0.104683
  解不是整数，开始分支...
ImposedVertex(vertex=21)
ForbidVertex(vertex=21)
  创建了 2 个分支
    添加分支节点 1: ID=142
    添加分支节点 2: ID=143

处理节点 60
  开始列生成求解...
Set parameter LogToConsole to value 0
Set parameter Threads to value 1
Set parameter Seed to value 0
  定价策略: Exact, node=60, vertices=21
Set parameter PoolSearchMode to value 2
Set parameter PoolSolutions to value 10
[CG 1] RMP=6.000000, pricing=ExactPricingSolver, new_columns=0
  搜索路径: [1, 2, 4, 5, 3, 8, 11, 14, 15, 16, 17, 19, 23, 24, 25, 27, 26, 30, 36, 37, 21, 22, 18, 33, 20, 31, 32, 53, 52, 54, 55, 57, 56, 10, 66, 67, 70, 71, 74, 75, 9, 80, 81, 84, 86, 87, 85, 92, 93, 43, 42, 12, 102, 103, 13, 108, 109, 49, 48, 114, 115, 116, 122, 123, 117, 118, 119, 62, 63, 106, 107, 99, 61, 60]
  列生成求解结果: 目标值=6.0000， 下界=5.4545， 上界=12.0000
    非整数变量: COL_11-15-20-24_19 = 0.166667
  解不是整数，开始分支...
ImposedVertex(vertex=20)
ForbidVertex(vertex=20)
  创建了 2 个分支
    添加分支节点 1: ID=144
    添加分支节点 2: ID=145

处理节点 41
  开始列生成求解...
Set parameter LogToConsole to value 0
Set parameter Threads to value 1
Set parameter Seed to value 0
  定价策略: Exact, node=41, vertices=21
Set parameter PoolSearchMode to value 2
Set parameter PoolSolutions to value 10
[CG 1] RMP=1012.000000, pricing=ExactPricingSolver, new_columns=10
[CG 2] RMP=7.785059, pricing=ExactPricingSolver, new_columns=10
[CG 3] RMP=5.454545, pricing=ExactPricingSolver, new_columns=0
  搜索路径: [1, 2, 4, 5, 3, 8, 11, 14, 15, 16, 17, 19, 23, 24, 25, 27, 26, 30, 36, 37, 21, 22, 18, 33, 20, 31, 32, 53, 52, 54, 55, 57, 56, 10, 66, 67, 70, 71, 74, 75, 9, 80, 81, 84, 86, 87, 85, 92, 93, 43, 42, 12, 102, 103, 13, 108, 109, 49, 48, 114, 115, 116, 122, 123, 117, 118, 119, 62, 63, 106, 107, 99, 61, 60, 41]
  列生成求解结果: 目标值=5.4545， 下界=5.4545， 上界=12.0000
    非整数变量: COL_1-18-23-9_37 = 0.090909
  解不是整数，开始分支...
ImposedVertex(vertex=9)
ForbidVertex(vertex=9)
  创建了 2 个分支
    添加分支节点 1: ID=146
    添加分支节点 2: ID=147

处理节点 98
  开始列生成求解...
Set parameter LogToConsole to value 0
Set parameter Threads to value 1
Set parameter Seed to value 0
  定价策略: Exact, node=98, vertices=20
Set parameter PoolSearchMode to value 2
Set parameter PoolSolutions to value 10
[CG 1] RMP=5.454545, pricing=ExactPricingSolver, new_columns=0
  搜索路径: [1, 2, 4, 5, 3, 8, 11, 14, 15, 16, 17, 19, 23, 24, 25, 27, 26, 30, 36, 37, 21, 22, 18, 33, 20, 31, 32, 53, 52, 54, 55, 57, 56, 10, 66, 67, 70, 71, 74, 75, 9, 80, 81, 84, 86, 87, 85, 92, 93, 43, 42, 12, 102, 103, 13, 108, 109, 49, 48, 114, 115, 116, 122, 123, 117, 118, 119, 62, 63, 106, 107, 99, 61, 60, 41, 98]
  列生成求解结果: 目标值=5.4545， 下界=5.4545， 上界=12.0000
    非整数变量: COL_18-23-9_35 = 0.303030
  解不是整数，开始分支...
ImposedVertex(vertex=9)
ForbidVertex(vertex=9)
  创建了 2 个分支
    添加分支节点 1: ID=148
    添加分支节点 2: ID=149

处理节点 40
  开始列生成求解...
Set parameter LogToConsole to value 0
Set parameter Threads to value 1
Set parameter Seed to value 0
  定价策略: Exact, node=40, vertices=20
Set parameter PoolSearchMode to value 2
Set parameter PoolSolutions to value 10
[CG 1] RMP=5.454545, pricing=ExactPricingSolver, new_columns=0
  搜索路径: [1, 2, 4, 5, 3, 8, 11, 14, 15, 16, 17, 19, 23, 24, 25, 27, 26, 30, 36, 37, 21, 22, 18, 33, 20, 31, 32, 53, 52, 54, 55, 57, 56, 10, 66, 67, 70, 71, 74, 75, 9, 80, 81, 84, 86, 87, 85, 92, 93, 43, 42, 12, 102, 103, 13, 108, 109, 49, 48, 114, 115, 116, 122, 123, 117, 118, 119, 62, 63, 106, 107, 99, 61, 60, 41, 98, 40]
  列生成求解结果: 目标值=5.4545， 下界=5.4545， 上界=12.0000
    非整数变量: COL_11-15-20-24_19 = 0.454545
  解不是整数，开始分支...
ImposedVertex(vertex=15)
ForbidVertex(vertex=15)
  创建了 2 个分支
    添加分支节点 1: ID=150
    添加分支节点 2: ID=151

处理节点 138
  开始列生成求解...
Set parameter LogToConsole to value 0
Set parameter Threads to value 1
Set parameter Seed to value 0
  定价策略: Exact, node=138, vertices=16
Set parameter PoolSearchMode to value 2
Set parameter PoolSolutions to value 10
[CG 1] RMP=2010.000000, pricing=ExactPricingSolver, new_columns=10
[CG 2] RMP=11.000000, pricing=ExactPricingSolver, new_columns=0
  搜索路径: [1, 2, 4, 5, 3, 8, 11, 14, 15, 16, 17, 19, 23, 24, 25, 27, 26, 30, 36, 37, 21, 22, 18, 33, 20, 31, 32, 53, 52, 54, 55, 57, 56, 10, 66, 67, 70, 71, 74, 75, 9, 80, 81, 84, 86, 87, 85, 92, 93, 43, 42, 12, 102, 103, 13, 108, 109, 49, 48, 114, 115, 116, 122, 123, 117, 118, 119, 62, 63, 106, 107, 99, 61, 60, 41, 98, 40, 138]
  列生成求解结果: 目标值=11.0000， 下界=5.4545， 上界=12.0000
    非整数变量: COL_13-16-19_4 = 0.500000
  解不是整数，开始分支...
ImposedVertex(vertex=20)
ForbidVertex(vertex=20)
  创建了 2 个分支
    添加分支节点 1: ID=152
    添加分支节点 2: ID=153

处理节点 147
  开始列生成求解...
Set parameter LogToConsole to value 0
Set parameter Threads to value 1
Set parameter Seed to value 0
  定价策略: Exact, node=147, vertices=20
Set parameter PoolSearchMode to value 2
Set parameter PoolSolutions to value 10
[CG 1] RMP=11.000000, pricing=ExactPricingSolver, new_columns=0
  搜索路径: [1, 2, 4, 5, 3, 8, 11, 14, 15, 16, 17, 19, 23, 24, 25, 27, 26, 30, 36, 37, 21, 22, 18, 33, 20, 31, 32, 53, 52, 54, 55, 57, 56, 10, 66, 67, 70, 71, 74, 75, 9, 80, 81, 84, 86, 87, 85, 92, 93, 43, 42, 12, 102, 103, 13, 108, 109, 49, 48, 114, 115, 116, 122, 123, 117, 118, 119, 62, 63, 106, 107, 99, 61, 60, 41, 98, 40, 138, 147]
  列生成求解结果: 目标值=11.0000， 下界=5.4545， 上界=12.0000
    非整数变量: COL_1-10-18-20-26-5-7_53 = 0.583333
  解不是整数，开始分支...
ImposedVertex(vertex=5)
ForbidVertex(vertex=5)
  创建了 2 个分支
    添加分支节点 1: ID=154
    添加分支节点 2: ID=155

处理节点 148
  开始列生成求解...
Set parameter LogToConsole to value 0
Set parameter Threads to value 1
Set parameter Seed to value 0
  定价策略: Exact, node=148, vertices=19
Set parameter PoolSearchMode to value 2
Set parameter PoolSolutions to value 10
[CG 1] RMP=5.454545, pricing=ExactPricingSolver, new_columns=0
  搜索路径: [1, 2, 4, 5, 3, 8, 11, 14, 15, 16, 17, 19, 23, 24, 25, 27, 26, 30, 36, 37, 21, 22, 18, 33, 20, 31, 32, 53, 52, 54, 55, 57, 56, 10, 66, 67, 70, 71, 74, 75, 9, 80, 81, 84, 86, 87, 85, 92, 93, 43, 42, 12, 102, 103, 13, 108, 109, 49, 48, 114, 115, 116, 122, 123, 117, 118, 119, 62, 63, 106, 107, 99, 61, 60, 41, 98, 40, 138, 147, 148]
  列生成求解结果: 目标值=5.4545， 下界=5.4545， 上界=12.0000
    非整数变量: COL_1-18-23-7-9_41 = 0.136364
  解不是整数，开始分支...
ImposedVertex(vertex=1)
ForbidVertex(vertex=1)
  创建了 2 个分支
    添加分支节点 1: ID=156
    添加分支节点 2: ID=157
  进度: 已处理 80 个节点, 剩余 77 个, 当前最优 12.0000, 当前列数: 668

处理节点 149
  开始列生成求解...
Set parameter LogToConsole to value 0
Set parameter Threads to value 1
Set parameter Seed to value 0
  定价策略: Exact, node=149, vertices=19
Set parameter PoolSearchMode to value 2
Set parameter PoolSolutions to value 10
[CG 1] RMP=11.000000, pricing=ExactPricingSolver, new_columns=0
  搜索路径: [1, 2, 4, 5, 3, 8, 11, 14, 15, 16, 17, 19, 23, 24, 25, 27, 26, 30, 36, 37, 21, 22, 18, 33, 20, 31, 32, 53, 52, 54, 55, 57, 56, 10, 66, 67, 70, 71, 74, 75, 9, 80, 81, 84, 86, 87, 85, 92, 93, 43, 42, 12, 102, 103, 13, 108, 109, 49, 48, 114, 115, 116, 122, 123, 117, 118, 119, 62, 63, 106, 107, 99, 61, 60, 41, 98, 40, 138, 147, 148, 149]
  列生成求解结果: 目标值=11.0000， 下界=5.4545， 上界=12.0000
    非整数变量: COL_10-16-18-6_139 = 0.916667
  解不是整数，开始分支...
ImposedVertex(vertex=6)
ForbidVertex(vertex=6)
  创建了 2 个分支
    添加分支节点 1: ID=158
    添加分支节点 2: ID=159

处理节点 139
  开始列生成求解...
Set parameter LogToConsole to value 0
Set parameter Threads to value 1
Set parameter Seed to value 0
  定价策略: Exact, node=139, vertices=16
Set parameter PoolSearchMode to value 2
Set parameter PoolSolutions to value 10
[CG 1] RMP=7.000000, pricing=ExactPricingSolver, new_columns=0
  搜索路径: [1, 2, 4, 5, 3, 8, 11, 14, 15, 16, 17, 19, 23, 24, 25, 27, 26, 30, 36, 37, 21, 22, 18, 33, 20, 31, 32, 53, 52, 54, 55, 57, 56, 10, 66, 67, 70, 71, 74, 75, 9, 80, 81, 84, 86, 87, 85, 92, 93, 43, 42, 12, 102, 103, 13, 108, 109, 49, 48, 114, 115, 116, 122, 123, 117, 118, 119, 62, 63, 106, 107, 99, 61, 60, 41, 98, 40, 138, 147, 148, 149, 139]
  列生成求解结果: 目标值=7.0000， 下界=5.4545， 上界=12.0000
    非整数变量: COL_0-18-20-26-4_50 = 0.200000
  解不是整数，开始分支...
ImposedVertex(vertex=4)
ForbidVertex(vertex=4)
  创建了 2 个分支
    添加分支节点 1: ID=160
    添加分支节点 2: ID=161

处理节点 146
  开始列生成求解...
Set parameter LogToConsole to value 0
Set parameter Threads to value 1
Set parameter Seed to value 0
  定价策略: Exact, node=146, vertices=20
Set parameter PoolSearchMode to value 2
Set parameter PoolSolutions to value 10
[CG 1] RMP=6.000000, pricing=ExactPricingSolver, new_columns=10
[CG 2] RMP=5.454545, pricing=ExactPricingSolver, new_columns=10
[CG 3] RMP=5.454545, pricing=ExactPricingSolver, new_columns=0
  搜索路径: [1, 2, 4, 5, 3, 8, 11, 14, 15, 16, 17, 19, 23, 24, 25, 27, 26, 30, 36, 37, 21, 22, 18, 33, 20, 31, 32, 53, 52, 54, 55, 57, 56, 10, 66, 67, 70, 71, 74, 75, 9, 80, 81, 84, 86, 87, 85, 92, 93, 43, 42, 12, 102, 103, 13, 108, 109, 49, 48, 114, 115, 116, 122, 123, 117, 118, 119, 62, 63, 106, 107, 99, 61, 60, 41, 98, 40, 138, 147, 148, 149, 139, 146]
  列生成求解结果: 目标值=5.4545， 下界=5.4545， 上界=12.0000
    非整数变量: COL_1-18-23-7-9_41 = 0.400000
  解不是整数，开始分支...
ImposedVertex(vertex=18)
ForbidVertex(vertex=18)
  创建了 2 个分支
    添加分支节点 1: ID=162
    添加分支节点 2: ID=163

处理节点 162
  开始列生成求解...
Set parameter LogToConsole to value 0
Set parameter Threads to value 1
Set parameter Seed to value 0
  定价策略: Exact, node=162, vertices=19
Set parameter PoolSearchMode to value 2
Set parameter PoolSolutions to value 10
[CG 1] RMP=7.000000, pricing=ExactPricingSolver, new_columns=0
  搜索路径: [1, 2, 4, 5, 3, 8, 11, 14, 15, 16, 17, 19, 23, 24, 25, 27, 26, 30, 36, 37, 21, 22, 18, 33, 20, 31, 32, 53, 52, 54, 55, 57, 56, 10, 66, 67, 70, 71, 74, 75, 9, 80, 81, 84, 86, 87, 85, 92, 93, 43, 42, 12, 102, 103, 13, 108, 109, 49, 48, 114, 115, 116, 122, 123, 117, 118, 119, 62, 63, 106, 107, 99, 61, 60, 41, 98, 40, 138, 147, 148, 149, 139, 146, 162]
  列生成求解结果: 目标值=7.0000， 下界=5.4545， 上界=12.0000
    非整数变量: COL_18-24-9_33 = 0.411111
  解不是整数，开始分支...
ImposedVertex(vertex=24)
ForbidVertex(vertex=24)
  创建了 2 个分支
    添加分支节点 1: ID=164
    添加分支节点 2: ID=165

处理节点 163
  开始列生成求解...
Set parameter LogToConsole to value 0
Set parameter Threads to value 1
Set parameter Seed to value 0
  定价策略: Exact, node=163, vertices=19
Set parameter PoolSearchMode to value 2
Set parameter PoolSolutions to value 10
[CG 1] RMP=10.909091, pricing=ExactPricingSolver, new_columns=10
[CG 2] RMP=5.454545, pricing=ExactPricingSolver, new_columns=0
  搜索路径: [1, 2, 4, 5, 3, 8, 11, 14, 15, 16, 17, 19, 23, 24, 25, 27, 26, 30, 36, 37, 21, 22, 18, 33, 20, 31, 32, 53, 52, 54, 55, 57, 56, 10, 66, 67, 70, 71, 74, 75, 9, 80, 81, 84, 86, 87, 85, 92, 93, 43, 42, 12, 102, 103, 13, 108, 109, 49, 48, 114, 115, 116, 122, 123, 117, 118, 119, 62, 63, 106, 107, 99, 61, 60, 41, 98, 40, 138, 147, 148, 149, 139, 146, 162, 163]
  列生成求解结果: 目标值=5.4545， 下界=5.4545， 上界=12.0000
    非整数变量: COL_17-4-7-9_220 = 0.393939
  解不是整数，开始分支...
ImposedVertex(vertex=7)
ForbidVertex(vertex=7)
  创建了 2 个分支
    添加分支节点 1: ID=166
    添加分支节点 2: ID=167

处理节点 166
  开始列生成求解...
Set parameter LogToConsole to value 0
Set parameter Threads to value 1
Set parameter Seed to value 0
  定价策略: Exact, node=166, vertices=18
Set parameter PoolSearchMode to value 2
Set parameter PoolSolutions to value 10
[CG 1] RMP=5.454545, pricing=ExactPricingSolver, new_columns=0
  搜索路径: [1, 2, 4, 5, 3, 8, 11, 14, 15, 16, 17, 19, 23, 24, 25, 27, 26, 30, 36, 37, 21, 22, 18, 33, 20, 31, 32, 53, 52, 54, 55, 57, 56, 10, 66, 67, 70, 71, 74, 75, 9, 80, 81, 84, 86, 87, 85, 92, 93, 43, 42, 12, 102, 103, 13, 108, 109, 49, 48, 114, 115, 116, 122, 123, 117, 118, 119, 62, 63, 106, 107, 99, 61, 60, 41, 98, 40, 138, 147, 148, 149, 139, 146, 162, 163, 166]
  列生成求解结果: 目标值=5.4545， 下界=5.4545， 上界=12.0000
    非整数变量: COL_17-4-7-9_220 = 0.068182
  解不是整数，开始分支...
ImposedVertex(vertex=17)
ForbidVertex(vertex=17)
  创建了 2 个分支
    添加分支节点 1: ID=168
    添加分支节点 2: ID=169

处理节点 167
  开始列生成求解...
Set parameter LogToConsole to value 0
Set parameter Threads to value 1
Set parameter Seed to value 0
  定价策略: Exact, node=167, vertices=18
Set parameter PoolSearchMode to value 2
Set parameter PoolSolutions to value 10
[CG 1] RMP=12.000000, pricing=ExactPricingSolver, new_columns=0
  搜索路径: [1, 2, 4, 5, 3, 8, 11, 14, 15, 16, 17, 19, 23, 24, 25, 27, 26, 30, 36, 37, 21, 22, 18, 33, 20, 31, 32, 53, 52, 54, 55, 57, 56, 10, 66, 67, 70, 71, 74, 75, 9, 80, 81, 84, 86, 87, 85, 92, 93, 43, 42, 12, 102, 103, 13, 108, 109, 49, 48, 114, 115, 116, 122, 123, 117, 118, 119, 62, 63, 106, 107, 99, 61, 60, 41, 98, 40, 138, 147, 148, 149, 139, 146, 162, 163, 166, 167]
  列生成求解结果: 目标值=12.0000， 下界=5.4545， 上界=12.0000

处理节点 168
  开始列生成求解...
Set parameter LogToConsole to value 0
Set parameter Threads to value 1
Set parameter Seed to value 0
  定价策略: Exact, node=168, vertices=17
Set parameter PoolSearchMode to value 2
Set parameter PoolSolutions to value 10
[CG 1] RMP=6.000000, pricing=ExactPricingSolver, new_columns=10
[CG 2] RMP=5.454545, pricing=ExactPricingSolver, new_columns=0
  搜索路径: [1, 2, 4, 5, 3, 8, 11, 14, 15, 16, 17, 19, 23, 24, 25, 27, 26, 30, 36, 37, 21, 22, 18, 33, 20, 31, 32, 53, 52, 54, 55, 57, 56, 10, 66, 67, 70, 71, 74, 75, 9, 80, 81, 84, 86, 87, 85, 92, 93, 43, 42, 12, 102, 103, 13, 108, 109, 49, 48, 114, 115, 116, 122, 123, 117, 118, 119, 62, 63, 106, 107, 99, 61, 60, 41, 98, 40, 138, 147, 148, 149, 139, 146, 162, 163, 166, 167, 168]
  列生成求解结果: 目标值=5.4545， 下界=5.4545， 上界=12.0000
    非整数变量: COL_17-4-7-9_220 = 0.212121
  解不是整数，开始分支...
ImposedVertex(vertex=21)
ForbidVertex(vertex=21)
  创建了 2 个分支
    添加分支节点 1: ID=170
    添加分支节点 2: ID=171

处理节点 169
  开始列生成求解...
Set parameter LogToConsole to value 0
Set parameter Threads to value 1
Set parameter Seed to value 0
  定价策略: Exact, node=169, vertices=17
Set parameter PoolSearchMode to value 2
Set parameter PoolSolutions to value 10
[CG 1] RMP=9.000000, pricing=ExactPricingSolver, new_columns=10
[CG 2] RMP=6.000000, pricing=ExactPricingSolver, new_columns=0
  搜索路径: [1, 2, 4, 5, 3, 8, 11, 14, 15, 16, 17, 19, 23, 24, 25, 27, 26, 30, 36, 37, 21, 22, 18, 33, 20, 31, 32, 53, 52, 54, 55, 57, 56, 10, 66, 67, 70, 71, 74, 75, 9, 80, 81, 84, 86, 87, 85, 92, 93, 43, 42, 12, 102, 103, 13, 108, 109, 49, 48, 114, 115, 116, 122, 123, 117, 118, 119, 62, 63, 106, 107, 99, 61, 60, 41, 98, 40, 138, 147, 148, 149, 139, 146, 162, 163, 166, 167, 168, 169]
  列生成求解结果: 目标值=6.0000， 下界=5.4545， 上界=12.0000
    非整数变量: COL_19-21-23-26-4_268 = 0.266667
  解不是整数，开始分支...
ImposedVertex(vertex=21)
ForbidVertex(vertex=21)
  创建了 2 个分支
    添加分支节点 1: ID=172
    添加分支节点 2: ID=173

处理节点 170
  开始列生成求解...
Set parameter LogToConsole to value 0
Set parameter Threads to value 1
Set parameter Seed to value 0
  定价策略: Exact, node=170, vertices=16
Set parameter PoolSearchMode to value 2
Set parameter PoolSolutions to value 10
[CG 1] RMP=9.000000, pricing=ExactPricingSolver, new_columns=0
  搜索路径: [1, 2, 4, 5, 3, 8, 11, 14, 15, 16, 17, 19, 23, 24, 25, 27, 26, 30, 36, 37, 21, 22, 18, 33, 20, 31, 32, 53, 52, 54, 55, 57, 56, 10, 66, 67, 70, 71, 74, 75, 9, 80, 81, 84, 86, 87, 85, 92, 93, 43, 42, 12, 102, 103, 13, 108, 109, 49, 48, 114, 115, 116, 122, 123, 117, 118, 119, 62, 63, 106, 107, 99, 61, 60, 41, 98, 40, 138, 147, 148, 149, 139, 146, 162, 163, 166, 167, 168, 169, 170]
  列生成求解结果: 目标值=9.0000， 下界=5.4545， 上界=12.0000
    非整数变量: COL_17-4-9_218 = 0.500000
  解不是整数，开始分支...
ImposedVertex(vertex=26)
ForbidVertex(vertex=26)
  创建了 2 个分支
    添加分支节点 1: ID=174
    添加分支节点 2: ID=175
  进度: 已处理 90 个节点, 剩余 85 个, 当前最优 12.0000, 当前列数: 718

处理节点 171
  开始列生成求解...
Set parameter LogToConsole to value 0
Set parameter Threads to value 1
Set parameter Seed to value 0
  定价策略: Exact, node=171, vertices=16
Set parameter PoolSearchMode to value 2
Set parameter PoolSolutions to value 10
[CG 1] RMP=8.000000, pricing=ExactPricingSolver, new_columns=0
  搜索路径: [1, 2, 4, 5, 3, 8, 11, 14, 15, 16, 17, 19, 23, 24, 25, 27, 26, 30, 36, 37, 21, 22, 18, 33, 20, 31, 32, 53, 52, 54, 55, 57, 56, 10, 66, 67, 70, 71, 74, 75, 9, 80, 81, 84, 86, 87, 85, 92, 93, 43, 42, 12, 102, 103, 13, 108, 109, 49, 48, 114, 115, 116, 122, 123, 117, 118, 119, 62, 63, 106, 107, 99, 61, 60, 41, 98, 40, 138, 147, 148, 149, 139, 146, 162, 163, 166, 167, 168, 169, 170, 171]
  列生成求解结果: 目标值=8.0000， 下界=5.4545， 上界=12.0000
    非整数变量: COL_17-19-4-7_221 = 0.500000
  解不是整数，开始分支...
ImposedVertex(vertex=12)
ForbidVertex(vertex=12)
  创建了 2 个分支
    添加分支节点 1: ID=176
    添加分支节点 2: ID=177

处理节点 143
  开始列生成求解...
Set parameter LogToConsole to value 0
Set parameter Threads to value 1
Set parameter Seed to value 0
  定价策略: Exact, node=143, vertices=20
Set parameter PoolSearchMode to value 2
Set parameter PoolSolutions to value 10
[CG 1] RMP=8.000000, pricing=ExactPricingSolver, new_columns=0
  搜索路径: [1, 2, 4, 5, 3, 8, 11, 14, 15, 16, 17, 19, 23, 24, 25, 27, 26, 30, 36, 37, 21, 22, 18, 33, 20, 31, 32, 53, 52, 54, 55, 57, 56, 10, 66, 67, 70, 71, 74, 75, 9, 80, 81, 84, 86, 87, 85, 92, 93, 43, 42, 12, 102, 103, 13, 108, 109, 49, 48, 114, 115, 116, 122, 123, 117, 118, 119, 62, 63, 106, 107, 99, 61, 60, 41, 98, 40, 138, 147, 148, 149, 139, 146, 162, 163, 166, 167, 168, 169, 170, 171, 143]
  列生成求解结果: 目标值=8.0000， 下界=5.4545， 上界=12.0000
    非整数变量: COL_18-24-9_33 = 0.444444
  解不是整数，开始分支...
ImposedVertex(vertex=18)
ForbidVertex(vertex=18)
  创建了 2 个分支
    添加分支节点 1: ID=178
    添加分支节点 2: ID=179

处理节点 140
  开始列生成求解...
Set parameter LogToConsole to value 0
Set parameter Threads to value 1
Set parameter Seed to value 0
  定价策略: Exact, node=140, vertices=17
Set parameter PoolSearchMode to value 2
Set parameter PoolSolutions to value 10
[CG 1] RMP=7.000000, pricing=ExactPricingSolver, new_columns=0
  搜索路径: [1, 2, 4, 5, 3, 8, 11, 14, 15, 16, 17, 19, 23, 24, 25, 27, 26, 30, 36, 37, 21, 22, 18, 33, 20, 31, 32, 53, 52, 54, 55, 57, 56, 10, 66, 67, 70, 71, 74, 75, 9, 80, 81, 84, 86, 87, 85, 92, 93, 43, 42, 12, 102, 103, 13, 108, 109, 49, 48, 114, 115, 116, 122, 123, 117, 118, 119, 62, 63, 106, 107, 99, 61, 60, 41, 98, 40, 138, 147, 148, 149, 139, 146, 162, 163, 166, 167, 168, 169, 170, 171, 143, 140]
  列生成求解结果: 目标值=7.0000， 下界=5.4545， 上界=12.0000
    非整数变量: COL_0-18-20-26-4_50 = 0.119318
  解不是整数，开始分支...
ImposedVertex(vertex=20)
ForbidVertex(vertex=20)
  创建了 2 个分支
    添加分支节点 1: ID=180
    添加分支节点 2: ID=181

处理节点 112
  开始列生成求解...
Set parameter LogToConsole to value 0
Set parameter Threads to value 1
Set parameter Seed to value 0
  定价策略: Exact, node=112, vertices=19
Set parameter PoolSearchMode to value 2
Set parameter PoolSolutions to value 10
[CG 1] RMP=5.697842, pricing=ExactPricingSolver, new_columns=10
[CG 2] RMP=5.454545, pricing=ExactPricingSolver, new_columns=0
  搜索路径: [1, 2, 4, 5, 3, 8, 11, 14, 15, 16, 17, 19, 23, 24, 25, 27, 26, 30, 36, 37, 21, 22, 18, 33, 20, 31, 32, 53, 52, 54, 55, 57, 56, 10, 66, 67, 70, 71, 74, 75, 9, 80, 81, 84, 86, 87, 85, 92, 93, 43, 42, 12, 102, 103, 13, 108, 109, 49, 48, 114, 115, 116, 122, 123, 117, 118, 119, 62, 63, 106, 107, 99, 61, 60, 41, 98, 40, 138, 147, 148, 149, 139, 146, 162, 163, 166, 167, 168, 169, 170, 171, 143, 140, 112]
  列生成求解结果: 目标值=5.4545， 下界=5.4545， 上界=12.0000
    非整数变量: COL_11-15-20-25_23 = 0.024793
  解不是整数，开始分支...
ImposedVertex(vertex=15)
ForbidVertex(vertex=15)
  创建了 2 个分支
    添加分支节点 1: ID=182
    添加分支节点 2: ID=183

处理节点 113
  开始列生成求解...
Set parameter LogToConsole to value 0
Set parameter Threads to value 1
Set parameter Seed to value 0
  定价策略: Exact, node=113, vertices=20
Set parameter PoolSearchMode to value 2
Set parameter PoolSolutions to value 10
[CG 1] RMP=14.017699, pricing=ExactPricingSolver, new_columns=10
[CG 2] RMP=7.425000, pricing=ExactPricingSolver, new_columns=10
[CG 3] RMP=5.454545, pricing=ExactPricingSolver, new_columns=0
  搜索路径: [1, 2, 4, 5, 3, 8, 11, 14, 15, 16, 17, 19, 23, 24, 25, 27, 26, 30, 36, 37, 21, 22, 18, 33, 20, 31, 32, 53, 52, 54, 55, 57, 56, 10, 66, 67, 70, 71, 74, 75, 9, 80, 81, 84, 86, 87, 85, 92, 93, 43, 42, 12, 102, 103, 13, 108, 109, 49, 48, 114, 115, 116, 122, 123, 117, 118, 119, 62, 63, 106, 107, 99, 61, 60, 41, 98, 40, 138, 147, 148, 149, 139, 146, 162, 163, 166, 167, 168, 169, 170, 171, 143, 140, 112, 113]
  列生成求解结果: 目标值=5.4545， 下界=5.4545， 上界=12.0000
    非整数变量: COL_19-20-26_45 = 0.098949
  解不是整数，开始分支...
ImposedVertex(vertex=19)
ForbidVertex(vertex=19)
  创建了 2 个分支
    添加分支节点 1: ID=184
    添加分支节点 2: ID=185

处理节点 184
  开始列生成求解...
Set parameter LogToConsole to value 0
Set parameter Threads to value 1
Set parameter Seed to value 0
  定价策略: Exact, node=184, vertices=19
Set parameter PoolSearchMode to value 2
Set parameter PoolSolutions to value 10
[CG 1] RMP=11.000000, pricing=ExactPricingSolver, new_columns=0
  搜索路径: [1, 2, 4, 5, 3, 8, 11, 14, 15, 16, 17, 19, 23, 24, 25, 27, 26, 30, 36, 37, 21, 22, 18, 33, 20, 31, 32, 53, 52, 54, 55, 57, 56, 10, 66, 67, 70, 71, 74, 75, 9, 80, 81, 84, 86, 87, 85, 92, 93, 43, 42, 12, 102, 103, 13, 108, 109, 49, 48, 114, 115, 116, 122, 123, 117, 118, 119, 62, 63, 106, 107, 99, 61, 60, 41, 98, 40, 138, 147, 148, 149, 139, 146, 162, 163, 166, 167, 168, 169, 170, 171, 143, 140, 112, 113, 184]
  列生成求解结果: 目标值=11.0000， 下界=5.4545， 上界=12.0000
    非整数变量: COL_19-20-26_45 = 0.083333
  解不是整数，开始分支...
ImposedVertex(vertex=20)
ForbidVertex(vertex=20)
  创建了 2 个分支
    添加分支节点 1: ID=186
    添加分支节点 2: ID=187

处理节点 185
  开始列生成求解...
Set parameter LogToConsole to value 0
Set parameter Threads to value 1
Set parameter Seed to value 0
  定价策略: Exact, node=185, vertices=19
Set parameter PoolSearchMode to value 2
Set parameter PoolSolutions to value 10
[CG 1] RMP=7.000000, pricing=ExactPricingSolver, new_columns=10
[CG 2] RMP=7.000000, pricing=ExactPricingSolver, new_columns=0
  搜索路径: [1, 2, 4, 5, 3, 8, 11, 14, 15, 16, 17, 19, 23, 24, 25, 27, 26, 30, 36, 37, 21, 22, 18, 33, 20, 31, 32, 53, 52, 54, 55, 57, 56, 10, 66, 67, 70, 71, 74, 75, 9, 80, 81, 84, 86, 87, 85, 92, 93, 43, 42, 12, 102, 103, 13, 108, 109, 49, 48, 114, 115, 116, 122, 123, 117, 118, 119, 62, 63, 106, 107, 99, 61, 60, 41, 98, 40, 138, 147, 148, 149, 139, 146, 162, 163, 166, 167, 168, 169, 170, 171, 143, 140, 112, 113, 184, 185]
  列生成求解结果: 目标值=7.0000， 下界=5.4545， 上界=12.0000
    非整数变量: COL_0-21_58 = 0.125000
  解不是整数，开始分支...
ImposedVertex(vertex=21)
ForbidVertex(vertex=21)
  创建了 2 个分支
    添加分支节点 1: ID=188
    添加分支节点 2: ID=189

处理节点 150
  开始列生成求解...
Set parameter LogToConsole to value 0
Set parameter Threads to value 1
Set parameter Seed to value 0
  定价策略: Exact, node=150, vertices=19
Set parameter PoolSearchMode to value 2
Set parameter PoolSolutions to value 10
[CG 1] RMP=6.000000, pricing=ExactPricingSolver, new_columns=0
  搜索路径: [1, 2, 4, 5, 3, 8, 11, 14, 15, 16, 17, 19, 23, 24, 25, 27, 26, 30, 36, 37, 21, 22, 18, 33, 20, 31, 32, 53, 52, 54, 55, 57, 56, 10, 66, 67, 70, 71, 74, 75, 9, 80, 81, 84, 86, 87, 85, 92, 93, 43, 42, 12, 102, 103, 13, 108, 109, 49, 48, 114, 115, 116, 122, 123, 117, 118, 119, 62, 63, 106, 107, 99, 61, 60, 41, 98, 40, 138, 147, 148, 149, 139, 146, 162, 163, 166, 167, 168, 169, 170, 171, 143, 140, 112, 113, 184, 185, 150]
  列生成求解结果: 目标值=6.0000， 下界=5.4545， 上界=12.0000
    非整数变量: COL_11-15-20-24_19 = 0.500000
  解不是整数，开始分支...
ImposedVertex(vertex=20)
ForbidVertex(vertex=20)
  创建了 2 个分支
    添加分支节点 1: ID=190
    添加分支节点 2: ID=191

处理节点 182
  开始列生成求解...
Set parameter LogToConsole to value 0
Set parameter Threads to value 1
Set parameter Seed to value 0
  定价策略: Exact, node=182, vertices=17
Set parameter PoolSearchMode to value 2
Set parameter PoolSolutions to value 10
[CG 1] RMP=6.000000, pricing=ExactPricingSolver, new_columns=0
  搜索路径: [1, 2, 4, 5, 3, 8, 11, 14, 15, 16, 17, 19, 23, 24, 25, 27, 26, 30, 36, 37, 21, 22, 18, 33, 20, 31, 32, 53, 52, 54, 55, 57, 56, 10, 66, 67, 70, 71, 74, 75, 9, 80, 81, 84, 86, 87, 85, 92, 93, 43, 42, 12, 102, 103, 13, 108, 109, 49, 48, 114, 115, 116, 122, 123, 117, 118, 119, 62, 63, 106, 107, 99, 61, 60, 41, 98, 40, 138, 147, 148, 149, 139, 146, 162, 163, 166, 167, 168, 169, 170, 171, 143, 140, 112, 113, 184, 185, 150, 182]
  列生成求解结果: 目标值=6.0000， 下界=5.4545， 上界=12.0000
    非整数变量: COL_11-15-20-25_23 = 0.362500
  解不是整数，开始分支...
ImposedVertex(vertex=20)
ForbidVertex(vertex=20)
  创建了 2 个分支
    添加分支节点 1: ID=192
    添加分支节点 2: ID=193

处理节点 183
  开始列生成求解...
Set parameter LogToConsole to value 0
Set parameter Threads to value 1
Set parameter Seed to value 0
  定价策略: Exact, node=183, vertices=18
Set parameter PoolSearchMode to value 2
Set parameter PoolSolutions to value 10
[CG 1] RMP=7.000000, pricing=ExactPricingSolver, new_columns=10
[CG 2] RMP=5.454545, pricing=ExactPricingSolver, new_columns=0
  搜索路径: [1, 2, 4, 5, 3, 8, 11, 14, 15, 16, 17, 19, 23, 24, 25, 27, 26, 30, 36, 37, 21, 22, 18, 33, 20, 31, 32, 53, 52, 54, 55, 57, 56, 10, 66, 67, 70, 71, 74, 75, 9, 80, 81, 84, 86, 87, 85, 92, 93, 43, 42, 12, 102, 103, 13, 108, 109, 49, 48, 114, 115, 116, 122, 123, 117, 118, 119, 62, 63, 106, 107, 99, 61, 60, 41, 98, 40, 138, 147, 148, 149, 139, 146, 162, 163, 166, 167, 168, 169, 170, 171, 143, 140, 112, 113, 184, 185, 150, 182, 183]
  列生成求解结果: 目标值=5.4545， 下界=5.4545， 上界=12.0000
    非整数变量: COL_0-21_58 = 0.220779
  解不是整数，开始分支...
ImposedVertex(vertex=21)
ForbidVertex(vertex=21)
  创建了 2 个分支
    添加分支节点 1: ID=194
    添加分支节点 2: ID=195
  进度: 已处理 100 个节点, 剩余 95 个, 当前最优 12.0000, 当前列数: 768

处理节点 156
  开始列生成求解...
Set parameter LogToConsole to value 0
Set parameter Threads to value 1
Set parameter Seed to value 0
  定价策略: Exact, node=156, vertices=17
Set parameter PoolSearchMode to value 2
Set parameter PoolSolutions to value 10
[CG 1] RMP=5.454545, pricing=ExactPricingSolver, new_columns=0
  搜索路径: [1, 2, 4, 5, 3, 8, 11, 14, 15, 16, 17, 19, 23, 24, 25, 27, 26, 30, 36, 37, 21, 22, 18, 33, 20, 31, 32, 53, 52, 54, 55, 57, 56, 10, 66, 67, 70, 71, 74, 75, 9, 80, 81, 84, 86, 87, 85, 92, 93, 43, 42, 12, 102, 103, 13, 108, 109, 49, 48, 114, 115, 116, 122, 123, 117, 118, 119, 62, 63, 106, 107, 99, 61, 60, 41, 98, 40, 138, 147, 148, 149, 139, 146, 162, 163, 166, 167, 168, 169, 170, 171, 143, 140, 112, 113, 184, 185, 150, 182, 183, 156]
  列生成求解结果: 目标值=5.4545， 下界=5.4545， 上界=12.0000
    非整数变量: COL_1-11-18-23-7-9_42 = 0.545455
  解不是整数，开始分支...
ImposedVertex(vertex=18)
ForbidVertex(vertex=18)
  创建了 2 个分支
    添加分支节点 1: ID=196
    添加分支节点 2: ID=197

处理节点 157
  开始列生成求解...
Set parameter LogToConsole to value 0
Set parameter Threads to value 1
Set parameter Seed to value 0
  定价策略: Exact, node=157, vertices=18
Set parameter PoolSearchMode to value 2
Set parameter PoolSolutions to value 10
[CG 1] RMP=12.000000, pricing=ExactPricingSolver, new_columns=0
  搜索路径: [1, 2, 4, 5, 3, 8, 11, 14, 15, 16, 17, 19, 23, 24, 25, 27, 26, 30, 36, 37, 21, 22, 18, 33, 20, 31, 32, 53, 52, 54, 55, 57, 56, 10, 66, 67, 70, 71, 74, 75, 9, 80, 81, 84, 86, 87, 85, 92, 93, 43, 42, 12, 102, 103, 13, 108, 109, 49, 48, 114, 115, 116, 122, 123, 117, 118, 119, 62, 63, 106, 107, 99, 61, 60, 41, 98, 40, 138, 147, 148, 149, 139, 146, 162, 163, 166, 167, 168, 169, 170, 171, 143, 140, 112, 113, 184, 185, 150, 182, 183, 156, 157]
  列生成求解结果: 目标值=12.0000， 下界=5.4545， 上界=12.0000

处理节点 194
  开始列生成求解...
Set parameter LogToConsole to value 0
Set parameter Threads to value 1
Set parameter Seed to value 0
  定价策略: Exact, node=194, vertices=17
Set parameter PoolSearchMode to value 2
Set parameter PoolSolutions to value 10
[CG 1] RMP=10.000000, pricing=ExactPricingSolver, new_columns=10
[CG 2] RMP=9.000000, pricing=ExactPricingSolver, new_columns=0
  搜索路径: [1, 2, 4, 5, 3, 8, 11, 14, 15, 16, 17, 19, 23, 24, 25, 27, 26, 30, 36, 37, 21, 22, 18, 33, 20, 31, 32, 53, 52, 54, 55, 57, 56, 10, 66, 67, 70, 71, 74, 75, 9, 80, 81, 84, 86, 87, 85, 92, 93, 43, 42, 12, 102, 103, 13, 108, 109, 49, 48, 114, 115, 116, 122, 123, 117, 118, 119, 62, 63, 106, 107, 99, 61, 60, 41, 98, 40, 138, 147, 148, 149, 139, 146, 162, 163, 166, 167, 168, 169, 170, 171, 143, 140, 112, 113, 184, 185, 150, 182, 183, 156, 157, 194]
  列生成求解结果: 目标值=9.0000， 下界=5.4545， 上界=12.0000
    非整数变量: COL_0-21_58 = 0.090909
  解不是整数，开始分支...
ImposedVertex(vertex=10)
ForbidVertex(vertex=10)
  创建了 2 个分支
    添加分支节点 1: ID=198
    添加分支节点 2: ID=199

处理节点 195
  开始列生成求解...
Set parameter LogToConsole to value 0
Set parameter Threads to value 1
Set parameter Seed to value 0
  定价策略: Exact, node=195, vertices=17
Set parameter PoolSearchMode to value 2
Set parameter PoolSolutions to value 10
[CG 1] RMP=8.000000, pricing=ExactPricingSolver, new_columns=0
  搜索路径: [1, 2, 4, 5, 3, 8, 11, 14, 15, 16, 17, 19, 23, 24, 25, 27, 26, 30, 36, 37, 21, 22, 18, 33, 20, 31, 32, 53, 52, 54, 55, 57, 56, 10, 66, 67, 70, 71, 74, 75, 9, 80, 81, 84, 86, 87, 85, 92, 93, 43, 42, 12, 102, 103, 13, 108, 109, 49, 48, 114, 115, 116, 122, 123, 117, 118, 119, 62, 63, 106, 107, 99, 61, 60, 41, 98, 40, 138, 147, 148, 149, 139, 146, 162, 163, 166, 167, 168, 169, 170, 171, 143, 140, 112, 113, 184, 185, 150, 182, 183, 156, 157, 194, 195]
  列生成求解结果: 目标值=8.0000， 下界=5.4545， 上界=12.0000
    非整数变量: COL_0-18-20-26-4_50 = 0.666667
  解不是整数，开始分支...
ImposedVertex(vertex=26)
ForbidVertex(vertex=26)
  创建了 2 个分支
    添加分支节点 1: ID=200
    添加分支节点 2: ID=201

处理节点 151
  开始列生成求解...
Set parameter LogToConsole to value 0
Set parameter Threads to value 1
Set parameter Seed to value 0
  定价策略: Exact, node=151, vertices=19
Set parameter PoolSearchMode to value 2
Set parameter PoolSolutions to value 10
[CG 1] RMP=1010.000000, pricing=ExactPricingSolver, new_columns=10
[CG 2] RMP=5.739130, pricing=ExactPricingSolver, new_columns=10
[CG 3] RMP=5.454545, pricing=ExactPricingSolver, new_columns=0
  搜索路径: [1, 2, 4, 5, 3, 8, 11, 14, 15, 16, 17, 19, 23, 24, 25, 27, 26, 30, 36, 37, 21, 22, 18, 33, 20, 31, 32, 53, 52, 54, 55, 57, 56, 10, 66, 67, 70, 71, 74, 75, 9, 80, 81, 84, 86, 87, 85, 92, 93, 43, 42, 12, 102, 103, 13, 108, 109, 49, 48, 114, 115, 116, 122, 123, 117, 118, 119, 62, 63, 106, 107, 99, 61, 60, 41, 98, 40, 138, 147, 148, 149, 139, 146, 162, 163, 166, 167, 168, 169, 170, 171, 143, 140, 112, 113, 184, 185, 150, 182, 183, 156, 157, 194, 195, 151]
  列生成求解结果: 目标值=5.4545， 下界=5.4545， 上界=12.0000
    非整数变量: COL_23_5 = 0.003788
  解不是整数，开始分支...
ImposedVertex(vertex=23)
ForbidVertex(vertex=23)
  创建了 2 个分支
    添加分支节点 1: ID=202
    添加分支节点 2: ID=203

处理节点 202
  开始列生成求解...
Set parameter LogToConsole to value 0
Set parameter Threads to value 1
Set parameter Seed to value 0
  定价策略: Exact, node=202, vertices=17
Set parameter PoolSearchMode to value 2
Set parameter PoolSolutions to value 10
[CG 1] RMP=11.000000, pricing=ExactPricingSolver, new_columns=10
[CG 2] RMP=10.000000, pricing=ExactPricingSolver, new_columns=10
[CG 3] RMP=5.454545, pricing=ExactPricingSolver, new_columns=0
  搜索路径: [1, 2, 4, 5, 3, 8, 11, 14, 15, 16, 17, 19, 23, 24, 25, 27, 26, 30, 36, 37, 21, 22, 18, 33, 20, 31, 32, 53, 52, 54, 55, 57, 56, 10, 66, 67, 70, 71, 74, 75, 9, 80, 81, 84, 86, 87, 85, 92, 93, 43, 42, 12, 102, 103, 13, 108, 109, 49, 48, 114, 115, 116, 122, 123, 117, 118, 119, 62, 63, 106, 107, 99, 61, 60, 41, 98, 40, 138, 147, 148, 149, 139, 146, 162, 163, 166, 167, 168, 169, 170, 171, 143, 140, 112, 113, 184, 185, 150, 182, 183, 156, 157, 194, 195, 151, 202]
  列生成求解结果: 目标值=5.4545， 下界=5.4545， 上界=12.0000
    非整数变量: COL_23_5 = 0.045455
  解不是整数，开始分支...
ImposedVertex(vertex=9)
ForbidVertex(vertex=9)
  创建了 2 个分支
    添加分支节点 1: ID=204
    添加分支节点 2: ID=205

处理节点 203
  开始列生成求解...
Set parameter LogToConsole to value 0
Set parameter Threads to value 1
Set parameter Seed to value 0
  定价策略: Exact, node=203, vertices=18
Set parameter PoolSearchMode to value 2
Set parameter PoolSolutions to value 10
[CG 1] RMP=7.391343, pricing=ExactPricingSolver, new_columns=10
[CG 2] RMP=5.454545, pricing=ExactPricingSolver, new_columns=0
  搜索路径: [1, 2, 4, 5, 3, 8, 11, 14, 15, 16, 17, 19, 23, 24, 25, 27, 26, 30, 36, 37, 21, 22, 18, 33, 20, 31, 32, 53, 52, 54, 55, 57, 56, 10, 66, 67, 70, 71, 74, 75, 9, 80, 81, 84, 86, 87, 85, 92, 93, 43, 42, 12, 102, 103, 13, 108, 109, 49, 48, 114, 115, 116, 122, 123, 117, 118, 119, 62, 63, 106, 107, 99, 61, 60, 41, 98, 40, 138, 147, 148, 149, 139, 146, 162, 163, 166, 167, 168, 169, 170, 171, 143, 140, 112, 113, 184, 185, 150, 182, 183, 156, 157, 194, 195, 151, 202, 203]
  列生成求解结果: 目标值=5.4545， 下界=5.4545， 上界=12.0000
    非整数变量: COL_18-24-9_33 = 0.090909
  解不是整数，开始分支...
ImposedVertex(vertex=9)
ForbidVertex(vertex=9)
  创建了 2 个分支
    添加分支节点 1: ID=206
    添加分支节点 2: ID=207

处理节点 204
  开始列生成求解...
Set parameter LogToConsole to value 0
Set parameter Threads to value 1
Set parameter Seed to value 0
  定价策略: Exact, node=204, vertices=16
Set parameter PoolSearchMode to value 2
Set parameter PoolSolutions to value 10
[CG 1] RMP=5.454545, pricing=ExactPricingSolver, new_columns=0
  搜索路径: [1, 2, 4, 5, 3, 8, 11, 14, 15, 16, 17, 19, 23, 24, 25, 27, 26, 30, 36, 37, 21, 22, 18, 33, 20, 31, 32, 53, 52, 54, 55, 57, 56, 10, 66, 67, 70, 71, 74, 75, 9, 80, 81, 84, 86, 87, 85, 92, 93, 43, 42, 12, 102, 103, 13, 108, 109, 49, 48, 114, 115, 116, 122, 123, 117, 118, 119, 62, 63, 106, 107, 99, 61, 60, 41, 98, 40, 138, 147, 148, 149, 139, 146, 162, 163, 166, 167, 168, 169, 170, 171, 143, 140, 112, 113, 184, 185, 150, 182, 183, 156, 157, 194, 195, 151, 202, 203, 204]
  列生成求解结果: 目标值=5.4545， 下界=5.4545， 上界=12.0000
    非整数变量: COL_1-11-18-23-7-9_42 = 0.484848
  解不是整数，开始分支...
ImposedVertex(vertex=18)
ForbidVertex(vertex=18)
  创建了 2 个分支
    添加分支节点 1: ID=208
    添加分支节点 2: ID=209

处理节点 205
  开始列生成求解...
Set parameter LogToConsole to value 0
Set parameter Threads to value 1
Set parameter Seed to value 0
  定价策略: Exact, node=205, vertices=16
Set parameter PoolSearchMode to value 2
Set parameter PoolSolutions to value 10
[CG 1] RMP=11.000000, pricing=ExactPricingSolver, new_columns=0
  搜索路径: [1, 2, 4, 5, 3, 8, 11, 14, 15, 16, 17, 19, 23, 24, 25, 27, 26, 30, 36, 37, 21, 22, 18, 33, 20, 31, 32, 53, 52, 54, 55, 57, 56, 10, 66, 67, 70, 71, 74, 75, 9, 80, 81, 84, 86, 87, 85, 92, 93, 43, 42, 12, 102, 103, 13, 108, 109, 49, 48, 114, 115, 116, 122, 123, 117, 118, 119, 62, 63, 106, 107, 99, 61, 60, 41, 98, 40, 138, 147, 148, 149, 139, 146, 162, 163, 166, 167, 168, 169, 170, 171, 143, 140, 112, 113, 184, 185, 150, 182, 183, 156, 157, 194, 195, 151, 202, 203, 204, 205]
  列生成求解结果: 目标值=11.0000， 下界=5.4545， 上界=12.0000
    非整数变量: COL_10-19-21-23-26-4-8_271 = 0.916667
  解不是整数，开始分支...
ImposedVertex(vertex=4)
ForbidVertex(vertex=4)
  创建了 2 个分支
    添加分支节点 1: ID=210
    添加分支节点 2: ID=211

处理节点 208
  开始列生成求解...
Set parameter LogToConsole to value 0
Set parameter Threads to value 1
Set parameter Seed to value 0
  定价策略: Exact, node=208, vertices=15
Set parameter PoolSearchMode to value 2
Set parameter PoolSolutions to value 10
[CG 1] RMP=7.500000, pricing=ExactPricingSolver, new_columns=10
[CG 2] RMP=7.000000, pricing=ExactPricingSolver, new_columns=0
  搜索路径: [1, 2, 4, 5, 3, 8, 11, 14, 15, 16, 17, 19, 23, 24, 25, 27, 26, 30, 36, 37, 21, 22, 18, 33, 20, 31, 32, 53, 52, 54, 55, 57, 56, 10, 66, 67, 70, 71, 74, 75, 9, 80, 81, 84, 86, 87, 85, 92, 93, 43, 42, 12, 102, 103, 13, 108, 109, 49, 48, 114, 115, 116, 122, 123, 117, 118, 119, 62, 63, 106, 107, 99, 61, 60, 41, 98, 40, 138, 147, 148, 149, 139, 146, 162, 163, 166, 167, 168, 169, 170, 171, 143, 140, 112, 113, 184, 185, 150, 182, 183, 156, 157, 194, 195, 151, 202, 203, 204, 205, 208]
  列生成求解结果: 目标值=7.0000， 下界=5.4545， 上界=12.0000
    非整数变量: COL_1-11-18-23-7-9_42 = 0.500000
  解不是整数，开始分支...
ImposedVertex(vertex=4)
ForbidVertex(vertex=4)
  创建了 2 个分支
    添加分支节点 1: ID=212
    添加分支节点 2: ID=213
  进度: 已处理 110 个节点, 剩余 103 个, 当前最优 12.0000, 当前列数: 838

处理节点 209
  开始列生成求解...
Set parameter LogToConsole to value 0
Set parameter Threads to value 1
Set parameter Seed to value 0
  定价策略: Exact, node=209, vertices=15
Set parameter PoolSearchMode to value 2
Set parameter PoolSolutions to value 10
[CG 1] RMP=20.000000, pricing=ExactPricingSolver, new_columns=10
[CG 2] RMP=5.454545, pricing=ExactPricingSolver, new_columns=0
  搜索路径: [1, 2, 4, 5, 3, 8, 11, 14, 15, 16, 17, 19, 23, 24, 25, 27, 26, 30, 36, 37, 21, 22, 18, 33, 20, 31, 32, 53, 52, 54, 55, 57, 56, 10, 66, 67, 70, 71, 74, 75, 9, 80, 81, 84, 86, 87, 85, 92, 93, 43, 42, 12, 102, 103, 13, 108, 109, 49, 48, 114, 115, 116, 122, 123, 117, 118, 119, 62, 63, 106, 107, 99, 61, 60, 41, 98, 40, 138, 147, 148, 149, 139, 146, 162, 163, 166, 167, 168, 169, 170, 171, 143, 140, 112, 113, 184, 185, 150, 182, 183, 156, 157, 194, 195, 151, 202, 203, 204, 205, 208, 209]
  列生成求解结果: 目标值=5.4545， 下界=5.4545， 上界=12.0000
    非整数变量: COL_19-21-23-26-4_268 = 0.500000
  解不是整数，开始分支...
ImposedVertex(vertex=21)
ForbidVertex(vertex=21)
  创建了 2 个分支
    添加分支节点 1: ID=214
    添加分支节点 2: ID=215

处理节点 214
  开始列生成求解...
Set parameter LogToConsole to value 0
Set parameter Threads to value 1
Set parameter Seed to value 0
  定价策略: Exact, node=214, vertices=14
Set parameter PoolSearchMode to value 2
Set parameter PoolSolutions to value 10
[CG 1] RMP=9.000000, pricing=ExactPricingSolver, new_columns=0
  搜索路径: [1, 2, 4, 5, 3, 8, 11, 14, 15, 16, 17, 19, 23, 24, 25, 27, 26, 30, 36, 37, 21, 22, 18, 33, 20, 31, 32, 53, 52, 54, 55, 57, 56, 10, 66, 67, 70, 71, 74, 75, 9, 80, 81, 84, 86, 87, 85, 92, 93, 43, 42, 12, 102, 103, 13, 108, 109, 49, 48, 114, 115, 116, 122, 123, 117, 118, 119, 62, 63, 106, 107, 99, 61, 60, 41, 98, 40, 138, 147, 148, 149, 139, 146, 162, 163, 166, 167, 168, 169, 170, 171, 143, 140, 112, 113, 184, 185, 150, 182, 183, 156, 157, 194, 195, 151, 202, 203, 204, 205, 208, 209, 214]
  列生成求解结果: 目标值=9.0000， 下界=5.4545， 上界=12.0000
    非整数变量: COL_17-4-9_218 = 0.450000
  解不是整数，开始分支...
ImposedVertex(vertex=26)
ForbidVertex(vertex=26)
  创建了 2 个分支
    添加分支节点 1: ID=216
    添加分支节点 2: ID=217

处理节点 215
  开始列生成求解...
Set parameter LogToConsole to value 0
Set parameter Threads to value 1
Set parameter Seed to value 0
  定价策略: Exact, node=215, vertices=14
Set parameter PoolSearchMode to value 2
Set parameter PoolSolutions to value 10
[CG 1] RMP=8.000000, pricing=ExactPricingSolver, new_columns=0
  搜索路径: [1, 2, 4, 5, 3, 8, 11, 14, 15, 16, 17, 19, 23, 24, 25, 27, 26, 30, 36, 37, 21, 22, 18, 33, 20, 31, 32, 53, 52, 54, 55, 57, 56, 10, 66, 67, 70, 71, 74, 75, 9, 80, 81, 84, 86, 87, 85, 92, 93, 43, 42, 12, 102, 103, 13, 108, 109, 49, 48, 114, 115, 116, 122, 123, 117, 118, 119, 62, 63, 106, 107, 99, 61, 60, 41, 98, 40, 138, 147, 148, 149, 139, 146, 162, 163, 166, 167, 168, 169, 170, 171, 143, 140, 112, 113, 184, 185, 150, 182, 183, 156, 157, 194, 195, 151, 202, 203, 204, 205, 208, 209, 214, 215]
  列生成求解结果: 目标值=8.0000， 下界=5.4545， 上界=12.0000
    非整数变量: COL_17-19-4_224 = 0.333333
  解不是整数，开始分支...
ImposedVertex(vertex=7)
ForbidVertex(vertex=7)
  创建了 2 个分支
    添加分支节点 1: ID=218
    添加分支节点 2: ID=219

处理节点 136
  开始列生成求解...
Set parameter LogToConsole to value 0
Set parameter Threads to value 1
Set parameter Seed to value 0
  定价策略: Exact, node=136, vertices=19
Set parameter PoolSearchMode to value 2
Set parameter PoolSolutions to value 10
[CG 1] RMP=6.000000, pricing=ExactPricingSolver, new_columns=10
[CG 2] RMP=5.454545, pricing=ExactPricingSolver, new_columns=0
  搜索路径: [1, 2, 4, 5, 3, 8, 11, 14, 15, 16, 17, 19, 23, 24, 25, 27, 26, 30, 36, 37, 21, 22, 18, 33, 20, 31, 32, 53, 52, 54, 55, 57, 56, 10, 66, 67, 70, 71, 74, 75, 9, 80, 81, 84, 86, 87, 85, 92, 93, 43, 42, 12, 102, 103, 13, 108, 109, 49, 48, 114, 115, 116, 122, 123, 117, 118, 119, 62, 63, 106, 107, 99, 61, 60, 41, 98, 40, 138, 147, 148, 149, 139, 146, 162, 163, 166, 167, 168, 169, 170, 171, 143, 140, 112, 113, 184, 185, 150, 182, 183, 156, 157, 194, 195, 151, 202, 203, 204, 205, 208, 209, 214, 215, 136]
  列生成求解结果: 目标值=5.4545， 下界=5.4545， 上界=12.0000
    非整数变量: COL_19-20-26_45 = 0.227273
  解不是整数，开始分支...
ImposedVertex(vertex=20)
ForbidVertex(vertex=20)
  创建了 2 个分支
    添加分支节点 1: ID=220
    添加分支节点 2: ID=221

处理节点 206
  开始列生成求解...
Set parameter LogToConsole to value 0
Set parameter Threads to value 1
Set parameter Seed to value 0
  定价策略: Exact, node=206, vertices=17
Set parameter PoolSearchMode to value 2
Set parameter PoolSolutions to value 10
[CG 1] RMP=7.000000, pricing=ExactPricingSolver, new_columns=10
[CG 2] RMP=5.454545, pricing=ExactPricingSolver, new_columns=0
  搜索路径: [1, 2, 4, 5, 3, 8, 11, 14, 15, 16, 17, 19, 23, 24, 25, 27, 26, 30, 36, 37, 21, 22, 18, 33, 20, 31, 32, 53, 52, 54, 55, 57, 56, 10, 66, 67, 70, 71, 74, 75, 9, 80, 81, 84, 86, 87, 85, 92, 93, 43, 42, 12, 102, 103, 13, 108, 109, 49, 48, 114, 115, 116, 122, 123, 117, 118, 119, 62, 63, 106, 107, 99, 61, 60, 41, 98, 40, 138, 147, 148, 149, 139, 146, 162, 163, 166, 167, 168, 169, 170, 171, 143, 140, 112, 113, 184, 185, 150, 182, 183, 156, 157, 194, 195, 151, 202, 203, 204, 205, 208, 209, 214, 215, 136, 206]
  列生成求解结果: 目标值=5.4545， 下界=5.4545， 上界=12.0000
    非整数变量: COL_18-24-9_33 = 0.003247
  解不是整数，开始分支...
ImposedVertex(vertex=18)
ForbidVertex(vertex=18)
  创建了 2 个分支
    添加分支节点 1: ID=222
    添加分支节点 2: ID=223

处理节点 207
  开始列生成求解...
Set parameter LogToConsole to value 0
Set parameter Threads to value 1
Set parameter Seed to value 0
  定价策略: Exact, node=207, vertices=17
Set parameter PoolSearchMode to value 2
Set parameter PoolSolutions to value 10
[CG 1] RMP=11.000000, pricing=ExactPricingSolver, new_columns=0
  搜索路径: [1, 2, 4, 5, 3, 8, 11, 14, 15, 16, 17, 19, 23, 24, 25, 27, 26, 30, 36, 37, 21, 22, 18, 33, 20, 31, 32, 53, 52, 54, 55, 57, 56, 10, 66, 67, 70, 71, 74, 75, 9, 80, 81, 84, 86, 87, 85, 92, 93, 43, 42, 12, 102, 103, 13, 108, 109, 49, 48, 114, 115, 116, 122, 123, 117, 118, 119, 62, 63, 106, 107, 99, 61, 60, 41, 98, 40, 138, 147, 148, 149, 139, 146, 162, 163, 166, 167, 168, 169, 170, 171, 143, 140, 112, 113, 184, 185, 150, 182, 183, 156, 157, 194, 195, 151, 202, 203, 204, 205, 208, 209, 214, 215, 136, 206, 207]
  列生成求解结果: 目标值=11.0000， 下界=5.4545， 上界=12.0000
    非整数变量: COL_1-10-11-18-20-26-5-7_54 = 0.737500
  解不是整数，开始分支...
ImposedVertex(vertex=5)
ForbidVertex(vertex=5)
  创建了 2 个分支
    添加分支节点 1: ID=224
    添加分支节点 2: ID=225

处理节点 220
  开始列生成求解...
Set parameter LogToConsole to value 0
Set parameter Threads to value 1
Set parameter Seed to value 0
  定价策略: Exact, node=220, vertices=18
Set parameter PoolSearchMode to value 2
Set parameter PoolSolutions to value 10
[CG 1] RMP=8.000000, pricing=ExactPricingSolver, new_columns=0
  搜索路径: [1, 2, 4, 5, 3, 8, 11, 14, 15, 16, 17, 19, 23, 24, 25, 27, 26, 30, 36, 37, 21, 22, 18, 33, 20, 31, 32, 53, 52, 54, 55, 57, 56, 10, 66, 67, 70, 71, 74, 75, 9, 80, 81, 84, 86, 87, 85, 92, 93, 43, 42, 12, 102, 103, 13, 108, 109, 49, 48, 114, 115, 116, 122, 123, 117, 118, 119, 62, 63, 106, 107, 99, 61, 60, 41, 98, 40, 138, 147, 148, 149, 139, 146, 162, 163, 166, 167, 168, 169, 170, 171, 143, 140, 112, 113, 184, 185, 150, 182, 183, 156, 157, 194, 195, 151, 202, 203, 204, 205, 208, 209, 214, 215, 136, 206, 207, 220]
  列生成求解结果: 目标值=8.0000， 下界=5.4545， 上界=12.0000
    非整数变量: COL_19-20-26_45 = 0.200000
  解不是整数，开始分支...
ImposedVertex(vertex=26)
ForbidVertex(vertex=26)
  创建了 2 个分支
    添加分支节点 1: ID=226
    添加分支节点 2: ID=227

处理节点 221
  开始列生成求解...
Set parameter LogToConsole to value 0
Set parameter Threads to value 1
Set parameter Seed to value 0
  定价策略: Exact, node=221, vertices=18
Set parameter PoolSearchMode to value 2
Set parameter PoolSolutions to value 10
[CG 1] RMP=1012.000000, pricing=ExactPricingSolver, new_columns=10
[CG 2] RMP=9.000000, pricing=ExactPricingSolver, new_columns=0
  搜索路径: [1, 2, 4, 5, 3, 8, 11, 14, 15, 16, 17, 19, 23, 24, 25, 27, 26, 30, 36, 37, 21, 22, 18, 33, 20, 31, 32, 53, 52, 54, 55, 57, 56, 10, 66, 67, 70, 71, 74, 75, 9, 80, 81, 84, 86, 87, 85, 92, 93, 43, 42, 12, 102, 103, 13, 108, 109, 49, 48, 114, 115, 116, 122, 123, 117, 118, 119, 62, 63, 106, 107, 99, 61, 60, 41, 98, 40, 138, 147, 148, 149, 139, 146, 162, 163, 166, 167, 168, 169, 170, 171, 143, 140, 112, 113, 184, 185, 150, 182, 183, 156, 157, 194, 195, 151, 202, 203, 204, 205, 208, 209, 214, 215, 136, 206, 207, 220, 221]
  列生成求解结果: 目标值=9.0000， 下界=5.4545， 上界=12.0000
    非整数变量: COL_11-15-2-28-4-7-9_256 = 0.500000
  解不是整数，开始分支...
ImposedVertex(vertex=2)
ForbidVertex(vertex=2)
  创建了 2 个分支
    添加分支节点 1: ID=228
    添加分支节点 2: ID=229

处理节点 222
  开始列生成求解...
Set parameter LogToConsole to value 0
Set parameter Threads to value 1
Set parameter Seed to value 0
  定价策略: Exact, node=222, vertices=16
Set parameter PoolSearchMode to value 2
Set parameter PoolSolutions to value 10
[CG 1] RMP=7.000000, pricing=ExactPricingSolver, new_columns=0
  搜索路径: [1, 2, 4, 5, 3, 8, 11, 14, 15, 16, 17, 19, 23, 24, 25, 27, 26, 30, 36, 37, 21, 22, 18, 33, 20, 31, 32, 53, 52, 54, 55, 57, 56, 10, 66, 67, 70, 71, 74, 75, 9, 80, 81, 84, 86, 87, 85, 92, 93, 43, 42, 12, 102, 103, 13, 108, 109, 49, 48, 114, 115, 116, 122, 123, 117, 118, 119, 62, 63, 106, 107, 99, 61, 60, 41, 98, 40, 138, 147, 148, 149, 139, 146, 162, 163, 166, 167, 168, 169, 170, 171, 143, 140, 112, 113, 184, 185, 150, 182, 183, 156, 157, 194, 195, 151, 202, 203, 204, 205, 208, 209, 214, 215, 136, 206, 207, 220, 221, 222]
  列生成求解结果: 目标值=7.0000， 下界=5.4545， 上界=12.0000
    非整数变量: COL_18-24-9_33 = 0.381250
  解不是整数，开始分支...
ImposedVertex(vertex=24)
ForbidVertex(vertex=24)
  创建了 2 个分支
    添加分支节点 1: ID=230
    添加分支节点 2: ID=231

处理节点 223
  开始列生成求解...
Set parameter LogToConsole to value 0
Set parameter Threads to value 1
Set parameter Seed to value 0
  定价策略: Exact, node=223, vertices=16
Set parameter PoolSearchMode to value 2
Set parameter PoolSolutions to value 10
[CG 1] RMP=2010.000000, pricing=ExactPricingSolver, new_columns=10
[CG 2] RMP=12.000000, pricing=ExactPricingSolver, new_columns=10
[CG 3] RMP=12.000000, pricing=ExactPricingSolver, new_columns=10
[CG 4] RMP=9.000000, pricing=ExactPricingSolver, new_columns=0
  搜索路径: [1, 2, 4, 5, 3, 8, 11, 14, 15, 16, 17, 19, 23, 24, 25, 27, 26, 30, 36, 37, 21, 22, 18, 33, 20, 31, 32, 53, 52, 54, 55, 57, 56, 10, 66, 67, 70, 71, 74, 75, 9, 80, 81, 84, 86, 87, 85, 92, 93, 43, 42, 12, 102, 103, 13, 108, 109, 49, 48, 114, 115, 116, 122, 123, 117, 118, 119, 62, 63, 106, 107, 99, 61, 60, 41, 98, 40, 138, 147, 148, 149, 139, 146, 162, 163, 166, 167, 168, 169, 170, 171, 143, 140, 112, 113, 184, 185, 150, 182, 183, 156, 157, 194, 195, 151, 202, 203, 204, 205, 208, 209, 214, 215, 136, 206, 207, 220, 221, 222, 223]
  列生成求解结果: 目标值=9.0000， 下界=5.4545， 上界=12.0000
    非整数变量: COL_1-19-8_861 = 0.100000
  解不是整数，开始分支...
ImposedVertex(vertex=8)
ForbidVertex(vertex=8)
  创建了 2 个分支
    添加分支节点 1: ID=232
    添加分支节点 2: ID=233
  进度: 已处理 120 个节点, 剩余 113 个, 当前最优 12.0000, 当前列数: 908

处理节点 141
  开始列生成求解...
Set parameter LogToConsole to value 0
Set parameter Threads to value 1
Set parameter Seed to value 0
  定价策略: Exact, node=141, vertices=17
Set parameter PoolSearchMode to value 2
Set parameter PoolSolutions to value 10
[CG 1] RMP=22.000000, pricing=ExactPricingSolver, new_columns=10
[CG 2] RMP=11.000000, pricing=ExactPricingSolver, new_columns=0
  搜索路径: [1, 2, 4, 5, 3, 8, 11, 14, 15, 16, 17, 19, 23, 24, 25, 27, 26, 30, 36, 37, 21, 22, 18, 33, 20, 31, 32, 53, 52, 54, 55, 57, 56, 10, 66, 67, 70, 71, 74, 75, 9, 80, 81, 84, 86, 87, 85, 92, 93, 43, 42, 12, 102, 103, 13, 108, 109, 49, 48, 114, 115, 116, 122, 123, 117, 118, 119, 62, 63, 106, 107, 99, 61, 60, 41, 98, 40, 138, 147, 148, 149, 139, 146, 162, 163, 166, 167, 168, 169, 170, 171, 143, 140, 112, 113, 184, 185, 150, 182, 183, 156, 157, 194, 195, 151, 202, 203, 204, 205, 208, 209, 214, 215, 136, 206, 207, 220, 221, 222, 223, 141]
  列生成求解结果: 目标值=11.0000， 下界=5.4545， 上界=12.0000
    非整数变量: COL_0-10-13-15-19-21-28-7_96 = 0.916667
  解不是整数，开始分支...
ImposedVertex(vertex=21)
ForbidVertex(vertex=21)
  创建了 2 个分支
    添加分支节点 1: ID=234
    添加分支节点 2: ID=235

处理节点 137
  开始列生成求解...
Set parameter LogToConsole to value 0
Set parameter Threads to value 1
Set parameter Seed to value 0
  定价策略: Exact, node=137, vertices=19
Set parameter PoolSearchMode to value 2
Set parameter PoolSolutions to value 10
[CG 1] RMP=11.000000, pricing=ExactPricingSolver, new_columns=0
  搜索路径: [1, 2, 4, 5, 3, 8, 11, 14, 15, 16, 17, 19, 23, 24, 25, 27, 26, 30, 36, 37, 21, 22, 18, 33, 20, 31, 32, 53, 52, 54, 55, 57, 56, 10, 66, 67, 70, 71, 74, 75, 9, 80, 81, 84, 86, 87, 85, 92, 93, 43, 42, 12, 102, 103, 13, 108, 109, 49, 48, 114, 115, 116, 122, 123, 117, 118, 119, 62, 63, 106, 107, 99, 61, 60, 41, 98, 40, 138, 147, 148, 149, 139, 146, 162, 163, 166, 167, 168, 169, 170, 171, 143, 140, 112, 113, 184, 185, 150, 182, 183, 156, 157, 194, 195, 151, 202, 203, 204, 205, 208, 209, 214, 215, 136, 206, 207, 220, 221, 222, 223, 141, 137]
  列生成求解结果: 目标值=11.0000， 下界=5.4545， 上界=12.0000
    非整数变量: COL_10-2-5-7_307 = 0.083333
  解不是整数，开始分支...
ImposedVertex(vertex=2)
ForbidVertex(vertex=2)
  创建了 2 个分支
    添加分支节点 1: ID=236
    添加分支节点 2: ID=237

处理节点 142
  开始列生成求解...
Set parameter LogToConsole to value 0
Set parameter Threads to value 1
Set parameter Seed to value 0
  定价策略: Exact, node=142, vertices=20
Set parameter PoolSearchMode to value 2
Set parameter PoolSolutions to value 10
[CG 1] RMP=10.000000, pricing=ExactPricingSolver, new_columns=10
[CG 2] RMP=9.000000, pricing=ExactPricingSolver, new_columns=0
  搜索路径: [1, 2, 4, 5, 3, 8, 11, 14, 15, 16, 17, 19, 23, 24, 25, 27, 26, 30, 36, 37, 21, 22, 18, 33, 20, 31, 32, 53, 52, 54, 55, 57, 56, 10, 66, 67, 70, 71, 74, 75, 9, 80, 81, 84, 86, 87, 85, 92, 93, 43, 42, 12, 102, 103, 13, 108, 109, 49, 48, 114, 115, 116, 122, 123, 117, 118, 119, 62, 63, 106, 107, 99, 61, 60, 41, 98, 40, 138, 147, 148, 149, 139, 146, 162, 163, 166, 167, 168, 169, 170, 171, 143, 140, 112, 113, 184, 185, 150, 182, 183, 156, 157, 194, 195, 151, 202, 203, 204, 205, 208, 209, 214, 215, 136, 206, 207, 220, 221, 222, 223, 141, 137, 142]
  列生成求解结果: 目标值=9.0000， 下界=5.4545， 上界=12.0000
    非整数变量: COL_18-24-9_33 = 0.500000
  解不是整数，开始分支...
ImposedVertex(vertex=9)
ForbidVertex(vertex=9)
  创建了 2 个分支
    添加分支节点 1: ID=238
    添加分支节点 2: ID=239

处理节点 197
  开始列生成求解...
Set parameter LogToConsole to value 0
Set parameter Threads to value 1
Set parameter Seed to value 0
  定价策略: Exact, node=197, vertices=16
Set parameter PoolSearchMode to value 2
Set parameter PoolSolutions to value 10
[CG 1] RMP=2010.000000, pricing=ExactPricingSolver, new_columns=10
[CG 2] RMP=341.333333, pricing=ExactPricingSolver, new_columns=10
[CG 3] RMP=5.454545, pricing=ExactPricingSolver, new_columns=0
  搜索路径: [1, 2, 4, 5, 3, 8, 11, 14, 15, 16, 17, 19, 23, 24, 25, 27, 26, 30, 36, 37, 21, 22, 18, 33, 20, 31, 32, 53, 52, 54, 55, 57, 56, 10, 66, 67, 70, 71, 74, 75, 9, 80, 81, 84, 86, 87, 85, 92, 93, 43, 42, 12, 102, 103, 13, 108, 109, 49, 48, 114, 115, 116, 122, 123, 117, 118, 119, 62, 63, 106, 107, 99, 61, 60, 41, 98, 40, 138, 147, 148, 149, 139, 146, 162, 163, 166, 167, 168, 169, 170, 171, 143, 140, 112, 113, 184, 185, 150, 182, 183, 156, 157, 194, 195, 151, 202, 203, 204, 205, 208, 209, 214, 215, 136, 206, 207, 220, 221, 222, 223, 141, 137, 142, 197]
  列生成求解结果: 目标值=5.4545， 下界=5.4545， 上界=12.0000
    非整数变量: COL_16-19-4-7_183 = 0.454545
  解不是整数，开始分支...
ImposedVertex(vertex=11)
ForbidVertex(vertex=11)
  创建了 2 个分支
    添加分支节点 1: ID=240
    添加分支节点 2: ID=241

处理节点 240
  开始列生成求解...
Set parameter LogToConsole to value 0
Set parameter Threads to value 1
Set parameter Seed to value 0
  定价策略: Exact, node=240, vertices=14
Set parameter PoolSearchMode to value 2
Set parameter PoolSolutions to value 10
[CG 1] RMP=5.454545, pricing=ExactPricingSolver, new_columns=0
  搜索路径: [1, 2, 4, 5, 3, 8, 11, 14, 15, 16, 17, 19, 23, 24, 25, 27, 26, 30, 36, 37, 21, 22, 18, 33, 20, 31, 32, 53, 52, 54, 55, 57, 56, 10, 66, 67, 70, 71, 74, 75, 9, 80, 81, 84, 86, 87, 85, 92, 93, 43, 42, 12, 102, 103, 13, 108, 109, 49, 48, 114, 115, 116, 122, 123, 117, 118, 119, 62, 63, 106, 107, 99, 61, 60, 41, 98, 40, 138, 147, 148, 149, 139, 146, 162, 163, 166, 167, 168, 169, 170, 171, 143, 140, 112, 113, 184, 185, 150, 182, 183, 156, 157, 194, 195, 151, 202, 203, 204, 205, 208, 209, 214, 215, 136, 206, 207, 220, 221, 222, 223, 141, 137, 142, 197, 240]
  列生成求解结果: 目标值=5.4545， 下界=5.4545， 上界=12.0000
    非整数变量: COL_16-19-4-7_183 = 0.454545
  解不是整数，开始分支...
ImposedVertex(vertex=21)
ForbidVertex(vertex=21)
  创建了 2 个分支
    添加分支节点 1: ID=242
    添加分支节点 2: ID=243

处理节点 241
  开始列生成求解...
Set parameter LogToConsole to value 0
Set parameter Threads to value 1
Set parameter Seed to value 0
  定价策略: Exact, node=241, vertices=15
Set parameter PoolSearchMode to value 2
Set parameter PoolSolutions to value 10
[CG 1] RMP=10.000000, pricing=ExactPricingSolver, new_columns=10
[CG 2] RMP=5.454545, pricing=ExactPricingSolver, new_columns=0
  搜索路径: [1, 2, 4, 5, 3, 8, 11, 14, 15, 16, 17, 19, 23, 24, 25, 27, 26, 30, 36, 37, 21, 22, 18, 33, 20, 31, 32, 53, 52, 54, 55, 57, 56, 10, 66, 67, 70, 71, 74, 75, 9, 80, 81, 84, 86, 87, 85, 92, 93, 43, 42, 12, 102, 103, 13, 108, 109, 49, 48, 114, 115, 116, 122, 123, 117, 118, 119, 62, 63, 106, 107, 99, 61, 60, 41, 98, 40, 138, 147, 148, 149, 139, 146, 162, 163, 166, 167, 168, 169, 170, 171, 143, 140, 112, 113, 184, 185, 150, 182, 183, 156, 157, 194, 195, 151, 202, 203, 204, 205, 208, 209, 214, 215, 136, 206, 207, 220, 221, 222, 223, 141, 137, 142, 197, 240, 241]
  列生成求解结果: 目标值=5.4545， 下界=5.4545， 上界=12.0000
    非整数变量: COL_16-19-4_181 = 0.500000
  解不是整数，开始分支...
ImposedVertex(vertex=12)
ForbidVertex(vertex=12)
  创建了 2 个分支
    添加分支节点 1: ID=244
    添加分支节点 2: ID=245

处理节点 242
  开始列生成求解...
Set parameter LogToConsole to value 0
Set parameter Threads to value 1
Set parameter Seed to value 0
  定价策略: Exact, node=242, vertices=13
Set parameter PoolSearchMode to value 2
Set parameter PoolSolutions to value 10
[CG 1] RMP=9.000000, pricing=ExactPricingSolver, new_columns=0
  搜索路径: [1, 2, 4, 5, 3, 8, 11, 14, 15, 16, 17, 19, 23, 24, 25, 27, 26, 30, 36, 37, 21, 22, 18, 33, 20, 31, 32, 53, 52, 54, 55, 57, 56, 10, 66, 67, 70, 71, 74, 75, 9, 80, 81, 84, 86, 87, 85, 92, 93, 43, 42, 12, 102, 103, 13, 108, 109, 49, 48, 114, 115, 116, 122, 123, 117, 118, 119, 62, 63, 106, 107, 99, 61, 60, 41, 98, 40, 138, 147, 148, 149, 139, 146, 162, 163, 166, 167, 168, 169, 170, 171, 143, 140, 112, 113, 184, 185, 150, 182, 183, 156, 157, 194, 195, 151, 202, 203, 204, 205, 208, 209, 214, 215, 136, 206, 207, 220, 221, 222, 223, 141, 137, 142, 197, 240, 241, 242]
  列生成求解结果: 目标值=9.0000， 下界=5.4545， 上界=12.0000
    非整数变量: COL_1-16-19_180 = 0.166667
  解不是整数，开始分支...
ImposedVertex(vertex=28)
ForbidVertex(vertex=28)
  创建了 2 个分支
    添加分支节点 1: ID=246
    添加分支节点 2: ID=247

处理节点 243
  开始列生成求解...
Set parameter LogToConsole to value 0
Set parameter Threads to value 1
Set parameter Seed to value 0
  定价策略: Exact, node=243, vertices=13
Set parameter PoolSearchMode to value 2
Set parameter PoolSolutions to value 10
[CG 1] RMP=10.000000, pricing=ExactPricingSolver, new_columns=10
[CG 2] RMP=8.000000, pricing=ExactPricingSolver, new_columns=0
  搜索路径: [1, 2, 4, 5, 3, 8, 11, 14, 15, 16, 17, 19, 23, 24, 25, 27, 26, 30, 36, 37, 21, 22, 18, 33, 20, 31, 32, 53, 52, 54, 55, 57, 56, 10, 66, 67, 70, 71, 74, 75, 9, 80, 81, 84, 86, 87, 85, 92, 93, 43, 42, 12, 102, 103, 13, 108, 109, 49, 48, 114, 115, 116, 122, 123, 117, 118, 119, 62, 63, 106, 107, 99, 61, 60, 41, 98, 40, 138, 147, 148, 149, 139, 146, 162, 163, 166, 167, 168, 169, 170, 171, 143, 140, 112, 113, 184, 185, 150, 182, 183, 156, 157, 194, 195, 151, 202, 203, 204, 205, 208, 209, 214, 215, 136, 206, 207, 220, 221, 222, 223, 141, 137, 142, 197, 240, 241, 242, 243]
  列生成求解结果: 目标值=8.0000， 下界=5.4545， 上界=12.0000
    非整数变量: COL_16-19-4_181 = 0.166667
  解不是整数，开始分支...
ImposedVertex(vertex=28)
ForbidVertex(vertex=28)
  创建了 2 个分支
    添加分支节点 1: ID=248
    添加分支节点 2: ID=249

处理节点 244
  开始列生成求解...
Set parameter LogToConsole to value 0
Set parameter Threads to value 1
Set parameter Seed to value 0
  定价策略: Exact, node=244, vertices=14
Set parameter PoolSearchMode to value 2
Set parameter PoolSolutions to value 10
[CG 1] RMP=9.000000, pricing=ExactPricingSolver, new_columns=0
  搜索路径: [1, 2, 4, 5, 3, 8, 11, 14, 15, 16, 17, 19, 23, 24, 25, 27, 26, 30, 36, 37, 21, 22, 18, 33, 20, 31, 32, 53, 52, 54, 55, 57, 56, 10, 66, 67, 70, 71, 74, 75, 9, 80, 81, 84, 86, 87, 85, 92, 93, 43, 42, 12, 102, 103, 13, 108, 109, 49, 48, 114, 115, 116, 122, 123, 117, 118, 119, 62, 63, 106, 107, 99, 61, 60, 41, 98, 40, 138, 147, 148, 149, 139, 146, 162, 163, 166, 167, 168, 169, 170, 171, 143, 140, 112, 113, 184, 185, 150, 182, 183, 156, 157, 194, 195, 151, 202, 203, 204, 205, 208, 209, 214, 215, 136, 206, 207, 220, 221, 222, 223, 141, 137, 142, 197, 240, 241, 242, 243, 244]
  列生成求解结果: 目标值=9.0000， 下界=5.4545， 上界=12.0000
    非整数变量: COL_16-19-4-7_183 = 0.050000
  解不是整数，开始分支...
ImposedVertex(vertex=28)
ForbidVertex(vertex=28)
  创建了 2 个分支
    添加分支节点 1: ID=250
    添加分支节点 2: ID=251

处理节点 245
  开始列生成求解...
Set parameter LogToConsole to value 0
Set parameter Threads to value 1
Set parameter Seed to value 0
  定价策略: Exact, node=245, vertices=14
Set parameter PoolSearchMode to value 2
Set parameter PoolSolutions to value 10
[CG 1] RMP=10.000000, pricing=ExactPricingSolver, new_columns=0
  搜索路径: [1, 2, 4, 5, 3, 8, 11, 14, 15, 16, 17, 19, 23, 24, 25, 27, 26, 30, 36, 37, 21, 22, 18, 33, 20, 31, 32, 53, 52, 54, 55, 57, 56, 10, 66, 67, 70, 71, 74, 75, 9, 80, 81, 84, 86, 87, 85, 92, 93, 43, 42, 12, 102, 103, 13, 108, 109, 49, 48, 114, 115, 116, 122, 123, 117, 118, 119, 62, 63, 106, 107, 99, 61, 60, 41, 98, 40, 138, 147, 148, 149, 139, 146, 162, 163, 166, 167, 168, 169, 170, 171, 143, 140, 112, 113, 184, 185, 150, 182, 183, 156, 157, 194, 195, 151, 202, 203, 204, 205, 208, 209, 214, 215, 136, 206, 207, 220, 221, 222, 223, 141, 137, 142, 197, 240, 241, 242, 243, 244, 245]
  列生成求解结果: 目标值=10.0000， 下界=5.4545， 上界=12.0000
    非整数变量: COL_16-19-4-7_183 = 0.500000
  解不是整数，开始分支...
ImposedVertex(vertex=28)
ForbidVertex(vertex=28)
  创建了 2 个分支
    添加分支节点 1: ID=252
    添加分支节点 2: ID=253
  进度: 已处理 130 个节点, 剩余 123 个, 当前最优 12.0000, 当前列数: 968

处理节点 196
  开始列生成求解...
Set parameter LogToConsole to value 0
Set parameter Threads to value 1
Set parameter Seed to value 0
  定价策略: Exact, node=196, vertices=16
Set parameter PoolSearchMode to value 2
Set parameter PoolSolutions to value 10
[CG 1] RMP=7.000000, pricing=ExactPricingSolver, new_columns=0
  搜索路径: [1, 2, 4, 5, 3, 8, 11, 14, 15, 16, 17, 19, 23, 24, 25, 27, 26, 30, 36, 37, 21, 22, 18, 33, 20, 31, 32, 53, 52, 54, 55, 57, 56, 10, 66, 67, 70, 71, 74, 75, 9, 80, 81, 84, 86, 87, 85, 92, 93, 43, 42, 12, 102, 103, 13, 108, 109, 49, 48, 114, 115, 116, 122, 123, 117, 118, 119, 62, 63, 106, 107, 99, 61, 60, 41, 98, 40, 138, 147, 148, 149, 139, 146, 162, 163, 166, 167, 168, 169, 170, 171, 143, 140, 112, 113, 184, 185, 150, 182, 183, 156, 157, 194, 195, 151, 202, 203, 204, 205, 208, 209, 214, 215, 136, 206, 207, 220, 221, 222, 223, 141, 137, 142, 197, 240, 241, 242, 243, 244, 245, 196]
  列生成求解结果: 目标值=7.0000， 下界=5.4545， 上界=12.0000
    非整数变量: COL_1-11-18-23-7-9_42 = 0.416667
  解不是整数，开始分支...
ImposedVertex(vertex=4)
ForbidVertex(vertex=4)
  创建了 2 个分支
    添加分支节点 1: ID=254
    添加分支节点 2: ID=255

处理节点 90
  开始列生成求解...
Set parameter LogToConsole to value 0
Set parameter Threads to value 1
Set parameter Seed to value 0
  定价策略: Exact, node=90, vertices=18
Set parameter PoolSearchMode to value 2
Set parameter PoolSolutions to value 10
[CG 1] RMP=2010.000000, pricing=ExactPricingSolver, new_columns=10
[CG 2] RMP=11.000000, pricing=ExactPricingSolver, new_columns=10
[CG 3] RMP=9.000000, pricing=ExactPricingSolver, new_columns=0
  搜索路径: [1, 2, 4, 5, 3, 8, 11, 14, 15, 16, 17, 19, 23, 24, 25, 27, 26, 30, 36, 37, 21, 22, 18, 33, 20, 31, 32, 53, 52, 54, 55, 57, 56, 10, 66, 67, 70, 71, 74, 75, 9, 80, 81, 84, 86, 87, 85, 92, 93, 43, 42, 12, 102, 103, 13, 108, 109, 49, 48, 114, 115, 116, 122, 123, 117, 118, 119, 62, 63, 106, 107, 99, 61, 60, 41, 98, 40, 138, 147, 148, 149, 139, 146, 162, 163, 166, 167, 168, 169, 170, 171, 143, 140, 112, 113, 184, 185, 150, 182, 183, 156, 157, 194, 195, 151, 202, 203, 204, 205, 208, 209, 214, 215, 136, 206, 207, 220, 221, 222, 223, 141, 137, 142, 197, 240, 241, 242, 243, 244, 245, 196, 90]
  列生成求解结果: 目标值=9.0000， 下界=5.7391， 上界=12.0000
    非整数变量: COL_13-16-19_4 = 0.250000
  解不是整数，开始分支...
ImposedVertex(vertex=19)
ForbidVertex(vertex=19)
  创建了 2 个分支
    添加分支节点 1: ID=256
    添加分支节点 2: ID=257

处理节点 91
  开始列生成求解...
Set parameter LogToConsole to value 0
Set parameter Threads to value 1
Set parameter Seed to value 0
  定价策略: Exact, node=91, vertices=19
Set parameter PoolSearchMode to value 2
Set parameter PoolSolutions to value 10
[CG 1] RMP=6.000000, pricing=ExactPricingSolver, new_columns=10
[CG 2] RMP=5.739130, pricing=ExactPricingSolver, new_columns=0
  搜索路径: [1, 2, 4, 5, 3, 8, 11, 14, 15, 16, 17, 19, 23, 24, 25, 27, 26, 30, 36, 37, 21, 22, 18, 33, 20, 31, 32, 53, 52, 54, 55, 57, 56, 10, 66, 67, 70, 71, 74, 75, 9, 80, 81, 84, 86, 87, 85, 92, 93, 43, 42, 12, 102, 103, 13, 108, 109, 49, 48, 114, 115, 116, 122, 123, 117, 118, 119, 62, 63, 106, 107, 99, 61, 60, 41, 98, 40, 138, 147, 148, 149, 139, 146, 162, 163, 166, 167, 168, 169, 170, 171, 143, 140, 112, 113, 184, 185, 150, 182, 183, 156, 157, 194, 195, 151, 202, 203, 204, 205, 208, 209, 214, 215, 136, 206, 207, 220, 221, 222, 223, 141, 137, 142, 197, 240, 241, 242, 243, 244, 245, 196, 90, 91]
  列生成求解结果: 目标值=5.7391， 下界=5.7391， 上界=12.0000
    非整数变量: COL_18-20-27_47 = 0.333333
  解不是整数，开始分支...
ImposedVertex(vertex=4)
ForbidVertex(vertex=4)
  创建了 2 个分支
    添加分支节点 1: ID=258
    添加分支节点 2: ID=259

处理节点 78
  开始列生成求解...
Set parameter LogToConsole to value 0
Set parameter Threads to value 1
Set parameter Seed to value 0
  定价策略: Exact, node=78, vertices=21
Set parameter PoolSearchMode to value 2
Set parameter PoolSolutions to value 10
[CG 1] RMP=1014.000000, pricing=ExactPricingSolver, new_columns=10
[CG 2] RMP=7.310769, pricing=ExactPricingSolver, new_columns=10
[CG 3] RMP=7.000000, pricing=ExactPricingSolver, new_columns=10
[CG 4] RMP=5.739130, pricing=ExactPricingSolver, new_columns=0
  搜索路径: [1, 2, 4, 5, 3, 8, 11, 14, 15, 16, 17, 19, 23, 24, 25, 27, 26, 30, 36, 37, 21, 22, 18, 33, 20, 31, 32, 53, 52, 54, 55, 57, 56, 10, 66, 67, 70, 71, 74, 75, 9, 80, 81, 84, 86, 87, 85, 92, 93, 43, 42, 12, 102, 103, 13, 108, 109, 49, 48, 114, 115, 116, 122, 123, 117, 118, 119, 62, 63, 106, 107, 99, 61, 60, 41, 98, 40, 138, 147, 148, 149, 139, 146, 162, 163, 166, 167, 168, 169, 170, 171, 143, 140, 112, 113, 184, 185, 150, 182, 183, 156, 157, 194, 195, 151, 202, 203, 204, 205, 208, 209, 214, 215, 136, 206, 207, 220, 221, 222, 223, 141, 137, 142, 197, 240, 241, 242, 243, 244, 245, 196, 90, 91, 78]
  列生成求解结果: 目标值=5.7391， 下界=5.7391， 上界=12.0000
    非整数变量: COL_15-18-2-20-4-7-9_363 = 0.195652
  解不是整数，开始分支...
ImposedVertex(vertex=2)
ForbidVertex(vertex=2)
  创建了 2 个分支
    添加分支节点 1: ID=260
    添加分支节点 2: ID=261

处理节点 260
  开始列生成求解...
Set parameter LogToConsole to value 0
Set parameter Threads to value 1
Set parameter Seed to value 0
  定价策略: Exact, node=260, vertices=19
Set parameter PoolSearchMode to value 2
Set parameter PoolSolutions to value 10
[CG 1] RMP=5.739130, pricing=ExactPricingSolver, new_columns=0
  搜索路径: [1, 2, 4, 5, 3, 8, 11, 14, 15, 16, 17, 19, 23, 24, 25, 27, 26, 30, 36, 37, 21, 22, 18, 33, 20, 31, 32, 53, 52, 54, 55, 57, 56, 10, 66, 67, 70, 71, 74, 75, 9, 80, 81, 84, 86, 87, 85, 92, 93, 43, 42, 12, 102, 103, 13, 108, 109, 49, 48, 114, 115, 116, 122, 123, 117, 118, 119, 62, 63, 106, 107, 99, 61, 60, 41, 98, 40, 138, 147, 148, 149, 139, 146, 162, 163, 166, 167, 168, 169, 170, 171, 143, 140, 112, 113, 184, 185, 150, 182, 183, 156, 157, 194, 195, 151, 202, 203, 204, 205, 208, 209, 214, 215, 136, 206, 207, 220, 221, 222, 223, 141, 137, 142, 197, 240, 241, 242, 243, 244, 245, 196, 90, 91, 78, 260]
  列生成求解结果: 目标值=5.7391， 下界=5.7391， 上界=12.0000
    非整数变量: COL_13-16-19_4 = 0.280193
  解不是整数，开始分支...
ImposedVertex(vertex=16)
ForbidVertex(vertex=16)
  创建了 2 个分支
    添加分支节点 1: ID=262
    添加分支节点 2: ID=263

处理节点 261
  开始列生成求解...
Set parameter LogToConsole to value 0
Set parameter Threads to value 1
Set parameter Seed to value 0
  定价策略: Exact, node=261, vertices=20
Set parameter PoolSearchMode to value 2
Set parameter PoolSolutions to value 10
[CG 1] RMP=512.000000, pricing=ExactPricingSolver, new_columns=10
[CG 2] RMP=7.542857, pricing=ExactPricingSolver, new_columns=10
[CG 3] RMP=6.307167, pricing=ExactPricingSolver, new_columns=0
  搜索路径: [1, 2, 4, 5, 3, 8, 11, 14, 15, 16, 17, 19, 23, 24, 25, 27, 26, 30, 36, 37, 21, 22, 18, 33, 20, 31, 32, 53, 52, 54, 55, 57, 56, 10, 66, 67, 70, 71, 74, 75, 9, 80, 81, 84, 86, 87, 85, 92, 93, 43, 42, 12, 102, 103, 13, 108, 109, 49, 48, 114, 115, 116, 122, 123, 117, 118, 119, 62, 63, 106, 107, 99, 61, 60, 41, 98, 40, 138, 147, 148, 149, 139, 146, 162, 163, 166, 167, 168, 169, 170, 171, 143, 140, 112, 113, 184, 185, 150, 182, 183, 156, 157, 194, 195, 151, 202, 203, 204, 205, 208, 209, 214, 215, 136, 206, 207, 220, 221, 222, 223, 141, 137, 142, 197, 240, 241, 242, 243, 244, 245, 196, 90, 91, 78, 260, 261]
  列生成求解结果: 目标值=6.3072， 下界=5.7391， 上界=12.0000
    非整数变量: COL_13-16-19_4 = 0.047782
  解不是整数，开始分支...
ImposedVertex(vertex=16)
ForbidVertex(vertex=16)
  创建了 2 个分支
    添加分支节点 1: ID=264
    添加分支节点 2: ID=265

处理节点 262
  开始列生成求解...
Set parameter LogToConsole to value 0
Set parameter Threads to value 1
Set parameter Seed to value 0
  定价策略: Exact, node=262, vertices=17
Set parameter PoolSearchMode to value 2
Set parameter PoolSolutions to value 10
[CG 1] RMP=2010.000000, pricing=ExactPricingSolver, new_columns=10
[CG 2] RMP=11.000000, pricing=ExactPricingSolver, new_columns=10
[CG 3] RMP=6.160000, pricing=ExactPricingSolver, new_columns=10
[CG 4] RMP=5.739130, pricing=ExactPricingSolver, new_columns=0
  搜索路径: [1, 2, 4, 5, 3, 8, 11, 14, 15, 16, 17, 19, 23, 24, 25, 27, 26, 30, 36, 37, 21, 22, 18, 33, 20, 31, 32, 53, 52, 54, 55, 57, 56, 10, 66, 67, 70, 71, 74, 75, 9, 80, 81, 84, 86, 87, 85, 92, 93, 43, 42, 12, 102, 103, 13, 108, 109, 49, 48, 114, 115, 116, 122, 123, 117, 118, 119, 62, 63, 106, 107, 99, 61, 60, 41, 98, 40, 138, 147, 148, 149, 139, 146, 162, 163, 166, 167, 168, 169, 170, 171, 143, 140, 112, 113, 184, 185, 150, 182, 183, 156, 157, 194, 195, 151, 202, 203, 204, 205, 208, 209, 214, 215, 136, 206, 207, 220, 221, 222, 223, 141, 137, 142, 197, 240, 241, 242, 243, 244, 245, 196, 90, 91, 78, 260, 261, 262]
  列生成求解结果: 目标值=5.7391， 下界=5.7391， 上界=12.0000
    非整数变量: COL_13-16-19_4 = 0.180124
  解不是整数，开始分支...
ImposedVertex(vertex=19)
ForbidVertex(vertex=19)
  创建了 2 个分支
    添加分支节点 1: ID=266
    添加分支节点 2: ID=267

处理节点 263
  开始列生成求解...
Set parameter LogToConsole to value 0
Set parameter Threads to value 1
Set parameter Seed to value 0
  定价策略: Exact, node=263, vertices=18
Set parameter PoolSearchMode to value 2
Set parameter PoolSolutions to value 10
[CG 1] RMP=7.000000, pricing=ExactPricingSolver, new_columns=10
[CG 2] RMP=6.000000, pricing=ExactPricingSolver, new_columns=10
[CG 3] RMP=5.739130, pricing=ExactPricingSolver, new_columns=0
  搜索路径: [1, 2, 4, 5, 3, 8, 11, 14, 15, 16, 17, 19, 23, 24, 25, 27, 26, 30, 36, 37, 21, 22, 18, 33, 20, 31, 32, 53, 52, 54, 55, 57, 56, 10, 66, 67, 70, 71, 74, 75, 9, 80, 81, 84, 86, 87, 85, 92, 93, 43, 42, 12, 102, 103, 13, 108, 109, 49, 48, 114, 115, 116, 122, 123, 117, 118, 119, 62, 63, 106, 107, 99, 61, 60, 41, 98, 40, 138, 147, 148, 149, 139, 146, 162, 163, 166, 167, 168, 169, 170, 171, 143, 140, 112, 113, 184, 185, 150, 182, 183, 156, 157, 194, 195, 151, 202, 203, 204, 205, 208, 209, 214, 215, 136, 206, 207, 220, 221, 222, 223, 141, 137, 142, 197, 240, 241, 242, 243, 244, 245, 196, 90, 91, 78, 260, 261, 262, 263]
  列生成求解结果: 目标值=5.7391， 下界=5.7391， 上界=12.0000
    非整数变量: COL_15-18-2-20-4-7-9_363 = 0.195652
  解不是整数，开始分支...
ImposedVertex(vertex=9)
ForbidVertex(vertex=9)
  创建了 2 个分支
    添加分支节点 1: ID=268
    添加分支节点 2: ID=269

处理节点 268
  开始列生成求解...
Set parameter LogToConsole to value 0
Set parameter Threads to value 1
Set parameter Seed to value 0
  定价策略: Exact, node=268, vertices=17
Set parameter PoolSearchMode to value 2
Set parameter PoolSolutions to value 10
[CG 1] RMP=7.310769, pricing=ExactPricingSolver, new_columns=10
[CG 2] RMP=7.000000, pricing=ExactPricingSolver, new_columns=0
  搜索路径: [1, 2, 4, 5, 3, 8, 11, 14, 15, 16, 17, 19, 23, 24, 25, 27, 26, 30, 36, 37, 21, 22, 18, 33, 20, 31, 32, 53, 52, 54, 55, 57, 56, 10, 66, 67, 70, 71, 74, 75, 9, 80, 81, 84, 86, 87, 85, 92, 93, 43, 42, 12, 102, 103, 13, 108, 109, 49, 48, 114, 115, 116, 122, 123, 117, 118, 119, 62, 63, 106, 107, 99, 61, 60, 41, 98, 40, 138, 147, 148, 149, 139, 146, 162, 163, 166, 167, 168, 169, 170, 171, 143, 140, 112, 113, 184, 185, 150, 182, 183, 156, 157, 194, 195, 151, 202, 203, 204, 205, 208, 209, 214, 215, 136, 206, 207, 220, 221, 222, 223, 141, 137, 142, 197, 240, 241, 242, 243, 244, 245, 196, 90, 91, 78, 260, 261, 262, 263, 268]
  列生成求解结果: 目标值=7.0000， 下界=5.7391， 上界=12.0000
    非整数变量: COL_15-18-2-20-4-7-9_363 = 0.458333
  解不是整数，开始分支...
ImposedVertex(vertex=7)
ForbidVertex(vertex=7)
  创建了 2 个分支
    添加分支节点 1: ID=270
    添加分支节点 2: ID=271

处理节点 269
  开始列生成求解...
Set parameter LogToConsole to value 0
Set parameter Threads to value 1
Set parameter Seed to value 0
  定价策略: Exact, node=269, vertices=17
Set parameter PoolSearchMode to value 2
Set parameter PoolSolutions to value 10
[CG 1] RMP=12.000000, pricing=ExactPricingSolver, new_columns=10
[CG 2] RMP=11.000000, pricing=ExactPricingSolver, new_columns=0
  搜索路径: [1, 2, 4, 5, 3, 8, 11, 14, 15, 16, 17, 19, 23, 24, 25, 27, 26, 30, 36, 37, 21, 22, 18, 33, 20, 31, 32, 53, 52, 54, 55, 57, 56, 10, 66, 67, 70, 71, 74, 75, 9, 80, 81, 84, 86, 87, 85, 92, 93, 43, 42, 12, 102, 103, 13, 108, 109, 49, 48, 114, 115, 116, 122, 123, 117, 118, 119, 62, 63, 106, 107, 99, 61, 60, 41, 98, 40, 138, 147, 148, 149, 139, 146, 162, 163, 166, 167, 168, 169, 170, 171, 143, 140, 112, 113, 184, 185, 150, 182, 183, 156, 157, 194, 195, 151, 202, 203, 204, 205, 208, 209, 214, 215, 136, 206, 207, 220, 221, 222, 223, 141, 137, 142, 197, 240, 241, 242, 243, 244, 245, 196, 90, 91, 78, 260, 261, 262, 263, 268, 269]
  列生成求解结果: 目标值=11.0000， 下界=5.7391， 上界=12.0000
    非整数变量: COL_13-2-20-25-27_1000 = 0.375000
  解不是整数，开始分支...
ImposedVertex(vertex=27)
ForbidVertex(vertex=27)
  创建了 2 个分支
    添加分支节点 1: ID=272
    添加分支节点 2: ID=273
  进度: 已处理 140 个节点, 剩余 133 个, 当前最优 12.0000, 当前列数: 1118

处理节点 258
  开始列生成求解...
Set parameter LogToConsole to value 0
Set parameter Threads to value 1
Set parameter Seed to value 0
  定价策略: Exact, node=258, vertices=17
Set parameter PoolSearchMode to value 2
Set parameter PoolSolutions to value 10
[CG 1] RMP=5.952756, pricing=ExactPricingSolver, new_columns=10
[CG 2] RMP=5.739130, pricing=ExactPricingSolver, new_columns=0
  搜索路径: [1, 2, 4, 5, 3, 8, 11, 14, 15, 16, 17, 19, 23, 24, 25, 27, 26, 30, 36, 37, 21, 22, 18, 33, 20, 31, 32, 53, 52, 54, 55, 57, 56, 10, 66, 67, 70, 71, 74, 75, 9, 80, 81, 84, 86, 87, 85, 92, 93, 43, 42, 12, 102, 103, 13, 108, 109, 49, 48, 114, 115, 116, 122, 123, 117, 118, 119, 62, 63, 106, 107, 99, 61, 60, 41, 98, 40, 138, 147, 148, 149, 139, 146, 162, 163, 166, 167, 168, 169, 170, 171, 143, 140, 112, 113, 184, 185, 150, 182, 183, 156, 157, 194, 195, 151, 202, 203, 204, 205, 208, 209, 214, 215, 136, 206, 207, 220, 221, 222, 223, 141, 137, 142, 197, 240, 241, 242, 243, 244, 245, 196, 90, 91, 78, 260, 261, 262, 263, 268, 269, 258]
  列生成求解结果: 目标值=5.7391， 下界=5.7391， 上界=12.0000
    非整数变量: COL_0-21-4_60 = 0.275362
  解不是整数，开始分支...
ImposedVertex(vertex=21)
ForbidVertex(vertex=21)
  创建了 2 个分支
    添加分支节点 1: ID=274
    添加分支节点 2: ID=275

处理节点 274
  开始列生成求解...
Set parameter LogToConsole to value 0
Set parameter Threads to value 1
Set parameter Seed to value 0
  定价策略: Exact, node=274, vertices=16
Set parameter PoolSearchMode to value 2
Set parameter PoolSolutions to value 10
[CG 1] RMP=11.000000, pricing=ExactPricingSolver, new_columns=10
[CG 2] RMP=9.000000, pricing=ExactPricingSolver, new_columns=0
  搜索路径: [1, 2, 4, 5, 3, 8, 11, 14, 15, 16, 17, 19, 23, 24, 25, 27, 26, 30, 36, 37, 21, 22, 18, 33, 20, 31, 32, 53, 52, 54, 55, 57, 56, 10, 66, 67, 70, 71, 74, 75, 9, 80, 81, 84, 86, 87, 85, 92, 93, 43, 42, 12, 102, 103, 13, 108, 109, 49, 48, 114, 115, 116, 122, 123, 117, 118, 119, 62, 63, 106, 107, 99, 61, 60, 41, 98, 40, 138, 147, 148, 149, 139, 146, 162, 163, 166, 167, 168, 169, 170, 171, 143, 140, 112, 113, 184, 185, 150, 182, 183, 156, 157, 194, 195, 151, 202, 203, 204, 205, 208, 209, 214, 215, 136, 206, 207, 220, 221, 222, 223, 141, 137, 142, 197, 240, 241, 242, 243, 244, 245, 196, 90, 91, 78, 260, 261, 262, 263, 268, 269, 258, 274]
  列生成求解结果: 目标值=9.0000， 下界=5.7391， 上界=12.0000
    非整数变量: COL_13-21-23-27-9_69 = 0.250000
  解不是整数，开始分支...
ImposedVertex(vertex=9)
ForbidVertex(vertex=9)
  创建了 2 个分支
    添加分支节点 1: ID=276
    添加分支节点 2: ID=277

处理节点 275
  开始列生成求解...
Set parameter LogToConsole to value 0
Set parameter Threads to value 1
Set parameter Seed to value 0
  定价策略: Exact, node=275, vertices=16
Set parameter PoolSearchMode to value 2
Set parameter PoolSolutions to value 10
[CG 1] RMP=8.000000, pricing=ExactPricingSolver, new_columns=0
  搜索路径: [1, 2, 4, 5, 3, 8, 11, 14, 15, 16, 17, 19, 23, 24, 25, 27, 26, 30, 36, 37, 21, 22, 18, 33, 20, 31, 32, 53, 52, 54, 55, 57, 56, 10, 66, 67, 70, 71, 74, 75, 9, 80, 81, 84, 86, 87, 85, 92, 93, 43, 42, 12, 102, 103, 13, 108, 109, 49, 48, 114, 115, 116, 122, 123, 117, 118, 119, 62, 63, 106, 107, 99, 61, 60, 41, 98, 40, 138, 147, 148, 149, 139, 146, 162, 163, 166, 167, 168, 169, 170, 171, 143, 140, 112, 113, 184, 185, 150, 182, 183, 156, 157, 194, 195, 151, 202, 203, 204, 205, 208, 209, 214, 215, 136, 206, 207, 220, 221, 222, 223, 141, 137, 142, 197, 240, 241, 242, 243, 244, 245, 196, 90, 91, 78, 260, 261, 262, 263, 268, 269, 258, 274, 275]
  列生成求解结果: 目标值=8.0000， 下界=5.7391， 上界=12.0000
    非整数变量: COL_15-23-27-4-7_420 = 0.333333
  解不是整数，开始分支...
ImposedVertex(vertex=15)
ForbidVertex(vertex=15)
  创建了 2 个分支
    添加分支节点 1: ID=278
    添加分支节点 2: ID=279

处理节点 259
  开始列生成求解...
Set parameter LogToConsole to value 0
Set parameter Threads to value 1
Set parameter Seed to value 0
  定价策略: Exact, node=259, vertices=18
Set parameter PoolSearchMode to value 2
Set parameter PoolSolutions to value 10
[CG 1] RMP=5.739130, pricing=ExactPricingSolver, new_columns=0
  搜索路径: [1, 2, 4, 5, 3, 8, 11, 14, 15, 16, 17, 19, 23, 24, 25, 27, 26, 30, 36, 37, 21, 22, 18, 33, 20, 31, 32, 53, 52, 54, 55, 57, 56, 10, 66, 67, 70, 71, 74, 75, 9, 80, 81, 84, 86, 87, 85, 92, 93, 43, 42, 12, 102, 103, 13, 108, 109, 49, 48, 114, 115, 116, 122, 123, 117, 118, 119, 62, 63, 106, 107, 99, 61, 60, 41, 98, 40, 138, 147, 148, 149, 139, 146, 162, 163, 166, 167, 168, 169, 170, 171, 143, 140, 112, 113, 184, 185, 150, 182, 183, 156, 157, 194, 195, 151, 202, 203, 204, 205, 208, 209, 214, 215, 136, 206, 207, 220, 221, 222, 223, 141, 137, 142, 197, 240, 241, 242, 243, 244, 245, 196, 90, 91, 78, 260, 261, 262, 263, 268, 269, 258, 274, 275, 259]
  列生成求解结果: 目标值=5.7391， 下界=5.7391， 上界=12.0000
    非整数变量: COL_18-24-9_33 = 0.115942
  解不是整数，开始分支...
ImposedVertex(vertex=9)
ForbidVertex(vertex=9)
  创建了 2 个分支
    添加分支节点 1: ID=280
    添加分支节点 2: ID=281

处理节点 97
  开始列生成求解...
Set parameter LogToConsole to value 0
Set parameter Threads to value 1
Set parameter Seed to value 0
  定价策略: Exact, node=97, vertices=21
Set parameter PoolSearchMode to value 2
Set parameter PoolSolutions to value 10
[CG 1] RMP=5.739130, pricing=ExactPricingSolver, new_columns=0
  搜索路径: [1, 2, 4, 5, 3, 8, 11, 14, 15, 16, 17, 19, 23, 24, 25, 27, 26, 30, 36, 37, 21, 22, 18, 33, 20, 31, 32, 53, 52, 54, 55, 57, 56, 10, 66, 67, 70, 71, 74, 75, 9, 80, 81, 84, 86, 87, 85, 92, 93, 43, 42, 12, 102, 103, 13, 108, 109, 49, 48, 114, 115, 116, 122, 123, 117, 118, 119, 62, 63, 106, 107, 99, 61, 60, 41, 98, 40, 138, 147, 148, 149, 139, 146, 162, 163, 166, 167, 168, 169, 170, 171, 143, 140, 112, 113, 184, 185, 150, 182, 183, 156, 157, 194, 195, 151, 202, 203, 204, 205, 208, 209, 214, 215, 136, 206, 207, 220, 221, 222, 223, 141, 137, 142, 197, 240, 241, 242, 243, 244, 245, 196, 90, 91, 78, 260, 261, 262, 263, 268, 269, 258, 274, 275, 259, 97]
  列生成求解结果: 目标值=5.7391， 下界=5.7391， 上界=12.0000
    非整数变量: COL_18-24-9_33 = 0.426087
  解不是整数，开始分支...
ImposedVertex(vertex=9)
ForbidVertex(vertex=9)
  创建了 2 个分支
    添加分支节点 1: ID=282
    添加分支节点 2: ID=283

处理节点 96
  开始列生成求解...
Set parameter LogToConsole to value 0
Set parameter Threads to value 1
Set parameter Seed to value 0
  定价策略: Exact, node=96, vertices=20
Set parameter PoolSearchMode to value 2
Set parameter PoolSolutions to value 10
[CG 1] RMP=6.000000, pricing=ExactPricingSolver, new_columns=10
[CG 2] RMP=5.739130, pricing=ExactPricingSolver, new_columns=0
  搜索路径: [1, 2, 4, 5, 3, 8, 11, 14, 15, 16, 17, 19, 23, 24, 25, 27, 26, 30, 36, 37, 21, 22, 18, 33, 20, 31, 32, 53, 52, 54, 55, 57, 56, 10, 66, 67, 70, 71, 74, 75, 9, 80, 81, 84, 86, 87, 85, 92, 93, 43, 42, 12, 102, 103, 13, 108, 109, 49, 48, 114, 115, 116, 122, 123, 117, 118, 119, 62, 63, 106, 107, 99, 61, 60, 41, 98, 40, 138, 147, 148, 149, 139, 146, 162, 163, 166, 167, 168, 169, 170, 171, 143, 140, 112, 113, 184, 185, 150, 182, 183, 156, 157, 194, 195, 151, 202, 203, 204, 205, 208, 209, 214, 215, 136, 206, 207, 220, 221, 222, 223, 141, 137, 142, 197, 240, 241, 242, 243, 244, 245, 196, 90, 91, 78, 260, 261, 262, 263, 268, 269, 258, 274, 275, 259, 97, 96]
  列生成求解结果: 目标值=5.7391， 下界=5.7391， 上界=12.0000
    非整数变量: COL_18-23-9_35 = 0.245572
  解不是整数，开始分支...
ImposedVertex(vertex=9)
ForbidVertex(vertex=9)
  创建了 2 个分支
    添加分支节点 1: ID=284
    添加分支节点 2: ID=285

处理节点 79
  开始列生成求解...
Set parameter LogToConsole to value 0
Set parameter Threads to value 1
Set parameter Seed to value 0
  定价策略: Exact, node=79, vertices=22
Set parameter PoolSearchMode to value 2
Set parameter PoolSolutions to value 10
[CG 1] RMP=5.739130, pricing=ExactPricingSolver, new_columns=0
  搜索路径: [1, 2, 4, 5, 3, 8, 11, 14, 15, 16, 17, 19, 23, 24, 25, 27, 26, 30, 36, 37, 21, 22, 18, 33, 20, 31, 32, 53, 52, 54, 55, 57, 56, 10, 66, 67, 70, 71, 74, 75, 9, 80, 81, 84, 86, 87, 85, 92, 93, 43, 42, 12, 102, 103, 13, 108, 109, 49, 48, 114, 115, 116, 122, 123, 117, 118, 119, 62, 63, 106, 107, 99, 61, 60, 41, 98, 40, 138, 147, 148, 149, 139, 146, 162, 163, 166, 167, 168, 169, 170, 171, 143, 140, 112, 113, 184, 185, 150, 182, 183, 156, 157, 194, 195, 151, 202, 203, 204, 205, 208, 209, 214, 215, 136, 206, 207, 220, 221, 222, 223, 141, 137, 142, 197, 240, 241, 242, 243, 244, 245, 196, 90, 91, 78, 260, 261, 262, 263, 268, 269, 258, 274, 275, 259, 97, 96, 79]
  列生成求解结果: 目标值=5.7391， 下界=5.7391， 上界=12.0000
    非整数变量: COL_13-16-19_4 = 0.500000
  解不是整数，开始分支...
ImposedVertex(vertex=1)
ForbidVertex(vertex=1)
  创建了 2 个分支
    添加分支节点 1: ID=286
    添加分支节点 2: ID=287

处理节点 266
  开始列生成求解...
Set parameter LogToConsole to value 0
Set parameter Threads to value 1
Set parameter Seed to value 0
  定价策略: Exact, node=266, vertices=16
Set parameter PoolSearchMode to value 2
Set parameter PoolSolutions to value 10
[CG 1] RMP=2010.000000, pricing=ExactPricingSolver, new_columns=10
[CG 2] RMP=11.000000, pricing=ExactPricingSolver, new_columns=0
  搜索路径: [1, 2, 4, 5, 3, 8, 11, 14, 15, 16, 17, 19, 23, 24, 25, 27, 26, 30, 36, 37, 21, 22, 18, 33, 20, 31, 32, 53, 52, 54, 55, 57, 56, 10, 66, 67, 70, 71, 74, 75, 9, 80, 81, 84, 86, 87, 85, 92, 93, 43, 42, 12, 102, 103, 13, 108, 109, 49, 48, 114, 115, 116, 122, 123, 117, 118, 119, 62, 63, 106, 107, 99, 61, 60, 41, 98, 40, 138, 147, 148, 149, 139, 146, 162, 163, 166, 167, 168, 169, 170, 171, 143, 140, 112, 113, 184, 185, 150, 182, 183, 156, 157, 194, 195, 151, 202, 203, 204, 205, 208, 209, 214, 215, 136, 206, 207, 220, 221, 222, 223, 141, 137, 142, 197, 240, 241, 242, 243, 244, 245, 196, 90, 91, 78, 260, 261, 262, 263, 268, 269, 258, 274, 275, 259, 97, 96, 79, 266]
  列生成求解结果: 目标值=11.0000， 下界=5.7391， 上界=12.0000
  找到整数解，更新最优解
  更新最优解后剪枝了 34 个节点

处理节点 285
  开始列生成求解...
Set parameter LogToConsole to value 0
Set parameter Threads to value 1
Set parameter Seed to value 0
  定价策略: Exact, node=285, vertices=19
Set parameter PoolSearchMode to value 2
Set parameter PoolSolutions to value 10
[CG 1] RMP=12.000000, pricing=ExactPricingSolver, new_columns=10
[CG 2] RMP=11.000000, pricing=ExactPricingSolver, new_columns=0
  搜索路径: [1, 2, 4, 5, 3, 8, 11, 14, 15, 16, 17, 19, 23, 24, 25, 27, 26, 30, 36, 37, 21, 22, 18, 33, 20, 31, 32, 53, 52, 54, 55, 57, 56, 10, 66, 67, 70, 71, 74, 75, 9, 80, 81, 84, 86, 87, 85, 92, 93, 43, 42, 12, 102, 103, 13, 108, 109, 49, 48, 114, 115, 116, 122, 123, 117, 118, 119, 62, 63, 106, 107, 99, 61, 60, 41, 98, 40, 138, 147, 148, 149, 139, 146, 162, 163, 166, 167, 168, 169, 170, 171, 143, 140, 112, 113, 184, 185, 150, 182, 183, 156, 157, 194, 195, 151, 202, 203, 204, 205, 208, 209, 214, 215, 136, 206, 207, 220, 221, 222, 223, 141, 137, 142, 197, 240, 241, 242, 243, 244, 245, 196, 90, 91, 78, 260, 261, 262, 263, 268, 269, 258, 274, 275, 259, 97, 96, 79, 266, 285]
  列生成求解结果: 目标值=11.0000， 下界=5.7391， 上界=11.0000

处理节点 282
  开始列生成求解...
Set parameter LogToConsole to value 0
Set parameter Threads to value 1
Set parameter Seed to value 0
  定价策略: Exact, node=282, vertices=20
Set parameter PoolSearchMode to value 2
Set parameter PoolSolutions to value 10
[CG 1] RMP=1010.000000, pricing=ExactPricingSolver, new_columns=10
[CG 2] RMP=7.000000, pricing=ExactPricingSolver, new_columns=10
[CG 3] RMP=5.739130, pricing=ExactPricingSolver, new_columns=0
  搜索路径: [1, 2, 4, 5, 3, 8, 11, 14, 15, 16, 17, 19, 23, 24, 25, 27, 26, 30, 36, 37, 21, 22, 18, 33, 20, 31, 32, 53, 52, 54, 55, 57, 56, 10, 66, 67, 70, 71, 74, 75, 9, 80, 81, 84, 86, 87, 85, 92, 93, 43, 42, 12, 102, 103, 13, 108, 109, 49, 48, 114, 115, 116, 122, 123, 117, 118, 119, 62, 63, 106, 107, 99, 61, 60, 41, 98, 40, 138, 147, 148, 149, 139, 146, 162, 163, 166, 167, 168, 169, 170, 171, 143, 140, 112, 113, 184, 185, 150, 182, 183, 156, 157, 194, 195, 151, 202, 203, 204, 205, 208, 209, 214, 215, 136, 206, 207, 220, 221, 222, 223, 141, 137, 142, 197, 240, 241, 242, 243, 244, 245, 196, 90, 91, 78, 260, 261, 262, 263, 268, 269, 258, 274, 275, 259, 97, 96, 79, 266, 285, 282]
  列生成求解结果: 目标值=5.7391， 下界=5.7391， 上界=11.0000
    非整数变量: COL_23_5 = 0.369565
  解不是整数，开始分支...
ImposedVertex(vertex=23)
ForbidVertex(vertex=23)
  创建了 2 个分支
    添加分支节点 1: ID=288
    添加分支节点 2: ID=289
  进度: 已处理 150 个节点, 剩余 105 个, 当前最优 11.0000, 当前列数: 1188

处理节点 280
  开始列生成求解...
Set parameter LogToConsole to value 0
Set parameter Threads to value 1
Set parameter Seed to value 0
  定价策略: Exact, node=280, vertices=17
Set parameter PoolSearchMode to value 2
Set parameter PoolSolutions to value 10
[CG 1] RMP=8.000000, pricing=ExactPricingSolver, new_columns=10
[CG 2] RMP=7.000000, pricing=ExactPricingSolver, new_columns=10
[CG 3] RMP=7.000000, pricing=ExactPricingSolver, new_columns=0
  搜索路径: [1, 2, 4, 5, 3, 8, 11, 14, 15, 16, 17, 19, 23, 24, 25, 27, 26, 30, 36, 37, 21, 22, 18, 33, 20, 31, 32, 53, 52, 54, 55, 57, 56, 10, 66, 67, 70, 71, 74, 75, 9, 80, 81, 84, 86, 87, 85, 92, 93, 43, 42, 12, 102, 103, 13, 108, 109, 49, 48, 114, 115, 116, 122, 123, 117, 118, 119, 62, 63, 106, 107, 99, 61, 60, 41, 98, 40, 138, 147, 148, 149, 139, 146, 162, 163, 166, 167, 168, 169, 170, 171, 143, 140, 112, 113, 184, 185, 150, 182, 183, 156, 157, 194, 195, 151, 202, 203, 204, 205, 208, 209, 214, 215, 136, 206, 207, 220, 221, 222, 223, 141, 137, 142, 197, 240, 241, 242, 243, 244, 245, 196, 90, 91, 78, 260, 261, 262, 263, 268, 269, 258, 274, 275, 259, 97, 96, 79, 266, 285, 282, 280]
  列生成求解结果: 目标值=7.0000， 下界=5.7391， 上界=11.0000
    非整数变量: COL_13-21-23-27-9_69 = 0.125000
  解不是整数，开始分支...
ImposedVertex(vertex=21)
ForbidVertex(vertex=21)
  创建了 2 个分支
    添加分支节点 1: ID=290
    添加分支节点 2: ID=291

处理节点 284
  开始列生成求解...
Set parameter LogToConsole to value 0
Set parameter Threads to value 1
Set parameter Seed to value 0
  定价策略: Exact, node=284, vertices=19
Set parameter PoolSearchMode to value 2
Set parameter PoolSolutions to value 10
[CG 1] RMP=7.000000, pricing=ExactPricingSolver, new_columns=10
[CG 2] RMP=5.739130, pricing=ExactPricingSolver, new_columns=0
  搜索路径: [1, 2, 4, 5, 3, 8, 11, 14, 15, 16, 17, 19, 23, 24, 25, 27, 26, 30, 36, 37, 21, 22, 18, 33, 20, 31, 32, 53, 52, 54, 55, 57, 56, 10, 66, 67, 70, 71, 74, 75, 9, 80, 81, 84, 86, 87, 85, 92, 93, 43, 42, 12, 102, 103, 13, 108, 109, 49, 48, 114, 115, 116, 122, 123, 117, 118, 119, 62, 63, 106, 107, 99, 61, 60, 41, 98, 40, 138, 147, 148, 149, 139, 146, 162, 163, 166, 167, 168, 169, 170, 171, 143, 140, 112, 113, 184, 185, 150, 182, 183, 156, 157, 194, 195, 151, 202, 203, 204, 205, 208, 209, 214, 215, 136, 206, 207, 220, 221, 222, 223, 141, 137, 142, 197, 240, 241, 242, 243, 244, 245, 196, 90, 91, 78, 260, 261, 262, 263, 268, 269, 258, 274, 275, 259, 97, 96, 79, 266, 285, 282, 280, 284]
  列生成求解结果: 目标值=5.7391， 下界=5.7391， 上界=11.0000
    非整数变量: COL_18-24-9_33 = 0.039855
  解不是整数，开始分支...
ImposedVertex(vertex=18)
ForbidVertex(vertex=18)
  创建了 2 个分支
    添加分支节点 1: ID=292
    添加分支节点 2: ID=293

处理节点 288
  开始列生成求解...
Set parameter LogToConsole to value 0
Set parameter Threads to value 1
Set parameter Seed to value 0
  定价策略: Exact, node=288, vertices=19
Set parameter PoolSearchMode to value 2
Set parameter PoolSolutions to value 10
[CG 1] RMP=6.201342, pricing=ExactPricingSolver, new_columns=10
[CG 2] RMP=6.000000, pricing=ExactPricingSolver, new_columns=0
  搜索路径: [1, 2, 4, 5, 3, 8, 11, 14, 15, 16, 17, 19, 23, 24, 25, 27, 26, 30, 36, 37, 21, 22, 18, 33, 20, 31, 32, 53, 52, 54, 55, 57, 56, 10, 66, 67, 70, 71, 74, 75, 9, 80, 81, 84, 86, 87, 85, 92, 93, 43, 42, 12, 102, 103, 13, 108, 109, 49, 48, 114, 115, 116, 122, 123, 117, 118, 119, 62, 63, 106, 107, 99, 61, 60, 41, 98, 40, 138, 147, 148, 149, 139, 146, 162, 163, 166, 167, 168, 169, 170, 171, 143, 140, 112, 113, 184, 185, 150, 182, 183, 156, 157, 194, 195, 151, 202, 203, 204, 205, 208, 209, 214, 215, 136, 206, 207, 220, 221, 222, 223, 141, 137, 142, 197, 240, 241, 242, 243, 244, 245, 196, 90, 91, 78, 260, 261, 262, 263, 268, 269, 258, 274, 275, 259, 97, 96, 79, 266, 285, 282, 280, 284, 288]
  列生成求解结果: 目标值=6.0000， 下界=5.7391， 上界=11.0000
    非整数变量: COL_0-21_58 = 0.066667
  解不是整数，开始分支...
ImposedVertex(vertex=21)
ForbidVertex(vertex=21)
  创建了 2 个分支
    添加分支节点 1: ID=294
    添加分支节点 2: ID=295

处理节点 289
  开始列生成求解...
Set parameter LogToConsole to value 0
Set parameter Threads to value 1
Set parameter Seed to value 0
  定价策略: Exact, node=289, vertices=19
Set parameter PoolSearchMode to value 2
Set parameter PoolSolutions to value 10
[CG 1] RMP=9.000000, pricing=ExactPricingSolver, new_columns=0
  搜索路径: [1, 2, 4, 5, 3, 8, 11, 14, 15, 16, 17, 19, 23, 24, 25, 27, 26, 30, 36, 37, 21, 22, 18, 33, 20, 31, 32, 53, 52, 54, 55, 57, 56, 10, 66, 67, 70, 71, 74, 75, 9, 80, 81, 84, 86, 87, 85, 92, 93, 43, 42, 12, 102, 103, 13, 108, 109, 49, 48, 114, 115, 116, 122, 123, 117, 118, 119, 62, 63, 106, 107, 99, 61, 60, 41, 98, 40, 138, 147, 148, 149, 139, 146, 162, 163, 166, 167, 168, 169, 170, 171, 143, 140, 112, 113, 184, 185, 150, 182, 183, 156, 157, 194, 195, 151, 202, 203, 204, 205, 208, 209, 214, 215, 136, 206, 207, 220, 221, 222, 223, 141, 137, 142, 197, 240, 241, 242, 243, 244, 245, 196, 90, 91, 78, 260, 261, 262, 263, 268, 269, 258, 274, 275, 259, 97, 96, 79, 266, 285, 282, 280, 284, 288, 289]
  列生成求解结果: 目标值=9.0000， 下界=5.7391， 上界=11.0000
    非整数变量: COL_15-24-27-7_9 = 0.666667
  解不是整数，开始分支...
ImposedVertex(vertex=7)
ForbidVertex(vertex=7)
  创建了 2 个分支
    添加分支节点 1: ID=296
    添加分支节点 2: ID=297

处理节点 292
  开始列生成求解...
Set parameter LogToConsole to value 0
Set parameter Threads to value 1
Set parameter Seed to value 0
  定价策略: Exact, node=292, vertices=18
Set parameter PoolSearchMode to value 2
Set parameter PoolSolutions to value 10
[CG 1] RMP=7.000000, pricing=ExactPricingSolver, new_columns=0
  搜索路径: [1, 2, 4, 5, 3, 8, 11, 14, 15, 16, 17, 19, 23, 24, 25, 27, 26, 30, 36, 37, 21, 22, 18, 33, 20, 31, 32, 53, 52, 54, 55, 57, 56, 10, 66, 67, 70, 71, 74, 75, 9, 80, 81, 84, 86, 87, 85, 92, 93, 43, 42, 12, 102, 103, 13, 108, 109, 49, 48, 114, 115, 116, 122, 123, 117, 118, 119, 62, 63, 106, 107, 99, 61, 60, 41, 98, 40, 138, 147, 148, 149, 139, 146, 162, 163, 166, 167, 168, 169, 170, 171, 143, 140, 112, 113, 184, 185, 150, 182, 183, 156, 157, 194, 195, 151, 202, 203, 204, 205, 208, 209, 214, 215, 136, 206, 207, 220, 221, 222, 223, 141, 137, 142, 197, 240, 241, 242, 243, 244, 245, 196, 90, 91, 78, 260, 261, 262, 263, 268, 269, 258, 274, 275, 259, 97, 96, 79, 266, 285, 282, 280, 284, 288, 289, 292]
  列生成求解结果: 目标值=7.0000， 下界=5.7391， 上界=11.0000
    非整数变量: COL_0-21_58 = 0.611111
  解不是整数，开始分支...
ImposedVertex(vertex=21)
ForbidVertex(vertex=21)
  创建了 2 个分支
    添加分支节点 1: ID=298
    添加分支节点 2: ID=299

处理节点 293
  开始列生成求解...
Set parameter LogToConsole to value 0
Set parameter Threads to value 1
Set parameter Seed to value 0
  定价策略: Exact, node=293, vertices=18
Set parameter PoolSearchMode to value 2
Set parameter PoolSolutions to value 10
[CG 1] RMP=2010.000000, pricing=ExactPricingSolver, new_columns=10
[CG 2] RMP=8.000000, pricing=ExactPricingSolver, new_columns=10
[CG 3] RMP=5.739130, pricing=ExactPricingSolver, new_columns=0
  搜索路径: [1, 2, 4, 5, 3, 8, 11, 14, 15, 16, 17, 19, 23, 24, 25, 27, 26, 30, 36, 37, 21, 22, 18, 33, 20, 31, 32, 53, 52, 54, 55, 57, 56, 10, 66, 67, 70, 71, 74, 75, 9, 80, 81, 84, 86, 87, 85, 92, 93, 43, 42, 12, 102, 103, 13, 108, 109, 49, 48, 114, 115, 116, 122, 123, 117, 118, 119, 62, 63, 106, 107, 99, 61, 60, 41, 98, 40, 138, 147, 148, 149, 139, 146, 162, 163, 166, 167, 168, 169, 170, 171, 143, 140, 112, 113, 184, 185, 150, 182, 183, 156, 157, 194, 195, 151, 202, 203, 204, 205, 208, 209, 214, 215, 136, 206, 207, 220, 221, 222, 223, 141, 137, 142, 197, 240, 241, 242, 243, 244, 245, 196, 90, 91, 78, 260, 261, 262, 263, 268, 269, 258, 274, 275, 259, 97, 96, 79, 266, 285, 282, 280, 284, 288, 289, 292, 293]
  列生成求解结果: 目标值=5.7391， 下界=5.7391， 上界=11.0000
    非整数变量: COL_0-11-15-20-7-9_413 = 0.091787
  解不是整数，开始分支...
ImposedVertex(vertex=15)
ForbidVertex(vertex=15)
  创建了 2 个分支
    添加分支节点 1: ID=300
    添加分支节点 2: ID=301

处理节点 287
  开始列生成求解...
Set parameter LogToConsole to value 0
Set parameter Threads to value 1
Set parameter Seed to value 0
  定价策略: Exact, node=287, vertices=21
Set parameter PoolSearchMode to value 2
Set parameter PoolSolutions to value 10
[CG 1] RMP=5.739130, pricing=ExactPricingSolver, new_columns=0
  搜索路径: [1, 2, 4, 5, 3, 8, 11, 14, 15, 16, 17, 19, 23, 24, 25, 27, 26, 30, 36, 37, 21, 22, 18, 33, 20, 31, 32, 53, 52, 54, 55, 57, 56, 10, 66, 67, 70, 71, 74, 75, 9, 80, 81, 84, 86, 87, 85, 92, 93, 43, 42, 12, 102, 103, 13, 108, 109, 49, 48, 114, 115, 116, 122, 123, 117, 118, 119, 62, 63, 106, 107, 99, 61, 60, 41, 98, 40, 138, 147, 148, 149, 139, 146, 162, 163, 166, 167, 168, 169, 170, 171, 143, 140, 112, 113, 184, 185, 150, 182, 183, 156, 157, 194, 195, 151, 202, 203, 204, 205, 208, 209, 214, 215, 136, 206, 207, 220, 221, 222, 223, 141, 137, 142, 197, 240, 241, 242, 243, 244, 245, 196, 90, 91, 78, 260, 261, 262, 263, 268, 269, 258, 274, 275, 259, 97, 96, 79, 266, 285, 282, 280, 284, 288, 289, 292, 293, 287]
  列生成求解结果: 目标值=5.7391， 下界=5.7391， 上界=11.0000
    非整数变量: COL_13-16-19_4 = 0.478261
  解不是整数，开始分支...
ImposedVertex(vertex=16)
ForbidVertex(vertex=16)
  创建了 2 个分支
    添加分支节点 1: ID=302
    添加分支节点 2: ID=303

处理节点 281
  开始列生成求解...
Set parameter LogToConsole to value 0
Set parameter Threads to value 1
Set parameter Seed to value 0
  定价策略: Exact, node=281, vertices=17
Set parameter PoolSearchMode to value 2
Set parameter PoolSolutions to value 10
[CG 1] RMP=11.000000, pricing=ExactPricingSolver, new_columns=0
  搜索路径: [1, 2, 4, 5, 3, 8, 11, 14, 15, 16, 17, 19, 23, 24, 25, 27, 26, 30, 36, 37, 21, 22, 18, 33, 20, 31, 32, 53, 52, 54, 55, 57, 56, 10, 66, 67, 70, 71, 74, 75, 9, 80, 81, 84, 86, 87, 85, 92, 93, 43, 42, 12, 102, 103, 13, 108, 109, 49, 48, 114, 115, 116, 122, 123, 117, 118, 119, 62, 63, 106, 107, 99, 61, 60, 41, 98, 40, 138, 147, 148, 149, 139, 146, 162, 163, 166, 167, 168, 169, 170, 171, 143, 140, 112, 113, 184, 185, 150, 182, 183, 156, 157, 194, 195, 151, 202, 203, 204, 205, 208, 209, 214, 215, 136, 206, 207, 220, 221, 222, 223, 141, 137, 142, 197, 240, 241, 242, 243, 244, 245, 196, 90, 91, 78, 260, 261, 262, 263, 268, 269, 258, 274, 275, 259, 97, 96, 79, 266, 285, 282, 280, 284, 288, 289, 292, 293, 287, 281]
  列生成求解结果: 目标值=11.0000， 下界=5.7391， 上界=11.0000

处理节点 302
  开始列生成求解...
Set parameter LogToConsole to value 0
Set parameter Threads to value 1
Set parameter Seed to value 0
  定价策略: Exact, node=302, vertices=19
Set parameter PoolSearchMode to value 2
Set parameter PoolSolutions to value 10
[CG 1] RMP=2010.000000, pricing=ExactPricingSolver, new_columns=10
[CG 2] RMP=6.000000, pricing=ExactPricingSolver, new_columns=10
[CG 3] RMP=5.739130, pricing=ExactPricingSolver, new_columns=0
  搜索路径: [1, 2, 4, 5, 3, 8, 11, 14, 15, 16, 17, 19, 23, 24, 25, 27, 26, 30, 36, 37, 21, 22, 18, 33, 20, 31, 32, 53, 52, 54, 55, 57, 56, 10, 66, 67, 70, 71, 74, 75, 9, 80, 81, 84, 86, 87, 85, 92, 93, 43, 42, 12, 102, 103, 13, 108, 109, 49, 48, 114, 115, 116, 122, 123, 117, 118, 119, 62, 63, 106, 107, 99, 61, 60, 41, 98, 40, 138, 147, 148, 149, 139, 146, 162, 163, 166, 167, 168, 169, 170, 171, 143, 140, 112, 113, 184, 185, 150, 182, 183, 156, 157, 194, 195, 151, 202, 203, 204, 205, 208, 209, 214, 215, 136, 206, 207, 220, 221, 222, 223, 141, 137, 142, 197, 240, 241, 242, 243, 244, 245, 196, 90, 91, 78, 260, 261, 262, 263, 268, 269, 258, 274, 275, 259, 97, 96, 79, 266, 285, 282, 280, 284, 288, 289, 292, 293, 287, 281, 302]
  列生成求解结果: 目标值=5.7391， 下界=5.7391， 上界=11.0000
    非整数变量: COL_13-16-19_4 = 0.478261
  解不是整数，开始分支...
ImposedVertex(vertex=19)
ForbidVertex(vertex=19)
  创建了 2 个分支
    添加分支节点 1: ID=304
    添加分支节点 2: ID=305

处理节点 303
  开始列生成求解...
Set parameter LogToConsole to value 0
Set parameter Threads to value 1
Set parameter Seed to value 0
  定价策略: Exact, node=303, vertices=20
Set parameter PoolSearchMode to value 2
Set parameter PoolSolutions to value 10
[CG 1] RMP=7.000000, pricing=ExactPricingSolver, new_columns=10
[CG 2] RMP=6.000000, pricing=ExactPricingSolver, new_columns=10
[CG 3] RMP=5.739130, pricing=ExactPricingSolver, new_columns=0
  搜索路径: [1, 2, 4, 5, 3, 8, 11, 14, 15, 16, 17, 19, 23, 24, 25, 27, 26, 30, 36, 37, 21, 22, 18, 33, 20, 31, 32, 53, 52, 54, 55, 57, 56, 10, 66, 67, 70, 71, 74, 75, 9, 80, 81, 84, 86, 87, 85, 92, 93, 43, 42, 12, 102, 103, 13, 108, 109, 49, 48, 114, 115, 116, 122, 123, 117, 118, 119, 62, 63, 106, 107, 99, 61, 60, 41, 98, 40, 138, 147, 148, 149, 139, 146, 162, 163, 166, 167, 168, 169, 170, 171, 143, 140, 112, 113, 184, 185, 150, 182, 183, 156, 157, 194, 195, 151, 202, 203, 204, 205, 208, 209, 214, 215, 136, 206, 207, 220, 221, 222, 223, 141, 137, 142, 197, 240, 241, 242, 243, 244, 245, 196, 90, 91, 78, 260, 261, 262, 263, 268, 269, 258, 274, 275, 259, 97, 96, 79, 266, 285, 282, 280, 284, 288, 289, 292, 293, 287, 281, 302, 303]
  列生成求解结果: 目标值=5.7391， 下界=5.7391， 上界=11.0000
    非整数变量: COL_13-21-23-27-9_69 = 0.521739
  解不是整数，开始分支...
ImposedVertex(vertex=9)
ForbidVertex(vertex=9)
  创建了 2 个分支
    添加分支节点 1: ID=306
    添加分支节点 2: ID=307
  进度: 已处理 160 个节点, 剩余 113 个, 当前最优 11.0000, 当前列数: 1288

处理节点 304
  开始列生成求解...
Set parameter LogToConsole to value 0
Set parameter Threads to value 1
Set parameter Seed to value 0
  定价策略: Exact, node=304, vertices=18
Set parameter PoolSearchMode to value 2
Set parameter PoolSolutions to value 10
[CG 1] RMP=2010.000000, pricing=ExactPricingSolver, new_columns=10
[CG 2] RMP=6.000000, pricing=ExactPricingSolver, new_columns=10
[CG 3] RMP=5.739130, pricing=ExactPricingSolver, new_columns=0
  搜索路径: [1, 2, 4, 5, 3, 8, 11, 14, 15, 16, 17, 19, 23, 24, 25, 27, 26, 30, 36, 37, 21, 22, 18, 33, 20, 31, 32, 53, 52, 54, 55, 57, 56, 10, 66, 67, 70, 71, 74, 75, 9, 80, 81, 84, 86, 87, 85, 92, 93, 43, 42, 12, 102, 103, 13, 108, 109, 49, 48, 114, 115, 116, 122, 123, 117, 118, 119, 62, 63, 106, 107, 99, 61, 60, 41, 98, 40, 138, 147, 148, 149, 139, 146, 162, 163, 166, 167, 168, 169, 170, 171, 143, 140, 112, 113, 184, 185, 150, 182, 183, 156, 157, 194, 195, 151, 202, 203, 204, 205, 208, 209, 214, 215, 136, 206, 207, 220, 221, 222, 223, 141, 137, 142, 197, 240, 241, 242, 243, 244, 245, 196, 90, 91, 78, 260, 261, 262, 263, 268, 269, 258, 274, 275, 259, 97, 96, 79, 266, 285, 282, 280, 284, 288, 289, 292, 293, 287, 281, 302, 303, 304]
  列生成求解结果: 目标值=5.7391， 下界=5.7391， 上界=11.0000
    非整数变量: COL_13-16-19_4 = 0.282609
  解不是整数，开始分支...
ImposedVertex(vertex=9)
ForbidVertex(vertex=9)
  创建了 2 个分支
    添加分支节点 1: ID=308
    添加分支节点 2: ID=309

处理节点 305
  开始列生成求解...
Set parameter LogToConsole to value 0
Set parameter Threads to value 1
Set parameter Seed to value 0
  定价策略: Exact, node=305, vertices=18
Set parameter PoolSearchMode to value 2
Set parameter PoolSolutions to value 10
[CG 1] RMP=7.689320, pricing=ExactPricingSolver, new_columns=10
[CG 2] RMP=7.000000, pricing=ExactPricingSolver, new_columns=0
  搜索路径: [1, 2, 4, 5, 3, 8, 11, 14, 15, 16, 17, 19, 23, 24, 25, 27, 26, 30, 36, 37, 21, 22, 18, 33, 20, 31, 32, 53, 52, 54, 55, 57, 56, 10, 66, 67, 70, 71, 74, 75, 9, 80, 81, 84, 86, 87, 85, 92, 93, 43, 42, 12, 102, 103, 13, 108, 109, 49, 48, 114, 115, 116, 122, 123, 117, 118, 119, 62, 63, 106, 107, 99, 61, 60, 41, 98, 40, 138, 147, 148, 149, 139, 146, 162, 163, 166, 167, 168, 169, 170, 171, 143, 140, 112, 113, 184, 185, 150, 182, 183, 156, 157, 194, 195, 151, 202, 203, 204, 205, 208, 209, 214, 215, 136, 206, 207, 220, 221, 222, 223, 141, 137, 142, 197, 240, 241, 242, 243, 244, 245, 196, 90, 91, 78, 260, 261, 262, 263, 268, 269, 258, 274, 275, 259, 97, 96, 79, 266, 285, 282, 280, 284, 288, 289, 292, 293, 287, 281, 302, 303, 304, 305]
  列生成求解结果: 目标值=7.0000， 下界=5.7391， 上界=11.0000
    非整数变量: COL_13-21-23-27-9_69 = 0.583333
  解不是整数，开始分支...
ImposedVertex(vertex=21)
ForbidVertex(vertex=21)
  创建了 2 个分支
    添加分支节点 1: ID=310
    添加分支节点 2: ID=311

处理节点 306
  开始列生成求解...
Set parameter LogToConsole to value 0
Set parameter Threads to value 1
Set parameter Seed to value 0
  定价策略: Exact, node=306, vertices=19
Set parameter PoolSearchMode to value 2
Set parameter PoolSolutions to value 10
[CG 1] RMP=5.739130, pricing=ExactPricingSolver, new_columns=0
  搜索路径: [1, 2, 4, 5, 3, 8, 11, 14, 15, 16, 17, 19, 23, 24, 25, 27, 26, 30, 36, 37, 21, 22, 18, 33, 20, 31, 32, 53, 52, 54, 55, 57, 56, 10, 66, 67, 70, 71, 74, 75, 9, 80, 81, 84, 86, 87, 85, 92, 93, 43, 42, 12, 102, 103, 13, 108, 109, 49, 48, 114, 115, 116, 122, 123, 117, 118, 119, 62, 63, 106, 107, 99, 61, 60, 41, 98, 40, 138, 147, 148, 149, 139, 146, 162, 163, 166, 167, 168, 169, 170, 171, 143, 140, 112, 113, 184, 185, 150, 182, 183, 156, 157, 194, 195, 151, 202, 203, 204, 205, 208, 209, 214, 215, 136, 206, 207, 220, 221, 222, 223, 141, 137, 142, 197, 240, 241, 242, 243, 244, 245, 196, 90, 91, 78, 260, 261, 262, 263, 268, 269, 258, 274, 275, 259, 97, 96, 79, 266, 285, 282, 280, 284, 288, 289, 292, 293, 287, 281, 302, 303, 304, 305, 306]
  列生成求解结果: 目标值=5.7391， 下界=5.7391， 上界=11.0000
    非整数变量: COL_13-21-23-27-9_69 = 0.521739
  解不是整数，开始分支...
ImposedVertex(vertex=21)
ForbidVertex(vertex=21)
  创建了 2 个分支
    添加分支节点 1: ID=312
    添加分支节点 2: ID=313

处理节点 312
  开始列生成求解...
Set parameter LogToConsole to value 0
Set parameter Threads to value 1
Set parameter Seed to value 0
  定价策略: Exact, node=312, vertices=18
Set parameter PoolSearchMode to value 2
Set parameter PoolSolutions to value 10
[CG 1] RMP=9.000000, pricing=ExactPricingSolver, new_columns=0
  搜索路径: [1, 2, 4, 5, 3, 8, 11, 14, 15, 16, 17, 19, 23, 24, 25, 27, 26, 30, 36, 37, 21, 22, 18, 33, 20, 31, 32, 53, 52, 54, 55, 57, 56, 10, 66, 67, 70, 71, 74, 75, 9, 80, 81, 84, 86, 87, 85, 92, 93, 43, 42, 12, 102, 103, 13, 108, 109, 49, 48, 114, 115, 116, 122, 123, 117, 118, 119, 62, 63, 106, 107, 99, 61, 60, 41, 98, 40, 138, 147, 148, 149, 139, 146, 162, 163, 166, 167, 168, 169, 170, 171, 143, 140, 112, 113, 184, 185, 150, 182, 183, 156, 157, 194, 195, 151, 202, 203, 204, 205, 208, 209, 214, 215, 136, 206, 207, 220, 221, 222, 223, 141, 137, 142, 197, 240, 241, 242, 243, 244, 245, 196, 90, 91, 78, 260, 261, 262, 263, 268, 269, 258, 274, 275, 259, 97, 96, 79, 266, 285, 282, 280, 284, 288, 289, 292, 293, 287, 281, 302, 303, 304, 305, 306, 312]
  列生成求解结果: 目标值=9.0000， 下界=5.7391， 上界=11.0000
    非整数变量: COL_13-21-23-27-3-9_73 = 0.500000
  解不是整数，开始分支...
ImposedVertex(vertex=3)
ForbidVertex(vertex=3)
  创建了 2 个分支
    添加分支节点 1: ID=314
    添加分支节点 2: ID=315

处理节点 313
  开始列生成求解...
Set parameter LogToConsole to value 0
Set parameter Threads to value 1
Set parameter Seed to value 0
  定价策略: Exact, node=313, vertices=18
Set parameter PoolSearchMode to value 2
Set parameter PoolSolutions to value 10
[CG 1] RMP=12.000000, pricing=ExactPricingSolver, new_columns=10
[CG 2] RMP=8.000000, pricing=ExactPricingSolver, new_columns=0
  搜索路径: [1, 2, 4, 5, 3, 8, 11, 14, 15, 16, 17, 19, 23, 24, 25, 27, 26, 30, 36, 37, 21, 22, 18, 33, 20, 31, 32, 53, 52, 54, 55, 57, 56, 10, 66, 67, 70, 71, 74, 75, 9, 80, 81, 84, 86, 87, 85, 92, 93, 43, 42, 12, 102, 103, 13, 108, 109, 49, 48, 114, 115, 116, 122, 123, 117, 118, 119, 62, 63, 106, 107, 99, 61, 60, 41, 98, 40, 138, 147, 148, 149, 139, 146, 162, 163, 166, 167, 168, 169, 170, 171, 143, 140, 112, 113, 184, 185, 150, 182, 183, 156, 157, 194, 195, 151, 202, 203, 204, 205, 208, 209, 214, 215, 136, 206, 207, 220, 221, 222, 223, 141, 137, 142, 197, 240, 241, 242, 243, 244, 245, 196, 90, 91, 78, 260, 261, 262, 263, 268, 269, 258, 274, 275, 259, 97, 96, 79, 266, 285, 282, 280, 284, 288, 289, 292, 293, 287, 281, 302, 303, 304, 305, 306, 312, 313]
  列生成求解结果: 目标值=8.0000， 下界=5.7391， 上界=11.0000
    非整数变量: COL_23_5 = 0.333333
  解不是整数，开始分支...
ImposedVertex(vertex=2)
ForbidVertex(vertex=2)
  创建了 2 个分支
    添加分支节点 1: ID=316
    添加分支节点 2: ID=317

处理节点 307
  开始列生成求解...
Set parameter LogToConsole to value 0
Set parameter Threads to value 1
Set parameter Seed to value 0
  定价策略: Exact, node=307, vertices=19
Set parameter PoolSearchMode to value 2
Set parameter PoolSolutions to value 10
[CG 1] RMP=12.000000, pricing=ExactPricingSolver, new_columns=10
[CG 2] RMP=12.000000, pricing=ExactPricingSolver, new_columns=10
[CG 3] RMP=11.000000, pricing=ExactPricingSolver, new_columns=0
  搜索路径: [1, 2, 4, 5, 3, 8, 11, 14, 15, 16, 17, 19, 23, 24, 25, 27, 26, 30, 36, 37, 21, 22, 18, 33, 20, 31, 32, 53, 52, 54, 55, 57, 56, 10, 66, 67, 70, 71, 74, 75, 9, 80, 81, 84, 86, 87, 85, 92, 93, 43, 42, 12, 102, 103, 13, 108, 109, 49, 48, 114, 115, 116, 122, 123, 117, 118, 119, 62, 63, 106, 107, 99, 61, 60, 41, 98, 40, 138, 147, 148, 149, 139, 146, 162, 163, 166, 167, 168, 169, 170, 171, 143, 140, 112, 113, 184, 185, 150, 182, 183, 156, 157, 194, 195, 151, 202, 203, 204, 205, 208, 209, 214, 215, 136, 206, 207, 220, 221, 222, 223, 141, 137, 142, 197, 240, 241, 242, 243, 244, 245, 196, 90, 91, 78, 260, 261, 262, 263, 268, 269, 258, 274, 275, 259, 97, 96, 79, 266, 285, 282, 280, 284, 288, 289, 292, 293, 287, 281, 302, 303, 304, 305, 306, 312, 313, 307]
  列生成求解结果: 目标值=11.0000， 下界=5.7391， 上界=11.0000

处理节点 308
  开始列生成求解...
Set parameter LogToConsole to value 0
Set parameter Threads to value 1
Set parameter Seed to value 0
  定价策略: Exact, node=308, vertices=17
Set parameter PoolSearchMode to value 2
Set parameter PoolSolutions to value 10
[CG 1] RMP=5.739130, pricing=ExactPricingSolver, new_columns=0
  搜索路径: [1, 2, 4, 5, 3, 8, 11, 14, 15, 16, 17, 19, 23, 24, 25, 27, 26, 30, 36, 37, 21, 22, 18, 33, 20, 31, 32, 53, 52, 54, 55, 57, 56, 10, 66, 67, 70, 71, 74, 75, 9, 80, 81, 84, 86, 87, 85, 92, 93, 43, 42, 12, 102, 103, 13, 108, 109, 49, 48, 114, 115, 116, 122, 123, 117, 118, 119, 62, 63, 106, 107, 99, 61, 60, 41, 98, 40, 138, 147, 148, 149, 139, 146, 162, 163, 166, 167, 168, 169, 170, 171, 143, 140, 112, 113, 184, 185, 150, 182, 183, 156, 157, 194, 195, 151, 202, 203, 204, 205, 208, 209, 214, 215, 136, 206, 207, 220, 221, 222, 223, 141, 137, 142, 197, 240, 241, 242, 243, 244, 245, 196, 90, 91, 78, 260, 261, 262, 263, 268, 269, 258, 274, 275, 259, 97, 96, 79, 266, 285, 282, 280, 284, 288, 289, 292, 293, 287, 281, 302, 303, 304, 305, 306, 312, 313, 307, 308]
  列生成求解结果: 目标值=5.7391， 下界=5.7391， 上界=11.0000
    非整数变量: COL_13-16-19_4 = 0.478261
  解不是整数，开始分支...
ImposedVertex(vertex=21)
ForbidVertex(vertex=21)
  创建了 2 个分支
    添加分支节点 1: ID=318
    添加分支节点 2: ID=319

处理节点 309
  开始列生成求解...
Set parameter LogToConsole to value 0
Set parameter Threads to value 1
Set parameter Seed to value 0
  定价策略: Exact, node=309, vertices=17
Set parameter PoolSearchMode to value 2
Set parameter PoolSolutions to value 10
[CG 1] RMP=11.000000, pricing=ExactPricingSolver, new_columns=0
  搜索路径: [1, 2, 4, 5, 3, 8, 11, 14, 15, 16, 17, 19, 23, 24, 25, 27, 26, 30, 36, 37, 21, 22, 18, 33, 20, 31, 32, 53, 52, 54, 55, 57, 56, 10, 66, 67, 70, 71, 74, 75, 9, 80, 81, 84, 86, 87, 85, 92, 93, 43, 42, 12, 102, 103, 13, 108, 109, 49, 48, 114, 115, 116, 122, 123, 117, 118, 119, 62, 63, 106, 107, 99, 61, 60, 41, 98, 40, 138, 147, 148, 149, 139, 146, 162, 163, 166, 167, 168, 169, 170, 171, 143, 140, 112, 113, 184, 185, 150, 182, 183, 156, 157, 194, 195, 151, 202, 203, 204, 205, 208, 209, 214, 215, 136, 206, 207, 220, 221, 222, 223, 141, 137, 142, 197, 240, 241, 242, 243, 244, 245, 196, 90, 91, 78, 260, 261, 262, 263, 268, 269, 258, 274, 275, 259, 97, 96, 79, 266, 285, 282, 280, 284, 288, 289, 292, 293, 287, 281, 302, 303, 304, 305, 306, 312, 313, 307, 308, 309]
  列生成求解结果: 目标值=11.0000， 下界=5.7391， 上界=11.0000

处理节点 318
  开始列生成求解...
Set parameter LogToConsole to value 0
Set parameter Threads to value 1
Set parameter Seed to value 0
  定价策略: Exact, node=318, vertices=16
Set parameter PoolSearchMode to value 2
Set parameter PoolSolutions to value 10
[CG 1] RMP=2010.000000, pricing=ExactPricingSolver, new_columns=10
[CG 2] RMP=18.000000, pricing=ExactPricingSolver, new_columns=10
[CG 3] RMP=9.000000, pricing=ExactPricingSolver, new_columns=0
  搜索路径: [1, 2, 4, 5, 3, 8, 11, 14, 15, 16, 17, 19, 23, 24, 25, 27, 26, 30, 36, 37, 21, 22, 18, 33, 20, 31, 32, 53, 52, 54, 55, 57, 56, 10, 66, 67, 70, 71, 74, 75, 9, 80, 81, 84, 86, 87, 85, 92, 93, 43, 42, 12, 102, 103, 13, 108, 109, 49, 48, 114, 115, 116, 122, 123, 117, 118, 119, 62, 63, 106, 107, 99, 61, 60, 41, 98, 40, 138, 147, 148, 149, 139, 146, 162, 163, 166, 167, 168, 169, 170, 171, 143, 140, 112, 113, 184, 185, 150, 182, 183, 156, 157, 194, 195, 151, 202, 203, 204, 205, 208, 209, 214, 215, 136, 206, 207, 220, 221, 222, 223, 141, 137, 142, 197, 240, 241, 242, 243, 244, 245, 196, 90, 91, 78, 260, 261, 262, 263, 268, 269, 258, 274, 275, 259, 97, 96, 79, 266, 285, 282, 280, 284, 288, 289, 292, 293, 287, 281, 302, 303, 304, 305, 306, 312, 313, 307, 308, 309, 318]
  列生成求解结果: 目标值=9.0000， 下界=5.7391， 上界=11.0000
    非整数变量: COL_13-16-19_4 = 0.500000
  解不是整数，开始分支...
ImposedVertex(vertex=23)
ForbidVertex(vertex=23)
  创建了 2 个分支
    添加分支节点 1: ID=320
    添加分支节点 2: ID=321

处理节点 319
  开始列生成求解...
Set parameter LogToConsole to value 0
Set parameter Threads to value 1
Set parameter Seed to value 0
  定价策略: Exact, node=319, vertices=16
Set parameter PoolSearchMode to value 2
Set parameter PoolSolutions to value 10
[CG 1] RMP=12.000000, pricing=ExactPricingSolver, new_columns=10
[CG 2] RMP=8.000000, pricing=ExactPricingSolver, new_columns=0
  搜索路径: [1, 2, 4, 5, 3, 8, 11, 14, 15, 16, 17, 19, 23, 24, 25, 27, 26, 30, 36, 37, 21, 22, 18, 33, 20, 31, 32, 53, 52, 54, 55, 57, 56, 10, 66, 67, 70, 71, 74, 75, 9, 80, 81, 84, 86, 87, 85, 92, 93, 43, 42, 12, 102, 103, 13, 108, 109, 49, 48, 114, 115, 116, 122, 123, 117, 118, 119, 62, 63, 106, 107, 99, 61, 60, 41, 98, 40, 138, 147, 148, 149, 139, 146, 162, 163, 166, 167, 168, 169, 170, 171, 143, 140, 112, 113, 184, 185, 150, 182, 183, 156, 157, 194, 195, 151, 202, 203, 204, 205, 208, 209, 214, 215, 136, 206, 207, 220, 221, 222, 223, 141, 137, 142, 197, 240, 241, 242, 243, 244, 245, 196, 90, 91, 78, 260, 261, 262, 263, 268, 269, 258, 274, 275, 259, 97, 96, 79, 266, 285, 282, 280, 284, 288, 289, 292, 293, 287, 281, 302, 303, 304, 305, 306, 312, 313, 307, 308, 309, 318, 319]
  列生成求解结果: 目标值=8.0000， 下界=5.7391， 上界=11.0000
    非整数变量: COL_13-16-19_4 = 0.111111
  解不是整数，开始分支...
ImposedVertex(vertex=2)
ForbidVertex(vertex=2)
  创建了 2 个分支
    添加分支节点 1: ID=322
    添加分支节点 2: ID=323
  进度: 已处理 170 个节点, 剩余 119 个, 当前最优 11.0000, 当前列数: 1378

处理节点 267
  开始列生成求解...
Set parameter LogToConsole to value 0
Set parameter Threads to value 1
Set parameter Seed to value 0
  定价策略: Exact, node=267, vertices=16
Set parameter PoolSearchMode to value 2
Set parameter PoolSolutions to value 10
[CG 1] RMP=7.000000, pricing=ExactPricingSolver, new_columns=0
  搜索路径: [1, 2, 4, 5, 3, 8, 11, 14, 15, 16, 17, 19, 23, 24, 25, 27, 26, 30, 36, 37, 21, 22, 18, 33, 20, 31, 32, 53, 52, 54, 55, 57, 56, 10, 66, 67, 70, 71, 74, 75, 9, 80, 81, 84, 86, 87, 85, 92, 93, 43, 42, 12, 102, 103, 13, 108, 109, 49, 48, 114, 115, 116, 122, 123, 117, 118, 119, 62, 63, 106, 107, 99, 61, 60, 41, 98, 40, 138, 147, 148, 149, 139, 146, 162, 163, 166, 167, 168, 169, 170, 171, 143, 140, 112, 113, 184, 185, 150, 182, 183, 156, 157, 194, 195, 151, 202, 203, 204, 205, 208, 209, 214, 215, 136, 206, 207, 220, 221, 222, 223, 141, 137, 142, 197, 240, 241, 242, 243, 244, 245, 196, 90, 91, 78, 260, 261, 262, 263, 268, 269, 258, 274, 275, 259, 97, 96, 79, 266, 285, 282, 280, 284, 288, 289, 292, 293, 287, 281, 302, 303, 304, 305, 306, 312, 313, 307, 308, 309, 318, 319, 267]
  列生成求解结果: 目标值=7.0000， 下界=5.7391， 上界=11.0000
    非整数变量: COL_2-28-4-7_383 = 0.291667
  解不是整数，开始分支...
ImposedVertex(vertex=28)
ForbidVertex(vertex=28)
  创建了 2 个分支
    添加分支节点 1: ID=324
    添加分支节点 2: ID=325

处理节点 283
  开始列生成求解...
Set parameter LogToConsole to value 0
Set parameter Threads to value 1
Set parameter Seed to value 0
  定价策略: Exact, node=283, vertices=20
Set parameter PoolSearchMode to value 2
Set parameter PoolSolutions to value 10
[CG 1] RMP=12.000000, pricing=ExactPricingSolver, new_columns=10
[CG 2] RMP=11.000000, pricing=ExactPricingSolver, new_columns=0
  搜索路径: [1, 2, 4, 5, 3, 8, 11, 14, 15, 16, 17, 19, 23, 24, 25, 27, 26, 30, 36, 37, 21, 22, 18, 33, 20, 31, 32, 53, 52, 54, 55, 57, 56, 10, 66, 67, 70, 71, 74, 75, 9, 80, 81, 84, 86, 87, 85, 92, 93, 43, 42, 12, 102, 103, 13, 108, 109, 49, 48, 114, 115, 116, 122, 123, 117, 118, 119, 62, 63, 106, 107, 99, 61, 60, 41, 98, 40, 138, 147, 148, 149, 139, 146, 162, 163, 166, 167, 168, 169, 170, 171, 143, 140, 112, 113, 184, 185, 150, 182, 183, 156, 157, 194, 195, 151, 202, 203, 204, 205, 208, 209, 214, 215, 136, 206, 207, 220, 221, 222, 223, 141, 137, 142, 197, 240, 241, 242, 243, 244, 245, 196, 90, 91, 78, 260, 261, 262, 263, 268, 269, 258, 274, 275, 259, 97, 96, 79, 266, 285, 282, 280, 284, 288, 289, 292, 293, 287, 281, 302, 303, 304, 305, 306, 312, 313, 307, 308, 309, 318, 319, 267, 283]
  列生成求解结果: 目标值=11.0000， 下界=5.7391， 上界=11.0000

处理节点 286
  开始列生成求解...
Set parameter LogToConsole to value 0
Set parameter Threads to value 1
Set parameter Seed to value 0
  定价策略: Exact, node=286, vertices=20
Set parameter PoolSearchMode to value 2
Set parameter PoolSolutions to value 10
[CG 1] RMP=2010.000000, pricing=ExactPricingSolver, new_columns=10
[CG 2] RMP=5.739130, pricing=ExactPricingSolver, new_columns=0
  搜索路径: [1, 2, 4, 5, 3, 8, 11, 14, 15, 16, 17, 19, 23, 24, 25, 27, 26, 30, 36, 37, 21, 22, 18, 33, 20, 31, 32, 53, 52, 54, 55, 57, 56, 10, 66, 67, 70, 71, 74, 75, 9, 80, 81, 84, 86, 87, 85, 92, 93, 43, 42, 12, 102, 103, 13, 108, 109, 49, 48, 114, 115, 116, 122, 123, 117, 118, 119, 62, 63, 106, 107, 99, 61, 60, 41, 98, 40, 138, 147, 148, 149, 139, 146, 162, 163, 166, 167, 168, 169, 170, 171, 143, 140, 112, 113, 184, 185, 150, 182, 183, 156, 157, 194, 195, 151, 202, 203, 204, 205, 208, 209, 214, 215, 136, 206, 207, 220, 221, 222, 223, 141, 137, 142, 197, 240, 241, 242, 243, 244, 245, 196, 90, 91, 78, 260, 261, 262, 263, 268, 269, 258, 274, 275, 259, 97, 96, 79, 266, 285, 282, 280, 284, 288, 289, 292, 293, 287, 281, 302, 303, 304, 305, 306, 312, 313, 307, 308, 309, 318, 319, 267, 283, 286]
  列生成求解结果: 目标值=5.7391， 下界=5.7391， 上界=11.0000
    非整数变量: COL_13-16-19_4 = 0.408696
  解不是整数，开始分支...
ImposedVertex(vertex=16)
ForbidVertex(vertex=16)
  创建了 2 个分支
    添加分支节点 1: ID=326
    添加分支节点 2: ID=327

处理节点 326
  开始列生成求解...
Set parameter LogToConsole to value 0
Set parameter Threads to value 1
Set parameter Seed to value 0
  定价策略: Exact, node=326, vertices=18
Set parameter PoolSearchMode to value 2
Set parameter PoolSolutions to value 10
[CG 1] RMP=12.000000, pricing=ExactPricingSolver, new_columns=10
[CG 2] RMP=5.739130, pricing=ExactPricingSolver, new_columns=0
  搜索路径: [1, 2, 4, 5, 3, 8, 11, 14, 15, 16, 17, 19, 23, 24, 25, 27, 26, 30, 36, 37, 21, 22, 18, 33, 20, 31, 32, 53, 52, 54, 55, 57, 56, 10, 66, 67, 70, 71, 74, 75, 9, 80, 81, 84, 86, 87, 85, 92, 93, 43, 42, 12, 102, 103, 13, 108, 109, 49, 48, 114, 115, 116, 122, 123, 117, 118, 119, 62, 63, 106, 107, 99, 61, 60, 41, 98, 40, 138, 147, 148, 149, 139, 146, 162, 163, 166, 167, 168, 169, 170, 171, 143, 140, 112, 113, 184, 185, 150, 182, 183, 156, 157, 194, 195, 151, 202, 203, 204, 205, 208, 209, 214, 215, 136, 206, 207, 220, 221, 222, 223, 141, 137, 142, 197, 240, 241, 242, 243, 244, 245, 196, 90, 91, 78, 260, 261, 262, 263, 268, 269, 258, 274, 275, 259, 97, 96, 79, 266, 285, 282, 280, 284, 288, 289, 292, 293, 287, 281, 302, 303, 304, 305, 306, 312, 313, 307, 308, 309, 318, 319, 267, 283, 286, 326]
  列生成求解结果: 目标值=5.7391， 下界=5.7391， 上界=11.0000
    非整数变量: COL_13-16-19_4 = 0.291925
  解不是整数，开始分支...
ImposedVertex(vertex=19)
ForbidVertex(vertex=19)
  创建了 2 个分支
    添加分支节点 1: ID=328
    添加分支节点 2: ID=329

处理节点 327
  开始列生成求解...
Set parameter LogToConsole to value 0
Set parameter Threads to value 1
Set parameter Seed to value 0
  定价策略: Exact, node=327, vertices=19
Set parameter PoolSearchMode to value 2
Set parameter PoolSolutions to value 10
[CG 1] RMP=7.000000, pricing=ExactPricingSolver, new_columns=10
[CG 2] RMP=6.000000, pricing=ExactPricingSolver, new_columns=10
[CG 3] RMP=5.739130, pricing=ExactPricingSolver, new_columns=0
  搜索路径: [1, 2, 4, 5, 3, 8, 11, 14, 15, 16, 17, 19, 23, 24, 25, 27, 26, 30, 36, 37, 21, 22, 18, 33, 20, 31, 32, 53, 52, 54, 55, 57, 56, 10, 66, 67, 70, 71, 74, 75, 9, 80, 81, 84, 86, 87, 85, 92, 93, 43, 42, 12, 102, 103, 13, 108, 109, 49, 48, 114, 115, 116, 122, 123, 117, 118, 119, 62, 63, 106, 107, 99, 61, 60, 41, 98, 40, 138, 147, 148, 149, 139, 146, 162, 163, 166, 167, 168, 169, 170, 171, 143, 140, 112, 113, 184, 185, 150, 182, 183, 156, 157, 194, 195, 151, 202, 203, 204, 205, 208, 209, 214, 215, 136, 206, 207, 220, 221, 222, 223, 141, 137, 142, 197, 240, 241, 242, 243, 244, 245, 196, 90, 91, 78, 260, 261, 262, 263, 268, 269, 258, 274, 275, 259, 97, 96, 79, 266, 285, 282, 280, 284, 288, 289, 292, 293, 287, 281, 302, 303, 304, 305, 306, 312, 313, 307, 308, 309, 318, 319, 267, 283, 286, 326, 327]
  列生成求解结果: 目标值=5.7391， 下界=5.7391， 上界=11.0000
    非整数变量: COL_1-15-23-27-5-8_15 = 0.282609
  解不是整数，开始分支...
ImposedVertex(vertex=5)
ForbidVertex(vertex=5)
  创建了 2 个分支
    添加分支节点 1: ID=330
    添加分支节点 2: ID=331

处理节点 328
  开始列生成求解...
Set parameter LogToConsole to value 0
Set parameter Threads to value 1
Set parameter Seed to value 0
  定价策略: Exact, node=328, vertices=17
Set parameter PoolSearchMode to value 2
Set parameter PoolSolutions to value 10
[CG 1] RMP=2010.000000, pricing=ExactPricingSolver, new_columns=10
[CG 2] RMP=340.666667, pricing=ExactPricingSolver, new_columns=10
[CG 3] RMP=340.666667, pricing=ExactPricingSolver, new_columns=10
[CG 4] RMP=11.000000, pricing=ExactPricingSolver, new_columns=0
  搜索路径: [1, 2, 4, 5, 3, 8, 11, 14, 15, 16, 17, 19, 23, 24, 25, 27, 26, 30, 36, 37, 21, 22, 18, 33, 20, 31, 32, 53, 52, 54, 55, 57, 56, 10, 66, 67, 70, 71, 74, 75, 9, 80, 81, 84, 86, 87, 85, 92, 93, 43, 42, 12, 102, 103, 13, 108, 109, 49, 48, 114, 115, 116, 122, 123, 117, 118, 119, 62, 63, 106, 107, 99, 61, 60, 41, 98, 40, 138, 147, 148, 149, 139, 146, 162, 163, 166, 167, 168, 169, 170, 171, 143, 140, 112, 113, 184, 185, 150, 182, 183, 156, 157, 194, 195, 151, 202, 203, 204, 205, 208, 209, 214, 215, 136, 206, 207, 220, 221, 222, 223, 141, 137, 142, 197, 240, 241, 242, 243, 244, 245, 196, 90, 91, 78, 260, 261, 262, 263, 268, 269, 258, 274, 275, 259, 97, 96, 79, 266, 285, 282, 280, 284, 288, 289, 292, 293, 287, 281, 302, 303, 304, 305, 306, 312, 313, 307, 308, 309, 318, 319, 267, 283, 286, 326, 327, 328]
  列生成求解结果: 目标值=11.0000， 下界=5.7391， 上界=11.0000

处理节点 329
  开始列生成求解...
Set parameter LogToConsole to value 0
Set parameter Threads to value 1
Set parameter Seed to value 0
  定价策略: Exact, node=329, vertices=17
Set parameter PoolSearchMode to value 2
Set parameter PoolSolutions to value 10
[CG 1] RMP=7.000000, pricing=ExactPricingSolver, new_columns=0
  搜索路径: [1, 2, 4, 5, 3, 8, 11, 14, 15, 16, 17, 19, 23, 24, 25, 27, 26, 30, 36, 37, 21, 22, 18, 33, 20, 31, 32, 53, 52, 54, 55, 57, 56, 10, 66, 67, 70, 71, 74, 75, 9, 80, 81, 84, 86, 87, 85, 92, 93, 43, 42, 12, 102, 103, 13, 108, 109, 49, 48, 114, 115, 116, 122, 123, 117, 118, 119, 62, 63, 106, 107, 99, 61, 60, 41, 98, 40, 138, 147, 148, 149, 139, 146, 162, 163, 166, 167, 168, 169, 170, 171, 143, 140, 112, 113, 184, 185, 150, 182, 183, 156, 157, 194, 195, 151, 202, 203, 204, 205, 208, 209, 214, 215, 136, 206, 207, 220, 221, 222, 223, 141, 137, 142, 197, 240, 241, 242, 243, 244, 245, 196, 90, 91, 78, 260, 261, 262, 263, 268, 269, 258, 274, 275, 259, 97, 96, 79, 266, 285, 282, 280, 284, 288, 289, 292, 293, 287, 281, 302, 303, 304, 305, 306, 312, 313, 307, 308, 309, 318, 319, 267, 283, 286, 326, 327, 328, 329]
  列生成求解结果: 目标值=7.0000， 下界=5.7391， 上界=11.0000
    非整数变量: COL_1-18-23-7-9_41 = 0.299242
  解不是整数，开始分支...
ImposedVertex(vertex=9)
ForbidVertex(vertex=9)
  创建了 2 个分支
    添加分支节点 1: ID=332
    添加分支节点 2: ID=333

处理节点 330
  开始列生成求解...
Set parameter LogToConsole to value 0
Set parameter Threads to value 1
Set parameter Seed to value 0
  定价策略: Exact, node=330, vertices=17
Set parameter PoolSearchMode to value 2
Set parameter PoolSolutions to value 10
[CG 1] RMP=5.739130, pricing=ExactPricingSolver, new_columns=0
  搜索路径: [1, 2, 4, 5, 3, 8, 11, 14, 15, 16, 17, 19, 23, 24, 25, 27, 26, 30, 36, 37, 21, 22, 18, 33, 20, 31, 32, 53, 52, 54, 55, 57, 56, 10, 66, 67, 70, 71, 74, 75, 9, 80, 81, 84, 86, 87, 85, 92, 93, 43, 42, 12, 102, 103, 13, 108, 109, 49, 48, 114, 115, 116, 122, 123, 117, 118, 119, 62, 63, 106, 107, 99, 61, 60, 41, 98, 40, 138, 147, 148, 149, 139, 146, 162, 163, 166, 167, 168, 169, 170, 171, 143, 140, 112, 113, 184, 185, 150, 182, 183, 156, 157, 194, 195, 151, 202, 203, 204, 205, 208, 209, 214, 215, 136, 206, 207, 220, 221, 222, 223, 141, 137, 142, 197, 240, 241, 242, 243, 244, 245, 196, 90, 91, 78, 260, 261, 262, 263, 268, 269, 258, 274, 275, 259, 97, 96, 79, 266, 285, 282, 280, 284, 288, 289, 292, 293, 287, 281, 302, 303, 304, 305, 306, 312, 313, 307, 308, 309, 318, 319, 267, 283, 286, 326, 327, 328, 329, 330]
  列生成求解结果: 目标值=5.7391， 下界=5.7391， 上界=11.0000
    非整数变量: COL_1-15-23-27-5-8_15 = 0.282609
  解不是整数，开始分支...
ImposedVertex(vertex=8)
ForbidVertex(vertex=8)
  创建了 2 个分支
    添加分支节点 1: ID=334
    添加分支节点 2: ID=335

处理节点 331
  开始列生成求解...
Set parameter LogToConsole to value 0
Set parameter Threads to value 1
Set parameter Seed to value 0
  定价策略: Exact, node=331, vertices=18
Set parameter PoolSearchMode to value 2
Set parameter PoolSolutions to value 10
[CG 1] RMP=12.000000, pricing=ExactPricingSolver, new_columns=10
[CG 2] RMP=5.739130, pricing=ExactPricingSolver, new_columns=0
  搜索路径: [1, 2, 4, 5, 3, 8, 11, 14, 15, 16, 17, 19, 23, 24, 25, 27, 26, 30, 36, 37, 21, 22, 18, 33, 20, 31, 32, 53, 52, 54, 55, 57, 56, 10, 66, 67, 70, 71, 74, 75, 9, 80, 81, 84, 86, 87, 85, 92, 93, 43, 42, 12, 102, 103, 13, 108, 109, 49, 48, 114, 115, 116, 122, 123, 117, 118, 119, 62, 63, 106, 107, 99, 61, 60, 41, 98, 40, 138, 147, 148, 149, 139, 146, 162, 163, 166, 167, 168, 169, 170, 171, 143, 140, 112, 113, 184, 185, 150, 182, 183, 156, 157, 194, 195, 151, 202, 203, 204, 205, 208, 209, 214, 215, 136, 206, 207, 220, 221, 222, 223, 141, 137, 142, 197, 240, 241, 242, 243, 244, 245, 196, 90, 91, 78, 260, 261, 262, 263, 268, 269, 258, 274, 275, 259, 97, 96, 79, 266, 285, 282, 280, 284, 288, 289, 292, 293, 287, 281, 302, 303, 304, 305, 306, 312, 313, 307, 308, 309, 318, 319, 267, 283, 286, 326, 327, 328, 329, 330, 331]
  列生成求解结果: 目标值=5.7391， 下界=5.7391， 上界=11.0000
    非整数变量: COL_1-18-23-7-9_41 = 0.071946
  解不是整数，开始分支...
ImposedVertex(vertex=7)
ForbidVertex(vertex=7)
  创建了 2 个分支
    添加分支节点 1: ID=336
    添加分支节点 2: ID=337

处理节点 334
  开始列生成求解...
Set parameter LogToConsole to value 0
Set parameter Threads to value 1
Set parameter Seed to value 0
  定价策略: Exact, node=334, vertices=16
Set parameter PoolSearchMode to value 2
Set parameter PoolSolutions to value 10
[CG 1] RMP=2010.000000, pricing=ExactPricingSolver, new_columns=10
[CG 2] RMP=12.000000, pricing=ExactPricingSolver, new_columns=0
  搜索路径: [1, 2, 4, 5, 3, 8, 11, 14, 15, 16, 17, 19, 23, 24, 25, 27, 26, 30, 36, 37, 21, 22, 18, 33, 20, 31, 32, 53, 52, 54, 55, 57, 56, 10, 66, 67, 70, 71, 74, 75, 9, 80, 81, 84, 86, 87, 85, 92, 93, 43, 42, 12, 102, 103, 13, 108, 109, 49, 48, 114, 115, 116, 122, 123, 117, 118, 119, 62, 63, 106, 107, 99, 61, 60, 41, 98, 40, 138, 147, 148, 149, 139, 146, 162, 163, 166, 167, 168, 169, 170, 171, 143, 140, 112, 113, 184, 185, 150, 182, 183, 156, 157, 194, 195, 151, 202, 203, 204, 205, 208, 209, 214, 215, 136, 206, 207, 220, 221, 222, 223, 141, 137, 142, 197, 240, 241, 242, 243, 244, 245, 196, 90, 91, 78, 260, 261, 262, 263, 268, 269, 258, 274, 275, 259, 97, 96, 79, 266, 285, 282, 280, 284, 288, 289, 292, 293, 287, 281, 302, 303, 304, 305, 306, 312, 313, 307, 308, 309, 318, 319, 267, 283, 286, 326, 327, 328, 329, 330, 331, 334]
  列生成求解结果: 目标值=12.0000， 下界=5.7391， 上界=11.0000

处理节点 335
  开始列生成求解...
Set parameter LogToConsole to value 0
Set parameter Threads to value 1
Set parameter Seed to value 0
  定价策略: Exact, node=335, vertices=16
Set parameter PoolSearchMode to value 2
Set parameter PoolSolutions to value 10
[CG 1] RMP=5.739130, pricing=ExactPricingSolver, new_columns=0
  搜索路径: [1, 2, 4, 5, 3, 8, 11, 14, 15, 16, 17, 19, 23, 24, 25, 27, 26, 30, 36, 37, 21, 22, 18, 33, 20, 31, 32, 53, 52, 54, 55, 57, 56, 10, 66, 67, 70, 71, 74, 75, 9, 80, 81, 84, 86, 87, 85, 92, 93, 43, 42, 12, 102, 103, 13, 108, 109, 49, 48, 114, 115, 116, 122, 123, 117, 118, 119, 62, 63, 106, 107, 99, 61, 60, 41, 98, 40, 138, 147, 148, 149, 139, 146, 162, 163, 166, 167, 168, 169, 170, 171, 143, 140, 112, 113, 184, 185, 150, 182, 183, 156, 157, 194, 195, 151, 202, 203, 204, 205, 208, 209, 214, 215, 136, 206, 207, 220, 221, 222, 223, 141, 137, 142, 197, 240, 241, 242, 243, 244, 245, 196, 90, 91, 78, 260, 261, 262, 263, 268, 269, 258, 274, 275, 259, 97, 96, 79, 266, 285, 282, 280, 284, 288, 289, 292, 293, 287, 281, 302, 303, 304, 305, 306, 312, 313, 307, 308, 309, 318, 319, 267, 283, 286, 326, 327, 328, 329, 330, 331, 334, 335]
  列生成求解结果: 目标值=5.7391， 下界=5.7391， 上界=11.0000
    非整数变量: COL_1-15-23-27-5-7_16 = 0.282609
  解不是整数，开始分支...
ImposedVertex(vertex=15)
ForbidVertex(vertex=15)
  创建了 2 个分支
    添加分支节点 1: ID=338
    添加分支节点 2: ID=339

处理节点 336
  开始列生成求解...
Set parameter LogToConsole to value 0
Set parameter Threads to value 1
Set parameter Seed to value 0
  定价策略: Exact, node=336, vertices=17
Set parameter PoolSearchMode to value 2
Set parameter PoolSolutions to value 10
[CG 1] RMP=5.739130, pricing=ExactPricingSolver, new_columns=0
  搜索路径: [1, 2, 4, 5, 3, 8, 11, 14, 15, 16, 17, 19, 23, 24, 25, 27, 26, 30, 36, 37, 21, 22, 18, 33, 20, 31, 32, 53, 52, 54, 55, 57, 56, 10, 66, 67, 70, 71, 74, 75, 9, 80, 81, 84, 86, 87, 85, 92, 93, 43, 42, 12, 102, 103, 13, 108, 109, 49, 48, 114, 115, 116, 122, 123, 117, 118, 119, 62, 63, 106, 107, 99, 61, 60, 41, 98, 40, 138, 147, 148, 149, 139, 146, 162, 163, 166, 167, 168, 169, 170, 171, 143, 140, 112, 113, 184, 185, 150, 182, 183, 156, 157, 194, 195, 151, 202, 203, 204, 205, 208, 209, 214, 215, 136, 206, 207, 220, 221, 222, 223, 141, 137, 142, 197, 240, 241, 242, 243, 244, 245, 196, 90, 91, 78, 260, 261, 262, 263, 268, 269, 258, 274, 275, 259, 97, 96, 79, 266, 285, 282, 280, 284, 288, 289, 292, 293, 287, 281, 302, 303, 304, 305, 306, 312, 313, 307, 308, 309, 318, 319, 267, 283, 286, 326, 327, 328, 329, 330, 331, 334, 335, 336]
  列生成求解结果: 目标值=5.7391， 下界=5.7391， 上界=11.0000
    非整数变量: COL_1-18-23-9_37 = 0.149068
  解不是整数，开始分支...
ImposedVertex(vertex=9)
ForbidVertex(vertex=9)
  创建了 2 个分支
    添加分支节点 1: ID=340
    添加分支节点 2: ID=341

处理节点 337
  开始列生成求解...
Set parameter LogToConsole to value 0
Set parameter Threads to value 1
Set parameter Seed to value 0
  定价策略: Exact, node=337, vertices=17
Set parameter PoolSearchMode to value 2
Set parameter PoolSolutions to value 10
[CG 1] RMP=22.000000, pricing=ExactPricingSolver, new_columns=10
[CG 2] RMP=12.000000, pricing=ExactPricingSolver, new_columns=0
  搜索路径: [1, 2, 4, 5, 3, 8, 11, 14, 15, 16, 17, 19, 23, 24, 25, 27, 26, 30, 36, 37, 21, 22, 18, 33, 20, 31, 32, 53, 52, 54, 55, 57, 56, 10, 66, 67, 70, 71, 74, 75, 9, 80, 81, 84, 86, 87, 85, 92, 93, 43, 42, 12, 102, 103, 13, 108, 109, 49, 48, 114, 115, 116, 122, 123, 117, 118, 119, 62, 63, 106, 107, 99, 61, 60, 41, 98, 40, 138, 147, 148, 149, 139, 146, 162, 163, 166, 167, 168, 169, 170, 171, 143, 140, 112, 113, 184, 185, 150, 182, 183, 156, 157, 194, 195, 151, 202, 203, 204, 205, 208, 209, 214, 215, 136, 206, 207, 220, 221, 222, 223, 141, 137, 142, 197, 240, 241, 242, 243, 244, 245, 196, 90, 91, 78, 260, 261, 262, 263, 268, 269, 258, 274, 275, 259, 97, 96, 79, 266, 285, 282, 280, 284, 288, 289, 292, 293, 287, 281, 302, 303, 304, 305, 306, 312, 313, 307, 308, 309, 318, 319, 267, 283, 286, 326, 327, 328, 329, 330, 331, 334, 335, 336, 337]
  列生成求解结果: 目标值=12.0000， 下界=5.7391， 上界=11.0000

处理节点 340
  开始列生成求解...
Set parameter LogToConsole to value 0
Set parameter Threads to value 1
Set parameter Seed to value 0
  定价策略: Exact, node=340, vertices=16
Set parameter PoolSearchMode to value 2
Set parameter PoolSolutions to value 10
[CG 1] RMP=2010.000000, pricing=ExactPricingSolver, new_columns=10
[CG 2] RMP=7.000000, pricing=ExactPricingSolver, new_columns=0
  搜索路径: [1, 2, 4, 5, 3, 8, 11, 14, 15, 16, 17, 19, 23, 24, 25, 27, 26, 30, 36, 37, 21, 22, 18, 33, 20, 31, 32, 53, 52, 54, 55, 57, 56, 10, 66, 67, 70, 71, 74, 75, 9, 80, 81, 84, 86, 87, 85, 92, 93, 43, 42, 12, 102, 103, 13, 108, 109, 49, 48, 114, 115, 116, 122, 123, 117, 118, 119, 62, 63, 106, 107, 99, 61, 60, 41, 98, 40, 138, 147, 148, 149, 139, 146, 162, 163, 166, 167, 168, 169, 170, 171, 143, 140, 112, 113, 184, 185, 150, 182, 183, 156, 157, 194, 195, 151, 202, 203, 204, 205, 208, 209, 214, 215, 136, 206, 207, 220, 221, 222, 223, 141, 137, 142, 197, 240, 241, 242, 243, 244, 245, 196, 90, 91, 78, 260, 261, 262, 263, 268, 269, 258, 274, 275, 259, 97, 96, 79, 266, 285, 282, 280, 284, 288, 289, 292, 293, 287, 281, 302, 303, 304, 305, 306, 312, 313, 307, 308, 309, 318, 319, 267, 283, 286, 326, 327, 328, 329, 330, 331, 334, 335, 336, 337, 340]
  列生成求解结果: 目标值=7.0000， 下界=5.7391， 上界=11.0000
    非整数变量: COL_1-18-23-7-9_41 = 0.218750
  解不是整数，开始分支...
ImposedVertex(vertex=23)
ForbidVertex(vertex=23)
  创建了 2 个分支
    添加分支节点 1: ID=342
    添加分支节点 2: ID=343

处理节点 341
  开始列生成求解...
Set parameter LogToConsole to value 0
Set parameter Threads to value 1
Set parameter Seed to value 0
  定价策略: Exact, node=341, vertices=16
Set parameter PoolSearchMode to value 2
Set parameter PoolSolutions to value 10
[CG 1] RMP=11.000000, pricing=ExactPricingSolver, new_columns=0
  搜索路径: [1, 2, 4, 5, 3, 8, 11, 14, 15, 16, 17, 19, 23, 24, 25, 27, 26, 30, 36, 37, 21, 22, 18, 33, 20, 31, 32, 53, 52, 54, 55, 57, 56, 10, 66, 67, 70, 71, 74, 75, 9, 80, 81, 84, 86, 87, 85, 92, 93, 43, 42, 12, 102, 103, 13, 108, 109, 49, 48, 114, 115, 116, 122, 123, 117, 118, 119, 62, 63, 106, 107, 99, 61, 60, 41, 98, 40, 138, 147, 148, 149, 139, 146, 162, 163, 166, 167, 168, 169, 170, 171, 143, 140, 112, 113, 184, 185, 150, 182, 183, 156, 157, 194, 195, 151, 202, 203, 204, 205, 208, 209, 214, 215, 136, 206, 207, 220, 221, 222, 223, 141, 137, 142, 197, 240, 241, 242, 243, 244, 245, 196, 90, 91, 78, 260, 261, 262, 263, 268, 269, 258, 274, 275, 259, 97, 96, 79, 266, 285, 282, 280, 284, 288, 289, 292, 293, 287, 281, 302, 303, 304, 305, 306, 312, 313, 307, 308, 309, 318, 319, 267, 283, 286, 326, 327, 328, 329, 330, 331, 334, 335, 336, 337, 340, 341]
  列生成求解结果: 目标值=11.0000， 下界=5.7391， 上界=11.0000

处理节点 300
  开始列生成求解...
Set parameter LogToConsole to value 0
Set parameter Threads to value 1
Set parameter Seed to value 0
  定价策略: Exact, node=300, vertices=16
Set parameter PoolSearchMode to value 2
Set parameter PoolSolutions to value 10
[CG 1] RMP=6.000000, pricing=ExactPricingSolver, new_columns=0
  搜索路径: [1, 2, 4, 5, 3, 8, 11, 14, 15, 16, 17, 19, 23, 24, 25, 27, 26, 30, 36, 37, 21, 22, 18, 33, 20, 31, 32, 53, 52, 54, 55, 57, 56, 10, 66, 67, 70, 71, 74, 75, 9, 80, 81, 84, 86, 87, 85, 92, 93, 43, 42, 12, 102, 103, 13, 108, 109, 49, 48, 114, 115, 116, 122, 123, 117, 118, 119, 62, 63, 106, 107, 99, 61, 60, 41, 98, 40, 138, 147, 148, 149, 139, 146, 162, 163, 166, 167, 168, 169, 170, 171, 143, 140, 112, 113, 184, 185, 150, 182, 183, 156, 157, 194, 195, 151, 202, 203, 204, 205, 208, 209, 214, 215, 136, 206, 207, 220, 221, 222, 223, 141, 137, 142, 197, 240, 241, 242, 243, 244, 245, 196, 90, 91, 78, 260, 261, 262, 263, 268, 269, 258, 274, 275, 259, 97, 96, 79, 266, 285, 282, 280, 284, 288, 289, 292, 293, 287, 281, 302, 303, 304, 305, 306, 312, 313, 307, 308, 309, 318, 319, 267, 283, 286, 326, 327, 328, 329, 330, 331, 334, 335, 336, 337, 340, 341, 300]
  列生成求解结果: 目标值=6.0000， 下界=5.7391， 上界=11.0000
    非整数变量: COL_11-15-23-27-4-7-9_422 = 0.515152
  解不是整数，开始分支...
ImposedVertex(vertex=23)
ForbidVertex(vertex=23)
  创建了 2 个分支
    添加分支节点 1: ID=344
    添加分支节点 2: ID=345

处理节点 301
  开始列生成求解...
Set parameter LogToConsole to value 0
Set parameter Threads to value 1
Set parameter Seed to value 0
  定价策略: Exact, node=301, vertices=17
Set parameter PoolSearchMode to value 2
Set parameter PoolSolutions to value 10
[CG 1] RMP=11.000000, pricing=ExactPricingSolver, new_columns=10
[CG 2] RMP=11.000000, pricing=ExactPricingSolver, new_columns=10
[CG 3] RMP=9.000000, pricing=ExactPricingSolver, new_columns=10
[CG 4] RMP=9.000000, pricing=ExactPricingSolver, new_columns=0
  搜索路径: [1, 2, 4, 5, 3, 8, 11, 14, 15, 16, 17, 19, 23, 24, 25, 27, 26, 30, 36, 37, 21, 22, 18, 33, 20, 31, 32, 53, 52, 54, 55, 57, 56, 10, 66, 67, 70, 71, 74, 75, 9, 80, 81, 84, 86, 87, 85, 92, 93, 43, 42, 12, 102, 103, 13, 108, 109, 49, 48, 114, 115, 116, 122, 123, 117, 118, 119, 62, 63, 106, 107, 99, 61, 60, 41, 98, 40, 138, 147, 148, 149, 139, 146, 162, 163, 166, 167, 168, 169, 170, 171, 143, 140, 112, 113, 184, 185, 150, 182, 183, 156, 157, 194, 195, 151, 202, 203, 204, 205, 208, 209, 214, 215, 136, 206, 207, 220, 221, 222, 223, 141, 137, 142, 197, 240, 241, 242, 243, 244, 245, 196, 90, 91, 78, 260, 261, 262, 263, 268, 269, 258, 274, 275, 259, 97, 96, 79, 266, 285, 282, 280, 284, 288, 289, 292, 293, 287, 281, 302, 303, 304, 305, 306, 312, 313, 307, 308, 309, 318, 319, 267, 283, 286, 326, 327, 328, 329, 330, 331, 334, 335, 336, 337, 340, 341, 300, 301]
  列生成求解结果: 目标值=9.0000， 下界=5.7391， 上界=11.0000
    非整数变量: COL_0-11-20-4-8-9_410 = 0.409091
  解不是整数，开始分支...
ImposedVertex(vertex=8)
ForbidVertex(vertex=8)
  创建了 2 个分支
    添加分支节点 1: ID=346
    添加分支节点 2: ID=347

处理节点 339
  开始列生成求解...
Set parameter LogToConsole to value 0
Set parameter Threads to value 1
Set parameter Seed to value 0
  定价策略: Exact, node=339, vertices=15
Set parameter PoolSearchMode to value 2
Set parameter PoolSolutions to value 10
[CG 1] RMP=12.000000, pricing=ExactPricingSolver, new_columns=10
[CG 2] RMP=6.461538, pricing=ExactPricingSolver, new_columns=10
[CG 3] RMP=5.739130, pricing=ExactPricingSolver, new_columns=0
  搜索路径: [1, 2, 4, 5, 3, 8, 11, 14, 15, 16, 17, 19, 23, 24, 25, 27, 26, 30, 36, 37, 21, 22, 18, 33, 20, 31, 32, 53, 52, 54, 55, 57, 56, 10, 66, 67, 70, 71, 74, 75, 9, 80, 81, 84, 86, 87, 85, 92, 93, 43, 42, 12, 102, 103, 13, 108, 109, 49, 48, 114, 115, 116, 122, 123, 117, 118, 119, 62, 63, 106, 107, 99, 61, 60, 41, 98, 40, 138, 147, 148, 149, 139, 146, 162, 163, 166, 167, 168, 169, 170, 171, 143, 140, 112, 113, 184, 185, 150, 182, 183, 156, 157, 194, 195, 151, 202, 203, 204, 205, 208, 209, 214, 215, 136, 206, 207, 220, 221, 222, 223, 141, 137, 142, 197, 240, 241, 242, 243, 244, 245, 196, 90, 91, 78, 260, 261, 262, 263, 268, 269, 258, 274, 275, 259, 97, 96, 79, 266, 285, 282, 280, 284, 288, 289, 292, 293, 287, 281, 302, 303, 304, 305, 306, 312, 313, 307, 308, 309, 318, 319, 267, 283, 286, 326, 327, 328, 329, 330, 331, 334, 335, 336, 337, 340, 341, 300, 301, 339]
  列生成求解结果: 目标值=5.7391， 下界=5.7391， 上界=11.0000
    非整数变量: COL_1-18-23-7-9_41 = 0.260870
  解不是整数，开始分支...
ImposedVertex(vertex=9)
ForbidVertex(vertex=9)
  创建了 2 个分支
    添加分支节点 1: ID=348
    添加分支节点 2: ID=349

处理节点 348
  开始列生成求解...
Set parameter LogToConsole to value 0
Set parameter Threads to value 1
Set parameter Seed to value 0
  定价策略: Exact, node=348, vertices=14
Set parameter PoolSearchMode to value 2
Set parameter PoolSolutions to value 10
[CG 1] RMP=2010.000000, pricing=ExactPricingSolver, new_columns=10
[CG 2] RMP=7.000000, pricing=ExactPricingSolver, new_columns=0
  搜索路径: [1, 2, 4, 5, 3, 8, 11, 14, 15, 16, 17, 19, 23, 24, 25, 27, 26, 30, 36, 37, 21, 22, 18, 33, 20, 31, 32, 53, 52, 54, 55, 57, 56, 10, 66, 67, 70, 71, 74, 75, 9, 80, 81, 84, 86, 87, 85, 92, 93, 43, 42, 12, 102, 103, 13, 108, 109, 49, 48, 114, 115, 116, 122, 123, 117, 118, 119, 62, 63, 106, 107, 99, 61, 60, 41, 98, 40, 138, 147, 148, 149, 139, 146, 162, 163, 166, 167, 168, 169, 170, 171, 143, 140, 112, 113, 184, 185, 150, 182, 183, 156, 157, 194, 195, 151, 202, 203, 204, 205, 208, 209, 214, 215, 136, 206, 207, 220, 221, 222, 223, 141, 137, 142, 197, 240, 241, 242, 243, 244, 245, 196, 90, 91, 78, 260, 261, 262, 263, 268, 269, 258, 274, 275, 259, 97, 96, 79, 266, 285, 282, 280, 284, 288, 289, 292, 293, 287, 281, 302, 303, 304, 305, 306, 312, 313, 307, 308, 309, 318, 319, 267, 283, 286, 326, 327, 328, 329, 330, 331, 334, 335, 336, 337, 340, 341, 300, 301, 339, 348]
  列生成求解结果: 目标值=7.0000， 下界=5.7391， 上界=11.0000
    非整数变量: COL_1-18-23-7-9_41 = 0.333333
  解不是整数，开始分支...
ImposedVertex(vertex=23)
ForbidVertex(vertex=23)
  创建了 2 个分支
    添加分支节点 1: ID=350
    添加分支节点 2: ID=351

处理节点 349
  开始列生成求解...
Set parameter LogToConsole to value 0
Set parameter Threads to value 1
Set parameter Seed to value 0
  定价策略: Exact, node=349, vertices=14
Set parameter PoolSearchMode to value 2
Set parameter PoolSolutions to value 10
[CG 1] RMP=11.000000, pricing=ExactPricingSolver, new_columns=0
  搜索路径: [1, 2, 4, 5, 3, 8, 11, 14, 15, 16, 17, 19, 23, 24, 25, 27, 26, 30, 36, 37, 21, 22, 18, 33, 20, 31, 32, 53, 52, 54, 55, 57, 56, 10, 66, 67, 70, 71, 74, 75, 9, 80, 81, 84, 86, 87, 85, 92, 93, 43, 42, 12, 102, 103, 13, 108, 109, 49, 48, 114, 115, 116, 122, 123, 117, 118, 119, 62, 63, 106, 107, 99, 61, 60, 41, 98, 40, 138, 147, 148, 149, 139, 146, 162, 163, 166, 167, 168, 169, 170, 171, 143, 140, 112, 113, 184, 185, 150, 182, 183, 156, 157, 194, 195, 151, 202, 203, 204, 205, 208, 209, 214, 215, 136, 206, 207, 220, 221, 222, 223, 141, 137, 142, 197, 240, 241, 242, 243, 244, 245, 196, 90, 91, 78, 260, 261, 262, 263, 268, 269, 258, 274, 275, 259, 97, 96, 79, 266, 285, 282, 280, 284, 288, 289, 292, 293, 287, 281, 302, 303, 304, 305, 306, 312, 313, 307, 308, 309, 318, 319, 267, 283, 286, 326, 327, 328, 329, 330, 331, 334, 335, 336, 337, 340, 341, 300, 301, 339, 348, 349]
  列生成求解结果: 目标值=11.0000， 下界=5.7391， 上界=11.0000

处理节点 338
  开始列生成求解...
Set parameter LogToConsole to value 0
Set parameter Threads to value 1
Set parameter Seed to value 0
  定价策略: Exact, node=338, vertices=15
Set parameter PoolSearchMode to value 2
Set parameter PoolSolutions to value 10
[CG 1] RMP=6.000000, pricing=ExactPricingSolver, new_columns=0
  搜索路径: [1, 2, 4, 5, 3, 8, 11, 14, 15, 16, 17, 19, 23, 24, 25, 27, 26, 30, 36, 37, 21, 22, 18, 33, 20, 31, 32, 53, 52, 54, 55, 57, 56, 10, 66, 67, 70, 71, 74, 75, 9, 80, 81, 84, 86, 87, 85, 92, 93, 43, 42, 12, 102, 103, 13, 108, 109, 49, 48, 114, 115, 116, 122, 123, 117, 118, 119, 62, 63, 106, 107, 99, 61, 60, 41, 98, 40, 138, 147, 148, 149, 139, 146, 162, 163, 166, 167, 168, 169, 170, 171, 143, 140, 112, 113, 184, 185, 150, 182, 183, 156, 157, 194, 195, 151, 202, 203, 204, 205, 208, 209, 214, 215, 136, 206, 207, 220, 221, 222, 223, 141, 137, 142, 197, 240, 241, 242, 243, 244, 245, 196, 90, 91, 78, 260, 261, 262, 263, 268, 269, 258, 274, 275, 259, 97, 96, 79, 266, 285, 282, 280, 284, 288, 289, 292, 293, 287, 281, 302, 303, 304, 305, 306, 312, 313, 307, 308, 309, 318, 319, 267, 283, 286, 326, 327, 328, 329, 330, 331, 334, 335, 336, 337, 340, 341, 300, 301, 339, 348, 349, 338]
  列生成求解结果: 目标值=6.0000， 下界=5.7391， 上界=11.0000
    非整数变量: COL_1-15-23-27-5-7_16 = 0.291667
  解不是整数，开始分支...
ImposedVertex(vertex=27)
ForbidVertex(vertex=27)
  创建了 2 个分支
    添加分支节点 1: ID=352
    添加分支节点 2: ID=353

处理节点 172
  开始列生成求解...
Set parameter LogToConsole to value 0
Set parameter Threads to value 1
Set parameter Seed to value 0
  定价策略: Exact, node=172, vertices=16
Set parameter PoolSearchMode to value 2
Set parameter PoolSolutions to value 10
[CG 1] RMP=10.000000, pricing=ExactPricingSolver, new_columns=10
[CG 2] RMP=9.000000, pricing=ExactPricingSolver, new_columns=0
  搜索路径: [1, 2, 4, 5, 3, 8, 11, 14, 15, 16, 17, 19, 23, 24, 25, 27, 26, 30, 36, 37, 21, 22, 18, 33, 20, 31, 32, 53, 52, 54, 55, 57, 56, 10, 66, 67, 70, 71, 74, 75, 9, 80, 81, 84, 86, 87, 85, 92, 93, 43, 42, 12, 102, 103, 13, 108, 109, 49, 48, 114, 115, 116, 122, 123, 117, 118, 119, 62, 63, 106, 107, 99, 61, 60, 41, 98, 40, 138, 147, 148, 149, 139, 146, 162, 163, 166, 167, 168, 169, 170, 171, 143, 140, 112, 113, 184, 185, 150, 182, 183, 156, 157, 194, 195, 151, 202, 203, 204, 205, 208, 209, 214, 215, 136, 206, 207, 220, 221, 222, 223, 141, 137, 142, 197, 240, 241, 242, 243, 244, 245, 196, 90, 91, 78, 260, 261, 262, 263, 268, 269, 258, 274, 275, 259, 97, 96, 79, 266, 285, 282, 280, 284, 288, 289, 292, 293, 287, 281, 302, 303, 304, 305, 306, 312, 313, 307, 308, 309, 318, 319, 267, 283, 286, 326, 327, 328, 329, 330, 331, 334, 335, 336, 337, 340, 341, 300, 301, 339, 348, 349, 338, 172]
  列生成求解结果: 目标值=9.0000， 下界=6.0000， 上界=11.0000
    非整数变量: COL_19-21-23-26-4-7_269 = 0.500000
  解不是整数，开始分支...
ImposedVertex(vertex=26)
ForbidVertex(vertex=26)
  创建了 2 个分支
    添加分支节点 1: ID=354
    添加分支节点 2: ID=355

处理节点 173
  开始列生成求解...
Set parameter LogToConsole to value 0
Set parameter Threads to value 1
Set parameter Seed to value 0
  定价策略: Exact, node=173, vertices=16
Set parameter PoolSearchMode to value 2
Set parameter PoolSolutions to value 10
[CG 1] RMP=8.000000, pricing=ExactPricingSolver, new_columns=0
  搜索路径: [1, 2, 4, 5, 3, 8, 11, 14, 15, 16, 17, 19, 23, 24, 25, 27, 26, 30, 36, 37, 21, 22, 18, 33, 20, 31, 32, 53, 52, 54, 55, 57, 56, 10, 66, 67, 70, 71, 74, 75, 9, 80, 81, 84, 86, 87, 85, 92, 93, 43, 42, 12, 102, 103, 13, 108, 109, 49, 48, 114, 115, 116, 122, 123, 117, 118, 119, 62, 63, 106, 107, 99, 61, 60, 41, 98, 40, 138, 147, 148, 149, 139, 146, 162, 163, 166, 167, 168, 169, 170, 171, 143, 140, 112, 113, 184, 185, 150, 182, 183, 156, 157, 194, 195, 151, 202, 203, 204, 205, 208, 209, 214, 215, 136, 206, 207, 220, 221, 222, 223, 141, 137, 142, 197, 240, 241, 242, 243, 244, 245, 196, 90, 91, 78, 260, 261, 262, 263, 268, 269, 258, 274, 275, 259, 97, 96, 79, 266, 285, 282, 280, 284, 288, 289, 292, 293, 287, 281, 302, 303, 304, 305, 306, 312, 313, 307, 308, 309, 318, 319, 267, 283, 286, 326, 327, 328, 329, 330, 331, 334, 335, 336, 337, 340, 341, 300, 301, 339, 348, 349, 338, 172, 173]
  列生成求解结果: 目标值=8.0000， 下界=6.0000， 上界=11.0000
    非整数变量: COL_14-15-20-24-4-7-9_656 = 0.666667
  解不是整数，开始分支...
ImposedVertex(vertex=14)
ForbidVertex(vertex=14)
  创建了 2 个分支
    添加分支节点 1: ID=356
    添加分支节点 2: ID=357

处理节点 352
  开始列生成求解...
Set parameter LogToConsole to value 0
Set parameter Threads to value 1
Set parameter Seed to value 0
  定价策略: Exact, node=352, vertices=14
Set parameter PoolSearchMode to value 2
Set parameter PoolSolutions to value 10
[CG 1] RMP=11.000000, pricing=ExactPricingSolver, new_columns=0
  搜索路径: [1, 2, 4, 5, 3, 8, 11, 14, 15, 16, 17, 19, 23, 24, 25, 27, 26, 30, 36, 37, 21, 22, 18, 33, 20, 31, 32, 53, 52, 54, 55, 57, 56, 10, 66, 67, 70, 71, 74, 75, 9, 80, 81, 84, 86, 87, 85, 92, 93, 43, 42, 12, 102, 103, 13, 108, 109, 49, 48, 114, 115, 116, 122, 123, 117, 118, 119, 62, 63, 106, 107, 99, 61, 60, 41, 98, 40, 138, 147, 148, 149, 139, 146, 162, 163, 166, 167, 168, 169, 170, 171, 143, 140, 112, 113, 184, 185, 150, 182, 183, 156, 157, 194, 195, 151, 202, 203, 204, 205, 208, 209, 214, 215, 136, 206, 207, 220, 221, 222, 223, 141, 137, 142, 197, 240, 241, 242, 243, 244, 245, 196, 90, 91, 78, 260, 261, 262, 263, 268, 269, 258, 274, 275, 259, 97, 96, 79, 266, 285, 282, 280, 284, 288, 289, 292, 293, 287, 281, 302, 303, 304, 305, 306, 312, 313, 307, 308, 309, 318, 319, 267, 283, 286, 326, 327, 328, 329, 330, 331, 334, 335, 336, 337, 340, 341, 300, 301, 339, 348, 349, 338, 172, 173, 352]
  列生成求解结果: 目标值=11.0000， 下界=6.0000， 上界=11.0000

处理节点 192
  开始列生成求解...
Set parameter LogToConsole to value 0
Set parameter Threads to value 1
Set parameter Seed to value 0
  定价策略: Exact, node=192, vertices=16
Set parameter PoolSearchMode to value 2
Set parameter PoolSolutions to value 10
[CG 1] RMP=8.000000, pricing=ExactPricingSolver, new_columns=0
  搜索路径: [1, 2, 4, 5, 3, 8, 11, 14, 15, 16, 17, 19, 23, 24, 25, 27, 26, 30, 36, 37, 21, 22, 18, 33, 20, 31, 32, 53, 52, 54, 55, 57, 56, 10, 66, 67, 70, 71, 74, 75, 9, 80, 81, 84, 86, 87, 85, 92, 93, 43, 42, 12, 102, 103, 13, 108, 109, 49, 48, 114, 115, 116, 122, 123, 117, 118, 119, 62, 63, 106, 107, 99, 61, 60, 41, 98, 40, 138, 147, 148, 149, 139, 146, 162, 163, 166, 167, 168, 169, 170, 171, 143, 140, 112, 113, 184, 185, 150, 182, 183, 156, 157, 194, 195, 151, 202, 203, 204, 205, 208, 209, 214, 215, 136, 206, 207, 220, 221, 222, 223, 141, 137, 142, 197, 240, 241, 242, 243, 244, 245, 196, 90, 91, 78, 260, 261, 262, 263, 268, 269, 258, 274, 275, 259, 97, 96, 79, 266, 285, 282, 280, 284, 288, 289, 292, 293, 287, 281, 302, 303, 304, 305, 306, 312, 313, 307, 308, 309, 318, 319, 267, 283, 286, 326, 327, 328, 329, 330, 331, 334, 335, 336, 337, 340, 341, 300, 301, 339, 348, 349, 338, 172, 173, 352, 192]
  列生成求解结果: 目标值=8.0000， 下界=6.0000， 上界=11.0000
    非整数变量: COL_11-15-20-25_23 = 0.277778
  解不是整数，开始分支...
ImposedVertex(vertex=26)
ForbidVertex(vertex=26)
  创建了 2 个分支
    添加分支节点 1: ID=358
    添加分支节点 2: ID=359

处理节点 193
  开始列生成求解...
Set parameter LogToConsole to value 0
Set parameter Threads to value 1
Set parameter Seed to value 0
  定价策略: Exact, node=193, vertices=16
Set parameter PoolSearchMode to value 2
Set parameter PoolSolutions to value 10
[CG 1] RMP=9.000000, pricing=ExactPricingSolver, new_columns=0
  搜索路径: [1, 2, 4, 5, 3, 8, 11, 14, 15, 16, 17, 19, 23, 24, 25, 27, 26, 30, 36, 37, 21, 22, 18, 33, 20, 31, 32, 53, 52, 54, 55, 57, 56, 10, 66, 67, 70, 71, 74, 75, 9, 80, 81, 84, 86, 87, 85, 92, 93, 43, 42, 12, 102, 103, 13, 108, 109, 49, 48, 114, 115, 116, 122, 123, 117, 118, 119, 62, 63, 106, 107, 99, 61, 60, 41, 98, 40, 138, 147, 148, 149, 139, 146, 162, 163, 166, 167, 168, 169, 170, 171, 143, 140, 112, 113, 184, 185, 150, 182, 183, 156, 157, 194, 195, 151, 202, 203, 204, 205, 208, 209, 214, 215, 136, 206, 207, 220, 221, 222, 223, 141, 137, 142, 197, 240, 241, 242, 243, 244, 245, 196, 90, 91, 78, 260, 261, 262, 263, 268, 269, 258, 274, 275, 259, 97, 96, 79, 266, 285, 282, 280, 284, 288, 289, 292, 293, 287, 281, 302, 303, 304, 305, 306, 312, 313, 307, 308, 309, 318, 319, 267, 283, 286, 326, 327, 328, 329, 330, 331, 334, 335, 336, 337, 340, 341, 300, 301, 339, 348, 349, 338, 172, 173, 352, 192, 193]
  列生成求解结果: 目标值=9.0000， 下界=6.0000， 上界=11.0000
    非整数变量: COL_0-21_58 = 0.100000
  解不是整数，开始分支...
ImposedVertex(vertex=7)
ForbidVertex(vertex=7)
  创建了 2 个分支
    添加分支节点 1: ID=360
    添加分支节点 2: ID=361

处理节点 353
  开始列生成求解...
Set parameter LogToConsole to value 0
Set parameter Threads to value 1
Set parameter Seed to value 0
  定价策略: Exact, node=353, vertices=14
Set parameter PoolSearchMode to value 2
Set parameter PoolSolutions to value 10
[CG 1] RMP=12.000000, pricing=ExactPricingSolver, new_columns=0
  搜索路径: [1, 2, 4, 5, 3, 8, 11, 14, 15, 16, 17, 19, 23, 24, 25, 27, 26, 30, 36, 37, 21, 22, 18, 33, 20, 31, 32, 53, 52, 54, 55, 57, 56, 10, 66, 67, 70, 71, 74, 75, 9, 80, 81, 84, 86, 87, 85, 92, 93, 43, 42, 12, 102, 103, 13, 108, 109, 49, 48, 114, 115, 116, 122, 123, 117, 118, 119, 62, 63, 106, 107, 99, 61, 60, 41, 98, 40, 138, 147, 148, 149, 139, 146, 162, 163, 166, 167, 168, 169, 170, 171, 143, 140, 112, 113, 184, 185, 150, 182, 183, 156, 157, 194, 195, 151, 202, 203, 204, 205, 208, 209, 214, 215, 136, 206, 207, 220, 221, 222, 223, 141, 137, 142, 197, 240, 241, 242, 243, 244, 245, 196, 90, 91, 78, 260, 261, 262, 263, 268, 269, 258, 274, 275, 259, 97, 96, 79, 266, 285, 282, 280, 284, 288, 289, 292, 293, 287, 281, 302, 303, 304, 305, 306, 312, 313, 307, 308, 309, 318, 319, 267, 283, 286, 326, 327, 328, 329, 330, 331, 334, 335, 336, 337, 340, 341, 300, 301, 339, 348, 349, 338, 172, 173, 352, 192, 193, 353]
  列生成求解结果: 目标值=12.0000， 下界=6.0000， 上界=11.0000

处理节点 344
  开始列生成求解...
Set parameter LogToConsole to value 0
Set parameter Threads to value 1
Set parameter Seed to value 0
  定价策略: Exact, node=344, vertices=15
Set parameter PoolSearchMode to value 2
Set parameter PoolSolutions to value 10
[CG 1] RMP=11.000000, pricing=ExactPricingSolver, new_columns=10
[CG 2] RMP=6.000000, pricing=ExactPricingSolver, new_columns=10
[CG 3] RMP=6.000000, pricing=ExactPricingSolver, new_columns=0
  搜索路径: [1, 2, 4, 5, 3, 8, 11, 14, 15, 16, 17, 19, 23, 24, 25, 27, 26, 30, 36, 37, 21, 22, 18, 33, 20, 31, 32, 53, 52, 54, 55, 57, 56, 10, 66, 67, 70, 71, 74, 75, 9, 80, 81, 84, 86, 87, 85, 92, 93, 43, 42, 12, 102, 103, 13, 108, 109, 49, 48, 114, 115, 116, 122, 123, 117, 118, 119, 62, 63, 106, 107, 99, 61, 60, 41, 98, 40, 138, 147, 148, 149, 139, 146, 162, 163, 166, 167, 168, 169, 170, 171, 143, 140, 112, 113, 184, 185, 150, 182, 183, 156, 157, 194, 195, 151, 202, 203, 204, 205, 208, 209, 214, 215, 136, 206, 207, 220, 221, 222, 223, 141, 137, 142, 197, 240, 241, 242, 243, 244, 245, 196, 90, 91, 78, 260, 261, 262, 263, 268, 269, 258, 274, 275, 259, 97, 96, 79, 266, 285, 282, 280, 284, 288, 289, 292, 293, 287, 281, 302, 303, 304, 305, 306, 312, 313, 307, 308, 309, 318, 319, 267, 283, 286, 326, 327, 328, 329, 330, 331, 334, 335, 336, 337, 340, 341, 300, 301, 339, 348, 349, 338, 172, 173, 352, 192, 193, 353, 344]
  列生成求解结果: 目标值=6.0000， 下界=6.0000， 上界=11.0000
    非整数变量: COL_0-11-15-20-7-9_413 = 0.250000
  解不是整数，开始分支...
ImposedVertex(vertex=20)
ForbidVertex(vertex=20)
  创建了 2 个分支
    添加分支节点 1: ID=362
    添加分支节点 2: ID=363

处理节点 362
  开始列生成求解...
Set parameter LogToConsole to value 0
Set parameter Threads to value 1
Set parameter Seed to value 0
  定价策略: Exact, node=362, vertices=14
Set parameter PoolSearchMode to value 2
Set parameter PoolSolutions to value 10
[CG 1] RMP=12.000000, pricing=ExactPricingSolver, new_columns=10
[CG 2] RMP=8.000000, pricing=ExactPricingSolver, new_columns=0
  搜索路径: [1, 2, 4, 5, 3, 8, 11, 14, 15, 16, 17, 19, 23, 24, 25, 27, 26, 30, 36, 37, 21, 22, 18, 33, 20, 31, 32, 53, 52, 54, 55, 57, 56, 10, 66, 67, 70, 71, 74, 75, 9, 80, 81, 84, 86, 87, 85, 92, 93, 43, 42, 12, 102, 103, 13, 108, 109, 49, 48, 114, 115, 116, 122, 123, 117, 118, 119, 62, 63, 106, 107, 99, 61, 60, 41, 98, 40, 138, 147, 148, 149, 139, 146, 162, 163, 166, 167, 168, 169, 170, 171, 143, 140, 112, 113, 184, 185, 150, 182, 183, 156, 157, 194, 195, 151, 202, 203, 204, 205, 208, 209, 214, 215, 136, 206, 207, 220, 221, 222, 223, 141, 137, 142, 197, 240, 241, 242, 243, 244, 245, 196, 90, 91, 78, 260, 261, 262, 263, 268, 269, 258, 274, 275, 259, 97, 96, 79, 266, 285, 282, 280, 284, 288, 289, 292, 293, 287, 281, 302, 303, 304, 305, 306, 312, 313, 307, 308, 309, 318, 319, 267, 283, 286, 326, 327, 328, 329, 330, 331, 334, 335, 336, 337, 340, 341, 300, 301, 339, 348, 349, 338, 172, 173, 352, 192, 193, 353, 344, 362]
  列生成求解结果: 目标值=8.0000， 下界=6.0000， 上界=11.0000
    非整数变量: COL_0-11-15-20-7-9_413 = 0.166667
  解不是整数，开始分支...
ImposedVertex(vertex=27)
ForbidVertex(vertex=27)
  创建了 2 个分支
    添加分支节点 1: ID=364
    添加分支节点 2: ID=365

处理节点 363
  开始列生成求解...
Set parameter LogToConsole to value 0
Set parameter Threads to value 1
Set parameter Seed to value 0
  定价策略: Exact, node=363, vertices=14
Set parameter PoolSearchMode to value 2
Set parameter PoolSolutions to value 10
[CG 1] RMP=11.000000, pricing=ExactPricingSolver, new_columns=10
[CG 2] RMP=9.000000, pricing=ExactPricingSolver, new_columns=0
  搜索路径: [1, 2, 4, 5, 3, 8, 11, 14, 15, 16, 17, 19, 23, 24, 25, 27, 26, 30, 36, 37, 21, 22, 18, 33, 20, 31, 32, 53, 52, 54, 55, 57, 56, 10, 66, 67, 70, 71, 74, 75, 9, 80, 81, 84, 86, 87, 85, 92, 93, 43, 42, 12, 102, 103, 13, 108, 109, 49, 48, 114, 115, 116, 122, 123, 117, 118, 119, 62, 63, 106, 107, 99, 61, 60, 41, 98, 40, 138, 147, 148, 149, 139, 146, 162, 163, 166, 167, 168, 169, 170, 171, 143, 140, 112, 113, 184, 185, 150, 182, 183, 156, 157, 194, 195, 151, 202, 203, 204, 205, 208, 209, 214, 215, 136, 206, 207, 220, 221, 222, 223, 141, 137, 142, 197, 240, 241, 242, 243, 244, 245, 196, 90, 91, 78, 260, 261, 262, 263, 268, 269, 258, 274, 275, 259, 97, 96, 79, 266, 285, 282, 280, 284, 288, 289, 292, 293, 287, 281, 302, 303, 304, 305, 306, 312, 313, 307, 308, 309, 318, 319, 267, 283, 286, 326, 327, 328, 329, 330, 331, 334, 335, 336, 337, 340, 341, 300, 301, 339, 348, 349, 338, 172, 173, 352, 192, 193, 353, 344, 362, 363]
  列生成求解结果: 目标值=9.0000， 下界=6.0000， 上界=11.0000
    非整数变量: COL_15-23-27-4-7-9_421 = 0.333333
  解不是整数，开始分支...
ImposedVertex(vertex=27)
ForbidVertex(vertex=27)
  创建了 2 个分支
    添加分支节点 1: ID=366
    添加分支节点 2: ID=367
  进度: 已处理 200 个节点, 剩余 133 个, 当前最优 11.0000, 当前列数: 1608

处理节点 190
  开始列生成求解...
Set parameter LogToConsole to value 0
Set parameter Threads to value 1
Set parameter Seed to value 0
  定价策略: Exact, node=190, vertices=18
Set parameter PoolSearchMode to value 2
Set parameter PoolSolutions to value 10
[CG 1] RMP=8.000000, pricing=ExactPricingSolver, new_columns=0
  搜索路径: [1, 2, 4, 5, 3, 8, 11, 14, 15, 16, 17, 19, 23, 24, 25, 27, 26, 30, 36, 37, 21, 22, 18, 33, 20, 31, 32, 53, 52, 54, 55, 57, 56, 10, 66, 67, 70, 71, 74, 75, 9, 80, 81, 84, 86, 87, 85, 92, 93, 43, 42, 12, 102, 103, 13, 108, 109, 49, 48, 114, 115, 116, 122, 123, 117, 118, 119, 62, 63, 106, 107, 99, 61, 60, 41, 98, 40, 138, 147, 148, 149, 139, 146, 162, 163, 166, 167, 168, 169, 170, 171, 143, 140, 112, 113, 184, 185, 150, 182, 183, 156, 157, 194, 195, 151, 202, 203, 204, 205, 208, 209, 214, 215, 136, 206, 207, 220, 221, 222, 223, 141, 137, 142, 197, 240, 241, 242, 243, 244, 245, 196, 90, 91, 78, 260, 261, 262, 263, 268, 269, 258, 274, 275, 259, 97, 96, 79, 266, 285, 282, 280, 284, 288, 289, 292, 293, 287, 281, 302, 303, 304, 305, 306, 312, 313, 307, 308, 309, 318, 319, 267, 283, 286, 326, 327, 328, 329, 330, 331, 334, 335, 336, 337, 340, 341, 300, 301, 339, 348, 349, 338, 172, 173, 352, 192, 193, 353, 344, 362, 363, 190]
  列生成求解结果: 目标值=8.0000， 下界=6.0000， 上界=11.0000
    非整数变量: COL_11-15-20-24_19 = 0.428571
  解不是整数，开始分支...
ImposedVertex(vertex=24)
ForbidVertex(vertex=24)
  创建了 2 个分支
    添加分支节点 1: ID=368
    添加分支节点 2: ID=369

处理节点 145
  开始列生成求解...
Set parameter LogToConsole to value 0
Set parameter Threads to value 1
Set parameter Seed to value 0
  定价策略: Exact, node=145, vertices=20
Set parameter PoolSearchMode to value 2
Set parameter PoolSolutions to value 10
[CG 1] RMP=11.000000, pricing=ExactPricingSolver, new_columns=10
[CG 2] RMP=9.000000, pricing=ExactPricingSolver, new_columns=0
  搜索路径: [1, 2, 4, 5, 3, 8, 11, 14, 15, 16, 17, 19, 23, 24, 25, 27, 26, 30, 36, 37, 21, 22, 18, 33, 20, 31, 32, 53, 52, 54, 55, 57, 56, 10, 66, 67, 70, 71, 74, 75, 9, 80, 81, 84, 86, 87, 85, 92, 93, 43, 42, 12, 102, 103, 13, 108, 109, 49, 48, 114, 115, 116, 122, 123, 117, 118, 119, 62, 63, 106, 107, 99, 61, 60, 41, 98, 40, 138, 147, 148, 149, 139, 146, 162, 163, 166, 167, 168, 169, 170, 171, 143, 140, 112, 113, 184, 185, 150, 182, 183, 156, 157, 194, 195, 151, 202, 203, 204, 205, 208, 209, 214, 215, 136, 206, 207, 220, 221, 222, 223, 141, 137, 142, 197, 240, 241, 242, 243, 244, 245, 196, 90, 91, 78, 260, 261, 262, 263, 268, 269, 258, 274, 275, 259, 97, 96, 79, 266, 285, 282, 280, 284, 288, 289, 292, 293, 287, 281, 302, 303, 304, 305, 306, 312, 313, 307, 308, 309, 318, 319, 267, 283, 286, 326, 327, 328, 329, 330, 331, 334, 335, 336, 337, 340, 341, 300, 301, 339, 348, 349, 338, 172, 173, 352, 192, 193, 353, 344, 362, 363, 190, 145]
  列生成求解结果: 目标值=9.0000， 下界=6.0000， 上界=11.0000
    非整数变量: COL_18-24-9_33 = 0.333333
  解不是整数，开始分支...
ImposedVertex(vertex=9)
ForbidVertex(vertex=9)
  创建了 2 个分支
    添加分支节点 1: ID=370
    添加分支节点 2: ID=371

处理节点 345
  开始列生成求解...
Set parameter LogToConsole to value 0
Set parameter Threads to value 1
Set parameter Seed to value 0
  定价策略: Exact, node=345, vertices=15
Set parameter PoolSearchMode to value 2
Set parameter PoolSolutions to value 10
[CG 1] RMP=9.000000, pricing=ExactPricingSolver, new_columns=0
  搜索路径: [1, 2, 4, 5, 3, 8, 11, 14, 15, 16, 17, 19, 23, 24, 25, 27, 26, 30, 36, 37, 21, 22, 18, 33, 20, 31, 32, 53, 52, 54, 55, 57, 56, 10, 66, 67, 70, 71, 74, 75, 9, 80, 81, 84, 86, 87, 85, 92, 93, 43, 42, 12, 102, 103, 13, 108, 109, 49, 48, 114, 115, 116, 122, 123, 117, 118, 119, 62, 63, 106, 107, 99, 61, 60, 41, 98, 40, 138, 147, 148, 149, 139, 146, 162, 163, 166, 167, 168, 169, 170, 171, 143, 140, 112, 113, 184, 185, 150, 182, 183, 156, 157, 194, 195, 151, 202, 203, 204, 205, 208, 209, 214, 215, 136, 206, 207, 220, 221, 222, 223, 141, 137, 142, 197, 240, 241, 242, 243, 244, 245, 196, 90, 91, 78, 260, 261, 262, 263, 268, 269, 258, 274, 275, 259, 97, 96, 79, 266, 285, 282, 280, 284, 288, 289, 292, 293, 287, 281, 302, 303, 304, 305, 306, 312, 313, 307, 308, 309, 318, 319, 267, 283, 286, 326, 327, 328, 329, 330, 331, 334, 335, 336, 337, 340, 341, 300, 301, 339, 348, 349, 338, 172, 173, 352, 192, 193, 353, 344, 362, 363, 190, 145, 345]
  列生成求解结果: 目标值=9.0000， 下界=6.0000， 上界=11.0000
    非整数变量: COL_0-11-15-20-7-9_413 = 0.125000
  解不是整数，开始分支...
ImposedVertex(vertex=20)
ForbidVertex(vertex=20)
  创建了 2 个分支
    添加分支节点 1: ID=372
    添加分支节点 2: ID=373

处理节点 144
  开始列生成求解...
Set parameter LogToConsole to value 0
Set parameter Threads to value 1
Set parameter Seed to value 0
  定价策略: Exact, node=144, vertices=20
Set parameter PoolSearchMode to value 2
Set parameter PoolSolutions to value 10
[CG 1] RMP=12.000000, pricing=ExactPricingSolver, new_columns=10
[CG 2] RMP=8.000000, pricing=ExactPricingSolver, new_columns=0
  搜索路径: [1, 2, 4, 5, 3, 8, 11, 14, 15, 16, 17, 19, 23, 24, 25, 27, 26, 30, 36, 37, 21, 22, 18, 33, 20, 31, 32, 53, 52, 54, 55, 57, 56, 10, 66, 67, 70, 71, 74, 75, 9, 80, 81, 84, 86, 87, 85, 92, 93, 43, 42, 12, 102, 103, 13, 108, 109, 49, 48, 114, 115, 116, 122, 123, 117, 118, 119, 62, 63, 106, 107, 99, 61, 60, 41, 98, 40, 138, 147, 148, 149, 139, 146, 162, 163, 166, 167, 168, 169, 170, 171, 143, 140, 112, 113, 184, 185, 150, 182, 183, 156, 157, 194, 195, 151, 202, 203, 204, 205, 208, 209, 214, 215, 136, 206, 207, 220, 221, 222, 223, 141, 137, 142, 197, 240, 241, 242, 243, 244, 245, 196, 90, 91, 78, 260, 261, 262, 263, 268, 269, 258, 274, 275, 259, 97, 96, 79, 266, 285, 282, 280, 284, 288, 289, 292, 293, 287, 281, 302, 303, 304, 305, 306, 312, 313, 307, 308, 309, 318, 319, 267, 283, 286, 326, 327, 328, 329, 330, 331, 334, 335, 336, 337, 340, 341, 300, 301, 339, 348, 349, 338, 172, 173, 352, 192, 193, 353, 344, 362, 363, 190, 145, 345, 144]
  列生成求解结果: 目标值=8.0000， 下界=6.0000， 上界=11.0000
    非整数变量: COL_11-15-20-24_19 = 0.222222
  解不是整数，开始分支...
ImposedVertex(vertex=24)
ForbidVertex(vertex=24)
  创建了 2 个分支
    添加分支节点 1: ID=374
    添加分支节点 2: ID=375

处理节点 191
  开始列生成求解...
Set parameter LogToConsole to value 0
Set parameter Threads to value 1
Set parameter Seed to value 0
  定价策略: Exact, node=191, vertices=18
Set parameter PoolSearchMode to value 2
Set parameter PoolSolutions to value 10
[CG 1] RMP=9.000000, pricing=ExactPricingSolver, new_columns=0
  搜索路径: [1, 2, 4, 5, 3, 8, 11, 14, 15, 16, 17, 19, 23, 24, 25, 27, 26, 30, 36, 37, 21, 22, 18, 33, 20, 31, 32, 53, 52, 54, 55, 57, 56, 10, 66, 67, 70, 71, 74, 75, 9, 80, 81, 84, 86, 87, 85, 92, 93, 43, 42, 12, 102, 103, 13, 108, 109, 49, 48, 114, 115, 116, 122, 123, 117, 118, 119, 62, 63, 106, 107, 99, 61, 60, 41, 98, 40, 138, 147, 148, 149, 139, 146, 162, 163, 166, 167, 168, 169, 170, 171, 143, 140, 112, 113, 184, 185, 150, 182, 183, 156, 157, 194, 195, 151, 202, 203, 204, 205, 208, 209, 214, 215, 136, 206, 207, 220, 221, 222, 223, 141, 137, 142, 197, 240, 241, 242, 243, 244, 245, 196, 90, 91, 78, 260, 261, 262, 263, 268, 269, 258, 274, 275, 259, 97, 96, 79, 266, 285, 282, 280, 284, 288, 289, 292, 293, 287, 281, 302, 303, 304, 305, 306, 312, 313, 307, 308, 309, 318, 319, 267, 283, 286, 326, 327, 328, 329, 330, 331, 334, 335, 336, 337, 340, 341, 300, 301, 339, 348, 349, 338, 172, 173, 352, 192, 193, 353, 344, 362, 363, 190, 145, 345, 144, 191]
  列生成求解结果: 目标值=9.0000， 下界=6.0000， 上界=11.0000
    非整数变量: COL_1-11-15-18-23-7-9_43 = 0.900000
  解不是整数，开始分支...
ImposedVertex(vertex=7)
ForbidVertex(vertex=7)
  创建了 2 个分支
    添加分支节点 1: ID=376
    添加分支节点 2: ID=377

处理节点 295
  开始列生成求解...
Set parameter LogToConsole to value 0
Set parameter Threads to value 1
Set parameter Seed to value 0
  定价策略: Exact, node=295, vertices=18
Set parameter PoolSearchMode to value 2
Set parameter PoolSolutions to value 10
[CG 1] RMP=8.000000, pricing=ExactPricingSolver, new_columns=0
  搜索路径: [1, 2, 4, 5, 3, 8, 11, 14, 15, 16, 17, 19, 23, 24, 25, 27, 26, 30, 36, 37, 21, 22, 18, 33, 20, 31, 32, 53, 52, 54, 55, 57, 56, 10, 66, 67, 70, 71, 74, 75, 9, 80, 81, 84, 86, 87, 85, 92, 93, 43, 42, 12, 102, 103, 13, 108, 109, 49, 48, 114, 115, 116, 122, 123, 117, 118, 119, 62, 63, 106, 107, 99, 61, 60, 41, 98, 40, 138, 147, 148, 149, 139, 146, 162, 163, 166, 167, 168, 169, 170, 171, 143, 140, 112, 113, 184, 185, 150, 182, 183, 156, 157, 194, 195, 151, 202, 203, 204, 205, 208, 209, 214, 215, 136, 206, 207, 220, 221, 222, 223, 141, 137, 142, 197, 240, 241, 242, 243, 244, 245, 196, 90, 91, 78, 260, 261, 262, 263, 268, 269, 258, 274, 275, 259, 97, 96, 79, 266, 285, 282, 280, 284, 288, 289, 292, 293, 287, 281, 302, 303, 304, 305, 306, 312, 313, 307, 308, 309, 318, 319, 267, 283, 286, 326, 327, 328, 329, 330, 331, 334, 335, 336, 337, 340, 341, 300, 301, 339, 348, 349, 338, 172, 173, 352, 192, 193, 353, 344, 362, 363, 190, 145, 345, 144, 191, 295]
  列生成求解结果: 目标值=8.0000， 下界=6.0000， 上界=11.0000
    非整数变量: COL_18-23-9_35 = 0.363636
  解不是整数，开始分支...
ImposedVertex(vertex=7)
ForbidVertex(vertex=7)
  创建了 2 个分支
    添加分支节点 1: ID=378
    添加分支节点 2: ID=379

处理节点 294
  开始列生成求解...
Set parameter LogToConsole to value 0
Set parameter Threads to value 1
Set parameter Seed to value 0
  定价策略: Exact, node=294, vertices=18
Set parameter PoolSearchMode to value 2
Set parameter PoolSolutions to value 10
[CG 1] RMP=2010.000000, pricing=ExactPricingSolver, new_columns=10
[CG 2] RMP=9.000000, pricing=ExactPricingSolver, new_columns=0
  搜索路径: [1, 2, 4, 5, 3, 8, 11, 14, 15, 16, 17, 19, 23, 24, 25, 27, 26, 30, 36, 37, 21, 22, 18, 33, 20, 31, 32, 53, 52, 54, 55, 57, 56, 10, 66, 67, 70, 71, 74, 75, 9, 80, 81, 84, 86, 87, 85, 92, 93, 43, 42, 12, 102, 103, 13, 108, 109, 49, 48, 114, 115, 116, 122, 123, 117, 118, 119, 62, 63, 106, 107, 99, 61, 60, 41, 98, 40, 138, 147, 148, 149, 139, 146, 162, 163, 166, 167, 168, 169, 170, 171, 143, 140, 112, 113, 184, 185, 150, 182, 183, 156, 157, 194, 195, 151, 202, 203, 204, 205, 208, 209, 214, 215, 136, 206, 207, 220, 221, 222, 223, 141, 137, 142, 197, 240, 241, 242, 243, 244, 245, 196, 90, 91, 78, 260, 261, 262, 263, 268, 269, 258, 274, 275, 259, 97, 96, 79, 266, 285, 282, 280, 284, 288, 289, 292, 293, 287, 281, 302, 303, 304, 305, 306, 312, 313, 307, 308, 309, 318, 319, 267, 283, 286, 326, 327, 328, 329, 330, 331, 334, 335, 336, 337, 340, 341, 300, 301, 339, 348, 349, 338, 172, 173, 352, 192, 193, 353, 344, 362, 363, 190, 145, 345, 144, 191, 295, 294]
  列生成求解结果: 目标值=9.0000， 下界=6.0000， 上界=11.0000
    非整数变量: COL_18-23-9_35 = 0.285714
  解不是整数，开始分支...
ImposedVertex(vertex=18)
ForbidVertex(vertex=18)
  创建了 2 个分支
    添加分支节点 1: ID=380
    添加分支节点 2: ID=381

处理节点 265
  开始列生成求解...
Set parameter LogToConsole to value 0
Set parameter Threads to value 1
Set parameter Seed to value 0
  定价策略: Exact, node=265, vertices=19
Set parameter PoolSearchMode to value 2
Set parameter PoolSolutions to value 10
[CG 1] RMP=6.307167, pricing=ExactPricingSolver, new_columns=0
  搜索路径: [1, 2, 4, 5, 3, 8, 11, 14, 15, 16, 17, 19, 23, 24, 25, 27, 26, 30, 36, 37, 21, 22, 18, 33, 20, 31, 32, 53, 52, 54, 55, 57, 56, 10, 66, 67, 70, 71, 74, 75, 9, 80, 81, 84, 86, 87, 85, 92, 93, 43, 42, 12, 102, 103, 13, 108, 109, 49, 48, 114, 115, 116, 122, 123, 117, 118, 119, 62, 63, 106, 107, 99, 61, 60, 41, 98, 40, 138, 147, 148, 149, 139, 146, 162, 163, 166, 167, 168, 169, 170, 171, 143, 140, 112, 113, 184, 185, 150, 182, 183, 156, 157, 194, 195, 151, 202, 203, 204, 205, 208, 209, 214, 215, 136, 206, 207, 220, 221, 222, 223, 141, 137, 142, 197, 240, 241, 242, 243, 244, 245, 196, 90, 91, 78, 260, 261, 262, 263, 268, 269, 258, 274, 275, 259, 97, 96, 79, 266, 285, 282, 280, 284, 288, 289, 292, 293, 287, 281, 302, 303, 304, 305, 306, 312, 313, 307, 308, 309, 318, 319, 267, 283, 286, 326, 327, 328, 329, 330, 331, 334, 335, 336, 337, 340, 341, 300, 301, 339, 348, 349, 338, 172, 173, 352, 192, 193, 353, 344, 362, 363, 190, 145, 345, 144, 191, 295, 294, 265]
  列生成求解结果: 目标值=6.3072， 下界=6.3072， 上界=11.0000
    非整数变量: COL_1-21-5-7_62 = 0.275313
  解不是整数，开始分支...
ImposedVertex(vertex=1)
ForbidVertex(vertex=1)
  创建了 2 个分支
    添加分支节点 1: ID=382
    添加分支节点 2: ID=383

处理节点 264
  开始列生成求解...
Set parameter LogToConsole to value 0
Set parameter Threads to value 1
Set parameter Seed to value 0
  定价策略: Exact, node=264, vertices=18
Set parameter PoolSearchMode to value 2
Set parameter PoolSolutions to value 10
[CG 1] RMP=6.307167, pricing=ExactPricingSolver, new_columns=0
  搜索路径: [1, 2, 4, 5, 3, 8, 11, 14, 15, 16, 17, 19, 23, 24, 25, 27, 26, 30, 36, 37, 21, 22, 18, 33, 20, 31, 32, 53, 52, 54, 55, 57, 56, 10, 66, 67, 70, 71, 74, 75, 9, 80, 81, 84, 86, 87, 85, 92, 93, 43, 42, 12, 102, 103, 13, 108, 109, 49, 48, 114, 115, 116, 122, 123, 117, 118, 119, 62, 63, 106, 107, 99, 61, 60, 41, 98, 40, 138, 147, 148, 149, 139, 146, 162, 163, 166, 167, 168, 169, 170, 171, 143, 140, 112, 113, 184, 185, 150, 182, 183, 156, 157, 194, 195, 151, 202, 203, 204, 205, 208, 209, 214, 215, 136, 206, 207, 220, 221, 222, 223, 141, 137, 142, 197, 240, 241, 242, 243, 244, 245, 196, 90, 91, 78, 260, 261, 262, 263, 268, 269, 258, 274, 275, 259, 97, 96, 79, 266, 285, 282, 280, 284, 288, 289, 292, 293, 287, 281, 302, 303, 304, 305, 306, 312, 313, 307, 308, 309, 318, 319, 267, 283, 286, 326, 327, 328, 329, 330, 331, 334, 335, 336, 337, 340, 341, 300, 301, 339, 348, 349, 338, 172, 173, 352, 192, 193, 353, 344, 362, 363, 190, 145, 345, 144, 191, 295, 294, 265, 264]
  列生成求解结果: 目标值=6.3072， 下界=6.3072， 上界=11.0000
    非整数变量: COL_13-16-19_4 = 0.098976
  解不是整数，开始分支...
ImposedVertex(vertex=19)
ForbidVertex(vertex=19)
  创建了 2 个分支
    添加分支节点 1: ID=384
    添加分支节点 2: ID=385

处理节点 382
  开始列生成求解...
Set parameter LogToConsole to value 0
Set parameter Threads to value 1
Set parameter Seed to value 0
  定价策略: Exact, node=382, vertices=18
Set parameter PoolSearchMode to value 2
Set parameter PoolSolutions to value 10
[CG 1] RMP=12.000000, pricing=ExactPricingSolver, new_columns=10
[CG 2] RMP=11.000000, pricing=ExactPricingSolver, new_columns=0
  搜索路径: [1, 2, 4, 5, 3, 8, 11, 14, 15, 16, 17, 19, 23, 24, 25, 27, 26, 30, 36, 37, 21, 22, 18, 33, 20, 31, 32, 53, 52, 54, 55, 57, 56, 10, 66, 67, 70, 71, 74, 75, 9, 80, 81, 84, 86, 87, 85, 92, 93, 43, 42, 12, 102, 103, 13, 108, 109, 49, 48, 114, 115, 116, 122, 123, 117, 118, 119, 62, 63, 106, 107, 99, 61, 60, 41, 98, 40, 138, 147, 148, 149, 139, 146, 162, 163, 166, 167, 168, 169, 170, 171, 143, 140, 112, 113, 184, 185, 150, 182, 183, 156, 157, 194, 195, 151, 202, 203, 204, 205, 208, 209, 214, 215, 136, 206, 207, 220, 221, 222, 223, 141, 137, 142, 197, 240, 241, 242, 243, 244, 245, 196, 90, 91, 78, 260, 261, 262, 263, 268, 269, 258, 274, 275, 259, 97, 96, 79, 266, 285, 282, 280, 284, 288, 289, 292, 293, 287, 281, 302, 303, 304, 305, 306, 312, 313, 307, 308, 309, 318, 319, 267, 283, 286, 326, 327, 328, 329, 330, 331, 334, 335, 336, 337, 340, 341, 300, 301, 339, 348, 349, 338, 172, 173, 352, 192, 193, 353, 344, 362, 363, 190, 145, 345, 144, 191, 295, 294, 265, 264, 382]
  列生成求解结果: 目标值=11.0000， 下界=6.3072， 上界=11.0000

处理节点 383
  开始列生成求解...
Set parameter LogToConsole to value 0
Set parameter Threads to value 1
Set parameter Seed to value 0
  定价策略: Exact, node=383, vertices=18
Set parameter PoolSearchMode to value 2
Set parameter PoolSolutions to value 10
[CG 1] RMP=12.000000, pricing=ExactPricingSolver, new_columns=0
  搜索路径: [1, 2, 4, 5, 3, 8, 11, 14, 15, 16, 17, 19, 23, 24, 25, 27, 26, 30, 36, 37, 21, 22, 18, 33, 20, 31, 32, 53, 52, 54, 55, 57, 56, 10, 66, 67, 70, 71, 74, 75, 9, 80, 81, 84, 86, 87, 85, 92, 93, 43, 42, 12, 102, 103, 13, 108, 109, 49, 48, 114, 115, 116, 122, 123, 117, 118, 119, 62, 63, 106, 107, 99, 61, 60, 41, 98, 40, 138, 147, 148, 149, 139, 146, 162, 163, 166, 167, 168, 169, 170, 171, 143, 140, 112, 113, 184, 185, 150, 182, 183, 156, 157, 194, 195, 151, 202, 203, 204, 205, 208, 209, 214, 215, 136, 206, 207, 220, 221, 222, 223, 141, 137, 142, 197, 240, 241, 242, 243, 244, 245, 196, 90, 91, 78, 260, 261, 262, 263, 268, 269, 258, 274, 275, 259, 97, 96, 79, 266, 285, 282, 280, 284, 288, 289, 292, 293, 287, 281, 302, 303, 304, 305, 306, 312, 313, 307, 308, 309, 318, 319, 267, 283, 286, 326, 327, 328, 329, 330, 331, 334, 335, 336, 337, 340, 341, 300, 301, 339, 348, 349, 338, 172, 173, 352, 192, 193, 353, 344, 362, 363, 190, 145, 345, 144, 191, 295, 294, 265, 264, 382, 383]
  列生成求解结果: 目标值=12.0000， 下界=6.3072， 上界=11.0000

处理节点 384
  开始列生成求解...
Set parameter LogToConsole to value 0
Set parameter Threads to value 1
Set parameter Seed to value 0
  定价策略: Exact, node=384, vertices=17
Set parameter PoolSearchMode to value 2
Set parameter PoolSolutions to value 10
[CG 1] RMP=2010.000000, pricing=ExactPricingSolver, new_columns=10
[CG 2] RMP=12.000000, pricing=ExactPricingSolver, new_columns=0
  搜索路径: [1, 2, 4, 5, 3, 8, 11, 14, 15, 16, 17, 19, 23, 24, 25, 27, 26, 30, 36, 37, 21, 22, 18, 33, 20, 31, 32, 53, 52, 54, 55, 57, 56, 10, 66, 67, 70, 71, 74, 75, 9, 80, 81, 84, 86, 87, 85, 92, 93, 43, 42, 12, 102, 103, 13, 108, 109, 49, 48, 114, 115, 116, 122, 123, 117, 118, 119, 62, 63, 106, 107, 99, 61, 60, 41, 98, 40, 138, 147, 148, 149, 139, 146, 162, 163, 166, 167, 168, 169, 170, 171, 143, 140, 112, 113, 184, 185, 150, 182, 183, 156, 157, 194, 195, 151, 202, 203, 204, 205, 208, 209, 214, 215, 136, 206, 207, 220, 221, 222, 223, 141, 137, 142, 197, 240, 241, 242, 243, 244, 245, 196, 90, 91, 78, 260, 261, 262, 263, 268, 269, 258, 274, 275, 259, 97, 96, 79, 266, 285, 282, 280, 284, 288, 289, 292, 293, 287, 281, 302, 303, 304, 305, 306, 312, 313, 307, 308, 309, 318, 319, 267, 283, 286, 326, 327, 328, 329, 330, 331, 334, 335, 336, 337, 340, 341, 300, 301, 339, 348, 349, 338, 172, 173, 352, 192, 193, 353, 344, 362, 363, 190, 145, 345, 144, 191, 295, 294, 265, 264, 382, 383, 384]
  列生成求解结果: 目标值=12.0000， 下界=6.3072， 上界=11.0000

处理节点 385
  开始列生成求解...
Set parameter LogToConsole to value 0
Set parameter Threads to value 1
Set parameter Seed to value 0
  定价策略: Exact, node=385, vertices=17
Set parameter PoolSearchMode to value 2
Set parameter PoolSolutions to value 10
[CG 1] RMP=7.000000, pricing=ExactPricingSolver, new_columns=0
  搜索路径: [1, 2, 4, 5, 3, 8, 11, 14, 15, 16, 17, 19, 23, 24, 25, 27, 26, 30, 36, 37, 21, 22, 18, 33, 20, 31, 32, 53, 52, 54, 55, 57, 56, 10, 66, 67, 70, 71, 74, 75, 9, 80, 81, 84, 86, 87, 85, 92, 93, 43, 42, 12, 102, 103, 13, 108, 109, 49, 48, 114, 115, 116, 122, 123, 117, 118, 119, 62, 63, 106, 107, 99, 61, 60, 41, 98, 40, 138, 147, 148, 149, 139, 146, 162, 163, 166, 167, 168, 169, 170, 171, 143, 140, 112, 113, 184, 185, 150, 182, 183, 156, 157, 194, 195, 151, 202, 203, 204, 205, 208, 209, 214, 215, 136, 206, 207, 220, 221, 222, 223, 141, 137, 142, 197, 240, 241, 242, 243, 244, 245, 196, 90, 91, 78, 260, 261, 262, 263, 268, 269, 258, 274, 275, 259, 97, 96, 79, 266, 285, 282, 280, 284, 288, 289, 292, 293, 287, 281, 302, 303, 304, 305, 306, 312, 313, 307, 308, 309, 318, 319, 267, 283, 286, 326, 327, 328, 329, 330, 331, 334, 335, 336, 337, 340, 341, 300, 301, 339, 348, 349, 338, 172, 173, 352, 192, 193, 353, 344, 362, 363, 190, 145, 345, 144, 191, 295, 294, 265, 264, 382, 383, 384, 385]
  列生成求解结果: 目标值=7.0000， 下界=6.3072， 上界=11.0000
    非整数变量: COL_1-21-5-7_62 = 0.196970
  解不是整数，开始分支...
ImposedVertex(vertex=1)
ForbidVertex(vertex=1)
  创建了 2 个分支
    添加分支节点 1: ID=386
    添加分支节点 2: ID=387

处理节点 332
  开始列生成求解...
Set parameter LogToConsole to value 0
Set parameter Threads to value 1
Set parameter Seed to value 0
  定价策略: Exact, node=332, vertices=16
Set parameter PoolSearchMode to value 2
Set parameter PoolSolutions to value 10
[CG 1] RMP=22.000000, pricing=ExactPricingSolver, new_columns=10
[CG 2] RMP=7.000000, pricing=ExactPricingSolver, new_columns=0
  搜索路径: [1, 2, 4, 5, 3, 8, 11, 14, 15, 16, 17, 19, 23, 24, 25, 27, 26, 30, 36, 37, 21, 22, 18, 33, 20, 31, 32, 53, 52, 54, 55, 57, 56, 10, 66, 67, 70, 71, 74, 75, 9, 80, 81, 84, 86, 87, 85, 92, 93, 43, 42, 12, 102, 103, 13, 108, 109, 49, 48, 114, 115, 116, 122, 123, 117, 118, 119, 62, 63, 106, 107, 99, 61, 60, 41, 98, 40, 138, 147, 148, 149, 139, 146, 162, 163, 166, 167, 168, 169, 170, 171, 143, 140, 112, 113, 184, 185, 150, 182, 183, 156, 157, 194, 195, 151, 202, 203, 204, 205, 208, 209, 214, 215, 136, 206, 207, 220, 221, 222, 223, 141, 137, 142, 197, 240, 241, 242, 243, 244, 245, 196, 90, 91, 78, 260, 261, 262, 263, 268, 269, 258, 274, 275, 259, 97, 96, 79, 266, 285, 282, 280, 284, 288, 289, 292, 293, 287, 281, 302, 303, 304, 305, 306, 312, 313, 307, 308, 309, 318, 319, 267, 283, 286, 326, 327, 328, 329, 330, 331, 334, 335, 336, 337, 340, 341, 300, 301, 339, 348, 349, 338, 172, 173, 352, 192, 193, 353, 344, 362, 363, 190, 145, 345, 144, 191, 295, 294, 265, 264, 382, 383, 384, 385, 332]
  列生成求解结果: 目标值=7.0000， 下界=7.0000， 上界=11.0000
    非整数变量: COL_1-18-23-9_37 = 0.125000
  解不是整数，开始分支...
ImposedVertex(vertex=23)
ForbidVertex(vertex=23)
  创建了 2 个分支
    添加分支节点 1: ID=388
    添加分支节点 2: ID=389

处理节点 333
  开始列生成求解...
Set parameter LogToConsole to value 0
Set parameter Threads to value 1
Set parameter Seed to value 0
  定价策略: Exact, node=333, vertices=16
Set parameter PoolSearchMode to value 2
Set parameter PoolSolutions to value 10
[CG 1] RMP=11.000000, pricing=ExactPricingSolver, new_columns=0
  搜索路径: [1, 2, 4, 5, 3, 8, 11, 14, 15, 16, 17, 19, 23, 24, 25, 27, 26, 30, 36, 37, 21, 22, 18, 33, 20, 31, 32, 53, 52, 54, 55, 57, 56, 10, 66, 67, 70, 71, 74, 75, 9, 80, 81, 84, 86, 87, 85, 92, 93, 43, 42, 12, 102, 103, 13, 108, 109, 49, 48, 114, 115, 116, 122, 123, 117, 118, 119, 62, 63, 106, 107, 99, 61, 60, 41, 98, 40, 138, 147, 148, 149, 139, 146, 162, 163, 166, 167, 168, 169, 170, 171, 143, 140, 112, 113, 184, 185, 150, 182, 183, 156, 157, 194, 195, 151, 202, 203, 204, 205, 208, 209, 214, 215, 136, 206, 207, 220, 221, 222, 223, 141, 137, 142, 197, 240, 241, 242, 243, 244, 245, 196, 90, 91, 78, 260, 261, 262, 263, 268, 269, 258, 274, 275, 259, 97, 96, 79, 266, 285, 282, 280, 284, 288, 289, 292, 293, 287, 281, 302, 303, 304, 305, 306, 312, 313, 307, 308, 309, 318, 319, 267, 283, 286, 326, 327, 328, 329, 330, 331, 334, 335, 336, 337, 340, 341, 300, 301, 339, 348, 349, 338, 172, 173, 352, 192, 193, 353, 344, 362, 363, 190, 145, 345, 144, 191, 295, 294, 265, 264, 382, 383, 384, 385, 332, 333]
  列生成求解结果: 目标值=11.0000， 下界=7.0000， 上界=11.0000

处理节点 325
  开始列生成求解...
Set parameter LogToConsole to value 0
Set parameter Threads to value 1
Set parameter Seed to value 0
  定价策略: Exact, node=325, vertices=15
Set parameter PoolSearchMode to value 2
Set parameter PoolSolutions to value 10
[CG 1] RMP=11.000000, pricing=ExactPricingSolver, new_columns=0
  搜索路径: [1, 2, 4, 5, 3, 8, 11, 14, 15, 16, 17, 19, 23, 24, 25, 27, 26, 30, 36, 37, 21, 22, 18, 33, 20, 31, 32, 53, 52, 54, 55, 57, 56, 10, 66, 67, 70, 71, 74, 75, 9, 80, 81, 84, 86, 87, 85, 92, 93, 43, 42, 12, 102, 103, 13, 108, 109, 49, 48, 114, 115, 116, 122, 123, 117, 118, 119, 62, 63, 106, 107, 99, 61, 60, 41, 98, 40, 138, 147, 148, 149, 139, 146, 162, 163, 166, 167, 168, 169, 170, 171, 143, 140, 112, 113, 184, 185, 150, 182, 183, 156, 157, 194, 195, 151, 202, 203, 204, 205, 208, 209, 214, 215, 136, 206, 207, 220, 221, 222, 223, 141, 137, 142, 197, 240, 241, 242, 243, 244, 245, 196, 90, 91, 78, 260, 261, 262, 263, 268, 269, 258, 274, 275, 259, 97, 96, 79, 266, 285, 282, 280, 284, 288, 289, 292, 293, 287, 281, 302, 303, 304, 305, 306, 312, 313, 307, 308, 309, 318, 319, 267, 283, 286, 326, 327, 328, 329, 330, 331, 334, 335, 336, 337, 340, 341, 300, 301, 339, 348, 349, 338, 172, 173, 352, 192, 193, 353, 344, 362, 363, 190, 145, 345, 144, 191, 295, 294, 265, 264, 382, 383, 384, 385, 332, 333, 325]
  列生成求解结果: 目标值=11.0000， 下界=7.0000， 上界=11.0000

处理节点 324
  开始列生成求解...
Set parameter LogToConsole to value 0
Set parameter Threads to value 1
Set parameter Seed to value 0
  定价策略: Exact, node=324, vertices=15
Set parameter PoolSearchMode to value 2
Set parameter PoolSolutions to value 10
[CG 1] RMP=12.000000, pricing=ExactPricingSolver, new_columns=0
  搜索路径: [1, 2, 4, 5, 3, 8, 11, 14, 15, 16, 17, 19, 23, 24, 25, 27, 26, 30, 36, 37, 21, 22, 18, 33, 20, 31, 32, 53, 52, 54, 55, 57, 56, 10, 66, 67, 70, 71, 74, 75, 9, 80, 81, 84, 86, 87, 85, 92, 93, 43, 42, 12, 102, 103, 13, 108, 109, 49, 48, 114, 115, 116, 122, 123, 117, 118, 119, 62, 63, 106, 107, 99, 61, 60, 41, 98, 40, 138, 147, 148, 149, 139, 146, 162, 163, 166, 167, 168, 169, 170, 171, 143, 140, 112, 113, 184, 185, 150, 182, 183, 156, 157, 194, 195, 151, 202, 203, 204, 205, 208, 209, 214, 215, 136, 206, 207, 220, 221, 222, 223, 141, 137, 142, 197, 240, 241, 242, 243, 244, 245, 196, 90, 91, 78, 260, 261, 262, 263, 268, 269, 258, 274, 275, 259, 97, 96, 79, 266, 285, 282, 280, 284, 288, 289, 292, 293, 287, 281, 302, 303, 304, 305, 306, 312, 313, 307, 308, 309, 318, 319, 267, 283, 286, 326, 327, 328, 329, 330, 331, 334, 335, 336, 337, 340, 341, 300, 301, 339, 348, 349, 338, 172, 173, 352, 192, 193, 353, 344, 362, 363, 190, 145, 345, 144, 191, 295, 294, 265, 264, 382, 383, 384, 385, 332, 333, 325, 324]
  列生成求解结果: 目标值=12.0000， 下界=7.0000， 上界=11.0000

处理节点 160
  开始列生成求解...
Set parameter LogToConsole to value 0
Set parameter Threads to value 1
Set parameter Seed to value 0
  定价策略: Exact, node=160, vertices=14
Set parameter PoolSearchMode to value 2
Set parameter PoolSolutions to value 10
[CG 1] RMP=7.000000, pricing=ExactPricingSolver, new_columns=0
  搜索路径: [1, 2, 4, 5, 3, 8, 11, 14, 15, 16, 17, 19, 23, 24, 25, 27, 26, 30, 36, 37, 21, 22, 18, 33, 20, 31, 32, 53, 52, 54, 55, 57, 56, 10, 66, 67, 70, 71, 74, 75, 9, 80, 81, 84, 86, 87, 85, 92, 93, 43, 42, 12, 102, 103, 13, 108, 109, 49, 48, 114, 115, 116, 122, 123, 117, 118, 119, 62, 63, 106, 107, 99, 61, 60, 41, 98, 40, 138, 147, 148, 149, 139, 146, 162, 163, 166, 167, 168, 169, 170, 171, 143, 140, 112, 113, 184, 185, 150, 182, 183, 156, 157, 194, 195, 151, 202, 203, 204, 205, 208, 209, 214, 215, 136, 206, 207, 220, 221, 222, 223, 141, 137, 142, 197, 240, 241, 242, 243, 244, 245, 196, 90, 91, 78, 260, 261, 262, 263, 268, 269, 258, 274, 275, 259, 97, 96, 79, 266, 285, 282, 280, 284, 288, 289, 292, 293, 287, 281, 302, 303, 304, 305, 306, 312, 313, 307, 308, 309, 318, 319, 267, 283, 286, 326, 327, 328, 329, 330, 331, 334, 335, 336, 337, 340, 341, 300, 301, 339, 348, 349, 338, 172, 173, 352, 192, 193, 353, 344, 362, 363, 190, 145, 345, 144, 191, 295, 294, 265, 264, 382, 383, 384, 385, 332, 333, 325, 324, 160]
  列生成求解结果: 目标值=7.0000， 下界=7.0000， 上界=11.0000
    非整数变量: COL_0-18-20-26-4_50 = 0.225000
  解不是整数，开始分支...
ImposedVertex(vertex=20)
ForbidVertex(vertex=20)
  创建了 2 个分支
    添加分支节点 1: ID=390
    添加分支节点 2: ID=391

处理节点 180
  开始列生成求解...
Set parameter LogToConsole to value 0
Set parameter Threads to value 1
Set parameter Seed to value 0
  定价策略: Exact, node=180, vertices=16
Set parameter PoolSearchMode to value 2
Set parameter PoolSolutions to value 10
[CG 1] RMP=8.000000, pricing=ExactPricingSolver, new_columns=10
[CG 2] RMP=8.000000, pricing=ExactPricingSolver, new_columns=0
  搜索路径: [1, 2, 4, 5, 3, 8, 11, 14, 15, 16, 17, 19, 23, 24, 25, 27, 26, 30, 36, 37, 21, 22, 18, 33, 20, 31, 32, 53, 52, 54, 55, 57, 56, 10, 66, 67, 70, 71, 74, 75, 9, 80, 81, 84, 86, 87, 85, 92, 93, 43, 42, 12, 102, 103, 13, 108, 109, 49, 48, 114, 115, 116, 122, 123, 117, 118, 119, 62, 63, 106, 107, 99, 61, 60, 41, 98, 40, 138, 147, 148, 149, 139, 146, 162, 163, 166, 167, 168, 169, 170, 171, 143, 140, 112, 113, 184, 185, 150, 182, 183, 156, 157, 194, 195, 151, 202, 203, 204, 205, 208, 209, 214, 215, 136, 206, 207, 220, 221, 222, 223, 141, 137, 142, 197, 240, 241, 242, 243, 244, 245, 196, 90, 91, 78, 260, 261, 262, 263, 268, 269, 258, 274, 275, 259, 97, 96, 79, 266, 285, 282, 280, 284, 288, 289, 292, 293, 287, 281, 302, 303, 304, 305, 306, 312, 313, 307, 308, 309, 318, 319, 267, 283, 286, 326, 327, 328, 329, 330, 331, 334, 335, 336, 337, 340, 341, 300, 301, 339, 348, 349, 338, 172, 173, 352, 192, 193, 353, 344, 362, 363, 190, 145, 345, 144, 191, 295, 294, 265, 264, 382, 383, 384, 385, 332, 333, 325, 324, 160, 180]
  列生成求解结果: 目标值=8.0000， 下界=7.0000， 上界=11.0000
    非整数变量: COL_0-18-20-26-4_50 = 0.333333
  解不是整数，开始分支...
ImposedVertex(vertex=26)
ForbidVertex(vertex=26)
  创建了 2 个分支
    添加分支节点 1: ID=392
    添加分支节点 2: ID=393

处理节点 181
  开始列生成求解...
Set parameter LogToConsole to value 0
Set parameter Threads to value 1
Set parameter Seed to value 0
  定价策略: Exact, node=181, vertices=16
Set parameter PoolSearchMode to value 2
Set parameter PoolSolutions to value 10
[CG 1] RMP=12.000000, pricing=ExactPricingSolver, new_columns=10
[CG 2] RMP=9.000000, pricing=ExactPricingSolver, new_columns=0
  搜索路径: [1, 2, 4, 5, 3, 8, 11, 14, 15, 16, 17, 19, 23, 24, 25, 27, 26, 30, 36, 37, 21, 22, 18, 33, 20, 31, 32, 53, 52, 54, 55, 57, 56, 10, 66, 67, 70, 71, 74, 75, 9, 80, 81, 84, 86, 87, 85, 92, 93, 43, 42, 12, 102, 103, 13, 108, 109, 49, 48, 114, 115, 116, 122, 123, 117, 118, 119, 62, 63, 106, 107, 99, 61, 60, 41, 98, 40, 138, 147, 148, 149, 139, 146, 162, 163, 166, 167, 168, 169, 170, 171, 143, 140, 112, 113, 184, 185, 150, 182, 183, 156, 157, 194, 195, 151, 202, 203, 204, 205, 208, 209, 214, 215, 136, 206, 207, 220, 221, 222, 223, 141, 137, 142, 197, 240, 241, 242, 243, 244, 245, 196, 90, 91, 78, 260, 261, 262, 263, 268, 269, 258, 274, 275, 259, 97, 96, 79, 266, 285, 282, 280, 284, 288, 289, 292, 293, 287, 281, 302, 303, 304, 305, 306, 312, 313, 307, 308, 309, 318, 319, 267, 283, 286, 326, 327, 328, 329, 330, 331, 334, 335, 336, 337, 340, 341, 300, 301, 339, 348, 349, 338, 172, 173, 352, 192, 193, 353, 344, 362, 363, 190, 145, 345, 144, 191, 295, 294, 265, 264, 382, 383, 384, 385, 332, 333, 325, 324, 160, 180, 181]
  列生成求解结果: 目标值=9.0000， 下界=7.0000， 上界=11.0000
    非整数变量: COL_0-13-21-25-7_486 = 0.250000
  解不是整数，开始分支...
ImposedVertex(vertex=28)
ForbidVertex(vertex=28)
  创建了 2 个分支
    添加分支节点 1: ID=394
    添加分支节点 2: ID=395
  进度: 已处理 220 个节点, 剩余 141 个, 当前最优 11.0000, 当前列数: 1688

处理节点 161
  开始列生成求解...
Set parameter LogToConsole to value 0
Set parameter Threads to value 1
Set parameter Seed to value 0
  定价策略: Exact, node=161, vertices=15
Set parameter PoolSearchMode to value 2
Set parameter PoolSolutions to value 10
[CG 1] RMP=11.000000, pricing=ExactPricingSolver, new_columns=10
[CG 2] RMP=11.000000, pricing=ExactPricingSolver, new_columns=0
  搜索路径: [1, 2, 4, 5, 3, 8, 11, 14, 15, 16, 17, 19, 23, 24, 25, 27, 26, 30, 36, 37, 21, 22, 18, 33, 20, 31, 32, 53, 52, 54, 55, 57, 56, 10, 66, 67, 70, 71, 74, 75, 9, 80, 81, 84, 86, 87, 85, 92, 93, 43, 42, 12, 102, 103, 13, 108, 109, 49, 48, 114, 115, 116, 122, 123, 117, 118, 119, 62, 63, 106, 107, 99, 61, 60, 41, 98, 40, 138, 147, 148, 149, 139, 146, 162, 163, 166, 167, 168, 169, 170, 171, 143, 140, 112, 113, 184, 185, 150, 182, 183, 156, 157, 194, 195, 151, 202, 203, 204, 205, 208, 209, 214, 215, 136, 206, 207, 220, 221, 222, 223, 141, 137, 142, 197, 240, 241, 242, 243, 244, 245, 196, 90, 91, 78, 260, 261, 262, 263, 268, 269, 258, 274, 275, 259, 97, 96, 79, 266, 285, 282, 280, 284, 288, 289, 292, 293, 287, 281, 302, 303, 304, 305, 306, 312, 313, 307, 308, 309, 318, 319, 267, 283, 286, 326, 327, 328, 329, 330, 331, 334, 335, 336, 337, 340, 341, 300, 301, 339, 348, 349, 338, 172, 173, 352, 192, 193, 353, 344, 362, 363, 190, 145, 345, 144, 191, 295, 294, 265, 264, 382, 383, 384, 385, 332, 333, 325, 324, 160, 180, 181, 161]
  列生成求解结果: 目标值=11.0000， 下界=7.0000， 上界=11.0000

处理节点 350
  开始列生成求解...
Set parameter LogToConsole to value 0
Set parameter Threads to value 1
Set parameter Seed to value 0
  定价策略: Exact, node=350, vertices=13
Set parameter PoolSearchMode to value 2
Set parameter PoolSolutions to value 10
[CG 1] RMP=11.000000, pricing=ExactPricingSolver, new_columns=10
[CG 2] RMP=7.000000, pricing=ExactPricingSolver, new_columns=0
  搜索路径: [1, 2, 4, 5, 3, 8, 11, 14, 15, 16, 17, 19, 23, 24, 25, 27, 26, 30, 36, 37, 21, 22, 18, 33, 20, 31, 32, 53, 52, 54, 55, 57, 56, 10, 66, 67, 70, 71, 74, 75, 9, 80, 81, 84, 86, 87, 85, 92, 93, 43, 42, 12, 102, 103, 13, 108, 109, 49, 48, 114, 115, 116, 122, 123, 117, 118, 119, 62, 63, 106, 107, 99, 61, 60, 41, 98, 40, 138, 147, 148, 149, 139, 146, 162, 163, 166, 167, 168, 169, 170, 171, 143, 140, 112, 113, 184, 185, 150, 182, 183, 156, 157, 194, 195, 151, 202, 203, 204, 205, 208, 209, 214, 215, 136, 206, 207, 220, 221, 222, 223, 141, 137, 142, 197, 240, 241, 242, 243, 244, 245, 196, 90, 91, 78, 260, 261, 262, 263, 268, 269, 258, 274, 275, 259, 97, 96, 79, 266, 285, 282, 280, 284, 288, 289, 292, 293, 287, 281, 302, 303, 304, 305, 306, 312, 313, 307, 308, 309, 318, 319, 267, 283, 286, 326, 327, 328, 329, 330, 331, 334, 335, 336, 337, 340, 341, 300, 301, 339, 348, 349, 338, 172, 173, 352, 192, 193, 353, 344, 362, 363, 190, 145, 345, 144, 191, 295, 294, 265, 264, 382, 383, 384, 385, 332, 333, 325, 324, 160, 180, 181, 161, 350]
  列生成求解结果: 目标值=7.0000， 下界=7.0000， 上界=11.0000
    非整数变量: COL_1-18-23-7-9_41 = 0.500000
  解不是整数，开始分支...
ImposedVertex(vertex=21)
ForbidVertex(vertex=21)
  创建了 2 个分支
    添加分支节点 1: ID=396
    添加分支节点 2: ID=397

处理节点 351
  开始列生成求解...
Set parameter LogToConsole to value 0
Set parameter Threads to value 1
Set parameter Seed to value 0
  定价策略: Exact, node=351, vertices=13
Set parameter PoolSearchMode to value 2
Set parameter PoolSolutions to value 10
[CG 1] RMP=9.000000, pricing=ExactPricingSolver, new_columns=0
  搜索路径: [1, 2, 4, 5, 3, 8, 11, 14, 15, 16, 17, 19, 23, 24, 25, 27, 26, 30, 36, 37, 21, 22, 18, 33, 20, 31, 32, 53, 52, 54, 55, 57, 56, 10, 66, 67, 70, 71, 74, 75, 9, 80, 81, 84, 86, 87, 85, 92, 93, 43, 42, 12, 102, 103, 13, 108, 109, 49, 48, 114, 115, 116, 122, 123, 117, 118, 119, 62, 63, 106, 107, 99, 61, 60, 41, 98, 40, 138, 147, 148, 149, 139, 146, 162, 163, 166, 167, 168, 169, 170, 171, 143, 140, 112, 113, 184, 185, 150, 182, 183, 156, 157, 194, 195, 151, 202, 203, 204, 205, 208, 209, 214, 215, 136, 206, 207, 220, 221, 222, 223, 141, 137, 142, 197, 240, 241, 242, 243, 244, 245, 196, 90, 91, 78, 260, 261, 262, 263, 268, 269, 258, 274, 275, 259, 97, 96, 79, 266, 285, 282, 280, 284, 288, 289, 292, 293, 287, 281, 302, 303, 304, 305, 306, 312, 313, 307, 308, 309, 318, 319, 267, 283, 286, 326, 327, 328, 329, 330, 331, 334, 335, 336, 337, 340, 341, 300, 301, 339, 348, 349, 338, 172, 173, 352, 192, 193, 353, 344, 362, 363, 190, 145, 345, 144, 191, 295, 294, 265, 264, 382, 383, 384, 385, 332, 333, 325, 324, 160, 180, 181, 161, 350, 351]
  列生成求解结果: 目标值=9.0000， 下界=7.0000， 上界=11.0000
    非整数变量: COL_1-28-5_381 = 0.750000
  解不是整数，开始分支...
ImposedVertex(vertex=28)
ForbidVertex(vertex=28)
  创建了 2 个分支
    添加分支节点 1: ID=398
    添加分支节点 2: ID=399

处理节点 343
  开始列生成求解...
Set parameter LogToConsole to value 0
Set parameter Threads to value 1
Set parameter Seed to value 0
  定价策略: Exact, node=343, vertices=15
Set parameter PoolSearchMode to value 2
Set parameter PoolSolutions to value 10
[CG 1] RMP=14.000000, pricing=ExactPricingSolver, new_columns=10
[CG 2] RMP=9.000000, pricing=ExactPricingSolver, new_columns=0
  搜索路径: [1, 2, 4, 5, 3, 8, 11, 14, 15, 16, 17, 19, 23, 24, 25, 27, 26, 30, 36, 37, 21, 22, 18, 33, 20, 31, 32, 53, 52, 54, 55, 57, 56, 10, 66, 67, 70, 71, 74, 75, 9, 80, 81, 84, 86, 87, 85, 92, 93, 43, 42, 12, 102, 103, 13, 108, 109, 49, 48, 114, 115, 116, 122, 123, 117, 118, 119, 62, 63, 106, 107, 99, 61, 60, 41, 98, 40, 138, 147, 148, 149, 139, 146, 162, 163, 166, 167, 168, 169, 170, 171, 143, 140, 112, 113, 184, 185, 150, 182, 183, 156, 157, 194, 195, 151, 202, 203, 204, 205, 208, 209, 214, 215, 136, 206, 207, 220, 221, 222, 223, 141, 137, 142, 197, 240, 241, 242, 243, 244, 245, 196, 90, 91, 78, 260, 261, 262, 263, 268, 269, 258, 274, 275, 259, 97, 96, 79, 266, 285, 282, 280, 284, 288, 289, 292, 293, 287, 281, 302, 303, 304, 305, 306, 312, 313, 307, 308, 309, 318, 319, 267, 283, 286, 326, 327, 328, 329, 330, 331, 334, 335, 336, 337, 340, 341, 300, 301, 339, 348, 349, 338, 172, 173, 352, 192, 193, 353, 344, 362, 363, 190, 145, 345, 144, 191, 295, 294, 265, 264, 382, 383, 384, 385, 332, 333, 325, 324, 160, 180, 181, 161, 350, 351, 343]
  列生成求解结果: 目标值=9.0000， 下界=7.0000， 上界=11.0000
    非整数变量: COL_1-15-20-9_359 = 0.333333
  解不是整数，开始分支...
ImposedVertex(vertex=15)
ForbidVertex(vertex=15)
  创建了 2 个分支
    添加分支节点 1: ID=400
    添加分支节点 2: ID=401

处理节点 342
  开始列生成求解...
Set parameter LogToConsole to value 0
Set parameter Threads to value 1
Set parameter Seed to value 0
  定价策略: Exact, node=342, vertices=15
Set parameter PoolSearchMode to value 2
Set parameter PoolSolutions to value 10
[CG 1] RMP=11.000000, pricing=ExactPricingSolver, new_columns=10
[CG 2] RMP=11.000000, pricing=ExactPricingSolver, new_columns=10
[CG 3] RMP=7.000000, pricing=ExactPricingSolver, new_columns=0
  搜索路径: [1, 2, 4, 5, 3, 8, 11, 14, 15, 16, 17, 19, 23, 24, 25, 27, 26, 30, 36, 37, 21, 22, 18, 33, 20, 31, 32, 53, 52, 54, 55, 57, 56, 10, 66, 67, 70, 71, 74, 75, 9, 80, 81, 84, 86, 87, 85, 92, 93, 43, 42, 12, 102, 103, 13, 108, 109, 49, 48, 114, 115, 116, 122, 123, 117, 118, 119, 62, 63, 106, 107, 99, 61, 60, 41, 98, 40, 138, 147, 148, 149, 139, 146, 162, 163, 166, 167, 168, 169, 170, 171, 143, 140, 112, 113, 184, 185, 150, 182, 183, 156, 157, 194, 195, 151, 202, 203, 204, 205, 208, 209, 214, 215, 136, 206, 207, 220, 221, 222, 223, 141, 137, 142, 197, 240, 241, 242, 243, 244, 245, 196, 90, 91, 78, 260, 261, 262, 263, 268, 269, 258, 274, 275, 259, 97, 96, 79, 266, 285, 282, 280, 284, 288, 289, 292, 293, 287, 281, 302, 303, 304, 305, 306, 312, 313, 307, 308, 309, 318, 319, 267, 283, 286, 326, 327, 328, 329, 330, 331, 334, 335, 336, 337, 340, 341, 300, 301, 339, 348, 349, 338, 172, 173, 352, 192, 193, 353, 344, 362, 363, 190, 145, 345, 144, 191, 295, 294, 265, 264, 382, 383, 384, 385, 332, 333, 325, 324, 160, 180, 181, 161, 350, 351, 343, 342]
  列生成求解结果: 目标值=7.0000， 下界=7.0000， 上界=11.0000
    非整数变量: COL_1-18-23-7-9_41 = 0.312500
  解不是整数，开始分支...
ImposedVertex(vertex=21)
ForbidVertex(vertex=21)
  创建了 2 个分支
    添加分支节点 1: ID=402
    添加分支节点 2: ID=403

处理节点 188
  开始列生成求解...
Set parameter LogToConsole to value 0
Set parameter Threads to value 1
Set parameter Seed to value 0
  定价策略: Exact, node=188, vertices=18
Set parameter PoolSearchMode to value 2
Set parameter PoolSolutions to value 10
[CG 1] RMP=20.000000, pricing=ExactPricingSolver, new_columns=10
[CG 2] RMP=9.000000, pricing=ExactPricingSolver, new_columns=0
  搜索路径: [1, 2, 4, 5, 3, 8, 11, 14, 15, 16, 17, 19, 23, 24, 25, 27, 26, 30, 36, 37, 21, 22, 18, 33, 20, 31, 32, 53, 52, 54, 55, 57, 56, 10, 66, 67, 70, 71, 74, 75, 9, 80, 81, 84, 86, 87, 85, 92, 93, 43, 42, 12, 102, 103, 13, 108, 109, 49, 48, 114, 115, 116, 122, 123, 117, 118, 119, 62, 63, 106, 107, 99, 61, 60, 41, 98, 40, 138, 147, 148, 149, 139, 146, 162, 163, 166, 167, 168, 169, 170, 171, 143, 140, 112, 113, 184, 185, 150, 182, 183, 156, 157, 194, 195, 151, 202, 203, 204, 205, 208, 209, 214, 215, 136, 206, 207, 220, 221, 222, 223, 141, 137, 142, 197, 240, 241, 242, 243, 244, 245, 196, 90, 91, 78, 260, 261, 262, 263, 268, 269, 258, 274, 275, 259, 97, 96, 79, 266, 285, 282, 280, 284, 288, 289, 292, 293, 287, 281, 302, 303, 304, 305, 306, 312, 313, 307, 308, 309, 318, 319, 267, 283, 286, 326, 327, 328, 329, 330, 331, 334, 335, 336, 337, 340, 341, 300, 301, 339, 348, 349, 338, 172, 173, 352, 192, 193, 353, 344, 362, 363, 190, 145, 345, 144, 191, 295, 294, 265, 264, 382, 383, 384, 385, 332, 333, 325, 324, 160, 180, 181, 161, 350, 351, 343, 342, 188]
  列生成求解结果: 目标值=9.0000， 下界=7.0000， 上界=11.0000
    非整数变量: COL_0-21_58 = 0.142857
  解不是整数，开始分支...
ImposedVertex(vertex=10)
ForbidVertex(vertex=10)
  创建了 2 个分支
    添加分支节点 1: ID=404
    添加分支节点 2: ID=405

处理节点 135
  开始列生成求解...
Set parameter LogToConsole to value 0
Set parameter Threads to value 1
Set parameter Seed to value 0
  定价策略: Exact, node=135, vertices=19
Set parameter PoolSearchMode to value 2
Set parameter PoolSolutions to value 10
[CG 1] RMP=9.000000, pricing=ExactPricingSolver, new_columns=0
  搜索路径: [1, 2, 4, 5, 3, 8, 11, 14, 15, 16, 17, 19, 23, 24, 25, 27, 26, 30, 36, 37, 21, 22, 18, 33, 20, 31, 32, 53, 52, 54, 55, 57, 56, 10, 66, 67, 70, 71, 74, 75, 9, 80, 81, 84, 86, 87, 85, 92, 93, 43, 42, 12, 102, 103, 13, 108, 109, 49, 48, 114, 115, 116, 122, 123, 117, 118, 119, 62, 63, 106, 107, 99, 61, 60, 41, 98, 40, 138, 147, 148, 149, 139, 146, 162, 163, 166, 167, 168, 169, 170, 171, 143, 140, 112, 113, 184, 185, 150, 182, 183, 156, 157, 194, 195, 151, 202, 203, 204, 205, 208, 209, 214, 215, 136, 206, 207, 220, 221, 222, 223, 141, 137, 142, 197, 240, 241, 242, 243, 244, 245, 196, 90, 91, 78, 260, 261, 262, 263, 268, 269, 258, 274, 275, 259, 97, 96, 79, 266, 285, 282, 280, 284, 288, 289, 292, 293, 287, 281, 302, 303, 304, 305, 306, 312, 313, 307, 308, 309, 318, 319, 267, 283, 286, 326, 327, 328, 329, 330, 331, 334, 335, 336, 337, 340, 341, 300, 301, 339, 348, 349, 338, 172, 173, 352, 192, 193, 353, 344, 362, 363, 190, 145, 345, 144, 191, 295, 294, 265, 264, 382, 383, 384, 385, 332, 333, 325, 324, 160, 180, 181, 161, 350, 351, 343, 342, 188, 135]
  列生成求解结果: 目标值=9.0000， 下界=7.0000， 上界=11.0000
    非整数变量: COL_18-23-9_35 = 0.250000
  解不是整数，开始分支...
ImposedVertex(vertex=2)
ForbidVertex(vertex=2)
  创建了 2 个分支
    添加分支节点 1: ID=406
    添加分支节点 2: ID=407

处理节点 397
  开始列生成求解...
Set parameter LogToConsole to value 0
Set parameter Threads to value 1
Set parameter Seed to value 0
  定价策略: Exact, node=397, vertices=12
Set parameter PoolSearchMode to value 2
Set parameter PoolSolutions to value 10
[CG 1] RMP=14.000000, pricing=ExactPricingSolver, new_columns=10
[CG 2] RMP=8.000000, pricing=ExactPricingSolver, new_columns=0
  搜索路径: [1, 2, 4, 5, 3, 8, 11, 14, 15, 16, 17, 19, 23, 24, 25, 27, 26, 30, 36, 37, 21, 22, 18, 33, 20, 31, 32, 53, 52, 54, 55, 57, 56, 10, 66, 67, 70, 71, 74, 75, 9, 80, 81, 84, 86, 87, 85, 92, 93, 43, 42, 12, 102, 103, 13, 108, 109, 49, 48, 114, 115, 116, 122, 123, 117, 118, 119, 62, 63, 106, 107, 99, 61, 60, 41, 98, 40, 138, 147, 148, 149, 139, 146, 162, 163, 166, 167, 168, 169, 170, 171, 143, 140, 112, 113, 184, 185, 150, 182, 183, 156, 157, 194, 195, 151, 202, 203, 204, 205, 208, 209, 214, 215, 136, 206, 207, 220, 221, 222, 223, 141, 137, 142, 197, 240, 241, 242, 243, 244, 245, 196, 90, 91, 78, 260, 261, 262, 263, 268, 269, 258, 274, 275, 259, 97, 96, 79, 266, 285, 282, 280, 284, 288, 289, 292, 293, 287, 281, 302, 303, 304, 305, 306, 312, 313, 307, 308, 309, 318, 319, 267, 283, 286, 326, 327, 328, 329, 330, 331, 334, 335, 336, 337, 340, 341, 300, 301, 339, 348, 349, 338, 172, 173, 352, 192, 193, 353, 344, 362, 363, 190, 145, 345, 144, 191, 295, 294, 265, 264, 382, 383, 384, 385, 332, 333, 325, 324, 160, 180, 181, 161, 350, 351, 343, 342, 188, 135, 397]
  列生成求解结果: 目标值=8.0000， 下界=7.0000， 上界=11.0000
    非整数变量: COL_1-18-23-7-9_41 = 0.109091
  解不是整数，开始分支...
ImposedVertex(vertex=28)
ForbidVertex(vertex=28)
  创建了 2 个分支
    添加分支节点 1: ID=408
    添加分支节点 2: ID=409

处理节点 213
  开始列生成求解...
Set parameter LogToConsole to value 0
Set parameter Threads to value 1
Set parameter Seed to value 0
  定价策略: Exact, node=213, vertices=14
Set parameter PoolSearchMode to value 2
Set parameter PoolSolutions to value 10
[CG 1] RMP=7.000000, pricing=ExactPricingSolver, new_columns=0
  搜索路径: [1, 2, 4, 5, 3, 8, 11, 14, 15, 16, 17, 19, 23, 24, 25, 27, 26, 30, 36, 37, 21, 22, 18, 33, 20, 31, 32, 53, 52, 54, 55, 57, 56, 10, 66, 67, 70, 71, 74, 75, 9, 80, 81, 84, 86, 87, 85, 92, 93, 43, 42, 12, 102, 103, 13, 108, 109, 49, 48, 114, 115, 116, 122, 123, 117, 118, 119, 62, 63, 106, 107, 99, 61, 60, 41, 98, 40, 138, 147, 148, 149, 139, 146, 162, 163, 166, 167, 168, 169, 170, 171, 143, 140, 112, 113, 184, 185, 150, 182, 183, 156, 157, 194, 195, 151, 202, 203, 204, 205, 208, 209, 214, 215, 136, 206, 207, 220, 221, 222, 223, 141, 137, 142, 197, 240, 241, 242, 243, 244, 245, 196, 90, 91, 78, 260, 261, 262, 263, 268, 269, 258, 274, 275, 259, 97, 96, 79, 266, 285, 282, 280, 284, 288, 289, 292, 293, 287, 281, 302, 303, 304, 305, 306, 312, 313, 307, 308, 309, 318, 319, 267, 283, 286, 326, 327, 328, 329, 330, 331, 334, 335, 336, 337, 340, 341, 300, 301, 339, 348, 349, 338, 172, 173, 352, 192, 193, 353, 344, 362, 363, 190, 145, 345, 144, 191, 295, 294, 265, 264, 382, 383, 384, 385, 332, 333, 325, 324, 160, 180, 181, 161, 350, 351, 343, 342, 188, 135, 397, 213]
  列生成求解结果: 目标值=7.0000， 下界=7.0000， 上界=11.0000
    非整数变量: COL_1-11-18-23-7-9_42 = 0.650000
  解不是整数，开始分支...
ImposedVertex(vertex=7)
ForbidVertex(vertex=7)
  创建了 2 个分支
    添加分支节点 1: ID=410
    添加分支节点 2: ID=411

处理节点 410
  开始列生成求解...
Set parameter LogToConsole to value 0
Set parameter Threads to value 1
Set parameter Seed to value 0
  定价策略: Exact, node=410, vertices=13
Set parameter PoolSearchMode to value 2
Set parameter PoolSolutions to value 10
[CG 1] RMP=10.000000, pricing=ExactPricingSolver, new_columns=10
[CG 2] RMP=7.000000, pricing=ExactPricingSolver, new_columns=0
  搜索路径: [1, 2, 4, 5, 3, 8, 11, 14, 15, 16, 17, 19, 23, 24, 25, 27, 26, 30, 36, 37, 21, 22, 18, 33, 20, 31, 32, 53, 52, 54, 55, 57, 56, 10, 66, 67, 70, 71, 74, 75, 9, 80, 81, 84, 86, 87, 85, 92, 93, 43, 42, 12, 102, 103, 13, 108, 109, 49, 48, 114, 115, 116, 122, 123, 117, 118, 119, 62, 63, 106, 107, 99, 61, 60, 41, 98, 40, 138, 147, 148, 149, 139, 146, 162, 163, 166, 167, 168, 169, 170, 171, 143, 140, 112, 113, 184, 185, 150, 182, 183, 156, 157, 194, 195, 151, 202, 203, 204, 205, 208, 209, 214, 215, 136, 206, 207, 220, 221, 222, 223, 141, 137, 142, 197, 240, 241, 242, 243, 244, 245, 196, 90, 91, 78, 260, 261, 262, 263, 268, 269, 258, 274, 275, 259, 97, 96, 79, 266, 285, 282, 280, 284, 288, 289, 292, 293, 287, 281, 302, 303, 304, 305, 306, 312, 313, 307, 308, 309, 318, 319, 267, 283, 286, 326, 327, 328, 329, 330, 331, 334, 335, 336, 337, 340, 341, 300, 301, 339, 348, 349, 338, 172, 173, 352, 192, 193, 353, 344, 362, 363, 190, 145, 345, 144, 191, 295, 294, 265, 264, 382, 383, 384, 385, 332, 333, 325, 324, 160, 180, 181, 161, 350, 351, 343, 342, 188, 135, 397, 213, 410]
  列生成求解结果: 目标值=7.0000， 下界=7.0000， 上界=11.0000
    非整数变量: COL_18-23-9_35 = 0.025000
  解不是整数，开始分支...
ImposedVertex(vertex=20)
ForbidVertex(vertex=20)
  创建了 2 个分支
    添加分支节点 1: ID=412
    添加分支节点 2: ID=413
  进度: 已处理 230 个节点, 剩余 149 个, 当前最优 11.0000, 当前列数: 1768

处理节点 412
  开始列生成求解...
Set parameter LogToConsole to value 0
Set parameter Threads to value 1
Set parameter Seed to value 0
  定价策略: Exact, node=412, vertices=12
Set parameter PoolSearchMode to value 2
Set parameter PoolSolutions to value 10
[CG 1] RMP=8.000000, pricing=ExactPricingSolver, new_columns=0
  搜索路径: [1, 2, 4, 5, 3, 8, 11, 14, 15, 16, 17, 19, 23, 24, 25, 27, 26, 30, 36, 37, 21, 22, 18, 33, 20, 31, 32, 53, 52, 54, 55, 57, 56, 10, 66, 67, 70, 71, 74, 75, 9, 80, 81, 84, 86, 87, 85, 92, 93, 43, 42, 12, 102, 103, 13, 108, 109, 49, 48, 114, 115, 116, 122, 123, 117, 118, 119, 62, 63, 106, 107, 99, 61, 60, 41, 98, 40, 138, 147, 148, 149, 139, 146, 162, 163, 166, 167, 168, 169, 170, 171, 143, 140, 112, 113, 184, 185, 150, 182, 183, 156, 157, 194, 195, 151, 202, 203, 204, 205, 208, 209, 214, 215, 136, 206, 207, 220, 221, 222, 223, 141, 137, 142, 197, 240, 241, 242, 243, 244, 245, 196, 90, 91, 78, 260, 261, 262, 263, 268, 269, 258, 274, 275, 259, 97, 96, 79, 266, 285, 282, 280, 284, 288, 289, 292, 293, 287, 281, 302, 303, 304, 305, 306, 312, 313, 307, 308, 309, 318, 319, 267, 283, 286, 326, 327, 328, 329, 330, 331, 334, 335, 336, 337, 340, 341, 300, 301, 339, 348, 349, 338, 172, 173, 352, 192, 193, 353, 344, 362, 363, 190, 145, 345, 144, 191, 295, 294, 265, 264, 382, 383, 384, 385, 332, 333, 325, 324, 160, 180, 181, 161, 350, 351, 343, 342, 188, 135, 397, 213, 410, 412]
  列生成求解结果: 目标值=8.0000， 下界=7.0000， 上界=11.0000
    非整数变量: COL_1-11-18-23-7-9_42 = 0.600000
  解不是整数，开始分支...
ImposedVertex(vertex=26)
ForbidVertex(vertex=26)
  创建了 2 个分支
    添加分支节点 1: ID=414
    添加分支节点 2: ID=415

处理节点 413
  开始列生成求解...
Set parameter LogToConsole to value 0
Set parameter Threads to value 1
Set parameter Seed to value 0
  定价策略: Exact, node=413, vertices=12
Set parameter PoolSearchMode to value 2
Set parameter PoolSolutions to value 10
[CG 1] RMP=12.000000, pricing=ExactPricingSolver, new_columns=10
[CG 2] RMP=9.000000, pricing=ExactPricingSolver, new_columns=0
  搜索路径: [1, 2, 4, 5, 3, 8, 11, 14, 15, 16, 17, 19, 23, 24, 25, 27, 26, 30, 36, 37, 21, 22, 18, 33, 20, 31, 32, 53, 52, 54, 55, 57, 56, 10, 66, 67, 70, 71, 74, 75, 9, 80, 81, 84, 86, 87, 85, 92, 93, 43, 42, 12, 102, 103, 13, 108, 109, 49, 48, 114, 115, 116, 122, 123, 117, 118, 119, 62, 63, 106, 107, 99, 61, 60, 41, 98, 40, 138, 147, 148, 149, 139, 146, 162, 163, 166, 167, 168, 169, 170, 171, 143, 140, 112, 113, 184, 185, 150, 182, 183, 156, 157, 194, 195, 151, 202, 203, 204, 205, 208, 209, 214, 215, 136, 206, 207, 220, 221, 222, 223, 141, 137, 142, 197, 240, 241, 242, 243, 244, 245, 196, 90, 91, 78, 260, 261, 262, 263, 268, 269, 258, 274, 275, 259, 97, 96, 79, 266, 285, 282, 280, 284, 288, 289, 292, 293, 287, 281, 302, 303, 304, 305, 306, 312, 313, 307, 308, 309, 318, 319, 267, 283, 286, 326, 327, 328, 329, 330, 331, 334, 335, 336, 337, 340, 341, 300, 301, 339, 348, 349, 338, 172, 173, 352, 192, 193, 353, 344, 362, 363, 190, 145, 345, 144, 191, 295, 294, 265, 264, 382, 383, 384, 385, 332, 333, 325, 324, 160, 180, 181, 161, 350, 351, 343, 342, 188, 135, 397, 213, 410, 412, 413]
  列生成求解结果: 目标值=9.0000， 下界=7.0000， 上界=11.0000
    非整数变量: COL_18-23-9_35 = 0.285714
  解不是整数，开始分支...
ImposedVertex(vertex=26)
ForbidVertex(vertex=26)
  创建了 2 个分支
    添加分支节点 1: ID=416
    添加分支节点 2: ID=417

处理节点 411
  开始列生成求解...
Set parameter LogToConsole to value 0
Set parameter Threads to value 1
Set parameter Seed to value 0
  定价策略: Exact, node=411, vertices=13
Set parameter PoolSearchMode to value 2
Set parameter PoolSolutions to value 10
[CG 1] RMP=20.000000, pricing=ExactPricingSolver, new_columns=10
[CG 2] RMP=12.000000, pricing=ExactPricingSolver, new_columns=0
  搜索路径: [1, 2, 4, 5, 3, 8, 11, 14, 15, 16, 17, 19, 23, 24, 25, 27, 26, 30, 36, 37, 21, 22, 18, 33, 20, 31, 32, 53, 52, 54, 55, 57, 56, 10, 66, 67, 70, 71, 74, 75, 9, 80, 81, 84, 86, 87, 85, 92, 93, 43, 42, 12, 102, 103, 13, 108, 109, 49, 48, 114, 115, 116, 122, 123, 117, 118, 119, 62, 63, 106, 107, 99, 61, 60, 41, 98, 40, 138, 147, 148, 149, 139, 146, 162, 163, 166, 167, 168, 169, 170, 171, 143, 140, 112, 113, 184, 185, 150, 182, 183, 156, 157, 194, 195, 151, 202, 203, 204, 205, 208, 209, 214, 215, 136, 206, 207, 220, 221, 222, 223, 141, 137, 142, 197, 240, 241, 242, 243, 244, 245, 196, 90, 91, 78, 260, 261, 262, 263, 268, 269, 258, 274, 275, 259, 97, 96, 79, 266, 285, 282, 280, 284, 288, 289, 292, 293, 287, 281, 302, 303, 304, 305, 306, 312, 313, 307, 308, 309, 318, 319, 267, 283, 286, 326, 327, 328, 329, 330, 331, 334, 335, 336, 337, 340, 341, 300, 301, 339, 348, 349, 338, 172, 173, 352, 192, 193, 353, 344, 362, 363, 190, 145, 345, 144, 191, 295, 294, 265, 264, 382, 383, 384, 385, 332, 333, 325, 324, 160, 180, 181, 161, 350, 351, 343, 342, 188, 135, 397, 213, 410, 412, 413, 411]
  列生成求解结果: 目标值=12.0000， 下界=7.0000， 上界=11.0000

处理节点 212
  开始列生成求解...
Set parameter LogToConsole to value 0
Set parameter Threads to value 1
Set parameter Seed to value 0
  定价策略: Exact, node=212, vertices=13
Set parameter PoolSearchMode to value 2
Set parameter PoolSolutions to value 10
[CG 1] RMP=7.000000, pricing=ExactPricingSolver, new_columns=0
  搜索路径: [1, 2, 4, 5, 3, 8, 11, 14, 15, 16, 17, 19, 23, 24, 25, 27, 26, 30, 36, 37, 21, 22, 18, 33, 20, 31, 32, 53, 52, 54, 55, 57, 56, 10, 66, 67, 70, 71, 74, 75, 9, 80, 81, 84, 86, 87, 85, 92, 93, 43, 42, 12, 102, 103, 13, 108, 109, 49, 48, 114, 115, 116, 122, 123, 117, 118, 119, 62, 63, 106, 107, 99, 61, 60, 41, 98, 40, 138, 147, 148, 149, 139, 146, 162, 163, 166, 167, 168, 169, 170, 171, 143, 140, 112, 113, 184, 185, 150, 182, 183, 156, 157, 194, 195, 151, 202, 203, 204, 205, 208, 209, 214, 215, 136, 206, 207, 220, 221, 222, 223, 141, 137, 142, 197, 240, 241, 242, 243, 244, 245, 196, 90, 91, 78, 260, 261, 262, 263, 268, 269, 258, 274, 275, 259, 97, 96, 79, 266, 285, 282, 280, 284, 288, 289, 292, 293, 287, 281, 302, 303, 304, 305, 306, 312, 313, 307, 308, 309, 318, 319, 267, 283, 286, 326, 327, 328, 329, 330, 331, 334, 335, 336, 337, 340, 341, 300, 301, 339, 348, 349, 338, 172, 173, 352, 192, 193, 353, 344, 362, 363, 190, 145, 345, 144, 191, 295, 294, 265, 264, 382, 383, 384, 385, 332, 333, 325, 324, 160, 180, 181, 161, 350, 351, 343, 342, 188, 135, 397, 213, 410, 412, 413, 411, 212]
  列生成求解结果: 目标值=7.0000， 下界=7.0000， 上界=11.0000
    非整数变量: COL_1-11-18-23-7-9_42 = 0.500000
  解不是整数，开始分支...
ImposedVertex(vertex=20)
ForbidVertex(vertex=20)
  创建了 2 个分支
    添加分支节点 1: ID=418
    添加分支节点 2: ID=419

处理节点 311
  开始列生成求解...
Set parameter LogToConsole to value 0
Set parameter Threads to value 1
Set parameter Seed to value 0
  定价策略: Exact, node=311, vertices=17
Set parameter PoolSearchMode to value 2
Set parameter PoolSolutions to value 10
[CG 1] RMP=8.000000, pricing=ExactPricingSolver, new_columns=0
  搜索路径: [1, 2, 4, 5, 3, 8, 11, 14, 15, 16, 17, 19, 23, 24, 25, 27, 26, 30, 36, 37, 21, 22, 18, 33, 20, 31, 32, 53, 52, 54, 55, 57, 56, 10, 66, 67, 70, 71, 74, 75, 9, 80, 81, 84, 86, 87, 85, 92, 93, 43, 42, 12, 102, 103, 13, 108, 109, 49, 48, 114, 115, 116, 122, 123, 117, 118, 119, 62, 63, 106, 107, 99, 61, 60, 41, 98, 40, 138, 147, 148, 149, 139, 146, 162, 163, 166, 167, 168, 169, 170, 171, 143, 140, 112, 113, 184, 185, 150, 182, 183, 156, 157, 194, 195, 151, 202, 203, 204, 205, 208, 209, 214, 215, 136, 206, 207, 220, 221, 222, 223, 141, 137, 142, 197, 240, 241, 242, 243, 244, 245, 196, 90, 91, 78, 260, 261, 262, 263, 268, 269, 258, 274, 275, 259, 97, 96, 79, 266, 285, 282, 280, 284, 288, 289, 292, 293, 287, 281, 302, 303, 304, 305, 306, 312, 313, 307, 308, 309, 318, 319, 267, 283, 286, 326, 327, 328, 329, 330, 331, 334, 335, 336, 337, 340, 341, 300, 301, 339, 348, 349, 338, 172, 173, 352, 192, 193, 353, 344, 362, 363, 190, 145, 345, 144, 191, 295, 294, 265, 264, 382, 383, 384, 385, 332, 333, 325, 324, 160, 180, 181, 161, 350, 351, 343, 342, 188, 135, 397, 213, 410, 412, 413, 411, 212, 311]
  列生成求解结果: 目标值=8.0000， 下界=7.0000， 上界=11.0000
    非整数变量: COL_18-20-27_47 = 0.141414
  解不是整数，开始分支...
ImposedVertex(vertex=5)
ForbidVertex(vertex=5)
  创建了 2 个分支
    添加分支节点 1: ID=420
    添加分支节点 2: ID=421

处理节点 299
  开始列生成求解...
Set parameter LogToConsole to value 0
Set parameter Threads to value 1
Set parameter Seed to value 0
  定价策略: Exact, node=299, vertices=17
Set parameter PoolSearchMode to value 2
Set parameter PoolSolutions to value 10
[CG 1] RMP=8.000000, pricing=ExactPricingSolver, new_columns=0
  搜索路径: [1, 2, 4, 5, 3, 8, 11, 14, 15, 16, 17, 19, 23, 24, 25, 27, 26, 30, 36, 37, 21, 22, 18, 33, 20, 31, 32, 53, 52, 54, 55, 57, 56, 10, 66, 67, 70, 71, 74, 75, 9, 80, 81, 84, 86, 87, 85, 92, 93, 43, 42, 12, 102, 103, 13, 108, 109, 49, 48, 114, 115, 116, 122, 123, 117, 118, 119, 62, 63, 106, 107, 99, 61, 60, 41, 98, 40, 138, 147, 148, 149, 139, 146, 162, 163, 166, 167, 168, 169, 170, 171, 143, 140, 112, 113, 184, 185, 150, 182, 183, 156, 157, 194, 195, 151, 202, 203, 204, 205, 208, 209, 214, 215, 136, 206, 207, 220, 221, 222, 223, 141, 137, 142, 197, 240, 241, 242, 243, 244, 245, 196, 90, 91, 78, 260, 261, 262, 263, 268, 269, 258, 274, 275, 259, 97, 96, 79, 266, 285, 282, 280, 284, 288, 289, 292, 293, 287, 281, 302, 303, 304, 305, 306, 312, 313, 307, 308, 309, 318, 319, 267, 283, 286, 326, 327, 328, 329, 330, 331, 334, 335, 336, 337, 340, 341, 300, 301, 339, 348, 349, 338, 172, 173, 352, 192, 193, 353, 344, 362, 363, 190, 145, 345, 144, 191, 295, 294, 265, 264, 382, 383, 384, 385, 332, 333, 325, 324, 160, 180, 181, 161, 350, 351, 343, 342, 188, 135, 397, 213, 410, 412, 413, 411, 212, 311, 299]
  列生成求解结果: 目标值=8.0000， 下界=7.0000， 上界=11.0000
    非整数变量: COL_18-23-9_35 = 0.181818
  解不是整数，开始分支...
ImposedVertex(vertex=23)
ForbidVertex(vertex=23)
  创建了 2 个分支
    添加分支节点 1: ID=422
    添加分支节点 2: ID=423

处理节点 230
  开始列生成求解...
Set parameter LogToConsole to value 0
Set parameter Threads to value 1
Set parameter Seed to value 0
  定价策略: Exact, node=230, vertices=15
Set parameter PoolSearchMode to value 2
Set parameter PoolSolutions to value 10
[CG 1] RMP=9.000000, pricing=ExactPricingSolver, new_columns=0
  搜索路径: [1, 2, 4, 5, 3, 8, 11, 14, 15, 16, 17, 19, 23, 24, 25, 27, 26, 30, 36, 37, 21, 22, 18, 33, 20, 31, 32, 53, 52, 54, 55, 57, 56, 10, 66, 67, 70, 71, 74, 75, 9, 80, 81, 84, 86, 87, 85, 92, 93, 43, 42, 12, 102, 103, 13, 108, 109, 49, 48, 114, 115, 116, 122, 123, 117, 118, 119, 62, 63, 106, 107, 99, 61, 60, 41, 98, 40, 138, 147, 148, 149, 139, 146, 162, 163, 166, 167, 168, 169, 170, 171, 143, 140, 112, 113, 184, 185, 150, 182, 183, 156, 157, 194, 195, 151, 202, 203, 204, 205, 208, 209, 214, 215, 136, 206, 207, 220, 221, 222, 223, 141, 137, 142, 197, 240, 241, 242, 243, 244, 245, 196, 90, 91, 78, 260, 261, 262, 263, 268, 269, 258, 274, 275, 259, 97, 96, 79, 266, 285, 282, 280, 284, 288, 289, 292, 293, 287, 281, 302, 303, 304, 305, 306, 312, 313, 307, 308, 309, 318, 319, 267, 283, 286, 326, 327, 328, 329, 330, 331, 334, 335, 336, 337, 340, 341, 300, 301, 339, 348, 349, 338, 172, 173, 352, 192, 193, 353, 344, 362, 363, 190, 145, 345, 144, 191, 295, 294, 265, 264, 382, 383, 384, 385, 332, 333, 325, 324, 160, 180, 181, 161, 350, 351, 343, 342, 188, 135, 397, 213, 410, 412, 413, 411, 212, 311, 299, 230]
  列生成求解结果: 目标值=9.0000， 下界=7.0000， 上界=11.0000
    非整数变量: COL_1-18-20-26-5_51 = 0.512500
  解不是整数，开始分支...
ImposedVertex(vertex=5)
ForbidVertex(vertex=5)
  创建了 2 个分支
    添加分支节点 1: ID=424
    添加分支节点 2: ID=425

处理节点 291
  开始列生成求解...
Set parameter LogToConsole to value 0
Set parameter Threads to value 1
Set parameter Seed to value 0
  定价策略: Exact, node=291, vertices=16
Set parameter PoolSearchMode to value 2
Set parameter PoolSolutions to value 10
[CG 1] RMP=8.000000, pricing=ExactPricingSolver, new_columns=0
  搜索路径: [1, 2, 4, 5, 3, 8, 11, 14, 15, 16, 17, 19, 23, 24, 25, 27, 26, 30, 36, 37, 21, 22, 18, 33, 20, 31, 32, 53, 52, 54, 55, 57, 56, 10, 66, 67, 70, 71, 74, 75, 9, 80, 81, 84, 86, 87, 85, 92, 93, 43, 42, 12, 102, 103, 13, 108, 109, 49, 48, 114, 115, 116, 122, 123, 117, 118, 119, 62, 63, 106, 107, 99, 61, 60, 41, 98, 40, 138, 147, 148, 149, 139, 146, 162, 163, 166, 167, 168, 169, 170, 171, 143, 140, 112, 113, 184, 185, 150, 182, 183, 156, 157, 194, 195, 151, 202, 203, 204, 205, 208, 209, 214, 215, 136, 206, 207, 220, 221, 222, 223, 141, 137, 142, 197, 240, 241, 242, 243, 244, 245, 196, 90, 91, 78, 260, 261, 262, 263, 268, 269, 258, 274, 275, 259, 97, 96, 79, 266, 285, 282, 280, 284, 288, 289, 292, 293, 287, 281, 302, 303, 304, 305, 306, 312, 313, 307, 308, 309, 318, 319, 267, 283, 286, 326, 327, 328, 329, 330, 331, 334, 335, 336, 337, 340, 341, 300, 301, 339, 348, 349, 338, 172, 173, 352, 192, 193, 353, 344, 362, 363, 190, 145, 345, 144, 191, 295, 294, 265, 264, 382, 383, 384, 385, 332, 333, 325, 324, 160, 180, 181, 161, 350, 351, 343, 342, 188, 135, 397, 213, 410, 412, 413, 411, 212, 311, 299, 230, 291]
  列生成求解结果: 目标值=8.0000， 下界=7.0000， 上界=11.0000
    非整数变量: COL_15-23-27-5_419 = 0.333333
  解不是整数，开始分支...
ImposedVertex(vertex=15)
ForbidVertex(vertex=15)
  创建了 2 个分支
    添加分支节点 1: ID=426
    添加分支节点 2: ID=427

处理节点 231
  开始列生成求解...
Set parameter LogToConsole to value 0
Set parameter Threads to value 1
Set parameter Seed to value 0
  定价策略: Exact, node=231, vertices=15
Set parameter PoolSearchMode to value 2
Set parameter PoolSolutions to value 10
[CG 1] RMP=7.058824, pricing=ExactPricingSolver, new_columns=10
[CG 2] RMP=7.000000, pricing=ExactPricingSolver, new_columns=10
[CG 3] RMP=7.000000, pricing=ExactPricingSolver, new_columns=0
  搜索路径: [1, 2, 4, 5, 3, 8, 11, 14, 15, 16, 17, 19, 23, 24, 25, 27, 26, 30, 36, 37, 21, 22, 18, 33, 20, 31, 32, 53, 52, 54, 55, 57, 56, 10, 66, 67, 70, 71, 74, 75, 9, 80, 81, 84, 86, 87, 85, 92, 93, 43, 42, 12, 102, 103, 13, 108, 109, 49, 48, 114, 115, 116, 122, 123, 117, 118, 119, 62, 63, 106, 107, 99, 61, 60, 41, 98, 40, 138, 147, 148, 149, 139, 146, 162, 163, 166, 167, 168, 169, 170, 171, 143, 140, 112, 113, 184, 185, 150, 182, 183, 156, 157, 194, 195, 151, 202, 203, 204, 205, 208, 209, 214, 215, 136, 206, 207, 220, 221, 222, 223, 141, 137, 142, 197, 240, 241, 242, 243, 244, 245, 196, 90, 91, 78, 260, 261, 262, 263, 268, 269, 258, 274, 275, 259, 97, 96, 79, 266, 285, 282, 280, 284, 288, 289, 292, 293, 287, 281, 302, 303, 304, 305, 306, 312, 313, 307, 308, 309, 318, 319, 267, 283, 286, 326, 327, 328, 329, 330, 331, 334, 335, 336, 337, 340, 341, 300, 301, 339, 348, 349, 338, 172, 173, 352, 192, 193, 353, 344, 362, 363, 190, 145, 345, 144, 191, 295, 294, 265, 264, 382, 383, 384, 385, 332, 333, 325, 324, 160, 180, 181, 161, 350, 351, 343, 342, 188, 135, 397, 213, 410, 412, 413, 411, 212, 311, 299, 230, 291, 231]
  列生成求解结果: 目标值=7.0000， 下界=7.0000， 上界=11.0000
    非整数变量: COL_1-17-20-25-28_779 = 0.300000
  解不是整数，开始分支...
ImposedVertex(vertex=20)
ForbidVertex(vertex=20)
  创建了 2 个分支
    添加分支节点 1: ID=428
    添加分支节点 2: ID=429

处理节点 290
  开始列生成求解...
Set parameter LogToConsole to value 0
Set parameter Threads to value 1
Set parameter Seed to value 0
  定价策略: Exact, node=290, vertices=16
Set parameter PoolSearchMode to value 2
Set parameter PoolSolutions to value 10
[CG 1] RMP=2010.000000, pricing=ExactPricingSolver, new_columns=10
[CG 2] RMP=9.000000, pricing=ExactPricingSolver, new_columns=0
  搜索路径: [1, 2, 4, 5, 3, 8, 11, 14, 15, 16, 17, 19, 23, 24, 25, 27, 26, 30, 36, 37, 21, 22, 18, 33, 20, 31, 32, 53, 52, 54, 55, 57, 56, 10, 66, 67, 70, 71, 74, 75, 9, 80, 81, 84, 86, 87, 85, 92, 93, 43, 42, 12, 102, 103, 13, 108, 109, 49, 48, 114, 115, 116, 122, 123, 117, 118, 119, 62, 63, 106, 107, 99, 61, 60, 41, 98, 40, 138, 147, 148, 149, 139, 146, 162, 163, 166, 167, 168, 169, 170, 171, 143, 140, 112, 113, 184, 185, 150, 182, 183, 156, 157, 194, 195, 151, 202, 203, 204, 205, 208, 209, 214, 215, 136, 206, 207, 220, 221, 222, 223, 141, 137, 142, 197, 240, 241, 242, 243, 244, 245, 196, 90, 91, 78, 260, 261, 262, 263, 268, 269, 258, 274, 275, 259, 97, 96, 79, 266, 285, 282, 280, 284, 288, 289, 292, 293, 287, 281, 302, 303, 304, 305, 306, 312, 313, 307, 308, 309, 318, 319, 267, 283, 286, 326, 327, 328, 329, 330, 331, 334, 335, 336, 337, 340, 341, 300, 301, 339, 348, 349, 338, 172, 173, 352, 192, 193, 353, 344, 362, 363, 190, 145, 345, 144, 191, 295, 294, 265, 264, 382, 383, 384, 385, 332, 333, 325, 324, 160, 180, 181, 161, 350, 351, 343, 342, 188, 135, 397, 213, 410, 412, 413, 411, 212, 311, 299, 230, 291, 231, 290]
  列生成求解结果: 目标值=9.0000， 下界=7.0000， 上界=11.0000
    非整数变量: COL_13-21-23-27-9_69 = 0.333333
  解不是整数，开始分支...
ImposedVertex(vertex=23)
ForbidVertex(vertex=23)
  创建了 2 个分支
    添加分支节点 1: ID=430
    添加分支节点 2: ID=431
  进度: 已处理 240 个节点, 剩余 157 个, 当前最优 11.0000, 当前列数: 1818

处理节点 255
  开始列生成求解...
Set parameter LogToConsole to value 0
Set parameter Threads to value 1
Set parameter Seed to value 0
  定价策略: Exact, node=255, vertices=15
Set parameter PoolSearchMode to value 2
Set parameter PoolSolutions to value 10
[CG 1] RMP=12.000000, pricing=ExactPricingSolver, new_columns=10
[CG 2] RMP=7.000000, pricing=ExactPricingSolver, new_columns=0
  搜索路径: [1, 2, 4, 5, 3, 8, 11, 14, 15, 16, 17, 19, 23, 24, 25, 27, 26, 30, 36, 37, 21, 22, 18, 33, 20, 31, 32, 53, 52, 54, 55, 57, 56, 10, 66, 67, 70, 71, 74, 75, 9, 80, 81, 84, 86, 87, 85, 92, 93, 43, 42, 12, 102, 103, 13, 108, 109, 49, 48, 114, 115, 116, 122, 123, 117, 118, 119, 62, 63, 106, 107, 99, 61, 60, 41, 98, 40, 138, 147, 148, 149, 139, 146, 162, 163, 166, 167, 168, 169, 170, 171, 143, 140, 112, 113, 184, 185, 150, 182, 183, 156, 157, 194, 195, 151, 202, 203, 204, 205, 208, 209, 214, 215, 136, 206, 207, 220, 221, 222, 223, 141, 137, 142, 197, 240, 241, 242, 243, 244, 245, 196, 90, 91, 78, 260, 261, 262, 263, 268, 269, 258, 274, 275, 259, 97, 96, 79, 266, 285, 282, 280, 284, 288, 289, 292, 293, 287, 281, 302, 303, 304, 305, 306, 312, 313, 307, 308, 309, 318, 319, 267, 283, 286, 326, 327, 328, 329, 330, 331, 334, 335, 336, 337, 340, 341, 300, 301, 339, 348, 349, 338, 172, 173, 352, 192, 193, 353, 344, 362, 363, 190, 145, 345, 144, 191, 295, 294, 265, 264, 382, 383, 384, 385, 332, 333, 325, 324, 160, 180, 181, 161, 350, 351, 343, 342, 188, 135, 397, 213, 410, 412, 413, 411, 212, 311, 299, 230, 291, 231, 290, 255]
  列生成求解结果: 目标值=7.0000， 下界=7.0000， 上界=11.0000
    非整数变量: COL_1-18-23-7-9_41 = 0.437500
  解不是整数，开始分支...
ImposedVertex(vertex=20)
ForbidVertex(vertex=20)
  创建了 2 个分支
    添加分支节点 1: ID=432
    添加分支节点 2: ID=433

处理节点 254
  开始列生成求解...
Set parameter LogToConsole to value 0
Set parameter Threads to value 1
Set parameter Seed to value 0
  定价策略: Exact, node=254, vertices=14
Set parameter PoolSearchMode to value 2
Set parameter PoolSolutions to value 10
[CG 1] RMP=1010.000000, pricing=ExactPricingSolver, new_columns=10
[CG 2] RMP=9.600000, pricing=ExactPricingSolver, new_columns=10
[CG 3] RMP=7.000000, pricing=ExactPricingSolver, new_columns=0
  搜索路径: [1, 2, 4, 5, 3, 8, 11, 14, 15, 16, 17, 19, 23, 24, 25, 27, 26, 30, 36, 37, 21, 22, 18, 33, 20, 31, 32, 53, 52, 54, 55, 57, 56, 10, 66, 67, 70, 71, 74, 75, 9, 80, 81, 84, 86, 87, 85, 92, 93, 43, 42, 12, 102, 103, 13, 108, 109, 49, 48, 114, 115, 116, 122, 123, 117, 118, 119, 62, 63, 106, 107, 99, 61, 60, 41, 98, 40, 138, 147, 148, 149, 139, 146, 162, 163, 166, 167, 168, 169, 170, 171, 143, 140, 112, 113, 184, 185, 150, 182, 183, 156, 157, 194, 195, 151, 202, 203, 204, 205, 208, 209, 214, 215, 136, 206, 207, 220, 221, 222, 223, 141, 137, 142, 197, 240, 241, 242, 243, 244, 245, 196, 90, 91, 78, 260, 261, 262, 263, 268, 269, 258, 274, 275, 259, 97, 96, 79, 266, 285, 282, 280, 284, 288, 289, 292, 293, 287, 281, 302, 303, 304, 305, 306, 312, 313, 307, 308, 309, 318, 319, 267, 283, 286, 326, 327, 328, 329, 330, 331, 334, 335, 336, 337, 340, 341, 300, 301, 339, 348, 349, 338, 172, 173, 352, 192, 193, 353, 344, 362, 363, 190, 145, 345, 144, 191, 295, 294, 265, 264, 382, 383, 384, 385, 332, 333, 325, 324, 160, 180, 181, 161, 350, 351, 343, 342, 188, 135, 397, 213, 410, 412, 413, 411, 212, 311, 299, 230, 291, 231, 290, 255, 254]
  列生成求解结果: 目标值=7.0000， 下界=7.0000， 上界=11.0000
    非整数变量: COL_1-11-18-23-7-9_42 = 0.500000
  解不是整数，开始分支...
ImposedVertex(vertex=20)
ForbidVertex(vertex=20)
  创建了 2 个分支
    添加分支节点 1: ID=434
    添加分支节点 2: ID=435

处理节点 310
  开始列生成求解...
Set parameter LogToConsole to value 0
Set parameter Threads to value 1
Set parameter Seed to value 0
  定价策略: Exact, node=310, vertices=17
Set parameter PoolSearchMode to value 2
Set parameter PoolSolutions to value 10
[CG 1] RMP=9.000000, pricing=ExactPricingSolver, new_columns=0
  搜索路径: [1, 2, 4, 5, 3, 8, 11, 14, 15, 16, 17, 19, 23, 24, 25, 27, 26, 30, 36, 37, 21, 22, 18, 33, 20, 31, 32, 53, 52, 54, 55, 57, 56, 10, 66, 67, 70, 71, 74, 75, 9, 80, 81, 84, 86, 87, 85, 92, 93, 43, 42, 12, 102, 103, 13, 108, 109, 49, 48, 114, 115, 116, 122, 123, 117, 118, 119, 62, 63, 106, 107, 99, 61, 60, 41, 98, 40, 138, 147, 148, 149, 139, 146, 162, 163, 166, 167, 168, 169, 170, 171, 143, 140, 112, 113, 184, 185, 150, 182, 183, 156, 157, 194, 195, 151, 202, 203, 204, 205, 208, 209, 214, 215, 136, 206, 207, 220, 221, 222, 223, 141, 137, 142, 197, 240, 241, 242, 243, 244, 245, 196, 90, 91, 78, 260, 261, 262, 263, 268, 269, 258, 274, 275, 259, 97, 96, 79, 266, 285, 282, 280, 284, 288, 289, 292, 293, 287, 281, 302, 303, 304, 305, 306, 312, 313, 307, 308, 309, 318, 319, 267, 283, 286, 326, 327, 328, 329, 330, 331, 334, 335, 336, 337, 340, 341, 300, 301, 339, 348, 349, 338, 172, 173, 352, 192, 193, 353, 344, 362, 363, 190, 145, 345, 144, 191, 295, 294, 265, 264, 382, 383, 384, 385, 332, 333, 325, 324, 160, 180, 181, 161, 350, 351, 343, 342, 188, 135, 397, 213, 410, 412, 413, 411, 212, 311, 299, 230, 291, 231, 290, 255, 254, 310]
  列生成求解结果: 目标值=9.0000， 下界=7.0000， 上界=11.0000
    非整数变量: COL_18-2-22-9_39 = 0.250000
  解不是整数，开始分支...
ImposedVertex(vertex=2)
ForbidVertex(vertex=2)
  创建了 2 个分支
    添加分支节点 1: ID=436
    添加分支节点 2: ID=437

处理节点 130
  开始列生成求解...
Set parameter LogToConsole to value 0
Set parameter Threads to value 1
Set parameter Seed to value 0
  定价策略: Exact, node=130, vertices=18
Set parameter PoolSearchMode to value 2
Set parameter PoolSolutions to value 10
[CG 1] RMP=11.000000, pricing=ExactPricingSolver, new_columns=10
[CG 2] RMP=9.000000, pricing=ExactPricingSolver, new_columns=0
  搜索路径: [1, 2, 4, 5, 3, 8, 11, 14, 15, 16, 17, 19, 23, 24, 25, 27, 26, 30, 36, 37, 21, 22, 18, 33, 20, 31, 32, 53, 52, 54, 55, 57, 56, 10, 66, 67, 70, 71, 74, 75, 9, 80, 81, 84, 86, 87, 85, 92, 93, 43, 42, 12, 102, 103, 13, 108, 109, 49, 48, 114, 115, 116, 122, 123, 117, 118, 119, 62, 63, 106, 107, 99, 61, 60, 41, 98, 40, 138, 147, 148, 149, 139, 146, 162, 163, 166, 167, 168, 169, 170, 171, 143, 140, 112, 113, 184, 185, 150, 182, 183, 156, 157, 194, 195, 151, 202, 203, 204, 205, 208, 209, 214, 215, 136, 206, 207, 220, 221, 222, 223, 141, 137, 142, 197, 240, 241, 242, 243, 244, 245, 196, 90, 91, 78, 260, 261, 262, 263, 268, 269, 258, 274, 275, 259, 97, 96, 79, 266, 285, 282, 280, 284, 288, 289, 292, 293, 287, 281, 302, 303, 304, 305, 306, 312, 313, 307, 308, 309, 318, 319, 267, 283, 286, 326, 327, 328, 329, 330, 331, 334, 335, 336, 337, 340, 341, 300, 301, 339, 348, 349, 338, 172, 173, 352, 192, 193, 353, 344, 362, 363, 190, 145, 345, 144, 191, 295, 294, 265, 264, 382, 383, 384, 385, 332, 333, 325, 324, 160, 180, 181, 161, 350, 351, 343, 342, 188, 135, 397, 213, 410, 412, 413, 411, 212, 311, 299, 230, 291, 231, 290, 255, 254, 310, 130]
  列生成求解结果: 目标值=9.0000， 下界=7.0000， 上界=11.0000
    非整数变量: COL_18-24-9_33 = 0.357955
  解不是整数，开始分支...
ImposedVertex(vertex=20)
ForbidVertex(vertex=20)
  创建了 2 个分支
    添加分支节点 1: ID=438
    添加分支节点 2: ID=439

处理节点 131
  开始列生成求解...
Set parameter LogToConsole to value 0
Set parameter Threads to value 1
Set parameter Seed to value 0
  定价策略: Exact, node=131, vertices=18
Set parameter PoolSearchMode to value 2
Set parameter PoolSolutions to value 10
[CG 1] RMP=14.000000, pricing=ExactPricingSolver, new_columns=10
[CG 2] RMP=8.800000, pricing=ExactPricingSolver, new_columns=10
[CG 3] RMP=7.000000, pricing=ExactPricingSolver, new_columns=0
  搜索路径: [1, 2, 4, 5, 3, 8, 11, 14, 15, 16, 17, 19, 23, 24, 25, 27, 26, 30, 36, 37, 21, 22, 18, 33, 20, 31, 32, 53, 52, 54, 55, 57, 56, 10, 66, 67, 70, 71, 74, 75, 9, 80, 81, 84, 86, 87, 85, 92, 93, 43, 42, 12, 102, 103, 13, 108, 109, 49, 48, 114, 115, 116, 122, 123, 117, 118, 119, 62, 63, 106, 107, 99, 61, 60, 41, 98, 40, 138, 147, 148, 149, 139, 146, 162, 163, 166, 167, 168, 169, 170, 171, 143, 140, 112, 113, 184, 185, 150, 182, 183, 156, 157, 194, 195, 151, 202, 203, 204, 205, 208, 209, 214, 215, 136, 206, 207, 220, 221, 222, 223, 141, 137, 142, 197, 240, 241, 242, 243, 244, 245, 196, 90, 91, 78, 260, 261, 262, 263, 268, 269, 258, 274, 275, 259, 97, 96, 79, 266, 285, 282, 280, 284, 288, 289, 292, 293, 287, 281, 302, 303, 304, 305, 306, 312, 313, 307, 308, 309, 318, 319, 267, 283, 286, 326, 327, 328, 329, 330, 331, 334, 335, 336, 337, 340, 341, 300, 301, 339, 348, 349, 338, 172, 173, 352, 192, 193, 353, 344, 362, 363, 190, 145, 345, 144, 191, 295, 294, 265, 264, 382, 383, 384, 385, 332, 333, 325, 324, 160, 180, 181, 161, 350, 351, 343, 342, 188, 135, 397, 213, 410, 412, 413, 411, 212, 311, 299, 230, 291, 231, 290, 255, 254, 310, 130, 131]
  列生成求解结果: 目标值=7.0000， 下界=7.0000， 上界=11.0000
    非整数变量: COL_16-18-4-9_138 = 0.208333
  解不是整数，开始分支...
ImposedVertex(vertex=2)
ForbidVertex(vertex=2)
  创建了 2 个分支
    添加分支节点 1: ID=440
    添加分支节点 2: ID=441

处理节点 428
  开始列生成求解...
Set parameter LogToConsole to value 0
Set parameter Threads to value 1
Set parameter Seed to value 0
  定价策略: Exact, node=428, vertices=14
Set parameter PoolSearchMode to value 2
Set parameter PoolSolutions to value 10
[CG 1] RMP=8.000000, pricing=ExactPricingSolver, new_columns=0
  搜索路径: [1, 2, 4, 5, 3, 8, 11, 14, 15, 16, 17, 19, 23, 24, 25, 27, 26, 30, 36, 37, 21, 22, 18, 33, 20, 31, 32, 53, 52, 54, 55, 57, 56, 10, 66, 67, 70, 71, 74, 75, 9, 80, 81, 84, 86, 87, 85, 92, 93, 43, 42, 12, 102, 103, 13, 108, 109, 49, 48, 114, 115, 116, 122, 123, 117, 118, 119, 62, 63, 106, 107, 99, 61, 60, 41, 98, 40, 138, 147, 148, 149, 139, 146, 162, 163, 166, 167, 168, 169, 170, 171, 143, 140, 112, 113, 184, 185, 150, 182, 183, 156, 157, 194, 195, 151, 202, 203, 204, 205, 208, 209, 214, 215, 136, 206, 207, 220, 221, 222, 223, 141, 137, 142, 197, 240, 241, 242, 243, 244, 245, 196, 90, 91, 78, 260, 261, 262, 263, 268, 269, 258, 274, 275, 259, 97, 96, 79, 266, 285, 282, 280, 284, 288, 289, 292, 293, 287, 281, 302, 303, 304, 305, 306, 312, 313, 307, 308, 309, 318, 319, 267, 283, 286, 326, 327, 328, 329, 330, 331, 334, 335, 336, 337, 340, 341, 300, 301, 339, 348, 349, 338, 172, 173, 352, 192, 193, 353, 344, 362, 363, 190, 145, 345, 144, 191, 295, 294, 265, 264, 382, 383, 384, 385, 332, 333, 325, 324, 160, 180, 181, 161, 350, 351, 343, 342, 188, 135, 397, 213, 410, 412, 413, 411, 212, 311, 299, 230, 291, 231, 290, 255, 254, 310, 130, 131, 428]
  列生成求解结果: 目标值=8.0000， 下界=7.0000， 上界=11.0000
    非整数变量: COL_1-17-20-25-28_779 = 0.666667
  解不是整数，开始分支...
ImposedVertex(vertex=28)
ForbidVertex(vertex=28)
  创建了 2 个分支
    添加分支节点 1: ID=442
    添加分支节点 2: ID=443

处理节点 429
  开始列生成求解...
Set parameter LogToConsole to value 0
Set parameter Threads to value 1
Set parameter Seed to value 0
  定价策略: Exact, node=429, vertices=14
Set parameter PoolSearchMode to value 2
Set parameter PoolSolutions to value 10
[CG 1] RMP=10.000000, pricing=ExactPricingSolver, new_columns=10
[CG 2] RMP=9.000000, pricing=ExactPricingSolver, new_columns=0
  搜索路径: [1, 2, 4, 5, 3, 8, 11, 14, 15, 16, 17, 19, 23, 24, 25, 27, 26, 30, 36, 37, 21, 22, 18, 33, 20, 31, 32, 53, 52, 54, 55, 57, 56, 10, 66, 67, 70, 71, 74, 75, 9, 80, 81, 84, 86, 87, 85, 92, 93, 43, 42, 12, 102, 103, 13, 108, 109, 49, 48, 114, 115, 116, 122, 123, 117, 118, 119, 62, 63, 106, 107, 99, 61, 60, 41, 98, 40, 138, 147, 148, 149, 139, 146, 162, 163, 166, 167, 168, 169, 170, 171, 143, 140, 112, 113, 184, 185, 150, 182, 183, 156, 157, 194, 195, 151, 202, 203, 204, 205, 208, 209, 214, 215, 136, 206, 207, 220, 221, 222, 223, 141, 137, 142, 197, 240, 241, 242, 243, 244, 245, 196, 90, 91, 78, 260, 261, 262, 263, 268, 269, 258, 274, 275, 259, 97, 96, 79, 266, 285, 282, 280, 284, 288, 289, 292, 293, 287, 281, 302, 303, 304, 305, 306, 312, 313, 307, 308, 309, 318, 319, 267, 283, 286, 326, 327, 328, 329, 330, 331, 334, 335, 336, 337, 340, 341, 300, 301, 339, 348, 349, 338, 172, 173, 352, 192, 193, 353, 344, 362, 363, 190, 145, 345, 144, 191, 295, 294, 265, 264, 382, 383, 384, 385, 332, 333, 325, 324, 160, 180, 181, 161, 350, 351, 343, 342, 188, 135, 397, 213, 410, 412, 413, 411, 212, 311, 299, 230, 291, 231, 290, 255, 254, 310, 130, 131, 428, 429]
  列生成求解结果: 目标值=9.0000， 下界=7.0000， 上界=11.0000
    非整数变量: COL_1-11-17-21-25-26_822 = 0.500000
  解不是整数，开始分支...
ImposedVertex(vertex=26)
ForbidVertex(vertex=26)
  创建了 2 个分支
    添加分支节点 1: ID=444
    添加分支节点 2: ID=445

处理节点 440
  开始列生成求解...
Set parameter LogToConsole to value 0
Set parameter Threads to value 1
Set parameter Seed to value 0
  定价策略: Exact, node=440, vertices=17
Set parameter PoolSearchMode to value 2
Set parameter PoolSolutions to value 10
[CG 1] RMP=7.000000, pricing=ExactPricingSolver, new_columns=0
  搜索路径: [1, 2, 4, 5, 3, 8, 11, 14, 15, 16, 17, 19, 23, 24, 25, 27, 26, 30, 36, 37, 21, 22, 18, 33, 20, 31, 32, 53, 52, 54, 55, 57, 56, 10, 66, 67, 70, 71, 74, 75, 9, 80, 81, 84, 86, 87, 85, 92, 93, 43, 42, 12, 102, 103, 13, 108, 109, 49, 48, 114, 115, 116, 122, 123, 117, 118, 119, 62, 63, 106, 107, 99, 61, 60, 41, 98, 40, 138, 147, 148, 149, 139, 146, 162, 163, 166, 167, 168, 169, 170, 171, 143, 140, 112, 113, 184, 185, 150, 182, 183, 156, 157, 194, 195, 151, 202, 203, 204, 205, 208, 209, 214, 215, 136, 206, 207, 220, 221, 222, 223, 141, 137, 142, 197, 240, 241, 242, 243, 244, 245, 196, 90, 91, 78, 260, 261, 262, 263, 268, 269, 258, 274, 275, 259, 97, 96, 79, 266, 285, 282, 280, 284, 288, 289, 292, 293, 287, 281, 302, 303, 304, 305, 306, 312, 313, 307, 308, 309, 318, 319, 267, 283, 286, 326, 327, 328, 329, 330, 331, 334, 335, 336, 337, 340, 341, 300, 301, 339, 348, 349, 338, 172, 173, 352, 192, 193, 353, 344, 362, 363, 190, 145, 345, 144, 191, 295, 294, 265, 264, 382, 383, 384, 385, 332, 333, 325, 324, 160, 180, 181, 161, 350, 351, 343, 342, 188, 135, 397, 213, 410, 412, 413, 411, 212, 311, 299, 230, 291, 231, 290, 255, 254, 310, 130, 131, 428, 429, 440]
  列生成求解结果: 目标值=7.0000， 下界=7.0000， 上界=11.0000
    非整数变量: COL_11-18-2-21-25-27-4-7_204 = 0.318182
  解不是整数，开始分支...
ImposedVertex(vertex=21)
ForbidVertex(vertex=21)
  创建了 2 个分支
    添加分支节点 1: ID=446
    添加分支节点 2: ID=447

处理节点 441
  开始列生成求解...
Set parameter LogToConsole to value 0
Set parameter Threads to value 1
Set parameter Seed to value 0
  定价策略: Exact, node=441, vertices=17
Set parameter PoolSearchMode to value 2
Set parameter PoolSolutions to value 10
[CG 1] RMP=12.000000, pricing=ExactPricingSolver, new_columns=0
  搜索路径: [1, 2, 4, 5, 3, 8, 11, 14, 15, 16, 17, 19, 23, 24, 25, 27, 26, 30, 36, 37, 21, 22, 18, 33, 20, 31, 32, 53, 52, 54, 55, 57, 56, 10, 66, 67, 70, 71, 74, 75, 9, 80, 81, 84, 86, 87, 85, 92, 93, 43, 42, 12, 102, 103, 13, 108, 109, 49, 48, 114, 115, 116, 122, 123, 117, 118, 119, 62, 63, 106, 107, 99, 61, 60, 41, 98, 40, 138, 147, 148, 149, 139, 146, 162, 163, 166, 167, 168, 169, 170, 171, 143, 140, 112, 113, 184, 185, 150, 182, 183, 156, 157, 194, 195, 151, 202, 203, 204, 205, 208, 209, 214, 215, 136, 206, 207, 220, 221, 222, 223, 141, 137, 142, 197, 240, 241, 242, 243, 244, 245, 196, 90, 91, 78, 260, 261, 262, 263, 268, 269, 258, 274, 275, 259, 97, 96, 79, 266, 285, 282, 280, 284, 288, 289, 292, 293, 287, 281, 302, 303, 304, 305, 306, 312, 313, 307, 308, 309, 318, 319, 267, 283, 286, 326, 327, 328, 329, 330, 331, 334, 335, 336, 337, 340, 341, 300, 301, 339, 348, 349, 338, 172, 173, 352, 192, 193, 353, 344, 362, 363, 190, 145, 345, 144, 191, 295, 294, 265, 264, 382, 383, 384, 385, 332, 333, 325, 324, 160, 180, 181, 161, 350, 351, 343, 342, 188, 135, 397, 213, 410, 412, 413, 411, 212, 311, 299, 230, 291, 231, 290, 255, 254, 310, 130, 131, 428, 429, 440, 441]
  列生成求解结果: 目标值=12.0000， 下界=7.0000， 上界=11.0000

处理节点 433
  开始列生成求解...
Set parameter LogToConsole to value 0
Set parameter Threads to value 1
Set parameter Seed to value 0
  定价策略: Exact, node=433, vertices=14
Set parameter PoolSearchMode to value 2
Set parameter PoolSolutions to value 10
[CG 1] RMP=9.000000, pricing=ExactPricingSolver, new_columns=0
  搜索路径: [1, 2, 4, 5, 3, 8, 11, 14, 15, 16, 17, 19, 23, 24, 25, 27, 26, 30, 36, 37, 21, 22, 18, 33, 20, 31, 32, 53, 52, 54, 55, 57, 56, 10, 66, 67, 70, 71, 74, 75, 9, 80, 81, 84, 86, 87, 85, 92, 93, 43, 42, 12, 102, 103, 13, 108, 109, 49, 48, 114, 115, 116, 122, 123, 117, 118, 119, 62, 63, 106, 107, 99, 61, 60, 41, 98, 40, 138, 147, 148, 149, 139, 146, 162, 163, 166, 167, 168, 169, 170, 171, 143, 140, 112, 113, 184, 185, 150, 182, 183, 156, 157, 194, 195, 151, 202, 203, 204, 205, 208, 209, 214, 215, 136, 206, 207, 220, 221, 222, 223, 141, 137, 142, 197, 240, 241, 242, 243, 244, 245, 196, 90, 91, 78, 260, 261, 262, 263, 268, 269, 258, 274, 275, 259, 97, 96, 79, 266, 285, 282, 280, 284, 288, 289, 292, 293, 287, 281, 302, 303, 304, 305, 306, 312, 313, 307, 308, 309, 318, 319, 267, 283, 286, 326, 327, 328, 329, 330, 331, 334, 335, 336, 337, 340, 341, 300, 301, 339, 348, 349, 338, 172, 173, 352, 192, 193, 353, 344, 362, 363, 190, 145, 345, 144, 191, 295, 294, 265, 264, 382, 383, 384, 385, 332, 333, 325, 324, 160, 180, 181, 161, 350, 351, 343, 342, 188, 135, 397, 213, 410, 412, 413, 411, 212, 311, 299, 230, 291, 231, 290, 255, 254, 310, 130, 131, 428, 429, 440, 441, 433]
  列生成求解结果: 目标值=9.0000， 下界=7.0000， 上界=11.0000
    非整数变量: COL_18-23-9_35 = 0.450000
  解不是整数，开始分支...
ImposedVertex(vertex=26)
ForbidVertex(vertex=26)
  创建了 2 个分支
    添加分支节点 1: ID=448
    添加分支节点 2: ID=449
  进度: 已处理 250 个节点, 剩余 165 个, 当前最优 11.0000, 当前列数: 1888

处理节点 446
  开始列生成求解...
Set parameter LogToConsole to value 0
Set parameter Threads to value 1
Set parameter Seed to value 0
  定价策略: Exact, node=446, vertices=16
Set parameter PoolSearchMode to value 2
Set parameter PoolSolutions to value 10
[CG 1] RMP=9.000000, pricing=ExactPricingSolver, new_columns=0
  搜索路径: [1, 2, 4, 5, 3, 8, 11, 14, 15, 16, 17, 19, 23, 24, 25, 27, 26, 30, 36, 37, 21, 22, 18, 33, 20, 31, 32, 53, 52, 54, 55, 57, 56, 10, 66, 67, 70, 71, 74, 75, 9, 80, 81, 84, 86, 87, 85, 92, 93, 43, 42, 12, 102, 103, 13, 108, 109, 49, 48, 114, 115, 116, 122, 123, 117, 118, 119, 62, 63, 106, 107, 99, 61, 60, 41, 98, 40, 138, 147, 148, 149, 139, 146, 162, 163, 166, 167, 168, 169, 170, 171, 143, 140, 112, 113, 184, 185, 150, 182, 183, 156, 157, 194, 195, 151, 202, 203, 204, 205, 208, 209, 214, 215, 136, 206, 207, 220, 221, 222, 223, 141, 137, 142, 197, 240, 241, 242, 243, 244, 245, 196, 90, 91, 78, 260, 261, 262, 263, 268, 269, 258, 274, 275, 259, 97, 96, 79, 266, 285, 282, 280, 284, 288, 289, 292, 293, 287, 281, 302, 303, 304, 305, 306, 312, 313, 307, 308, 309, 318, 319, 267, 283, 286, 326, 327, 328, 329, 330, 331, 334, 335, 336, 337, 340, 341, 300, 301, 339, 348, 349, 338, 172, 173, 352, 192, 193, 353, 344, 362, 363, 190, 145, 345, 144, 191, 295, 294, 265, 264, 382, 383, 384, 385, 332, 333, 325, 324, 160, 180, 181, 161, 350, 351, 343, 342, 188, 135, 397, 213, 410, 412, 413, 411, 212, 311, 299, 230, 291, 231, 290, 255, 254, 310, 130, 131, 428, 429, 440, 441, 433, 446]
  列生成求解结果: 目标值=9.0000， 下界=7.0000， 上界=11.0000
    非整数变量: COL_16-18-4-9_138 = 0.371429
  解不是整数，开始分支...
ImposedVertex(vertex=27)
ForbidVertex(vertex=27)
  创建了 2 个分支
    添加分支节点 1: ID=450
    添加分支节点 2: ID=451

处理节点 447
  开始列生成求解...
Set parameter LogToConsole to value 0
Set parameter Threads to value 1
Set parameter Seed to value 0
  定价策略: Exact, node=447, vertices=16
Set parameter PoolSearchMode to value 2
Set parameter PoolSolutions to value 10
[CG 1] RMP=9.000000, pricing=ExactPricingSolver, new_columns=10
[CG 2] RMP=8.000000, pricing=ExactPricingSolver, new_columns=0
  搜索路径: [1, 2, 4, 5, 3, 8, 11, 14, 15, 16, 17, 19, 23, 24, 25, 27, 26, 30, 36, 37, 21, 22, 18, 33, 20, 31, 32, 53, 52, 54, 55, 57, 56, 10, 66, 67, 70, 71, 74, 75, 9, 80, 81, 84, 86, 87, 85, 92, 93, 43, 42, 12, 102, 103, 13, 108, 109, 49, 48, 114, 115, 116, 122, 123, 117, 118, 119, 62, 63, 106, 107, 99, 61, 60, 41, 98, 40, 138, 147, 148, 149, 139, 146, 162, 163, 166, 167, 168, 169, 170, 171, 143, 140, 112, 113, 184, 185, 150, 182, 183, 156, 157, 194, 195, 151, 202, 203, 204, 205, 208, 209, 214, 215, 136, 206, 207, 220, 221, 222, 223, 141, 137, 142, 197, 240, 241, 242, 243, 244, 245, 196, 90, 91, 78, 260, 261, 262, 263, 268, 269, 258, 274, 275, 259, 97, 96, 79, 266, 285, 282, 280, 284, 288, 289, 292, 293, 287, 281, 302, 303, 304, 305, 306, 312, 313, 307, 308, 309, 318, 319, 267, 283, 286, 326, 327, 328, 329, 330, 331, 334, 335, 336, 337, 340, 341, 300, 301, 339, 348, 349, 338, 172, 173, 352, 192, 193, 353, 344, 362, 363, 190, 145, 345, 144, 191, 295, 294, 265, 264, 382, 383, 384, 385, 332, 333, 325, 324, 160, 180, 181, 161, 350, 351, 343, 342, 188, 135, 397, 213, 410, 412, 413, 411, 212, 311, 299, 230, 291, 231, 290, 255, 254, 310, 130, 131, 428, 429, 440, 441, 433, 446, 447]
  列生成求解结果: 目标值=8.0000， 下界=7.0000， 上界=11.0000
    非整数变量: COL_11-2-20-4-7-9_544 = 0.500000
  解不是整数，开始分支...
ImposedVertex(vertex=7)
ForbidVertex(vertex=7)
  创建了 2 个分支
    添加分支节点 1: ID=452
    添加分支节点 2: ID=453

处理节点 434
  开始列生成求解...
Set parameter LogToConsole to value 0
Set parameter Threads to value 1
Set parameter Seed to value 0
  定价策略: Exact, node=434, vertices=13
Set parameter PoolSearchMode to value 2
Set parameter PoolSolutions to value 10
[CG 1] RMP=8.000000, pricing=ExactPricingSolver, new_columns=0
  搜索路径: [1, 2, 4, 5, 3, 8, 11, 14, 15, 16, 17, 19, 23, 24, 25, 27, 26, 30, 36, 37, 21, 22, 18, 33, 20, 31, 32, 53, 52, 54, 55, 57, 56, 10, 66, 67, 70, 71, 74, 75, 9, 80, 81, 84, 86, 87, 85, 92, 93, 43, 42, 12, 102, 103, 13, 108, 109, 49, 48, 114, 115, 116, 122, 123, 117, 118, 119, 62, 63, 106, 107, 99, 61, 60, 41, 98, 40, 138, 147, 148, 149, 139, 146, 162, 163, 166, 167, 168, 169, 170, 171, 143, 140, 112, 113, 184, 185, 150, 182, 183, 156, 157, 194, 195, 151, 202, 203, 204, 205, 208, 209, 214, 215, 136, 206, 207, 220, 221, 222, 223, 141, 137, 142, 197, 240, 241, 242, 243, 244, 245, 196, 90, 91, 78, 260, 261, 262, 263, 268, 269, 258, 274, 275, 259, 97, 96, 79, 266, 285, 282, 280, 284, 288, 289, 292, 293, 287, 281, 302, 303, 304, 305, 306, 312, 313, 307, 308, 309, 318, 319, 267, 283, 286, 326, 327, 328, 329, 330, 331, 334, 335, 336, 337, 340, 341, 300, 301, 339, 348, 349, 338, 172, 173, 352, 192, 193, 353, 344, 362, 363, 190, 145, 345, 144, 191, 295, 294, 265, 264, 382, 383, 384, 385, 332, 333, 325, 324, 160, 180, 181, 161, 350, 351, 343, 342, 188, 135, 397, 213, 410, 412, 413, 411, 212, 311, 299, 230, 291, 231, 290, 255, 254, 310, 130, 131, 428, 429, 440, 441, 433, 446, 447, 434]
  列生成求解结果: 目标值=8.0000， 下界=7.0000， 上界=11.0000
    非整数变量: COL_1-11-18-23-7-9_42 = 0.777778
  解不是整数，开始分支...
ImposedVertex(vertex=26)
ForbidVertex(vertex=26)
  创建了 2 个分支
    添加分支节点 1: ID=454
    添加分支节点 2: ID=455

处理节点 435
  开始列生成求解...
Set parameter LogToConsole to value 0
Set parameter Threads to value 1
Set parameter Seed to value 0
  定价策略: Exact, node=435, vertices=13
Set parameter PoolSearchMode to value 2
Set parameter PoolSolutions to value 10
[CG 1] RMP=9.000000, pricing=ExactPricingSolver, new_columns=0
  搜索路径: [1, 2, 4, 5, 3, 8, 11, 14, 15, 16, 17, 19, 23, 24, 25, 27, 26, 30, 36, 37, 21, 22, 18, 33, 20, 31, 32, 53, 52, 54, 55, 57, 56, 10, 66, 67, 70, 71, 74, 75, 9, 80, 81, 84, 86, 87, 85, 92, 93, 43, 42, 12, 102, 103, 13, 108, 109, 49, 48, 114, 115, 116, 122, 123, 117, 118, 119, 62, 63, 106, 107, 99, 61, 60, 41, 98, 40, 138, 147, 148, 149, 139, 146, 162, 163, 166, 167, 168, 169, 170, 171, 143, 140, 112, 113, 184, 185, 150, 182, 183, 156, 157, 194, 195, 151, 202, 203, 204, 205, 208, 209, 214, 215, 136, 206, 207, 220, 221, 222, 223, 141, 137, 142, 197, 240, 241, 242, 243, 244, 245, 196, 90, 91, 78, 260, 261, 262, 263, 268, 269, 258, 274, 275, 259, 97, 96, 79, 266, 285, 282, 280, 284, 288, 289, 292, 293, 287, 281, 302, 303, 304, 305, 306, 312, 313, 307, 308, 309, 318, 319, 267, 283, 286, 326, 327, 328, 329, 330, 331, 334, 335, 336, 337, 340, 341, 300, 301, 339, 348, 349, 338, 172, 173, 352, 192, 193, 353, 344, 362, 363, 190, 145, 345, 144, 191, 295, 294, 265, 264, 382, 383, 384, 385, 332, 333, 325, 324, 160, 180, 181, 161, 350, 351, 343, 342, 188, 135, 397, 213, 410, 412, 413, 411, 212, 311, 299, 230, 291, 231, 290, 255, 254, 310, 130, 131, 428, 429, 440, 441, 433, 446, 447, 434, 435]
  列生成求解结果: 目标值=9.0000， 下界=7.0000， 上界=11.0000
    非整数变量: COL_1-18-23-7-9_41 = 0.750000
  解不是整数，开始分支...
ImposedVertex(vertex=28)
ForbidVertex(vertex=28)
  创建了 2 个分支
    添加分支节点 1: ID=456
    添加分支节点 2: ID=457

处理节点 432
  开始列生成求解...
Set parameter LogToConsole to value 0
Set parameter Threads to value 1
Set parameter Seed to value 0
  定价策略: Exact, node=432, vertices=14
Set parameter PoolSearchMode to value 2
Set parameter PoolSolutions to value 10
[CG 1] RMP=1010.000000, pricing=ExactPricingSolver, new_columns=10
[CG 2] RMP=8.000000, pricing=ExactPricingSolver, new_columns=0
  搜索路径: [1, 2, 4, 5, 3, 8, 11, 14, 15, 16, 17, 19, 23, 24, 25, 27, 26, 30, 36, 37, 21, 22, 18, 33, 20, 31, 32, 53, 52, 54, 55, 57, 56, 10, 66, 67, 70, 71, 74, 75, 9, 80, 81, 84, 86, 87, 85, 92, 93, 43, 42, 12, 102, 103, 13, 108, 109, 49, 48, 114, 115, 116, 122, 123, 117, 118, 119, 62, 63, 106, 107, 99, 61, 60, 41, 98, 40, 138, 147, 148, 149, 139, 146, 162, 163, 166, 167, 168, 169, 170, 171, 143, 140, 112, 113, 184, 185, 150, 182, 183, 156, 157, 194, 195, 151, 202, 203, 204, 205, 208, 209, 214, 215, 136, 206, 207, 220, 221, 222, 223, 141, 137, 142, 197, 240, 241, 242, 243, 244, 245, 196, 90, 91, 78, 260, 261, 262, 263, 268, 269, 258, 274, 275, 259, 97, 96, 79, 266, 285, 282, 280, 284, 288, 289, 292, 293, 287, 281, 302, 303, 304, 305, 306, 312, 313, 307, 308, 309, 318, 319, 267, 283, 286, 326, 327, 328, 329, 330, 331, 334, 335, 336, 337, 340, 341, 300, 301, 339, 348, 349, 338, 172, 173, 352, 192, 193, 353, 344, 362, 363, 190, 145, 345, 144, 191, 295, 294, 265, 264, 382, 383, 384, 385, 332, 333, 325, 324, 160, 180, 181, 161, 350, 351, 343, 342, 188, 135, 397, 213, 410, 412, 413, 411, 212, 311, 299, 230, 291, 231, 290, 255, 254, 310, 130, 131, 428, 429, 440, 441, 433, 446, 447, 434, 435, 432]
  列生成求解结果: 目标值=8.0000， 下界=7.0000， 上界=11.0000
    非整数变量: COL_1-11-18-23-7-9_42 = 0.666667
  解不是整数，开始分支...
ImposedVertex(vertex=26)
ForbidVertex(vertex=26)
  创建了 2 个分支
    添加分支节点 1: ID=458
    添加分支节点 2: ID=459

处理节点 403
  开始列生成求解...
Set parameter LogToConsole to value 0
Set parameter Threads to value 1
Set parameter Seed to value 0
  定价策略: Exact, node=403, vertices=14
Set parameter PoolSearchMode to value 2
Set parameter PoolSolutions to value 10
[CG 1] RMP=8.000000, pricing=ExactPricingSolver, new_columns=0
  搜索路径: [1, 2, 4, 5, 3, 8, 11, 14, 15, 16, 17, 19, 23, 24, 25, 27, 26, 30, 36, 37, 21, 22, 18, 33, 20, 31, 32, 53, 52, 54, 55, 57, 56, 10, 66, 67, 70, 71, 74, 75, 9, 80, 81, 84, 86, 87, 85, 92, 93, 43, 42, 12, 102, 103, 13, 108, 109, 49, 48, 114, 115, 116, 122, 123, 117, 118, 119, 62, 63, 106, 107, 99, 61, 60, 41, 98, 40, 138, 147, 148, 149, 139, 146, 162, 163, 166, 167, 168, 169, 170, 171, 143, 140, 112, 113, 184, 185, 150, 182, 183, 156, 157, 194, 195, 151, 202, 203, 204, 205, 208, 209, 214, 215, 136, 206, 207, 220, 221, 222, 223, 141, 137, 142, 197, 240, 241, 242, 243, 244, 245, 196, 90, 91, 78, 260, 261, 262, 263, 268, 269, 258, 274, 275, 259, 97, 96, 79, 266, 285, 282, 280, 284, 288, 289, 292, 293, 287, 281, 302, 303, 304, 305, 306, 312, 313, 307, 308, 309, 318, 319, 267, 283, 286, 326, 327, 328, 329, 330, 331, 334, 335, 336, 337, 340, 341, 300, 301, 339, 348, 349, 338, 172, 173, 352, 192, 193, 353, 344, 362, 363, 190, 145, 345, 144, 191, 295, 294, 265, 264, 382, 383, 384, 385, 332, 333, 325, 324, 160, 180, 181, 161, 350, 351, 343, 342, 188, 135, 397, 213, 410, 412, 413, 411, 212, 311, 299, 230, 291, 231, 290, 255, 254, 310, 130, 131, 428, 429, 440, 441, 433, 446, 447, 434, 435, 432, 403]
  列生成求解结果: 目标值=8.0000， 下界=7.0000， 上界=11.0000
    非整数变量: COL_1-18-23-7-9_41 = 0.321429
  解不是整数，开始分支...
ImposedVertex(vertex=27)
ForbidVertex(vertex=27)
  创建了 2 个分支
    添加分支节点 1: ID=460
    添加分支节点 2: ID=461

处理节点 418
  开始列生成求解...
Set parameter LogToConsole to value 0
Set parameter Threads to value 1
Set parameter Seed to value 0
  定价策略: Exact, node=418, vertices=12
Set parameter PoolSearchMode to value 2
Set parameter PoolSolutions to value 10
[CG 1] RMP=8.000000, pricing=ExactPricingSolver, new_columns=0
  搜索路径: [1, 2, 4, 5, 3, 8, 11, 14, 15, 16, 17, 19, 23, 24, 25, 27, 26, 30, 36, 37, 21, 22, 18, 33, 20, 31, 32, 53, 52, 54, 55, 57, 56, 10, 66, 67, 70, 71, 74, 75, 9, 80, 81, 84, 86, 87, 85, 92, 93, 43, 42, 12, 102, 103, 13, 108, 109, 49, 48, 114, 115, 116, 122, 123, 117, 118, 119, 62, 63, 106, 107, 99, 61, 60, 41, 98, 40, 138, 147, 148, 149, 139, 146, 162, 163, 166, 167, 168, 169, 170, 171, 143, 140, 112, 113, 184, 185, 150, 182, 183, 156, 157, 194, 195, 151, 202, 203, 204, 205, 208, 209, 214, 215, 136, 206, 207, 220, 221, 222, 223, 141, 137, 142, 197, 240, 241, 242, 243, 244, 245, 196, 90, 91, 78, 260, 261, 262, 263, 268, 269, 258, 274, 275, 259, 97, 96, 79, 266, 285, 282, 280, 284, 288, 289, 292, 293, 287, 281, 302, 303, 304, 305, 306, 312, 313, 307, 308, 309, 318, 319, 267, 283, 286, 326, 327, 328, 329, 330, 331, 334, 335, 336, 337, 340, 341, 300, 301, 339, 348, 349, 338, 172, 173, 352, 192, 193, 353, 344, 362, 363, 190, 145, 345, 144, 191, 295, 294, 265, 264, 382, 383, 384, 385, 332, 333, 325, 324, 160, 180, 181, 161, 350, 351, 343, 342, 188, 135, 397, 213, 410, 412, 413, 411, 212, 311, 299, 230, 291, 231, 290, 255, 254, 310, 130, 131, 428, 429, 440, 441, 433, 446, 447, 434, 435, 432, 403, 418]
  列生成求解结果: 目标值=8.0000， 下界=7.0000， 上界=11.0000
    非整数变量: COL_1-18-23-9_37 = 0.333333
  解不是整数，开始分支...
ImposedVertex(vertex=7)
ForbidVertex(vertex=7)
  创建了 2 个分支
    添加分支节点 1: ID=462
    添加分支节点 2: ID=463

处理节点 419
  开始列生成求解...
Set parameter LogToConsole to value 0
Set parameter Threads to value 1
Set parameter Seed to value 0
  定价策略: Exact, node=419, vertices=12
Set parameter PoolSearchMode to value 2
Set parameter PoolSolutions to value 10
[CG 1] RMP=9.000000, pricing=ExactPricingSolver, new_columns=0
  搜索路径: [1, 2, 4, 5, 3, 8, 11, 14, 15, 16, 17, 19, 23, 24, 25, 27, 26, 30, 36, 37, 21, 22, 18, 33, 20, 31, 32, 53, 52, 54, 55, 57, 56, 10, 66, 67, 70, 71, 74, 75, 9, 80, 81, 84, 86, 87, 85, 92, 93, 43, 42, 12, 102, 103, 13, 108, 109, 49, 48, 114, 115, 116, 122, 123, 117, 118, 119, 62, 63, 106, 107, 99, 61, 60, 41, 98, 40, 138, 147, 148, 149, 139, 146, 162, 163, 166, 167, 168, 169, 170, 171, 143, 140, 112, 113, 184, 185, 150, 182, 183, 156, 157, 194, 195, 151, 202, 203, 204, 205, 208, 209, 214, 215, 136, 206, 207, 220, 221, 222, 223, 141, 137, 142, 197, 240, 241, 242, 243, 244, 245, 196, 90, 91, 78, 260, 261, 262, 263, 268, 269, 258, 274, 275, 259, 97, 96, 79, 266, 285, 282, 280, 284, 288, 289, 292, 293, 287, 281, 302, 303, 304, 305, 306, 312, 313, 307, 308, 309, 318, 319, 267, 283, 286, 326, 327, 328, 329, 330, 331, 334, 335, 336, 337, 340, 341, 300, 301, 339, 348, 349, 338, 172, 173, 352, 192, 193, 353, 344, 362, 363, 190, 145, 345, 144, 191, 295, 294, 265, 264, 382, 383, 384, 385, 332, 333, 325, 324, 160, 180, 181, 161, 350, 351, 343, 342, 188, 135, 397, 213, 410, 412, 413, 411, 212, 311, 299, 230, 291, 231, 290, 255, 254, 310, 130, 131, 428, 429, 440, 441, 433, 446, 447, 434, 435, 432, 403, 418, 419]
  列生成求解结果: 目标值=9.0000， 下界=7.0000， 上界=11.0000
    非整数变量: COL_1-18-23-7-9_41 = 0.100000
  解不是整数，开始分支...
ImposedVertex(vertex=7)
ForbidVertex(vertex=7)
  创建了 2 个分支
    添加分支节点 1: ID=464
    添加分支节点 2: ID=465

处理节点 298
  开始列生成求解...
Set parameter LogToConsole to value 0
Set parameter Threads to value 1
Set parameter Seed to value 0
  定价策略: Exact, node=298, vertices=17
Set parameter PoolSearchMode to value 2
Set parameter PoolSolutions to value 10
[CG 1] RMP=11.000000, pricing=ExactPricingSolver, new_columns=10
[CG 2] RMP=9.000000, pricing=ExactPricingSolver, new_columns=0
  搜索路径: [1, 2, 4, 5, 3, 8, 11, 14, 15, 16, 17, 19, 23, 24, 25, 27, 26, 30, 36, 37, 21, 22, 18, 33, 20, 31, 32, 53, 52, 54, 55, 57, 56, 10, 66, 67, 70, 71, 74, 75, 9, 80, 81, 84, 86, 87, 85, 92, 93, 43, 42, 12, 102, 103, 13, 108, 109, 49, 48, 114, 115, 116, 122, 123, 117, 118, 119, 62, 63, 106, 107, 99, 61, 60, 41, 98, 40, 138, 147, 148, 149, 139, 146, 162, 163, 166, 167, 168, 169, 170, 171, 143, 140, 112, 113, 184, 185, 150, 182, 183, 156, 157, 194, 195, 151, 202, 203, 204, 205, 208, 209, 214, 215, 136, 206, 207, 220, 221, 222, 223, 141, 137, 142, 197, 240, 241, 242, 243, 244, 245, 196, 90, 91, 78, 260, 261, 262, 263, 268, 269, 258, 274, 275, 259, 97, 96, 79, 266, 285, 282, 280, 284, 288, 289, 292, 293, 287, 281, 302, 303, 304, 305, 306, 312, 313, 307, 308, 309, 318, 319, 267, 283, 286, 326, 327, 328, 329, 330, 331, 334, 335, 336, 337, 340, 341, 300, 301, 339, 348, 349, 338, 172, 173, 352, 192, 193, 353, 344, 362, 363, 190, 145, 345, 144, 191, 295, 294, 265, 264, 382, 383, 384, 385, 332, 333, 325, 324, 160, 180, 181, 161, 350, 351, 343, 342, 188, 135, 397, 213, 410, 412, 413, 411, 212, 311, 299, 230, 291, 231, 290, 255, 254, 310, 130, 131, 428, 429, 440, 441, 433, 446, 447, 434, 435, 432, 403, 418, 419, 298]
  列生成求解结果: 目标值=9.0000， 下界=7.0000， 上界=11.0000
    非整数变量: COL_0-21_58 = 0.625000
  解不是整数，开始分支...
ImposedVertex(vertex=15)
ForbidVertex(vertex=15)
  创建了 2 个分支
    添加分支节点 1: ID=466
    添加分支节点 2: ID=467

处理节点 189
  开始列生成求解...
Set parameter LogToConsole to value 0
Set parameter Threads to value 1
Set parameter Seed to value 0
  定价策略: Exact, node=189, vertices=18
Set parameter PoolSearchMode to value 2
Set parameter PoolSolutions to value 10
[CG 1] RMP=8.000000, pricing=ExactPricingSolver, new_columns=0
  搜索路径: [1, 2, 4, 5, 3, 8, 11, 14, 15, 16, 17, 19, 23, 24, 25, 27, 26, 30, 36, 37, 21, 22, 18, 33, 20, 31, 32, 53, 52, 54, 55, 57, 56, 10, 66, 67, 70, 71, 74, 75, 9, 80, 81, 84, 86, 87, 85, 92, 93, 43, 42, 12, 102, 103, 13, 108, 109, 49, 48, 114, 115, 116, 122, 123, 117, 118, 119, 62, 63, 106, 107, 99, 61, 60, 41, 98, 40, 138, 147, 148, 149, 139, 146, 162, 163, 166, 167, 168, 169, 170, 171, 143, 140, 112, 113, 184, 185, 150, 182, 183, 156, 157, 194, 195, 151, 202, 203, 204, 205, 208, 209, 214, 215, 136, 206, 207, 220, 221, 222, 223, 141, 137, 142, 197, 240, 241, 242, 243, 244, 245, 196, 90, 91, 78, 260, 261, 262, 263, 268, 269, 258, 274, 275, 259, 97, 96, 79, 266, 285, 282, 280, 284, 288, 289, 292, 293, 287, 281, 302, 303, 304, 305, 306, 312, 313, 307, 308, 309, 318, 319, 267, 283, 286, 326, 327, 328, 329, 330, 331, 334, 335, 336, 337, 340, 341, 300, 301, 339, 348, 349, 338, 172, 173, 352, 192, 193, 353, 344, 362, 363, 190, 145, 345, 144, 191, 295, 294, 265, 264, 382, 383, 384, 385, 332, 333, 325, 324, 160, 180, 181, 161, 350, 351, 343, 342, 188, 135, 397, 213, 410, 412, 413, 411, 212, 311, 299, 230, 291, 231, 290, 255, 254, 310, 130, 131, 428, 429, 440, 441, 433, 446, 447, 434, 435, 432, 403, 418, 419, 298, 189]
  列生成求解结果: 目标值=8.0000， 下界=7.0000， 上界=11.0000
    非整数变量: COL_0-10-25_99 = 0.227273
  解不是整数，开始分支...
ImposedVertex(vertex=10)
ForbidVertex(vertex=10)
  创建了 2 个分支
    添加分支节点 1: ID=468
    添加分支节点 2: ID=469
  进度: 已处理 260 个节点, 剩余 175 个, 当前最优 11.0000, 当前列数: 1918

处理节点 388
  开始列生成求解...
Set parameter LogToConsole to value 0
Set parameter Threads to value 1
Set parameter Seed to value 0
  定价策略: Exact, node=388, vertices=15
Set parameter PoolSearchMode to value 2
Set parameter PoolSolutions to value 10
[CG 1] RMP=11.000000, pricing=ExactPricingSolver, new_columns=10
[CG 2] RMP=11.000000, pricing=ExactPricingSolver, new_columns=10
[CG 3] RMP=7.000000, pricing=ExactPricingSolver, new_columns=0
  搜索路径: [1, 2, 4, 5, 3, 8, 11, 14, 15, 16, 17, 19, 23, 24, 25, 27, 26, 30, 36, 37, 21, 22, 18, 33, 20, 31, 32, 53, 52, 54, 55, 57, 56, 10, 66, 67, 70, 71, 74, 75, 9, 80, 81, 84, 86, 87, 85, 92, 93, 43, 42, 12, 102, 103, 13, 108, 109, 49, 48, 114, 115, 116, 122, 123, 117, 118, 119, 62, 63, 106, 107, 99, 61, 60, 41, 98, 40, 138, 147, 148, 149, 139, 146, 162, 163, 166, 167, 168, 169, 170, 171, 143, 140, 112, 113, 184, 185, 150, 182, 183, 156, 157, 194, 195, 151, 202, 203, 204, 205, 208, 209, 214, 215, 136, 206, 207, 220, 221, 222, 223, 141, 137, 142, 197, 240, 241, 242, 243, 244, 245, 196, 90, 91, 78, 260, 261, 262, 263, 268, 269, 258, 274, 275, 259, 97, 96, 79, 266, 285, 282, 280, 284, 288, 289, 292, 293, 287, 281, 302, 303, 304, 305, 306, 312, 313, 307, 308, 309, 318, 319, 267, 283, 286, 326, 327, 328, 329, 330, 331, 334, 335, 336, 337, 340, 341, 300, 301, 339, 348, 349, 338, 172, 173, 352, 192, 193, 353, 344, 362, 363, 190, 145, 345, 144, 191, 295, 294, 265, 264, 382, 383, 384, 385, 332, 333, 325, 324, 160, 180, 181, 161, 350, 351, 343, 342, 188, 135, 397, 213, 410, 412, 413, 411, 212, 311, 299, 230, 291, 231, 290, 255, 254, 310, 130, 131, 428, 429, 440, 441, 433, 446, 447, 434, 435, 432, 403, 418, 419, 298, 189, 388]
  列生成求解结果: 目标值=7.0000， 下界=7.0000， 上界=11.0000
    非整数变量: COL_1-18-23-7-9_41 = 0.138889
  解不是整数，开始分支...
ImposedVertex(vertex=7)
ForbidVertex(vertex=7)
  创建了 2 个分支
    添加分支节点 1: ID=470
    添加分支节点 2: ID=471

处理节点 470
  开始列生成求解...
Set parameter LogToConsole to value 0
Set parameter Threads to value 1
Set parameter Seed to value 0
  定价策略: Exact, node=470, vertices=14
Set parameter PoolSearchMode to value 2
Set parameter PoolSolutions to value 10
[CG 1] RMP=7.000000, pricing=ExactPricingSolver, new_columns=0
  搜索路径: [1, 2, 4, 5, 3, 8, 11, 14, 15, 16, 17, 19, 23, 24, 25, 27, 26, 30, 36, 37, 21, 22, 18, 33, 20, 31, 32, 53, 52, 54, 55, 57, 56, 10, 66, 67, 70, 71, 74, 75, 9, 80, 81, 84, 86, 87, 85, 92, 93, 43, 42, 12, 102, 103, 13, 108, 109, 49, 48, 114, 115, 116, 122, 123, 117, 118, 119, 62, 63, 106, 107, 99, 61, 60, 41, 98, 40, 138, 147, 148, 149, 139, 146, 162, 163, 166, 167, 168, 169, 170, 171, 143, 140, 112, 113, 184, 185, 150, 182, 183, 156, 157, 194, 195, 151, 202, 203, 204, 205, 208, 209, 214, 215, 136, 206, 207, 220, 221, 222, 223, 141, 137, 142, 197, 240, 241, 242, 243, 244, 245, 196, 90, 91, 78, 260, 261, 262, 263, 268, 269, 258, 274, 275, 259, 97, 96, 79, 266, 285, 282, 280, 284, 288, 289, 292, 293, 287, 281, 302, 303, 304, 305, 306, 312, 313, 307, 308, 309, 318, 319, 267, 283, 286, 326, 327, 328, 329, 330, 331, 334, 335, 336, 337, 340, 341, 300, 301, 339, 348, 349, 338, 172, 173, 352, 192, 193, 353, 344, 362, 363, 190, 145, 345, 144, 191, 295, 294, 265, 264, 382, 383, 384, 385, 332, 333, 325, 324, 160, 180, 181, 161, 350, 351, 343, 342, 188, 135, 397, 213, 410, 412, 413, 411, 212, 311, 299, 230, 291, 231, 290, 255, 254, 310, 130, 131, 428, 429, 440, 441, 433, 446, 447, 434, 435, 432, 403, 418, 419, 298, 189, 388, 470]
  列生成求解结果: 目标值=7.0000， 下界=7.0000， 上界=11.0000
    非整数变量: COL_1-18-23-7-9_41 = 0.260101
  解不是整数，开始分支...
ImposedVertex(vertex=21)
ForbidVertex(vertex=21)
  创建了 2 个分支
    添加分支节点 1: ID=472
    添加分支节点 2: ID=473

处理节点 471
  开始列生成求解...
Set parameter LogToConsole to value 0
Set parameter Threads to value 1
Set parameter Seed to value 0
  定价策略: Exact, node=471, vertices=14
Set parameter PoolSearchMode to value 2
Set parameter PoolSolutions to value 10
[CG 1] RMP=341.333333, pricing=ExactPricingSolver, new_columns=10
[CG 2] RMP=12.000000, pricing=ExactPricingSolver, new_columns=0
  搜索路径: [1, 2, 4, 5, 3, 8, 11, 14, 15, 16, 17, 19, 23, 24, 25, 27, 26, 30, 36, 37, 21, 22, 18, 33, 20, 31, 32, 53, 52, 54, 55, 57, 56, 10, 66, 67, 70, 71, 74, 75, 9, 80, 81, 84, 86, 87, 85, 92, 93, 43, 42, 12, 102, 103, 13, 108, 109, 49, 48, 114, 115, 116, 122, 123, 117, 118, 119, 62, 63, 106, 107, 99, 61, 60, 41, 98, 40, 138, 147, 148, 149, 139, 146, 162, 163, 166, 167, 168, 169, 170, 171, 143, 140, 112, 113, 184, 185, 150, 182, 183, 156, 157, 194, 195, 151, 202, 203, 204, 205, 208, 209, 214, 215, 136, 206, 207, 220, 221, 222, 223, 141, 137, 142, 197, 240, 241, 242, 243, 244, 245, 196, 90, 91, 78, 260, 261, 262, 263, 268, 269, 258, 274, 275, 259, 97, 96, 79, 266, 285, 282, 280, 284, 288, 289, 292, 293, 287, 281, 302, 303, 304, 305, 306, 312, 313, 307, 308, 309, 318, 319, 267, 283, 286, 326, 327, 328, 329, 330, 331, 334, 335, 336, 337, 340, 341, 300, 301, 339, 348, 349, 338, 172, 173, 352, 192, 193, 353, 344, 362, 363, 190, 145, 345, 144, 191, 295, 294, 265, 264, 382, 383, 384, 385, 332, 333, 325, 324, 160, 180, 181, 161, 350, 351, 343, 342, 188, 135, 397, 213, 410, 412, 413, 411, 212, 311, 299, 230, 291, 231, 290, 255, 254, 310, 130, 131, 428, 429, 440, 441, 433, 446, 447, 434, 435, 432, 403, 418, 419, 298, 189, 388, 470, 471]
  列生成求解结果: 目标值=12.0000， 下界=7.0000， 上界=11.0000

处理节点 402
  开始列生成求解...
Set parameter LogToConsole to value 0
Set parameter Threads to value 1
Set parameter Seed to value 0
  定价策略: Exact, node=402, vertices=14
Set parameter PoolSearchMode to value 2
Set parameter PoolSolutions to value 10
[CG 1] RMP=12.000000, pricing=ExactPricingSolver, new_columns=10
[CG 2] RMP=9.000000, pricing=ExactPricingSolver, new_columns=0
  搜索路径: [1, 2, 4, 5, 3, 8, 11, 14, 15, 16, 17, 19, 23, 24, 25, 27, 26, 30, 36, 37, 21, 22, 18, 33, 20, 31, 32, 53, 52, 54, 55, 57, 56, 10, 66, 67, 70, 71, 74, 75, 9, 80, 81, 84, 86, 87, 85, 92, 93, 43, 42, 12, 102, 103, 13, 108, 109, 49, 48, 114, 115, 116, 122, 123, 117, 118, 119, 62, 63, 106, 107, 99, 61, 60, 41, 98, 40, 138, 147, 148, 149, 139, 146, 162, 163, 166, 167, 168, 169, 170, 171, 143, 140, 112, 113, 184, 185, 150, 182, 183, 156, 157, 194, 195, 151, 202, 203, 204, 205, 208, 209, 214, 215, 136, 206, 207, 220, 221, 222, 223, 141, 137, 142, 197, 240, 241, 242, 243, 244, 245, 196, 90, 91, 78, 260, 261, 262, 263, 268, 269, 258, 274, 275, 259, 97, 96, 79, 266, 285, 282, 280, 284, 288, 289, 292, 293, 287, 281, 302, 303, 304, 305, 306, 312, 313, 307, 308, 309, 318, 319, 267, 283, 286, 326, 327, 328, 329, 330, 331, 334, 335, 336, 337, 340, 341, 300, 301, 339, 348, 349, 338, 172, 173, 352, 192, 193, 353, 344, 362, 363, 190, 145, 345, 144, 191, 295, 294, 265, 264, 382, 383, 384, 385, 332, 333, 325, 324, 160, 180, 181, 161, 350, 351, 343, 342, 188, 135, 397, 213, 410, 412, 413, 411, 212, 311, 299, 230, 291, 231, 290, 255, 254, 310, 130, 131, 428, 429, 440, 441, 433, 446, 447, 434, 435, 432, 403, 418, 419, 298, 189, 388, 470, 471, 402]
  列生成求解结果: 目标值=9.0000， 下界=7.0000， 上界=11.0000
    非整数变量: COL_1-18-23-9_37 = 0.642857
  解不是整数，开始分支...
ImposedVertex(vertex=27)
ForbidVertex(vertex=27)
  创建了 2 个分支
    添加分支节点 1: ID=474
    添加分支节点 2: ID=475

处理节点 389
  开始列生成求解...
Set parameter LogToConsole to value 0
Set parameter Threads to value 1
Set parameter Seed to value 0
  定价策略: Exact, node=389, vertices=15
Set parameter PoolSearchMode to value 2
Set parameter PoolSolutions to value 10
[CG 1] RMP=9.000000, pricing=ExactPricingSolver, new_columns=0
  搜索路径: [1, 2, 4, 5, 3, 8, 11, 14, 15, 16, 17, 19, 23, 24, 25, 27, 26, 30, 36, 37, 21, 22, 18, 33, 20, 31, 32, 53, 52, 54, 55, 57, 56, 10, 66, 67, 70, 71, 74, 75, 9, 80, 81, 84, 86, 87, 85, 92, 93, 43, 42, 12, 102, 103, 13, 108, 109, 49, 48, 114, 115, 116, 122, 123, 117, 118, 119, 62, 63, 106, 107, 99, 61, 60, 41, 98, 40, 138, 147, 148, 149, 139, 146, 162, 163, 166, 167, 168, 169, 170, 171, 143, 140, 112, 113, 184, 185, 150, 182, 183, 156, 157, 194, 195, 151, 202, 203, 204, 205, 208, 209, 214, 215, 136, 206, 207, 220, 221, 222, 223, 141, 137, 142, 197, 240, 241, 242, 243, 244, 245, 196, 90, 91, 78, 260, 261, 262, 263, 268, 269, 258, 274, 275, 259, 97, 96, 79, 266, 285, 282, 280, 284, 288, 289, 292, 293, 287, 281, 302, 303, 304, 305, 306, 312, 313, 307, 308, 309, 318, 319, 267, 283, 286, 326, 327, 328, 329, 330, 331, 334, 335, 336, 337, 340, 341, 300, 301, 339, 348, 349, 338, 172, 173, 352, 192, 193, 353, 344, 362, 363, 190, 145, 345, 144, 191, 295, 294, 265, 264, 382, 383, 384, 385, 332, 333, 325, 324, 160, 180, 181, 161, 350, 351, 343, 342, 188, 135, 397, 213, 410, 412, 413, 411, 212, 311, 299, 230, 291, 231, 290, 255, 254, 310, 130, 131, 428, 429, 440, 441, 433, 446, 447, 434, 435, 432, 403, 418, 419, 298, 189, 388, 470, 471, 402, 389]
  列生成求解结果: 目标值=9.0000， 下界=7.0000， 上界=11.0000
    非整数变量: COL_1-28-5_381 = 0.181818
  解不是整数，开始分支...
ImposedVertex(vertex=5)
ForbidVertex(vertex=5)
  创建了 2 个分支
    添加分支节点 1: ID=476
    添加分支节点 2: ID=477

处理节点 396
  开始列生成求解...
Set parameter LogToConsole to value 0
Set parameter Threads to value 1
Set parameter Seed to value 0
  定价策略: Exact, node=396, vertices=12
Set parameter PoolSearchMode to value 2
Set parameter PoolSolutions to value 10
[CG 1] RMP=2010.000000, pricing=ExactPricingSolver, new_columns=10
[CG 2] RMP=9.000000, pricing=ExactPricingSolver, new_columns=0
  搜索路径: [1, 2, 4, 5, 3, 8, 11, 14, 15, 16, 17, 19, 23, 24, 25, 27, 26, 30, 36, 37, 21, 22, 18, 33, 20, 31, 32, 53, 52, 54, 55, 57, 56, 10, 66, 67, 70, 71, 74, 75, 9, 80, 81, 84, 86, 87, 85, 92, 93, 43, 42, 12, 102, 103, 13, 108, 109, 49, 48, 114, 115, 116, 122, 123, 117, 118, 119, 62, 63, 106, 107, 99, 61, 60, 41, 98, 40, 138, 147, 148, 149, 139, 146, 162, 163, 166, 167, 168, 169, 170, 171, 143, 140, 112, 113, 184, 185, 150, 182, 183, 156, 157, 194, 195, 151, 202, 203, 204, 205, 208, 209, 214, 215, 136, 206, 207, 220, 221, 222, 223, 141, 137, 142, 197, 240, 241, 242, 243, 244, 245, 196, 90, 91, 78, 260, 261, 262, 263, 268, 269, 258, 274, 275, 259, 97, 96, 79, 266, 285, 282, 280, 284, 288, 289, 292, 293, 287, 281, 302, 303, 304, 305, 306, 312, 313, 307, 308, 309, 318, 319, 267, 283, 286, 326, 327, 328, 329, 330, 331, 334, 335, 336, 337, 340, 341, 300, 301, 339, 348, 349, 338, 172, 173, 352, 192, 193, 353, 344, 362, 363, 190, 145, 345, 144, 191, 295, 294, 265, 264, 382, 383, 384, 385, 332, 333, 325, 324, 160, 180, 181, 161, 350, 351, 343, 342, 188, 135, 397, 213, 410, 412, 413, 411, 212, 311, 299, 230, 291, 231, 290, 255, 254, 310, 130, 131, 428, 429, 440, 441, 433, 446, 447, 434, 435, 432, 403, 418, 419, 298, 189, 388, 470, 471, 402, 389, 396]
  列生成求解结果: 目标值=9.0000， 下界=7.0000， 上界=11.0000
    非整数变量: COL_1-18-23-9_37 = 0.068182
  解不是整数，开始分支...
ImposedVertex(vertex=27)
ForbidVertex(vertex=27)
  创建了 2 个分支
    添加分支节点 1: ID=478
    添加分支节点 2: ID=479

处理节点 390
  开始列生成求解...
Set parameter LogToConsole to value 0
Set parameter Threads to value 1
Set parameter Seed to value 0
  定价策略: Exact, node=390, vertices=13
Set parameter PoolSearchMode to value 2
Set parameter PoolSolutions to value 10
[CG 1] RMP=8.000000, pricing=ExactPricingSolver, new_columns=0
  搜索路径: [1, 2, 4, 5, 3, 8, 11, 14, 15, 16, 17, 19, 23, 24, 25, 27, 26, 30, 36, 37, 21, 22, 18, 33, 20, 31, 32, 53, 52, 54, 55, 57, 56, 10, 66, 67, 70, 71, 74, 75, 9, 80, 81, 84, 86, 87, 85, 92, 93, 43, 42, 12, 102, 103, 13, 108, 109, 49, 48, 114, 115, 116, 122, 123, 117, 118, 119, 62, 63, 106, 107, 99, 61, 60, 41, 98, 40, 138, 147, 148, 149, 139, 146, 162, 163, 166, 167, 168, 169, 170, 171, 143, 140, 112, 113, 184, 185, 150, 182, 183, 156, 157, 194, 195, 151, 202, 203, 204, 205, 208, 209, 214, 215, 136, 206, 207, 220, 221, 222, 223, 141, 137, 142, 197, 240, 241, 242, 243, 244, 245, 196, 90, 91, 78, 260, 261, 262, 263, 268, 269, 258, 274, 275, 259, 97, 96, 79, 266, 285, 282, 280, 284, 288, 289, 292, 293, 287, 281, 302, 303, 304, 305, 306, 312, 313, 307, 308, 309, 318, 319, 267, 283, 286, 326, 327, 328, 329, 330, 331, 334, 335, 336, 337, 340, 341, 300, 301, 339, 348, 349, 338, 172, 173, 352, 192, 193, 353, 344, 362, 363, 190, 145, 345, 144, 191, 295, 294, 265, 264, 382, 383, 384, 385, 332, 333, 325, 324, 160, 180, 181, 161, 350, 351, 343, 342, 188, 135, 397, 213, 410, 412, 413, 411, 212, 311, 299, 230, 291, 231, 290, 255, 254, 310, 130, 131, 428, 429, 440, 441, 433, 446, 447, 434, 435, 432, 403, 418, 419, 298, 189, 388, 470, 471, 402, 389, 396, 390]
  列生成求解结果: 目标值=8.0000， 下界=7.0000， 上界=11.0000
    非整数变量: COL_0-18-20-26-4_50 = 0.333333
  解不是整数，开始分支...
ImposedVertex(vertex=26)
ForbidVertex(vertex=26)
  创建了 2 个分支
    添加分支节点 1: ID=480
    添加分支节点 2: ID=481

处理节点 391
  开始列生成求解...
Set parameter LogToConsole to value 0
Set parameter Threads to value 1
Set parameter Seed to value 0
  定价策略: Exact, node=391, vertices=13
Set parameter PoolSearchMode to value 2
Set parameter PoolSolutions to value 10
[CG 1] RMP=10.000000, pricing=ExactPricingSolver, new_columns=10
[CG 2] RMP=9.000000, pricing=ExactPricingSolver, new_columns=0
  搜索路径: [1, 2, 4, 5, 3, 8, 11, 14, 15, 16, 17, 19, 23, 24, 25, 27, 26, 30, 36, 37, 21, 22, 18, 33, 20, 31, 32, 53, 52, 54, 55, 57, 56, 10, 66, 67, 70, 71, 74, 75, 9, 80, 81, 84, 86, 87, 85, 92, 93, 43, 42, 12, 102, 103, 13, 108, 109, 49, 48, 114, 115, 116, 122, 123, 117, 118, 119, 62, 63, 106, 107, 99, 61, 60, 41, 98, 40, 138, 147, 148, 149, 139, 146, 162, 163, 166, 167, 168, 169, 170, 171, 143, 140, 112, 113, 184, 185, 150, 182, 183, 156, 157, 194, 195, 151, 202, 203, 204, 205, 208, 209, 214, 215, 136, 206, 207, 220, 221, 222, 223, 141, 137, 142, 197, 240, 241, 242, 243, 244, 245, 196, 90, 91, 78, 260, 261, 262, 263, 268, 269, 258, 274, 275, 259, 97, 96, 79, 266, 285, 282, 280, 284, 288, 289, 292, 293, 287, 281, 302, 303, 304, 305, 306, 312, 313, 307, 308, 309, 318, 319, 267, 283, 286, 326, 327, 328, 329, 330, 331, 334, 335, 336, 337, 340, 341, 300, 301, 339, 348, 349, 338, 172, 173, 352, 192, 193, 353, 344, 362, 363, 190, 145, 345, 144, 191, 295, 294, 265, 264, 382, 383, 384, 385, 332, 333, 325, 324, 160, 180, 181, 161, 350, 351, 343, 342, 188, 135, 397, 213, 410, 412, 413, 411, 212, 311, 299, 230, 291, 231, 290, 255, 254, 310, 130, 131, 428, 429, 440, 441, 433, 446, 447, 434, 435, 432, 403, 418, 419, 298, 189, 388, 470, 471, 402, 389, 396, 390, 391]
  列生成求解结果: 目标值=9.0000， 下界=7.0000， 上界=11.0000
    非整数变量: COL_0-13-25-7_484 = 0.100000
  解不是整数，开始分支...
ImposedVertex(vertex=26)
ForbidVertex(vertex=26)
  创建了 2 个分支
    添加分支节点 1: ID=482
    添加分支节点 2: ID=483

处理节点 134
  开始列生成求解...
Set parameter LogToConsole to value 0
Set parameter Threads to value 1
Set parameter Seed to value 0
  定价策略: Exact, node=134, vertices=19
Set parameter PoolSearchMode to value 2
Set parameter PoolSolutions to value 10
[CG 1] RMP=8.000000, pricing=ExactPricingSolver, new_columns=0
  搜索路径: [1, 2, 4, 5, 3, 8, 11, 14, 15, 16, 17, 19, 23, 24, 25, 27, 26, 30, 36, 37, 21, 22, 18, 33, 20, 31, 32, 53, 52, 54, 55, 57, 56, 10, 66, 67, 70, 71, 74, 75, 9, 80, 81, 84, 86, 87, 85, 92, 93, 43, 42, 12, 102, 103, 13, 108, 109, 49, 48, 114, 115, 116, 122, 123, 117, 118, 119, 62, 63, 106, 107, 99, 61, 60, 41, 98, 40, 138, 147, 148, 149, 139, 146, 162, 163, 166, 167, 168, 169, 170, 171, 143, 140, 112, 113, 184, 185, 150, 182, 183, 156, 157, 194, 195, 151, 202, 203, 204, 205, 208, 209, 214, 215, 136, 206, 207, 220, 221, 222, 223, 141, 137, 142, 197, 240, 241, 242, 243, 244, 245, 196, 90, 91, 78, 260, 261, 262, 263, 268, 269, 258, 274, 275, 259, 97, 96, 79, 266, 285, 282, 280, 284, 288, 289, 292, 293, 287, 281, 302, 303, 304, 305, 306, 312, 313, 307, 308, 309, 318, 319, 267, 283, 286, 326, 327, 328, 329, 330, 331, 334, 335, 336, 337, 340, 341, 300, 301, 339, 348, 349, 338, 172, 173, 352, 192, 193, 353, 344, 362, 363, 190, 145, 345, 144, 191, 295, 294, 265, 264, 382, 383, 384, 385, 332, 333, 325, 324, 160, 180, 181, 161, 350, 351, 343, 342, 188, 135, 397, 213, 410, 412, 413, 411, 212, 311, 299, 230, 291, 231, 290, 255, 254, 310, 130, 131, 428, 429, 440, 441, 433, 446, 447, 434, 435, 432, 403, 418, 419, 298, 189, 388, 470, 471, 402, 389, 396, 390, 391, 134]
  列生成求解结果: 目标值=8.0000， 下界=7.0000， 上界=11.0000
    非整数变量: COL_23_5 = 0.357143
  解不是整数，开始分支...
ImposedVertex(vertex=26)
ForbidVertex(vertex=26)
  创建了 2 个分支
    添加分支节点 1: ID=484
    添加分支节点 2: ID=485

处理节点 165
  开始列生成求解...
Set parameter LogToConsole to value 0
Set parameter Threads to value 1
Set parameter Seed to value 0
  定价策略: Exact, node=165, vertices=18
Set parameter PoolSearchMode to value 2
Set parameter PoolSolutions to value 10
[CG 1] RMP=7.000000, pricing=ExactPricingSolver, new_columns=0
  搜索路径: [1, 2, 4, 5, 3, 8, 11, 14, 15, 16, 17, 19, 23, 24, 25, 27, 26, 30, 36, 37, 21, 22, 18, 33, 20, 31, 32, 53, 52, 54, 55, 57, 56, 10, 66, 67, 70, 71, 74, 75, 9, 80, 81, 84, 86, 87, 85, 92, 93, 43, 42, 12, 102, 103, 13, 108, 109, 49, 48, 114, 115, 116, 122, 123, 117, 118, 119, 62, 63, 106, 107, 99, 61, 60, 41, 98, 40, 138, 147, 148, 149, 139, 146, 162, 163, 166, 167, 168, 169, 170, 171, 143, 140, 112, 113, 184, 185, 150, 182, 183, 156, 157, 194, 195, 151, 202, 203, 204, 205, 208, 209, 214, 215, 136, 206, 207, 220, 221, 222, 223, 141, 137, 142, 197, 240, 241, 242, 243, 244, 245, 196, 90, 91, 78, 260, 261, 262, 263, 268, 269, 258, 274, 275, 259, 97, 96, 79, 266, 285, 282, 280, 284, 288, 289, 292, 293, 287, 281, 302, 303, 304, 305, 306, 312, 313, 307, 308, 309, 318, 319, 267, 283, 286, 326, 327, 328, 329, 330, 331, 334, 335, 336, 337, 340, 341, 300, 301, 339, 348, 349, 338, 172, 173, 352, 192, 193, 353, 344, 362, 363, 190, 145, 345, 144, 191, 295, 294, 265, 264, 382, 383, 384, 385, 332, 333, 325, 324, 160, 180, 181, 161, 350, 351, 343, 342, 188, 135, 397, 213, 410, 412, 413, 411, 212, 311, 299, 230, 291, 231, 290, 255, 254, 310, 130, 131, 428, 429, 440, 441, 433, 446, 447, 434, 435, 432, 403, 418, 419, 298, 189, 388, 470, 471, 402, 389, 396, 390, 391, 134, 165]
  列生成求解结果: 目标值=7.0000， 下界=7.0000， 上界=11.0000
    非整数变量: COL_23_5 = 0.250000
  解不是整数，开始分支...
ImposedVertex(vertex=5)
ForbidVertex(vertex=5)
  创建了 2 个分支
    添加分支节点 1: ID=486
    添加分支节点 2: ID=487
  进度: 已处理 270 个节点, 剩余 183 个, 当前最优 11.0000, 当前列数: 1978

处理节点 164
  开始列生成求解...
Set parameter LogToConsole to value 0
Set parameter Threads to value 1
Set parameter Seed to value 0
  定价策略: Exact, node=164, vertices=17
Set parameter PoolSearchMode to value 2
Set parameter PoolSolutions to value 10
[CG 1] RMP=9.000000, pricing=ExactPricingSolver, new_columns=0
  搜索路径: [1, 2, 4, 5, 3, 8, 11, 14, 15, 16, 17, 19, 23, 24, 25, 27, 26, 30, 36, 37, 21, 22, 18, 33, 20, 31, 32, 53, 52, 54, 55, 57, 56, 10, 66, 67, 70, 71, 74, 75, 9, 80, 81, 84, 86, 87, 85, 92, 93, 43, 42, 12, 102, 103, 13, 108, 109, 49, 48, 114, 115, 116, 122, 123, 117, 118, 119, 62, 63, 106, 107, 99, 61, 60, 41, 98, 40, 138, 147, 148, 149, 139, 146, 162, 163, 166, 167, 168, 169, 170, 171, 143, 140, 112, 113, 184, 185, 150, 182, 183, 156, 157, 194, 195, 151, 202, 203, 204, 205, 208, 209, 214, 215, 136, 206, 207, 220, 221, 222, 223, 141, 137, 142, 197, 240, 241, 242, 243, 244, 245, 196, 90, 91, 78, 260, 261, 262, 263, 268, 269, 258, 274, 275, 259, 97, 96, 79, 266, 285, 282, 280, 284, 288, 289, 292, 293, 287, 281, 302, 303, 304, 305, 306, 312, 313, 307, 308, 309, 318, 319, 267, 283, 286, 326, 327, 328, 329, 330, 331, 334, 335, 336, 337, 340, 341, 300, 301, 339, 348, 349, 338, 172, 173, 352, 192, 193, 353, 344, 362, 363, 190, 145, 345, 144, 191, 295, 294, 265, 264, 382, 383, 384, 385, 332, 333, 325, 324, 160, 180, 181, 161, 350, 351, 343, 342, 188, 135, 397, 213, 410, 412, 413, 411, 212, 311, 299, 230, 291, 231, 290, 255, 254, 310, 130, 131, 428, 429, 440, 441, 433, 446, 447, 434, 435, 432, 403, 418, 419, 298, 189, 388, 470, 471, 402, 389, 396, 390, 391, 134, 165, 164]
  列生成求解结果: 目标值=9.0000， 下界=7.0000， 上界=11.0000
    非整数变量: COL_18-24-9_33 = 0.500000
  解不是整数，开始分支...
ImposedVertex(vertex=5)
ForbidVertex(vertex=5)
  创建了 2 个分支
    添加分支节点 1: ID=488
    添加分支节点 2: ID=489

处理节点 486
  开始列生成求解...
Set parameter LogToConsole to value 0
Set parameter Threads to value 1
Set parameter Seed to value 0
  定价策略: Exact, node=486, vertices=16
Set parameter PoolSearchMode to value 2
Set parameter PoolSolutions to value 10
[CG 1] RMP=7.000000, pricing=ExactPricingSolver, new_columns=0
  搜索路径: [1, 2, 4, 5, 3, 8, 11, 14, 15, 16, 17, 19, 23, 24, 25, 27, 26, 30, 36, 37, 21, 22, 18, 33, 20, 31, 32, 53, 52, 54, 55, 57, 56, 10, 66, 67, 70, 71, 74, 75, 9, 80, 81, 84, 86, 87, 85, 92, 93, 43, 42, 12, 102, 103, 13, 108, 109, 49, 48, 114, 115, 116, 122, 123, 117, 118, 119, 62, 63, 106, 107, 99, 61, 60, 41, 98, 40, 138, 147, 148, 149, 139, 146, 162, 163, 166, 167, 168, 169, 170, 171, 143, 140, 112, 113, 184, 185, 150, 182, 183, 156, 157, 194, 195, 151, 202, 203, 204, 205, 208, 209, 214, 215, 136, 206, 207, 220, 221, 222, 223, 141, 137, 142, 197, 240, 241, 242, 243, 244, 245, 196, 90, 91, 78, 260, 261, 262, 263, 268, 269, 258, 274, 275, 259, 97, 96, 79, 266, 285, 282, 280, 284, 288, 289, 292, 293, 287, 281, 302, 303, 304, 305, 306, 312, 313, 307, 308, 309, 318, 319, 267, 283, 286, 326, 327, 328, 329, 330, 331, 334, 335, 336, 337, 340, 341, 300, 301, 339, 348, 349, 338, 172, 173, 352, 192, 193, 353, 344, 362, 363, 190, 145, 345, 144, 191, 295, 294, 265, 264, 382, 383, 384, 385, 332, 333, 325, 324, 160, 180, 181, 161, 350, 351, 343, 342, 188, 135, 397, 213, 410, 412, 413, 411, 212, 311, 299, 230, 291, 231, 290, 255, 254, 310, 130, 131, 428, 429, 440, 441, 433, 446, 447, 434, 435, 432, 403, 418, 419, 298, 189, 388, 470, 471, 402, 389, 396, 390, 391, 134, 165, 164, 486]
  列生成求解结果: 目标值=7.0000， 下界=7.0000， 上界=11.0000
    非整数变量: COL_1-18-23-7-9_41 = 0.634259
  解不是整数，开始分支...
ImposedVertex(vertex=20)
ForbidVertex(vertex=20)
  创建了 2 个分支
    添加分支节点 1: ID=490
    添加分支节点 2: ID=491

处理节点 487
  开始列生成求解...
Set parameter LogToConsole to value 0
Set parameter Threads to value 1
Set parameter Seed to value 0
  定价策略: Exact, node=487, vertices=17
Set parameter PoolSearchMode to value 2
Set parameter PoolSolutions to value 10
[CG 1] RMP=7.000000, pricing=ExactPricingSolver, new_columns=0
  搜索路径: [1, 2, 4, 5, 3, 8, 11, 14, 15, 16, 17, 19, 23, 24, 25, 27, 26, 30, 36, 37, 21, 22, 18, 33, 20, 31, 32, 53, 52, 54, 55, 57, 56, 10, 66, 67, 70, 71, 74, 75, 9, 80, 81, 84, 86, 87, 85, 92, 93, 43, 42, 12, 102, 103, 13, 108, 109, 49, 48, 114, 115, 116, 122, 123, 117, 118, 119, 62, 63, 106, 107, 99, 61, 60, 41, 98, 40, 138, 147, 148, 149, 139, 146, 162, 163, 166, 167, 168, 169, 170, 171, 143, 140, 112, 113, 184, 185, 150, 182, 183, 156, 157, 194, 195, 151, 202, 203, 204, 205, 208, 209, 214, 215, 136, 206, 207, 220, 221, 222, 223, 141, 137, 142, 197, 240, 241, 242, 243, 244, 245, 196, 90, 91, 78, 260, 261, 262, 263, 268, 269, 258, 274, 275, 259, 97, 96, 79, 266, 285, 282, 280, 284, 288, 289, 292, 293, 287, 281, 302, 303, 304, 305, 306, 312, 313, 307, 308, 309, 318, 319, 267, 283, 286, 326, 327, 328, 329, 330, 331, 334, 335, 336, 337, 340, 341, 300, 301, 339, 348, 349, 338, 172, 173, 352, 192, 193, 353, 344, 362, 363, 190, 145, 345, 144, 191, 295, 294, 265, 264, 382, 383, 384, 385, 332, 333, 325, 324, 160, 180, 181, 161, 350, 351, 343, 342, 188, 135, 397, 213, 410, 412, 413, 411, 212, 311, 299, 230, 291, 231, 290, 255, 254, 310, 130, 131, 428, 429, 440, 441, 433, 446, 447, 434, 435, 432, 403, 418, 419, 298, 189, 388, 470, 471, 402, 389, 396, 390, 391, 134, 165, 164, 486, 487]
  列生成求解结果: 目标值=7.0000， 下界=7.0000， 上界=11.0000
    非整数变量: COL_1-18-23-7-9_41 = 0.583333
  解不是整数，开始分支...
ImposedVertex(vertex=23)
ForbidVertex(vertex=23)
  创建了 2 个分支
    添加分支节点 1: ID=492
    添加分支节点 2: ID=493

处理节点 490
  开始列生成求解...
Set parameter LogToConsole to value 0
Set parameter Threads to value 1
Set parameter Seed to value 0
  定价策略: Exact, node=490, vertices=15
Set parameter PoolSearchMode to value 2
Set parameter PoolSolutions to value 10
[CG 1] RMP=8.000000, pricing=ExactPricingSolver, new_columns=0
  搜索路径: [1, 2, 4, 5, 3, 8, 11, 14, 15, 16, 17, 19, 23, 24, 25, 27, 26, 30, 36, 37, 21, 22, 18, 33, 20, 31, 32, 53, 52, 54, 55, 57, 56, 10, 66, 67, 70, 71, 74, 75, 9, 80, 81, 84, 86, 87, 85, 92, 93, 43, 42, 12, 102, 103, 13, 108, 109, 49, 48, 114, 115, 116, 122, 123, 117, 118, 119, 62, 63, 106, 107, 99, 61, 60, 41, 98, 40, 138, 147, 148, 149, 139, 146, 162, 163, 166, 167, 168, 169, 170, 171, 143, 140, 112, 113, 184, 185, 150, 182, 183, 156, 157, 194, 195, 151, 202, 203, 204, 205, 208, 209, 214, 215, 136, 206, 207, 220, 221, 222, 223, 141, 137, 142, 197, 240, 241, 242, 243, 244, 245, 196, 90, 91, 78, 260, 261, 262, 263, 268, 269, 258, 274, 275, 259, 97, 96, 79, 266, 285, 282, 280, 284, 288, 289, 292, 293, 287, 281, 302, 303, 304, 305, 306, 312, 313, 307, 308, 309, 318, 319, 267, 283, 286, 326, 327, 328, 329, 330, 331, 334, 335, 336, 337, 340, 341, 300, 301, 339, 348, 349, 338, 172, 173, 352, 192, 193, 353, 344, 362, 363, 190, 145, 345, 144, 191, 295, 294, 265, 264, 382, 383, 384, 385, 332, 333, 325, 324, 160, 180, 181, 161, 350, 351, 343, 342, 188, 135, 397, 213, 410, 412, 413, 411, 212, 311, 299, 230, 291, 231, 290, 255, 254, 310, 130, 131, 428, 429, 440, 441, 433, 446, 447, 434, 435, 432, 403, 418, 419, 298, 189, 388, 470, 471, 402, 389, 396, 390, 391, 134, 165, 164, 486, 487, 490]
  列生成求解结果: 目标值=8.0000， 下界=7.0000， 上界=11.0000
    非整数变量: COL_1-18-23-7-9_41 = 0.666667
  解不是整数，开始分支...
ImposedVertex(vertex=26)
ForbidVertex(vertex=26)
  创建了 2 个分支
    添加分支节点 1: ID=494
    添加分支节点 2: ID=495

处理节点 491
  开始列生成求解...
Set parameter LogToConsole to value 0
Set parameter Threads to value 1
Set parameter Seed to value 0
  定价策略: Exact, node=491, vertices=15
Set parameter PoolSearchMode to value 2
Set parameter PoolSolutions to value 10
[CG 1] RMP=2010.000000, pricing=ExactPricingSolver, new_columns=10
[CG 2] RMP=12.000000, pricing=ExactPricingSolver, new_columns=10
[CG 3] RMP=9.000000, pricing=ExactPricingSolver, new_columns=0
  搜索路径: [1, 2, 4, 5, 3, 8, 11, 14, 15, 16, 17, 19, 23, 24, 25, 27, 26, 30, 36, 37, 21, 22, 18, 33, 20, 31, 32, 53, 52, 54, 55, 57, 56, 10, 66, 67, 70, 71, 74, 75, 9, 80, 81, 84, 86, 87, 85, 92, 93, 43, 42, 12, 102, 103, 13, 108, 109, 49, 48, 114, 115, 116, 122, 123, 117, 118, 119, 62, 63, 106, 107, 99, 61, 60, 41, 98, 40, 138, 147, 148, 149, 139, 146, 162, 163, 166, 167, 168, 169, 170, 171, 143, 140, 112, 113, 184, 185, 150, 182, 183, 156, 157, 194, 195, 151, 202, 203, 204, 205, 208, 209, 214, 215, 136, 206, 207, 220, 221, 222, 223, 141, 137, 142, 197, 240, 241, 242, 243, 244, 245, 196, 90, 91, 78, 260, 261, 262, 263, 268, 269, 258, 274, 275, 259, 97, 96, 79, 266, 285, 282, 280, 284, 288, 289, 292, 293, 287, 281, 302, 303, 304, 305, 306, 312, 313, 307, 308, 309, 318, 319, 267, 283, 286, 326, 327, 328, 329, 330, 331, 334, 335, 336, 337, 340, 341, 300, 301, 339, 348, 349, 338, 172, 173, 352, 192, 193, 353, 344, 362, 363, 190, 145, 345, 144, 191, 295, 294, 265, 264, 382, 383, 384, 385, 332, 333, 325, 324, 160, 180, 181, 161, 350, 351, 343, 342, 188, 135, 397, 213, 410, 412, 413, 411, 212, 311, 299, 230, 291, 231, 290, 255, 254, 310, 130, 131, 428, 429, 440, 441, 433, 446, 447, 434, 435, 432, 403, 418, 419, 298, 189, 388, 470, 471, 402, 389, 396, 390, 391, 134, 165, 164, 486, 487, 490, 491]
  列生成求解结果: 目标值=9.0000， 下界=7.0000， 上界=11.0000
    非整数变量: COL_1-18-23-7-9_41 = 0.550000
  解不是整数，开始分支...
ImposedVertex(vertex=14)
ForbidVertex(vertex=14)
  创建了 2 个分支
    添加分支节点 1: ID=496
    添加分支节点 2: ID=497

处理节点 492
  开始列生成求解...
Set parameter LogToConsole to value 0
Set parameter Threads to value 1
Set parameter Seed to value 0
  定价策略: Exact, node=492, vertices=16
Set parameter PoolSearchMode to value 2
Set parameter PoolSolutions to value 10
[CG 1] RMP=7.000000, pricing=ExactPricingSolver, new_columns=0
  搜索路径: [1, 2, 4, 5, 3, 8, 11, 14, 15, 16, 17, 19, 23, 24, 25, 27, 26, 30, 36, 37, 21, 22, 18, 33, 20, 31, 32, 53, 52, 54, 55, 57, 56, 10, 66, 67, 70, 71, 74, 75, 9, 80, 81, 84, 86, 87, 85, 92, 93, 43, 42, 12, 102, 103, 13, 108, 109, 49, 48, 114, 115, 116, 122, 123, 117, 118, 119, 62, 63, 106, 107, 99, 61, 60, 41, 98, 40, 138, 147, 148, 149, 139, 146, 162, 163, 166, 167, 168, 169, 170, 171, 143, 140, 112, 113, 184, 185, 150, 182, 183, 156, 157, 194, 195, 151, 202, 203, 204, 205, 208, 209, 214, 215, 136, 206, 207, 220, 221, 222, 223, 141, 137, 142, 197, 240, 241, 242, 243, 244, 245, 196, 90, 91, 78, 260, 261, 262, 263, 268, 269, 258, 274, 275, 259, 97, 96, 79, 266, 285, 282, 280, 284, 288, 289, 292, 293, 287, 281, 302, 303, 304, 305, 306, 312, 313, 307, 308, 309, 318, 319, 267, 283, 286, 326, 327, 328, 329, 330, 331, 334, 335, 336, 337, 340, 341, 300, 301, 339, 348, 349, 338, 172, 173, 352, 192, 193, 353, 344, 362, 363, 190, 145, 345, 144, 191, 295, 294, 265, 264, 382, 383, 384, 385, 332, 333, 325, 324, 160, 180, 181, 161, 350, 351, 343, 342, 188, 135, 397, 213, 410, 412, 413, 411, 212, 311, 299, 230, 291, 231, 290, 255, 254, 310, 130, 131, 428, 429, 440, 441, 433, 446, 447, 434, 435, 432, 403, 418, 419, 298, 189, 388, 470, 471, 402, 389, 396, 390, 391, 134, 165, 164, 486, 487, 490, 491, 492]
  列生成求解结果: 目标值=7.0000， 下界=7.0000， 上界=11.0000
    非整数变量: COL_1-18-23-7-9_41 = 0.583333
  解不是整数，开始分支...
ImposedVertex(vertex=20)
ForbidVertex(vertex=20)
  创建了 2 个分支
    添加分支节点 1: ID=498
    添加分支节点 2: ID=499

处理节点 493
  开始列生成求解...
Set parameter LogToConsole to value 0
Set parameter Threads to value 1
Set parameter Seed to value 0
  定价策略: Exact, node=493, vertices=16
Set parameter PoolSearchMode to value 2
Set parameter PoolSolutions to value 10
[CG 1] RMP=12.000000, pricing=ExactPricingSolver, new_columns=10
[CG 2] RMP=7.000000, pricing=ExactPricingSolver, new_columns=0
  搜索路径: [1, 2, 4, 5, 3, 8, 11, 14, 15, 16, 17, 19, 23, 24, 25, 27, 26, 30, 36, 37, 21, 22, 18, 33, 20, 31, 32, 53, 52, 54, 55, 57, 56, 10, 66, 67, 70, 71, 74, 75, 9, 80, 81, 84, 86, 87, 85, 92, 93, 43, 42, 12, 102, 103, 13, 108, 109, 49, 48, 114, 115, 116, 122, 123, 117, 118, 119, 62, 63, 106, 107, 99, 61, 60, 41, 98, 40, 138, 147, 148, 149, 139, 146, 162, 163, 166, 167, 168, 169, 170, 171, 143, 140, 112, 113, 184, 185, 150, 182, 183, 156, 157, 194, 195, 151, 202, 203, 204, 205, 208, 209, 214, 215, 136, 206, 207, 220, 221, 222, 223, 141, 137, 142, 197, 240, 241, 242, 243, 244, 245, 196, 90, 91, 78, 260, 261, 262, 263, 268, 269, 258, 274, 275, 259, 97, 96, 79, 266, 285, 282, 280, 284, 288, 289, 292, 293, 287, 281, 302, 303, 304, 305, 306, 312, 313, 307, 308, 309, 318, 319, 267, 283, 286, 326, 327, 328, 329, 330, 331, 334, 335, 336, 337, 340, 341, 300, 301, 339, 348, 349, 338, 172, 173, 352, 192, 193, 353, 344, 362, 363, 190, 145, 345, 144, 191, 295, 294, 265, 264, 382, 383, 384, 385, 332, 333, 325, 324, 160, 180, 181, 161, 350, 351, 343, 342, 188, 135, 397, 213, 410, 412, 413, 411, 212, 311, 299, 230, 291, 231, 290, 255, 254, 310, 130, 131, 428, 429, 440, 441, 433, 446, 447, 434, 435, 432, 403, 418, 419, 298, 189, 388, 470, 471, 402, 389, 396, 390, 391, 134, 165, 164, 486, 487, 490, 491, 492, 493]
  列生成求解结果: 目标值=7.0000， 下界=7.0000， 上界=11.0000
    非整数变量: COL_1-14-17-21-28-9_678 = 0.583333
  解不是整数，开始分支...
ImposedVertex(vertex=14)
ForbidVertex(vertex=14)
  创建了 2 个分支
    添加分支节点 1: ID=500
    添加分支节点 2: ID=501

处理节点 498
  开始列生成求解...
Set parameter LogToConsole to value 0
Set parameter Threads to value 1
Set parameter Seed to value 0
  定价策略: Exact, node=498, vertices=15
Set parameter PoolSearchMode to value 2
Set parameter PoolSolutions to value 10
[CG 1] RMP=8.000000, pricing=ExactPricingSolver, new_columns=0
  搜索路径: [1, 2, 4, 5, 3, 8, 11, 14, 15, 16, 17, 19, 23, 24, 25, 27, 26, 30, 36, 37, 21, 22, 18, 33, 20, 31, 32, 53, 52, 54, 55, 57, 56, 10, 66, 67, 70, 71, 74, 75, 9, 80, 81, 84, 86, 87, 85, 92, 93, 43, 42, 12, 102, 103, 13, 108, 109, 49, 48, 114, 115, 116, 122, 123, 117, 118, 119, 62, 63, 106, 107, 99, 61, 60, 41, 98, 40, 138, 147, 148, 149, 139, 146, 162, 163, 166, 167, 168, 169, 170, 171, 143, 140, 112, 113, 184, 185, 150, 182, 183, 156, 157, 194, 195, 151, 202, 203, 204, 205, 208, 209, 214, 215, 136, 206, 207, 220, 221, 222, 223, 141, 137, 142, 197, 240, 241, 242, 243, 244, 245, 196, 90, 91, 78, 260, 261, 262, 263, 268, 269, 258, 274, 275, 259, 97, 96, 79, 266, 285, 282, 280, 284, 288, 289, 292, 293, 287, 281, 302, 303, 304, 305, 306, 312, 313, 307, 308, 309, 318, 319, 267, 283, 286, 326, 327, 328, 329, 330, 331, 334, 335, 336, 337, 340, 341, 300, 301, 339, 348, 349, 338, 172, 173, 352, 192, 193, 353, 344, 362, 363, 190, 145, 345, 144, 191, 295, 294, 265, 264, 382, 383, 384, 385, 332, 333, 325, 324, 160, 180, 181, 161, 350, 351, 343, 342, 188, 135, 397, 213, 410, 412, 413, 411, 212, 311, 299, 230, 291, 231, 290, 255, 254, 310, 130, 131, 428, 429, 440, 441, 433, 446, 447, 434, 435, 432, 403, 418, 419, 298, 189, 388, 470, 471, 402, 389, 396, 390, 391, 134, 165, 164, 486, 487, 490, 491, 492, 493, 498]
  列生成求解结果: 目标值=8.0000， 下界=7.0000， 上界=11.0000
    非整数变量: COL_1-18-23-7-9_41 = 0.500000
  解不是整数，开始分支...
ImposedVertex(vertex=26)
ForbidVertex(vertex=26)
  创建了 2 个分支
    添加分支节点 1: ID=502
    添加分支节点 2: ID=503

处理节点 499
  开始列生成求解...
Set parameter LogToConsole to value 0
Set parameter Threads to value 1
Set parameter Seed to value 0
  定价策略: Exact, node=499, vertices=15
Set parameter PoolSearchMode to value 2
Set parameter PoolSolutions to value 10
[CG 1] RMP=12.000000, pricing=ExactPricingSolver, new_columns=10
[CG 2] RMP=9.000000, pricing=ExactPricingSolver, new_columns=0
  搜索路径: [1, 2, 4, 5, 3, 8, 11, 14, 15, 16, 17, 19, 23, 24, 25, 27, 26, 30, 36, 37, 21, 22, 18, 33, 20, 31, 32, 53, 52, 54, 55, 57, 56, 10, 66, 67, 70, 71, 74, 75, 9, 80, 81, 84, 86, 87, 85, 92, 93, 43, 42, 12, 102, 103, 13, 108, 109, 49, 48, 114, 115, 116, 122, 123, 117, 118, 119, 62, 63, 106, 107, 99, 61, 60, 41, 98, 40, 138, 147, 148, 149, 139, 146, 162, 163, 166, 167, 168, 169, 170, 171, 143, 140, 112, 113, 184, 185, 150, 182, 183, 156, 157, 194, 195, 151, 202, 203, 204, 205, 208, 209, 214, 215, 136, 206, 207, 220, 221, 222, 223, 141, 137, 142, 197, 240, 241, 242, 243, 244, 245, 196, 90, 91, 78, 260, 261, 262, 263, 268, 269, 258, 274, 275, 259, 97, 96, 79, 266, 285, 282, 280, 284, 288, 289, 292, 293, 287, 281, 302, 303, 304, 305, 306, 312, 313, 307, 308, 309, 318, 319, 267, 283, 286, 326, 327, 328, 329, 330, 331, 334, 335, 336, 337, 340, 341, 300, 301, 339, 348, 349, 338, 172, 173, 352, 192, 193, 353, 344, 362, 363, 190, 145, 345, 144, 191, 295, 294, 265, 264, 382, 383, 384, 385, 332, 333, 325, 324, 160, 180, 181, 161, 350, 351, 343, 342, 188, 135, 397, 213, 410, 412, 413, 411, 212, 311, 299, 230, 291, 231, 290, 255, 254, 310, 130, 131, 428, 429, 440, 441, 433, 446, 447, 434, 435, 432, 403, 418, 419, 298, 189, 388, 470, 471, 402, 389, 396, 390, 391, 134, 165, 164, 486, 487, 490, 491, 492, 493, 498, 499]
  列生成求解结果: 目标值=9.0000， 下界=7.0000， 上界=11.0000
    非整数变量: COL_1-18-23-7-9_41 = 0.750000
  解不是整数，开始分支...
ImposedVertex(vertex=12)
ForbidVertex(vertex=12)
  创建了 2 个分支
    添加分支节点 1: ID=504
    添加分支节点 2: ID=505

处理节点 500
  开始列生成求解...
Set parameter LogToConsole to value 0
Set parameter Threads to value 1
Set parameter Seed to value 0
  定价策略: Exact, node=500, vertices=15
Set parameter PoolSearchMode to value 2
Set parameter PoolSolutions to value 10
[CG 1] RMP=12.000000, pricing=ExactPricingSolver, new_columns=10
[CG 2] RMP=12.000000, pricing=ExactPricingSolver, new_columns=10
[CG 3] RMP=10.000000, pricing=ExactPricingSolver, new_columns=0
  搜索路径: [1, 2, 4, 5, 3, 8, 11, 14, 15, 16, 17, 19, 23, 24, 25, 27, 26, 30, 36, 37, 21, 22, 18, 33, 20, 31, 32, 53, 52, 54, 55, 57, 56, 10, 66, 67, 70, 71, 74, 75, 9, 80, 81, 84, 86, 87, 85, 92, 93, 43, 42, 12, 102, 103, 13, 108, 109, 49, 48, 114, 115, 116, 122, 123, 117, 118, 119, 62, 63, 106, 107, 99, 61, 60, 41, 98, 40, 138, 147, 148, 149, 139, 146, 162, 163, 166, 167, 168, 169, 170, 171, 143, 140, 112, 113, 184, 185, 150, 182, 183, 156, 157, 194, 195, 151, 202, 203, 204, 205, 208, 209, 214, 215, 136, 206, 207, 220, 221, 222, 223, 141, 137, 142, 197, 240, 241, 242, 243, 244, 245, 196, 90, 91, 78, 260, 261, 262, 263, 268, 269, 258, 274, 275, 259, 97, 96, 79, 266, 285, 282, 280, 284, 288, 289, 292, 293, 287, 281, 302, 303, 304, 305, 306, 312, 313, 307, 308, 309, 318, 319, 267, 283, 286, 326, 327, 328, 329, 330, 331, 334, 335, 336, 337, 340, 341, 300, 301, 339, 348, 349, 338, 172, 173, 352, 192, 193, 353, 344, 362, 363, 190, 145, 345, 144, 191, 295, 294, 265, 264, 382, 383, 384, 385, 332, 333, 325, 324, 160, 180, 181, 161, 350, 351, 343, 342, 188, 135, 397, 213, 410, 412, 413, 411, 212, 311, 299, 230, 291, 231, 290, 255, 254, 310, 130, 131, 428, 429, 440, 441, 433, 446, 447, 434, 435, 432, 403, 418, 419, 298, 189, 388, 470, 471, 402, 389, 396, 390, 391, 134, 165, 164, 486, 487, 490, 491, 492, 493, 498, 499, 500]
  列生成求解结果: 目标值=10.0000， 下界=7.0000， 上界=11.0000
    非整数变量: COL_17-4-7-9_220 = 0.166667
  解不是整数，开始分支...
ImposedVertex(vertex=21)
ForbidVertex(vertex=21)
  创建了 2 个分支
    添加分支节点 1: ID=506
    添加分支节点 2: ID=507
  进度: 已处理 280 个节点, 剩余 193 个, 当前最优 11.0000, 当前列数: 2038

处理节点 501
  开始列生成求解...
Set parameter LogToConsole to value 0
Set parameter Threads to value 1
Set parameter Seed to value 0
  定价策略: Exact, node=501, vertices=15
Set parameter PoolSearchMode to value 2
Set parameter PoolSolutions to value 10
[CG 1] RMP=9.000000, pricing=ExactPricingSolver, new_columns=0
  搜索路径: [1, 2, 4, 5, 3, 8, 11, 14, 15, 16, 17, 19, 23, 24, 25, 27, 26, 30, 36, 37, 21, 22, 18, 33, 20, 31, 32, 53, 52, 54, 55, 57, 56, 10, 66, 67, 70, 71, 74, 75, 9, 80, 81, 84, 86, 87, 85, 92, 93, 43, 42, 12, 102, 103, 13, 108, 109, 49, 48, 114, 115, 116, 122, 123, 117, 118, 119, 62, 63, 106, 107, 99, 61, 60, 41, 98, 40, 138, 147, 148, 149, 139, 146, 162, 163, 166, 167, 168, 169, 170, 171, 143, 140, 112, 113, 184, 185, 150, 182, 183, 156, 157, 194, 195, 151, 202, 203, 204, 205, 208, 209, 214, 215, 136, 206, 207, 220, 221, 222, 223, 141, 137, 142, 197, 240, 241, 242, 243, 244, 245, 196, 90, 91, 78, 260, 261, 262, 263, 268, 269, 258, 274, 275, 259, 97, 96, 79, 266, 285, 282, 280, 284, 288, 289, 292, 293, 287, 281, 302, 303, 304, 305, 306, 312, 313, 307, 308, 309, 318, 319, 267, 283, 286, 326, 327, 328, 329, 330, 331, 334, 335, 336, 337, 340, 341, 300, 301, 339, 348, 349, 338, 172, 173, 352, 192, 193, 353, 344, 362, 363, 190, 145, 345, 144, 191, 295, 294, 265, 264, 382, 383, 384, 385, 332, 333, 325, 324, 160, 180, 181, 161, 350, 351, 343, 342, 188, 135, 397, 213, 410, 412, 413, 411, 212, 311, 299, 230, 291, 231, 290, 255, 254, 310, 130, 131, 428, 429, 440, 441, 433, 446, 447, 434, 435, 432, 403, 418, 419, 298, 189, 388, 470, 471, 402, 389, 396, 390, 391, 134, 165, 164, 486, 487, 490, 491, 492, 493, 498, 499, 500, 501]
  列生成求解结果: 目标值=9.0000， 下界=7.0000， 上界=11.0000
    非整数变量: COL_1-12-17-20-26-9_682 = 0.250000
  解不是整数，开始分支...
ImposedVertex(vertex=26)
ForbidVertex(vertex=26)
  创建了 2 个分支
    添加分支节点 1: ID=508
    添加分支节点 2: ID=509

处理节点 387
  开始列生成求解...
Set parameter LogToConsole to value 0
Set parameter Threads to value 1
Set parameter Seed to value 0
  定价策略: Exact, node=387, vertices=16
Set parameter PoolSearchMode to value 2
Set parameter PoolSolutions to value 10
[CG 1] RMP=12.000000, pricing=ExactPricingSolver, new_columns=0
  搜索路径: [1, 2, 4, 5, 3, 8, 11, 14, 15, 16, 17, 19, 23, 24, 25, 27, 26, 30, 36, 37, 21, 22, 18, 33, 20, 31, 32, 53, 52, 54, 55, 57, 56, 10, 66, 67, 70, 71, 74, 75, 9, 80, 81, 84, 86, 87, 85, 92, 93, 43, 42, 12, 102, 103, 13, 108, 109, 49, 48, 114, 115, 116, 122, 123, 117, 118, 119, 62, 63, 106, 107, 99, 61, 60, 41, 98, 40, 138, 147, 148, 149, 139, 146, 162, 163, 166, 167, 168, 169, 170, 171, 143, 140, 112, 113, 184, 185, 150, 182, 183, 156, 157, 194, 195, 151, 202, 203, 204, 205, 208, 209, 214, 215, 136, 206, 207, 220, 221, 222, 223, 141, 137, 142, 197, 240, 241, 242, 243, 244, 245, 196, 90, 91, 78, 260, 261, 262, 263, 268, 269, 258, 274, 275, 259, 97, 96, 79, 266, 285, 282, 280, 284, 288, 289, 292, 293, 287, 281, 302, 303, 304, 305, 306, 312, 313, 307, 308, 309, 318, 319, 267, 283, 286, 326, 327, 328, 329, 330, 331, 334, 335, 336, 337, 340, 341, 300, 301, 339, 348, 349, 338, 172, 173, 352, 192, 193, 353, 344, 362, 363, 190, 145, 345, 144, 191, 295, 294, 265, 264, 382, 383, 384, 385, 332, 333, 325, 324, 160, 180, 181, 161, 350, 351, 343, 342, 188, 135, 397, 213, 410, 412, 413, 411, 212, 311, 299, 230, 291, 231, 290, 255, 254, 310, 130, 131, 428, 429, 440, 441, 433, 446, 447, 434, 435, 432, 403, 418, 419, 298, 189, 388, 470, 471, 402, 389, 396, 390, 391, 134, 165, 164, 486, 487, 490, 491, 492, 493, 498, 499, 500, 501, 387]
  列生成求解结果: 目标值=12.0000， 下界=7.0000， 上界=11.0000

处理节点 472
  开始列生成求解...
Set parameter LogToConsole to value 0
Set parameter Threads to value 1
Set parameter Seed to value 0
  定价策略: Exact, node=472, vertices=13
Set parameter PoolSearchMode to value 2
Set parameter PoolSolutions to value 10
[CG 1] RMP=11.478261, pricing=ExactPricingSolver, new_columns=10
[CG 2] RMP=9.000000, pricing=ExactPricingSolver, new_columns=0
  搜索路径: [1, 2, 4, 5, 3, 8, 11, 14, 15, 16, 17, 19, 23, 24, 25, 27, 26, 30, 36, 37, 21, 22, 18, 33, 20, 31, 32, 53, 52, 54, 55, 57, 56, 10, 66, 67, 70, 71, 74, 75, 9, 80, 81, 84, 86, 87, 85, 92, 93, 43, 42, 12, 102, 103, 13, 108, 109, 49, 48, 114, 115, 116, 122, 123, 117, 118, 119, 62, 63, 106, 107, 99, 61, 60, 41, 98, 40, 138, 147, 148, 149, 139, 146, 162, 163, 166, 167, 168, 169, 170, 171, 143, 140, 112, 113, 184, 185, 150, 182, 183, 156, 157, 194, 195, 151, 202, 203, 204, 205, 208, 209, 214, 215, 136, 206, 207, 220, 221, 222, 223, 141, 137, 142, 197, 240, 241, 242, 243, 244, 245, 196, 90, 91, 78, 260, 261, 262, 263, 268, 269, 258, 274, 275, 259, 97, 96, 79, 266, 285, 282, 280, 284, 288, 289, 292, 293, 287, 281, 302, 303, 304, 305, 306, 312, 313, 307, 308, 309, 318, 319, 267, 283, 286, 326, 327, 328, 329, 330, 331, 334, 335, 336, 337, 340, 341, 300, 301, 339, 348, 349, 338, 172, 173, 352, 192, 193, 353, 344, 362, 363, 190, 145, 345, 144, 191, 295, 294, 265, 264, 382, 383, 384, 385, 332, 333, 325, 324, 160, 180, 181, 161, 350, 351, 343, 342, 188, 135, 397, 213, 410, 412, 413, 411, 212, 311, 299, 230, 291, 231, 290, 255, 254, 310, 130, 131, 428, 429, 440, 441, 433, 446, 447, 434, 435, 432, 403, 418, 419, 298, 189, 388, 470, 471, 402, 389, 396, 390, 391, 134, 165, 164, 486, 487, 490, 491, 492, 493, 498, 499, 500, 501, 387, 472]
  列生成求解结果: 目标值=9.0000， 下界=7.0000， 上界=11.0000
    非整数变量: COL_1-18-23-9_37 = 0.200000
  解不是整数，开始分支...
ImposedVertex(vertex=27)
ForbidVertex(vertex=27)
  创建了 2 个分支
    添加分支节点 1: ID=510
    添加分支节点 2: ID=511

处理节点 473
  开始列生成求解...
Set parameter LogToConsole to value 0
Set parameter Threads to value 1
Set parameter Seed to value 0
  定价策略: Exact, node=473, vertices=13
Set parameter PoolSearchMode to value 2
Set parameter PoolSolutions to value 10
[CG 1] RMP=510.500000, pricing=ExactPricingSolver, new_columns=10
[CG 2] RMP=8.000000, pricing=ExactPricingSolver, new_columns=0
  搜索路径: [1, 2, 4, 5, 3, 8, 11, 14, 15, 16, 17, 19, 23, 24, 25, 27, 26, 30, 36, 37, 21, 22, 18, 33, 20, 31, 32, 53, 52, 54, 55, 57, 56, 10, 66, 67, 70, 71, 74, 75, 9, 80, 81, 84, 86, 87, 85, 92, 93, 43, 42, 12, 102, 103, 13, 108, 109, 49, 48, 114, 115, 116, 122, 123, 117, 118, 119, 62, 63, 106, 107, 99, 61, 60, 41, 98, 40, 138, 147, 148, 149, 139, 146, 162, 163, 166, 167, 168, 169, 170, 171, 143, 140, 112, 113, 184, 185, 150, 182, 183, 156, 157, 194, 195, 151, 202, 203, 204, 205, 208, 209, 214, 215, 136, 206, 207, 220, 221, 222, 223, 141, 137, 142, 197, 240, 241, 242, 243, 244, 245, 196, 90, 91, 78, 260, 261, 262, 263, 268, 269, 258, 274, 275, 259, 97, 96, 79, 266, 285, 282, 280, 284, 288, 289, 292, 293, 287, 281, 302, 303, 304, 305, 306, 312, 313, 307, 308, 309, 318, 319, 267, 283, 286, 326, 327, 328, 329, 330, 331, 334, 335, 336, 337, 340, 341, 300, 301, 339, 348, 349, 338, 172, 173, 352, 192, 193, 353, 344, 362, 363, 190, 145, 345, 144, 191, 295, 294, 265, 264, 382, 383, 384, 385, 332, 333, 325, 324, 160, 180, 181, 161, 350, 351, 343, 342, 188, 135, 397, 213, 410, 412, 413, 411, 212, 311, 299, 230, 291, 231, 290, 255, 254, 310, 130, 131, 428, 429, 440, 441, 433, 446, 447, 434, 435, 432, 403, 418, 419, 298, 189, 388, 470, 471, 402, 389, 396, 390, 391, 134, 165, 164, 486, 487, 490, 491, 492, 493, 498, 499, 500, 501, 387, 472, 473]
  列生成求解结果: 目标值=8.0000， 下界=7.0000， 上界=11.0000
    非整数变量: COL_1-18-23-9_37 = 0.111111
  解不是整数，开始分支...
ImposedVertex(vertex=5)
ForbidVertex(vertex=5)
  创建了 2 个分支
    添加分支节点 1: ID=512
    添加分支节点 2: ID=513

处理节点 271
  开始列生成求解...
Set parameter LogToConsole to value 0
Set parameter Threads to value 1
Set parameter Seed to value 0
  定价策略: Exact, node=271, vertices=16
Set parameter PoolSearchMode to value 2
Set parameter PoolSolutions to value 10
[CG 1] RMP=2010.000000, pricing=ExactPricingSolver, new_columns=10
[CG 2] RMP=12.000000, pricing=ExactPricingSolver, new_columns=0
  搜索路径: [1, 2, 4, 5, 3, 8, 11, 14, 15, 16, 17, 19, 23, 24, 25, 27, 26, 30, 36, 37, 21, 22, 18, 33, 20, 31, 32, 53, 52, 54, 55, 57, 56, 10, 66, 67, 70, 71, 74, 75, 9, 80, 81, 84, 86, 87, 85, 92, 93, 43, 42, 12, 102, 103, 13, 108, 109, 49, 48, 114, 115, 116, 122, 123, 117, 118, 119, 62, 63, 106, 107, 99, 61, 60, 41, 98, 40, 138, 147, 148, 149, 139, 146, 162, 163, 166, 167, 168, 169, 170, 171, 143, 140, 112, 113, 184, 185, 150, 182, 183, 156, 157, 194, 195, 151, 202, 203, 204, 205, 208, 209, 214, 215, 136, 206, 207, 220, 221, 222, 223, 141, 137, 142, 197, 240, 241, 242, 243, 244, 245, 196, 90, 91, 78, 260, 261, 262, 263, 268, 269, 258, 274, 275, 259, 97, 96, 79, 266, 285, 282, 280, 284, 288, 289, 292, 293, 287, 281, 302, 303, 304, 305, 306, 312, 313, 307, 308, 309, 318, 319, 267, 283, 286, 326, 327, 328, 329, 330, 331, 334, 335, 336, 337, 340, 341, 300, 301, 339, 348, 349, 338, 172, 173, 352, 192, 193, 353, 344, 362, 363, 190, 145, 345, 144, 191, 295, 294, 265, 264, 382, 383, 384, 385, 332, 333, 325, 324, 160, 180, 181, 161, 350, 351, 343, 342, 188, 135, 397, 213, 410, 412, 413, 411, 212, 311, 299, 230, 291, 231, 290, 255, 254, 310, 130, 131, 428, 429, 440, 441, 433, 446, 447, 434, 435, 432, 403, 418, 419, 298, 189, 388, 470, 471, 402, 389, 396, 390, 391, 134, 165, 164, 486, 487, 490, 491, 492, 493, 498, 499, 500, 501, 387, 472, 473, 271]
  列生成求解结果: 目标值=12.0000， 下界=7.0000， 上界=11.0000

处理节点 270
  开始列生成求解...
Set parameter LogToConsole to value 0
Set parameter Threads to value 1
Set parameter Seed to value 0
  定价策略: Exact, node=270, vertices=16
Set parameter PoolSearchMode to value 2
Set parameter PoolSolutions to value 10
[CG 1] RMP=7.000000, pricing=ExactPricingSolver, new_columns=0
  搜索路径: [1, 2, 4, 5, 3, 8, 11, 14, 15, 16, 17, 19, 23, 24, 25, 27, 26, 30, 36, 37, 21, 22, 18, 33, 20, 31, 32, 53, 52, 54, 55, 57, 56, 10, 66, 67, 70, 71, 74, 75, 9, 80, 81, 84, 86, 87, 85, 92, 93, 43, 42, 12, 102, 103, 13, 108, 109, 49, 48, 114, 115, 116, 122, 123, 117, 118, 119, 62, 63, 106, 107, 99, 61, 60, 41, 98, 40, 138, 147, 148, 149, 139, 146, 162, 163, 166, 167, 168, 169, 170, 171, 143, 140, 112, 113, 184, 185, 150, 182, 183, 156, 157, 194, 195, 151, 202, 203, 204, 205, 208, 209, 214, 215, 136, 206, 207, 220, 221, 222, 223, 141, 137, 142, 197, 240, 241, 242, 243, 244, 245, 196, 90, 91, 78, 260, 261, 262, 263, 268, 269, 258, 274, 275, 259, 97, 96, 79, 266, 285, 282, 280, 284, 288, 289, 292, 293, 287, 281, 302, 303, 304, 305, 306, 312, 313, 307, 308, 309, 318, 319, 267, 283, 286, 326, 327, 328, 329, 330, 331, 334, 335, 336, 337, 340, 341, 300, 301, 339, 348, 349, 338, 172, 173, 352, 192, 193, 353, 344, 362, 363, 190, 145, 345, 144, 191, 295, 294, 265, 264, 382, 383, 384, 385, 332, 333, 325, 324, 160, 180, 181, 161, 350, 351, 343, 342, 188, 135, 397, 213, 410, 412, 413, 411, 212, 311, 299, 230, 291, 231, 290, 255, 254, 310, 130, 131, 428, 429, 440, 441, 433, 446, 447, 434, 435, 432, 403, 418, 419, 298, 189, 388, 470, 471, 402, 389, 396, 390, 391, 134, 165, 164, 486, 487, 490, 491, 492, 493, 498, 499, 500, 501, 387, 472, 473, 271, 270]
  列生成求解结果: 目标值=7.0000， 下界=7.0000， 上界=11.0000
    非整数变量: COL_15-18-2-21-4-7-9_364 = 0.536195
  解不是整数，开始分支...
ImposedVertex(vertex=15)
ForbidVertex(vertex=15)
  创建了 2 个分支
    添加分支节点 1: ID=514
    添加分支节点 2: ID=515

处理节点 514
  开始列生成求解...
Set parameter LogToConsole to value 0
Set parameter Threads to value 1
Set parameter Seed to value 0
  定价策略: Exact, node=514, vertices=15
Set parameter PoolSearchMode to value 2
Set parameter PoolSolutions to value 10
[CG 1] RMP=7.000000, pricing=ExactPricingSolver, new_columns=0
  搜索路径: [1, 2, 4, 5, 3, 8, 11, 14, 15, 16, 17, 19, 23, 24, 25, 27, 26, 30, 36, 37, 21, 22, 18, 33, 20, 31, 32, 53, 52, 54, 55, 57, 56, 10, 66, 67, 70, 71, 74, 75, 9, 80, 81, 84, 86, 87, 85, 92, 93, 43, 42, 12, 102, 103, 13, 108, 109, 49, 48, 114, 115, 116, 122, 123, 117, 118, 119, 62, 63, 106, 107, 99, 61, 60, 41, 98, 40, 138, 147, 148, 149, 139, 146, 162, 163, 166, 167, 168, 169, 170, 171, 143, 140, 112, 113, 184, 185, 150, 182, 183, 156, 157, 194, 195, 151, 202, 203, 204, 205, 208, 209, 214, 215, 136, 206, 207, 220, 221, 222, 223, 141, 137, 142, 197, 240, 241, 242, 243, 244, 245, 196, 90, 91, 78, 260, 261, 262, 263, 268, 269, 258, 274, 275, 259, 97, 96, 79, 266, 285, 282, 280, 284, 288, 289, 292, 293, 287, 281, 302, 303, 304, 305, 306, 312, 313, 307, 308, 309, 318, 319, 267, 283, 286, 326, 327, 328, 329, 330, 331, 334, 335, 336, 337, 340, 341, 300, 301, 339, 348, 349, 338, 172, 173, 352, 192, 193, 353, 344, 362, 363, 190, 145, 345, 144, 191, 295, 294, 265, 264, 382, 383, 384, 385, 332, 333, 325, 324, 160, 180, 181, 161, 350, 351, 343, 342, 188, 135, 397, 213, 410, 412, 413, 411, 212, 311, 299, 230, 291, 231, 290, 255, 254, 310, 130, 131, 428, 429, 440, 441, 433, 446, 447, 434, 435, 432, 403, 418, 419, 298, 189, 388, 470, 471, 402, 389, 396, 390, 391, 134, 165, 164, 486, 487, 490, 491, 492, 493, 498, 499, 500, 501, 387, 472, 473, 271, 270, 514]
  列生成求解结果: 目标值=7.0000， 下界=7.0000， 上界=11.0000
    非整数变量: COL_15-18-2-20-4-7-9_363 = 0.458333
  解不是整数，开始分支...
ImposedVertex(vertex=20)
ForbidVertex(vertex=20)
  创建了 2 个分支
    添加分支节点 1: ID=516
    添加分支节点 2: ID=517

处理节点 515
  开始列生成求解...
Set parameter LogToConsole to value 0
Set parameter Threads to value 1
Set parameter Seed to value 0
  定价策略: Exact, node=515, vertices=15
Set parameter PoolSearchMode to value 2
Set parameter PoolSolutions to value 10
[CG 1] RMP=2010.000000, pricing=ExactPricingSolver, new_columns=10
[CG 2] RMP=9.263158, pricing=ExactPricingSolver, new_columns=10
[CG 3] RMP=7.000000, pricing=ExactPricingSolver, new_columns=0
  搜索路径: [1, 2, 4, 5, 3, 8, 11, 14, 15, 16, 17, 19, 23, 24, 25, 27, 26, 30, 36, 37, 21, 22, 18, 33, 20, 31, 32, 53, 52, 54, 55, 57, 56, 10, 66, 67, 70, 71, 74, 75, 9, 80, 81, 84, 86, 87, 85, 92, 93, 43, 42, 12, 102, 103, 13, 108, 109, 49, 48, 114, 115, 116, 122, 123, 117, 118, 119, 62, 63, 106, 107, 99, 61, 60, 41, 98, 40, 138, 147, 148, 149, 139, 146, 162, 163, 166, 167, 168, 169, 170, 171, 143, 140, 112, 113, 184, 185, 150, 182, 183, 156, 157, 194, 195, 151, 202, 203, 204, 205, 208, 209, 214, 215, 136, 206, 207, 220, 221, 222, 223, 141, 137, 142, 197, 240, 241, 242, 243, 244, 245, 196, 90, 91, 78, 260, 261, 262, 263, 268, 269, 258, 274, 275, 259, 97, 96, 79, 266, 285, 282, 280, 284, 288, 289, 292, 293, 287, 281, 302, 303, 304, 305, 306, 312, 313, 307, 308, 309, 318, 319, 267, 283, 286, 326, 327, 328, 329, 330, 331, 334, 335, 336, 337, 340, 341, 300, 301, 339, 348, 349, 338, 172, 173, 352, 192, 193, 353, 344, 362, 363, 190, 145, 345, 144, 191, 295, 294, 265, 264, 382, 383, 384, 385, 332, 333, 325, 324, 160, 180, 181, 161, 350, 351, 343, 342, 188, 135, 397, 213, 410, 412, 413, 411, 212, 311, 299, 230, 291, 231, 290, 255, 254, 310, 130, 131, 428, 429, 440, 441, 433, 446, 447, 434, 435, 432, 403, 418, 419, 298, 189, 388, 470, 471, 402, 389, 396, 390, 391, 134, 165, 164, 486, 487, 490, 491, 492, 493, 498, 499, 500, 501, 387, 472, 473, 271, 270, 514, 515]
  列生成求解结果: 目标值=7.0000， 下界=7.0000， 上界=11.0000
    非整数变量: COL_13-2-20-25-27_1000 = 0.083333
  解不是整数，开始分支...
ImposedVertex(vertex=20)
ForbidVertex(vertex=20)
  创建了 2 个分支
    添加分支节点 1: ID=518
    添加分支节点 2: ID=519

处理节点 518
  开始列生成求解...
Set parameter LogToConsole to value 0
Set parameter Threads to value 1
Set parameter Seed to value 0
  定价策略: Exact, node=518, vertices=14
Set parameter PoolSearchMode to value 2
Set parameter PoolSolutions to value 10
[CG 1] RMP=8.000000, pricing=ExactPricingSolver, new_columns=0
  搜索路径: [1, 2, 4, 5, 3, 8, 11, 14, 15, 16, 17, 19, 23, 24, 25, 27, 26, 30, 36, 37, 21, 22, 18, 33, 20, 31, 32, 53, 52, 54, 55, 57, 56, 10, 66, 67, 70, 71, 74, 75, 9, 80, 81, 84, 86, 87, 85, 92, 93, 43, 42, 12, 102, 103, 13, 108, 109, 49, 48, 114, 115, 116, 122, 123, 117, 118, 119, 62, 63, 106, 107, 99, 61, 60, 41, 98, 40, 138, 147, 148, 149, 139, 146, 162, 163, 166, 167, 168, 169, 170, 171, 143, 140, 112, 113, 184, 185, 150, 182, 183, 156, 157, 194, 195, 151, 202, 203, 204, 205, 208, 209, 214, 215, 136, 206, 207, 220, 221, 222, 223, 141, 137, 142, 197, 240, 241, 242, 243, 244, 245, 196, 90, 91, 78, 260, 261, 262, 263, 268, 269, 258, 274, 275, 259, 97, 96, 79, 266, 285, 282, 280, 284, 288, 289, 292, 293, 287, 281, 302, 303, 304, 305, 306, 312, 313, 307, 308, 309, 318, 319, 267, 283, 286, 326, 327, 328, 329, 330, 331, 334, 335, 336, 337, 340, 341, 300, 301, 339, 348, 349, 338, 172, 173, 352, 192, 193, 353, 344, 362, 363, 190, 145, 345, 144, 191, 295, 294, 265, 264, 382, 383, 384, 385, 332, 333, 325, 324, 160, 180, 181, 161, 350, 351, 343, 342, 188, 135, 397, 213, 410, 412, 413, 411, 212, 311, 299, 230, 291, 231, 290, 255, 254, 310, 130, 131, 428, 429, 440, 441, 433, 446, 447, 434, 435, 432, 403, 418, 419, 298, 189, 388, 470, 471, 402, 389, 396, 390, 391, 134, 165, 164, 486, 487, 490, 491, 492, 493, 498, 499, 500, 501, 387, 472, 473, 271, 270, 514, 515, 518]
  列生成求解结果: 目标值=8.0000， 下界=7.0000， 上界=11.0000
    非整数变量: COL_13-2-20-25-27_1000 = 0.500000
  解不是整数，开始分支...
ImposedVertex(vertex=27)
ForbidVertex(vertex=27)
  创建了 2 个分支
    添加分支节点 1: ID=520
    添加分支节点 2: ID=521

处理节点 519
  开始列生成求解...
Set parameter LogToConsole to value 0
Set parameter Threads to value 1
Set parameter Seed to value 0
  定价策略: Exact, node=519, vertices=14
Set parameter PoolSearchMode to value 2
Set parameter PoolSolutions to value 10
[CG 1] RMP=9.000000, pricing=ExactPricingSolver, new_columns=0
  搜索路径: [1, 2, 4, 5, 3, 8, 11, 14, 15, 16, 17, 19, 23, 24, 25, 27, 26, 30, 36, 37, 21, 22, 18, 33, 20, 31, 32, 53, 52, 54, 55, 57, 56, 10, 66, 67, 70, 71, 74, 75, 9, 80, 81, 84, 86, 87, 85, 92, 93, 43, 42, 12, 102, 103, 13, 108, 109, 49, 48, 114, 115, 116, 122, 123, 117, 118, 119, 62, 63, 106, 107, 99, 61, 60, 41, 98, 40, 138, 147, 148, 149, 139, 146, 162, 163, 166, 167, 168, 169, 170, 171, 143, 140, 112, 113, 184, 185, 150, 182, 183, 156, 157, 194, 195, 151, 202, 203, 204, 205, 208, 209, 214, 215, 136, 206, 207, 220, 221, 222, 223, 141, 137, 142, 197, 240, 241, 242, 243, 244, 245, 196, 90, 91, 78, 260, 261, 262, 263, 268, 269, 258, 274, 275, 259, 97, 96, 79, 266, 285, 282, 280, 284, 288, 289, 292, 293, 287, 281, 302, 303, 304, 305, 306, 312, 313, 307, 308, 309, 318, 319, 267, 283, 286, 326, 327, 328, 329, 330, 331, 334, 335, 336, 337, 340, 341, 300, 301, 339, 348, 349, 338, 172, 173, 352, 192, 193, 353, 344, 362, 363, 190, 145, 345, 144, 191, 295, 294, 265, 264, 382, 383, 384, 385, 332, 333, 325, 324, 160, 180, 181, 161, 350, 351, 343, 342, 188, 135, 397, 213, 410, 412, 413, 411, 212, 311, 299, 230, 291, 231, 290, 255, 254, 310, 130, 131, 428, 429, 440, 441, 433, 446, 447, 434, 435, 432, 403, 418, 419, 298, 189, 388, 470, 471, 402, 389, 396, 390, 391, 134, 165, 164, 486, 487, 490, 491, 492, 493, 498, 499, 500, 501, 387, 472, 473, 271, 270, 514, 515, 518, 519]
  列生成求解结果: 目标值=9.0000， 下界=7.0000， 上界=11.0000
    非整数变量: COL_2-25-4_1019 = 0.250000
  解不是整数，开始分支...
ImposedVertex(vertex=27)
ForbidVertex(vertex=27)
  创建了 2 个分支
    添加分支节点 1: ID=522
    添加分支节点 2: ID=523
  进度: 已处理 290 个节点, 剩余 199 个, 当前最优 11.0000, 当前列数: 2088

处理节点 516
  开始列生成求解...
Set parameter LogToConsole to value 0
Set parameter Threads to value 1
Set parameter Seed to value 0
  定价策略: Exact, node=516, vertices=14
Set parameter PoolSearchMode to value 2
Set parameter PoolSolutions to value 10
[CG 1] RMP=8.000000, pricing=ExactPricingSolver, new_columns=0
  搜索路径: [1, 2, 4, 5, 3, 8, 11, 14, 15, 16, 17, 19, 23, 24, 25, 27, 26, 30, 36, 37, 21, 22, 18, 33, 20, 31, 32, 53, 52, 54, 55, 57, 56, 10, 66, 67, 70, 71, 74, 75, 9, 80, 81, 84, 86, 87, 85, 92, 93, 43, 42, 12, 102, 103, 13, 108, 109, 49, 48, 114, 115, 116, 122, 123, 117, 118, 119, 62, 63, 106, 107, 99, 61, 60, 41, 98, 40, 138, 147, 148, 149, 139, 146, 162, 163, 166, 167, 168, 169, 170, 171, 143, 140, 112, 113, 184, 185, 150, 182, 183, 156, 157, 194, 195, 151, 202, 203, 204, 205, 208, 209, 214, 215, 136, 206, 207, 220, 221, 222, 223, 141, 137, 142, 197, 240, 241, 242, 243, 244, 245, 196, 90, 91, 78, 260, 261, 262, 263, 268, 269, 258, 274, 275, 259, 97, 96, 79, 266, 285, 282, 280, 284, 288, 289, 292, 293, 287, 281, 302, 303, 304, 305, 306, 312, 313, 307, 308, 309, 318, 319, 267, 283, 286, 326, 327, 328, 329, 330, 331, 334, 335, 336, 337, 340, 341, 300, 301, 339, 348, 349, 338, 172, 173, 352, 192, 193, 353, 344, 362, 363, 190, 145, 345, 144, 191, 295, 294, 265, 264, 382, 383, 384, 385, 332, 333, 325, 324, 160, 180, 181, 161, 350, 351, 343, 342, 188, 135, 397, 213, 410, 412, 413, 411, 212, 311, 299, 230, 291, 231, 290, 255, 254, 310, 130, 131, 428, 429, 440, 441, 433, 446, 447, 434, 435, 432, 403, 418, 419, 298, 189, 388, 470, 471, 402, 389, 396, 390, 391, 134, 165, 164, 486, 487, 490, 491, 492, 493, 498, 499, 500, 501, 387, 472, 473, 271, 270, 514, 515, 518, 519, 516]
  列生成求解结果: 目标值=8.0000， 下界=7.0000， 上界=11.0000
    非整数变量: COL_15-18-2-20-4-7-9_363 = 0.500000
  解不是整数，开始分支...
ImposedVertex(vertex=28)
ForbidVertex(vertex=28)
  创建了 2 个分支
    添加分支节点 1: ID=524
    添加分支节点 2: ID=525

处理节点 517
  开始列生成求解...
Set parameter LogToConsole to value 0
Set parameter Threads to value 1
Set parameter Seed to value 0
  定价策略: Exact, node=517, vertices=14
Set parameter PoolSearchMode to value 2
Set parameter PoolSolutions to value 10
[CG 1] RMP=12.000000, pricing=ExactPricingSolver, new_columns=10
[CG 2] RMP=9.000000, pricing=ExactPricingSolver, new_columns=0
  搜索路径: [1, 2, 4, 5, 3, 8, 11, 14, 15, 16, 17, 19, 23, 24, 25, 27, 26, 30, 36, 37, 21, 22, 18, 33, 20, 31, 32, 53, 52, 54, 55, 57, 56, 10, 66, 67, 70, 71, 74, 75, 9, 80, 81, 84, 86, 87, 85, 92, 93, 43, 42, 12, 102, 103, 13, 108, 109, 49, 48, 114, 115, 116, 122, 123, 117, 118, 119, 62, 63, 106, 107, 99, 61, 60, 41, 98, 40, 138, 147, 148, 149, 139, 146, 162, 163, 166, 167, 168, 169, 170, 171, 143, 140, 112, 113, 184, 185, 150, 182, 183, 156, 157, 194, 195, 151, 202, 203, 204, 205, 208, 209, 214, 215, 136, 206, 207, 220, 221, 222, 223, 141, 137, 142, 197, 240, 241, 242, 243, 244, 245, 196, 90, 91, 78, 260, 261, 262, 263, 268, 269, 258, 274, 275, 259, 97, 96, 79, 266, 285, 282, 280, 284, 288, 289, 292, 293, 287, 281, 302, 303, 304, 305, 306, 312, 313, 307, 308, 309, 318, 319, 267, 283, 286, 326, 327, 328, 329, 330, 331, 334, 335, 336, 337, 340, 341, 300, 301, 339, 348, 349, 338, 172, 173, 352, 192, 193, 353, 344, 362, 363, 190, 145, 345, 144, 191, 295, 294, 265, 264, 382, 383, 384, 385, 332, 333, 325, 324, 160, 180, 181, 161, 350, 351, 343, 342, 188, 135, 397, 213, 410, 412, 413, 411, 212, 311, 299, 230, 291, 231, 290, 255, 254, 310, 130, 131, 428, 429, 440, 441, 433, 446, 447, 434, 435, 432, 403, 418, 419, 298, 189, 388, 470, 471, 402, 389, 396, 390, 391, 134, 165, 164, 486, 487, 490, 491, 492, 493, 498, 499, 500, 501, 387, 472, 473, 271, 270, 514, 515, 518, 519, 516, 517]
  列生成求解结果: 目标值=9.0000， 下界=7.0000， 上界=11.0000
    非整数变量: COL_15-18-2-21-4-7-9_364 = 0.250000
  解不是整数，开始分支...
ImposedVertex(vertex=28)
ForbidVertex(vertex=28)
  创建了 2 个分支
    添加分支节点 1: ID=526
    添加分支节点 2: ID=527

处理节点 386
  开始列生成求解...
Set parameter LogToConsole to value 0
Set parameter Threads to value 1
Set parameter Seed to value 0
  定价策略: Exact, node=386, vertices=16
Set parameter PoolSearchMode to value 2
Set parameter PoolSolutions to value 10
[CG 1] RMP=1014.000000, pricing=ExactPricingSolver, new_columns=10
[CG 2] RMP=12.000000, pricing=ExactPricingSolver, new_columns=10
[CG 3] RMP=11.000000, pricing=ExactPricingSolver, new_columns=0
  搜索路径: [1, 2, 4, 5, 3, 8, 11, 14, 15, 16, 17, 19, 23, 24, 25, 27, 26, 30, 36, 37, 21, 22, 18, 33, 20, 31, 32, 53, 52, 54, 55, 57, 56, 10, 66, 67, 70, 71, 74, 75, 9, 80, 81, 84, 86, 87, 85, 92, 93, 43, 42, 12, 102, 103, 13, 108, 109, 49, 48, 114, 115, 116, 122, 123, 117, 118, 119, 62, 63, 106, 107, 99, 61, 60, 41, 98, 40, 138, 147, 148, 149, 139, 146, 162, 163, 166, 167, 168, 169, 170, 171, 143, 140, 112, 113, 184, 185, 150, 182, 183, 156, 157, 194, 195, 151, 202, 203, 204, 205, 208, 209, 214, 215, 136, 206, 207, 220, 221, 222, 223, 141, 137, 142, 197, 240, 241, 242, 243, 244, 245, 196, 90, 91, 78, 260, 261, 262, 263, 268, 269, 258, 274, 275, 259, 97, 96, 79, 266, 285, 282, 280, 284, 288, 289, 292, 293, 287, 281, 302, 303, 304, 305, 306, 312, 313, 307, 308, 309, 318, 319, 267, 283, 286, 326, 327, 328, 329, 330, 331, 334, 335, 336, 337, 340, 341, 300, 301, 339, 348, 349, 338, 172, 173, 352, 192, 193, 353, 344, 362, 363, 190, 145, 345, 144, 191, 295, 294, 265, 264, 382, 383, 384, 385, 332, 333, 325, 324, 160, 180, 181, 161, 350, 351, 343, 342, 188, 135, 397, 213, 410, 412, 413, 411, 212, 311, 299, 230, 291, 231, 290, 255, 254, 310, 130, 131, 428, 429, 440, 441, 433, 446, 447, 434, 435, 432, 403, 418, 419, 298, 189, 388, 470, 471, 402, 389, 396, 390, 391, 134, 165, 164, 486, 487, 490, 491, 492, 493, 498, 499, 500, 501, 387, 472, 473, 271, 270, 514, 515, 518, 519, 516, 517, 386]
  列生成求解结果: 目标值=11.0000， 下界=7.0000， 上界=11.0000

处理节点 502
  开始列生成求解...
Set parameter LogToConsole to value 0
Set parameter Threads to value 1
Set parameter Seed to value 0
  定价策略: Exact, node=502, vertices=14
Set parameter PoolSearchMode to value 2
Set parameter PoolSolutions to value 10
[CG 1] RMP=12.705882, pricing=ExactPricingSolver, new_columns=10
[CG 2] RMP=10.000000, pricing=ExactPricingSolver, new_columns=0
  搜索路径: [1, 2, 4, 5, 3, 8, 11, 14, 15, 16, 17, 19, 23, 24, 25, 27, 26, 30, 36, 37, 21, 22, 18, 33, 20, 31, 32, 53, 52, 54, 55, 57, 56, 10, 66, 67, 70, 71, 74, 75, 9, 80, 81, 84, 86, 87, 85, 92, 93, 43, 42, 12, 102, 103, 13, 108, 109, 49, 48, 114, 115, 116, 122, 123, 117, 118, 119, 62, 63, 106, 107, 99, 61, 60, 41, 98, 40, 138, 147, 148, 149, 139, 146, 162, 163, 166, 167, 168, 169, 170, 171, 143, 140, 112, 113, 184, 185, 150, 182, 183, 156, 157, 194, 195, 151, 202, 203, 204, 205, 208, 209, 214, 215, 136, 206, 207, 220, 221, 222, 223, 141, 137, 142, 197, 240, 241, 242, 243, 244, 245, 196, 90, 91, 78, 260, 261, 262, 263, 268, 269, 258, 274, 275, 259, 97, 96, 79, 266, 285, 282, 280, 284, 288, 289, 292, 293, 287, 281, 302, 303, 304, 305, 306, 312, 313, 307, 308, 309, 318, 319, 267, 283, 286, 326, 327, 328, 329, 330, 331, 334, 335, 336, 337, 340, 341, 300, 301, 339, 348, 349, 338, 172, 173, 352, 192, 193, 353, 344, 362, 363, 190, 145, 345, 144, 191, 295, 294, 265, 264, 382, 383, 384, 385, 332, 333, 325, 324, 160, 180, 181, 161, 350, 351, 343, 342, 188, 135, 397, 213, 410, 412, 413, 411, 212, 311, 299, 230, 291, 231, 290, 255, 254, 310, 130, 131, 428, 429, 440, 441, 433, 446, 447, 434, 435, 432, 403, 418, 419, 298, 189, 388, 470, 471, 402, 389, 396, 390, 391, 134, 165, 164, 486, 487, 490, 491, 492, 493, 498, 499, 500, 501, 387, 472, 473, 271, 270, 514, 515, 518, 519, 516, 517, 386, 502]
  列生成求解结果: 目标值=10.0000， 下界=7.0000， 上界=11.0000
    非整数变量: COL_1-18-20-26_49 = 0.428571
  解不是整数，开始分支...
ImposedVertex(vertex=4)
ForbidVertex(vertex=4)
  创建了 2 个分支
    添加分支节点 1: ID=528
    添加分支节点 2: ID=529

处理节点 503
  开始列生成求解...
Set parameter LogToConsole to value 0
Set parameter Threads to value 1
Set parameter Seed to value 0
  定价策略: Exact, node=503, vertices=14
Set parameter PoolSearchMode to value 2
Set parameter PoolSolutions to value 10
[CG 1] RMP=12.000000, pricing=ExactPricingSolver, new_columns=0
  搜索路径: [1, 2, 4, 5, 3, 8, 11, 14, 15, 16, 17, 19, 23, 24, 25, 27, 26, 30, 36, 37, 21, 22, 18, 33, 20, 31, 32, 53, 52, 54, 55, 57, 56, 10, 66, 67, 70, 71, 74, 75, 9, 80, 81, 84, 86, 87, 85, 92, 93, 43, 42, 12, 102, 103, 13, 108, 109, 49, 48, 114, 115, 116, 122, 123, 117, 118, 119, 62, 63, 106, 107, 99, 61, 60, 41, 98, 40, 138, 147, 148, 149, 139, 146, 162, 163, 166, 167, 168, 169, 170, 171, 143, 140, 112, 113, 184, 185, 150, 182, 183, 156, 157, 194, 195, 151, 202, 203, 204, 205, 208, 209, 214, 215, 136, 206, 207, 220, 221, 222, 223, 141, 137, 142, 197, 240, 241, 242, 243, 244, 245, 196, 90, 91, 78, 260, 261, 262, 263, 268, 269, 258, 274, 275, 259, 97, 96, 79, 266, 285, 282, 280, 284, 288, 289, 292, 293, 287, 281, 302, 303, 304, 305, 306, 312, 313, 307, 308, 309, 318, 319, 267, 283, 286, 326, 327, 328, 329, 330, 331, 334, 335, 336, 337, 340, 341, 300, 301, 339, 348, 349, 338, 172, 173, 352, 192, 193, 353, 344, 362, 363, 190, 145, 345, 144, 191, 295, 294, 265, 264, 382, 383, 384, 385, 332, 333, 325, 324, 160, 180, 181, 161, 350, 351, 343, 342, 188, 135, 397, 213, 410, 412, 413, 411, 212, 311, 299, 230, 291, 231, 290, 255, 254, 310, 130, 131, 428, 429, 440, 441, 433, 446, 447, 434, 435, 432, 403, 418, 419, 298, 189, 388, 470, 471, 402, 389, 396, 390, 391, 134, 165, 164, 486, 487, 490, 491, 492, 493, 498, 499, 500, 501, 387, 472, 473, 271, 270, 514, 515, 518, 519, 516, 517, 386, 502, 503]
  列生成求解结果: 目标值=12.0000， 下界=8.0000， 上界=11.0000

处理节点 219
  开始列生成求解...
Set parameter LogToConsole to value 0
Set parameter Threads to value 1
Set parameter Seed to value 0
  定价策略: Exact, node=219, vertices=13
Set parameter PoolSearchMode to value 2
Set parameter PoolSolutions to value 10
[CG 1] RMP=12.000000, pricing=ExactPricingSolver, new_columns=0
  搜索路径: [1, 2, 4, 5, 3, 8, 11, 14, 15, 16, 17, 19, 23, 24, 25, 27, 26, 30, 36, 37, 21, 22, 18, 33, 20, 31, 32, 53, 52, 54, 55, 57, 56, 10, 66, 67, 70, 71, 74, 75, 9, 80, 81, 84, 86, 87, 85, 92, 93, 43, 42, 12, 102, 103, 13, 108, 109, 49, 48, 114, 115, 116, 122, 123, 117, 118, 119, 62, 63, 106, 107, 99, 61, 60, 41, 98, 40, 138, 147, 148, 149, 139, 146, 162, 163, 166, 167, 168, 169, 170, 171, 143, 140, 112, 113, 184, 185, 150, 182, 183, 156, 157, 194, 195, 151, 202, 203, 204, 205, 208, 209, 214, 215, 136, 206, 207, 220, 221, 222, 223, 141, 137, 142, 197, 240, 241, 242, 243, 244, 245, 196, 90, 91, 78, 260, 261, 262, 263, 268, 269, 258, 274, 275, 259, 97, 96, 79, 266, 285, 282, 280, 284, 288, 289, 292, 293, 287, 281, 302, 303, 304, 305, 306, 312, 313, 307, 308, 309, 318, 319, 267, 283, 286, 326, 327, 328, 329, 330, 331, 334, 335, 336, 337, 340, 341, 300, 301, 339, 348, 349, 338, 172, 173, 352, 192, 193, 353, 344, 362, 363, 190, 145, 345, 144, 191, 295, 294, 265, 264, 382, 383, 384, 385, 332, 333, 325, 324, 160, 180, 181, 161, 350, 351, 343, 342, 188, 135, 397, 213, 410, 412, 413, 411, 212, 311, 299, 230, 291, 231, 290, 255, 254, 310, 130, 131, 428, 429, 440, 441, 433, 446, 447, 434, 435, 432, 403, 418, 419, 298, 189, 388, 470, 471, 402, 389, 396, 390, 391, 134, 165, 164, 486, 487, 490, 491, 492, 493, 498, 499, 500, 501, 387, 472, 473, 271, 270, 514, 515, 518, 519, 516, 517, 386, 502, 503, 219]
  列生成求解结果: 目标值=12.0000， 下界=8.0000， 上界=11.0000

处理节点 218
  开始列生成求解...
Set parameter LogToConsole to value 0
Set parameter Threads to value 1
Set parameter Seed to value 0
  定价策略: Exact, node=218, vertices=13
Set parameter PoolSearchMode to value 2
Set parameter PoolSolutions to value 10
[CG 1] RMP=8.000000, pricing=ExactPricingSolver, new_columns=0
  搜索路径: [1, 2, 4, 5, 3, 8, 11, 14, 15, 16, 17, 19, 23, 24, 25, 27, 26, 30, 36, 37, 21, 22, 18, 33, 20, 31, 32, 53, 52, 54, 55, 57, 56, 10, 66, 67, 70, 71, 74, 75, 9, 80, 81, 84, 86, 87, 85, 92, 93, 43, 42, 12, 102, 103, 13, 108, 109, 49, 48, 114, 115, 116, 122, 123, 117, 118, 119, 62, 63, 106, 107, 99, 61, 60, 41, 98, 40, 138, 147, 148, 149, 139, 146, 162, 163, 166, 167, 168, 169, 170, 171, 143, 140, 112, 113, 184, 185, 150, 182, 183, 156, 157, 194, 195, 151, 202, 203, 204, 205, 208, 209, 214, 215, 136, 206, 207, 220, 221, 222, 223, 141, 137, 142, 197, 240, 241, 242, 243, 244, 245, 196, 90, 91, 78, 260, 261, 262, 263, 268, 269, 258, 274, 275, 259, 97, 96, 79, 266, 285, 282, 280, 284, 288, 289, 292, 293, 287, 281, 302, 303, 304, 305, 306, 312, 313, 307, 308, 309, 318, 319, 267, 283, 286, 326, 327, 328, 329, 330, 331, 334, 335, 336, 337, 340, 341, 300, 301, 339, 348, 349, 338, 172, 173, 352, 192, 193, 353, 344, 362, 363, 190, 145, 345, 144, 191, 295, 294, 265, 264, 382, 383, 384, 385, 332, 333, 325, 324, 160, 180, 181, 161, 350, 351, 343, 342, 188, 135, 397, 213, 410, 412, 413, 411, 212, 311, 299, 230, 291, 231, 290, 255, 254, 310, 130, 131, 428, 429, 440, 441, 433, 446, 447, 434, 435, 432, 403, 418, 419, 298, 189, 388, 470, 471, 402, 389, 396, 390, 391, 134, 165, 164, 486, 487, 490, 491, 492, 493, 498, 499, 500, 501, 387, 472, 473, 271, 270, 514, 515, 518, 519, 516, 517, 386, 502, 503, 219, 218]
  列生成求解结果: 目标值=8.0000， 下界=8.0000， 上界=11.0000
    非整数变量: COL_17-19-4-7_221 = 0.500000
  解不是整数，开始分支...
ImposedVertex(vertex=26)
ForbidVertex(vertex=26)
  创建了 2 个分支
    添加分支节点 1: ID=530
    添加分支节点 2: ID=531

处理节点 322
  开始列生成求解...
Set parameter LogToConsole to value 0
Set parameter Threads to value 1
Set parameter Seed to value 0
  定价策略: Exact, node=322, vertices=15
Set parameter PoolSearchMode to value 2
Set parameter PoolSolutions to value 10
[CG 1] RMP=12.000000, pricing=ExactPricingSolver, new_columns=10
[CG 2] RMP=9.000000, pricing=ExactPricingSolver, new_columns=10
[CG 3] RMP=9.000000, pricing=ExactPricingSolver, new_columns=0
  搜索路径: [1, 2, 4, 5, 3, 8, 11, 14, 15, 16, 17, 19, 23, 24, 25, 27, 26, 30, 36, 37, 21, 22, 18, 33, 20, 31, 32, 53, 52, 54, 55, 57, 56, 10, 66, 67, 70, 71, 74, 75, 9, 80, 81, 84, 86, 87, 85, 92, 93, 43, 42, 12, 102, 103, 13, 108, 109, 49, 48, 114, 115, 116, 122, 123, 117, 118, 119, 62, 63, 106, 107, 99, 61, 60, 41, 98, 40, 138, 147, 148, 149, 139, 146, 162, 163, 166, 167, 168, 169, 170, 171, 143, 140, 112, 113, 184, 185, 150, 182, 183, 156, 157, 194, 195, 151, 202, 203, 204, 205, 208, 209, 214, 215, 136, 206, 207, 220, 221, 222, 223, 141, 137, 142, 197, 240, 241, 242, 243, 244, 245, 196, 90, 91, 78, 260, 261, 262, 263, 268, 269, 258, 274, 275, 259, 97, 96, 79, 266, 285, 282, 280, 284, 288, 289, 292, 293, 287, 281, 302, 303, 304, 305, 306, 312, 313, 307, 308, 309, 318, 319, 267, 283, 286, 326, 327, 328, 329, 330, 331, 334, 335, 336, 337, 340, 341, 300, 301, 339, 348, 349, 338, 172, 173, 352, 192, 193, 353, 344, 362, 363, 190, 145, 345, 144, 191, 295, 294, 265, 264, 382, 383, 384, 385, 332, 333, 325, 324, 160, 180, 181, 161, 350, 351, 343, 342, 188, 135, 397, 213, 410, 412, 413, 411, 212, 311, 299, 230, 291, 231, 290, 255, 254, 310, 130, 131, 428, 429, 440, 441, 433, 446, 447, 434, 435, 432, 403, 418, 419, 298, 189, 388, 470, 471, 402, 389, 396, 390, 391, 134, 165, 164, 486, 487, 490, 491, 492, 493, 498, 499, 500, 501, 387, 472, 473, 271, 270, 514, 515, 518, 519, 516, 517, 386, 502, 503, 219, 218, 322]
  列生成求解结果: 目标值=9.0000， 下界=8.0000， 上界=11.0000
    非整数变量: COL_2-28-4-7-9_384 = 0.750000
  解不是整数，开始分支...
ImposedVertex(vertex=28)
ForbidVertex(vertex=28)
  创建了 2 个分支
    添加分支节点 1: ID=532
    添加分支节点 2: ID=533

处理节点 316
  开始列生成求解...
Set parameter LogToConsole to value 0
Set parameter Threads to value 1
Set parameter Seed to value 0
  定价策略: Exact, node=316, vertices=17
Set parameter PoolSearchMode to value 2
Set parameter PoolSolutions to value 10
[CG 1] RMP=8.000000, pricing=ExactPricingSolver, new_columns=0
  搜索路径: [1, 2, 4, 5, 3, 8, 11, 14, 15, 16, 17, 19, 23, 24, 25, 27, 26, 30, 36, 37, 21, 22, 18, 33, 20, 31, 32, 53, 52, 54, 55, 57, 56, 10, 66, 67, 70, 71, 74, 75, 9, 80, 81, 84, 86, 87, 85, 92, 93, 43, 42, 12, 102, 103, 13, 108, 109, 49, 48, 114, 115, 116, 122, 123, 117, 118, 119, 62, 63, 106, 107, 99, 61, 60, 41, 98, 40, 138, 147, 148, 149, 139, 146, 162, 163, 166, 167, 168, 169, 170, 171, 143, 140, 112, 113, 184, 185, 150, 182, 183, 156, 157, 194, 195, 151, 202, 203, 204, 205, 208, 209, 214, 215, 136, 206, 207, 220, 221, 222, 223, 141, 137, 142, 197, 240, 241, 242, 243, 244, 245, 196, 90, 91, 78, 260, 261, 262, 263, 268, 269, 258, 274, 275, 259, 97, 96, 79, 266, 285, 282, 280, 284, 288, 289, 292, 293, 287, 281, 302, 303, 304, 305, 306, 312, 313, 307, 308, 309, 318, 319, 267, 283, 286, 326, 327, 328, 329, 330, 331, 334, 335, 336, 337, 340, 341, 300, 301, 339, 348, 349, 338, 172, 173, 352, 192, 193, 353, 344, 362, 363, 190, 145, 345, 144, 191, 295, 294, 265, 264, 382, 383, 384, 385, 332, 333, 325, 324, 160, 180, 181, 161, 350, 351, 343, 342, 188, 135, 397, 213, 410, 412, 413, 411, 212, 311, 299, 230, 291, 231, 290, 255, 254, 310, 130, 131, 428, 429, 440, 441, 433, 446, 447, 434, 435, 432, 403, 418, 419, 298, 189, 388, 470, 471, 402, 389, 396, 390, 391, 134, 165, 164, 486, 487, 490, 491, 492, 493, 498, 499, 500, 501, 387, 472, 473, 271, 270, 514, 515, 518, 519, 516, 517, 386, 502, 503, 219, 218, 322, 316]
  列生成求解结果: 目标值=8.0000， 下界=8.0000， 上界=11.0000
    非整数变量: COL_15-18-2-20-22-4-7-9_365 = 0.727273
  解不是整数，开始分支...
ImposedVertex(vertex=4)
ForbidVertex(vertex=4)
  创建了 2 个分支
    添加分支节点 1: ID=534
    添加分支节点 2: ID=535

处理节点 409
  开始列生成求解...
Set parameter LogToConsole to value 0
Set parameter Threads to value 1
Set parameter Seed to value 0
  定价策略: Exact, node=409, vertices=11
Set parameter PoolSearchMode to value 2
Set parameter PoolSolutions to value 10
[CG 1] RMP=11.000000, pricing=ExactPricingSolver, new_columns=0
  搜索路径: [1, 2, 4, 5, 3, 8, 11, 14, 15, 16, 17, 19, 23, 24, 25, 27, 26, 30, 36, 37, 21, 22, 18, 33, 20, 31, 32, 53, 52, 54, 55, 57, 56, 10, 66, 67, 70, 71, 74, 75, 9, 80, 81, 84, 86, 87, 85, 92, 93, 43, 42, 12, 102, 103, 13, 108, 109, 49, 48, 114, 115, 116, 122, 123, 117, 118, 119, 62, 63, 106, 107, 99, 61, 60, 41, 98, 40, 138, 147, 148, 149, 139, 146, 162, 163, 166, 167, 168, 169, 170, 171, 143, 140, 112, 113, 184, 185, 150, 182, 183, 156, 157, 194, 195, 151, 202, 203, 204, 205, 208, 209, 214, 215, 136, 206, 207, 220, 221, 222, 223, 141, 137, 142, 197, 240, 241, 242, 243, 244, 245, 196, 90, 91, 78, 260, 261, 262, 263, 268, 269, 258, 274, 275, 259, 97, 96, 79, 266, 285, 282, 280, 284, 288, 289, 292, 293, 287, 281, 302, 303, 304, 305, 306, 312, 313, 307, 308, 309, 318, 319, 267, 283, 286, 326, 327, 328, 329, 330, 331, 334, 335, 336, 337, 340, 341, 300, 301, 339, 348, 349, 338, 172, 173, 352, 192, 193, 353, 344, 362, 363, 190, 145, 345, 144, 191, 295, 294, 265, 264, 382, 383, 384, 385, 332, 333, 325, 324, 160, 180, 181, 161, 350, 351, 343, 342, 188, 135, 397, 213, 410, 412, 413, 411, 212, 311, 299, 230, 291, 231, 290, 255, 254, 310, 130, 131, 428, 429, 440, 441, 433, 446, 447, 434, 435, 432, 403, 418, 419, 298, 189, 388, 470, 471, 402, 389, 396, 390, 391, 134, 165, 164, 486, 487, 490, 491, 492, 493, 498, 499, 500, 501, 387, 472, 473, 271, 270, 514, 515, 518, 519, 516, 517, 386, 502, 503, 219, 218, 322, 316, 409]
  列生成求解结果: 目标值=11.0000， 下界=8.0000， 上界=11.0000

处理节点 524
  开始列生成求解...
Set parameter LogToConsole to value 0
Set parameter Threads to value 1
Set parameter Seed to value 0
  定价策略: Exact, node=524, vertices=13
Set parameter PoolSearchMode to value 2
Set parameter PoolSolutions to value 10
[CG 1] RMP=14.000000, pricing=ExactPricingSolver, new_columns=10
[CG 2] RMP=12.000000, pricing=ExactPricingSolver, new_columns=0
  搜索路径: [1, 2, 4, 5, 3, 8, 11, 14, 15, 16, 17, 19, 23, 24, 25, 27, 26, 30, 36, 37, 21, 22, 18, 33, 20, 31, 32, 53, 52, 54, 55, 57, 56, 10, 66, 67, 70, 71, 74, 75, 9, 80, 81, 84, 86, 87, 85, 92, 93, 43, 42, 12, 102, 103, 13, 108, 109, 49, 48, 114, 115, 116, 122, 123, 117, 118, 119, 62, 63, 106, 107, 99, 61, 60, 41, 98, 40, 138, 147, 148, 149, 139, 146, 162, 163, 166, 167, 168, 169, 170, 171, 143, 140, 112, 113, 184, 185, 150, 182, 183, 156, 157, 194, 195, 151, 202, 203, 204, 205, 208, 209, 214, 215, 136, 206, 207, 220, 221, 222, 223, 141, 137, 142, 197, 240, 241, 242, 243, 244, 245, 196, 90, 91, 78, 260, 261, 262, 263, 268, 269, 258, 274, 275, 259, 97, 96, 79, 266, 285, 282, 280, 284, 288, 289, 292, 293, 287, 281, 302, 303, 304, 305, 306, 312, 313, 307, 308, 309, 318, 319, 267, 283, 286, 326, 327, 328, 329, 330, 331, 334, 335, 336, 337, 340, 341, 300, 301, 339, 348, 349, 338, 172, 173, 352, 192, 193, 353, 344, 362, 363, 190, 145, 345, 144, 191, 295, 294, 265, 264, 382, 383, 384, 385, 332, 333, 325, 324, 160, 180, 181, 161, 350, 351, 343, 342, 188, 135, 397, 213, 410, 412, 413, 411, 212, 311, 299, 230, 291, 231, 290, 255, 254, 310, 130, 131, 428, 429, 440, 441, 433, 446, 447, 434, 435, 432, 403, 418, 419, 298, 189, 388, 470, 471, 402, 389, 396, 390, 391, 134, 165, 164, 486, 487, 490, 491, 492, 493, 498, 499, 500, 501, 387, 472, 473, 271, 270, 514, 515, 518, 519, 516, 517, 386, 502, 503, 219, 218, 322, 316, 409, 524]
  列生成求解结果: 目标值=12.0000， 下界=8.0000， 上界=11.0000

处理节点 279
  开始列生成求解...
Set parameter LogToConsole to value 0
Set parameter Threads to value 1
Set parameter Seed to value 0
  定价策略: Exact, node=279, vertices=15
Set parameter PoolSearchMode to value 2
Set parameter PoolSolutions to value 10
[CG 1] RMP=11.000000, pricing=ExactPricingSolver, new_columns=10
[CG 2] RMP=11.000000, pricing=ExactPricingSolver, new_columns=10
[CG 3] RMP=9.000000, pricing=ExactPricingSolver, new_columns=10
[CG 4] RMP=9.000000, pricing=ExactPricingSolver, new_columns=0
  搜索路径: [1, 2, 4, 5, 3, 8, 11, 14, 15, 16, 17, 19, 23, 24, 25, 27, 26, 30, 36, 37, 21, 22, 18, 33, 20, 31, 32, 53, 52, 54, 55, 57, 56, 10, 66, 67, 70, 71, 74, 75, 9, 80, 81, 84, 86, 87, 85, 92, 93, 43, 42, 12, 102, 103, 13, 108, 109, 49, 48, 114, 115, 116, 122, 123, 117, 118, 119, 62, 63, 106, 107, 99, 61, 60, 41, 98, 40, 138, 147, 148, 149, 139, 146, 162, 163, 166, 167, 168, 169, 170, 171, 143, 140, 112, 113, 184, 185, 150, 182, 183, 156, 157, 194, 195, 151, 202, 203, 204, 205, 208, 209, 214, 215, 136, 206, 207, 220, 221, 222, 223, 141, 137, 142, 197, 240, 241, 242, 243, 244, 245, 196, 90, 91, 78, 260, 261, 262, 263, 268, 269, 258, 274, 275, 259, 97, 96, 79, 266, 285, 282, 280, 284, 288, 289, 292, 293, 287, 281, 302, 303, 304, 305, 306, 312, 313, 307, 308, 309, 318, 319, 267, 283, 286, 326, 327, 328, 329, 330, 331, 334, 335, 336, 337, 340, 341, 300, 301, 339, 348, 349, 338, 172, 173, 352, 192, 193, 353, 344, 362, 363, 190, 145, 345, 144, 191, 295, 294, 265, 264, 382, 383, 384, 385, 332, 333, 325, 324, 160, 180, 181, 161, 350, 351, 343, 342, 188, 135, 397, 213, 410, 412, 413, 411, 212, 311, 299, 230, 291, 231, 290, 255, 254, 310, 130, 131, 428, 429, 440, 441, 433, 446, 447, 434, 435, 432, 403, 418, 419, 298, 189, 388, 470, 471, 402, 389, 396, 390, 391, 134, 165, 164, 486, 487, 490, 491, 492, 493, 498, 499, 500, 501, 387, 472, 473, 271, 270, 514, 515, 518, 519, 516, 517, 386, 502, 503, 219, 218, 322, 316, 409, 524, 279]
  列生成求解结果: 目标值=9.0000， 下界=8.0000， 上界=11.0000
    非整数变量: COL_0-13-19-24-27-7_1125 = 0.818182
  解不是整数，开始分支...
ImposedVertex(vertex=19)
ForbidVertex(vertex=19)
  创建了 2 个分支
    添加分支节点 1: ID=536
    添加分支节点 2: ID=537

处理节点 423
  开始列生成求解...
Set parameter LogToConsole to value 0
Set parameter Threads to value 1
Set parameter Seed to value 0
  定价策略: Exact, node=423, vertices=16
Set parameter PoolSearchMode to value 2
Set parameter PoolSolutions to value 10
[CG 1] RMP=9.000000, pricing=ExactPricingSolver, new_columns=0
  搜索路径: [1, 2, 4, 5, 3, 8, 11, 14, 15, 16, 17, 19, 23, 24, 25, 27, 26, 30, 36, 37, 21, 22, 18, 33, 20, 31, 32, 53, 52, 54, 55, 57, 56, 10, 66, 67, 70, 71, 74, 75, 9, 80, 81, 84, 86, 87, 85, 92, 93, 43, 42, 12, 102, 103, 13, 108, 109, 49, 48, 114, 115, 116, 122, 123, 117, 118, 119, 62, 63, 106, 107, 99, 61, 60, 41, 98, 40, 138, 147, 148, 149, 139, 146, 162, 163, 166, 167, 168, 169, 170, 171, 143, 140, 112, 113, 184, 185, 150, 182, 183, 156, 157, 194, 195, 151, 202, 203, 204, 205, 208, 209, 214, 215, 136, 206, 207, 220, 221, 222, 223, 141, 137, 142, 197, 240, 241, 242, 243, 244, 245, 196, 90, 91, 78, 260, 261, 262, 263, 268, 269, 258, 274, 275, 259, 97, 96, 79, 266, 285, 282, 280, 284, 288, 289, 292, 293, 287, 281, 302, 303, 304, 305, 306, 312, 313, 307, 308, 309, 318, 319, 267, 283, 286, 326, 327, 328, 329, 330, 331, 334, 335, 336, 337, 340, 341, 300, 301, 339, 348, 349, 338, 172, 173, 352, 192, 193, 353, 344, 362, 363, 190, 145, 345, 144, 191, 295, 294, 265, 264, 382, 383, 384, 385, 332, 333, 325, 324, 160, 180, 181, 161, 350, 351, 343, 342, 188, 135, 397, 213, 410, 412, 413, 411, 212, 311, 299, 230, 291, 231, 290, 255, 254, 310, 130, 131, 428, 429, 440, 441, 433, 446, 447, 434, 435, 432, 403, 418, 419, 298, 189, 388, 470, 471, 402, 389, 396, 390, 391, 134, 165, 164, 486, 487, 490, 491, 492, 493, 498, 499, 500, 501, 387, 472, 473, 271, 270, 514, 515, 518, 519, 516, 517, 386, 502, 503, 219, 218, 322, 316, 409, 524, 279, 423]
  列生成求解结果: 目标值=9.0000， 下界=8.0000， 上界=11.0000
    非整数变量: COL_18-20-27_47 = 0.272727
  解不是整数，开始分支...
ImposedVertex(vertex=27)
ForbidVertex(vertex=27)
  创建了 2 个分支
    添加分支节点 1: ID=538
    添加分支节点 2: ID=539

处理节点 200
  开始列生成求解...
Set parameter LogToConsole to value 0
Set parameter Threads to value 1
Set parameter Seed to value 0
  定价策略: Exact, node=200, vertices=16
Set parameter PoolSearchMode to value 2
Set parameter PoolSolutions to value 10
[CG 1] RMP=11.000000, pricing=ExactPricingSolver, new_columns=10
[CG 2] RMP=10.000000, pricing=ExactPricingSolver, new_columns=0
  搜索路径: [1, 2, 4, 5, 3, 8, 11, 14, 15, 16, 17, 19, 23, 24, 25, 27, 26, 30, 36, 37, 21, 22, 18, 33, 20, 31, 32, 53, 52, 54, 55, 57, 56, 10, 66, 67, 70, 71, 74, 75, 9, 80, 81, 84, 86, 87, 85, 92, 93, 43, 42, 12, 102, 103, 13, 108, 109, 49, 48, 114, 115, 116, 122, 123, 117, 118, 119, 62, 63, 106, 107, 99, 61, 60, 41, 98, 40, 138, 147, 148, 149, 139, 146, 162, 163, 166, 167, 168, 169, 170, 171, 143, 140, 112, 113, 184, 185, 150, 182, 183, 156, 157, 194, 195, 151, 202, 203, 204, 205, 208, 209, 214, 215, 136, 206, 207, 220, 221, 222, 223, 141, 137, 142, 197, 240, 241, 242, 243, 244, 245, 196, 90, 91, 78, 260, 261, 262, 263, 268, 269, 258, 274, 275, 259, 97, 96, 79, 266, 285, 282, 280, 284, 288, 289, 292, 293, 287, 281, 302, 303, 304, 305, 306, 312, 313, 307, 308, 309, 318, 319, 267, 283, 286, 326, 327, 328, 329, 330, 331, 334, 335, 336, 337, 340, 341, 300, 301, 339, 348, 349, 338, 172, 173, 352, 192, 193, 353, 344, 362, 363, 190, 145, 345, 144, 191, 295, 294, 265, 264, 382, 383, 384, 385, 332, 333, 325, 324, 160, 180, 181, 161, 350, 351, 343, 342, 188, 135, 397, 213, 410, 412, 413, 411, 212, 311, 299, 230, 291, 231, 290, 255, 254, 310, 130, 131, 428, 429, 440, 441, 433, 446, 447, 434, 435, 432, 403, 418, 419, 298, 189, 388, 470, 471, 402, 389, 396, 390, 391, 134, 165, 164, 486, 487, 490, 491, 492, 493, 498, 499, 500, 501, 387, 472, 473, 271, 270, 514, 515, 518, 519, 516, 517, 386, 502, 503, 219, 218, 322, 316, 409, 524, 279, 423, 200]
  列生成求解结果: 目标值=10.0000， 下界=8.0000， 上界=11.0000
    非整数变量: COL_10-11-16-18-20-25-4-7_107 = 0.045455
  解不是整数，开始分支...
ImposedVertex(vertex=10)
ForbidVertex(vertex=10)
  创建了 2 个分支
    添加分支节点 1: ID=540
    添加分支节点 2: ID=541

处理节点 201
  开始列生成求解...
Set parameter LogToConsole to value 0
Set parameter Threads to value 1
Set parameter Seed to value 0
  定价策略: Exact, node=201, vertices=16
Set parameter PoolSearchMode to value 2
Set parameter PoolSolutions to value 10
[CG 1] RMP=12.000000, pricing=ExactPricingSolver, new_columns=0
  搜索路径: [1, 2, 4, 5, 3, 8, 11, 14, 15, 16, 17, 19, 23, 24, 25, 27, 26, 30, 36, 37, 21, 22, 18, 33, 20, 31, 32, 53, 52, 54, 55, 57, 56, 10, 66, 67, 70, 71, 74, 75, 9, 80, 81, 84, 86, 87, 85, 92, 93, 43, 42, 12, 102, 103, 13, 108, 109, 49, 48, 114, 115, 116, 122, 123, 117, 118, 119, 62, 63, 106, 107, 99, 61, 60, 41, 98, 40, 138, 147, 148, 149, 139, 146, 162, 163, 166, 167, 168, 169, 170, 171, 143, 140, 112, 113, 184, 185, 150, 182, 183, 156, 157, 194, 195, 151, 202, 203, 204, 205, 208, 209, 214, 215, 136, 206, 207, 220, 221, 222, 223, 141, 137, 142, 197, 240, 241, 242, 243, 244, 245, 196, 90, 91, 78, 260, 261, 262, 263, 268, 269, 258, 274, 275, 259, 97, 96, 79, 266, 285, 282, 280, 284, 288, 289, 292, 293, 287, 281, 302, 303, 304, 305, 306, 312, 313, 307, 308, 309, 318, 319, 267, 283, 286, 326, 327, 328, 329, 330, 331, 334, 335, 336, 337, 340, 341, 300, 301, 339, 348, 349, 338, 172, 173, 352, 192, 193, 353, 344, 362, 363, 190, 145, 345, 144, 191, 295, 294, 265, 264, 382, 383, 384, 385, 332, 333, 325, 324, 160, 180, 181, 161, 350, 351, 343, 342, 188, 135, 397, 213, 410, 412, 413, 411, 212, 311, 299, 230, 291, 231, 290, 255, 254, 310, 130, 131, 428, 429, 440, 441, 433, 446, 447, 434, 435, 432, 403, 418, 419, 298, 189, 388, 470, 471, 402, 389, 396, 390, 391, 134, 165, 164, 486, 487, 490, 491, 492, 493, 498, 499, 500, 501, 387, 472, 473, 271, 270, 514, 515, 518, 519, 516, 517, 386, 502, 503, 219, 218, 322, 316, 409, 524, 279, 423, 200, 201]
  列生成求解结果: 目标值=12.0000， 下界=8.0000， 上界=11.0000

处理节点 179
  开始列生成求解...
Set parameter LogToConsole to value 0
Set parameter Threads to value 1
Set parameter Seed to value 0
  定价策略: Exact, node=179, vertices=19
Set parameter PoolSearchMode to value 2
Set parameter PoolSolutions to value 10
[CG 1] RMP=12.000000, pricing=ExactPricingSolver, new_columns=10
[CG 2] RMP=8.000000, pricing=ExactPricingSolver, new_columns=0
  搜索路径: [1, 2, 4, 5, 3, 8, 11, 14, 15, 16, 17, 19, 23, 24, 25, 27, 26, 30, 36, 37, 21, 22, 18, 33, 20, 31, 32, 53, 52, 54, 55, 57, 56, 10, 66, 67, 70, 71, 74, 75, 9, 80, 81, 84, 86, 87, 85, 92, 93, 43, 42, 12, 102, 103, 13, 108, 109, 49, 48, 114, 115, 116, 122, 123, 117, 118, 119, 62, 63, 106, 107, 99, 61, 60, 41, 98, 40, 138, 147, 148, 149, 139, 146, 162, 163, 166, 167, 168, 169, 170, 171, 143, 140, 112, 113, 184, 185, 150, 182, 183, 156, 157, 194, 195, 151, 202, 203, 204, 205, 208, 209, 214, 215, 136, 206, 207, 220, 221, 222, 223, 141, 137, 142, 197, 240, 241, 242, 243, 244, 245, 196, 90, 91, 78, 260, 261, 262, 263, 268, 269, 258, 274, 275, 259, 97, 96, 79, 266, 285, 282, 280, 284, 288, 289, 292, 293, 287, 281, 302, 303, 304, 305, 306, 312, 313, 307, 308, 309, 318, 319, 267, 283, 286, 326, 327, 328, 329, 330, 331, 334, 335, 336, 337, 340, 341, 300, 301, 339, 348, 349, 338, 172, 173, 352, 192, 193, 353, 344, 362, 363, 190, 145, 345, 144, 191, 295, 294, 265, 264, 382, 383, 384, 385, 332, 333, 325, 324, 160, 180, 181, 161, 350, 351, 343, 342, 188, 135, 397, 213, 410, 412, 413, 411, 212, 311, 299, 230, 291, 231, 290, 255, 254, 310, 130, 131, 428, 429, 440, 441, 433, 446, 447, 434, 435, 432, 403, 418, 419, 298, 189, 388, 470, 471, 402, 389, 396, 390, 391, 134, 165, 164, 486, 487, 490, 491, 492, 493, 498, 499, 500, 501, 387, 472, 473, 271, 270, 514, 515, 518, 519, 516, 517, 386, 502, 503, 219, 218, 322, 316, 409, 524, 279, 423, 200, 201, 179]
  列生成求解结果: 目标值=8.0000， 下界=8.0000， 上界=11.0000
    非整数变量: COL_19-20-26_45 = 0.600000
  解不是整数，开始分支...
ImposedVertex(vertex=26)
ForbidVertex(vertex=26)
  创建了 2 个分支
    添加分支节点 1: ID=542
    添加分支节点 2: ID=543

处理节点 415
  开始列生成求解...
Set parameter LogToConsole to value 0
Set parameter Threads to value 1
Set parameter Seed to value 0
  定价策略: Exact, node=415, vertices=11
Set parameter PoolSearchMode to value 2
Set parameter PoolSolutions to value 10
[CG 1] RMP=12.000000, pricing=ExactPricingSolver, new_columns=0
  搜索路径: [1, 2, 4, 5, 3, 8, 11, 14, 15, 16, 17, 19, 23, 24, 25, 27, 26, 30, 36, 37, 21, 22, 18, 33, 20, 31, 32, 53, 52, 54, 55, 57, 56, 10, 66, 67, 70, 71, 74, 75, 9, 80, 81, 84, 86, 87, 85, 92, 93, 43, 42, 12, 102, 103, 13, 108, 109, 49, 48, 114, 115, 116, 122, 123, 117, 118, 119, 62, 63, 106, 107, 99, 61, 60, 41, 98, 40, 138, 147, 148, 149, 139, 146, 162, 163, 166, 167, 168, 169, 170, 171, 143, 140, 112, 113, 184, 185, 150, 182, 183, 156, 157, 194, 195, 151, 202, 203, 204, 205, 208, 209, 214, 215, 136, 206, 207, 220, 221, 222, 223, 141, 137, 142, 197, 240, 241, 242, 243, 244, 245, 196, 90, 91, 78, 260, 261, 262, 263, 268, 269, 258, 274, 275, 259, 97, 96, 79, 266, 285, 282, 280, 284, 288, 289, 292, 293, 287, 281, 302, 303, 304, 305, 306, 312, 313, 307, 308, 309, 318, 319, 267, 283, 286, 326, 327, 328, 329, 330, 331, 334, 335, 336, 337, 340, 341, 300, 301, 339, 348, 349, 338, 172, 173, 352, 192, 193, 353, 344, 362, 363, 190, 145, 345, 144, 191, 295, 294, 265, 264, 382, 383, 384, 385, 332, 333, 325, 324, 160, 180, 181, 161, 350, 351, 343, 342, 188, 135, 397, 213, 410, 412, 413, 411, 212, 311, 299, 230, 291, 231, 290, 255, 254, 310, 130, 131, 428, 429, 440, 441, 433, 446, 447, 434, 435, 432, 403, 418, 419, 298, 189, 388, 470, 471, 402, 389, 396, 390, 391, 134, 165, 164, 486, 487, 490, 491, 492, 493, 498, 499, 500, 501, 387, 472, 473, 271, 270, 514, 515, 518, 519, 516, 517, 386, 502, 503, 219, 218, 322, 316, 409, 524, 279, 423, 200, 201, 179, 415]
  列生成求解结果: 目标值=12.0000， 下界=8.0000， 上界=11.0000

处理节点 427
  开始列生成求解...
Set parameter LogToConsole to value 0
Set parameter Threads to value 1
Set parameter Seed to value 0
  定价策略: Exact, node=427, vertices=15
Set parameter PoolSearchMode to value 2
Set parameter PoolSolutions to value 10
[CG 1] RMP=2010.000000, pricing=ExactPricingSolver, new_columns=10
[CG 2] RMP=9.000000, pricing=ExactPricingSolver, new_columns=10
[CG 3] RMP=9.000000, pricing=ExactPricingSolver, new_columns=0
  搜索路径: [1, 2, 4, 5, 3, 8, 11, 14, 15, 16, 17, 19, 23, 24, 25, 27, 26, 30, 36, 37, 21, 22, 18, 33, 20, 31, 32, 53, 52, 54, 55, 57, 56, 10, 66, 67, 70, 71, 74, 75, 9, 80, 81, 84, 86, 87, 85, 92, 93, 43, 42, 12, 102, 103, 13, 108, 109, 49, 48, 114, 115, 116, 122, 123, 117, 118, 119, 62, 63, 106, 107, 99, 61, 60, 41, 98, 40, 138, 147, 148, 149, 139, 146, 162, 163, 166, 167, 168, 169, 170, 171, 143, 140, 112, 113, 184, 185, 150, 182, 183, 156, 157, 194, 195, 151, 202, 203, 204, 205, 208, 209, 214, 215, 136, 206, 207, 220, 221, 222, 223, 141, 137, 142, 197, 240, 241, 242, 243, 244, 245, 196, 90, 91, 78, 260, 261, 262, 263, 268, 269, 258, 274, 275, 259, 97, 96, 79, 266, 285, 282, 280, 284, 288, 289, 292, 293, 287, 281, 302, 303, 304, 305, 306, 312, 313, 307, 308, 309, 318, 319, 267, 283, 286, 326, 327, 328, 329, 330, 331, 334, 335, 336, 337, 340, 341, 300, 301, 339, 348, 349, 338, 172, 173, 352, 192, 193, 353, 344, 362, 363, 190, 145, 345, 144, 191, 295, 294, 265, 264, 382, 383, 384, 385, 332, 333, 325, 324, 160, 180, 181, 161, 350, 351, 343, 342, 188, 135, 397, 213, 410, 412, 413, 411, 212, 311, 299, 230, 291, 231, 290, 255, 254, 310, 130, 131, 428, 429, 440, 441, 433, 446, 447, 434, 435, 432, 403, 418, 419, 298, 189, 388, 470, 471, 402, 389, 396, 390, 391, 134, 165, 164, 486, 487, 490, 491, 492, 493, 498, 499, 500, 501, 387, 472, 473, 271, 270, 514, 515, 518, 519, 516, 517, 386, 502, 503, 219, 218, 322, 316, 409, 524, 279, 423, 200, 201, 179, 415, 427]
  列生成求解结果: 目标值=9.0000， 下界=8.0000， 上界=11.0000
    非整数变量: COL_0-13-24-5_429 = 0.125000
  解不是整数，开始分支...
ImposedVertex(vertex=7)
ForbidVertex(vertex=7)
  创建了 2 个分支
    添加分支节点 1: ID=544
    添加分支节点 2: ID=545

处理节点 525
  开始列生成求解...
Set parameter LogToConsole to value 0
Set parameter Threads to value 1
Set parameter Seed to value 0
  定价策略: Exact, node=525, vertices=13
Set parameter PoolSearchMode to value 2
Set parameter PoolSolutions to value 10
[CG 1] RMP=16.000000, pricing=ExactPricingSolver, new_columns=10
[CG 2] RMP=11.000000, pricing=ExactPricingSolver, new_columns=0
  搜索路径: [1, 2, 4, 5, 3, 8, 11, 14, 15, 16, 17, 19, 23, 24, 25, 27, 26, 30, 36, 37, 21, 22, 18, 33, 20, 31, 32, 53, 52, 54, 55, 57, 56, 10, 66, 67, 70, 71, 74, 75, 9, 80, 81, 84, 86, 87, 85, 92, 93, 43, 42, 12, 102, 103, 13, 108, 109, 49, 48, 114, 115, 116, 122, 123, 117, 118, 119, 62, 63, 106, 107, 99, 61, 60, 41, 98, 40, 138, 147, 148, 149, 139, 146, 162, 163, 166, 167, 168, 169, 170, 171, 143, 140, 112, 113, 184, 185, 150, 182, 183, 156, 157, 194, 195, 151, 202, 203, 204, 205, 208, 209, 214, 215, 136, 206, 207, 220, 221, 222, 223, 141, 137, 142, 197, 240, 241, 242, 243, 244, 245, 196, 90, 91, 78, 260, 261, 262, 263, 268, 269, 258, 274, 275, 259, 97, 96, 79, 266, 285, 282, 280, 284, 288, 289, 292, 293, 287, 281, 302, 303, 304, 305, 306, 312, 313, 307, 308, 309, 318, 319, 267, 283, 286, 326, 327, 328, 329, 330, 331, 334, 335, 336, 337, 340, 341, 300, 301, 339, 348, 349, 338, 172, 173, 352, 192, 193, 353, 344, 362, 363, 190, 145, 345, 144, 191, 295, 294, 265, 264, 382, 383, 384, 385, 332, 333, 325, 324, 160, 180, 181, 161, 350, 351, 343, 342, 188, 135, 397, 213, 410, 412, 413, 411, 212, 311, 299, 230, 291, 231, 290, 255, 254, 310, 130, 131, 428, 429, 440, 441, 433, 446, 447, 434, 435, 432, 403, 418, 419, 298, 189, 388, 470, 471, 402, 389, 396, 390, 391, 134, 165, 164, 486, 487, 490, 491, 492, 493, 498, 499, 500, 501, 387, 472, 473, 271, 270, 514, 515, 518, 519, 516, 517, 386, 502, 503, 219, 218, 322, 316, 409, 524, 279, 423, 200, 201, 179, 415, 427, 525]
  列生成求解结果: 目标值=11.0000， 下界=8.0000， 上界=11.0000

处理节点 531
  开始列生成求解...
Set parameter LogToConsole to value 0
Set parameter Threads to value 1
Set parameter Seed to value 0
  定价策略: Exact, node=531, vertices=12
Set parameter PoolSearchMode to value 2
Set parameter PoolSolutions to value 10
[CG 1] RMP=12.000000, pricing=ExactPricingSolver, new_columns=0
  搜索路径: [1, 2, 4, 5, 3, 8, 11, 14, 15, 16, 17, 19, 23, 24, 25, 27, 26, 30, 36, 37, 21, 22, 18, 33, 20, 31, 32, 53, 52, 54, 55, 57, 56, 10, 66, 67, 70, 71, 74, 75, 9, 80, 81, 84, 86, 87, 85, 92, 93, 43, 42, 12, 102, 103, 13, 108, 109, 49, 48, 114, 115, 116, 122, 123, 117, 118, 119, 62, 63, 106, 107, 99, 61, 60, 41, 98, 40, 138, 147, 148, 149, 139, 146, 162, 163, 166, 167, 168, 169, 170, 171, 143, 140, 112, 113, 184, 185, 150, 182, 183, 156, 157, 194, 195, 151, 202, 203, 204, 205, 208, 209, 214, 215, 136, 206, 207, 220, 221, 222, 223, 141, 137, 142, 197, 240, 241, 242, 243, 244, 245, 196, 90, 91, 78, 260, 261, 262, 263, 268, 269, 258, 274, 275, 259, 97, 96, 79, 266, 285, 282, 280, 284, 288, 289, 292, 293, 287, 281, 302, 303, 304, 305, 306, 312, 313, 307, 308, 309, 318, 319, 267, 283, 286, 326, 327, 328, 329, 330, 331, 334, 335, 336, 337, 340, 341, 300, 301, 339, 348, 349, 338, 172, 173, 352, 192, 193, 353, 344, 362, 363, 190, 145, 345, 144, 191, 295, 294, 265, 264, 382, 383, 384, 385, 332, 333, 325, 324, 160, 180, 181, 161, 350, 351, 343, 342, 188, 135, 397, 213, 410, 412, 413, 411, 212, 311, 299, 230, 291, 231, 290, 255, 254, 310, 130, 131, 428, 429, 440, 441, 433, 446, 447, 434, 435, 432, 403, 418, 419, 298, 189, 388, 470, 471, 402, 389, 396, 390, 391, 134, 165, 164, 486, 487, 490, 491, 492, 493, 498, 499, 500, 501, 387, 472, 473, 271, 270, 514, 515, 518, 519, 516, 517, 386, 502, 503, 219, 218, 322, 316, 409, 524, 279, 423, 200, 201, 179, 415, 427, 525, 531]
  列生成求解结果: 目标值=12.0000， 下界=8.0000， 上界=11.0000

处理节点 535
  开始列生成求解...
Set parameter LogToConsole to value 0
Set parameter Threads to value 1
Set parameter Seed to value 0
  定价策略: Exact, node=535, vertices=16
Set parameter PoolSearchMode to value 2
Set parameter PoolSolutions to value 10
[CG 1] RMP=2010.000000, pricing=ExactPricingSolver, new_columns=10
[CG 2] RMP=8.849162, pricing=ExactPricingSolver, new_columns=10
[CG 3] RMP=8.000000, pricing=ExactPricingSolver, new_columns=0
  搜索路径: [1, 2, 4, 5, 3, 8, 11, 14, 15, 16, 17, 19, 23, 24, 25, 27, 26, 30, 36, 37, 21, 22, 18, 33, 20, 31, 32, 53, 52, 54, 55, 57, 56, 10, 66, 67, 70, 71, 74, 75, 9, 80, 81, 84, 86, 87, 85, 92, 93, 43, 42, 12, 102, 103, 13, 108, 109, 49, 48, 114, 115, 116, 122, 123, 117, 118, 119, 62, 63, 106, 107, 99, 61, 60, 41, 98, 40, 138, 147, 148, 149, 139, 146, 162, 163, 166, 167, 168, 169, 170, 171, 143, 140, 112, 113, 184, 185, 150, 182, 183, 156, 157, 194, 195, 151, 202, 203, 204, 205, 208, 209, 214, 215, 136, 206, 207, 220, 221, 222, 223, 141, 137, 142, 197, 240, 241, 242, 243, 244, 245, 196, 90, 91, 78, 260, 261, 262, 263, 268, 269, 258, 274, 275, 259, 97, 96, 79, 266, 285, 282, 280, 284, 288, 289, 292, 293, 287, 281, 302, 303, 304, 305, 306, 312, 313, 307, 308, 309, 318, 319, 267, 283, 286, 326, 327, 328, 329, 330, 331, 334, 335, 336, 337, 340, 341, 300, 301, 339, 348, 349, 338, 172, 173, 352, 192, 193, 353, 344, 362, 363, 190, 145, 345, 144, 191, 295, 294, 265, 264, 382, 383, 384, 385, 332, 333, 325, 324, 160, 180, 181, 161, 350, 351, 343, 342, 188, 135, 397, 213, 410, 412, 413, 411, 212, 311, 299, 230, 291, 231, 290, 255, 254, 310, 130, 131, 428, 429, 440, 441, 433, 446, 447, 434, 435, 432, 403, 418, 419, 298, 189, 388, 470, 471, 402, 389, 396, 390, 391, 134, 165, 164, 486, 487, 490, 491, 492, 493, 498, 499, 500, 501, 387, 472, 473, 271, 270, 514, 515, 518, 519, 516, 517, 386, 502, 503, 219, 218, 322, 316, 409, 524, 279, 423, 200, 201, 179, 415, 427, 525, 531, 535]
  列生成求解结果: 目标值=8.0000， 下界=8.0000， 上界=11.0000
    非整数变量: COL_18-23-9_35 = 0.111111
  解不是整数，开始分支...
ImposedVertex(vertex=23)
ForbidVertex(vertex=23)
  创建了 2 个分支
    添加分支节点 1: ID=546
    添加分支节点 2: ID=547

处理节点 534
  开始列生成求解...
Set parameter LogToConsole to value 0
Set parameter Threads to value 1
Set parameter Seed to value 0
  定价策略: Exact, node=534, vertices=15
Set parameter PoolSearchMode to value 2
Set parameter PoolSolutions to value 10
[CG 1] RMP=11.000000, pricing=ExactPricingSolver, new_columns=10
[CG 2] RMP=9.000000, pricing=ExactPricingSolver, new_columns=10
[CG 3] RMP=8.000000, pricing=ExactPricingSolver, new_columns=0
  搜索路径: [1, 2, 4, 5, 3, 8, 11, 14, 15, 16, 17, 19, 23, 24, 25, 27, 26, 30, 36, 37, 21, 22, 18, 33, 20, 31, 32, 53, 52, 54, 55, 57, 56, 10, 66, 67, 70, 71, 74, 75, 9, 80, 81, 84, 86, 87, 85, 92, 93, 43, 42, 12, 102, 103, 13, 108, 109, 49, 48, 114, 115, 116, 122, 123, 117, 118, 119, 62, 63, 106, 107, 99, 61, 60, 41, 98, 40, 138, 147, 148, 149, 139, 146, 162, 163, 166, 167, 168, 169, 170, 171, 143, 140, 112, 113, 184, 185, 150, 182, 183, 156, 157, 194, 195, 151, 202, 203, 204, 205, 208, 209, 214, 215, 136, 206, 207, 220, 221, 222, 223, 141, 137, 142, 197, 240, 241, 242, 243, 244, 245, 196, 90, 91, 78, 260, 261, 262, 263, 268, 269, 258, 274, 275, 259, 97, 96, 79, 266, 285, 282, 280, 284, 288, 289, 292, 293, 287, 281, 302, 303, 304, 305, 306, 312, 313, 307, 308, 309, 318, 319, 267, 283, 286, 326, 327, 328, 329, 330, 331, 334, 335, 336, 337, 340, 341, 300, 301, 339, 348, 349, 338, 172, 173, 352, 192, 193, 353, 344, 362, 363, 190, 145, 345, 144, 191, 295, 294, 265, 264, 382, 383, 384, 385, 332, 333, 325, 324, 160, 180, 181, 161, 350, 351, 343, 342, 188, 135, 397, 213, 410, 412, 413, 411, 212, 311, 299, 230, 291, 231, 290, 255, 254, 310, 130, 131, 428, 429, 440, 441, 433, 446, 447, 434, 435, 432, 403, 418, 419, 298, 189, 388, 470, 471, 402, 389, 396, 390, 391, 134, 165, 164, 486, 487, 490, 491, 492, 493, 498, 499, 500, 501, 387, 472, 473, 271, 270, 514, 515, 518, 519, 516, 517, 386, 502, 503, 219, 218, 322, 316, 409, 524, 279, 423, 200, 201, 179, 415, 427, 525, 531, 535, 534]
  列生成求解结果: 目标值=8.0000， 下界=8.0000， 上界=11.0000
    非整数变量: COL_15-18-2-20-22-4-7-9_365 = 0.333333
  解不是整数，开始分支...
ImposedVertex(vertex=22)
ForbidVertex(vertex=22)
  创建了 2 个分支
    添加分支节点 1: ID=548
    添加分支节点 2: ID=549

处理节点 542
  开始列生成求解...
Set parameter LogToConsole to value 0
Set parameter Threads to value 1
Set parameter Seed to value 0
  定价策略: Exact, node=542, vertices=18
Set parameter PoolSearchMode to value 2
Set parameter PoolSolutions to value 10
[CG 1] RMP=10.000000, pricing=ExactPricingSolver, new_columns=0
  搜索路径: [1, 2, 4, 5, 3, 8, 11, 14, 15, 16, 17, 19, 23, 24, 25, 27, 26, 30, 36, 37, 21, 22, 18, 33, 20, 31, 32, 53, 52, 54, 55, 57, 56, 10, 66, 67, 70, 71, 74, 75, 9, 80, 81, 84, 86, 87, 85, 92, 93, 43, 42, 12, 102, 103, 13, 108, 109, 49, 48, 114, 115, 116, 122, 123, 117, 118, 119, 62, 63, 106, 107, 99, 61, 60, 41, 98, 40, 138, 147, 148, 149, 139, 146, 162, 163, 166, 167, 168, 169, 170, 171, 143, 140, 112, 113, 184, 185, 150, 182, 183, 156, 157, 194, 195, 151, 202, 203, 204, 205, 208, 209, 214, 215, 136, 206, 207, 220, 221, 222, 223, 141, 137, 142, 197, 240, 241, 242, 243, 244, 245, 196, 90, 91, 78, 260, 261, 262, 263, 268, 269, 258, 274, 275, 259, 97, 96, 79, 266, 285, 282, 280, 284, 288, 289, 292, 293, 287, 281, 302, 303, 304, 305, 306, 312, 313, 307, 308, 309, 318, 319, 267, 283, 286, 326, 327, 328, 329, 330, 331, 334, 335, 336, 337, 340, 341, 300, 301, 339, 348, 349, 338, 172, 173, 352, 192, 193, 353, 344, 362, 363, 190, 145, 345, 144, 191, 295, 294, 265, 264, 382, 383, 384, 385, 332, 333, 325, 324, 160, 180, 181, 161, 350, 351, 343, 342, 188, 135, 397, 213, 410, 412, 413, 411, 212, 311, 299, 230, 291, 231, 290, 255, 254, 310, 130, 131, 428, 429, 440, 441, 433, 446, 447, 434, 435, 432, 403, 418, 419, 298, 189, 388, 470, 471, 402, 389, 396, 390, 391, 134, 165, 164, 486, 487, 490, 491, 492, 493, 498, 499, 500, 501, 387, 472, 473, 271, 270, 514, 515, 518, 519, 516, 517, 386, 502, 503, 219, 218, 322, 316, 409, 524, 279, 423, 200, 201, 179, 415, 427, 525, 531, 535, 534, 542]
  列生成求解结果: 目标值=10.0000， 下界=8.0000， 上界=11.0000
    非整数变量: COL_19-20-26_45 = 0.833333
  解不是整数，开始分支...
ImposedVertex(vertex=3)
ForbidVertex(vertex=3)
  创建了 2 个分支
    添加分支节点 1: ID=550
    添加分支节点 2: ID=551

处理节点 543
  开始列生成求解...
Set parameter LogToConsole to value 0
Set parameter Threads to value 1
Set parameter Seed to value 0
  定价策略: Exact, node=543, vertices=18
Set parameter PoolSearchMode to value 2
Set parameter PoolSolutions to value 10
[CG 1] RMP=1010.000000, pricing=ExactPricingSolver, new_columns=10
[CG 2] RMP=12.000000, pricing=ExactPricingSolver, new_columns=0
  搜索路径: [1, 2, 4, 5, 3, 8, 11, 14, 15, 16, 17, 19, 23, 24, 25, 27, 26, 30, 36, 37, 21, 22, 18, 33, 20, 31, 32, 53, 52, 54, 55, 57, 56, 10, 66, 67, 70, 71, 74, 75, 9, 80, 81, 84, 86, 87, 85, 92, 93, 43, 42, 12, 102, 103, 13, 108, 109, 49, 48, 114, 115, 116, 122, 123, 117, 118, 119, 62, 63, 106, 107, 99, 61, 60, 41, 98, 40, 138, 147, 148, 149, 139, 146, 162, 163, 166, 167, 168, 169, 170, 171, 143, 140, 112, 113, 184, 185, 150, 182, 183, 156, 157, 194, 195, 151, 202, 203, 204, 205, 208, 209, 214, 215, 136, 206, 207, 220, 221, 222, 223, 141, 137, 142, 197, 240, 241, 242, 243, 244, 245, 196, 90, 91, 78, 260, 261, 262, 263, 268, 269, 258, 274, 275, 259, 97, 96, 79, 266, 285, 282, 280, 284, 288, 289, 292, 293, 287, 281, 302, 303, 304, 305, 306, 312, 313, 307, 308, 309, 318, 319, 267, 283, 286, 326, 327, 328, 329, 330, 331, 334, 335, 336, 337, 340, 341, 300, 301, 339, 348, 349, 338, 172, 173, 352, 192, 193, 353, 344, 362, 363, 190, 145, 345, 144, 191, 295, 294, 265, 264, 382, 383, 384, 385, 332, 333, 325, 324, 160, 180, 181, 161, 350, 351, 343, 342, 188, 135, 397, 213, 410, 412, 413, 411, 212, 311, 299, 230, 291, 231, 290, 255, 254, 310, 130, 131, 428, 429, 440, 441, 433, 446, 447, 434, 435, 432, 403, 418, 419, 298, 189, 388, 470, 471, 402, 389, 396, 390, 391, 134, 165, 164, 486, 487, 490, 491, 492, 493, 498, 499, 500, 501, 387, 472, 473, 271, 270, 514, 515, 518, 519, 516, 517, 386, 502, 503, 219, 218, 322, 316, 409, 524, 279, 423, 200, 201, 179, 415, 427, 525, 531, 535, 534, 542, 543]
  列生成求解结果: 目标值=12.0000， 下界=8.0000， 上界=11.0000

处理节点 178
  开始列生成求解...
Set parameter LogToConsole to value 0
Set parameter Threads to value 1
Set parameter Seed to value 0
  定价策略: Exact, node=178, vertices=19
Set parameter PoolSearchMode to value 2
Set parameter PoolSolutions to value 10
[CG 1] RMP=8.000000, pricing=ExactPricingSolver, new_columns=0
  搜索路径: [1, 2, 4, 5, 3, 8, 11, 14, 15, 16, 17, 19, 23, 24, 25, 27, 26, 30, 36, 37, 21, 22, 18, 33, 20, 31, 32, 53, 52, 54, 55, 57, 56, 10, 66, 67, 70, 71, 74, 75, 9, 80, 81, 84, 86, 87, 85, 92, 93, 43, 42, 12, 102, 103, 13, 108, 109, 49, 48, 114, 115, 116, 122, 123, 117, 118, 119, 62, 63, 106, 107, 99, 61, 60, 41, 98, 40, 138, 147, 148, 149, 139, 146, 162, 163, 166, 167, 168, 169, 170, 171, 143, 140, 112, 113, 184, 185, 150, 182, 183, 156, 157, 194, 195, 151, 202, 203, 204, 205, 208, 209, 214, 215, 136, 206, 207, 220, 221, 222, 223, 141, 137, 142, 197, 240, 241, 242, 243, 244, 245, 196, 90, 91, 78, 260, 261, 262, 263, 268, 269, 258, 274, 275, 259, 97, 96, 79, 266, 285, 282, 280, 284, 288, 289, 292, 293, 287, 281, 302, 303, 304, 305, 306, 312, 313, 307, 308, 309, 318, 319, 267, 283, 286, 326, 327, 328, 329, 330, 331, 334, 335, 336, 337, 340, 341, 300, 301, 339, 348, 349, 338, 172, 173, 352, 192, 193, 353, 344, 362, 363, 190, 145, 345, 144, 191, 295, 294, 265, 264, 382, 383, 384, 385, 332, 333, 325, 324, 160, 180, 181, 161, 350, 351, 343, 342, 188, 135, 397, 213, 410, 412, 413, 411, 212, 311, 299, 230, 291, 231, 290, 255, 254, 310, 130, 131, 428, 429, 440, 441, 433, 446, 447, 434, 435, 432, 403, 418, 419, 298, 189, 388, 470, 471, 402, 389, 396, 390, 391, 134, 165, 164, 486, 487, 490, 491, 492, 493, 498, 499, 500, 501, 387, 472, 473, 271, 270, 514, 515, 518, 519, 516, 517, 386, 502, 503, 219, 218, 322, 316, 409, 524, 279, 423, 200, 201, 179, 415, 427, 525, 531, 535, 534, 542, 543, 178]
  列生成求解结果: 目标值=8.0000， 下界=8.0000， 上界=11.0000
    非整数变量: COL_18-24-9_33 = 0.388889
  解不是整数，开始分支...
ImposedVertex(vertex=24)
ForbidVertex(vertex=24)
  创建了 2 个分支
    添加分支节点 1: ID=552
    添加分支节点 2: ID=553

处理节点 278
  开始列生成求解...
Set parameter LogToConsole to value 0
Set parameter Threads to value 1
Set parameter Seed to value 0
  定价策略: Exact, node=278, vertices=15
Set parameter PoolSearchMode to value 2
Set parameter PoolSolutions to value 10
[CG 1] RMP=11.000000, pricing=ExactPricingSolver, new_columns=10
[CG 2] RMP=8.000000, pricing=ExactPricingSolver, new_columns=0
  搜索路径: [1, 2, 4, 5, 3, 8, 11, 14, 15, 16, 17, 19, 23, 24, 25, 27, 26, 30, 36, 37, 21, 22, 18, 33, 20, 31, 32, 53, 52, 54, 55, 57, 56, 10, 66, 67, 70, 71, 74, 75, 9, 80, 81, 84, 86, 87, 85, 92, 93, 43, 42, 12, 102, 103, 13, 108, 109, 49, 48, 114, 115, 116, 122, 123, 117, 118, 119, 62, 63, 106, 107, 99, 61, 60, 41, 98, 40, 138, 147, 148, 149, 139, 146, 162, 163, 166, 167, 168, 169, 170, 171, 143, 140, 112, 113, 184, 185, 150, 182, 183, 156, 157, 194, 195, 151, 202, 203, 204, 205, 208, 209, 214, 215, 136, 206, 207, 220, 221, 222, 223, 141, 137, 142, 197, 240, 241, 242, 243, 244, 245, 196, 90, 91, 78, 260, 261, 262, 263, 268, 269, 258, 274, 275, 259, 97, 96, 79, 266, 285, 282, 280, 284, 288, 289, 292, 293, 287, 281, 302, 303, 304, 305, 306, 312, 313, 307, 308, 309, 318, 319, 267, 283, 286, 326, 327, 328, 329, 330, 331, 334, 335, 336, 337, 340, 341, 300, 301, 339, 348, 349, 338, 172, 173, 352, 192, 193, 353, 344, 362, 363, 190, 145, 345, 144, 191, 295, 294, 265, 264, 382, 383, 384, 385, 332, 333, 325, 324, 160, 180, 181, 161, 350, 351, 343, 342, 188, 135, 397, 213, 410, 412, 413, 411, 212, 311, 299, 230, 291, 231, 290, 255, 254, 310, 130, 131, 428, 429, 440, 441, 433, 446, 447, 434, 435, 432, 403, 418, 419, 298, 189, 388, 470, 471, 402, 389, 396, 390, 391, 134, 165, 164, 486, 487, 490, 491, 492, 493, 498, 499, 500, 501, 387, 472, 473, 271, 270, 514, 515, 518, 519, 516, 517, 386, 502, 503, 219, 218, 322, 316, 409, 524, 279, 423, 200, 201, 179, 415, 427, 525, 531, 535, 534, 542, 543, 178, 278]
  列生成求解结果: 目标值=8.0000， 下界=8.0000， 上界=11.0000
    非整数变量: COL_15-23-27-4_418 = 0.277778
  解不是整数，开始分支...
ImposedVertex(vertex=23)
ForbidVertex(vertex=23)
  创建了 2 个分支
    添加分支节点 1: ID=554
    添加分支节点 2: ID=555

处理节点 548
  开始列生成求解...
Set parameter LogToConsole to value 0
Set parameter Threads to value 1
Set parameter Seed to value 0
  定价策略: Exact, node=548, vertices=14
Set parameter PoolSearchMode to value 2
Set parameter PoolSolutions to value 10
[CG 1] RMP=9.000000, pricing=ExactPricingSolver, new_columns=0
  搜索路径: [1, 2, 4, 5, 3, 8, 11, 14, 15, 16, 17, 19, 23, 24, 25, 27, 26, 30, 36, 37, 21, 22, 18, 33, 20, 31, 32, 53, 52, 54, 55, 57, 56, 10, 66, 67, 70, 71, 74, 75, 9, 80, 81, 84, 86, 87, 85, 92, 93, 43, 42, 12, 102, 103, 13, 108, 109, 49, 48, 114, 115, 116, 122, 123, 117, 118, 119, 62, 63, 106, 107, 99, 61, 60, 41, 98, 40, 138, 147, 148, 149, 139, 146, 162, 163, 166, 167, 168, 169, 170, 171, 143, 140, 112, 113, 184, 185, 150, 182, 183, 156, 157, 194, 195, 151, 202, 203, 204, 205, 208, 209, 214, 215, 136, 206, 207, 220, 221, 222, 223, 141, 137, 142, 197, 240, 241, 242, 243, 244, 245, 196, 90, 91, 78, 260, 261, 262, 263, 268, 269, 258, 274, 275, 259, 97, 96, 79, 266, 285, 282, 280, 284, 288, 289, 292, 293, 287, 281, 302, 303, 304, 305, 306, 312, 313, 307, 308, 309, 318, 319, 267, 283, 286, 326, 327, 328, 329, 330, 331, 334, 335, 336, 337, 340, 341, 300, 301, 339, 348, 349, 338, 172, 173, 352, 192, 193, 353, 344, 362, 363, 190, 145, 345, 144, 191, 295, 294, 265, 264, 382, 383, 384, 385, 332, 333, 325, 324, 160, 180, 181, 161, 350, 351, 343, 342, 188, 135, 397, 213, 410, 412, 413, 411, 212, 311, 299, 230, 291, 231, 290, 255, 254, 310, 130, 131, 428, 429, 440, 441, 433, 446, 447, 434, 435, 432, 403, 418, 419, 298, 189, 388, 470, 471, 402, 389, 396, 390, 391, 134, 165, 164, 486, 487, 490, 491, 492, 493, 498, 499, 500, 501, 387, 472, 473, 271, 270, 514, 515, 518, 519, 516, 517, 386, 502, 503, 219, 218, 322, 316, 409, 524, 279, 423, 200, 201, 179, 415, 427, 525, 531, 535, 534, 542, 543, 178, 278, 548]
  列生成求解结果: 目标值=9.0000， 下界=8.0000， 上界=11.0000
    非整数变量: COL_15-18-2-20-22-4-7-9_365 = 0.250000
  解不是整数，开始分支...
ImposedVertex(vertex=28)
ForbidVertex(vertex=28)
  创建了 2 个分支
    添加分支节点 1: ID=556
    添加分支节点 2: ID=557

处理节点 549
  开始列生成求解...
Set parameter LogToConsole to value 0
Set parameter Threads to value 1
Set parameter Seed to value 0
  定价策略: Exact, node=549, vertices=14
Set parameter PoolSearchMode to value 2
Set parameter PoolSolutions to value 10
[CG 1] RMP=8.000000, pricing=ExactPricingSolver, new_columns=0
  搜索路径: [1, 2, 4, 5, 3, 8, 11, 14, 15, 16, 17, 19, 23, 24, 25, 27, 26, 30, 36, 37, 21, 22, 18, 33, 20, 31, 32, 53, 52, 54, 55, 57, 56, 10, 66, 67, 70, 71, 74, 75, 9, 80, 81, 84, 86, 87, 85, 92, 93, 43, 42, 12, 102, 103, 13, 108, 109, 49, 48, 114, 115, 116, 122, 123, 117, 118, 119, 62, 63, 106, 107, 99, 61, 60, 41, 98, 40, 138, 147, 148, 149, 139, 146, 162, 163, 166, 167, 168, 169, 170, 171, 143, 140, 112, 113, 184, 185, 150, 182, 183, 156, 157, 194, 195, 151, 202, 203, 204, 205, 208, 209, 214, 215, 136, 206, 207, 220, 221, 222, 223, 141, 137, 142, 197, 240, 241, 242, 243, 244, 245, 196, 90, 91, 78, 260, 261, 262, 263, 268, 269, 258, 274, 275, 259, 97, 96, 79, 266, 285, 282, 280, 284, 288, 289, 292, 293, 287, 281, 302, 303, 304, 305, 306, 312, 313, 307, 308, 309, 318, 319, 267, 283, 286, 326, 327, 328, 329, 330, 331, 334, 335, 336, 337, 340, 341, 300, 301, 339, 348, 349, 338, 172, 173, 352, 192, 193, 353, 344, 362, 363, 190, 145, 345, 144, 191, 295, 294, 265, 264, 382, 383, 384, 385, 332, 333, 325, 324, 160, 180, 181, 161, 350, 351, 343, 342, 188, 135, 397, 213, 410, 412, 413, 411, 212, 311, 299, 230, 291, 231, 290, 255, 254, 310, 130, 131, 428, 429, 440, 441, 433, 446, 447, 434, 435, 432, 403, 418, 419, 298, 189, 388, 470, 471, 402, 389, 396, 390, 391, 134, 165, 164, 486, 487, 490, 491, 492, 493, 498, 499, 500, 501, 387, 472, 473, 271, 270, 514, 515, 518, 519, 516, 517, 386, 502, 503, 219, 218, 322, 316, 409, 524, 279, 423, 200, 201, 179, 415, 427, 525, 531, 535, 534, 542, 543, 178, 278, 548, 549]
  列生成求解结果: 目标值=8.0000， 下界=8.0000， 上界=11.0000
    非整数变量: COL_15-18-2-20-28-4-7-9_387 = 0.272727
  解不是整数，开始分支...
ImposedVertex(vertex=28)
ForbidVertex(vertex=28)
  创建了 2 个分支
    添加分支节点 1: ID=558
    添加分支节点 2: ID=559

处理节点 521
  开始列生成求解...
Set parameter LogToConsole to value 0
Set parameter Threads to value 1
Set parameter Seed to value 0
  定价策略: Exact, node=521, vertices=13
Set parameter PoolSearchMode to value 2
Set parameter PoolSolutions to value 10
[CG 1] RMP=12.000000, pricing=ExactPricingSolver, new_columns=0
  搜索路径: [1, 2, 4, 5, 3, 8, 11, 14, 15, 16, 17, 19, 23, 24, 25, 27, 26, 30, 36, 37, 21, 22, 18, 33, 20, 31, 32, 53, 52, 54, 55, 57, 56, 10, 66, 67, 70, 71, 74, 75, 9, 80, 81, 84, 86, 87, 85, 92, 93, 43, 42, 12, 102, 103, 13, 108, 109, 49, 48, 114, 115, 116, 122, 123, 117, 118, 119, 62, 63, 106, 107, 99, 61, 60, 41, 98, 40, 138, 147, 148, 149, 139, 146, 162, 163, 166, 167, 168, 169, 170, 171, 143, 140, 112, 113, 184, 185, 150, 182, 183, 156, 157, 194, 195, 151, 202, 203, 204, 205, 208, 209, 214, 215, 136, 206, 207, 220, 221, 222, 223, 141, 137, 142, 197, 240, 241, 242, 243, 244, 245, 196, 90, 91, 78, 260, 261, 262, 263, 268, 269, 258, 274, 275, 259, 97, 96, 79, 266, 285, 282, 280, 284, 288, 289, 292, 293, 287, 281, 302, 303, 304, 305, 306, 312, 313, 307, 308, 309, 318, 319, 267, 283, 286, 326, 327, 328, 329, 330, 331, 334, 335, 336, 337, 340, 341, 300, 301, 339, 348, 349, 338, 172, 173, 352, 192, 193, 353, 344, 362, 363, 190, 145, 345, 144, 191, 295, 294, 265, 264, 382, 383, 384, 385, 332, 333, 325, 324, 160, 180, 181, 161, 350, 351, 343, 342, 188, 135, 397, 213, 410, 412, 413, 411, 212, 311, 299, 230, 291, 231, 290, 255, 254, 310, 130, 131, 428, 429, 440, 441, 433, 446, 447, 434, 435, 432, 403, 418, 419, 298, 189, 388, 470, 471, 402, 389, 396, 390, 391, 134, 165, 164, 486, 487, 490, 491, 492, 493, 498, 499, 500, 501, 387, 472, 473, 271, 270, 514, 515, 518, 519, 516, 517, 386, 502, 503, 219, 218, 322, 316, 409, 524, 279, 423, 200, 201, 179, 415, 427, 525, 531, 535, 534, 542, 543, 178, 278, 548, 549, 521]
  列生成求解结果: 目标值=12.0000， 下界=8.0000， 上界=11.0000

处理节点 552
  开始列生成求解...
Set parameter LogToConsole to value 0
Set parameter Threads to value 1
Set parameter Seed to value 0
  定价策略: Exact, node=552, vertices=18
Set parameter PoolSearchMode to value 2
Set parameter PoolSolutions to value 10
[CG 1] RMP=9.000000, pricing=ExactPricingSolver, new_columns=0
  搜索路径: [1, 2, 4, 5, 3, 8, 11, 14, 15, 16, 17, 19, 23, 24, 25, 27, 26, 30, 36, 37, 21, 22, 18, 33, 20, 31, 32, 53, 52, 54, 55, 57, 56, 10, 66, 67, 70, 71, 74, 75, 9, 80, 81, 84, 86, 87, 85, 92, 93, 43, 42, 12, 102, 103, 13, 108, 109, 49, 48, 114, 115, 116, 122, 123, 117, 118, 119, 62, 63, 106, 107, 99, 61, 60, 41, 98, 40, 138, 147, 148, 149, 139, 146, 162, 163, 166, 167, 168, 169, 170, 171, 143, 140, 112, 113, 184, 185, 150, 182, 183, 156, 157, 194, 195, 151, 202, 203, 204, 205, 208, 209, 214, 215, 136, 206, 207, 220, 221, 222, 223, 141, 137, 142, 197, 240, 241, 242, 243, 244, 245, 196, 90, 91, 78, 260, 261, 262, 263, 268, 269, 258, 274, 275, 259, 97, 96, 79, 266, 285, 282, 280, 284, 288, 289, 292, 293, 287, 281, 302, 303, 304, 305, 306, 312, 313, 307, 308, 309, 318, 319, 267, 283, 286, 326, 327, 328, 329, 330, 331, 334, 335, 336, 337, 340, 341, 300, 301, 339, 348, 349, 338, 172, 173, 352, 192, 193, 353, 344, 362, 363, 190, 145, 345, 144, 191, 295, 294, 265, 264, 382, 383, 384, 385, 332, 333, 325, 324, 160, 180, 181, 161, 350, 351, 343, 342, 188, 135, 397, 213, 410, 412, 413, 411, 212, 311, 299, 230, 291, 231, 290, 255, 254, 310, 130, 131, 428, 429, 440, 441, 433, 446, 447, 434, 435, 432, 403, 418, 419, 298, 189, 388, 470, 471, 402, 389, 396, 390, 391, 134, 165, 164, 486, 487, 490, 491, 492, 493, 498, 499, 500, 501, 387, 472, 473, 271, 270, 514, 515, 518, 519, 516, 517, 386, 502, 503, 219, 218, 322, 316, 409, 524, 279, 423, 200, 201, 179, 415, 427, 525, 531, 535, 534, 542, 543, 178, 278, 548, 549, 521, 552]
  列生成求解结果: 目标值=9.0000， 下界=8.0000， 上界=11.0000
    非整数变量: COL_18-24-9_33 = 0.050000
  解不是整数，开始分支...
ImposedVertex(vertex=26)
ForbidVertex(vertex=26)
  创建了 2 个分支
    添加分支节点 1: ID=560
    添加分支节点 2: ID=561
  进度: 已处理 320 个节点, 剩余 207 个, 当前最优 11.0000, 当前列数: 2298

处理节点 553
  开始列生成求解...
Set parameter LogToConsole to value 0
Set parameter Threads to value 1
Set parameter Seed to value 0
  定价策略: Exact, node=553, vertices=18
Set parameter PoolSearchMode to value 2
Set parameter PoolSolutions to value 10
[CG 1] RMP=12.000000, pricing=ExactPricingSolver, new_columns=10
[CG 2] RMP=12.000000, pricing=ExactPricingSolver, new_columns=10
[CG 3] RMP=8.000000, pricing=ExactPricingSolver, new_columns=0
  搜索路径: [1, 2, 4, 5, 3, 8, 11, 14, 15, 16, 17, 19, 23, 24, 25, 27, 26, 30, 36, 37, 21, 22, 18, 33, 20, 31, 32, 53, 52, 54, 55, 57, 56, 10, 66, 67, 70, 71, 74, 75, 9, 80, 81, 84, 86, 87, 85, 92, 93, 43, 42, 12, 102, 103, 13, 108, 109, 49, 48, 114, 115, 116, 122, 123, 117, 118, 119, 62, 63, 106, 107, 99, 61, 60, 41, 98, 40, 138, 147, 148, 149, 139, 146, 162, 163, 166, 167, 168, 169, 170, 171, 143, 140, 112, 113, 184, 185, 150, 182, 183, 156, 157, 194, 195, 151, 202, 203, 204, 205, 208, 209, 214, 215, 136, 206, 207, 220, 221, 222, 223, 141, 137, 142, 197, 240, 241, 242, 243, 244, 245, 196, 90, 91, 78, 260, 261, 262, 263, 268, 269, 258, 274, 275, 259, 97, 96, 79, 266, 285, 282, 280, 284, 288, 289, 292, 293, 287, 281, 302, 303, 304, 305, 306, 312, 313, 307, 308, 309, 318, 319, 267, 283, 286, 326, 327, 328, 329, 330, 331, 334, 335, 336, 337, 340, 341, 300, 301, 339, 348, 349, 338, 172, 173, 352, 192, 193, 353, 344, 362, 363, 190, 145, 345, 144, 191, 295, 294, 265, 264, 382, 383, 384, 385, 332, 333, 325, 324, 160, 180, 181, 161, 350, 351, 343, 342, 188, 135, 397, 213, 410, 412, 413, 411, 212, 311, 299, 230, 291, 231, 290, 255, 254, 310, 130, 131, 428, 429, 440, 441, 433, 446, 447, 434, 435, 432, 403, 418, 419, 298, 189, 388, 470, 471, 402, 389, 396, 390, 391, 134, 165, 164, 486, 487, 490, 491, 492, 493, 498, 499, 500, 501, 387, 472, 473, 271, 270, 514, 515, 518, 519, 516, 517, 386, 502, 503, 219, 218, 322, 316, 409, 524, 279, 423, 200, 201, 179, 415, 427, 525, 531, 535, 534, 542, 543, 178, 278, 548, 549, 521, 552, 553]
  列生成求解结果: 目标值=8.0000， 下界=8.0000， 上界=11.0000
    非整数变量: COL_2-28-4-7_253 = 0.500000
  解不是整数，开始分支...
ImposedVertex(vertex=2)
ForbidVertex(vertex=2)
  创建了 2 个分支
    添加分支节点 1: ID=562
    添加分支节点 2: ID=563

处理节点 554
  开始列生成求解...
Set parameter LogToConsole to value 0
Set parameter Threads to value 1
Set parameter Seed to value 0
  定价策略: Exact, node=554, vertices=14
Set parameter PoolSearchMode to value 2
Set parameter PoolSolutions to value 10
[CG 1] RMP=9.263158, pricing=ExactPricingSolver, new_columns=10
[CG 2] RMP=8.000000, pricing=ExactPricingSolver, new_columns=0
  搜索路径: [1, 2, 4, 5, 3, 8, 11, 14, 15, 16, 17, 19, 23, 24, 25, 27, 26, 30, 36, 37, 21, 22, 18, 33, 20, 31, 32, 53, 52, 54, 55, 57, 56, 10, 66, 67, 70, 71, 74, 75, 9, 80, 81, 84, 86, 87, 85, 92, 93, 43, 42, 12, 102, 103, 13, 108, 109, 49, 48, 114, 115, 116, 122, 123, 117, 118, 119, 62, 63, 106, 107, 99, 61, 60, 41, 98, 40, 138, 147, 148, 149, 139, 146, 162, 163, 166, 167, 168, 169, 170, 171, 143, 140, 112, 113, 184, 185, 150, 182, 183, 156, 157, 194, 195, 151, 202, 203, 204, 205, 208, 209, 214, 215, 136, 206, 207, 220, 221, 222, 223, 141, 137, 142, 197, 240, 241, 242, 243, 244, 245, 196, 90, 91, 78, 260, 261, 262, 263, 268, 269, 258, 274, 275, 259, 97, 96, 79, 266, 285, 282, 280, 284, 288, 289, 292, 293, 287, 281, 302, 303, 304, 305, 306, 312, 313, 307, 308, 309, 318, 319, 267, 283, 286, 326, 327, 328, 329, 330, 331, 334, 335, 336, 337, 340, 341, 300, 301, 339, 348, 349, 338, 172, 173, 352, 192, 193, 353, 344, 362, 363, 190, 145, 345, 144, 191, 295, 294, 265, 264, 382, 383, 384, 385, 332, 333, 325, 324, 160, 180, 181, 161, 350, 351, 343, 342, 188, 135, 397, 213, 410, 412, 413, 411, 212, 311, 299, 230, 291, 231, 290, 255, 254, 310, 130, 131, 428, 429, 440, 441, 433, 446, 447, 434, 435, 432, 403, 418, 419, 298, 189, 388, 470, 471, 402, 389, 396, 390, 391, 134, 165, 164, 486, 487, 490, 491, 492, 493, 498, 499, 500, 501, 387, 472, 473, 271, 270, 514, 515, 518, 519, 516, 517, 386, 502, 503, 219, 218, 322, 316, 409, 524, 279, 423, 200, 201, 179, 415, 427, 525, 531, 535, 534, 542, 543, 178, 278, 548, 549, 521, 552, 553, 554]
  列生成求解结果: 目标值=8.0000， 下界=8.0000， 上界=11.0000
    非整数变量: COL_0-13-19-20-27-7_1123 = 0.500000
  解不是整数，开始分支...
ImposedVertex(vertex=7)
ForbidVertex(vertex=7)
  创建了 2 个分支
    添加分支节点 1: ID=564
    添加分支节点 2: ID=565

处理节点 555
  开始列生成求解...
Set parameter LogToConsole to value 0
Set parameter Threads to value 1
Set parameter Seed to value 0
  定价策略: Exact, node=555, vertices=14
Set parameter PoolSearchMode to value 2
Set parameter PoolSolutions to value 10
[CG 1] RMP=9.000000, pricing=ExactPricingSolver, new_columns=0
  搜索路径: [1, 2, 4, 5, 3, 8, 11, 14, 15, 16, 17, 19, 23, 24, 25, 27, 26, 30, 36, 37, 21, 22, 18, 33, 20, 31, 32, 53, 52, 54, 55, 57, 56, 10, 66, 67, 70, 71, 74, 75, 9, 80, 81, 84, 86, 87, 85, 92, 93, 43, 42, 12, 102, 103, 13, 108, 109, 49, 48, 114, 115, 116, 122, 123, 117, 118, 119, 62, 63, 106, 107, 99, 61, 60, 41, 98, 40, 138, 147, 148, 149, 139, 146, 162, 163, 166, 167, 168, 169, 170, 171, 143, 140, 112, 113, 184, 185, 150, 182, 183, 156, 157, 194, 195, 151, 202, 203, 204, 205, 208, 209, 214, 215, 136, 206, 207, 220, 221, 222, 223, 141, 137, 142, 197, 240, 241, 242, 243, 244, 245, 196, 90, 91, 78, 260, 261, 262, 263, 268, 269, 258, 274, 275, 259, 97, 96, 79, 266, 285, 282, 280, 284, 288, 289, 292, 293, 287, 281, 302, 303, 304, 305, 306, 312, 313, 307, 308, 309, 318, 319, 267, 283, 286, 326, 327, 328, 329, 330, 331, 334, 335, 336, 337, 340, 341, 300, 301, 339, 348, 349, 338, 172, 173, 352, 192, 193, 353, 344, 362, 363, 190, 145, 345, 144, 191, 295, 294, 265, 264, 382, 383, 384, 385, 332, 333, 325, 324, 160, 180, 181, 161, 350, 351, 343, 342, 188, 135, 397, 213, 410, 412, 413, 411, 212, 311, 299, 230, 291, 231, 290, 255, 254, 310, 130, 131, 428, 429, 440, 441, 433, 446, 447, 434, 435, 432, 403, 418, 419, 298, 189, 388, 470, 471, 402, 389, 396, 390, 391, 134, 165, 164, 486, 487, 490, 491, 492, 493, 498, 499, 500, 501, 387, 472, 473, 271, 270, 514, 515, 518, 519, 516, 517, 386, 502, 503, 219, 218, 322, 316, 409, 524, 279, 423, 200, 201, 179, 415, 427, 525, 531, 535, 534, 542, 543, 178, 278, 548, 549, 521, 552, 553, 554, 555]
  列生成求解结果: 目标值=9.0000， 下界=8.0000， 上界=11.0000
    非整数变量: COL_0-13-15-20-24-28-7-9_443 = 0.238636
  解不是整数，开始分支...
ImposedVertex(vertex=28)
ForbidVertex(vertex=28)
  创建了 2 个分支
    添加分支节点 1: ID=566
    添加分支节点 2: ID=567

处理节点 558
  开始列生成求解...
Set parameter LogToConsole to value 0
Set parameter Threads to value 1
Set parameter Seed to value 0
  定价策略: Exact, node=558, vertices=13
Set parameter PoolSearchMode to value 2
Set parameter PoolSolutions to value 10
[CG 1] RMP=12.000000, pricing=ExactPricingSolver, new_columns=0
  搜索路径: [1, 2, 4, 5, 3, 8, 11, 14, 15, 16, 17, 19, 23, 24, 25, 27, 26, 30, 36, 37, 21, 22, 18, 33, 20, 31, 32, 53, 52, 54, 55, 57, 56, 10, 66, 67, 70, 71, 74, 75, 9, 80, 81, 84, 86, 87, 85, 92, 93, 43, 42, 12, 102, 103, 13, 108, 109, 49, 48, 114, 115, 116, 122, 123, 117, 118, 119, 62, 63, 106, 107, 99, 61, 60, 41, 98, 40, 138, 147, 148, 149, 139, 146, 162, 163, 166, 167, 168, 169, 170, 171, 143, 140, 112, 113, 184, 185, 150, 182, 183, 156, 157, 194, 195, 151, 202, 203, 204, 205, 208, 209, 214, 215, 136, 206, 207, 220, 221, 222, 223, 141, 137, 142, 197, 240, 241, 242, 243, 244, 245, 196, 90, 91, 78, 260, 261, 262, 263, 268, 269, 258, 274, 275, 259, 97, 96, 79, 266, 285, 282, 280, 284, 288, 289, 292, 293, 287, 281, 302, 303, 304, 305, 306, 312, 313, 307, 308, 309, 318, 319, 267, 283, 286, 326, 327, 328, 329, 330, 331, 334, 335, 336, 337, 340, 341, 300, 301, 339, 348, 349, 338, 172, 173, 352, 192, 193, 353, 344, 362, 363, 190, 145, 345, 144, 191, 295, 294, 265, 264, 382, 383, 384, 385, 332, 333, 325, 324, 160, 180, 181, 161, 350, 351, 343, 342, 188, 135, 397, 213, 410, 412, 413, 411, 212, 311, 299, 230, 291, 231, 290, 255, 254, 310, 130, 131, 428, 429, 440, 441, 433, 446, 447, 434, 435, 432, 403, 418, 419, 298, 189, 388, 470, 471, 402, 389, 396, 390, 391, 134, 165, 164, 486, 487, 490, 491, 492, 493, 498, 499, 500, 501, 387, 472, 473, 271, 270, 514, 515, 518, 519, 516, 517, 386, 502, 503, 219, 218, 322, 316, 409, 524, 279, 423, 200, 201, 179, 415, 427, 525, 531, 535, 534, 542, 543, 178, 278, 548, 549, 521, 552, 553, 554, 555, 558]
  列生成求解结果: 目标值=12.0000， 下界=8.0000， 上界=11.0000

处理节点 563
  开始列生成求解...
Set parameter LogToConsole to value 0
Set parameter Threads to value 1
Set parameter Seed to value 0
  定价策略: Exact, node=563, vertices=17
Set parameter PoolSearchMode to value 2
Set parameter PoolSolutions to value 10
[CG 1] RMP=12.000000, pricing=ExactPricingSolver, new_columns=0
  搜索路径: [1, 2, 4, 5, 3, 8, 11, 14, 15, 16, 17, 19, 23, 24, 25, 27, 26, 30, 36, 37, 21, 22, 18, 33, 20, 31, 32, 53, 52, 54, 55, 57, 56, 10, 66, 67, 70, 71, 74, 75, 9, 80, 81, 84, 86, 87, 85, 92, 93, 43, 42, 12, 102, 103, 13, 108, 109, 49, 48, 114, 115, 116, 122, 123, 117, 118, 119, 62, 63, 106, 107, 99, 61, 60, 41, 98, 40, 138, 147, 148, 149, 139, 146, 162, 163, 166, 167, 168, 169, 170, 171, 143, 140, 112, 113, 184, 185, 150, 182, 183, 156, 157, 194, 195, 151, 202, 203, 204, 205, 208, 209, 214, 215, 136, 206, 207, 220, 221, 222, 223, 141, 137, 142, 197, 240, 241, 242, 243, 244, 245, 196, 90, 91, 78, 260, 261, 262, 263, 268, 269, 258, 274, 275, 259, 97, 96, 79, 266, 285, 282, 280, 284, 288, 289, 292, 293, 287, 281, 302, 303, 304, 305, 306, 312, 313, 307, 308, 309, 318, 319, 267, 283, 286, 326, 327, 328, 329, 330, 331, 334, 335, 336, 337, 340, 341, 300, 301, 339, 348, 349, 338, 172, 173, 352, 192, 193, 353, 344, 362, 363, 190, 145, 345, 144, 191, 295, 294, 265, 264, 382, 383, 384, 385, 332, 333, 325, 324, 160, 180, 181, 161, 350, 351, 343, 342, 188, 135, 397, 213, 410, 412, 413, 411, 212, 311, 299, 230, 291, 231, 290, 255, 254, 310, 130, 131, 428, 429, 440, 441, 433, 446, 447, 434, 435, 432, 403, 418, 419, 298, 189, 388, 470, 471, 402, 389, 396, 390, 391, 134, 165, 164, 486, 487, 490, 491, 492, 493, 498, 499, 500, 501, 387, 472, 473, 271, 270, 514, 515, 518, 519, 516, 517, 386, 502, 503, 219, 218, 322, 316, 409, 524, 279, 423, 200, 201, 179, 415, 427, 525, 531, 535, 534, 542, 543, 178, 278, 548, 549, 521, 552, 553, 554, 555, 558, 563]
  列生成求解结果: 目标值=12.0000， 下界=8.0000， 上界=11.0000

处理节点 564
  开始列生成求解...
Set parameter LogToConsole to value 0
Set parameter Threads to value 1
Set parameter Seed to value 0
  定价策略: Exact, node=564, vertices=13
Set parameter PoolSearchMode to value 2
Set parameter PoolSolutions to value 10
[CG 1] RMP=8.000000, pricing=ExactPricingSolver, new_columns=0
  搜索路径: [1, 2, 4, 5, 3, 8, 11, 14, 15, 16, 17, 19, 23, 24, 25, 27, 26, 30, 36, 37, 21, 22, 18, 33, 20, 31, 32, 53, 52, 54, 55, 57, 56, 10, 66, 67, 70, 71, 74, 75, 9, 80, 81, 84, 86, 87, 85, 92, 93, 43, 42, 12, 102, 103, 13, 108, 109, 49, 48, 114, 115, 116, 122, 123, 117, 118, 119, 62, 63, 106, 107, 99, 61, 60, 41, 98, 40, 138, 147, 148, 149, 139, 146, 162, 163, 166, 167, 168, 169, 170, 171, 143, 140, 112, 113, 184, 185, 150, 182, 183, 156, 157, 194, 195, 151, 202, 203, 204, 205, 208, 209, 214, 215, 136, 206, 207, 220, 221, 222, 223, 141, 137, 142, 197, 240, 241, 242, 243, 244, 245, 196, 90, 91, 78, 260, 261, 262, 263, 268, 269, 258, 274, 275, 259, 97, 96, 79, 266, 285, 282, 280, 284, 288, 289, 292, 293, 287, 281, 302, 303, 304, 305, 306, 312, 313, 307, 308, 309, 318, 319, 267, 283, 286, 326, 327, 328, 329, 330, 331, 334, 335, 336, 337, 340, 341, 300, 301, 339, 348, 349, 338, 172, 173, 352, 192, 193, 353, 344, 362, 363, 190, 145, 345, 144, 191, 295, 294, 265, 264, 382, 383, 384, 385, 332, 333, 325, 324, 160, 180, 181, 161, 350, 351, 343, 342, 188, 135, 397, 213, 410, 412, 413, 411, 212, 311, 299, 230, 291, 231, 290, 255, 254, 310, 130, 131, 428, 429, 440, 441, 433, 446, 447, 434, 435, 432, 403, 418, 419, 298, 189, 388, 470, 471, 402, 389, 396, 390, 391, 134, 165, 164, 486, 487, 490, 491, 492, 493, 498, 499, 500, 501, 387, 472, 473, 271, 270, 514, 515, 518, 519, 516, 517, 386, 502, 503, 219, 218, 322, 316, 409, 524, 279, 423, 200, 201, 179, 415, 427, 525, 531, 535, 534, 542, 543, 178, 278, 548, 549, 521, 552, 553, 554, 555, 558, 563, 564]
  列生成求解结果: 目标值=8.0000， 下界=8.0000， 上界=11.0000
    非整数变量: COL_15-23-27-4_418 = 0.295455
  解不是整数，开始分支...
ImposedVertex(vertex=27)
ForbidVertex(vertex=27)
  创建了 2 个分支
    添加分支节点 1: ID=568
    添加分支节点 2: ID=569

处理节点 565
  开始列生成求解...
Set parameter LogToConsole to value 0
Set parameter Threads to value 1
Set parameter Seed to value 0
  定价策略: Exact, node=565, vertices=13
Set parameter PoolSearchMode to value 2
Set parameter PoolSolutions to value 10
[CG 1] RMP=12.000000, pricing=ExactPricingSolver, new_columns=0
  搜索路径: [1, 2, 4, 5, 3, 8, 11, 14, 15, 16, 17, 19, 23, 24, 25, 27, 26, 30, 36, 37, 21, 22, 18, 33, 20, 31, 32, 53, 52, 54, 55, 57, 56, 10, 66, 67, 70, 71, 74, 75, 9, 80, 81, 84, 86, 87, 85, 92, 93, 43, 42, 12, 102, 103, 13, 108, 109, 49, 48, 114, 115, 116, 122, 123, 117, 118, 119, 62, 63, 106, 107, 99, 61, 60, 41, 98, 40, 138, 147, 148, 149, 139, 146, 162, 163, 166, 167, 168, 169, 170, 171, 143, 140, 112, 113, 184, 185, 150, 182, 183, 156, 157, 194, 195, 151, 202, 203, 204, 205, 208, 209, 214, 215, 136, 206, 207, 220, 221, 222, 223, 141, 137, 142, 197, 240, 241, 242, 243, 244, 245, 196, 90, 91, 78, 260, 261, 262, 263, 268, 269, 258, 274, 275, 259, 97, 96, 79, 266, 285, 282, 280, 284, 288, 289, 292, 293, 287, 281, 302, 303, 304, 305, 306, 312, 313, 307, 308, 309, 318, 319, 267, 283, 286, 326, 327, 328, 329, 330, 331, 334, 335, 336, 337, 340, 341, 300, 301, 339, 348, 349, 338, 172, 173, 352, 192, 193, 353, 344, 362, 363, 190, 145, 345, 144, 191, 295, 294, 265, 264, 382, 383, 384, 385, 332, 333, 325, 324, 160, 180, 181, 161, 350, 351, 343, 342, 188, 135, 397, 213, 410, 412, 413, 411, 212, 311, 299, 230, 291, 231, 290, 255, 254, 310, 130, 131, 428, 429, 440, 441, 433, 446, 447, 434, 435, 432, 403, 418, 419, 298, 189, 388, 470, 471, 402, 389, 396, 390, 391, 134, 165, 164, 486, 487, 490, 491, 492, 493, 498, 499, 500, 501, 387, 472, 473, 271, 270, 514, 515, 518, 519, 516, 517, 386, 502, 503, 219, 218, 322, 316, 409, 524, 279, 423, 200, 201, 179, 415, 427, 525, 531, 535, 534, 542, 543, 178, 278, 548, 549, 521, 552, 553, 554, 555, 558, 563, 564, 565]
  列生成求解结果: 目标值=12.0000， 下界=8.0000， 上界=11.0000

处理节点 559
  开始列生成求解...
Set parameter LogToConsole to value 0
Set parameter Threads to value 1
Set parameter Seed to value 0
  定价策略: Exact, node=559, vertices=13
Set parameter PoolSearchMode to value 2
Set parameter PoolSolutions to value 10
[CG 1] RMP=11.000000, pricing=ExactPricingSolver, new_columns=0
  搜索路径: [1, 2, 4, 5, 3, 8, 11, 14, 15, 16, 17, 19, 23, 24, 25, 27, 26, 30, 36, 37, 21, 22, 18, 33, 20, 31, 32, 53, 52, 54, 55, 57, 56, 10, 66, 67, 70, 71, 74, 75, 9, 80, 81, 84, 86, 87, 85, 92, 93, 43, 42, 12, 102, 103, 13, 108, 109, 49, 48, 114, 115, 116, 122, 123, 117, 118, 119, 62, 63, 106, 107, 99, 61, 60, 41, 98, 40, 138, 147, 148, 149, 139, 146, 162, 163, 166, 167, 168, 169, 170, 171, 143, 140, 112, 113, 184, 185, 150, 182, 183, 156, 157, 194, 195, 151, 202, 203, 204, 205, 208, 209, 214, 215, 136, 206, 207, 220, 221, 222, 223, 141, 137, 142, 197, 240, 241, 242, 243, 244, 245, 196, 90, 91, 78, 260, 261, 262, 263, 268, 269, 258, 274, 275, 259, 97, 96, 79, 266, 285, 282, 280, 284, 288, 289, 292, 293, 287, 281, 302, 303, 304, 305, 306, 312, 313, 307, 308, 309, 318, 319, 267, 283, 286, 326, 327, 328, 329, 330, 331, 334, 335, 336, 337, 340, 341, 300, 301, 339, 348, 349, 338, 172, 173, 352, 192, 193, 353, 344, 362, 363, 190, 145, 345, 144, 191, 295, 294, 265, 264, 382, 383, 384, 385, 332, 333, 325, 324, 160, 180, 181, 161, 350, 351, 343, 342, 188, 135, 397, 213, 410, 412, 413, 411, 212, 311, 299, 230, 291, 231, 290, 255, 254, 310, 130, 131, 428, 429, 440, 441, 433, 446, 447, 434, 435, 432, 403, 418, 419, 298, 189, 388, 470, 471, 402, 389, 396, 390, 391, 134, 165, 164, 486, 487, 490, 491, 492, 493, 498, 499, 500, 501, 387, 472, 473, 271, 270, 514, 515, 518, 519, 516, 517, 386, 502, 503, 219, 218, 322, 316, 409, 524, 279, 423, 200, 201, 179, 415, 427, 525, 531, 535, 534, 542, 543, 178, 278, 548, 549, 521, 552, 553, 554, 555, 558, 563, 564, 565, 559]
  列生成求解结果: 目标值=11.0000， 下界=8.0000， 上界=11.0000

处理节点 562
  开始列生成求解...
Set parameter LogToConsole to value 0
Set parameter Threads to value 1
Set parameter Seed to value 0
  定价策略: Exact, node=562, vertices=17
Set parameter PoolSearchMode to value 2
Set parameter PoolSolutions to value 10
[CG 1] RMP=1011.000000, pricing=ExactPricingSolver, new_columns=10
[CG 2] RMP=8.000000, pricing=ExactPricingSolver, new_columns=0
  搜索路径: [1, 2, 4, 5, 3, 8, 11, 14, 15, 16, 17, 19, 23, 24, 25, 27, 26, 30, 36, 37, 21, 22, 18, 33, 20, 31, 32, 53, 52, 54, 55, 57, 56, 10, 66, 67, 70, 71, 74, 75, 9, 80, 81, 84, 86, 87, 85, 92, 93, 43, 42, 12, 102, 103, 13, 108, 109, 49, 48, 114, 115, 116, 122, 123, 117, 118, 119, 62, 63, 106, 107, 99, 61, 60, 41, 98, 40, 138, 147, 148, 149, 139, 146, 162, 163, 166, 167, 168, 169, 170, 171, 143, 140, 112, 113, 184, 185, 150, 182, 183, 156, 157, 194, 195, 151, 202, 203, 204, 205, 208, 209, 214, 215, 136, 206, 207, 220, 221, 222, 223, 141, 137, 142, 197, 240, 241, 242, 243, 244, 245, 196, 90, 91, 78, 260, 261, 262, 263, 268, 269, 258, 274, 275, 259, 97, 96, 79, 266, 285, 282, 280, 284, 288, 289, 292, 293, 287, 281, 302, 303, 304, 305, 306, 312, 313, 307, 308, 309, 318, 319, 267, 283, 286, 326, 327, 328, 329, 330, 331, 334, 335, 336, 337, 340, 341, 300, 301, 339, 348, 349, 338, 172, 173, 352, 192, 193, 353, 344, 362, 363, 190, 145, 345, 144, 191, 295, 294, 265, 264, 382, 383, 384, 385, 332, 333, 325, 324, 160, 180, 181, 161, 350, 351, 343, 342, 188, 135, 397, 213, 410, 412, 413, 411, 212, 311, 299, 230, 291, 231, 290, 255, 254, 310, 130, 131, 428, 429, 440, 441, 433, 446, 447, 434, 435, 432, 403, 418, 419, 298, 189, 388, 470, 471, 402, 389, 396, 390, 391, 134, 165, 164, 486, 487, 490, 491, 492, 493, 498, 499, 500, 501, 387, 472, 473, 271, 270, 514, 515, 518, 519, 516, 517, 386, 502, 503, 219, 218, 322, 316, 409, 524, 279, 423, 200, 201, 179, 415, 427, 525, 531, 535, 534, 542, 543, 178, 278, 548, 549, 521, 552, 553, 554, 555, 558, 563, 564, 565, 559, 562]
  列生成求解结果: 目标值=8.0000， 下界=8.0000， 上界=11.0000
    非整数变量: COL_17-4-9_218 = 0.333333
  解不是整数，开始分支...
ImposedVertex(vertex=9)
ForbidVertex(vertex=9)
  创建了 2 个分支
    添加分支节点 1: ID=570
    添加分支节点 2: ID=571

处理节点 568
  开始列生成求解...
Set parameter LogToConsole to value 0
Set parameter Threads to value 1
Set parameter Seed to value 0
  定价策略: Exact, node=568, vertices=12
Set parameter PoolSearchMode to value 2
Set parameter PoolSolutions to value 10
[CG 1] RMP=11.000000, pricing=ExactPricingSolver, new_columns=0
  搜索路径: [1, 2, 4, 5, 3, 8, 11, 14, 15, 16, 17, 19, 23, 24, 25, 27, 26, 30, 36, 37, 21, 22, 18, 33, 20, 31, 32, 53, 52, 54, 55, 57, 56, 10, 66, 67, 70, 71, 74, 75, 9, 80, 81, 84, 86, 87, 85, 92, 93, 43, 42, 12, 102, 103, 13, 108, 109, 49, 48, 114, 115, 116, 122, 123, 117, 118, 119, 62, 63, 106, 107, 99, 61, 60, 41, 98, 40, 138, 147, 148, 149, 139, 146, 162, 163, 166, 167, 168, 169, 170, 171, 143, 140, 112, 113, 184, 185, 150, 182, 183, 156, 157, 194, 195, 151, 202, 203, 204, 205, 208, 209, 214, 215, 136, 206, 207, 220, 221, 222, 223, 141, 137, 142, 197, 240, 241, 242, 243, 244, 245, 196, 90, 91, 78, 260, 261, 262, 263, 268, 269, 258, 274, 275, 259, 97, 96, 79, 266, 285, 282, 280, 284, 288, 289, 292, 293, 287, 281, 302, 303, 304, 305, 306, 312, 313, 307, 308, 309, 318, 319, 267, 283, 286, 326, 327, 328, 329, 330, 331, 334, 335, 336, 337, 340, 341, 300, 301, 339, 348, 349, 338, 172, 173, 352, 192, 193, 353, 344, 362, 363, 190, 145, 345, 144, 191, 295, 294, 265, 264, 382, 383, 384, 385, 332, 333, 325, 324, 160, 180, 181, 161, 350, 351, 343, 342, 188, 135, 397, 213, 410, 412, 413, 411, 212, 311, 299, 230, 291, 231, 290, 255, 254, 310, 130, 131, 428, 429, 440, 441, 433, 446, 447, 434, 435, 432, 403, 418, 419, 298, 189, 388, 470, 471, 402, 389, 396, 390, 391, 134, 165, 164, 486, 487, 490, 491, 492, 493, 498, 499, 500, 501, 387, 472, 473, 271, 270, 514, 515, 518, 519, 516, 517, 386, 502, 503, 219, 218, 322, 316, 409, 524, 279, 423, 200, 201, 179, 415, 427, 525, 531, 535, 534, 542, 543, 178, 278, 548, 549, 521, 552, 553, 554, 555, 558, 563, 564, 565, 559, 562, 568]
  列生成求解结果: 目标值=11.0000， 下界=8.0000， 上界=11.0000

处理节点 569
  开始列生成求解...
Set parameter LogToConsole to value 0
Set parameter Threads to value 1
Set parameter Seed to value 0
  定价策略: Exact, node=569, vertices=12
Set parameter PoolSearchMode to value 2
Set parameter PoolSolutions to value 10
[CG 1] RMP=16.000000, pricing=ExactPricingSolver, new_columns=10
[CG 2] RMP=12.000000, pricing=ExactPricingSolver, new_columns=0
  搜索路径: [1, 2, 4, 5, 3, 8, 11, 14, 15, 16, 17, 19, 23, 24, 25, 27, 26, 30, 36, 37, 21, 22, 18, 33, 20, 31, 32, 53, 52, 54, 55, 57, 56, 10, 66, 67, 70, 71, 74, 75, 9, 80, 81, 84, 86, 87, 85, 92, 93, 43, 42, 12, 102, 103, 13, 108, 109, 49, 48, 114, 115, 116, 122, 123, 117, 118, 119, 62, 63, 106, 107, 99, 61, 60, 41, 98, 40, 138, 147, 148, 149, 139, 146, 162, 163, 166, 167, 168, 169, 170, 171, 143, 140, 112, 113, 184, 185, 150, 182, 183, 156, 157, 194, 195, 151, 202, 203, 204, 205, 208, 209, 214, 215, 136, 206, 207, 220, 221, 222, 223, 141, 137, 142, 197, 240, 241, 242, 243, 244, 245, 196, 90, 91, 78, 260, 261, 262, 263, 268, 269, 258, 274, 275, 259, 97, 96, 79, 266, 285, 282, 280, 284, 288, 289, 292, 293, 287, 281, 302, 303, 304, 305, 306, 312, 313, 307, 308, 309, 318, 319, 267, 283, 286, 326, 327, 328, 329, 330, 331, 334, 335, 336, 337, 340, 341, 300, 301, 339, 348, 349, 338, 172, 173, 352, 192, 193, 353, 344, 362, 363, 190, 145, 345, 144, 191, 295, 294, 265, 264, 382, 383, 384, 385, 332, 333, 325, 324, 160, 180, 181, 161, 350, 351, 343, 342, 188, 135, 397, 213, 410, 412, 413, 411, 212, 311, 299, 230, 291, 231, 290, 255, 254, 310, 130, 131, 428, 429, 440, 441, 433, 446, 447, 434, 435, 432, 403, 418, 419, 298, 189, 388, 470, 471, 402, 389, 396, 390, 391, 134, 165, 164, 486, 487, 490, 491, 492, 493, 498, 499, 500, 501, 387, 472, 473, 271, 270, 514, 515, 518, 519, 516, 517, 386, 502, 503, 219, 218, 322, 316, 409, 524, 279, 423, 200, 201, 179, 415, 427, 525, 531, 535, 534, 542, 543, 178, 278, 548, 549, 521, 552, 553, 554, 555, 558, 563, 564, 565, 559, 562, 568, 569]
  列生成求解结果: 目标值=12.0000， 下界=8.0000， 上界=11.0000

处理节点 530
  开始列生成求解...
Set parameter LogToConsole to value 0
Set parameter Threads to value 1
Set parameter Seed to value 0
  定价策略: Exact, node=530, vertices=12
Set parameter PoolSearchMode to value 2
Set parameter PoolSolutions to value 10
[CG 1] RMP=1010.000000, pricing=ExactPricingSolver, new_columns=10
[CG 2] RMP=10.000000, pricing=ExactPricingSolver, new_columns=0
  搜索路径: [1, 2, 4, 5, 3, 8, 11, 14, 15, 16, 17, 19, 23, 24, 25, 27, 26, 30, 36, 37, 21, 22, 18, 33, 20, 31, 32, 53, 52, 54, 55, 57, 56, 10, 66, 67, 70, 71, 74, 75, 9, 80, 81, 84, 86, 87, 85, 92, 93, 43, 42, 12, 102, 103, 13, 108, 109, 49, 48, 114, 115, 116, 122, 123, 117, 118, 119, 62, 63, 106, 107, 99, 61, 60, 41, 98, 40, 138, 147, 148, 149, 139, 146, 162, 163, 166, 167, 168, 169, 170, 171, 143, 140, 112, 113, 184, 185, 150, 182, 183, 156, 157, 194, 195, 151, 202, 203, 204, 205, 208, 209, 214, 215, 136, 206, 207, 220, 221, 222, 223, 141, 137, 142, 197, 240, 241, 242, 243, 244, 245, 196, 90, 91, 78, 260, 261, 262, 263, 268, 269, 258, 274, 275, 259, 97, 96, 79, 266, 285, 282, 280, 284, 288, 289, 292, 293, 287, 281, 302, 303, 304, 305, 306, 312, 313, 307, 308, 309, 318, 319, 267, 283, 286, 326, 327, 328, 329, 330, 331, 334, 335, 336, 337, 340, 341, 300, 301, 339, 348, 349, 338, 172, 173, 352, 192, 193, 353, 344, 362, 363, 190, 145, 345, 144, 191, 295, 294, 265, 264, 382, 383, 384, 385, 332, 333, 325, 324, 160, 180, 181, 161, 350, 351, 343, 342, 188, 135, 397, 213, 410, 412, 413, 411, 212, 311, 299, 230, 291, 231, 290, 255, 254, 310, 130, 131, 428, 429, 440, 441, 433, 446, 447, 434, 435, 432, 403, 418, 419, 298, 189, 388, 470, 471, 402, 389, 396, 390, 391, 134, 165, 164, 486, 487, 490, 491, 492, 493, 498, 499, 500, 501, 387, 472, 473, 271, 270, 514, 515, 518, 519, 516, 517, 386, 502, 503, 219, 218, 322, 316, 409, 524, 279, 423, 200, 201, 179, 415, 427, 525, 531, 535, 534, 542, 543, 178, 278, 548, 549, 521, 552, 553, 554, 555, 558, 563, 564, 565, 559, 562, 568, 569, 530]
  列生成求解结果: 目标值=10.0000， 下界=8.0000， 上界=11.0000
    非整数变量: COL_17-19-4-7_221 = 0.250000
  解不是整数，开始分支...
规则2分支: vertices=1-9, fractionality=0.500000
SameColor(vertex_pair=1-9)
DifferentColor(vertex_pair=1-9)
  创建了 2 个分支
    添加分支节点 1: ID=572
    添加分支节点 2: ID=573

处理节点 571
  开始列生成求解...
Set parameter LogToConsole to value 0
Set parameter Threads to value 1
Set parameter Seed to value 0
  定价策略: Exact, node=571, vertices=16
Set parameter PoolSearchMode to value 2
Set parameter PoolSolutions to value 10
[CG 1] RMP=11.000000, pricing=ExactPricingSolver, new_columns=0
  搜索路径: [1, 2, 4, 5, 3, 8, 11, 14, 15, 16, 17, 19, 23, 24, 25, 27, 26, 30, 36, 37, 21, 22, 18, 33, 20, 31, 32, 53, 52, 54, 55, 57, 56, 10, 66, 67, 70, 71, 74, 75, 9, 80, 81, 84, 86, 87, 85, 92, 93, 43, 42, 12, 102, 103, 13, 108, 109, 49, 48, 114, 115, 116, 122, 123, 117, 118, 119, 62, 63, 106, 107, 99, 61, 60, 41, 98, 40, 138, 147, 148, 149, 139, 146, 162, 163, 166, 167, 168, 169, 170, 171, 143, 140, 112, 113, 184, 185, 150, 182, 183, 156, 157, 194, 195, 151, 202, 203, 204, 205, 208, 209, 214, 215, 136, 206, 207, 220, 221, 222, 223, 141, 137, 142, 197, 240, 241, 242, 243, 244, 245, 196, 90, 91, 78, 260, 261, 262, 263, 268, 269, 258, 274, 275, 259, 97, 96, 79, 266, 285, 282, 280, 284, 288, 289, 292, 293, 287, 281, 302, 303, 304, 305, 306, 312, 313, 307, 308, 309, 318, 319, 267, 283, 286, 326, 327, 328, 329, 330, 331, 334, 335, 336, 337, 340, 341, 300, 301, 339, 348, 349, 338, 172, 173, 352, 192, 193, 353, 344, 362, 363, 190, 145, 345, 144, 191, 295, 294, 265, 264, 382, 383, 384, 385, 332, 333, 325, 324, 160, 180, 181, 161, 350, 351, 343, 342, 188, 135, 397, 213, 410, 412, 413, 411, 212, 311, 299, 230, 291, 231, 290, 255, 254, 310, 130, 131, 428, 429, 440, 441, 433, 446, 447, 434, 435, 432, 403, 418, 419, 298, 189, 388, 470, 471, 402, 389, 396, 390, 391, 134, 165, 164, 486, 487, 490, 491, 492, 493, 498, 499, 500, 501, 387, 472, 473, 271, 270, 514, 515, 518, 519, 516, 517, 386, 502, 503, 219, 218, 322, 316, 409, 524, 279, 423, 200, 201, 179, 415, 427, 525, 531, 535, 534, 542, 543, 178, 278, 548, 549, 521, 552, 553, 554, 555, 558, 563, 564, 565, 559, 562, 568, 569, 530, 571]
  列生成求解结果: 目标值=11.0000， 下界=8.0000， 上界=11.0000

处理节点 359
  开始列生成求解...
Set parameter LogToConsole to value 0
Set parameter Threads to value 1
Set parameter Seed to value 0
  定价策略: Exact, node=359, vertices=15
Set parameter PoolSearchMode to value 2
Set parameter PoolSolutions to value 10
[CG 1] RMP=12.000000, pricing=ExactPricingSolver, new_columns=0
  搜索路径: [1, 2, 4, 5, 3, 8, 11, 14, 15, 16, 17, 19, 23, 24, 25, 27, 26, 30, 36, 37, 21, 22, 18, 33, 20, 31, 32, 53, 52, 54, 55, 57, 56, 10, 66, 67, 70, 71, 74, 75, 9, 80, 81, 84, 86, 87, 85, 92, 93, 43, 42, 12, 102, 103, 13, 108, 109, 49, 48, 114, 115, 116, 122, 123, 117, 118, 119, 62, 63, 106, 107, 99, 61, 60, 41, 98, 40, 138, 147, 148, 149, 139, 146, 162, 163, 166, 167, 168, 169, 170, 171, 143, 140, 112, 113, 184, 185, 150, 182, 183, 156, 157, 194, 195, 151, 202, 203, 204, 205, 208, 209, 214, 215, 136, 206, 207, 220, 221, 222, 223, 141, 137, 142, 197, 240, 241, 242, 243, 244, 245, 196, 90, 91, 78, 260, 261, 262, 263, 268, 269, 258, 274, 275, 259, 97, 96, 79, 266, 285, 282, 280, 284, 288, 289, 292, 293, 287, 281, 302, 303, 304, 305, 306, 312, 313, 307, 308, 309, 318, 319, 267, 283, 286, 326, 327, 328, 329, 330, 331, 334, 335, 336, 337, 340, 341, 300, 301, 339, 348, 349, 338, 172, 173, 352, 192, 193, 353, 344, 362, 363, 190, 145, 345, 144, 191, 295, 294, 265, 264, 382, 383, 384, 385, 332, 333, 325, 324, 160, 180, 181, 161, 350, 351, 343, 342, 188, 135, 397, 213, 410, 412, 413, 411, 212, 311, 299, 230, 291, 231, 290, 255, 254, 310, 130, 131, 428, 429, 440, 441, 433, 446, 447, 434, 435, 432, 403, 418, 419, 298, 189, 388, 470, 471, 402, 389, 396, 390, 391, 134, 165, 164, 486, 487, 490, 491, 492, 493, 498, 499, 500, 501, 387, 472, 473, 271, 270, 514, 515, 518, 519, 516, 517, 386, 502, 503, 219, 218, 322, 316, 409, 524, 279, 423, 200, 201, 179, 415, 427, 525, 531, 535, 534, 542, 543, 178, 278, 548, 549, 521, 552, 553, 554, 555, 558, 563, 564, 565, 559, 562, 568, 569, 530, 571, 359]
  列生成求解结果: 目标值=12.0000， 下界=8.0000， 上界=11.0000

处理节点 570
  开始列生成求解...
Set parameter LogToConsole to value 0
Set parameter Threads to value 1
Set parameter Seed to value 0
  定价策略: Exact, node=570, vertices=16
Set parameter PoolSearchMode to value 2
Set parameter PoolSolutions to value 10
[CG 1] RMP=8.000000, pricing=ExactPricingSolver, new_columns=0
  搜索路径: [1, 2, 4, 5, 3, 8, 11, 14, 15, 16, 17, 19, 23, 24, 25, 27, 26, 30, 36, 37, 21, 22, 18, 33, 20, 31, 32, 53, 52, 54, 55, 57, 56, 10, 66, 67, 70, 71, 74, 75, 9, 80, 81, 84, 86, 87, 85, 92, 93, 43, 42, 12, 102, 103, 13, 108, 109, 49, 48, 114, 115, 116, 122, 123, 117, 118, 119, 62, 63, 106, 107, 99, 61, 60, 41, 98, 40, 138, 147, 148, 149, 139, 146, 162, 163, 166, 167, 168, 169, 170, 171, 143, 140, 112, 113, 184, 185, 150, 182, 183, 156, 157, 194, 195, 151, 202, 203, 204, 205, 208, 209, 214, 215, 136, 206, 207, 220, 221, 222, 223, 141, 137, 142, 197, 240, 241, 242, 243, 244, 245, 196, 90, 91, 78, 260, 261, 262, 263, 268, 269, 258, 274, 275, 259, 97, 96, 79, 266, 285, 282, 280, 284, 288, 289, 292, 293, 287, 281, 302, 303, 304, 305, 306, 312, 313, 307, 308, 309, 318, 319, 267, 283, 286, 326, 327, 328, 329, 330, 331, 334, 335, 336, 337, 340, 341, 300, 301, 339, 348, 349, 338, 172, 173, 352, 192, 193, 353, 344, 362, 363, 190, 145, 345, 144, 191, 295, 294, 265, 264, 382, 383, 384, 385, 332, 333, 325, 324, 160, 180, 181, 161, 350, 351, 343, 342, 188, 135, 397, 213, 410, 412, 413, 411, 212, 311, 299, 230, 291, 231, 290, 255, 254, 310, 130, 131, 428, 429, 440, 441, 433, 446, 447, 434, 435, 432, 403, 418, 419, 298, 189, 388, 470, 471, 402, 389, 396, 390, 391, 134, 165, 164, 486, 487, 490, 491, 492, 493, 498, 499, 500, 501, 387, 472, 473, 271, 270, 514, 515, 518, 519, 516, 517, 386, 502, 503, 219, 218, 322, 316, 409, 524, 279, 423, 200, 201, 179, 415, 427, 525, 531, 535, 534, 542, 543, 178, 278, 548, 549, 521, 552, 553, 554, 555, 558, 563, 564, 565, 559, 562, 568, 569, 530, 571, 359, 570]
  列生成求解结果: 目标值=8.0000， 下界=8.0000， 上界=11.0000
    非整数变量: COL_17-4-9_218 = 0.500000
  解不是整数，开始分支...
ImposedVertex(vertex=11)
ForbidVertex(vertex=11)
  创建了 2 个分支
    添加分支节点 1: ID=574
    添加分支节点 2: ID=575

处理节点 520
  开始列生成求解...
Set parameter LogToConsole to value 0
Set parameter Threads to value 1
Set parameter Seed to value 0
  定价策略: Exact, node=520, vertices=13
Set parameter PoolSearchMode to value 2
Set parameter PoolSolutions to value 10
[CG 1] RMP=11.000000, pricing=ExactPricingSolver, new_columns=0
  搜索路径: [1, 2, 4, 5, 3, 8, 11, 14, 15, 16, 17, 19, 23, 24, 25, 27, 26, 30, 36, 37, 21, 22, 18, 33, 20, 31, 32, 53, 52, 54, 55, 57, 56, 10, 66, 67, 70, 71, 74, 75, 9, 80, 81, 84, 86, 87, 85, 92, 93, 43, 42, 12, 102, 103, 13, 108, 109, 49, 48, 114, 115, 116, 122, 123, 117, 118, 119, 62, 63, 106, 107, 99, 61, 60, 41, 98, 40, 138, 147, 148, 149, 139, 146, 162, 163, 166, 167, 168, 169, 170, 171, 143, 140, 112, 113, 184, 185, 150, 182, 183, 156, 157, 194, 195, 151, 202, 203, 204, 205, 208, 209, 214, 215, 136, 206, 207, 220, 221, 222, 223, 141, 137, 142, 197, 240, 241, 242, 243, 244, 245, 196, 90, 91, 78, 260, 261, 262, 263, 268, 269, 258, 274, 275, 259, 97, 96, 79, 266, 285, 282, 280, 284, 288, 289, 292, 293, 287, 281, 302, 303, 304, 305, 306, 312, 313, 307, 308, 309, 318, 319, 267, 283, 286, 326, 327, 328, 329, 330, 331, 334, 335, 336, 337, 340, 341, 300, 301, 339, 348, 349, 338, 172, 173, 352, 192, 193, 353, 344, 362, 363, 190, 145, 345, 144, 191, 295, 294, 265, 264, 382, 383, 384, 385, 332, 333, 325, 324, 160, 180, 181, 161, 350, 351, 343, 342, 188, 135, 397, 213, 410, 412, 413, 411, 212, 311, 299, 230, 291, 231, 290, 255, 254, 310, 130, 131, 428, 429, 440, 441, 433, 446, 447, 434, 435, 432, 403, 418, 419, 298, 189, 388, 470, 471, 402, 389, 396, 390, 391, 134, 165, 164, 486, 487, 490, 491, 492, 493, 498, 499, 500, 501, 387, 472, 473, 271, 270, 514, 515, 518, 519, 516, 517, 386, 502, 503, 219, 218, 322, 316, 409, 524, 279, 423, 200, 201, 179, 415, 427, 525, 531, 535, 534, 542, 543, 178, 278, 548, 549, 521, 552, 553, 554, 555, 558, 563, 564, 565, 559, 562, 568, 569, 530, 571, 359, 570, 520]
  列生成求解结果: 目标值=11.0000， 下界=8.0000， 上界=11.0000

处理节点 317
  开始列生成求解...
Set parameter LogToConsole to value 0
Set parameter Threads to value 1
Set parameter Seed to value 0
  定价策略: Exact, node=317, vertices=17
Set parameter PoolSearchMode to value 2
Set parameter PoolSolutions to value 10
[CG 1] RMP=12.000000, pricing=ExactPricingSolver, new_columns=0
  搜索路径: [1, 2, 4, 5, 3, 8, 11, 14, 15, 16, 17, 19, 23, 24, 25, 27, 26, 30, 36, 37, 21, 22, 18, 33, 20, 31, 32, 53, 52, 54, 55, 57, 56, 10, 66, 67, 70, 71, 74, 75, 9, 80, 81, 84, 86, 87, 85, 92, 93, 43, 42, 12, 102, 103, 13, 108, 109, 49, 48, 114, 115, 116, 122, 123, 117, 118, 119, 62, 63, 106, 107, 99, 61, 60, 41, 98, 40, 138, 147, 148, 149, 139, 146, 162, 163, 166, 167, 168, 169, 170, 171, 143, 140, 112, 113, 184, 185, 150, 182, 183, 156, 157, 194, 195, 151, 202, 203, 204, 205, 208, 209, 214, 215, 136, 206, 207, 220, 221, 222, 223, 141, 137, 142, 197, 240, 241, 242, 243, 244, 245, 196, 90, 91, 78, 260, 261, 262, 263, 268, 269, 258, 274, 275, 259, 97, 96, 79, 266, 285, 282, 280, 284, 288, 289, 292, 293, 287, 281, 302, 303, 304, 305, 306, 312, 313, 307, 308, 309, 318, 319, 267, 283, 286, 326, 327, 328, 329, 330, 331, 334, 335, 336, 337, 340, 341, 300, 301, 339, 348, 349, 338, 172, 173, 352, 192, 193, 353, 344, 362, 363, 190, 145, 345, 144, 191, 295, 294, 265, 264, 382, 383, 384, 385, 332, 333, 325, 324, 160, 180, 181, 161, 350, 351, 343, 342, 188, 135, 397, 213, 410, 412, 413, 411, 212, 311, 299, 230, 291, 231, 290, 255, 254, 310, 130, 131, 428, 429, 440, 441, 433, 446, 447, 434, 435, 432, 403, 418, 419, 298, 189, 388, 470, 471, 402, 389, 396, 390, 391, 134, 165, 164, 486, 487, 490, 491, 492, 493, 498, 499, 500, 501, 387, 472, 473, 271, 270, 514, 515, 518, 519, 516, 517, 386, 502, 503, 219, 218, 322, 316, 409, 524, 279, 423, 200, 201, 179, 415, 427, 525, 531, 535, 534, 542, 543, 178, 278, 548, 549, 521, 552, 553, 554, 555, 558, 563, 564, 565, 559, 562, 568, 569, 530, 571, 359, 570, 520, 317]
  列生成求解结果: 目标值=12.0000， 下界=8.0000， 上界=11.0000

处理节点 176
  开始列生成求解...
Set parameter LogToConsole to value 0
Set parameter Threads to value 1
Set parameter Seed to value 0
  定价策略: Exact, node=176, vertices=15
Set parameter PoolSearchMode to value 2
Set parameter PoolSolutions to value 10
[CG 1] RMP=1010.000000, pricing=ExactPricingSolver, new_columns=10
[CG 2] RMP=9.000000, pricing=ExactPricingSolver, new_columns=0
  搜索路径: [1, 2, 4, 5, 3, 8, 11, 14, 15, 16, 17, 19, 23, 24, 25, 27, 26, 30, 36, 37, 21, 22, 18, 33, 20, 31, 32, 53, 52, 54, 55, 57, 56, 10, 66, 67, 70, 71, 74, 75, 9, 80, 81, 84, 86, 87, 85, 92, 93, 43, 42, 12, 102, 103, 13, 108, 109, 49, 48, 114, 115, 116, 122, 123, 117, 118, 119, 62, 63, 106, 107, 99, 61, 60, 41, 98, 40, 138, 147, 148, 149, 139, 146, 162, 163, 166, 167, 168, 169, 170, 171, 143, 140, 112, 113, 184, 185, 150, 182, 183, 156, 157, 194, 195, 151, 202, 203, 204, 205, 208, 209, 214, 215, 136, 206, 207, 220, 221, 222, 223, 141, 137, 142, 197, 240, 241, 242, 243, 244, 245, 196, 90, 91, 78, 260, 261, 262, 263, 268, 269, 258, 274, 275, 259, 97, 96, 79, 266, 285, 282, 280, 284, 288, 289, 292, 293, 287, 281, 302, 303, 304, 305, 306, 312, 313, 307, 308, 309, 318, 319, 267, 283, 286, 326, 327, 328, 329, 330, 331, 334, 335, 336, 337, 340, 341, 300, 301, 339, 348, 349, 338, 172, 173, 352, 192, 193, 353, 344, 362, 363, 190, 145, 345, 144, 191, 295, 294, 265, 264, 382, 383, 384, 385, 332, 333, 325, 324, 160, 180, 181, 161, 350, 351, 343, 342, 188, 135, 397, 213, 410, 412, 413, 411, 212, 311, 299, 230, 291, 231, 290, 255, 254, 310, 130, 131, 428, 429, 440, 441, 433, 446, 447, 434, 435, 432, 403, 418, 419, 298, 189, 388, 470, 471, 402, 389, 396, 390, 391, 134, 165, 164, 486, 487, 490, 491, 492, 493, 498, 499, 500, 501, 387, 472, 473, 271, 270, 514, 515, 518, 519, 516, 517, 386, 502, 503, 219, 218, 322, 316, 409, 524, 279, 423, 200, 201, 179, 415, 427, 525, 531, 535, 534, 542, 543, 178, 278, 548, 549, 521, 552, 553, 554, 555, 558, 563, 564, 565, 559, 562, 568, 569, 530, 571, 359, 570, 520, 317, 176]
  列生成求解结果: 目标值=9.0000， 下界=8.0000， 上界=11.0000
    非整数变量: COL_17-19-4-7_221 = 0.500000
  解不是整数，开始分支...
ImposedVertex(vertex=26)
ForbidVertex(vertex=26)
  创建了 2 个分支
    添加分支节点 1: ID=576
    添加分支节点 2: ID=577

处理节点 177
  开始列生成求解...
Set parameter LogToConsole to value 0
Set parameter Threads to value 1
Set parameter Seed to value 0
  定价策略: Exact, node=177, vertices=15
Set parameter PoolSearchMode to value 2
Set parameter PoolSolutions to value 10
[CG 1] RMP=12.000000, pricing=ExactPricingSolver, new_columns=10
[CG 2] RMP=12.000000, pricing=ExactPricingSolver, new_columns=10
[CG 3] RMP=12.000000, pricing=ExactPricingSolver, new_columns=10
[CG 4] RMP=10.000000, pricing=ExactPricingSolver, new_columns=0
  搜索路径: [1, 2, 4, 5, 3, 8, 11, 14, 15, 16, 17, 19, 23, 24, 25, 27, 26, 30, 36, 37, 21, 22, 18, 33, 20, 31, 32, 53, 52, 54, 55, 57, 56, 10, 66, 67, 70, 71, 74, 75, 9, 80, 81, 84, 86, 87, 85, 92, 93, 43, 42, 12, 102, 103, 13, 108, 109, 49, 48, 114, 115, 116, 122, 123, 117, 118, 119, 62, 63, 106, 107, 99, 61, 60, 41, 98, 40, 138, 147, 148, 149, 139, 146, 162, 163, 166, 167, 168, 169, 170, 171, 143, 140, 112, 113, 184, 185, 150, 182, 183, 156, 157, 194, 195, 151, 202, 203, 204, 205, 208, 209, 214, 215, 136, 206, 207, 220, 221, 222, 223, 141, 137, 142, 197, 240, 241, 242, 243, 244, 245, 196, 90, 91, 78, 260, 261, 262, 263, 268, 269, 258, 274, 275, 259, 97, 96, 79, 266, 285, 282, 280, 284, 288, 289, 292, 293, 287, 281, 302, 303, 304, 305, 306, 312, 313, 307, 308, 309, 318, 319, 267, 283, 286, 326, 327, 328, 329, 330, 331, 334, 335, 336, 337, 340, 341, 300, 301, 339, 348, 349, 338, 172, 173, 352, 192, 193, 353, 344, 362, 363, 190, 145, 345, 144, 191, 295, 294, 265, 264, 382, 383, 384, 385, 332, 333, 325, 324, 160, 180, 181, 161, 350, 351, 343, 342, 188, 135, 397, 213, 410, 412, 413, 411, 212, 311, 299, 230, 291, 231, 290, 255, 254, 310, 130, 131, 428, 429, 440, 441, 433, 446, 447, 434, 435, 432, 403, 418, 419, 298, 189, 388, 470, 471, 402, 389, 396, 390, 391, 134, 165, 164, 486, 487, 490, 491, 492, 493, 498, 499, 500, 501, 387, 472, 473, 271, 270, 514, 515, 518, 519, 516, 517, 386, 502, 503, 219, 218, 322, 316, 409, 524, 279, 423, 200, 201, 179, 415, 427, 525, 531, 535, 534, 542, 543, 178, 278, 548, 549, 521, 552, 553, 554, 555, 558, 563, 564, 565, 559, 562, 568, 569, 530, 571, 359, 570, 520, 317, 176, 177]
  列生成求解结果: 目标值=10.0000， 下界=8.0000， 上界=11.0000
    非整数变量: COL_17-4-9_218 = 0.375000
  解不是整数，开始分支...
ImposedVertex(vertex=24)
ForbidVertex(vertex=24)
  创建了 2 个分支
    添加分支节点 1: ID=578
    添加分支节点 2: ID=579

处理节点 574
  开始列生成求解...
Set parameter LogToConsole to value 0
Set parameter Threads to value 1
Set parameter Seed to value 0
  定价策略: Exact, node=574, vertices=14
Set parameter PoolSearchMode to value 2
Set parameter PoolSolutions to value 10
[CG 1] RMP=8.000000, pricing=ExactPricingSolver, new_columns=0
  搜索路径: [1, 2, 4, 5, 3, 8, 11, 14, 15, 16, 17, 19, 23, 24, 25, 27, 26, 30, 36, 37, 21, 22, 18, 33, 20, 31, 32, 53, 52, 54, 55, 57, 56, 10, 66, 67, 70, 71, 74, 75, 9, 80, 81, 84, 86, 87, 85, 92, 93, 43, 42, 12, 102, 103, 13, 108, 109, 49, 48, 114, 115, 116, 122, 123, 117, 118, 119, 62, 63, 106, 107, 99, 61, 60, 41, 98, 40, 138, 147, 148, 149, 139, 146, 162, 163, 166, 167, 168, 169, 170, 171, 143, 140, 112, 113, 184, 185, 150, 182, 183, 156, 157, 194, 195, 151, 202, 203, 204, 205, 208, 209, 214, 215, 136, 206, 207, 220, 221, 222, 223, 141, 137, 142, 197, 240, 241, 242, 243, 244, 245, 196, 90, 91, 78, 260, 261, 262, 263, 268, 269, 258, 274, 275, 259, 97, 96, 79, 266, 285, 282, 280, 284, 288, 289, 292, 293, 287, 281, 302, 303, 304, 305, 306, 312, 313, 307, 308, 309, 318, 319, 267, 283, 286, 326, 327, 328, 329, 330, 331, 334, 335, 336, 337, 340, 341, 300, 301, 339, 348, 349, 338, 172, 173, 352, 192, 193, 353, 344, 362, 363, 190, 145, 345, 144, 191, 295, 294, 265, 264, 382, 383, 384, 385, 332, 333, 325, 324, 160, 180, 181, 161, 350, 351, 343, 342, 188, 135, 397, 213, 410, 412, 413, 411, 212, 311, 299, 230, 291, 231, 290, 255, 254, 310, 130, 131, 428, 429, 440, 441, 433, 446, 447, 434, 435, 432, 403, 418, 419, 298, 189, 388, 470, 471, 402, 389, 396, 390, 391, 134, 165, 164, 486, 487, 490, 491, 492, 493, 498, 499, 500, 501, 387, 472, 473, 271, 270, 514, 515, 518, 519, 516, 517, 386, 502, 503, 219, 218, 322, 316, 409, 524, 279, 423, 200, 201, 179, 415, 427, 525, 531, 535, 534, 542, 543, 178, 278, 548, 549, 521, 552, 553, 554, 555, 558, 563, 564, 565, 559, 562, 568, 569, 530, 571, 359, 570, 520, 317, 176, 177, 574]
  列生成求解结果: 目标值=8.0000， 下界=8.0000， 上界=11.0000
    非整数变量: COL_17-4-9_218 = 0.400000
  解不是整数，开始分支...
ImposedVertex(vertex=26)
ForbidVertex(vertex=26)
  创建了 2 个分支
    添加分支节点 1: ID=580
    添加分支节点 2: ID=581
  进度: 已处理 340 个节点, 剩余 207 个, 当前最优 11.0000, 当前列数: 2398

处理节点 575
  开始列生成求解...
Set parameter LogToConsole to value 0
Set parameter Threads to value 1
Set parameter Seed to value 0
  定价策略: Exact, node=575, vertices=15
Set parameter PoolSearchMode to value 2
Set parameter PoolSolutions to value 10
[CG 1] RMP=9.000000, pricing=ExactPricingSolver, new_columns=10
[CG 2] RMP=8.000000, pricing=ExactPricingSolver, new_columns=0
  搜索路径: [1, 2, 4, 5, 3, 8, 11, 14, 15, 16, 17, 19, 23, 24, 25, 27, 26, 30, 36, 37, 21, 22, 18, 33, 20, 31, 32, 53, 52, 54, 55, 57, 56, 10, 66, 67, 70, 71, 74, 75, 9, 80, 81, 84, 86, 87, 85, 92, 93, 43, 42, 12, 102, 103, 13, 108, 109, 49, 48, 114, 115, 116, 122, 123, 117, 118, 119, 62, 63, 106, 107, 99, 61, 60, 41, 98, 40, 138, 147, 148, 149, 139, 146, 162, 163, 166, 167, 168, 169, 170, 171, 143, 140, 112, 113, 184, 185, 150, 182, 183, 156, 157, 194, 195, 151, 202, 203, 204, 205, 208, 209, 214, 215, 136, 206, 207, 220, 221, 222, 223, 141, 137, 142, 197, 240, 241, 242, 243, 244, 245, 196, 90, 91, 78, 260, 261, 262, 263, 268, 269, 258, 274, 275, 259, 97, 96, 79, 266, 285, 282, 280, 284, 288, 289, 292, 293, 287, 281, 302, 303, 304, 305, 306, 312, 313, 307, 308, 309, 318, 319, 267, 283, 286, 326, 327, 328, 329, 330, 331, 334, 335, 336, 337, 340, 341, 300, 301, 339, 348, 349, 338, 172, 173, 352, 192, 193, 353, 344, 362, 363, 190, 145, 345, 144, 191, 295, 294, 265, 264, 382, 383, 384, 385, 332, 333, 325, 324, 160, 180, 181, 161, 350, 351, 343, 342, 188, 135, 397, 213, 410, 412, 413, 411, 212, 311, 299, 230, 291, 231, 290, 255, 254, 310, 130, 131, 428, 429, 440, 441, 433, 446, 447, 434, 435, 432, 403, 418, 419, 298, 189, 388, 470, 471, 402, 389, 396, 390, 391, 134, 165, 164, 486, 487, 490, 491, 492, 493, 498, 499, 500, 501, 387, 472, 473, 271, 270, 514, 515, 518, 519, 516, 517, 386, 502, 503, 219, 218, 322, 316, 409, 524, 279, 423, 200, 201, 179, 415, 427, 525, 531, 535, 534, 542, 543, 178, 278, 548, 549, 521, 552, 553, 554, 555, 558, 563, 564, 565, 559, 562, 568, 569, 530, 571, 359, 570, 520, 317, 176, 177, 574, 575]
  列生成求解结果: 目标值=8.0000， 下界=8.0000， 上界=11.0000
    非整数变量: COL_2-4-7-9_302 = 0.888889
  解不是整数，开始分支...
ImposedVertex(vertex=26)
ForbidVertex(vertex=26)
  创建了 2 个分支
    添加分支节点 1: ID=582
    添加分支节点 2: ID=583

处理节点 512
  开始列生成求解...
Set parameter LogToConsole to value 0
Set parameter Threads to value 1
Set parameter Seed to value 0
  定价策略: Exact, node=512, vertices=11
Set parameter PoolSearchMode to value 2
Set parameter PoolSolutions to value 10
[CG 1] RMP=8.000000, pricing=ExactPricingSolver, new_columns=0
  搜索路径: [1, 2, 4, 5, 3, 8, 11, 14, 15, 16, 17, 19, 23, 24, 25, 27, 26, 30, 36, 37, 21, 22, 18, 33, 20, 31, 32, 53, 52, 54, 55, 57, 56, 10, 66, 67, 70, 71, 74, 75, 9, 80, 81, 84, 86, 87, 85, 92, 93, 43, 42, 12, 102, 103, 13, 108, 109, 49, 48, 114, 115, 116, 122, 123, 117, 118, 119, 62, 63, 106, 107, 99, 61, 60, 41, 98, 40, 138, 147, 148, 149, 139, 146, 162, 163, 166, 167, 168, 169, 170, 171, 143, 140, 112, 113, 184, 185, 150, 182, 183, 156, 157, 194, 195, 151, 202, 203, 204, 205, 208, 209, 214, 215, 136, 206, 207, 220, 221, 222, 223, 141, 137, 142, 197, 240, 241, 242, 243, 244, 245, 196, 90, 91, 78, 260, 261, 262, 263, 268, 269, 258, 274, 275, 259, 97, 96, 79, 266, 285, 282, 280, 284, 288, 289, 292, 293, 287, 281, 302, 303, 304, 305, 306, 312, 313, 307, 308, 309, 318, 319, 267, 283, 286, 326, 327, 328, 329, 330, 331, 334, 335, 336, 337, 340, 341, 300, 301, 339, 348, 349, 338, 172, 173, 352, 192, 193, 353, 344, 362, 363, 190, 145, 345, 144, 191, 295, 294, 265, 264, 382, 383, 384, 385, 332, 333, 325, 324, 160, 180, 181, 161, 350, 351, 343, 342, 188, 135, 397, 213, 410, 412, 413, 411, 212, 311, 299, 230, 291, 231, 290, 255, 254, 310, 130, 131, 428, 429, 440, 441, 433, 446, 447, 434, 435, 432, 403, 418, 419, 298, 189, 388, 470, 471, 402, 389, 396, 390, 391, 134, 165, 164, 486, 487, 490, 491, 492, 493, 498, 499, 500, 501, 387, 472, 473, 271, 270, 514, 515, 518, 519, 516, 517, 386, 502, 503, 219, 218, 322, 316, 409, 524, 279, 423, 200, 201, 179, 415, 427, 525, 531, 535, 534, 542, 543, 178, 278, 548, 549, 521, 552, 553, 554, 555, 558, 563, 564, 565, 559, 562, 568, 569, 530, 571, 359, 570, 520, 317, 176, 177, 574, 575, 512]
  列生成求解结果: 目标值=8.0000， 下界=8.0000， 上界=11.0000
    非整数变量: COL_1-18-23-7-9_41 = 0.333333
  解不是整数，开始分支...
ImposedVertex(vertex=28)
ForbidVertex(vertex=28)
  创建了 2 个分支
    添加分支节点 1: ID=584
    添加分支节点 2: ID=585

处理节点 580
  开始列生成求解...
Set parameter LogToConsole to value 0
Set parameter Threads to value 1
Set parameter Seed to value 0
  定价策略: Exact, node=580, vertices=13
Set parameter PoolSearchMode to value 2
Set parameter PoolSolutions to value 10
[CG 1] RMP=10.000000, pricing=ExactPricingSolver, new_columns=0
  搜索路径: [1, 2, 4, 5, 3, 8, 11, 14, 15, 16, 17, 19, 23, 24, 25, 27, 26, 30, 36, 37, 21, 22, 18, 33, 20, 31, 32, 53, 52, 54, 55, 57, 56, 10, 66, 67, 70, 71, 74, 75, 9, 80, 81, 84, 86, 87, 85, 92, 93, 43, 42, 12, 102, 103, 13, 108, 109, 49, 48, 114, 115, 116, 122, 123, 117, 118, 119, 62, 63, 106, 107, 99, 61, 60, 41, 98, 40, 138, 147, 148, 149, 139, 146, 162, 163, 166, 167, 168, 169, 170, 171, 143, 140, 112, 113, 184, 185, 150, 182, 183, 156, 157, 194, 195, 151, 202, 203, 204, 205, 208, 209, 214, 215, 136, 206, 207, 220, 221, 222, 223, 141, 137, 142, 197, 240, 241, 242, 243, 244, 245, 196, 90, 91, 78, 260, 261, 262, 263, 268, 269, 258, 274, 275, 259, 97, 96, 79, 266, 285, 282, 280, 284, 288, 289, 292, 293, 287, 281, 302, 303, 304, 305, 306, 312, 313, 307, 308, 309, 318, 319, 267, 283, 286, 326, 327, 328, 329, 330, 331, 334, 335, 336, 337, 340, 341, 300, 301, 339, 348, 349, 338, 172, 173, 352, 192, 193, 353, 344, 362, 363, 190, 145, 345, 144, 191, 295, 294, 265, 264, 382, 383, 384, 385, 332, 333, 325, 324, 160, 180, 181, 161, 350, 351, 343, 342, 188, 135, 397, 213, 410, 412, 413, 411, 212, 311, 299, 230, 291, 231, 290, 255, 254, 310, 130, 131, 428, 429, 440, 441, 433, 446, 447, 434, 435, 432, 403, 418, 419, 298, 189, 388, 470, 471, 402, 389, 396, 390, 391, 134, 165, 164, 486, 487, 490, 491, 492, 493, 498, 499, 500, 501, 387, 472, 473, 271, 270, 514, 515, 518, 519, 516, 517, 386, 502, 503, 219, 218, 322, 316, 409, 524, 279, 423, 200, 201, 179, 415, 427, 525, 531, 535, 534, 542, 543, 178, 278, 548, 549, 521, 552, 553, 554, 555, 558, 563, 564, 565, 559, 562, 568, 569, 530, 571, 359, 570, 520, 317, 176, 177, 574, 575, 512, 580]
  列生成求解结果: 目标值=10.0000， 下界=8.0000， 上界=11.0000
  找到整数解，更新最优解
  更新最优解后剪枝了 22 个节点

处理节点 422
  开始列生成求解...
Set parameter LogToConsole to value 0
Set parameter Threads to value 1
Set parameter Seed to value 0
  定价策略: Exact, node=422, vertices=16
Set parameter PoolSearchMode to value 2
Set parameter PoolSolutions to value 10
[CG 1] RMP=11.000000, pricing=ExactPricingSolver, new_columns=10
[CG 2] RMP=8.000000, pricing=ExactPricingSolver, new_columns=0
  搜索路径: [1, 2, 4, 5, 3, 8, 11, 14, 15, 16, 17, 19, 23, 24, 25, 27, 26, 30, 36, 37, 21, 22, 18, 33, 20, 31, 32, 53, 52, 54, 55, 57, 56, 10, 66, 67, 70, 71, 74, 75, 9, 80, 81, 84, 86, 87, 85, 92, 93, 43, 42, 12, 102, 103, 13, 108, 109, 49, 48, 114, 115, 116, 122, 123, 117, 118, 119, 62, 63, 106, 107, 99, 61, 60, 41, 98, 40, 138, 147, 148, 149, 139, 146, 162, 163, 166, 167, 168, 169, 170, 171, 143, 140, 112, 113, 184, 185, 150, 182, 183, 156, 157, 194, 195, 151, 202, 203, 204, 205, 208, 209, 214, 215, 136, 206, 207, 220, 221, 222, 223, 141, 137, 142, 197, 240, 241, 242, 243, 244, 245, 196, 90, 91, 78, 260, 261, 262, 263, 268, 269, 258, 274, 275, 259, 97, 96, 79, 266, 285, 282, 280, 284, 288, 289, 292, 293, 287, 281, 302, 303, 304, 305, 306, 312, 313, 307, 308, 309, 318, 319, 267, 283, 286, 326, 327, 328, 329, 330, 331, 334, 335, 336, 337, 340, 341, 300, 301, 339, 348, 349, 338, 172, 173, 352, 192, 193, 353, 344, 362, 363, 190, 145, 345, 144, 191, 295, 294, 265, 264, 382, 383, 384, 385, 332, 333, 325, 324, 160, 180, 181, 161, 350, 351, 343, 342, 188, 135, 397, 213, 410, 412, 413, 411, 212, 311, 299, 230, 291, 231, 290, 255, 254, 310, 130, 131, 428, 429, 440, 441, 433, 446, 447, 434, 435, 432, 403, 418, 419, 298, 189, 388, 470, 471, 402, 389, 396, 390, 391, 134, 165, 164, 486, 487, 490, 491, 492, 493, 498, 499, 500, 501, 387, 472, 473, 271, 270, 514, 515, 518, 519, 516, 517, 386, 502, 503, 219, 218, 322, 316, 409, 524, 279, 423, 200, 201, 179, 415, 427, 525, 531, 535, 534, 542, 543, 178, 278, 548, 549, 521, 552, 553, 554, 555, 558, 563, 564, 565, 559, 562, 568, 569, 530, 571, 359, 570, 520, 317, 176, 177, 574, 575, 512, 580, 422]
  列生成求解结果: 目标值=8.0000， 下界=8.0000， 上界=10.0000
    非整数变量: COL_18-23-9_35 = 0.333333
  解不是整数，开始分支...
ImposedVertex(vertex=27)
ForbidVertex(vertex=27)
  创建了 2 个分支
    添加分支节点 1: ID=586
    添加分支节点 2: ID=587

处理节点 124
  开始列生成求解...
Set parameter LogToConsole to value 0
Set parameter Threads to value 1
Set parameter Seed to value 0
  定价策略: Exact, node=124, vertices=16
Set parameter PoolSearchMode to value 2
Set parameter PoolSolutions to value 10
[CG 1] RMP=8.000000, pricing=ExactPricingSolver, new_columns=0
  搜索路径: [1, 2, 4, 5, 3, 8, 11, 14, 15, 16, 17, 19, 23, 24, 25, 27, 26, 30, 36, 37, 21, 22, 18, 33, 20, 31, 32, 53, 52, 54, 55, 57, 56, 10, 66, 67, 70, 71, 74, 75, 9, 80, 81, 84, 86, 87, 85, 92, 93, 43, 42, 12, 102, 103, 13, 108, 109, 49, 48, 114, 115, 116, 122, 123, 117, 118, 119, 62, 63, 106, 107, 99, 61, 60, 41, 98, 40, 138, 147, 148, 149, 139, 146, 162, 163, 166, 167, 168, 169, 170, 171, 143, 140, 112, 113, 184, 185, 150, 182, 183, 156, 157, 194, 195, 151, 202, 203, 204, 205, 208, 209, 214, 215, 136, 206, 207, 220, 221, 222, 223, 141, 137, 142, 197, 240, 241, 242, 243, 244, 245, 196, 90, 91, 78, 260, 261, 262, 263, 268, 269, 258, 274, 275, 259, 97, 96, 79, 266, 285, 282, 280, 284, 288, 289, 292, 293, 287, 281, 302, 303, 304, 305, 306, 312, 313, 307, 308, 309, 318, 319, 267, 283, 286, 326, 327, 328, 329, 330, 331, 334, 335, 336, 337, 340, 341, 300, 301, 339, 348, 349, 338, 172, 173, 352, 192, 193, 353, 344, 362, 363, 190, 145, 345, 144, 191, 295, 294, 265, 264, 382, 383, 384, 385, 332, 333, 325, 324, 160, 180, 181, 161, 350, 351, 343, 342, 188, 135, 397, 213, 410, 412, 413, 411, 212, 311, 299, 230, 291, 231, 290, 255, 254, 310, 130, 131, 428, 429, 440, 441, 433, 446, 447, 434, 435, 432, 403, 418, 419, 298, 189, 388, 470, 471, 402, 389, 396, 390, 391, 134, 165, 164, 486, 487, 490, 491, 492, 493, 498, 499, 500, 501, 387, 472, 473, 271, 270, 514, 515, 518, 519, 516, 517, 386, 502, 503, 219, 218, 322, 316, 409, 524, 279, 423, 200, 201, 179, 415, 427, 525, 531, 535, 534, 542, 543, 178, 278, 548, 549, 521, 552, 553, 554, 555, 558, 563, 564, 565, 559, 562, 568, 569, 530, 571, 359, 570, 520, 317, 176, 177, 574, 575, 512, 580, 422, 124]
  列生成求解结果: 目标值=8.0000， 下界=8.0000， 上界=10.0000
    非整数变量: COL_16-18-4-9_138 = 0.151515
  解不是整数，开始分支...
ImposedVertex(vertex=18)
ForbidVertex(vertex=18)
  创建了 2 个分支
    添加分支节点 1: ID=588
    添加分支节点 2: ID=589

处理节点 494
  开始列生成求解...
Set parameter LogToConsole to value 0
Set parameter Threads to value 1
Set parameter Seed to value 0
  定价策略: Exact, node=494, vertices=14
Set parameter PoolSearchMode to value 2
Set parameter PoolSolutions to value 10
[CG 1] RMP=12.000000, pricing=ExactPricingSolver, new_columns=10
[CG 2] RMP=10.000000, pricing=ExactPricingSolver, new_columns=0
  搜索路径: [1, 2, 4, 5, 3, 8, 11, 14, 15, 16, 17, 19, 23, 24, 25, 27, 26, 30, 36, 37, 21, 22, 18, 33, 20, 31, 32, 53, 52, 54, 55, 57, 56, 10, 66, 67, 70, 71, 74, 75, 9, 80, 81, 84, 86, 87, 85, 92, 93, 43, 42, 12, 102, 103, 13, 108, 109, 49, 48, 114, 115, 116, 122, 123, 117, 118, 119, 62, 63, 106, 107, 99, 61, 60, 41, 98, 40, 138, 147, 148, 149, 139, 146, 162, 163, 166, 167, 168, 169, 170, 171, 143, 140, 112, 113, 184, 185, 150, 182, 183, 156, 157, 194, 195, 151, 202, 203, 204, 205, 208, 209, 214, 215, 136, 206, 207, 220, 221, 222, 223, 141, 137, 142, 197, 240, 241, 242, 243, 244, 245, 196, 90, 91, 78, 260, 261, 262, 263, 268, 269, 258, 274, 275, 259, 97, 96, 79, 266, 285, 282, 280, 284, 288, 289, 292, 293, 287, 281, 302, 303, 304, 305, 306, 312, 313, 307, 308, 309, 318, 319, 267, 283, 286, 326, 327, 328, 329, 330, 331, 334, 335, 336, 337, 340, 341, 300, 301, 339, 348, 349, 338, 172, 173, 352, 192, 193, 353, 344, 362, 363, 190, 145, 345, 144, 191, 295, 294, 265, 264, 382, 383, 384, 385, 332, 333, 325, 324, 160, 180, 181, 161, 350, 351, 343, 342, 188, 135, 397, 213, 410, 412, 413, 411, 212, 311, 299, 230, 291, 231, 290, 255, 254, 310, 130, 131, 428, 429, 440, 441, 433, 446, 447, 434, 435, 432, 403, 418, 419, 298, 189, 388, 470, 471, 402, 389, 396, 390, 391, 134, 165, 164, 486, 487, 490, 491, 492, 493, 498, 499, 500, 501, 387, 472, 473, 271, 270, 514, 515, 518, 519, 516, 517, 386, 502, 503, 219, 218, 322, 316, 409, 524, 279, 423, 200, 201, 179, 415, 427, 525, 531, 535, 534, 542, 543, 178, 278, 548, 549, 521, 552, 553, 554, 555, 558, 563, 564, 565, 559, 562, 568, 569, 530, 571, 359, 570, 520, 317, 176, 177, 574, 575, 512, 580, 422, 124, 494]
  列生成求解结果: 目标值=10.0000， 下界=8.0000， 上界=10.0000

处理节点 584
  开始列生成求解...
Set parameter LogToConsole to value 0
Set parameter Threads to value 1
Set parameter Seed to value 0
  定价策略: Exact, node=584, vertices=10
Set parameter PoolSearchMode to value 2
Set parameter PoolSolutions to value 10
[CG 1] RMP=12.000000, pricing=ExactPricingSolver, new_columns=0
  搜索路径: [1, 2, 4, 5, 3, 8, 11, 14, 15, 16, 17, 19, 23, 24, 25, 27, 26, 30, 36, 37, 21, 22, 18, 33, 20, 31, 32, 53, 52, 54, 55, 57, 56, 10, 66, 67, 70, 71, 74, 75, 9, 80, 81, 84, 86, 87, 85, 92, 93, 43, 42, 12, 102, 103, 13, 108, 109, 49, 48, 114, 115, 116, 122, 123, 117, 118, 119, 62, 63, 106, 107, 99, 61, 60, 41, 98, 40, 138, 147, 148, 149, 139, 146, 162, 163, 166, 167, 168, 169, 170, 171, 143, 140, 112, 113, 184, 185, 150, 182, 183, 156, 157, 194, 195, 151, 202, 203, 204, 205, 208, 209, 214, 215, 136, 206, 207, 220, 221, 222, 223, 141, 137, 142, 197, 240, 241, 242, 243, 244, 245, 196, 90, 91, 78, 260, 261, 262, 263, 268, 269, 258, 274, 275, 259, 97, 96, 79, 266, 285, 282, 280, 284, 288, 289, 292, 293, 287, 281, 302, 303, 304, 305, 306, 312, 313, 307, 308, 309, 318, 319, 267, 283, 286, 326, 327, 328, 329, 330, 331, 334, 335, 336, 337, 340, 341, 300, 301, 339, 348, 349, 338, 172, 173, 352, 192, 193, 353, 344, 362, 363, 190, 145, 345, 144, 191, 295, 294, 265, 264, 382, 383, 384, 385, 332, 333, 325, 324, 160, 180, 181, 161, 350, 351, 343, 342, 188, 135, 397, 213, 410, 412, 413, 411, 212, 311, 299, 230, 291, 231, 290, 255, 254, 310, 130, 131, 428, 429, 440, 441, 433, 446, 447, 434, 435, 432, 403, 418, 419, 298, 189, 388, 470, 471, 402, 389, 396, 390, 391, 134, 165, 164, 486, 487, 490, 491, 492, 493, 498, 499, 500, 501, 387, 472, 473, 271, 270, 514, 515, 518, 519, 516, 517, 386, 502, 503, 219, 218, 322, 316, 409, 524, 279, 423, 200, 201, 179, 415, 427, 525, 531, 535, 534, 542, 543, 178, 278, 548, 549, 521, 552, 553, 554, 555, 558, 563, 564, 565, 559, 562, 568, 569, 530, 571, 359, 570, 520, 317, 176, 177, 574, 575, 512, 580, 422, 124, 494, 584]
  列生成求解结果: 目标值=12.0000， 下界=8.0000， 上界=10.0000

处理节点 581
  开始列生成求解...
Set parameter LogToConsole to value 0
Set parameter Threads to value 1
Set parameter Seed to value 0
  定价策略: Exact, node=581, vertices=13
Set parameter PoolSearchMode to value 2
Set parameter PoolSolutions to value 10
[CG 1] RMP=12.000000, pricing=ExactPricingSolver, new_columns=0
  搜索路径: [1, 2, 4, 5, 3, 8, 11, 14, 15, 16, 17, 19, 23, 24, 25, 27, 26, 30, 36, 37, 21, 22, 18, 33, 20, 31, 32, 53, 52, 54, 55, 57, 56, 10, 66, 67, 70, 71, 74, 75, 9, 80, 81, 84, 86, 87, 85, 92, 93, 43, 42, 12, 102, 103, 13, 108, 109, 49, 48, 114, 115, 116, 122, 123, 117, 118, 119, 62, 63, 106, 107, 99, 61, 60, 41, 98, 40, 138, 147, 148, 149, 139, 146, 162, 163, 166, 167, 168, 169, 170, 171, 143, 140, 112, 113, 184, 185, 150, 182, 183, 156, 157, 194, 195, 151, 202, 203, 204, 205, 208, 209, 214, 215, 136, 206, 207, 220, 221, 222, 223, 141, 137, 142, 197, 240, 241, 242, 243, 244, 245, 196, 90, 91, 78, 260, 261, 262, 263, 268, 269, 258, 274, 275, 259, 97, 96, 79, 266, 285, 282, 280, 284, 288, 289, 292, 293, 287, 281, 302, 303, 304, 305, 306, 312, 313, 307, 308, 309, 318, 319, 267, 283, 286, 326, 327, 328, 329, 330, 331, 334, 335, 336, 337, 340, 341, 300, 301, 339, 348, 349, 338, 172, 173, 352, 192, 193, 353, 344, 362, 363, 190, 145, 345, 144, 191, 295, 294, 265, 264, 382, 383, 384, 385, 332, 333, 325, 324, 160, 180, 181, 161, 350, 351, 343, 342, 188, 135, 397, 213, 410, 412, 413, 411, 212, 311, 299, 230, 291, 231, 290, 255, 254, 310, 130, 131, 428, 429, 440, 441, 433, 446, 447, 434, 435, 432, 403, 418, 419, 298, 189, 388, 470, 471, 402, 389, 396, 390, 391, 134, 165, 164, 486, 487, 490, 491, 492, 493, 498, 499, 500, 501, 387, 472, 473, 271, 270, 514, 515, 518, 519, 516, 517, 386, 502, 503, 219, 218, 322, 316, 409, 524, 279, 423, 200, 201, 179, 415, 427, 525, 531, 535, 534, 542, 543, 178, 278, 548, 549, 521, 552, 553, 554, 555, 558, 563, 564, 565, 559, 562, 568, 569, 530, 571, 359, 570, 520, 317, 176, 177, 574, 575, 512, 580, 422, 124, 494, 584, 581]
  列生成求解结果: 目标值=12.0000， 下界=8.0000， 上界=10.0000

处理节点 426
  开始列生成求解...
Set parameter LogToConsole to value 0
Set parameter Threads to value 1
Set parameter Seed to value 0
  定价策略: Exact, node=426, vertices=15
Set parameter PoolSearchMode to value 2
Set parameter PoolSolutions to value 10
[CG 1] RMP=8.000000, pricing=ExactPricingSolver, new_columns=0
  搜索路径: [1, 2, 4, 5, 3, 8, 11, 14, 15, 16, 17, 19, 23, 24, 25, 27, 26, 30, 36, 37, 21, 22, 18, 33, 20, 31, 32, 53, 52, 54, 55, 57, 56, 10, 66, 67, 70, 71, 74, 75, 9, 80, 81, 84, 86, 87, 85, 92, 93, 43, 42, 12, 102, 103, 13, 108, 109, 49, 48, 114, 115, 116, 122, 123, 117, 118, 119, 62, 63, 106, 107, 99, 61, 60, 41, 98, 40, 138, 147, 148, 149, 139, 146, 162, 163, 166, 167, 168, 169, 170, 171, 143, 140, 112, 113, 184, 185, 150, 182, 183, 156, 157, 194, 195, 151, 202, 203, 204, 205, 208, 209, 214, 215, 136, 206, 207, 220, 221, 222, 223, 141, 137, 142, 197, 240, 241, 242, 243, 244, 245, 196, 90, 91, 78, 260, 261, 262, 263, 268, 269, 258, 274, 275, 259, 97, 96, 79, 266, 285, 282, 280, 284, 288, 289, 292, 293, 287, 281, 302, 303, 304, 305, 306, 312, 313, 307, 308, 309, 318, 319, 267, 283, 286, 326, 327, 328, 329, 330, 331, 334, 335, 336, 337, 340, 341, 300, 301, 339, 348, 349, 338, 172, 173, 352, 192, 193, 353, 344, 362, 363, 190, 145, 345, 144, 191, 295, 294, 265, 264, 382, 383, 384, 385, 332, 333, 325, 324, 160, 180, 181, 161, 350, 351, 343, 342, 188, 135, 397, 213, 410, 412, 413, 411, 212, 311, 299, 230, 291, 231, 290, 255, 254, 310, 130, 131, 428, 429, 440, 441, 433, 446, 447, 434, 435, 432, 403, 418, 419, 298, 189, 388, 470, 471, 402, 389, 396, 390, 391, 134, 165, 164, 486, 487, 490, 491, 492, 493, 498, 499, 500, 501, 387, 472, 473, 271, 270, 514, 515, 518, 519, 516, 517, 386, 502, 503, 219, 218, 322, 316, 409, 524, 279, 423, 200, 201, 179, 415, 427, 525, 531, 535, 534, 542, 543, 178, 278, 548, 549, 521, 552, 553, 554, 555, 558, 563, 564, 565, 559, 562, 568, 569, 530, 571, 359, 570, 520, 317, 176, 177, 574, 575, 512, 580, 422, 124, 494, 584, 581, 426]
  列生成求解结果: 目标值=8.0000， 下界=8.0000， 上界=10.0000
    非整数变量: COL_15-23-27-5-7_426 = 0.333333
  解不是整数，开始分支...
ImposedVertex(vertex=7)
ForbidVertex(vertex=7)
  创建了 2 个分支
    添加分支节点 1: ID=590
    添加分支节点 2: ID=591

处理节点 587
  开始列生成求解...
Set parameter LogToConsole to value 0
Set parameter Threads to value 1
Set parameter Seed to value 0
  定价策略: Exact, node=587, vertices=15
Set parameter PoolSearchMode to value 2
Set parameter PoolSolutions to value 10
[CG 1] RMP=1014.000000, pricing=ExactPricingSolver, new_columns=10
[CG 2] RMP=12.000000, pricing=ExactPricingSolver, new_columns=0
  搜索路径: [1, 2, 4, 5, 3, 8, 11, 14, 15, 16, 17, 19, 23, 24, 25, 27, 26, 30, 36, 37, 21, 22, 18, 33, 20, 31, 32, 53, 52, 54, 55, 57, 56, 10, 66, 67, 70, 71, 74, 75, 9, 80, 81, 84, 86, 87, 85, 92, 93, 43, 42, 12, 102, 103, 13, 108, 109, 49, 48, 114, 115, 116, 122, 123, 117, 118, 119, 62, 63, 106, 107, 99, 61, 60, 41, 98, 40, 138, 147, 148, 149, 139, 146, 162, 163, 166, 167, 168, 169, 170, 171, 143, 140, 112, 113, 184, 185, 150, 182, 183, 156, 157, 194, 195, 151, 202, 203, 204, 205, 208, 209, 214, 215, 136, 206, 207, 220, 221, 222, 223, 141, 137, 142, 197, 240, 241, 242, 243, 244, 245, 196, 90, 91, 78, 260, 261, 262, 263, 268, 269, 258, 274, 275, 259, 97, 96, 79, 266, 285, 282, 280, 284, 288, 289, 292, 293, 287, 281, 302, 303, 304, 305, 306, 312, 313, 307, 308, 309, 318, 319, 267, 283, 286, 326, 327, 328, 329, 330, 331, 334, 335, 336, 337, 340, 341, 300, 301, 339, 348, 349, 338, 172, 173, 352, 192, 193, 353, 344, 362, 363, 190, 145, 345, 144, 191, 295, 294, 265, 264, 382, 383, 384, 385, 332, 333, 325, 324, 160, 180, 181, 161, 350, 351, 343, 342, 188, 135, 397, 213, 410, 412, 413, 411, 212, 311, 299, 230, 291, 231, 290, 255, 254, 310, 130, 131, 428, 429, 440, 441, 433, 446, 447, 434, 435, 432, 403, 418, 419, 298, 189, 388, 470, 471, 402, 389, 396, 390, 391, 134, 165, 164, 486, 487, 490, 491, 492, 493, 498, 499, 500, 501, 387, 472, 473, 271, 270, 514, 515, 518, 519, 516, 517, 386, 502, 503, 219, 218, 322, 316, 409, 524, 279, 423, 200, 201, 179, 415, 427, 525, 531, 535, 534, 542, 543, 178, 278, 548, 549, 521, 552, 553, 554, 555, 558, 563, 564, 565, 559, 562, 568, 569, 530, 571, 359, 570, 520, 317, 176, 177, 574, 575, 512, 580, 422, 124, 494, 584, 581, 426, 587]
  列生成求解结果: 目标值=12.0000， 下界=8.0000， 上界=10.0000

处理节点 588
  开始列生成求解...
Set parameter LogToConsole to value 0
Set parameter Threads to value 1
Set parameter Seed to value 0
  定价策略: Exact, node=588, vertices=15
Set parameter PoolSearchMode to value 2
Set parameter PoolSolutions to value 10
[CG 1] RMP=8.000000, pricing=ExactPricingSolver, new_columns=0
  搜索路径: [1, 2, 4, 5, 3, 8, 11, 14, 15, 16, 17, 19, 23, 24, 25, 27, 26, 30, 36, 37, 21, 22, 18, 33, 20, 31, 32, 53, 52, 54, 55, 57, 56, 10, 66, 67, 70, 71, 74, 75, 9, 80, 81, 84, 86, 87, 85, 92, 93, 43, 42, 12, 102, 103, 13, 108, 109, 49, 48, 114, 115, 116, 122, 123, 117, 118, 119, 62, 63, 106, 107, 99, 61, 60, 41, 98, 40, 138, 147, 148, 149, 139, 146, 162, 163, 166, 167, 168, 169, 170, 171, 143, 140, 112, 113, 184, 185, 150, 182, 183, 156, 157, 194, 195, 151, 202, 203, 204, 205, 208, 209, 214, 215, 136, 206, 207, 220, 221, 222, 223, 141, 137, 142, 197, 240, 241, 242, 243, 244, 245, 196, 90, 91, 78, 260, 261, 262, 263, 268, 269, 258, 274, 275, 259, 97, 96, 79, 266, 285, 282, 280, 284, 288, 289, 292, 293, 287, 281, 302, 303, 304, 305, 306, 312, 313, 307, 308, 309, 318, 319, 267, 283, 286, 326, 327, 328, 329, 330, 331, 334, 335, 336, 337, 340, 341, 300, 301, 339, 348, 349, 338, 172, 173, 352, 192, 193, 353, 344, 362, 363, 190, 145, 345, 144, 191, 295, 294, 265, 264, 382, 383, 384, 385, 332, 333, 325, 324, 160, 180, 181, 161, 350, 351, 343, 342, 188, 135, 397, 213, 410, 412, 413, 411, 212, 311, 299, 230, 291, 231, 290, 255, 254, 310, 130, 131, 428, 429, 440, 441, 433, 446, 447, 434, 435, 432, 403, 418, 419, 298, 189, 388, 470, 471, 402, 389, 396, 390, 391, 134, 165, 164, 486, 487, 490, 491, 492, 493, 498, 499, 500, 501, 387, 472, 473, 271, 270, 514, 515, 518, 519, 516, 517, 386, 502, 503, 219, 218, 322, 316, 409, 524, 279, 423, 200, 201, 179, 415, 427, 525, 531, 535, 534, 542, 543, 178, 278, 548, 549, 521, 552, 553, 554, 555, 558, 563, 564, 565, 559, 562, 568, 569, 530, 571, 359, 570, 520, 317, 176, 177, 574, 575, 512, 580, 422, 124, 494, 584, 581, 426, 587, 588]
  列生成求解结果: 目标值=8.0000， 下界=8.0000， 上界=10.0000
    非整数变量: COL_1-16-20-24-9_208 = 0.500000
  解不是整数，开始分支...
ImposedVertex(vertex=24)
ForbidVertex(vertex=24)
  创建了 2 个分支
    添加分支节点 1: ID=592
    添加分支节点 2: ID=593

处理节点 393
  开始列生成求解...
Set parameter LogToConsole to value 0
Set parameter Threads to value 1
Set parameter Seed to value 0
  定价策略: Exact, node=393, vertices=15
Set parameter PoolSearchMode to value 2
Set parameter PoolSolutions to value 10
[CG 1] RMP=12.000000, pricing=ExactPricingSolver, new_columns=0
  搜索路径: [1, 2, 4, 5, 3, 8, 11, 14, 15, 16, 17, 19, 23, 24, 25, 27, 26, 30, 36, 37, 21, 22, 18, 33, 20, 31, 32, 53, 52, 54, 55, 57, 56, 10, 66, 67, 70, 71, 74, 75, 9, 80, 81, 84, 86, 87, 85, 92, 93, 43, 42, 12, 102, 103, 13, 108, 109, 49, 48, 114, 115, 116, 122, 123, 117, 118, 119, 62, 63, 106, 107, 99, 61, 60, 41, 98, 40, 138, 147, 148, 149, 139, 146, 162, 163, 166, 167, 168, 169, 170, 171, 143, 140, 112, 113, 184, 185, 150, 182, 183, 156, 157, 194, 195, 151, 202, 203, 204, 205, 208, 209, 214, 215, 136, 206, 207, 220, 221, 222, 223, 141, 137, 142, 197, 240, 241, 242, 243, 244, 245, 196, 90, 91, 78, 260, 261, 262, 263, 268, 269, 258, 274, 275, 259, 97, 96, 79, 266, 285, 282, 280, 284, 288, 289, 292, 293, 287, 281, 302, 303, 304, 305, 306, 312, 313, 307, 308, 309, 318, 319, 267, 283, 286, 326, 327, 328, 329, 330, 331, 334, 335, 336, 337, 340, 341, 300, 301, 339, 348, 349, 338, 172, 173, 352, 192, 193, 353, 344, 362, 363, 190, 145, 345, 144, 191, 295, 294, 265, 264, 382, 383, 384, 385, 332, 333, 325, 324, 160, 180, 181, 161, 350, 351, 343, 342, 188, 135, 397, 213, 410, 412, 413, 411, 212, 311, 299, 230, 291, 231, 290, 255, 254, 310, 130, 131, 428, 429, 440, 441, 433, 446, 447, 434, 435, 432, 403, 418, 419, 298, 189, 388, 470, 471, 402, 389, 396, 390, 391, 134, 165, 164, 486, 487, 490, 491, 492, 493, 498, 499, 500, 501, 387, 472, 473, 271, 270, 514, 515, 518, 519, 516, 517, 386, 502, 503, 219, 218, 322, 316, 409, 524, 279, 423, 200, 201, 179, 415, 427, 525, 531, 535, 534, 542, 543, 178, 278, 548, 549, 521, 552, 553, 554, 555, 558, 563, 564, 565, 559, 562, 568, 569, 530, 571, 359, 570, 520, 317, 176, 177, 574, 575, 512, 580, 422, 124, 494, 584, 581, 426, 587, 588, 393]
  列生成求解结果: 目标值=12.0000， 下界=8.0000， 上界=10.0000

处理节点 248
  开始列生成求解...
Set parameter LogToConsole to value 0
Set parameter Threads to value 1
Set parameter Seed to value 0
  定价策略: Exact, node=248, vertices=12
Set parameter PoolSearchMode to value 2
Set parameter PoolSolutions to value 10
[CG 1] RMP=12.000000, pricing=ExactPricingSolver, new_columns=0
  搜索路径: [1, 2, 4, 5, 3, 8, 11, 14, 15, 16, 17, 19, 23, 24, 25, 27, 26, 30, 36, 37, 21, 22, 18, 33, 20, 31, 32, 53, 52, 54, 55, 57, 56, 10, 66, 67, 70, 71, 74, 75, 9, 80, 81, 84, 86, 87, 85, 92, 93, 43, 42, 12, 102, 103, 13, 108, 109, 49, 48, 114, 115, 116, 122, 123, 117, 118, 119, 62, 63, 106, 107, 99, 61, 60, 41, 98, 40, 138, 147, 148, 149, 139, 146, 162, 163, 166, 167, 168, 169, 170, 171, 143, 140, 112, 113, 184, 185, 150, 182, 183, 156, 157, 194, 195, 151, 202, 203, 204, 205, 208, 209, 214, 215, 136, 206, 207, 220, 221, 222, 223, 141, 137, 142, 197, 240, 241, 242, 243, 244, 245, 196, 90, 91, 78, 260, 261, 262, 263, 268, 269, 258, 274, 275, 259, 97, 96, 79, 266, 285, 282, 280, 284, 288, 289, 292, 293, 287, 281, 302, 303, 304, 305, 306, 312, 313, 307, 308, 309, 318, 319, 267, 283, 286, 326, 327, 328, 329, 330, 331, 334, 335, 336, 337, 340, 341, 300, 301, 339, 348, 349, 338, 172, 173, 352, 192, 193, 353, 344, 362, 363, 190, 145, 345, 144, 191, 295, 294, 265, 264, 382, 383, 384, 385, 332, 333, 325, 324, 160, 180, 181, 161, 350, 351, 343, 342, 188, 135, 397, 213, 410, 412, 413, 411, 212, 311, 299, 230, 291, 231, 290, 255, 254, 310, 130, 131, 428, 429, 440, 441, 433, 446, 447, 434, 435, 432, 403, 418, 419, 298, 189, 388, 470, 471, 402, 389, 396, 390, 391, 134, 165, 164, 486, 487, 490, 491, 492, 493, 498, 499, 500, 501, 387, 472, 473, 271, 270, 514, 515, 518, 519, 516, 517, 386, 502, 503, 219, 218, 322, 316, 409, 524, 279, 423, 200, 201, 179, 415, 427, 525, 531, 535, 534, 542, 543, 178, 278, 548, 549, 521, 552, 553, 554, 555, 558, 563, 564, 565, 559, 562, 568, 569, 530, 571, 359, 570, 520, 317, 176, 177, 574, 575, 512, 580, 422, 124, 494, 584, 581, 426, 587, 588, 393, 248]
  列生成求解结果: 目标值=12.0000， 下界=8.0000， 上界=10.0000

处理节点 443
  开始列生成求解...
Set parameter LogToConsole to value 0
Set parameter Threads to value 1
Set parameter Seed to value 0
  定价策略: Exact, node=443, vertices=13
Set parameter PoolSearchMode to value 2
Set parameter PoolSolutions to value 10
[CG 1] RMP=10.000000, pricing=ExactPricingSolver, new_columns=0
  搜索路径: [1, 2, 4, 5, 3, 8, 11, 14, 15, 16, 17, 19, 23, 24, 25, 27, 26, 30, 36, 37, 21, 22, 18, 33, 20, 31, 32, 53, 52, 54, 55, 57, 56, 10, 66, 67, 70, 71, 74, 75, 9, 80, 81, 84, 86, 87, 85, 92, 93, 43, 42, 12, 102, 103, 13, 108, 109, 49, 48, 114, 115, 116, 122, 123, 117, 118, 119, 62, 63, 106, 107, 99, 61, 60, 41, 98, 40, 138, 147, 148, 149, 139, 146, 162, 163, 166, 167, 168, 169, 170, 171, 143, 140, 112, 113, 184, 185, 150, 182, 183, 156, 157, 194, 195, 151, 202, 203, 204, 205, 208, 209, 214, 215, 136, 206, 207, 220, 221, 222, 223, 141, 137, 142, 197, 240, 241, 242, 243, 244, 245, 196, 90, 91, 78, 260, 261, 262, 263, 268, 269, 258, 274, 275, 259, 97, 96, 79, 266, 285, 282, 280, 284, 288, 289, 292, 293, 287, 281, 302, 303, 304, 305, 306, 312, 313, 307, 308, 309, 318, 319, 267, 283, 286, 326, 327, 328, 329, 330, 331, 334, 335, 336, 337, 340, 341, 300, 301, 339, 348, 349, 338, 172, 173, 352, 192, 193, 353, 344, 362, 363, 190, 145, 345, 144, 191, 295, 294, 265, 264, 382, 383, 384, 385, 332, 333, 325, 324, 160, 180, 181, 161, 350, 351, 343, 342, 188, 135, 397, 213, 410, 412, 413, 411, 212, 311, 299, 230, 291, 231, 290, 255, 254, 310, 130, 131, 428, 429, 440, 441, 433, 446, 447, 434, 435, 432, 403, 418, 419, 298, 189, 388, 470, 471, 402, 389, 396, 390, 391, 134, 165, 164, 486, 487, 490, 491, 492, 493, 498, 499, 500, 501, 387, 472, 473, 271, 270, 514, 515, 518, 519, 516, 517, 386, 502, 503, 219, 218, 322, 316, 409, 524, 279, 423, 200, 201, 179, 415, 427, 525, 531, 535, 534, 542, 543, 178, 278, 548, 549, 521, 552, 553, 554, 555, 558, 563, 564, 565, 559, 562, 568, 569, 530, 571, 359, 570, 520, 317, 176, 177, 574, 575, 512, 580, 422, 124, 494, 584, 581, 426, 587, 588, 393, 248, 443]
  列生成求解结果: 目标值=10.0000， 下界=8.0000， 上界=10.0000

处理节点 591
  开始列生成求解...
Set parameter LogToConsole to value 0
Set parameter Threads to value 1
Set parameter Seed to value 0
  定价策略: Exact, node=591, vertices=14
Set parameter PoolSearchMode to value 2
Set parameter PoolSolutions to value 10
[CG 1] RMP=12.000000, pricing=ExactPricingSolver, new_columns=0
  搜索路径: [1, 2, 4, 5, 3, 8, 11, 14, 15, 16, 17, 19, 23, 24, 25, 27, 26, 30, 36, 37, 21, 22, 18, 33, 20, 31, 32, 53, 52, 54, 55, 57, 56, 10, 66, 67, 70, 71, 74, 75, 9, 80, 81, 84, 86, 87, 85, 92, 93, 43, 42, 12, 102, 103, 13, 108, 109, 49, 48, 114, 115, 116, 122, 123, 117, 118, 119, 62, 63, 106, 107, 99, 61, 60, 41, 98, 40, 138, 147, 148, 149, 139, 146, 162, 163, 166, 167, 168, 169, 170, 171, 143, 140, 112, 113, 184, 185, 150, 182, 183, 156, 157, 194, 195, 151, 202, 203, 204, 205, 208, 209, 214, 215, 136, 206, 207, 220, 221, 222, 223, 141, 137, 142, 197, 240, 241, 242, 243, 244, 245, 196, 90, 91, 78, 260, 261, 262, 263, 268, 269, 258, 274, 275, 259, 97, 96, 79, 266, 285, 282, 280, 284, 288, 289, 292, 293, 287, 281, 302, 303, 304, 305, 306, 312, 313, 307, 308, 309, 318, 319, 267, 283, 286, 326, 327, 328, 329, 330, 331, 334, 335, 336, 337, 340, 341, 300, 301, 339, 348, 349, 338, 172, 173, 352, 192, 193, 353, 344, 362, 363, 190, 145, 345, 144, 191, 295, 294, 265, 264, 382, 383, 384, 385, 332, 333, 325, 324, 160, 180, 181, 161, 350, 351, 343, 342, 188, 135, 397, 213, 410, 412, 413, 411, 212, 311, 299, 230, 291, 231, 290, 255, 254, 310, 130, 131, 428, 429, 440, 441, 433, 446, 447, 434, 435, 432, 403, 418, 419, 298, 189, 388, 470, 471, 402, 389, 396, 390, 391, 134, 165, 164, 486, 487, 490, 491, 492, 493, 498, 499, 500, 501, 387, 472, 473, 271, 270, 514, 515, 518, 519, 516, 517, 386, 502, 503, 219, 218, 322, 316, 409, 524, 279, 423, 200, 201, 179, 415, 427, 525, 531, 535, 534, 542, 543, 178, 278, 548, 549, 521, 552, 553, 554, 555, 558, 563, 564, 565, 559, 562, 568, 569, 530, 571, 359, 570, 520, 317, 176, 177, 574, 575, 512, 580, 422, 124, 494, 584, 581, 426, 587, 588, 393, 248, 443, 591]
  列生成求解结果: 目标值=12.0000， 下界=8.0000， 上界=10.0000

处理节点 593
  开始列生成求解...
Set parameter LogToConsole to value 0
Set parameter Threads to value 1
Set parameter Seed to value 0
  定价策略: Exact, node=593, vertices=14
Set parameter PoolSearchMode to value 2
Set parameter PoolSolutions to value 10
[CG 1] RMP=8.000000, pricing=ExactPricingSolver, new_columns=0
  搜索路径: [1, 2, 4, 5, 3, 8, 11, 14, 15, 16, 17, 19, 23, 24, 25, 27, 26, 30, 36, 37, 21, 22, 18, 33, 20, 31, 32, 53, 52, 54, 55, 57, 56, 10, 66, 67, 70, 71, 74, 75, 9, 80, 81, 84, 86, 87, 85, 92, 93, 43, 42, 12, 102, 103, 13, 108, 109, 49, 48, 114, 115, 116, 122, 123, 117, 118, 119, 62, 63, 106, 107, 99, 61, 60, 41, 98, 40, 138, 147, 148, 149, 139, 146, 162, 163, 166, 167, 168, 169, 170, 171, 143, 140, 112, 113, 184, 185, 150, 182, 183, 156, 157, 194, 195, 151, 202, 203, 204, 205, 208, 209, 214, 215, 136, 206, 207, 220, 221, 222, 223, 141, 137, 142, 197, 240, 241, 242, 243, 244, 245, 196, 90, 91, 78, 260, 261, 262, 263, 268, 269, 258, 274, 275, 259, 97, 96, 79, 266, 285, 282, 280, 284, 288, 289, 292, 293, 287, 281, 302, 303, 304, 305, 306, 312, 313, 307, 308, 309, 318, 319, 267, 283, 286, 326, 327, 328, 329, 330, 331, 334, 335, 336, 337, 340, 341, 300, 301, 339, 348, 349, 338, 172, 173, 352, 192, 193, 353, 344, 362, 363, 190, 145, 345, 144, 191, 295, 294, 265, 264, 382, 383, 384, 385, 332, 333, 325, 324, 160, 180, 181, 161, 350, 351, 343, 342, 188, 135, 397, 213, 410, 412, 413, 411, 212, 311, 299, 230, 291, 231, 290, 255, 254, 310, 130, 131, 428, 429, 440, 441, 433, 446, 447, 434, 435, 432, 403, 418, 419, 298, 189, 388, 470, 471, 402, 389, 396, 390, 391, 134, 165, 164, 486, 487, 490, 491, 492, 493, 498, 499, 500, 501, 387, 472, 473, 271, 270, 514, 515, 518, 519, 516, 517, 386, 502, 503, 219, 218, 322, 316, 409, 524, 279, 423, 200, 201, 179, 415, 427, 525, 531, 535, 534, 542, 543, 178, 278, 548, 549, 521, 552, 553, 554, 555, 558, 563, 564, 565, 559, 562, 568, 569, 530, 571, 359, 570, 520, 317, 176, 177, 574, 575, 512, 580, 422, 124, 494, 584, 581, 426, 587, 588, 393, 248, 443, 591, 593]
  列生成求解结果: 目标值=8.0000， 下界=8.0000， 上界=10.0000
    非整数变量: COL_11-16-18-20-27-4-7-9_573 = 0.111111
  解不是整数，开始分支...
ImposedVertex(vertex=27)
ForbidVertex(vertex=27)
  创建了 2 个分支
    添加分支节点 1: ID=594
    添加分支节点 2: ID=595

处理节点 592
  开始列生成求解...
Set parameter LogToConsole to value 0
Set parameter Threads to value 1
Set parameter Seed to value 0
  定价策略: Exact, node=592, vertices=14
Set parameter PoolSearchMode to value 2
Set parameter PoolSolutions to value 10
[CG 1] RMP=16.000000, pricing=ExactPricingSolver, new_columns=10
[CG 2] RMP=9.000000, pricing=ExactPricingSolver, new_columns=0
  搜索路径: [1, 2, 4, 5, 3, 8, 11, 14, 15, 16, 17, 19, 23, 24, 25, 27, 26, 30, 36, 37, 21, 22, 18, 33, 20, 31, 32, 53, 52, 54, 55, 57, 56, 10, 66, 67, 70, 71, 74, 75, 9, 80, 81, 84, 86, 87, 85, 92, 93, 43, 42, 12, 102, 103, 13, 108, 109, 49, 48, 114, 115, 116, 122, 123, 117, 118, 119, 62, 63, 106, 107, 99, 61, 60, 41, 98, 40, 138, 147, 148, 149, 139, 146, 162, 163, 166, 167, 168, 169, 170, 171, 143, 140, 112, 113, 184, 185, 150, 182, 183, 156, 157, 194, 195, 151, 202, 203, 204, 205, 208, 209, 214, 215, 136, 206, 207, 220, 221, 222, 223, 141, 137, 142, 197, 240, 241, 242, 243, 244, 245, 196, 90, 91, 78, 260, 261, 262, 263, 268, 269, 258, 274, 275, 259, 97, 96, 79, 266, 285, 282, 280, 284, 288, 289, 292, 293, 287, 281, 302, 303, 304, 305, 306, 312, 313, 307, 308, 309, 318, 319, 267, 283, 286, 326, 327, 328, 329, 330, 331, 334, 335, 336, 337, 340, 341, 300, 301, 339, 348, 349, 338, 172, 173, 352, 192, 193, 353, 344, 362, 363, 190, 145, 345, 144, 191, 295, 294, 265, 264, 382, 383, 384, 385, 332, 333, 325, 324, 160, 180, 181, 161, 350, 351, 343, 342, 188, 135, 397, 213, 410, 412, 413, 411, 212, 311, 299, 230, 291, 231, 290, 255, 254, 310, 130, 131, 428, 429, 440, 441, 433, 446, 447, 434, 435, 432, 403, 418, 419, 298, 189, 388, 470, 471, 402, 389, 396, 390, 391, 134, 165, 164, 486, 487, 490, 491, 492, 493, 498, 499, 500, 501, 387, 472, 473, 271, 270, 514, 515, 518, 519, 516, 517, 386, 502, 503, 219, 218, 322, 316, 409, 524, 279, 423, 200, 201, 179, 415, 427, 525, 531, 535, 534, 542, 543, 178, 278, 548, 549, 521, 552, 553, 554, 555, 558, 563, 564, 565, 559, 562, 568, 569, 530, 571, 359, 570, 520, 317, 176, 177, 574, 575, 512, 580, 422, 124, 494, 584, 581, 426, 587, 588, 393, 248, 443, 591, 593, 592]
  列生成求解结果: 目标值=9.0000， 下界=8.0000， 上界=10.0000
    非整数变量: COL_1-16-20-24-9_208 = 0.562500
  解不是整数，开始分支...
ImposedVertex(vertex=27)
ForbidVertex(vertex=27)
  创建了 2 个分支
    添加分支节点 1: ID=596
    添加分支节点 2: ID=597

处理节点 454
  开始列生成求解...
Set parameter LogToConsole to value 0
Set parameter Threads to value 1
Set parameter Seed to value 0
  定价策略: Exact, node=454, vertices=12
Set parameter PoolSearchMode to value 2
Set parameter PoolSolutions to value 10
[CG 1] RMP=10.000000, pricing=ExactPricingSolver, new_columns=0
  搜索路径: [1, 2, 4, 5, 3, 8, 11, 14, 15, 16, 17, 19, 23, 24, 25, 27, 26, 30, 36, 37, 21, 22, 18, 33, 20, 31, 32, 53, 52, 54, 55, 57, 56, 10, 66, 67, 70, 71, 74, 75, 9, 80, 81, 84, 86, 87, 85, 92, 93, 43, 42, 12, 102, 103, 13, 108, 109, 49, 48, 114, 115, 116, 122, 123, 117, 118, 119, 62, 63, 106, 107, 99, 61, 60, 41, 98, 40, 138, 147, 148, 149, 139, 146, 162, 163, 166, 167, 168, 169, 170, 171, 143, 140, 112, 113, 184, 185, 150, 182, 183, 156, 157, 194, 195, 151, 202, 203, 204, 205, 208, 209, 214, 215, 136, 206, 207, 220, 221, 222, 223, 141, 137, 142, 197, 240, 241, 242, 243, 244, 245, 196, 90, 91, 78, 260, 261, 262, 263, 268, 269, 258, 274, 275, 259, 97, 96, 79, 266, 285, 282, 280, 284, 288, 289, 292, 293, 287, 281, 302, 303, 304, 305, 306, 312, 313, 307, 308, 309, 318, 319, 267, 283, 286, 326, 327, 328, 329, 330, 331, 334, 335, 336, 337, 340, 341, 300, 301, 339, 348, 349, 338, 172, 173, 352, 192, 193, 353, 344, 362, 363, 190, 145, 345, 144, 191, 295, 294, 265, 264, 382, 383, 384, 385, 332, 333, 325, 324, 160, 180, 181, 161, 350, 351, 343, 342, 188, 135, 397, 213, 410, 412, 413, 411, 212, 311, 299, 230, 291, 231, 290, 255, 254, 310, 130, 131, 428, 429, 440, 441, 433, 446, 447, 434, 435, 432, 403, 418, 419, 298, 189, 388, 470, 471, 402, 389, 396, 390, 391, 134, 165, 164, 486, 487, 490, 491, 492, 493, 498, 499, 500, 501, 387, 472, 473, 271, 270, 514, 515, 518, 519, 516, 517, 386, 502, 503, 219, 218, 322, 316, 409, 524, 279, 423, 200, 201, 179, 415, 427, 525, 531, 535, 534, 542, 543, 178, 278, 548, 549, 521, 552, 553, 554, 555, 558, 563, 564, 565, 559, 562, 568, 569, 530, 571, 359, 570, 520, 317, 176, 177, 574, 575, 512, 580, 422, 124, 494, 584, 581, 426, 587, 588, 393, 248, 443, 591, 593, 592, 454]
  列生成求解结果: 目标值=10.0000， 下界=8.0000， 上界=10.0000

处理节点 480
  开始列生成求解...
Set parameter LogToConsole to value 0
Set parameter Threads to value 1
Set parameter Seed to value 0
  定价策略: Exact, node=480, vertices=12
Set parameter PoolSearchMode to value 2
Set parameter PoolSolutions to value 10
[CG 1] RMP=10.000000, pricing=ExactPricingSolver, new_columns=0
  搜索路径: [1, 2, 4, 5, 3, 8, 11, 14, 15, 16, 17, 19, 23, 24, 25, 27, 26, 30, 36, 37, 21, 22, 18, 33, 20, 31, 32, 53, 52, 54, 55, 57, 56, 10, 66, 67, 70, 71, 74, 75, 9, 80, 81, 84, 86, 87, 85, 92, 93, 43, 42, 12, 102, 103, 13, 108, 109, 49, 48, 114, 115, 116, 122, 123, 117, 118, 119, 62, 63, 106, 107, 99, 61, 60, 41, 98, 40, 138, 147, 148, 149, 139, 146, 162, 163, 166, 167, 168, 169, 170, 171, 143, 140, 112, 113, 184, 185, 150, 182, 183, 156, 157, 194, 195, 151, 202, 203, 204, 205, 208, 209, 214, 215, 136, 206, 207, 220, 221, 222, 223, 141, 137, 142, 197, 240, 241, 242, 243, 244, 245, 196, 90, 91, 78, 260, 261, 262, 263, 268, 269, 258, 274, 275, 259, 97, 96, 79, 266, 285, 282, 280, 284, 288, 289, 292, 293, 287, 281, 302, 303, 304, 305, 306, 312, 313, 307, 308, 309, 318, 319, 267, 283, 286, 326, 327, 328, 329, 330, 331, 334, 335, 336, 337, 340, 341, 300, 301, 339, 348, 349, 338, 172, 173, 352, 192, 193, 353, 344, 362, 363, 190, 145, 345, 144, 191, 295, 294, 265, 264, 382, 383, 384, 385, 332, 333, 325, 324, 160, 180, 181, 161, 350, 351, 343, 342, 188, 135, 397, 213, 410, 412, 413, 411, 212, 311, 299, 230, 291, 231, 290, 255, 254, 310, 130, 131, 428, 429, 440, 441, 433, 446, 447, 434, 435, 432, 403, 418, 419, 298, 189, 388, 470, 471, 402, 389, 396, 390, 391, 134, 165, 164, 486, 487, 490, 491, 492, 493, 498, 499, 500, 501, 387, 472, 473, 271, 270, 514, 515, 518, 519, 516, 517, 386, 502, 503, 219, 218, 322, 316, 409, 524, 279, 423, 200, 201, 179, 415, 427, 525, 531, 535, 534, 542, 543, 178, 278, 548, 549, 521, 552, 553, 554, 555, 558, 563, 564, 565, 559, 562, 568, 569, 530, 571, 359, 570, 520, 317, 176, 177, 574, 575, 512, 580, 422, 124, 494, 584, 581, 426, 587, 588, 393, 248, 443, 591, 593, 592, 454, 480]
  列生成求解结果: 目标值=10.0000， 下界=8.0000， 上界=10.0000

处理节点 226
  开始列生成求解...
Set parameter LogToConsole to value 0
Set parameter Threads to value 1
Set parameter Seed to value 0
  定价策略: Exact, node=226, vertices=17
Set parameter PoolSearchMode to value 2
Set parameter PoolSolutions to value 10
[CG 1] RMP=10.000000, pricing=ExactPricingSolver, new_columns=0
  搜索路径: [1, 2, 4, 5, 3, 8, 11, 14, 15, 16, 17, 19, 23, 24, 25, 27, 26, 30, 36, 37, 21, 22, 18, 33, 20, 31, 32, 53, 52, 54, 55, 57, 56, 10, 66, 67, 70, 71, 74, 75, 9, 80, 81, 84, 86, 87, 85, 92, 93, 43, 42, 12, 102, 103, 13, 108, 109, 49, 48, 114, 115, 116, 122, 123, 117, 118, 119, 62, 63, 106, 107, 99, 61, 60, 41, 98, 40, 138, 147, 148, 149, 139, 146, 162, 163, 166, 167, 168, 169, 170, 171, 143, 140, 112, 113, 184, 185, 150, 182, 183, 156, 157, 194, 195, 151, 202, 203, 204, 205, 208, 209, 214, 215, 136, 206, 207, 220, 221, 222, 223, 141, 137, 142, 197, 240, 241, 242, 243, 244, 245, 196, 90, 91, 78, 260, 261, 262, 263, 268, 269, 258, 274, 275, 259, 97, 96, 79, 266, 285, 282, 280, 284, 288, 289, 292, 293, 287, 281, 302, 303, 304, 305, 306, 312, 313, 307, 308, 309, 318, 319, 267, 283, 286, 326, 327, 328, 329, 330, 331, 334, 335, 336, 337, 340, 341, 300, 301, 339, 348, 349, 338, 172, 173, 352, 192, 193, 353, 344, 362, 363, 190, 145, 345, 144, 191, 295, 294, 265, 264, 382, 383, 384, 385, 332, 333, 325, 324, 160, 180, 181, 161, 350, 351, 343, 342, 188, 135, 397, 213, 410, 412, 413, 411, 212, 311, 299, 230, 291, 231, 290, 255, 254, 310, 130, 131, 428, 429, 440, 441, 433, 446, 447, 434, 435, 432, 403, 418, 419, 298, 189, 388, 470, 471, 402, 389, 396, 390, 391, 134, 165, 164, 486, 487, 490, 491, 492, 493, 498, 499, 500, 501, 387, 472, 473, 271, 270, 514, 515, 518, 519, 516, 517, 386, 502, 503, 219, 218, 322, 316, 409, 524, 279, 423, 200, 201, 179, 415, 427, 525, 531, 535, 534, 542, 543, 178, 278, 548, 549, 521, 552, 553, 554, 555, 558, 563, 564, 565, 559, 562, 568, 569, 530, 571, 359, 570, 520, 317, 176, 177, 574, 575, 512, 580, 422, 124, 494, 584, 581, 426, 587, 588, 393, 248, 443, 591, 593, 592, 454, 480, 226]
  列生成求解结果: 目标值=10.0000， 下界=8.0000， 上界=10.0000

处理节点 453
  开始列生成求解...
Set parameter LogToConsole to value 0
Set parameter Threads to value 1
Set parameter Seed to value 0
  定价策略: Exact, node=453, vertices=15
Set parameter PoolSearchMode to value 2
Set parameter PoolSolutions to value 10
[CG 1] RMP=12.000000, pricing=ExactPricingSolver, new_columns=0
  搜索路径: [1, 2, 4, 5, 3, 8, 11, 14, 15, 16, 17, 19, 23, 24, 25, 27, 26, 30, 36, 37, 21, 22, 18, 33, 20, 31, 32, 53, 52, 54, 55, 57, 56, 10, 66, 67, 70, 71, 74, 75, 9, 80, 81, 84, 86, 87, 85, 92, 93, 43, 42, 12, 102, 103, 13, 108, 109, 49, 48, 114, 115, 116, 122, 123, 117, 118, 119, 62, 63, 106, 107, 99, 61, 60, 41, 98, 40, 138, 147, 148, 149, 139, 146, 162, 163, 166, 167, 168, 169, 170, 171, 143, 140, 112, 113, 184, 185, 150, 182, 183, 156, 157, 194, 195, 151, 202, 203, 204, 205, 208, 209, 214, 215, 136, 206, 207, 220, 221, 222, 223, 141, 137, 142, 197, 240, 241, 242, 243, 244, 245, 196, 90, 91, 78, 260, 261, 262, 263, 268, 269, 258, 274, 275, 259, 97, 96, 79, 266, 285, 282, 280, 284, 288, 289, 292, 293, 287, 281, 302, 303, 304, 305, 306, 312, 313, 307, 308, 309, 318, 319, 267, 283, 286, 326, 327, 328, 329, 330, 331, 334, 335, 336, 337, 340, 341, 300, 301, 339, 348, 349, 338, 172, 173, 352, 192, 193, 353, 344, 362, 363, 190, 145, 345, 144, 191, 295, 294, 265, 264, 382, 383, 384, 385, 332, 333, 325, 324, 160, 180, 181, 161, 350, 351, 343, 342, 188, 135, 397, 213, 410, 412, 413, 411, 212, 311, 299, 230, 291, 231, 290, 255, 254, 310, 130, 131, 428, 429, 440, 441, 433, 446, 447, 434, 435, 432, 403, 418, 419, 298, 189, 388, 470, 471, 402, 389, 396, 390, 391, 134, 165, 164, 486, 487, 490, 491, 492, 493, 498, 499, 500, 501, 387, 472, 473, 271, 270, 514, 515, 518, 519, 516, 517, 386, 502, 503, 219, 218, 322, 316, 409, 524, 279, 423, 200, 201, 179, 415, 427, 525, 531, 535, 534, 542, 543, 178, 278, 548, 549, 521, 552, 553, 554, 555, 558, 563, 564, 565, 559, 562, 568, 569, 530, 571, 359, 570, 520, 317, 176, 177, 574, 575, 512, 580, 422, 124, 494, 584, 581, 426, 587, 588, 393, 248, 443, 591, 593, 592, 454, 480, 226, 453]
  列生成求解结果: 目标值=12.0000， 下界=8.0000， 上界=10.0000

处理节点 595
  开始列生成求解...
Set parameter LogToConsole to value 0
Set parameter Threads to value 1
Set parameter Seed to value 0
  定价策略: Exact, node=595, vertices=13
Set parameter PoolSearchMode to value 2
Set parameter PoolSolutions to value 10
[CG 1] RMP=9.000000, pricing=ExactPricingSolver, new_columns=10
[CG 2] RMP=9.000000, pricing=ExactPricingSolver, new_columns=0
  搜索路径: [1, 2, 4, 5, 3, 8, 11, 14, 15, 16, 17, 19, 23, 24, 25, 27, 26, 30, 36, 37, 21, 22, 18, 33, 20, 31, 32, 53, 52, 54, 55, 57, 56, 10, 66, 67, 70, 71, 74, 75, 9, 80, 81, 84, 86, 87, 85, 92, 93, 43, 42, 12, 102, 103, 13, 108, 109, 49, 48, 114, 115, 116, 122, 123, 117, 118, 119, 62, 63, 106, 107, 99, 61, 60, 41, 98, 40, 138, 147, 148, 149, 139, 146, 162, 163, 166, 167, 168, 169, 170, 171, 143, 140, 112, 113, 184, 185, 150, 182, 183, 156, 157, 194, 195, 151, 202, 203, 204, 205, 208, 209, 214, 215, 136, 206, 207, 220, 221, 222, 223, 141, 137, 142, 197, 240, 241, 242, 243, 244, 245, 196, 90, 91, 78, 260, 261, 262, 263, 268, 269, 258, 274, 275, 259, 97, 96, 79, 266, 285, 282, 280, 284, 288, 289, 292, 293, 287, 281, 302, 303, 304, 305, 306, 312, 313, 307, 308, 309, 318, 319, 267, 283, 286, 326, 327, 328, 329, 330, 331, 334, 335, 336, 337, 340, 341, 300, 301, 339, 348, 349, 338, 172, 173, 352, 192, 193, 353, 344, 362, 363, 190, 145, 345, 144, 191, 295, 294, 265, 264, 382, 383, 384, 385, 332, 333, 325, 324, 160, 180, 181, 161, 350, 351, 343, 342, 188, 135, 397, 213, 410, 412, 413, 411, 212, 311, 299, 230, 291, 231, 290, 255, 254, 310, 130, 131, 428, 429, 440, 441, 433, 446, 447, 434, 435, 432, 403, 418, 419, 298, 189, 388, 470, 471, 402, 389, 396, 390, 391, 134, 165, 164, 486, 487, 490, 491, 492, 493, 498, 499, 500, 501, 387, 472, 473, 271, 270, 514, 515, 518, 519, 516, 517, 386, 502, 503, 219, 218, 322, 316, 409, 524, 279, 423, 200, 201, 179, 415, 427, 525, 531, 535, 534, 542, 543, 178, 278, 548, 549, 521, 552, 553, 554, 555, 558, 563, 564, 565, 559, 562, 568, 569, 530, 571, 359, 570, 520, 317, 176, 177, 574, 575, 512, 580, 422, 124, 494, 584, 581, 426, 587, 588, 393, 248, 443, 591, 593, 592, 454, 480, 226, 453, 595]
  列生成求解结果: 目标值=9.0000， 下界=8.0000， 上界=10.0000
    非整数变量: COL_1-14-25-29_529 = 0.900000
  解不是整数，开始分支...
ImposedVertex(vertex=14)
ForbidVertex(vertex=14)
  创建了 2 个分支
    添加分支节点 1: ID=598
    添加分支节点 2: ID=599

处理节点 452
  开始列生成求解...
Set parameter LogToConsole to value 0
Set parameter Threads to value 1
Set parameter Seed to value 0
  定价策略: Exact, node=452, vertices=15
Set parameter PoolSearchMode to value 2
Set parameter PoolSolutions to value 10
[CG 1] RMP=8.000000, pricing=ExactPricingSolver, new_columns=0
  搜索路径: [1, 2, 4, 5, 3, 8, 11, 14, 15, 16, 17, 19, 23, 24, 25, 27, 26, 30, 36, 37, 21, 22, 18, 33, 20, 31, 32, 53, 52, 54, 55, 57, 56, 10, 66, 67, 70, 71, 74, 75, 9, 80, 81, 84, 86, 87, 85, 92, 93, 43, 42, 12, 102, 103, 13, 108, 109, 49, 48, 114, 115, 116, 122, 123, 117, 118, 119, 62, 63, 106, 107, 99, 61, 60, 41, 98, 40, 138, 147, 148, 149, 139, 146, 162, 163, 166, 167, 168, 169, 170, 171, 143, 140, 112, 113, 184, 185, 150, 182, 183, 156, 157, 194, 195, 151, 202, 203, 204, 205, 208, 209, 214, 215, 136, 206, 207, 220, 221, 222, 223, 141, 137, 142, 197, 240, 241, 242, 243, 244, 245, 196, 90, 91, 78, 260, 261, 262, 263, 268, 269, 258, 274, 275, 259, 97, 96, 79, 266, 285, 282, 280, 284, 288, 289, 292, 293, 287, 281, 302, 303, 304, 305, 306, 312, 313, 307, 308, 309, 318, 319, 267, 283, 286, 326, 327, 328, 329, 330, 331, 334, 335, 336, 337, 340, 341, 300, 301, 339, 348, 349, 338, 172, 173, 352, 192, 193, 353, 344, 362, 363, 190, 145, 345, 144, 191, 295, 294, 265, 264, 382, 383, 384, 385, 332, 333, 325, 324, 160, 180, 181, 161, 350, 351, 343, 342, 188, 135, 397, 213, 410, 412, 413, 411, 212, 311, 299, 230, 291, 231, 290, 255, 254, 310, 130, 131, 428, 429, 440, 441, 433, 446, 447, 434, 435, 432, 403, 418, 419, 298, 189, 388, 470, 471, 402, 389, 396, 390, 391, 134, 165, 164, 486, 487, 490, 491, 492, 493, 498, 499, 500, 501, 387, 472, 473, 271, 270, 514, 515, 518, 519, 516, 517, 386, 502, 503, 219, 218, 322, 316, 409, 524, 279, 423, 200, 201, 179, 415, 427, 525, 531, 535, 534, 542, 543, 178, 278, 548, 549, 521, 552, 553, 554, 555, 558, 563, 564, 565, 559, 562, 568, 569, 530, 571, 359, 570, 520, 317, 176, 177, 574, 575, 512, 580, 422, 124, 494, 584, 581, 426, 587, 588, 393, 248, 443, 591, 593, 592, 454, 480, 226, 453, 595, 452]
  列生成求解结果: 目标值=8.0000， 下界=8.0000， 上界=10.0000
    非整数变量: COL_11-2-20-4-7-9_544 = 0.500000
  解不是整数，开始分支...
ImposedVertex(vertex=27)
ForbidVertex(vertex=27)
  创建了 2 个分支
    添加分支节点 1: ID=600
    添加分支节点 2: ID=601

处理节点 227
  开始列生成求解...
Set parameter LogToConsole to value 0
Set parameter Threads to value 1
Set parameter Seed to value 0
  定价策略: Exact, node=227, vertices=17
Set parameter PoolSearchMode to value 2
Set parameter PoolSolutions to value 10
[CG 1] RMP=12.000000, pricing=ExactPricingSolver, new_columns=0
  搜索路径: [1, 2, 4, 5, 3, 8, 11, 14, 15, 16, 17, 19, 23, 24, 25, 27, 26, 30, 36, 37, 21, 22, 18, 33, 20, 31, 32, 53, 52, 54, 55, 57, 56, 10, 66, 67, 70, 71, 74, 75, 9, 80, 81, 84, 86, 87, 85, 92, 93, 43, 42, 12, 102, 103, 13, 108, 109, 49, 48, 114, 115, 116, 122, 123, 117, 118, 119, 62, 63, 106, 107, 99, 61, 60, 41, 98, 40, 138, 147, 148, 149, 139, 146, 162, 163, 166, 167, 168, 169, 170, 171, 143, 140, 112, 113, 184, 185, 150, 182, 183, 156, 157, 194, 195, 151, 202, 203, 204, 205, 208, 209, 214, 215, 136, 206, 207, 220, 221, 222, 223, 141, 137, 142, 197, 240, 241, 242, 243, 244, 245, 196, 90, 91, 78, 260, 261, 262, 263, 268, 269, 258, 274, 275, 259, 97, 96, 79, 266, 285, 282, 280, 284, 288, 289, 292, 293, 287, 281, 302, 303, 304, 305, 306, 312, 313, 307, 308, 309, 318, 319, 267, 283, 286, 326, 327, 328, 329, 330, 331, 334, 335, 336, 337, 340, 341, 300, 301, 339, 348, 349, 338, 172, 173, 352, 192, 193, 353, 344, 362, 363, 190, 145, 345, 144, 191, 295, 294, 265, 264, 382, 383, 384, 385, 332, 333, 325, 324, 160, 180, 181, 161, 350, 351, 343, 342, 188, 135, 397, 213, 410, 412, 413, 411, 212, 311, 299, 230, 291, 231, 290, 255, 254, 310, 130, 131, 428, 429, 440, 441, 433, 446, 447, 434, 435, 432, 403, 418, 419, 298, 189, 388, 470, 471, 402, 389, 396, 390, 391, 134, 165, 164, 486, 487, 490, 491, 492, 493, 498, 499, 500, 501, 387, 472, 473, 271, 270, 514, 515, 518, 519, 516, 517, 386, 502, 503, 219, 218, 322, 316, 409, 524, 279, 423, 200, 201, 179, 415, 427, 525, 531, 535, 534, 542, 543, 178, 278, 548, 549, 521, 552, 553, 554, 555, 558, 563, 564, 565, 559, 562, 568, 569, 530, 571, 359, 570, 520, 317, 176, 177, 574, 575, 512, 580, 422, 124, 494, 584, 581, 426, 587, 588, 393, 248, 443, 591, 593, 592, 454, 480, 226, 453, 595, 452, 227]
  列生成求解结果: 目标值=12.0000， 下界=8.0000， 上界=10.0000

处理节点 358
  开始列生成求解...
Set parameter LogToConsole to value 0
Set parameter Threads to value 1
Set parameter Seed to value 0
  定价策略: Exact, node=358, vertices=15
Set parameter PoolSearchMode to value 2
Set parameter PoolSolutions to value 10
[CG 1] RMP=10.000000, pricing=ExactPricingSolver, new_columns=0
  搜索路径: [1, 2, 4, 5, 3, 8, 11, 14, 15, 16, 17, 19, 23, 24, 25, 27, 26, 30, 36, 37, 21, 22, 18, 33, 20, 31, 32, 53, 52, 54, 55, 57, 56, 10, 66, 67, 70, 71, 74, 75, 9, 80, 81, 84, 86, 87, 85, 92, 93, 43, 42, 12, 102, 103, 13, 108, 109, 49, 48, 114, 115, 116, 122, 123, 117, 118, 119, 62, 63, 106, 107, 99, 61, 60, 41, 98, 40, 138, 147, 148, 149, 139, 146, 162, 163, 166, 167, 168, 169, 170, 171, 143, 140, 112, 113, 184, 185, 150, 182, 183, 156, 157, 194, 195, 151, 202, 203, 204, 205, 208, 209, 214, 215, 136, 206, 207, 220, 221, 222, 223, 141, 137, 142, 197, 240, 241, 242, 243, 244, 245, 196, 90, 91, 78, 260, 261, 262, 263, 268, 269, 258, 274, 275, 259, 97, 96, 79, 266, 285, 282, 280, 284, 288, 289, 292, 293, 287, 281, 302, 303, 304, 305, 306, 312, 313, 307, 308, 309, 318, 319, 267, 283, 286, 326, 327, 328, 329, 330, 331, 334, 335, 336, 337, 340, 341, 300, 301, 339, 348, 349, 338, 172, 173, 352, 192, 193, 353, 344, 362, 363, 190, 145, 345, 144, 191, 295, 294, 265, 264, 382, 383, 384, 385, 332, 333, 325, 324, 160, 180, 181, 161, 350, 351, 343, 342, 188, 135, 397, 213, 410, 412, 413, 411, 212, 311, 299, 230, 291, 231, 290, 255, 254, 310, 130, 131, 428, 429, 440, 441, 433, 446, 447, 434, 435, 432, 403, 418, 419, 298, 189, 388, 470, 471, 402, 389, 396, 390, 391, 134, 165, 164, 486, 487, 490, 491, 492, 493, 498, 499, 500, 501, 387, 472, 473, 271, 270, 514, 515, 518, 519, 516, 517, 386, 502, 503, 219, 218, 322, 316, 409, 524, 279, 423, 200, 201, 179, 415, 427, 525, 531, 535, 534, 542, 543, 178, 278, 548, 549, 521, 552, 553, 554, 555, 558, 563, 564, 565, 559, 562, 568, 569, 530, 571, 359, 570, 520, 317, 176, 177, 574, 575, 512, 580, 422, 124, 494, 584, 581, 426, 587, 588, 393, 248, 443, 591, 593, 592, 454, 480, 226, 453, 595, 452, 227, 358]
  列生成求解结果: 目标值=10.0000， 下界=8.0000， 上界=10.0000

处理节点 442
  开始列生成求解...
Set parameter LogToConsole to value 0
Set parameter Threads to value 1
Set parameter Seed to value 0
  定价策略: Exact, node=442, vertices=13
Set parameter PoolSearchMode to value 2
Set parameter PoolSolutions to value 10
[CG 1] RMP=16.000000, pricing=ExactPricingSolver, new_columns=10
[CG 2] RMP=12.000000, pricing=ExactPricingSolver, new_columns=0
  搜索路径: [1, 2, 4, 5, 3, 8, 11, 14, 15, 16, 17, 19, 23, 24, 25, 27, 26, 30, 36, 37, 21, 22, 18, 33, 20, 31, 32, 53, 52, 54, 55, 57, 56, 10, 66, 67, 70, 71, 74, 75, 9, 80, 81, 84, 86, 87, 85, 92, 93, 43, 42, 12, 102, 103, 13, 108, 109, 49, 48, 114, 115, 116, 122, 123, 117, 118, 119, 62, 63, 106, 107, 99, 61, 60, 41, 98, 40, 138, 147, 148, 149, 139, 146, 162, 163, 166, 167, 168, 169, 170, 171, 143, 140, 112, 113, 184, 185, 150, 182, 183, 156, 157, 194, 195, 151, 202, 203, 204, 205, 208, 209, 214, 215, 136, 206, 207, 220, 221, 222, 223, 141, 137, 142, 197, 240, 241, 242, 243, 244, 245, 196, 90, 91, 78, 260, 261, 262, 263, 268, 269, 258, 274, 275, 259, 97, 96, 79, 266, 285, 282, 280, 284, 288, 289, 292, 293, 287, 281, 302, 303, 304, 305, 306, 312, 313, 307, 308, 309, 318, 319, 267, 283, 286, 326, 327, 328, 329, 330, 331, 334, 335, 336, 337, 340, 341, 300, 301, 339, 348, 349, 338, 172, 173, 352, 192, 193, 353, 344, 362, 363, 190, 145, 345, 144, 191, 295, 294, 265, 264, 382, 383, 384, 385, 332, 333, 325, 324, 160, 180, 181, 161, 350, 351, 343, 342, 188, 135, 397, 213, 410, 412, 413, 411, 212, 311, 299, 230, 291, 231, 290, 255, 254, 310, 130, 131, 428, 429, 440, 441, 433, 446, 447, 434, 435, 432, 403, 418, 419, 298, 189, 388, 470, 471, 402, 389, 396, 390, 391, 134, 165, 164, 486, 487, 490, 491, 492, 493, 498, 499, 500, 501, 387, 472, 473, 271, 270, 514, 515, 518, 519, 516, 517, 386, 502, 503, 219, 218, 322, 316, 409, 524, 279, 423, 200, 201, 179, 415, 427, 525, 531, 535, 534, 542, 543, 178, 278, 548, 549, 521, 552, 553, 554, 555, 558, 563, 564, 565, 559, 562, 568, 569, 530, 571, 359, 570, 520, 317, 176, 177, 574, 575, 512, 580, 422, 124, 494, 584, 581, 426, 587, 588, 393, 248, 443, 591, 593, 592, 454, 480, 226, 453, 595, 452, 227, 358, 442]
  列生成求解结果: 目标值=12.0000， 下界=8.0000， 上界=10.0000

处理节点 601
  开始列生成求解...
Set parameter LogToConsole to value 0
Set parameter Threads to value 1
Set parameter Seed to value 0
  定价策略: Exact, node=601, vertices=14
Set parameter PoolSearchMode to value 2
Set parameter PoolSolutions to value 10
[CG 1] RMP=9.000000, pricing=ExactPricingSolver, new_columns=0
  搜索路径: [1, 2, 4, 5, 3, 8, 11, 14, 15, 16, 17, 19, 23, 24, 25, 27, 26, 30, 36, 37, 21, 22, 18, 33, 20, 31, 32, 53, 52, 54, 55, 57, 56, 10, 66, 67, 70, 71, 74, 75, 9, 80, 81, 84, 86, 87, 85, 92, 93, 43, 42, 12, 102, 103, 13, 108, 109, 49, 48, 114, 115, 116, 122, 123, 117, 118, 119, 62, 63, 106, 107, 99, 61, 60, 41, 98, 40, 138, 147, 148, 149, 139, 146, 162, 163, 166, 167, 168, 169, 170, 171, 143, 140, 112, 113, 184, 185, 150, 182, 183, 156, 157, 194, 195, 151, 202, 203, 204, 205, 208, 209, 214, 215, 136, 206, 207, 220, 221, 222, 223, 141, 137, 142, 197, 240, 241, 242, 243, 244, 245, 196, 90, 91, 78, 260, 261, 262, 263, 268, 269, 258, 274, 275, 259, 97, 96, 79, 266, 285, 282, 280, 284, 288, 289, 292, 293, 287, 281, 302, 303, 304, 305, 306, 312, 313, 307, 308, 309, 318, 319, 267, 283, 286, 326, 327, 328, 329, 330, 331, 334, 335, 336, 337, 340, 341, 300, 301, 339, 348, 349, 338, 172, 173, 352, 192, 193, 353, 344, 362, 363, 190, 145, 345, 144, 191, 295, 294, 265, 264, 382, 383, 384, 385, 332, 333, 325, 324, 160, 180, 181, 161, 350, 351, 343, 342, 188, 135, 397, 213, 410, 412, 413, 411, 212, 311, 299, 230, 291, 231, 290, 255, 254, 310, 130, 131, 428, 429, 440, 441, 433, 446, 447, 434, 435, 432, 403, 418, 419, 298, 189, 388, 470, 471, 402, 389, 396, 390, 391, 134, 165, 164, 486, 487, 490, 491, 492, 493, 498, 499, 500, 501, 387, 472, 473, 271, 270, 514, 515, 518, 519, 516, 517, 386, 502, 503, 219, 218, 322, 316, 409, 524, 279, 423, 200, 201, 179, 415, 427, 525, 531, 535, 534, 542, 543, 178, 278, 548, 549, 521, 552, 553, 554, 555, 558, 563, 564, 565, 559, 562, 568, 569, 530, 571, 359, 570, 520, 317, 176, 177, 574, 575, 512, 580, 422, 124, 494, 584, 581, 426, 587, 588, 393, 248, 443, 591, 593, 592, 454, 480, 226, 453, 595, 452, 227, 358, 442, 601]
  列生成求解结果: 目标值=9.0000， 下界=8.0000， 上界=10.0000
    非整数变量: COL_11-2-4-7-9_542 = 0.800000
  解不是整数，开始分支...
ImposedVertex(vertex=11)
ForbidVertex(vertex=11)
  创建了 2 个分支
    添加分支节点 1: ID=602
    添加分支节点 2: ID=603

处理节点 356
  开始列生成求解...
Set parameter LogToConsole to value 0
Set parameter Threads to value 1
Set parameter Seed to value 0
  定价策略: Exact, node=356, vertices=15
Set parameter PoolSearchMode to value 2
Set parameter PoolSolutions to value 10
[CG 1] RMP=12.000000, pricing=ExactPricingSolver, new_columns=10
[CG 2] RMP=10.000000, pricing=ExactPricingSolver, new_columns=0
  搜索路径: [1, 2, 4, 5, 3, 8, 11, 14, 15, 16, 17, 19, 23, 24, 25, 27, 26, 30, 36, 37, 21, 22, 18, 33, 20, 31, 32, 53, 52, 54, 55, 57, 56, 10, 66, 67, 70, 71, 74, 75, 9, 80, 81, 84, 86, 87, 85, 92, 93, 43, 42, 12, 102, 103, 13, 108, 109, 49, 48, 114, 115, 116, 122, 123, 117, 118, 119, 62, 63, 106, 107, 99, 61, 60, 41, 98, 40, 138, 147, 148, 149, 139, 146, 162, 163, 166, 167, 168, 169, 170, 171, 143, 140, 112, 113, 184, 185, 150, 182, 183, 156, 157, 194, 195, 151, 202, 203, 204, 205, 208, 209, 214, 215, 136, 206, 207, 220, 221, 222, 223, 141, 137, 142, 197, 240, 241, 242, 243, 244, 245, 196, 90, 91, 78, 260, 261, 262, 263, 268, 269, 258, 274, 275, 259, 97, 96, 79, 266, 285, 282, 280, 284, 288, 289, 292, 293, 287, 281, 302, 303, 304, 305, 306, 312, 313, 307, 308, 309, 318, 319, 267, 283, 286, 326, 327, 328, 329, 330, 331, 334, 335, 336, 337, 340, 341, 300, 301, 339, 348, 349, 338, 172, 173, 352, 192, 193, 353, 344, 362, 363, 190, 145, 345, 144, 191, 295, 294, 265, 264, 382, 383, 384, 385, 332, 333, 325, 324, 160, 180, 181, 161, 350, 351, 343, 342, 188, 135, 397, 213, 410, 412, 413, 411, 212, 311, 299, 230, 291, 231, 290, 255, 254, 310, 130, 131, 428, 429, 440, 441, 433, 446, 447, 434, 435, 432, 403, 418, 419, 298, 189, 388, 470, 471, 402, 389, 396, 390, 391, 134, 165, 164, 486, 487, 490, 491, 492, 493, 498, 499, 500, 501, 387, 472, 473, 271, 270, 514, 515, 518, 519, 516, 517, 386, 502, 503, 219, 218, 322, 316, 409, 524, 279, 423, 200, 201, 179, 415, 427, 525, 531, 535, 534, 542, 543, 178, 278, 548, 549, 521, 552, 553, 554, 555, 558, 563, 564, 565, 559, 562, 568, 569, 530, 571, 359, 570, 520, 317, 176, 177, 574, 575, 512, 580, 422, 124, 494, 584, 581, 426, 587, 588, 393, 248, 443, 591, 593, 592, 454, 480, 226, 453, 595, 452, 227, 358, 442, 601, 356]
  列生成求解结果: 目标值=10.0000， 下界=8.0000， 上界=10.0000

处理节点 458
  开始列生成求解...
Set parameter LogToConsole to value 0
Set parameter Threads to value 1
Set parameter Seed to value 0
  定价策略: Exact, node=458, vertices=13
Set parameter PoolSearchMode to value 2
Set parameter PoolSolutions to value 10
[CG 1] RMP=1010.000000, pricing=ExactPricingSolver, new_columns=10
[CG 2] RMP=10.000000, pricing=ExactPricingSolver, new_columns=0
  搜索路径: [1, 2, 4, 5, 3, 8, 11, 14, 15, 16, 17, 19, 23, 24, 25, 27, 26, 30, 36, 37, 21, 22, 18, 33, 20, 31, 32, 53, 52, 54, 55, 57, 56, 10, 66, 67, 70, 71, 74, 75, 9, 80, 81, 84, 86, 87, 85, 92, 93, 43, 42, 12, 102, 103, 13, 108, 109, 49, 48, 114, 115, 116, 122, 123, 117, 118, 119, 62, 63, 106, 107, 99, 61, 60, 41, 98, 40, 138, 147, 148, 149, 139, 146, 162, 163, 166, 167, 168, 169, 170, 171, 143, 140, 112, 113, 184, 185, 150, 182, 183, 156, 157, 194, 195, 151, 202, 203, 204, 205, 208, 209, 214, 215, 136, 206, 207, 220, 221, 222, 223, 141, 137, 142, 197, 240, 241, 242, 243, 244, 245, 196, 90, 91, 78, 260, 261, 262, 263, 268, 269, 258, 274, 275, 259, 97, 96, 79, 266, 285, 282, 280, 284, 288, 289, 292, 293, 287, 281, 302, 303, 304, 305, 306, 312, 313, 307, 308, 309, 318, 319, 267, 283, 286, 326, 327, 328, 329, 330, 331, 334, 335, 336, 337, 340, 341, 300, 301, 339, 348, 349, 338, 172, 173, 352, 192, 193, 353, 344, 362, 363, 190, 145, 345, 144, 191, 295, 294, 265, 264, 382, 383, 384, 385, 332, 333, 325, 324, 160, 180, 181, 161, 350, 351, 343, 342, 188, 135, 397, 213, 410, 412, 413, 411, 212, 311, 299, 230, 291, 231, 290, 255, 254, 310, 130, 131, 428, 429, 440, 441, 433, 446, 447, 434, 435, 432, 403, 418, 419, 298, 189, 388, 470, 471, 402, 389, 396, 390, 391, 134, 165, 164, 486, 487, 490, 491, 492, 493, 498, 499, 500, 501, 387, 472, 473, 271, 270, 514, 515, 518, 519, 516, 517, 386, 502, 503, 219, 218, 322, 316, 409, 524, 279, 423, 200, 201, 179, 415, 427, 525, 531, 535, 534, 542, 543, 178, 278, 548, 549, 521, 552, 553, 554, 555, 558, 563, 564, 565, 559, 562, 568, 569, 530, 571, 359, 570, 520, 317, 176, 177, 574, 575, 512, 580, 422, 124, 494, 584, 581, 426, 587, 588, 393, 248, 443, 591, 593, 592, 454, 480, 226, 453, 595, 452, 227, 358, 442, 601, 356, 458]
  列生成求解结果: 目标值=10.0000， 下界=8.0000， 上界=10.0000

处理节点 484
  开始列生成求解...
Set parameter LogToConsole to value 0
Set parameter Threads to value 1
Set parameter Seed to value 0
  定价策略: Exact, node=484, vertices=18
Set parameter PoolSearchMode to value 2
Set parameter PoolSolutions to value 10
[CG 1] RMP=10.000000, pricing=ExactPricingSolver, new_columns=0
  搜索路径: [1, 2, 4, 5, 3, 8, 11, 14, 15, 16, 17, 19, 23, 24, 25, 27, 26, 30, 36, 37, 21, 22, 18, 33, 20, 31, 32, 53, 52, 54, 55, 57, 56, 10, 66, 67, 70, 71, 74, 75, 9, 80, 81, 84, 86, 87, 85, 92, 93, 43, 42, 12, 102, 103, 13, 108, 109, 49, 48, 114, 115, 116, 122, 123, 117, 118, 119, 62, 63, 106, 107, 99, 61, 60, 41, 98, 40, 138, 147, 148, 149, 139, 146, 162, 163, 166, 167, 168, 169, 170, 171, 143, 140, 112, 113, 184, 185, 150, 182, 183, 156, 157, 194, 195, 151, 202, 203, 204, 205, 208, 209, 214, 215, 136, 206, 207, 220, 221, 222, 223, 141, 137, 142, 197, 240, 241, 242, 243, 244, 245, 196, 90, 91, 78, 260, 261, 262, 263, 268, 269, 258, 274, 275, 259, 97, 96, 79, 266, 285, 282, 280, 284, 288, 289, 292, 293, 287, 281, 302, 303, 304, 305, 306, 312, 313, 307, 308, 309, 318, 319, 267, 283, 286, 326, 327, 328, 329, 330, 331, 334, 335, 336, 337, 340, 341, 300, 301, 339, 348, 349, 338, 172, 173, 352, 192, 193, 353, 344, 362, 363, 190, 145, 345, 144, 191, 295, 294, 265, 264, 382, 383, 384, 385, 332, 333, 325, 324, 160, 180, 181, 161, 350, 351, 343, 342, 188, 135, 397, 213, 410, 412, 413, 411, 212, 311, 299, 230, 291, 231, 290, 255, 254, 310, 130, 131, 428, 429, 440, 441, 433, 446, 447, 434, 435, 432, 403, 418, 419, 298, 189, 388, 470, 471, 402, 389, 396, 390, 391, 134, 165, 164, 486, 487, 490, 491, 492, 493, 498, 499, 500, 501, 387, 472, 473, 271, 270, 514, 515, 518, 519, 516, 517, 386, 502, 503, 219, 218, 322, 316, 409, 524, 279, 423, 200, 201, 179, 415, 427, 525, 531, 535, 534, 542, 543, 178, 278, 548, 549, 521, 552, 553, 554, 555, 558, 563, 564, 565, 559, 562, 568, 569, 530, 571, 359, 570, 520, 317, 176, 177, 574, 575, 512, 580, 422, 124, 494, 584, 581, 426, 587, 588, 393, 248, 443, 591, 593, 592, 454, 480, 226, 453, 595, 452, 227, 358, 442, 601, 356, 458, 484]
  列生成求解结果: 目标值=10.0000， 下界=8.0000， 上界=10.0000

处理节点 582
  开始列生成求解...
Set parameter LogToConsole to value 0
Set parameter Threads to value 1
Set parameter Seed to value 0
  定价策略: Exact, node=582, vertices=14
Set parameter PoolSearchMode to value 2
Set parameter PoolSolutions to value 10
[CG 1] RMP=10.000000, pricing=ExactPricingSolver, new_columns=0
  搜索路径: [1, 2, 4, 5, 3, 8, 11, 14, 15, 16, 17, 19, 23, 24, 25, 27, 26, 30, 36, 37, 21, 22, 18, 33, 20, 31, 32, 53, 52, 54, 55, 57, 56, 10, 66, 67, 70, 71, 74, 75, 9, 80, 81, 84, 86, 87, 85, 92, 93, 43, 42, 12, 102, 103, 13, 108, 109, 49, 48, 114, 115, 116, 122, 123, 117, 118, 119, 62, 63, 106, 107, 99, 61, 60, 41, 98, 40, 138, 147, 148, 149, 139, 146, 162, 163, 166, 167, 168, 169, 170, 171, 143, 140, 112, 113, 184, 185, 150, 182, 183, 156, 157, 194, 195, 151, 202, 203, 204, 205, 208, 209, 214, 215, 136, 206, 207, 220, 221, 222, 223, 141, 137, 142, 197, 240, 241, 242, 243, 244, 245, 196, 90, 91, 78, 260, 261, 262, 263, 268, 269, 258, 274, 275, 259, 97, 96, 79, 266, 285, 282, 280, 284, 288, 289, 292, 293, 287, 281, 302, 303, 304, 305, 306, 312, 313, 307, 308, 309, 318, 319, 267, 283, 286, 326, 327, 328, 329, 330, 331, 334, 335, 336, 337, 340, 341, 300, 301, 339, 348, 349, 338, 172, 173, 352, 192, 193, 353, 344, 362, 363, 190, 145, 345, 144, 191, 295, 294, 265, 264, 382, 383, 384, 385, 332, 333, 325, 324, 160, 180, 181, 161, 350, 351, 343, 342, 188, 135, 397, 213, 410, 412, 413, 411, 212, 311, 299, 230, 291, 231, 290, 255, 254, 310, 130, 131, 428, 429, 440, 441, 433, 446, 447, 434, 435, 432, 403, 418, 419, 298, 189, 388, 470, 471, 402, 389, 396, 390, 391, 134, 165, 164, 486, 487, 490, 491, 492, 493, 498, 499, 500, 501, 387, 472, 473, 271, 270, 514, 515, 518, 519, 516, 517, 386, 502, 503, 219, 218, 322, 316, 409, 524, 279, 423, 200, 201, 179, 415, 427, 525, 531, 535, 534, 542, 543, 178, 278, 548, 549, 521, 552, 553, 554, 555, 558, 563, 564, 565, 559, 562, 568, 569, 530, 571, 359, 570, 520, 317, 176, 177, 574, 575, 512, 580, 422, 124, 494, 584, 581, 426, 587, 588, 393, 248, 443, 591, 593, 592, 454, 480, 226, 453, 595, 452, 227, 358, 442, 601, 356, 458, 484, 582]
  列生成求解结果: 目标值=10.0000， 下界=8.0000， 上界=10.0000

处理节点 583
  开始列生成求解...
Set parameter LogToConsole to value 0
Set parameter Threads to value 1
Set parameter Seed to value 0
  定价策略: Exact, node=583, vertices=14
Set parameter PoolSearchMode to value 2
Set parameter PoolSolutions to value 10
[CG 1] RMP=12.000000, pricing=ExactPricingSolver, new_columns=10
[CG 2] RMP=12.000000, pricing=ExactPricingSolver, new_columns=0
  搜索路径: [1, 2, 4, 5, 3, 8, 11, 14, 15, 16, 17, 19, 23, 24, 25, 27, 26, 30, 36, 37, 21, 22, 18, 33, 20, 31, 32, 53, 52, 54, 55, 57, 56, 10, 66, 67, 70, 71, 74, 75, 9, 80, 81, 84, 86, 87, 85, 92, 93, 43, 42, 12, 102, 103, 13, 108, 109, 49, 48, 114, 115, 116, 122, 123, 117, 118, 119, 62, 63, 106, 107, 99, 61, 60, 41, 98, 40, 138, 147, 148, 149, 139, 146, 162, 163, 166, 167, 168, 169, 170, 171, 143, 140, 112, 113, 184, 185, 150, 182, 183, 156, 157, 194, 195, 151, 202, 203, 204, 205, 208, 209, 214, 215, 136, 206, 207, 220, 221, 222, 223, 141, 137, 142, 197, 240, 241, 242, 243, 244, 245, 196, 90, 91, 78, 260, 261, 262, 263, 268, 269, 258, 274, 275, 259, 97, 96, 79, 266, 285, 282, 280, 284, 288, 289, 292, 293, 287, 281, 302, 303, 304, 305, 306, 312, 313, 307, 308, 309, 318, 319, 267, 283, 286, 326, 327, 328, 329, 330, 331, 334, 335, 336, 337, 340, 341, 300, 301, 339, 348, 349, 338, 172, 173, 352, 192, 193, 353, 344, 362, 363, 190, 145, 345, 144, 191, 295, 294, 265, 264, 382, 383, 384, 385, 332, 333, 325, 324, 160, 180, 181, 161, 350, 351, 343, 342, 188, 135, 397, 213, 410, 412, 413, 411, 212, 311, 299, 230, 291, 231, 290, 255, 254, 310, 130, 131, 428, 429, 440, 441, 433, 446, 447, 434, 435, 432, 403, 418, 419, 298, 189, 388, 470, 471, 402, 389, 396, 390, 391, 134, 165, 164, 486, 487, 490, 491, 492, 493, 498, 499, 500, 501, 387, 472, 473, 271, 270, 514, 515, 518, 519, 516, 517, 386, 502, 503, 219, 218, 322, 316, 409, 524, 279, 423, 200, 201, 179, 415, 427, 525, 531, 535, 534, 542, 543, 178, 278, 548, 549, 521, 552, 553, 554, 555, 558, 563, 564, 565, 559, 562, 568, 569, 530, 571, 359, 570, 520, 317, 176, 177, 574, 575, 512, 580, 422, 124, 494, 584, 581, 426, 587, 588, 393, 248, 443, 591, 593, 592, 454, 480, 226, 453, 595, 452, 227, 358, 442, 601, 356, 458, 484, 582, 583]
  列生成求解结果: 目标值=12.0000， 下界=8.0000， 上界=10.0000

处理节点 589
  开始列生成求解...
Set parameter LogToConsole to value 0
Set parameter Threads to value 1
Set parameter Seed to value 0
  定价策略: Exact, node=589, vertices=15
Set parameter PoolSearchMode to value 2
Set parameter PoolSolutions to value 10
[CG 1] RMP=11.000000, pricing=ExactPricingSolver, new_columns=10
[CG 2] RMP=11.000000, pricing=ExactPricingSolver, new_columns=10
[CG 3] RMP=9.000000, pricing=ExactPricingSolver, new_columns=0
  搜索路径: [1, 2, 4, 5, 3, 8, 11, 14, 15, 16, 17, 19, 23, 24, 25, 27, 26, 30, 36, 37, 21, 22, 18, 33, 20, 31, 32, 53, 52, 54, 55, 57, 56, 10, 66, 67, 70, 71, 74, 75, 9, 80, 81, 84, 86, 87, 85, 92, 93, 43, 42, 12, 102, 103, 13, 108, 109, 49, 48, 114, 115, 116, 122, 123, 117, 118, 119, 62, 63, 106, 107, 99, 61, 60, 41, 98, 40, 138, 147, 148, 149, 139, 146, 162, 163, 166, 167, 168, 169, 170, 171, 143, 140, 112, 113, 184, 185, 150, 182, 183, 156, 157, 194, 195, 151, 202, 203, 204, 205, 208, 209, 214, 215, 136, 206, 207, 220, 221, 222, 223, 141, 137, 142, 197, 240, 241, 242, 243, 244, 245, 196, 90, 91, 78, 260, 261, 262, 263, 268, 269, 258, 274, 275, 259, 97, 96, 79, 266, 285, 282, 280, 284, 288, 289, 292, 293, 287, 281, 302, 303, 304, 305, 306, 312, 313, 307, 308, 309, 318, 319, 267, 283, 286, 326, 327, 328, 329, 330, 331, 334, 335, 336, 337, 340, 341, 300, 301, 339, 348, 349, 338, 172, 173, 352, 192, 193, 353, 344, 362, 363, 190, 145, 345, 144, 191, 295, 294, 265, 264, 382, 383, 384, 385, 332, 333, 325, 324, 160, 180, 181, 161, 350, 351, 343, 342, 188, 135, 397, 213, 410, 412, 413, 411, 212, 311, 299, 230, 291, 231, 290, 255, 254, 310, 130, 131, 428, 429, 440, 441, 433, 446, 447, 434, 435, 432, 403, 418, 419, 298, 189, 388, 470, 471, 402, 389, 396, 390, 391, 134, 165, 164, 486, 487, 490, 491, 492, 493, 498, 499, 500, 501, 387, 472, 473, 271, 270, 514, 515, 518, 519, 516, 517, 386, 502, 503, 219, 218, 322, 316, 409, 524, 279, 423, 200, 201, 179, 415, 427, 525, 531, 535, 534, 542, 543, 178, 278, 548, 549, 521, 552, 553, 554, 555, 558, 563, 564, 565, 559, 562, 568, 569, 530, 571, 359, 570, 520, 317, 176, 177, 574, 575, 512, 580, 422, 124, 494, 584, 581, 426, 587, 588, 393, 248, 443, 591, 593, 592, 454, 480, 226, 453, 595, 452, 227, 358, 442, 601, 356, 458, 484, 582, 583, 589]
  列生成求解结果: 目标值=9.0000， 下界=8.0000， 上界=10.0000
    非整数变量: COL_1-16-20-24-9_208 = 0.181818
  解不是整数，开始分支...
ImposedVertex(vertex=27)
ForbidVertex(vertex=27)
  创建了 2 个分支
    添加分支节点 1: ID=604
    添加分支节点 2: ID=605

处理节点 357
  开始列生成求解...
Set parameter LogToConsole to value 0
Set parameter Threads to value 1
Set parameter Seed to value 0
  定价策略: Exact, node=357, vertices=15
Set parameter PoolSearchMode to value 2
Set parameter PoolSolutions to value 10
[CG 1] RMP=9.000000, pricing=ExactPricingSolver, new_columns=10
[CG 2] RMP=9.000000, pricing=ExactPricingSolver, new_columns=0
  搜索路径: [1, 2, 4, 5, 3, 8, 11, 14, 15, 16, 17, 19, 23, 24, 25, 27, 26, 30, 36, 37, 21, 22, 18, 33, 20, 31, 32, 53, 52, 54, 55, 57, 56, 10, 66, 67, 70, 71, 74, 75, 9, 80, 81, 84, 86, 87, 85, 92, 93, 43, 42, 12, 102, 103, 13, 108, 109, 49, 48, 114, 115, 116, 122, 123, 117, 118, 119, 62, 63, 106, 107, 99, 61, 60, 41, 98, 40, 138, 147, 148, 149, 139, 146, 162, 163, 166, 167, 168, 169, 170, 171, 143, 140, 112, 113, 184, 185, 150, 182, 183, 156, 157, 194, 195, 151, 202, 203, 204, 205, 208, 209, 214, 215, 136, 206, 207, 220, 221, 222, 223, 141, 137, 142, 197, 240, 241, 242, 243, 244, 245, 196, 90, 91, 78, 260, 261, 262, 263, 268, 269, 258, 274, 275, 259, 97, 96, 79, 266, 285, 282, 280, 284, 288, 289, 292, 293, 287, 281, 302, 303, 304, 305, 306, 312, 313, 307, 308, 309, 318, 319, 267, 283, 286, 326, 327, 328, 329, 330, 331, 334, 335, 336, 337, 340, 341, 300, 301, 339, 348, 349, 338, 172, 173, 352, 192, 193, 353, 344, 362, 363, 190, 145, 345, 144, 191, 295, 294, 265, 264, 382, 383, 384, 385, 332, 333, 325, 324, 160, 180, 181, 161, 350, 351, 343, 342, 188, 135, 397, 213, 410, 412, 413, 411, 212, 311, 299, 230, 291, 231, 290, 255, 254, 310, 130, 131, 428, 429, 440, 441, 433, 446, 447, 434, 435, 432, 403, 418, 419, 298, 189, 388, 470, 471, 402, 389, 396, 390, 391, 134, 165, 164, 486, 487, 490, 491, 492, 493, 498, 499, 500, 501, 387, 472, 473, 271, 270, 514, 515, 518, 519, 516, 517, 386, 502, 503, 219, 218, 322, 316, 409, 524, 279, 423, 200, 201, 179, 415, 427, 525, 531, 535, 534, 542, 543, 178, 278, 548, 549, 521, 552, 553, 554, 555, 558, 563, 564, 565, 559, 562, 568, 569, 530, 571, 359, 570, 520, 317, 176, 177, 574, 575, 512, 580, 422, 124, 494, 584, 581, 426, 587, 588, 393, 248, 443, 591, 593, 592, 454, 480, 226, 453, 595, 452, 227, 358, 442, 601, 356, 458, 484, 582, 583, 589, 357]
  列生成求解结果: 目标值=9.0000， 下界=8.0000， 上界=10.0000
    非整数变量: COL_1-12-19-23-7_696 = 0.500000
  解不是整数，开始分支...
ImposedVertex(vertex=28)
ForbidVertex(vertex=28)
  创建了 2 个分支
    添加分支节点 1: ID=606
    添加分支节点 2: ID=607

处理节点 586
  开始列生成求解...
Set parameter LogToConsole to value 0
Set parameter Threads to value 1
Set parameter Seed to value 0
  定价策略: Exact, node=586, vertices=15
Set parameter PoolSearchMode to value 2
Set parameter PoolSolutions to value 10
[CG 1] RMP=11.000000, pricing=ExactPricingSolver, new_columns=0
  搜索路径: [1, 2, 4, 5, 3, 8, 11, 14, 15, 16, 17, 19, 23, 24, 25, 27, 26, 30, 36, 37, 21, 22, 18, 33, 20, 31, 32, 53, 52, 54, 55, 57, 56, 10, 66, 67, 70, 71, 74, 75, 9, 80, 81, 84, 86, 87, 85, 92, 93, 43, 42, 12, 102, 103, 13, 108, 109, 49, 48, 114, 115, 116, 122, 123, 117, 118, 119, 62, 63, 106, 107, 99, 61, 60, 41, 98, 40, 138, 147, 148, 149, 139, 146, 162, 163, 166, 167, 168, 169, 170, 171, 143, 140, 112, 113, 184, 185, 150, 182, 183, 156, 157, 194, 195, 151, 202, 203, 204, 205, 208, 209, 214, 215, 136, 206, 207, 220, 221, 222, 223, 141, 137, 142, 197, 240, 241, 242, 243, 244, 245, 196, 90, 91, 78, 260, 261, 262, 263, 268, 269, 258, 274, 275, 259, 97, 96, 79, 266, 285, 282, 280, 284, 288, 289, 292, 293, 287, 281, 302, 303, 304, 305, 306, 312, 313, 307, 308, 309, 318, 319, 267, 283, 286, 326, 327, 328, 329, 330, 331, 334, 335, 336, 337, 340, 341, 300, 301, 339, 348, 349, 338, 172, 173, 352, 192, 193, 353, 344, 362, 363, 190, 145, 345, 144, 191, 295, 294, 265, 264, 382, 383, 384, 385, 332, 333, 325, 324, 160, 180, 181, 161, 350, 351, 343, 342, 188, 135, 397, 213, 410, 412, 413, 411, 212, 311, 299, 230, 291, 231, 290, 255, 254, 310, 130, 131, 428, 429, 440, 441, 433, 446, 447, 434, 435, 432, 403, 418, 419, 298, 189, 388, 470, 471, 402, 389, 396, 390, 391, 134, 165, 164, 486, 487, 490, 491, 492, 493, 498, 499, 500, 501, 387, 472, 473, 271, 270, 514, 515, 518, 519, 516, 517, 386, 502, 503, 219, 218, 322, 316, 409, 524, 279, 423, 200, 201, 179, 415, 427, 525, 531, 535, 534, 542, 543, 178, 278, 548, 549, 521, 552, 553, 554, 555, 558, 563, 564, 565, 559, 562, 568, 569, 530, 571, 359, 570, 520, 317, 176, 177, 574, 575, 512, 580, 422, 124, 494, 584, 581, 426, 587, 588, 393, 248, 443, 591, 593, 592, 454, 480, 226, 453, 595, 452, 227, 358, 442, 601, 356, 458, 484, 582, 583, 589, 357, 586]
  列生成求解结果: 目标值=11.0000， 下界=8.0000， 上界=10.0000

处理节点 590
  开始列生成求解...
Set parameter LogToConsole to value 0
Set parameter Threads to value 1
Set parameter Seed to value 0
  定价策略: Exact, node=590, vertices=14
Set parameter PoolSearchMode to value 2
Set parameter PoolSolutions to value 10
[CG 1] RMP=9.000000, pricing=ExactPricingSolver, new_columns=10
[CG 2] RMP=8.000000, pricing=ExactPricingSolver, new_columns=0
  搜索路径: [1, 2, 4, 5, 3, 8, 11, 14, 15, 16, 17, 19, 23, 24, 25, 27, 26, 30, 36, 37, 21, 22, 18, 33, 20, 31, 32, 53, 52, 54, 55, 57, 56, 10, 66, 67, 70, 71, 74, 75, 9, 80, 81, 84, 86, 87, 85, 92, 93, 43, 42, 12, 102, 103, 13, 108, 109, 49, 48, 114, 115, 116, 122, 123, 117, 118, 119, 62, 63, 106, 107, 99, 61, 60, 41, 98, 40, 138, 147, 148, 149, 139, 146, 162, 163, 166, 167, 168, 169, 170, 171, 143, 140, 112, 113, 184, 185, 150, 182, 183, 156, 157, 194, 195, 151, 202, 203, 204, 205, 208, 209, 214, 215, 136, 206, 207, 220, 221, 222, 223, 141, 137, 142, 197, 240, 241, 242, 243, 244, 245, 196, 90, 91, 78, 260, 261, 262, 263, 268, 269, 258, 274, 275, 259, 97, 96, 79, 266, 285, 282, 280, 284, 288, 289, 292, 293, 287, 281, 302, 303, 304, 305, 306, 312, 313, 307, 308, 309, 318, 319, 267, 283, 286, 326, 327, 328, 329, 330, 331, 334, 335, 336, 337, 340, 341, 300, 301, 339, 348, 349, 338, 172, 173, 352, 192, 193, 353, 344, 362, 363, 190, 145, 345, 144, 191, 295, 294, 265, 264, 382, 383, 384, 385, 332, 333, 325, 324, 160, 180, 181, 161, 350, 351, 343, 342, 188, 135, 397, 213, 410, 412, 413, 411, 212, 311, 299, 230, 291, 231, 290, 255, 254, 310, 130, 131, 428, 429, 440, 441, 433, 446, 447, 434, 435, 432, 403, 418, 419, 298, 189, 388, 470, 471, 402, 389, 396, 390, 391, 134, 165, 164, 486, 487, 490, 491, 492, 493, 498, 499, 500, 501, 387, 472, 473, 271, 270, 514, 515, 518, 519, 516, 517, 386, 502, 503, 219, 218, 322, 316, 409, 524, 279, 423, 200, 201, 179, 415, 427, 525, 531, 535, 534, 542, 543, 178, 278, 548, 549, 521, 552, 553, 554, 555, 558, 563, 564, 565, 559, 562, 568, 569, 530, 571, 359, 570, 520, 317, 176, 177, 574, 575, 512, 580, 422, 124, 494, 584, 581, 426, 587, 588, 393, 248, 443, 591, 593, 592, 454, 480, 226, 453, 595, 452, 227, 358, 442, 601, 356, 458, 484, 582, 583, 589, 357, 586, 590]
  列生成求解结果: 目标值=8.0000， 下界=8.0000， 上界=10.0000
    非整数变量: COL_18-23-9_35 = 0.435065
  解不是整数，开始分支...
ImposedVertex(vertex=23)
ForbidVertex(vertex=23)
  创建了 2 个分支
    添加分支节点 1: ID=608
    添加分支节点 2: ID=609

处理节点 364
  开始列生成求解...
Set parameter LogToConsole to value 0
Set parameter Threads to value 1
Set parameter Seed to value 0
  定价策略: Exact, node=364, vertices=13
Set parameter PoolSearchMode to value 2
Set parameter PoolSolutions to value 10
[CG 1] RMP=11.000000, pricing=ExactPricingSolver, new_columns=0
  搜索路径: [1, 2, 4, 5, 3, 8, 11, 14, 15, 16, 17, 19, 23, 24, 25, 27, 26, 30, 36, 37, 21, 22, 18, 33, 20, 31, 32, 53, 52, 54, 55, 57, 56, 10, 66, 67, 70, 71, 74, 75, 9, 80, 81, 84, 86, 87, 85, 92, 93, 43, 42, 12, 102, 103, 13, 108, 109, 49, 48, 114, 115, 116, 122, 123, 117, 118, 119, 62, 63, 106, 107, 99, 61, 60, 41, 98, 40, 138, 147, 148, 149, 139, 146, 162, 163, 166, 167, 168, 169, 170, 171, 143, 140, 112, 113, 184, 185, 150, 182, 183, 156, 157, 194, 195, 151, 202, 203, 204, 205, 208, 209, 214, 215, 136, 206, 207, 220, 221, 222, 223, 141, 137, 142, 197, 240, 241, 242, 243, 244, 245, 196, 90, 91, 78, 260, 261, 262, 263, 268, 269, 258, 274, 275, 259, 97, 96, 79, 266, 285, 282, 280, 284, 288, 289, 292, 293, 287, 281, 302, 303, 304, 305, 306, 312, 313, 307, 308, 309, 318, 319, 267, 283, 286, 326, 327, 328, 329, 330, 331, 334, 335, 336, 337, 340, 341, 300, 301, 339, 348, 349, 338, 172, 173, 352, 192, 193, 353, 344, 362, 363, 190, 145, 345, 144, 191, 295, 294, 265, 264, 382, 383, 384, 385, 332, 333, 325, 324, 160, 180, 181, 161, 350, 351, 343, 342, 188, 135, 397, 213, 410, 412, 413, 411, 212, 311, 299, 230, 291, 231, 290, 255, 254, 310, 130, 131, 428, 429, 440, 441, 433, 446, 447, 434, 435, 432, 403, 418, 419, 298, 189, 388, 470, 471, 402, 389, 396, 390, 391, 134, 165, 164, 486, 487, 490, 491, 492, 493, 498, 499, 500, 501, 387, 472, 473, 271, 270, 514, 515, 518, 519, 516, 517, 386, 502, 503, 219, 218, 322, 316, 409, 524, 279, 423, 200, 201, 179, 415, 427, 525, 531, 535, 534, 542, 543, 178, 278, 548, 549, 521, 552, 553, 554, 555, 558, 563, 564, 565, 559, 562, 568, 569, 530, 571, 359, 570, 520, 317, 176, 177, 574, 575, 512, 580, 422, 124, 494, 584, 581, 426, 587, 588, 393, 248, 443, 591, 593, 592, 454, 480, 226, 453, 595, 452, 227, 358, 442, 601, 356, 458, 484, 582, 583, 589, 357, 586, 590, 364]
  列生成求解结果: 目标值=11.0000， 下界=8.0000， 上界=10.0000

处理节点 455
  开始列生成求解...
Set parameter LogToConsole to value 0
Set parameter Threads to value 1
Set parameter Seed to value 0
  定价策略: Exact, node=455, vertices=12
Set parameter PoolSearchMode to value 2
Set parameter PoolSolutions to value 10
[CG 1] RMP=12.000000, pricing=ExactPricingSolver, new_columns=0
  搜索路径: [1, 2, 4, 5, 3, 8, 11, 14, 15, 16, 17, 19, 23, 24, 25, 27, 26, 30, 36, 37, 21, 22, 18, 33, 20, 31, 32, 53, 52, 54, 55, 57, 56, 10, 66, 67, 70, 71, 74, 75, 9, 80, 81, 84, 86, 87, 85, 92, 93, 43, 42, 12, 102, 103, 13, 108, 109, 49, 48, 114, 115, 116, 122, 123, 117, 118, 119, 62, 63, 106, 107, 99, 61, 60, 41, 98, 40, 138, 147, 148, 149, 139, 146, 162, 163, 166, 167, 168, 169, 170, 171, 143, 140, 112, 113, 184, 185, 150, 182, 183, 156, 157, 194, 195, 151, 202, 203, 204, 205, 208, 209, 214, 215, 136, 206, 207, 220, 221, 222, 223, 141, 137, 142, 197, 240, 241, 242, 243, 244, 245, 196, 90, 91, 78, 260, 261, 262, 263, 268, 269, 258, 274, 275, 259, 97, 96, 79, 266, 285, 282, 280, 284, 288, 289, 292, 293, 287, 281, 302, 303, 304, 305, 306, 312, 313, 307, 308, 309, 318, 319, 267, 283, 286, 326, 327, 328, 329, 330, 331, 334, 335, 336, 337, 340, 341, 300, 301, 339, 348, 349, 338, 172, 173, 352, 192, 193, 353, 344, 362, 363, 190, 145, 345, 144, 191, 295, 294, 265, 264, 382, 383, 384, 385, 332, 333, 325, 324, 160, 180, 181, 161, 350, 351, 343, 342, 188, 135, 397, 213, 410, 412, 413, 411, 212, 311, 299, 230, 291, 231, 290, 255, 254, 310, 130, 131, 428, 429, 440, 441, 433, 446, 447, 434, 435, 432, 403, 418, 419, 298, 189, 388, 470, 471, 402, 389, 396, 390, 391, 134, 165, 164, 486, 487, 490, 491, 492, 493, 498, 499, 500, 501, 387, 472, 473, 271, 270, 514, 515, 518, 519, 516, 517, 386, 502, 503, 219, 218, 322, 316, 409, 524, 279, 423, 200, 201, 179, 415, 427, 525, 531, 535, 534, 542, 543, 178, 278, 548, 549, 521, 552, 553, 554, 555, 558, 563, 564, 565, 559, 562, 568, 569, 530, 571, 359, 570, 520, 317, 176, 177, 574, 575, 512, 580, 422, 124, 494, 584, 581, 426, 587, 588, 393, 248, 443, 591, 593, 592, 454, 480, 226, 453, 595, 452, 227, 358, 442, 601, 356, 458, 484, 582, 583, 589, 357, 586, 590, 364, 455]
  列生成求解结果: 目标值=12.0000， 下界=8.0000， 上界=10.0000

处理节点 594
  开始列生成求解...
Set parameter LogToConsole to value 0
Set parameter Threads to value 1
Set parameter Seed to value 0
  定价策略: Exact, node=594, vertices=13
Set parameter PoolSearchMode to value 2
Set parameter PoolSolutions to value 10
[CG 1] RMP=11.000000, pricing=ExactPricingSolver, new_columns=0
  搜索路径: [1, 2, 4, 5, 3, 8, 11, 14, 15, 16, 17, 19, 23, 24, 25, 27, 26, 30, 36, 37, 21, 22, 18, 33, 20, 31, 32, 53, 52, 54, 55, 57, 56, 10, 66, 67, 70, 71, 74, 75, 9, 80, 81, 84, 86, 87, 85, 92, 93, 43, 42, 12, 102, 103, 13, 108, 109, 49, 48, 114, 115, 116, 122, 123, 117, 118, 119, 62, 63, 106, 107, 99, 61, 60, 41, 98, 40, 138, 147, 148, 149, 139, 146, 162, 163, 166, 167, 168, 169, 170, 171, 143, 140, 112, 113, 184, 185, 150, 182, 183, 156, 157, 194, 195, 151, 202, 203, 204, 205, 208, 209, 214, 215, 136, 206, 207, 220, 221, 222, 223, 141, 137, 142, 197, 240, 241, 242, 243, 244, 245, 196, 90, 91, 78, 260, 261, 262, 263, 268, 269, 258, 274, 275, 259, 97, 96, 79, 266, 285, 282, 280, 284, 288, 289, 292, 293, 287, 281, 302, 303, 304, 305, 306, 312, 313, 307, 308, 309, 318, 319, 267, 283, 286, 326, 327, 328, 329, 330, 331, 334, 335, 336, 337, 340, 341, 300, 301, 339, 348, 349, 338, 172, 173, 352, 192, 193, 353, 344, 362, 363, 190, 145, 345, 144, 191, 295, 294, 265, 264, 382, 383, 384, 385, 332, 333, 325, 324, 160, 180, 181, 161, 350, 351, 343, 342, 188, 135, 397, 213, 410, 412, 413, 411, 212, 311, 299, 230, 291, 231, 290, 255, 254, 310, 130, 131, 428, 429, 440, 441, 433, 446, 447, 434, 435, 432, 403, 418, 419, 298, 189, 388, 470, 471, 402, 389, 396, 390, 391, 134, 165, 164, 486, 487, 490, 491, 492, 493, 498, 499, 500, 501, 387, 472, 473, 271, 270, 514, 515, 518, 519, 516, 517, 386, 502, 503, 219, 218, 322, 316, 409, 524, 279, 423, 200, 201, 179, 415, 427, 525, 531, 535, 534, 542, 543, 178, 278, 548, 549, 521, 552, 553, 554, 555, 558, 563, 564, 565, 559, 562, 568, 569, 530, 571, 359, 570, 520, 317, 176, 177, 574, 575, 512, 580, 422, 124, 494, 584, 581, 426, 587, 588, 393, 248, 443, 591, 593, 592, 454, 480, 226, 453, 595, 452, 227, 358, 442, 601, 356, 458, 484, 582, 583, 589, 357, 586, 590, 364, 455, 594]
  列生成求解结果: 目标值=11.0000， 下界=8.0000， 上界=10.0000

处理节点 600
  开始列生成求解...
Set parameter LogToConsole to value 0
Set parameter Threads to value 1
Set parameter Seed to value 0
  定价策略: Exact, node=600, vertices=14
Set parameter PoolSearchMode to value 2
Set parameter PoolSolutions to value 10
[CG 1] RMP=11.000000, pricing=ExactPricingSolver, new_columns=0
  搜索路径: [1, 2, 4, 5, 3, 8, 11, 14, 15, 16, 17, 19, 23, 24, 25, 27, 26, 30, 36, 37, 21, 22, 18, 33, 20, 31, 32, 53, 52, 54, 55, 57, 56, 10, 66, 67, 70, 71, 74, 75, 9, 80, 81, 84, 86, 87, 85, 92, 93, 43, 42, 12, 102, 103, 13, 108, 109, 49, 48, 114, 115, 116, 122, 123, 117, 118, 119, 62, 63, 106, 107, 99, 61, 60, 41, 98, 40, 138, 147, 148, 149, 139, 146, 162, 163, 166, 167, 168, 169, 170, 171, 143, 140, 112, 113, 184, 185, 150, 182, 183, 156, 157, 194, 195, 151, 202, 203, 204, 205, 208, 209, 214, 215, 136, 206, 207, 220, 221, 222, 223, 141, 137, 142, 197, 240, 241, 242, 243, 244, 245, 196, 90, 91, 78, 260, 261, 262, 263, 268, 269, 258, 274, 275, 259, 97, 96, 79, 266, 285, 282, 280, 284, 288, 289, 292, 293, 287, 281, 302, 303, 304, 305, 306, 312, 313, 307, 308, 309, 318, 319, 267, 283, 286, 326, 327, 328, 329, 330, 331, 334, 335, 336, 337, 340, 341, 300, 301, 339, 348, 349, 338, 172, 173, 352, 192, 193, 353, 344, 362, 363, 190, 145, 345, 144, 191, 295, 294, 265, 264, 382, 383, 384, 385, 332, 333, 325, 324, 160, 180, 181, 161, 350, 351, 343, 342, 188, 135, 397, 213, 410, 412, 413, 411, 212, 311, 299, 230, 291, 231, 290, 255, 254, 310, 130, 131, 428, 429, 440, 441, 433, 446, 447, 434, 435, 432, 403, 418, 419, 298, 189, 388, 470, 471, 402, 389, 396, 390, 391, 134, 165, 164, 486, 487, 490, 491, 492, 493, 498, 499, 500, 501, 387, 472, 473, 271, 270, 514, 515, 518, 519, 516, 517, 386, 502, 503, 219, 218, 322, 316, 409, 524, 279, 423, 200, 201, 179, 415, 427, 525, 531, 535, 534, 542, 543, 178, 278, 548, 549, 521, 552, 553, 554, 555, 558, 563, 564, 565, 559, 562, 568, 569, 530, 571, 359, 570, 520, 317, 176, 177, 574, 575, 512, 580, 422, 124, 494, 584, 581, 426, 587, 588, 393, 248, 443, 591, 593, 592, 454, 480, 226, 453, 595, 452, 227, 358, 442, 601, 356, 458, 484, 582, 583, 589, 357, 586, 590, 364, 455, 594, 600]
  列生成求解结果: 目标值=11.0000， 下界=8.0000， 上界=10.0000

处理节点 368
  开始列生成求解...
Set parameter LogToConsole to value 0
Set parameter Threads to value 1
Set parameter Seed to value 0
  定价策略: Exact, node=368, vertices=16
Set parameter PoolSearchMode to value 2
Set parameter PoolSolutions to value 10
[CG 1] RMP=11.200000, pricing=ExactPricingSolver, new_columns=10
[CG 2] RMP=9.000000, pricing=ExactPricingSolver, new_columns=0
  搜索路径: [1, 2, 4, 5, 3, 8, 11, 14, 15, 16, 17, 19, 23, 24, 25, 27, 26, 30, 36, 37, 21, 22, 18, 33, 20, 31, 32, 53, 52, 54, 55, 57, 56, 10, 66, 67, 70, 71, 74, 75, 9, 80, 81, 84, 86, 87, 85, 92, 93, 43, 42, 12, 102, 103, 13, 108, 109, 49, 48, 114, 115, 116, 122, 123, 117, 118, 119, 62, 63, 106, 107, 99, 61, 60, 41, 98, 40, 138, 147, 148, 149, 139, 146, 162, 163, 166, 167, 168, 169, 170, 171, 143, 140, 112, 113, 184, 185, 150, 182, 183, 156, 157, 194, 195, 151, 202, 203, 204, 205, 208, 209, 214, 215, 136, 206, 207, 220, 221, 222, 223, 141, 137, 142, 197, 240, 241, 242, 243, 244, 245, 196, 90, 91, 78, 260, 261, 262, 263, 268, 269, 258, 274, 275, 259, 97, 96, 79, 266, 285, 282, 280, 284, 288, 289, 292, 293, 287, 281, 302, 303, 304, 305, 306, 312, 313, 307, 308, 309, 318, 319, 267, 283, 286, 326, 327, 328, 329, 330, 331, 334, 335, 336, 337, 340, 341, 300, 301, 339, 348, 349, 338, 172, 173, 352, 192, 193, 353, 344, 362, 363, 190, 145, 345, 144, 191, 295, 294, 265, 264, 382, 383, 384, 385, 332, 333, 325, 324, 160, 180, 181, 161, 350, 351, 343, 342, 188, 135, 397, 213, 410, 412, 413, 411, 212, 311, 299, 230, 291, 231, 290, 255, 254, 310, 130, 131, 428, 429, 440, 441, 433, 446, 447, 434, 435, 432, 403, 418, 419, 298, 189, 388, 470, 471, 402, 389, 396, 390, 391, 134, 165, 164, 486, 487, 490, 491, 492, 493, 498, 499, 500, 501, 387, 472, 473, 271, 270, 514, 515, 518, 519, 516, 517, 386, 502, 503, 219, 218, 322, 316, 409, 524, 279, 423, 200, 201, 179, 415, 427, 525, 531, 535, 534, 542, 543, 178, 278, 548, 549, 521, 552, 553, 554, 555, 558, 563, 564, 565, 559, 562, 568, 569, 530, 571, 359, 570, 520, 317, 176, 177, 574, 575, 512, 580, 422, 124, 494, 584, 581, 426, 587, 588, 393, 248, 443, 591, 593, 592, 454, 480, 226, 453, 595, 452, 227, 358, 442, 601, 356, 458, 484, 582, 583, 589, 357, 586, 590, 364, 455, 594, 600, 368]
  列生成求解结果: 目标值=9.0000， 下界=8.0000， 上界=10.0000
    非整数变量: COL_11-15-20-24_19 = 0.225000
  解不是整数，开始分支...
ImposedVertex(vertex=9)
ForbidVertex(vertex=9)
  创建了 2 个分支
    添加分支节点 1: ID=610
    添加分支节点 2: ID=611

处理节点 608
  开始列生成求解...
Set parameter LogToConsole to value 0
Set parameter Threads to value 1
Set parameter Seed to value 0
  定价策略: Exact, node=608, vertices=13
Set parameter PoolSearchMode to value 2
Set parameter PoolSolutions to value 10
[CG 1] RMP=8.400000, pricing=ExactPricingSolver, new_columns=10
[CG 2] RMP=8.000000, pricing=ExactPricingSolver, new_columns=0
  搜索路径: [1, 2, 4, 5, 3, 8, 11, 14, 15, 16, 17, 19, 23, 24, 25, 27, 26, 30, 36, 37, 21, 22, 18, 33, 20, 31, 32, 53, 52, 54, 55, 57, 56, 10, 66, 67, 70, 71, 74, 75, 9, 80, 81, 84, 86, 87, 85, 92, 93, 43, 42, 12, 102, 103, 13, 108, 109, 49, 48, 114, 115, 116, 122, 123, 117, 118, 119, 62, 63, 106, 107, 99, 61, 60, 41, 98, 40, 138, 147, 148, 149, 139, 146, 162, 163, 166, 167, 168, 169, 170, 171, 143, 140, 112, 113, 184, 185, 150, 182, 183, 156, 157, 194, 195, 151, 202, 203, 204, 205, 208, 209, 214, 215, 136, 206, 207, 220, 221, 222, 223, 141, 137, 142, 197, 240, 241, 242, 243, 244, 245, 196, 90, 91, 78, 260, 261, 262, 263, 268, 269, 258, 274, 275, 259, 97, 96, 79, 266, 285, 282, 280, 284, 288, 289, 292, 293, 287, 281, 302, 303, 304, 305, 306, 312, 313, 307, 308, 309, 318, 319, 267, 283, 286, 326, 327, 328, 329, 330, 331, 334, 335, 336, 337, 340, 341, 300, 301, 339, 348, 349, 338, 172, 173, 352, 192, 193, 353, 344, 362, 363, 190, 145, 345, 144, 191, 295, 294, 265, 264, 382, 383, 384, 385, 332, 333, 325, 324, 160, 180, 181, 161, 350, 351, 343, 342, 188, 135, 397, 213, 410, 412, 413, 411, 212, 311, 299, 230, 291, 231, 290, 255, 254, 310, 130, 131, 428, 429, 440, 441, 433, 446, 447, 434, 435, 432, 403, 418, 419, 298, 189, 388, 470, 471, 402, 389, 396, 390, 391, 134, 165, 164, 486, 487, 490, 491, 492, 493, 498, 499, 500, 501, 387, 472, 473, 271, 270, 514, 515, 518, 519, 516, 517, 386, 502, 503, 219, 218, 322, 316, 409, 524, 279, 423, 200, 201, 179, 415, 427, 525, 531, 535, 534, 542, 543, 178, 278, 548, 549, 521, 552, 553, 554, 555, 558, 563, 564, 565, 559, 562, 568, 569, 530, 571, 359, 570, 520, 317, 176, 177, 574, 575, 512, 580, 422, 124, 494, 584, 581, 426, 587, 588, 393, 248, 443, 591, 593, 592, 454, 480, 226, 453, 595, 452, 227, 358, 442, 601, 356, 458, 484, 582, 583, 589, 357, 586, 590, 364, 455, 594, 600, 368, 608]
  列生成求解结果: 目标值=8.0000， 下界=8.0000， 上界=10.0000
    非整数变量: COL_18-23-9_35 = 0.571429
  解不是整数，开始分支...
ImposedVertex(vertex=6)
ForbidVertex(vertex=6)
  创建了 2 个分支
    添加分支节点 1: ID=612
    添加分支节点 2: ID=613

处理节点 609
  开始列生成求解...
Set parameter LogToConsole to value 0
Set parameter Threads to value 1
Set parameter Seed to value 0
  定价策略: Exact, node=609, vertices=13
Set parameter PoolSearchMode to value 2
Set parameter PoolSolutions to value 10
[CG 1] RMP=9.458445, pricing=ExactPricingSolver, new_columns=10
[CG 2] RMP=9.000000, pricing=ExactPricingSolver, new_columns=0
  搜索路径: [1, 2, 4, 5, 3, 8, 11, 14, 15, 16, 17, 19, 23, 24, 25, 27, 26, 30, 36, 37, 21, 22, 18, 33, 20, 31, 32, 53, 52, 54, 55, 57, 56, 10, 66, 67, 70, 71, 74, 75, 9, 80, 81, 84, 86, 87, 85, 92, 93, 43, 42, 12, 102, 103, 13, 108, 109, 49, 48, 114, 115, 116, 122, 123, 117, 118, 119, 62, 63, 106, 107, 99, 61, 60, 41, 98, 40, 138, 147, 148, 149, 139, 146, 162, 163, 166, 167, 168, 169, 170, 171, 143, 140, 112, 113, 184, 185, 150, 182, 183, 156, 157, 194, 195, 151, 202, 203, 204, 205, 208, 209, 214, 215, 136, 206, 207, 220, 221, 222, 223, 141, 137, 142, 197, 240, 241, 242, 243, 244, 245, 196, 90, 91, 78, 260, 261, 262, 263, 268, 269, 258, 274, 275, 259, 97, 96, 79, 266, 285, 282, 280, 284, 288, 289, 292, 293, 287, 281, 302, 303, 304, 305, 306, 312, 313, 307, 308, 309, 318, 319, 267, 283, 286, 326, 327, 328, 329, 330, 331, 334, 335, 336, 337, 340, 341, 300, 301, 339, 348, 349, 338, 172, 173, 352, 192, 193, 353, 344, 362, 363, 190, 145, 345, 144, 191, 295, 294, 265, 264, 382, 383, 384, 385, 332, 333, 325, 324, 160, 180, 181, 161, 350, 351, 343, 342, 188, 135, 397, 213, 410, 412, 413, 411, 212, 311, 299, 230, 291, 231, 290, 255, 254, 310, 130, 131, 428, 429, 440, 441, 433, 446, 447, 434, 435, 432, 403, 418, 419, 298, 189, 388, 470, 471, 402, 389, 396, 390, 391, 134, 165, 164, 486, 487, 490, 491, 492, 493, 498, 499, 500, 501, 387, 472, 473, 271, 270, 514, 515, 518, 519, 516, 517, 386, 502, 503, 219, 218, 322, 316, 409, 524, 279, 423, 200, 201, 179, 415, 427, 525, 531, 535, 534, 542, 543, 178, 278, 548, 549, 521, 552, 553, 554, 555, 558, 563, 564, 565, 559, 562, 568, 569, 530, 571, 359, 570, 520, 317, 176, 177, 574, 575, 512, 580, 422, 124, 494, 584, 581, 426, 587, 588, 393, 248, 443, 591, 593, 592, 454, 480, 226, 453, 595, 452, 227, 358, 442, 601, 356, 458, 484, 582, 583, 589, 357, 586, 590, 364, 455, 594, 600, 368, 608, 609]
  列生成求解结果: 目标值=9.0000， 下界=8.0000， 上界=10.0000
    非整数变量: COL_0-13-24-5_429 = 0.500000
  解不是整数，开始分支...
ImposedVertex(vertex=28)
ForbidVertex(vertex=28)
  创建了 2 个分支
    添加分支节点 1: ID=614
    添加分支节点 2: ID=615

处理节点 365
  开始列生成求解...
Set parameter LogToConsole to value 0
Set parameter Threads to value 1
Set parameter Seed to value 0
  定价策略: Exact, node=365, vertices=13
Set parameter PoolSearchMode to value 2
Set parameter PoolSolutions to value 10
[CG 1] RMP=12.000000, pricing=ExactPricingSolver, new_columns=0
  搜索路径: [1, 2, 4, 5, 3, 8, 11, 14, 15, 16, 17, 19, 23, 24, 25, 27, 26, 30, 36, 37, 21, 22, 18, 33, 20, 31, 32, 53, 52, 54, 55, 57, 56, 10, 66, 67, 70, 71, 74, 75, 9, 80, 81, 84, 86, 87, 85, 92, 93, 43, 42, 12, 102, 103, 13, 108, 109, 49, 48, 114, 115, 116, 122, 123, 117, 118, 119, 62, 63, 106, 107, 99, 61, 60, 41, 98, 40, 138, 147, 148, 149, 139, 146, 162, 163, 166, 167, 168, 169, 170, 171, 143, 140, 112, 113, 184, 185, 150, 182, 183, 156, 157, 194, 195, 151, 202, 203, 204, 205, 208, 209, 214, 215, 136, 206, 207, 220, 221, 222, 223, 141, 137, 142, 197, 240, 241, 242, 243, 244, 245, 196, 90, 91, 78, 260, 261, 262, 263, 268, 269, 258, 274, 275, 259, 97, 96, 79, 266, 285, 282, 280, 284, 288, 289, 292, 293, 287, 281, 302, 303, 304, 305, 306, 312, 313, 307, 308, 309, 318, 319, 267, 283, 286, 326, 327, 328, 329, 330, 331, 334, 335, 336, 337, 340, 341, 300, 301, 339, 348, 349, 338, 172, 173, 352, 192, 193, 353, 344, 362, 363, 190, 145, 345, 144, 191, 295, 294, 265, 264, 382, 383, 384, 385, 332, 333, 325, 324, 160, 180, 181, 161, 350, 351, 343, 342, 188, 135, 397, 213, 410, 412, 413, 411, 212, 311, 299, 230, 291, 231, 290, 255, 254, 310, 130, 131, 428, 429, 440, 441, 433, 446, 447, 434, 435, 432, 403, 418, 419, 298, 189, 388, 470, 471, 402, 389, 396, 390, 391, 134, 165, 164, 486, 487, 490, 491, 492, 493, 498, 499, 500, 501, 387, 472, 473, 271, 270, 514, 515, 518, 519, 516, 517, 386, 502, 503, 219, 218, 322, 316, 409, 524, 279, 423, 200, 201, 179, 415, 427, 525, 531, 535, 534, 542, 543, 178, 278, 548, 549, 521, 552, 553, 554, 555, 558, 563, 564, 565, 559, 562, 568, 569, 530, 571, 359, 570, 520, 317, 176, 177, 574, 575, 512, 580, 422, 124, 494, 584, 581, 426, 587, 588, 393, 248, 443, 591, 593, 592, 454, 480, 226, 453, 595, 452, 227, 358, 442, 601, 356, 458, 484, 582, 583, 589, 357, 586, 590, 364, 455, 594, 600, 368, 608, 609, 365]
  列生成求解结果: 目标值=12.0000， 下界=8.0000， 上界=10.0000

处理节点 460
  开始列生成求解...
Set parameter LogToConsole to value 0
Set parameter Threads to value 1
Set parameter Seed to value 0
  定价策略: Exact, node=460, vertices=13
Set parameter PoolSearchMode to value 2
Set parameter PoolSolutions to value 10
[CG 1] RMP=2010.000000, pricing=ExactPricingSolver, new_columns=10
[CG 2] RMP=11.000000, pricing=ExactPricingSolver, new_columns=0
  搜索路径: [1, 2, 4, 5, 3, 8, 11, 14, 15, 16, 17, 19, 23, 24, 25, 27, 26, 30, 36, 37, 21, 22, 18, 33, 20, 31, 32, 53, 52, 54, 55, 57, 56, 10, 66, 67, 70, 71, 74, 75, 9, 80, 81, 84, 86, 87, 85, 92, 93, 43, 42, 12, 102, 103, 13, 108, 109, 49, 48, 114, 115, 116, 122, 123, 117, 118, 119, 62, 63, 106, 107, 99, 61, 60, 41, 98, 40, 138, 147, 148, 149, 139, 146, 162, 163, 166, 167, 168, 169, 170, 171, 143, 140, 112, 113, 184, 185, 150, 182, 183, 156, 157, 194, 195, 151, 202, 203, 204, 205, 208, 209, 214, 215, 136, 206, 207, 220, 221, 222, 223, 141, 137, 142, 197, 240, 241, 242, 243, 244, 245, 196, 90, 91, 78, 260, 261, 262, 263, 268, 269, 258, 274, 275, 259, 97, 96, 79, 266, 285, 282, 280, 284, 288, 289, 292, 293, 287, 281, 302, 303, 304, 305, 306, 312, 313, 307, 308, 309, 318, 319, 267, 283, 286, 326, 327, 328, 329, 330, 331, 334, 335, 336, 337, 340, 341, 300, 301, 339, 348, 349, 338, 172, 173, 352, 192, 193, 353, 344, 362, 363, 190, 145, 345, 144, 191, 295, 294, 265, 264, 382, 383, 384, 385, 332, 333, 325, 324, 160, 180, 181, 161, 350, 351, 343, 342, 188, 135, 397, 213, 410, 412, 413, 411, 212, 311, 299, 230, 291, 231, 290, 255, 254, 310, 130, 131, 428, 429, 440, 441, 433, 446, 447, 434, 435, 432, 403, 418, 419, 298, 189, 388, 470, 471, 402, 389, 396, 390, 391, 134, 165, 164, 486, 487, 490, 491, 492, 493, 498, 499, 500, 501, 387, 472, 473, 271, 270, 514, 515, 518, 519, 516, 517, 386, 502, 503, 219, 218, 322, 316, 409, 524, 279, 423, 200, 201, 179, 415, 427, 525, 531, 535, 534, 542, 543, 178, 278, 548, 549, 521, 552, 553, 554, 555, 558, 563, 564, 565, 559, 562, 568, 569, 530, 571, 359, 570, 520, 317, 176, 177, 574, 575, 512, 580, 422, 124, 494, 584, 581, 426, 587, 588, 393, 248, 443, 591, 593, 592, 454, 480, 226, 453, 595, 452, 227, 358, 442, 601, 356, 458, 484, 582, 583, 589, 357, 586, 590, 364, 455, 594, 600, 368, 608, 609, 365, 460]
  列生成求解结果: 目标值=11.0000， 下界=8.0000， 上界=10.0000

处理节点 485
  开始列生成求解...
Set parameter LogToConsole to value 0
Set parameter Threads to value 1
Set parameter Seed to value 0
  定价策略: Exact, node=485, vertices=18
Set parameter PoolSearchMode to value 2
Set parameter PoolSolutions to value 10
[CG 1] RMP=12.000000, pricing=ExactPricingSolver, new_columns=0
  搜索路径: [1, 2, 4, 5, 3, 8, 11, 14, 15, 16, 17, 19, 23, 24, 25, 27, 26, 30, 36, 37, 21, 22, 18, 33, 20, 31, 32, 53, 52, 54, 55, 57, 56, 10, 66, 67, 70, 71, 74, 75, 9, 80, 81, 84, 86, 87, 85, 92, 93, 43, 42, 12, 102, 103, 13, 108, 109, 49, 48, 114, 115, 116, 122, 123, 117, 118, 119, 62, 63, 106, 107, 99, 61, 60, 41, 98, 40, 138, 147, 148, 149, 139, 146, 162, 163, 166, 167, 168, 169, 170, 171, 143, 140, 112, 113, 184, 185, 150, 182, 183, 156, 157, 194, 195, 151, 202, 203, 204, 205, 208, 209, 214, 215, 136, 206, 207, 220, 221, 222, 223, 141, 137, 142, 197, 240, 241, 242, 243, 244, 245, 196, 90, 91, 78, 260, 261, 262, 263, 268, 269, 258, 274, 275, 259, 97, 96, 79, 266, 285, 282, 280, 284, 288, 289, 292, 293, 287, 281, 302, 303, 304, 305, 306, 312, 313, 307, 308, 309, 318, 319, 267, 283, 286, 326, 327, 328, 329, 330, 331, 334, 335, 336, 337, 340, 341, 300, 301, 339, 348, 349, 338, 172, 173, 352, 192, 193, 353, 344, 362, 363, 190, 145, 345, 144, 191, 295, 294, 265, 264, 382, 383, 384, 385, 332, 333, 325, 324, 160, 180, 181, 161, 350, 351, 343, 342, 188, 135, 397, 213, 410, 412, 413, 411, 212, 311, 299, 230, 291, 231, 290, 255, 254, 310, 130, 131, 428, 429, 440, 441, 433, 446, 447, 434, 435, 432, 403, 418, 419, 298, 189, 388, 470, 471, 402, 389, 396, 390, 391, 134, 165, 164, 486, 487, 490, 491, 492, 493, 498, 499, 500, 501, 387, 472, 473, 271, 270, 514, 515, 518, 519, 516, 517, 386, 502, 503, 219, 218, 322, 316, 409, 524, 279, 423, 200, 201, 179, 415, 427, 525, 531, 535, 534, 542, 543, 178, 278, 548, 549, 521, 552, 553, 554, 555, 558, 563, 564, 565, 559, 562, 568, 569, 530, 571, 359, 570, 520, 317, 176, 177, 574, 575, 512, 580, 422, 124, 494, 584, 581, 426, 587, 588, 393, 248, 443, 591, 593, 592, 454, 480, 226, 453, 595, 452, 227, 358, 442, 601, 356, 458, 484, 582, 583, 589, 357, 586, 590, 364, 455, 594, 600, 368, 608, 609, 365, 460, 485]
  列生成求解结果: 目标值=12.0000， 下界=8.0000， 上界=10.0000

处理节点 369
  开始列生成求解...
Set parameter LogToConsole to value 0
Set parameter Threads to value 1
Set parameter Seed to value 0
  定价策略: Exact, node=369, vertices=17
Set parameter PoolSearchMode to value 2
Set parameter PoolSolutions to value 10
[CG 1] RMP=8.000000, pricing=ExactPricingSolver, new_columns=0
  搜索路径: [1, 2, 4, 5, 3, 8, 11, 14, 15, 16, 17, 19, 23, 24, 25, 27, 26, 30, 36, 37, 21, 22, 18, 33, 20, 31, 32, 53, 52, 54, 55, 57, 56, 10, 66, 67, 70, 71, 74, 75, 9, 80, 81, 84, 86, 87, 85, 92, 93, 43, 42, 12, 102, 103, 13, 108, 109, 49, 48, 114, 115, 116, 122, 123, 117, 118, 119, 62, 63, 106, 107, 99, 61, 60, 41, 98, 40, 138, 147, 148, 149, 139, 146, 162, 163, 166, 167, 168, 169, 170, 171, 143, 140, 112, 113, 184, 185, 150, 182, 183, 156, 157, 194, 195, 151, 202, 203, 204, 205, 208, 209, 214, 215, 136, 206, 207, 220, 221, 222, 223, 141, 137, 142, 197, 240, 241, 242, 243, 244, 245, 196, 90, 91, 78, 260, 261, 262, 263, 268, 269, 258, 274, 275, 259, 97, 96, 79, 266, 285, 282, 280, 284, 288, 289, 292, 293, 287, 281, 302, 303, 304, 305, 306, 312, 313, 307, 308, 309, 318, 319, 267, 283, 286, 326, 327, 328, 329, 330, 331, 334, 335, 336, 337, 340, 341, 300, 301, 339, 348, 349, 338, 172, 173, 352, 192, 193, 353, 344, 362, 363, 190, 145, 345, 144, 191, 295, 294, 265, 264, 382, 383, 384, 385, 332, 333, 325, 324, 160, 180, 181, 161, 350, 351, 343, 342, 188, 135, 397, 213, 410, 412, 413, 411, 212, 311, 299, 230, 291, 231, 290, 255, 254, 310, 130, 131, 428, 429, 440, 441, 433, 446, 447, 434, 435, 432, 403, 418, 419, 298, 189, 388, 470, 471, 402, 389, 396, 390, 391, 134, 165, 164, 486, 487, 490, 491, 492, 493, 498, 499, 500, 501, 387, 472, 473, 271, 270, 514, 515, 518, 519, 516, 517, 386, 502, 503, 219, 218, 322, 316, 409, 524, 279, 423, 200, 201, 179, 415, 427, 525, 531, 535, 534, 542, 543, 178, 278, 548, 549, 521, 552, 553, 554, 555, 558, 563, 564, 565, 559, 562, 568, 569, 530, 571, 359, 570, 520, 317, 176, 177, 574, 575, 512, 580, 422, 124, 494, 584, 581, 426, 587, 588, 393, 248, 443, 591, 593, 592, 454, 480, 226, 453, 595, 452, 227, 358, 442, 601, 356, 458, 484, 582, 583, 589, 357, 586, 590, 364, 455, 594, 600, 368, 608, 609, 365, 460, 485, 369]
  列生成求解结果: 目标值=8.0000， 下界=8.0000， 上界=10.0000
    非整数变量: COL_11-15-20-25_23 = 0.428571
  解不是整数，开始分支...
ImposedVertex(vertex=25)
ForbidVertex(vertex=25)
  创建了 2 个分支
    添加分支节点 1: ID=616
    添加分支节点 2: ID=617

处理节点 612
  开始列生成求解...
Set parameter LogToConsole to value 0
Set parameter Threads to value 1
Set parameter Seed to value 0
  定价策略: Exact, node=612, vertices=12
Set parameter PoolSearchMode to value 2
Set parameter PoolSolutions to value 10
[CG 1] RMP=8.000000, pricing=ExactPricingSolver, new_columns=0
  搜索路径: [1, 2, 4, 5, 3, 8, 11, 14, 15, 16, 17, 19, 23, 24, 25, 27, 26, 30, 36, 37, 21, 22, 18, 33, 20, 31, 32, 53, 52, 54, 55, 57, 56, 10, 66, 67, 70, 71, 74, 75, 9, 80, 81, 84, 86, 87, 85, 92, 93, 43, 42, 12, 102, 103, 13, 108, 109, 49, 48, 114, 115, 116, 122, 123, 117, 118, 119, 62, 63, 106, 107, 99, 61, 60, 41, 98, 40, 138, 147, 148, 149, 139, 146, 162, 163, 166, 167, 168, 169, 170, 171, 143, 140, 112, 113, 184, 185, 150, 182, 183, 156, 157, 194, 195, 151, 202, 203, 204, 205, 208, 209, 214, 215, 136, 206, 207, 220, 221, 222, 223, 141, 137, 142, 197, 240, 241, 242, 243, 244, 245, 196, 90, 91, 78, 260, 261, 262, 263, 268, 269, 258, 274, 275, 259, 97, 96, 79, 266, 285, 282, 280, 284, 288, 289, 292, 293, 287, 281, 302, 303, 304, 305, 306, 312, 313, 307, 308, 309, 318, 319, 267, 283, 286, 326, 327, 328, 329, 330, 331, 334, 335, 336, 337, 340, 341, 300, 301, 339, 348, 349, 338, 172, 173, 352, 192, 193, 353, 344, 362, 363, 190, 145, 345, 144, 191, 295, 294, 265, 264, 382, 383, 384, 385, 332, 333, 325, 324, 160, 180, 181, 161, 350, 351, 343, 342, 188, 135, 397, 213, 410, 412, 413, 411, 212, 311, 299, 230, 291, 231, 290, 255, 254, 310, 130, 131, 428, 429, 440, 441, 433, 446, 447, 434, 435, 432, 403, 418, 419, 298, 189, 388, 470, 471, 402, 389, 396, 390, 391, 134, 165, 164, 486, 487, 490, 491, 492, 493, 498, 499, 500, 501, 387, 472, 473, 271, 270, 514, 515, 518, 519, 516, 517, 386, 502, 503, 219, 218, 322, 316, 409, 524, 279, 423, 200, 201, 179, 415, 427, 525, 531, 535, 534, 542, 543, 178, 278, 548, 549, 521, 552, 553, 554, 555, 558, 563, 564, 565, 559, 562, 568, 569, 530, 571, 359, 570, 520, 317, 176, 177, 574, 575, 512, 580, 422, 124, 494, 584, 581, 426, 587, 588, 393, 248, 443, 591, 593, 592, 454, 480, 226, 453, 595, 452, 227, 358, 442, 601, 356, 458, 484, 582, 583, 589, 357, 586, 590, 364, 455, 594, 600, 368, 608, 609, 365, 460, 485, 369, 612]
  列生成求解结果: 目标值=8.0000， 下界=8.0000， 上界=10.0000
    非整数变量: COL_18-23-9_35 = 0.500000
  解不是整数，开始分支...
ImposedVertex(vertex=27)
ForbidVertex(vertex=27)
  创建了 2 个分支
    添加分支节点 1: ID=618
    添加分支节点 2: ID=619

处理节点 613
  开始列生成求解...
Set parameter LogToConsole to value 0
Set parameter Threads to value 1
Set parameter Seed to value 0
  定价策略: Exact, node=613, vertices=12
Set parameter PoolSearchMode to value 2
Set parameter PoolSolutions to value 10
[CG 1] RMP=8.000000, pricing=ExactPricingSolver, new_columns=0
  搜索路径: [1, 2, 4, 5, 3, 8, 11, 14, 15, 16, 17, 19, 23, 24, 25, 27, 26, 30, 36, 37, 21, 22, 18, 33, 20, 31, 32, 53, 52, 54, 55, 57, 56, 10, 66, 67, 70, 71, 74, 75, 9, 80, 81, 84, 86, 87, 85, 92, 93, 43, 42, 12, 102, 103, 13, 108, 109, 49, 48, 114, 115, 116, 122, 123, 117, 118, 119, 62, 63, 106, 107, 99, 61, 60, 41, 98, 40, 138, 147, 148, 149, 139, 146, 162, 163, 166, 167, 168, 169, 170, 171, 143, 140, 112, 113, 184, 185, 150, 182, 183, 156, 157, 194, 195, 151, 202, 203, 204, 205, 208, 209, 214, 215, 136, 206, 207, 220, 221, 222, 223, 141, 137, 142, 197, 240, 241, 242, 243, 244, 245, 196, 90, 91, 78, 260, 261, 262, 263, 268, 269, 258, 274, 275, 259, 97, 96, 79, 266, 285, 282, 280, 284, 288, 289, 292, 293, 287, 281, 302, 303, 304, 305, 306, 312, 313, 307, 308, 309, 318, 319, 267, 283, 286, 326, 327, 328, 329, 330, 331, 334, 335, 336, 337, 340, 341, 300, 301, 339, 348, 349, 338, 172, 173, 352, 192, 193, 353, 344, 362, 363, 190, 145, 345, 144, 191, 295, 294, 265, 264, 382, 383, 384, 385, 332, 333, 325, 324, 160, 180, 181, 161, 350, 351, 343, 342, 188, 135, 397, 213, 410, 412, 413, 411, 212, 311, 299, 230, 291, 231, 290, 255, 254, 310, 130, 131, 428, 429, 440, 441, 433, 446, 447, 434, 435, 432, 403, 418, 419, 298, 189, 388, 470, 471, 402, 389, 396, 390, 391, 134, 165, 164, 486, 487, 490, 491, 492, 493, 498, 499, 500, 501, 387, 472, 473, 271, 270, 514, 515, 518, 519, 516, 517, 386, 502, 503, 219, 218, 322, 316, 409, 524, 279, 423, 200, 201, 179, 415, 427, 525, 531, 535, 534, 542, 543, 178, 278, 548, 549, 521, 552, 553, 554, 555, 558, 563, 564, 565, 559, 562, 568, 569, 530, 571, 359, 570, 520, 317, 176, 177, 574, 575, 512, 580, 422, 124, 494, 584, 581, 426, 587, 588, 393, 248, 443, 591, 593, 592, 454, 480, 226, 453, 595, 452, 227, 358, 442, 601, 356, 458, 484, 582, 583, 589, 357, 586, 590, 364, 455, 594, 600, 368, 608, 609, 365, 460, 485, 369, 612, 613]
  列生成求解结果: 目标值=8.0000， 下界=8.0000， 上界=10.0000
    非整数变量: COL_18-23-9_35 = 0.500000
  解不是整数，开始分支...
ImposedVertex(vertex=27)
ForbidVertex(vertex=27)
  创建了 2 个分支
    添加分支节点 1: ID=620
    添加分支节点 2: ID=621

处理节点 620
  开始列生成求解...
Set parameter LogToConsole to value 0
Set parameter Threads to value 1
Set parameter Seed to value 0
  定价策略: Exact, node=620, vertices=11
Set parameter PoolSearchMode to value 2
Set parameter PoolSolutions to value 10
[CG 1] RMP=11.000000, pricing=ExactPricingSolver, new_columns=0
  搜索路径: [1, 2, 4, 5, 3, 8, 11, 14, 15, 16, 17, 19, 23, 24, 25, 27, 26, 30, 36, 37, 21, 22, 18, 33, 20, 31, 32, 53, 52, 54, 55, 57, 56, 10, 66, 67, 70, 71, 74, 75, 9, 80, 81, 84, 86, 87, 85, 92, 93, 43, 42, 12, 102, 103, 13, 108, 109, 49, 48, 114, 115, 116, 122, 123, 117, 118, 119, 62, 63, 106, 107, 99, 61, 60, 41, 98, 40, 138, 147, 148, 149, 139, 146, 162, 163, 166, 167, 168, 169, 170, 171, 143, 140, 112, 113, 184, 185, 150, 182, 183, 156, 157, 194, 195, 151, 202, 203, 204, 205, 208, 209, 214, 215, 136, 206, 207, 220, 221, 222, 223, 141, 137, 142, 197, 240, 241, 242, 243, 244, 245, 196, 90, 91, 78, 260, 261, 262, 263, 268, 269, 258, 274, 275, 259, 97, 96, 79, 266, 285, 282, 280, 284, 288, 289, 292, 293, 287, 281, 302, 303, 304, 305, 306, 312, 313, 307, 308, 309, 318, 319, 267, 283, 286, 326, 327, 328, 329, 330, 331, 334, 335, 336, 337, 340, 341, 300, 301, 339, 348, 349, 338, 172, 173, 352, 192, 193, 353, 344, 362, 363, 190, 145, 345, 144, 191, 295, 294, 265, 264, 382, 383, 384, 385, 332, 333, 325, 324, 160, 180, 181, 161, 350, 351, 343, 342, 188, 135, 397, 213, 410, 412, 413, 411, 212, 311, 299, 230, 291, 231, 290, 255, 254, 310, 130, 131, 428, 429, 440, 441, 433, 446, 447, 434, 435, 432, 403, 418, 419, 298, 189, 388, 470, 471, 402, 389, 396, 390, 391, 134, 165, 164, 486, 487, 490, 491, 492, 493, 498, 499, 500, 501, 387, 472, 473, 271, 270, 514, 515, 518, 519, 516, 517, 386, 502, 503, 219, 218, 322, 316, 409, 524, 279, 423, 200, 201, 179, 415, 427, 525, 531, 535, 534, 542, 543, 178, 278, 548, 549, 521, 552, 553, 554, 555, 558, 563, 564, 565, 559, 562, 568, 569, 530, 571, 359, 570, 520, 317, 176, 177, 574, 575, 512, 580, 422, 124, 494, 584, 581, 426, 587, 588, 393, 248, 443, 591, 593, 592, 454, 480, 226, 453, 595, 452, 227, 358, 442, 601, 356, 458, 484, 582, 583, 589, 357, 586, 590, 364, 455, 594, 600, 368, 608, 609, 365, 460, 485, 369, 612, 613, 620]
  列生成求解结果: 目标值=11.0000， 下界=8.0000， 上界=10.0000

处理节点 621
  开始列生成求解...
Set parameter LogToConsole to value 0
Set parameter Threads to value 1
Set parameter Seed to value 0
  定价策略: Exact, node=621, vertices=11
Set parameter PoolSearchMode to value 2
Set parameter PoolSolutions to value 10
[CG 1] RMP=12.000000, pricing=ExactPricingSolver, new_columns=0
  搜索路径: [1, 2, 4, 5, 3, 8, 11, 14, 15, 16, 17, 19, 23, 24, 25, 27, 26, 30, 36, 37, 21, 22, 18, 33, 20, 31, 32, 53, 52, 54, 55, 57, 56, 10, 66, 67, 70, 71, 74, 75, 9, 80, 81, 84, 86, 87, 85, 92, 93, 43, 42, 12, 102, 103, 13, 108, 109, 49, 48, 114, 115, 116, 122, 123, 117, 118, 119, 62, 63, 106, 107, 99, 61, 60, 41, 98, 40, 138, 147, 148, 149, 139, 146, 162, 163, 166, 167, 168, 169, 170, 171, 143, 140, 112, 113, 184, 185, 150, 182, 183, 156, 157, 194, 195, 151, 202, 203, 204, 205, 208, 209, 214, 215, 136, 206, 207, 220, 221, 222, 223, 141, 137, 142, 197, 240, 241, 242, 243, 244, 245, 196, 90, 91, 78, 260, 261, 262, 263, 268, 269, 258, 274, 275, 259, 97, 96, 79, 266, 285, 282, 280, 284, 288, 289, 292, 293, 287, 281, 302, 303, 304, 305, 306, 312, 313, 307, 308, 309, 318, 319, 267, 283, 286, 326, 327, 328, 329, 330, 331, 334, 335, 336, 337, 340, 341, 300, 301, 339, 348, 349, 338, 172, 173, 352, 192, 193, 353, 344, 362, 363, 190, 145, 345, 144, 191, 295, 294, 265, 264, 382, 383, 384, 385, 332, 333, 325, 324, 160, 180, 181, 161, 350, 351, 343, 342, 188, 135, 397, 213, 410, 412, 413, 411, 212, 311, 299, 230, 291, 231, 290, 255, 254, 310, 130, 131, 428, 429, 440, 441, 433, 446, 447, 434, 435, 432, 403, 418, 419, 298, 189, 388, 470, 471, 402, 389, 396, 390, 391, 134, 165, 164, 486, 487, 490, 491, 492, 493, 498, 499, 500, 501, 387, 472, 473, 271, 270, 514, 515, 518, 519, 516, 517, 386, 502, 503, 219, 218, 322, 316, 409, 524, 279, 423, 200, 201, 179, 415, 427, 525, 531, 535, 534, 542, 543, 178, 278, 548, 549, 521, 552, 553, 554, 555, 558, 563, 564, 565, 559, 562, 568, 569, 530, 571, 359, 570, 520, 317, 176, 177, 574, 575, 512, 580, 422, 124, 494, 584, 581, 426, 587, 588, 393, 248, 443, 591, 593, 592, 454, 480, 226, 453, 595, 452, 227, 358, 442, 601, 356, 458, 484, 582, 583, 589, 357, 586, 590, 364, 455, 594, 600, 368, 608, 609, 365, 460, 485, 369, 612, 613, 620, 621]
  列生成求解结果: 目标值=12.0000， 下界=8.0000， 上界=10.0000

处理节点 323
  开始列生成求解...
Set parameter LogToConsole to value 0
Set parameter Threads to value 1
Set parameter Seed to value 0
  定价策略: Exact, node=323, vertices=15
Set parameter PoolSearchMode to value 2
Set parameter PoolSolutions to value 10
[CG 1] RMP=12.000000, pricing=ExactPricingSolver, new_columns=0
  搜索路径: [1, 2, 4, 5, 3, 8, 11, 14, 15, 16, 17, 19, 23, 24, 25, 27, 26, 30, 36, 37, 21, 22, 18, 33, 20, 31, 32, 53, 52, 54, 55, 57, 56, 10, 66, 67, 70, 71, 74, 75, 9, 80, 81, 84, 86, 87, 85, 92, 93, 43, 42, 12, 102, 103, 13, 108, 109, 49, 48, 114, 115, 116, 122, 123, 117, 118, 119, 62, 63, 106, 107, 99, 61, 60, 41, 98, 40, 138, 147, 148, 149, 139, 146, 162, 163, 166, 167, 168, 169, 170, 171, 143, 140, 112, 113, 184, 185, 150, 182, 183, 156, 157, 194, 195, 151, 202, 203, 204, 205, 208, 209, 214, 215, 136, 206, 207, 220, 221, 222, 223, 141, 137, 142, 197, 240, 241, 242, 243, 244, 245, 196, 90, 91, 78, 260, 261, 262, 263, 268, 269, 258, 274, 275, 259, 97, 96, 79, 266, 285, 282, 280, 284, 288, 289, 292, 293, 287, 281, 302, 303, 304, 305, 306, 312, 313, 307, 308, 309, 318, 319, 267, 283, 286, 326, 327, 328, 329, 330, 331, 334, 335, 336, 337, 340, 341, 300, 301, 339, 348, 349, 338, 172, 173, 352, 192, 193, 353, 344, 362, 363, 190, 145, 345, 144, 191, 295, 294, 265, 264, 382, 383, 384, 385, 332, 333, 325, 324, 160, 180, 181, 161, 350, 351, 343, 342, 188, 135, 397, 213, 410, 412, 413, 411, 212, 311, 299, 230, 291, 231, 290, 255, 254, 310, 130, 131, 428, 429, 440, 441, 433, 446, 447, 434, 435, 432, 403, 418, 419, 298, 189, 388, 470, 471, 402, 389, 396, 390, 391, 134, 165, 164, 486, 487, 490, 491, 492, 493, 498, 499, 500, 501, 387, 472, 473, 271, 270, 514, 515, 518, 519, 516, 517, 386, 502, 503, 219, 218, 322, 316, 409, 524, 279, 423, 200, 201, 179, 415, 427, 525, 531, 535, 534, 542, 543, 178, 278, 548, 549, 521, 552, 553, 554, 555, 558, 563, 564, 565, 559, 562, 568, 569, 530, 571, 359, 570, 520, 317, 176, 177, 574, 575, 512, 580, 422, 124, 494, 584, 581, 426, 587, 588, 393, 248, 443, 591, 593, 592, 454, 480, 226, 453, 595, 452, 227, 358, 442, 601, 356, 458, 484, 582, 583, 589, 357, 586, 590, 364, 455, 594, 600, 368, 608, 609, 365, 460, 485, 369, 612, 613, 620, 621, 323]
  列生成求解结果: 目标值=12.0000， 下界=8.0000， 上界=10.0000

处理节点 462
  开始列生成求解...
Set parameter LogToConsole to value 0
Set parameter Threads to value 1
Set parameter Seed to value 0
  定价策略: Exact, node=462, vertices=11
Set parameter PoolSearchMode to value 2
Set parameter PoolSolutions to value 10
[CG 1] RMP=8.000000, pricing=ExactPricingSolver, new_columns=0
  搜索路径: [1, 2, 4, 5, 3, 8, 11, 14, 15, 16, 17, 19, 23, 24, 25, 27, 26, 30, 36, 37, 21, 22, 18, 33, 20, 31, 32, 53, 52, 54, 55, 57, 56, 10, 66, 67, 70, 71, 74, 75, 9, 80, 81, 84, 86, 87, 85, 92, 93, 43, 42, 12, 102, 103, 13, 108, 109, 49, 48, 114, 115, 116, 122, 123, 117, 118, 119, 62, 63, 106, 107, 99, 61, 60, 41, 98, 40, 138, 147, 148, 149, 139, 146, 162, 163, 166, 167, 168, 169, 170, 171, 143, 140, 112, 113, 184, 185, 150, 182, 183, 156, 157, 194, 195, 151, 202, 203, 204, 205, 208, 209, 214, 215, 136, 206, 207, 220, 221, 222, 223, 141, 137, 142, 197, 240, 241, 242, 243, 244, 245, 196, 90, 91, 78, 260, 261, 262, 263, 268, 269, 258, 274, 275, 259, 97, 96, 79, 266, 285, 282, 280, 284, 288, 289, 292, 293, 287, 281, 302, 303, 304, 305, 306, 312, 313, 307, 308, 309, 318, 319, 267, 283, 286, 326, 327, 328, 329, 330, 331, 334, 335, 336, 337, 340, 341, 300, 301, 339, 348, 349, 338, 172, 173, 352, 192, 193, 353, 344, 362, 363, 190, 145, 345, 144, 191, 295, 294, 265, 264, 382, 383, 384, 385, 332, 333, 325, 324, 160, 180, 181, 161, 350, 351, 343, 342, 188, 135, 397, 213, 410, 412, 413, 411, 212, 311, 299, 230, 291, 231, 290, 255, 254, 310, 130, 131, 428, 429, 440, 441, 433, 446, 447, 434, 435, 432, 403, 418, 419, 298, 189, 388, 470, 471, 402, 389, 396, 390, 391, 134, 165, 164, 486, 487, 490, 491, 492, 493, 498, 499, 500, 501, 387, 472, 473, 271, 270, 514, 515, 518, 519, 516, 517, 386, 502, 503, 219, 218, 322, 316, 409, 524, 279, 423, 200, 201, 179, 415, 427, 525, 531, 535, 534, 542, 543, 178, 278, 548, 549, 521, 552, 553, 554, 555, 558, 563, 564, 565, 559, 562, 568, 569, 530, 571, 359, 570, 520, 317, 176, 177, 574, 575, 512, 580, 422, 124, 494, 584, 581, 426, 587, 588, 393, 248, 443, 591, 593, 592, 454, 480, 226, 453, 595, 452, 227, 358, 442, 601, 356, 458, 484, 582, 583, 589, 357, 586, 590, 364, 455, 594, 600, 368, 608, 609, 365, 460, 485, 369, 612, 613, 620, 621, 323, 462]
  列生成求解结果: 目标值=8.0000， 下界=8.0000， 上界=10.0000
    非整数变量: COL_1-11-18-23-7-9_42 = 0.500000
  解不是整数，开始分支...
ImposedVertex(vertex=26)
ForbidVertex(vertex=26)
  创建了 2 个分支
    添加分支节点 1: ID=622
    添加分支节点 2: ID=623

处理节点 616
  开始列生成求解...
Set parameter LogToConsole to value 0
Set parameter Threads to value 1
Set parameter Seed to value 0
  定价策略: Exact, node=616, vertices=16
Set parameter PoolSearchMode to value 2
Set parameter PoolSolutions to value 10
[CG 1] RMP=16.000000, pricing=ExactPricingSolver, new_columns=10
[CG 2] RMP=11.000000, pricing=ExactPricingSolver, new_columns=10
[CG 3] RMP=8.000000, pricing=ExactPricingSolver, new_columns=0
  搜索路径: [1, 2, 4, 5, 3, 8, 11, 14, 15, 16, 17, 19, 23, 24, 25, 27, 26, 30, 36, 37, 21, 22, 18, 33, 20, 31, 32, 53, 52, 54, 55, 57, 56, 10, 66, 67, 70, 71, 74, 75, 9, 80, 81, 84, 86, 87, 85, 92, 93, 43, 42, 12, 102, 103, 13, 108, 109, 49, 48, 114, 115, 116, 122, 123, 117, 118, 119, 62, 63, 106, 107, 99, 61, 60, 41, 98, 40, 138, 147, 148, 149, 139, 146, 162, 163, 166, 167, 168, 169, 170, 171, 143, 140, 112, 113, 184, 185, 150, 182, 183, 156, 157, 194, 195, 151, 202, 203, 204, 205, 208, 209, 214, 215, 136, 206, 207, 220, 221, 222, 223, 141, 137, 142, 197, 240, 241, 242, 243, 244, 245, 196, 90, 91, 78, 260, 261, 262, 263, 268, 269, 258, 274, 275, 259, 97, 96, 79, 266, 285, 282, 280, 284, 288, 289, 292, 293, 287, 281, 302, 303, 304, 305, 306, 312, 313, 307, 308, 309, 318, 319, 267, 283, 286, 326, 327, 328, 329, 330, 331, 334, 335, 336, 337, 340, 341, 300, 301, 339, 348, 349, 338, 172, 173, 352, 192, 193, 353, 344, 362, 363, 190, 145, 345, 144, 191, 295, 294, 265, 264, 382, 383, 384, 385, 332, 333, 325, 324, 160, 180, 181, 161, 350, 351, 343, 342, 188, 135, 397, 213, 410, 412, 413, 411, 212, 311, 299, 230, 291, 231, 290, 255, 254, 310, 130, 131, 428, 429, 440, 441, 433, 446, 447, 434, 435, 432, 403, 418, 419, 298, 189, 388, 470, 471, 402, 389, 396, 390, 391, 134, 165, 164, 486, 487, 490, 491, 492, 493, 498, 499, 500, 501, 387, 472, 473, 271, 270, 514, 515, 518, 519, 516, 517, 386, 502, 503, 219, 218, 322, 316, 409, 524, 279, 423, 200, 201, 179, 415, 427, 525, 531, 535, 534, 542, 543, 178, 278, 548, 549, 521, 552, 553, 554, 555, 558, 563, 564, 565, 559, 562, 568, 569, 530, 571, 359, 570, 520, 317, 176, 177, 574, 575, 512, 580, 422, 124, 494, 584, 581, 426, 587, 588, 393, 248, 443, 591, 593, 592, 454, 480, 226, 453, 595, 452, 227, 358, 442, 601, 356, 458, 484, 582, 583, 589, 357, 586, 590, 364, 455, 594, 600, 368, 608, 609, 365, 460, 485, 369, 612, 613, 620, 621, 323, 462, 616]
  列生成求解结果: 目标值=8.0000， 下界=8.0000， 上界=10.0000
    非整数变量: COL_11-15-20-25_23 = 0.500000
  解不是整数，开始分支...
ImposedVertex(vertex=26)
ForbidVertex(vertex=26)
  创建了 2 个分支
    添加分支节点 1: ID=624
    添加分支节点 2: ID=625

处理节点 617
  开始列生成求解...
Set parameter LogToConsole to value 0
Set parameter Threads to value 1
Set parameter Seed to value 0
  定价策略: Exact, node=617, vertices=16
Set parameter PoolSearchMode to value 2
Set parameter PoolSolutions to value 10
[CG 1] RMP=10.000000, pricing=ExactPricingSolver, new_columns=10
[CG 2] RMP=8.000000, pricing=ExactPricingSolver, new_columns=0
  搜索路径: [1, 2, 4, 5, 3, 8, 11, 14, 15, 16, 17, 19, 23, 24, 25, 27, 26, 30, 36, 37, 21, 22, 18, 33, 20, 31, 32, 53, 52, 54, 55, 57, 56, 10, 66, 67, 70, 71, 74, 75, 9, 80, 81, 84, 86, 87, 85, 92, 93, 43, 42, 12, 102, 103, 13, 108, 109, 49, 48, 114, 115, 116, 122, 123, 117, 118, 119, 62, 63, 106, 107, 99, 61, 60, 41, 98, 40, 138, 147, 148, 149, 139, 146, 162, 163, 166, 167, 168, 169, 170, 171, 143, 140, 112, 113, 184, 185, 150, 182, 183, 156, 157, 194, 195, 151, 202, 203, 204, 205, 208, 209, 214, 215, 136, 206, 207, 220, 221, 222, 223, 141, 137, 142, 197, 240, 241, 242, 243, 244, 245, 196, 90, 91, 78, 260, 261, 262, 263, 268, 269, 258, 274, 275, 259, 97, 96, 79, 266, 285, 282, 280, 284, 288, 289, 292, 293, 287, 281, 302, 303, 304, 305, 306, 312, 313, 307, 308, 309, 318, 319, 267, 283, 286, 326, 327, 328, 329, 330, 331, 334, 335, 336, 337, 340, 341, 300, 301, 339, 348, 349, 338, 172, 173, 352, 192, 193, 353, 344, 362, 363, 190, 145, 345, 144, 191, 295, 294, 265, 264, 382, 383, 384, 385, 332, 333, 325, 324, 160, 180, 181, 161, 350, 351, 343, 342, 188, 135, 397, 213, 410, 412, 413, 411, 212, 311, 299, 230, 291, 231, 290, 255, 254, 310, 130, 131, 428, 429, 440, 441, 433, 446, 447, 434, 435, 432, 403, 418, 419, 298, 189, 388, 470, 471, 402, 389, 396, 390, 391, 134, 165, 164, 486, 487, 490, 491, 492, 493, 498, 499, 500, 501, 387, 472, 473, 271, 270, 514, 515, 518, 519, 516, 517, 386, 502, 503, 219, 218, 322, 316, 409, 524, 279, 423, 200, 201, 179, 415, 427, 525, 531, 535, 534, 542, 543, 178, 278, 548, 549, 521, 552, 553, 554, 555, 558, 563, 564, 565, 559, 562, 568, 569, 530, 571, 359, 570, 520, 317, 176, 177, 574, 575, 512, 580, 422, 124, 494, 584, 581, 426, 587, 588, 393, 248, 443, 591, 593, 592, 454, 480, 226, 453, 595, 452, 227, 358, 442, 601, 356, 458, 484, 582, 583, 589, 357, 586, 590, 364, 455, 594, 600, 368, 608, 609, 365, 460, 485, 369, 612, 613, 620, 621, 323, 462, 616, 617]
  列生成求解结果: 目标值=8.0000， 下界=8.0000， 上界=10.0000
    非整数变量: COL_23_5 = 0.333333
  解不是整数，开始分支...
ImposedVertex(vertex=5)
ForbidVertex(vertex=5)
  创建了 2 个分支
    添加分支节点 1: ID=626
    添加分支节点 2: ID=627

处理节点 618
  开始列生成求解...
Set parameter LogToConsole to value 0
Set parameter Threads to value 1
Set parameter Seed to value 0
  定价策略: Exact, node=618, vertices=11
Set parameter PoolSearchMode to value 2
Set parameter PoolSolutions to value 10
[CG 1] RMP=11.000000, pricing=ExactPricingSolver, new_columns=0
  搜索路径: [1, 2, 4, 5, 3, 8, 11, 14, 15, 16, 17, 19, 23, 24, 25, 27, 26, 30, 36, 37, 21, 22, 18, 33, 20, 31, 32, 53, 52, 54, 55, 57, 56, 10, 66, 67, 70, 71, 74, 75, 9, 80, 81, 84, 86, 87, 85, 92, 93, 43, 42, 12, 102, 103, 13, 108, 109, 49, 48, 114, 115, 116, 122, 123, 117, 118, 119, 62, 63, 106, 107, 99, 61, 60, 41, 98, 40, 138, 147, 148, 149, 139, 146, 162, 163, 166, 167, 168, 169, 170, 171, 143, 140, 112, 113, 184, 185, 150, 182, 183, 156, 157, 194, 195, 151, 202, 203, 204, 205, 208, 209, 214, 215, 136, 206, 207, 220, 221, 222, 223, 141, 137, 142, 197, 240, 241, 242, 243, 244, 245, 196, 90, 91, 78, 260, 261, 262, 263, 268, 269, 258, 274, 275, 259, 97, 96, 79, 266, 285, 282, 280, 284, 288, 289, 292, 293, 287, 281, 302, 303, 304, 305, 306, 312, 313, 307, 308, 309, 318, 319, 267, 283, 286, 326, 327, 328, 329, 330, 331, 334, 335, 336, 337, 340, 341, 300, 301, 339, 348, 349, 338, 172, 173, 352, 192, 193, 353, 344, 362, 363, 190, 145, 345, 144, 191, 295, 294, 265, 264, 382, 383, 384, 385, 332, 333, 325, 324, 160, 180, 181, 161, 350, 351, 343, 342, 188, 135, 397, 213, 410, 412, 413, 411, 212, 311, 299, 230, 291, 231, 290, 255, 254, 310, 130, 131, 428, 429, 440, 441, 433, 446, 447, 434, 435, 432, 403, 418, 419, 298, 189, 388, 470, 471, 402, 389, 396, 390, 391, 134, 165, 164, 486, 487, 490, 491, 492, 493, 498, 499, 500, 501, 387, 472, 473, 271, 270, 514, 515, 518, 519, 516, 517, 386, 502, 503, 219, 218, 322, 316, 409, 524, 279, 423, 200, 201, 179, 415, 427, 525, 531, 535, 534, 542, 543, 178, 278, 548, 549, 521, 552, 553, 554, 555, 558, 563, 564, 565, 559, 562, 568, 569, 530, 571, 359, 570, 520, 317, 176, 177, 574, 575, 512, 580, 422, 124, 494, 584, 581, 426, 587, 588, 393, 248, 443, 591, 593, 592, 454, 480, 226, 453, 595, 452, 227, 358, 442, 601, 356, 458, 484, 582, 583, 589, 357, 586, 590, 364, 455, 594, 600, 368, 608, 609, 365, 460, 485, 369, 612, 613, 620, 621, 323, 462, 616, 617, 618]
  列生成求解结果: 目标值=11.0000， 下界=8.0000， 上界=10.0000

处理节点 619
  开始列生成求解...
Set parameter LogToConsole to value 0
Set parameter Threads to value 1
Set parameter Seed to value 0
  定价策略: Exact, node=619, vertices=11
Set parameter PoolSearchMode to value 2
Set parameter PoolSolutions to value 10
[CG 1] RMP=16.000000, pricing=ExactPricingSolver, new_columns=10
[CG 2] RMP=12.000000, pricing=ExactPricingSolver, new_columns=0
  搜索路径: [1, 2, 4, 5, 3, 8, 11, 14, 15, 16, 17, 19, 23, 24, 25, 27, 26, 30, 36, 37, 21, 22, 18, 33, 20, 31, 32, 53, 52, 54, 55, 57, 56, 10, 66, 67, 70, 71, 74, 75, 9, 80, 81, 84, 86, 87, 85, 92, 93, 43, 42, 12, 102, 103, 13, 108, 109, 49, 48, 114, 115, 116, 122, 123, 117, 118, 119, 62, 63, 106, 107, 99, 61, 60, 41, 98, 40, 138, 147, 148, 149, 139, 146, 162, 163, 166, 167, 168, 169, 170, 171, 143, 140, 112, 113, 184, 185, 150, 182, 183, 156, 157, 194, 195, 151, 202, 203, 204, 205, 208, 209, 214, 215, 136, 206, 207, 220, 221, 222, 223, 141, 137, 142, 197, 240, 241, 242, 243, 244, 245, 196, 90, 91, 78, 260, 261, 262, 263, 268, 269, 258, 274, 275, 259, 97, 96, 79, 266, 285, 282, 280, 284, 288, 289, 292, 293, 287, 281, 302, 303, 304, 305, 306, 312, 313, 307, 308, 309, 318, 319, 267, 283, 286, 326, 327, 328, 329, 330, 331, 334, 335, 336, 337, 340, 341, 300, 301, 339, 348, 349, 338, 172, 173, 352, 192, 193, 353, 344, 362, 363, 190, 145, 345, 144, 191, 295, 294, 265, 264, 382, 383, 384, 385, 332, 333, 325, 324, 160, 180, 181, 161, 350, 351, 343, 342, 188, 135, 397, 213, 410, 412, 413, 411, 212, 311, 299, 230, 291, 231, 290, 255, 254, 310, 130, 131, 428, 429, 440, 441, 433, 446, 447, 434, 435, 432, 403, 418, 419, 298, 189, 388, 470, 471, 402, 389, 396, 390, 391, 134, 165, 164, 486, 487, 490, 491, 492, 493, 498, 499, 500, 501, 387, 472, 473, 271, 270, 514, 515, 518, 519, 516, 517, 386, 502, 503, 219, 218, 322, 316, 409, 524, 279, 423, 200, 201, 179, 415, 427, 525, 531, 535, 534, 542, 543, 178, 278, 548, 549, 521, 552, 553, 554, 555, 558, 563, 564, 565, 559, 562, 568, 569, 530, 571, 359, 570, 520, 317, 176, 177, 574, 575, 512, 580, 422, 124, 494, 584, 581, 426, 587, 588, 393, 248, 443, 591, 593, 592, 454, 480, 226, 453, 595, 452, 227, 358, 442, 601, 356, 458, 484, 582, 583, 589, 357, 586, 590, 364, 455, 594, 600, 368, 608, 609, 365, 460, 485, 369, 612, 613, 620, 621, 323, 462, 616, 617, 618, 619]
  列生成求解结果: 目标值=12.0000， 下界=8.0000， 上界=10.0000

处理节点 622
  开始列生成求解...
Set parameter LogToConsole to value 0
Set parameter Threads to value 1
Set parameter Seed to value 0
  定价策略: Exact, node=622, vertices=10
Set parameter PoolSearchMode to value 2
Set parameter PoolSolutions to value 10
[CG 1] RMP=10.000000, pricing=ExactPricingSolver, new_columns=0
  搜索路径: [1, 2, 4, 5, 3, 8, 11, 14, 15, 16, 17, 19, 23, 24, 25, 27, 26, 30, 36, 37, 21, 22, 18, 33, 20, 31, 32, 53, 52, 54, 55, 57, 56, 10, 66, 67, 70, 71, 74, 75, 9, 80, 81, 84, 86, 87, 85, 92, 93, 43, 42, 12, 102, 103, 13, 108, 109, 49, 48, 114, 115, 116, 122, 123, 117, 118, 119, 62, 63, 106, 107, 99, 61, 60, 41, 98, 40, 138, 147, 148, 149, 139, 146, 162, 163, 166, 167, 168, 169, 170, 171, 143, 140, 112, 113, 184, 185, 150, 182, 183, 156, 157, 194, 195, 151, 202, 203, 204, 205, 208, 209, 214, 215, 136, 206, 207, 220, 221, 222, 223, 141, 137, 142, 197, 240, 241, 242, 243, 244, 245, 196, 90, 91, 78, 260, 261, 262, 263, 268, 269, 258, 274, 275, 259, 97, 96, 79, 266, 285, 282, 280, 284, 288, 289, 292, 293, 287, 281, 302, 303, 304, 305, 306, 312, 313, 307, 308, 309, 318, 319, 267, 283, 286, 326, 327, 328, 329, 330, 331, 334, 335, 336, 337, 340, 341, 300, 301, 339, 348, 349, 338, 172, 173, 352, 192, 193, 353, 344, 362, 363, 190, 145, 345, 144, 191, 295, 294, 265, 264, 382, 383, 384, 385, 332, 333, 325, 324, 160, 180, 181, 161, 350, 351, 343, 342, 188, 135, 397, 213, 410, 412, 413, 411, 212, 311, 299, 230, 291, 231, 290, 255, 254, 310, 130, 131, 428, 429, 440, 441, 433, 446, 447, 434, 435, 432, 403, 418, 419, 298, 189, 388, 470, 471, 402, 389, 396, 390, 391, 134, 165, 164, 486, 487, 490, 491, 492, 493, 498, 499, 500, 501, 387, 472, 473, 271, 270, 514, 515, 518, 519, 516, 517, 386, 502, 503, 219, 218, 322, 316, 409, 524, 279, 423, 200, 201, 179, 415, 427, 525, 531, 535, 534, 542, 543, 178, 278, 548, 549, 521, 552, 553, 554, 555, 558, 563, 564, 565, 559, 562, 568, 569, 530, 571, 359, 570, 520, 317, 176, 177, 574, 575, 512, 580, 422, 124, 494, 584, 581, 426, 587, 588, 393, 248, 443, 591, 593, 592, 454, 480, 226, 453, 595, 452, 227, 358, 442, 601, 356, 458, 484, 582, 583, 589, 357, 586, 590, 364, 455, 594, 600, 368, 608, 609, 365, 460, 485, 369, 612, 613, 620, 621, 323, 462, 616, 617, 618, 619, 622]
  列生成求解结果: 目标值=10.0000， 下界=8.0000， 上界=10.0000

处理节点 627
  开始列生成求解...
Set parameter LogToConsole to value 0
Set parameter Threads to value 1
Set parameter Seed to value 0
  定价策略: Exact, node=627, vertices=15
Set parameter PoolSearchMode to value 2
Set parameter PoolSolutions to value 10
[CG 1] RMP=9.600000, pricing=ExactPricingSolver, new_columns=10
[CG 2] RMP=8.000000, pricing=ExactPricingSolver, new_columns=0
  搜索路径: [1, 2, 4, 5, 3, 8, 11, 14, 15, 16, 17, 19, 23, 24, 25, 27, 26, 30, 36, 37, 21, 22, 18, 33, 20, 31, 32, 53, 52, 54, 55, 57, 56, 10, 66, 67, 70, 71, 74, 75, 9, 80, 81, 84, 86, 87, 85, 92, 93, 43, 42, 12, 102, 103, 13, 108, 109, 49, 48, 114, 115, 116, 122, 123, 117, 118, 119, 62, 63, 106, 107, 99, 61, 60, 41, 98, 40, 138, 147, 148, 149, 139, 146, 162, 163, 166, 167, 168, 169, 170, 171, 143, 140, 112, 113, 184, 185, 150, 182, 183, 156, 157, 194, 195, 151, 202, 203, 204, 205, 208, 209, 214, 215, 136, 206, 207, 220, 221, 222, 223, 141, 137, 142, 197, 240, 241, 242, 243, 244, 245, 196, 90, 91, 78, 260, 261, 262, 263, 268, 269, 258, 274, 275, 259, 97, 96, 79, 266, 285, 282, 280, 284, 288, 289, 292, 293, 287, 281, 302, 303, 304, 305, 306, 312, 313, 307, 308, 309, 318, 319, 267, 283, 286, 326, 327, 328, 329, 330, 331, 334, 335, 336, 337, 340, 341, 300, 301, 339, 348, 349, 338, 172, 173, 352, 192, 193, 353, 344, 362, 363, 190, 145, 345, 144, 191, 295, 294, 265, 264, 382, 383, 384, 385, 332, 333, 325, 324, 160, 180, 181, 161, 350, 351, 343, 342, 188, 135, 397, 213, 410, 412, 413, 411, 212, 311, 299, 230, 291, 231, 290, 255, 254, 310, 130, 131, 428, 429, 440, 441, 433, 446, 447, 434, 435, 432, 403, 418, 419, 298, 189, 388, 470, 471, 402, 389, 396, 390, 391, 134, 165, 164, 486, 487, 490, 491, 492, 493, 498, 499, 500, 501, 387, 472, 473, 271, 270, 514, 515, 518, 519, 516, 517, 386, 502, 503, 219, 218, 322, 316, 409, 524, 279, 423, 200, 201, 179, 415, 427, 525, 531, 535, 534, 542, 543, 178, 278, 548, 549, 521, 552, 553, 554, 555, 558, 563, 564, 565, 559, 562, 568, 569, 530, 571, 359, 570, 520, 317, 176, 177, 574, 575, 512, 580, 422, 124, 494, 584, 581, 426, 587, 588, 393, 248, 443, 591, 593, 592, 454, 480, 226, 453, 595, 452, 227, 358, 442, 601, 356, 458, 484, 582, 583, 589, 357, 586, 590, 364, 455, 594, 600, 368, 608, 609, 365, 460, 485, 369, 612, 613, 620, 621, 323, 462, 616, 617, 618, 619, 622, 627]
  列生成求解结果: 目标值=8.0000， 下界=8.0000， 上界=10.0000
    非整数变量: COL_1-11-15-18-23-7-9_43 = 0.166667
  解不是整数，开始分支...
ImposedVertex(vertex=18)
ForbidVertex(vertex=18)
  创建了 2 个分支
    添加分支节点 1: ID=628
    添加分支节点 2: ID=629

处理节点 623
  开始列生成求解...
Set parameter LogToConsole to value 0
Set parameter Threads to value 1
Set parameter Seed to value 0
  定价策略: Exact, node=623, vertices=10
Set parameter PoolSearchMode to value 2
Set parameter PoolSolutions to value 10
[CG 1] RMP=12.000000, pricing=ExactPricingSolver, new_columns=0
  搜索路径: [1, 2, 4, 5, 3, 8, 11, 14, 15, 16, 17, 19, 23, 24, 25, 27, 26, 30, 36, 37, 21, 22, 18, 33, 20, 31, 32, 53, 52, 54, 55, 57, 56, 10, 66, 67, 70, 71, 74, 75, 9, 80, 81, 84, 86, 87, 85, 92, 93, 43, 42, 12, 102, 103, 13, 108, 109, 49, 48, 114, 115, 116, 122, 123, 117, 118, 119, 62, 63, 106, 107, 99, 61, 60, 41, 98, 40, 138, 147, 148, 149, 139, 146, 162, 163, 166, 167, 168, 169, 170, 171, 143, 140, 112, 113, 184, 185, 150, 182, 183, 156, 157, 194, 195, 151, 202, 203, 204, 205, 208, 209, 214, 215, 136, 206, 207, 220, 221, 222, 223, 141, 137, 142, 197, 240, 241, 242, 243, 244, 245, 196, 90, 91, 78, 260, 261, 262, 263, 268, 269, 258, 274, 275, 259, 97, 96, 79, 266, 285, 282, 280, 284, 288, 289, 292, 293, 287, 281, 302, 303, 304, 305, 306, 312, 313, 307, 308, 309, 318, 319, 267, 283, 286, 326, 327, 328, 329, 330, 331, 334, 335, 336, 337, 340, 341, 300, 301, 339, 348, 349, 338, 172, 173, 352, 192, 193, 353, 344, 362, 363, 190, 145, 345, 144, 191, 295, 294, 265, 264, 382, 383, 384, 385, 332, 333, 325, 324, 160, 180, 181, 161, 350, 351, 343, 342, 188, 135, 397, 213, 410, 412, 413, 411, 212, 311, 299, 230, 291, 231, 290, 255, 254, 310, 130, 131, 428, 429, 440, 441, 433, 446, 447, 434, 435, 432, 403, 418, 419, 298, 189, 388, 470, 471, 402, 389, 396, 390, 391, 134, 165, 164, 486, 487, 490, 491, 492, 493, 498, 499, 500, 501, 387, 472, 473, 271, 270, 514, 515, 518, 519, 516, 517, 386, 502, 503, 219, 218, 322, 316, 409, 524, 279, 423, 200, 201, 179, 415, 427, 525, 531, 535, 534, 542, 543, 178, 278, 548, 549, 521, 552, 553, 554, 555, 558, 563, 564, 565, 559, 562, 568, 569, 530, 571, 359, 570, 520, 317, 176, 177, 574, 575, 512, 580, 422, 124, 494, 584, 581, 426, 587, 588, 393, 248, 443, 591, 593, 592, 454, 480, 226, 453, 595, 452, 227, 358, 442, 601, 356, 458, 484, 582, 583, 589, 357, 586, 590, 364, 455, 594, 600, 368, 608, 609, 365, 460, 485, 369, 612, 613, 620, 621, 323, 462, 616, 617, 618, 619, 622, 627, 623]
  列生成求解结果: 目标值=12.0000， 下界=8.0000， 上界=10.0000

处理节点 624
  开始列生成求解...
Set parameter LogToConsole to value 0
Set parameter Threads to value 1
Set parameter Seed to value 0
  定价策略: Exact, node=624, vertices=15
Set parameter PoolSearchMode to value 2
Set parameter PoolSolutions to value 10
[CG 1] RMP=10.000000, pricing=ExactPricingSolver, new_columns=0
  搜索路径: [1, 2, 4, 5, 3, 8, 11, 14, 15, 16, 17, 19, 23, 24, 25, 27, 26, 30, 36, 37, 21, 22, 18, 33, 20, 31, 32, 53, 52, 54, 55, 57, 56, 10, 66, 67, 70, 71, 74, 75, 9, 80, 81, 84, 86, 87, 85, 92, 93, 43, 42, 12, 102, 103, 13, 108, 109, 49, 48, 114, 115, 116, 122, 123, 117, 118, 119, 62, 63, 106, 107, 99, 61, 60, 41, 98, 40, 138, 147, 148, 149, 139, 146, 162, 163, 166, 167, 168, 169, 170, 171, 143, 140, 112, 113, 184, 185, 150, 182, 183, 156, 157, 194, 195, 151, 202, 203, 204, 205, 208, 209, 214, 215, 136, 206, 207, 220, 221, 222, 223, 141, 137, 142, 197, 240, 241, 242, 243, 244, 245, 196, 90, 91, 78, 260, 261, 262, 263, 268, 269, 258, 274, 275, 259, 97, 96, 79, 266, 285, 282, 280, 284, 288, 289, 292, 293, 287, 281, 302, 303, 304, 305, 306, 312, 313, 307, 308, 309, 318, 319, 267, 283, 286, 326, 327, 328, 329, 330, 331, 334, 335, 336, 337, 340, 341, 300, 301, 339, 348, 349, 338, 172, 173, 352, 192, 193, 353, 344, 362, 363, 190, 145, 345, 144, 191, 295, 294, 265, 264, 382, 383, 384, 385, 332, 333, 325, 324, 160, 180, 181, 161, 350, 351, 343, 342, 188, 135, 397, 213, 410, 412, 413, 411, 212, 311, 299, 230, 291, 231, 290, 255, 254, 310, 130, 131, 428, 429, 440, 441, 433, 446, 447, 434, 435, 432, 403, 418, 419, 298, 189, 388, 470, 471, 402, 389, 396, 390, 391, 134, 165, 164, 486, 487, 490, 491, 492, 493, 498, 499, 500, 501, 387, 472, 473, 271, 270, 514, 515, 518, 519, 516, 517, 386, 502, 503, 219, 218, 322, 316, 409, 524, 279, 423, 200, 201, 179, 415, 427, 525, 531, 535, 534, 542, 543, 178, 278, 548, 549, 521, 552, 553, 554, 555, 558, 563, 564, 565, 559, 562, 568, 569, 530, 571, 359, 570, 520, 317, 176, 177, 574, 575, 512, 580, 422, 124, 494, 584, 581, 426, 587, 588, 393, 248, 443, 591, 593, 592, 454, 480, 226, 453, 595, 452, 227, 358, 442, 601, 356, 458, 484, 582, 583, 589, 357, 586, 590, 364, 455, 594, 600, 368, 608, 609, 365, 460, 485, 369, 612, 613, 620, 621, 323, 462, 616, 617, 618, 619, 622, 627, 623, 624]
  列生成求解结果: 目标值=10.0000， 下界=8.0000， 上界=10.0000

处理节点 625
  开始列生成求解...
Set parameter LogToConsole to value 0
Set parameter Threads to value 1
Set parameter Seed to value 0
  定价策略: Exact, node=625, vertices=15
Set parameter PoolSearchMode to value 2
Set parameter PoolSolutions to value 10
[CG 1] RMP=2010.000000, pricing=ExactPricingSolver, new_columns=10
[CG 2] RMP=12.000000, pricing=ExactPricingSolver, new_columns=0
  搜索路径: [1, 2, 4, 5, 3, 8, 11, 14, 15, 16, 17, 19, 23, 24, 25, 27, 26, 30, 36, 37, 21, 22, 18, 33, 20, 31, 32, 53, 52, 54, 55, 57, 56, 10, 66, 67, 70, 71, 74, 75, 9, 80, 81, 84, 86, 87, 85, 92, 93, 43, 42, 12, 102, 103, 13, 108, 109, 49, 48, 114, 115, 116, 122, 123, 117, 118, 119, 62, 63, 106, 107, 99, 61, 60, 41, 98, 40, 138, 147, 148, 149, 139, 146, 162, 163, 166, 167, 168, 169, 170, 171, 143, 140, 112, 113, 184, 185, 150, 182, 183, 156, 157, 194, 195, 151, 202, 203, 204, 205, 208, 209, 214, 215, 136, 206, 207, 220, 221, 222, 223, 141, 137, 142, 197, 240, 241, 242, 243, 244, 245, 196, 90, 91, 78, 260, 261, 262, 263, 268, 269, 258, 274, 275, 259, 97, 96, 79, 266, 285, 282, 280, 284, 288, 289, 292, 293, 287, 281, 302, 303, 304, 305, 306, 312, 313, 307, 308, 309, 318, 319, 267, 283, 286, 326, 327, 328, 329, 330, 331, 334, 335, 336, 337, 340, 341, 300, 301, 339, 348, 349, 338, 172, 173, 352, 192, 193, 353, 344, 362, 363, 190, 145, 345, 144, 191, 295, 294, 265, 264, 382, 383, 384, 385, 332, 333, 325, 324, 160, 180, 181, 161, 350, 351, 343, 342, 188, 135, 397, 213, 410, 412, 413, 411, 212, 311, 299, 230, 291, 231, 290, 255, 254, 310, 130, 131, 428, 429, 440, 441, 433, 446, 447, 434, 435, 432, 403, 418, 419, 298, 189, 388, 470, 471, 402, 389, 396, 390, 391, 134, 165, 164, 486, 487, 490, 491, 492, 493, 498, 499, 500, 501, 387, 472, 473, 271, 270, 514, 515, 518, 519, 516, 517, 386, 502, 503, 219, 218, 322, 316, 409, 524, 279, 423, 200, 201, 179, 415, 427, 525, 531, 535, 534, 542, 543, 178, 278, 548, 549, 521, 552, 553, 554, 555, 558, 563, 564, 565, 559, 562, 568, 569, 530, 571, 359, 570, 520, 317, 176, 177, 574, 575, 512, 580, 422, 124, 494, 584, 581, 426, 587, 588, 393, 248, 443, 591, 593, 592, 454, 480, 226, 453, 595, 452, 227, 358, 442, 601, 356, 458, 484, 582, 583, 589, 357, 586, 590, 364, 455, 594, 600, 368, 608, 609, 365, 460, 485, 369, 612, 613, 620, 621, 323, 462, 616, 617, 618, 619, 622, 627, 623, 624, 625]
  列生成求解结果: 目标值=12.0000， 下界=8.0000， 上界=10.0000

处理节点 626
  开始列生成求解...
Set parameter LogToConsole to value 0
Set parameter Threads to value 1
Set parameter Seed to value 0
  定价策略: Exact, node=626, vertices=14
Set parameter PoolSearchMode to value 2
Set parameter PoolSolutions to value 10
[CG 1] RMP=10.000000, pricing=ExactPricingSolver, new_columns=10
[CG 2] RMP=8.000000, pricing=ExactPricingSolver, new_columns=0
  搜索路径: [1, 2, 4, 5, 3, 8, 11, 14, 15, 16, 17, 19, 23, 24, 25, 27, 26, 30, 36, 37, 21, 22, 18, 33, 20, 31, 32, 53, 52, 54, 55, 57, 56, 10, 66, 67, 70, 71, 74, 75, 9, 80, 81, 84, 86, 87, 85, 92, 93, 43, 42, 12, 102, 103, 13, 108, 109, 49, 48, 114, 115, 116, 122, 123, 117, 118, 119, 62, 63, 106, 107, 99, 61, 60, 41, 98, 40, 138, 147, 148, 149, 139, 146, 162, 163, 166, 167, 168, 169, 170, 171, 143, 140, 112, 113, 184, 185, 150, 182, 183, 156, 157, 194, 195, 151, 202, 203, 204, 205, 208, 209, 214, 215, 136, 206, 207, 220, 221, 222, 223, 141, 137, 142, 197, 240, 241, 242, 243, 244, 245, 196, 90, 91, 78, 260, 261, 262, 263, 268, 269, 258, 274, 275, 259, 97, 96, 79, 266, 285, 282, 280, 284, 288, 289, 292, 293, 287, 281, 302, 303, 304, 305, 306, 312, 313, 307, 308, 309, 318, 319, 267, 283, 286, 326, 327, 328, 329, 330, 331, 334, 335, 336, 337, 340, 341, 300, 301, 339, 348, 349, 338, 172, 173, 352, 192, 193, 353, 344, 362, 363, 190, 145, 345, 144, 191, 295, 294, 265, 264, 382, 383, 384, 385, 332, 333, 325, 324, 160, 180, 181, 161, 350, 351, 343, 342, 188, 135, 397, 213, 410, 412, 413, 411, 212, 311, 299, 230, 291, 231, 290, 255, 254, 310, 130, 131, 428, 429, 440, 441, 433, 446, 447, 434, 435, 432, 403, 418, 419, 298, 189, 388, 470, 471, 402, 389, 396, 390, 391, 134, 165, 164, 486, 487, 490, 491, 492, 493, 498, 499, 500, 501, 387, 472, 473, 271, 270, 514, 515, 518, 519, 516, 517, 386, 502, 503, 219, 218, 322, 316, 409, 524, 279, 423, 200, 201, 179, 415, 427, 525, 531, 535, 534, 542, 543, 178, 278, 548, 549, 521, 552, 553, 554, 555, 558, 563, 564, 565, 559, 562, 568, 569, 530, 571, 359, 570, 520, 317, 176, 177, 574, 575, 512, 580, 422, 124, 494, 584, 581, 426, 587, 588, 393, 248, 443, 591, 593, 592, 454, 480, 226, 453, 595, 452, 227, 358, 442, 601, 356, 458, 484, 582, 583, 589, 357, 586, 590, 364, 455, 594, 600, 368, 608, 609, 365, 460, 485, 369, 612, 613, 620, 621, 323, 462, 616, 617, 618, 619, 622, 627, 623, 624, 625, 626]
  列生成求解结果: 目标值=8.0000， 下界=8.0000， 上界=10.0000
    非整数变量: COL_1-11-15-18-23-7-9_43 = 0.666667
  解不是整数，开始分支...
ImposedVertex(vertex=9)
ForbidVertex(vertex=9)
  创建了 2 个分支
    添加分支节点 1: ID=630
    添加分支节点 2: ID=631

处理节点 628
  开始列生成求解...
Set parameter LogToConsole to value 0
Set parameter Threads to value 1
Set parameter Seed to value 0
  定价策略: Exact, node=628, vertices=14
Set parameter PoolSearchMode to value 2
Set parameter PoolSolutions to value 10
[CG 1] RMP=8.000000, pricing=ExactPricingSolver, new_columns=0
  搜索路径: [1, 2, 4, 5, 3, 8, 11, 14, 15, 16, 17, 19, 23, 24, 25, 27, 26, 30, 36, 37, 21, 22, 18, 33, 20, 31, 32, 53, 52, 54, 55, 57, 56, 10, 66, 67, 70, 71, 74, 75, 9, 80, 81, 84, 86, 87, 85, 92, 93, 43, 42, 12, 102, 103, 13, 108, 109, 49, 48, 114, 115, 116, 122, 123, 117, 118, 119, 62, 63, 106, 107, 99, 61, 60, 41, 98, 40, 138, 147, 148, 149, 139, 146, 162, 163, 166, 167, 168, 169, 170, 171, 143, 140, 112, 113, 184, 185, 150, 182, 183, 156, 157, 194, 195, 151, 202, 203, 204, 205, 208, 209, 214, 215, 136, 206, 207, 220, 221, 222, 223, 141, 137, 142, 197, 240, 241, 242, 243, 244, 245, 196, 90, 91, 78, 260, 261, 262, 263, 268, 269, 258, 274, 275, 259, 97, 96, 79, 266, 285, 282, 280, 284, 288, 289, 292, 293, 287, 281, 302, 303, 304, 305, 306, 312, 313, 307, 308, 309, 318, 319, 267, 283, 286, 326, 327, 328, 329, 330, 331, 334, 335, 336, 337, 340, 341, 300, 301, 339, 348, 349, 338, 172, 173, 352, 192, 193, 353, 344, 362, 363, 190, 145, 345, 144, 191, 295, 294, 265, 264, 382, 383, 384, 385, 332, 333, 325, 324, 160, 180, 181, 161, 350, 351, 343, 342, 188, 135, 397, 213, 410, 412, 413, 411, 212, 311, 299, 230, 291, 231, 290, 255, 254, 310, 130, 131, 428, 429, 440, 441, 433, 446, 447, 434, 435, 432, 403, 418, 419, 298, 189, 388, 470, 471, 402, 389, 396, 390, 391, 134, 165, 164, 486, 487, 490, 491, 492, 493, 498, 499, 500, 501, 387, 472, 473, 271, 270, 514, 515, 518, 519, 516, 517, 386, 502, 503, 219, 218, 322, 316, 409, 524, 279, 423, 200, 201, 179, 415, 427, 525, 531, 535, 534, 542, 543, 178, 278, 548, 549, 521, 552, 553, 554, 555, 558, 563, 564, 565, 559, 562, 568, 569, 530, 571, 359, 570, 520, 317, 176, 177, 574, 575, 512, 580, 422, 124, 494, 584, 581, 426, 587, 588, 393, 248, 443, 591, 593, 592, 454, 480, 226, 453, 595, 452, 227, 358, 442, 601, 356, 458, 484, 582, 583, 589, 357, 586, 590, 364, 455, 594, 600, 368, 608, 609, 365, 460, 485, 369, 612, 613, 620, 621, 323, 462, 616, 617, 618, 619, 622, 627, 623, 624, 625, 626, 628]
  列生成求解结果: 目标值=8.0000， 下界=8.0000， 上界=10.0000
    非整数变量: COL_1-28_249 = 0.666667
  解不是整数，开始分支...
ImposedVertex(vertex=28)
ForbidVertex(vertex=28)
  创建了 2 个分支
    添加分支节点 1: ID=632
    添加分支节点 2: ID=633

处理节点 629
  开始列生成求解...
Set parameter LogToConsole to value 0
Set parameter Threads to value 1
Set parameter Seed to value 0
  定价策略: Exact, node=629, vertices=14
Set parameter PoolSearchMode to value 2
Set parameter PoolSolutions to value 10
[CG 1] RMP=2010.000000, pricing=ExactPricingSolver, new_columns=10
[CG 2] RMP=13.894737, pricing=ExactPricingSolver, new_columns=10
[CG 3] RMP=8.000000, pricing=ExactPricingSolver, new_columns=0
  搜索路径: [1, 2, 4, 5, 3, 8, 11, 14, 15, 16, 17, 19, 23, 24, 25, 27, 26, 30, 36, 37, 21, 22, 18, 33, 20, 31, 32, 53, 52, 54, 55, 57, 56, 10, 66, 67, 70, 71, 74, 75, 9, 80, 81, 84, 86, 87, 85, 92, 93, 43, 42, 12, 102, 103, 13, 108, 109, 49, 48, 114, 115, 116, 122, 123, 117, 118, 119, 62, 63, 106, 107, 99, 61, 60, 41, 98, 40, 138, 147, 148, 149, 139, 146, 162, 163, 166, 167, 168, 169, 170, 171, 143, 140, 112, 113, 184, 185, 150, 182, 183, 156, 157, 194, 195, 151, 202, 203, 204, 205, 208, 209, 214, 215, 136, 206, 207, 220, 221, 222, 223, 141, 137, 142, 197, 240, 241, 242, 243, 244, 245, 196, 90, 91, 78, 260, 261, 262, 263, 268, 269, 258, 274, 275, 259, 97, 96, 79, 266, 285, 282, 280, 284, 288, 289, 292, 293, 287, 281, 302, 303, 304, 305, 306, 312, 313, 307, 308, 309, 318, 319, 267, 283, 286, 326, 327, 328, 329, 330, 331, 334, 335, 336, 337, 340, 341, 300, 301, 339, 348, 349, 338, 172, 173, 352, 192, 193, 353, 344, 362, 363, 190, 145, 345, 144, 191, 295, 294, 265, 264, 382, 383, 384, 385, 332, 333, 325, 324, 160, 180, 181, 161, 350, 351, 343, 342, 188, 135, 397, 213, 410, 412, 413, 411, 212, 311, 299, 230, 291, 231, 290, 255, 254, 310, 130, 131, 428, 429, 440, 441, 433, 446, 447, 434, 435, 432, 403, 418, 419, 298, 189, 388, 470, 471, 402, 389, 396, 390, 391, 134, 165, 164, 486, 487, 490, 491, 492, 493, 498, 499, 500, 501, 387, 472, 473, 271, 270, 514, 515, 518, 519, 516, 517, 386, 502, 503, 219, 218, 322, 316, 409, 524, 279, 423, 200, 201, 179, 415, 427, 525, 531, 535, 534, 542, 543, 178, 278, 548, 549, 521, 552, 553, 554, 555, 558, 563, 564, 565, 559, 562, 568, 569, 530, 571, 359, 570, 520, 317, 176, 177, 574, 575, 512, 580, 422, 124, 494, 584, 581, 426, 587, 588, 393, 248, 443, 591, 593, 592, 454, 480, 226, 453, 595, 452, 227, 358, 442, 601, 356, 458, 484, 582, 583, 589, 357, 586, 590, 364, 455, 594, 600, 368, 608, 609, 365, 460, 485, 369, 612, 613, 620, 621, 323, 462, 616, 617, 618, 619, 622, 627, 623, 624, 625, 626, 628, 629]
  列生成求解结果: 目标值=8.0000， 下界=8.0000， 上界=10.0000
    非整数变量: COL_11-20-4-7-9_2604 = 0.333333
  解不是整数，开始分支...
ImposedVertex(vertex=4)
ForbidVertex(vertex=4)
  创建了 2 个分支
    添加分支节点 1: ID=634
    添加分支节点 2: ID=635

处理节点 375
  开始列生成求解...
Set parameter LogToConsole to value 0
Set parameter Threads to value 1
Set parameter Seed to value 0
  定价策略: Exact, node=375, vertices=19
Set parameter PoolSearchMode to value 2
Set parameter PoolSolutions to value 10
[CG 1] RMP=12.000000, pricing=ExactPricingSolver, new_columns=10
[CG 2] RMP=8.000000, pricing=ExactPricingSolver, new_columns=0
  搜索路径: [1, 2, 4, 5, 3, 8, 11, 14, 15, 16, 17, 19, 23, 24, 25, 27, 26, 30, 36, 37, 21, 22, 18, 33, 20, 31, 32, 53, 52, 54, 55, 57, 56, 10, 66, 67, 70, 71, 74, 75, 9, 80, 81, 84, 86, 87, 85, 92, 93, 43, 42, 12, 102, 103, 13, 108, 109, 49, 48, 114, 115, 116, 122, 123, 117, 118, 119, 62, 63, 106, 107, 99, 61, 60, 41, 98, 40, 138, 147, 148, 149, 139, 146, 162, 163, 166, 167, 168, 169, 170, 171, 143, 140, 112, 113, 184, 185, 150, 182, 183, 156, 157, 194, 195, 151, 202, 203, 204, 205, 208, 209, 214, 215, 136, 206, 207, 220, 221, 222, 223, 141, 137, 142, 197, 240, 241, 242, 243, 244, 245, 196, 90, 91, 78, 260, 261, 262, 263, 268, 269, 258, 274, 275, 259, 97, 96, 79, 266, 285, 282, 280, 284, 288, 289, 292, 293, 287, 281, 302, 303, 304, 305, 306, 312, 313, 307, 308, 309, 318, 319, 267, 283, 286, 326, 327, 328, 329, 330, 331, 334, 335, 336, 337, 340, 341, 300, 301, 339, 348, 349, 338, 172, 173, 352, 192, 193, 353, 344, 362, 363, 190, 145, 345, 144, 191, 295, 294, 265, 264, 382, 383, 384, 385, 332, 333, 325, 324, 160, 180, 181, 161, 350, 351, 343, 342, 188, 135, 397, 213, 410, 412, 413, 411, 212, 311, 299, 230, 291, 231, 290, 255, 254, 310, 130, 131, 428, 429, 440, 441, 433, 446, 447, 434, 435, 432, 403, 418, 419, 298, 189, 388, 470, 471, 402, 389, 396, 390, 391, 134, 165, 164, 486, 487, 490, 491, 492, 493, 498, 499, 500, 501, 387, 472, 473, 271, 270, 514, 515, 518, 519, 516, 517, 386, 502, 503, 219, 218, 322, 316, 409, 524, 279, 423, 200, 201, 179, 415, 427, 525, 531, 535, 534, 542, 543, 178, 278, 548, 549, 521, 552, 553, 554, 555, 558, 563, 564, 565, 559, 562, 568, 569, 530, 571, 359, 570, 520, 317, 176, 177, 574, 575, 512, 580, 422, 124, 494, 584, 581, 426, 587, 588, 393, 248, 443, 591, 593, 592, 454, 480, 226, 453, 595, 452, 227, 358, 442, 601, 356, 458, 484, 582, 583, 589, 357, 586, 590, 364, 455, 594, 600, 368, 608, 609, 365, 460, 485, 369, 612, 613, 620, 621, 323, 462, 616, 617, 618, 619, 622, 627, 623, 624, 625, 626, 628, 629, 375]
  列生成求解结果: 目标值=8.0000， 下界=8.0000， 上界=10.0000
    非整数变量: COL_11-15-20-25_23 = 0.500000
  解不是整数，开始分支...
ImposedVertex(vertex=26)
ForbidVertex(vertex=26)
  创建了 2 个分支
    添加分支节点 1: ID=636
    添加分支节点 2: ID=637

处理节点 636
  开始列生成求解...
Set parameter LogToConsole to value 0
Set parameter Threads to value 1
Set parameter Seed to value 0
  定价策略: Exact, node=636, vertices=18
Set parameter PoolSearchMode to value 2
Set parameter PoolSolutions to value 10
[CG 1] RMP=10.000000, pricing=ExactPricingSolver, new_columns=0
  搜索路径: [1, 2, 4, 5, 3, 8, 11, 14, 15, 16, 17, 19, 23, 24, 25, 27, 26, 30, 36, 37, 21, 22, 18, 33, 20, 31, 32, 53, 52, 54, 55, 57, 56, 10, 66, 67, 70, 71, 74, 75, 9, 80, 81, 84, 86, 87, 85, 92, 93, 43, 42, 12, 102, 103, 13, 108, 109, 49, 48, 114, 115, 116, 122, 123, 117, 118, 119, 62, 63, 106, 107, 99, 61, 60, 41, 98, 40, 138, 147, 148, 149, 139, 146, 162, 163, 166, 167, 168, 169, 170, 171, 143, 140, 112, 113, 184, 185, 150, 182, 183, 156, 157, 194, 195, 151, 202, 203, 204, 205, 208, 209, 214, 215, 136, 206, 207, 220, 221, 222, 223, 141, 137, 142, 197, 240, 241, 242, 243, 244, 245, 196, 90, 91, 78, 260, 261, 262, 263, 268, 269, 258, 274, 275, 259, 97, 96, 79, 266, 285, 282, 280, 284, 288, 289, 292, 293, 287, 281, 302, 303, 304, 305, 306, 312, 313, 307, 308, 309, 318, 319, 267, 283, 286, 326, 327, 328, 329, 330, 331, 334, 335, 336, 337, 340, 341, 300, 301, 339, 348, 349, 338, 172, 173, 352, 192, 193, 353, 344, 362, 363, 190, 145, 345, 144, 191, 295, 294, 265, 264, 382, 383, 384, 385, 332, 333, 325, 324, 160, 180, 181, 161, 350, 351, 343, 342, 188, 135, 397, 213, 410, 412, 413, 411, 212, 311, 299, 230, 291, 231, 290, 255, 254, 310, 130, 131, 428, 429, 440, 441, 433, 446, 447, 434, 435, 432, 403, 418, 419, 298, 189, 388, 470, 471, 402, 389, 396, 390, 391, 134, 165, 164, 486, 487, 490, 491, 492, 493, 498, 499, 500, 501, 387, 472, 473, 271, 270, 514, 515, 518, 519, 516, 517, 386, 502, 503, 219, 218, 322, 316, 409, 524, 279, 423, 200, 201, 179, 415, 427, 525, 531, 535, 534, 542, 543, 178, 278, 548, 549, 521, 552, 553, 554, 555, 558, 563, 564, 565, 559, 562, 568, 569, 530, 571, 359, 570, 520, 317, 176, 177, 574, 575, 512, 580, 422, 124, 494, 584, 581, 426, 587, 588, 393, 248, 443, 591, 593, 592, 454, 480, 226, 453, 595, 452, 227, 358, 442, 601, 356, 458, 484, 582, 583, 589, 357, 586, 590, 364, 455, 594, 600, 368, 608, 609, 365, 460, 485, 369, 612, 613, 620, 621, 323, 462, 616, 617, 618, 619, 622, 627, 623, 624, 625, 626, 628, 629, 375, 636]
  列生成求解结果: 目标值=10.0000， 下界=8.0000， 上界=10.0000

处理节点 637
  开始列生成求解...
Set parameter LogToConsole to value 0
Set parameter Threads to value 1
Set parameter Seed to value 0
  定价策略: Exact, node=637, vertices=18
Set parameter PoolSearchMode to value 2
Set parameter PoolSolutions to value 10
[CG 1] RMP=12.000000, pricing=ExactPricingSolver, new_columns=0
  搜索路径: [1, 2, 4, 5, 3, 8, 11, 14, 15, 16, 17, 19, 23, 24, 25, 27, 26, 30, 36, 37, 21, 22, 18, 33, 20, 31, 32, 53, 52, 54, 55, 57, 56, 10, 66, 67, 70, 71, 74, 75, 9, 80, 81, 84, 86, 87, 85, 92, 93, 43, 42, 12, 102, 103, 13, 108, 109, 49, 48, 114, 115, 116, 122, 123, 117, 118, 119, 62, 63, 106, 107, 99, 61, 60, 41, 98, 40, 138, 147, 148, 149, 139, 146, 162, 163, 166, 167, 168, 169, 170, 171, 143, 140, 112, 113, 184, 185, 150, 182, 183, 156, 157, 194, 195, 151, 202, 203, 204, 205, 208, 209, 214, 215, 136, 206, 207, 220, 221, 222, 223, 141, 137, 142, 197, 240, 241, 242, 243, 244, 245, 196, 90, 91, 78, 260, 261, 262, 263, 268, 269, 258, 274, 275, 259, 97, 96, 79, 266, 285, 282, 280, 284, 288, 289, 292, 293, 287, 281, 302, 303, 304, 305, 306, 312, 313, 307, 308, 309, 318, 319, 267, 283, 286, 326, 327, 328, 329, 330, 331, 334, 335, 336, 337, 340, 341, 300, 301, 339, 348, 349, 338, 172, 173, 352, 192, 193, 353, 344, 362, 363, 190, 145, 345, 144, 191, 295, 294, 265, 264, 382, 383, 384, 385, 332, 333, 325, 324, 160, 180, 181, 161, 350, 351, 343, 342, 188, 135, 397, 213, 410, 412, 413, 411, 212, 311, 299, 230, 291, 231, 290, 255, 254, 310, 130, 131, 428, 429, 440, 441, 433, 446, 447, 434, 435, 432, 403, 418, 419, 298, 189, 388, 470, 471, 402, 389, 396, 390, 391, 134, 165, 164, 486, 487, 490, 491, 492, 493, 498, 499, 500, 501, 387, 472, 473, 271, 270, 514, 515, 518, 519, 516, 517, 386, 502, 503, 219, 218, 322, 316, 409, 524, 279, 423, 200, 201, 179, 415, 427, 525, 531, 535, 534, 542, 543, 178, 278, 548, 549, 521, 552, 553, 554, 555, 558, 563, 564, 565, 559, 562, 568, 569, 530, 571, 359, 570, 520, 317, 176, 177, 574, 575, 512, 580, 422, 124, 494, 584, 581, 426, 587, 588, 393, 248, 443, 591, 593, 592, 454, 480, 226, 453, 595, 452, 227, 358, 442, 601, 356, 458, 484, 582, 583, 589, 357, 586, 590, 364, 455, 594, 600, 368, 608, 609, 365, 460, 485, 369, 612, 613, 620, 621, 323, 462, 616, 617, 618, 619, 622, 627, 623, 624, 625, 626, 628, 629, 375, 636, 637]
  列生成求解结果: 目标值=12.0000， 下界=8.0000， 上界=10.0000

处理节点 630
  开始列生成求解...
Set parameter LogToConsole to value 0
Set parameter Threads to value 1
Set parameter Seed to value 0
  定价策略: Exact, node=630, vertices=13
Set parameter PoolSearchMode to value 2
Set parameter PoolSolutions to value 10
[CG 1] RMP=8.842105, pricing=ExactPricingSolver, new_columns=10
[CG 2] RMP=8.000000, pricing=ExactPricingSolver, new_columns=0
  搜索路径: [1, 2, 4, 5, 3, 8, 11, 14, 15, 16, 17, 19, 23, 24, 25, 27, 26, 30, 36, 37, 21, 22, 18, 33, 20, 31, 32, 53, 52, 54, 55, 57, 56, 10, 66, 67, 70, 71, 74, 75, 9, 80, 81, 84, 86, 87, 85, 92, 93, 43, 42, 12, 102, 103, 13, 108, 109, 49, 48, 114, 115, 116, 122, 123, 117, 118, 119, 62, 63, 106, 107, 99, 61, 60, 41, 98, 40, 138, 147, 148, 149, 139, 146, 162, 163, 166, 167, 168, 169, 170, 171, 143, 140, 112, 113, 184, 185, 150, 182, 183, 156, 157, 194, 195, 151, 202, 203, 204, 205, 208, 209, 214, 215, 136, 206, 207, 220, 221, 222, 223, 141, 137, 142, 197, 240, 241, 242, 243, 244, 245, 196, 90, 91, 78, 260, 261, 262, 263, 268, 269, 258, 274, 275, 259, 97, 96, 79, 266, 285, 282, 280, 284, 288, 289, 292, 293, 287, 281, 302, 303, 304, 305, 306, 312, 313, 307, 308, 309, 318, 319, 267, 283, 286, 326, 327, 328, 329, 330, 331, 334, 335, 336, 337, 340, 341, 300, 301, 339, 348, 349, 338, 172, 173, 352, 192, 193, 353, 344, 362, 363, 190, 145, 345, 144, 191, 295, 294, 265, 264, 382, 383, 384, 385, 332, 333, 325, 324, 160, 180, 181, 161, 350, 351, 343, 342, 188, 135, 397, 213, 410, 412, 413, 411, 212, 311, 299, 230, 291, 231, 290, 255, 254, 310, 130, 131, 428, 429, 440, 441, 433, 446, 447, 434, 435, 432, 403, 418, 419, 298, 189, 388, 470, 471, 402, 389, 396, 390, 391, 134, 165, 164, 486, 487, 490, 491, 492, 493, 498, 499, 500, 501, 387, 472, 473, 271, 270, 514, 515, 518, 519, 516, 517, 386, 502, 503, 219, 218, 322, 316, 409, 524, 279, 423, 200, 201, 179, 415, 427, 525, 531, 535, 534, 542, 543, 178, 278, 548, 549, 521, 552, 553, 554, 555, 558, 563, 564, 565, 559, 562, 568, 569, 530, 571, 359, 570, 520, 317, 176, 177, 574, 575, 512, 580, 422, 124, 494, 584, 581, 426, 587, 588, 393, 248, 443, 591, 593, 592, 454, 480, 226, 453, 595, 452, 227, 358, 442, 601, 356, 458, 484, 582, 583, 589, 357, 586, 590, 364, 455, 594, 600, 368, 608, 609, 365, 460, 485, 369, 612, 613, 620, 621, 323, 462, 616, 617, 618, 619, 622, 627, 623, 624, 625, 626, 628, 629, 375, 636, 637, 630]
  列生成求解结果: 目标值=8.0000， 下界=8.0000， 上界=10.0000
    非整数变量: COL_1-11-15-18-23-7-9_43 = 0.833333
  解不是整数，开始分支...
ImposedVertex(vertex=26)
ForbidVertex(vertex=26)
  创建了 2 个分支
    添加分支节点 1: ID=638
    添加分支节点 2: ID=639

处理节点 631
  开始列生成求解...
Set parameter LogToConsole to value 0
Set parameter Threads to value 1
Set parameter Seed to value 0
  定价策略: Exact, node=631, vertices=13
Set parameter PoolSearchMode to value 2
Set parameter PoolSolutions to value 10
[CG 1] RMP=11.000000, pricing=ExactPricingSolver, new_columns=0
  搜索路径: [1, 2, 4, 5, 3, 8, 11, 14, 15, 16, 17, 19, 23, 24, 25, 27, 26, 30, 36, 37, 21, 22, 18, 33, 20, 31, 32, 53, 52, 54, 55, 57, 56, 10, 66, 67, 70, 71, 74, 75, 9, 80, 81, 84, 86, 87, 85, 92, 93, 43, 42, 12, 102, 103, 13, 108, 109, 49, 48, 114, 115, 116, 122, 123, 117, 118, 119, 62, 63, 106, 107, 99, 61, 60, 41, 98, 40, 138, 147, 148, 149, 139, 146, 162, 163, 166, 167, 168, 169, 170, 171, 143, 140, 112, 113, 184, 185, 150, 182, 183, 156, 157, 194, 195, 151, 202, 203, 204, 205, 208, 209, 214, 215, 136, 206, 207, 220, 221, 222, 223, 141, 137, 142, 197, 240, 241, 242, 243, 244, 245, 196, 90, 91, 78, 260, 261, 262, 263, 268, 269, 258, 274, 275, 259, 97, 96, 79, 266, 285, 282, 280, 284, 288, 289, 292, 293, 287, 281, 302, 303, 304, 305, 306, 312, 313, 307, 308, 309, 318, 319, 267, 283, 286, 326, 327, 328, 329, 330, 331, 334, 335, 336, 337, 340, 341, 300, 301, 339, 348, 349, 338, 172, 173, 352, 192, 193, 353, 344, 362, 363, 190, 145, 345, 144, 191, 295, 294, 265, 264, 382, 383, 384, 385, 332, 333, 325, 324, 160, 180, 181, 161, 350, 351, 343, 342, 188, 135, 397, 213, 410, 412, 413, 411, 212, 311, 299, 230, 291, 231, 290, 255, 254, 310, 130, 131, 428, 429, 440, 441, 433, 446, 447, 434, 435, 432, 403, 418, 419, 298, 189, 388, 470, 471, 402, 389, 396, 390, 391, 134, 165, 164, 486, 487, 490, 491, 492, 493, 498, 499, 500, 501, 387, 472, 473, 271, 270, 514, 515, 518, 519, 516, 517, 386, 502, 503, 219, 218, 322, 316, 409, 524, 279, 423, 200, 201, 179, 415, 427, 525, 531, 535, 534, 542, 543, 178, 278, 548, 549, 521, 552, 553, 554, 555, 558, 563, 564, 565, 559, 562, 568, 569, 530, 571, 359, 570, 520, 317, 176, 177, 574, 575, 512, 580, 422, 124, 494, 584, 581, 426, 587, 588, 393, 248, 443, 591, 593, 592, 454, 480, 226, 453, 595, 452, 227, 358, 442, 601, 356, 458, 484, 582, 583, 589, 357, 586, 590, 364, 455, 594, 600, 368, 608, 609, 365, 460, 485, 369, 612, 613, 620, 621, 323, 462, 616, 617, 618, 619, 622, 627, 623, 624, 625, 626, 628, 629, 375, 636, 637, 630, 631]
  列生成求解结果: 目标值=11.0000， 下界=8.0000， 上界=10.0000

处理节点 632
  开始列生成求解...
Set parameter LogToConsole to value 0
Set parameter Threads to value 1
Set parameter Seed to value 0
  定价策略: Exact, node=632, vertices=13
Set parameter PoolSearchMode to value 2
Set parameter PoolSolutions to value 10
[CG 1] RMP=12.000000, pricing=ExactPricingSolver, new_columns=0
  搜索路径: [1, 2, 4, 5, 3, 8, 11, 14, 15, 16, 17, 19, 23, 24, 25, 27, 26, 30, 36, 37, 21, 22, 18, 33, 20, 31, 32, 53, 52, 54, 55, 57, 56, 10, 66, 67, 70, 71, 74, 75, 9, 80, 81, 84, 86, 87, 85, 92, 93, 43, 42, 12, 102, 103, 13, 108, 109, 49, 48, 114, 115, 116, 122, 123, 117, 118, 119, 62, 63, 106, 107, 99, 61, 60, 41, 98, 40, 138, 147, 148, 149, 139, 146, 162, 163, 166, 167, 168, 169, 170, 171, 143, 140, 112, 113, 184, 185, 150, 182, 183, 156, 157, 194, 195, 151, 202, 203, 204, 205, 208, 209, 214, 215, 136, 206, 207, 220, 221, 222, 223, 141, 137, 142, 197, 240, 241, 242, 243, 244, 245, 196, 90, 91, 78, 260, 261, 262, 263, 268, 269, 258, 274, 275, 259, 97, 96, 79, 266, 285, 282, 280, 284, 288, 289, 292, 293, 287, 281, 302, 303, 304, 305, 306, 312, 313, 307, 308, 309, 318, 319, 267, 283, 286, 326, 327, 328, 329, 330, 331, 334, 335, 336, 337, 340, 341, 300, 301, 339, 348, 349, 338, 172, 173, 352, 192, 193, 353, 344, 362, 363, 190, 145, 345, 144, 191, 295, 294, 265, 264, 382, 383, 384, 385, 332, 333, 325, 324, 160, 180, 181, 161, 350, 351, 343, 342, 188, 135, 397, 213, 410, 412, 413, 411, 212, 311, 299, 230, 291, 231, 290, 255, 254, 310, 130, 131, 428, 429, 440, 441, 433, 446, 447, 434, 435, 432, 403, 418, 419, 298, 189, 388, 470, 471, 402, 389, 396, 390, 391, 134, 165, 164, 486, 487, 490, 491, 492, 493, 498, 499, 500, 501, 387, 472, 473, 271, 270, 514, 515, 518, 519, 516, 517, 386, 502, 503, 219, 218, 322, 316, 409, 524, 279, 423, 200, 201, 179, 415, 427, 525, 531, 535, 534, 542, 543, 178, 278, 548, 549, 521, 552, 553, 554, 555, 558, 563, 564, 565, 559, 562, 568, 569, 530, 571, 359, 570, 520, 317, 176, 177, 574, 575, 512, 580, 422, 124, 494, 584, 581, 426, 587, 588, 393, 248, 443, 591, 593, 592, 454, 480, 226, 453, 595, 452, 227, 358, 442, 601, 356, 458, 484, 582, 583, 589, 357, 586, 590, 364, 455, 594, 600, 368, 608, 609, 365, 460, 485, 369, 612, 613, 620, 621, 323, 462, 616, 617, 618, 619, 622, 627, 623, 624, 625, 626, 628, 629, 375, 636, 637, 630, 631, 632]
  列生成求解结果: 目标值=12.0000， 下界=8.0000， 上界=10.0000

处理节点 633
  开始列生成求解...
Set parameter LogToConsole to value 0
Set parameter Threads to value 1
Set parameter Seed to value 0
  定价策略: Exact, node=633, vertices=13
Set parameter PoolSearchMode to value 2
Set parameter PoolSolutions to value 10
[CG 1] RMP=10.000000, pricing=ExactPricingSolver, new_columns=0
  搜索路径: [1, 2, 4, 5, 3, 8, 11, 14, 15, 16, 17, 19, 23, 24, 25, 27, 26, 30, 36, 37, 21, 22, 18, 33, 20, 31, 32, 53, 52, 54, 55, 57, 56, 10, 66, 67, 70, 71, 74, 75, 9, 80, 81, 84, 86, 87, 85, 92, 93, 43, 42, 12, 102, 103, 13, 108, 109, 49, 48, 114, 115, 116, 122, 123, 117, 118, 119, 62, 63, 106, 107, 99, 61, 60, 41, 98, 40, 138, 147, 148, 149, 139, 146, 162, 163, 166, 167, 168, 169, 170, 171, 143, 140, 112, 113, 184, 185, 150, 182, 183, 156, 157, 194, 195, 151, 202, 203, 204, 205, 208, 209, 214, 215, 136, 206, 207, 220, 221, 222, 223, 141, 137, 142, 197, 240, 241, 242, 243, 244, 245, 196, 90, 91, 78, 260, 261, 262, 263, 268, 269, 258, 274, 275, 259, 97, 96, 79, 266, 285, 282, 280, 284, 288, 289, 292, 293, 287, 281, 302, 303, 304, 305, 306, 312, 313, 307, 308, 309, 318, 319, 267, 283, 286, 326, 327, 328, 329, 330, 331, 334, 335, 336, 337, 340, 341, 300, 301, 339, 348, 349, 338, 172, 173, 352, 192, 193, 353, 344, 362, 363, 190, 145, 345, 144, 191, 295, 294, 265, 264, 382, 383, 384, 385, 332, 333, 325, 324, 160, 180, 181, 161, 350, 351, 343, 342, 188, 135, 397, 213, 410, 412, 413, 411, 212, 311, 299, 230, 291, 231, 290, 255, 254, 310, 130, 131, 428, 429, 440, 441, 433, 446, 447, 434, 435, 432, 403, 418, 419, 298, 189, 388, 470, 471, 402, 389, 396, 390, 391, 134, 165, 164, 486, 487, 490, 491, 492, 493, 498, 499, 500, 501, 387, 472, 473, 271, 270, 514, 515, 518, 519, 516, 517, 386, 502, 503, 219, 218, 322, 316, 409, 524, 279, 423, 200, 201, 179, 415, 427, 525, 531, 535, 534, 542, 543, 178, 278, 548, 549, 521, 552, 553, 554, 555, 558, 563, 564, 565, 559, 562, 568, 569, 530, 571, 359, 570, 520, 317, 176, 177, 574, 575, 512, 580, 422, 124, 494, 584, 581, 426, 587, 588, 393, 248, 443, 591, 593, 592, 454, 480, 226, 453, 595, 452, 227, 358, 442, 601, 356, 458, 484, 582, 583, 589, 357, 586, 590, 364, 455, 594, 600, 368, 608, 609, 365, 460, 485, 369, 612, 613, 620, 621, 323, 462, 616, 617, 618, 619, 622, 627, 623, 624, 625, 626, 628, 629, 375, 636, 637, 630, 631, 632, 633]
  列生成求解结果: 目标值=10.0000， 下界=8.0000， 上界=10.0000

处理节点 634
  开始列生成求解...
Set parameter LogToConsole to value 0
Set parameter Threads to value 1
Set parameter Seed to value 0
  定价策略: Exact, node=634, vertices=13
Set parameter PoolSearchMode to value 2
Set parameter PoolSolutions to value 10
[CG 1] RMP=8.000000, pricing=ExactPricingSolver, new_columns=0
  搜索路径: [1, 2, 4, 5, 3, 8, 11, 14, 15, 16, 17, 19, 23, 24, 25, 27, 26, 30, 36, 37, 21, 22, 18, 33, 20, 31, 32, 53, 52, 54, 55, 57, 56, 10, 66, 67, 70, 71, 74, 75, 9, 80, 81, 84, 86, 87, 85, 92, 93, 43, 42, 12, 102, 103, 13, 108, 109, 49, 48, 114, 115, 116, 122, 123, 117, 118, 119, 62, 63, 106, 107, 99, 61, 60, 41, 98, 40, 138, 147, 148, 149, 139, 146, 162, 163, 166, 167, 168, 169, 170, 171, 143, 140, 112, 113, 184, 185, 150, 182, 183, 156, 157, 194, 195, 151, 202, 203, 204, 205, 208, 209, 214, 215, 136, 206, 207, 220, 221, 222, 223, 141, 137, 142, 197, 240, 241, 242, 243, 244, 245, 196, 90, 91, 78, 260, 261, 262, 263, 268, 269, 258, 274, 275, 259, 97, 96, 79, 266, 285, 282, 280, 284, 288, 289, 292, 293, 287, 281, 302, 303, 304, 305, 306, 312, 313, 307, 308, 309, 318, 319, 267, 283, 286, 326, 327, 328, 329, 330, 331, 334, 335, 336, 337, 340, 341, 300, 301, 339, 348, 349, 338, 172, 173, 352, 192, 193, 353, 344, 362, 363, 190, 145, 345, 144, 191, 295, 294, 265, 264, 382, 383, 384, 385, 332, 333, 325, 324, 160, 180, 181, 161, 350, 351, 343, 342, 188, 135, 397, 213, 410, 412, 413, 411, 212, 311, 299, 230, 291, 231, 290, 255, 254, 310, 130, 131, 428, 429, 440, 441, 433, 446, 447, 434, 435, 432, 403, 418, 419, 298, 189, 388, 470, 471, 402, 389, 396, 390, 391, 134, 165, 164, 486, 487, 490, 491, 492, 493, 498, 499, 500, 501, 387, 472, 473, 271, 270, 514, 515, 518, 519, 516, 517, 386, 502, 503, 219, 218, 322, 316, 409, 524, 279, 423, 200, 201, 179, 415, 427, 525, 531, 535, 534, 542, 543, 178, 278, 548, 549, 521, 552, 553, 554, 555, 558, 563, 564, 565, 559, 562, 568, 569, 530, 571, 359, 570, 520, 317, 176, 177, 574, 575, 512, 580, 422, 124, 494, 584, 581, 426, 587, 588, 393, 248, 443, 591, 593, 592, 454, 480, 226, 453, 595, 452, 227, 358, 442, 601, 356, 458, 484, 582, 583, 589, 357, 586, 590, 364, 455, 594, 600, 368, 608, 609, 365, 460, 485, 369, 612, 613, 620, 621, 323, 462, 616, 617, 618, 619, 622, 627, 623, 624, 625, 626, 628, 629, 375, 636, 637, 630, 631, 632, 633, 634]
  列生成求解结果: 目标值=8.0000， 下界=8.0000， 上界=10.0000
    非整数变量: COL_11-15-20-4-7-9_2605 = 0.500000
  解不是整数，开始分支...
ImposedVertex(vertex=7)
ForbidVertex(vertex=7)
  创建了 2 个分支
    添加分支节点 1: ID=640
    添加分支节点 2: ID=641

处理节点 635
  开始列生成求解...
Set parameter LogToConsole to value 0
Set parameter Threads to value 1
Set parameter Seed to value 0
  定价策略: Exact, node=635, vertices=13
Set parameter PoolSearchMode to value 2
Set parameter PoolSolutions to value 10
[CG 1] RMP=12.000000, pricing=ExactPricingSolver, new_columns=10
[CG 2] RMP=11.000000, pricing=ExactPricingSolver, new_columns=0
  搜索路径: [1, 2, 4, 5, 3, 8, 11, 14, 15, 16, 17, 19, 23, 24, 25, 27, 26, 30, 36, 37, 21, 22, 18, 33, 20, 31, 32, 53, 52, 54, 55, 57, 56, 10, 66, 67, 70, 71, 74, 75, 9, 80, 81, 84, 86, 87, 85, 92, 93, 43, 42, 12, 102, 103, 13, 108, 109, 49, 48, 114, 115, 116, 122, 123, 117, 118, 119, 62, 63, 106, 107, 99, 61, 60, 41, 98, 40, 138, 147, 148, 149, 139, 146, 162, 163, 166, 167, 168, 169, 170, 171, 143, 140, 112, 113, 184, 185, 150, 182, 183, 156, 157, 194, 195, 151, 202, 203, 204, 205, 208, 209, 214, 215, 136, 206, 207, 220, 221, 222, 223, 141, 137, 142, 197, 240, 241, 242, 243, 244, 245, 196, 90, 91, 78, 260, 261, 262, 263, 268, 269, 258, 274, 275, 259, 97, 96, 79, 266, 285, 282, 280, 284, 288, 289, 292, 293, 287, 281, 302, 303, 304, 305, 306, 312, 313, 307, 308, 309, 318, 319, 267, 283, 286, 326, 327, 328, 329, 330, 331, 334, 335, 336, 337, 340, 341, 300, 301, 339, 348, 349, 338, 172, 173, 352, 192, 193, 353, 344, 362, 363, 190, 145, 345, 144, 191, 295, 294, 265, 264, 382, 383, 384, 385, 332, 333, 325, 324, 160, 180, 181, 161, 350, 351, 343, 342, 188, 135, 397, 213, 410, 412, 413, 411, 212, 311, 299, 230, 291, 231, 290, 255, 254, 310, 130, 131, 428, 429, 440, 441, 433, 446, 447, 434, 435, 432, 403, 418, 419, 298, 189, 388, 470, 471, 402, 389, 396, 390, 391, 134, 165, 164, 486, 487, 490, 491, 492, 493, 498, 499, 500, 501, 387, 472, 473, 271, 270, 514, 515, 518, 519, 516, 517, 386, 502, 503, 219, 218, 322, 316, 409, 524, 279, 423, 200, 201, 179, 415, 427, 525, 531, 535, 534, 542, 543, 178, 278, 548, 549, 521, 552, 553, 554, 555, 558, 563, 564, 565, 559, 562, 568, 569, 530, 571, 359, 570, 520, 317, 176, 177, 574, 575, 512, 580, 422, 124, 494, 584, 581, 426, 587, 588, 393, 248, 443, 591, 593, 592, 454, 480, 226, 453, 595, 452, 227, 358, 442, 601, 356, 458, 484, 582, 583, 589, 357, 586, 590, 364, 455, 594, 600, 368, 608, 609, 365, 460, 485, 369, 612, 613, 620, 621, 323, 462, 616, 617, 618, 619, 622, 627, 623, 624, 625, 626, 628, 629, 375, 636, 637, 630, 631, 632, 633, 634, 635]
  列生成求解结果: 目标值=11.0000， 下界=8.0000， 上界=10.0000

处理节点 638
  开始列生成求解...
Set parameter LogToConsole to value 0
Set parameter Threads to value 1
Set parameter Seed to value 0
  定价策略: Exact, node=638, vertices=12
Set parameter PoolSearchMode to value 2
Set parameter PoolSolutions to value 10
[CG 1] RMP=10.000000, pricing=ExactPricingSolver, new_columns=0
  搜索路径: [1, 2, 4, 5, 3, 8, 11, 14, 15, 16, 17, 19, 23, 24, 25, 27, 26, 30, 36, 37, 21, 22, 18, 33, 20, 31, 32, 53, 52, 54, 55, 57, 56, 10, 66, 67, 70, 71, 74, 75, 9, 80, 81, 84, 86, 87, 85, 92, 93, 43, 42, 12, 102, 103, 13, 108, 109, 49, 48, 114, 115, 116, 122, 123, 117, 118, 119, 62, 63, 106, 107, 99, 61, 60, 41, 98, 40, 138, 147, 148, 149, 139, 146, 162, 163, 166, 167, 168, 169, 170, 171, 143, 140, 112, 113, 184, 185, 150, 182, 183, 156, 157, 194, 195, 151, 202, 203, 204, 205, 208, 209, 214, 215, 136, 206, 207, 220, 221, 222, 223, 141, 137, 142, 197, 240, 241, 242, 243, 244, 245, 196, 90, 91, 78, 260, 261, 262, 263, 268, 269, 258, 274, 275, 259, 97, 96, 79, 266, 285, 282, 280, 284, 288, 289, 292, 293, 287, 281, 302, 303, 304, 305, 306, 312, 313, 307, 308, 309, 318, 319, 267, 283, 286, 326, 327, 328, 329, 330, 331, 334, 335, 336, 337, 340, 341, 300, 301, 339, 348, 349, 338, 172, 173, 352, 192, 193, 353, 344, 362, 363, 190, 145, 345, 144, 191, 295, 294, 265, 264, 382, 383, 384, 385, 332, 333, 325, 324, 160, 180, 181, 161, 350, 351, 343, 342, 188, 135, 397, 213, 410, 412, 413, 411, 212, 311, 299, 230, 291, 231, 290, 255, 254, 310, 130, 131, 428, 429, 440, 441, 433, 446, 447, 434, 435, 432, 403, 418, 419, 298, 189, 388, 470, 471, 402, 389, 396, 390, 391, 134, 165, 164, 486, 487, 490, 491, 492, 493, 498, 499, 500, 501, 387, 472, 473, 271, 270, 514, 515, 518, 519, 516, 517, 386, 502, 503, 219, 218, 322, 316, 409, 524, 279, 423, 200, 201, 179, 415, 427, 525, 531, 535, 534, 542, 543, 178, 278, 548, 549, 521, 552, 553, 554, 555, 558, 563, 564, 565, 559, 562, 568, 569, 530, 571, 359, 570, 520, 317, 176, 177, 574, 575, 512, 580, 422, 124, 494, 584, 581, 426, 587, 588, 393, 248, 443, 591, 593, 592, 454, 480, 226, 453, 595, 452, 227, 358, 442, 601, 356, 458, 484, 582, 583, 589, 357, 586, 590, 364, 455, 594, 600, 368, 608, 609, 365, 460, 485, 369, 612, 613, 620, 621, 323, 462, 616, 617, 618, 619, 622, 627, 623, 624, 625, 626, 628, 629, 375, 636, 637, 630, 631, 632, 633, 634, 635, 638]
  列生成求解结果: 目标值=10.0000， 下界=8.0000， 上界=10.0000

处理节点 639
  开始列生成求解...
Set parameter LogToConsole to value 0
Set parameter Threads to value 1
Set parameter Seed to value 0
  定价策略: Exact, node=639, vertices=12
Set parameter PoolSearchMode to value 2
Set parameter PoolSolutions to value 10
[CG 1] RMP=12.000000, pricing=ExactPricingSolver, new_columns=0
  搜索路径: [1, 2, 4, 5, 3, 8, 11, 14, 15, 16, 17, 19, 23, 24, 25, 27, 26, 30, 36, 37, 21, 22, 18, 33, 20, 31, 32, 53, 52, 54, 55, 57, 56, 10, 66, 67, 70, 71, 74, 75, 9, 80, 81, 84, 86, 87, 85, 92, 93, 43, 42, 12, 102, 103, 13, 108, 109, 49, 48, 114, 115, 116, 122, 123, 117, 118, 119, 62, 63, 106, 107, 99, 61, 60, 41, 98, 40, 138, 147, 148, 149, 139, 146, 162, 163, 166, 167, 168, 169, 170, 171, 143, 140, 112, 113, 184, 185, 150, 182, 183, 156, 157, 194, 195, 151, 202, 203, 204, 205, 208, 209, 214, 215, 136, 206, 207, 220, 221, 222, 223, 141, 137, 142, 197, 240, 241, 242, 243, 244, 245, 196, 90, 91, 78, 260, 261, 262, 263, 268, 269, 258, 274, 275, 259, 97, 96, 79, 266, 285, 282, 280, 284, 288, 289, 292, 293, 287, 281, 302, 303, 304, 305, 306, 312, 313, 307, 308, 309, 318, 319, 267, 283, 286, 326, 327, 328, 329, 330, 331, 334, 335, 336, 337, 340, 341, 300, 301, 339, 348, 349, 338, 172, 173, 352, 192, 193, 353, 344, 362, 363, 190, 145, 345, 144, 191, 295, 294, 265, 264, 382, 383, 384, 385, 332, 333, 325, 324, 160, 180, 181, 161, 350, 351, 343, 342, 188, 135, 397, 213, 410, 412, 413, 411, 212, 311, 299, 230, 291, 231, 290, 255, 254, 310, 130, 131, 428, 429, 440, 441, 433, 446, 447, 434, 435, 432, 403, 418, 419, 298, 189, 388, 470, 471, 402, 389, 396, 390, 391, 134, 165, 164, 486, 487, 490, 491, 492, 493, 498, 499, 500, 501, 387, 472, 473, 271, 270, 514, 515, 518, 519, 516, 517, 386, 502, 503, 219, 218, 322, 316, 409, 524, 279, 423, 200, 201, 179, 415, 427, 525, 531, 535, 534, 542, 543, 178, 278, 548, 549, 521, 552, 553, 554, 555, 558, 563, 564, 565, 559, 562, 568, 569, 530, 571, 359, 570, 520, 317, 176, 177, 574, 575, 512, 580, 422, 124, 494, 584, 581, 426, 587, 588, 393, 248, 443, 591, 593, 592, 454, 480, 226, 453, 595, 452, 227, 358, 442, 601, 356, 458, 484, 582, 583, 589, 357, 586, 590, 364, 455, 594, 600, 368, 608, 609, 365, 460, 485, 369, 612, 613, 620, 621, 323, 462, 616, 617, 618, 619, 622, 627, 623, 624, 625, 626, 628, 629, 375, 636, 637, 630, 631, 632, 633, 634, 635, 638, 639]
  列生成求解结果: 目标值=12.0000， 下界=8.0000， 上界=10.0000

处理节点 640
  开始列生成求解...
Set parameter LogToConsole to value 0
Set parameter Threads to value 1
Set parameter Seed to value 0
  定价策略: Exact, node=640, vertices=12
Set parameter PoolSearchMode to value 2
Set parameter PoolSolutions to value 10
[CG 1] RMP=8.000000, pricing=ExactPricingSolver, new_columns=0
  搜索路径: [1, 2, 4, 5, 3, 8, 11, 14, 15, 16, 17, 19, 23, 24, 25, 27, 26, 30, 36, 37, 21, 22, 18, 33, 20, 31, 32, 53, 52, 54, 55, 57, 56, 10, 66, 67, 70, 71, 74, 75, 9, 80, 81, 84, 86, 87, 85, 92, 93, 43, 42, 12, 102, 103, 13, 108, 109, 49, 48, 114, 115, 116, 122, 123, 117, 118, 119, 62, 63, 106, 107, 99, 61, 60, 41, 98, 40, 138, 147, 148, 149, 139, 146, 162, 163, 166, 167, 168, 169, 170, 171, 143, 140, 112, 113, 184, 185, 150, 182, 183, 156, 157, 194, 195, 151, 202, 203, 204, 205, 208, 209, 214, 215, 136, 206, 207, 220, 221, 222, 223, 141, 137, 142, 197, 240, 241, 242, 243, 244, 245, 196, 90, 91, 78, 260, 261, 262, 263, 268, 269, 258, 274, 275, 259, 97, 96, 79, 266, 285, 282, 280, 284, 288, 289, 292, 293, 287, 281, 302, 303, 304, 305, 306, 312, 313, 307, 308, 309, 318, 319, 267, 283, 286, 326, 327, 328, 329, 330, 331, 334, 335, 336, 337, 340, 341, 300, 301, 339, 348, 349, 338, 172, 173, 352, 192, 193, 353, 344, 362, 363, 190, 145, 345, 144, 191, 295, 294, 265, 264, 382, 383, 384, 385, 332, 333, 325, 324, 160, 180, 181, 161, 350, 351, 343, 342, 188, 135, 397, 213, 410, 412, 413, 411, 212, 311, 299, 230, 291, 231, 290, 255, 254, 310, 130, 131, 428, 429, 440, 441, 433, 446, 447, 434, 435, 432, 403, 418, 419, 298, 189, 388, 470, 471, 402, 389, 396, 390, 391, 134, 165, 164, 486, 487, 490, 491, 492, 493, 498, 499, 500, 501, 387, 472, 473, 271, 270, 514, 515, 518, 519, 516, 517, 386, 502, 503, 219, 218, 322, 316, 409, 524, 279, 423, 200, 201, 179, 415, 427, 525, 531, 535, 534, 542, 543, 178, 278, 548, 549, 521, 552, 553, 554, 555, 558, 563, 564, 565, 559, 562, 568, 569, 530, 571, 359, 570, 520, 317, 176, 177, 574, 575, 512, 580, 422, 124, 494, 584, 581, 426, 587, 588, 393, 248, 443, 591, 593, 592, 454, 480, 226, 453, 595, 452, 227, 358, 442, 601, 356, 458, 484, 582, 583, 589, 357, 586, 590, 364, 455, 594, 600, 368, 608, 609, 365, 460, 485, 369, 612, 613, 620, 621, 323, 462, 616, 617, 618, 619, 622, 627, 623, 624, 625, 626, 628, 629, 375, 636, 637, 630, 631, 632, 633, 634, 635, 638, 639, 640]
  列生成求解结果: 目标值=8.0000， 下界=8.0000， 上界=10.0000
    非整数变量: COL_11-20-4-7-9_2604 = 0.600000
  解不是整数，开始分支...
ImposedVertex(vertex=9)
ForbidVertex(vertex=9)
  创建了 2 个分支
    添加分支节点 1: ID=642
    添加分支节点 2: ID=643

处理节点 641
  开始列生成求解...
Set parameter LogToConsole to value 0
Set parameter Threads to value 1
Set parameter Seed to value 0
  定价策略: Exact, node=641, vertices=12
Set parameter PoolSearchMode to value 2
Set parameter PoolSolutions to value 10
[CG 1] RMP=12.000000, pricing=ExactPricingSolver, new_columns=0
  搜索路径: [1, 2, 4, 5, 3, 8, 11, 14, 15, 16, 17, 19, 23, 24, 25, 27, 26, 30, 36, 37, 21, 22, 18, 33, 20, 31, 32, 53, 52, 54, 55, 57, 56, 10, 66, 67, 70, 71, 74, 75, 9, 80, 81, 84, 86, 87, 85, 92, 93, 43, 42, 12, 102, 103, 13, 108, 109, 49, 48, 114, 115, 116, 122, 123, 117, 118, 119, 62, 63, 106, 107, 99, 61, 60, 41, 98, 40, 138, 147, 148, 149, 139, 146, 162, 163, 166, 167, 168, 169, 170, 171, 143, 140, 112, 113, 184, 185, 150, 182, 183, 156, 157, 194, 195, 151, 202, 203, 204, 205, 208, 209, 214, 215, 136, 206, 207, 220, 221, 222, 223, 141, 137, 142, 197, 240, 241, 242, 243, 244, 245, 196, 90, 91, 78, 260, 261, 262, 263, 268, 269, 258, 274, 275, 259, 97, 96, 79, 266, 285, 282, 280, 284, 288, 289, 292, 293, 287, 281, 302, 303, 304, 305, 306, 312, 313, 307, 308, 309, 318, 319, 267, 283, 286, 326, 327, 328, 329, 330, 331, 334, 335, 336, 337, 340, 341, 300, 301, 339, 348, 349, 338, 172, 173, 352, 192, 193, 353, 344, 362, 363, 190, 145, 345, 144, 191, 295, 294, 265, 264, 382, 383, 384, 385, 332, 333, 325, 324, 160, 180, 181, 161, 350, 351, 343, 342, 188, 135, 397, 213, 410, 412, 413, 411, 212, 311, 299, 230, 291, 231, 290, 255, 254, 310, 130, 131, 428, 429, 440, 441, 433, 446, 447, 434, 435, 432, 403, 418, 419, 298, 189, 388, 470, 471, 402, 389, 396, 390, 391, 134, 165, 164, 486, 487, 490, 491, 492, 493, 498, 499, 500, 501, 387, 472, 473, 271, 270, 514, 515, 518, 519, 516, 517, 386, 502, 503, 219, 218, 322, 316, 409, 524, 279, 423, 200, 201, 179, 415, 427, 525, 531, 535, 534, 542, 543, 178, 278, 548, 549, 521, 552, 553, 554, 555, 558, 563, 564, 565, 559, 562, 568, 569, 530, 571, 359, 570, 520, 317, 176, 177, 574, 575, 512, 580, 422, 124, 494, 584, 581, 426, 587, 588, 393, 248, 443, 591, 593, 592, 454, 480, 226, 453, 595, 452, 227, 358, 442, 601, 356, 458, 484, 582, 583, 589, 357, 586, 590, 364, 455, 594, 600, 368, 608, 609, 365, 460, 485, 369, 612, 613, 620, 621, 323, 462, 616, 617, 618, 619, 622, 627, 623, 624, 625, 626, 628, 629, 375, 636, 637, 630, 631, 632, 633, 634, 635, 638, 639, 640, 641]
  列生成求解结果: 目标值=12.0000， 下界=8.0000， 上界=10.0000

处理节点 469
  开始列生成求解...
Set parameter LogToConsole to value 0
Set parameter Threads to value 1
Set parameter Seed to value 0
  定价策略: Exact, node=469, vertices=17
Set parameter PoolSearchMode to value 2
Set parameter PoolSolutions to value 10
[CG 1] RMP=8.000000, pricing=ExactPricingSolver, new_columns=0
  搜索路径: [1, 2, 4, 5, 3, 8, 11, 14, 15, 16, 17, 19, 23, 24, 25, 27, 26, 30, 36, 37, 21, 22, 18, 33, 20, 31, 32, 53, 52, 54, 55, 57, 56, 10, 66, 67, 70, 71, 74, 75, 9, 80, 81, 84, 86, 87, 85, 92, 93, 43, 42, 12, 102, 103, 13, 108, 109, 49, 48, 114, 115, 116, 122, 123, 117, 118, 119, 62, 63, 106, 107, 99, 61, 60, 41, 98, 40, 138, 147, 148, 149, 139, 146, 162, 163, 166, 167, 168, 169, 170, 171, 143, 140, 112, 113, 184, 185, 150, 182, 183, 156, 157, 194, 195, 151, 202, 203, 204, 205, 208, 209, 214, 215, 136, 206, 207, 220, 221, 222, 223, 141, 137, 142, 197, 240, 241, 242, 243, 244, 245, 196, 90, 91, 78, 260, 261, 262, 263, 268, 269, 258, 274, 275, 259, 97, 96, 79, 266, 285, 282, 280, 284, 288, 289, 292, 293, 287, 281, 302, 303, 304, 305, 306, 312, 313, 307, 308, 309, 318, 319, 267, 283, 286, 326, 327, 328, 329, 330, 331, 334, 335, 336, 337, 340, 341, 300, 301, 339, 348, 349, 338, 172, 173, 352, 192, 193, 353, 344, 362, 363, 190, 145, 345, 144, 191, 295, 294, 265, 264, 382, 383, 384, 385, 332, 333, 325, 324, 160, 180, 181, 161, 350, 351, 343, 342, 188, 135, 397, 213, 410, 412, 413, 411, 212, 311, 299, 230, 291, 231, 290, 255, 254, 310, 130, 131, 428, 429, 440, 441, 433, 446, 447, 434, 435, 432, 403, 418, 419, 298, 189, 388, 470, 471, 402, 389, 396, 390, 391, 134, 165, 164, 486, 487, 490, 491, 492, 493, 498, 499, 500, 501, 387, 472, 473, 271, 270, 514, 515, 518, 519, 516, 517, 386, 502, 503, 219, 218, 322, 316, 409, 524, 279, 423, 200, 201, 179, 415, 427, 525, 531, 535, 534, 542, 543, 178, 278, 548, 549, 521, 552, 553, 554, 555, 558, 563, 564, 565, 559, 562, 568, 569, 530, 571, 359, 570, 520, 317, 176, 177, 574, 575, 512, 580, 422, 124, 494, 584, 581, 426, 587, 588, 393, 248, 443, 591, 593, 592, 454, 480, 226, 453, 595, 452, 227, 358, 442, 601, 356, 458, 484, 582, 583, 589, 357, 586, 590, 364, 455, 594, 600, 368, 608, 609, 365, 460, 485, 369, 612, 613, 620, 621, 323, 462, 616, 617, 618, 619, 622, 627, 623, 624, 625, 626, 628, 629, 375, 636, 637, 630, 631, 632, 633, 634, 635, 638, 639, 640, 641, 469]
  列生成求解结果: 目标值=8.0000， 下界=8.0000， 上界=10.0000
    非整数变量: COL_0-14-18-25-28-4-7_133 = 0.571429
  解不是整数，开始分支...
ImposedVertex(vertex=14)
ForbidVertex(vertex=14)
  创建了 2 个分支
    添加分支节点 1: ID=644
    添加分支节点 2: ID=645

处理节点 642
  开始列生成求解...
Set parameter LogToConsole to value 0
Set parameter Threads to value 1
Set parameter Seed to value 0
  定价策略: Exact, node=642, vertices=11
Set parameter PoolSearchMode to value 2
Set parameter PoolSolutions to value 10
[CG 1] RMP=10.000000, pricing=ExactPricingSolver, new_columns=10
[CG 2] RMP=8.000000, pricing=ExactPricingSolver, new_columns=0
  搜索路径: [1, 2, 4, 5, 3, 8, 11, 14, 15, 16, 17, 19, 23, 24, 25, 27, 26, 30, 36, 37, 21, 22, 18, 33, 20, 31, 32, 53, 52, 54, 55, 57, 56, 10, 66, 67, 70, 71, 74, 75, 9, 80, 81, 84, 86, 87, 85, 92, 93, 43, 42, 12, 102, 103, 13, 108, 109, 49, 48, 114, 115, 116, 122, 123, 117, 118, 119, 62, 63, 106, 107, 99, 61, 60, 41, 98, 40, 138, 147, 148, 149, 139, 146, 162, 163, 166, 167, 168, 169, 170, 171, 143, 140, 112, 113, 184, 185, 150, 182, 183, 156, 157, 194, 195, 151, 202, 203, 204, 205, 208, 209, 214, 215, 136, 206, 207, 220, 221, 222, 223, 141, 137, 142, 197, 240, 241, 242, 243, 244, 245, 196, 90, 91, 78, 260, 261, 262, 263, 268, 269, 258, 274, 275, 259, 97, 96, 79, 266, 285, 282, 280, 284, 288, 289, 292, 293, 287, 281, 302, 303, 304, 305, 306, 312, 313, 307, 308, 309, 318, 319, 267, 283, 286, 326, 327, 328, 329, 330, 331, 334, 335, 336, 337, 340, 341, 300, 301, 339, 348, 349, 338, 172, 173, 352, 192, 193, 353, 344, 362, 363, 190, 145, 345, 144, 191, 295, 294, 265, 264, 382, 383, 384, 385, 332, 333, 325, 324, 160, 180, 181, 161, 350, 351, 343, 342, 188, 135, 397, 213, 410, 412, 413, 411, 212, 311, 299, 230, 291, 231, 290, 255, 254, 310, 130, 131, 428, 429, 440, 441, 433, 446, 447, 434, 435, 432, 403, 418, 419, 298, 189, 388, 470, 471, 402, 389, 396, 390, 391, 134, 165, 164, 486, 487, 490, 491, 492, 493, 498, 499, 500, 501, 387, 472, 473, 271, 270, 514, 515, 518, 519, 516, 517, 386, 502, 503, 219, 218, 322, 316, 409, 524, 279, 423, 200, 201, 179, 415, 427, 525, 531, 535, 534, 542, 543, 178, 278, 548, 549, 521, 552, 553, 554, 555, 558, 563, 564, 565, 559, 562, 568, 569, 530, 571, 359, 570, 520, 317, 176, 177, 574, 575, 512, 580, 422, 124, 494, 584, 581, 426, 587, 588, 393, 248, 443, 591, 593, 592, 454, 480, 226, 453, 595, 452, 227, 358, 442, 601, 356, 458, 484, 582, 583, 589, 357, 586, 590, 364, 455, 594, 600, 368, 608, 609, 365, 460, 485, 369, 612, 613, 620, 621, 323, 462, 616, 617, 618, 619, 622, 627, 623, 624, 625, 626, 628, 629, 375, 636, 637, 630, 631, 632, 633, 634, 635, 638, 639, 640, 641, 469, 642]
  列生成求解结果: 目标值=8.0000， 下界=8.0000， 上界=10.0000
    非整数变量: COL_11-20-4-7-9_2604 = 0.333333
  解不是整数，开始分支...
ImposedVertex(vertex=26)
ForbidVertex(vertex=26)
  创建了 2 个分支
    添加分支节点 1: ID=646
    添加分支节点 2: ID=647
  进度: 已处理 420 个节点, 剩余 171 个, 当前最优 10.0000, 当前列数: 2708

处理节点 643
  开始列生成求解...
Set parameter LogToConsole to value 0
Set parameter Threads to value 1
Set parameter Seed to value 0
  定价策略: Exact, node=643, vertices=11
Set parameter PoolSearchMode to value 2
Set parameter PoolSolutions to value 10
[CG 1] RMP=341.333333, pricing=ExactPricingSolver, new_columns=10
[CG 2] RMP=11.000000, pricing=ExactPricingSolver, new_columns=0
  搜索路径: [1, 2, 4, 5, 3, 8, 11, 14, 15, 16, 17, 19, 23, 24, 25, 27, 26, 30, 36, 37, 21, 22, 18, 33, 20, 31, 32, 53, 52, 54, 55, 57, 56, 10, 66, 67, 70, 71, 74, 75, 9, 80, 81, 84, 86, 87, 85, 92, 93, 43, 42, 12, 102, 103, 13, 108, 109, 49, 48, 114, 115, 116, 122, 123, 117, 118, 119, 62, 63, 106, 107, 99, 61, 60, 41, 98, 40, 138, 147, 148, 149, 139, 146, 162, 163, 166, 167, 168, 169, 170, 171, 143, 140, 112, 113, 184, 185, 150, 182, 183, 156, 157, 194, 195, 151, 202, 203, 204, 205, 208, 209, 214, 215, 136, 206, 207, 220, 221, 222, 223, 141, 137, 142, 197, 240, 241, 242, 243, 244, 245, 196, 90, 91, 78, 260, 261, 262, 263, 268, 269, 258, 274, 275, 259, 97, 96, 79, 266, 285, 282, 280, 284, 288, 289, 292, 293, 287, 281, 302, 303, 304, 305, 306, 312, 313, 307, 308, 309, 318, 319, 267, 283, 286, 326, 327, 328, 329, 330, 331, 334, 335, 336, 337, 340, 341, 300, 301, 339, 348, 349, 338, 172, 173, 352, 192, 193, 353, 344, 362, 363, 190, 145, 345, 144, 191, 295, 294, 265, 264, 382, 383, 384, 385, 332, 333, 325, 324, 160, 180, 181, 161, 350, 351, 343, 342, 188, 135, 397, 213, 410, 412, 413, 411, 212, 311, 299, 230, 291, 231, 290, 255, 254, 310, 130, 131, 428, 429, 440, 441, 433, 446, 447, 434, 435, 432, 403, 418, 419, 298, 189, 388, 470, 471, 402, 389, 396, 390, 391, 134, 165, 164, 486, 487, 490, 491, 492, 493, 498, 499, 500, 501, 387, 472, 473, 271, 270, 514, 515, 518, 519, 516, 517, 386, 502, 503, 219, 218, 322, 316, 409, 524, 279, 423, 200, 201, 179, 415, 427, 525, 531, 535, 534, 542, 543, 178, 278, 548, 549, 521, 552, 553, 554, 555, 558, 563, 564, 565, 559, 562, 568, 569, 530, 571, 359, 570, 520, 317, 176, 177, 574, 575, 512, 580, 422, 124, 494, 584, 581, 426, 587, 588, 393, 248, 443, 591, 593, 592, 454, 480, 226, 453, 595, 452, 227, 358, 442, 601, 356, 458, 484, 582, 583, 589, 357, 586, 590, 364, 455, 594, 600, 368, 608, 609, 365, 460, 485, 369, 612, 613, 620, 621, 323, 462, 616, 617, 618, 619, 622, 627, 623, 624, 625, 626, 628, 629, 375, 636, 637, 630, 631, 632, 633, 634, 635, 638, 639, 640, 641, 469, 642, 643]
  列生成求解结果: 目标值=11.0000， 下界=8.0000， 上界=10.0000

处理节点 644
  开始列生成求解...
Set parameter LogToConsole to value 0
Set parameter Threads to value 1
Set parameter Seed to value 0
  定价策略: Exact, node=644, vertices=16
Set parameter PoolSearchMode to value 2
Set parameter PoolSolutions to value 10
[CG 1] RMP=14.000000, pricing=ExactPricingSolver, new_columns=10
[CG 2] RMP=12.000000, pricing=ExactPricingSolver, new_columns=10
[CG 3] RMP=10.000000, pricing=ExactPricingSolver, new_columns=0
  搜索路径: [1, 2, 4, 5, 3, 8, 11, 14, 15, 16, 17, 19, 23, 24, 25, 27, 26, 30, 36, 37, 21, 22, 18, 33, 20, 31, 32, 53, 52, 54, 55, 57, 56, 10, 66, 67, 70, 71, 74, 75, 9, 80, 81, 84, 86, 87, 85, 92, 93, 43, 42, 12, 102, 103, 13, 108, 109, 49, 48, 114, 115, 116, 122, 123, 117, 118, 119, 62, 63, 106, 107, 99, 61, 60, 41, 98, 40, 138, 147, 148, 149, 139, 146, 162, 163, 166, 167, 168, 169, 170, 171, 143, 140, 112, 113, 184, 185, 150, 182, 183, 156, 157, 194, 195, 151, 202, 203, 204, 205, 208, 209, 214, 215, 136, 206, 207, 220, 221, 222, 223, 141, 137, 142, 197, 240, 241, 242, 243, 244, 245, 196, 90, 91, 78, 260, 261, 262, 263, 268, 269, 258, 274, 275, 259, 97, 96, 79, 266, 285, 282, 280, 284, 288, 289, 292, 293, 287, 281, 302, 303, 304, 305, 306, 312, 313, 307, 308, 309, 318, 319, 267, 283, 286, 326, 327, 328, 329, 330, 331, 334, 335, 336, 337, 340, 341, 300, 301, 339, 348, 349, 338, 172, 173, 352, 192, 193, 353, 344, 362, 363, 190, 145, 345, 144, 191, 295, 294, 265, 264, 382, 383, 384, 385, 332, 333, 325, 324, 160, 180, 181, 161, 350, 351, 343, 342, 188, 135, 397, 213, 410, 412, 413, 411, 212, 311, 299, 230, 291, 231, 290, 255, 254, 310, 130, 131, 428, 429, 440, 441, 433, 446, 447, 434, 435, 432, 403, 418, 419, 298, 189, 388, 470, 471, 402, 389, 396, 390, 391, 134, 165, 164, 486, 487, 490, 491, 492, 493, 498, 499, 500, 501, 387, 472, 473, 271, 270, 514, 515, 518, 519, 516, 517, 386, 502, 503, 219, 218, 322, 316, 409, 524, 279, 423, 200, 201, 179, 415, 427, 525, 531, 535, 534, 542, 543, 178, 278, 548, 549, 521, 552, 553, 554, 555, 558, 563, 564, 565, 559, 562, 568, 569, 530, 571, 359, 570, 520, 317, 176, 177, 574, 575, 512, 580, 422, 124, 494, 584, 581, 426, 587, 588, 393, 248, 443, 591, 593, 592, 454, 480, 226, 453, 595, 452, 227, 358, 442, 601, 356, 458, 484, 582, 583, 589, 357, 586, 590, 364, 455, 594, 600, 368, 608, 609, 365, 460, 485, 369, 612, 613, 620, 621, 323, 462, 616, 617, 618, 619, 622, 627, 623, 624, 625, 626, 628, 629, 375, 636, 637, 630, 631, 632, 633, 634, 635, 638, 639, 640, 641, 469, 642, 643, 644]
  列生成求解结果: 目标值=10.0000， 下界=8.0000， 上界=10.0000

处理节点 645
  开始列生成求解...
Set parameter LogToConsole to value 0
Set parameter Threads to value 1
Set parameter Seed to value 0
  定价策略: Exact, node=645, vertices=16
Set parameter PoolSearchMode to value 2
Set parameter PoolSolutions to value 10
[CG 1] RMP=9.000000, pricing=ExactPricingSolver, new_columns=0
  搜索路径: [1, 2, 4, 5, 3, 8, 11, 14, 15, 16, 17, 19, 23, 24, 25, 27, 26, 30, 36, 37, 21, 22, 18, 33, 20, 31, 32, 53, 52, 54, 55, 57, 56, 10, 66, 67, 70, 71, 74, 75, 9, 80, 81, 84, 86, 87, 85, 92, 93, 43, 42, 12, 102, 103, 13, 108, 109, 49, 48, 114, 115, 116, 122, 123, 117, 118, 119, 62, 63, 106, 107, 99, 61, 60, 41, 98, 40, 138, 147, 148, 149, 139, 146, 162, 163, 166, 167, 168, 169, 170, 171, 143, 140, 112, 113, 184, 185, 150, 182, 183, 156, 157, 194, 195, 151, 202, 203, 204, 205, 208, 209, 214, 215, 136, 206, 207, 220, 221, 222, 223, 141, 137, 142, 197, 240, 241, 242, 243, 244, 245, 196, 90, 91, 78, 260, 261, 262, 263, 268, 269, 258, 274, 275, 259, 97, 96, 79, 266, 285, 282, 280, 284, 288, 289, 292, 293, 287, 281, 302, 303, 304, 305, 306, 312, 313, 307, 308, 309, 318, 319, 267, 283, 286, 326, 327, 328, 329, 330, 331, 334, 335, 336, 337, 340, 341, 300, 301, 339, 348, 349, 338, 172, 173, 352, 192, 193, 353, 344, 362, 363, 190, 145, 345, 144, 191, 295, 294, 265, 264, 382, 383, 384, 385, 332, 333, 325, 324, 160, 180, 181, 161, 350, 351, 343, 342, 188, 135, 397, 213, 410, 412, 413, 411, 212, 311, 299, 230, 291, 231, 290, 255, 254, 310, 130, 131, 428, 429, 440, 441, 433, 446, 447, 434, 435, 432, 403, 418, 419, 298, 189, 388, 470, 471, 402, 389, 396, 390, 391, 134, 165, 164, 486, 487, 490, 491, 492, 493, 498, 499, 500, 501, 387, 472, 473, 271, 270, 514, 515, 518, 519, 516, 517, 386, 502, 503, 219, 218, 322, 316, 409, 524, 279, 423, 200, 201, 179, 415, 427, 525, 531, 535, 534, 542, 543, 178, 278, 548, 549, 521, 552, 553, 554, 555, 558, 563, 564, 565, 559, 562, 568, 569, 530, 571, 359, 570, 520, 317, 176, 177, 574, 575, 512, 580, 422, 124, 494, 584, 581, 426, 587, 588, 393, 248, 443, 591, 593, 592, 454, 480, 226, 453, 595, 452, 227, 358, 442, 601, 356, 458, 484, 582, 583, 589, 357, 586, 590, 364, 455, 594, 600, 368, 608, 609, 365, 460, 485, 369, 612, 613, 620, 621, 323, 462, 616, 617, 618, 619, 622, 627, 623, 624, 625, 626, 628, 629, 375, 636, 637, 630, 631, 632, 633, 634, 635, 638, 639, 640, 641, 469, 642, 643, 644, 645]
  列生成求解结果: 目标值=9.0000， 下界=8.0000， 上界=10.0000
    非整数变量: COL_0-12-18-25-28-4-7_132 = 0.642857
  解不是整数，开始分支...
ImposedVertex(vertex=28)
ForbidVertex(vertex=28)
  创建了 2 个分支
    添加分支节点 1: ID=648
    添加分支节点 2: ID=649

处理节点 646
  开始列生成求解...
Set parameter LogToConsole to value 0
Set parameter Threads to value 1
Set parameter Seed to value 0
  定价策略: Exact, node=646, vertices=10
Set parameter PoolSearchMode to value 2
Set parameter PoolSolutions to value 10
[CG 1] RMP=10.000000, pricing=ExactPricingSolver, new_columns=0
  搜索路径: [1, 2, 4, 5, 3, 8, 11, 14, 15, 16, 17, 19, 23, 24, 25, 27, 26, 30, 36, 37, 21, 22, 18, 33, 20, 31, 32, 53, 52, 54, 55, 57, 56, 10, 66, 67, 70, 71, 74, 75, 9, 80, 81, 84, 86, 87, 85, 92, 93, 43, 42, 12, 102, 103, 13, 108, 109, 49, 48, 114, 115, 116, 122, 123, 117, 118, 119, 62, 63, 106, 107, 99, 61, 60, 41, 98, 40, 138, 147, 148, 149, 139, 146, 162, 163, 166, 167, 168, 169, 170, 171, 143, 140, 112, 113, 184, 185, 150, 182, 183, 156, 157, 194, 195, 151, 202, 203, 204, 205, 208, 209, 214, 215, 136, 206, 207, 220, 221, 222, 223, 141, 137, 142, 197, 240, 241, 242, 243, 244, 245, 196, 90, 91, 78, 260, 261, 262, 263, 268, 269, 258, 274, 275, 259, 97, 96, 79, 266, 285, 282, 280, 284, 288, 289, 292, 293, 287, 281, 302, 303, 304, 305, 306, 312, 313, 307, 308, 309, 318, 319, 267, 283, 286, 326, 327, 328, 329, 330, 331, 334, 335, 336, 337, 340, 341, 300, 301, 339, 348, 349, 338, 172, 173, 352, 192, 193, 353, 344, 362, 363, 190, 145, 345, 144, 191, 295, 294, 265, 264, 382, 383, 384, 385, 332, 333, 325, 324, 160, 180, 181, 161, 350, 351, 343, 342, 188, 135, 397, 213, 410, 412, 413, 411, 212, 311, 299, 230, 291, 231, 290, 255, 254, 310, 130, 131, 428, 429, 440, 441, 433, 446, 447, 434, 435, 432, 403, 418, 419, 298, 189, 388, 470, 471, 402, 389, 396, 390, 391, 134, 165, 164, 486, 487, 490, 491, 492, 493, 498, 499, 500, 501, 387, 472, 473, 271, 270, 514, 515, 518, 519, 516, 517, 386, 502, 503, 219, 218, 322, 316, 409, 524, 279, 423, 200, 201, 179, 415, 427, 525, 531, 535, 534, 542, 543, 178, 278, 548, 549, 521, 552, 553, 554, 555, 558, 563, 564, 565, 559, 562, 568, 569, 530, 571, 359, 570, 520, 317, 176, 177, 574, 575, 512, 580, 422, 124, 494, 584, 581, 426, 587, 588, 393, 248, 443, 591, 593, 592, 454, 480, 226, 453, 595, 452, 227, 358, 442, 601, 356, 458, 484, 582, 583, 589, 357, 586, 590, 364, 455, 594, 600, 368, 608, 609, 365, 460, 485, 369, 612, 613, 620, 621, 323, 462, 616, 617, 618, 619, 622, 627, 623, 624, 625, 626, 628, 629, 375, 636, 637, 630, 631, 632, 633, 634, 635, 638, 639, 640, 641, 469, 642, 643, 644, 645, 646]
  列生成求解结果: 目标值=10.0000， 下界=8.0000， 上界=10.0000

处理节点 647
  开始列生成求解...
Set parameter LogToConsole to value 0
Set parameter Threads to value 1
Set parameter Seed to value 0
  定价策略: Exact, node=647, vertices=10
Set parameter PoolSearchMode to value 2
Set parameter PoolSolutions to value 10
[CG 1] RMP=12.000000, pricing=ExactPricingSolver, new_columns=0
  搜索路径: [1, 2, 4, 5, 3, 8, 11, 14, 15, 16, 17, 19, 23, 24, 25, 27, 26, 30, 36, 37, 21, 22, 18, 33, 20, 31, 32, 53, 52, 54, 55, 57, 56, 10, 66, 67, 70, 71, 74, 75, 9, 80, 81, 84, 86, 87, 85, 92, 93, 43, 42, 12, 102, 103, 13, 108, 109, 49, 48, 114, 115, 116, 122, 123, 117, 118, 119, 62, 63, 106, 107, 99, 61, 60, 41, 98, 40, 138, 147, 148, 149, 139, 146, 162, 163, 166, 167, 168, 169, 170, 171, 143, 140, 112, 113, 184, 185, 150, 182, 183, 156, 157, 194, 195, 151, 202, 203, 204, 205, 208, 209, 214, 215, 136, 206, 207, 220, 221, 222, 223, 141, 137, 142, 197, 240, 241, 242, 243, 244, 245, 196, 90, 91, 78, 260, 261, 262, 263, 268, 269, 258, 274, 275, 259, 97, 96, 79, 266, 285, 282, 280, 284, 288, 289, 292, 293, 287, 281, 302, 303, 304, 305, 306, 312, 313, 307, 308, 309, 318, 319, 267, 283, 286, 326, 327, 328, 329, 330, 331, 334, 335, 336, 337, 340, 341, 300, 301, 339, 348, 349, 338, 172, 173, 352, 192, 193, 353, 344, 362, 363, 190, 145, 345, 144, 191, 295, 294, 265, 264, 382, 383, 384, 385, 332, 333, 325, 324, 160, 180, 181, 161, 350, 351, 343, 342, 188, 135, 397, 213, 410, 412, 413, 411, 212, 311, 299, 230, 291, 231, 290, 255, 254, 310, 130, 131, 428, 429, 440, 441, 433, 446, 447, 434, 435, 432, 403, 418, 419, 298, 189, 388, 470, 471, 402, 389, 396, 390, 391, 134, 165, 164, 486, 487, 490, 491, 492, 493, 498, 499, 500, 501, 387, 472, 473, 271, 270, 514, 515, 518, 519, 516, 517, 386, 502, 503, 219, 218, 322, 316, 409, 524, 279, 423, 200, 201, 179, 415, 427, 525, 531, 535, 534, 542, 543, 178, 278, 548, 549, 521, 552, 553, 554, 555, 558, 563, 564, 565, 559, 562, 568, 569, 530, 571, 359, 570, 520, 317, 176, 177, 574, 575, 512, 580, 422, 124, 494, 584, 581, 426, 587, 588, 393, 248, 443, 591, 593, 592, 454, 480, 226, 453, 595, 452, 227, 358, 442, 601, 356, 458, 484, 582, 583, 589, 357, 586, 590, 364, 455, 594, 600, 368, 608, 609, 365, 460, 485, 369, 612, 613, 620, 621, 323, 462, 616, 617, 618, 619, 622, 627, 623, 624, 625, 626, 628, 629, 375, 636, 637, 630, 631, 632, 633, 634, 635, 638, 639, 640, 641, 469, 642, 643, 644, 645, 646, 647]
  列生成求解结果: 目标值=12.0000， 下界=8.0000， 上界=10.0000

处理节点 459
  开始列生成求解...
Set parameter LogToConsole to value 0
Set parameter Threads to value 1
Set parameter Seed to value 0
  定价策略: Exact, node=459, vertices=13
Set parameter PoolSearchMode to value 2
Set parameter PoolSolutions to value 10
[CG 1] RMP=12.000000, pricing=ExactPricingSolver, new_columns=0
  搜索路径: [1, 2, 4, 5, 3, 8, 11, 14, 15, 16, 17, 19, 23, 24, 25, 27, 26, 30, 36, 37, 21, 22, 18, 33, 20, 31, 32, 53, 52, 54, 55, 57, 56, 10, 66, 67, 70, 71, 74, 75, 9, 80, 81, 84, 86, 87, 85, 92, 93, 43, 42, 12, 102, 103, 13, 108, 109, 49, 48, 114, 115, 116, 122, 123, 117, 118, 119, 62, 63, 106, 107, 99, 61, 60, 41, 98, 40, 138, 147, 148, 149, 139, 146, 162, 163, 166, 167, 168, 169, 170, 171, 143, 140, 112, 113, 184, 185, 150, 182, 183, 156, 157, 194, 195, 151, 202, 203, 204, 205, 208, 209, 214, 215, 136, 206, 207, 220, 221, 222, 223, 141, 137, 142, 197, 240, 241, 242, 243, 244, 245, 196, 90, 91, 78, 260, 261, 262, 263, 268, 269, 258, 274, 275, 259, 97, 96, 79, 266, 285, 282, 280, 284, 288, 289, 292, 293, 287, 281, 302, 303, 304, 305, 306, 312, 313, 307, 308, 309, 318, 319, 267, 283, 286, 326, 327, 328, 329, 330, 331, 334, 335, 336, 337, 340, 341, 300, 301, 339, 348, 349, 338, 172, 173, 352, 192, 193, 353, 344, 362, 363, 190, 145, 345, 144, 191, 295, 294, 265, 264, 382, 383, 384, 385, 332, 333, 325, 324, 160, 180, 181, 161, 350, 351, 343, 342, 188, 135, 397, 213, 410, 412, 413, 411, 212, 311, 299, 230, 291, 231, 290, 255, 254, 310, 130, 131, 428, 429, 440, 441, 433, 446, 447, 434, 435, 432, 403, 418, 419, 298, 189, 388, 470, 471, 402, 389, 396, 390, 391, 134, 165, 164, 486, 487, 490, 491, 492, 493, 498, 499, 500, 501, 387, 472, 473, 271, 270, 514, 515, 518, 519, 516, 517, 386, 502, 503, 219, 218, 322, 316, 409, 524, 279, 423, 200, 201, 179, 415, 427, 525, 531, 535, 534, 542, 543, 178, 278, 548, 549, 521, 552, 553, 554, 555, 558, 563, 564, 565, 559, 562, 568, 569, 530, 571, 359, 570, 520, 317, 176, 177, 574, 575, 512, 580, 422, 124, 494, 584, 581, 426, 587, 588, 393, 248, 443, 591, 593, 592, 454, 480, 226, 453, 595, 452, 227, 358, 442, 601, 356, 458, 484, 582, 583, 589, 357, 586, 590, 364, 455, 594, 600, 368, 608, 609, 365, 460, 485, 369, 612, 613, 620, 621, 323, 462, 616, 617, 618, 619, 622, 627, 623, 624, 625, 626, 628, 629, 375, 636, 637, 630, 631, 632, 633, 634, 635, 638, 639, 640, 641, 469, 642, 643, 644, 645, 646, 647, 459]
  列生成求解结果: 目标值=12.0000， 下界=8.0000， 上界=10.0000

处理节点 481
  开始列生成求解...
Set parameter LogToConsole to value 0
Set parameter Threads to value 1
Set parameter Seed to value 0
  定价策略: Exact, node=481, vertices=12
Set parameter PoolSearchMode to value 2
Set parameter PoolSolutions to value 10
[CG 1] RMP=2010.000000, pricing=ExactPricingSolver, new_columns=10
[CG 2] RMP=12.000000, pricing=ExactPricingSolver, new_columns=0
  搜索路径: [1, 2, 4, 5, 3, 8, 11, 14, 15, 16, 17, 19, 23, 24, 25, 27, 26, 30, 36, 37, 21, 22, 18, 33, 20, 31, 32, 53, 52, 54, 55, 57, 56, 10, 66, 67, 70, 71, 74, 75, 9, 80, 81, 84, 86, 87, 85, 92, 93, 43, 42, 12, 102, 103, 13, 108, 109, 49, 48, 114, 115, 116, 122, 123, 117, 118, 119, 62, 63, 106, 107, 99, 61, 60, 41, 98, 40, 138, 147, 148, 149, 139, 146, 162, 163, 166, 167, 168, 169, 170, 171, 143, 140, 112, 113, 184, 185, 150, 182, 183, 156, 157, 194, 195, 151, 202, 203, 204, 205, 208, 209, 214, 215, 136, 206, 207, 220, 221, 222, 223, 141, 137, 142, 197, 240, 241, 242, 243, 244, 245, 196, 90, 91, 78, 260, 261, 262, 263, 268, 269, 258, 274, 275, 259, 97, 96, 79, 266, 285, 282, 280, 284, 288, 289, 292, 293, 287, 281, 302, 303, 304, 305, 306, 312, 313, 307, 308, 309, 318, 319, 267, 283, 286, 326, 327, 328, 329, 330, 331, 334, 335, 336, 337, 340, 341, 300, 301, 339, 348, 349, 338, 172, 173, 352, 192, 193, 353, 344, 362, 363, 190, 145, 345, 144, 191, 295, 294, 265, 264, 382, 383, 384, 385, 332, 333, 325, 324, 160, 180, 181, 161, 350, 351, 343, 342, 188, 135, 397, 213, 410, 412, 413, 411, 212, 311, 299, 230, 291, 231, 290, 255, 254, 310, 130, 131, 428, 429, 440, 441, 433, 446, 447, 434, 435, 432, 403, 418, 419, 298, 189, 388, 470, 471, 402, 389, 396, 390, 391, 134, 165, 164, 486, 487, 490, 491, 492, 493, 498, 499, 500, 501, 387, 472, 473, 271, 270, 514, 515, 518, 519, 516, 517, 386, 502, 503, 219, 218, 322, 316, 409, 524, 279, 423, 200, 201, 179, 415, 427, 525, 531, 535, 534, 542, 543, 178, 278, 548, 549, 521, 552, 553, 554, 555, 558, 563, 564, 565, 559, 562, 568, 569, 530, 571, 359, 570, 520, 317, 176, 177, 574, 575, 512, 580, 422, 124, 494, 584, 581, 426, 587, 588, 393, 248, 443, 591, 593, 592, 454, 480, 226, 453, 595, 452, 227, 358, 442, 601, 356, 458, 484, 582, 583, 589, 357, 586, 590, 364, 455, 594, 600, 368, 608, 609, 365, 460, 485, 369, 612, 613, 620, 621, 323, 462, 616, 617, 618, 619, 622, 627, 623, 624, 625, 626, 628, 629, 375, 636, 637, 630, 631, 632, 633, 634, 635, 638, 639, 640, 641, 469, 642, 643, 644, 645, 646, 647, 459, 481]
  列生成求解结果: 目标值=12.0000， 下界=8.0000， 上界=10.0000

处理节点 585
  开始列生成求解...
Set parameter LogToConsole to value 0
Set parameter Threads to value 1
Set parameter Seed to value 0
  定价策略: Exact, node=585, vertices=10
Set parameter PoolSearchMode to value 2
Set parameter PoolSolutions to value 10
[CG 1] RMP=11.000000, pricing=ExactPricingSolver, new_columns=0
  搜索路径: [1, 2, 4, 5, 3, 8, 11, 14, 15, 16, 17, 19, 23, 24, 25, 27, 26, 30, 36, 37, 21, 22, 18, 33, 20, 31, 32, 53, 52, 54, 55, 57, 56, 10, 66, 67, 70, 71, 74, 75, 9, 80, 81, 84, 86, 87, 85, 92, 93, 43, 42, 12, 102, 103, 13, 108, 109, 49, 48, 114, 115, 116, 122, 123, 117, 118, 119, 62, 63, 106, 107, 99, 61, 60, 41, 98, 40, 138, 147, 148, 149, 139, 146, 162, 163, 166, 167, 168, 169, 170, 171, 143, 140, 112, 113, 184, 185, 150, 182, 183, 156, 157, 194, 195, 151, 202, 203, 204, 205, 208, 209, 214, 215, 136, 206, 207, 220, 221, 222, 223, 141, 137, 142, 197, 240, 241, 242, 243, 244, 245, 196, 90, 91, 78, 260, 261, 262, 263, 268, 269, 258, 274, 275, 259, 97, 96, 79, 266, 285, 282, 280, 284, 288, 289, 292, 293, 287, 281, 302, 303, 304, 305, 306, 312, 313, 307, 308, 309, 318, 319, 267, 283, 286, 326, 327, 328, 329, 330, 331, 334, 335, 336, 337, 340, 341, 300, 301, 339, 348, 349, 338, 172, 173, 352, 192, 193, 353, 344, 362, 363, 190, 145, 345, 144, 191, 295, 294, 265, 264, 382, 383, 384, 385, 332, 333, 325, 324, 160, 180, 181, 161, 350, 351, 343, 342, 188, 135, 397, 213, 410, 412, 413, 411, 212, 311, 299, 230, 291, 231, 290, 255, 254, 310, 130, 131, 428, 429, 440, 441, 433, 446, 447, 434, 435, 432, 403, 418, 419, 298, 189, 388, 470, 471, 402, 389, 396, 390, 391, 134, 165, 164, 486, 487, 490, 491, 492, 493, 498, 499, 500, 501, 387, 472, 473, 271, 270, 514, 515, 518, 519, 516, 517, 386, 502, 503, 219, 218, 322, 316, 409, 524, 279, 423, 200, 201, 179, 415, 427, 525, 531, 535, 534, 542, 543, 178, 278, 548, 549, 521, 552, 553, 554, 555, 558, 563, 564, 565, 559, 562, 568, 569, 530, 571, 359, 570, 520, 317, 176, 177, 574, 575, 512, 580, 422, 124, 494, 584, 581, 426, 587, 588, 393, 248, 443, 591, 593, 592, 454, 480, 226, 453, 595, 452, 227, 358, 442, 601, 356, 458, 484, 582, 583, 589, 357, 586, 590, 364, 455, 594, 600, 368, 608, 609, 365, 460, 485, 369, 612, 613, 620, 621, 323, 462, 616, 617, 618, 619, 622, 627, 623, 624, 625, 626, 628, 629, 375, 636, 637, 630, 631, 632, 633, 634, 635, 638, 639, 640, 641, 469, 642, 643, 644, 645, 646, 647, 459, 481, 585]
  列生成求解结果: 目标值=11.0000， 下界=8.0000， 上界=10.0000

处理节点 374
  开始列生成求解...
Set parameter LogToConsole to value 0
Set parameter Threads to value 1
Set parameter Seed to value 0
  定价策略: Exact, node=374, vertices=19
Set parameter PoolSearchMode to value 2
Set parameter PoolSolutions to value 10
[CG 1] RMP=9.000000, pricing=ExactPricingSolver, new_columns=0
  搜索路径: [1, 2, 4, 5, 3, 8, 11, 14, 15, 16, 17, 19, 23, 24, 25, 27, 26, 30, 36, 37, 21, 22, 18, 33, 20, 31, 32, 53, 52, 54, 55, 57, 56, 10, 66, 67, 70, 71, 74, 75, 9, 80, 81, 84, 86, 87, 85, 92, 93, 43, 42, 12, 102, 103, 13, 108, 109, 49, 48, 114, 115, 116, 122, 123, 117, 118, 119, 62, 63, 106, 107, 99, 61, 60, 41, 98, 40, 138, 147, 148, 149, 139, 146, 162, 163, 166, 167, 168, 169, 170, 171, 143, 140, 112, 113, 184, 185, 150, 182, 183, 156, 157, 194, 195, 151, 202, 203, 204, 205, 208, 209, 214, 215, 136, 206, 207, 220, 221, 222, 223, 141, 137, 142, 197, 240, 241, 242, 243, 244, 245, 196, 90, 91, 78, 260, 261, 262, 263, 268, 269, 258, 274, 275, 259, 97, 96, 79, 266, 285, 282, 280, 284, 288, 289, 292, 293, 287, 281, 302, 303, 304, 305, 306, 312, 313, 307, 308, 309, 318, 319, 267, 283, 286, 326, 327, 328, 329, 330, 331, 334, 335, 336, 337, 340, 341, 300, 301, 339, 348, 349, 338, 172, 173, 352, 192, 193, 353, 344, 362, 363, 190, 145, 345, 144, 191, 295, 294, 265, 264, 382, 383, 384, 385, 332, 333, 325, 324, 160, 180, 181, 161, 350, 351, 343, 342, 188, 135, 397, 213, 410, 412, 413, 411, 212, 311, 299, 230, 291, 231, 290, 255, 254, 310, 130, 131, 428, 429, 440, 441, 433, 446, 447, 434, 435, 432, 403, 418, 419, 298, 189, 388, 470, 471, 402, 389, 396, 390, 391, 134, 165, 164, 486, 487, 490, 491, 492, 493, 498, 499, 500, 501, 387, 472, 473, 271, 270, 514, 515, 518, 519, 516, 517, 386, 502, 503, 219, 218, 322, 316, 409, 524, 279, 423, 200, 201, 179, 415, 427, 525, 531, 535, 534, 542, 543, 178, 278, 548, 549, 521, 552, 553, 554, 555, 558, 563, 564, 565, 559, 562, 568, 569, 530, 571, 359, 570, 520, 317, 176, 177, 574, 575, 512, 580, 422, 124, 494, 584, 581, 426, 587, 588, 393, 248, 443, 591, 593, 592, 454, 480, 226, 453, 595, 452, 227, 358, 442, 601, 356, 458, 484, 582, 583, 589, 357, 586, 590, 364, 455, 594, 600, 368, 608, 609, 365, 460, 485, 369, 612, 613, 620, 621, 323, 462, 616, 617, 618, 619, 622, 627, 623, 624, 625, 626, 628, 629, 375, 636, 637, 630, 631, 632, 633, 634, 635, 638, 639, 640, 641, 469, 642, 643, 644, 645, 646, 647, 459, 481, 585, 374]
  列生成求解结果: 目标值=9.0000， 下界=8.0000， 上界=10.0000
    非整数变量: COL_11-15-20-24_19 = 0.625000
  解不是整数，开始分支...
ImposedVertex(vertex=26)
ForbidVertex(vertex=26)
  创建了 2 个分支
    添加分支节点 1: ID=650
    添加分支节点 2: ID=651

处理节点 392
  开始列生成求解...
Set parameter LogToConsole to value 0
Set parameter Threads to value 1
Set parameter Seed to value 0
  定价策略: Exact, node=392, vertices=15
Set parameter PoolSearchMode to value 2
Set parameter PoolSolutions to value 10
[CG 1] RMP=10.000000, pricing=ExactPricingSolver, new_columns=0
  搜索路径: [1, 2, 4, 5, 3, 8, 11, 14, 15, 16, 17, 19, 23, 24, 25, 27, 26, 30, 36, 37, 21, 22, 18, 33, 20, 31, 32, 53, 52, 54, 55, 57, 56, 10, 66, 67, 70, 71, 74, 75, 9, 80, 81, 84, 86, 87, 85, 92, 93, 43, 42, 12, 102, 103, 13, 108, 109, 49, 48, 114, 115, 116, 122, 123, 117, 118, 119, 62, 63, 106, 107, 99, 61, 60, 41, 98, 40, 138, 147, 148, 149, 139, 146, 162, 163, 166, 167, 168, 169, 170, 171, 143, 140, 112, 113, 184, 185, 150, 182, 183, 156, 157, 194, 195, 151, 202, 203, 204, 205, 208, 209, 214, 215, 136, 206, 207, 220, 221, 222, 223, 141, 137, 142, 197, 240, 241, 242, 243, 244, 245, 196, 90, 91, 78, 260, 261, 262, 263, 268, 269, 258, 274, 275, 259, 97, 96, 79, 266, 285, 282, 280, 284, 288, 289, 292, 293, 287, 281, 302, 303, 304, 305, 306, 312, 313, 307, 308, 309, 318, 319, 267, 283, 286, 326, 327, 328, 329, 330, 331, 334, 335, 336, 337, 340, 341, 300, 301, 339, 348, 349, 338, 172, 173, 352, 192, 193, 353, 344, 362, 363, 190, 145, 345, 144, 191, 295, 294, 265, 264, 382, 383, 384, 385, 332, 333, 325, 324, 160, 180, 181, 161, 350, 351, 343, 342, 188, 135, 397, 213, 410, 412, 413, 411, 212, 311, 299, 230, 291, 231, 290, 255, 254, 310, 130, 131, 428, 429, 440, 441, 433, 446, 447, 434, 435, 432, 403, 418, 419, 298, 189, 388, 470, 471, 402, 389, 396, 390, 391, 134, 165, 164, 486, 487, 490, 491, 492, 493, 498, 499, 500, 501, 387, 472, 473, 271, 270, 514, 515, 518, 519, 516, 517, 386, 502, 503, 219, 218, 322, 316, 409, 524, 279, 423, 200, 201, 179, 415, 427, 525, 531, 535, 534, 542, 543, 178, 278, 548, 549, 521, 552, 553, 554, 555, 558, 563, 564, 565, 559, 562, 568, 569, 530, 571, 359, 570, 520, 317, 176, 177, 574, 575, 512, 580, 422, 124, 494, 584, 581, 426, 587, 588, 393, 248, 443, 591, 593, 592, 454, 480, 226, 453, 595, 452, 227, 358, 442, 601, 356, 458, 484, 582, 583, 589, 357, 586, 590, 364, 455, 594, 600, 368, 608, 609, 365, 460, 485, 369, 612, 613, 620, 621, 323, 462, 616, 617, 618, 619, 622, 627, 623, 624, 625, 626, 628, 629, 375, 636, 637, 630, 631, 632, 633, 634, 635, 638, 639, 640, 641, 469, 642, 643, 644, 645, 646, 647, 459, 481, 585, 374, 392]
  列生成求解结果: 目标值=10.0000， 下界=8.0000， 上界=10.0000

处理节点 125
  开始列生成求解...
Set parameter LogToConsole to value 0
Set parameter Threads to value 1
Set parameter Seed to value 0
  定价策略: Exact, node=125, vertices=17
Set parameter PoolSearchMode to value 2
Set parameter PoolSolutions to value 10
[CG 1] RMP=2010.000000, pricing=ExactPricingSolver, new_columns=10
[CG 2] RMP=14.850000, pricing=ExactPricingSolver, new_columns=10
[CG 3] RMP=11.000000, pricing=ExactPricingSolver, new_columns=10
[CG 4] RMP=9.000000, pricing=ExactPricingSolver, new_columns=0
  搜索路径: [1, 2, 4, 5, 3, 8, 11, 14, 15, 16, 17, 19, 23, 24, 25, 27, 26, 30, 36, 37, 21, 22, 18, 33, 20, 31, 32, 53, 52, 54, 55, 57, 56, 10, 66, 67, 70, 71, 74, 75, 9, 80, 81, 84, 86, 87, 85, 92, 93, 43, 42, 12, 102, 103, 13, 108, 109, 49, 48, 114, 115, 116, 122, 123, 117, 118, 119, 62, 63, 106, 107, 99, 61, 60, 41, 98, 40, 138, 147, 148, 149, 139, 146, 162, 163, 166, 167, 168, 169, 170, 171, 143, 140, 112, 113, 184, 185, 150, 182, 183, 156, 157, 194, 195, 151, 202, 203, 204, 205, 208, 209, 214, 215, 136, 206, 207, 220, 221, 222, 223, 141, 137, 142, 197, 240, 241, 242, 243, 244, 245, 196, 90, 91, 78, 260, 261, 262, 263, 268, 269, 258, 274, 275, 259, 97, 96, 79, 266, 285, 282, 280, 284, 288, 289, 292, 293, 287, 281, 302, 303, 304, 305, 306, 312, 313, 307, 308, 309, 318, 319, 267, 283, 286, 326, 327, 328, 329, 330, 331, 334, 335, 336, 337, 340, 341, 300, 301, 339, 348, 349, 338, 172, 173, 352, 192, 193, 353, 344, 362, 363, 190, 145, 345, 144, 191, 295, 294, 265, 264, 382, 383, 384, 385, 332, 333, 325, 324, 160, 180, 181, 161, 350, 351, 343, 342, 188, 135, 397, 213, 410, 412, 413, 411, 212, 311, 299, 230, 291, 231, 290, 255, 254, 310, 130, 131, 428, 429, 440, 441, 433, 446, 447, 434, 435, 432, 403, 418, 419, 298, 189, 388, 470, 471, 402, 389, 396, 390, 391, 134, 165, 164, 486, 487, 490, 491, 492, 493, 498, 499, 500, 501, 387, 472, 473, 271, 270, 514, 515, 518, 519, 516, 517, 386, 502, 503, 219, 218, 322, 316, 409, 524, 279, 423, 200, 201, 179, 415, 427, 525, 531, 535, 534, 542, 543, 178, 278, 548, 549, 521, 552, 553, 554, 555, 558, 563, 564, 565, 559, 562, 568, 569, 530, 571, 359, 570, 520, 317, 176, 177, 574, 575, 512, 580, 422, 124, 494, 584, 581, 426, 587, 588, 393, 248, 443, 591, 593, 592, 454, 480, 226, 453, 595, 452, 227, 358, 442, 601, 356, 458, 484, 582, 583, 589, 357, 586, 590, 364, 455, 594, 600, 368, 608, 609, 365, 460, 485, 369, 612, 613, 620, 621, 323, 462, 616, 617, 618, 619, 622, 627, 623, 624, 625, 626, 628, 629, 375, 636, 637, 630, 631, 632, 633, 634, 635, 638, 639, 640, 641, 469, 642, 643, 644, 645, 646, 647, 459, 481, 585, 374, 392, 125]
  列生成求解结果: 目标值=9.0000， 下界=8.0000， 上界=10.0000
    非整数变量: COL_1-16-20-24-9_208 = 0.562500
  解不是整数，开始分支...
ImposedVertex(vertex=11)
ForbidVertex(vertex=11)
  创建了 2 个分支
    添加分支节点 1: ID=652
    添加分支节点 2: ID=653

处理节点 249
  开始列生成求解...
Set parameter LogToConsole to value 0
Set parameter Threads to value 1
Set parameter Seed to value 0
  定价策略: Exact, node=249, vertices=12
Set parameter PoolSearchMode to value 2
Set parameter PoolSolutions to value 10
[CG 1] RMP=10.000000, pricing=ExactPricingSolver, new_columns=0
  搜索路径: [1, 2, 4, 5, 3, 8, 11, 14, 15, 16, 17, 19, 23, 24, 25, 27, 26, 30, 36, 37, 21, 22, 18, 33, 20, 31, 32, 53, 52, 54, 55, 57, 56, 10, 66, 67, 70, 71, 74, 75, 9, 80, 81, 84, 86, 87, 85, 92, 93, 43, 42, 12, 102, 103, 13, 108, 109, 49, 48, 114, 115, 116, 122, 123, 117, 118, 119, 62, 63, 106, 107, 99, 61, 60, 41, 98, 40, 138, 147, 148, 149, 139, 146, 162, 163, 166, 167, 168, 169, 170, 171, 143, 140, 112, 113, 184, 185, 150, 182, 183, 156, 157, 194, 195, 151, 202, 203, 204, 205, 208, 209, 214, 215, 136, 206, 207, 220, 221, 222, 223, 141, 137, 142, 197, 240, 241, 242, 243, 244, 245, 196, 90, 91, 78, 260, 261, 262, 263, 268, 269, 258, 274, 275, 259, 97, 96, 79, 266, 285, 282, 280, 284, 288, 289, 292, 293, 287, 281, 302, 303, 304, 305, 306, 312, 313, 307, 308, 309, 318, 319, 267, 283, 286, 326, 327, 328, 329, 330, 331, 334, 335, 336, 337, 340, 341, 300, 301, 339, 348, 349, 338, 172, 173, 352, 192, 193, 353, 344, 362, 363, 190, 145, 345, 144, 191, 295, 294, 265, 264, 382, 383, 384, 385, 332, 333, 325, 324, 160, 180, 181, 161, 350, 351, 343, 342, 188, 135, 397, 213, 410, 412, 413, 411, 212, 311, 299, 230, 291, 231, 290, 255, 254, 310, 130, 131, 428, 429, 440, 441, 433, 446, 447, 434, 435, 432, 403, 418, 419, 298, 189, 388, 470, 471, 402, 389, 396, 390, 391, 134, 165, 164, 486, 487, 490, 491, 492, 493, 498, 499, 500, 501, 387, 472, 473, 271, 270, 514, 515, 518, 519, 516, 517, 386, 502, 503, 219, 218, 322, 316, 409, 524, 279, 423, 200, 201, 179, 415, 427, 525, 531, 535, 534, 542, 543, 178, 278, 548, 549, 521, 552, 553, 554, 555, 558, 563, 564, 565, 559, 562, 568, 569, 530, 571, 359, 570, 520, 317, 176, 177, 574, 575, 512, 580, 422, 124, 494, 584, 581, 426, 587, 588, 393, 248, 443, 591, 593, 592, 454, 480, 226, 453, 595, 452, 227, 358, 442, 601, 356, 458, 484, 582, 583, 589, 357, 586, 590, 364, 455, 594, 600, 368, 608, 609, 365, 460, 485, 369, 612, 613, 620, 621, 323, 462, 616, 617, 618, 619, 622, 627, 623, 624, 625, 626, 628, 629, 375, 636, 637, 630, 631, 632, 633, 634, 635, 638, 639, 640, 641, 469, 642, 643, 644, 645, 646, 647, 459, 481, 585, 374, 392, 125, 249]
  列生成求解结果: 目标值=10.0000， 下界=8.0000， 上界=10.0000

处理节点 461
  开始列生成求解...
Set parameter LogToConsole to value 0
Set parameter Threads to value 1
Set parameter Seed to value 0
  定价策略: Exact, node=461, vertices=13
Set parameter PoolSearchMode to value 2
Set parameter PoolSolutions to value 10
[CG 1] RMP=12.000000, pricing=ExactPricingSolver, new_columns=0
  搜索路径: [1, 2, 4, 5, 3, 8, 11, 14, 15, 16, 17, 19, 23, 24, 25, 27, 26, 30, 36, 37, 21, 22, 18, 33, 20, 31, 32, 53, 52, 54, 55, 57, 56, 10, 66, 67, 70, 71, 74, 75, 9, 80, 81, 84, 86, 87, 85, 92, 93, 43, 42, 12, 102, 103, 13, 108, 109, 49, 48, 114, 115, 116, 122, 123, 117, 118, 119, 62, 63, 106, 107, 99, 61, 60, 41, 98, 40, 138, 147, 148, 149, 139, 146, 162, 163, 166, 167, 168, 169, 170, 171, 143, 140, 112, 113, 184, 185, 150, 182, 183, 156, 157, 194, 195, 151, 202, 203, 204, 205, 208, 209, 214, 215, 136, 206, 207, 220, 221, 222, 223, 141, 137, 142, 197, 240, 241, 242, 243, 244, 245, 196, 90, 91, 78, 260, 261, 262, 263, 268, 269, 258, 274, 275, 259, 97, 96, 79, 266, 285, 282, 280, 284, 288, 289, 292, 293, 287, 281, 302, 303, 304, 305, 306, 312, 313, 307, 308, 309, 318, 319, 267, 283, 286, 326, 327, 328, 329, 330, 331, 334, 335, 336, 337, 340, 341, 300, 301, 339, 348, 349, 338, 172, 173, 352, 192, 193, 353, 344, 362, 363, 190, 145, 345, 144, 191, 295, 294, 265, 264, 382, 383, 384, 385, 332, 333, 325, 324, 160, 180, 181, 161, 350, 351, 343, 342, 188, 135, 397, 213, 410, 412, 413, 411, 212, 311, 299, 230, 291, 231, 290, 255, 254, 310, 130, 131, 428, 429, 440, 441, 433, 446, 447, 434, 435, 432, 403, 418, 419, 298, 189, 388, 470, 471, 402, 389, 396, 390, 391, 134, 165, 164, 486, 487, 490, 491, 492, 493, 498, 499, 500, 501, 387, 472, 473, 271, 270, 514, 515, 518, 519, 516, 517, 386, 502, 503, 219, 218, 322, 316, 409, 524, 279, 423, 200, 201, 179, 415, 427, 525, 531, 535, 534, 542, 543, 178, 278, 548, 549, 521, 552, 553, 554, 555, 558, 563, 564, 565, 559, 562, 568, 569, 530, 571, 359, 570, 520, 317, 176, 177, 574, 575, 512, 580, 422, 124, 494, 584, 581, 426, 587, 588, 393, 248, 443, 591, 593, 592, 454, 480, 226, 453, 595, 452, 227, 358, 442, 601, 356, 458, 484, 582, 583, 589, 357, 586, 590, 364, 455, 594, 600, 368, 608, 609, 365, 460, 485, 369, 612, 613, 620, 621, 323, 462, 616, 617, 618, 619, 622, 627, 623, 624, 625, 626, 628, 629, 375, 636, 637, 630, 631, 632, 633, 634, 635, 638, 639, 640, 641, 469, 642, 643, 644, 645, 646, 647, 459, 481, 585, 374, 392, 125, 249, 461]
  列生成求解结果: 目标值=12.0000， 下界=8.0000， 上界=10.0000

处理节点 468
  开始列生成求解...
Set parameter LogToConsole to value 0
Set parameter Threads to value 1
Set parameter Seed to value 0
  定价策略: Exact, node=468, vertices=17
Set parameter PoolSearchMode to value 2
Set parameter PoolSolutions to value 10
[CG 1] RMP=14.000000, pricing=ExactPricingSolver, new_columns=10
[CG 2] RMP=11.000000, pricing=ExactPricingSolver, new_columns=0
  搜索路径: [1, 2, 4, 5, 3, 8, 11, 14, 15, 16, 17, 19, 23, 24, 25, 27, 26, 30, 36, 37, 21, 22, 18, 33, 20, 31, 32, 53, 52, 54, 55, 57, 56, 10, 66, 67, 70, 71, 74, 75, 9, 80, 81, 84, 86, 87, 85, 92, 93, 43, 42, 12, 102, 103, 13, 108, 109, 49, 48, 114, 115, 116, 122, 123, 117, 118, 119, 62, 63, 106, 107, 99, 61, 60, 41, 98, 40, 138, 147, 148, 149, 139, 146, 162, 163, 166, 167, 168, 169, 170, 171, 143, 140, 112, 113, 184, 185, 150, 182, 183, 156, 157, 194, 195, 151, 202, 203, 204, 205, 208, 209, 214, 215, 136, 206, 207, 220, 221, 222, 223, 141, 137, 142, 197, 240, 241, 242, 243, 244, 245, 196, 90, 91, 78, 260, 261, 262, 263, 268, 269, 258, 274, 275, 259, 97, 96, 79, 266, 285, 282, 280, 284, 288, 289, 292, 293, 287, 281, 302, 303, 304, 305, 306, 312, 313, 307, 308, 309, 318, 319, 267, 283, 286, 326, 327, 328, 329, 330, 331, 334, 335, 336, 337, 340, 341, 300, 301, 339, 348, 349, 338, 172, 173, 352, 192, 193, 353, 344, 362, 363, 190, 145, 345, 144, 191, 295, 294, 265, 264, 382, 383, 384, 385, 332, 333, 325, 324, 160, 180, 181, 161, 350, 351, 343, 342, 188, 135, 397, 213, 410, 412, 413, 411, 212, 311, 299, 230, 291, 231, 290, 255, 254, 310, 130, 131, 428, 429, 440, 441, 433, 446, 447, 434, 435, 432, 403, 418, 419, 298, 189, 388, 470, 471, 402, 389, 396, 390, 391, 134, 165, 164, 486, 487, 490, 491, 492, 493, 498, 499, 500, 501, 387, 472, 473, 271, 270, 514, 515, 518, 519, 516, 517, 386, 502, 503, 219, 218, 322, 316, 409, 524, 279, 423, 200, 201, 179, 415, 427, 525, 531, 535, 534, 542, 543, 178, 278, 548, 549, 521, 552, 553, 554, 555, 558, 563, 564, 565, 559, 562, 568, 569, 530, 571, 359, 570, 520, 317, 176, 177, 574, 575, 512, 580, 422, 124, 494, 584, 581, 426, 587, 588, 393, 248, 443, 591, 593, 592, 454, 480, 226, 453, 595, 452, 227, 358, 442, 601, 356, 458, 484, 582, 583, 589, 357, 586, 590, 364, 455, 594, 600, 368, 608, 609, 365, 460, 485, 369, 612, 613, 620, 621, 323, 462, 616, 617, 618, 619, 622, 627, 623, 624, 625, 626, 628, 629, 375, 636, 637, 630, 631, 632, 633, 634, 635, 638, 639, 640, 641, 469, 642, 643, 644, 645, 646, 647, 459, 481, 585, 374, 392, 125, 249, 461, 468]
  列生成求解结果: 目标值=11.0000， 下界=8.0000， 上界=10.0000

处理节点 495
  开始列生成求解...
Set parameter LogToConsole to value 0
Set parameter Threads to value 1
Set parameter Seed to value 0
  定价策略: Exact, node=495, vertices=14
Set parameter PoolSearchMode to value 2
Set parameter PoolSolutions to value 10
[CG 1] RMP=12.000000, pricing=ExactPricingSolver, new_columns=0
  搜索路径: [1, 2, 4, 5, 3, 8, 11, 14, 15, 16, 17, 19, 23, 24, 25, 27, 26, 30, 36, 37, 21, 22, 18, 33, 20, 31, 32, 53, 52, 54, 55, 57, 56, 10, 66, 67, 70, 71, 74, 75, 9, 80, 81, 84, 86, 87, 85, 92, 93, 43, 42, 12, 102, 103, 13, 108, 109, 49, 48, 114, 115, 116, 122, 123, 117, 118, 119, 62, 63, 106, 107, 99, 61, 60, 41, 98, 40, 138, 147, 148, 149, 139, 146, 162, 163, 166, 167, 168, 169, 170, 171, 143, 140, 112, 113, 184, 185, 150, 182, 183, 156, 157, 194, 195, 151, 202, 203, 204, 205, 208, 209, 214, 215, 136, 206, 207, 220, 221, 222, 223, 141, 137, 142, 197, 240, 241, 242, 243, 244, 245, 196, 90, 91, 78, 260, 261, 262, 263, 268, 269, 258, 274, 275, 259, 97, 96, 79, 266, 285, 282, 280, 284, 288, 289, 292, 293, 287, 281, 302, 303, 304, 305, 306, 312, 313, 307, 308, 309, 318, 319, 267, 283, 286, 326, 327, 328, 329, 330, 331, 334, 335, 336, 337, 340, 341, 300, 301, 339, 348, 349, 338, 172, 173, 352, 192, 193, 353, 344, 362, 363, 190, 145, 345, 144, 191, 295, 294, 265, 264, 382, 383, 384, 385, 332, 333, 325, 324, 160, 180, 181, 161, 350, 351, 343, 342, 188, 135, 397, 213, 410, 412, 413, 411, 212, 311, 299, 230, 291, 231, 290, 255, 254, 310, 130, 131, 428, 429, 440, 441, 433, 446, 447, 434, 435, 432, 403, 418, 419, 298, 189, 388, 470, 471, 402, 389, 396, 390, 391, 134, 165, 164, 486, 487, 490, 491, 492, 493, 498, 499, 500, 501, 387, 472, 473, 271, 270, 514, 515, 518, 519, 516, 517, 386, 502, 503, 219, 218, 322, 316, 409, 524, 279, 423, 200, 201, 179, 415, 427, 525, 531, 535, 534, 542, 543, 178, 278, 548, 549, 521, 552, 553, 554, 555, 558, 563, 564, 565, 559, 562, 568, 569, 530, 571, 359, 570, 520, 317, 176, 177, 574, 575, 512, 580, 422, 124, 494, 584, 581, 426, 587, 588, 393, 248, 443, 591, 593, 592, 454, 480, 226, 453, 595, 452, 227, 358, 442, 601, 356, 458, 484, 582, 583, 589, 357, 586, 590, 364, 455, 594, 600, 368, 608, 609, 365, 460, 485, 369, 612, 613, 620, 621, 323, 462, 616, 617, 618, 619, 622, 627, 623, 624, 625, 626, 628, 629, 375, 636, 637, 630, 631, 632, 633, 634, 635, 638, 639, 640, 641, 469, 642, 643, 644, 645, 646, 647, 459, 481, 585, 374, 392, 125, 249, 461, 468, 495]
  列生成求解结果: 目标值=12.0000， 下界=8.0000， 上界=10.0000

处理节点 408
  开始列生成求解...
Set parameter LogToConsole to value 0
Set parameter Threads to value 1
Set parameter Seed to value 0
  定价策略: Exact, node=408, vertices=11
Set parameter PoolSearchMode to value 2
Set parameter PoolSolutions to value 10
[CG 1] RMP=12.000000, pricing=ExactPricingSolver, new_columns=0
  搜索路径: [1, 2, 4, 5, 3, 8, 11, 14, 15, 16, 17, 19, 23, 24, 25, 27, 26, 30, 36, 37, 21, 22, 18, 33, 20, 31, 32, 53, 52, 54, 55, 57, 56, 10, 66, 67, 70, 71, 74, 75, 9, 80, 81, 84, 86, 87, 85, 92, 93, 43, 42, 12, 102, 103, 13, 108, 109, 49, 48, 114, 115, 116, 122, 123, 117, 118, 119, 62, 63, 106, 107, 99, 61, 60, 41, 98, 40, 138, 147, 148, 149, 139, 146, 162, 163, 166, 167, 168, 169, 170, 171, 143, 140, 112, 113, 184, 185, 150, 182, 183, 156, 157, 194, 195, 151, 202, 203, 204, 205, 208, 209, 214, 215, 136, 206, 207, 220, 221, 222, 223, 141, 137, 142, 197, 240, 241, 242, 243, 244, 245, 196, 90, 91, 78, 260, 261, 262, 263, 268, 269, 258, 274, 275, 259, 97, 96, 79, 266, 285, 282, 280, 284, 288, 289, 292, 293, 287, 281, 302, 303, 304, 305, 306, 312, 313, 307, 308, 309, 318, 319, 267, 283, 286, 326, 327, 328, 329, 330, 331, 334, 335, 336, 337, 340, 341, 300, 301, 339, 348, 349, 338, 172, 173, 352, 192, 193, 353, 344, 362, 363, 190, 145, 345, 144, 191, 295, 294, 265, 264, 382, 383, 384, 385, 332, 333, 325, 324, 160, 180, 181, 161, 350, 351, 343, 342, 188, 135, 397, 213, 410, 412, 413, 411, 212, 311, 299, 230, 291, 231, 290, 255, 254, 310, 130, 131, 428, 429, 440, 441, 433, 446, 447, 434, 435, 432, 403, 418, 419, 298, 189, 388, 470, 471, 402, 389, 396, 390, 391, 134, 165, 164, 486, 487, 490, 491, 492, 493, 498, 499, 500, 501, 387, 472, 473, 271, 270, 514, 515, 518, 519, 516, 517, 386, 502, 503, 219, 218, 322, 316, 409, 524, 279, 423, 200, 201, 179, 415, 427, 525, 531, 535, 534, 542, 543, 178, 278, 548, 549, 521, 552, 553, 554, 555, 558, 563, 564, 565, 559, 562, 568, 569, 530, 571, 359, 570, 520, 317, 176, 177, 574, 575, 512, 580, 422, 124, 494, 584, 581, 426, 587, 588, 393, 248, 443, 591, 593, 592, 454, 480, 226, 453, 595, 452, 227, 358, 442, 601, 356, 458, 484, 582, 583, 589, 357, 586, 590, 364, 455, 594, 600, 368, 608, 609, 365, 460, 485, 369, 612, 613, 620, 621, 323, 462, 616, 617, 618, 619, 622, 627, 623, 624, 625, 626, 628, 629, 375, 636, 637, 630, 631, 632, 633, 634, 635, 638, 639, 640, 641, 469, 642, 643, 644, 645, 646, 647, 459, 481, 585, 374, 392, 125, 249, 461, 468, 495, 408]
  列生成求解结果: 目标值=12.0000， 下界=8.0000， 上界=10.0000

处理节点 414
  开始列生成求解...
Set parameter LogToConsole to value 0
Set parameter Threads to value 1
Set parameter Seed to value 0
  定价策略: Exact, node=414, vertices=11
Set parameter PoolSearchMode to value 2
Set parameter PoolSolutions to value 10
[CG 1] RMP=10.000000, pricing=ExactPricingSolver, new_columns=0
  搜索路径: [1, 2, 4, 5, 3, 8, 11, 14, 15, 16, 17, 19, 23, 24, 25, 27, 26, 30, 36, 37, 21, 22, 18, 33, 20, 31, 32, 53, 52, 54, 55, 57, 56, 10, 66, 67, 70, 71, 74, 75, 9, 80, 81, 84, 86, 87, 85, 92, 93, 43, 42, 12, 102, 103, 13, 108, 109, 49, 48, 114, 115, 116, 122, 123, 117, 118, 119, 62, 63, 106, 107, 99, 61, 60, 41, 98, 40, 138, 147, 148, 149, 139, 146, 162, 163, 166, 167, 168, 169, 170, 171, 143, 140, 112, 113, 184, 185, 150, 182, 183, 156, 157, 194, 195, 151, 202, 203, 204, 205, 208, 209, 214, 215, 136, 206, 207, 220, 221, 222, 223, 141, 137, 142, 197, 240, 241, 242, 243, 244, 245, 196, 90, 91, 78, 260, 261, 262, 263, 268, 269, 258, 274, 275, 259, 97, 96, 79, 266, 285, 282, 280, 284, 288, 289, 292, 293, 287, 281, 302, 303, 304, 305, 306, 312, 313, 307, 308, 309, 318, 319, 267, 283, 286, 326, 327, 328, 329, 330, 331, 334, 335, 336, 337, 340, 341, 300, 301, 339, 348, 349, 338, 172, 173, 352, 192, 193, 353, 344, 362, 363, 190, 145, 345, 144, 191, 295, 294, 265, 264, 382, 383, 384, 385, 332, 333, 325, 324, 160, 180, 181, 161, 350, 351, 343, 342, 188, 135, 397, 213, 410, 412, 413, 411, 212, 311, 299, 230, 291, 231, 290, 255, 254, 310, 130, 131, 428, 429, 440, 441, 433, 446, 447, 434, 435, 432, 403, 418, 419, 298, 189, 388, 470, 471, 402, 389, 396, 390, 391, 134, 165, 164, 486, 487, 490, 491, 492, 493, 498, 499, 500, 501, 387, 472, 473, 271, 270, 514, 515, 518, 519, 516, 517, 386, 502, 503, 219, 218, 322, 316, 409, 524, 279, 423, 200, 201, 179, 415, 427, 525, 531, 535, 534, 542, 543, 178, 278, 548, 549, 521, 552, 553, 554, 555, 558, 563, 564, 565, 559, 562, 568, 569, 530, 571, 359, 570, 520, 317, 176, 177, 574, 575, 512, 580, 422, 124, 494, 584, 581, 426, 587, 588, 393, 248, 443, 591, 593, 592, 454, 480, 226, 453, 595, 452, 227, 358, 442, 601, 356, 458, 484, 582, 583, 589, 357, 586, 590, 364, 455, 594, 600, 368, 608, 609, 365, 460, 485, 369, 612, 613, 620, 621, 323, 462, 616, 617, 618, 619, 622, 627, 623, 624, 625, 626, 628, 629, 375, 636, 637, 630, 631, 632, 633, 634, 635, 638, 639, 640, 641, 469, 642, 643, 644, 645, 646, 647, 459, 481, 585, 374, 392, 125, 249, 461, 468, 495, 408, 414]
  列生成求解结果: 目标值=10.0000， 下界=8.0000， 上界=10.0000

处理节点 463
  开始列生成求解...
Set parameter LogToConsole to value 0
Set parameter Threads to value 1
Set parameter Seed to value 0
  定价策略: Exact, node=463, vertices=11
Set parameter PoolSearchMode to value 2
Set parameter PoolSolutions to value 10
[CG 1] RMP=20.000000, pricing=ExactPricingSolver, new_columns=10
[CG 2] RMP=12.000000, pricing=ExactPricingSolver, new_columns=0
  搜索路径: [1, 2, 4, 5, 3, 8, 11, 14, 15, 16, 17, 19, 23, 24, 25, 27, 26, 30, 36, 37, 21, 22, 18, 33, 20, 31, 32, 53, 52, 54, 55, 57, 56, 10, 66, 67, 70, 71, 74, 75, 9, 80, 81, 84, 86, 87, 85, 92, 93, 43, 42, 12, 102, 103, 13, 108, 109, 49, 48, 114, 115, 116, 122, 123, 117, 118, 119, 62, 63, 106, 107, 99, 61, 60, 41, 98, 40, 138, 147, 148, 149, 139, 146, 162, 163, 166, 167, 168, 169, 170, 171, 143, 140, 112, 113, 184, 185, 150, 182, 183, 156, 157, 194, 195, 151, 202, 203, 204, 205, 208, 209, 214, 215, 136, 206, 207, 220, 221, 222, 223, 141, 137, 142, 197, 240, 241, 242, 243, 244, 245, 196, 90, 91, 78, 260, 261, 262, 263, 268, 269, 258, 274, 275, 259, 97, 96, 79, 266, 285, 282, 280, 284, 288, 289, 292, 293, 287, 281, 302, 303, 304, 305, 306, 312, 313, 307, 308, 309, 318, 319, 267, 283, 286, 326, 327, 328, 329, 330, 331, 334, 335, 336, 337, 340, 341, 300, 301, 339, 348, 349, 338, 172, 173, 352, 192, 193, 353, 344, 362, 363, 190, 145, 345, 144, 191, 295, 294, 265, 264, 382, 383, 384, 385, 332, 333, 325, 324, 160, 180, 181, 161, 350, 351, 343, 342, 188, 135, 397, 213, 410, 412, 413, 411, 212, 311, 299, 230, 291, 231, 290, 255, 254, 310, 130, 131, 428, 429, 440, 441, 433, 446, 447, 434, 435, 432, 403, 418, 419, 298, 189, 388, 470, 471, 402, 389, 396, 390, 391, 134, 165, 164, 486, 487, 490, 491, 492, 493, 498, 499, 500, 501, 387, 472, 473, 271, 270, 514, 515, 518, 519, 516, 517, 386, 502, 503, 219, 218, 322, 316, 409, 524, 279, 423, 200, 201, 179, 415, 427, 525, 531, 535, 534, 542, 543, 178, 278, 548, 549, 521, 552, 553, 554, 555, 558, 563, 564, 565, 559, 562, 568, 569, 530, 571, 359, 570, 520, 317, 176, 177, 574, 575, 512, 580, 422, 124, 494, 584, 581, 426, 587, 588, 393, 248, 443, 591, 593, 592, 454, 480, 226, 453, 595, 452, 227, 358, 442, 601, 356, 458, 484, 582, 583, 589, 357, 586, 590, 364, 455, 594, 600, 368, 608, 609, 365, 460, 485, 369, 612, 613, 620, 621, 323, 462, 616, 617, 618, 619, 622, 627, 623, 624, 625, 626, 628, 629, 375, 636, 637, 630, 631, 632, 633, 634, 635, 638, 639, 640, 641, 469, 642, 643, 644, 645, 646, 647, 459, 481, 585, 374, 392, 125, 249, 461, 468, 495, 408, 414, 463]
  列生成求解结果: 目标值=12.0000， 下界=8.0000， 上界=10.0000

处理节点 513
  开始列生成求解...
Set parameter LogToConsole to value 0
Set parameter Threads to value 1
Set parameter Seed to value 0
  定价策略: Exact, node=513, vertices=12
Set parameter PoolSearchMode to value 2
Set parameter PoolSolutions to value 10
[CG 1] RMP=8.000000, pricing=ExactPricingSolver, new_columns=0
  搜索路径: [1, 2, 4, 5, 3, 8, 11, 14, 15, 16, 17, 19, 23, 24, 25, 27, 26, 30, 36, 37, 21, 22, 18, 33, 20, 31, 32, 53, 52, 54, 55, 57, 56, 10, 66, 67, 70, 71, 74, 75, 9, 80, 81, 84, 86, 87, 85, 92, 93, 43, 42, 12, 102, 103, 13, 108, 109, 49, 48, 114, 115, 116, 122, 123, 117, 118, 119, 62, 63, 106, 107, 99, 61, 60, 41, 98, 40, 138, 147, 148, 149, 139, 146, 162, 163, 166, 167, 168, 169, 170, 171, 143, 140, 112, 113, 184, 185, 150, 182, 183, 156, 157, 194, 195, 151, 202, 203, 204, 205, 208, 209, 214, 215, 136, 206, 207, 220, 221, 222, 223, 141, 137, 142, 197, 240, 241, 242, 243, 244, 245, 196, 90, 91, 78, 260, 261, 262, 263, 268, 269, 258, 274, 275, 259, 97, 96, 79, 266, 285, 282, 280, 284, 288, 289, 292, 293, 287, 281, 302, 303, 304, 305, 306, 312, 313, 307, 308, 309, 318, 319, 267, 283, 286, 326, 327, 328, 329, 330, 331, 334, 335, 336, 337, 340, 341, 300, 301, 339, 348, 349, 338, 172, 173, 352, 192, 193, 353, 344, 362, 363, 190, 145, 345, 144, 191, 295, 294, 265, 264, 382, 383, 384, 385, 332, 333, 325, 324, 160, 180, 181, 161, 350, 351, 343, 342, 188, 135, 397, 213, 410, 412, 413, 411, 212, 311, 299, 230, 291, 231, 290, 255, 254, 310, 130, 131, 428, 429, 440, 441, 433, 446, 447, 434, 435, 432, 403, 418, 419, 298, 189, 388, 470, 471, 402, 389, 396, 390, 391, 134, 165, 164, 486, 487, 490, 491, 492, 493, 498, 499, 500, 501, 387, 472, 473, 271, 270, 514, 515, 518, 519, 516, 517, 386, 502, 503, 219, 218, 322, 316, 409, 524, 279, 423, 200, 201, 179, 415, 427, 525, 531, 535, 534, 542, 543, 178, 278, 548, 549, 521, 552, 553, 554, 555, 558, 563, 564, 565, 559, 562, 568, 569, 530, 571, 359, 570, 520, 317, 176, 177, 574, 575, 512, 580, 422, 124, 494, 584, 581, 426, 587, 588, 393, 248, 443, 591, 593, 592, 454, 480, 226, 453, 595, 452, 227, 358, 442, 601, 356, 458, 484, 582, 583, 589, 357, 586, 590, 364, 455, 594, 600, 368, 608, 609, 365, 460, 485, 369, 612, 613, 620, 621, 323, 462, 616, 617, 618, 619, 622, 627, 623, 624, 625, 626, 628, 629, 375, 636, 637, 630, 631, 632, 633, 634, 635, 638, 639, 640, 641, 469, 642, 643, 644, 645, 646, 647, 459, 481, 585, 374, 392, 125, 249, 461, 468, 495, 408, 414, 463, 513]
  列生成求解结果: 目标值=8.0000， 下界=8.0000， 上界=10.0000
    非整数变量: COL_1-18-23-9_37 = 0.272727
  解不是整数，开始分支...
ImposedVertex(vertex=27)
ForbidVertex(vertex=27)
  创建了 2 个分支
    添加分支节点 1: ID=654
    添加分支节点 2: ID=655

处理节点 654
  开始列生成求解...
Set parameter LogToConsole to value 0
Set parameter Threads to value 1
Set parameter Seed to value 0
  定价策略: Exact, node=654, vertices=11
Set parameter PoolSearchMode to value 2
Set parameter PoolSolutions to value 10
[CG 1] RMP=11.000000, pricing=ExactPricingSolver, new_columns=0
  搜索路径: [1, 2, 4, 5, 3, 8, 11, 14, 15, 16, 17, 19, 23, 24, 25, 27, 26, 30, 36, 37, 21, 22, 18, 33, 20, 31, 32, 53, 52, 54, 55, 57, 56, 10, 66, 67, 70, 71, 74, 75, 9, 80, 81, 84, 86, 87, 85, 92, 93, 43, 42, 12, 102, 103, 13, 108, 109, 49, 48, 114, 115, 116, 122, 123, 117, 118, 119, 62, 63, 106, 107, 99, 61, 60, 41, 98, 40, 138, 147, 148, 149, 139, 146, 162, 163, 166, 167, 168, 169, 170, 171, 143, 140, 112, 113, 184, 185, 150, 182, 183, 156, 157, 194, 195, 151, 202, 203, 204, 205, 208, 209, 214, 215, 136, 206, 207, 220, 221, 222, 223, 141, 137, 142, 197, 240, 241, 242, 243, 244, 245, 196, 90, 91, 78, 260, 261, 262, 263, 268, 269, 258, 274, 275, 259, 97, 96, 79, 266, 285, 282, 280, 284, 288, 289, 292, 293, 287, 281, 302, 303, 304, 305, 306, 312, 313, 307, 308, 309, 318, 319, 267, 283, 286, 326, 327, 328, 329, 330, 331, 334, 335, 336, 337, 340, 341, 300, 301, 339, 348, 349, 338, 172, 173, 352, 192, 193, 353, 344, 362, 363, 190, 145, 345, 144, 191, 295, 294, 265, 264, 382, 383, 384, 385, 332, 333, 325, 324, 160, 180, 181, 161, 350, 351, 343, 342, 188, 135, 397, 213, 410, 412, 413, 411, 212, 311, 299, 230, 291, 231, 290, 255, 254, 310, 130, 131, 428, 429, 440, 441, 433, 446, 447, 434, 435, 432, 403, 418, 419, 298, 189, 388, 470, 471, 402, 389, 396, 390, 391, 134, 165, 164, 486, 487, 490, 491, 492, 493, 498, 499, 500, 501, 387, 472, 473, 271, 270, 514, 515, 518, 519, 516, 517, 386, 502, 503, 219, 218, 322, 316, 409, 524, 279, 423, 200, 201, 179, 415, 427, 525, 531, 535, 534, 542, 543, 178, 278, 548, 549, 521, 552, 553, 554, 555, 558, 563, 564, 565, 559, 562, 568, 569, 530, 571, 359, 570, 520, 317, 176, 177, 574, 575, 512, 580, 422, 124, 494, 584, 581, 426, 587, 588, 393, 248, 443, 591, 593, 592, 454, 480, 226, 453, 595, 452, 227, 358, 442, 601, 356, 458, 484, 582, 583, 589, 357, 586, 590, 364, 455, 594, 600, 368, 608, 609, 365, 460, 485, 369, 612, 613, 620, 621, 323, 462, 616, 617, 618, 619, 622, 627, 623, 624, 625, 626, 628, 629, 375, 636, 637, 630, 631, 632, 633, 634, 635, 638, 639, 640, 641, 469, 642, 643, 644, 645, 646, 647, 459, 481, 585, 374, 392, 125, 249, 461, 468, 495, 408, 414, 463, 513, 654]
  列生成求解结果: 目标值=11.0000， 下界=8.0000， 上界=10.0000

处理节点 655
  开始列生成求解...
Set parameter LogToConsole to value 0
Set parameter Threads to value 1
Set parameter Seed to value 0
  定价策略: Exact, node=655, vertices=11
Set parameter PoolSearchMode to value 2
Set parameter PoolSolutions to value 10
[CG 1] RMP=1014.000000, pricing=ExactPricingSolver, new_columns=10
[CG 2] RMP=16.000000, pricing=ExactPricingSolver, new_columns=10
[CG 3] RMP=12.000000, pricing=ExactPricingSolver, new_columns=0
  搜索路径: [1, 2, 4, 5, 3, 8, 11, 14, 15, 16, 17, 19, 23, 24, 25, 27, 26, 30, 36, 37, 21, 22, 18, 33, 20, 31, 32, 53, 52, 54, 55, 57, 56, 10, 66, 67, 70, 71, 74, 75, 9, 80, 81, 84, 86, 87, 85, 92, 93, 43, 42, 12, 102, 103, 13, 108, 109, 49, 48, 114, 115, 116, 122, 123, 117, 118, 119, 62, 63, 106, 107, 99, 61, 60, 41, 98, 40, 138, 147, 148, 149, 139, 146, 162, 163, 166, 167, 168, 169, 170, 171, 143, 140, 112, 113, 184, 185, 150, 182, 183, 156, 157, 194, 195, 151, 202, 203, 204, 205, 208, 209, 214, 215, 136, 206, 207, 220, 221, 222, 223, 141, 137, 142, 197, 240, 241, 242, 243, 244, 245, 196, 90, 91, 78, 260, 261, 262, 263, 268, 269, 258, 274, 275, 259, 97, 96, 79, 266, 285, 282, 280, 284, 288, 289, 292, 293, 287, 281, 302, 303, 304, 305, 306, 312, 313, 307, 308, 309, 318, 319, 267, 283, 286, 326, 327, 328, 329, 330, 331, 334, 335, 336, 337, 340, 341, 300, 301, 339, 348, 349, 338, 172, 173, 352, 192, 193, 353, 344, 362, 363, 190, 145, 345, 144, 191, 295, 294, 265, 264, 382, 383, 384, 385, 332, 333, 325, 324, 160, 180, 181, 161, 350, 351, 343, 342, 188, 135, 397, 213, 410, 412, 413, 411, 212, 311, 299, 230, 291, 231, 290, 255, 254, 310, 130, 131, 428, 429, 440, 441, 433, 446, 447, 434, 435, 432, 403, 418, 419, 298, 189, 388, 470, 471, 402, 389, 396, 390, 391, 134, 165, 164, 486, 487, 490, 491, 492, 493, 498, 499, 500, 501, 387, 472, 473, 271, 270, 514, 515, 518, 519, 516, 517, 386, 502, 503, 219, 218, 322, 316, 409, 524, 279, 423, 200, 201, 179, 415, 427, 525, 531, 535, 534, 542, 543, 178, 278, 548, 549, 521, 552, 553, 554, 555, 558, 563, 564, 565, 559, 562, 568, 569, 530, 571, 359, 570, 520, 317, 176, 177, 574, 575, 512, 580, 422, 124, 494, 584, 581, 426, 587, 588, 393, 248, 443, 591, 593, 592, 454, 480, 226, 453, 595, 452, 227, 358, 442, 601, 356, 458, 484, 582, 583, 589, 357, 586, 590, 364, 455, 594, 600, 368, 608, 609, 365, 460, 485, 369, 612, 613, 620, 621, 323, 462, 616, 617, 618, 619, 622, 627, 623, 624, 625, 626, 628, 629, 375, 636, 637, 630, 631, 632, 633, 634, 635, 638, 639, 640, 641, 469, 642, 643, 644, 645, 646, 647, 459, 481, 585, 374, 392, 125, 249, 461, 468, 495, 408, 414, 463, 513, 654, 655]
  列生成求解结果: 目标值=12.0000， 下界=8.0000， 上界=10.0000

处理节点 420
  开始列生成求解...
Set parameter LogToConsole to value 0
Set parameter Threads to value 1
Set parameter Seed to value 0
  定价策略: Exact, node=420, vertices=15
Set parameter PoolSearchMode to value 2
Set parameter PoolSolutions to value 10
[CG 1] RMP=8.555556, pricing=ExactPricingSolver, new_columns=10
[CG 2] RMP=8.000000, pricing=ExactPricingSolver, new_columns=0
  搜索路径: [1, 2, 4, 5, 3, 8, 11, 14, 15, 16, 17, 19, 23, 24, 25, 27, 26, 30, 36, 37, 21, 22, 18, 33, 20, 31, 32, 53, 52, 54, 55, 57, 56, 10, 66, 67, 70, 71, 74, 75, 9, 80, 81, 84, 86, 87, 85, 92, 93, 43, 42, 12, 102, 103, 13, 108, 109, 49, 48, 114, 115, 116, 122, 123, 117, 118, 119, 62, 63, 106, 107, 99, 61, 60, 41, 98, 40, 138, 147, 148, 149, 139, 146, 162, 163, 166, 167, 168, 169, 170, 171, 143, 140, 112, 113, 184, 185, 150, 182, 183, 156, 157, 194, 195, 151, 202, 203, 204, 205, 208, 209, 214, 215, 136, 206, 207, 220, 221, 222, 223, 141, 137, 142, 197, 240, 241, 242, 243, 244, 245, 196, 90, 91, 78, 260, 261, 262, 263, 268, 269, 258, 274, 275, 259, 97, 96, 79, 266, 285, 282, 280, 284, 288, 289, 292, 293, 287, 281, 302, 303, 304, 305, 306, 312, 313, 307, 308, 309, 318, 319, 267, 283, 286, 326, 327, 328, 329, 330, 331, 334, 335, 336, 337, 340, 341, 300, 301, 339, 348, 349, 338, 172, 173, 352, 192, 193, 353, 344, 362, 363, 190, 145, 345, 144, 191, 295, 294, 265, 264, 382, 383, 384, 385, 332, 333, 325, 324, 160, 180, 181, 161, 350, 351, 343, 342, 188, 135, 397, 213, 410, 412, 413, 411, 212, 311, 299, 230, 291, 231, 290, 255, 254, 310, 130, 131, 428, 429, 440, 441, 433, 446, 447, 434, 435, 432, 403, 418, 419, 298, 189, 388, 470, 471, 402, 389, 396, 390, 391, 134, 165, 164, 486, 487, 490, 491, 492, 493, 498, 499, 500, 501, 387, 472, 473, 271, 270, 514, 515, 518, 519, 516, 517, 386, 502, 503, 219, 218, 322, 316, 409, 524, 279, 423, 200, 201, 179, 415, 427, 525, 531, 535, 534, 542, 543, 178, 278, 548, 549, 521, 552, 553, 554, 555, 558, 563, 564, 565, 559, 562, 568, 569, 530, 571, 359, 570, 520, 317, 176, 177, 574, 575, 512, 580, 422, 124, 494, 584, 581, 426, 587, 588, 393, 248, 443, 591, 593, 592, 454, 480, 226, 453, 595, 452, 227, 358, 442, 601, 356, 458, 484, 582, 583, 589, 357, 586, 590, 364, 455, 594, 600, 368, 608, 609, 365, 460, 485, 369, 612, 613, 620, 621, 323, 462, 616, 617, 618, 619, 622, 627, 623, 624, 625, 626, 628, 629, 375, 636, 637, 630, 631, 632, 633, 634, 635, 638, 639, 640, 641, 469, 642, 643, 644, 645, 646, 647, 459, 481, 585, 374, 392, 125, 249, 461, 468, 495, 408, 414, 463, 513, 654, 655, 420]
  列生成求解结果: 目标值=8.0000， 下界=8.0000， 上界=10.0000
    非整数变量: COL_18-2-22-9_39 = 0.111111
  解不是整数，开始分支...
ImposedVertex(vertex=2)
ForbidVertex(vertex=2)
  创建了 2 个分支
    添加分支节点 1: ID=656
    添加分支节点 2: ID=657

处理节点 656
  开始列生成求解...
Set parameter LogToConsole to value 0
Set parameter Threads to value 1
Set parameter Seed to value 0
  定价策略: Exact, node=656, vertices=14
Set parameter PoolSearchMode to value 2
Set parameter PoolSolutions to value 10
[CG 1] RMP=12.000000, pricing=ExactPricingSolver, new_columns=10
[CG 2] RMP=9.000000, pricing=ExactPricingSolver, new_columns=0
  搜索路径: [1, 2, 4, 5, 3, 8, 11, 14, 15, 16, 17, 19, 23, 24, 25, 27, 26, 30, 36, 37, 21, 22, 18, 33, 20, 31, 32, 53, 52, 54, 55, 57, 56, 10, 66, 67, 70, 71, 74, 75, 9, 80, 81, 84, 86, 87, 85, 92, 93, 43, 42, 12, 102, 103, 13, 108, 109, 49, 48, 114, 115, 116, 122, 123, 117, 118, 119, 62, 63, 106, 107, 99, 61, 60, 41, 98, 40, 138, 147, 148, 149, 139, 146, 162, 163, 166, 167, 168, 169, 170, 171, 143, 140, 112, 113, 184, 185, 150, 182, 183, 156, 157, 194, 195, 151, 202, 203, 204, 205, 208, 209, 214, 215, 136, 206, 207, 220, 221, 222, 223, 141, 137, 142, 197, 240, 241, 242, 243, 244, 245, 196, 90, 91, 78, 260, 261, 262, 263, 268, 269, 258, 274, 275, 259, 97, 96, 79, 266, 285, 282, 280, 284, 288, 289, 292, 293, 287, 281, 302, 303, 304, 305, 306, 312, 313, 307, 308, 309, 318, 319, 267, 283, 286, 326, 327, 328, 329, 330, 331, 334, 335, 336, 337, 340, 341, 300, 301, 339, 348, 349, 338, 172, 173, 352, 192, 193, 353, 344, 362, 363, 190, 145, 345, 144, 191, 295, 294, 265, 264, 382, 383, 384, 385, 332, 333, 325, 324, 160, 180, 181, 161, 350, 351, 343, 342, 188, 135, 397, 213, 410, 412, 413, 411, 212, 311, 299, 230, 291, 231, 290, 255, 254, 310, 130, 131, 428, 429, 440, 441, 433, 446, 447, 434, 435, 432, 403, 418, 419, 298, 189, 388, 470, 471, 402, 389, 396, 390, 391, 134, 165, 164, 486, 487, 490, 491, 492, 493, 498, 499, 500, 501, 387, 472, 473, 271, 270, 514, 515, 518, 519, 516, 517, 386, 502, 503, 219, 218, 322, 316, 409, 524, 279, 423, 200, 201, 179, 415, 427, 525, 531, 535, 534, 542, 543, 178, 278, 548, 549, 521, 552, 553, 554, 555, 558, 563, 564, 565, 559, 562, 568, 569, 530, 571, 359, 570, 520, 317, 176, 177, 574, 575, 512, 580, 422, 124, 494, 584, 581, 426, 587, 588, 393, 248, 443, 591, 593, 592, 454, 480, 226, 453, 595, 452, 227, 358, 442, 601, 356, 458, 484, 582, 583, 589, 357, 586, 590, 364, 455, 594, 600, 368, 608, 609, 365, 460, 485, 369, 612, 613, 620, 621, 323, 462, 616, 617, 618, 619, 622, 627, 623, 624, 625, 626, 628, 629, 375, 636, 637, 630, 631, 632, 633, 634, 635, 638, 639, 640, 641, 469, 642, 643, 644, 645, 646, 647, 459, 481, 585, 374, 392, 125, 249, 461, 468, 495, 408, 414, 463, 513, 654, 655, 420, 656]
  列生成求解结果: 目标值=9.0000， 下界=8.0000， 上界=10.0000
    非整数变量: COL_13-2-22-5_389 = 0.062500
  解不是整数，开始分支...
ImposedVertex(vertex=10)
ForbidVertex(vertex=10)
  创建了 2 个分支
    添加分支节点 1: ID=658
    添加分支节点 2: ID=659

处理节点 657
  开始列生成求解...
Set parameter LogToConsole to value 0
Set parameter Threads to value 1
Set parameter Seed to value 0
  定价策略: Exact, node=657, vertices=14
Set parameter PoolSearchMode to value 2
Set parameter PoolSolutions to value 10
[CG 1] RMP=12.000000, pricing=ExactPricingSolver, new_columns=0
  搜索路径: [1, 2, 4, 5, 3, 8, 11, 14, 15, 16, 17, 19, 23, 24, 25, 27, 26, 30, 36, 37, 21, 22, 18, 33, 20, 31, 32, 53, 52, 54, 55, 57, 56, 10, 66, 67, 70, 71, 74, 75, 9, 80, 81, 84, 86, 87, 85, 92, 93, 43, 42, 12, 102, 103, 13, 108, 109, 49, 48, 114, 115, 116, 122, 123, 117, 118, 119, 62, 63, 106, 107, 99, 61, 60, 41, 98, 40, 138, 147, 148, 149, 139, 146, 162, 163, 166, 167, 168, 169, 170, 171, 143, 140, 112, 113, 184, 185, 150, 182, 183, 156, 157, 194, 195, 151, 202, 203, 204, 205, 208, 209, 214, 215, 136, 206, 207, 220, 221, 222, 223, 141, 137, 142, 197, 240, 241, 242, 243, 244, 245, 196, 90, 91, 78, 260, 261, 262, 263, 268, 269, 258, 274, 275, 259, 97, 96, 79, 266, 285, 282, 280, 284, 288, 289, 292, 293, 287, 281, 302, 303, 304, 305, 306, 312, 313, 307, 308, 309, 318, 319, 267, 283, 286, 326, 327, 328, 329, 330, 331, 334, 335, 336, 337, 340, 341, 300, 301, 339, 348, 349, 338, 172, 173, 352, 192, 193, 353, 344, 362, 363, 190, 145, 345, 144, 191, 295, 294, 265, 264, 382, 383, 384, 385, 332, 333, 325, 324, 160, 180, 181, 161, 350, 351, 343, 342, 188, 135, 397, 213, 410, 412, 413, 411, 212, 311, 299, 230, 291, 231, 290, 255, 254, 310, 130, 131, 428, 429, 440, 441, 433, 446, 447, 434, 435, 432, 403, 418, 419, 298, 189, 388, 470, 471, 402, 389, 396, 390, 391, 134, 165, 164, 486, 487, 490, 491, 492, 493, 498, 499, 500, 501, 387, 472, 473, 271, 270, 514, 515, 518, 519, 516, 517, 386, 502, 503, 219, 218, 322, 316, 409, 524, 279, 423, 200, 201, 179, 415, 427, 525, 531, 535, 534, 542, 543, 178, 278, 548, 549, 521, 552, 553, 554, 555, 558, 563, 564, 565, 559, 562, 568, 569, 530, 571, 359, 570, 520, 317, 176, 177, 574, 575, 512, 580, 422, 124, 494, 584, 581, 426, 587, 588, 393, 248, 443, 591, 593, 592, 454, 480, 226, 453, 595, 452, 227, 358, 442, 601, 356, 458, 484, 582, 583, 589, 357, 586, 590, 364, 455, 594, 600, 368, 608, 609, 365, 460, 485, 369, 612, 613, 620, 621, 323, 462, 616, 617, 618, 619, 622, 627, 623, 624, 625, 626, 628, 629, 375, 636, 637, 630, 631, 632, 633, 634, 635, 638, 639, 640, 641, 469, 642, 643, 644, 645, 646, 647, 459, 481, 585, 374, 392, 125, 249, 461, 468, 495, 408, 414, 463, 513, 654, 655, 420, 656, 657]
  列生成求解结果: 目标值=12.0000， 下界=8.0000， 上界=10.0000

处理节点 378
  开始列生成求解...
Set parameter LogToConsole to value 0
Set parameter Threads to value 1
Set parameter Seed to value 0
  定价策略: Exact, node=378, vertices=17
Set parameter PoolSearchMode to value 2
Set parameter PoolSolutions to value 10
[CG 1] RMP=8.000000, pricing=ExactPricingSolver, new_columns=0
  搜索路径: [1, 2, 4, 5, 3, 8, 11, 14, 15, 16, 17, 19, 23, 24, 25, 27, 26, 30, 36, 37, 21, 22, 18, 33, 20, 31, 32, 53, 52, 54, 55, 57, 56, 10, 66, 67, 70, 71, 74, 75, 9, 80, 81, 84, 86, 87, 85, 92, 93, 43, 42, 12, 102, 103, 13, 108, 109, 49, 48, 114, 115, 116, 122, 123, 117, 118, 119, 62, 63, 106, 107, 99, 61, 60, 41, 98, 40, 138, 147, 148, 149, 139, 146, 162, 163, 166, 167, 168, 169, 170, 171, 143, 140, 112, 113, 184, 185, 150, 182, 183, 156, 157, 194, 195, 151, 202, 203, 204, 205, 208, 209, 214, 215, 136, 206, 207, 220, 221, 222, 223, 141, 137, 142, 197, 240, 241, 242, 243, 244, 245, 196, 90, 91, 78, 260, 261, 262, 263, 268, 269, 258, 274, 275, 259, 97, 96, 79, 266, 285, 282, 280, 284, 288, 289, 292, 293, 287, 281, 302, 303, 304, 305, 306, 312, 313, 307, 308, 309, 318, 319, 267, 283, 286, 326, 327, 328, 329, 330, 331, 334, 335, 336, 337, 340, 341, 300, 301, 339, 348, 349, 338, 172, 173, 352, 192, 193, 353, 344, 362, 363, 190, 145, 345, 144, 191, 295, 294, 265, 264, 382, 383, 384, 385, 332, 333, 325, 324, 160, 180, 181, 161, 350, 351, 343, 342, 188, 135, 397, 213, 410, 412, 413, 411, 212, 311, 299, 230, 291, 231, 290, 255, 254, 310, 130, 131, 428, 429, 440, 441, 433, 446, 447, 434, 435, 432, 403, 418, 419, 298, 189, 388, 470, 471, 402, 389, 396, 390, 391, 134, 165, 164, 486, 487, 490, 491, 492, 493, 498, 499, 500, 501, 387, 472, 473, 271, 270, 514, 515, 518, 519, 516, 517, 386, 502, 503, 219, 218, 322, 316, 409, 524, 279, 423, 200, 201, 179, 415, 427, 525, 531, 535, 534, 542, 543, 178, 278, 548, 549, 521, 552, 553, 554, 555, 558, 563, 564, 565, 559, 562, 568, 569, 530, 571, 359, 570, 520, 317, 176, 177, 574, 575, 512, 580, 422, 124, 494, 584, 581, 426, 587, 588, 393, 248, 443, 591, 593, 592, 454, 480, 226, 453, 595, 452, 227, 358, 442, 601, 356, 458, 484, 582, 583, 589, 357, 586, 590, 364, 455, 594, 600, 368, 608, 609, 365, 460, 485, 369, 612, 613, 620, 621, 323, 462, 616, 617, 618, 619, 622, 627, 623, 624, 625, 626, 628, 629, 375, 636, 637, 630, 631, 632, 633, 634, 635, 638, 639, 640, 641, 469, 642, 643, 644, 645, 646, 647, 459, 481, 585, 374, 392, 125, 249, 461, 468, 495, 408, 414, 463, 513, 654, 655, 420, 656, 657, 378]
  列生成求解结果: 目标值=8.0000， 下界=8.0000， 上界=10.0000
    非整数变量: COL_18-23-9_35 = 0.363636
  解不是整数，开始分支...
ImposedVertex(vertex=12)
ForbidVertex(vertex=12)
  创建了 2 个分支
    添加分支节点 1: ID=660
    添加分支节点 2: ID=661

处理节点 547
  开始列生成求解...
Set parameter LogToConsole to value 0
Set parameter Threads to value 1
Set parameter Seed to value 0
  定价策略: Exact, node=547, vertices=15
Set parameter PoolSearchMode to value 2
Set parameter PoolSolutions to value 10
[CG 1] RMP=9.000000, pricing=ExactPricingSolver, new_columns=0
  搜索路径: [1, 2, 4, 5, 3, 8, 11, 14, 15, 16, 17, 19, 23, 24, 25, 27, 26, 30, 36, 37, 21, 22, 18, 33, 20, 31, 32, 53, 52, 54, 55, 57, 56, 10, 66, 67, 70, 71, 74, 75, 9, 80, 81, 84, 86, 87, 85, 92, 93, 43, 42, 12, 102, 103, 13, 108, 109, 49, 48, 114, 115, 116, 122, 123, 117, 118, 119, 62, 63, 106, 107, 99, 61, 60, 41, 98, 40, 138, 147, 148, 149, 139, 146, 162, 163, 166, 167, 168, 169, 170, 171, 143, 140, 112, 113, 184, 185, 150, 182, 183, 156, 157, 194, 195, 151, 202, 203, 204, 205, 208, 209, 214, 215, 136, 206, 207, 220, 221, 222, 223, 141, 137, 142, 197, 240, 241, 242, 243, 244, 245, 196, 90, 91, 78, 260, 261, 262, 263, 268, 269, 258, 274, 275, 259, 97, 96, 79, 266, 285, 282, 280, 284, 288, 289, 292, 293, 287, 281, 302, 303, 304, 305, 306, 312, 313, 307, 308, 309, 318, 319, 267, 283, 286, 326, 327, 328, 329, 330, 331, 334, 335, 336, 337, 340, 341, 300, 301, 339, 348, 349, 338, 172, 173, 352, 192, 193, 353, 344, 362, 363, 190, 145, 345, 144, 191, 295, 294, 265, 264, 382, 383, 384, 385, 332, 333, 325, 324, 160, 180, 181, 161, 350, 351, 343, 342, 188, 135, 397, 213, 410, 412, 413, 411, 212, 311, 299, 230, 291, 231, 290, 255, 254, 310, 130, 131, 428, 429, 440, 441, 433, 446, 447, 434, 435, 432, 403, 418, 419, 298, 189, 388, 470, 471, 402, 389, 396, 390, 391, 134, 165, 164, 486, 487, 490, 491, 492, 493, 498, 499, 500, 501, 387, 472, 473, 271, 270, 514, 515, 518, 519, 516, 517, 386, 502, 503, 219, 218, 322, 316, 409, 524, 279, 423, 200, 201, 179, 415, 427, 525, 531, 535, 534, 542, 543, 178, 278, 548, 549, 521, 552, 553, 554, 555, 558, 563, 564, 565, 559, 562, 568, 569, 530, 571, 359, 570, 520, 317, 176, 177, 574, 575, 512, 580, 422, 124, 494, 584, 581, 426, 587, 588, 393, 248, 443, 591, 593, 592, 454, 480, 226, 453, 595, 452, 227, 358, 442, 601, 356, 458, 484, 582, 583, 589, 357, 586, 590, 364, 455, 594, 600, 368, 608, 609, 365, 460, 485, 369, 612, 613, 620, 621, 323, 462, 616, 617, 618, 619, 622, 627, 623, 624, 625, 626, 628, 629, 375, 636, 637, 630, 631, 632, 633, 634, 635, 638, 639, 640, 641, 469, 642, 643, 644, 645, 646, 647, 459, 481, 585, 374, 392, 125, 249, 461, 468, 495, 408, 414, 463, 513, 654, 655, 420, 656, 657, 378, 547]
  列生成求解结果: 目标值=9.0000， 下界=8.0000， 上界=10.0000
    非整数变量: COL_18-22-9_32 = 0.250000
  解不是整数，开始分支...
ImposedVertex(vertex=27)
ForbidVertex(vertex=27)
  创建了 2 个分支
    添加分支节点 1: ID=662
    添加分支节点 2: ID=663

处理节点 546
  开始列生成求解...
Set parameter LogToConsole to value 0
Set parameter Threads to value 1
Set parameter Seed to value 0
  定价策略: Exact, node=546, vertices=15
Set parameter PoolSearchMode to value 2
Set parameter PoolSolutions to value 10
[CG 1] RMP=8.003150, pricing=ExactPricingSolver, new_columns=10
[CG 2] RMP=8.000000, pricing=ExactPricingSolver, new_columns=0
  搜索路径: [1, 2, 4, 5, 3, 8, 11, 14, 15, 16, 17, 19, 23, 24, 25, 27, 26, 30, 36, 37, 21, 22, 18, 33, 20, 31, 32, 53, 52, 54, 55, 57, 56, 10, 66, 67, 70, 71, 74, 75, 9, 80, 81, 84, 86, 87, 85, 92, 93, 43, 42, 12, 102, 103, 13, 108, 109, 49, 48, 114, 115, 116, 122, 123, 117, 118, 119, 62, 63, 106, 107, 99, 61, 60, 41, 98, 40, 138, 147, 148, 149, 139, 146, 162, 163, 166, 167, 168, 169, 170, 171, 143, 140, 112, 113, 184, 185, 150, 182, 183, 156, 157, 194, 195, 151, 202, 203, 204, 205, 208, 209, 214, 215, 136, 206, 207, 220, 221, 222, 223, 141, 137, 142, 197, 240, 241, 242, 243, 244, 245, 196, 90, 91, 78, 260, 261, 262, 263, 268, 269, 258, 274, 275, 259, 97, 96, 79, 266, 285, 282, 280, 284, 288, 289, 292, 293, 287, 281, 302, 303, 304, 305, 306, 312, 313, 307, 308, 309, 318, 319, 267, 283, 286, 326, 327, 328, 329, 330, 331, 334, 335, 336, 337, 340, 341, 300, 301, 339, 348, 349, 338, 172, 173, 352, 192, 193, 353, 344, 362, 363, 190, 145, 345, 144, 191, 295, 294, 265, 264, 382, 383, 384, 385, 332, 333, 325, 324, 160, 180, 181, 161, 350, 351, 343, 342, 188, 135, 397, 213, 410, 412, 413, 411, 212, 311, 299, 230, 291, 231, 290, 255, 254, 310, 130, 131, 428, 429, 440, 441, 433, 446, 447, 434, 435, 432, 403, 418, 419, 298, 189, 388, 470, 471, 402, 389, 396, 390, 391, 134, 165, 164, 486, 487, 490, 491, 492, 493, 498, 499, 500, 501, 387, 472, 473, 271, 270, 514, 515, 518, 519, 516, 517, 386, 502, 503, 219, 218, 322, 316, 409, 524, 279, 423, 200, 201, 179, 415, 427, 525, 531, 535, 534, 542, 543, 178, 278, 548, 549, 521, 552, 553, 554, 555, 558, 563, 564, 565, 559, 562, 568, 569, 530, 571, 359, 570, 520, 317, 176, 177, 574, 575, 512, 580, 422, 124, 494, 584, 581, 426, 587, 588, 393, 248, 443, 591, 593, 592, 454, 480, 226, 453, 595, 452, 227, 358, 442, 601, 356, 458, 484, 582, 583, 589, 357, 586, 590, 364, 455, 594, 600, 368, 608, 609, 365, 460, 485, 369, 612, 613, 620, 621, 323, 462, 616, 617, 618, 619, 622, 627, 623, 624, 625, 626, 628, 629, 375, 636, 637, 630, 631, 632, 633, 634, 635, 638, 639, 640, 641, 469, 642, 643, 644, 645, 646, 647, 459, 481, 585, 374, 392, 125, 249, 461, 468, 495, 408, 414, 463, 513, 654, 655, 420, 656, 657, 378, 547, 546]
  列生成求解结果: 目标值=8.0000， 下界=8.0000， 上界=10.0000
    非整数变量: COL_18-23-9_35 = 0.166667
  解不是整数，开始分支...
ImposedVertex(vertex=27)
ForbidVertex(vertex=27)
  创建了 2 个分支
    添加分支节点 1: ID=664
    添加分支节点 2: ID=665

处理节点 664
  开始列生成求解...
Set parameter LogToConsole to value 0
Set parameter Threads to value 1
Set parameter Seed to value 0
  定价策略: Exact, node=664, vertices=14
Set parameter PoolSearchMode to value 2
Set parameter PoolSolutions to value 10
[CG 1] RMP=11.000000, pricing=ExactPricingSolver, new_columns=0
  搜索路径: [1, 2, 4, 5, 3, 8, 11, 14, 15, 16, 17, 19, 23, 24, 25, 27, 26, 30, 36, 37, 21, 22, 18, 33, 20, 31, 32, 53, 52, 54, 55, 57, 56, 10, 66, 67, 70, 71, 74, 75, 9, 80, 81, 84, 86, 87, 85, 92, 93, 43, 42, 12, 102, 103, 13, 108, 109, 49, 48, 114, 115, 116, 122, 123, 117, 118, 119, 62, 63, 106, 107, 99, 61, 60, 41, 98, 40, 138, 147, 148, 149, 139, 146, 162, 163, 166, 167, 168, 169, 170, 171, 143, 140, 112, 113, 184, 185, 150, 182, 183, 156, 157, 194, 195, 151, 202, 203, 204, 205, 208, 209, 214, 215, 136, 206, 207, 220, 221, 222, 223, 141, 137, 142, 197, 240, 241, 242, 243, 244, 245, 196, 90, 91, 78, 260, 261, 262, 263, 268, 269, 258, 274, 275, 259, 97, 96, 79, 266, 285, 282, 280, 284, 288, 289, 292, 293, 287, 281, 302, 303, 304, 305, 306, 312, 313, 307, 308, 309, 318, 319, 267, 283, 286, 326, 327, 328, 329, 330, 331, 334, 335, 336, 337, 340, 341, 300, 301, 339, 348, 349, 338, 172, 173, 352, 192, 193, 353, 344, 362, 363, 190, 145, 345, 144, 191, 295, 294, 265, 264, 382, 383, 384, 385, 332, 333, 325, 324, 160, 180, 181, 161, 350, 351, 343, 342, 188, 135, 397, 213, 410, 412, 413, 411, 212, 311, 299, 230, 291, 231, 290, 255, 254, 310, 130, 131, 428, 429, 440, 441, 433, 446, 447, 434, 435, 432, 403, 418, 419, 298, 189, 388, 470, 471, 402, 389, 396, 390, 391, 134, 165, 164, 486, 487, 490, 491, 492, 493, 498, 499, 500, 501, 387, 472, 473, 271, 270, 514, 515, 518, 519, 516, 517, 386, 502, 503, 219, 218, 322, 316, 409, 524, 279, 423, 200, 201, 179, 415, 427, 525, 531, 535, 534, 542, 543, 178, 278, 548, 549, 521, 552, 553, 554, 555, 558, 563, 564, 565, 559, 562, 568, 569, 530, 571, 359, 570, 520, 317, 176, 177, 574, 575, 512, 580, 422, 124, 494, 584, 581, 426, 587, 588, 393, 248, 443, 591, 593, 592, 454, 480, 226, 453, 595, 452, 227, 358, 442, 601, 356, 458, 484, 582, 583, 589, 357, 586, 590, 364, 455, 594, 600, 368, 608, 609, 365, 460, 485, 369, 612, 613, 620, 621, 323, 462, 616, 617, 618, 619, 622, 627, 623, 624, 625, 626, 628, 629, 375, 636, 637, 630, 631, 632, 633, 634, 635, 638, 639, 640, 641, 469, 642, 643, 644, 645, 646, 647, 459, 481, 585, 374, 392, 125, 249, 461, 468, 495, 408, 414, 463, 513, 654, 655, 420, 656, 657, 378, 547, 546, 664]
  列生成求解结果: 目标值=11.0000， 下界=8.0000， 上界=10.0000

处理节点 665
  开始列生成求解...
Set parameter LogToConsole to value 0
Set parameter Threads to value 1
Set parameter Seed to value 0
  定价策略: Exact, node=665, vertices=14
Set parameter PoolSearchMode to value 2
Set parameter PoolSolutions to value 10
[CG 1] RMP=12.000000, pricing=ExactPricingSolver, new_columns=0
  搜索路径: [1, 2, 4, 5, 3, 8, 11, 14, 15, 16, 17, 19, 23, 24, 25, 27, 26, 30, 36, 37, 21, 22, 18, 33, 20, 31, 32, 53, 52, 54, 55, 57, 56, 10, 66, 67, 70, 71, 74, 75, 9, 80, 81, 84, 86, 87, 85, 92, 93, 43, 42, 12, 102, 103, 13, 108, 109, 49, 48, 114, 115, 116, 122, 123, 117, 118, 119, 62, 63, 106, 107, 99, 61, 60, 41, 98, 40, 138, 147, 148, 149, 139, 146, 162, 163, 166, 167, 168, 169, 170, 171, 143, 140, 112, 113, 184, 185, 150, 182, 183, 156, 157, 194, 195, 151, 202, 203, 204, 205, 208, 209, 214, 215, 136, 206, 207, 220, 221, 222, 223, 141, 137, 142, 197, 240, 241, 242, 243, 244, 245, 196, 90, 91, 78, 260, 261, 262, 263, 268, 269, 258, 274, 275, 259, 97, 96, 79, 266, 285, 282, 280, 284, 288, 289, 292, 293, 287, 281, 302, 303, 304, 305, 306, 312, 313, 307, 308, 309, 318, 319, 267, 283, 286, 326, 327, 328, 329, 330, 331, 334, 335, 336, 337, 340, 341, 300, 301, 339, 348, 349, 338, 172, 173, 352, 192, 193, 353, 344, 362, 363, 190, 145, 345, 144, 191, 295, 294, 265, 264, 382, 383, 384, 385, 332, 333, 325, 324, 160, 180, 181, 161, 350, 351, 343, 342, 188, 135, 397, 213, 410, 412, 413, 411, 212, 311, 299, 230, 291, 231, 290, 255, 254, 310, 130, 131, 428, 429, 440, 441, 433, 446, 447, 434, 435, 432, 403, 418, 419, 298, 189, 388, 470, 471, 402, 389, 396, 390, 391, 134, 165, 164, 486, 487, 490, 491, 492, 493, 498, 499, 500, 501, 387, 472, 473, 271, 270, 514, 515, 518, 519, 516, 517, 386, 502, 503, 219, 218, 322, 316, 409, 524, 279, 423, 200, 201, 179, 415, 427, 525, 531, 535, 534, 542, 543, 178, 278, 548, 549, 521, 552, 553, 554, 555, 558, 563, 564, 565, 559, 562, 568, 569, 530, 571, 359, 570, 520, 317, 176, 177, 574, 575, 512, 580, 422, 124, 494, 584, 581, 426, 587, 588, 393, 248, 443, 591, 593, 592, 454, 480, 226, 453, 595, 452, 227, 358, 442, 601, 356, 458, 484, 582, 583, 589, 357, 586, 590, 364, 455, 594, 600, 368, 608, 609, 365, 460, 485, 369, 612, 613, 620, 621, 323, 462, 616, 617, 618, 619, 622, 627, 623, 624, 625, 626, 628, 629, 375, 636, 637, 630, 631, 632, 633, 634, 635, 638, 639, 640, 641, 469, 642, 643, 644, 645, 646, 647, 459, 481, 585, 374, 392, 125, 249, 461, 468, 495, 408, 414, 463, 513, 654, 655, 420, 656, 657, 378, 547, 546, 664, 665]
  列生成求解结果: 目标值=12.0000， 下界=8.0000， 上界=10.0000

处理节点 421
  开始列生成求解...
Set parameter LogToConsole to value 0
Set parameter Threads to value 1
Set parameter Seed to value 0
  定价策略: Exact, node=421, vertices=16
Set parameter PoolSearchMode to value 2
Set parameter PoolSolutions to value 10
[CG 1] RMP=8.000000, pricing=ExactPricingSolver, new_columns=0
  搜索路径: [1, 2, 4, 5, 3, 8, 11, 14, 15, 16, 17, 19, 23, 24, 25, 27, 26, 30, 36, 37, 21, 22, 18, 33, 20, 31, 32, 53, 52, 54, 55, 57, 56, 10, 66, 67, 70, 71, 74, 75, 9, 80, 81, 84, 86, 87, 85, 92, 93, 43, 42, 12, 102, 103, 13, 108, 109, 49, 48, 114, 115, 116, 122, 123, 117, 118, 119, 62, 63, 106, 107, 99, 61, 60, 41, 98, 40, 138, 147, 148, 149, 139, 146, 162, 163, 166, 167, 168, 169, 170, 171, 143, 140, 112, 113, 184, 185, 150, 182, 183, 156, 157, 194, 195, 151, 202, 203, 204, 205, 208, 209, 214, 215, 136, 206, 207, 220, 221, 222, 223, 141, 137, 142, 197, 240, 241, 242, 243, 244, 245, 196, 90, 91, 78, 260, 261, 262, 263, 268, 269, 258, 274, 275, 259, 97, 96, 79, 266, 285, 282, 280, 284, 288, 289, 292, 293, 287, 281, 302, 303, 304, 305, 306, 312, 313, 307, 308, 309, 318, 319, 267, 283, 286, 326, 327, 328, 329, 330, 331, 334, 335, 336, 337, 340, 341, 300, 301, 339, 348, 349, 338, 172, 173, 352, 192, 193, 353, 344, 362, 363, 190, 145, 345, 144, 191, 295, 294, 265, 264, 382, 383, 384, 385, 332, 333, 325, 324, 160, 180, 181, 161, 350, 351, 343, 342, 188, 135, 397, 213, 410, 412, 413, 411, 212, 311, 299, 230, 291, 231, 290, 255, 254, 310, 130, 131, 428, 429, 440, 441, 433, 446, 447, 434, 435, 432, 403, 418, 419, 298, 189, 388, 470, 471, 402, 389, 396, 390, 391, 134, 165, 164, 486, 487, 490, 491, 492, 493, 498, 499, 500, 501, 387, 472, 473, 271, 270, 514, 515, 518, 519, 516, 517, 386, 502, 503, 219, 218, 322, 316, 409, 524, 279, 423, 200, 201, 179, 415, 427, 525, 531, 535, 534, 542, 543, 178, 278, 548, 549, 521, 552, 553, 554, 555, 558, 563, 564, 565, 559, 562, 568, 569, 530, 571, 359, 570, 520, 317, 176, 177, 574, 575, 512, 580, 422, 124, 494, 584, 581, 426, 587, 588, 393, 248, 443, 591, 593, 592, 454, 480, 226, 453, 595, 452, 227, 358, 442, 601, 356, 458, 484, 582, 583, 589, 357, 586, 590, 364, 455, 594, 600, 368, 608, 609, 365, 460, 485, 369, 612, 613, 620, 621, 323, 462, 616, 617, 618, 619, 622, 627, 623, 624, 625, 626, 628, 629, 375, 636, 637, 630, 631, 632, 633, 634, 635, 638, 639, 640, 641, 469, 642, 643, 644, 645, 646, 647, 459, 481, 585, 374, 392, 125, 249, 461, 468, 495, 408, 414, 463, 513, 654, 655, 420, 656, 657, 378, 547, 546, 664, 665, 421]
  列生成求解结果: 目标值=8.0000， 下界=8.0000， 上界=10.0000
    非整数变量: COL_18-20-27_47 = 0.333333
  解不是整数，开始分支...
ImposedVertex(vertex=27)
ForbidVertex(vertex=27)
  创建了 2 个分支
    添加分支节点 1: ID=666
    添加分支节点 2: ID=667
  进度: 已处理 450 个节点, 剩余 161 个, 当前最优 10.0000, 当前列数: 2848

处理节点 666
  开始列生成求解...
Set parameter LogToConsole to value 0
Set parameter Threads to value 1
Set parameter Seed to value 0
  定价策略: Exact, node=666, vertices=15
Set parameter PoolSearchMode to value 2
Set parameter PoolSolutions to value 10
[CG 1] RMP=12.000000, pricing=ExactPricingSolver, new_columns=10
[CG 2] RMP=11.000000, pricing=ExactPricingSolver, new_columns=0
  搜索路径: [1, 2, 4, 5, 3, 8, 11, 14, 15, 16, 17, 19, 23, 24, 25, 27, 26, 30, 36, 37, 21, 22, 18, 33, 20, 31, 32, 53, 52, 54, 55, 57, 56, 10, 66, 67, 70, 71, 74, 75, 9, 80, 81, 84, 86, 87, 85, 92, 93, 43, 42, 12, 102, 103, 13, 108, 109, 49, 48, 114, 115, 116, 122, 123, 117, 118, 119, 62, 63, 106, 107, 99, 61, 60, 41, 98, 40, 138, 147, 148, 149, 139, 146, 162, 163, 166, 167, 168, 169, 170, 171, 143, 140, 112, 113, 184, 185, 150, 182, 183, 156, 157, 194, 195, 151, 202, 203, 204, 205, 208, 209, 214, 215, 136, 206, 207, 220, 221, 222, 223, 141, 137, 142, 197, 240, 241, 242, 243, 244, 245, 196, 90, 91, 78, 260, 261, 262, 263, 268, 269, 258, 274, 275, 259, 97, 96, 79, 266, 285, 282, 280, 284, 288, 289, 292, 293, 287, 281, 302, 303, 304, 305, 306, 312, 313, 307, 308, 309, 318, 319, 267, 283, 286, 326, 327, 328, 329, 330, 331, 334, 335, 336, 337, 340, 341, 300, 301, 339, 348, 349, 338, 172, 173, 352, 192, 193, 353, 344, 362, 363, 190, 145, 345, 144, 191, 295, 294, 265, 264, 382, 383, 384, 385, 332, 333, 325, 324, 160, 180, 181, 161, 350, 351, 343, 342, 188, 135, 397, 213, 410, 412, 413, 411, 212, 311, 299, 230, 291, 231, 290, 255, 254, 310, 130, 131, 428, 429, 440, 441, 433, 446, 447, 434, 435, 432, 403, 418, 419, 298, 189, 388, 470, 471, 402, 389, 396, 390, 391, 134, 165, 164, 486, 487, 490, 491, 492, 493, 498, 499, 500, 501, 387, 472, 473, 271, 270, 514, 515, 518, 519, 516, 517, 386, 502, 503, 219, 218, 322, 316, 409, 524, 279, 423, 200, 201, 179, 415, 427, 525, 531, 535, 534, 542, 543, 178, 278, 548, 549, 521, 552, 553, 554, 555, 558, 563, 564, 565, 559, 562, 568, 569, 530, 571, 359, 570, 520, 317, 176, 177, 574, 575, 512, 580, 422, 124, 494, 584, 581, 426, 587, 588, 393, 248, 443, 591, 593, 592, 454, 480, 226, 453, 595, 452, 227, 358, 442, 601, 356, 458, 484, 582, 583, 589, 357, 586, 590, 364, 455, 594, 600, 368, 608, 609, 365, 460, 485, 369, 612, 613, 620, 621, 323, 462, 616, 617, 618, 619, 622, 627, 623, 624, 625, 626, 628, 629, 375, 636, 637, 630, 631, 632, 633, 634, 635, 638, 639, 640, 641, 469, 642, 643, 644, 645, 646, 647, 459, 481, 585, 374, 392, 125, 249, 461, 468, 495, 408, 414, 463, 513, 654, 655, 420, 656, 657, 378, 547, 546, 664, 665, 421, 666]
  列生成求解结果: 目标值=11.0000， 下界=8.0000， 上界=10.0000

处理节点 667
  开始列生成求解...
Set parameter LogToConsole to value 0
Set parameter Threads to value 1
Set parameter Seed to value 0
  定价策略: Exact, node=667, vertices=15
Set parameter PoolSearchMode to value 2
Set parameter PoolSolutions to value 10
[CG 1] RMP=12.000000, pricing=ExactPricingSolver, new_columns=0
  搜索路径: [1, 2, 4, 5, 3, 8, 11, 14, 15, 16, 17, 19, 23, 24, 25, 27, 26, 30, 36, 37, 21, 22, 18, 33, 20, 31, 32, 53, 52, 54, 55, 57, 56, 10, 66, 67, 70, 71, 74, 75, 9, 80, 81, 84, 86, 87, 85, 92, 93, 43, 42, 12, 102, 103, 13, 108, 109, 49, 48, 114, 115, 116, 122, 123, 117, 118, 119, 62, 63, 106, 107, 99, 61, 60, 41, 98, 40, 138, 147, 148, 149, 139, 146, 162, 163, 166, 167, 168, 169, 170, 171, 143, 140, 112, 113, 184, 185, 150, 182, 183, 156, 157, 194, 195, 151, 202, 203, 204, 205, 208, 209, 214, 215, 136, 206, 207, 220, 221, 222, 223, 141, 137, 142, 197, 240, 241, 242, 243, 244, 245, 196, 90, 91, 78, 260, 261, 262, 263, 268, 269, 258, 274, 275, 259, 97, 96, 79, 266, 285, 282, 280, 284, 288, 289, 292, 293, 287, 281, 302, 303, 304, 305, 306, 312, 313, 307, 308, 309, 318, 319, 267, 283, 286, 326, 327, 328, 329, 330, 331, 334, 335, 336, 337, 340, 341, 300, 301, 339, 348, 349, 338, 172, 173, 352, 192, 193, 353, 344, 362, 363, 190, 145, 345, 144, 191, 295, 294, 265, 264, 382, 383, 384, 385, 332, 333, 325, 324, 160, 180, 181, 161, 350, 351, 343, 342, 188, 135, 397, 213, 410, 412, 413, 411, 212, 311, 299, 230, 291, 231, 290, 255, 254, 310, 130, 131, 428, 429, 440, 441, 433, 446, 447, 434, 435, 432, 403, 418, 419, 298, 189, 388, 470, 471, 402, 389, 396, 390, 391, 134, 165, 164, 486, 487, 490, 491, 492, 493, 498, 499, 500, 501, 387, 472, 473, 271, 270, 514, 515, 518, 519, 516, 517, 386, 502, 503, 219, 218, 322, 316, 409, 524, 279, 423, 200, 201, 179, 415, 427, 525, 531, 535, 534, 542, 543, 178, 278, 548, 549, 521, 552, 553, 554, 555, 558, 563, 564, 565, 559, 562, 568, 569, 530, 571, 359, 570, 520, 317, 176, 177, 574, 575, 512, 580, 422, 124, 494, 584, 581, 426, 587, 588, 393, 248, 443, 591, 593, 592, 454, 480, 226, 453, 595, 452, 227, 358, 442, 601, 356, 458, 484, 582, 583, 589, 357, 586, 590, 364, 455, 594, 600, 368, 608, 609, 365, 460, 485, 369, 612, 613, 620, 621, 323, 462, 616, 617, 618, 619, 622, 627, 623, 624, 625, 626, 628, 629, 375, 636, 637, 630, 631, 632, 633, 634, 635, 638, 639, 640, 641, 469, 642, 643, 644, 645, 646, 647, 459, 481, 585, 374, 392, 125, 249, 461, 468, 495, 408, 414, 463, 513, 654, 655, 420, 656, 657, 378, 547, 546, 664, 665, 421, 666, 667]
  列生成求解结果: 目标值=12.0000， 下界=8.0000， 上界=10.0000

处理节点 661
  开始列生成求解...
Set parameter LogToConsole to value 0
Set parameter Threads to value 1
Set parameter Seed to value 0
  定价策略: Exact, node=661, vertices=16
Set parameter PoolSearchMode to value 2
Set parameter PoolSolutions to value 10
[CG 1] RMP=2010.000000, pricing=ExactPricingSolver, new_columns=10
[CG 2] RMP=10.000000, pricing=ExactPricingSolver, new_columns=0
  搜索路径: [1, 2, 4, 5, 3, 8, 11, 14, 15, 16, 17, 19, 23, 24, 25, 27, 26, 30, 36, 37, 21, 22, 18, 33, 20, 31, 32, 53, 52, 54, 55, 57, 56, 10, 66, 67, 70, 71, 74, 75, 9, 80, 81, 84, 86, 87, 85, 92, 93, 43, 42, 12, 102, 103, 13, 108, 109, 49, 48, 114, 115, 116, 122, 123, 117, 118, 119, 62, 63, 106, 107, 99, 61, 60, 41, 98, 40, 138, 147, 148, 149, 139, 146, 162, 163, 166, 167, 168, 169, 170, 171, 143, 140, 112, 113, 184, 185, 150, 182, 183, 156, 157, 194, 195, 151, 202, 203, 204, 205, 208, 209, 214, 215, 136, 206, 207, 220, 221, 222, 223, 141, 137, 142, 197, 240, 241, 242, 243, 244, 245, 196, 90, 91, 78, 260, 261, 262, 263, 268, 269, 258, 274, 275, 259, 97, 96, 79, 266, 285, 282, 280, 284, 288, 289, 292, 293, 287, 281, 302, 303, 304, 305, 306, 312, 313, 307, 308, 309, 318, 319, 267, 283, 286, 326, 327, 328, 329, 330, 331, 334, 335, 336, 337, 340, 341, 300, 301, 339, 348, 349, 338, 172, 173, 352, 192, 193, 353, 344, 362, 363, 190, 145, 345, 144, 191, 295, 294, 265, 264, 382, 383, 384, 385, 332, 333, 325, 324, 160, 180, 181, 161, 350, 351, 343, 342, 188, 135, 397, 213, 410, 412, 413, 411, 212, 311, 299, 230, 291, 231, 290, 255, 254, 310, 130, 131, 428, 429, 440, 441, 433, 446, 447, 434, 435, 432, 403, 418, 419, 298, 189, 388, 470, 471, 402, 389, 396, 390, 391, 134, 165, 164, 486, 487, 490, 491, 492, 493, 498, 499, 500, 501, 387, 472, 473, 271, 270, 514, 515, 518, 519, 516, 517, 386, 502, 503, 219, 218, 322, 316, 409, 524, 279, 423, 200, 201, 179, 415, 427, 525, 531, 535, 534, 542, 543, 178, 278, 548, 549, 521, 552, 553, 554, 555, 558, 563, 564, 565, 559, 562, 568, 569, 530, 571, 359, 570, 520, 317, 176, 177, 574, 575, 512, 580, 422, 124, 494, 584, 581, 426, 587, 588, 393, 248, 443, 591, 593, 592, 454, 480, 226, 453, 595, 452, 227, 358, 442, 601, 356, 458, 484, 582, 583, 589, 357, 586, 590, 364, 455, 594, 600, 368, 608, 609, 365, 460, 485, 369, 612, 613, 620, 621, 323, 462, 616, 617, 618, 619, 622, 627, 623, 624, 625, 626, 628, 629, 375, 636, 637, 630, 631, 632, 633, 634, 635, 638, 639, 640, 641, 469, 642, 643, 644, 645, 646, 647, 459, 481, 585, 374, 392, 125, 249, 461, 468, 495, 408, 414, 463, 513, 654, 655, 420, 656, 657, 378, 547, 546, 664, 665, 421, 666, 667, 661]
  列生成求解结果: 目标值=10.0000， 下界=8.0000， 上界=10.0000

处理节点 379
  开始列生成求解...
Set parameter LogToConsole to value 0
Set parameter Threads to value 1
Set parameter Seed to value 0
  定价策略: Exact, node=379, vertices=17
Set parameter PoolSearchMode to value 2
Set parameter PoolSolutions to value 10
[CG 1] RMP=2010.000000, pricing=ExactPricingSolver, new_columns=10
[CG 2] RMP=12.000000, pricing=ExactPricingSolver, new_columns=0
  搜索路径: [1, 2, 4, 5, 3, 8, 11, 14, 15, 16, 17, 19, 23, 24, 25, 27, 26, 30, 36, 37, 21, 22, 18, 33, 20, 31, 32, 53, 52, 54, 55, 57, 56, 10, 66, 67, 70, 71, 74, 75, 9, 80, 81, 84, 86, 87, 85, 92, 93, 43, 42, 12, 102, 103, 13, 108, 109, 49, 48, 114, 115, 116, 122, 123, 117, 118, 119, 62, 63, 106, 107, 99, 61, 60, 41, 98, 40, 138, 147, 148, 149, 139, 146, 162, 163, 166, 167, 168, 169, 170, 171, 143, 140, 112, 113, 184, 185, 150, 182, 183, 156, 157, 194, 195, 151, 202, 203, 204, 205, 208, 209, 214, 215, 136, 206, 207, 220, 221, 222, 223, 141, 137, 142, 197, 240, 241, 242, 243, 244, 245, 196, 90, 91, 78, 260, 261, 262, 263, 268, 269, 258, 274, 275, 259, 97, 96, 79, 266, 285, 282, 280, 284, 288, 289, 292, 293, 287, 281, 302, 303, 304, 305, 306, 312, 313, 307, 308, 309, 318, 319, 267, 283, 286, 326, 327, 328, 329, 330, 331, 334, 335, 336, 337, 340, 341, 300, 301, 339, 348, 349, 338, 172, 173, 352, 192, 193, 353, 344, 362, 363, 190, 145, 345, 144, 191, 295, 294, 265, 264, 382, 383, 384, 385, 332, 333, 325, 324, 160, 180, 181, 161, 350, 351, 343, 342, 188, 135, 397, 213, 410, 412, 413, 411, 212, 311, 299, 230, 291, 231, 290, 255, 254, 310, 130, 131, 428, 429, 440, 441, 433, 446, 447, 434, 435, 432, 403, 418, 419, 298, 189, 388, 470, 471, 402, 389, 396, 390, 391, 134, 165, 164, 486, 487, 490, 491, 492, 493, 498, 499, 500, 501, 387, 472, 473, 271, 270, 514, 515, 518, 519, 516, 517, 386, 502, 503, 219, 218, 322, 316, 409, 524, 279, 423, 200, 201, 179, 415, 427, 525, 531, 535, 534, 542, 543, 178, 278, 548, 549, 521, 552, 553, 554, 555, 558, 563, 564, 565, 559, 562, 568, 569, 530, 571, 359, 570, 520, 317, 176, 177, 574, 575, 512, 580, 422, 124, 494, 584, 581, 426, 587, 588, 393, 248, 443, 591, 593, 592, 454, 480, 226, 453, 595, 452, 227, 358, 442, 601, 356, 458, 484, 582, 583, 589, 357, 586, 590, 364, 455, 594, 600, 368, 608, 609, 365, 460, 485, 369, 612, 613, 620, 621, 323, 462, 616, 617, 618, 619, 622, 627, 623, 624, 625, 626, 628, 629, 375, 636, 637, 630, 631, 632, 633, 634, 635, 638, 639, 640, 641, 469, 642, 643, 644, 645, 646, 647, 459, 481, 585, 374, 392, 125, 249, 461, 468, 495, 408, 414, 463, 513, 654, 655, 420, 656, 657, 378, 547, 546, 664, 665, 421, 666, 667, 661, 379]
  列生成求解结果: 目标值=12.0000， 下界=8.0000， 上界=10.0000

处理节点 660
  开始列生成求解...
Set parameter LogToConsole to value 0
Set parameter Threads to value 1
Set parameter Seed to value 0
  定价策略: Exact, node=660, vertices=16
Set parameter PoolSearchMode to value 2
Set parameter PoolSolutions to value 10
[CG 1] RMP=9.000000, pricing=ExactPricingSolver, new_columns=0
  搜索路径: [1, 2, 4, 5, 3, 8, 11, 14, 15, 16, 17, 19, 23, 24, 25, 27, 26, 30, 36, 37, 21, 22, 18, 33, 20, 31, 32, 53, 52, 54, 55, 57, 56, 10, 66, 67, 70, 71, 74, 75, 9, 80, 81, 84, 86, 87, 85, 92, 93, 43, 42, 12, 102, 103, 13, 108, 109, 49, 48, 114, 115, 116, 122, 123, 117, 118, 119, 62, 63, 106, 107, 99, 61, 60, 41, 98, 40, 138, 147, 148, 149, 139, 146, 162, 163, 166, 167, 168, 169, 170, 171, 143, 140, 112, 113, 184, 185, 150, 182, 183, 156, 157, 194, 195, 151, 202, 203, 204, 205, 208, 209, 214, 215, 136, 206, 207, 220, 221, 222, 223, 141, 137, 142, 197, 240, 241, 242, 243, 244, 245, 196, 90, 91, 78, 260, 261, 262, 263, 268, 269, 258, 274, 275, 259, 97, 96, 79, 266, 285, 282, 280, 284, 288, 289, 292, 293, 287, 281, 302, 303, 304, 305, 306, 312, 313, 307, 308, 309, 318, 319, 267, 283, 286, 326, 327, 328, 329, 330, 331, 334, 335, 336, 337, 340, 341, 300, 301, 339, 348, 349, 338, 172, 173, 352, 192, 193, 353, 344, 362, 363, 190, 145, 345, 144, 191, 295, 294, 265, 264, 382, 383, 384, 385, 332, 333, 325, 324, 160, 180, 181, 161, 350, 351, 343, 342, 188, 135, 397, 213, 410, 412, 413, 411, 212, 311, 299, 230, 291, 231, 290, 255, 254, 310, 130, 131, 428, 429, 440, 441, 433, 446, 447, 434, 435, 432, 403, 418, 419, 298, 189, 388, 470, 471, 402, 389, 396, 390, 391, 134, 165, 164, 486, 487, 490, 491, 492, 493, 498, 499, 500, 501, 387, 472, 473, 271, 270, 514, 515, 518, 519, 516, 517, 386, 502, 503, 219, 218, 322, 316, 409, 524, 279, 423, 200, 201, 179, 415, 427, 525, 531, 535, 534, 542, 543, 178, 278, 548, 549, 521, 552, 553, 554, 555, 558, 563, 564, 565, 559, 562, 568, 569, 530, 571, 359, 570, 520, 317, 176, 177, 574, 575, 512, 580, 422, 124, 494, 584, 581, 426, 587, 588, 393, 248, 443, 591, 593, 592, 454, 480, 226, 453, 595, 452, 227, 358, 442, 601, 356, 458, 484, 582, 583, 589, 357, 586, 590, 364, 455, 594, 600, 368, 608, 609, 365, 460, 485, 369, 612, 613, 620, 621, 323, 462, 616, 617, 618, 619, 622, 627, 623, 624, 625, 626, 628, 629, 375, 636, 637, 630, 631, 632, 633, 634, 635, 638, 639, 640, 641, 469, 642, 643, 644, 645, 646, 647, 459, 481, 585, 374, 392, 125, 249, 461, 468, 495, 408, 414, 463, 513, 654, 655, 420, 656, 657, 378, 547, 546, 664, 665, 421, 666, 667, 661, 379, 660]
  列生成求解结果: 目标值=9.0000， 下界=8.0000， 上界=10.0000
    非整数变量: COL_18-23-9_35 = 0.409091
  解不是整数，开始分支...
ImposedVertex(vertex=27)
ForbidVertex(vertex=27)
  创建了 2 个分支
    添加分支节点 1: ID=668
    添加分支节点 2: ID=669

处理节点 320
  开始列生成求解...
Set parameter LogToConsole to value 0
Set parameter Threads to value 1
Set parameter Seed to value 0
  定价策略: Exact, node=320, vertices=15
Set parameter PoolSearchMode to value 2
Set parameter PoolSolutions to value 10
[CG 1] RMP=18.000000, pricing=ExactPricingSolver, new_columns=10
[CG 2] RMP=12.000000, pricing=ExactPricingSolver, new_columns=10
[CG 3] RMP=12.000000, pricing=ExactPricingSolver, new_columns=0
  搜索路径: [1, 2, 4, 5, 3, 8, 11, 14, 15, 16, 17, 19, 23, 24, 25, 27, 26, 30, 36, 37, 21, 22, 18, 33, 20, 31, 32, 53, 52, 54, 55, 57, 56, 10, 66, 67, 70, 71, 74, 75, 9, 80, 81, 84, 86, 87, 85, 92, 93, 43, 42, 12, 102, 103, 13, 108, 109, 49, 48, 114, 115, 116, 122, 123, 117, 118, 119, 62, 63, 106, 107, 99, 61, 60, 41, 98, 40, 138, 147, 148, 149, 139, 146, 162, 163, 166, 167, 168, 169, 170, 171, 143, 140, 112, 113, 184, 185, 150, 182, 183, 156, 157, 194, 195, 151, 202, 203, 204, 205, 208, 209, 214, 215, 136, 206, 207, 220, 221, 222, 223, 141, 137, 142, 197, 240, 241, 242, 243, 244, 245, 196, 90, 91, 78, 260, 261, 262, 263, 268, 269, 258, 274, 275, 259, 97, 96, 79, 266, 285, 282, 280, 284, 288, 289, 292, 293, 287, 281, 302, 303, 304, 305, 306, 312, 313, 307, 308, 309, 318, 319, 267, 283, 286, 326, 327, 328, 329, 330, 331, 334, 335, 336, 337, 340, 341, 300, 301, 339, 348, 349, 338, 172, 173, 352, 192, 193, 353, 344, 362, 363, 190, 145, 345, 144, 191, 295, 294, 265, 264, 382, 383, 384, 385, 332, 333, 325, 324, 160, 180, 181, 161, 350, 351, 343, 342, 188, 135, 397, 213, 410, 412, 413, 411, 212, 311, 299, 230, 291, 231, 290, 255, 254, 310, 130, 131, 428, 429, 440, 441, 433, 446, 447, 434, 435, 432, 403, 418, 419, 298, 189, 388, 470, 471, 402, 389, 396, 390, 391, 134, 165, 164, 486, 487, 490, 491, 492, 493, 498, 499, 500, 501, 387, 472, 473, 271, 270, 514, 515, 518, 519, 516, 517, 386, 502, 503, 219, 218, 322, 316, 409, 524, 279, 423, 200, 201, 179, 415, 427, 525, 531, 535, 534, 542, 543, 178, 278, 548, 549, 521, 552, 553, 554, 555, 558, 563, 564, 565, 559, 562, 568, 569, 530, 571, 359, 570, 520, 317, 176, 177, 574, 575, 512, 580, 422, 124, 494, 584, 581, 426, 587, 588, 393, 248, 443, 591, 593, 592, 454, 480, 226, 453, 595, 452, 227, 358, 442, 601, 356, 458, 484, 582, 583, 589, 357, 586, 590, 364, 455, 594, 600, 368, 608, 609, 365, 460, 485, 369, 612, 613, 620, 621, 323, 462, 616, 617, 618, 619, 622, 627, 623, 624, 625, 626, 628, 629, 375, 636, 637, 630, 631, 632, 633, 634, 635, 638, 639, 640, 641, 469, 642, 643, 644, 645, 646, 647, 459, 481, 585, 374, 392, 125, 249, 461, 468, 495, 408, 414, 463, 513, 654, 655, 420, 656, 657, 378, 547, 546, 664, 665, 421, 666, 667, 661, 379, 660, 320]
  列生成求解结果: 目标值=12.0000， 下界=9.0000， 上界=10.0000

处理节点 321
  开始列生成求解...
Set parameter LogToConsole to value 0
Set parameter Threads to value 1
Set parameter Seed to value 0
  定价策略: Exact, node=321, vertices=15
Set parameter PoolSearchMode to value 2
Set parameter PoolSolutions to value 10
[CG 1] RMP=2010.000000, pricing=ExactPricingSolver, new_columns=10
[CG 2] RMP=509.000000, pricing=ExactPricingSolver, new_columns=10
[CG 3] RMP=9.000000, pricing=ExactPricingSolver, new_columns=0
  搜索路径: [1, 2, 4, 5, 3, 8, 11, 14, 15, 16, 17, 19, 23, 24, 25, 27, 26, 30, 36, 37, 21, 22, 18, 33, 20, 31, 32, 53, 52, 54, 55, 57, 56, 10, 66, 67, 70, 71, 74, 75, 9, 80, 81, 84, 86, 87, 85, 92, 93, 43, 42, 12, 102, 103, 13, 108, 109, 49, 48, 114, 115, 116, 122, 123, 117, 118, 119, 62, 63, 106, 107, 99, 61, 60, 41, 98, 40, 138, 147, 148, 149, 139, 146, 162, 163, 166, 167, 168, 169, 170, 171, 143, 140, 112, 113, 184, 185, 150, 182, 183, 156, 157, 194, 195, 151, 202, 203, 204, 205, 208, 209, 214, 215, 136, 206, 207, 220, 221, 222, 223, 141, 137, 142, 197, 240, 241, 242, 243, 244, 245, 196, 90, 91, 78, 260, 261, 262, 263, 268, 269, 258, 274, 275, 259, 97, 96, 79, 266, 285, 282, 280, 284, 288, 289, 292, 293, 287, 281, 302, 303, 304, 305, 306, 312, 313, 307, 308, 309, 318, 319, 267, 283, 286, 326, 327, 328, 329, 330, 331, 334, 335, 336, 337, 340, 341, 300, 301, 339, 348, 349, 338, 172, 173, 352, 192, 193, 353, 344, 362, 363, 190, 145, 345, 144, 191, 295, 294, 265, 264, 382, 383, 384, 385, 332, 333, 325, 324, 160, 180, 181, 161, 350, 351, 343, 342, 188, 135, 397, 213, 410, 412, 413, 411, 212, 311, 299, 230, 291, 231, 290, 255, 254, 310, 130, 131, 428, 429, 440, 441, 433, 446, 447, 434, 435, 432, 403, 418, 419, 298, 189, 388, 470, 471, 402, 389, 396, 390, 391, 134, 165, 164, 486, 487, 490, 491, 492, 493, 498, 499, 500, 501, 387, 472, 473, 271, 270, 514, 515, 518, 519, 516, 517, 386, 502, 503, 219, 218, 322, 316, 409, 524, 279, 423, 200, 201, 179, 415, 427, 525, 531, 535, 534, 542, 543, 178, 278, 548, 549, 521, 552, 553, 554, 555, 558, 563, 564, 565, 559, 562, 568, 569, 530, 571, 359, 570, 520, 317, 176, 177, 574, 575, 512, 580, 422, 124, 494, 584, 581, 426, 587, 588, 393, 248, 443, 591, 593, 592, 454, 480, 226, 453, 595, 452, 227, 358, 442, 601, 356, 458, 484, 582, 583, 589, 357, 586, 590, 364, 455, 594, 600, 368, 608, 609, 365, 460, 485, 369, 612, 613, 620, 621, 323, 462, 616, 617, 618, 619, 622, 627, 623, 624, 625, 626, 628, 629, 375, 636, 637, 630, 631, 632, 633, 634, 635, 638, 639, 640, 641, 469, 642, 643, 644, 645, 646, 647, 459, 481, 585, 374, 392, 125, 249, 461, 468, 495, 408, 414, 463, 513, 654, 655, 420, 656, 657, 378, 547, 546, 664, 665, 421, 666, 667, 661, 379, 660, 320, 321]
  列生成求解结果: 目标值=9.0000， 下界=9.0000， 上界=10.0000
    非整数变量: COL_19-2-21-28-4-7_1356 = 0.500000
  解不是整数，开始分支...
ImposedVertex(vertex=2)
ForbidVertex(vertex=2)
  创建了 2 个分支
    添加分支节点 1: ID=670
    添加分支节点 2: ID=671

处理节点 404
  开始列生成求解...
Set parameter LogToConsole to value 0
Set parameter Threads to value 1
Set parameter Seed to value 0
  定价策略: Exact, node=404, vertices=17
Set parameter PoolSearchMode to value 2
Set parameter PoolSolutions to value 10
[CG 1] RMP=14.000000, pricing=ExactPricingSolver, new_columns=10
[CG 2] RMP=11.000000, pricing=ExactPricingSolver, new_columns=0
  搜索路径: [1, 2, 4, 5, 3, 8, 11, 14, 15, 16, 17, 19, 23, 24, 25, 27, 26, 30, 36, 37, 21, 22, 18, 33, 20, 31, 32, 53, 52, 54, 55, 57, 56, 10, 66, 67, 70, 71, 74, 75, 9, 80, 81, 84, 86, 87, 85, 92, 93, 43, 42, 12, 102, 103, 13, 108, 109, 49, 48, 114, 115, 116, 122, 123, 117, 118, 119, 62, 63, 106, 107, 99, 61, 60, 41, 98, 40, 138, 147, 148, 149, 139, 146, 162, 163, 166, 167, 168, 169, 170, 171, 143, 140, 112, 113, 184, 185, 150, 182, 183, 156, 157, 194, 195, 151, 202, 203, 204, 205, 208, 209, 214, 215, 136, 206, 207, 220, 221, 222, 223, 141, 137, 142, 197, 240, 241, 242, 243, 244, 245, 196, 90, 91, 78, 260, 261, 262, 263, 268, 269, 258, 274, 275, 259, 97, 96, 79, 266, 285, 282, 280, 284, 288, 289, 292, 293, 287, 281, 302, 303, 304, 305, 306, 312, 313, 307, 308, 309, 318, 319, 267, 283, 286, 326, 327, 328, 329, 330, 331, 334, 335, 336, 337, 340, 341, 300, 301, 339, 348, 349, 338, 172, 173, 352, 192, 193, 353, 344, 362, 363, 190, 145, 345, 144, 191, 295, 294, 265, 264, 382, 383, 384, 385, 332, 333, 325, 324, 160, 180, 181, 161, 350, 351, 343, 342, 188, 135, 397, 213, 410, 412, 413, 411, 212, 311, 299, 230, 291, 231, 290, 255, 254, 310, 130, 131, 428, 429, 440, 441, 433, 446, 447, 434, 435, 432, 403, 418, 419, 298, 189, 388, 470, 471, 402, 389, 396, 390, 391, 134, 165, 164, 486, 487, 490, 491, 492, 493, 498, 499, 500, 501, 387, 472, 473, 271, 270, 514, 515, 518, 519, 516, 517, 386, 502, 503, 219, 218, 322, 316, 409, 524, 279, 423, 200, 201, 179, 415, 427, 525, 531, 535, 534, 542, 543, 178, 278, 548, 549, 521, 552, 553, 554, 555, 558, 563, 564, 565, 559, 562, 568, 569, 530, 571, 359, 570, 520, 317, 176, 177, 574, 575, 512, 580, 422, 124, 494, 584, 581, 426, 587, 588, 393, 248, 443, 591, 593, 592, 454, 480, 226, 453, 595, 452, 227, 358, 442, 601, 356, 458, 484, 582, 583, 589, 357, 586, 590, 364, 455, 594, 600, 368, 608, 609, 365, 460, 485, 369, 612, 613, 620, 621, 323, 462, 616, 617, 618, 619, 622, 627, 623, 624, 625, 626, 628, 629, 375, 636, 637, 630, 631, 632, 633, 634, 635, 638, 639, 640, 641, 469, 642, 643, 644, 645, 646, 647, 459, 481, 585, 374, 392, 125, 249, 461, 468, 495, 408, 414, 463, 513, 654, 655, 420, 656, 657, 378, 547, 546, 664, 665, 421, 666, 667, 661, 379, 660, 320, 321, 404]
  列生成求解结果: 目标值=11.0000， 下界=9.0000， 上界=10.0000

处理节点 567
  开始列生成求解...
Set parameter LogToConsole to value 0
Set parameter Threads to value 1
Set parameter Seed to value 0
  定价策略: Exact, node=567, vertices=13
Set parameter PoolSearchMode to value 2
Set parameter PoolSolutions to value 10
[CG 1] RMP=11.000000, pricing=ExactPricingSolver, new_columns=0
  搜索路径: [1, 2, 4, 5, 3, 8, 11, 14, 15, 16, 17, 19, 23, 24, 25, 27, 26, 30, 36, 37, 21, 22, 18, 33, 20, 31, 32, 53, 52, 54, 55, 57, 56, 10, 66, 67, 70, 71, 74, 75, 9, 80, 81, 84, 86, 87, 85, 92, 93, 43, 42, 12, 102, 103, 13, 108, 109, 49, 48, 114, 115, 116, 122, 123, 117, 118, 119, 62, 63, 106, 107, 99, 61, 60, 41, 98, 40, 138, 147, 148, 149, 139, 146, 162, 163, 166, 167, 168, 169, 170, 171, 143, 140, 112, 113, 184, 185, 150, 182, 183, 156, 157, 194, 195, 151, 202, 203, 204, 205, 208, 209, 214, 215, 136, 206, 207, 220, 221, 222, 223, 141, 137, 142, 197, 240, 241, 242, 243, 244, 245, 196, 90, 91, 78, 260, 261, 262, 263, 268, 269, 258, 274, 275, 259, 97, 96, 79, 266, 285, 282, 280, 284, 288, 289, 292, 293, 287, 281, 302, 303, 304, 305, 306, 312, 313, 307, 308, 309, 318, 319, 267, 283, 286, 326, 327, 328, 329, 330, 331, 334, 335, 336, 337, 340, 341, 300, 301, 339, 348, 349, 338, 172, 173, 352, 192, 193, 353, 344, 362, 363, 190, 145, 345, 144, 191, 295, 294, 265, 264, 382, 383, 384, 385, 332, 333, 325, 324, 160, 180, 181, 161, 350, 351, 343, 342, 188, 135, 397, 213, 410, 412, 413, 411, 212, 311, 299, 230, 291, 231, 290, 255, 254, 310, 130, 131, 428, 429, 440, 441, 433, 446, 447, 434, 435, 432, 403, 418, 419, 298, 189, 388, 470, 471, 402, 389, 396, 390, 391, 134, 165, 164, 486, 487, 490, 491, 492, 493, 498, 499, 500, 501, 387, 472, 473, 271, 270, 514, 515, 518, 519, 516, 517, 386, 502, 503, 219, 218, 322, 316, 409, 524, 279, 423, 200, 201, 179, 415, 427, 525, 531, 535, 534, 542, 543, 178, 278, 548, 549, 521, 552, 553, 554, 555, 558, 563, 564, 565, 559, 562, 568, 569, 530, 571, 359, 570, 520, 317, 176, 177, 574, 575, 512, 580, 422, 124, 494, 584, 581, 426, 587, 588, 393, 248, 443, 591, 593, 592, 454, 480, 226, 453, 595, 452, 227, 358, 442, 601, 356, 458, 484, 582, 583, 589, 357, 586, 590, 364, 455, 594, 600, 368, 608, 609, 365, 460, 485, 369, 612, 613, 620, 621, 323, 462, 616, 617, 618, 619, 622, 627, 623, 624, 625, 626, 628, 629, 375, 636, 637, 630, 631, 632, 633, 634, 635, 638, 639, 640, 641, 469, 642, 643, 644, 645, 646, 647, 459, 481, 585, 374, 392, 125, 249, 461, 468, 495, 408, 414, 463, 513, 654, 655, 420, 656, 657, 378, 547, 546, 664, 665, 421, 666, 667, 661, 379, 660, 320, 321, 404, 567]
  列生成求解结果: 目标值=11.0000， 下界=9.0000， 上界=10.0000

处理节点 566
  开始列生成求解...
Set parameter LogToConsole to value 0
Set parameter Threads to value 1
Set parameter Seed to value 0
  定价策略: Exact, node=566, vertices=13
Set parameter PoolSearchMode to value 2
Set parameter PoolSolutions to value 10
[CG 1] RMP=12.000000, pricing=ExactPricingSolver, new_columns=0
  搜索路径: [1, 2, 4, 5, 3, 8, 11, 14, 15, 16, 17, 19, 23, 24, 25, 27, 26, 30, 36, 37, 21, 22, 18, 33, 20, 31, 32, 53, 52, 54, 55, 57, 56, 10, 66, 67, 70, 71, 74, 75, 9, 80, 81, 84, 86, 87, 85, 92, 93, 43, 42, 12, 102, 103, 13, 108, 109, 49, 48, 114, 115, 116, 122, 123, 117, 118, 119, 62, 63, 106, 107, 99, 61, 60, 41, 98, 40, 138, 147, 148, 149, 139, 146, 162, 163, 166, 167, 168, 169, 170, 171, 143, 140, 112, 113, 184, 185, 150, 182, 183, 156, 157, 194, 195, 151, 202, 203, 204, 205, 208, 209, 214, 215, 136, 206, 207, 220, 221, 222, 223, 141, 137, 142, 197, 240, 241, 242, 243, 244, 245, 196, 90, 91, 78, 260, 261, 262, 263, 268, 269, 258, 274, 275, 259, 97, 96, 79, 266, 285, 282, 280, 284, 288, 289, 292, 293, 287, 281, 302, 303, 304, 305, 306, 312, 313, 307, 308, 309, 318, 319, 267, 283, 286, 326, 327, 328, 329, 330, 331, 334, 335, 336, 337, 340, 341, 300, 301, 339, 348, 349, 338, 172, 173, 352, 192, 193, 353, 344, 362, 363, 190, 145, 345, 144, 191, 295, 294, 265, 264, 382, 383, 384, 385, 332, 333, 325, 324, 160, 180, 181, 161, 350, 351, 343, 342, 188, 135, 397, 213, 410, 412, 413, 411, 212, 311, 299, 230, 291, 231, 290, 255, 254, 310, 130, 131, 428, 429, 440, 441, 433, 446, 447, 434, 435, 432, 403, 418, 419, 298, 189, 388, 470, 471, 402, 389, 396, 390, 391, 134, 165, 164, 486, 487, 490, 491, 492, 493, 498, 499, 500, 501, 387, 472, 473, 271, 270, 514, 515, 518, 519, 516, 517, 386, 502, 503, 219, 218, 322, 316, 409, 524, 279, 423, 200, 201, 179, 415, 427, 525, 531, 535, 534, 542, 543, 178, 278, 548, 549, 521, 552, 553, 554, 555, 558, 563, 564, 565, 559, 562, 568, 569, 530, 571, 359, 570, 520, 317, 176, 177, 574, 575, 512, 580, 422, 124, 494, 584, 581, 426, 587, 588, 393, 248, 443, 591, 593, 592, 454, 480, 226, 453, 595, 452, 227, 358, 442, 601, 356, 458, 484, 582, 583, 589, 357, 586, 590, 364, 455, 594, 600, 368, 608, 609, 365, 460, 485, 369, 612, 613, 620, 621, 323, 462, 616, 617, 618, 619, 622, 627, 623, 624, 625, 626, 628, 629, 375, 636, 637, 630, 631, 632, 633, 634, 635, 638, 639, 640, 641, 469, 642, 643, 644, 645, 646, 647, 459, 481, 585, 374, 392, 125, 249, 461, 468, 495, 408, 414, 463, 513, 654, 655, 420, 656, 657, 378, 547, 546, 664, 665, 421, 666, 667, 661, 379, 660, 320, 321, 404, 567, 566]
  列生成求解结果: 目标值=12.0000， 下界=9.0000， 上界=10.0000

处理节点 526
  开始列生成求解...
Set parameter LogToConsole to value 0
Set parameter Threads to value 1
Set parameter Seed to value 0
  定价策略: Exact, node=526, vertices=13
Set parameter PoolSearchMode to value 2
Set parameter PoolSolutions to value 10
[CG 1] RMP=12.000000, pricing=ExactPricingSolver, new_columns=0
  搜索路径: [1, 2, 4, 5, 3, 8, 11, 14, 15, 16, 17, 19, 23, 24, 25, 27, 26, 30, 36, 37, 21, 22, 18, 33, 20, 31, 32, 53, 52, 54, 55, 57, 56, 10, 66, 67, 70, 71, 74, 75, 9, 80, 81, 84, 86, 87, 85, 92, 93, 43, 42, 12, 102, 103, 13, 108, 109, 49, 48, 114, 115, 116, 122, 123, 117, 118, 119, 62, 63, 106, 107, 99, 61, 60, 41, 98, 40, 138, 147, 148, 149, 139, 146, 162, 163, 166, 167, 168, 169, 170, 171, 143, 140, 112, 113, 184, 185, 150, 182, 183, 156, 157, 194, 195, 151, 202, 203, 204, 205, 208, 209, 214, 215, 136, 206, 207, 220, 221, 222, 223, 141, 137, 142, 197, 240, 241, 242, 243, 244, 245, 196, 90, 91, 78, 260, 261, 262, 263, 268, 269, 258, 274, 275, 259, 97, 96, 79, 266, 285, 282, 280, 284, 288, 289, 292, 293, 287, 281, 302, 303, 304, 305, 306, 312, 313, 307, 308, 309, 318, 319, 267, 283, 286, 326, 327, 328, 329, 330, 331, 334, 335, 336, 337, 340, 341, 300, 301, 339, 348, 349, 338, 172, 173, 352, 192, 193, 353, 344, 362, 363, 190, 145, 345, 144, 191, 295, 294, 265, 264, 382, 383, 384, 385, 332, 333, 325, 324, 160, 180, 181, 161, 350, 351, 343, 342, 188, 135, 397, 213, 410, 412, 413, 411, 212, 311, 299, 230, 291, 231, 290, 255, 254, 310, 130, 131, 428, 429, 440, 441, 433, 446, 447, 434, 435, 432, 403, 418, 419, 298, 189, 388, 470, 471, 402, 389, 396, 390, 391, 134, 165, 164, 486, 487, 490, 491, 492, 493, 498, 499, 500, 501, 387, 472, 473, 271, 270, 514, 515, 518, 519, 516, 517, 386, 502, 503, 219, 218, 322, 316, 409, 524, 279, 423, 200, 201, 179, 415, 427, 525, 531, 535, 534, 542, 543, 178, 278, 548, 549, 521, 552, 553, 554, 555, 558, 563, 564, 565, 559, 562, 568, 569, 530, 571, 359, 570, 520, 317, 176, 177, 574, 575, 512, 580, 422, 124, 494, 584, 581, 426, 587, 588, 393, 248, 443, 591, 593, 592, 454, 480, 226, 453, 595, 452, 227, 358, 442, 601, 356, 458, 484, 582, 583, 589, 357, 586, 590, 364, 455, 594, 600, 368, 608, 609, 365, 460, 485, 369, 612, 613, 620, 621, 323, 462, 616, 617, 618, 619, 622, 627, 623, 624, 625, 626, 628, 629, 375, 636, 637, 630, 631, 632, 633, 634, 635, 638, 639, 640, 641, 469, 642, 643, 644, 645, 646, 647, 459, 481, 585, 374, 392, 125, 249, 461, 468, 495, 408, 414, 463, 513, 654, 655, 420, 656, 657, 378, 547, 546, 664, 665, 421, 666, 667, 661, 379, 660, 320, 321, 404, 567, 566, 526]
  列生成求解结果: 目标值=12.0000， 下界=9.0000， 上界=10.0000

处理节点 405
  开始列生成求解...
Set parameter LogToConsole to value 0
Set parameter Threads to value 1
Set parameter Seed to value 0
  定价策略: Exact, node=405, vertices=17
Set parameter PoolSearchMode to value 2
Set parameter PoolSolutions to value 10
[CG 1] RMP=9.000000, pricing=ExactPricingSolver, new_columns=0
  搜索路径: [1, 2, 4, 5, 3, 8, 11, 14, 15, 16, 17, 19, 23, 24, 25, 27, 26, 30, 36, 37, 21, 22, 18, 33, 20, 31, 32, 53, 52, 54, 55, 57, 56, 10, 66, 67, 70, 71, 74, 75, 9, 80, 81, 84, 86, 87, 85, 92, 93, 43, 42, 12, 102, 103, 13, 108, 109, 49, 48, 114, 115, 116, 122, 123, 117, 118, 119, 62, 63, 106, 107, 99, 61, 60, 41, 98, 40, 138, 147, 148, 149, 139, 146, 162, 163, 166, 167, 168, 169, 170, 171, 143, 140, 112, 113, 184, 185, 150, 182, 183, 156, 157, 194, 195, 151, 202, 203, 204, 205, 208, 209, 214, 215, 136, 206, 207, 220, 221, 222, 223, 141, 137, 142, 197, 240, 241, 242, 243, 244, 245, 196, 90, 91, 78, 260, 261, 262, 263, 268, 269, 258, 274, 275, 259, 97, 96, 79, 266, 285, 282, 280, 284, 288, 289, 292, 293, 287, 281, 302, 303, 304, 305, 306, 312, 313, 307, 308, 309, 318, 319, 267, 283, 286, 326, 327, 328, 329, 330, 331, 334, 335, 336, 337, 340, 341, 300, 301, 339, 348, 349, 338, 172, 173, 352, 192, 193, 353, 344, 362, 363, 190, 145, 345, 144, 191, 295, 294, 265, 264, 382, 383, 384, 385, 332, 333, 325, 324, 160, 180, 181, 161, 350, 351, 343, 342, 188, 135, 397, 213, 410, 412, 413, 411, 212, 311, 299, 230, 291, 231, 290, 255, 254, 310, 130, 131, 428, 429, 440, 441, 433, 446, 447, 434, 435, 432, 403, 418, 419, 298, 189, 388, 470, 471, 402, 389, 396, 390, 391, 134, 165, 164, 486, 487, 490, 491, 492, 493, 498, 499, 500, 501, 387, 472, 473, 271, 270, 514, 515, 518, 519, 516, 517, 386, 502, 503, 219, 218, 322, 316, 409, 524, 279, 423, 200, 201, 179, 415, 427, 525, 531, 535, 534, 542, 543, 178, 278, 548, 549, 521, 552, 553, 554, 555, 558, 563, 564, 565, 559, 562, 568, 569, 530, 571, 359, 570, 520, 317, 176, 177, 574, 575, 512, 580, 422, 124, 494, 584, 581, 426, 587, 588, 393, 248, 443, 591, 593, 592, 454, 480, 226, 453, 595, 452, 227, 358, 442, 601, 356, 458, 484, 582, 583, 589, 357, 586, 590, 364, 455, 594, 600, 368, 608, 609, 365, 460, 485, 369, 612, 613, 620, 621, 323, 462, 616, 617, 618, 619, 622, 627, 623, 624, 625, 626, 628, 629, 375, 636, 637, 630, 631, 632, 633, 634, 635, 638, 639, 640, 641, 469, 642, 643, 644, 645, 646, 647, 459, 481, 585, 374, 392, 125, 249, 461, 468, 495, 408, 414, 463, 513, 654, 655, 420, 656, 657, 378, 547, 546, 664, 665, 421, 666, 667, 661, 379, 660, 320, 321, 404, 567, 566, 526, 405]
  列生成求解结果: 目标值=9.0000， 下界=9.0000， 上界=10.0000
    非整数变量: COL_12-4-7-9_115 = 0.220000
  解不是整数，开始分支...
ImposedVertex(vertex=26)
ForbidVertex(vertex=26)
  创建了 2 个分支
    添加分支节点 1: ID=672
    添加分支节点 2: ID=673

处理节点 527
  开始列生成求解...
Set parameter LogToConsole to value 0
Set parameter Threads to value 1
Set parameter Seed to value 0
  定价策略: Exact, node=527, vertices=13
Set parameter PoolSearchMode to value 2
Set parameter PoolSolutions to value 10
[CG 1] RMP=1011.000000, pricing=ExactPricingSolver, new_columns=10
[CG 2] RMP=11.000000, pricing=ExactPricingSolver, new_columns=0
  搜索路径: [1, 2, 4, 5, 3, 8, 11, 14, 15, 16, 17, 19, 23, 24, 25, 27, 26, 30, 36, 37, 21, 22, 18, 33, 20, 31, 32, 53, 52, 54, 55, 57, 56, 10, 66, 67, 70, 71, 74, 75, 9, 80, 81, 84, 86, 87, 85, 92, 93, 43, 42, 12, 102, 103, 13, 108, 109, 49, 48, 114, 115, 116, 122, 123, 117, 118, 119, 62, 63, 106, 107, 99, 61, 60, 41, 98, 40, 138, 147, 148, 149, 139, 146, 162, 163, 166, 167, 168, 169, 170, 171, 143, 140, 112, 113, 184, 185, 150, 182, 183, 156, 157, 194, 195, 151, 202, 203, 204, 205, 208, 209, 214, 215, 136, 206, 207, 220, 221, 222, 223, 141, 137, 142, 197, 240, 241, 242, 243, 244, 245, 196, 90, 91, 78, 260, 261, 262, 263, 268, 269, 258, 274, 275, 259, 97, 96, 79, 266, 285, 282, 280, 284, 288, 289, 292, 293, 287, 281, 302, 303, 304, 305, 306, 312, 313, 307, 308, 309, 318, 319, 267, 283, 286, 326, 327, 328, 329, 330, 331, 334, 335, 336, 337, 340, 341, 300, 301, 339, 348, 349, 338, 172, 173, 352, 192, 193, 353, 344, 362, 363, 190, 145, 345, 144, 191, 295, 294, 265, 264, 382, 383, 384, 385, 332, 333, 325, 324, 160, 180, 181, 161, 350, 351, 343, 342, 188, 135, 397, 213, 410, 412, 413, 411, 212, 311, 299, 230, 291, 231, 290, 255, 254, 310, 130, 131, 428, 429, 440, 441, 433, 446, 447, 434, 435, 432, 403, 418, 419, 298, 189, 388, 470, 471, 402, 389, 396, 390, 391, 134, 165, 164, 486, 487, 490, 491, 492, 493, 498, 499, 500, 501, 387, 472, 473, 271, 270, 514, 515, 518, 519, 516, 517, 386, 502, 503, 219, 218, 322, 316, 409, 524, 279, 423, 200, 201, 179, 415, 427, 525, 531, 535, 534, 542, 543, 178, 278, 548, 549, 521, 552, 553, 554, 555, 558, 563, 564, 565, 559, 562, 568, 569, 530, 571, 359, 570, 520, 317, 176, 177, 574, 575, 512, 580, 422, 124, 494, 584, 581, 426, 587, 588, 393, 248, 443, 591, 593, 592, 454, 480, 226, 453, 595, 452, 227, 358, 442, 601, 356, 458, 484, 582, 583, 589, 357, 586, 590, 364, 455, 594, 600, 368, 608, 609, 365, 460, 485, 369, 612, 613, 620, 621, 323, 462, 616, 617, 618, 619, 622, 627, 623, 624, 625, 626, 628, 629, 375, 636, 637, 630, 631, 632, 633, 634, 635, 638, 639, 640, 641, 469, 642, 643, 644, 645, 646, 647, 459, 481, 585, 374, 392, 125, 249, 461, 468, 495, 408, 414, 463, 513, 654, 655, 420, 656, 657, 378, 547, 546, 664, 665, 421, 666, 667, 661, 379, 660, 320, 321, 404, 567, 566, 526, 405, 527]
  列生成求解结果: 目标值=11.0000， 下界=9.0000， 上界=10.0000

处理节点 556
  开始列生成求解...
Set parameter LogToConsole to value 0
Set parameter Threads to value 1
Set parameter Seed to value 0
  定价策略: Exact, node=556, vertices=13
Set parameter PoolSearchMode to value 2
Set parameter PoolSolutions to value 10
[CG 1] RMP=12.000000, pricing=ExactPricingSolver, new_columns=0
  搜索路径: [1, 2, 4, 5, 3, 8, 11, 14, 15, 16, 17, 19, 23, 24, 25, 27, 26, 30, 36, 37, 21, 22, 18, 33, 20, 31, 32, 53, 52, 54, 55, 57, 56, 10, 66, 67, 70, 71, 74, 75, 9, 80, 81, 84, 86, 87, 85, 92, 93, 43, 42, 12, 102, 103, 13, 108, 109, 49, 48, 114, 115, 116, 122, 123, 117, 118, 119, 62, 63, 106, 107, 99, 61, 60, 41, 98, 40, 138, 147, 148, 149, 139, 146, 162, 163, 166, 167, 168, 169, 170, 171, 143, 140, 112, 113, 184, 185, 150, 182, 183, 156, 157, 194, 195, 151, 202, 203, 204, 205, 208, 209, 214, 215, 136, 206, 207, 220, 221, 222, 223, 141, 137, 142, 197, 240, 241, 242, 243, 244, 245, 196, 90, 91, 78, 260, 261, 262, 263, 268, 269, 258, 274, 275, 259, 97, 96, 79, 266, 285, 282, 280, 284, 288, 289, 292, 293, 287, 281, 302, 303, 304, 305, 306, 312, 313, 307, 308, 309, 318, 319, 267, 283, 286, 326, 327, 328, 329, 330, 331, 334, 335, 336, 337, 340, 341, 300, 301, 339, 348, 349, 338, 172, 173, 352, 192, 193, 353, 344, 362, 363, 190, 145, 345, 144, 191, 295, 294, 265, 264, 382, 383, 384, 385, 332, 333, 325, 324, 160, 180, 181, 161, 350, 351, 343, 342, 188, 135, 397, 213, 410, 412, 413, 411, 212, 311, 299, 230, 291, 231, 290, 255, 254, 310, 130, 131, 428, 429, 440, 441, 433, 446, 447, 434, 435, 432, 403, 418, 419, 298, 189, 388, 470, 471, 402, 389, 396, 390, 391, 134, 165, 164, 486, 487, 490, 491, 492, 493, 498, 499, 500, 501, 387, 472, 473, 271, 270, 514, 515, 518, 519, 516, 517, 386, 502, 503, 219, 218, 322, 316, 409, 524, 279, 423, 200, 201, 179, 415, 427, 525, 531, 535, 534, 542, 543, 178, 278, 548, 549, 521, 552, 553, 554, 555, 558, 563, 564, 565, 559, 562, 568, 569, 530, 571, 359, 570, 520, 317, 176, 177, 574, 575, 512, 580, 422, 124, 494, 584, 581, 426, 587, 588, 393, 248, 443, 591, 593, 592, 454, 480, 226, 453, 595, 452, 227, 358, 442, 601, 356, 458, 484, 582, 583, 589, 357, 586, 590, 364, 455, 594, 600, 368, 608, 609, 365, 460, 485, 369, 612, 613, 620, 621, 323, 462, 616, 617, 618, 619, 622, 627, 623, 624, 625, 626, 628, 629, 375, 636, 637, 630, 631, 632, 633, 634, 635, 638, 639, 640, 641, 469, 642, 643, 644, 645, 646, 647, 459, 481, 585, 374, 392, 125, 249, 461, 468, 495, 408, 414, 463, 513, 654, 655, 420, 656, 657, 378, 547, 546, 664, 665, 421, 666, 667, 661, 379, 660, 320, 321, 404, 567, 566, 526, 405, 527, 556]
  列生成求解结果: 目标值=12.0000， 下界=9.0000， 上界=10.0000

处理节点 355
  开始列生成求解...
Set parameter LogToConsole to value 0
Set parameter Threads to value 1
Set parameter Seed to value 0
  定价策略: Exact, node=355, vertices=15
Set parameter PoolSearchMode to value 2
Set parameter PoolSolutions to value 10
[CG 1] RMP=1010.000000, pricing=ExactPricingSolver, new_columns=10
[CG 2] RMP=12.000000, pricing=ExactPricingSolver, new_columns=0
  搜索路径: [1, 2, 4, 5, 3, 8, 11, 14, 15, 16, 17, 19, 23, 24, 25, 27, 26, 30, 36, 37, 21, 22, 18, 33, 20, 31, 32, 53, 52, 54, 55, 57, 56, 10, 66, 67, 70, 71, 74, 75, 9, 80, 81, 84, 86, 87, 85, 92, 93, 43, 42, 12, 102, 103, 13, 108, 109, 49, 48, 114, 115, 116, 122, 123, 117, 118, 119, 62, 63, 106, 107, 99, 61, 60, 41, 98, 40, 138, 147, 148, 149, 139, 146, 162, 163, 166, 167, 168, 169, 170, 171, 143, 140, 112, 113, 184, 185, 150, 182, 183, 156, 157, 194, 195, 151, 202, 203, 204, 205, 208, 209, 214, 215, 136, 206, 207, 220, 221, 222, 223, 141, 137, 142, 197, 240, 241, 242, 243, 244, 245, 196, 90, 91, 78, 260, 261, 262, 263, 268, 269, 258, 274, 275, 259, 97, 96, 79, 266, 285, 282, 280, 284, 288, 289, 292, 293, 287, 281, 302, 303, 304, 305, 306, 312, 313, 307, 308, 309, 318, 319, 267, 283, 286, 326, 327, 328, 329, 330, 331, 334, 335, 336, 337, 340, 341, 300, 301, 339, 348, 349, 338, 172, 173, 352, 192, 193, 353, 344, 362, 363, 190, 145, 345, 144, 191, 295, 294, 265, 264, 382, 383, 384, 385, 332, 333, 325, 324, 160, 180, 181, 161, 350, 351, 343, 342, 188, 135, 397, 213, 410, 412, 413, 411, 212, 311, 299, 230, 291, 231, 290, 255, 254, 310, 130, 131, 428, 429, 440, 441, 433, 446, 447, 434, 435, 432, 403, 418, 419, 298, 189, 388, 470, 471, 402, 389, 396, 390, 391, 134, 165, 164, 486, 487, 490, 491, 492, 493, 498, 499, 500, 501, 387, 472, 473, 271, 270, 514, 515, 518, 519, 516, 517, 386, 502, 503, 219, 218, 322, 316, 409, 524, 279, 423, 200, 201, 179, 415, 427, 525, 531, 535, 534, 542, 543, 178, 278, 548, 549, 521, 552, 553, 554, 555, 558, 563, 564, 565, 559, 562, 568, 569, 530, 571, 359, 570, 520, 317, 176, 177, 574, 575, 512, 580, 422, 124, 494, 584, 581, 426, 587, 588, 393, 248, 443, 591, 593, 592, 454, 480, 226, 453, 595, 452, 227, 358, 442, 601, 356, 458, 484, 582, 583, 589, 357, 586, 590, 364, 455, 594, 600, 368, 608, 609, 365, 460, 485, 369, 612, 613, 620, 621, 323, 462, 616, 617, 618, 619, 622, 627, 623, 624, 625, 626, 628, 629, 375, 636, 637, 630, 631, 632, 633, 634, 635, 638, 639, 640, 641, 469, 642, 643, 644, 645, 646, 647, 459, 481, 585, 374, 392, 125, 249, 461, 468, 495, 408, 414, 463, 513, 654, 655, 420, 656, 657, 378, 547, 546, 664, 665, 421, 666, 667, 661, 379, 660, 320, 321, 404, 567, 566, 526, 405, 527, 556, 355]
  列生成求解结果: 目标值=12.0000， 下界=9.0000， 上界=10.0000

处理节点 198
  开始列生成求解...
Set parameter LogToConsole to value 0
Set parameter Threads to value 1
Set parameter Seed to value 0
  定价策略: Exact, node=198, vertices=16
Set parameter PoolSearchMode to value 2
Set parameter PoolSolutions to value 10
[CG 1] RMP=11.000000, pricing=ExactPricingSolver, new_columns=0
  搜索路径: [1, 2, 4, 5, 3, 8, 11, 14, 15, 16, 17, 19, 23, 24, 25, 27, 26, 30, 36, 37, 21, 22, 18, 33, 20, 31, 32, 53, 52, 54, 55, 57, 56, 10, 66, 67, 70, 71, 74, 75, 9, 80, 81, 84, 86, 87, 85, 92, 93, 43, 42, 12, 102, 103, 13, 108, 109, 49, 48, 114, 115, 116, 122, 123, 117, 118, 119, 62, 63, 106, 107, 99, 61, 60, 41, 98, 40, 138, 147, 148, 149, 139, 146, 162, 163, 166, 167, 168, 169, 170, 171, 143, 140, 112, 113, 184, 185, 150, 182, 183, 156, 157, 194, 195, 151, 202, 203, 204, 205, 208, 209, 214, 215, 136, 206, 207, 220, 221, 222, 223, 141, 137, 142, 197, 240, 241, 242, 243, 244, 245, 196, 90, 91, 78, 260, 261, 262, 263, 268, 269, 258, 274, 275, 259, 97, 96, 79, 266, 285, 282, 280, 284, 288, 289, 292, 293, 287, 281, 302, 303, 304, 305, 306, 312, 313, 307, 308, 309, 318, 319, 267, 283, 286, 326, 327, 328, 329, 330, 331, 334, 335, 336, 337, 340, 341, 300, 301, 339, 348, 349, 338, 172, 173, 352, 192, 193, 353, 344, 362, 363, 190, 145, 345, 144, 191, 295, 294, 265, 264, 382, 383, 384, 385, 332, 333, 325, 324, 160, 180, 181, 161, 350, 351, 343, 342, 188, 135, 397, 213, 410, 412, 413, 411, 212, 311, 299, 230, 291, 231, 290, 255, 254, 310, 130, 131, 428, 429, 440, 441, 433, 446, 447, 434, 435, 432, 403, 418, 419, 298, 189, 388, 470, 471, 402, 389, 396, 390, 391, 134, 165, 164, 486, 487, 490, 491, 492, 493, 498, 499, 500, 501, 387, 472, 473, 271, 270, 514, 515, 518, 519, 516, 517, 386, 502, 503, 219, 218, 322, 316, 409, 524, 279, 423, 200, 201, 179, 415, 427, 525, 531, 535, 534, 542, 543, 178, 278, 548, 549, 521, 552, 553, 554, 555, 558, 563, 564, 565, 559, 562, 568, 569, 530, 571, 359, 570, 520, 317, 176, 177, 574, 575, 512, 580, 422, 124, 494, 584, 581, 426, 587, 588, 393, 248, 443, 591, 593, 592, 454, 480, 226, 453, 595, 452, 227, 358, 442, 601, 356, 458, 484, 582, 583, 589, 357, 586, 590, 364, 455, 594, 600, 368, 608, 609, 365, 460, 485, 369, 612, 613, 620, 621, 323, 462, 616, 617, 618, 619, 622, 627, 623, 624, 625, 626, 628, 629, 375, 636, 637, 630, 631, 632, 633, 634, 635, 638, 639, 640, 641, 469, 642, 643, 644, 645, 646, 647, 459, 481, 585, 374, 392, 125, 249, 461, 468, 495, 408, 414, 463, 513, 654, 655, 420, 656, 657, 378, 547, 546, 664, 665, 421, 666, 667, 661, 379, 660, 320, 321, 404, 567, 566, 526, 405, 527, 556, 355, 198]
  列生成求解结果: 目标值=11.0000， 下界=9.0000， 上界=10.0000

处理节点 668
  开始列生成求解...
Set parameter LogToConsole to value 0
Set parameter Threads to value 1
Set parameter Seed to value 0
  定价策略: Exact, node=668, vertices=15
Set parameter PoolSearchMode to value 2
Set parameter PoolSolutions to value 10
[CG 1] RMP=11.000000, pricing=ExactPricingSolver, new_columns=0
  搜索路径: [1, 2, 4, 5, 3, 8, 11, 14, 15, 16, 17, 19, 23, 24, 25, 27, 26, 30, 36, 37, 21, 22, 18, 33, 20, 31, 32, 53, 52, 54, 55, 57, 56, 10, 66, 67, 70, 71, 74, 75, 9, 80, 81, 84, 86, 87, 85, 92, 93, 43, 42, 12, 102, 103, 13, 108, 109, 49, 48, 114, 115, 116, 122, 123, 117, 118, 119, 62, 63, 106, 107, 99, 61, 60, 41, 98, 40, 138, 147, 148, 149, 139, 146, 162, 163, 166, 167, 168, 169, 170, 171, 143, 140, 112, 113, 184, 185, 150, 182, 183, 156, 157, 194, 195, 151, 202, 203, 204, 205, 208, 209, 214, 215, 136, 206, 207, 220, 221, 222, 223, 141, 137, 142, 197, 240, 241, 242, 243, 244, 245, 196, 90, 91, 78, 260, 261, 262, 263, 268, 269, 258, 274, 275, 259, 97, 96, 79, 266, 285, 282, 280, 284, 288, 289, 292, 293, 287, 281, 302, 303, 304, 305, 306, 312, 313, 307, 308, 309, 318, 319, 267, 283, 286, 326, 327, 328, 329, 330, 331, 334, 335, 336, 337, 340, 341, 300, 301, 339, 348, 349, 338, 172, 173, 352, 192, 193, 353, 344, 362, 363, 190, 145, 345, 144, 191, 295, 294, 265, 264, 382, 383, 384, 385, 332, 333, 325, 324, 160, 180, 181, 161, 350, 351, 343, 342, 188, 135, 397, 213, 410, 412, 413, 411, 212, 311, 299, 230, 291, 231, 290, 255, 254, 310, 130, 131, 428, 429, 440, 441, 433, 446, 447, 434, 435, 432, 403, 418, 419, 298, 189, 388, 470, 471, 402, 389, 396, 390, 391, 134, 165, 164, 486, 487, 490, 491, 492, 493, 498, 499, 500, 501, 387, 472, 473, 271, 270, 514, 515, 518, 519, 516, 517, 386, 502, 503, 219, 218, 322, 316, 409, 524, 279, 423, 200, 201, 179, 415, 427, 525, 531, 535, 534, 542, 543, 178, 278, 548, 549, 521, 552, 553, 554, 555, 558, 563, 564, 565, 559, 562, 568, 569, 530, 571, 359, 570, 520, 317, 176, 177, 574, 575, 512, 580, 422, 124, 494, 584, 581, 426, 587, 588, 393, 248, 443, 591, 593, 592, 454, 480, 226, 453, 595, 452, 227, 358, 442, 601, 356, 458, 484, 582, 583, 589, 357, 586, 590, 364, 455, 594, 600, 368, 608, 609, 365, 460, 485, 369, 612, 613, 620, 621, 323, 462, 616, 617, 618, 619, 622, 627, 623, 624, 625, 626, 628, 629, 375, 636, 637, 630, 631, 632, 633, 634, 635, 638, 639, 640, 641, 469, 642, 643, 644, 645, 646, 647, 459, 481, 585, 374, 392, 125, 249, 461, 468, 495, 408, 414, 463, 513, 654, 655, 420, 656, 657, 378, 547, 546, 664, 665, 421, 666, 667, 661, 379, 660, 320, 321, 404, 567, 566, 526, 405, 527, 556, 355, 198, 668]
  列生成求解结果: 目标值=11.0000， 下界=9.0000， 上界=10.0000

处理节点 649
  开始列生成求解...
Set parameter LogToConsole to value 0
Set parameter Threads to value 1
Set parameter Seed to value 0
  定价策略: Exact, node=649, vertices=15
Set parameter PoolSearchMode to value 2
Set parameter PoolSolutions to value 10
[CG 1] RMP=12.000000, pricing=ExactPricingSolver, new_columns=10
[CG 2] RMP=10.000000, pricing=ExactPricingSolver, new_columns=0
  搜索路径: [1, 2, 4, 5, 3, 8, 11, 14, 15, 16, 17, 19, 23, 24, 25, 27, 26, 30, 36, 37, 21, 22, 18, 33, 20, 31, 32, 53, 52, 54, 55, 57, 56, 10, 66, 67, 70, 71, 74, 75, 9, 80, 81, 84, 86, 87, 85, 92, 93, 43, 42, 12, 102, 103, 13, 108, 109, 49, 48, 114, 115, 116, 122, 123, 117, 118, 119, 62, 63, 106, 107, 99, 61, 60, 41, 98, 40, 138, 147, 148, 149, 139, 146, 162, 163, 166, 167, 168, 169, 170, 171, 143, 140, 112, 113, 184, 185, 150, 182, 183, 156, 157, 194, 195, 151, 202, 203, 204, 205, 208, 209, 214, 215, 136, 206, 207, 220, 221, 222, 223, 141, 137, 142, 197, 240, 241, 242, 243, 244, 245, 196, 90, 91, 78, 260, 261, 262, 263, 268, 269, 258, 274, 275, 259, 97, 96, 79, 266, 285, 282, 280, 284, 288, 289, 292, 293, 287, 281, 302, 303, 304, 305, 306, 312, 313, 307, 308, 309, 318, 319, 267, 283, 286, 326, 327, 328, 329, 330, 331, 334, 335, 336, 337, 340, 341, 300, 301, 339, 348, 349, 338, 172, 173, 352, 192, 193, 353, 344, 362, 363, 190, 145, 345, 144, 191, 295, 294, 265, 264, 382, 383, 384, 385, 332, 333, 325, 324, 160, 180, 181, 161, 350, 351, 343, 342, 188, 135, 397, 213, 410, 412, 413, 411, 212, 311, 299, 230, 291, 231, 290, 255, 254, 310, 130, 131, 428, 429, 440, 441, 433, 446, 447, 434, 435, 432, 403, 418, 419, 298, 189, 388, 470, 471, 402, 389, 396, 390, 391, 134, 165, 164, 486, 487, 490, 491, 492, 493, 498, 499, 500, 501, 387, 472, 473, 271, 270, 514, 515, 518, 519, 516, 517, 386, 502, 503, 219, 218, 322, 316, 409, 524, 279, 423, 200, 201, 179, 415, 427, 525, 531, 535, 534, 542, 543, 178, 278, 548, 549, 521, 552, 553, 554, 555, 558, 563, 564, 565, 559, 562, 568, 569, 530, 571, 359, 570, 520, 317, 176, 177, 574, 575, 512, 580, 422, 124, 494, 584, 581, 426, 587, 588, 393, 248, 443, 591, 593, 592, 454, 480, 226, 453, 595, 452, 227, 358, 442, 601, 356, 458, 484, 582, 583, 589, 357, 586, 590, 364, 455, 594, 600, 368, 608, 609, 365, 460, 485, 369, 612, 613, 620, 621, 323, 462, 616, 617, 618, 619, 622, 627, 623, 624, 625, 626, 628, 629, 375, 636, 637, 630, 631, 632, 633, 634, 635, 638, 639, 640, 641, 469, 642, 643, 644, 645, 646, 647, 459, 481, 585, 374, 392, 125, 249, 461, 468, 495, 408, 414, 463, 513, 654, 655, 420, 656, 657, 378, 547, 546, 664, 665, 421, 666, 667, 661, 379, 660, 320, 321, 404, 567, 566, 526, 405, 527, 556, 355, 198, 668, 649]
  列生成求解结果: 目标值=10.0000， 下界=9.0000， 上界=10.0000

处理节点 504
  开始列生成求解...
Set parameter LogToConsole to value 0
Set parameter Threads to value 1
Set parameter Seed to value 0
  定价策略: Exact, node=504, vertices=14
Set parameter PoolSearchMode to value 2
Set parameter PoolSolutions to value 10
[CG 1] RMP=10.000000, pricing=ExactPricingSolver, new_columns=10
[CG 2] RMP=9.000000, pricing=ExactPricingSolver, new_columns=0
  搜索路径: [1, 2, 4, 5, 3, 8, 11, 14, 15, 16, 17, 19, 23, 24, 25, 27, 26, 30, 36, 37, 21, 22, 18, 33, 20, 31, 32, 53, 52, 54, 55, 57, 56, 10, 66, 67, 70, 71, 74, 75, 9, 80, 81, 84, 86, 87, 85, 92, 93, 43, 42, 12, 102, 103, 13, 108, 109, 49, 48, 114, 115, 116, 122, 123, 117, 118, 119, 62, 63, 106, 107, 99, 61, 60, 41, 98, 40, 138, 147, 148, 149, 139, 146, 162, 163, 166, 167, 168, 169, 170, 171, 143, 140, 112, 113, 184, 185, 150, 182, 183, 156, 157, 194, 195, 151, 202, 203, 204, 205, 208, 209, 214, 215, 136, 206, 207, 220, 221, 222, 223, 141, 137, 142, 197, 240, 241, 242, 243, 244, 245, 196, 90, 91, 78, 260, 261, 262, 263, 268, 269, 258, 274, 275, 259, 97, 96, 79, 266, 285, 282, 280, 284, 288, 289, 292, 293, 287, 281, 302, 303, 304, 305, 306, 312, 313, 307, 308, 309, 318, 319, 267, 283, 286, 326, 327, 328, 329, 330, 331, 334, 335, 336, 337, 340, 341, 300, 301, 339, 348, 349, 338, 172, 173, 352, 192, 193, 353, 344, 362, 363, 190, 145, 345, 144, 191, 295, 294, 265, 264, 382, 383, 384, 385, 332, 333, 325, 324, 160, 180, 181, 161, 350, 351, 343, 342, 188, 135, 397, 213, 410, 412, 413, 411, 212, 311, 299, 230, 291, 231, 290, 255, 254, 310, 130, 131, 428, 429, 440, 441, 433, 446, 447, 434, 435, 432, 403, 418, 419, 298, 189, 388, 470, 471, 402, 389, 396, 390, 391, 134, 165, 164, 486, 487, 490, 491, 492, 493, 498, 499, 500, 501, 387, 472, 473, 271, 270, 514, 515, 518, 519, 516, 517, 386, 502, 503, 219, 218, 322, 316, 409, 524, 279, 423, 200, 201, 179, 415, 427, 525, 531, 535, 534, 542, 543, 178, 278, 548, 549, 521, 552, 553, 554, 555, 558, 563, 564, 565, 559, 562, 568, 569, 530, 571, 359, 570, 520, 317, 176, 177, 574, 575, 512, 580, 422, 124, 494, 584, 581, 426, 587, 588, 393, 248, 443, 591, 593, 592, 454, 480, 226, 453, 595, 452, 227, 358, 442, 601, 356, 458, 484, 582, 583, 589, 357, 586, 590, 364, 455, 594, 600, 368, 608, 609, 365, 460, 485, 369, 612, 613, 620, 621, 323, 462, 616, 617, 618, 619, 622, 627, 623, 624, 625, 626, 628, 629, 375, 636, 637, 630, 631, 632, 633, 634, 635, 638, 639, 640, 641, 469, 642, 643, 644, 645, 646, 647, 459, 481, 585, 374, 392, 125, 249, 461, 468, 495, 408, 414, 463, 513, 654, 655, 420, 656, 657, 378, 547, 546, 664, 665, 421, 666, 667, 661, 379, 660, 320, 321, 404, 567, 566, 526, 405, 527, 556, 355, 198, 668, 649, 504]
  列生成求解结果: 目标值=9.0000， 下界=9.0000， 上界=10.0000
    非整数变量: COL_1-21_59 = 0.500000
  解不是整数，开始分支...
ImposedVertex(vertex=6)
ForbidVertex(vertex=6)
  创建了 2 个分支
    添加分支节点 1: ID=674
    添加分支节点 2: ID=675

处理节点 673
  开始列生成求解...
Set parameter LogToConsole to value 0
Set parameter Threads to value 1
Set parameter Seed to value 0
  定价策略: Exact, node=673, vertices=16
Set parameter PoolSearchMode to value 2
Set parameter PoolSolutions to value 10
[CG 1] RMP=12.000000, pricing=ExactPricingSolver, new_columns=0
  搜索路径: [1, 2, 4, 5, 3, 8, 11, 14, 15, 16, 17, 19, 23, 24, 25, 27, 26, 30, 36, 37, 21, 22, 18, 33, 20, 31, 32, 53, 52, 54, 55, 57, 56, 10, 66, 67, 70, 71, 74, 75, 9, 80, 81, 84, 86, 87, 85, 92, 93, 43, 42, 12, 102, 103, 13, 108, 109, 49, 48, 114, 115, 116, 122, 123, 117, 118, 119, 62, 63, 106, 107, 99, 61, 60, 41, 98, 40, 138, 147, 148, 149, 139, 146, 162, 163, 166, 167, 168, 169, 170, 171, 143, 140, 112, 113, 184, 185, 150, 182, 183, 156, 157, 194, 195, 151, 202, 203, 204, 205, 208, 209, 214, 215, 136, 206, 207, 220, 221, 222, 223, 141, 137, 142, 197, 240, 241, 242, 243, 244, 245, 196, 90, 91, 78, 260, 261, 262, 263, 268, 269, 258, 274, 275, 259, 97, 96, 79, 266, 285, 282, 280, 284, 288, 289, 292, 293, 287, 281, 302, 303, 304, 305, 306, 312, 313, 307, 308, 309, 318, 319, 267, 283, 286, 326, 327, 328, 329, 330, 331, 334, 335, 336, 337, 340, 341, 300, 301, 339, 348, 349, 338, 172, 173, 352, 192, 193, 353, 344, 362, 363, 190, 145, 345, 144, 191, 295, 294, 265, 264, 382, 383, 384, 385, 332, 333, 325, 324, 160, 180, 181, 161, 350, 351, 343, 342, 188, 135, 397, 213, 410, 412, 413, 411, 212, 311, 299, 230, 291, 231, 290, 255, 254, 310, 130, 131, 428, 429, 440, 441, 433, 446, 447, 434, 435, 432, 403, 418, 419, 298, 189, 388, 470, 471, 402, 389, 396, 390, 391, 134, 165, 164, 486, 487, 490, 491, 492, 493, 498, 499, 500, 501, 387, 472, 473, 271, 270, 514, 515, 518, 519, 516, 517, 386, 502, 503, 219, 218, 322, 316, 409, 524, 279, 423, 200, 201, 179, 415, 427, 525, 531, 535, 534, 542, 543, 178, 278, 548, 549, 521, 552, 553, 554, 555, 558, 563, 564, 565, 559, 562, 568, 569, 530, 571, 359, 570, 520, 317, 176, 177, 574, 575, 512, 580, 422, 124, 494, 584, 581, 426, 587, 588, 393, 248, 443, 591, 593, 592, 454, 480, 226, 453, 595, 452, 227, 358, 442, 601, 356, 458, 484, 582, 583, 589, 357, 586, 590, 364, 455, 594, 600, 368, 608, 609, 365, 460, 485, 369, 612, 613, 620, 621, 323, 462, 616, 617, 618, 619, 622, 627, 623, 624, 625, 626, 628, 629, 375, 636, 637, 630, 631, 632, 633, 634, 635, 638, 639, 640, 641, 469, 642, 643, 644, 645, 646, 647, 459, 481, 585, 374, 392, 125, 249, 461, 468, 495, 408, 414, 463, 513, 654, 655, 420, 656, 657, 378, 547, 546, 664, 665, 421, 666, 667, 661, 379, 660, 320, 321, 404, 567, 566, 526, 405, 527, 556, 355, 198, 668, 649, 504, 673]
  列生成求解结果: 目标值=12.0000， 下界=9.0000， 上界=10.0000

处理节点 672
  开始列生成求解...
Set parameter LogToConsole to value 0
Set parameter Threads to value 1
Set parameter Seed to value 0
  定价策略: Exact, node=672, vertices=16
Set parameter PoolSearchMode to value 2
Set parameter PoolSolutions to value 10
[CG 1] RMP=10.000000, pricing=ExactPricingSolver, new_columns=0
  搜索路径: [1, 2, 4, 5, 3, 8, 11, 14, 15, 16, 17, 19, 23, 24, 25, 27, 26, 30, 36, 37, 21, 22, 18, 33, 20, 31, 32, 53, 52, 54, 55, 57, 56, 10, 66, 67, 70, 71, 74, 75, 9, 80, 81, 84, 86, 87, 85, 92, 93, 43, 42, 12, 102, 103, 13, 108, 109, 49, 48, 114, 115, 116, 122, 123, 117, 118, 119, 62, 63, 106, 107, 99, 61, 60, 41, 98, 40, 138, 147, 148, 149, 139, 146, 162, 163, 166, 167, 168, 169, 170, 171, 143, 140, 112, 113, 184, 185, 150, 182, 183, 156, 157, 194, 195, 151, 202, 203, 204, 205, 208, 209, 214, 215, 136, 206, 207, 220, 221, 222, 223, 141, 137, 142, 197, 240, 241, 242, 243, 244, 245, 196, 90, 91, 78, 260, 261, 262, 263, 268, 269, 258, 274, 275, 259, 97, 96, 79, 266, 285, 282, 280, 284, 288, 289, 292, 293, 287, 281, 302, 303, 304, 305, 306, 312, 313, 307, 308, 309, 318, 319, 267, 283, 286, 326, 327, 328, 329, 330, 331, 334, 335, 336, 337, 340, 341, 300, 301, 339, 348, 349, 338, 172, 173, 352, 192, 193, 353, 344, 362, 363, 190, 145, 345, 144, 191, 295, 294, 265, 264, 382, 383, 384, 385, 332, 333, 325, 324, 160, 180, 181, 161, 350, 351, 343, 342, 188, 135, 397, 213, 410, 412, 413, 411, 212, 311, 299, 230, 291, 231, 290, 255, 254, 310, 130, 131, 428, 429, 440, 441, 433, 446, 447, 434, 435, 432, 403, 418, 419, 298, 189, 388, 470, 471, 402, 389, 396, 390, 391, 134, 165, 164, 486, 487, 490, 491, 492, 493, 498, 499, 500, 501, 387, 472, 473, 271, 270, 514, 515, 518, 519, 516, 517, 386, 502, 503, 219, 218, 322, 316, 409, 524, 279, 423, 200, 201, 179, 415, 427, 525, 531, 535, 534, 542, 543, 178, 278, 548, 549, 521, 552, 553, 554, 555, 558, 563, 564, 565, 559, 562, 568, 569, 530, 571, 359, 570, 520, 317, 176, 177, 574, 575, 512, 580, 422, 124, 494, 584, 581, 426, 587, 588, 393, 248, 443, 591, 593, 592, 454, 480, 226, 453, 595, 452, 227, 358, 442, 601, 356, 458, 484, 582, 583, 589, 357, 586, 590, 364, 455, 594, 600, 368, 608, 609, 365, 460, 485, 369, 612, 613, 620, 621, 323, 462, 616, 617, 618, 619, 622, 627, 623, 624, 625, 626, 628, 629, 375, 636, 637, 630, 631, 632, 633, 634, 635, 638, 639, 640, 641, 469, 642, 643, 644, 645, 646, 647, 459, 481, 585, 374, 392, 125, 249, 461, 468, 495, 408, 414, 463, 513, 654, 655, 420, 656, 657, 378, 547, 546, 664, 665, 421, 666, 667, 661, 379, 660, 320, 321, 404, 567, 566, 526, 405, 527, 556, 355, 198, 668, 649, 504, 673, 672]
  列生成求解结果: 目标值=10.0000， 下界=9.0000， 上界=10.0000
    非整数变量: COL_12-4-7-9_115 = 0.333333
  解不是整数，开始分支...
ImposedVertex(vertex=12)
ForbidVertex(vertex=12)
  创建了 2 个分支
    添加分支节点 1: ID=676
    添加分支节点 2: ID=677

处理节点 346
  开始列生成求解...
Set parameter LogToConsole to value 0
Set parameter Threads to value 1
Set parameter Seed to value 0
  定价策略: Exact, node=346, vertices=16
Set parameter PoolSearchMode to value 2
Set parameter PoolSolutions to value 10
[CG 1] RMP=12.000000, pricing=ExactPricingSolver, new_columns=10
[CG 2] RMP=12.000000, pricing=ExactPricingSolver, new_columns=0
  搜索路径: [1, 2, 4, 5, 3, 8, 11, 14, 15, 16, 17, 19, 23, 24, 25, 27, 26, 30, 36, 37, 21, 22, 18, 33, 20, 31, 32, 53, 52, 54, 55, 57, 56, 10, 66, 67, 70, 71, 74, 75, 9, 80, 81, 84, 86, 87, 85, 92, 93, 43, 42, 12, 102, 103, 13, 108, 109, 49, 48, 114, 115, 116, 122, 123, 117, 118, 119, 62, 63, 106, 107, 99, 61, 60, 41, 98, 40, 138, 147, 148, 149, 139, 146, 162, 163, 166, 167, 168, 169, 170, 171, 143, 140, 112, 113, 184, 185, 150, 182, 183, 156, 157, 194, 195, 151, 202, 203, 204, 205, 208, 209, 214, 215, 136, 206, 207, 220, 221, 222, 223, 141, 137, 142, 197, 240, 241, 242, 243, 244, 245, 196, 90, 91, 78, 260, 261, 262, 263, 268, 269, 258, 274, 275, 259, 97, 96, 79, 266, 285, 282, 280, 284, 288, 289, 292, 293, 287, 281, 302, 303, 304, 305, 306, 312, 313, 307, 308, 309, 318, 319, 267, 283, 286, 326, 327, 328, 329, 330, 331, 334, 335, 336, 337, 340, 341, 300, 301, 339, 348, 349, 338, 172, 173, 352, 192, 193, 353, 344, 362, 363, 190, 145, 345, 144, 191, 295, 294, 265, 264, 382, 383, 384, 385, 332, 333, 325, 324, 160, 180, 181, 161, 350, 351, 343, 342, 188, 135, 397, 213, 410, 412, 413, 411, 212, 311, 299, 230, 291, 231, 290, 255, 254, 310, 130, 131, 428, 429, 440, 441, 433, 446, 447, 434, 435, 432, 403, 418, 419, 298, 189, 388, 470, 471, 402, 389, 396, 390, 391, 134, 165, 164, 486, 487, 490, 491, 492, 493, 498, 499, 500, 501, 387, 472, 473, 271, 270, 514, 515, 518, 519, 516, 517, 386, 502, 503, 219, 218, 322, 316, 409, 524, 279, 423, 200, 201, 179, 415, 427, 525, 531, 535, 534, 542, 543, 178, 278, 548, 549, 521, 552, 553, 554, 555, 558, 563, 564, 565, 559, 562, 568, 569, 530, 571, 359, 570, 520, 317, 176, 177, 574, 575, 512, 580, 422, 124, 494, 584, 581, 426, 587, 588, 393, 248, 443, 591, 593, 592, 454, 480, 226, 453, 595, 452, 227, 358, 442, 601, 356, 458, 484, 582, 583, 589, 357, 586, 590, 364, 455, 594, 600, 368, 608, 609, 365, 460, 485, 369, 612, 613, 620, 621, 323, 462, 616, 617, 618, 619, 622, 627, 623, 624, 625, 626, 628, 629, 375, 636, 637, 630, 631, 632, 633, 634, 635, 638, 639, 640, 641, 469, 642, 643, 644, 645, 646, 647, 459, 481, 585, 374, 392, 125, 249, 461, 468, 495, 408, 414, 463, 513, 654, 655, 420, 656, 657, 378, 547, 546, 664, 665, 421, 666, 667, 661, 379, 660, 320, 321, 404, 567, 566, 526, 405, 527, 556, 355, 198, 668, 649, 504, 673, 672, 346]
  列生成求解结果: 目标值=12.0000， 下界=9.0000， 上界=10.0000

处理节点 416
  开始列生成求解...
Set parameter LogToConsole to value 0
Set parameter Threads to value 1
Set parameter Seed to value 0
  定价策略: Exact, node=416, vertices=11
Set parameter PoolSearchMode to value 2
Set parameter PoolSolutions to value 10
[CG 1] RMP=10.000000, pricing=ExactPricingSolver, new_columns=0
  搜索路径: [1, 2, 4, 5, 3, 8, 11, 14, 15, 16, 17, 19, 23, 24, 25, 27, 26, 30, 36, 37, 21, 22, 18, 33, 20, 31, 32, 53, 52, 54, 55, 57, 56, 10, 66, 67, 70, 71, 74, 75, 9, 80, 81, 84, 86, 87, 85, 92, 93, 43, 42, 12, 102, 103, 13, 108, 109, 49, 48, 114, 115, 116, 122, 123, 117, 118, 119, 62, 63, 106, 107, 99, 61, 60, 41, 98, 40, 138, 147, 148, 149, 139, 146, 162, 163, 166, 167, 168, 169, 170, 171, 143, 140, 112, 113, 184, 185, 150, 182, 183, 156, 157, 194, 195, 151, 202, 203, 204, 205, 208, 209, 214, 215, 136, 206, 207, 220, 221, 222, 223, 141, 137, 142, 197, 240, 241, 242, 243, 244, 245, 196, 90, 91, 78, 260, 261, 262, 263, 268, 269, 258, 274, 275, 259, 97, 96, 79, 266, 285, 282, 280, 284, 288, 289, 292, 293, 287, 281, 302, 303, 304, 305, 306, 312, 313, 307, 308, 309, 318, 319, 267, 283, 286, 326, 327, 328, 329, 330, 331, 334, 335, 336, 337, 340, 341, 300, 301, 339, 348, 349, 338, 172, 173, 352, 192, 193, 353, 344, 362, 363, 190, 145, 345, 144, 191, 295, 294, 265, 264, 382, 383, 384, 385, 332, 333, 325, 324, 160, 180, 181, 161, 350, 351, 343, 342, 188, 135, 397, 213, 410, 412, 413, 411, 212, 311, 299, 230, 291, 231, 290, 255, 254, 310, 130, 131, 428, 429, 440, 441, 433, 446, 447, 434, 435, 432, 403, 418, 419, 298, 189, 388, 470, 471, 402, 389, 396, 390, 391, 134, 165, 164, 486, 487, 490, 491, 492, 493, 498, 499, 500, 501, 387, 472, 473, 271, 270, 514, 515, 518, 519, 516, 517, 386, 502, 503, 219, 218, 322, 316, 409, 524, 279, 423, 200, 201, 179, 415, 427, 525, 531, 535, 534, 542, 543, 178, 278, 548, 549, 521, 552, 553, 554, 555, 558, 563, 564, 565, 559, 562, 568, 569, 530, 571, 359, 570, 520, 317, 176, 177, 574, 575, 512, 580, 422, 124, 494, 584, 581, 426, 587, 588, 393, 248, 443, 591, 593, 592, 454, 480, 226, 453, 595, 452, 227, 358, 442, 601, 356, 458, 484, 582, 583, 589, 357, 586, 590, 364, 455, 594, 600, 368, 608, 609, 365, 460, 485, 369, 612, 613, 620, 621, 323, 462, 616, 617, 618, 619, 622, 627, 623, 624, 625, 626, 628, 629, 375, 636, 637, 630, 631, 632, 633, 634, 635, 638, 639, 640, 641, 469, 642, 643, 644, 645, 646, 647, 459, 481, 585, 374, 392, 125, 249, 461, 468, 495, 408, 414, 463, 513, 654, 655, 420, 656, 657, 378, 547, 546, 664, 665, 421, 666, 667, 661, 379, 660, 320, 321, 404, 567, 566, 526, 405, 527, 556, 355, 198, 668, 649, 504, 673, 672, 346, 416]
  列生成求解结果: 目标值=10.0000， 下界=9.0000， 上界=10.0000

处理节点 127
  开始列生成求解...
Set parameter LogToConsole to value 0
Set parameter Threads to value 1
Set parameter Seed to value 0
  定价策略: Exact, node=127, vertices=17
Set parameter PoolSearchMode to value 2
Set parameter PoolSolutions to value 10
[CG 1] RMP=11.000000, pricing=ExactPricingSolver, new_columns=10
[CG 2] RMP=9.000000, pricing=ExactPricingSolver, new_columns=0
  搜索路径: [1, 2, 4, 5, 3, 8, 11, 14, 15, 16, 17, 19, 23, 24, 25, 27, 26, 30, 36, 37, 21, 22, 18, 33, 20, 31, 32, 53, 52, 54, 55, 57, 56, 10, 66, 67, 70, 71, 74, 75, 9, 80, 81, 84, 86, 87, 85, 92, 93, 43, 42, 12, 102, 103, 13, 108, 109, 49, 48, 114, 115, 116, 122, 123, 117, 118, 119, 62, 63, 106, 107, 99, 61, 60, 41, 98, 40, 138, 147, 148, 149, 139, 146, 162, 163, 166, 167, 168, 169, 170, 171, 143, 140, 112, 113, 184, 185, 150, 182, 183, 156, 157, 194, 195, 151, 202, 203, 204, 205, 208, 209, 214, 215, 136, 206, 207, 220, 221, 222, 223, 141, 137, 142, 197, 240, 241, 242, 243, 244, 245, 196, 90, 91, 78, 260, 261, 262, 263, 268, 269, 258, 274, 275, 259, 97, 96, 79, 266, 285, 282, 280, 284, 288, 289, 292, 293, 287, 281, 302, 303, 304, 305, 306, 312, 313, 307, 308, 309, 318, 319, 267, 283, 286, 326, 327, 328, 329, 330, 331, 334, 335, 336, 337, 340, 341, 300, 301, 339, 348, 349, 338, 172, 173, 352, 192, 193, 353, 344, 362, 363, 190, 145, 345, 144, 191, 295, 294, 265, 264, 382, 383, 384, 385, 332, 333, 325, 324, 160, 180, 181, 161, 350, 351, 343, 342, 188, 135, 397, 213, 410, 412, 413, 411, 212, 311, 299, 230, 291, 231, 290, 255, 254, 310, 130, 131, 428, 429, 440, 441, 433, 446, 447, 434, 435, 432, 403, 418, 419, 298, 189, 388, 470, 471, 402, 389, 396, 390, 391, 134, 165, 164, 486, 487, 490, 491, 492, 493, 498, 499, 500, 501, 387, 472, 473, 271, 270, 514, 515, 518, 519, 516, 517, 386, 502, 503, 219, 218, 322, 316, 409, 524, 279, 423, 200, 201, 179, 415, 427, 525, 531, 535, 534, 542, 543, 178, 278, 548, 549, 521, 552, 553, 554, 555, 558, 563, 564, 565, 559, 562, 568, 569, 530, 571, 359, 570, 520, 317, 176, 177, 574, 575, 512, 580, 422, 124, 494, 584, 581, 426, 587, 588, 393, 248, 443, 591, 593, 592, 454, 480, 226, 453, 595, 452, 227, 358, 442, 601, 356, 458, 484, 582, 583, 589, 357, 586, 590, 364, 455, 594, 600, 368, 608, 609, 365, 460, 485, 369, 612, 613, 620, 621, 323, 462, 616, 617, 618, 619, 622, 627, 623, 624, 625, 626, 628, 629, 375, 636, 637, 630, 631, 632, 633, 634, 635, 638, 639, 640, 641, 469, 642, 643, 644, 645, 646, 647, 459, 481, 585, 374, 392, 125, 249, 461, 468, 495, 408, 414, 463, 513, 654, 655, 420, 656, 657, 378, 547, 546, 664, 665, 421, 666, 667, 661, 379, 660, 320, 321, 404, 567, 566, 526, 405, 527, 556, 355, 198, 668, 649, 504, 673, 672, 346, 416, 127]
  列生成求解结果: 目标值=9.0000， 下界=9.0000， 上界=10.0000
    非整数变量: COL_1-16-25_229 = 0.818182
  解不是整数，开始分支...
ImposedVertex(vertex=14)
ForbidVertex(vertex=14)
  创建了 2 个分支
    添加分支节点 1: ID=678
    添加分支节点 2: ID=679

处理节点 354
  开始列生成求解...
Set parameter LogToConsole to value 0
Set parameter Threads to value 1
Set parameter Seed to value 0
  定价策略: Exact, node=354, vertices=15
Set parameter PoolSearchMode to value 2
Set parameter PoolSolutions to value 10
[CG 1] RMP=1010.000000, pricing=ExactPricingSolver, new_columns=10
[CG 2] RMP=10.000000, pricing=ExactPricingSolver, new_columns=0
  搜索路径: [1, 2, 4, 5, 3, 8, 11, 14, 15, 16, 17, 19, 23, 24, 25, 27, 26, 30, 36, 37, 21, 22, 18, 33, 20, 31, 32, 53, 52, 54, 55, 57, 56, 10, 66, 67, 70, 71, 74, 75, 9, 80, 81, 84, 86, 87, 85, 92, 93, 43, 42, 12, 102, 103, 13, 108, 109, 49, 48, 114, 115, 116, 122, 123, 117, 118, 119, 62, 63, 106, 107, 99, 61, 60, 41, 98, 40, 138, 147, 148, 149, 139, 146, 162, 163, 166, 167, 168, 169, 170, 171, 143, 140, 112, 113, 184, 185, 150, 182, 183, 156, 157, 194, 195, 151, 202, 203, 204, 205, 208, 209, 214, 215, 136, 206, 207, 220, 221, 222, 223, 141, 137, 142, 197, 240, 241, 242, 243, 244, 245, 196, 90, 91, 78, 260, 261, 262, 263, 268, 269, 258, 274, 275, 259, 97, 96, 79, 266, 285, 282, 280, 284, 288, 289, 292, 293, 287, 281, 302, 303, 304, 305, 306, 312, 313, 307, 308, 309, 318, 319, 267, 283, 286, 326, 327, 328, 329, 330, 331, 334, 335, 336, 337, 340, 341, 300, 301, 339, 348, 349, 338, 172, 173, 352, 192, 193, 353, 344, 362, 363, 190, 145, 345, 144, 191, 295, 294, 265, 264, 382, 383, 384, 385, 332, 333, 325, 324, 160, 180, 181, 161, 350, 351, 343, 342, 188, 135, 397, 213, 410, 412, 413, 411, 212, 311, 299, 230, 291, 231, 290, 255, 254, 310, 130, 131, 428, 429, 440, 441, 433, 446, 447, 434, 435, 432, 403, 418, 419, 298, 189, 388, 470, 471, 402, 389, 396, 390, 391, 134, 165, 164, 486, 487, 490, 491, 492, 493, 498, 499, 500, 501, 387, 472, 473, 271, 270, 514, 515, 518, 519, 516, 517, 386, 502, 503, 219, 218, 322, 316, 409, 524, 279, 423, 200, 201, 179, 415, 427, 525, 531, 535, 534, 542, 543, 178, 278, 548, 549, 521, 552, 553, 554, 555, 558, 563, 564, 565, 559, 562, 568, 569, 530, 571, 359, 570, 520, 317, 176, 177, 574, 575, 512, 580, 422, 124, 494, 584, 581, 426, 587, 588, 393, 248, 443, 591, 593, 592, 454, 480, 226, 453, 595, 452, 227, 358, 442, 601, 356, 458, 484, 582, 583, 589, 357, 586, 590, 364, 455, 594, 600, 368, 608, 609, 365, 460, 485, 369, 612, 613, 620, 621, 323, 462, 616, 617, 618, 619, 622, 627, 623, 624, 625, 626, 628, 629, 375, 636, 637, 630, 631, 632, 633, 634, 635, 638, 639, 640, 641, 469, 642, 643, 644, 645, 646, 647, 459, 481, 585, 374, 392, 125, 249, 461, 468, 495, 408, 414, 463, 513, 654, 655, 420, 656, 657, 378, 547, 546, 664, 665, 421, 666, 667, 661, 379, 660, 320, 321, 404, 567, 566, 526, 405, 527, 556, 355, 198, 668, 649, 504, 673, 672, 346, 416, 127, 354]
  列生成求解结果: 目标值=10.0000， 下界=9.0000， 上界=10.0000

处理节点 465
  开始列生成求解...
Set parameter LogToConsole to value 0
Set parameter Threads to value 1
Set parameter Seed to value 0
  定价策略: Exact, node=465, vertices=11
Set parameter PoolSearchMode to value 2
Set parameter PoolSolutions to value 10
[CG 1] RMP=2010.000000, pricing=ExactPricingSolver, new_columns=10
[CG 2] RMP=12.000000, pricing=ExactPricingSolver, new_columns=0
  搜索路径: [1, 2, 4, 5, 3, 8, 11, 14, 15, 16, 17, 19, 23, 24, 25, 27, 26, 30, 36, 37, 21, 22, 18, 33, 20, 31, 32, 53, 52, 54, 55, 57, 56, 10, 66, 67, 70, 71, 74, 75, 9, 80, 81, 84, 86, 87, 85, 92, 93, 43, 42, 12, 102, 103, 13, 108, 109, 49, 48, 114, 115, 116, 122, 123, 117, 118, 119, 62, 63, 106, 107, 99, 61, 60, 41, 98, 40, 138, 147, 148, 149, 139, 146, 162, 163, 166, 167, 168, 169, 170, 171, 143, 140, 112, 113, 184, 185, 150, 182, 183, 156, 157, 194, 195, 151, 202, 203, 204, 205, 208, 209, 214, 215, 136, 206, 207, 220, 221, 222, 223, 141, 137, 142, 197, 240, 241, 242, 243, 244, 245, 196, 90, 91, 78, 260, 261, 262, 263, 268, 269, 258, 274, 275, 259, 97, 96, 79, 266, 285, 282, 280, 284, 288, 289, 292, 293, 287, 281, 302, 303, 304, 305, 306, 312, 313, 307, 308, 309, 318, 319, 267, 283, 286, 326, 327, 328, 329, 330, 331, 334, 335, 336, 337, 340, 341, 300, 301, 339, 348, 349, 338, 172, 173, 352, 192, 193, 353, 344, 362, 363, 190, 145, 345, 144, 191, 295, 294, 265, 264, 382, 383, 384, 385, 332, 333, 325, 324, 160, 180, 181, 161, 350, 351, 343, 342, 188, 135, 397, 213, 410, 412, 413, 411, 212, 311, 299, 230, 291, 231, 290, 255, 254, 310, 130, 131, 428, 429, 440, 441, 433, 446, 447, 434, 435, 432, 403, 418, 419, 298, 189, 388, 470, 471, 402, 389, 396, 390, 391, 134, 165, 164, 486, 487, 490, 491, 492, 493, 498, 499, 500, 501, 387, 472, 473, 271, 270, 514, 515, 518, 519, 516, 517, 386, 502, 503, 219, 218, 322, 316, 409, 524, 279, 423, 200, 201, 179, 415, 427, 525, 531, 535, 534, 542, 543, 178, 278, 548, 549, 521, 552, 553, 554, 555, 558, 563, 564, 565, 559, 562, 568, 569, 530, 571, 359, 570, 520, 317, 176, 177, 574, 575, 512, 580, 422, 124, 494, 584, 581, 426, 587, 588, 393, 248, 443, 591, 593, 592, 454, 480, 226, 453, 595, 452, 227, 358, 442, 601, 356, 458, 484, 582, 583, 589, 357, 586, 590, 364, 455, 594, 600, 368, 608, 609, 365, 460, 485, 369, 612, 613, 620, 621, 323, 462, 616, 617, 618, 619, 622, 627, 623, 624, 625, 626, 628, 629, 375, 636, 637, 630, 631, 632, 633, 634, 635, 638, 639, 640, 641, 469, 642, 643, 644, 645, 646, 647, 459, 481, 585, 374, 392, 125, 249, 461, 468, 495, 408, 414, 463, 513, 654, 655, 420, 656, 657, 378, 547, 546, 664, 665, 421, 666, 667, 661, 379, 660, 320, 321, 404, 567, 566, 526, 405, 527, 556, 355, 198, 668, 649, 504, 673, 672, 346, 416, 127, 354, 465]
  列生成求解结果: 目标值=12.0000， 下界=9.0000， 上界=10.0000

处理节点 675
  开始列生成求解...
Set parameter LogToConsole to value 0
Set parameter Threads to value 1
Set parameter Seed to value 0
  定价策略: Exact, node=675, vertices=13
Set parameter PoolSearchMode to value 2
Set parameter PoolSolutions to value 10
[CG 1] RMP=9.000000, pricing=ExactPricingSolver, new_columns=0
  搜索路径: [1, 2, 4, 5, 3, 8, 11, 14, 15, 16, 17, 19, 23, 24, 25, 27, 26, 30, 36, 37, 21, 22, 18, 33, 20, 31, 32, 53, 52, 54, 55, 57, 56, 10, 66, 67, 70, 71, 74, 75, 9, 80, 81, 84, 86, 87, 85, 92, 93, 43, 42, 12, 102, 103, 13, 108, 109, 49, 48, 114, 115, 116, 122, 123, 117, 118, 119, 62, 63, 106, 107, 99, 61, 60, 41, 98, 40, 138, 147, 148, 149, 139, 146, 162, 163, 166, 167, 168, 169, 170, 171, 143, 140, 112, 113, 184, 185, 150, 182, 183, 156, 157, 194, 195, 151, 202, 203, 204, 205, 208, 209, 214, 215, 136, 206, 207, 220, 221, 222, 223, 141, 137, 142, 197, 240, 241, 242, 243, 244, 245, 196, 90, 91, 78, 260, 261, 262, 263, 268, 269, 258, 274, 275, 259, 97, 96, 79, 266, 285, 282, 280, 284, 288, 289, 292, 293, 287, 281, 302, 303, 304, 305, 306, 312, 313, 307, 308, 309, 318, 319, 267, 283, 286, 326, 327, 328, 329, 330, 331, 334, 335, 336, 337, 340, 341, 300, 301, 339, 348, 349, 338, 172, 173, 352, 192, 193, 353, 344, 362, 363, 190, 145, 345, 144, 191, 295, 294, 265, 264, 382, 383, 384, 385, 332, 333, 325, 324, 160, 180, 181, 161, 350, 351, 343, 342, 188, 135, 397, 213, 410, 412, 413, 411, 212, 311, 299, 230, 291, 231, 290, 255, 254, 310, 130, 131, 428, 429, 440, 441, 433, 446, 447, 434, 435, 432, 403, 418, 419, 298, 189, 388, 470, 471, 402, 389, 396, 390, 391, 134, 165, 164, 486, 487, 490, 491, 492, 493, 498, 499, 500, 501, 387, 472, 473, 271, 270, 514, 515, 518, 519, 516, 517, 386, 502, 503, 219, 218, 322, 316, 409, 524, 279, 423, 200, 201, 179, 415, 427, 525, 531, 535, 534, 542, 543, 178, 278, 548, 549, 521, 552, 553, 554, 555, 558, 563, 564, 565, 559, 562, 568, 569, 530, 571, 359, 570, 520, 317, 176, 177, 574, 575, 512, 580, 422, 124, 494, 584, 581, 426, 587, 588, 393, 248, 443, 591, 593, 592, 454, 480, 226, 453, 595, 452, 227, 358, 442, 601, 356, 458, 484, 582, 583, 589, 357, 586, 590, 364, 455, 594, 600, 368, 608, 609, 365, 460, 485, 369, 612, 613, 620, 621, 323, 462, 616, 617, 618, 619, 622, 627, 623, 624, 625, 626, 628, 629, 375, 636, 637, 630, 631, 632, 633, 634, 635, 638, 639, 640, 641, 469, 642, 643, 644, 645, 646, 647, 459, 481, 585, 374, 392, 125, 249, 461, 468, 495, 408, 414, 463, 513, 654, 655, 420, 656, 657, 378, 547, 546, 664, 665, 421, 666, 667, 661, 379, 660, 320, 321, 404, 567, 566, 526, 405, 527, 556, 355, 198, 668, 649, 504, 673, 672, 346, 416, 127, 354, 465, 675]
  列生成求解结果: 目标值=9.0000， 下界=9.0000， 上界=10.0000
    非整数变量: COL_1-21_59 = 0.500000
  解不是整数，开始分支...
ImposedVertex(vertex=28)
ForbidVertex(vertex=28)
  创建了 2 个分支
    添加分支节点 1: ID=680
    添加分支节点 2: ID=681

处理节点 674
  开始列生成求解...
Set parameter LogToConsole to value 0
Set parameter Threads to value 1
Set parameter Seed to value 0
  定价策略: Exact, node=674, vertices=13
Set parameter PoolSearchMode to value 2
Set parameter PoolSolutions to value 10
[CG 1] RMP=2010.000000, pricing=ExactPricingSolver, new_columns=10
[CG 2] RMP=12.000000, pricing=ExactPricingSolver, new_columns=10
[CG 3] RMP=9.000000, pricing=ExactPricingSolver, new_columns=0
  搜索路径: [1, 2, 4, 5, 3, 8, 11, 14, 15, 16, 17, 19, 23, 24, 25, 27, 26, 30, 36, 37, 21, 22, 18, 33, 20, 31, 32, 53, 52, 54, 55, 57, 56, 10, 66, 67, 70, 71, 74, 75, 9, 80, 81, 84, 86, 87, 85, 92, 93, 43, 42, 12, 102, 103, 13, 108, 109, 49, 48, 114, 115, 116, 122, 123, 117, 118, 119, 62, 63, 106, 107, 99, 61, 60, 41, 98, 40, 138, 147, 148, 149, 139, 146, 162, 163, 166, 167, 168, 169, 170, 171, 143, 140, 112, 113, 184, 185, 150, 182, 183, 156, 157, 194, 195, 151, 202, 203, 204, 205, 208, 209, 214, 215, 136, 206, 207, 220, 221, 222, 223, 141, 137, 142, 197, 240, 241, 242, 243, 244, 245, 196, 90, 91, 78, 260, 261, 262, 263, 268, 269, 258, 274, 275, 259, 97, 96, 79, 266, 285, 282, 280, 284, 288, 289, 292, 293, 287, 281, 302, 303, 304, 305, 306, 312, 313, 307, 308, 309, 318, 319, 267, 283, 286, 326, 327, 328, 329, 330, 331, 334, 335, 336, 337, 340, 341, 300, 301, 339, 348, 349, 338, 172, 173, 352, 192, 193, 353, 344, 362, 363, 190, 145, 345, 144, 191, 295, 294, 265, 264, 382, 383, 384, 385, 332, 333, 325, 324, 160, 180, 181, 161, 350, 351, 343, 342, 188, 135, 397, 213, 410, 412, 413, 411, 212, 311, 299, 230, 291, 231, 290, 255, 254, 310, 130, 131, 428, 429, 440, 441, 433, 446, 447, 434, 435, 432, 403, 418, 419, 298, 189, 388, 470, 471, 402, 389, 396, 390, 391, 134, 165, 164, 486, 487, 490, 491, 492, 493, 498, 499, 500, 501, 387, 472, 473, 271, 270, 514, 515, 518, 519, 516, 517, 386, 502, 503, 219, 218, 322, 316, 409, 524, 279, 423, 200, 201, 179, 415, 427, 525, 531, 535, 534, 542, 543, 178, 278, 548, 549, 521, 552, 553, 554, 555, 558, 563, 564, 565, 559, 562, 568, 569, 530, 571, 359, 570, 520, 317, 176, 177, 574, 575, 512, 580, 422, 124, 494, 584, 581, 426, 587, 588, 393, 248, 443, 591, 593, 592, 454, 480, 226, 453, 595, 452, 227, 358, 442, 601, 356, 458, 484, 582, 583, 589, 357, 586, 590, 364, 455, 594, 600, 368, 608, 609, 365, 460, 485, 369, 612, 613, 620, 621, 323, 462, 616, 617, 618, 619, 622, 627, 623, 624, 625, 626, 628, 629, 375, 636, 637, 630, 631, 632, 633, 634, 635, 638, 639, 640, 641, 469, 642, 643, 644, 645, 646, 647, 459, 481, 585, 374, 392, 125, 249, 461, 468, 495, 408, 414, 463, 513, 654, 655, 420, 656, 657, 378, 547, 546, 664, 665, 421, 666, 667, 661, 379, 660, 320, 321, 404, 567, 566, 526, 405, 527, 556, 355, 198, 668, 649, 504, 673, 672, 346, 416, 127, 354, 465, 675, 674]
  列生成求解结果: 目标值=9.0000， 下界=9.0000， 上界=10.0000
    非整数变量: COL_1-12-15-28-6_643 = 0.666667
  解不是整数，开始分支...
ImposedVertex(vertex=15)
ForbidVertex(vertex=15)
  创建了 2 个分支
    添加分支节点 1: ID=682
    添加分支节点 2: ID=683

处理节点 560
  开始列生成求解...
Set parameter LogToConsole to value 0
Set parameter Threads to value 1
Set parameter Seed to value 0
  定价策略: Exact, node=560, vertices=17
Set parameter PoolSearchMode to value 2
Set parameter PoolSolutions to value 10
[CG 1] RMP=10.000000, pricing=ExactPricingSolver, new_columns=0
  搜索路径: [1, 2, 4, 5, 3, 8, 11, 14, 15, 16, 17, 19, 23, 24, 25, 27, 26, 30, 36, 37, 21, 22, 18, 33, 20, 31, 32, 53, 52, 54, 55, 57, 56, 10, 66, 67, 70, 71, 74, 75, 9, 80, 81, 84, 86, 87, 85, 92, 93, 43, 42, 12, 102, 103, 13, 108, 109, 49, 48, 114, 115, 116, 122, 123, 117, 118, 119, 62, 63, 106, 107, 99, 61, 60, 41, 98, 40, 138, 147, 148, 149, 139, 146, 162, 163, 166, 167, 168, 169, 170, 171, 143, 140, 112, 113, 184, 185, 150, 182, 183, 156, 157, 194, 195, 151, 202, 203, 204, 205, 208, 209, 214, 215, 136, 206, 207, 220, 221, 222, 223, 141, 137, 142, 197, 240, 241, 242, 243, 244, 245, 196, 90, 91, 78, 260, 261, 262, 263, 268, 269, 258, 274, 275, 259, 97, 96, 79, 266, 285, 282, 280, 284, 288, 289, 292, 293, 287, 281, 302, 303, 304, 305, 306, 312, 313, 307, 308, 309, 318, 319, 267, 283, 286, 326, 327, 328, 329, 330, 331, 334, 335, 336, 337, 340, 341, 300, 301, 339, 348, 349, 338, 172, 173, 352, 192, 193, 353, 344, 362, 363, 190, 145, 345, 144, 191, 295, 294, 265, 264, 382, 383, 384, 385, 332, 333, 325, 324, 160, 180, 181, 161, 350, 351, 343, 342, 188, 135, 397, 213, 410, 412, 413, 411, 212, 311, 299, 230, 291, 231, 290, 255, 254, 310, 130, 131, 428, 429, 440, 441, 433, 446, 447, 434, 435, 432, 403, 418, 419, 298, 189, 388, 470, 471, 402, 389, 396, 390, 391, 134, 165, 164, 486, 487, 490, 491, 492, 493, 498, 499, 500, 501, 387, 472, 473, 271, 270, 514, 515, 518, 519, 516, 517, 386, 502, 503, 219, 218, 322, 316, 409, 524, 279, 423, 200, 201, 179, 415, 427, 525, 531, 535, 534, 542, 543, 178, 278, 548, 549, 521, 552, 553, 554, 555, 558, 563, 564, 565, 559, 562, 568, 569, 530, 571, 359, 570, 520, 317, 176, 177, 574, 575, 512, 580, 422, 124, 494, 584, 581, 426, 587, 588, 393, 248, 443, 591, 593, 592, 454, 480, 226, 453, 595, 452, 227, 358, 442, 601, 356, 458, 484, 582, 583, 589, 357, 586, 590, 364, 455, 594, 600, 368, 608, 609, 365, 460, 485, 369, 612, 613, 620, 621, 323, 462, 616, 617, 618, 619, 622, 627, 623, 624, 625, 626, 628, 629, 375, 636, 637, 630, 631, 632, 633, 634, 635, 638, 639, 640, 641, 469, 642, 643, 644, 645, 646, 647, 459, 481, 585, 374, 392, 125, 249, 461, 468, 495, 408, 414, 463, 513, 654, 655, 420, 656, 657, 378, 547, 546, 664, 665, 421, 666, 667, 661, 379, 660, 320, 321, 404, 567, 566, 526, 405, 527, 556, 355, 198, 668, 649, 504, 673, 672, 346, 416, 127, 354, 465, 675, 674, 560]
  列生成求解结果: 目标值=10.0000， 下界=9.0000， 上界=10.0000

处理节点 464
  开始列生成求解...
Set parameter LogToConsole to value 0
Set parameter Threads to value 1
Set parameter Seed to value 0
  定价策略: Exact, node=464, vertices=11
Set parameter PoolSearchMode to value 2
Set parameter PoolSolutions to value 10
[CG 1] RMP=9.000000, pricing=ExactPricingSolver, new_columns=0
  搜索路径: [1, 2, 4, 5, 3, 8, 11, 14, 15, 16, 17, 19, 23, 24, 25, 27, 26, 30, 36, 37, 21, 22, 18, 33, 20, 31, 32, 53, 52, 54, 55, 57, 56, 10, 66, 67, 70, 71, 74, 75, 9, 80, 81, 84, 86, 87, 85, 92, 93, 43, 42, 12, 102, 103, 13, 108, 109, 49, 48, 114, 115, 116, 122, 123, 117, 118, 119, 62, 63, 106, 107, 99, 61, 60, 41, 98, 40, 138, 147, 148, 149, 139, 146, 162, 163, 166, 167, 168, 169, 170, 171, 143, 140, 112, 113, 184, 185, 150, 182, 183, 156, 157, 194, 195, 151, 202, 203, 204, 205, 208, 209, 214, 215, 136, 206, 207, 220, 221, 222, 223, 141, 137, 142, 197, 240, 241, 242, 243, 244, 245, 196, 90, 91, 78, 260, 261, 262, 263, 268, 269, 258, 274, 275, 259, 97, 96, 79, 266, 285, 282, 280, 284, 288, 289, 292, 293, 287, 281, 302, 303, 304, 305, 306, 312, 313, 307, 308, 309, 318, 319, 267, 283, 286, 326, 327, 328, 329, 330, 331, 334, 335, 336, 337, 340, 341, 300, 301, 339, 348, 349, 338, 172, 173, 352, 192, 193, 353, 344, 362, 363, 190, 145, 345, 144, 191, 295, 294, 265, 264, 382, 383, 384, 385, 332, 333, 325, 324, 160, 180, 181, 161, 350, 351, 343, 342, 188, 135, 397, 213, 410, 412, 413, 411, 212, 311, 299, 230, 291, 231, 290, 255, 254, 310, 130, 131, 428, 429, 440, 441, 433, 446, 447, 434, 435, 432, 403, 418, 419, 298, 189, 388, 470, 471, 402, 389, 396, 390, 391, 134, 165, 164, 486, 487, 490, 491, 492, 493, 498, 499, 500, 501, 387, 472, 473, 271, 270, 514, 515, 518, 519, 516, 517, 386, 502, 503, 219, 218, 322, 316, 409, 524, 279, 423, 200, 201, 179, 415, 427, 525, 531, 535, 534, 542, 543, 178, 278, 548, 549, 521, 552, 553, 554, 555, 558, 563, 564, 565, 559, 562, 568, 569, 530, 571, 359, 570, 520, 317, 176, 177, 574, 575, 512, 580, 422, 124, 494, 584, 581, 426, 587, 588, 393, 248, 443, 591, 593, 592, 454, 480, 226, 453, 595, 452, 227, 358, 442, 601, 356, 458, 484, 582, 583, 589, 357, 586, 590, 364, 455, 594, 600, 368, 608, 609, 365, 460, 485, 369, 612, 613, 620, 621, 323, 462, 616, 617, 618, 619, 622, 627, 623, 624, 625, 626, 628, 629, 375, 636, 637, 630, 631, 632, 633, 634, 635, 638, 639, 640, 641, 469, 642, 643, 644, 645, 646, 647, 459, 481, 585, 374, 392, 125, 249, 461, 468, 495, 408, 414, 463, 513, 654, 655, 420, 656, 657, 378, 547, 546, 664, 665, 421, 666, 667, 661, 379, 660, 320, 321, 404, 567, 566, 526, 405, 527, 556, 355, 198, 668, 649, 504, 673, 672, 346, 416, 127, 354, 465, 675, 674, 560, 464]
  列生成求解结果: 目标值=9.0000， 下界=9.0000， 上界=10.0000
    非整数变量: COL_1-11-18-23-7-9_42 = 0.500000
  解不是整数，开始分支...
ImposedVertex(vertex=26)
ForbidVertex(vertex=26)
  创建了 2 个分支
    添加分支节点 1: ID=684
    添加分支节点 2: ID=685
  进度: 已处理 480 个节点, 剩余 149 个, 当前最优 10.0000, 当前列数: 3028

处理节点 679
  开始列生成求解...
Set parameter LogToConsole to value 0
Set parameter Threads to value 1
Set parameter Seed to value 0
  定价策略: Exact, node=679, vertices=16
Set parameter PoolSearchMode to value 2
Set parameter PoolSolutions to value 10
[CG 1] RMP=9.000000, pricing=ExactPricingSolver, new_columns=0
  搜索路径: [1, 2, 4, 5, 3, 8, 11, 14, 15, 16, 17, 19, 23, 24, 25, 27, 26, 30, 36, 37, 21, 22, 18, 33, 20, 31, 32, 53, 52, 54, 55, 57, 56, 10, 66, 67, 70, 71, 74, 75, 9, 80, 81, 84, 86, 87, 85, 92, 93, 43, 42, 12, 102, 103, 13, 108, 109, 49, 48, 114, 115, 116, 122, 123, 117, 118, 119, 62, 63, 106, 107, 99, 61, 60, 41, 98, 40, 138, 147, 148, 149, 139, 146, 162, 163, 166, 167, 168, 169, 170, 171, 143, 140, 112, 113, 184, 185, 150, 182, 183, 156, 157, 194, 195, 151, 202, 203, 204, 205, 208, 209, 214, 215, 136, 206, 207, 220, 221, 222, 223, 141, 137, 142, 197, 240, 241, 242, 243, 244, 245, 196, 90, 91, 78, 260, 261, 262, 263, 268, 269, 258, 274, 275, 259, 97, 96, 79, 266, 285, 282, 280, 284, 288, 289, 292, 293, 287, 281, 302, 303, 304, 305, 306, 312, 313, 307, 308, 309, 318, 319, 267, 283, 286, 326, 327, 328, 329, 330, 331, 334, 335, 336, 337, 340, 341, 300, 301, 339, 348, 349, 338, 172, 173, 352, 192, 193, 353, 344, 362, 363, 190, 145, 345, 144, 191, 295, 294, 265, 264, 382, 383, 384, 385, 332, 333, 325, 324, 160, 180, 181, 161, 350, 351, 343, 342, 188, 135, 397, 213, 410, 412, 413, 411, 212, 311, 299, 230, 291, 231, 290, 255, 254, 310, 130, 131, 428, 429, 440, 441, 433, 446, 447, 434, 435, 432, 403, 418, 419, 298, 189, 388, 470, 471, 402, 389, 396, 390, 391, 134, 165, 164, 486, 487, 490, 491, 492, 493, 498, 499, 500, 501, 387, 472, 473, 271, 270, 514, 515, 518, 519, 516, 517, 386, 502, 503, 219, 218, 322, 316, 409, 524, 279, 423, 200, 201, 179, 415, 427, 525, 531, 535, 534, 542, 543, 178, 278, 548, 549, 521, 552, 553, 554, 555, 558, 563, 564, 565, 559, 562, 568, 569, 530, 571, 359, 570, 520, 317, 176, 177, 574, 575, 512, 580, 422, 124, 494, 584, 581, 426, 587, 588, 393, 248, 443, 591, 593, 592, 454, 480, 226, 453, 595, 452, 227, 358, 442, 601, 356, 458, 484, 582, 583, 589, 357, 586, 590, 364, 455, 594, 600, 368, 608, 609, 365, 460, 485, 369, 612, 613, 620, 621, 323, 462, 616, 617, 618, 619, 622, 627, 623, 624, 625, 626, 628, 629, 375, 636, 637, 630, 631, 632, 633, 634, 635, 638, 639, 640, 641, 469, 642, 643, 644, 645, 646, 647, 459, 481, 585, 374, 392, 125, 249, 461, 468, 495, 408, 414, 463, 513, 654, 655, 420, 656, 657, 378, 547, 546, 664, 665, 421, 666, 667, 661, 379, 660, 320, 321, 404, 567, 566, 526, 405, 527, 556, 355, 198, 668, 649, 504, 673, 672, 346, 416, 127, 354, 465, 675, 674, 560, 464, 679]
  列生成求解结果: 目标值=9.0000， 下界=9.0000， 上界=10.0000
    非整数变量: COL_1-16-25_229 = 0.818182
  解不是整数，开始分支...
ImposedVertex(vertex=29)
ForbidVertex(vertex=29)
  创建了 2 个分支
    添加分支节点 1: ID=686
    添加分支节点 2: ID=687

处理节点 678
  开始列生成求解...
Set parameter LogToConsole to value 0
Set parameter Threads to value 1
Set parameter Seed to value 0
  定价策略: Exact, node=678, vertices=15
Set parameter PoolSearchMode to value 2
Set parameter PoolSolutions to value 10
[CG 1] RMP=2010.000000, pricing=ExactPricingSolver, new_columns=10
[CG 2] RMP=10.000000, pricing=ExactPricingSolver, new_columns=0
  搜索路径: [1, 2, 4, 5, 3, 8, 11, 14, 15, 16, 17, 19, 23, 24, 25, 27, 26, 30, 36, 37, 21, 22, 18, 33, 20, 31, 32, 53, 52, 54, 55, 57, 56, 10, 66, 67, 70, 71, 74, 75, 9, 80, 81, 84, 86, 87, 85, 92, 93, 43, 42, 12, 102, 103, 13, 108, 109, 49, 48, 114, 115, 116, 122, 123, 117, 118, 119, 62, 63, 106, 107, 99, 61, 60, 41, 98, 40, 138, 147, 148, 149, 139, 146, 162, 163, 166, 167, 168, 169, 170, 171, 143, 140, 112, 113, 184, 185, 150, 182, 183, 156, 157, 194, 195, 151, 202, 203, 204, 205, 208, 209, 214, 215, 136, 206, 207, 220, 221, 222, 223, 141, 137, 142, 197, 240, 241, 242, 243, 244, 245, 196, 90, 91, 78, 260, 261, 262, 263, 268, 269, 258, 274, 275, 259, 97, 96, 79, 266, 285, 282, 280, 284, 288, 289, 292, 293, 287, 281, 302, 303, 304, 305, 306, 312, 313, 307, 308, 309, 318, 319, 267, 283, 286, 326, 327, 328, 329, 330, 331, 334, 335, 336, 337, 340, 341, 300, 301, 339, 348, 349, 338, 172, 173, 352, 192, 193, 353, 344, 362, 363, 190, 145, 345, 144, 191, 295, 294, 265, 264, 382, 383, 384, 385, 332, 333, 325, 324, 160, 180, 181, 161, 350, 351, 343, 342, 188, 135, 397, 213, 410, 412, 413, 411, 212, 311, 299, 230, 291, 231, 290, 255, 254, 310, 130, 131, 428, 429, 440, 441, 433, 446, 447, 434, 435, 432, 403, 418, 419, 298, 189, 388, 470, 471, 402, 389, 396, 390, 391, 134, 165, 164, 486, 487, 490, 491, 492, 493, 498, 499, 500, 501, 387, 472, 473, 271, 270, 514, 515, 518, 519, 516, 517, 386, 502, 503, 219, 218, 322, 316, 409, 524, 279, 423, 200, 201, 179, 415, 427, 525, 531, 535, 534, 542, 543, 178, 278, 548, 549, 521, 552, 553, 554, 555, 558, 563, 564, 565, 559, 562, 568, 569, 530, 571, 359, 570, 520, 317, 176, 177, 574, 575, 512, 580, 422, 124, 494, 584, 581, 426, 587, 588, 393, 248, 443, 591, 593, 592, 454, 480, 226, 453, 595, 452, 227, 358, 442, 601, 356, 458, 484, 582, 583, 589, 357, 586, 590, 364, 455, 594, 600, 368, 608, 609, 365, 460, 485, 369, 612, 613, 620, 621, 323, 462, 616, 617, 618, 619, 622, 627, 623, 624, 625, 626, 628, 629, 375, 636, 637, 630, 631, 632, 633, 634, 635, 638, 639, 640, 641, 469, 642, 643, 644, 645, 646, 647, 459, 481, 585, 374, 392, 125, 249, 461, 468, 495, 408, 414, 463, 513, 654, 655, 420, 656, 657, 378, 547, 546, 664, 665, 421, 666, 667, 661, 379, 660, 320, 321, 404, 567, 566, 526, 405, 527, 556, 355, 198, 668, 649, 504, 673, 672, 346, 416, 127, 354, 465, 675, 674, 560, 464, 679, 678]
  列生成求解结果: 目标值=10.0000， 下界=9.0000， 上界=10.0000

处理节点 445
  开始列生成求解...
Set parameter LogToConsole to value 0
Set parameter Threads to value 1
Set parameter Seed to value 0
  定价策略: Exact, node=445, vertices=13
Set parameter PoolSearchMode to value 2
Set parameter PoolSolutions to value 10
[CG 1] RMP=14.000000, pricing=ExactPricingSolver, new_columns=10
[CG 2] RMP=12.000000, pricing=ExactPricingSolver, new_columns=0
  搜索路径: [1, 2, 4, 5, 3, 8, 11, 14, 15, 16, 17, 19, 23, 24, 25, 27, 26, 30, 36, 37, 21, 22, 18, 33, 20, 31, 32, 53, 52, 54, 55, 57, 56, 10, 66, 67, 70, 71, 74, 75, 9, 80, 81, 84, 86, 87, 85, 92, 93, 43, 42, 12, 102, 103, 13, 108, 109, 49, 48, 114, 115, 116, 122, 123, 117, 118, 119, 62, 63, 106, 107, 99, 61, 60, 41, 98, 40, 138, 147, 148, 149, 139, 146, 162, 163, 166, 167, 168, 169, 170, 171, 143, 140, 112, 113, 184, 185, 150, 182, 183, 156, 157, 194, 195, 151, 202, 203, 204, 205, 208, 209, 214, 215, 136, 206, 207, 220, 221, 222, 223, 141, 137, 142, 197, 240, 241, 242, 243, 244, 245, 196, 90, 91, 78, 260, 261, 262, 263, 268, 269, 258, 274, 275, 259, 97, 96, 79, 266, 285, 282, 280, 284, 288, 289, 292, 293, 287, 281, 302, 303, 304, 305, 306, 312, 313, 307, 308, 309, 318, 319, 267, 283, 286, 326, 327, 328, 329, 330, 331, 334, 335, 336, 337, 340, 341, 300, 301, 339, 348, 349, 338, 172, 173, 352, 192, 193, 353, 344, 362, 363, 190, 145, 345, 144, 191, 295, 294, 265, 264, 382, 383, 384, 385, 332, 333, 325, 324, 160, 180, 181, 161, 350, 351, 343, 342, 188, 135, 397, 213, 410, 412, 413, 411, 212, 311, 299, 230, 291, 231, 290, 255, 254, 310, 130, 131, 428, 429, 440, 441, 433, 446, 447, 434, 435, 432, 403, 418, 419, 298, 189, 388, 470, 471, 402, 389, 396, 390, 391, 134, 165, 164, 486, 487, 490, 491, 492, 493, 498, 499, 500, 501, 387, 472, 473, 271, 270, 514, 515, 518, 519, 516, 517, 386, 502, 503, 219, 218, 322, 316, 409, 524, 279, 423, 200, 201, 179, 415, 427, 525, 531, 535, 534, 542, 543, 178, 278, 548, 549, 521, 552, 553, 554, 555, 558, 563, 564, 565, 559, 562, 568, 569, 530, 571, 359, 570, 520, 317, 176, 177, 574, 575, 512, 580, 422, 124, 494, 584, 581, 426, 587, 588, 393, 248, 443, 591, 593, 592, 454, 480, 226, 453, 595, 452, 227, 358, 442, 601, 356, 458, 484, 582, 583, 589, 357, 586, 590, 364, 455, 594, 600, 368, 608, 609, 365, 460, 485, 369, 612, 613, 620, 621, 323, 462, 616, 617, 618, 619, 622, 627, 623, 624, 625, 626, 628, 629, 375, 636, 637, 630, 631, 632, 633, 634, 635, 638, 639, 640, 641, 469, 642, 643, 644, 645, 646, 647, 459, 481, 585, 374, 392, 125, 249, 461, 468, 495, 408, 414, 463, 513, 654, 655, 420, 656, 657, 378, 547, 546, 664, 665, 421, 666, 667, 661, 379, 660, 320, 321, 404, 567, 566, 526, 405, 527, 556, 355, 198, 668, 649, 504, 673, 672, 346, 416, 127, 354, 465, 675, 674, 560, 464, 679, 678, 445]
  列生成求解结果: 目标值=12.0000， 下界=9.0000， 上界=10.0000

处理节点 681
  开始列生成求解...
Set parameter LogToConsole to value 0
Set parameter Threads to value 1
Set parameter Seed to value 0
  定价策略: Exact, node=681, vertices=12
Set parameter PoolSearchMode to value 2
Set parameter PoolSolutions to value 10
[CG 1] RMP=10.000000, pricing=ExactPricingSolver, new_columns=0
  搜索路径: [1, 2, 4, 5, 3, 8, 11, 14, 15, 16, 17, 19, 23, 24, 25, 27, 26, 30, 36, 37, 21, 22, 18, 33, 20, 31, 32, 53, 52, 54, 55, 57, 56, 10, 66, 67, 70, 71, 74, 75, 9, 80, 81, 84, 86, 87, 85, 92, 93, 43, 42, 12, 102, 103, 13, 108, 109, 49, 48, 114, 115, 116, 122, 123, 117, 118, 119, 62, 63, 106, 107, 99, 61, 60, 41, 98, 40, 138, 147, 148, 149, 139, 146, 162, 163, 166, 167, 168, 169, 170, 171, 143, 140, 112, 113, 184, 185, 150, 182, 183, 156, 157, 194, 195, 151, 202, 203, 204, 205, 208, 209, 214, 215, 136, 206, 207, 220, 221, 222, 223, 141, 137, 142, 197, 240, 241, 242, 243, 244, 245, 196, 90, 91, 78, 260, 261, 262, 263, 268, 269, 258, 274, 275, 259, 97, 96, 79, 266, 285, 282, 280, 284, 288, 289, 292, 293, 287, 281, 302, 303, 304, 305, 306, 312, 313, 307, 308, 309, 318, 319, 267, 283, 286, 326, 327, 328, 329, 330, 331, 334, 335, 336, 337, 340, 341, 300, 301, 339, 348, 349, 338, 172, 173, 352, 192, 193, 353, 344, 362, 363, 190, 145, 345, 144, 191, 295, 294, 265, 264, 382, 383, 384, 385, 332, 333, 325, 324, 160, 180, 181, 161, 350, 351, 343, 342, 188, 135, 397, 213, 410, 412, 413, 411, 212, 311, 299, 230, 291, 231, 290, 255, 254, 310, 130, 131, 428, 429, 440, 441, 433, 446, 447, 434, 435, 432, 403, 418, 419, 298, 189, 388, 470, 471, 402, 389, 396, 390, 391, 134, 165, 164, 486, 487, 490, 491, 492, 493, 498, 499, 500, 501, 387, 472, 473, 271, 270, 514, 515, 518, 519, 516, 517, 386, 502, 503, 219, 218, 322, 316, 409, 524, 279, 423, 200, 201, 179, 415, 427, 525, 531, 535, 534, 542, 543, 178, 278, 548, 549, 521, 552, 553, 554, 555, 558, 563, 564, 565, 559, 562, 568, 569, 530, 571, 359, 570, 520, 317, 176, 177, 574, 575, 512, 580, 422, 124, 494, 584, 581, 426, 587, 588, 393, 248, 443, 591, 593, 592, 454, 480, 226, 453, 595, 452, 227, 358, 442, 601, 356, 458, 484, 582, 583, 589, 357, 586, 590, 364, 455, 594, 600, 368, 608, 609, 365, 460, 485, 369, 612, 613, 620, 621, 323, 462, 616, 617, 618, 619, 622, 627, 623, 624, 625, 626, 628, 629, 375, 636, 637, 630, 631, 632, 633, 634, 635, 638, 639, 640, 641, 469, 642, 643, 644, 645, 646, 647, 459, 481, 585, 374, 392, 125, 249, 461, 468, 495, 408, 414, 463, 513, 654, 655, 420, 656, 657, 378, 547, 546, 664, 665, 421, 666, 667, 661, 379, 660, 320, 321, 404, 567, 566, 526, 405, 527, 556, 355, 198, 668, 649, 504, 673, 672, 346, 416, 127, 354, 465, 675, 674, 560, 464, 679, 678, 445, 681]
  列生成求解结果: 目标值=10.0000， 下界=9.0000， 上界=10.0000

处理节点 476
  开始列生成求解...
Set parameter LogToConsole to value 0
Set parameter Threads to value 1
Set parameter Seed to value 0
  定价策略: Exact, node=476, vertices=13
Set parameter PoolSearchMode to value 2
Set parameter PoolSolutions to value 10
[CG 1] RMP=12.000000, pricing=ExactPricingSolver, new_columns=10
[CG 2] RMP=9.000000, pricing=ExactPricingSolver, new_columns=0
  搜索路径: [1, 2, 4, 5, 3, 8, 11, 14, 15, 16, 17, 19, 23, 24, 25, 27, 26, 30, 36, 37, 21, 22, 18, 33, 20, 31, 32, 53, 52, 54, 55, 57, 56, 10, 66, 67, 70, 71, 74, 75, 9, 80, 81, 84, 86, 87, 85, 92, 93, 43, 42, 12, 102, 103, 13, 108, 109, 49, 48, 114, 115, 116, 122, 123, 117, 118, 119, 62, 63, 106, 107, 99, 61, 60, 41, 98, 40, 138, 147, 148, 149, 139, 146, 162, 163, 166, 167, 168, 169, 170, 171, 143, 140, 112, 113, 184, 185, 150, 182, 183, 156, 157, 194, 195, 151, 202, 203, 204, 205, 208, 209, 214, 215, 136, 206, 207, 220, 221, 222, 223, 141, 137, 142, 197, 240, 241, 242, 243, 244, 245, 196, 90, 91, 78, 260, 261, 262, 263, 268, 269, 258, 274, 275, 259, 97, 96, 79, 266, 285, 282, 280, 284, 288, 289, 292, 293, 287, 281, 302, 303, 304, 305, 306, 312, 313, 307, 308, 309, 318, 319, 267, 283, 286, 326, 327, 328, 329, 330, 331, 334, 335, 336, 337, 340, 341, 300, 301, 339, 348, 349, 338, 172, 173, 352, 192, 193, 353, 344, 362, 363, 190, 145, 345, 144, 191, 295, 294, 265, 264, 382, 383, 384, 385, 332, 333, 325, 324, 160, 180, 181, 161, 350, 351, 343, 342, 188, 135, 397, 213, 410, 412, 413, 411, 212, 311, 299, 230, 291, 231, 290, 255, 254, 310, 130, 131, 428, 429, 440, 441, 433, 446, 447, 434, 435, 432, 403, 418, 419, 298, 189, 388, 470, 471, 402, 389, 396, 390, 391, 134, 165, 164, 486, 487, 490, 491, 492, 493, 498, 499, 500, 501, 387, 472, 473, 271, 270, 514, 515, 518, 519, 516, 517, 386, 502, 503, 219, 218, 322, 316, 409, 524, 279, 423, 200, 201, 179, 415, 427, 525, 531, 535, 534, 542, 543, 178, 278, 548, 549, 521, 552, 553, 554, 555, 558, 563, 564, 565, 559, 562, 568, 569, 530, 571, 359, 570, 520, 317, 176, 177, 574, 575, 512, 580, 422, 124, 494, 584, 581, 426, 587, 588, 393, 248, 443, 591, 593, 592, 454, 480, 226, 453, 595, 452, 227, 358, 442, 601, 356, 458, 484, 582, 583, 589, 357, 586, 590, 364, 455, 594, 600, 368, 608, 609, 365, 460, 485, 369, 612, 613, 620, 621, 323, 462, 616, 617, 618, 619, 622, 627, 623, 624, 625, 626, 628, 629, 375, 636, 637, 630, 631, 632, 633, 634, 635, 638, 639, 640, 641, 469, 642, 643, 644, 645, 646, 647, 459, 481, 585, 374, 392, 125, 249, 461, 468, 495, 408, 414, 463, 513, 654, 655, 420, 656, 657, 378, 547, 546, 664, 665, 421, 666, 667, 661, 379, 660, 320, 321, 404, 567, 566, 526, 405, 527, 556, 355, 198, 668, 649, 504, 673, 672, 346, 416, 127, 354, 465, 675, 674, 560, 464, 679, 678, 445, 681, 476]
  列生成求解结果: 目标值=9.0000， 下界=9.0000， 上界=10.0000
    非整数变量: COL_1-21-5-7_62 = 0.250000
  解不是整数，开始分支...
ImposedVertex(vertex=7)
ForbidVertex(vertex=7)
  创建了 2 个分支
    添加分支节点 1: ID=688
    添加分支节点 2: ID=689

处理节点 478
  开始列生成求解...
Set parameter LogToConsole to value 0
Set parameter Threads to value 1
Set parameter Seed to value 0
  定价策略: Exact, node=478, vertices=11
Set parameter PoolSearchMode to value 2
Set parameter PoolSolutions to value 10
[CG 1] RMP=11.000000, pricing=ExactPricingSolver, new_columns=0
  搜索路径: [1, 2, 4, 5, 3, 8, 11, 14, 15, 16, 17, 19, 23, 24, 25, 27, 26, 30, 36, 37, 21, 22, 18, 33, 20, 31, 32, 53, 52, 54, 55, 57, 56, 10, 66, 67, 70, 71, 74, 75, 9, 80, 81, 84, 86, 87, 85, 92, 93, 43, 42, 12, 102, 103, 13, 108, 109, 49, 48, 114, 115, 116, 122, 123, 117, 118, 119, 62, 63, 106, 107, 99, 61, 60, 41, 98, 40, 138, 147, 148, 149, 139, 146, 162, 163, 166, 167, 168, 169, 170, 171, 143, 140, 112, 113, 184, 185, 150, 182, 183, 156, 157, 194, 195, 151, 202, 203, 204, 205, 208, 209, 214, 215, 136, 206, 207, 220, 221, 222, 223, 141, 137, 142, 197, 240, 241, 242, 243, 244, 245, 196, 90, 91, 78, 260, 261, 262, 263, 268, 269, 258, 274, 275, 259, 97, 96, 79, 266, 285, 282, 280, 284, 288, 289, 292, 293, 287, 281, 302, 303, 304, 305, 306, 312, 313, 307, 308, 309, 318, 319, 267, 283, 286, 326, 327, 328, 329, 330, 331, 334, 335, 336, 337, 340, 341, 300, 301, 339, 348, 349, 338, 172, 173, 352, 192, 193, 353, 344, 362, 363, 190, 145, 345, 144, 191, 295, 294, 265, 264, 382, 383, 384, 385, 332, 333, 325, 324, 160, 180, 181, 161, 350, 351, 343, 342, 188, 135, 397, 213, 410, 412, 413, 411, 212, 311, 299, 230, 291, 231, 290, 255, 254, 310, 130, 131, 428, 429, 440, 441, 433, 446, 447, 434, 435, 432, 403, 418, 419, 298, 189, 388, 470, 471, 402, 389, 396, 390, 391, 134, 165, 164, 486, 487, 490, 491, 492, 493, 498, 499, 500, 501, 387, 472, 473, 271, 270, 514, 515, 518, 519, 516, 517, 386, 502, 503, 219, 218, 322, 316, 409, 524, 279, 423, 200, 201, 179, 415, 427, 525, 531, 535, 534, 542, 543, 178, 278, 548, 549, 521, 552, 553, 554, 555, 558, 563, 564, 565, 559, 562, 568, 569, 530, 571, 359, 570, 520, 317, 176, 177, 574, 575, 512, 580, 422, 124, 494, 584, 581, 426, 587, 588, 393, 248, 443, 591, 593, 592, 454, 480, 226, 453, 595, 452, 227, 358, 442, 601, 356, 458, 484, 582, 583, 589, 357, 586, 590, 364, 455, 594, 600, 368, 608, 609, 365, 460, 485, 369, 612, 613, 620, 621, 323, 462, 616, 617, 618, 619, 622, 627, 623, 624, 625, 626, 628, 629, 375, 636, 637, 630, 631, 632, 633, 634, 635, 638, 639, 640, 641, 469, 642, 643, 644, 645, 646, 647, 459, 481, 585, 374, 392, 125, 249, 461, 468, 495, 408, 414, 463, 513, 654, 655, 420, 656, 657, 378, 547, 546, 664, 665, 421, 666, 667, 661, 379, 660, 320, 321, 404, 567, 566, 526, 405, 527, 556, 355, 198, 668, 649, 504, 673, 672, 346, 416, 127, 354, 465, 675, 674, 560, 464, 679, 678, 445, 681, 476, 478]
  列生成求解结果: 目标值=11.0000， 下界=9.0000， 上界=10.0000

处理节点 685
  开始列生成求解...
Set parameter LogToConsole to value 0
Set parameter Threads to value 1
Set parameter Seed to value 0
  定价策略: Exact, node=685, vertices=10
Set parameter PoolSearchMode to value 2
Set parameter PoolSolutions to value 10
[CG 1] RMP=12.000000, pricing=ExactPricingSolver, new_columns=0
  搜索路径: [1, 2, 4, 5, 3, 8, 11, 14, 15, 16, 17, 19, 23, 24, 25, 27, 26, 30, 36, 37, 21, 22, 18, 33, 20, 31, 32, 53, 52, 54, 55, 57, 56, 10, 66, 67, 70, 71, 74, 75, 9, 80, 81, 84, 86, 87, 85, 92, 93, 43, 42, 12, 102, 103, 13, 108, 109, 49, 48, 114, 115, 116, 122, 123, 117, 118, 119, 62, 63, 106, 107, 99, 61, 60, 41, 98, 40, 138, 147, 148, 149, 139, 146, 162, 163, 166, 167, 168, 169, 170, 171, 143, 140, 112, 113, 184, 185, 150, 182, 183, 156, 157, 194, 195, 151, 202, 203, 204, 205, 208, 209, 214, 215, 136, 206, 207, 220, 221, 222, 223, 141, 137, 142, 197, 240, 241, 242, 243, 244, 245, 196, 90, 91, 78, 260, 261, 262, 263, 268, 269, 258, 274, 275, 259, 97, 96, 79, 266, 285, 282, 280, 284, 288, 289, 292, 293, 287, 281, 302, 303, 304, 305, 306, 312, 313, 307, 308, 309, 318, 319, 267, 283, 286, 326, 327, 328, 329, 330, 331, 334, 335, 336, 337, 340, 341, 300, 301, 339, 348, 349, 338, 172, 173, 352, 192, 193, 353, 344, 362, 363, 190, 145, 345, 144, 191, 295, 294, 265, 264, 382, 383, 384, 385, 332, 333, 325, 324, 160, 180, 181, 161, 350, 351, 343, 342, 188, 135, 397, 213, 410, 412, 413, 411, 212, 311, 299, 230, 291, 231, 290, 255, 254, 310, 130, 131, 428, 429, 440, 441, 433, 446, 447, 434, 435, 432, 403, 418, 419, 298, 189, 388, 470, 471, 402, 389, 396, 390, 391, 134, 165, 164, 486, 487, 490, 491, 492, 493, 498, 499, 500, 501, 387, 472, 473, 271, 270, 514, 515, 518, 519, 516, 517, 386, 502, 503, 219, 218, 322, 316, 409, 524, 279, 423, 200, 201, 179, 415, 427, 525, 531, 535, 534, 542, 543, 178, 278, 548, 549, 521, 552, 553, 554, 555, 558, 563, 564, 565, 559, 562, 568, 569, 530, 571, 359, 570, 520, 317, 176, 177, 574, 575, 512, 580, 422, 124, 494, 584, 581, 426, 587, 588, 393, 248, 443, 591, 593, 592, 454, 480, 226, 453, 595, 452, 227, 358, 442, 601, 356, 458, 484, 582, 583, 589, 357, 586, 590, 364, 455, 594, 600, 368, 608, 609, 365, 460, 485, 369, 612, 613, 620, 621, 323, 462, 616, 617, 618, 619, 622, 627, 623, 624, 625, 626, 628, 629, 375, 636, 637, 630, 631, 632, 633, 634, 635, 638, 639, 640, 641, 469, 642, 643, 644, 645, 646, 647, 459, 481, 585, 374, 392, 125, 249, 461, 468, 495, 408, 414, 463, 513, 654, 655, 420, 656, 657, 378, 547, 546, 664, 665, 421, 666, 667, 661, 379, 660, 320, 321, 404, 567, 566, 526, 405, 527, 556, 355, 198, 668, 649, 504, 673, 672, 346, 416, 127, 354, 465, 675, 674, 560, 464, 679, 678, 445, 681, 476, 478, 685]
  列生成求解结果: 目标值=12.0000， 下界=9.0000， 上界=10.0000

处理节点 687
  开始列生成求解...
Set parameter LogToConsole to value 0
Set parameter Threads to value 1
Set parameter Seed to value 0
  定价策略: Exact, node=687, vertices=15
Set parameter PoolSearchMode to value 2
Set parameter PoolSolutions to value 10
[CG 1] RMP=11.000000, pricing=ExactPricingSolver, new_columns=0
  搜索路径: [1, 2, 4, 5, 3, 8, 11, 14, 15, 16, 17, 19, 23, 24, 25, 27, 26, 30, 36, 37, 21, 22, 18, 33, 20, 31, 32, 53, 52, 54, 55, 57, 56, 10, 66, 67, 70, 71, 74, 75, 9, 80, 81, 84, 86, 87, 85, 92, 93, 43, 42, 12, 102, 103, 13, 108, 109, 49, 48, 114, 115, 116, 122, 123, 117, 118, 119, 62, 63, 106, 107, 99, 61, 60, 41, 98, 40, 138, 147, 148, 149, 139, 146, 162, 163, 166, 167, 168, 169, 170, 171, 143, 140, 112, 113, 184, 185, 150, 182, 183, 156, 157, 194, 195, 151, 202, 203, 204, 205, 208, 209, 214, 215, 136, 206, 207, 220, 221, 222, 223, 141, 137, 142, 197, 240, 241, 242, 243, 244, 245, 196, 90, 91, 78, 260, 261, 262, 263, 268, 269, 258, 274, 275, 259, 97, 96, 79, 266, 285, 282, 280, 284, 288, 289, 292, 293, 287, 281, 302, 303, 304, 305, 306, 312, 313, 307, 308, 309, 318, 319, 267, 283, 286, 326, 327, 328, 329, 330, 331, 334, 335, 336, 337, 340, 341, 300, 301, 339, 348, 349, 338, 172, 173, 352, 192, 193, 353, 344, 362, 363, 190, 145, 345, 144, 191, 295, 294, 265, 264, 382, 383, 384, 385, 332, 333, 325, 324, 160, 180, 181, 161, 350, 351, 343, 342, 188, 135, 397, 213, 410, 412, 413, 411, 212, 311, 299, 230, 291, 231, 290, 255, 254, 310, 130, 131, 428, 429, 440, 441, 433, 446, 447, 434, 435, 432, 403, 418, 419, 298, 189, 388, 470, 471, 402, 389, 396, 390, 391, 134, 165, 164, 486, 487, 490, 491, 492, 493, 498, 499, 500, 501, 387, 472, 473, 271, 270, 514, 515, 518, 519, 516, 517, 386, 502, 503, 219, 218, 322, 316, 409, 524, 279, 423, 200, 201, 179, 415, 427, 525, 531, 535, 534, 542, 543, 178, 278, 548, 549, 521, 552, 553, 554, 555, 558, 563, 564, 565, 559, 562, 568, 569, 530, 571, 359, 570, 520, 317, 176, 177, 574, 575, 512, 580, 422, 124, 494, 584, 581, 426, 587, 588, 393, 248, 443, 591, 593, 592, 454, 480, 226, 453, 595, 452, 227, 358, 442, 601, 356, 458, 484, 582, 583, 589, 357, 586, 590, 364, 455, 594, 600, 368, 608, 609, 365, 460, 485, 369, 612, 613, 620, 621, 323, 462, 616, 617, 618, 619, 622, 627, 623, 624, 625, 626, 628, 629, 375, 636, 637, 630, 631, 632, 633, 634, 635, 638, 639, 640, 641, 469, 642, 643, 644, 645, 646, 647, 459, 481, 585, 374, 392, 125, 249, 461, 468, 495, 408, 414, 463, 513, 654, 655, 420, 656, 657, 378, 547, 546, 664, 665, 421, 666, 667, 661, 379, 660, 320, 321, 404, 567, 566, 526, 405, 527, 556, 355, 198, 668, 649, 504, 673, 672, 346, 416, 127, 354, 465, 675, 674, 560, 464, 679, 678, 445, 681, 476, 478, 685, 687]
  列生成求解结果: 目标值=11.0000， 下界=9.0000， 上界=10.0000

处理节点 686
  开始列生成求解...
Set parameter LogToConsole to value 0
Set parameter Threads to value 1
Set parameter Seed to value 0
  定价策略: Exact, node=686, vertices=15
Set parameter PoolSearchMode to value 2
Set parameter PoolSolutions to value 10
[CG 1] RMP=10.000000, pricing=ExactPricingSolver, new_columns=10
[CG 2] RMP=9.000000, pricing=ExactPricingSolver, new_columns=0
  搜索路径: [1, 2, 4, 5, 3, 8, 11, 14, 15, 16, 17, 19, 23, 24, 25, 27, 26, 30, 36, 37, 21, 22, 18, 33, 20, 31, 32, 53, 52, 54, 55, 57, 56, 10, 66, 67, 70, 71, 74, 75, 9, 80, 81, 84, 86, 87, 85, 92, 93, 43, 42, 12, 102, 103, 13, 108, 109, 49, 48, 114, 115, 116, 122, 123, 117, 118, 119, 62, 63, 106, 107, 99, 61, 60, 41, 98, 40, 138, 147, 148, 149, 139, 146, 162, 163, 166, 167, 168, 169, 170, 171, 143, 140, 112, 113, 184, 185, 150, 182, 183, 156, 157, 194, 195, 151, 202, 203, 204, 205, 208, 209, 214, 215, 136, 206, 207, 220, 221, 222, 223, 141, 137, 142, 197, 240, 241, 242, 243, 244, 245, 196, 90, 91, 78, 260, 261, 262, 263, 268, 269, 258, 274, 275, 259, 97, 96, 79, 266, 285, 282, 280, 284, 288, 289, 292, 293, 287, 281, 302, 303, 304, 305, 306, 312, 313, 307, 308, 309, 318, 319, 267, 283, 286, 326, 327, 328, 329, 330, 331, 334, 335, 336, 337, 340, 341, 300, 301, 339, 348, 349, 338, 172, 173, 352, 192, 193, 353, 344, 362, 363, 190, 145, 345, 144, 191, 295, 294, 265, 264, 382, 383, 384, 385, 332, 333, 325, 324, 160, 180, 181, 161, 350, 351, 343, 342, 188, 135, 397, 213, 410, 412, 413, 411, 212, 311, 299, 230, 291, 231, 290, 255, 254, 310, 130, 131, 428, 429, 440, 441, 433, 446, 447, 434, 435, 432, 403, 418, 419, 298, 189, 388, 470, 471, 402, 389, 396, 390, 391, 134, 165, 164, 486, 487, 490, 491, 492, 493, 498, 499, 500, 501, 387, 472, 473, 271, 270, 514, 515, 518, 519, 516, 517, 386, 502, 503, 219, 218, 322, 316, 409, 524, 279, 423, 200, 201, 179, 415, 427, 525, 531, 535, 534, 542, 543, 178, 278, 548, 549, 521, 552, 553, 554, 555, 558, 563, 564, 565, 559, 562, 568, 569, 530, 571, 359, 570, 520, 317, 176, 177, 574, 575, 512, 580, 422, 124, 494, 584, 581, 426, 587, 588, 393, 248, 443, 591, 593, 592, 454, 480, 226, 453, 595, 452, 227, 358, 442, 601, 356, 458, 484, 582, 583, 589, 357, 586, 590, 364, 455, 594, 600, 368, 608, 609, 365, 460, 485, 369, 612, 613, 620, 621, 323, 462, 616, 617, 618, 619, 622, 627, 623, 624, 625, 626, 628, 629, 375, 636, 637, 630, 631, 632, 633, 634, 635, 638, 639, 640, 641, 469, 642, 643, 644, 645, 646, 647, 459, 481, 585, 374, 392, 125, 249, 461, 468, 495, 408, 414, 463, 513, 654, 655, 420, 656, 657, 378, 547, 546, 664, 665, 421, 666, 667, 661, 379, 660, 320, 321, 404, 567, 566, 526, 405, 527, 556, 355, 198, 668, 649, 504, 673, 672, 346, 416, 127, 354, 465, 675, 674, 560, 464, 679, 678, 445, 681, 476, 478, 685, 687, 686]
  列生成求解结果: 目标值=9.0000， 下界=9.0000， 上界=10.0000
    非整数变量: COL_1-16-18-25-29-8_3063 = 0.750000
  解不是整数，开始分支...
ImposedVertex(vertex=7)
ForbidVertex(vertex=7)
  创建了 2 个分支
    添加分支节点 1: ID=690
    添加分支节点 2: ID=691

处理节点 684
  开始列生成求解...
Set parameter LogToConsole to value 0
Set parameter Threads to value 1
Set parameter Seed to value 0
  定价策略: Exact, node=684, vertices=10
Set parameter PoolSearchMode to value 2
Set parameter PoolSolutions to value 10
[CG 1] RMP=10.000000, pricing=ExactPricingSolver, new_columns=0
  搜索路径: [1, 2, 4, 5, 3, 8, 11, 14, 15, 16, 17, 19, 23, 24, 25, 27, 26, 30, 36, 37, 21, 22, 18, 33, 20, 31, 32, 53, 52, 54, 55, 57, 56, 10, 66, 67, 70, 71, 74, 75, 9, 80, 81, 84, 86, 87, 85, 92, 93, 43, 42, 12, 102, 103, 13, 108, 109, 49, 48, 114, 115, 116, 122, 123, 117, 118, 119, 62, 63, 106, 107, 99, 61, 60, 41, 98, 40, 138, 147, 148, 149, 139, 146, 162, 163, 166, 167, 168, 169, 170, 171, 143, 140, 112, 113, 184, 185, 150, 182, 183, 156, 157, 194, 195, 151, 202, 203, 204, 205, 208, 209, 214, 215, 136, 206, 207, 220, 221, 222, 223, 141, 137, 142, 197, 240, 241, 242, 243, 244, 245, 196, 90, 91, 78, 260, 261, 262, 263, 268, 269, 258, 274, 275, 259, 97, 96, 79, 266, 285, 282, 280, 284, 288, 289, 292, 293, 287, 281, 302, 303, 304, 305, 306, 312, 313, 307, 308, 309, 318, 319, 267, 283, 286, 326, 327, 328, 329, 330, 331, 334, 335, 336, 337, 340, 341, 300, 301, 339, 348, 349, 338, 172, 173, 352, 192, 193, 353, 344, 362, 363, 190, 145, 345, 144, 191, 295, 294, 265, 264, 382, 383, 384, 385, 332, 333, 325, 324, 160, 180, 181, 161, 350, 351, 343, 342, 188, 135, 397, 213, 410, 412, 413, 411, 212, 311, 299, 230, 291, 231, 290, 255, 254, 310, 130, 131, 428, 429, 440, 441, 433, 446, 447, 434, 435, 432, 403, 418, 419, 298, 189, 388, 470, 471, 402, 389, 396, 390, 391, 134, 165, 164, 486, 487, 490, 491, 492, 493, 498, 499, 500, 501, 387, 472, 473, 271, 270, 514, 515, 518, 519, 516, 517, 386, 502, 503, 219, 218, 322, 316, 409, 524, 279, 423, 200, 201, 179, 415, 427, 525, 531, 535, 534, 542, 543, 178, 278, 548, 549, 521, 552, 553, 554, 555, 558, 563, 564, 565, 559, 562, 568, 569, 530, 571, 359, 570, 520, 317, 176, 177, 574, 575, 512, 580, 422, 124, 494, 584, 581, 426, 587, 588, 393, 248, 443, 591, 593, 592, 454, 480, 226, 453, 595, 452, 227, 358, 442, 601, 356, 458, 484, 582, 583, 589, 357, 586, 590, 364, 455, 594, 600, 368, 608, 609, 365, 460, 485, 369, 612, 613, 620, 621, 323, 462, 616, 617, 618, 619, 622, 627, 623, 624, 625, 626, 628, 629, 375, 636, 637, 630, 631, 632, 633, 634, 635, 638, 639, 640, 641, 469, 642, 643, 644, 645, 646, 647, 459, 481, 585, 374, 392, 125, 249, 461, 468, 495, 408, 414, 463, 513, 654, 655, 420, 656, 657, 378, 547, 546, 664, 665, 421, 666, 667, 661, 379, 660, 320, 321, 404, 567, 566, 526, 405, 527, 556, 355, 198, 668, 649, 504, 673, 672, 346, 416, 127, 354, 465, 675, 674, 560, 464, 679, 678, 445, 681, 476, 478, 685, 687, 686, 684]
  列生成求解结果: 目标值=10.0000， 下界=9.0000， 上界=10.0000

处理节点 680
  开始列生成求解...
Set parameter LogToConsole to value 0
Set parameter Threads to value 1
Set parameter Seed to value 0
  定价策略: Exact, node=680, vertices=12
Set parameter PoolSearchMode to value 2
Set parameter PoolSolutions to value 10
[CG 1] RMP=2010.000000, pricing=ExactPricingSolver, new_columns=10
[CG 2] RMP=12.000000, pricing=ExactPricingSolver, new_columns=0
  搜索路径: [1, 2, 4, 5, 3, 8, 11, 14, 15, 16, 17, 19, 23, 24, 25, 27, 26, 30, 36, 37, 21, 22, 18, 33, 20, 31, 32, 53, 52, 54, 55, 57, 56, 10, 66, 67, 70, 71, 74, 75, 9, 80, 81, 84, 86, 87, 85, 92, 93, 43, 42, 12, 102, 103, 13, 108, 109, 49, 48, 114, 115, 116, 122, 123, 117, 118, 119, 62, 63, 106, 107, 99, 61, 60, 41, 98, 40, 138, 147, 148, 149, 139, 146, 162, 163, 166, 167, 168, 169, 170, 171, 143, 140, 112, 113, 184, 185, 150, 182, 183, 156, 157, 194, 195, 151, 202, 203, 204, 205, 208, 209, 214, 215, 136, 206, 207, 220, 221, 222, 223, 141, 137, 142, 197, 240, 241, 242, 243, 244, 245, 196, 90, 91, 78, 260, 261, 262, 263, 268, 269, 258, 274, 275, 259, 97, 96, 79, 266, 285, 282, 280, 284, 288, 289, 292, 293, 287, 281, 302, 303, 304, 305, 306, 312, 313, 307, 308, 309, 318, 319, 267, 283, 286, 326, 327, 328, 329, 330, 331, 334, 335, 336, 337, 340, 341, 300, 301, 339, 348, 349, 338, 172, 173, 352, 192, 193, 353, 344, 362, 363, 190, 145, 345, 144, 191, 295, 294, 265, 264, 382, 383, 384, 385, 332, 333, 325, 324, 160, 180, 181, 161, 350, 351, 343, 342, 188, 135, 397, 213, 410, 412, 413, 411, 212, 311, 299, 230, 291, 231, 290, 255, 254, 310, 130, 131, 428, 429, 440, 441, 433, 446, 447, 434, 435, 432, 403, 418, 419, 298, 189, 388, 470, 471, 402, 389, 396, 390, 391, 134, 165, 164, 486, 487, 490, 491, 492, 493, 498, 499, 500, 501, 387, 472, 473, 271, 270, 514, 515, 518, 519, 516, 517, 386, 502, 503, 219, 218, 322, 316, 409, 524, 279, 423, 200, 201, 179, 415, 427, 525, 531, 535, 534, 542, 543, 178, 278, 548, 549, 521, 552, 553, 554, 555, 558, 563, 564, 565, 559, 562, 568, 569, 530, 571, 359, 570, 520, 317, 176, 177, 574, 575, 512, 580, 422, 124, 494, 584, 581, 426, 587, 588, 393, 248, 443, 591, 593, 592, 454, 480, 226, 453, 595, 452, 227, 358, 442, 601, 356, 458, 484, 582, 583, 589, 357, 586, 590, 364, 455, 594, 600, 368, 608, 609, 365, 460, 485, 369, 612, 613, 620, 621, 323, 462, 616, 617, 618, 619, 622, 627, 623, 624, 625, 626, 628, 629, 375, 636, 637, 630, 631, 632, 633, 634, 635, 638, 639, 640, 641, 469, 642, 643, 644, 645, 646, 647, 459, 481, 585, 374, 392, 125, 249, 461, 468, 495, 408, 414, 463, 513, 654, 655, 420, 656, 657, 378, 547, 546, 664, 665, 421, 666, 667, 661, 379, 660, 320, 321, 404, 567, 566, 526, 405, 527, 556, 355, 198, 668, 649, 504, 673, 672, 346, 416, 127, 354, 465, 675, 674, 560, 464, 679, 678, 445, 681, 476, 478, 685, 687, 686, 684, 680]
  列生成求解结果: 目标值=12.0000， 下界=9.0000， 上界=10.0000

处理节点 689
  开始列生成求解...
Set parameter LogToConsole to value 0
Set parameter Threads to value 1
Set parameter Seed to value 0
  定价策略: Exact, node=689, vertices=12
Set parameter PoolSearchMode to value 2
Set parameter PoolSolutions to value 10
[CG 1] RMP=12.000000, pricing=ExactPricingSolver, new_columns=0
  搜索路径: [1, 2, 4, 5, 3, 8, 11, 14, 15, 16, 17, 19, 23, 24, 25, 27, 26, 30, 36, 37, 21, 22, 18, 33, 20, 31, 32, 53, 52, 54, 55, 57, 56, 10, 66, 67, 70, 71, 74, 75, 9, 80, 81, 84, 86, 87, 85, 92, 93, 43, 42, 12, 102, 103, 13, 108, 109, 49, 48, 114, 115, 116, 122, 123, 117, 118, 119, 62, 63, 106, 107, 99, 61, 60, 41, 98, 40, 138, 147, 148, 149, 139, 146, 162, 163, 166, 167, 168, 169, 170, 171, 143, 140, 112, 113, 184, 185, 150, 182, 183, 156, 157, 194, 195, 151, 202, 203, 204, 205, 208, 209, 214, 215, 136, 206, 207, 220, 221, 222, 223, 141, 137, 142, 197, 240, 241, 242, 243, 244, 245, 196, 90, 91, 78, 260, 261, 262, 263, 268, 269, 258, 274, 275, 259, 97, 96, 79, 266, 285, 282, 280, 284, 288, 289, 292, 293, 287, 281, 302, 303, 304, 305, 306, 312, 313, 307, 308, 309, 318, 319, 267, 283, 286, 326, 327, 328, 329, 330, 331, 334, 335, 336, 337, 340, 341, 300, 301, 339, 348, 349, 338, 172, 173, 352, 192, 193, 353, 344, 362, 363, 190, 145, 345, 144, 191, 295, 294, 265, 264, 382, 383, 384, 385, 332, 333, 325, 324, 160, 180, 181, 161, 350, 351, 343, 342, 188, 135, 397, 213, 410, 412, 413, 411, 212, 311, 299, 230, 291, 231, 290, 255, 254, 310, 130, 131, 428, 429, 440, 441, 433, 446, 447, 434, 435, 432, 403, 418, 419, 298, 189, 388, 470, 471, 402, 389, 396, 390, 391, 134, 165, 164, 486, 487, 490, 491, 492, 493, 498, 499, 500, 501, 387, 472, 473, 271, 270, 514, 515, 518, 519, 516, 517, 386, 502, 503, 219, 218, 322, 316, 409, 524, 279, 423, 200, 201, 179, 415, 427, 525, 531, 535, 534, 542, 543, 178, 278, 548, 549, 521, 552, 553, 554, 555, 558, 563, 564, 565, 559, 562, 568, 569, 530, 571, 359, 570, 520, 317, 176, 177, 574, 575, 512, 580, 422, 124, 494, 584, 581, 426, 587, 588, 393, 248, 443, 591, 593, 592, 454, 480, 226, 453, 595, 452, 227, 358, 442, 601, 356, 458, 484, 582, 583, 589, 357, 586, 590, 364, 455, 594, 600, 368, 608, 609, 365, 460, 485, 369, 612, 613, 620, 621, 323, 462, 616, 617, 618, 619, 622, 627, 623, 624, 625, 626, 628, 629, 375, 636, 637, 630, 631, 632, 633, 634, 635, 638, 639, 640, 641, 469, 642, 643, 644, 645, 646, 647, 459, 481, 585, 374, 392, 125, 249, 461, 468, 495, 408, 414, 463, 513, 654, 655, 420, 656, 657, 378, 547, 546, 664, 665, 421, 666, 667, 661, 379, 660, 320, 321, 404, 567, 566, 526, 405, 527, 556, 355, 198, 668, 649, 504, 673, 672, 346, 416, 127, 354, 465, 675, 674, 560, 464, 679, 678, 445, 681, 476, 478, 685, 687, 686, 684, 680, 689]
  列生成求解结果: 目标值=12.0000， 下界=9.0000， 上界=10.0000

处理节点 688
  开始列生成求解...
Set parameter LogToConsole to value 0
Set parameter Threads to value 1
Set parameter Seed to value 0
  定价策略: Exact, node=688, vertices=12
Set parameter PoolSearchMode to value 2
Set parameter PoolSolutions to value 10
[CG 1] RMP=11.000000, pricing=ExactPricingSolver, new_columns=10
[CG 2] RMP=9.000000, pricing=ExactPricingSolver, new_columns=0
  搜索路径: [1, 2, 4, 5, 3, 8, 11, 14, 15, 16, 17, 19, 23, 24, 25, 27, 26, 30, 36, 37, 21, 22, 18, 33, 20, 31, 32, 53, 52, 54, 55, 57, 56, 10, 66, 67, 70, 71, 74, 75, 9, 80, 81, 84, 86, 87, 85, 92, 93, 43, 42, 12, 102, 103, 13, 108, 109, 49, 48, 114, 115, 116, 122, 123, 117, 118, 119, 62, 63, 106, 107, 99, 61, 60, 41, 98, 40, 138, 147, 148, 149, 139, 146, 162, 163, 166, 167, 168, 169, 170, 171, 143, 140, 112, 113, 184, 185, 150, 182, 183, 156, 157, 194, 195, 151, 202, 203, 204, 205, 208, 209, 214, 215, 136, 206, 207, 220, 221, 222, 223, 141, 137, 142, 197, 240, 241, 242, 243, 244, 245, 196, 90, 91, 78, 260, 261, 262, 263, 268, 269, 258, 274, 275, 259, 97, 96, 79, 266, 285, 282, 280, 284, 288, 289, 292, 293, 287, 281, 302, 303, 304, 305, 306, 312, 313, 307, 308, 309, 318, 319, 267, 283, 286, 326, 327, 328, 329, 330, 331, 334, 335, 336, 337, 340, 341, 300, 301, 339, 348, 349, 338, 172, 173, 352, 192, 193, 353, 344, 362, 363, 190, 145, 345, 144, 191, 295, 294, 265, 264, 382, 383, 384, 385, 332, 333, 325, 324, 160, 180, 181, 161, 350, 351, 343, 342, 188, 135, 397, 213, 410, 412, 413, 411, 212, 311, 299, 230, 291, 231, 290, 255, 254, 310, 130, 131, 428, 429, 440, 441, 433, 446, 447, 434, 435, 432, 403, 418, 419, 298, 189, 388, 470, 471, 402, 389, 396, 390, 391, 134, 165, 164, 486, 487, 490, 491, 492, 493, 498, 499, 500, 501, 387, 472, 473, 271, 270, 514, 515, 518, 519, 516, 517, 386, 502, 503, 219, 218, 322, 316, 409, 524, 279, 423, 200, 201, 179, 415, 427, 525, 531, 535, 534, 542, 543, 178, 278, 548, 549, 521, 552, 553, 554, 555, 558, 563, 564, 565, 559, 562, 568, 569, 530, 571, 359, 570, 520, 317, 176, 177, 574, 575, 512, 580, 422, 124, 494, 584, 581, 426, 587, 588, 393, 248, 443, 591, 593, 592, 454, 480, 226, 453, 595, 452, 227, 358, 442, 601, 356, 458, 484, 582, 583, 589, 357, 586, 590, 364, 455, 594, 600, 368, 608, 609, 365, 460, 485, 369, 612, 613, 620, 621, 323, 462, 616, 617, 618, 619, 622, 627, 623, 624, 625, 626, 628, 629, 375, 636, 637, 630, 631, 632, 633, 634, 635, 638, 639, 640, 641, 469, 642, 643, 644, 645, 646, 647, 459, 481, 585, 374, 392, 125, 249, 461, 468, 495, 408, 414, 463, 513, 654, 655, 420, 656, 657, 378, 547, 546, 664, 665, 421, 666, 667, 661, 379, 660, 320, 321, 404, 567, 566, 526, 405, 527, 556, 355, 198, 668, 649, 504, 673, 672, 346, 416, 127, 354, 465, 675, 674, 560, 464, 679, 678, 445, 681, 476, 478, 685, 687, 686, 684, 680, 689, 688]
  列生成求解结果: 目标值=9.0000， 下界=9.0000， 上界=10.0000
    非整数变量: COL_1-21-5_61 = 0.166667
  解不是整数，开始分支...
ImposedVertex(vertex=21)
ForbidVertex(vertex=21)
  创建了 2 个分支
    添加分支节点 1: ID=692
    添加分支节点 2: ID=693

处理节点 376
  开始列生成求解...
Set parameter LogToConsole to value 0
Set parameter Threads to value 1
Set parameter Seed to value 0
  定价策略: Exact, node=376, vertices=17
Set parameter PoolSearchMode to value 2
Set parameter PoolSolutions to value 10
[CG 1] RMP=9.000000, pricing=ExactPricingSolver, new_columns=0
  搜索路径: [1, 2, 4, 5, 3, 8, 11, 14, 15, 16, 17, 19, 23, 24, 25, 27, 26, 30, 36, 37, 21, 22, 18, 33, 20, 31, 32, 53, 52, 54, 55, 57, 56, 10, 66, 67, 70, 71, 74, 75, 9, 80, 81, 84, 86, 87, 85, 92, 93, 43, 42, 12, 102, 103, 13, 108, 109, 49, 48, 114, 115, 116, 122, 123, 117, 118, 119, 62, 63, 106, 107, 99, 61, 60, 41, 98, 40, 138, 147, 148, 149, 139, 146, 162, 163, 166, 167, 168, 169, 170, 171, 143, 140, 112, 113, 184, 185, 150, 182, 183, 156, 157, 194, 195, 151, 202, 203, 204, 205, 208, 209, 214, 215, 136, 206, 207, 220, 221, 222, 223, 141, 137, 142, 197, 240, 241, 242, 243, 244, 245, 196, 90, 91, 78, 260, 261, 262, 263, 268, 269, 258, 274, 275, 259, 97, 96, 79, 266, 285, 282, 280, 284, 288, 289, 292, 293, 287, 281, 302, 303, 304, 305, 306, 312, 313, 307, 308, 309, 318, 319, 267, 283, 286, 326, 327, 328, 329, 330, 331, 334, 335, 336, 337, 340, 341, 300, 301, 339, 348, 349, 338, 172, 173, 352, 192, 193, 353, 344, 362, 363, 190, 145, 345, 144, 191, 295, 294, 265, 264, 382, 383, 384, 385, 332, 333, 325, 324, 160, 180, 181, 161, 350, 351, 343, 342, 188, 135, 397, 213, 410, 412, 413, 411, 212, 311, 299, 230, 291, 231, 290, 255, 254, 310, 130, 131, 428, 429, 440, 441, 433, 446, 447, 434, 435, 432, 403, 418, 419, 298, 189, 388, 470, 471, 402, 389, 396, 390, 391, 134, 165, 164, 486, 487, 490, 491, 492, 493, 498, 499, 500, 501, 387, 472, 473, 271, 270, 514, 515, 518, 519, 516, 517, 386, 502, 503, 219, 218, 322, 316, 409, 524, 279, 423, 200, 201, 179, 415, 427, 525, 531, 535, 534, 542, 543, 178, 278, 548, 549, 521, 552, 553, 554, 555, 558, 563, 564, 565, 559, 562, 568, 569, 530, 571, 359, 570, 520, 317, 176, 177, 574, 575, 512, 580, 422, 124, 494, 584, 581, 426, 587, 588, 393, 248, 443, 591, 593, 592, 454, 480, 226, 453, 595, 452, 227, 358, 442, 601, 356, 458, 484, 582, 583, 589, 357, 586, 590, 364, 455, 594, 600, 368, 608, 609, 365, 460, 485, 369, 612, 613, 620, 621, 323, 462, 616, 617, 618, 619, 622, 627, 623, 624, 625, 626, 628, 629, 375, 636, 637, 630, 631, 632, 633, 634, 635, 638, 639, 640, 641, 469, 642, 643, 644, 645, 646, 647, 459, 481, 585, 374, 392, 125, 249, 461, 468, 495, 408, 414, 463, 513, 654, 655, 420, 656, 657, 378, 547, 546, 664, 665, 421, 666, 667, 661, 379, 660, 320, 321, 404, 567, 566, 526, 405, 527, 556, 355, 198, 668, 649, 504, 673, 672, 346, 416, 127, 354, 465, 675, 674, 560, 464, 679, 678, 445, 681, 476, 478, 685, 687, 686, 684, 680, 689, 688, 376]
  列生成求解结果: 目标值=9.0000， 下界=9.0000， 上界=10.0000
    非整数变量: COL_1-11-15-18-23-7-9_43 = 0.900000
  解不是整数，开始分支...
ImposedVertex(vertex=9)
ForbidVertex(vertex=9)
  创建了 2 个分支
    添加分支节点 1: ID=694
    添加分支节点 2: ID=695

处理节点 482
  开始列生成求解...
Set parameter LogToConsole to value 0
Set parameter Threads to value 1
Set parameter Seed to value 0
  定价策略: Exact, node=482, vertices=12
Set parameter PoolSearchMode to value 2
Set parameter PoolSolutions to value 10
[CG 1] RMP=10.000000, pricing=ExactPricingSolver, new_columns=0
  搜索路径: [1, 2, 4, 5, 3, 8, 11, 14, 15, 16, 17, 19, 23, 24, 25, 27, 26, 30, 36, 37, 21, 22, 18, 33, 20, 31, 32, 53, 52, 54, 55, 57, 56, 10, 66, 67, 70, 71, 74, 75, 9, 80, 81, 84, 86, 87, 85, 92, 93, 43, 42, 12, 102, 103, 13, 108, 109, 49, 48, 114, 115, 116, 122, 123, 117, 118, 119, 62, 63, 106, 107, 99, 61, 60, 41, 98, 40, 138, 147, 148, 149, 139, 146, 162, 163, 166, 167, 168, 169, 170, 171, 143, 140, 112, 113, 184, 185, 150, 182, 183, 156, 157, 194, 195, 151, 202, 203, 204, 205, 208, 209, 214, 215, 136, 206, 207, 220, 221, 222, 223, 141, 137, 142, 197, 240, 241, 242, 243, 244, 245, 196, 90, 91, 78, 260, 261, 262, 263, 268, 269, 258, 274, 275, 259, 97, 96, 79, 266, 285, 282, 280, 284, 288, 289, 292, 293, 287, 281, 302, 303, 304, 305, 306, 312, 313, 307, 308, 309, 318, 319, 267, 283, 286, 326, 327, 328, 329, 330, 331, 334, 335, 336, 337, 340, 341, 300, 301, 339, 348, 349, 338, 172, 173, 352, 192, 193, 353, 344, 362, 363, 190, 145, 345, 144, 191, 295, 294, 265, 264, 382, 383, 384, 385, 332, 333, 325, 324, 160, 180, 181, 161, 350, 351, 343, 342, 188, 135, 397, 213, 410, 412, 413, 411, 212, 311, 299, 230, 291, 231, 290, 255, 254, 310, 130, 131, 428, 429, 440, 441, 433, 446, 447, 434, 435, 432, 403, 418, 419, 298, 189, 388, 470, 471, 402, 389, 396, 390, 391, 134, 165, 164, 486, 487, 490, 491, 492, 493, 498, 499, 500, 501, 387, 472, 473, 271, 270, 514, 515, 518, 519, 516, 517, 386, 502, 503, 219, 218, 322, 316, 409, 524, 279, 423, 200, 201, 179, 415, 427, 525, 531, 535, 534, 542, 543, 178, 278, 548, 549, 521, 552, 553, 554, 555, 558, 563, 564, 565, 559, 562, 568, 569, 530, 571, 359, 570, 520, 317, 176, 177, 574, 575, 512, 580, 422, 124, 494, 584, 581, 426, 587, 588, 393, 248, 443, 591, 593, 592, 454, 480, 226, 453, 595, 452, 227, 358, 442, 601, 356, 458, 484, 582, 583, 589, 357, 586, 590, 364, 455, 594, 600, 368, 608, 609, 365, 460, 485, 369, 612, 613, 620, 621, 323, 462, 616, 617, 618, 619, 622, 627, 623, 624, 625, 626, 628, 629, 375, 636, 637, 630, 631, 632, 633, 634, 635, 638, 639, 640, 641, 469, 642, 643, 644, 645, 646, 647, 459, 481, 585, 374, 392, 125, 249, 461, 468, 495, 408, 414, 463, 513, 654, 655, 420, 656, 657, 378, 547, 546, 664, 665, 421, 666, 667, 661, 379, 660, 320, 321, 404, 567, 566, 526, 405, 527, 556, 355, 198, 668, 649, 504, 673, 672, 346, 416, 127, 354, 465, 675, 674, 560, 464, 679, 678, 445, 681, 476, 478, 685, 687, 686, 684, 680, 689, 688, 376, 482]
  列生成求解结果: 目标值=10.0000， 下界=9.0000， 上界=10.0000

处理节点 691
  开始列生成求解...
Set parameter LogToConsole to value 0
Set parameter Threads to value 1
Set parameter Seed to value 0
  定价策略: Exact, node=691, vertices=14
Set parameter PoolSearchMode to value 2
Set parameter PoolSolutions to value 10
[CG 1] RMP=2010.000000, pricing=ExactPricingSolver, new_columns=10
[CG 2] RMP=12.000000, pricing=ExactPricingSolver, new_columns=0
  搜索路径: [1, 2, 4, 5, 3, 8, 11, 14, 15, 16, 17, 19, 23, 24, 25, 27, 26, 30, 36, 37, 21, 22, 18, 33, 20, 31, 32, 53, 52, 54, 55, 57, 56, 10, 66, 67, 70, 71, 74, 75, 9, 80, 81, 84, 86, 87, 85, 92, 93, 43, 42, 12, 102, 103, 13, 108, 109, 49, 48, 114, 115, 116, 122, 123, 117, 118, 119, 62, 63, 106, 107, 99, 61, 60, 41, 98, 40, 138, 147, 148, 149, 139, 146, 162, 163, 166, 167, 168, 169, 170, 171, 143, 140, 112, 113, 184, 185, 150, 182, 183, 156, 157, 194, 195, 151, 202, 203, 204, 205, 208, 209, 214, 215, 136, 206, 207, 220, 221, 222, 223, 141, 137, 142, 197, 240, 241, 242, 243, 244, 245, 196, 90, 91, 78, 260, 261, 262, 263, 268, 269, 258, 274, 275, 259, 97, 96, 79, 266, 285, 282, 280, 284, 288, 289, 292, 293, 287, 281, 302, 303, 304, 305, 306, 312, 313, 307, 308, 309, 318, 319, 267, 283, 286, 326, 327, 328, 329, 330, 331, 334, 335, 336, 337, 340, 341, 300, 301, 339, 348, 349, 338, 172, 173, 352, 192, 193, 353, 344, 362, 363, 190, 145, 345, 144, 191, 295, 294, 265, 264, 382, 383, 384, 385, 332, 333, 325, 324, 160, 180, 181, 161, 350, 351, 343, 342, 188, 135, 397, 213, 410, 412, 413, 411, 212, 311, 299, 230, 291, 231, 290, 255, 254, 310, 130, 131, 428, 429, 440, 441, 433, 446, 447, 434, 435, 432, 403, 418, 419, 298, 189, 388, 470, 471, 402, 389, 396, 390, 391, 134, 165, 164, 486, 487, 490, 491, 492, 493, 498, 499, 500, 501, 387, 472, 473, 271, 270, 514, 515, 518, 519, 516, 517, 386, 502, 503, 219, 218, 322, 316, 409, 524, 279, 423, 200, 201, 179, 415, 427, 525, 531, 535, 534, 542, 543, 178, 278, 548, 549, 521, 552, 553, 554, 555, 558, 563, 564, 565, 559, 562, 568, 569, 530, 571, 359, 570, 520, 317, 176, 177, 574, 575, 512, 580, 422, 124, 494, 584, 581, 426, 587, 588, 393, 248, 443, 591, 593, 592, 454, 480, 226, 453, 595, 452, 227, 358, 442, 601, 356, 458, 484, 582, 583, 589, 357, 586, 590, 364, 455, 594, 600, 368, 608, 609, 365, 460, 485, 369, 612, 613, 620, 621, 323, 462, 616, 617, 618, 619, 622, 627, 623, 624, 625, 626, 628, 629, 375, 636, 637, 630, 631, 632, 633, 634, 635, 638, 639, 640, 641, 469, 642, 643, 644, 645, 646, 647, 459, 481, 585, 374, 392, 125, 249, 461, 468, 495, 408, 414, 463, 513, 654, 655, 420, 656, 657, 378, 547, 546, 664, 665, 421, 666, 667, 661, 379, 660, 320, 321, 404, 567, 566, 526, 405, 527, 556, 355, 198, 668, 649, 504, 673, 672, 346, 416, 127, 354, 465, 675, 674, 560, 464, 679, 678, 445, 681, 476, 478, 685, 687, 686, 684, 680, 689, 688, 376, 482, 691]
  列生成求解结果: 目标值=12.0000， 下界=9.0000， 上界=10.0000

处理节点 690
  开始列生成求解...
Set parameter LogToConsole to value 0
Set parameter Threads to value 1
Set parameter Seed to value 0
  定价策略: Exact, node=690, vertices=14
Set parameter PoolSearchMode to value 2
Set parameter PoolSolutions to value 10
[CG 1] RMP=9.000000, pricing=ExactPricingSolver, new_columns=0
  搜索路径: [1, 2, 4, 5, 3, 8, 11, 14, 15, 16, 17, 19, 23, 24, 25, 27, 26, 30, 36, 37, 21, 22, 18, 33, 20, 31, 32, 53, 52, 54, 55, 57, 56, 10, 66, 67, 70, 71, 74, 75, 9, 80, 81, 84, 86, 87, 85, 92, 93, 43, 42, 12, 102, 103, 13, 108, 109, 49, 48, 114, 115, 116, 122, 123, 117, 118, 119, 62, 63, 106, 107, 99, 61, 60, 41, 98, 40, 138, 147, 148, 149, 139, 146, 162, 163, 166, 167, 168, 169, 170, 171, 143, 140, 112, 113, 184, 185, 150, 182, 183, 156, 157, 194, 195, 151, 202, 203, 204, 205, 208, 209, 214, 215, 136, 206, 207, 220, 221, 222, 223, 141, 137, 142, 197, 240, 241, 242, 243, 244, 245, 196, 90, 91, 78, 260, 261, 262, 263, 268, 269, 258, 274, 275, 259, 97, 96, 79, 266, 285, 282, 280, 284, 288, 289, 292, 293, 287, 281, 302, 303, 304, 305, 306, 312, 313, 307, 308, 309, 318, 319, 267, 283, 286, 326, 327, 328, 329, 330, 331, 334, 335, 336, 337, 340, 341, 300, 301, 339, 348, 349, 338, 172, 173, 352, 192, 193, 353, 344, 362, 363, 190, 145, 345, 144, 191, 295, 294, 265, 264, 382, 383, 384, 385, 332, 333, 325, 324, 160, 180, 181, 161, 350, 351, 343, 342, 188, 135, 397, 213, 410, 412, 413, 411, 212, 311, 299, 230, 291, 231, 290, 255, 254, 310, 130, 131, 428, 429, 440, 441, 433, 446, 447, 434, 435, 432, 403, 418, 419, 298, 189, 388, 470, 471, 402, 389, 396, 390, 391, 134, 165, 164, 486, 487, 490, 491, 492, 493, 498, 499, 500, 501, 387, 472, 473, 271, 270, 514, 515, 518, 519, 516, 517, 386, 502, 503, 219, 218, 322, 316, 409, 524, 279, 423, 200, 201, 179, 415, 427, 525, 531, 535, 534, 542, 543, 178, 278, 548, 549, 521, 552, 553, 554, 555, 558, 563, 564, 565, 559, 562, 568, 569, 530, 571, 359, 570, 520, 317, 176, 177, 574, 575, 512, 580, 422, 124, 494, 584, 581, 426, 587, 588, 393, 248, 443, 591, 593, 592, 454, 480, 226, 453, 595, 452, 227, 358, 442, 601, 356, 458, 484, 582, 583, 589, 357, 586, 590, 364, 455, 594, 600, 368, 608, 609, 365, 460, 485, 369, 612, 613, 620, 621, 323, 462, 616, 617, 618, 619, 622, 627, 623, 624, 625, 626, 628, 629, 375, 636, 637, 630, 631, 632, 633, 634, 635, 638, 639, 640, 641, 469, 642, 643, 644, 645, 646, 647, 459, 481, 585, 374, 392, 125, 249, 461, 468, 495, 408, 414, 463, 513, 654, 655, 420, 656, 657, 378, 547, 546, 664, 665, 421, 666, 667, 661, 379, 660, 320, 321, 404, 567, 566, 526, 405, 527, 556, 355, 198, 668, 649, 504, 673, 672, 346, 416, 127, 354, 465, 675, 674, 560, 464, 679, 678, 445, 681, 476, 478, 685, 687, 686, 684, 680, 689, 688, 376, 482, 691, 690]
  列生成求解结果: 目标值=9.0000， 下界=9.0000， 上界=10.0000
    非整数变量: COL_1-11-25-29_535 = 0.500000
  解不是整数，开始分支...
规则2分支: vertices=1-7, fractionality=0.500000
SameColor(vertex_pair=1-7)
DifferentColor(vertex_pair=1-7)
  创建了 2 个分支
    添加分支节点 1: ID=696
    添加分支节点 2: ID=697

处理节点 398
  开始列生成求解...
Set parameter LogToConsole to value 0
Set parameter Threads to value 1
Set parameter Seed to value 0
  定价策略: Exact, node=398, vertices=12
Set parameter PoolSearchMode to value 2
Set parameter PoolSolutions to value 10
[CG 1] RMP=12.000000, pricing=ExactPricingSolver, new_columns=0
  搜索路径: [1, 2, 4, 5, 3, 8, 11, 14, 15, 16, 17, 19, 23, 24, 25, 27, 26, 30, 36, 37, 21, 22, 18, 33, 20, 31, 32, 53, 52, 54, 55, 57, 56, 10, 66, 67, 70, 71, 74, 75, 9, 80, 81, 84, 86, 87, 85, 92, 93, 43, 42, 12, 102, 103, 13, 108, 109, 49, 48, 114, 115, 116, 122, 123, 117, 118, 119, 62, 63, 106, 107, 99, 61, 60, 41, 98, 40, 138, 147, 148, 149, 139, 146, 162, 163, 166, 167, 168, 169, 170, 171, 143, 140, 112, 113, 184, 185, 150, 182, 183, 156, 157, 194, 195, 151, 202, 203, 204, 205, 208, 209, 214, 215, 136, 206, 207, 220, 221, 222, 223, 141, 137, 142, 197, 240, 241, 242, 243, 244, 245, 196, 90, 91, 78, 260, 261, 262, 263, 268, 269, 258, 274, 275, 259, 97, 96, 79, 266, 285, 282, 280, 284, 288, 289, 292, 293, 287, 281, 302, 303, 304, 305, 306, 312, 313, 307, 308, 309, 318, 319, 267, 283, 286, 326, 327, 328, 329, 330, 331, 334, 335, 336, 337, 340, 341, 300, 301, 339, 348, 349, 338, 172, 173, 352, 192, 193, 353, 344, 362, 363, 190, 145, 345, 144, 191, 295, 294, 265, 264, 382, 383, 384, 385, 332, 333, 325, 324, 160, 180, 181, 161, 350, 351, 343, 342, 188, 135, 397, 213, 410, 412, 413, 411, 212, 311, 299, 230, 291, 231, 290, 255, 254, 310, 130, 131, 428, 429, 440, 441, 433, 446, 447, 434, 435, 432, 403, 418, 419, 298, 189, 388, 470, 471, 402, 389, 396, 390, 391, 134, 165, 164, 486, 487, 490, 491, 492, 493, 498, 499, 500, 501, 387, 472, 473, 271, 270, 514, 515, 518, 519, 516, 517, 386, 502, 503, 219, 218, 322, 316, 409, 524, 279, 423, 200, 201, 179, 415, 427, 525, 531, 535, 534, 542, 543, 178, 278, 548, 549, 521, 552, 553, 554, 555, 558, 563, 564, 565, 559, 562, 568, 569, 530, 571, 359, 570, 520, 317, 176, 177, 574, 575, 512, 580, 422, 124, 494, 584, 581, 426, 587, 588, 393, 248, 443, 591, 593, 592, 454, 480, 226, 453, 595, 452, 227, 358, 442, 601, 356, 458, 484, 582, 583, 589, 357, 586, 590, 364, 455, 594, 600, 368, 608, 609, 365, 460, 485, 369, 612, 613, 620, 621, 323, 462, 616, 617, 618, 619, 622, 627, 623, 624, 625, 626, 628, 629, 375, 636, 637, 630, 631, 632, 633, 634, 635, 638, 639, 640, 641, 469, 642, 643, 644, 645, 646, 647, 459, 481, 585, 374, 392, 125, 249, 461, 468, 495, 408, 414, 463, 513, 654, 655, 420, 656, 657, 378, 547, 546, 664, 665, 421, 666, 667, 661, 379, 660, 320, 321, 404, 567, 566, 526, 405, 527, 556, 355, 198, 668, 649, 504, 673, 672, 346, 416, 127, 354, 465, 675, 674, 560, 464, 679, 678, 445, 681, 476, 478, 685, 687, 686, 684, 680, 689, 688, 376, 482, 691, 690, 398]
  列生成求解结果: 目标值=12.0000， 下界=9.0000， 上界=10.0000

处理节点 693
  开始列生成求解...
Set parameter LogToConsole to value 0
Set parameter Threads to value 1
Set parameter Seed to value 0
  定价策略: Exact, node=693, vertices=11
Set parameter PoolSearchMode to value 2
Set parameter PoolSolutions to value 10
[CG 1] RMP=9.000000, pricing=ExactPricingSolver, new_columns=0
  搜索路径: [1, 2, 4, 5, 3, 8, 11, 14, 15, 16, 17, 19, 23, 24, 25, 27, 26, 30, 36, 37, 21, 22, 18, 33, 20, 31, 32, 53, 52, 54, 55, 57, 56, 10, 66, 67, 70, 71, 74, 75, 9, 80, 81, 84, 86, 87, 85, 92, 93, 43, 42, 12, 102, 103, 13, 108, 109, 49, 48, 114, 115, 116, 122, 123, 117, 118, 119, 62, 63, 106, 107, 99, 61, 60, 41, 98, 40, 138, 147, 148, 149, 139, 146, 162, 163, 166, 167, 168, 169, 170, 171, 143, 140, 112, 113, 184, 185, 150, 182, 183, 156, 157, 194, 195, 151, 202, 203, 204, 205, 208, 209, 214, 215, 136, 206, 207, 220, 221, 222, 223, 141, 137, 142, 197, 240, 241, 242, 243, 244, 245, 196, 90, 91, 78, 260, 261, 262, 263, 268, 269, 258, 274, 275, 259, 97, 96, 79, 266, 285, 282, 280, 284, 288, 289, 292, 293, 287, 281, 302, 303, 304, 305, 306, 312, 313, 307, 308, 309, 318, 319, 267, 283, 286, 326, 327, 328, 329, 330, 331, 334, 335, 336, 337, 340, 341, 300, 301, 339, 348, 349, 338, 172, 173, 352, 192, 193, 353, 344, 362, 363, 190, 145, 345, 144, 191, 295, 294, 265, 264, 382, 383, 384, 385, 332, 333, 325, 324, 160, 180, 181, 161, 350, 351, 343, 342, 188, 135, 397, 213, 410, 412, 413, 411, 212, 311, 299, 230, 291, 231, 290, 255, 254, 310, 130, 131, 428, 429, 440, 441, 433, 446, 447, 434, 435, 432, 403, 418, 419, 298, 189, 388, 470, 471, 402, 389, 396, 390, 391, 134, 165, 164, 486, 487, 490, 491, 492, 493, 498, 499, 500, 501, 387, 472, 473, 271, 270, 514, 515, 518, 519, 516, 517, 386, 502, 503, 219, 218, 322, 316, 409, 524, 279, 423, 200, 201, 179, 415, 427, 525, 531, 535, 534, 542, 543, 178, 278, 548, 549, 521, 552, 553, 554, 555, 558, 563, 564, 565, 559, 562, 568, 569, 530, 571, 359, 570, 520, 317, 176, 177, 574, 575, 512, 580, 422, 124, 494, 584, 581, 426, 587, 588, 393, 248, 443, 591, 593, 592, 454, 480, 226, 453, 595, 452, 227, 358, 442, 601, 356, 458, 484, 582, 583, 589, 357, 586, 590, 364, 455, 594, 600, 368, 608, 609, 365, 460, 485, 369, 612, 613, 620, 621, 323, 462, 616, 617, 618, 619, 622, 627, 623, 624, 625, 626, 628, 629, 375, 636, 637, 630, 631, 632, 633, 634, 635, 638, 639, 640, 641, 469, 642, 643, 644, 645, 646, 647, 459, 481, 585, 374, 392, 125, 249, 461, 468, 495, 408, 414, 463, 513, 654, 655, 420, 656, 657, 378, 547, 546, 664, 665, 421, 666, 667, 661, 379, 660, 320, 321, 404, 567, 566, 526, 405, 527, 556, 355, 198, 668, 649, 504, 673, 672, 346, 416, 127, 354, 465, 675, 674, 560, 464, 679, 678, 445, 681, 476, 478, 685, 687, 686, 684, 680, 689, 688, 376, 482, 691, 690, 398, 693]
  列生成求解结果: 目标值=9.0000， 下界=9.0000， 上界=10.0000
    非整数变量: COL_1-28-5_381 = 0.107143
  解不是整数，开始分支...
ImposedVertex(vertex=28)
ForbidVertex(vertex=28)
  创建了 2 个分支
    添加分支节点 1: ID=698
    添加分支节点 2: ID=699

处理节点 695
  开始列生成求解...
Set parameter LogToConsole to value 0
Set parameter Threads to value 1
Set parameter Seed to value 0
  定价策略: Exact, node=695, vertices=16
Set parameter PoolSearchMode to value 2
Set parameter PoolSolutions to value 10
[CG 1] RMP=18.000000, pricing=ExactPricingSolver, new_columns=10
[CG 2] RMP=11.000000, pricing=ExactPricingSolver, new_columns=0
  搜索路径: [1, 2, 4, 5, 3, 8, 11, 14, 15, 16, 17, 19, 23, 24, 25, 27, 26, 30, 36, 37, 21, 22, 18, 33, 20, 31, 32, 53, 52, 54, 55, 57, 56, 10, 66, 67, 70, 71, 74, 75, 9, 80, 81, 84, 86, 87, 85, 92, 93, 43, 42, 12, 102, 103, 13, 108, 109, 49, 48, 114, 115, 116, 122, 123, 117, 118, 119, 62, 63, 106, 107, 99, 61, 60, 41, 98, 40, 138, 147, 148, 149, 139, 146, 162, 163, 166, 167, 168, 169, 170, 171, 143, 140, 112, 113, 184, 185, 150, 182, 183, 156, 157, 194, 195, 151, 202, 203, 204, 205, 208, 209, 214, 215, 136, 206, 207, 220, 221, 222, 223, 141, 137, 142, 197, 240, 241, 242, 243, 244, 245, 196, 90, 91, 78, 260, 261, 262, 263, 268, 269, 258, 274, 275, 259, 97, 96, 79, 266, 285, 282, 280, 284, 288, 289, 292, 293, 287, 281, 302, 303, 304, 305, 306, 312, 313, 307, 308, 309, 318, 319, 267, 283, 286, 326, 327, 328, 329, 330, 331, 334, 335, 336, 337, 340, 341, 300, 301, 339, 348, 349, 338, 172, 173, 352, 192, 193, 353, 344, 362, 363, 190, 145, 345, 144, 191, 295, 294, 265, 264, 382, 383, 384, 385, 332, 333, 325, 324, 160, 180, 181, 161, 350, 351, 343, 342, 188, 135, 397, 213, 410, 412, 413, 411, 212, 311, 299, 230, 291, 231, 290, 255, 254, 310, 130, 131, 428, 429, 440, 441, 433, 446, 447, 434, 435, 432, 403, 418, 419, 298, 189, 388, 470, 471, 402, 389, 396, 390, 391, 134, 165, 164, 486, 487, 490, 491, 492, 493, 498, 499, 500, 501, 387, 472, 473, 271, 270, 514, 515, 518, 519, 516, 517, 386, 502, 503, 219, 218, 322, 316, 409, 524, 279, 423, 200, 201, 179, 415, 427, 525, 531, 535, 534, 542, 543, 178, 278, 548, 549, 521, 552, 553, 554, 555, 558, 563, 564, 565, 559, 562, 568, 569, 530, 571, 359, 570, 520, 317, 176, 177, 574, 575, 512, 580, 422, 124, 494, 584, 581, 426, 587, 588, 393, 248, 443, 591, 593, 592, 454, 480, 226, 453, 595, 452, 227, 358, 442, 601, 356, 458, 484, 582, 583, 589, 357, 586, 590, 364, 455, 594, 600, 368, 608, 609, 365, 460, 485, 369, 612, 613, 620, 621, 323, 462, 616, 617, 618, 619, 622, 627, 623, 624, 625, 626, 628, 629, 375, 636, 637, 630, 631, 632, 633, 634, 635, 638, 639, 640, 641, 469, 642, 643, 644, 645, 646, 647, 459, 481, 585, 374, 392, 125, 249, 461, 468, 495, 408, 414, 463, 513, 654, 655, 420, 656, 657, 378, 547, 546, 664, 665, 421, 666, 667, 661, 379, 660, 320, 321, 404, 567, 566, 526, 405, 527, 556, 355, 198, 668, 649, 504, 673, 672, 346, 416, 127, 354, 465, 675, 674, 560, 464, 679, 678, 445, 681, 476, 478, 685, 687, 686, 684, 680, 689, 688, 376, 482, 691, 690, 398, 693, 695]
  列生成求解结果: 目标值=11.0000， 下界=9.0000， 上界=10.0000

处理节点 694
  开始列生成求解...
Set parameter LogToConsole to value 0
Set parameter Threads to value 1
Set parameter Seed to value 0
  定价策略: Exact, node=694, vertices=16
Set parameter PoolSearchMode to value 2
Set parameter PoolSolutions to value 10
[CG 1] RMP=10.000000, pricing=ExactPricingSolver, new_columns=10
[CG 2] RMP=9.000000, pricing=ExactPricingSolver, new_columns=0
  搜索路径: [1, 2, 4, 5, 3, 8, 11, 14, 15, 16, 17, 19, 23, 24, 25, 27, 26, 30, 36, 37, 21, 22, 18, 33, 20, 31, 32, 53, 52, 54, 55, 57, 56, 10, 66, 67, 70, 71, 74, 75, 9, 80, 81, 84, 86, 87, 85, 92, 93, 43, 42, 12, 102, 103, 13, 108, 109, 49, 48, 114, 115, 116, 122, 123, 117, 118, 119, 62, 63, 106, 107, 99, 61, 60, 41, 98, 40, 138, 147, 148, 149, 139, 146, 162, 163, 166, 167, 168, 169, 170, 171, 143, 140, 112, 113, 184, 185, 150, 182, 183, 156, 157, 194, 195, 151, 202, 203, 204, 205, 208, 209, 214, 215, 136, 206, 207, 220, 221, 222, 223, 141, 137, 142, 197, 240, 241, 242, 243, 244, 245, 196, 90, 91, 78, 260, 261, 262, 263, 268, 269, 258, 274, 275, 259, 97, 96, 79, 266, 285, 282, 280, 284, 288, 289, 292, 293, 287, 281, 302, 303, 304, 305, 306, 312, 313, 307, 308, 309, 318, 319, 267, 283, 286, 326, 327, 328, 329, 330, 331, 334, 335, 336, 337, 340, 341, 300, 301, 339, 348, 349, 338, 172, 173, 352, 192, 193, 353, 344, 362, 363, 190, 145, 345, 144, 191, 295, 294, 265, 264, 382, 383, 384, 385, 332, 333, 325, 324, 160, 180, 181, 161, 350, 351, 343, 342, 188, 135, 397, 213, 410, 412, 413, 411, 212, 311, 299, 230, 291, 231, 290, 255, 254, 310, 130, 131, 428, 429, 440, 441, 433, 446, 447, 434, 435, 432, 403, 418, 419, 298, 189, 388, 470, 471, 402, 389, 396, 390, 391, 134, 165, 164, 486, 487, 490, 491, 492, 493, 498, 499, 500, 501, 387, 472, 473, 271, 270, 514, 515, 518, 519, 516, 517, 386, 502, 503, 219, 218, 322, 316, 409, 524, 279, 423, 200, 201, 179, 415, 427, 525, 531, 535, 534, 542, 543, 178, 278, 548, 549, 521, 552, 553, 554, 555, 558, 563, 564, 565, 559, 562, 568, 569, 530, 571, 359, 570, 520, 317, 176, 177, 574, 575, 512, 580, 422, 124, 494, 584, 581, 426, 587, 588, 393, 248, 443, 591, 593, 592, 454, 480, 226, 453, 595, 452, 227, 358, 442, 601, 356, 458, 484, 582, 583, 589, 357, 586, 590, 364, 455, 594, 600, 368, 608, 609, 365, 460, 485, 369, 612, 613, 620, 621, 323, 462, 616, 617, 618, 619, 622, 627, 623, 624, 625, 626, 628, 629, 375, 636, 637, 630, 631, 632, 633, 634, 635, 638, 639, 640, 641, 469, 642, 643, 644, 645, 646, 647, 459, 481, 585, 374, 392, 125, 249, 461, 468, 495, 408, 414, 463, 513, 654, 655, 420, 656, 657, 378, 547, 546, 664, 665, 421, 666, 667, 661, 379, 660, 320, 321, 404, 567, 566, 526, 405, 527, 556, 355, 198, 668, 649, 504, 673, 672, 346, 416, 127, 354, 465, 675, 674, 560, 464, 679, 678, 445, 681, 476, 478, 685, 687, 686, 684, 680, 689, 688, 376, 482, 691, 690, 398, 693, 695, 694]
  列生成求解结果: 目标值=9.0000， 下界=9.0000， 上界=10.0000
    非整数变量: COL_19-21-23-26-4_268 = 0.250000
  解不是整数，开始分支...
ImposedVertex(vertex=18)
ForbidVertex(vertex=18)
  创建了 2 个分支
    添加分支节点 1: ID=700
    添加分支节点 2: ID=701

处理节点 692
  开始列生成求解...
Set parameter LogToConsole to value 0
Set parameter Threads to value 1
Set parameter Seed to value 0
  定价策略: Exact, node=692, vertices=11
Set parameter PoolSearchMode to value 2
Set parameter PoolSolutions to value 10
[CG 1] RMP=2010.000000, pricing=ExactPricingSolver, new_columns=10
[CG 2] RMP=9.000000, pricing=ExactPricingSolver, new_columns=0
  搜索路径: [1, 2, 4, 5, 3, 8, 11, 14, 15, 16, 17, 19, 23, 24, 25, 27, 26, 30, 36, 37, 21, 22, 18, 33, 20, 31, 32, 53, 52, 54, 55, 57, 56, 10, 66, 67, 70, 71, 74, 75, 9, 80, 81, 84, 86, 87, 85, 92, 93, 43, 42, 12, 102, 103, 13, 108, 109, 49, 48, 114, 115, 116, 122, 123, 117, 118, 119, 62, 63, 106, 107, 99, 61, 60, 41, 98, 40, 138, 147, 148, 149, 139, 146, 162, 163, 166, 167, 168, 169, 170, 171, 143, 140, 112, 113, 184, 185, 150, 182, 183, 156, 157, 194, 195, 151, 202, 203, 204, 205, 208, 209, 214, 215, 136, 206, 207, 220, 221, 222, 223, 141, 137, 142, 197, 240, 241, 242, 243, 244, 245, 196, 90, 91, 78, 260, 261, 262, 263, 268, 269, 258, 274, 275, 259, 97, 96, 79, 266, 285, 282, 280, 284, 288, 289, 292, 293, 287, 281, 302, 303, 304, 305, 306, 312, 313, 307, 308, 309, 318, 319, 267, 283, 286, 326, 327, 328, 329, 330, 331, 334, 335, 336, 337, 340, 341, 300, 301, 339, 348, 349, 338, 172, 173, 352, 192, 193, 353, 344, 362, 363, 190, 145, 345, 144, 191, 295, 294, 265, 264, 382, 383, 384, 385, 332, 333, 325, 324, 160, 180, 181, 161, 350, 351, 343, 342, 188, 135, 397, 213, 410, 412, 413, 411, 212, 311, 299, 230, 291, 231, 290, 255, 254, 310, 130, 131, 428, 429, 440, 441, 433, 446, 447, 434, 435, 432, 403, 418, 419, 298, 189, 388, 470, 471, 402, 389, 396, 390, 391, 134, 165, 164, 486, 487, 490, 491, 492, 493, 498, 499, 500, 501, 387, 472, 473, 271, 270, 514, 515, 518, 519, 516, 517, 386, 502, 503, 219, 218, 322, 316, 409, 524, 279, 423, 200, 201, 179, 415, 427, 525, 531, 535, 534, 542, 543, 178, 278, 548, 549, 521, 552, 553, 554, 555, 558, 563, 564, 565, 559, 562, 568, 569, 530, 571, 359, 570, 520, 317, 176, 177, 574, 575, 512, 580, 422, 124, 494, 584, 581, 426, 587, 588, 393, 248, 443, 591, 593, 592, 454, 480, 226, 453, 595, 452, 227, 358, 442, 601, 356, 458, 484, 582, 583, 589, 357, 586, 590, 364, 455, 594, 600, 368, 608, 609, 365, 460, 485, 369, 612, 613, 620, 621, 323, 462, 616, 617, 618, 619, 622, 627, 623, 624, 625, 626, 628, 629, 375, 636, 637, 630, 631, 632, 633, 634, 635, 638, 639, 640, 641, 469, 642, 643, 644, 645, 646, 647, 459, 481, 585, 374, 392, 125, 249, 461, 468, 495, 408, 414, 463, 513, 654, 655, 420, 656, 657, 378, 547, 546, 664, 665, 421, 666, 667, 661, 379, 660, 320, 321, 404, 567, 566, 526, 405, 527, 556, 355, 198, 668, 649, 504, 673, 672, 346, 416, 127, 354, 465, 675, 674, 560, 464, 679, 678, 445, 681, 476, 478, 685, 687, 686, 684, 680, 689, 688, 376, 482, 691, 690, 398, 693, 695, 694, 692]
  列生成求解结果: 目标值=9.0000， 下界=9.0000， 上界=10.0000
    非整数变量: COL_13-22-27-5-7_3119 = 0.250000
  解不是整数，开始分支...
ImposedVertex(vertex=27)
ForbidVertex(vertex=27)
  创建了 2 个分支
    添加分支节点 1: ID=702
    添加分支节点 2: ID=703

处理节点 697
  开始列生成求解...
Set parameter LogToConsole to value 0
Set parameter Threads to value 1
Set parameter Seed to value 0
  定价策略: Exact, node=697, vertices=14
Set parameter PoolSearchMode to value 2
Set parameter PoolSolutions to value 10
[CG 1] RMP=10.000000, pricing=ExactPricingSolver, new_columns=10
[CG 2] RMP=9.000000, pricing=ExactPricingSolver, new_columns=0
  搜索路径: [1, 2, 4, 5, 3, 8, 11, 14, 15, 16, 17, 19, 23, 24, 25, 27, 26, 30, 36, 37, 21, 22, 18, 33, 20, 31, 32, 53, 52, 54, 55, 57, 56, 10, 66, 67, 70, 71, 74, 75, 9, 80, 81, 84, 86, 87, 85, 92, 93, 43, 42, 12, 102, 103, 13, 108, 109, 49, 48, 114, 115, 116, 122, 123, 117, 118, 119, 62, 63, 106, 107, 99, 61, 60, 41, 98, 40, 138, 147, 148, 149, 139, 146, 162, 163, 166, 167, 168, 169, 170, 171, 143, 140, 112, 113, 184, 185, 150, 182, 183, 156, 157, 194, 195, 151, 202, 203, 204, 205, 208, 209, 214, 215, 136, 206, 207, 220, 221, 222, 223, 141, 137, 142, 197, 240, 241, 242, 243, 244, 245, 196, 90, 91, 78, 260, 261, 262, 263, 268, 269, 258, 274, 275, 259, 97, 96, 79, 266, 285, 282, 280, 284, 288, 289, 292, 293, 287, 281, 302, 303, 304, 305, 306, 312, 313, 307, 308, 309, 318, 319, 267, 283, 286, 326, 327, 328, 329, 330, 331, 334, 335, 336, 337, 340, 341, 300, 301, 339, 348, 349, 338, 172, 173, 352, 192, 193, 353, 344, 362, 363, 190, 145, 345, 144, 191, 295, 294, 265, 264, 382, 383, 384, 385, 332, 333, 325, 324, 160, 180, 181, 161, 350, 351, 343, 342, 188, 135, 397, 213, 410, 412, 413, 411, 212, 311, 299, 230, 291, 231, 290, 255, 254, 310, 130, 131, 428, 429, 440, 441, 433, 446, 447, 434, 435, 432, 403, 418, 419, 298, 189, 388, 470, 471, 402, 389, 396, 390, 391, 134, 165, 164, 486, 487, 490, 491, 492, 493, 498, 499, 500, 501, 387, 472, 473, 271, 270, 514, 515, 518, 519, 516, 517, 386, 502, 503, 219, 218, 322, 316, 409, 524, 279, 423, 200, 201, 179, 415, 427, 525, 531, 535, 534, 542, 543, 178, 278, 548, 549, 521, 552, 553, 554, 555, 558, 563, 564, 565, 559, 562, 568, 569, 530, 571, 359, 570, 520, 317, 176, 177, 574, 575, 512, 580, 422, 124, 494, 584, 581, 426, 587, 588, 393, 248, 443, 591, 593, 592, 454, 480, 226, 453, 595, 452, 227, 358, 442, 601, 356, 458, 484, 582, 583, 589, 357, 586, 590, 364, 455, 594, 600, 368, 608, 609, 365, 460, 485, 369, 612, 613, 620, 621, 323, 462, 616, 617, 618, 619, 622, 627, 623, 624, 625, 626, 628, 629, 375, 636, 637, 630, 631, 632, 633, 634, 635, 638, 639, 640, 641, 469, 642, 643, 644, 645, 646, 647, 459, 481, 585, 374, 392, 125, 249, 461, 468, 495, 408, 414, 463, 513, 654, 655, 420, 656, 657, 378, 547, 546, 664, 665, 421, 666, 667, 661, 379, 660, 320, 321, 404, 567, 566, 526, 405, 527, 556, 355, 198, 668, 649, 504, 673, 672, 346, 416, 127, 354, 465, 675, 674, 560, 464, 679, 678, 445, 681, 476, 478, 685, 687, 686, 684, 680, 689, 688, 376, 482, 691, 690, 398, 693, 695, 694, 692, 697]
  列生成求解结果: 目标值=9.0000， 下界=9.0000， 上界=10.0000
    非整数变量: COL_11-25-29-4-7_537 = 0.500000
  解不是整数，开始分支...
规则2分支: vertices=1-9, fractionality=0.500000
SameColor(vertex_pair=1-9)
DifferentColor(vertex_pair=1-9)
  创建了 2 个分支
    添加分支节点 1: ID=704
    添加分支节点 2: ID=705

处理节点 696
  开始列生成求解...
Set parameter LogToConsole to value 0
Set parameter Threads to value 1
Set parameter Seed to value 0
  定价策略: Exact, node=696, vertices=13
Set parameter PoolSearchMode to value 2
Set parameter PoolSolutions to value 10
[CG 1] RMP=2010.000000, pricing=ExactPricingSolver, new_columns=10
[CG 2] RMP=9.000000, pricing=ExactPricingSolver, new_columns=0
  搜索路径: [1, 2, 4, 5, 3, 8, 11, 14, 15, 16, 17, 19, 23, 24, 25, 27, 26, 30, 36, 37, 21, 22, 18, 33, 20, 31, 32, 53, 52, 54, 55, 57, 56, 10, 66, 67, 70, 71, 74, 75, 9, 80, 81, 84, 86, 87, 85, 92, 93, 43, 42, 12, 102, 103, 13, 108, 109, 49, 48, 114, 115, 116, 122, 123, 117, 118, 119, 62, 63, 106, 107, 99, 61, 60, 41, 98, 40, 138, 147, 148, 149, 139, 146, 162, 163, 166, 167, 168, 169, 170, 171, 143, 140, 112, 113, 184, 185, 150, 182, 183, 156, 157, 194, 195, 151, 202, 203, 204, 205, 208, 209, 214, 215, 136, 206, 207, 220, 221, 222, 223, 141, 137, 142, 197, 240, 241, 242, 243, 244, 245, 196, 90, 91, 78, 260, 261, 262, 263, 268, 269, 258, 274, 275, 259, 97, 96, 79, 266, 285, 282, 280, 284, 288, 289, 292, 293, 287, 281, 302, 303, 304, 305, 306, 312, 313, 307, 308, 309, 318, 319, 267, 283, 286, 326, 327, 328, 329, 330, 331, 334, 335, 336, 337, 340, 341, 300, 301, 339, 348, 349, 338, 172, 173, 352, 192, 193, 353, 344, 362, 363, 190, 145, 345, 144, 191, 295, 294, 265, 264, 382, 383, 384, 385, 332, 333, 325, 324, 160, 180, 181, 161, 350, 351, 343, 342, 188, 135, 397, 213, 410, 412, 413, 411, 212, 311, 299, 230, 291, 231, 290, 255, 254, 310, 130, 131, 428, 429, 440, 441, 433, 446, 447, 434, 435, 432, 403, 418, 419, 298, 189, 388, 470, 471, 402, 389, 396, 390, 391, 134, 165, 164, 486, 487, 490, 491, 492, 493, 498, 499, 500, 501, 387, 472, 473, 271, 270, 514, 515, 518, 519, 516, 517, 386, 502, 503, 219, 218, 322, 316, 409, 524, 279, 423, 200, 201, 179, 415, 427, 525, 531, 535, 534, 542, 543, 178, 278, 548, 549, 521, 552, 553, 554, 555, 558, 563, 564, 565, 559, 562, 568, 569, 530, 571, 359, 570, 520, 317, 176, 177, 574, 575, 512, 580, 422, 124, 494, 584, 581, 426, 587, 588, 393, 248, 443, 591, 593, 592, 454, 480, 226, 453, 595, 452, 227, 358, 442, 601, 356, 458, 484, 582, 583, 589, 357, 586, 590, 364, 455, 594, 600, 368, 608, 609, 365, 460, 485, 369, 612, 613, 620, 621, 323, 462, 616, 617, 618, 619, 622, 627, 623, 624, 625, 626, 628, 629, 375, 636, 637, 630, 631, 632, 633, 634, 635, 638, 639, 640, 641, 469, 642, 643, 644, 645, 646, 647, 459, 481, 585, 374, 392, 125, 249, 461, 468, 495, 408, 414, 463, 513, 654, 655, 420, 656, 657, 378, 547, 546, 664, 665, 421, 666, 667, 661, 379, 660, 320, 321, 404, 567, 566, 526, 405, 527, 556, 355, 198, 668, 649, 504, 673, 672, 346, 416, 127, 354, 465, 675, 674, 560, 464, 679, 678, 445, 681, 476, 478, 685, 687, 686, 684, 680, 689, 688, 376, 482, 691, 690, 398, 693, 695, 694, 692, 697, 696]
  列生成求解结果: 目标值=9.0000， 下界=9.0000， 上界=10.0000
    非整数变量: COL_11-25-29-4_536 = 0.500000
  解不是整数，开始分支...
规则2分支: vertices=4-9, fractionality=0.500000
SameColor(vertex_pair=4-9)
DifferentColor(vertex_pair=4-9)
  创建了 2 个分支
    添加分支节点 1: ID=706
    添加分支节点 2: ID=707

处理节点 699
  开始列生成求解...
Set parameter LogToConsole to value 0
Set parameter Threads to value 1
Set parameter Seed to value 0
  定价策略: Exact, node=699, vertices=10
Set parameter PoolSearchMode to value 2
Set parameter PoolSolutions to value 10
[CG 1] RMP=11.000000, pricing=ExactPricingSolver, new_columns=10
[CG 2] RMP=11.000000, pricing=ExactPricingSolver, new_columns=0
  搜索路径: [1, 2, 4, 5, 3, 8, 11, 14, 15, 16, 17, 19, 23, 24, 25, 27, 26, 30, 36, 37, 21, 22, 18, 33, 20, 31, 32, 53, 52, 54, 55, 57, 56, 10, 66, 67, 70, 71, 74, 75, 9, 80, 81, 84, 86, 87, 85, 92, 93, 43, 42, 12, 102, 103, 13, 108, 109, 49, 48, 114, 115, 116, 122, 123, 117, 118, 119, 62, 63, 106, 107, 99, 61, 60, 41, 98, 40, 138, 147, 148, 149, 139, 146, 162, 163, 166, 167, 168, 169, 170, 171, 143, 140, 112, 113, 184, 185, 150, 182, 183, 156, 157, 194, 195, 151, 202, 203, 204, 205, 208, 209, 214, 215, 136, 206, 207, 220, 221, 222, 223, 141, 137, 142, 197, 240, 241, 242, 243, 244, 245, 196, 90, 91, 78, 260, 261, 262, 263, 268, 269, 258, 274, 275, 259, 97, 96, 79, 266, 285, 282, 280, 284, 288, 289, 292, 293, 287, 281, 302, 303, 304, 305, 306, 312, 313, 307, 308, 309, 318, 319, 267, 283, 286, 326, 327, 328, 329, 330, 331, 334, 335, 336, 337, 340, 341, 300, 301, 339, 348, 349, 338, 172, 173, 352, 192, 193, 353, 344, 362, 363, 190, 145, 345, 144, 191, 295, 294, 265, 264, 382, 383, 384, 385, 332, 333, 325, 324, 160, 180, 181, 161, 350, 351, 343, 342, 188, 135, 397, 213, 410, 412, 413, 411, 212, 311, 299, 230, 291, 231, 290, 255, 254, 310, 130, 131, 428, 429, 440, 441, 433, 446, 447, 434, 435, 432, 403, 418, 419, 298, 189, 388, 470, 471, 402, 389, 396, 390, 391, 134, 165, 164, 486, 487, 490, 491, 492, 493, 498, 499, 500, 501, 387, 472, 473, 271, 270, 514, 515, 518, 519, 516, 517, 386, 502, 503, 219, 218, 322, 316, 409, 524, 279, 423, 200, 201, 179, 415, 427, 525, 531, 535, 534, 542, 543, 178, 278, 548, 549, 521, 552, 553, 554, 555, 558, 563, 564, 565, 559, 562, 568, 569, 530, 571, 359, 570, 520, 317, 176, 177, 574, 575, 512, 580, 422, 124, 494, 584, 581, 426, 587, 588, 393, 248, 443, 591, 593, 592, 454, 480, 226, 453, 595, 452, 227, 358, 442, 601, 356, 458, 484, 582, 583, 589, 357, 586, 590, 364, 455, 594, 600, 368, 608, 609, 365, 460, 485, 369, 612, 613, 620, 621, 323, 462, 616, 617, 618, 619, 622, 627, 623, 624, 625, 626, 628, 629, 375, 636, 637, 630, 631, 632, 633, 634, 635, 638, 639, 640, 641, 469, 642, 643, 644, 645, 646, 647, 459, 481, 585, 374, 392, 125, 249, 461, 468, 495, 408, 414, 463, 513, 654, 655, 420, 656, 657, 378, 547, 546, 664, 665, 421, 666, 667, 661, 379, 660, 320, 321, 404, 567, 566, 526, 405, 527, 556, 355, 198, 668, 649, 504, 673, 672, 346, 416, 127, 354, 465, 675, 674, 560, 464, 679, 678, 445, 681, 476, 478, 685, 687, 686, 684, 680, 689, 688, 376, 482, 691, 690, 398, 693, 695, 694, 692, 697, 696, 699]
  列生成求解结果: 目标值=11.0000， 下界=9.0000， 上界=10.0000

处理节点 698
  开始列生成求解...
Set parameter LogToConsole to value 0
Set parameter Threads to value 1
Set parameter Seed to value 0
  定价策略: Exact, node=698, vertices=10
Set parameter PoolSearchMode to value 2
Set parameter PoolSolutions to value 10
[CG 1] RMP=12.000000, pricing=ExactPricingSolver, new_columns=10
[CG 2] RMP=12.000000, pricing=ExactPricingSolver, new_columns=0
  搜索路径: [1, 2, 4, 5, 3, 8, 11, 14, 15, 16, 17, 19, 23, 24, 25, 27, 26, 30, 36, 37, 21, 22, 18, 33, 20, 31, 32, 53, 52, 54, 55, 57, 56, 10, 66, 67, 70, 71, 74, 75, 9, 80, 81, 84, 86, 87, 85, 92, 93, 43, 42, 12, 102, 103, 13, 108, 109, 49, 48, 114, 115, 116, 122, 123, 117, 118, 119, 62, 63, 106, 107, 99, 61, 60, 41, 98, 40, 138, 147, 148, 149, 139, 146, 162, 163, 166, 167, 168, 169, 170, 171, 143, 140, 112, 113, 184, 185, 150, 182, 183, 156, 157, 194, 195, 151, 202, 203, 204, 205, 208, 209, 214, 215, 136, 206, 207, 220, 221, 222, 223, 141, 137, 142, 197, 240, 241, 242, 243, 244, 245, 196, 90, 91, 78, 260, 261, 262, 263, 268, 269, 258, 274, 275, 259, 97, 96, 79, 266, 285, 282, 280, 284, 288, 289, 292, 293, 287, 281, 302, 303, 304, 305, 306, 312, 313, 307, 308, 309, 318, 319, 267, 283, 286, 326, 327, 328, 329, 330, 331, 334, 335, 336, 337, 340, 341, 300, 301, 339, 348, 349, 338, 172, 173, 352, 192, 193, 353, 344, 362, 363, 190, 145, 345, 144, 191, 295, 294, 265, 264, 382, 383, 384, 385, 332, 333, 325, 324, 160, 180, 181, 161, 350, 351, 343, 342, 188, 135, 397, 213, 410, 412, 413, 411, 212, 311, 299, 230, 291, 231, 290, 255, 254, 310, 130, 131, 428, 429, 440, 441, 433, 446, 447, 434, 435, 432, 403, 418, 419, 298, 189, 388, 470, 471, 402, 389, 396, 390, 391, 134, 165, 164, 486, 487, 490, 491, 492, 493, 498, 499, 500, 501, 387, 472, 473, 271, 270, 514, 515, 518, 519, 516, 517, 386, 502, 503, 219, 218, 322, 316, 409, 524, 279, 423, 200, 201, 179, 415, 427, 525, 531, 535, 534, 542, 543, 178, 278, 548, 549, 521, 552, 553, 554, 555, 558, 563, 564, 565, 559, 562, 568, 569, 530, 571, 359, 570, 520, 317, 176, 177, 574, 575, 512, 580, 422, 124, 494, 584, 581, 426, 587, 588, 393, 248, 443, 591, 593, 592, 454, 480, 226, 453, 595, 452, 227, 358, 442, 601, 356, 458, 484, 582, 583, 589, 357, 586, 590, 364, 455, 594, 600, 368, 608, 609, 365, 460, 485, 369, 612, 613, 620, 621, 323, 462, 616, 617, 618, 619, 622, 627, 623, 624, 625, 626, 628, 629, 375, 636, 637, 630, 631, 632, 633, 634, 635, 638, 639, 640, 641, 469, 642, 643, 644, 645, 646, 647, 459, 481, 585, 374, 392, 125, 249, 461, 468, 495, 408, 414, 463, 513, 654, 655, 420, 656, 657, 378, 547, 546, 664, 665, 421, 666, 667, 661, 379, 660, 320, 321, 404, 567, 566, 526, 405, 527, 556, 355, 198, 668, 649, 504, 673, 672, 346, 416, 127, 354, 465, 675, 674, 560, 464, 679, 678, 445, 681, 476, 478, 685, 687, 686, 684, 680, 689, 688, 376, 482, 691, 690, 398, 693, 695, 694, 692, 697, 696, 699, 698]
  列生成求解结果: 目标值=12.0000， 下界=9.0000， 上界=10.0000

处理节点 199
  开始列生成求解...
Set parameter LogToConsole to value 0
Set parameter Threads to value 1
Set parameter Seed to value 0
  定价策略: Exact, node=199, vertices=16
Set parameter PoolSearchMode to value 2
Set parameter PoolSolutions to value 10
[CG 1] RMP=9.000000, pricing=ExactPricingSolver, new_columns=0
  搜索路径: [1, 2, 4, 5, 3, 8, 11, 14, 15, 16, 17, 19, 23, 24, 25, 27, 26, 30, 36, 37, 21, 22, 18, 33, 20, 31, 32, 53, 52, 54, 55, 57, 56, 10, 66, 67, 70, 71, 74, 75, 9, 80, 81, 84, 86, 87, 85, 92, 93, 43, 42, 12, 102, 103, 13, 108, 109, 49, 48, 114, 115, 116, 122, 123, 117, 118, 119, 62, 63, 106, 107, 99, 61, 60, 41, 98, 40, 138, 147, 148, 149, 139, 146, 162, 163, 166, 167, 168, 169, 170, 171, 143, 140, 112, 113, 184, 185, 150, 182, 183, 156, 157, 194, 195, 151, 202, 203, 204, 205, 208, 209, 214, 215, 136, 206, 207, 220, 221, 222, 223, 141, 137, 142, 197, 240, 241, 242, 243, 244, 245, 196, 90, 91, 78, 260, 261, 262, 263, 268, 269, 258, 274, 275, 259, 97, 96, 79, 266, 285, 282, 280, 284, 288, 289, 292, 293, 287, 281, 302, 303, 304, 305, 306, 312, 313, 307, 308, 309, 318, 319, 267, 283, 286, 326, 327, 328, 329, 330, 331, 334, 335, 336, 337, 340, 341, 300, 301, 339, 348, 349, 338, 172, 173, 352, 192, 193, 353, 344, 362, 363, 190, 145, 345, 144, 191, 295, 294, 265, 264, 382, 383, 384, 385, 332, 333, 325, 324, 160, 180, 181, 161, 350, 351, 343, 342, 188, 135, 397, 213, 410, 412, 413, 411, 212, 311, 299, 230, 291, 231, 290, 255, 254, 310, 130, 131, 428, 429, 440, 441, 433, 446, 447, 434, 435, 432, 403, 418, 419, 298, 189, 388, 470, 471, 402, 389, 396, 390, 391, 134, 165, 164, 486, 487, 490, 491, 492, 493, 498, 499, 500, 501, 387, 472, 473, 271, 270, 514, 515, 518, 519, 516, 517, 386, 502, 503, 219, 218, 322, 316, 409, 524, 279, 423, 200, 201, 179, 415, 427, 525, 531, 535, 534, 542, 543, 178, 278, 548, 549, 521, 552, 553, 554, 555, 558, 563, 564, 565, 559, 562, 568, 569, 530, 571, 359, 570, 520, 317, 176, 177, 574, 575, 512, 580, 422, 124, 494, 584, 581, 426, 587, 588, 393, 248, 443, 591, 593, 592, 454, 480, 226, 453, 595, 452, 227, 358, 442, 601, 356, 458, 484, 582, 583, 589, 357, 586, 590, 364, 455, 594, 600, 368, 608, 609, 365, 460, 485, 369, 612, 613, 620, 621, 323, 462, 616, 617, 618, 619, 622, 627, 623, 624, 625, 626, 628, 629, 375, 636, 637, 630, 631, 632, 633, 634, 635, 638, 639, 640, 641, 469, 642, 643, 644, 645, 646, 647, 459, 481, 585, 374, 392, 125, 249, 461, 468, 495, 408, 414, 463, 513, 654, 655, 420, 656, 657, 378, 547, 546, 664, 665, 421, 666, 667, 661, 379, 660, 320, 321, 404, 567, 566, 526, 405, 527, 556, 355, 198, 668, 649, 504, 673, 672, 346, 416, 127, 354, 465, 675, 674, 560, 464, 679, 678, 445, 681, 476, 478, 685, 687, 686, 684, 680, 689, 688, 376, 482, 691, 690, 398, 693, 695, 694, 692, 697, 696, 699, 698, 199]
  列生成求解结果: 目标值=9.0000， 下界=9.0000， 上界=10.0000
    非整数变量: COL_0-9_109 = 0.800000
  解不是整数，开始分支...
ImposedVertex(vertex=17)
ForbidVertex(vertex=17)
  创建了 2 个分支
    添加分支节点 1: ID=708
    添加分支节点 2: ID=709

处理节点 314
  开始列生成求解...
Set parameter LogToConsole to value 0
Set parameter Threads to value 1
Set parameter Seed to value 0
  定价策略: Exact, node=314, vertices=17
Set parameter PoolSearchMode to value 2
Set parameter PoolSolutions to value 10
[CG 1] RMP=12.000000, pricing=ExactPricingSolver, new_columns=0
  搜索路径: [1, 2, 4, 5, 3, 8, 11, 14, 15, 16, 17, 19, 23, 24, 25, 27, 26, 30, 36, 37, 21, 22, 18, 33, 20, 31, 32, 53, 52, 54, 55, 57, 56, 10, 66, 67, 70, 71, 74, 75, 9, 80, 81, 84, 86, 87, 85, 92, 93, 43, 42, 12, 102, 103, 13, 108, 109, 49, 48, 114, 115, 116, 122, 123, 117, 118, 119, 62, 63, 106, 107, 99, 61, 60, 41, 98, 40, 138, 147, 148, 149, 139, 146, 162, 163, 166, 167, 168, 169, 170, 171, 143, 140, 112, 113, 184, 185, 150, 182, 183, 156, 157, 194, 195, 151, 202, 203, 204, 205, 208, 209, 214, 215, 136, 206, 207, 220, 221, 222, 223, 141, 137, 142, 197, 240, 241, 242, 243, 244, 245, 196, 90, 91, 78, 260, 261, 262, 263, 268, 269, 258, 274, 275, 259, 97, 96, 79, 266, 285, 282, 280, 284, 288, 289, 292, 293, 287, 281, 302, 303, 304, 305, 306, 312, 313, 307, 308, 309, 318, 319, 267, 283, 286, 326, 327, 328, 329, 330, 331, 334, 335, 336, 337, 340, 341, 300, 301, 339, 348, 349, 338, 172, 173, 352, 192, 193, 353, 344, 362, 363, 190, 145, 345, 144, 191, 295, 294, 265, 264, 382, 383, 384, 385, 332, 333, 325, 324, 160, 180, 181, 161, 350, 351, 343, 342, 188, 135, 397, 213, 410, 412, 413, 411, 212, 311, 299, 230, 291, 231, 290, 255, 254, 310, 130, 131, 428, 429, 440, 441, 433, 446, 447, 434, 435, 432, 403, 418, 419, 298, 189, 388, 470, 471, 402, 389, 396, 390, 391, 134, 165, 164, 486, 487, 490, 491, 492, 493, 498, 499, 500, 501, 387, 472, 473, 271, 270, 514, 515, 518, 519, 516, 517, 386, 502, 503, 219, 218, 322, 316, 409, 524, 279, 423, 200, 201, 179, 415, 427, 525, 531, 535, 534, 542, 543, 178, 278, 548, 549, 521, 552, 553, 554, 555, 558, 563, 564, 565, 559, 562, 568, 569, 530, 571, 359, 570, 520, 317, 176, 177, 574, 575, 512, 580, 422, 124, 494, 584, 581, 426, 587, 588, 393, 248, 443, 591, 593, 592, 454, 480, 226, 453, 595, 452, 227, 358, 442, 601, 356, 458, 484, 582, 583, 589, 357, 586, 590, 364, 455, 594, 600, 368, 608, 609, 365, 460, 485, 369, 612, 613, 620, 621, 323, 462, 616, 617, 618, 619, 622, 627, 623, 624, 625, 626, 628, 629, 375, 636, 637, 630, 631, 632, 633, 634, 635, 638, 639, 640, 641, 469, 642, 643, 644, 645, 646, 647, 459, 481, 585, 374, 392, 125, 249, 461, 468, 495, 408, 414, 463, 513, 654, 655, 420, 656, 657, 378, 547, 546, 664, 665, 421, 666, 667, 661, 379, 660, 320, 321, 404, 567, 566, 526, 405, 527, 556, 355, 198, 668, 649, 504, 673, 672, 346, 416, 127, 354, 465, 675, 674, 560, 464, 679, 678, 445, 681, 476, 478, 685, 687, 686, 684, 680, 689, 688, 376, 482, 691, 690, 398, 693, 695, 694, 692, 697, 696, 699, 698, 199, 314]
  列生成求解结果: 目标值=12.0000， 下界=9.0000， 上界=10.0000

处理节点 669
  开始列生成求解...
Set parameter LogToConsole to value 0
Set parameter Threads to value 1
Set parameter Seed to value 0
  定价策略: Exact, node=669, vertices=15
Set parameter PoolSearchMode to value 2
Set parameter PoolSolutions to value 10
[CG 1] RMP=12.000000, pricing=ExactPricingSolver, new_columns=0
  搜索路径: [1, 2, 4, 5, 3, 8, 11, 14, 15, 16, 17, 19, 23, 24, 25, 27, 26, 30, 36, 37, 21, 22, 18, 33, 20, 31, 32, 53, 52, 54, 55, 57, 56, 10, 66, 67, 70, 71, 74, 75, 9, 80, 81, 84, 86, 87, 85, 92, 93, 43, 42, 12, 102, 103, 13, 108, 109, 49, 48, 114, 115, 116, 122, 123, 117, 118, 119, 62, 63, 106, 107, 99, 61, 60, 41, 98, 40, 138, 147, 148, 149, 139, 146, 162, 163, 166, 167, 168, 169, 170, 171, 143, 140, 112, 113, 184, 185, 150, 182, 183, 156, 157, 194, 195, 151, 202, 203, 204, 205, 208, 209, 214, 215, 136, 206, 207, 220, 221, 222, 223, 141, 137, 142, 197, 240, 241, 242, 243, 244, 245, 196, 90, 91, 78, 260, 261, 262, 263, 268, 269, 258, 274, 275, 259, 97, 96, 79, 266, 285, 282, 280, 284, 288, 289, 292, 293, 287, 281, 302, 303, 304, 305, 306, 312, 313, 307, 308, 309, 318, 319, 267, 283, 286, 326, 327, 328, 329, 330, 331, 334, 335, 336, 337, 340, 341, 300, 301, 339, 348, 349, 338, 172, 173, 352, 192, 193, 353, 344, 362, 363, 190, 145, 345, 144, 191, 295, 294, 265, 264, 382, 383, 384, 385, 332, 333, 325, 324, 160, 180, 181, 161, 350, 351, 343, 342, 188, 135, 397, 213, 410, 412, 413, 411, 212, 311, 299, 230, 291, 231, 290, 255, 254, 310, 130, 131, 428, 429, 440, 441, 433, 446, 447, 434, 435, 432, 403, 418, 419, 298, 189, 388, 470, 471, 402, 389, 396, 390, 391, 134, 165, 164, 486, 487, 490, 491, 492, 493, 498, 499, 500, 501, 387, 472, 473, 271, 270, 514, 515, 518, 519, 516, 517, 386, 502, 503, 219, 218, 322, 316, 409, 524, 279, 423, 200, 201, 179, 415, 427, 525, 531, 535, 534, 542, 543, 178, 278, 548, 549, 521, 552, 553, 554, 555, 558, 563, 564, 565, 559, 562, 568, 569, 530, 571, 359, 570, 520, 317, 176, 177, 574, 575, 512, 580, 422, 124, 494, 584, 581, 426, 587, 588, 393, 248, 443, 591, 593, 592, 454, 480, 226, 453, 595, 452, 227, 358, 442, 601, 356, 458, 484, 582, 583, 589, 357, 586, 590, 364, 455, 594, 600, 368, 608, 609, 365, 460, 485, 369, 612, 613, 620, 621, 323, 462, 616, 617, 618, 619, 622, 627, 623, 624, 625, 626, 628, 629, 375, 636, 637, 630, 631, 632, 633, 634, 635, 638, 639, 640, 641, 469, 642, 643, 644, 645, 646, 647, 459, 481, 585, 374, 392, 125, 249, 461, 468, 495, 408, 414, 463, 513, 654, 655, 420, 656, 657, 378, 547, 546, 664, 665, 421, 666, 667, 661, 379, 660, 320, 321, 404, 567, 566, 526, 405, 527, 556, 355, 198, 668, 649, 504, 673, 672, 346, 416, 127, 354, 465, 675, 674, 560, 464, 679, 678, 445, 681, 476, 478, 685, 687, 686, 684, 680, 689, 688, 376, 482, 691, 690, 398, 693, 695, 694, 692, 697, 696, 699, 698, 199, 314, 669]
  列生成求解结果: 目标值=12.0000， 下界=9.0000， 上界=10.0000

处理节点 703
  开始列生成求解...
Set parameter LogToConsole to value 0
Set parameter Threads to value 1
Set parameter Seed to value 0
  定价策略: Exact, node=703, vertices=10
Set parameter PoolSearchMode to value 2
Set parameter PoolSolutions to value 10
[CG 1] RMP=12.000000, pricing=ExactPricingSolver, new_columns=0
  搜索路径: [1, 2, 4, 5, 3, 8, 11, 14, 15, 16, 17, 19, 23, 24, 25, 27, 26, 30, 36, 37, 21, 22, 18, 33, 20, 31, 32, 53, 52, 54, 55, 57, 56, 10, 66, 67, 70, 71, 74, 75, 9, 80, 81, 84, 86, 87, 85, 92, 93, 43, 42, 12, 102, 103, 13, 108, 109, 49, 48, 114, 115, 116, 122, 123, 117, 118, 119, 62, 63, 106, 107, 99, 61, 60, 41, 98, 40, 138, 147, 148, 149, 139, 146, 162, 163, 166, 167, 168, 169, 170, 171, 143, 140, 112, 113, 184, 185, 150, 182, 183, 156, 157, 194, 195, 151, 202, 203, 204, 205, 208, 209, 214, 215, 136, 206, 207, 220, 221, 222, 223, 141, 137, 142, 197, 240, 241, 242, 243, 244, 245, 196, 90, 91, 78, 260, 261, 262, 263, 268, 269, 258, 274, 275, 259, 97, 96, 79, 266, 285, 282, 280, 284, 288, 289, 292, 293, 287, 281, 302, 303, 304, 305, 306, 312, 313, 307, 308, 309, 318, 319, 267, 283, 286, 326, 327, 328, 329, 330, 331, 334, 335, 336, 337, 340, 341, 300, 301, 339, 348, 349, 338, 172, 173, 352, 192, 193, 353, 344, 362, 363, 190, 145, 345, 144, 191, 295, 294, 265, 264, 382, 383, 384, 385, 332, 333, 325, 324, 160, 180, 181, 161, 350, 351, 343, 342, 188, 135, 397, 213, 410, 412, 413, 411, 212, 311, 299, 230, 291, 231, 290, 255, 254, 310, 130, 131, 428, 429, 440, 441, 433, 446, 447, 434, 435, 432, 403, 418, 419, 298, 189, 388, 470, 471, 402, 389, 396, 390, 391, 134, 165, 164, 486, 487, 490, 491, 492, 493, 498, 499, 500, 501, 387, 472, 473, 271, 270, 514, 515, 518, 519, 516, 517, 386, 502, 503, 219, 218, 322, 316, 409, 524, 279, 423, 200, 201, 179, 415, 427, 525, 531, 535, 534, 542, 543, 178, 278, 548, 549, 521, 552, 553, 554, 555, 558, 563, 564, 565, 559, 562, 568, 569, 530, 571, 359, 570, 520, 317, 176, 177, 574, 575, 512, 580, 422, 124, 494, 584, 581, 426, 587, 588, 393, 248, 443, 591, 593, 592, 454, 480, 226, 453, 595, 452, 227, 358, 442, 601, 356, 458, 484, 582, 583, 589, 357, 586, 590, 364, 455, 594, 600, 368, 608, 609, 365, 460, 485, 369, 612, 613, 620, 621, 323, 462, 616, 617, 618, 619, 622, 627, 623, 624, 625, 626, 628, 629, 375, 636, 637, 630, 631, 632, 633, 634, 635, 638, 639, 640, 641, 469, 642, 643, 644, 645, 646, 647, 459, 481, 585, 374, 392, 125, 249, 461, 468, 495, 408, 414, 463, 513, 654, 655, 420, 656, 657, 378, 547, 546, 664, 665, 421, 666, 667, 661, 379, 660, 320, 321, 404, 567, 566, 526, 405, 527, 556, 355, 198, 668, 649, 504, 673, 672, 346, 416, 127, 354, 465, 675, 674, 560, 464, 679, 678, 445, 681, 476, 478, 685, 687, 686, 684, 680, 689, 688, 376, 482, 691, 690, 398, 693, 695, 694, 692, 697, 696, 699, 698, 199, 314, 669, 703]
  列生成求解结果: 目标值=12.0000， 下界=9.0000， 上界=10.0000

处理节点 705
  开始列生成求解...
Set parameter LogToConsole to value 0
Set parameter Threads to value 1
Set parameter Seed to value 0
  定价策略: Exact, node=705, vertices=14
Set parameter PoolSearchMode to value 2
Set parameter PoolSolutions to value 10
[CG 1] RMP=9.000000, pricing=ExactPricingSolver, new_columns=0
  搜索路径: [1, 2, 4, 5, 3, 8, 11, 14, 15, 16, 17, 19, 23, 24, 25, 27, 26, 30, 36, 37, 21, 22, 18, 33, 20, 31, 32, 53, 52, 54, 55, 57, 56, 10, 66, 67, 70, 71, 74, 75, 9, 80, 81, 84, 86, 87, 85, 92, 93, 43, 42, 12, 102, 103, 13, 108, 109, 49, 48, 114, 115, 116, 122, 123, 117, 118, 119, 62, 63, 106, 107, 99, 61, 60, 41, 98, 40, 138, 147, 148, 149, 139, 146, 162, 163, 166, 167, 168, 169, 170, 171, 143, 140, 112, 113, 184, 185, 150, 182, 183, 156, 157, 194, 195, 151, 202, 203, 204, 205, 208, 209, 214, 215, 136, 206, 207, 220, 221, 222, 223, 141, 137, 142, 197, 240, 241, 242, 243, 244, 245, 196, 90, 91, 78, 260, 261, 262, 263, 268, 269, 258, 274, 275, 259, 97, 96, 79, 266, 285, 282, 280, 284, 288, 289, 292, 293, 287, 281, 302, 303, 304, 305, 306, 312, 313, 307, 308, 309, 318, 319, 267, 283, 286, 326, 327, 328, 329, 330, 331, 334, 335, 336, 337, 340, 341, 300, 301, 339, 348, 349, 338, 172, 173, 352, 192, 193, 353, 344, 362, 363, 190, 145, 345, 144, 191, 295, 294, 265, 264, 382, 383, 384, 385, 332, 333, 325, 324, 160, 180, 181, 161, 350, 351, 343, 342, 188, 135, 397, 213, 410, 412, 413, 411, 212, 311, 299, 230, 291, 231, 290, 255, 254, 310, 130, 131, 428, 429, 440, 441, 433, 446, 447, 434, 435, 432, 403, 418, 419, 298, 189, 388, 470, 471, 402, 389, 396, 390, 391, 134, 165, 164, 486, 487, 490, 491, 492, 493, 498, 499, 500, 501, 387, 472, 473, 271, 270, 514, 515, 518, 519, 516, 517, 386, 502, 503, 219, 218, 322, 316, 409, 524, 279, 423, 200, 201, 179, 415, 427, 525, 531, 535, 534, 542, 543, 178, 278, 548, 549, 521, 552, 553, 554, 555, 558, 563, 564, 565, 559, 562, 568, 569, 530, 571, 359, 570, 520, 317, 176, 177, 574, 575, 512, 580, 422, 124, 494, 584, 581, 426, 587, 588, 393, 248, 443, 591, 593, 592, 454, 480, 226, 453, 595, 452, 227, 358, 442, 601, 356, 458, 484, 582, 583, 589, 357, 586, 590, 364, 455, 594, 600, 368, 608, 609, 365, 460, 485, 369, 612, 613, 620, 621, 323, 462, 616, 617, 618, 619, 622, 627, 623, 624, 625, 626, 628, 629, 375, 636, 637, 630, 631, 632, 633, 634, 635, 638, 639, 640, 641, 469, 642, 643, 644, 645, 646, 647, 459, 481, 585, 374, 392, 125, 249, 461, 468, 495, 408, 414, 463, 513, 654, 655, 420, 656, 657, 378, 547, 546, 664, 665, 421, 666, 667, 661, 379, 660, 320, 321, 404, 567, 566, 526, 405, 527, 556, 355, 198, 668, 649, 504, 673, 672, 346, 416, 127, 354, 465, 675, 674, 560, 464, 679, 678, 445, 681, 476, 478, 685, 687, 686, 684, 680, 689, 688, 376, 482, 691, 690, 398, 693, 695, 694, 692, 697, 696, 699, 698, 199, 314, 669, 703, 705]
  列生成求解结果: 目标值=9.0000， 下界=9.0000， 上界=10.0000
    非整数变量: COL_1-11-25-29_535 = 0.900000
  解不是整数，开始分支...
规则2分支: vertices=1-11, fractionality=0.100000
SameColor(vertex_pair=1-11)
DifferentColor(vertex_pair=1-11)
  创建了 2 个分支
    添加分支节点 1: ID=710
    添加分支节点 2: ID=711

处理节点 707
  开始列生成求解...
Set parameter LogToConsole to value 0
Set parameter Threads to value 1
Set parameter Seed to value 0
  定价策略: Exact, node=707, vertices=13
Set parameter PoolSearchMode to value 2
Set parameter PoolSolutions to value 10
[CG 1] RMP=10.000000, pricing=ExactPricingSolver, new_columns=10
[CG 2] RMP=9.000000, pricing=ExactPricingSolver, new_columns=0
  搜索路径: [1, 2, 4, 5, 3, 8, 11, 14, 15, 16, 17, 19, 23, 24, 25, 27, 26, 30, 36, 37, 21, 22, 18, 33, 20, 31, 32, 53, 52, 54, 55, 57, 56, 10, 66, 67, 70, 71, 74, 75, 9, 80, 81, 84, 86, 87, 85, 92, 93, 43, 42, 12, 102, 103, 13, 108, 109, 49, 48, 114, 115, 116, 122, 123, 117, 118, 119, 62, 63, 106, 107, 99, 61, 60, 41, 98, 40, 138, 147, 148, 149, 139, 146, 162, 163, 166, 167, 168, 169, 170, 171, 143, 140, 112, 113, 184, 185, 150, 182, 183, 156, 157, 194, 195, 151, 202, 203, 204, 205, 208, 209, 214, 215, 136, 206, 207, 220, 221, 222, 223, 141, 137, 142, 197, 240, 241, 242, 243, 244, 245, 196, 90, 91, 78, 260, 261, 262, 263, 268, 269, 258, 274, 275, 259, 97, 96, 79, 266, 285, 282, 280, 284, 288, 289, 292, 293, 287, 281, 302, 303, 304, 305, 306, 312, 313, 307, 308, 309, 318, 319, 267, 283, 286, 326, 327, 328, 329, 330, 331, 334, 335, 336, 337, 340, 341, 300, 301, 339, 348, 349, 338, 172, 173, 352, 192, 193, 353, 344, 362, 363, 190, 145, 345, 144, 191, 295, 294, 265, 264, 382, 383, 384, 385, 332, 333, 325, 324, 160, 180, 181, 161, 350, 351, 343, 342, 188, 135, 397, 213, 410, 412, 413, 411, 212, 311, 299, 230, 291, 231, 290, 255, 254, 310, 130, 131, 428, 429, 440, 441, 433, 446, 447, 434, 435, 432, 403, 418, 419, 298, 189, 388, 470, 471, 402, 389, 396, 390, 391, 134, 165, 164, 486, 487, 490, 491, 492, 493, 498, 499, 500, 501, 387, 472, 473, 271, 270, 514, 515, 518, 519, 516, 517, 386, 502, 503, 219, 218, 322, 316, 409, 524, 279, 423, 200, 201, 179, 415, 427, 525, 531, 535, 534, 542, 543, 178, 278, 548, 549, 521, 552, 553, 554, 555, 558, 563, 564, 565, 559, 562, 568, 569, 530, 571, 359, 570, 520, 317, 176, 177, 574, 575, 512, 580, 422, 124, 494, 584, 581, 426, 587, 588, 393, 248, 443, 591, 593, 592, 454, 480, 226, 453, 595, 452, 227, 358, 442, 601, 356, 458, 484, 582, 583, 589, 357, 586, 590, 364, 455, 594, 600, 368, 608, 609, 365, 460, 485, 369, 612, 613, 620, 621, 323, 462, 616, 617, 618, 619, 622, 627, 623, 624, 625, 626, 628, 629, 375, 636, 637, 630, 631, 632, 633, 634, 635, 638, 639, 640, 641, 469, 642, 643, 644, 645, 646, 647, 459, 481, 585, 374, 392, 125, 249, 461, 468, 495, 408, 414, 463, 513, 654, 655, 420, 656, 657, 378, 547, 546, 664, 665, 421, 666, 667, 661, 379, 660, 320, 321, 404, 567, 566, 526, 405, 527, 556, 355, 198, 668, 649, 504, 673, 672, 346, 416, 127, 354, 465, 675, 674, 560, 464, 679, 678, 445, 681, 476, 478, 685, 687, 686, 684, 680, 689, 688, 376, 482, 691, 690, 398, 693, 695, 694, 692, 697, 696, 699, 698, 199, 314, 669, 703, 705, 707]
  列生成求解结果: 目标值=9.0000， 下界=9.0000， 上界=10.0000
    非整数变量: COL_11-25-29-4_536 = 0.238095
  解不是整数，开始分支...
规则2分支: vertices=4-18, fractionality=0.476190
SameColor(vertex_pair=4-18)
DifferentColor(vertex_pair=4-18)
  创建了 2 个分支
    添加分支节点 1: ID=712
    添加分支节点 2: ID=713

处理节点 706
  开始列生成求解...
Set parameter LogToConsole to value 0
Set parameter Threads to value 1
Set parameter Seed to value 0
  定价策略: Exact, node=706, vertices=12
Set parameter PoolSearchMode to value 2
Set parameter PoolSolutions to value 10
[CG 1] RMP=9.000000, pricing=ExactPricingSolver, new_columns=0
  搜索路径: [1, 2, 4, 5, 3, 8, 11, 14, 15, 16, 17, 19, 23, 24, 25, 27, 26, 30, 36, 37, 21, 22, 18, 33, 20, 31, 32, 53, 52, 54, 55, 57, 56, 10, 66, 67, 70, 71, 74, 75, 9, 80, 81, 84, 86, 87, 85, 92, 93, 43, 42, 12, 102, 103, 13, 108, 109, 49, 48, 114, 115, 116, 122, 123, 117, 118, 119, 62, 63, 106, 107, 99, 61, 60, 41, 98, 40, 138, 147, 148, 149, 139, 146, 162, 163, 166, 167, 168, 169, 170, 171, 143, 140, 112, 113, 184, 185, 150, 182, 183, 156, 157, 194, 195, 151, 202, 203, 204, 205, 208, 209, 214, 215, 136, 206, 207, 220, 221, 222, 223, 141, 137, 142, 197, 240, 241, 242, 243, 244, 245, 196, 90, 91, 78, 260, 261, 262, 263, 268, 269, 258, 274, 275, 259, 97, 96, 79, 266, 285, 282, 280, 284, 288, 289, 292, 293, 287, 281, 302, 303, 304, 305, 306, 312, 313, 307, 308, 309, 318, 319, 267, 283, 286, 326, 327, 328, 329, 330, 331, 334, 335, 336, 337, 340, 341, 300, 301, 339, 348, 349, 338, 172, 173, 352, 192, 193, 353, 344, 362, 363, 190, 145, 345, 144, 191, 295, 294, 265, 264, 382, 383, 384, 385, 332, 333, 325, 324, 160, 180, 181, 161, 350, 351, 343, 342, 188, 135, 397, 213, 410, 412, 413, 411, 212, 311, 299, 230, 291, 231, 290, 255, 254, 310, 130, 131, 428, 429, 440, 441, 433, 446, 447, 434, 435, 432, 403, 418, 419, 298, 189, 388, 470, 471, 402, 389, 396, 390, 391, 134, 165, 164, 486, 487, 490, 491, 492, 493, 498, 499, 500, 501, 387, 472, 473, 271, 270, 514, 515, 518, 519, 516, 517, 386, 502, 503, 219, 218, 322, 316, 409, 524, 279, 423, 200, 201, 179, 415, 427, 525, 531, 535, 534, 542, 543, 178, 278, 548, 549, 521, 552, 553, 554, 555, 558, 563, 564, 565, 559, 562, 568, 569, 530, 571, 359, 570, 520, 317, 176, 177, 574, 575, 512, 580, 422, 124, 494, 584, 581, 426, 587, 588, 393, 248, 443, 591, 593, 592, 454, 480, 226, 453, 595, 452, 227, 358, 442, 601, 356, 458, 484, 582, 583, 589, 357, 586, 590, 364, 455, 594, 600, 368, 608, 609, 365, 460, 485, 369, 612, 613, 620, 621, 323, 462, 616, 617, 618, 619, 622, 627, 623, 624, 625, 626, 628, 629, 375, 636, 637, 630, 631, 632, 633, 634, 635, 638, 639, 640, 641, 469, 642, 643, 644, 645, 646, 647, 459, 481, 585, 374, 392, 125, 249, 461, 468, 495, 408, 414, 463, 513, 654, 655, 420, 656, 657, 378, 547, 546, 664, 665, 421, 666, 667, 661, 379, 660, 320, 321, 404, 567, 566, 526, 405, 527, 556, 355, 198, 668, 649, 504, 673, 672, 346, 416, 127, 354, 465, 675, 674, 560, 464, 679, 678, 445, 681, 476, 478, 685, 687, 686, 684, 680, 689, 688, 376, 482, 691, 690, 398, 693, 695, 694, 692, 697, 696, 699, 698, 199, 314, 669, 703, 705, 707, 706]
  列生成求解结果: 目标值=9.0000， 下界=9.0000， 上界=10.0000
  找到整数解，更新最优解
  更新最优解后剪枝了 144 个节点
所有节点已处理完毕，达到最优解

==================================================
分支定价算法完成!
==================================================
最优目标值: 9.000000
最优解列组成如下：
  列 1: vertex_ids=[1, 7, 18, 25, 29], max_endtime=9
  列 2: vertex_ids=[4, 9, 11, 16, 21], max_endtime=9
全局下界: 9.000000
优化间隙: 0.0000%
处理节点数: 513
创建节点数: 713
剪枝节点数: 353
总求解时间: 2.26秒

定价求解统计：
  总定价时间: 0.8363秒
  使用QAIA的节点数: 1
  纯Exact节点数: 512
  QAIA调用次数: 7
  QAIA累计时间: 0.0344秒
  混合节点中的Exact调用次数: 7
  混合节点中的Exact累计时间: 0.0140秒
  QAIA平均单次时间: 0.004913秒
